method,mean_auprc
S1,0.01906
S2,0.025259999999999998
Wilcoxon,0.00894
t-test,0.008499999999999999
MAST,0.0014
