n_cells,target,label,sig,bcr,ribo,time
5000,TCL1A,POS,10,1,25,10.350069046020508
5000,GAPDH,NEG,34,0,28,12.387390851974487
10000,TCL1A,POS,13,1,38,26.82849097251892
10000,GAPDH,NEG,7,0,14,31.309684991836548
20000,TCL1A,POS,15,1,48,172.4057900905609
20000,GAPDH,NEG,4,0,27,208.0164349079132
36568,TCL1A,POS,13,1,47,382.03382086753845
36568,GAPDH,NEG,2,0,40,310.59350180625916
