target,label,sig,time,bcr,ribo
TCL1A,positive,4999,494.04408407211304,0,5
ACTB,negative,4999,259.93376088142395,3,12
