target,elapsed_seconds,target_gene_position,n_clusters_observed
KLF1,28.745466232299805,2000,5
CEBPE,24.05459976196289,2000,5
CEBPA,13.113914251327515,2000,5
