target,s1_rank,s1_p,s2_rank,s2_p,s2_score
ELANE,1452,0.223388,57,0.039920,0.004125
AZU1,500,0.001000,856,0.596806,0.001582
MPO,1752,0.529235,1727,1.000000,0.000000
LYZ,1372,0.171914,928,0.642715,0.001415
CTSG,1911,0.758621,1727,1.000000,0.000000
GFI1,1178,0.077961,1506,0.950100,0.000707
PRTN3,1364,0.163418,97,0.067864,0.004245
DEFA1,1109,0.058471,1185,0.872255,0.000707
RNASE2,1316,0.140930,1105,0.776447,0.001415
