method,mean_auprc
PGAA-W,0.01906
PGAA-H,0.025259999999999998
Wilcoxon,0.00894
t-test,0.008499999999999999
MAST,0.0014
