mode,target,sig,time,bcr,ribo
Linear,TCL1A,365,340.5527687072754,2,12
Linear,ACTB,383,301.42562079429626,2,10
scVI,TCL1A,4999,64.83767199516296,3,13
scVI,ACTB,4999,55.197906255722046,5,12
