target,elapsed_seconds,target_gene_position,n_clusters_observed
KLF1,10.742761135101318,2000,5
CEBPE,8.304569721221924,2000,5
CEBPA,6.050187110900879,2000,5
