target,n_pert,n_found,auroc_s1,auroc_s2,top20_s1,top20_s2,t_s1
SPI1_pDS255,696,13,0.8026183282980865,0.7491091486559764,0,0,90.83753681182861
ZNF326_pDS262,557,13,0.775970253311643,0.675304051436982,0,0,86.0221676826477
BHLHE40_pDS258,553,13,0.7968084282283678,0.7372763188473158,0,0,85.94669389724731
CREB1_pDS269,506,13,0.7827097373925168,0.7927608645131303,1,0,81.57325410842896
DDIT3_pDS263,477,12,0.7762120449588995,0.7905972152323435,0,0,80.71766400337219
