gene,W_observed,W_std_observed,W_null_mean,W_null_std,z_score,p_value_perm
SHIFT,1.996260542976953,12.625460237863237,1.9869243267662082,0.5539575775540024,19.204604002478717,0.05
BIMODAL,1.2196315364892758,7.713627122953746,2.7662367335831965,1.2845149407399021,3.8515631328669206,0.05
NULL1,0.29992817670907895,1.896912345724309,1.7844107739765207,0.5779063150856003,0.19467095065594517,0.45
NULL2,0.2194122745107843,1.3876850681043702,1.6882508399546858,0.7252691212975517,-0.41441964510026885,0.65
