gene,S2,n_peaks_on
NULL2,0.18797218312750577,2
NULL1,0.18446112522946276,1
BIMODAL,0.144410649782141,3
SHIFT,0.09564900166165927,2
