dataset_id	platform	split_strength	analysis_unit	excluded_feature	repeat	method	n_per_group	n_evaluated_features	observed_top_k_overlap_fraction	pseudo_top_k_overlap_fraction	specificity_margin	observed_all_feature_spearman	pseudo_all_feature_spearman	split_seed	sampling_seed
norman2019_k562_crispra	K562 CRISPRa Perturb-seq	technical_batch_holdout_4_vs_4	AHR	AHR	0	pgaa_w	70	4999	0.42	0.06	0.36	0.3726581572737117	0.2516633059144842	pgaa-cross-platform-dual-gate-v1	pgaa-cross-platform-matched-controls-v1
norman2019_k562_crispra	K562 CRISPRa Perturb-seq	technical_batch_holdout_4_vs_4	AHR	AHR	0	pgaa_h	70	4999	0.04	0.05	-0.01	-0.0152988410261489	0.0258302286582591	pgaa-cross-platform-dual-gate-v1	pgaa-cross-platform-matched-controls-v1
norman2019_k562_crispra	K562 CRISPRa Perturb-seq	technical_batch_holdout_4_vs_4	AHR	AHR	0	absolute_mean_shift	70	4999	0.42	0.04	0.38	0.2176644379212695	0.0611810420696951	pgaa-cross-platform-dual-gate-v1	pgaa-cross-platform-matched-controls-v1
norman2019_k562_crispra	K562 CRISPRa Perturb-seq	technical_batch_holdout_4_vs_4	AHR	AHR	0	welch_abs_t	70	4999	0.31	0.02	0.29	0.1402283960273447	0.0034139343595009	pgaa-cross-platform-dual-gate-v1	pgaa-cross-platform-matched-controls-v1
norman2019_k562_crispra	K562 CRISPRa Perturb-seq	technical_batch_holdout_4_vs_4	AHR	AHR	1	pgaa_w	70	4999	0.39	0.08	0.31	0.3895398001662647	0.255133994632183	pgaa-cross-platform-dual-gate-v1	pgaa-cross-platform-matched-controls-v1
norman2019_k562_crispra	K562 CRISPRa Perturb-seq	technical_batch_holdout_4_vs_4	AHR	AHR	1	pgaa_h	70	4999	0.06	0.06	0.0	0.0305886036290728	0.0307074396999712	pgaa-cross-platform-dual-gate-v1	pgaa-cross-platform-matched-controls-v1
norman2019_k562_crispra	K562 CRISPRa Perturb-seq	technical_batch_holdout_4_vs_4	AHR	AHR	1	absolute_mean_shift	70	4999	0.37	0.05	0.32	0.2164869338061117	0.0487067075406636	pgaa-cross-platform-dual-gate-v1	pgaa-cross-platform-matched-controls-v1
norman2019_k562_crispra	K562 CRISPRa Perturb-seq	technical_batch_holdout_4_vs_4	AHR	AHR	1	welch_abs_t	70	4999	0.32	0.04	0.28	0.1388896955448179	-0.0103919525804414	pgaa-cross-platform-dual-gate-v1	pgaa-cross-platform-matched-controls-v1
norman2019_k562_crispra	K562 CRISPRa Perturb-seq	technical_batch_holdout_4_vs_4	AHR	AHR	2	pgaa_w	70	4999	0.32	0.06	0.26	0.3380654303249606	0.2642454949573348	pgaa-cross-platform-dual-gate-v1	pgaa-cross-platform-matched-controls-v1
norman2019_k562_crispra	K562 CRISPRa Perturb-seq	technical_batch_holdout_4_vs_4	AHR	AHR	2	pgaa_h	70	4999	0.05	0.02	0.03	0.0137747171013561	0.0409414559216226	pgaa-cross-platform-dual-gate-v1	pgaa-cross-platform-matched-controls-v1
norman2019_k562_crispra	K562 CRISPRa Perturb-seq	technical_batch_holdout_4_vs_4	AHR	AHR	2	absolute_mean_shift	70	4999	0.34	0.03	0.31	0.1610597532308891	0.0588922945736008	pgaa-cross-platform-dual-gate-v1	pgaa-cross-platform-matched-controls-v1
norman2019_k562_crispra	K562 CRISPRa Perturb-seq	technical_batch_holdout_4_vs_4	AHR	AHR	2	welch_abs_t	70	4999	0.26	0.02	0.24	0.0962490711370665	0.0093873679902553	pgaa-cross-platform-dual-gate-v1	pgaa-cross-platform-matched-controls-v1
norman2019_k562_crispra	K562 CRISPRa Perturb-seq	technical_batch_holdout_4_vs_4	AHR	AHR	3	pgaa_w	70	4999	0.4	0.05	0.35	0.3844479876047239	0.2326712483488935	pgaa-cross-platform-dual-gate-v1	pgaa-cross-platform-matched-controls-v1
norman2019_k562_crispra	K562 CRISPRa Perturb-seq	technical_batch_holdout_4_vs_4	AHR	AHR	3	pgaa_h	70	4999	0.05	0.07	-0.02	0.0221586213171188	0.0456711617352048	pgaa-cross-platform-dual-gate-v1	pgaa-cross-platform-matched-controls-v1
norman2019_k562_crispra	K562 CRISPRa Perturb-seq	technical_batch_holdout_4_vs_4	AHR	AHR	3	absolute_mean_shift	70	4999	0.42	0.03	0.39	0.1938744358901912	0.0431006825625173	pgaa-cross-platform-dual-gate-v1	pgaa-cross-platform-matched-controls-v1
norman2019_k562_crispra	K562 CRISPRa Perturb-seq	technical_batch_holdout_4_vs_4	AHR	AHR	3	welch_abs_t	70	4999	0.29	0.02	0.2699999999999999	0.1191076235952644	0.0041034421051847	pgaa-cross-platform-dual-gate-v1	pgaa-cross-platform-matched-controls-v1
norman2019_k562_crispra	K562 CRISPRa Perturb-seq	technical_batch_holdout_4_vs_4	AHR	AHR	4	pgaa_w	70	4999	0.31	0.05	0.26	0.3195809705038246	0.2621394692383855	pgaa-cross-platform-dual-gate-v1	pgaa-cross-platform-matched-controls-v1
norman2019_k562_crispra	K562 CRISPRa Perturb-seq	technical_batch_holdout_4_vs_4	AHR	AHR	4	pgaa_h	70	4999	0.03	0.05	-0.02	0.0349889066566275	0.0344534805912121	pgaa-cross-platform-dual-gate-v1	pgaa-cross-platform-matched-controls-v1
norman2019_k562_crispra	K562 CRISPRa Perturb-seq	technical_batch_holdout_4_vs_4	AHR	AHR	4	absolute_mean_shift	70	4999	0.3	0.03	0.27	0.1507802377354597	0.0520833196221077	pgaa-cross-platform-dual-gate-v1	pgaa-cross-platform-matched-controls-v1
norman2019_k562_crispra	K562 CRISPRa Perturb-seq	technical_batch_holdout_4_vs_4	AHR	AHR	4	welch_abs_t	70	4999	0.22	0.03	0.19	0.0790310011120839	-5.7186659420719686e-05	pgaa-cross-platform-dual-gate-v1	pgaa-cross-platform-matched-controls-v1
norman2019_k562_crispra	K562 CRISPRa Perturb-seq	technical_batch_holdout_4_vs_4	ARID1A	ARID1A	0	pgaa_w	70	4999	0.45	0.05	0.4	0.4880357417456136	0.2464627484019364	pgaa-cross-platform-dual-gate-v1	pgaa-cross-platform-matched-controls-v1
norman2019_k562_crispra	K562 CRISPRa Perturb-seq	technical_batch_holdout_4_vs_4	ARID1A	ARID1A	0	pgaa_h	70	4999	0.07	0.07	0.0	0.0428792247227291	0.0417651615976933	pgaa-cross-platform-dual-gate-v1	pgaa-cross-platform-matched-controls-v1
norman2019_k562_crispra	K562 CRISPRa Perturb-seq	technical_batch_holdout_4_vs_4	ARID1A	ARID1A	0	absolute_mean_shift	70	4999	0.47	0.04	0.43	0.3708107222788057	0.0451791456064537	pgaa-cross-platform-dual-gate-v1	pgaa-cross-platform-matched-controls-v1
norman2019_k562_crispra	K562 CRISPRa Perturb-seq	technical_batch_holdout_4_vs_4	ARID1A	ARID1A	0	welch_abs_t	70	4999	0.36	0.03	0.3299999999999999	0.2736593951574784	-0.0012425898385555	pgaa-cross-platform-dual-gate-v1	pgaa-cross-platform-matched-controls-v1
norman2019_k562_crispra	K562 CRISPRa Perturb-seq	technical_batch_holdout_4_vs_4	ARID1A	ARID1A	1	pgaa_w	70	4999	0.46	0.06	0.4	0.4520380892133298	0.231220189680193	pgaa-cross-platform-dual-gate-v1	pgaa-cross-platform-matched-controls-v1
norman2019_k562_crispra	K562 CRISPRa Perturb-seq	technical_batch_holdout_4_vs_4	ARID1A	ARID1A	1	pgaa_h	70	4999	0.08	0.08	0.0	0.0422728700231075	0.0359010941747111	pgaa-cross-platform-dual-gate-v1	pgaa-cross-platform-matched-controls-v1
norman2019_k562_crispra	K562 CRISPRa Perturb-seq	technical_batch_holdout_4_vs_4	ARID1A	ARID1A	1	absolute_mean_shift	70	4999	0.45	0.03	0.42	0.3066723296601705	0.0162732833256949	pgaa-cross-platform-dual-gate-v1	pgaa-cross-platform-matched-controls-v1
norman2019_k562_crispra	K562 CRISPRa Perturb-seq	technical_batch_holdout_4_vs_4	ARID1A	ARID1A	1	welch_abs_t	70	4999	0.37	0.01	0.36	0.2068062262682261	-0.0319109233619091	pgaa-cross-platform-dual-gate-v1	pgaa-cross-platform-matched-controls-v1
norman2019_k562_crispra	K562 CRISPRa Perturb-seq	technical_batch_holdout_4_vs_4	ARID1A	ARID1A	2	pgaa_w	70	4999	0.54	0.06	0.48	0.5373836212620676	0.2496741156214358	pgaa-cross-platform-dual-gate-v1	pgaa-cross-platform-matched-controls-v1
norman2019_k562_crispra	K562 CRISPRa Perturb-seq	technical_batch_holdout_4_vs_4	ARID1A	ARID1A	2	pgaa_h	70	4999	0.04	0.03	0.01	0.0364415402263802	0.0351419984723957	pgaa-cross-platform-dual-gate-v1	pgaa-cross-platform-matched-controls-v1
norman2019_k562_crispra	K562 CRISPRa Perturb-seq	technical_batch_holdout_4_vs_4	ARID1A	ARID1A	2	absolute_mean_shift	70	4999	0.53	0.05	0.48	0.3976975023237731	0.0327269000073505	pgaa-cross-platform-dual-gate-v1	pgaa-cross-platform-matched-controls-v1
norman2019_k562_crispra	K562 CRISPRa Perturb-seq	technical_batch_holdout_4_vs_4	ARID1A	ARID1A	2	welch_abs_t	70	4999	0.4	0.01	0.39	0.3000612111858146	-0.0130094318026392	pgaa-cross-platform-dual-gate-v1	pgaa-cross-platform-matched-controls-v1
norman2019_k562_crispra	K562 CRISPRa Perturb-seq	technical_batch_holdout_4_vs_4	ARID1A	ARID1A	3	pgaa_w	70	4999	0.61	0.03	0.58	0.5472300943873584	0.2493223884632869	pgaa-cross-platform-dual-gate-v1	pgaa-cross-platform-matched-controls-v1
norman2019_k562_crispra	K562 CRISPRa Perturb-seq	technical_batch_holdout_4_vs_4	ARID1A	ARID1A	3	pgaa_h	70	4999	0.03	0.04	-0.01	0.041389973939316	0.0247902361016274	pgaa-cross-platform-dual-gate-v1	pgaa-cross-platform-matched-controls-v1
norman2019_k562_crispra	K562 CRISPRa Perturb-seq	technical_batch_holdout_4_vs_4	ARID1A	ARID1A	3	absolute_mean_shift	70	4999	0.59	0.02	0.57	0.4035823819366873	0.0656635238259414	pgaa-cross-platform-dual-gate-v1	pgaa-cross-platform-matched-controls-v1
norman2019_k562_crispra	K562 CRISPRa Perturb-seq	technical_batch_holdout_4_vs_4	ARID1A	ARID1A	3	welch_abs_t	70	4999	0.45	0.02	0.43	0.306944231502096	0.0102985213609348	pgaa-cross-platform-dual-gate-v1	pgaa-cross-platform-matched-controls-v1
norman2019_k562_crispra	K562 CRISPRa Perturb-seq	technical_batch_holdout_4_vs_4	ARID1A	ARID1A	4	pgaa_w	70	4999	0.45	0.03	0.42	0.491969810912963	0.2590911832306438	pgaa-cross-platform-dual-gate-v1	pgaa-cross-platform-matched-controls-v1
norman2019_k562_crispra	K562 CRISPRa Perturb-seq	technical_batch_holdout_4_vs_4	ARID1A	ARID1A	4	pgaa_h	70	4999	0.05	0.03	0.02	0.0410869674808914	0.0367647114619945	pgaa-cross-platform-dual-gate-v1	pgaa-cross-platform-matched-controls-v1
norman2019_k562_crispra	K562 CRISPRa Perturb-seq	technical_batch_holdout_4_vs_4	ARID1A	ARID1A	4	absolute_mean_shift	70	4999	0.48	0.02	0.4599999999999999	0.3407523586840901	0.0520858218247292	pgaa-cross-platform-dual-gate-v1	pgaa-cross-platform-matched-controls-v1
norman2019_k562_crispra	K562 CRISPRa Perturb-seq	technical_batch_holdout_4_vs_4	ARID1A	ARID1A	4	welch_abs_t	70	4999	0.32	0.02	0.3	0.2452035632576695	-0.0041685507809845	pgaa-cross-platform-dual-gate-v1	pgaa-cross-platform-matched-controls-v1
norman2019_k562_crispra	K562 CRISPRa Perturb-seq	technical_batch_holdout_4_vs_4	ARRDC3	ARRDC3	0	pgaa_w	70	4999	0.15	0.06	0.09	0.2991698536945287	0.2515729388616328	pgaa-cross-platform-dual-gate-v1	pgaa-cross-platform-matched-controls-v1
norman2019_k562_crispra	K562 CRISPRa Perturb-seq	technical_batch_holdout_4_vs_4	ARRDC3	ARRDC3	0	pgaa_h	70	4999	0.03	0.05	-0.02	-0.0029049242336777	0.0344223910553571	pgaa-cross-platform-dual-gate-v1	pgaa-cross-platform-matched-controls-v1
norman2019_k562_crispra	K562 CRISPRa Perturb-seq	technical_batch_holdout_4_vs_4	ARRDC3	ARRDC3	0	absolute_mean_shift	70	4999	0.15	0.04	0.1099999999999999	0.0981293929656892	0.0472420492832765	pgaa-cross-platform-dual-gate-v1	pgaa-cross-platform-matched-controls-v1
norman2019_k562_crispra	K562 CRISPRa Perturb-seq	technical_batch_holdout_4_vs_4	ARRDC3	ARRDC3	0	welch_abs_t	70	4999	0.05	0.01	0.04	0.0275741700113821	0.0068919237875802	pgaa-cross-platform-dual-gate-v1	pgaa-cross-platform-matched-controls-v1
norman2019_k562_crispra	K562 CRISPRa Perturb-seq	technical_batch_holdout_4_vs_4	ARRDC3	ARRDC3	1	pgaa_w	70	4999	0.14	0.07	0.07	0.3021753870654605	0.2603230254694396	pgaa-cross-platform-dual-gate-v1	pgaa-cross-platform-matched-controls-v1
norman2019_k562_crispra	K562 CRISPRa Perturb-seq	technical_batch_holdout_4_vs_4	ARRDC3	ARRDC3	1	pgaa_h	70	4999	0.06	0.03	0.03	0.0547776742835161	0.0349020710315125	pgaa-cross-platform-dual-gate-v1	pgaa-cross-platform-matched-controls-v1
norman2019_k562_crispra	K562 CRISPRa Perturb-seq	technical_batch_holdout_4_vs_4	ARRDC3	ARRDC3	1	absolute_mean_shift	70	4999	0.09	0.04	0.0499999999999999	0.1209964184127576	0.03247821031583	pgaa-cross-platform-dual-gate-v1	pgaa-cross-platform-matched-controls-v1
norman2019_k562_crispra	K562 CRISPRa Perturb-seq	technical_batch_holdout_4_vs_4	ARRDC3	ARRDC3	1	welch_abs_t	70	4999	0.08	0.01	0.07	0.0534480982643935	-0.0213884680908036	pgaa-cross-platform-dual-gate-v1	pgaa-cross-platform-matched-controls-v1
norman2019_k562_crispra	K562 CRISPRa Perturb-seq	technical_batch_holdout_4_vs_4	ARRDC3	ARRDC3	2	pgaa_w	70	4999	0.07	0.06	0.01	0.2397528524730096	0.2547070185766975	pgaa-cross-platform-dual-gate-v1	pgaa-cross-platform-matched-controls-v1
norman2019_k562_crispra	K562 CRISPRa Perturb-seq	technical_batch_holdout_4_vs_4	ARRDC3	ARRDC3	2	pgaa_h	70	4999	0.05	0.03	0.02	0.0213822365784329	0.0269325868628219	pgaa-cross-platform-dual-gate-v1	pgaa-cross-platform-matched-controls-v1
norman2019_k562_crispra	K562 CRISPRa Perturb-seq	technical_batch_holdout_4_vs_4	ARRDC3	ARRDC3	2	absolute_mean_shift	70	4999	0.1	0.06	0.04	0.0491715406777641	0.0473111553471286	pgaa-cross-platform-dual-gate-v1	pgaa-cross-platform-matched-controls-v1
norman2019_k562_crispra	K562 CRISPRa Perturb-seq	technical_batch_holdout_4_vs_4	ARRDC3	ARRDC3	2	welch_abs_t	70	4999	0.02	0.02	0.0	-0.0193422231149553	0.0021858233832165	pgaa-cross-platform-dual-gate-v1	pgaa-cross-platform-matched-controls-v1
norman2019_k562_crispra	K562 CRISPRa Perturb-seq	technical_batch_holdout_4_vs_4	ARRDC3	ARRDC3	3	pgaa_w	70	4999	0.13	0.06	0.07	0.2530779068719644	0.252939319772718	pgaa-cross-platform-dual-gate-v1	pgaa-cross-platform-matched-controls-v1
norman2019_k562_crispra	K562 CRISPRa Perturb-seq	technical_batch_holdout_4_vs_4	ARRDC3	ARRDC3	3	pgaa_h	70	4999	0.05	0.02	0.03	0.0272788634245017	0.0310166855802292	pgaa-cross-platform-dual-gate-v1	pgaa-cross-platform-matched-controls-v1
norman2019_k562_crispra	K562 CRISPRa Perturb-seq	technical_batch_holdout_4_vs_4	ARRDC3	ARRDC3	3	absolute_mean_shift	70	4999	0.12	0.06	0.06	0.0444666133781682	0.0479535049432891	pgaa-cross-platform-dual-gate-v1	pgaa-cross-platform-matched-controls-v1
norman2019_k562_crispra	K562 CRISPRa Perturb-seq	technical_batch_holdout_4_vs_4	ARRDC3	ARRDC3	3	welch_abs_t	70	4999	0.04	0.03	0.01	-0.0223281400102908	-0.0058534045345888	pgaa-cross-platform-dual-gate-v1	pgaa-cross-platform-matched-controls-v1
norman2019_k562_crispra	K562 CRISPRa Perturb-seq	technical_batch_holdout_4_vs_4	ARRDC3	ARRDC3	4	pgaa_w	70	4999	0.11	0.07	0.0399999999999999	0.3043666862617269	0.2427052438578952	pgaa-cross-platform-dual-gate-v1	pgaa-cross-platform-matched-controls-v1
norman2019_k562_crispra	K562 CRISPRa Perturb-seq	technical_batch_holdout_4_vs_4	ARRDC3	ARRDC3	4	pgaa_h	70	4999	0.05	0.03	0.02	0.0531067550310111	0.0248212778181433	pgaa-cross-platform-dual-gate-v1	pgaa-cross-platform-matched-controls-v1
norman2019_k562_crispra	K562 CRISPRa Perturb-seq	technical_batch_holdout_4_vs_4	ARRDC3	ARRDC3	4	absolute_mean_shift	70	4999	0.1	0.06	0.04	0.1082204227770188	0.0641042657092382	pgaa-cross-platform-dual-gate-v1	pgaa-cross-platform-matched-controls-v1
norman2019_k562_crispra	K562 CRISPRa Perturb-seq	technical_batch_holdout_4_vs_4	ARRDC3	ARRDC3	4	welch_abs_t	70	4999	0.05	0.06	-0.0099999999999999	0.0463614070724435	0.0181814930092861	pgaa-cross-platform-dual-gate-v1	pgaa-cross-platform-matched-controls-v1
norman2019_k562_crispra	K562 CRISPRa Perturb-seq	technical_batch_holdout_4_vs_4	ATL1	ATL1	0	pgaa_w	70	4999	0.47	0.08	0.3899999999999999	0.5003852936733806	0.2550462122196348	pgaa-cross-platform-dual-gate-v1	pgaa-cross-platform-matched-controls-v1
norman2019_k562_crispra	K562 CRISPRa Perturb-seq	technical_batch_holdout_4_vs_4	ATL1	ATL1	0	pgaa_h	70	4999	0.03	0.03	0.0	0.0537952118978358	0.0200549274506161	pgaa-cross-platform-dual-gate-v1	pgaa-cross-platform-matched-controls-v1
norman2019_k562_crispra	K562 CRISPRa Perturb-seq	technical_batch_holdout_4_vs_4	ATL1	ATL1	0	absolute_mean_shift	70	4999	0.47	0.07	0.3999999999999999	0.3779891694246649	0.0607196786936719	pgaa-cross-platform-dual-gate-v1	pgaa-cross-platform-matched-controls-v1
norman2019_k562_crispra	K562 CRISPRa Perturb-seq	technical_batch_holdout_4_vs_4	ATL1	ATL1	0	welch_abs_t	70	4999	0.33	0.03	0.3	0.2928221991717826	0.0129949852158425	pgaa-cross-platform-dual-gate-v1	pgaa-cross-platform-matched-controls-v1
norman2019_k562_crispra	K562 CRISPRa Perturb-seq	technical_batch_holdout_4_vs_4	ATL1	ATL1	1	pgaa_w	70	4999	0.4	0.07	0.33	0.4584880785040562	0.2388783716887435	pgaa-cross-platform-dual-gate-v1	pgaa-cross-platform-matched-controls-v1
norman2019_k562_crispra	K562 CRISPRa Perturb-seq	technical_batch_holdout_4_vs_4	ATL1	ATL1	1	pgaa_h	70	4999	0.05	0.04	0.01	0.0381158514967249	0.047801063420281	pgaa-cross-platform-dual-gate-v1	pgaa-cross-platform-matched-controls-v1
norman2019_k562_crispra	K562 CRISPRa Perturb-seq	technical_batch_holdout_4_vs_4	ATL1	ATL1	1	absolute_mean_shift	70	4999	0.45	0.05	0.4	0.3387497043787809	0.046887106358473	pgaa-cross-platform-dual-gate-v1	pgaa-cross-platform-matched-controls-v1
norman2019_k562_crispra	K562 CRISPRa Perturb-seq	technical_batch_holdout_4_vs_4	ATL1	ATL1	1	welch_abs_t	70	4999	0.35	0.02	0.3299999999999999	0.2567845866892466	0.0085463401926134	pgaa-cross-platform-dual-gate-v1	pgaa-cross-platform-matched-controls-v1
norman2019_k562_crispra	K562 CRISPRa Perturb-seq	technical_batch_holdout_4_vs_4	ATL1	ATL1	2	pgaa_w	70	4999	0.5	0.05	0.45	0.4553608055584707	0.2300700724593915	pgaa-cross-platform-dual-gate-v1	pgaa-cross-platform-matched-controls-v1
norman2019_k562_crispra	K562 CRISPRa Perturb-seq	technical_batch_holdout_4_vs_4	ATL1	ATL1	2	pgaa_h	70	4999	0.08	0.08	0.0	0.0458737690893922	0.0528516969849263	pgaa-cross-platform-dual-gate-v1	pgaa-cross-platform-matched-controls-v1
norman2019_k562_crispra	K562 CRISPRa Perturb-seq	technical_batch_holdout_4_vs_4	ATL1	ATL1	2	absolute_mean_shift	70	4999	0.48	0.05	0.43	0.3374771265099348	0.0605615465062474	pgaa-cross-platform-dual-gate-v1	pgaa-cross-platform-matched-controls-v1
norman2019_k562_crispra	K562 CRISPRa Perturb-seq	technical_batch_holdout_4_vs_4	ATL1	ATL1	2	welch_abs_t	70	4999	0.34	0.03	0.31	0.2535179349015906	0.0167826638565063	pgaa-cross-platform-dual-gate-v1	pgaa-cross-platform-matched-controls-v1
norman2019_k562_crispra	K562 CRISPRa Perturb-seq	technical_batch_holdout_4_vs_4	ATL1	ATL1	3	pgaa_w	70	4999	0.4	0.07	0.33	0.4304027772181087	0.2500675392761642	pgaa-cross-platform-dual-gate-v1	pgaa-cross-platform-matched-controls-v1
norman2019_k562_crispra	K562 CRISPRa Perturb-seq	technical_batch_holdout_4_vs_4	ATL1	ATL1	3	pgaa_h	70	4999	0.04	0.06	-0.0199999999999999	0.0447965847852677	0.0414794857458937	pgaa-cross-platform-dual-gate-v1	pgaa-cross-platform-matched-controls-v1
norman2019_k562_crispra	K562 CRISPRa Perturb-seq	technical_batch_holdout_4_vs_4	ATL1	ATL1	3	absolute_mean_shift	70	4999	0.4	0.07	0.33	0.294300736449811	0.0603285247292428	pgaa-cross-platform-dual-gate-v1	pgaa-cross-platform-matched-controls-v1
norman2019_k562_crispra	K562 CRISPRa Perturb-seq	technical_batch_holdout_4_vs_4	ATL1	ATL1	3	welch_abs_t	70	4999	0.35	0.02	0.3299999999999999	0.2115332297242529	0.0225305368882307	pgaa-cross-platform-dual-gate-v1	pgaa-cross-platform-matched-controls-v1
norman2019_k562_crispra	K562 CRISPRa Perturb-seq	technical_batch_holdout_4_vs_4	ATL1	ATL1	4	pgaa_w	70	4999	0.44	0.03	0.41	0.4354915215456057	0.2573645982559625	pgaa-cross-platform-dual-gate-v1	pgaa-cross-platform-matched-controls-v1
norman2019_k562_crispra	K562 CRISPRa Perturb-seq	technical_batch_holdout_4_vs_4	ATL1	ATL1	4	pgaa_h	70	4999	0.08	0.04	0.04	0.0361949439107852	0.0235014450651931	pgaa-cross-platform-dual-gate-v1	pgaa-cross-platform-matched-controls-v1
norman2019_k562_crispra	K562 CRISPRa Perturb-seq	technical_batch_holdout_4_vs_4	ATL1	ATL1	4	absolute_mean_shift	70	4999	0.42	0.02	0.3999999999999999	0.3013892629330855	0.0543414859787018	pgaa-cross-platform-dual-gate-v1	pgaa-cross-platform-matched-controls-v1
norman2019_k562_crispra	K562 CRISPRa Perturb-seq	technical_batch_holdout_4_vs_4	ATL1	ATL1	4	welch_abs_t	70	4999	0.36	0.0	0.36	0.2139430992080769	-0.0005659560724077	pgaa-cross-platform-dual-gate-v1	pgaa-cross-platform-matched-controls-v1
norman2019_k562_crispra	K562 CRISPRa Perturb-seq	technical_batch_holdout_4_vs_4	BAK1	BAK1	0	pgaa_w	70	4999	0.09	0.08	0.0099999999999999	0.286527097455182	0.2472058752265988	pgaa-cross-platform-dual-gate-v1	pgaa-cross-platform-matched-controls-v1
norman2019_k562_crispra	K562 CRISPRa Perturb-seq	technical_batch_holdout_4_vs_4	BAK1	BAK1	0	pgaa_h	70	4999	0.05	0.05	0.0	0.0431358133021044	0.0304184563520987	pgaa-cross-platform-dual-gate-v1	pgaa-cross-platform-matched-controls-v1
norman2019_k562_crispra	K562 CRISPRa Perturb-seq	technical_batch_holdout_4_vs_4	BAK1	BAK1	0	absolute_mean_shift	70	4999	0.07	0.06	0.01	0.0864331623211116	0.0526085719513232	pgaa-cross-platform-dual-gate-v1	pgaa-cross-platform-matched-controls-v1
norman2019_k562_crispra	K562 CRISPRa Perturb-seq	technical_batch_holdout_4_vs_4	BAK1	BAK1	0	welch_abs_t	70	4999	0.03	0.02	0.0099999999999999	0.0250050401929127	-0.0053489133842458	pgaa-cross-platform-dual-gate-v1	pgaa-cross-platform-matched-controls-v1
norman2019_k562_crispra	K562 CRISPRa Perturb-seq	technical_batch_holdout_4_vs_4	BAK1	BAK1	1	pgaa_w	70	4999	0.05	0.1	-0.05	0.2753607679999385	0.2920300297824758	pgaa-cross-platform-dual-gate-v1	pgaa-cross-platform-matched-controls-v1
norman2019_k562_crispra	K562 CRISPRa Perturb-seq	technical_batch_holdout_4_vs_4	BAK1	BAK1	1	pgaa_h	70	4999	0.05	0.02	0.03	0.0329272323889374	0.0217365015718245	pgaa-cross-platform-dual-gate-v1	pgaa-cross-platform-matched-controls-v1
norman2019_k562_crispra	K562 CRISPRa Perturb-seq	technical_batch_holdout_4_vs_4	BAK1	BAK1	1	absolute_mean_shift	70	4999	0.06	0.09	-0.03	0.0683641760334081	0.0871651602976095	pgaa-cross-platform-dual-gate-v1	pgaa-cross-platform-matched-controls-v1
norman2019_k562_crispra	K562 CRISPRa Perturb-seq	technical_batch_holdout_4_vs_4	BAK1	BAK1	1	welch_abs_t	70	4999	0.01	0.06	-0.0499999999999999	0.0067155355202304	0.0357476620902991	pgaa-cross-platform-dual-gate-v1	pgaa-cross-platform-matched-controls-v1
norman2019_k562_crispra	K562 CRISPRa Perturb-seq	technical_batch_holdout_4_vs_4	BAK1	BAK1	2	pgaa_w	70	4999	0.07	0.04	0.03	0.2608356501917831	0.264023203717047	pgaa-cross-platform-dual-gate-v1	pgaa-cross-platform-matched-controls-v1
norman2019_k562_crispra	K562 CRISPRa Perturb-seq	technical_batch_holdout_4_vs_4	BAK1	BAK1	2	pgaa_h	70	4999	0.04	0.04	0.0	0.0051483861125156	0.0288690412924158	pgaa-cross-platform-dual-gate-v1	pgaa-cross-platform-matched-controls-v1
norman2019_k562_crispra	K562 CRISPRa Perturb-seq	technical_batch_holdout_4_vs_4	BAK1	BAK1	2	absolute_mean_shift	70	4999	0.05	0.03	0.02	0.0579960597568722	0.0552235207465423	pgaa-cross-platform-dual-gate-v1	pgaa-cross-platform-matched-controls-v1
norman2019_k562_crispra	K562 CRISPRa Perturb-seq	technical_batch_holdout_4_vs_4	BAK1	BAK1	2	welch_abs_t	70	4999	0.04	0.0	0.04	0.0006874251441254	0.0025012484610968	pgaa-cross-platform-dual-gate-v1	pgaa-cross-platform-matched-controls-v1
norman2019_k562_crispra	K562 CRISPRa Perturb-seq	technical_batch_holdout_4_vs_4	BAK1	BAK1	3	pgaa_w	70	4999	0.06	0.02	0.0399999999999999	0.2443719134457741	0.2533325683204668	pgaa-cross-platform-dual-gate-v1	pgaa-cross-platform-matched-controls-v1
norman2019_k562_crispra	K562 CRISPRa Perturb-seq	technical_batch_holdout_4_vs_4	BAK1	BAK1	3	pgaa_h	70	4999	0.06	0.03	0.03	0.033679773604739	0.0393874131075166	pgaa-cross-platform-dual-gate-v1	pgaa-cross-platform-matched-controls-v1
norman2019_k562_crispra	K562 CRISPRa Perturb-seq	technical_batch_holdout_4_vs_4	BAK1	BAK1	3	absolute_mean_shift	70	4999	0.01	0.02	-0.01	0.0454840739205425	0.0526260443546334	pgaa-cross-platform-dual-gate-v1	pgaa-cross-platform-matched-controls-v1
norman2019_k562_crispra	K562 CRISPRa Perturb-seq	technical_batch_holdout_4_vs_4	BAK1	BAK1	3	welch_abs_t	70	4999	0.0	0.03	-0.03	-0.0052973137731144	0.002067842187935	pgaa-cross-platform-dual-gate-v1	pgaa-cross-platform-matched-controls-v1
norman2019_k562_crispra	K562 CRISPRa Perturb-seq	technical_batch_holdout_4_vs_4	BAK1	BAK1	4	pgaa_w	70	4999	0.07	0.07	0.0	0.2653142748965309	0.2471490077423826	pgaa-cross-platform-dual-gate-v1	pgaa-cross-platform-matched-controls-v1
norman2019_k562_crispra	K562 CRISPRa Perturb-seq	technical_batch_holdout_4_vs_4	BAK1	BAK1	4	pgaa_h	70	4999	0.09	0.05	0.0399999999999999	0.018689318031586	0.0041802109325791	pgaa-cross-platform-dual-gate-v1	pgaa-cross-platform-matched-controls-v1
norman2019_k562_crispra	K562 CRISPRa Perturb-seq	technical_batch_holdout_4_vs_4	BAK1	BAK1	4	absolute_mean_shift	70	4999	0.06	0.04	0.0199999999999999	0.040690013275694	0.0292950465320494	pgaa-cross-platform-dual-gate-v1	pgaa-cross-platform-matched-controls-v1
norman2019_k562_crispra	K562 CRISPRa Perturb-seq	technical_batch_holdout_4_vs_4	BAK1	BAK1	4	welch_abs_t	70	4999	0.02	0.0	0.02	-0.0063096377501819	-0.0162705406406936	pgaa-cross-platform-dual-gate-v1	pgaa-cross-platform-matched-controls-v1
norman2019_k562_crispra	K562 CRISPRa Perturb-seq	technical_batch_holdout_4_vs_4	BCL2L11	BCL2L11	0	pgaa_w	70	4999	0.01	0.06	-0.0499999999999999	0.2621294597454905	0.2630842739559457	pgaa-cross-platform-dual-gate-v1	pgaa-cross-platform-matched-controls-v1
norman2019_k562_crispra	K562 CRISPRa Perturb-seq	technical_batch_holdout_4_vs_4	BCL2L11	BCL2L11	0	pgaa_h	70	4999	0.03	0.04	-0.01	0.0651654973225183	0.038760410367919	pgaa-cross-platform-dual-gate-v1	pgaa-cross-platform-matched-controls-v1
norman2019_k562_crispra	K562 CRISPRa Perturb-seq	technical_batch_holdout_4_vs_4	BCL2L11	BCL2L11	0	absolute_mean_shift	70	4999	0.01	0.01	0.0	0.0446478902097955	0.0667124457896858	pgaa-cross-platform-dual-gate-v1	pgaa-cross-platform-matched-controls-v1
norman2019_k562_crispra	K562 CRISPRa Perturb-seq	technical_batch_holdout_4_vs_4	BCL2L11	BCL2L11	0	welch_abs_t	70	4999	0.05	0.01	0.04	-0.0066036786709082	0.0183155108336989	pgaa-cross-platform-dual-gate-v1	pgaa-cross-platform-matched-controls-v1
norman2019_k562_crispra	K562 CRISPRa Perturb-seq	technical_batch_holdout_4_vs_4	BCL2L11	BCL2L11	1	pgaa_w	70	4999	0.06	0.08	-0.02	0.2541174680615383	0.2401016477062543	pgaa-cross-platform-dual-gate-v1	pgaa-cross-platform-matched-controls-v1
norman2019_k562_crispra	K562 CRISPRa Perturb-seq	technical_batch_holdout_4_vs_4	BCL2L11	BCL2L11	1	pgaa_h	70	4999	0.05	0.09	-0.0399999999999999	0.0427482891005883	0.0271487231404132	pgaa-cross-platform-dual-gate-v1	pgaa-cross-platform-matched-controls-v1
norman2019_k562_crispra	K562 CRISPRa Perturb-seq	technical_batch_holdout_4_vs_4	BCL2L11	BCL2L11	1	absolute_mean_shift	70	4999	0.04	0.06	-0.0199999999999999	0.0380840595082923	0.0507686691768863	pgaa-cross-platform-dual-gate-v1	pgaa-cross-platform-matched-controls-v1
norman2019_k562_crispra	K562 CRISPRa Perturb-seq	technical_batch_holdout_4_vs_4	BCL2L11	BCL2L11	1	welch_abs_t	70	4999	0.03	0.02	0.0099999999999999	-0.00952671614778	-0.0015826110240435	pgaa-cross-platform-dual-gate-v1	pgaa-cross-platform-matched-controls-v1
norman2019_k562_crispra	K562 CRISPRa Perturb-seq	technical_batch_holdout_4_vs_4	BCL2L11	BCL2L11	2	pgaa_w	70	4999	0.07	0.02	0.05	0.2841706188604869	0.270942311782187	pgaa-cross-platform-dual-gate-v1	pgaa-cross-platform-matched-controls-v1
norman2019_k562_crispra	K562 CRISPRa Perturb-seq	technical_batch_holdout_4_vs_4	BCL2L11	BCL2L11	2	pgaa_h	70	4999	0.06	0.05	0.0099999999999999	0.0367275897924996	0.0177992047177265	pgaa-cross-platform-dual-gate-v1	pgaa-cross-platform-matched-controls-v1
norman2019_k562_crispra	K562 CRISPRa Perturb-seq	technical_batch_holdout_4_vs_4	BCL2L11	BCL2L11	2	absolute_mean_shift	70	4999	0.05	0.02	0.03	0.0529455453219029	0.0588445663301186	pgaa-cross-platform-dual-gate-v1	pgaa-cross-platform-matched-controls-v1
norman2019_k562_crispra	K562 CRISPRa Perturb-seq	technical_batch_holdout_4_vs_4	BCL2L11	BCL2L11	2	welch_abs_t	70	4999	0.02	0.02	0.0	0.0022498651472071	0.0049752356716229	pgaa-cross-platform-dual-gate-v1	pgaa-cross-platform-matched-controls-v1
norman2019_k562_crispra	K562 CRISPRa Perturb-seq	technical_batch_holdout_4_vs_4	BCL2L11	BCL2L11	3	pgaa_w	70	4999	0.08	0.09	-0.0099999999999999	0.2945321057559538	0.2359709584173737	pgaa-cross-platform-dual-gate-v1	pgaa-cross-platform-matched-controls-v1
norman2019_k562_crispra	K562 CRISPRa Perturb-seq	technical_batch_holdout_4_vs_4	BCL2L11	BCL2L11	3	pgaa_h	70	4999	0.05	0.08	-0.03	0.0190548000365501	0.0219776969451251	pgaa-cross-platform-dual-gate-v1	pgaa-cross-platform-matched-controls-v1
norman2019_k562_crispra	K562 CRISPRa Perturb-seq	technical_batch_holdout_4_vs_4	BCL2L11	BCL2L11	3	absolute_mean_shift	70	4999	0.05	0.05	0.0	0.1052890480768839	0.0375970507000699	pgaa-cross-platform-dual-gate-v1	pgaa-cross-platform-matched-controls-v1
norman2019_k562_crispra	K562 CRISPRa Perturb-seq	technical_batch_holdout_4_vs_4	BCL2L11	BCL2L11	3	welch_abs_t	70	4999	0.01	0.01	0.0	0.0387706238505213	-0.0060056286887629	pgaa-cross-platform-dual-gate-v1	pgaa-cross-platform-matched-controls-v1
norman2019_k562_crispra	K562 CRISPRa Perturb-seq	technical_batch_holdout_4_vs_4	BCL2L11	BCL2L11	4	pgaa_w	70	4999	0.06	0.07	-0.01	0.2480656396345296	0.2399158942050094	pgaa-cross-platform-dual-gate-v1	pgaa-cross-platform-matched-controls-v1
norman2019_k562_crispra	K562 CRISPRa Perturb-seq	technical_batch_holdout_4_vs_4	BCL2L11	BCL2L11	4	pgaa_h	70	4999	0.02	0.05	-0.03	0.0115993438878534	0.0404051279930402	pgaa-cross-platform-dual-gate-v1	pgaa-cross-platform-matched-controls-v1
norman2019_k562_crispra	K562 CRISPRa Perturb-seq	technical_batch_holdout_4_vs_4	BCL2L11	BCL2L11	4	absolute_mean_shift	70	4999	0.03	0.05	-0.02	0.0601766681350803	0.0493409238473237	pgaa-cross-platform-dual-gate-v1	pgaa-cross-platform-matched-controls-v1
norman2019_k562_crispra	K562 CRISPRa Perturb-seq	technical_batch_holdout_4_vs_4	BCL2L11	BCL2L11	4	welch_abs_t	70	4999	0.01	0.01	0.0	0.0125749321773118	0.0049037892093401	pgaa-cross-platform-dual-gate-v1	pgaa-cross-platform-matched-controls-v1
norman2019_k562_crispra	K562 CRISPRa Perturb-seq	technical_batch_holdout_4_vs_4	BCORL1	BCORL1	0	pgaa_w	70	4999	0.09	0.06	0.03	0.2683407176513334	0.2652957113646302	pgaa-cross-platform-dual-gate-v1	pgaa-cross-platform-matched-controls-v1
norman2019_k562_crispra	K562 CRISPRa Perturb-seq	technical_batch_holdout_4_vs_4	BCORL1	BCORL1	0	pgaa_h	70	4999	0.07	0.07	0.0	0.0381539674289536	0.0633829532328305	pgaa-cross-platform-dual-gate-v1	pgaa-cross-platform-matched-controls-v1
norman2019_k562_crispra	K562 CRISPRa Perturb-seq	technical_batch_holdout_4_vs_4	BCORL1	BCORL1	0	absolute_mean_shift	70	4999	0.07	0.06	0.01	0.0705662720160694	0.0754754383933036	pgaa-cross-platform-dual-gate-v1	pgaa-cross-platform-matched-controls-v1
norman2019_k562_crispra	K562 CRISPRa Perturb-seq	technical_batch_holdout_4_vs_4	BCORL1	BCORL1	0	welch_abs_t	70	4999	0.05	0.02	0.03	0.0106361061888248	0.0294252853487174	pgaa-cross-platform-dual-gate-v1	pgaa-cross-platform-matched-controls-v1
norman2019_k562_crispra	K562 CRISPRa Perturb-seq	technical_batch_holdout_4_vs_4	BCORL1	BCORL1	1	pgaa_w	70	4999	0.12	0.04	0.0799999999999999	0.2816941480973265	0.2656322917468399	pgaa-cross-platform-dual-gate-v1	pgaa-cross-platform-matched-controls-v1
norman2019_k562_crispra	K562 CRISPRa Perturb-seq	technical_batch_holdout_4_vs_4	BCORL1	BCORL1	1	pgaa_h	70	4999	0.07	0.03	0.04	0.0423100378917252	0.0253533950757899	pgaa-cross-platform-dual-gate-v1	pgaa-cross-platform-matched-controls-v1
norman2019_k562_crispra	K562 CRISPRa Perturb-seq	technical_batch_holdout_4_vs_4	BCORL1	BCORL1	1	absolute_mean_shift	70	4999	0.1	0.05	0.05	0.0684354637156045	0.0548357203332386	pgaa-cross-platform-dual-gate-v1	pgaa-cross-platform-matched-controls-v1
norman2019_k562_crispra	K562 CRISPRa Perturb-seq	technical_batch_holdout_4_vs_4	BCORL1	BCORL1	1	welch_abs_t	70	4999	0.08	0.02	0.06	0.0237294295359367	0.0054133872155181	pgaa-cross-platform-dual-gate-v1	pgaa-cross-platform-matched-controls-v1
norman2019_k562_crispra	K562 CRISPRa Perturb-seq	technical_batch_holdout_4_vs_4	BCORL1	BCORL1	2	pgaa_w	70	4999	0.17	0.06	0.11	0.2679479190916215	0.2516914285198382	pgaa-cross-platform-dual-gate-v1	pgaa-cross-platform-matched-controls-v1
norman2019_k562_crispra	K562 CRISPRa Perturb-seq	technical_batch_holdout_4_vs_4	BCORL1	BCORL1	2	pgaa_h	70	4999	0.06	0.06	0.0	0.0047864807193881	0.0190536747084895	pgaa-cross-platform-dual-gate-v1	pgaa-cross-platform-matched-controls-v1
norman2019_k562_crispra	K562 CRISPRa Perturb-seq	technical_batch_holdout_4_vs_4	BCORL1	BCORL1	2	absolute_mean_shift	70	4999	0.18	0.02	0.16	0.0697828432516975	0.0562066554595349	pgaa-cross-platform-dual-gate-v1	pgaa-cross-platform-matched-controls-v1
norman2019_k562_crispra	K562 CRISPRa Perturb-seq	technical_batch_holdout_4_vs_4	BCORL1	BCORL1	2	welch_abs_t	70	4999	0.08	0.02	0.06	0.006833000981949	0.0108273045728191	pgaa-cross-platform-dual-gate-v1	pgaa-cross-platform-matched-controls-v1
norman2019_k562_crispra	K562 CRISPRa Perturb-seq	technical_batch_holdout_4_vs_4	BCORL1	BCORL1	3	pgaa_w	70	4999	0.1	0.07	0.03	0.2489919201186934	0.2246083399633108	pgaa-cross-platform-dual-gate-v1	pgaa-cross-platform-matched-controls-v1
norman2019_k562_crispra	K562 CRISPRa Perturb-seq	technical_batch_holdout_4_vs_4	BCORL1	BCORL1	3	pgaa_h	70	4999	0.09	0.08	0.0099999999999999	0.0166149043209951	0.0222611085386528	pgaa-cross-platform-dual-gate-v1	pgaa-cross-platform-matched-controls-v1
norman2019_k562_crispra	K562 CRISPRa Perturb-seq	technical_batch_holdout_4_vs_4	BCORL1	BCORL1	3	absolute_mean_shift	70	4999	0.07	0.02	0.05	0.0717104291069561	0.0132624563337586	pgaa-cross-platform-dual-gate-v1	pgaa-cross-platform-matched-controls-v1
norman2019_k562_crispra	K562 CRISPRa Perturb-seq	technical_batch_holdout_4_vs_4	BCORL1	BCORL1	3	welch_abs_t	70	4999	0.07	0.03	0.04	0.0171918305878314	-0.0302555986827617	pgaa-cross-platform-dual-gate-v1	pgaa-cross-platform-matched-controls-v1
norman2019_k562_crispra	K562 CRISPRa Perturb-seq	technical_batch_holdout_4_vs_4	BCORL1	BCORL1	4	pgaa_w	70	4999	0.11	0.05	0.06	0.2721005005803082	0.2403778255828927	pgaa-cross-platform-dual-gate-v1	pgaa-cross-platform-matched-controls-v1
norman2019_k562_crispra	K562 CRISPRa Perturb-seq	technical_batch_holdout_4_vs_4	BCORL1	BCORL1	4	pgaa_h	70	4999	0.09	0.03	0.06	0.0270646784547559	0.0247933180510643	pgaa-cross-platform-dual-gate-v1	pgaa-cross-platform-matched-controls-v1
norman2019_k562_crispra	K562 CRISPRa Perturb-seq	technical_batch_holdout_4_vs_4	BCORL1	BCORL1	4	absolute_mean_shift	70	4999	0.08	0.05	0.03	0.0827073150123621	0.0411942613292112	pgaa-cross-platform-dual-gate-v1	pgaa-cross-platform-matched-controls-v1
norman2019_k562_crispra	K562 CRISPRa Perturb-seq	technical_batch_holdout_4_vs_4	BCORL1	BCORL1	4	welch_abs_t	70	4999	0.08	0.02	0.06	0.0216129811331975	-0.0012869261968566	pgaa-cross-platform-dual-gate-v1	pgaa-cross-platform-matched-controls-v1
norman2019_k562_crispra	K562 CRISPRa Perturb-seq	technical_batch_holdout_4_vs_4	BPGM	BPGM	0	pgaa_w	70	4999	0.34	0.03	0.31	0.2938956585145095	0.2671490797623426	pgaa-cross-platform-dual-gate-v1	pgaa-cross-platform-matched-controls-v1
norman2019_k562_crispra	K562 CRISPRa Perturb-seq	technical_batch_holdout_4_vs_4	BPGM	BPGM	0	pgaa_h	70	4999	0.08	0.05	0.03	0.0472495533606103	0.0408244377127921	pgaa-cross-platform-dual-gate-v1	pgaa-cross-platform-matched-controls-v1
norman2019_k562_crispra	K562 CRISPRa Perturb-seq	technical_batch_holdout_4_vs_4	BPGM	BPGM	0	absolute_mean_shift	70	4999	0.31	0.03	0.28	0.1270128117012373	0.0362027281876452	pgaa-cross-platform-dual-gate-v1	pgaa-cross-platform-matched-controls-v1
norman2019_k562_crispra	K562 CRISPRa Perturb-seq	technical_batch_holdout_4_vs_4	BPGM	BPGM	0	welch_abs_t	70	4999	0.27	0.01	0.26	0.0571267241217061	-0.0146373314525876	pgaa-cross-platform-dual-gate-v1	pgaa-cross-platform-matched-controls-v1
norman2019_k562_crispra	K562 CRISPRa Perturb-seq	technical_batch_holdout_4_vs_4	BPGM	BPGM	1	pgaa_w	70	4999	0.27	0.03	0.24	0.2916985927117426	0.2408884368452827	pgaa-cross-platform-dual-gate-v1	pgaa-cross-platform-matched-controls-v1
norman2019_k562_crispra	K562 CRISPRa Perturb-seq	technical_batch_holdout_4_vs_4	BPGM	BPGM	1	pgaa_h	70	4999	0.03	0.03	0.0	0.0316446259584449	0.0371180105874996	pgaa-cross-platform-dual-gate-v1	pgaa-cross-platform-matched-controls-v1
norman2019_k562_crispra	K562 CRISPRa Perturb-seq	technical_batch_holdout_4_vs_4	BPGM	BPGM	1	absolute_mean_shift	70	4999	0.26	0.02	0.24	0.1119170498900581	0.0332853820808029	pgaa-cross-platform-dual-gate-v1	pgaa-cross-platform-matched-controls-v1
norman2019_k562_crispra	K562 CRISPRa Perturb-seq	technical_batch_holdout_4_vs_4	BPGM	BPGM	1	welch_abs_t	70	4999	0.25	0.02	0.23	0.0483444629428497	-0.012880848152897	pgaa-cross-platform-dual-gate-v1	pgaa-cross-platform-matched-controls-v1
norman2019_k562_crispra	K562 CRISPRa Perturb-seq	technical_batch_holdout_4_vs_4	BPGM	BPGM	2	pgaa_w	70	4999	0.3	0.04	0.26	0.3071502570936072	0.2511198100904964	pgaa-cross-platform-dual-gate-v1	pgaa-cross-platform-matched-controls-v1
norman2019_k562_crispra	K562 CRISPRa Perturb-seq	technical_batch_holdout_4_vs_4	BPGM	BPGM	2	pgaa_h	70	4999	0.03	0.04	-0.01	0.014469015360006	0.039701372474949	pgaa-cross-platform-dual-gate-v1	pgaa-cross-platform-matched-controls-v1
norman2019_k562_crispra	K562 CRISPRa Perturb-seq	technical_batch_holdout_4_vs_4	BPGM	BPGM	2	absolute_mean_shift	70	4999	0.25	0.02	0.23	0.1239006350486617	0.052480125032388	pgaa-cross-platform-dual-gate-v1	pgaa-cross-platform-matched-controls-v1
norman2019_k562_crispra	K562 CRISPRa Perturb-seq	technical_batch_holdout_4_vs_4	BPGM	BPGM	2	welch_abs_t	70	4999	0.23	0.04	0.19	0.0475648466570896	0.0068192488919589	pgaa-cross-platform-dual-gate-v1	pgaa-cross-platform-matched-controls-v1
norman2019_k562_crispra	K562 CRISPRa Perturb-seq	technical_batch_holdout_4_vs_4	BPGM	BPGM	3	pgaa_w	70	4999	0.3	0.07	0.2299999999999999	0.3486813363968046	0.2581769327044492	pgaa-cross-platform-dual-gate-v1	pgaa-cross-platform-matched-controls-v1
norman2019_k562_crispra	K562 CRISPRa Perturb-seq	technical_batch_holdout_4_vs_4	BPGM	BPGM	3	pgaa_h	70	4999	0.04	0.08	-0.04	0.0323295026337431	0.0506840437129287	pgaa-cross-platform-dual-gate-v1	pgaa-cross-platform-matched-controls-v1
norman2019_k562_crispra	K562 CRISPRa Perturb-seq	technical_batch_holdout_4_vs_4	BPGM	BPGM	3	absolute_mean_shift	70	4999	0.31	0.03	0.28	0.1950752587433616	0.0505127977974146	pgaa-cross-platform-dual-gate-v1	pgaa-cross-platform-matched-controls-v1
norman2019_k562_crispra	K562 CRISPRa Perturb-seq	technical_batch_holdout_4_vs_4	BPGM	BPGM	3	welch_abs_t	70	4999	0.24	0.02	0.22	0.121092174034484	0.0030272021274635	pgaa-cross-platform-dual-gate-v1	pgaa-cross-platform-matched-controls-v1
norman2019_k562_crispra	K562 CRISPRa Perturb-seq	technical_batch_holdout_4_vs_4	BPGM	BPGM	4	pgaa_w	70	4999	0.28	0.09	0.19	0.3178000710902757	0.2451115002710078	pgaa-cross-platform-dual-gate-v1	pgaa-cross-platform-matched-controls-v1
norman2019_k562_crispra	K562 CRISPRa Perturb-seq	technical_batch_holdout_4_vs_4	BPGM	BPGM	4	pgaa_h	70	4999	0.04	0.05	-0.01	0.0360252105346908	0.0510764000516884	pgaa-cross-platform-dual-gate-v1	pgaa-cross-platform-matched-controls-v1
norman2019_k562_crispra	K562 CRISPRa Perturb-seq	technical_batch_holdout_4_vs_4	BPGM	BPGM	4	absolute_mean_shift	70	4999	0.25	0.06	0.19	0.1227541872477981	0.0320442965694742	pgaa-cross-platform-dual-gate-v1	pgaa-cross-platform-matched-controls-v1
norman2019_k562_crispra	K562 CRISPRa Perturb-seq	technical_batch_holdout_4_vs_4	BPGM	BPGM	4	welch_abs_t	70	4999	0.21	0.02	0.19	0.0384571512631087	-0.0188197514421885	pgaa-cross-platform-dual-gate-v1	pgaa-cross-platform-matched-controls-v1
norman2019_k562_crispra	K562 CRISPRa Perturb-seq	technical_batch_holdout_4_vs_4	C19orf26	C19orf26	0	pgaa_w	70	5000	0.2	0.06	0.14	0.2606953640340712	0.2359956574398262	pgaa-cross-platform-dual-gate-v1	pgaa-cross-platform-matched-controls-v1
norman2019_k562_crispra	K562 CRISPRa Perturb-seq	technical_batch_holdout_4_vs_4	C19orf26	C19orf26	0	pgaa_h	70	5000	0.06	0.06	0.0	0.0311853035740209	0.029934852156718	pgaa-cross-platform-dual-gate-v1	pgaa-cross-platform-matched-controls-v1
norman2019_k562_crispra	K562 CRISPRa Perturb-seq	technical_batch_holdout_4_vs_4	C19orf26	C19orf26	0	absolute_mean_shift	70	5000	0.18	0.05	0.13	0.0582813273956456	0.0463893604529345	pgaa-cross-platform-dual-gate-v1	pgaa-cross-platform-matched-controls-v1
norman2019_k562_crispra	K562 CRISPRa Perturb-seq	technical_batch_holdout_4_vs_4	C19orf26	C19orf26	0	welch_abs_t	70	5000	0.11	0.1	0.0099999999999999	0.0096905423078542	0.0022642627145705	pgaa-cross-platform-dual-gate-v1	pgaa-cross-platform-matched-controls-v1
norman2019_k562_crispra	K562 CRISPRa Perturb-seq	technical_batch_holdout_4_vs_4	C19orf26	C19orf26	1	pgaa_w	70	5000	0.18	0.06	0.12	0.2741576395968854	0.2382813515369728	pgaa-cross-platform-dual-gate-v1	pgaa-cross-platform-matched-controls-v1
norman2019_k562_crispra	K562 CRISPRa Perturb-seq	technical_batch_holdout_4_vs_4	C19orf26	C19orf26	1	pgaa_h	70	5000	0.05	0.03	0.02	0.0482897099266943	0.0528649720157324	pgaa-cross-platform-dual-gate-v1	pgaa-cross-platform-matched-controls-v1
norman2019_k562_crispra	K562 CRISPRa Perturb-seq	technical_batch_holdout_4_vs_4	C19orf26	C19orf26	1	absolute_mean_shift	70	5000	0.18	0.04	0.1399999999999999	0.0973698232938035	0.0291781969153295	pgaa-cross-platform-dual-gate-v1	pgaa-cross-platform-matched-controls-v1
norman2019_k562_crispra	K562 CRISPRa Perturb-seq	technical_batch_holdout_4_vs_4	C19orf26	C19orf26	1	welch_abs_t	70	5000	0.12	0.01	0.11	0.0370561266200237	-0.0207193528452713	pgaa-cross-platform-dual-gate-v1	pgaa-cross-platform-matched-controls-v1
norman2019_k562_crispra	K562 CRISPRa Perturb-seq	technical_batch_holdout_4_vs_4	C19orf26	C19orf26	2	pgaa_w	70	5000	0.21	0.09	0.12	0.2580166289348575	0.2801647893480395	pgaa-cross-platform-dual-gate-v1	pgaa-cross-platform-matched-controls-v1
norman2019_k562_crispra	K562 CRISPRa Perturb-seq	technical_batch_holdout_4_vs_4	C19orf26	C19orf26	2	pgaa_h	70	5000	0.06	0.04	0.0199999999999999	0.0158933391033074	0.0335368159231846	pgaa-cross-platform-dual-gate-v1	pgaa-cross-platform-matched-controls-v1
norman2019_k562_crispra	K562 CRISPRa Perturb-seq	technical_batch_holdout_4_vs_4	C19orf26	C19orf26	2	absolute_mean_shift	70	5000	0.21	0.05	0.1599999999999999	0.0811772493469864	0.0454892354933951	pgaa-cross-platform-dual-gate-v1	pgaa-cross-platform-matched-controls-v1
norman2019_k562_crispra	K562 CRISPRa Perturb-seq	technical_batch_holdout_4_vs_4	C19orf26	C19orf26	2	welch_abs_t	70	5000	0.15	0.03	0.12	0.0364504268837666	-0.0148589190921398	pgaa-cross-platform-dual-gate-v1	pgaa-cross-platform-matched-controls-v1
norman2019_k562_crispra	K562 CRISPRa Perturb-seq	technical_batch_holdout_4_vs_4	C19orf26	C19orf26	3	pgaa_w	70	5000	0.21	0.07	0.1399999999999999	0.2762683307213637	0.2378248060947	pgaa-cross-platform-dual-gate-v1	pgaa-cross-platform-matched-controls-v1
norman2019_k562_crispra	K562 CRISPRa Perturb-seq	technical_batch_holdout_4_vs_4	C19orf26	C19orf26	3	pgaa_h	70	5000	0.09	0.02	0.0699999999999999	0.0516580259265641	0.039620427393678	pgaa-cross-platform-dual-gate-v1	pgaa-cross-platform-matched-controls-v1
norman2019_k562_crispra	K562 CRISPRa Perturb-seq	technical_batch_holdout_4_vs_4	C19orf26	C19orf26	3	absolute_mean_shift	70	5000	0.22	0.06	0.16	0.0861584783547459	0.0304764299289086	pgaa-cross-platform-dual-gate-v1	pgaa-cross-platform-matched-controls-v1
norman2019_k562_crispra	K562 CRISPRa Perturb-seq	technical_batch_holdout_4_vs_4	C19orf26	C19orf26	3	welch_abs_t	70	5000	0.11	0.01	0.1	0.0320290188346981	-0.0241045799573402	pgaa-cross-platform-dual-gate-v1	pgaa-cross-platform-matched-controls-v1
norman2019_k562_crispra	K562 CRISPRa Perturb-seq	technical_batch_holdout_4_vs_4	C19orf26	C19orf26	4	pgaa_w	70	5000	0.18	0.04	0.1399999999999999	0.3001052536746152	0.2516091863125219	pgaa-cross-platform-dual-gate-v1	pgaa-cross-platform-matched-controls-v1
norman2019_k562_crispra	K562 CRISPRa Perturb-seq	technical_batch_holdout_4_vs_4	C19orf26	C19orf26	4	pgaa_h	70	5000	0.05	0.03	0.02	0.0344782580477139	0.0341948391055147	pgaa-cross-platform-dual-gate-v1	pgaa-cross-platform-matched-controls-v1
norman2019_k562_crispra	K562 CRISPRa Perturb-seq	technical_batch_holdout_4_vs_4	C19orf26	C19orf26	4	absolute_mean_shift	70	5000	0.19	0.05	0.14	0.0974004483820436	0.0434832709156796	pgaa-cross-platform-dual-gate-v1	pgaa-cross-platform-matched-controls-v1
norman2019_k562_crispra	K562 CRISPRa Perturb-seq	technical_batch_holdout_4_vs_4	C19orf26	C19orf26	4	welch_abs_t	70	5000	0.13	0.0	0.13	0.0503125907293336	-0.0126177945862259	pgaa-cross-platform-dual-gate-v1	pgaa-cross-platform-matched-controls-v1
norman2019_k562_crispra	K562 CRISPRa Perturb-seq	technical_batch_holdout_4_vs_4	C3orf72	C3orf72	0	pgaa_w	70	5000	0.36	0.04	0.32	0.4001024148873016	0.2672635606073711	pgaa-cross-platform-dual-gate-v1	pgaa-cross-platform-matched-controls-v1
norman2019_k562_crispra	K562 CRISPRa Perturb-seq	technical_batch_holdout_4_vs_4	C3orf72	C3orf72	0	pgaa_h	70	5000	0.05	0.04	0.01	0.0372223262315511	0.0175596196688551	pgaa-cross-platform-dual-gate-v1	pgaa-cross-platform-matched-controls-v1
norman2019_k562_crispra	K562 CRISPRa Perturb-seq	technical_batch_holdout_4_vs_4	C3orf72	C3orf72	0	absolute_mean_shift	70	5000	0.35	0.07	0.2799999999999999	0.2297378639050831	0.0532966530009825	pgaa-cross-platform-dual-gate-v1	pgaa-cross-platform-matched-controls-v1
norman2019_k562_crispra	K562 CRISPRa Perturb-seq	technical_batch_holdout_4_vs_4	C3orf72	C3orf72	0	welch_abs_t	70	5000	0.34	0.03	0.31	0.1537169503394348	0.00835895611096	pgaa-cross-platform-dual-gate-v1	pgaa-cross-platform-matched-controls-v1
norman2019_k562_crispra	K562 CRISPRa Perturb-seq	technical_batch_holdout_4_vs_4	C3orf72	C3orf72	1	pgaa_w	70	5000	0.35	0.04	0.31	0.4459529951821198	0.2582601356744054	pgaa-cross-platform-dual-gate-v1	pgaa-cross-platform-matched-controls-v1
norman2019_k562_crispra	K562 CRISPRa Perturb-seq	technical_batch_holdout_4_vs_4	C3orf72	C3orf72	1	pgaa_h	70	5000	0.02	0.04	-0.02	0.0402299290548546	0.0320925730556968	pgaa-cross-platform-dual-gate-v1	pgaa-cross-platform-matched-controls-v1
norman2019_k562_crispra	K562 CRISPRa Perturb-seq	technical_batch_holdout_4_vs_4	C3orf72	C3orf72	1	absolute_mean_shift	70	5000	0.34	0.03	0.31	0.2598602569891202	0.057469617169681	pgaa-cross-platform-dual-gate-v1	pgaa-cross-platform-matched-controls-v1
norman2019_k562_crispra	K562 CRISPRa Perturb-seq	technical_batch_holdout_4_vs_4	C3orf72	C3orf72	1	welch_abs_t	70	5000	0.34	0.04	0.3	0.1783283067171322	0.0182009437044745	pgaa-cross-platform-dual-gate-v1	pgaa-cross-platform-matched-controls-v1
norman2019_k562_crispra	K562 CRISPRa Perturb-seq	technical_batch_holdout_4_vs_4	C3orf72	C3orf72	2	pgaa_w	70	5000	0.34	0.1	0.24	0.4213009318221484	0.2611246851649874	pgaa-cross-platform-dual-gate-v1	pgaa-cross-platform-matched-controls-v1
norman2019_k562_crispra	K562 CRISPRa Perturb-seq	technical_batch_holdout_4_vs_4	C3orf72	C3orf72	2	pgaa_h	70	5000	0.07	0.05	0.02	0.0450951799930458	0.0417491422919055	pgaa-cross-platform-dual-gate-v1	pgaa-cross-platform-matched-controls-v1
norman2019_k562_crispra	K562 CRISPRa Perturb-seq	technical_batch_holdout_4_vs_4	C3orf72	C3orf72	2	absolute_mean_shift	70	5000	0.33	0.07	0.26	0.238438736066717	0.0625136546040478	pgaa-cross-platform-dual-gate-v1	pgaa-cross-platform-matched-controls-v1
norman2019_k562_crispra	K562 CRISPRa Perturb-seq	technical_batch_holdout_4_vs_4	C3orf72	C3orf72	2	welch_abs_t	70	5000	0.22	0.03	0.19	0.1587364864972691	0.0206167955126718	pgaa-cross-platform-dual-gate-v1	pgaa-cross-platform-matched-controls-v1
norman2019_k562_crispra	K562 CRISPRa Perturb-seq	technical_batch_holdout_4_vs_4	C3orf72	C3orf72	3	pgaa_w	70	5000	0.45	0.07	0.38	0.4654905626947943	0.2517281663471681	pgaa-cross-platform-dual-gate-v1	pgaa-cross-platform-matched-controls-v1
norman2019_k562_crispra	K562 CRISPRa Perturb-seq	technical_batch_holdout_4_vs_4	C3orf72	C3orf72	3	pgaa_h	70	5000	0.02	0.04	-0.02	0.0351058724265383	0.0253672581006549	pgaa-cross-platform-dual-gate-v1	pgaa-cross-platform-matched-controls-v1
norman2019_k562_crispra	K562 CRISPRa Perturb-seq	technical_batch_holdout_4_vs_4	C3orf72	C3orf72	3	absolute_mean_shift	70	5000	0.43	0.06	0.37	0.2957061499615368	0.0659048599673578	pgaa-cross-platform-dual-gate-v1	pgaa-cross-platform-matched-controls-v1
norman2019_k562_crispra	K562 CRISPRa Perturb-seq	technical_batch_holdout_4_vs_4	C3orf72	C3orf72	3	welch_abs_t	70	5000	0.36	0.01	0.35	0.213564096115066	0.0240641848837224	pgaa-cross-platform-dual-gate-v1	pgaa-cross-platform-matched-controls-v1
norman2019_k562_crispra	K562 CRISPRa Perturb-seq	technical_batch_holdout_4_vs_4	C3orf72	C3orf72	4	pgaa_w	70	5000	0.46	0.02	0.44	0.4443967989972031	0.2485680066426515	pgaa-cross-platform-dual-gate-v1	pgaa-cross-platform-matched-controls-v1
norman2019_k562_crispra	K562 CRISPRa Perturb-seq	technical_batch_holdout_4_vs_4	C3orf72	C3orf72	4	pgaa_h	70	5000	0.03	0.01	0.0199999999999999	0.0631068406861389	0.0358898133810189	pgaa-cross-platform-dual-gate-v1	pgaa-cross-platform-matched-controls-v1
norman2019_k562_crispra	K562 CRISPRa Perturb-seq	technical_batch_holdout_4_vs_4	C3orf72	C3orf72	4	absolute_mean_shift	70	5000	0.43	0.02	0.41	0.2649473784633301	0.030490605095283	pgaa-cross-platform-dual-gate-v1	pgaa-cross-platform-matched-controls-v1
norman2019_k562_crispra	K562 CRISPRa Perturb-seq	technical_batch_holdout_4_vs_4	C3orf72	C3orf72	4	welch_abs_t	70	5000	0.35	0.02	0.3299999999999999	0.1751712476316663	-0.0155044980449241	pgaa-cross-platform-dual-gate-v1	pgaa-cross-platform-matched-controls-v1
norman2019_k562_crispra	K562 CRISPRa Perturb-seq	technical_batch_holdout_4_vs_4	CBFA2T3	CBFA2T3	0	pgaa_w	70	4999	0.28	0.07	0.21	0.3135554312858624	0.2393888716758958	pgaa-cross-platform-dual-gate-v1	pgaa-cross-platform-matched-controls-v1
norman2019_k562_crispra	K562 CRISPRa Perturb-seq	technical_batch_holdout_4_vs_4	CBFA2T3	CBFA2T3	0	pgaa_h	70	4999	0.06	0.06	0.0	0.0085055849459283	0.0319982216347552	pgaa-cross-platform-dual-gate-v1	pgaa-cross-platform-matched-controls-v1
norman2019_k562_crispra	K562 CRISPRa Perturb-seq	technical_batch_holdout_4_vs_4	CBFA2T3	CBFA2T3	0	absolute_mean_shift	70	4999	0.3	0.04	0.26	0.1539319110031321	0.0190378324422663	pgaa-cross-platform-dual-gate-v1	pgaa-cross-platform-matched-controls-v1
norman2019_k562_crispra	K562 CRISPRa Perturb-seq	technical_batch_holdout_4_vs_4	CBFA2T3	CBFA2T3	0	welch_abs_t	70	4999	0.17	0.03	0.14	0.0801125359324019	-0.025142339104679	pgaa-cross-platform-dual-gate-v1	pgaa-cross-platform-matched-controls-v1
norman2019_k562_crispra	K562 CRISPRa Perturb-seq	technical_batch_holdout_4_vs_4	CBFA2T3	CBFA2T3	1	pgaa_w	70	4999	0.25	0.06	0.19	0.3335893047116888	0.269058643331765	pgaa-cross-platform-dual-gate-v1	pgaa-cross-platform-matched-controls-v1
norman2019_k562_crispra	K562 CRISPRa Perturb-seq	technical_batch_holdout_4_vs_4	CBFA2T3	CBFA2T3	1	pgaa_h	70	4999	0.06	0.03	0.03	0.0375109324174103	0.0232103469495043	pgaa-cross-platform-dual-gate-v1	pgaa-cross-platform-matched-controls-v1
norman2019_k562_crispra	K562 CRISPRa Perturb-seq	technical_batch_holdout_4_vs_4	CBFA2T3	CBFA2T3	1	absolute_mean_shift	70	4999	0.28	0.07	0.21	0.1704369876024168	0.0613843273410245	pgaa-cross-platform-dual-gate-v1	pgaa-cross-platform-matched-controls-v1
norman2019_k562_crispra	K562 CRISPRa Perturb-seq	technical_batch_holdout_4_vs_4	CBFA2T3	CBFA2T3	1	welch_abs_t	70	4999	0.15	0.05	0.0999999999999999	0.0833170816176036	0.000314257185178	pgaa-cross-platform-dual-gate-v1	pgaa-cross-platform-matched-controls-v1
norman2019_k562_crispra	K562 CRISPRa Perturb-seq	technical_batch_holdout_4_vs_4	CBFA2T3	CBFA2T3	2	pgaa_w	70	4999	0.16	0.06	0.1	0.3297072805756759	0.2416616330286864	pgaa-cross-platform-dual-gate-v1	pgaa-cross-platform-matched-controls-v1
norman2019_k562_crispra	K562 CRISPRa Perturb-seq	technical_batch_holdout_4_vs_4	CBFA2T3	CBFA2T3	2	pgaa_h	70	4999	0.04	0.06	-0.0199999999999999	0.0204792600279811	0.0410203821613424	pgaa-cross-platform-dual-gate-v1	pgaa-cross-platform-matched-controls-v1
norman2019_k562_crispra	K562 CRISPRa Perturb-seq	technical_batch_holdout_4_vs_4	CBFA2T3	CBFA2T3	2	absolute_mean_shift	70	4999	0.15	0.03	0.12	0.125540685823304	0.0394797823006829	pgaa-cross-platform-dual-gate-v1	pgaa-cross-platform-matched-controls-v1
norman2019_k562_crispra	K562 CRISPRa Perturb-seq	technical_batch_holdout_4_vs_4	CBFA2T3	CBFA2T3	2	welch_abs_t	70	4999	0.08	0.0	0.08	0.0490799300820106	-0.0093003218175111	pgaa-cross-platform-dual-gate-v1	pgaa-cross-platform-matched-controls-v1
norman2019_k562_crispra	K562 CRISPRa Perturb-seq	technical_batch_holdout_4_vs_4	CBFA2T3	CBFA2T3	3	pgaa_w	70	4999	0.23	0.09	0.14	0.3216389498694023	0.2717084386515578	pgaa-cross-platform-dual-gate-v1	pgaa-cross-platform-matched-controls-v1
norman2019_k562_crispra	K562 CRISPRa Perturb-seq	technical_batch_holdout_4_vs_4	CBFA2T3	CBFA2T3	3	pgaa_h	70	4999	0.03	0.03	0.0	0.0267379921953159	0.0145098394830169	pgaa-cross-platform-dual-gate-v1	pgaa-cross-platform-matched-controls-v1
norman2019_k562_crispra	K562 CRISPRa Perturb-seq	technical_batch_holdout_4_vs_4	CBFA2T3	CBFA2T3	3	absolute_mean_shift	70	4999	0.22	0.08	0.14	0.1585825893164605	0.053357760069349	pgaa-cross-platform-dual-gate-v1	pgaa-cross-platform-matched-controls-v1
norman2019_k562_crispra	K562 CRISPRa Perturb-seq	technical_batch_holdout_4_vs_4	CBFA2T3	CBFA2T3	3	welch_abs_t	70	4999	0.12	0.02	0.0999999999999999	0.09022329471012	-0.0009375712838546	pgaa-cross-platform-dual-gate-v1	pgaa-cross-platform-matched-controls-v1
norman2019_k562_crispra	K562 CRISPRa Perturb-seq	technical_batch_holdout_4_vs_4	CBFA2T3	CBFA2T3	4	pgaa_w	70	4999	0.29	0.08	0.2099999999999999	0.3000721473130194	0.2686206362040716	pgaa-cross-platform-dual-gate-v1	pgaa-cross-platform-matched-controls-v1
norman2019_k562_crispra	K562 CRISPRa Perturb-seq	technical_batch_holdout_4_vs_4	CBFA2T3	CBFA2T3	4	pgaa_h	70	4999	0.01	0.04	-0.03	0.0372416640398643	0.0489219047551467	pgaa-cross-platform-dual-gate-v1	pgaa-cross-platform-matched-controls-v1
norman2019_k562_crispra	K562 CRISPRa Perturb-seq	technical_batch_holdout_4_vs_4	CBFA2T3	CBFA2T3	4	absolute_mean_shift	70	4999	0.27	0.04	0.23	0.1337251167560913	0.07265991465672	pgaa-cross-platform-dual-gate-v1	pgaa-cross-platform-matched-controls-v1
norman2019_k562_crispra	K562 CRISPRa Perturb-seq	technical_batch_holdout_4_vs_4	CBFA2T3	CBFA2T3	4	welch_abs_t	70	4999	0.2	0.05	0.15	0.0640330704377641	0.0213978426422714	pgaa-cross-platform-dual-gate-v1	pgaa-cross-platform-matched-controls-v1
norman2019_k562_crispra	K562 CRISPRa Perturb-seq	technical_batch_holdout_4_vs_4	CBL	CBL	0	pgaa_w	70	4999	0.2	0.04	0.16	0.3544373847243503	0.2568969173426522	pgaa-cross-platform-dual-gate-v1	pgaa-cross-platform-matched-controls-v1
norman2019_k562_crispra	K562 CRISPRa Perturb-seq	technical_batch_holdout_4_vs_4	CBL	CBL	0	pgaa_h	70	4999	0.06	0.05	0.0099999999999999	0.0404865571992901	0.0120567550581628	pgaa-cross-platform-dual-gate-v1	pgaa-cross-platform-matched-controls-v1
norman2019_k562_crispra	K562 CRISPRa Perturb-seq	technical_batch_holdout_4_vs_4	CBL	CBL	0	absolute_mean_shift	70	4999	0.19	0.05	0.14	0.1771165912541776	0.0646731412580078	pgaa-cross-platform-dual-gate-v1	pgaa-cross-platform-matched-controls-v1
norman2019_k562_crispra	K562 CRISPRa Perturb-seq	technical_batch_holdout_4_vs_4	CBL	CBL	0	welch_abs_t	70	4999	0.1	0.02	0.08	0.0917802712065049	0.0088949194400704	pgaa-cross-platform-dual-gate-v1	pgaa-cross-platform-matched-controls-v1
norman2019_k562_crispra	K562 CRISPRa Perturb-seq	technical_batch_holdout_4_vs_4	CBL	CBL	1	pgaa_w	70	4999	0.25	0.05	0.2	0.3354639818881165	0.2721982261845164	pgaa-cross-platform-dual-gate-v1	pgaa-cross-platform-matched-controls-v1
norman2019_k562_crispra	K562 CRISPRa Perturb-seq	technical_batch_holdout_4_vs_4	CBL	CBL	1	pgaa_h	70	4999	0.05	0.02	0.03	0.0543885473588268	0.0654832838105849	pgaa-cross-platform-dual-gate-v1	pgaa-cross-platform-matched-controls-v1
norman2019_k562_crispra	K562 CRISPRa Perturb-seq	technical_batch_holdout_4_vs_4	CBL	CBL	1	absolute_mean_shift	70	4999	0.24	0.01	0.2299999999999999	0.14488427209738	0.0627150313271402	pgaa-cross-platform-dual-gate-v1	pgaa-cross-platform-matched-controls-v1
norman2019_k562_crispra	K562 CRISPRa Perturb-seq	technical_batch_holdout_4_vs_4	CBL	CBL	1	welch_abs_t	70	4999	0.14	0.01	0.13	0.0673189125748788	0.0024331820509263	pgaa-cross-platform-dual-gate-v1	pgaa-cross-platform-matched-controls-v1
norman2019_k562_crispra	K562 CRISPRa Perturb-seq	technical_batch_holdout_4_vs_4	CBL	CBL	2	pgaa_w	70	4999	0.24	0.06	0.18	0.3375211792499561	0.2595977194363049	pgaa-cross-platform-dual-gate-v1	pgaa-cross-platform-matched-controls-v1
norman2019_k562_crispra	K562 CRISPRa Perturb-seq	technical_batch_holdout_4_vs_4	CBL	CBL	2	pgaa_h	70	4999	0.07	0.08	-0.0099999999999999	0.0352759300328871	0.0399028626446363	pgaa-cross-platform-dual-gate-v1	pgaa-cross-platform-matched-controls-v1
norman2019_k562_crispra	K562 CRISPRa Perturb-seq	technical_batch_holdout_4_vs_4	CBL	CBL	2	absolute_mean_shift	70	4999	0.25	0.04	0.21	0.1677973472806349	0.0431198482036133	pgaa-cross-platform-dual-gate-v1	pgaa-cross-platform-matched-controls-v1
norman2019_k562_crispra	K562 CRISPRa Perturb-seq	technical_batch_holdout_4_vs_4	CBL	CBL	2	welch_abs_t	70	4999	0.22	0.03	0.19	0.0966833103498654	-0.0116835354834484	pgaa-cross-platform-dual-gate-v1	pgaa-cross-platform-matched-controls-v1
norman2019_k562_crispra	K562 CRISPRa Perturb-seq	technical_batch_holdout_4_vs_4	CBL	CBL	3	pgaa_w	70	4999	0.27	0.08	0.19	0.3181652364086263	0.2812139055902417	pgaa-cross-platform-dual-gate-v1	pgaa-cross-platform-matched-controls-v1
norman2019_k562_crispra	K562 CRISPRa Perturb-seq	technical_batch_holdout_4_vs_4	CBL	CBL	3	pgaa_h	70	4999	0.07	0.05	0.02	0.0121565496812981	0.0356136799836264	pgaa-cross-platform-dual-gate-v1	pgaa-cross-platform-matched-controls-v1
norman2019_k562_crispra	K562 CRISPRa Perturb-seq	technical_batch_holdout_4_vs_4	CBL	CBL	3	absolute_mean_shift	70	4999	0.26	0.07	0.19	0.1658210772245471	0.0586963076225037	pgaa-cross-platform-dual-gate-v1	pgaa-cross-platform-matched-controls-v1
norman2019_k562_crispra	K562 CRISPRa Perturb-seq	technical_batch_holdout_4_vs_4	CBL	CBL	3	welch_abs_t	70	4999	0.21	0.02	0.19	0.0828996142565848	0.0023895853360347	pgaa-cross-platform-dual-gate-v1	pgaa-cross-platform-matched-controls-v1
norman2019_k562_crispra	K562 CRISPRa Perturb-seq	technical_batch_holdout_4_vs_4	CBL	CBL	4	pgaa_w	70	4999	0.2	0.07	0.13	0.3219637420881536	0.2379580161890722	pgaa-cross-platform-dual-gate-v1	pgaa-cross-platform-matched-controls-v1
norman2019_k562_crispra	K562 CRISPRa Perturb-seq	technical_batch_holdout_4_vs_4	CBL	CBL	4	pgaa_h	70	4999	0.06	0.04	0.0199999999999999	0.0481010101586451	0.0395614598956642	pgaa-cross-platform-dual-gate-v1	pgaa-cross-platform-matched-controls-v1
norman2019_k562_crispra	K562 CRISPRa Perturb-seq	technical_batch_holdout_4_vs_4	CBL	CBL	4	absolute_mean_shift	70	4999	0.18	0.06	0.12	0.1501902439659737	0.0261988200792858	pgaa-cross-platform-dual-gate-v1	pgaa-cross-platform-matched-controls-v1
norman2019_k562_crispra	K562 CRISPRa Perturb-seq	technical_batch_holdout_4_vs_4	CBL	CBL	4	welch_abs_t	70	4999	0.13	0.02	0.11	0.0820802750725914	-0.0231566063998671	pgaa-cross-platform-dual-gate-v1	pgaa-cross-platform-matched-controls-v1
norman2019_k562_crispra	K562 CRISPRa Perturb-seq	technical_batch_holdout_4_vs_4	CDKN1A	CDKN1A	0	pgaa_w	70	4999	0.45	0.05	0.4	0.3889439324212728	0.2579719434883376	pgaa-cross-platform-dual-gate-v1	pgaa-cross-platform-matched-controls-v1
norman2019_k562_crispra	K562 CRISPRa Perturb-seq	technical_batch_holdout_4_vs_4	CDKN1A	CDKN1A	0	pgaa_h	70	4999	0.03	0.03	0.0	0.0488490266017055	0.020500069926424	pgaa-cross-platform-dual-gate-v1	pgaa-cross-platform-matched-controls-v1
norman2019_k562_crispra	K562 CRISPRa Perturb-seq	technical_batch_holdout_4_vs_4	CDKN1A	CDKN1A	0	absolute_mean_shift	70	4999	0.44	0.03	0.41	0.235056505591041	0.0646244763494025	pgaa-cross-platform-dual-gate-v1	pgaa-cross-platform-matched-controls-v1
norman2019_k562_crispra	K562 CRISPRa Perturb-seq	technical_batch_holdout_4_vs_4	CDKN1A	CDKN1A	0	welch_abs_t	70	4999	0.29	0.0	0.29	0.1489939482841822	0.0220791378934648	pgaa-cross-platform-dual-gate-v1	pgaa-cross-platform-matched-controls-v1
norman2019_k562_crispra	K562 CRISPRa Perturb-seq	technical_batch_holdout_4_vs_4	CDKN1A	CDKN1A	1	pgaa_w	70	4999	0.39	0.05	0.34	0.3676288597063381	0.2479764160275032	pgaa-cross-platform-dual-gate-v1	pgaa-cross-platform-matched-controls-v1
norman2019_k562_crispra	K562 CRISPRa Perturb-seq	technical_batch_holdout_4_vs_4	CDKN1A	CDKN1A	1	pgaa_h	70	4999	0.04	0.04	0.0	0.0338641958264345	0.0547441854115818	pgaa-cross-platform-dual-gate-v1	pgaa-cross-platform-matched-controls-v1
norman2019_k562_crispra	K562 CRISPRa Perturb-seq	technical_batch_holdout_4_vs_4	CDKN1A	CDKN1A	1	absolute_mean_shift	70	4999	0.4	0.06	0.34	0.2231321735977157	0.057100127159026	pgaa-cross-platform-dual-gate-v1	pgaa-cross-platform-matched-controls-v1
norman2019_k562_crispra	K562 CRISPRa Perturb-seq	technical_batch_holdout_4_vs_4	CDKN1A	CDKN1A	1	welch_abs_t	70	4999	0.27	0.03	0.24	0.1314413603552134	0.0063633634289883	pgaa-cross-platform-dual-gate-v1	pgaa-cross-platform-matched-controls-v1
norman2019_k562_crispra	K562 CRISPRa Perturb-seq	technical_batch_holdout_4_vs_4	CDKN1A	CDKN1A	2	pgaa_w	70	4999	0.48	0.05	0.43	0.468829781322411	0.2468103249461417	pgaa-cross-platform-dual-gate-v1	pgaa-cross-platform-matched-controls-v1
norman2019_k562_crispra	K562 CRISPRa Perturb-seq	technical_batch_holdout_4_vs_4	CDKN1A	CDKN1A	2	pgaa_h	70	4999	0.07	0.06	0.01	0.0258152429197285	0.0545646640539486	pgaa-cross-platform-dual-gate-v1	pgaa-cross-platform-matched-controls-v1
norman2019_k562_crispra	K562 CRISPRa Perturb-seq	technical_batch_holdout_4_vs_4	CDKN1A	CDKN1A	2	absolute_mean_shift	70	4999	0.51	0.04	0.47	0.3621976162032982	0.029292894402616	pgaa-cross-platform-dual-gate-v1	pgaa-cross-platform-matched-controls-v1
norman2019_k562_crispra	K562 CRISPRa Perturb-seq	technical_batch_holdout_4_vs_4	CDKN1A	CDKN1A	2	welch_abs_t	70	4999	0.42	0.01	0.41	0.277926348109428	-0.0274638205919086	pgaa-cross-platform-dual-gate-v1	pgaa-cross-platform-matched-controls-v1
norman2019_k562_crispra	K562 CRISPRa Perturb-seq	technical_batch_holdout_4_vs_4	CDKN1A	CDKN1A	3	pgaa_w	70	4999	0.42	0.09	0.3299999999999999	0.4064314742998162	0.2416911843353064	pgaa-cross-platform-dual-gate-v1	pgaa-cross-platform-matched-controls-v1
norman2019_k562_crispra	K562 CRISPRa Perturb-seq	technical_batch_holdout_4_vs_4	CDKN1A	CDKN1A	3	pgaa_h	70	4999	0.06	0.02	0.0399999999999999	0.0099421828252064	0.0247531131511399	pgaa-cross-platform-dual-gate-v1	pgaa-cross-platform-matched-controls-v1
norman2019_k562_crispra	K562 CRISPRa Perturb-seq	technical_batch_holdout_4_vs_4	CDKN1A	CDKN1A	3	absolute_mean_shift	70	4999	0.4	0.07	0.33	0.2550508072087455	0.0497291632179847	pgaa-cross-platform-dual-gate-v1	pgaa-cross-platform-matched-controls-v1
norman2019_k562_crispra	K562 CRISPRa Perturb-seq	technical_batch_holdout_4_vs_4	CDKN1A	CDKN1A	3	welch_abs_t	70	4999	0.27	0.02	0.25	0.1678086708378364	-0.0047128238616303	pgaa-cross-platform-dual-gate-v1	pgaa-cross-platform-matched-controls-v1
norman2019_k562_crispra	K562 CRISPRa Perturb-seq	technical_batch_holdout_4_vs_4	CDKN1A	CDKN1A	4	pgaa_w	70	4999	0.37	0.03	0.3399999999999999	0.3696675145441973	0.2749324217370469	pgaa-cross-platform-dual-gate-v1	pgaa-cross-platform-matched-controls-v1
norman2019_k562_crispra	K562 CRISPRa Perturb-seq	technical_batch_holdout_4_vs_4	CDKN1A	CDKN1A	4	pgaa_h	70	4999	0.05	0.05	0.0	0.025791695847798	0.0398599095157013	pgaa-cross-platform-dual-gate-v1	pgaa-cross-platform-matched-controls-v1
norman2019_k562_crispra	K562 CRISPRa Perturb-seq	technical_batch_holdout_4_vs_4	CDKN1A	CDKN1A	4	absolute_mean_shift	70	4999	0.38	0.03	0.35	0.2094380209306493	0.0545233079840857	pgaa-cross-platform-dual-gate-v1	pgaa-cross-platform-matched-controls-v1
norman2019_k562_crispra	K562 CRISPRa Perturb-seq	technical_batch_holdout_4_vs_4	CDKN1A	CDKN1A	4	welch_abs_t	70	4999	0.24	0.02	0.22	0.1173519582215927	0.001772832213544	pgaa-cross-platform-dual-gate-v1	pgaa-cross-platform-matched-controls-v1
norman2019_k562_crispra	K562 CRISPRa Perturb-seq	technical_batch_holdout_4_vs_4	CDKN1B	CDKN1B	0	pgaa_w	70	4999	0.34	0.04	0.3	0.3876021355531611	0.2592742212308008	pgaa-cross-platform-dual-gate-v1	pgaa-cross-platform-matched-controls-v1
norman2019_k562_crispra	K562 CRISPRa Perturb-seq	technical_batch_holdout_4_vs_4	CDKN1B	CDKN1B	0	pgaa_h	70	4999	0.05	0.06	-0.0099999999999999	0.0211498692632213	0.0292518655476944	pgaa-cross-platform-dual-gate-v1	pgaa-cross-platform-matched-controls-v1
norman2019_k562_crispra	K562 CRISPRa Perturb-seq	technical_batch_holdout_4_vs_4	CDKN1B	CDKN1B	0	absolute_mean_shift	70	4999	0.32	0.04	0.28	0.1950326138837635	0.0459404432671351	pgaa-cross-platform-dual-gate-v1	pgaa-cross-platform-matched-controls-v1
norman2019_k562_crispra	K562 CRISPRa Perturb-seq	technical_batch_holdout_4_vs_4	CDKN1B	CDKN1B	0	welch_abs_t	70	4999	0.11	0.01	0.1	0.0972095385727135	-0.0094954470365861	pgaa-cross-platform-dual-gate-v1	pgaa-cross-platform-matched-controls-v1
norman2019_k562_crispra	K562 CRISPRa Perturb-seq	technical_batch_holdout_4_vs_4	CDKN1B	CDKN1B	1	pgaa_w	70	4999	0.36	0.03	0.3299999999999999	0.3909398685874932	0.2685781387092038	pgaa-cross-platform-dual-gate-v1	pgaa-cross-platform-matched-controls-v1
norman2019_k562_crispra	K562 CRISPRa Perturb-seq	technical_batch_holdout_4_vs_4	CDKN1B	CDKN1B	1	pgaa_h	70	4999	0.03	0.03	0.0	0.0513935346910977	0.0358090801561218	pgaa-cross-platform-dual-gate-v1	pgaa-cross-platform-matched-controls-v1
norman2019_k562_crispra	K562 CRISPRa Perturb-seq	technical_batch_holdout_4_vs_4	CDKN1B	CDKN1B	1	absolute_mean_shift	70	4999	0.33	0.02	0.31	0.2355445273731271	0.0664454456925374	pgaa-cross-platform-dual-gate-v1	pgaa-cross-platform-matched-controls-v1
norman2019_k562_crispra	K562 CRISPRa Perturb-seq	technical_batch_holdout_4_vs_4	CDKN1B	CDKN1B	1	welch_abs_t	70	4999	0.22	0.01	0.21	0.1345472560667761	0.0211765573313236	pgaa-cross-platform-dual-gate-v1	pgaa-cross-platform-matched-controls-v1
norman2019_k562_crispra	K562 CRISPRa Perturb-seq	technical_batch_holdout_4_vs_4	CDKN1B	CDKN1B	2	pgaa_w	70	4999	0.4	0.09	0.31	0.415683549194833	0.2472718978849792	pgaa-cross-platform-dual-gate-v1	pgaa-cross-platform-matched-controls-v1
norman2019_k562_crispra	K562 CRISPRa Perturb-seq	technical_batch_holdout_4_vs_4	CDKN1B	CDKN1B	2	pgaa_h	70	4999	0.06	0.11	-0.05	0.0082238144206372	0.0396451558578947	pgaa-cross-platform-dual-gate-v1	pgaa-cross-platform-matched-controls-v1
norman2019_k562_crispra	K562 CRISPRa Perturb-seq	technical_batch_holdout_4_vs_4	CDKN1B	CDKN1B	2	absolute_mean_shift	70	4999	0.36	0.07	0.29	0.2607623557970064	0.0536286271990388	pgaa-cross-platform-dual-gate-v1	pgaa-cross-platform-matched-controls-v1
norman2019_k562_crispra	K562 CRISPRa Perturb-seq	technical_batch_holdout_4_vs_4	CDKN1B	CDKN1B	2	welch_abs_t	70	4999	0.25	0.03	0.22	0.1621683214992178	0.0062358437593881	pgaa-cross-platform-dual-gate-v1	pgaa-cross-platform-matched-controls-v1
norman2019_k562_crispra	K562 CRISPRa Perturb-seq	technical_batch_holdout_4_vs_4	CDKN1B	CDKN1B	3	pgaa_w	70	4999	0.37	0.03	0.3399999999999999	0.3768053528565022	0.2655171366213466	pgaa-cross-platform-dual-gate-v1	pgaa-cross-platform-matched-controls-v1
norman2019_k562_crispra	K562 CRISPRa Perturb-seq	technical_batch_holdout_4_vs_4	CDKN1B	CDKN1B	3	pgaa_h	70	4999	0.04	0.05	-0.01	0.0084117677555864	0.025703815831118	pgaa-cross-platform-dual-gate-v1	pgaa-cross-platform-matched-controls-v1
norman2019_k562_crispra	K562 CRISPRa Perturb-seq	technical_batch_holdout_4_vs_4	CDKN1B	CDKN1B	3	absolute_mean_shift	70	4999	0.34	0.02	0.32	0.2215803952145584	0.0588771661330501	pgaa-cross-platform-dual-gate-v1	pgaa-cross-platform-matched-controls-v1
norman2019_k562_crispra	K562 CRISPRa Perturb-seq	technical_batch_holdout_4_vs_4	CDKN1B	CDKN1B	3	welch_abs_t	70	4999	0.2	0.01	0.19	0.1254954427320751	0.006861559491264	pgaa-cross-platform-dual-gate-v1	pgaa-cross-platform-matched-controls-v1
norman2019_k562_crispra	K562 CRISPRa Perturb-seq	technical_batch_holdout_4_vs_4	CDKN1B	CDKN1B	4	pgaa_w	70	4999	0.33	0.05	0.28	0.3846584865204651	0.2589458225502937	pgaa-cross-platform-dual-gate-v1	pgaa-cross-platform-matched-controls-v1
norman2019_k562_crispra	K562 CRISPRa Perturb-seq	technical_batch_holdout_4_vs_4	CDKN1B	CDKN1B	4	pgaa_h	70	4999	0.1	0.02	0.08	0.0269202457798106	0.0292978559825873	pgaa-cross-platform-dual-gate-v1	pgaa-cross-platform-matched-controls-v1
norman2019_k562_crispra	K562 CRISPRa Perturb-seq	technical_batch_holdout_4_vs_4	CDKN1B	CDKN1B	4	absolute_mean_shift	70	4999	0.32	0.02	0.3	0.2355902847429312	0.0507259705050951	pgaa-cross-platform-dual-gate-v1	pgaa-cross-platform-matched-controls-v1
norman2019_k562_crispra	K562 CRISPRa Perturb-seq	technical_batch_holdout_4_vs_4	CDKN1B	CDKN1B	4	welch_abs_t	70	4999	0.21	0.01	0.1999999999999999	0.1411918551845395	-0.0089513423937585	pgaa-cross-platform-dual-gate-v1	pgaa-cross-platform-matched-controls-v1
norman2019_k562_crispra	K562 CRISPRa Perturb-seq	technical_batch_holdout_4_vs_4	CDKN1C	CDKN1C	0	pgaa_w	70	4999	0.41	0.06	0.35	0.3934719829912527	0.2511262776205782	pgaa-cross-platform-dual-gate-v1	pgaa-cross-platform-matched-controls-v1
norman2019_k562_crispra	K562 CRISPRa Perturb-seq	technical_batch_holdout_4_vs_4	CDKN1C	CDKN1C	0	pgaa_h	70	4999	0.06	0.09	-0.03	0.0322072792403797	0.0488672284448983	pgaa-cross-platform-dual-gate-v1	pgaa-cross-platform-matched-controls-v1
norman2019_k562_crispra	K562 CRISPRa Perturb-seq	technical_batch_holdout_4_vs_4	CDKN1C	CDKN1C	0	absolute_mean_shift	70	4999	0.42	0.05	0.37	0.2442347209161116	0.062438351837521	pgaa-cross-platform-dual-gate-v1	pgaa-cross-platform-matched-controls-v1
norman2019_k562_crispra	K562 CRISPRa Perturb-seq	technical_batch_holdout_4_vs_4	CDKN1C	CDKN1C	0	welch_abs_t	70	4999	0.24	0.02	0.22	0.1608517889643982	0.0159779622210129	pgaa-cross-platform-dual-gate-v1	pgaa-cross-platform-matched-controls-v1
norman2019_k562_crispra	K562 CRISPRa Perturb-seq	technical_batch_holdout_4_vs_4	CDKN1C	CDKN1C	1	pgaa_w	70	4999	0.47	0.07	0.3999999999999999	0.3912655596759512	0.2717853458391987	pgaa-cross-platform-dual-gate-v1	pgaa-cross-platform-matched-controls-v1
norman2019_k562_crispra	K562 CRISPRa Perturb-seq	technical_batch_holdout_4_vs_4	CDKN1C	CDKN1C	1	pgaa_h	70	4999	0.04	0.07	-0.03	0.0445221214588306	0.0369100503958862	pgaa-cross-platform-dual-gate-v1	pgaa-cross-platform-matched-controls-v1
norman2019_k562_crispra	K562 CRISPRa Perturb-seq	technical_batch_holdout_4_vs_4	CDKN1C	CDKN1C	1	absolute_mean_shift	70	4999	0.49	0.06	0.43	0.2628143352812521	0.0414703774898401	pgaa-cross-platform-dual-gate-v1	pgaa-cross-platform-matched-controls-v1
norman2019_k562_crispra	K562 CRISPRa Perturb-seq	technical_batch_holdout_4_vs_4	CDKN1C	CDKN1C	1	welch_abs_t	70	4999	0.29	0.02	0.2699999999999999	0.1825119032493776	-0.0120757698721515	pgaa-cross-platform-dual-gate-v1	pgaa-cross-platform-matched-controls-v1
norman2019_k562_crispra	K562 CRISPRa Perturb-seq	technical_batch_holdout_4_vs_4	CDKN1C	CDKN1C	2	pgaa_w	70	4999	0.46	0.05	0.41	0.4139810567254863	0.2360672316512778	pgaa-cross-platform-dual-gate-v1	pgaa-cross-platform-matched-controls-v1
norman2019_k562_crispra	K562 CRISPRa Perturb-seq	technical_batch_holdout_4_vs_4	CDKN1C	CDKN1C	2	pgaa_h	70	4999	0.05	0.07	-0.02	0.0135266521890226	0.0429674657576761	pgaa-cross-platform-dual-gate-v1	pgaa-cross-platform-matched-controls-v1
norman2019_k562_crispra	K562 CRISPRa Perturb-seq	technical_batch_holdout_4_vs_4	CDKN1C	CDKN1C	2	absolute_mean_shift	70	4999	0.45	0.02	0.43	0.2676655409674571	0.0411531286358942	pgaa-cross-platform-dual-gate-v1	pgaa-cross-platform-matched-controls-v1
norman2019_k562_crispra	K562 CRISPRa Perturb-seq	technical_batch_holdout_4_vs_4	CDKN1C	CDKN1C	2	welch_abs_t	70	4999	0.33	0.0	0.33	0.1830197770210229	-0.0037334505077181	pgaa-cross-platform-dual-gate-v1	pgaa-cross-platform-matched-controls-v1
norman2019_k562_crispra	K562 CRISPRa Perturb-seq	technical_batch_holdout_4_vs_4	CDKN1C	CDKN1C	3	pgaa_w	70	4999	0.56	0.05	0.51	0.4044515053888197	0.2518312349386401	pgaa-cross-platform-dual-gate-v1	pgaa-cross-platform-matched-controls-v1
norman2019_k562_crispra	K562 CRISPRa Perturb-seq	technical_batch_holdout_4_vs_4	CDKN1C	CDKN1C	3	pgaa_h	70	4999	0.04	0.04	0.0	0.0201153120401573	0.0624600404816137	pgaa-cross-platform-dual-gate-v1	pgaa-cross-platform-matched-controls-v1
norman2019_k562_crispra	K562 CRISPRa Perturb-seq	technical_batch_holdout_4_vs_4	CDKN1C	CDKN1C	3	absolute_mean_shift	70	4999	0.55	0.05	0.5	0.248993927969219	0.0360563728163721	pgaa-cross-platform-dual-gate-v1	pgaa-cross-platform-matched-controls-v1
norman2019_k562_crispra	K562 CRISPRa Perturb-seq	technical_batch_holdout_4_vs_4	CDKN1C	CDKN1C	3	welch_abs_t	70	4999	0.39	0.02	0.37	0.1682150789182189	-0.0100525215256787	pgaa-cross-platform-dual-gate-v1	pgaa-cross-platform-matched-controls-v1
norman2019_k562_crispra	K562 CRISPRa Perturb-seq	technical_batch_holdout_4_vs_4	CDKN1C	CDKN1C	4	pgaa_w	70	4999	0.47	0.07	0.3999999999999999	0.3993446645727547	0.2627203033947178	pgaa-cross-platform-dual-gate-v1	pgaa-cross-platform-matched-controls-v1
norman2019_k562_crispra	K562 CRISPRa Perturb-seq	technical_batch_holdout_4_vs_4	CDKN1C	CDKN1C	4	pgaa_h	70	4999	0.07	0.02	0.05	0.0249352675669534	0.040451092144224	pgaa-cross-platform-dual-gate-v1	pgaa-cross-platform-matched-controls-v1
norman2019_k562_crispra	K562 CRISPRa Perturb-seq	technical_batch_holdout_4_vs_4	CDKN1C	CDKN1C	4	absolute_mean_shift	70	4999	0.44	0.04	0.4	0.2244214827388553	0.0493092838098271	pgaa-cross-platform-dual-gate-v1	pgaa-cross-platform-matched-controls-v1
norman2019_k562_crispra	K562 CRISPRa Perturb-seq	technical_batch_holdout_4_vs_4	CDKN1C	CDKN1C	4	welch_abs_t	70	4999	0.27	0.02	0.25	0.1492814442912247	0.0043006522554042	pgaa-cross-platform-dual-gate-v1	pgaa-cross-platform-matched-controls-v1
norman2019_k562_crispra	K562 CRISPRa Perturb-seq	technical_batch_holdout_4_vs_4	CEBPA	CEBPA	0	pgaa_w	70	4999	0.69	0.05	0.6399999999999999	0.6755508889052722	0.2647838427773137	pgaa-cross-platform-dual-gate-v1	pgaa-cross-platform-matched-controls-v1
norman2019_k562_crispra	K562 CRISPRa Perturb-seq	technical_batch_holdout_4_vs_4	CEBPA	CEBPA	0	pgaa_h	70	4999	0.04	0.07	-0.03	0.0716691225132098	0.0314750322202983	pgaa-cross-platform-dual-gate-v1	pgaa-cross-platform-matched-controls-v1
norman2019_k562_crispra	K562 CRISPRa Perturb-seq	technical_batch_holdout_4_vs_4	CEBPA	CEBPA	0	absolute_mean_shift	70	4999	0.69	0.04	0.6499999999999999	0.5280670997131544	0.0471253701491079	pgaa-cross-platform-dual-gate-v1	pgaa-cross-platform-matched-controls-v1
norman2019_k562_crispra	K562 CRISPRa Perturb-seq	technical_batch_holdout_4_vs_4	CEBPA	CEBPA	0	welch_abs_t	70	4999	0.48	0.0	0.48	0.4488758202060581	-0.0095695352760621	pgaa-cross-platform-dual-gate-v1	pgaa-cross-platform-matched-controls-v1
norman2019_k562_crispra	K562 CRISPRa Perturb-seq	technical_batch_holdout_4_vs_4	CEBPA	CEBPA	1	pgaa_w	70	4999	0.75	0.07	0.6799999999999999	0.7156801959775234	0.2614623645017119	pgaa-cross-platform-dual-gate-v1	pgaa-cross-platform-matched-controls-v1
norman2019_k562_crispra	K562 CRISPRa Perturb-seq	technical_batch_holdout_4_vs_4	CEBPA	CEBPA	1	pgaa_h	70	4999	0.07	0.03	0.04	0.1024867254172463	0.037491700297766	pgaa-cross-platform-dual-gate-v1	pgaa-cross-platform-matched-controls-v1
norman2019_k562_crispra	K562 CRISPRa Perturb-seq	technical_batch_holdout_4_vs_4	CEBPA	CEBPA	1	absolute_mean_shift	70	4999	0.76	0.06	0.7	0.5733688832194644	0.0541360128526261	pgaa-cross-platform-dual-gate-v1	pgaa-cross-platform-matched-controls-v1
norman2019_k562_crispra	K562 CRISPRa Perturb-seq	technical_batch_holdout_4_vs_4	CEBPA	CEBPA	1	welch_abs_t	70	4999	0.63	0.04	0.59	0.5071624271197933	-0.0016073145481823	pgaa-cross-platform-dual-gate-v1	pgaa-cross-platform-matched-controls-v1
norman2019_k562_crispra	K562 CRISPRa Perturb-seq	technical_batch_holdout_4_vs_4	CEBPA	CEBPA	2	pgaa_w	70	4999	0.65	0.06	0.5900000000000001	0.7128518824224113	0.2836519604589261	pgaa-cross-platform-dual-gate-v1	pgaa-cross-platform-matched-controls-v1
norman2019_k562_crispra	K562 CRISPRa Perturb-seq	technical_batch_holdout_4_vs_4	CEBPA	CEBPA	2	pgaa_h	70	4999	0.06	0.03	0.03	0.1172858379522406	0.0287797027675251	pgaa-cross-platform-dual-gate-v1	pgaa-cross-platform-matched-controls-v1
norman2019_k562_crispra	K562 CRISPRa Perturb-seq	technical_batch_holdout_4_vs_4	CEBPA	CEBPA	2	absolute_mean_shift	70	4999	0.64	0.05	0.59	0.5449767620401625	0.0576597893491293	pgaa-cross-platform-dual-gate-v1	pgaa-cross-platform-matched-controls-v1
norman2019_k562_crispra	K562 CRISPRa Perturb-seq	technical_batch_holdout_4_vs_4	CEBPA	CEBPA	2	welch_abs_t	70	4999	0.46	0.01	0.45	0.4712467252747367	-0.0119254781571422	pgaa-cross-platform-dual-gate-v1	pgaa-cross-platform-matched-controls-v1
norman2019_k562_crispra	K562 CRISPRa Perturb-seq	technical_batch_holdout_4_vs_4	CEBPA	CEBPA	3	pgaa_w	70	4999	0.77	0.05	0.72	0.7156828512092739	0.2429803438050131	pgaa-cross-platform-dual-gate-v1	pgaa-cross-platform-matched-controls-v1
norman2019_k562_crispra	K562 CRISPRa Perturb-seq	technical_batch_holdout_4_vs_4	CEBPA	CEBPA	3	pgaa_h	70	4999	0.05	0.05	0.0	0.1007680606018809	0.0424055390752175	pgaa-cross-platform-dual-gate-v1	pgaa-cross-platform-matched-controls-v1
norman2019_k562_crispra	K562 CRISPRa Perturb-seq	technical_batch_holdout_4_vs_4	CEBPA	CEBPA	3	absolute_mean_shift	70	4999	0.74	0.01	0.73	0.5485195288323951	0.0305142819760988	pgaa-cross-platform-dual-gate-v1	pgaa-cross-platform-matched-controls-v1
norman2019_k562_crispra	K562 CRISPRa Perturb-seq	technical_batch_holdout_4_vs_4	CEBPA	CEBPA	3	welch_abs_t	70	4999	0.55	0.0	0.55	0.4809359708427128	-0.015593398729637	pgaa-cross-platform-dual-gate-v1	pgaa-cross-platform-matched-controls-v1
norman2019_k562_crispra	K562 CRISPRa Perturb-seq	technical_batch_holdout_4_vs_4	CEBPA	CEBPA	4	pgaa_w	70	4999	0.74	0.03	0.71	0.7298982869498246	0.2552975141369352	pgaa-cross-platform-dual-gate-v1	pgaa-cross-platform-matched-controls-v1
norman2019_k562_crispra	K562 CRISPRa Perturb-seq	technical_batch_holdout_4_vs_4	CEBPA	CEBPA	4	pgaa_h	70	4999	0.02	0.05	-0.03	0.1079040297053897	0.0546142237211748	pgaa-cross-platform-dual-gate-v1	pgaa-cross-platform-matched-controls-v1
norman2019_k562_crispra	K562 CRISPRa Perturb-seq	technical_batch_holdout_4_vs_4	CEBPA	CEBPA	4	absolute_mean_shift	70	4999	0.75	0.02	0.73	0.5561602198738025	0.0614451191647374	pgaa-cross-platform-dual-gate-v1	pgaa-cross-platform-matched-controls-v1
norman2019_k562_crispra	K562 CRISPRa Perturb-seq	technical_batch_holdout_4_vs_4	CEBPA	CEBPA	4	welch_abs_t	70	4999	0.6	0.0	0.6	0.4797298967231556	0.0127414587608571	pgaa-cross-platform-dual-gate-v1	pgaa-cross-platform-matched-controls-v1
datlinger2017_jurkat_crispr	Jurkat CRISPR with TCR stimulation	experimental_replicate_holdout_3_vs_3	EGR1|stimulated	EGR1	0	pgaa_w	58	4999	0.1	0.07	0.03	0.2792717250773084	0.3022451781592813	pgaa-cross-platform-dual-gate-v1	pgaa-cross-platform-matched-controls-v1
datlinger2017_jurkat_crispr	Jurkat CRISPR with TCR stimulation	experimental_replicate_holdout_3_vs_3	EGR1|stimulated	EGR1	0	pgaa_h	58	4999	0.02	0.02	0.0	0.0186131785816088	0.0223850838072229	pgaa-cross-platform-dual-gate-v1	pgaa-cross-platform-matched-controls-v1
datlinger2017_jurkat_crispr	Jurkat CRISPR with TCR stimulation	experimental_replicate_holdout_3_vs_3	EGR1|stimulated	EGR1	0	absolute_mean_shift	58	4999	0.07	0.04	0.03	0.0830287463054689	0.0938563491900163	pgaa-cross-platform-dual-gate-v1	pgaa-cross-platform-matched-controls-v1
datlinger2017_jurkat_crispr	Jurkat CRISPR with TCR stimulation	experimental_replicate_holdout_3_vs_3	EGR1|stimulated	EGR1	0	welch_abs_t	58	4999	0.01	0.02	-0.01	-0.0002707826559374	0.0276263862623095	pgaa-cross-platform-dual-gate-v1	pgaa-cross-platform-matched-controls-v1
datlinger2017_jurkat_crispr	Jurkat CRISPR with TCR stimulation	experimental_replicate_holdout_3_vs_3	EGR1|stimulated	EGR1	1	pgaa_w	58	4999	0.07	0.07	0.0	0.2952834207657859	0.3450818581483404	pgaa-cross-platform-dual-gate-v1	pgaa-cross-platform-matched-controls-v1
datlinger2017_jurkat_crispr	Jurkat CRISPR with TCR stimulation	experimental_replicate_holdout_3_vs_3	EGR1|stimulated	EGR1	1	pgaa_h	58	4999	0.01	0.03	-0.0199999999999999	0.0374585742948815	0.0164766273240442	pgaa-cross-platform-dual-gate-v1	pgaa-cross-platform-matched-controls-v1
datlinger2017_jurkat_crispr	Jurkat CRISPR with TCR stimulation	experimental_replicate_holdout_3_vs_3	EGR1|stimulated	EGR1	1	absolute_mean_shift	58	4999	0.05	0.07	-0.02	0.0916022672089378	0.0775896383728877	pgaa-cross-platform-dual-gate-v1	pgaa-cross-platform-matched-controls-v1
datlinger2017_jurkat_crispr	Jurkat CRISPR with TCR stimulation	experimental_replicate_holdout_3_vs_3	EGR1|stimulated	EGR1	1	welch_abs_t	58	4999	0.02	0.06	-0.0399999999999999	0.007915803617286	-0.0167570121947558	pgaa-cross-platform-dual-gate-v1	pgaa-cross-platform-matched-controls-v1
datlinger2017_jurkat_crispr	Jurkat CRISPR with TCR stimulation	experimental_replicate_holdout_3_vs_3	EGR1|stimulated	EGR1	2	pgaa_w	58	4999	0.08	0.04	0.04	0.2487822873578317	0.2664494372103713	pgaa-cross-platform-dual-gate-v1	pgaa-cross-platform-matched-controls-v1
datlinger2017_jurkat_crispr	Jurkat CRISPR with TCR stimulation	experimental_replicate_holdout_3_vs_3	EGR1|stimulated	EGR1	2	pgaa_h	58	4999	0.01	0.03	-0.0199999999999999	-0.0114591469363897	0.0090502584367019	pgaa-cross-platform-dual-gate-v1	pgaa-cross-platform-matched-controls-v1
datlinger2017_jurkat_crispr	Jurkat CRISPR with TCR stimulation	experimental_replicate_holdout_3_vs_3	EGR1|stimulated	EGR1	2	absolute_mean_shift	58	4999	0.08	0.05	0.03	0.0625641387611286	0.061335333052365	pgaa-cross-platform-dual-gate-v1	pgaa-cross-platform-matched-controls-v1
datlinger2017_jurkat_crispr	Jurkat CRISPR with TCR stimulation	experimental_replicate_holdout_3_vs_3	EGR1|stimulated	EGR1	2	welch_abs_t	58	4999	0.03	0.0	0.03	-0.0222561406398926	-0.0097471794959231	pgaa-cross-platform-dual-gate-v1	pgaa-cross-platform-matched-controls-v1
datlinger2017_jurkat_crispr	Jurkat CRISPR with TCR stimulation	experimental_replicate_holdout_3_vs_3	EGR1|stimulated	EGR1	3	pgaa_w	58	4999	0.06	0.09	-0.03	0.3031646719259819	0.2888898999487773	pgaa-cross-platform-dual-gate-v1	pgaa-cross-platform-matched-controls-v1
datlinger2017_jurkat_crispr	Jurkat CRISPR with TCR stimulation	experimental_replicate_holdout_3_vs_3	EGR1|stimulated	EGR1	3	pgaa_h	58	4999	0.05	0.03	0.02	0.0437264173421453	0.0199624061478817	pgaa-cross-platform-dual-gate-v1	pgaa-cross-platform-matched-controls-v1
datlinger2017_jurkat_crispr	Jurkat CRISPR with TCR stimulation	experimental_replicate_holdout_3_vs_3	EGR1|stimulated	EGR1	3	absolute_mean_shift	58	4999	0.06	0.07	-0.01	0.0729557390077001	0.0944882770551709	pgaa-cross-platform-dual-gate-v1	pgaa-cross-platform-matched-controls-v1
datlinger2017_jurkat_crispr	Jurkat CRISPR with TCR stimulation	experimental_replicate_holdout_3_vs_3	EGR1|stimulated	EGR1	3	welch_abs_t	58	4999	0.02	0.02	0.0	-0.012688772376324	0.0111464817338568	pgaa-cross-platform-dual-gate-v1	pgaa-cross-platform-matched-controls-v1
datlinger2017_jurkat_crispr	Jurkat CRISPR with TCR stimulation	experimental_replicate_holdout_3_vs_3	EGR1|stimulated	EGR1	4	pgaa_w	58	4999	0.06	0.08	-0.02	0.2958867911877694	0.307899846187725	pgaa-cross-platform-dual-gate-v1	pgaa-cross-platform-matched-controls-v1
datlinger2017_jurkat_crispr	Jurkat CRISPR with TCR stimulation	experimental_replicate_holdout_3_vs_3	EGR1|stimulated	EGR1	4	pgaa_h	58	4999	0.01	0.02	-0.01	0.002766105577403	0.0171450309307922	pgaa-cross-platform-dual-gate-v1	pgaa-cross-platform-matched-controls-v1
datlinger2017_jurkat_crispr	Jurkat CRISPR with TCR stimulation	experimental_replicate_holdout_3_vs_3	EGR1|stimulated	EGR1	4	absolute_mean_shift	58	4999	0.07	0.04	0.03	0.0837044719448358	0.0796053862412243	pgaa-cross-platform-dual-gate-v1	pgaa-cross-platform-matched-controls-v1
datlinger2017_jurkat_crispr	Jurkat CRISPR with TCR stimulation	experimental_replicate_holdout_3_vs_3	EGR1|stimulated	EGR1	4	welch_abs_t	58	4999	0.02	0.0	0.02	-0.0048266060414964	0.0015869727606985	pgaa-cross-platform-dual-gate-v1	pgaa-cross-platform-matched-controls-v1
datlinger2017_jurkat_crispr	Jurkat CRISPR with TCR stimulation	experimental_replicate_holdout_3_vs_3	NFATC1|stimulated	NFATC1	0	pgaa_w	58	4999	0.08	0.05	0.03	0.2768721610828769	0.2485341507196998	pgaa-cross-platform-dual-gate-v1	pgaa-cross-platform-matched-controls-v1
datlinger2017_jurkat_crispr	Jurkat CRISPR with TCR stimulation	experimental_replicate_holdout_3_vs_3	NFATC1|stimulated	NFATC1	0	pgaa_h	58	4999	0.02	0.0	0.02	0.0168228431990771	0.0223706913208469	pgaa-cross-platform-dual-gate-v1	pgaa-cross-platform-matched-controls-v1
datlinger2017_jurkat_crispr	Jurkat CRISPR with TCR stimulation	experimental_replicate_holdout_3_vs_3	NFATC1|stimulated	NFATC1	0	absolute_mean_shift	58	4999	0.07	0.05	0.02	0.0689216889799234	0.0699319269443259	pgaa-cross-platform-dual-gate-v1	pgaa-cross-platform-matched-controls-v1
datlinger2017_jurkat_crispr	Jurkat CRISPR with TCR stimulation	experimental_replicate_holdout_3_vs_3	NFATC1|stimulated	NFATC1	0	welch_abs_t	58	4999	0.05	0.01	0.04	-0.0054657459222937	0.0197668854788853	pgaa-cross-platform-dual-gate-v1	pgaa-cross-platform-matched-controls-v1
datlinger2017_jurkat_crispr	Jurkat CRISPR with TCR stimulation	experimental_replicate_holdout_3_vs_3	NFATC1|stimulated	NFATC1	1	pgaa_w	58	4999	0.11	0.06	0.05	0.2956291816346463	0.339440662009953	pgaa-cross-platform-dual-gate-v1	pgaa-cross-platform-matched-controls-v1
datlinger2017_jurkat_crispr	Jurkat CRISPR with TCR stimulation	experimental_replicate_holdout_3_vs_3	NFATC1|stimulated	NFATC1	1	pgaa_h	58	4999	0.01	0.05	-0.04	0.0050666647717246	0.0328772888726906	pgaa-cross-platform-dual-gate-v1	pgaa-cross-platform-matched-controls-v1
datlinger2017_jurkat_crispr	Jurkat CRISPR with TCR stimulation	experimental_replicate_holdout_3_vs_3	NFATC1|stimulated	NFATC1	1	absolute_mean_shift	58	4999	0.1	0.06	0.04	0.0910737384517292	0.0989280732040508	pgaa-cross-platform-dual-gate-v1	pgaa-cross-platform-matched-controls-v1
datlinger2017_jurkat_crispr	Jurkat CRISPR with TCR stimulation	experimental_replicate_holdout_3_vs_3	NFATC1|stimulated	NFATC1	1	welch_abs_t	58	4999	0.01	0.03	-0.0199999999999999	0.0100695462021576	0.0191557697854096	pgaa-cross-platform-dual-gate-v1	pgaa-cross-platform-matched-controls-v1
datlinger2017_jurkat_crispr	Jurkat CRISPR with TCR stimulation	experimental_replicate_holdout_3_vs_3	NFATC1|stimulated	NFATC1	2	pgaa_w	58	4999	0.09	0.06	0.03	0.2776711633323064	0.2910012631097648	pgaa-cross-platform-dual-gate-v1	pgaa-cross-platform-matched-controls-v1
datlinger2017_jurkat_crispr	Jurkat CRISPR with TCR stimulation	experimental_replicate_holdout_3_vs_3	NFATC1|stimulated	NFATC1	2	pgaa_h	58	4999	0.03	0.01	0.0199999999999999	0.0304800843010499	0.0164125407932758	pgaa-cross-platform-dual-gate-v1	pgaa-cross-platform-matched-controls-v1
datlinger2017_jurkat_crispr	Jurkat CRISPR with TCR stimulation	experimental_replicate_holdout_3_vs_3	NFATC1|stimulated	NFATC1	2	absolute_mean_shift	58	4999	0.06	0.05	0.0099999999999999	0.0690900029291899	0.0522089464724207	pgaa-cross-platform-dual-gate-v1	pgaa-cross-platform-matched-controls-v1
datlinger2017_jurkat_crispr	Jurkat CRISPR with TCR stimulation	experimental_replicate_holdout_3_vs_3	NFATC1|stimulated	NFATC1	2	welch_abs_t	58	4999	0.03	0.04	-0.01	0.0036393587481875	-0.030907509907569	pgaa-cross-platform-dual-gate-v1	pgaa-cross-platform-matched-controls-v1
datlinger2017_jurkat_crispr	Jurkat CRISPR with TCR stimulation	experimental_replicate_holdout_3_vs_3	NFATC1|stimulated	NFATC1	3	pgaa_w	58	4999	0.05	0.04	0.01	0.2645197401545135	0.3071702322217144	pgaa-cross-platform-dual-gate-v1	pgaa-cross-platform-matched-controls-v1
datlinger2017_jurkat_crispr	Jurkat CRISPR with TCR stimulation	experimental_replicate_holdout_3_vs_3	NFATC1|stimulated	NFATC1	3	pgaa_h	58	4999	0.01	0.04	-0.03	0.0028186360353248	0.0138458218292755	pgaa-cross-platform-dual-gate-v1	pgaa-cross-platform-matched-controls-v1
datlinger2017_jurkat_crispr	Jurkat CRISPR with TCR stimulation	experimental_replicate_holdout_3_vs_3	NFATC1|stimulated	NFATC1	3	absolute_mean_shift	58	4999	0.04	0.05	-0.01	0.0560056000195961	0.1000080307129859	pgaa-cross-platform-dual-gate-v1	pgaa-cross-platform-matched-controls-v1
datlinger2017_jurkat_crispr	Jurkat CRISPR with TCR stimulation	experimental_replicate_holdout_3_vs_3	NFATC1|stimulated	NFATC1	3	welch_abs_t	58	4999	0.03	0.03	0.0	-0.0094523420410372	0.014391777899743	pgaa-cross-platform-dual-gate-v1	pgaa-cross-platform-matched-controls-v1
datlinger2017_jurkat_crispr	Jurkat CRISPR with TCR stimulation	experimental_replicate_holdout_3_vs_3	NFATC1|stimulated	NFATC1	4	pgaa_w	58	4999	0.08	0.09	-0.0099999999999999	0.3273298036317948	0.2749502351850922	pgaa-cross-platform-dual-gate-v1	pgaa-cross-platform-matched-controls-v1
datlinger2017_jurkat_crispr	Jurkat CRISPR with TCR stimulation	experimental_replicate_holdout_3_vs_3	NFATC1|stimulated	NFATC1	4	pgaa_h	58	4999	0.06	0.04	0.0199999999999999	0.0249355562914399	0.0064563163553225	pgaa-cross-platform-dual-gate-v1	pgaa-cross-platform-matched-controls-v1
datlinger2017_jurkat_crispr	Jurkat CRISPR with TCR stimulation	experimental_replicate_holdout_3_vs_3	NFATC1|stimulated	NFATC1	4	absolute_mean_shift	58	4999	0.07	0.06	0.01	0.096088475279314	0.068814452262459	pgaa-cross-platform-dual-gate-v1	pgaa-cross-platform-matched-controls-v1
datlinger2017_jurkat_crispr	Jurkat CRISPR with TCR stimulation	experimental_replicate_holdout_3_vs_3	NFATC1|stimulated	NFATC1	4	welch_abs_t	58	4999	0.03	0.01	0.0199999999999999	0.0141224249174954	0.0150403685539028	pgaa-cross-platform-dual-gate-v1	pgaa-cross-platform-matched-controls-v1
datlinger2017_jurkat_crispr	Jurkat CRISPR with TCR stimulation	experimental_replicate_holdout_3_vs_3	NFKB1|stimulated	NFKB1	0	pgaa_w	54	4999	0.07	0.06	0.01	0.3196786857971835	0.3112424517076285	pgaa-cross-platform-dual-gate-v1	pgaa-cross-platform-matched-controls-v1
datlinger2017_jurkat_crispr	Jurkat CRISPR with TCR stimulation	experimental_replicate_holdout_3_vs_3	NFKB1|stimulated	NFKB1	0	pgaa_h	54	4999	0.01	0.02	-0.01	0.030589228399494	0.0182481025712962	pgaa-cross-platform-dual-gate-v1	pgaa-cross-platform-matched-controls-v1
datlinger2017_jurkat_crispr	Jurkat CRISPR with TCR stimulation	experimental_replicate_holdout_3_vs_3	NFKB1|stimulated	NFKB1	0	absolute_mean_shift	54	4999	0.07	0.06	0.01	0.0992499941667925	0.0982412819249257	pgaa-cross-platform-dual-gate-v1	pgaa-cross-platform-matched-controls-v1
datlinger2017_jurkat_crispr	Jurkat CRISPR with TCR stimulation	experimental_replicate_holdout_3_vs_3	NFKB1|stimulated	NFKB1	0	welch_abs_t	54	4999	0.01	0.01	0.0	0.0193637730196394	0.0079250075227032	pgaa-cross-platform-dual-gate-v1	pgaa-cross-platform-matched-controls-v1
datlinger2017_jurkat_crispr	Jurkat CRISPR with TCR stimulation	experimental_replicate_holdout_3_vs_3	NFKB1|stimulated	NFKB1	1	pgaa_w	54	4999	0.13	0.03	0.1	0.3020905005971183	0.2714655099087045	pgaa-cross-platform-dual-gate-v1	pgaa-cross-platform-matched-controls-v1
datlinger2017_jurkat_crispr	Jurkat CRISPR with TCR stimulation	experimental_replicate_holdout_3_vs_3	NFKB1|stimulated	NFKB1	1	pgaa_h	54	4999	0.05	0.06	-0.0099999999999999	0.0329337310105131	0.0091279704750318	pgaa-cross-platform-dual-gate-v1	pgaa-cross-platform-matched-controls-v1
datlinger2017_jurkat_crispr	Jurkat CRISPR with TCR stimulation	experimental_replicate_holdout_3_vs_3	NFKB1|stimulated	NFKB1	1	absolute_mean_shift	54	4999	0.1	0.05	0.05	0.0865067362133414	0.0710132704606233	pgaa-cross-platform-dual-gate-v1	pgaa-cross-platform-matched-controls-v1
datlinger2017_jurkat_crispr	Jurkat CRISPR with TCR stimulation	experimental_replicate_holdout_3_vs_3	NFKB1|stimulated	NFKB1	1	welch_abs_t	54	4999	0.04	0.03	0.01	-0.0031428426862597	-0.001589940557139	pgaa-cross-platform-dual-gate-v1	pgaa-cross-platform-matched-controls-v1
datlinger2017_jurkat_crispr	Jurkat CRISPR with TCR stimulation	experimental_replicate_holdout_3_vs_3	NFKB1|stimulated	NFKB1	2	pgaa_w	54	4999	0.1	0.1	0.0	0.2861924079413722	0.2811758709965283	pgaa-cross-platform-dual-gate-v1	pgaa-cross-platform-matched-controls-v1
datlinger2017_jurkat_crispr	Jurkat CRISPR with TCR stimulation	experimental_replicate_holdout_3_vs_3	NFKB1|stimulated	NFKB1	2	pgaa_h	54	4999	0.02	0.03	-0.0099999999999999	0.0109925951164075	0.0012001483028957	pgaa-cross-platform-dual-gate-v1	pgaa-cross-platform-matched-controls-v1
datlinger2017_jurkat_crispr	Jurkat CRISPR with TCR stimulation	experimental_replicate_holdout_3_vs_3	NFKB1|stimulated	NFKB1	2	absolute_mean_shift	54	4999	0.11	0.06	0.05	0.0848497010847475	0.080203466923426	pgaa-cross-platform-dual-gate-v1	pgaa-cross-platform-matched-controls-v1
datlinger2017_jurkat_crispr	Jurkat CRISPR with TCR stimulation	experimental_replicate_holdout_3_vs_3	NFKB1|stimulated	NFKB1	2	welch_abs_t	54	4999	0.02	0.03	-0.0099999999999999	0.0040289143062706	0.0009440301505905	pgaa-cross-platform-dual-gate-v1	pgaa-cross-platform-matched-controls-v1
datlinger2017_jurkat_crispr	Jurkat CRISPR with TCR stimulation	experimental_replicate_holdout_3_vs_3	NFKB1|stimulated	NFKB1	3	pgaa_w	54	4999	0.09	0.09	0.0	0.2368469766942585	0.2780245025715828	pgaa-cross-platform-dual-gate-v1	pgaa-cross-platform-matched-controls-v1
datlinger2017_jurkat_crispr	Jurkat CRISPR with TCR stimulation	experimental_replicate_holdout_3_vs_3	NFKB1|stimulated	NFKB1	3	pgaa_h	54	4999	0.04	0.01	0.03	0.0218750967775986	0.0333791214397883	pgaa-cross-platform-dual-gate-v1	pgaa-cross-platform-matched-controls-v1
datlinger2017_jurkat_crispr	Jurkat CRISPR with TCR stimulation	experimental_replicate_holdout_3_vs_3	NFKB1|stimulated	NFKB1	3	absolute_mean_shift	54	4999	0.07	0.06	0.01	0.0401860470101446	0.0561006443345884	pgaa-cross-platform-dual-gate-v1	pgaa-cross-platform-matched-controls-v1
datlinger2017_jurkat_crispr	Jurkat CRISPR with TCR stimulation	experimental_replicate_holdout_3_vs_3	NFKB1|stimulated	NFKB1	3	welch_abs_t	54	4999	0.03	0.02	0.0099999999999999	-0.018361571377901	-0.0100892901749617	pgaa-cross-platform-dual-gate-v1	pgaa-cross-platform-matched-controls-v1
datlinger2017_jurkat_crispr	Jurkat CRISPR with TCR stimulation	experimental_replicate_holdout_3_vs_3	NFKB1|stimulated	NFKB1	4	pgaa_w	54	4999	0.03	0.09	-0.06	0.2836105112979379	0.3091904435148735	pgaa-cross-platform-dual-gate-v1	pgaa-cross-platform-matched-controls-v1
datlinger2017_jurkat_crispr	Jurkat CRISPR with TCR stimulation	experimental_replicate_holdout_3_vs_3	NFKB1|stimulated	NFKB1	4	pgaa_h	54	4999	0.02	0.01	0.01	0.0363927512358698	0.0315996876639596	pgaa-cross-platform-dual-gate-v1	pgaa-cross-platform-matched-controls-v1
datlinger2017_jurkat_crispr	Jurkat CRISPR with TCR stimulation	experimental_replicate_holdout_3_vs_3	NFKB1|stimulated	NFKB1	4	absolute_mean_shift	54	4999	0.01	0.05	-0.04	0.0717858989891358	0.0805852880636853	pgaa-cross-platform-dual-gate-v1	pgaa-cross-platform-matched-controls-v1
datlinger2017_jurkat_crispr	Jurkat CRISPR with TCR stimulation	experimental_replicate_holdout_3_vs_3	NFKB1|stimulated	NFKB1	4	welch_abs_t	54	4999	0.0	0.02	-0.02	0.008394919416056	-0.0021842761829676	pgaa-cross-platform-dual-gate-v1	pgaa-cross-platform-matched-controls-v1
datlinger2017_jurkat_crispr	Jurkat CRISPR with TCR stimulation	experimental_replicate_holdout_3_vs_3	RUNX2|stimulated	RUNX2	0	pgaa_w	51	4999	0.05	0.08	-0.03	0.261969036208202	0.257574322739698	pgaa-cross-platform-dual-gate-v1	pgaa-cross-platform-matched-controls-v1
datlinger2017_jurkat_crispr	Jurkat CRISPR with TCR stimulation	experimental_replicate_holdout_3_vs_3	RUNX2|stimulated	RUNX2	0	pgaa_h	51	4999	0.04	0.03	0.01	0.0044006542636651	-0.0060631954153064	pgaa-cross-platform-dual-gate-v1	pgaa-cross-platform-matched-controls-v1
datlinger2017_jurkat_crispr	Jurkat CRISPR with TCR stimulation	experimental_replicate_holdout_3_vs_3	RUNX2|stimulated	RUNX2	0	absolute_mean_shift	51	4999	0.03	0.07	-0.04	0.0697862285162606	0.0836052123370178	pgaa-cross-platform-dual-gate-v1	pgaa-cross-platform-matched-controls-v1
datlinger2017_jurkat_crispr	Jurkat CRISPR with TCR stimulation	experimental_replicate_holdout_3_vs_3	RUNX2|stimulated	RUNX2	0	welch_abs_t	51	4999	0.02	0.0	0.02	0.0042555338438636	0.0274526803566584	pgaa-cross-platform-dual-gate-v1	pgaa-cross-platform-matched-controls-v1
datlinger2017_jurkat_crispr	Jurkat CRISPR with TCR stimulation	experimental_replicate_holdout_3_vs_3	RUNX2|stimulated	RUNX2	1	pgaa_w	51	4999	0.08	0.11	-0.03	0.2888936656959243	0.2953012223573166	pgaa-cross-platform-dual-gate-v1	pgaa-cross-platform-matched-controls-v1
datlinger2017_jurkat_crispr	Jurkat CRISPR with TCR stimulation	experimental_replicate_holdout_3_vs_3	RUNX2|stimulated	RUNX2	1	pgaa_h	51	4999	0.01	0.03	-0.0199999999999999	0.0317038720278232	0.0221753728455229	pgaa-cross-platform-dual-gate-v1	pgaa-cross-platform-matched-controls-v1
datlinger2017_jurkat_crispr	Jurkat CRISPR with TCR stimulation	experimental_replicate_holdout_3_vs_3	RUNX2|stimulated	RUNX2	1	absolute_mean_shift	51	4999	0.03	0.07	-0.04	0.079376032859348	0.0718798554978107	pgaa-cross-platform-dual-gate-v1	pgaa-cross-platform-matched-controls-v1
datlinger2017_jurkat_crispr	Jurkat CRISPR with TCR stimulation	experimental_replicate_holdout_3_vs_3	RUNX2|stimulated	RUNX2	1	welch_abs_t	51	4999	0.01	0.02	-0.01	0.0134798490070162	-0.020211731566001	pgaa-cross-platform-dual-gate-v1	pgaa-cross-platform-matched-controls-v1
datlinger2017_jurkat_crispr	Jurkat CRISPR with TCR stimulation	experimental_replicate_holdout_3_vs_3	RUNX2|stimulated	RUNX2	2	pgaa_w	51	4999	0.07	0.07	0.0	0.2679894156022082	0.2878639706812911	pgaa-cross-platform-dual-gate-v1	pgaa-cross-platform-matched-controls-v1
datlinger2017_jurkat_crispr	Jurkat CRISPR with TCR stimulation	experimental_replicate_holdout_3_vs_3	RUNX2|stimulated	RUNX2	2	pgaa_h	51	4999	0.08	0.01	0.07	0.0242269948066929	0.0306252189682084	pgaa-cross-platform-dual-gate-v1	pgaa-cross-platform-matched-controls-v1
datlinger2017_jurkat_crispr	Jurkat CRISPR with TCR stimulation	experimental_replicate_holdout_3_vs_3	RUNX2|stimulated	RUNX2	2	absolute_mean_shift	51	4999	0.07	0.09	-0.0199999999999999	0.0773830785919376	0.083666312998494	pgaa-cross-platform-dual-gate-v1	pgaa-cross-platform-matched-controls-v1
datlinger2017_jurkat_crispr	Jurkat CRISPR with TCR stimulation	experimental_replicate_holdout_3_vs_3	RUNX2|stimulated	RUNX2	2	welch_abs_t	51	4999	0.03	0.01	0.0199999999999999	0.0150301567640065	0.0056029406602953	pgaa-cross-platform-dual-gate-v1	pgaa-cross-platform-matched-controls-v1
datlinger2017_jurkat_crispr	Jurkat CRISPR with TCR stimulation	experimental_replicate_holdout_3_vs_3	RUNX2|stimulated	RUNX2	3	pgaa_w	51	4999	0.09	0.08	0.0099999999999999	0.3111917380835111	0.3051105196862928	pgaa-cross-platform-dual-gate-v1	pgaa-cross-platform-matched-controls-v1
datlinger2017_jurkat_crispr	Jurkat CRISPR with TCR stimulation	experimental_replicate_holdout_3_vs_3	RUNX2|stimulated	RUNX2	3	pgaa_h	51	4999	0.04	0.06	-0.0199999999999999	0.0284124298823397	0.0239308004828664	pgaa-cross-platform-dual-gate-v1	pgaa-cross-platform-matched-controls-v1
datlinger2017_jurkat_crispr	Jurkat CRISPR with TCR stimulation	experimental_replicate_holdout_3_vs_3	RUNX2|stimulated	RUNX2	3	absolute_mean_shift	51	4999	0.04	0.07	-0.03	0.0981590754716243	0.0809775817367789	pgaa-cross-platform-dual-gate-v1	pgaa-cross-platform-matched-controls-v1
datlinger2017_jurkat_crispr	Jurkat CRISPR with TCR stimulation	experimental_replicate_holdout_3_vs_3	RUNX2|stimulated	RUNX2	3	welch_abs_t	51	4999	0.0	0.02	-0.02	0.0132604867191925	0.0100515334762042	pgaa-cross-platform-dual-gate-v1	pgaa-cross-platform-matched-controls-v1
datlinger2017_jurkat_crispr	Jurkat CRISPR with TCR stimulation	experimental_replicate_holdout_3_vs_3	RUNX2|stimulated	RUNX2	4	pgaa_w	51	4999	0.03	0.04	-0.01	0.2788860777197457	0.2748550395793445	pgaa-cross-platform-dual-gate-v1	pgaa-cross-platform-matched-controls-v1
datlinger2017_jurkat_crispr	Jurkat CRISPR with TCR stimulation	experimental_replicate_holdout_3_vs_3	RUNX2|stimulated	RUNX2	4	pgaa_h	51	4999	0.03	0.03	0.0	0.0052086010196142	0.0035268683660408	pgaa-cross-platform-dual-gate-v1	pgaa-cross-platform-matched-controls-v1
datlinger2017_jurkat_crispr	Jurkat CRISPR with TCR stimulation	experimental_replicate_holdout_3_vs_3	RUNX2|stimulated	RUNX2	4	absolute_mean_shift	51	4999	0.02	0.04	-0.02	0.0679574598314569	0.0685051686529989	pgaa-cross-platform-dual-gate-v1	pgaa-cross-platform-matched-controls-v1
datlinger2017_jurkat_crispr	Jurkat CRISPR with TCR stimulation	experimental_replicate_holdout_3_vs_3	RUNX2|stimulated	RUNX2	4	welch_abs_t	51	4999	0.03	0.01	0.0199999999999999	0.0038824794011355	0.0053226348510998	pgaa-cross-platform-dual-gate-v1	pgaa-cross-platform-matched-controls-v1
datlinger2017_jurkat_crispr	Jurkat CRISPR with TCR stimulation	experimental_replicate_holdout_3_vs_3	FOS|stimulated	FOS	0	pgaa_w	48	4999	0.05	0.04	0.01	0.2767245682509852	0.2711830624468231	pgaa-cross-platform-dual-gate-v1	pgaa-cross-platform-matched-controls-v1
datlinger2017_jurkat_crispr	Jurkat CRISPR with TCR stimulation	experimental_replicate_holdout_3_vs_3	FOS|stimulated	FOS	0	pgaa_h	48	4999	0.02	0.02	0.0	0.0436200622941384	-0.0092622958637185	pgaa-cross-platform-dual-gate-v1	pgaa-cross-platform-matched-controls-v1
datlinger2017_jurkat_crispr	Jurkat CRISPR with TCR stimulation	experimental_replicate_holdout_3_vs_3	FOS|stimulated	FOS	0	absolute_mean_shift	48	4999	0.05	0.01	0.04	0.0808149824961782	0.0711609921040909	pgaa-cross-platform-dual-gate-v1	pgaa-cross-platform-matched-controls-v1
datlinger2017_jurkat_crispr	Jurkat CRISPR with TCR stimulation	experimental_replicate_holdout_3_vs_3	FOS|stimulated	FOS	0	welch_abs_t	48	4999	0.01	0.01	0.0	0.0005390640673152	0.0134093893928845	pgaa-cross-platform-dual-gate-v1	pgaa-cross-platform-matched-controls-v1
datlinger2017_jurkat_crispr	Jurkat CRISPR with TCR stimulation	experimental_replicate_holdout_3_vs_3	FOS|stimulated	FOS	1	pgaa_w	48	4999	0.05	0.02	0.03	0.2682365011777866	0.2491256749309046	pgaa-cross-platform-dual-gate-v1	pgaa-cross-platform-matched-controls-v1
datlinger2017_jurkat_crispr	Jurkat CRISPR with TCR stimulation	experimental_replicate_holdout_3_vs_3	FOS|stimulated	FOS	1	pgaa_h	48	4999	0.01	0.04	-0.03	0.0097745063859626	0.0063925235954384	pgaa-cross-platform-dual-gate-v1	pgaa-cross-platform-matched-controls-v1
datlinger2017_jurkat_crispr	Jurkat CRISPR with TCR stimulation	experimental_replicate_holdout_3_vs_3	FOS|stimulated	FOS	1	absolute_mean_shift	48	4999	0.05	0.04	0.01	0.0598893325858422	0.0602811919886978	pgaa-cross-platform-dual-gate-v1	pgaa-cross-platform-matched-controls-v1
datlinger2017_jurkat_crispr	Jurkat CRISPR with TCR stimulation	experimental_replicate_holdout_3_vs_3	FOS|stimulated	FOS	1	welch_abs_t	48	4999	0.02	0.02	0.0	-0.0028938468606086	-0.0059066491332315	pgaa-cross-platform-dual-gate-v1	pgaa-cross-platform-matched-controls-v1
datlinger2017_jurkat_crispr	Jurkat CRISPR with TCR stimulation	experimental_replicate_holdout_3_vs_3	FOS|stimulated	FOS	2	pgaa_w	48	4999	0.09	0.06	0.03	0.251613625678317	0.2683577360850321	pgaa-cross-platform-dual-gate-v1	pgaa-cross-platform-matched-controls-v1
datlinger2017_jurkat_crispr	Jurkat CRISPR with TCR stimulation	experimental_replicate_holdout_3_vs_3	FOS|stimulated	FOS	2	pgaa_h	48	4999	0.02	0.06	-0.0399999999999999	-0.0054729676017602	-0.0039066732576073	pgaa-cross-platform-dual-gate-v1	pgaa-cross-platform-matched-controls-v1
datlinger2017_jurkat_crispr	Jurkat CRISPR with TCR stimulation	experimental_replicate_holdout_3_vs_3	FOS|stimulated	FOS	2	absolute_mean_shift	48	4999	0.07	0.05	0.02	0.0655209142235785	0.0688725516101207	pgaa-cross-platform-dual-gate-v1	pgaa-cross-platform-matched-controls-v1
datlinger2017_jurkat_crispr	Jurkat CRISPR with TCR stimulation	experimental_replicate_holdout_3_vs_3	FOS|stimulated	FOS	2	welch_abs_t	48	4999	0.01	0.01	0.0	-0.0042257238963813	-0.0100011772822751	pgaa-cross-platform-dual-gate-v1	pgaa-cross-platform-matched-controls-v1
datlinger2017_jurkat_crispr	Jurkat CRISPR with TCR stimulation	experimental_replicate_holdout_3_vs_3	FOS|stimulated	FOS	3	pgaa_w	48	4999	0.09	0.04	0.0499999999999999	0.2524005178466665	0.2563060460351374	pgaa-cross-platform-dual-gate-v1	pgaa-cross-platform-matched-controls-v1
datlinger2017_jurkat_crispr	Jurkat CRISPR with TCR stimulation	experimental_replicate_holdout_3_vs_3	FOS|stimulated	FOS	3	pgaa_h	48	4999	0.04	0.02	0.02	0.0091805818711291	-0.0106543526391913	pgaa-cross-platform-dual-gate-v1	pgaa-cross-platform-matched-controls-v1
datlinger2017_jurkat_crispr	Jurkat CRISPR with TCR stimulation	experimental_replicate_holdout_3_vs_3	FOS|stimulated	FOS	3	absolute_mean_shift	48	4999	0.07	0.04	0.03	0.0672592224583514	0.0757777979179829	pgaa-cross-platform-dual-gate-v1	pgaa-cross-platform-matched-controls-v1
datlinger2017_jurkat_crispr	Jurkat CRISPR with TCR stimulation	experimental_replicate_holdout_3_vs_3	FOS|stimulated	FOS	3	welch_abs_t	48	4999	0.04	0.04	0.0	0.0043050191791059	0.0148690758079587	pgaa-cross-platform-dual-gate-v1	pgaa-cross-platform-matched-controls-v1
datlinger2017_jurkat_crispr	Jurkat CRISPR with TCR stimulation	experimental_replicate_holdout_3_vs_3	FOS|stimulated	FOS	4	pgaa_w	48	4999	0.1	0.04	0.06	0.2906514844385444	0.2673706803785727	pgaa-cross-platform-dual-gate-v1	pgaa-cross-platform-matched-controls-v1
datlinger2017_jurkat_crispr	Jurkat CRISPR with TCR stimulation	experimental_replicate_holdout_3_vs_3	FOS|stimulated	FOS	4	pgaa_h	48	4999	0.05	0.02	0.03	0.0217868416454569	0.0163619679087691	pgaa-cross-platform-dual-gate-v1	pgaa-cross-platform-matched-controls-v1
datlinger2017_jurkat_crispr	Jurkat CRISPR with TCR stimulation	experimental_replicate_holdout_3_vs_3	FOS|stimulated	FOS	4	absolute_mean_shift	48	4999	0.08	0.03	0.05	0.1034378146291998	0.0656967259509859	pgaa-cross-platform-dual-gate-v1	pgaa-cross-platform-matched-controls-v1
datlinger2017_jurkat_crispr	Jurkat CRISPR with TCR stimulation	experimental_replicate_holdout_3_vs_3	FOS|stimulated	FOS	4	welch_abs_t	48	4999	0.0	0.0	0.0	0.0170312950465243	-0.0186413848435953	pgaa-cross-platform-dual-gate-v1	pgaa-cross-platform-matched-controls-v1
datlinger2017_jurkat_crispr	Jurkat CRISPR with TCR stimulation	experimental_replicate_holdout_3_vs_3	BACH2|stimulated	BACH2	0	pgaa_w	45	4999	0.14	0.1	0.04	0.2594604245218792	0.3105074213402105	pgaa-cross-platform-dual-gate-v1	pgaa-cross-platform-matched-controls-v1
datlinger2017_jurkat_crispr	Jurkat CRISPR with TCR stimulation	experimental_replicate_holdout_3_vs_3	BACH2|stimulated	BACH2	0	pgaa_h	45	4999	0.0	0.04	-0.04	-0.0001994147113155	-0.0103739252851295	pgaa-cross-platform-dual-gate-v1	pgaa-cross-platform-matched-controls-v1
datlinger2017_jurkat_crispr	Jurkat CRISPR with TCR stimulation	experimental_replicate_holdout_3_vs_3	BACH2|stimulated	BACH2	0	absolute_mean_shift	45	4999	0.13	0.06	0.07	0.0814099356284899	0.1088379630386224	pgaa-cross-platform-dual-gate-v1	pgaa-cross-platform-matched-controls-v1
datlinger2017_jurkat_crispr	Jurkat CRISPR with TCR stimulation	experimental_replicate_holdout_3_vs_3	BACH2|stimulated	BACH2	0	welch_abs_t	45	4999	0.0	0.0	0.0	0.0146113105454224	0.032594911060608	pgaa-cross-platform-dual-gate-v1	pgaa-cross-platform-matched-controls-v1
datlinger2017_jurkat_crispr	Jurkat CRISPR with TCR stimulation	experimental_replicate_holdout_3_vs_3	BACH2|stimulated	BACH2	1	pgaa_w	45	4999	0.05	0.06	-0.0099999999999999	0.3147188009510666	0.31257220932782	pgaa-cross-platform-dual-gate-v1	pgaa-cross-platform-matched-controls-v1
datlinger2017_jurkat_crispr	Jurkat CRISPR with TCR stimulation	experimental_replicate_holdout_3_vs_3	BACH2|stimulated	BACH2	1	pgaa_h	45	4999	0.06	0.04	0.0199999999999999	-0.0217895634096699	0.0323896696700478	pgaa-cross-platform-dual-gate-v1	pgaa-cross-platform-matched-controls-v1
datlinger2017_jurkat_crispr	Jurkat CRISPR with TCR stimulation	experimental_replicate_holdout_3_vs_3	BACH2|stimulated	BACH2	1	absolute_mean_shift	45	4999	0.05	0.06	-0.0099999999999999	0.1094897957795395	0.0925385618802641	pgaa-cross-platform-dual-gate-v1	pgaa-cross-platform-matched-controls-v1
datlinger2017_jurkat_crispr	Jurkat CRISPR with TCR stimulation	experimental_replicate_holdout_3_vs_3	BACH2|stimulated	BACH2	1	welch_abs_t	45	4999	0.03	0.02	0.0099999999999999	0.0295186894768994	0.0110283376243075	pgaa-cross-platform-dual-gate-v1	pgaa-cross-platform-matched-controls-v1
datlinger2017_jurkat_crispr	Jurkat CRISPR with TCR stimulation	experimental_replicate_holdout_3_vs_3	BACH2|stimulated	BACH2	2	pgaa_w	45	4999	0.1	0.09	0.01	0.2875131299969478	0.2878011133559245	pgaa-cross-platform-dual-gate-v1	pgaa-cross-platform-matched-controls-v1
datlinger2017_jurkat_crispr	Jurkat CRISPR with TCR stimulation	experimental_replicate_holdout_3_vs_3	BACH2|stimulated	BACH2	2	pgaa_h	45	4999	0.03	0.02	0.0099999999999999	0.0148132965127445	0.0285807611506337	pgaa-cross-platform-dual-gate-v1	pgaa-cross-platform-matched-controls-v1
datlinger2017_jurkat_crispr	Jurkat CRISPR with TCR stimulation	experimental_replicate_holdout_3_vs_3	BACH2|stimulated	BACH2	2	absolute_mean_shift	45	4999	0.07	0.07	0.0	0.0822069913241	0.0804775112064544	pgaa-cross-platform-dual-gate-v1	pgaa-cross-platform-matched-controls-v1
datlinger2017_jurkat_crispr	Jurkat CRISPR with TCR stimulation	experimental_replicate_holdout_3_vs_3	BACH2|stimulated	BACH2	2	welch_abs_t	45	4999	0.01	0.04	-0.03	-0.0127512424937028	-0.0001671702407748	pgaa-cross-platform-dual-gate-v1	pgaa-cross-platform-matched-controls-v1
datlinger2017_jurkat_crispr	Jurkat CRISPR with TCR stimulation	experimental_replicate_holdout_3_vs_3	BACH2|stimulated	BACH2	3	pgaa_w	45	4999	0.03	0.12	-0.09	0.2457531066357329	0.2537371931529164	pgaa-cross-platform-dual-gate-v1	pgaa-cross-platform-matched-controls-v1
datlinger2017_jurkat_crispr	Jurkat CRISPR with TCR stimulation	experimental_replicate_holdout_3_vs_3	BACH2|stimulated	BACH2	3	pgaa_h	45	4999	0.02	0.04	-0.02	0.0239733670620741	0.0157197459573923	pgaa-cross-platform-dual-gate-v1	pgaa-cross-platform-matched-controls-v1
datlinger2017_jurkat_crispr	Jurkat CRISPR with TCR stimulation	experimental_replicate_holdout_3_vs_3	BACH2|stimulated	BACH2	3	absolute_mean_shift	45	4999	0.02	0.11	-0.09	0.0551489733254009	0.0569433228370696	pgaa-cross-platform-dual-gate-v1	pgaa-cross-platform-matched-controls-v1
datlinger2017_jurkat_crispr	Jurkat CRISPR with TCR stimulation	experimental_replicate_holdout_3_vs_3	BACH2|stimulated	BACH2	3	welch_abs_t	45	4999	0.01	0.0	0.01	-0.0103115062388227	-0.010815065582144	pgaa-cross-platform-dual-gate-v1	pgaa-cross-platform-matched-controls-v1
datlinger2017_jurkat_crispr	Jurkat CRISPR with TCR stimulation	experimental_replicate_holdout_3_vs_3	BACH2|stimulated	BACH2	4	pgaa_w	45	4999	0.08	0.09	-0.0099999999999999	0.2693609065150366	0.2591296994572984	pgaa-cross-platform-dual-gate-v1	pgaa-cross-platform-matched-controls-v1
datlinger2017_jurkat_crispr	Jurkat CRISPR with TCR stimulation	experimental_replicate_holdout_3_vs_3	BACH2|stimulated	BACH2	4	pgaa_h	45	4999	0.04	0.01	0.03	0.0153936013833029	0.0166770918744725	pgaa-cross-platform-dual-gate-v1	pgaa-cross-platform-matched-controls-v1
datlinger2017_jurkat_crispr	Jurkat CRISPR with TCR stimulation	experimental_replicate_holdout_3_vs_3	BACH2|stimulated	BACH2	4	absolute_mean_shift	45	4999	0.08	0.07	0.0099999999999999	0.0734248622201541	0.0620207866347834	pgaa-cross-platform-dual-gate-v1	pgaa-cross-platform-matched-controls-v1
datlinger2017_jurkat_crispr	Jurkat CRISPR with TCR stimulation	experimental_replicate_holdout_3_vs_3	BACH2|stimulated	BACH2	4	welch_abs_t	45	4999	0.01	0.02	-0.01	-0.004897271795413	0.0029922316276698	pgaa-cross-platform-dual-gate-v1	pgaa-cross-platform-matched-controls-v1
datlinger2017_jurkat_crispr	Jurkat CRISPR with TCR stimulation	experimental_replicate_holdout_3_vs_3	JUND|stimulated	JUND	0	pgaa_w	42	4999	0.06	0.08	-0.02	0.2530876740594959	0.2804779317448124	pgaa-cross-platform-dual-gate-v1	pgaa-cross-platform-matched-controls-v1
datlinger2017_jurkat_crispr	Jurkat CRISPR with TCR stimulation	experimental_replicate_holdout_3_vs_3	JUND|stimulated	JUND	0	pgaa_h	42	4999	0.0	0.03	-0.03	0.0418287313165952	0.0326321445121916	pgaa-cross-platform-dual-gate-v1	pgaa-cross-platform-matched-controls-v1
datlinger2017_jurkat_crispr	Jurkat CRISPR with TCR stimulation	experimental_replicate_holdout_3_vs_3	JUND|stimulated	JUND	0	absolute_mean_shift	42	4999	0.06	0.11	-0.05	0.0524830823105185	0.0886596897813493	pgaa-cross-platform-dual-gate-v1	pgaa-cross-platform-matched-controls-v1
datlinger2017_jurkat_crispr	Jurkat CRISPR with TCR stimulation	experimental_replicate_holdout_3_vs_3	JUND|stimulated	JUND	0	welch_abs_t	42	4999	0.03	0.03	0.0	-0.0107851817184753	0.0130433232387904	pgaa-cross-platform-dual-gate-v1	pgaa-cross-platform-matched-controls-v1
datlinger2017_jurkat_crispr	Jurkat CRISPR with TCR stimulation	experimental_replicate_holdout_3_vs_3	JUND|stimulated	JUND	1	pgaa_w	42	4999	0.06	0.12	-0.06	0.2648132552801077	0.2634845224026798	pgaa-cross-platform-dual-gate-v1	pgaa-cross-platform-matched-controls-v1
datlinger2017_jurkat_crispr	Jurkat CRISPR with TCR stimulation	experimental_replicate_holdout_3_vs_3	JUND|stimulated	JUND	1	pgaa_h	42	4999	0.01	0.04	-0.03	0.0106910300299456	0.0242120845873817	pgaa-cross-platform-dual-gate-v1	pgaa-cross-platform-matched-controls-v1
datlinger2017_jurkat_crispr	Jurkat CRISPR with TCR stimulation	experimental_replicate_holdout_3_vs_3	JUND|stimulated	JUND	1	absolute_mean_shift	42	4999	0.05	0.06	-0.0099999999999999	0.073781031071702	0.0662180153245211	pgaa-cross-platform-dual-gate-v1	pgaa-cross-platform-matched-controls-v1
datlinger2017_jurkat_crispr	Jurkat CRISPR with TCR stimulation	experimental_replicate_holdout_3_vs_3	JUND|stimulated	JUND	1	welch_abs_t	42	4999	0.02	0.04	-0.02	0.0120142282480989	0.0002185162122565	pgaa-cross-platform-dual-gate-v1	pgaa-cross-platform-matched-controls-v1
datlinger2017_jurkat_crispr	Jurkat CRISPR with TCR stimulation	experimental_replicate_holdout_3_vs_3	JUND|stimulated	JUND	2	pgaa_w	42	4999	0.09	0.08	0.0099999999999999	0.3086614428287819	0.3069253924734527	pgaa-cross-platform-dual-gate-v1	pgaa-cross-platform-matched-controls-v1
datlinger2017_jurkat_crispr	Jurkat CRISPR with TCR stimulation	experimental_replicate_holdout_3_vs_3	JUND|stimulated	JUND	2	pgaa_h	42	4999	0.03	0.01	0.0199999999999999	0.0341157792688622	0.0317769040572229	pgaa-cross-platform-dual-gate-v1	pgaa-cross-platform-matched-controls-v1
datlinger2017_jurkat_crispr	Jurkat CRISPR with TCR stimulation	experimental_replicate_holdout_3_vs_3	JUND|stimulated	JUND	2	absolute_mean_shift	42	4999	0.09	0.06	0.03	0.0904186255781969	0.0905367460068373	pgaa-cross-platform-dual-gate-v1	pgaa-cross-platform-matched-controls-v1
datlinger2017_jurkat_crispr	Jurkat CRISPR with TCR stimulation	experimental_replicate_holdout_3_vs_3	JUND|stimulated	JUND	2	welch_abs_t	42	4999	0.05	0.03	0.02	0.0072442736328116	0.0066733394699749	pgaa-cross-platform-dual-gate-v1	pgaa-cross-platform-matched-controls-v1
datlinger2017_jurkat_crispr	Jurkat CRISPR with TCR stimulation	experimental_replicate_holdout_3_vs_3	JUND|stimulated	JUND	3	pgaa_w	42	4999	0.06	0.04	0.0199999999999999	0.280663162068188	0.2800332331532333	pgaa-cross-platform-dual-gate-v1	pgaa-cross-platform-matched-controls-v1
datlinger2017_jurkat_crispr	Jurkat CRISPR with TCR stimulation	experimental_replicate_holdout_3_vs_3	JUND|stimulated	JUND	3	pgaa_h	42	4999	0.02	0.02	0.0	0.0170363580565548	0.0034696182285277	pgaa-cross-platform-dual-gate-v1	pgaa-cross-platform-matched-controls-v1
datlinger2017_jurkat_crispr	Jurkat CRISPR with TCR stimulation	experimental_replicate_holdout_3_vs_3	JUND|stimulated	JUND	3	absolute_mean_shift	42	4999	0.07	0.07	0.0	0.0762688086364903	0.0787921713571136	pgaa-cross-platform-dual-gate-v1	pgaa-cross-platform-matched-controls-v1
datlinger2017_jurkat_crispr	Jurkat CRISPR with TCR stimulation	experimental_replicate_holdout_3_vs_3	JUND|stimulated	JUND	3	welch_abs_t	42	4999	0.01	0.0	0.01	-0.0192825672462051	0.0034935082095289	pgaa-cross-platform-dual-gate-v1	pgaa-cross-platform-matched-controls-v1
datlinger2017_jurkat_crispr	Jurkat CRISPR with TCR stimulation	experimental_replicate_holdout_3_vs_3	JUND|stimulated	JUND	4	pgaa_w	42	4999	0.06	0.04	0.0199999999999999	0.2731002247508325	0.3055662749356594	pgaa-cross-platform-dual-gate-v1	pgaa-cross-platform-matched-controls-v1
datlinger2017_jurkat_crispr	Jurkat CRISPR with TCR stimulation	experimental_replicate_holdout_3_vs_3	JUND|stimulated	JUND	4	pgaa_h	42	4999	0.02	0.01	0.01	0.0078511509229599	0.0054087678434143	pgaa-cross-platform-dual-gate-v1	pgaa-cross-platform-matched-controls-v1
datlinger2017_jurkat_crispr	Jurkat CRISPR with TCR stimulation	experimental_replicate_holdout_3_vs_3	JUND|stimulated	JUND	4	absolute_mean_shift	42	4999	0.04	0.04	0.0	0.0642198860900631	0.0751442972922419	pgaa-cross-platform-dual-gate-v1	pgaa-cross-platform-matched-controls-v1
datlinger2017_jurkat_crispr	Jurkat CRISPR with TCR stimulation	experimental_replicate_holdout_3_vs_3	JUND|stimulated	JUND	4	welch_abs_t	42	4999	0.02	0.01	0.01	-0.0217117651626774	-0.0088760327341969	pgaa-cross-platform-dual-gate-v1	pgaa-cross-platform-matched-controls-v1
datlinger2017_jurkat_crispr	Jurkat CRISPR with TCR stimulation	experimental_replicate_holdout_3_vs_3	NFATC3|stimulated	NFATC3	0	pgaa_w	42	4999	0.04	0.05	-0.01	0.2722665595303935	0.2867519369900391	pgaa-cross-platform-dual-gate-v1	pgaa-cross-platform-matched-controls-v1
datlinger2017_jurkat_crispr	Jurkat CRISPR with TCR stimulation	experimental_replicate_holdout_3_vs_3	NFATC3|stimulated	NFATC3	0	pgaa_h	42	4999	0.02	0.02	0.0	0.0482207346683253	-0.0099624074878176	pgaa-cross-platform-dual-gate-v1	pgaa-cross-platform-matched-controls-v1
datlinger2017_jurkat_crispr	Jurkat CRISPR with TCR stimulation	experimental_replicate_holdout_3_vs_3	NFATC3|stimulated	NFATC3	0	absolute_mean_shift	42	4999	0.04	0.04	0.0	0.0976427889226173	0.0735380085380821	pgaa-cross-platform-dual-gate-v1	pgaa-cross-platform-matched-controls-v1
datlinger2017_jurkat_crispr	Jurkat CRISPR with TCR stimulation	experimental_replicate_holdout_3_vs_3	NFATC3|stimulated	NFATC3	0	welch_abs_t	42	4999	0.02	0.01	0.01	0.011573969488053	-0.0121149984618772	pgaa-cross-platform-dual-gate-v1	pgaa-cross-platform-matched-controls-v1
datlinger2017_jurkat_crispr	Jurkat CRISPR with TCR stimulation	experimental_replicate_holdout_3_vs_3	NFATC3|stimulated	NFATC3	1	pgaa_w	42	4999	0.08	0.05	0.03	0.325297748721413	0.2919805393011376	pgaa-cross-platform-dual-gate-v1	pgaa-cross-platform-matched-controls-v1
datlinger2017_jurkat_crispr	Jurkat CRISPR with TCR stimulation	experimental_replicate_holdout_3_vs_3	NFATC3|stimulated	NFATC3	1	pgaa_h	42	4999	0.02	0.0	0.02	0.0194097090272881	0.0281662963717072	pgaa-cross-platform-dual-gate-v1	pgaa-cross-platform-matched-controls-v1
datlinger2017_jurkat_crispr	Jurkat CRISPR with TCR stimulation	experimental_replicate_holdout_3_vs_3	NFATC3|stimulated	NFATC3	1	absolute_mean_shift	42	4999	0.11	0.03	0.08	0.0936226464500583	0.0903734089019753	pgaa-cross-platform-dual-gate-v1	pgaa-cross-platform-matched-controls-v1
datlinger2017_jurkat_crispr	Jurkat CRISPR with TCR stimulation	experimental_replicate_holdout_3_vs_3	NFATC3|stimulated	NFATC3	1	welch_abs_t	42	4999	0.02	0.02	0.0	-0.00135645424403	0.014779388339007	pgaa-cross-platform-dual-gate-v1	pgaa-cross-platform-matched-controls-v1
datlinger2017_jurkat_crispr	Jurkat CRISPR with TCR stimulation	experimental_replicate_holdout_3_vs_3	NFATC3|stimulated	NFATC3	2	pgaa_w	42	4999	0.1	0.07	0.03	0.3125260677585698	0.2771545573460431	pgaa-cross-platform-dual-gate-v1	pgaa-cross-platform-matched-controls-v1
datlinger2017_jurkat_crispr	Jurkat CRISPR with TCR stimulation	experimental_replicate_holdout_3_vs_3	NFATC3|stimulated	NFATC3	2	pgaa_h	42	4999	0.01	0.03	-0.0199999999999999	0.0116340637401477	-0.0031646377145951	pgaa-cross-platform-dual-gate-v1	pgaa-cross-platform-matched-controls-v1
datlinger2017_jurkat_crispr	Jurkat CRISPR with TCR stimulation	experimental_replicate_holdout_3_vs_3	NFATC3|stimulated	NFATC3	2	absolute_mean_shift	42	4999	0.07	0.06	0.01	0.0945678373655315	0.0715690462016326	pgaa-cross-platform-dual-gate-v1	pgaa-cross-platform-matched-controls-v1
datlinger2017_jurkat_crispr	Jurkat CRISPR with TCR stimulation	experimental_replicate_holdout_3_vs_3	NFATC3|stimulated	NFATC3	2	welch_abs_t	42	4999	0.01	0.0	0.01	0.0084386322166444	0.0017344192008085	pgaa-cross-platform-dual-gate-v1	pgaa-cross-platform-matched-controls-v1
datlinger2017_jurkat_crispr	Jurkat CRISPR with TCR stimulation	experimental_replicate_holdout_3_vs_3	NFATC3|stimulated	NFATC3	3	pgaa_w	42	4999	0.1	0.07	0.03	0.2724179370327847	0.2304322173438289	pgaa-cross-platform-dual-gate-v1	pgaa-cross-platform-matched-controls-v1
datlinger2017_jurkat_crispr	Jurkat CRISPR with TCR stimulation	experimental_replicate_holdout_3_vs_3	NFATC3|stimulated	NFATC3	3	pgaa_h	42	4999	0.08	0.01	0.07	0.0112776857218024	0.0091477134907272	pgaa-cross-platform-dual-gate-v1	pgaa-cross-platform-matched-controls-v1
datlinger2017_jurkat_crispr	Jurkat CRISPR with TCR stimulation	experimental_replicate_holdout_3_vs_3	NFATC3|stimulated	NFATC3	3	absolute_mean_shift	42	4999	0.08	0.06	0.02	0.0638366440154777	0.0414135976805022	pgaa-cross-platform-dual-gate-v1	pgaa-cross-platform-matched-controls-v1
datlinger2017_jurkat_crispr	Jurkat CRISPR with TCR stimulation	experimental_replicate_holdout_3_vs_3	NFATC3|stimulated	NFATC3	3	welch_abs_t	42	4999	0.03	0.02	0.0099999999999999	-0.0083246156556239	-0.0143848459010982	pgaa-cross-platform-dual-gate-v1	pgaa-cross-platform-matched-controls-v1
datlinger2017_jurkat_crispr	Jurkat CRISPR with TCR stimulation	experimental_replicate_holdout_3_vs_3	NFATC3|stimulated	NFATC3	4	pgaa_w	42	4999	0.1	0.08	0.02	0.2870202658058622	0.2673389672412274	pgaa-cross-platform-dual-gate-v1	pgaa-cross-platform-matched-controls-v1
datlinger2017_jurkat_crispr	Jurkat CRISPR with TCR stimulation	experimental_replicate_holdout_3_vs_3	NFATC3|stimulated	NFATC3	4	pgaa_h	42	4999	0.03	0.05	-0.02	0.0166008029600353	0.0050393182066579	pgaa-cross-platform-dual-gate-v1	pgaa-cross-platform-matched-controls-v1
datlinger2017_jurkat_crispr	Jurkat CRISPR with TCR stimulation	experimental_replicate_holdout_3_vs_3	NFATC3|stimulated	NFATC3	4	absolute_mean_shift	42	4999	0.08	0.07	0.0099999999999999	0.0701877206224093	0.0635475344349588	pgaa-cross-platform-dual-gate-v1	pgaa-cross-platform-matched-controls-v1
datlinger2017_jurkat_crispr	Jurkat CRISPR with TCR stimulation	experimental_replicate_holdout_3_vs_3	NFATC3|stimulated	NFATC3	4	welch_abs_t	42	4999	0.03	0.03	0.0	-0.0042591900853159	-0.0118529907181916	pgaa-cross-platform-dual-gate-v1	pgaa-cross-platform-matched-controls-v1
datlinger2017_jurkat_crispr	Jurkat CRISPR with TCR stimulation	experimental_replicate_holdout_3_vs_3	REL|stimulated	REL	0	pgaa_w	42	4999	0.05	0.03	0.02	0.2602421752057495	0.3015795518287331	pgaa-cross-platform-dual-gate-v1	pgaa-cross-platform-matched-controls-v1
datlinger2017_jurkat_crispr	Jurkat CRISPR with TCR stimulation	experimental_replicate_holdout_3_vs_3	REL|stimulated	REL	0	pgaa_h	42	4999	0.03	0.04	-0.01	0.0162548937860355	0.005426075916935	pgaa-cross-platform-dual-gate-v1	pgaa-cross-platform-matched-controls-v1
datlinger2017_jurkat_crispr	Jurkat CRISPR with TCR stimulation	experimental_replicate_holdout_3_vs_3	REL|stimulated	REL	0	absolute_mean_shift	42	4999	0.05	0.02	0.03	0.0388919784012829	0.0668533533869728	pgaa-cross-platform-dual-gate-v1	pgaa-cross-platform-matched-controls-v1
datlinger2017_jurkat_crispr	Jurkat CRISPR with TCR stimulation	experimental_replicate_holdout_3_vs_3	REL|stimulated	REL	0	welch_abs_t	42	4999	0.02	0.0	0.02	-0.0296253191574689	-0.0080817237156915	pgaa-cross-platform-dual-gate-v1	pgaa-cross-platform-matched-controls-v1
datlinger2017_jurkat_crispr	Jurkat CRISPR with TCR stimulation	experimental_replicate_holdout_3_vs_3	REL|stimulated	REL	1	pgaa_w	42	4999	0.05	0.09	-0.0399999999999999	0.2506238941906028	0.294136117595668	pgaa-cross-platform-dual-gate-v1	pgaa-cross-platform-matched-controls-v1
datlinger2017_jurkat_crispr	Jurkat CRISPR with TCR stimulation	experimental_replicate_holdout_3_vs_3	REL|stimulated	REL	1	pgaa_h	42	4999	0.01	0.01	0.0	0.0395873804835584	0.0031583429239064	pgaa-cross-platform-dual-gate-v1	pgaa-cross-platform-matched-controls-v1
datlinger2017_jurkat_crispr	Jurkat CRISPR with TCR stimulation	experimental_replicate_holdout_3_vs_3	REL|stimulated	REL	1	absolute_mean_shift	42	4999	0.04	0.06	-0.0199999999999999	0.0795219213907148	0.0820309212481189	pgaa-cross-platform-dual-gate-v1	pgaa-cross-platform-matched-controls-v1
datlinger2017_jurkat_crispr	Jurkat CRISPR with TCR stimulation	experimental_replicate_holdout_3_vs_3	REL|stimulated	REL	1	welch_abs_t	42	4999	0.02	0.04	-0.02	0.0139674719581123	0.0105817822870836	pgaa-cross-platform-dual-gate-v1	pgaa-cross-platform-matched-controls-v1
datlinger2017_jurkat_crispr	Jurkat CRISPR with TCR stimulation	experimental_replicate_holdout_3_vs_3	REL|stimulated	REL	2	pgaa_w	42	4999	0.03	0.05	-0.02	0.2610536895374273	0.3090048301136818	pgaa-cross-platform-dual-gate-v1	pgaa-cross-platform-matched-controls-v1
datlinger2017_jurkat_crispr	Jurkat CRISPR with TCR stimulation	experimental_replicate_holdout_3_vs_3	REL|stimulated	REL	2	pgaa_h	42	4999	0.03	0.05	-0.02	0.0131134346523992	-0.0094392699663418	pgaa-cross-platform-dual-gate-v1	pgaa-cross-platform-matched-controls-v1
datlinger2017_jurkat_crispr	Jurkat CRISPR with TCR stimulation	experimental_replicate_holdout_3_vs_3	REL|stimulated	REL	2	absolute_mean_shift	42	4999	0.03	0.06	-0.03	0.0846727504945088	0.0928698563264362	pgaa-cross-platform-dual-gate-v1	pgaa-cross-platform-matched-controls-v1
datlinger2017_jurkat_crispr	Jurkat CRISPR with TCR stimulation	experimental_replicate_holdout_3_vs_3	REL|stimulated	REL	2	welch_abs_t	42	4999	0.01	0.0	0.01	0.002557481484292	0.0263820204623489	pgaa-cross-platform-dual-gate-v1	pgaa-cross-platform-matched-controls-v1
datlinger2017_jurkat_crispr	Jurkat CRISPR with TCR stimulation	experimental_replicate_holdout_3_vs_3	REL|stimulated	REL	3	pgaa_w	42	4999	0.05	0.09	-0.0399999999999999	0.2778560693651336	0.2652866210216834	pgaa-cross-platform-dual-gate-v1	pgaa-cross-platform-matched-controls-v1
datlinger2017_jurkat_crispr	Jurkat CRISPR with TCR stimulation	experimental_replicate_holdout_3_vs_3	REL|stimulated	REL	3	pgaa_h	42	4999	0.04	0.02	0.02	0.0138498977455375	-0.0094762808381784	pgaa-cross-platform-dual-gate-v1	pgaa-cross-platform-matched-controls-v1
datlinger2017_jurkat_crispr	Jurkat CRISPR with TCR stimulation	experimental_replicate_holdout_3_vs_3	REL|stimulated	REL	3	absolute_mean_shift	42	4999	0.06	0.06	0.0	0.0667665952462297	0.059743108722086	pgaa-cross-platform-dual-gate-v1	pgaa-cross-platform-matched-controls-v1
datlinger2017_jurkat_crispr	Jurkat CRISPR with TCR stimulation	experimental_replicate_holdout_3_vs_3	REL|stimulated	REL	3	welch_abs_t	42	4999	0.02	0.02	0.0	-0.0129095618409592	-0.0188660315496472	pgaa-cross-platform-dual-gate-v1	pgaa-cross-platform-matched-controls-v1
datlinger2017_jurkat_crispr	Jurkat CRISPR with TCR stimulation	experimental_replicate_holdout_3_vs_3	REL|stimulated	REL	4	pgaa_w	42	4999	0.05	0.09	-0.0399999999999999	0.2846324736736063	0.2323444483374466	pgaa-cross-platform-dual-gate-v1	pgaa-cross-platform-matched-controls-v1
datlinger2017_jurkat_crispr	Jurkat CRISPR with TCR stimulation	experimental_replicate_holdout_3_vs_3	REL|stimulated	REL	4	pgaa_h	42	4999	0.02	0.01	0.01	0.0195734906190124	0.021103148853159	pgaa-cross-platform-dual-gate-v1	pgaa-cross-platform-matched-controls-v1
datlinger2017_jurkat_crispr	Jurkat CRISPR with TCR stimulation	experimental_replicate_holdout_3_vs_3	REL|stimulated	REL	4	absolute_mean_shift	42	4999	0.05	0.09	-0.0399999999999999	0.0619074810969743	0.0457779601113233	pgaa-cross-platform-dual-gate-v1	pgaa-cross-platform-matched-controls-v1
datlinger2017_jurkat_crispr	Jurkat CRISPR with TCR stimulation	experimental_replicate_holdout_3_vs_3	REL|stimulated	REL	4	welch_abs_t	42	4999	0.02	0.05	-0.03	-0.0106268035840061	-0.0224956032743163	pgaa-cross-platform-dual-gate-v1	pgaa-cross-platform-matched-controls-v1
datlinger2017_jurkat_crispr	Jurkat CRISPR with TCR stimulation	experimental_replicate_holdout_3_vs_3	NR4A1|stimulated	NR4A1	0	pgaa_w	39	4999	0.07	0.05	0.02	0.3325322602095449	0.3136399427784717	pgaa-cross-platform-dual-gate-v1	pgaa-cross-platform-matched-controls-v1
datlinger2017_jurkat_crispr	Jurkat CRISPR with TCR stimulation	experimental_replicate_holdout_3_vs_3	NR4A1|stimulated	NR4A1	0	pgaa_h	39	4999	0.0	0.02	-0.02	0.0005660966963281	0.0042874393701808	pgaa-cross-platform-dual-gate-v1	pgaa-cross-platform-matched-controls-v1
datlinger2017_jurkat_crispr	Jurkat CRISPR with TCR stimulation	experimental_replicate_holdout_3_vs_3	NR4A1|stimulated	NR4A1	0	absolute_mean_shift	39	4999	0.05	0.03	0.02	0.0803256302718239	0.0691438985996479	pgaa-cross-platform-dual-gate-v1	pgaa-cross-platform-matched-controls-v1
datlinger2017_jurkat_crispr	Jurkat CRISPR with TCR stimulation	experimental_replicate_holdout_3_vs_3	NR4A1|stimulated	NR4A1	0	welch_abs_t	39	4999	0.01	0.0	0.01	-0.0175573907102562	-0.0091060078042018	pgaa-cross-platform-dual-gate-v1	pgaa-cross-platform-matched-controls-v1
datlinger2017_jurkat_crispr	Jurkat CRISPR with TCR stimulation	experimental_replicate_holdout_3_vs_3	NR4A1|stimulated	NR4A1	1	pgaa_w	39	4999	0.03	0.05	-0.02	0.3208991835341858	0.2765160140791664	pgaa-cross-platform-dual-gate-v1	pgaa-cross-platform-matched-controls-v1
datlinger2017_jurkat_crispr	Jurkat CRISPR with TCR stimulation	experimental_replicate_holdout_3_vs_3	NR4A1|stimulated	NR4A1	1	pgaa_h	39	4999	0.03	0.04	-0.01	0.0463386961930419	0.0096187621966563	pgaa-cross-platform-dual-gate-v1	pgaa-cross-platform-matched-controls-v1
datlinger2017_jurkat_crispr	Jurkat CRISPR with TCR stimulation	experimental_replicate_holdout_3_vs_3	NR4A1|stimulated	NR4A1	1	absolute_mean_shift	39	4999	0.02	0.03	-0.0099999999999999	0.0850794688150153	0.0664429194634337	pgaa-cross-platform-dual-gate-v1	pgaa-cross-platform-matched-controls-v1
datlinger2017_jurkat_crispr	Jurkat CRISPR with TCR stimulation	experimental_replicate_holdout_3_vs_3	NR4A1|stimulated	NR4A1	1	welch_abs_t	39	4999	0.03	0.03	0.0	-0.0078814929372429	-0.019187621437853	pgaa-cross-platform-dual-gate-v1	pgaa-cross-platform-matched-controls-v1
datlinger2017_jurkat_crispr	Jurkat CRISPR with TCR stimulation	experimental_replicate_holdout_3_vs_3	NR4A1|stimulated	NR4A1	2	pgaa_w	39	4999	0.06	0.05	0.0099999999999999	0.3415578765212827	0.2742034229655055	pgaa-cross-platform-dual-gate-v1	pgaa-cross-platform-matched-controls-v1
datlinger2017_jurkat_crispr	Jurkat CRISPR with TCR stimulation	experimental_replicate_holdout_3_vs_3	NR4A1|stimulated	NR4A1	2	pgaa_h	39	4999	0.0	0.06	-0.06	0.0123584431310429	0.0347240530786041	pgaa-cross-platform-dual-gate-v1	pgaa-cross-platform-matched-controls-v1
datlinger2017_jurkat_crispr	Jurkat CRISPR with TCR stimulation	experimental_replicate_holdout_3_vs_3	NR4A1|stimulated	NR4A1	2	absolute_mean_shift	39	4999	0.08	0.04	0.04	0.1102759155992261	0.0609731130874667	pgaa-cross-platform-dual-gate-v1	pgaa-cross-platform-matched-controls-v1
datlinger2017_jurkat_crispr	Jurkat CRISPR with TCR stimulation	experimental_replicate_holdout_3_vs_3	NR4A1|stimulated	NR4A1	2	welch_abs_t	39	4999	0.06	0.03	0.03	0.0211884257283629	-0.0040272707602745	pgaa-cross-platform-dual-gate-v1	pgaa-cross-platform-matched-controls-v1
datlinger2017_jurkat_crispr	Jurkat CRISPR with TCR stimulation	experimental_replicate_holdout_3_vs_3	NR4A1|stimulated	NR4A1	3	pgaa_w	39	4999	0.06	0.11	-0.05	0.3131060578502255	0.2940329785044644	pgaa-cross-platform-dual-gate-v1	pgaa-cross-platform-matched-controls-v1
datlinger2017_jurkat_crispr	Jurkat CRISPR with TCR stimulation	experimental_replicate_holdout_3_vs_3	NR4A1|stimulated	NR4A1	3	pgaa_h	39	4999	0.02	0.03	-0.0099999999999999	0.0539753917234615	0.0181914058926487	pgaa-cross-platform-dual-gate-v1	pgaa-cross-platform-matched-controls-v1
datlinger2017_jurkat_crispr	Jurkat CRISPR with TCR stimulation	experimental_replicate_holdout_3_vs_3	NR4A1|stimulated	NR4A1	3	absolute_mean_shift	39	4999	0.05	0.1	-0.05	0.0836259698558499	0.0702352306800177	pgaa-cross-platform-dual-gate-v1	pgaa-cross-platform-matched-controls-v1
datlinger2017_jurkat_crispr	Jurkat CRISPR with TCR stimulation	experimental_replicate_holdout_3_vs_3	NR4A1|stimulated	NR4A1	3	welch_abs_t	39	4999	0.01	0.03	-0.0199999999999999	-0.0065163949478134	-0.0076853634354166	pgaa-cross-platform-dual-gate-v1	pgaa-cross-platform-matched-controls-v1
datlinger2017_jurkat_crispr	Jurkat CRISPR with TCR stimulation	experimental_replicate_holdout_3_vs_3	NR4A1|stimulated	NR4A1	4	pgaa_w	39	4999	0.09	0.11	-0.02	0.2660859426627223	0.26673318855848	pgaa-cross-platform-dual-gate-v1	pgaa-cross-platform-matched-controls-v1
datlinger2017_jurkat_crispr	Jurkat CRISPR with TCR stimulation	experimental_replicate_holdout_3_vs_3	NR4A1|stimulated	NR4A1	4	pgaa_h	39	4999	0.02	0.02	0.0	0.0112521852481261	0.0312536817226767	pgaa-cross-platform-dual-gate-v1	pgaa-cross-platform-matched-controls-v1
datlinger2017_jurkat_crispr	Jurkat CRISPR with TCR stimulation	experimental_replicate_holdout_3_vs_3	NR4A1|stimulated	NR4A1	4	absolute_mean_shift	39	4999	0.09	0.09	0.0	0.0696037028310729	0.0674369999602531	pgaa-cross-platform-dual-gate-v1	pgaa-cross-platform-matched-controls-v1
datlinger2017_jurkat_crispr	Jurkat CRISPR with TCR stimulation	experimental_replicate_holdout_3_vs_3	NR4A1|stimulated	NR4A1	4	welch_abs_t	39	4999	0.02	0.01	0.01	-0.0040804008100539	-0.0020365928168115	pgaa-cross-platform-dual-gate-v1	pgaa-cross-platform-matched-controls-v1
datlinger2017_jurkat_crispr	Jurkat CRISPR with TCR stimulation	experimental_replicate_holdout_3_vs_3	DOK2|stimulated	DOK2	0	pgaa_w	38	4999	0.06	0.11	-0.05	0.2886856821064093	0.2707206927099705	pgaa-cross-platform-dual-gate-v1	pgaa-cross-platform-matched-controls-v1
datlinger2017_jurkat_crispr	Jurkat CRISPR with TCR stimulation	experimental_replicate_holdout_3_vs_3	DOK2|stimulated	DOK2	0	pgaa_h	38	4999	0.02	0.05	-0.03	0.0111866021063253	0.0241301878336405	pgaa-cross-platform-dual-gate-v1	pgaa-cross-platform-matched-controls-v1
datlinger2017_jurkat_crispr	Jurkat CRISPR with TCR stimulation	experimental_replicate_holdout_3_vs_3	DOK2|stimulated	DOK2	0	absolute_mean_shift	38	4999	0.03	0.08	-0.05	0.0553328706610789	0.0754079907974588	pgaa-cross-platform-dual-gate-v1	pgaa-cross-platform-matched-controls-v1
datlinger2017_jurkat_crispr	Jurkat CRISPR with TCR stimulation	experimental_replicate_holdout_3_vs_3	DOK2|stimulated	DOK2	0	welch_abs_t	38	4999	0.04	0.02	0.02	-0.0230315652566287	0.0075235180051021	pgaa-cross-platform-dual-gate-v1	pgaa-cross-platform-matched-controls-v1
datlinger2017_jurkat_crispr	Jurkat CRISPR with TCR stimulation	experimental_replicate_holdout_3_vs_3	DOK2|stimulated	DOK2	1	pgaa_w	38	4999	0.11	0.11	0.0	0.2731833646441173	0.2582721738105124	pgaa-cross-platform-dual-gate-v1	pgaa-cross-platform-matched-controls-v1
datlinger2017_jurkat_crispr	Jurkat CRISPR with TCR stimulation	experimental_replicate_holdout_3_vs_3	DOK2|stimulated	DOK2	1	pgaa_h	38	4999	0.01	0.01	0.0	0.0261755375639758	0.0218086251088265	pgaa-cross-platform-dual-gate-v1	pgaa-cross-platform-matched-controls-v1
datlinger2017_jurkat_crispr	Jurkat CRISPR with TCR stimulation	experimental_replicate_holdout_3_vs_3	DOK2|stimulated	DOK2	1	absolute_mean_shift	38	4999	0.08	0.09	-0.0099999999999999	0.0774191536543764	0.070514490850428	pgaa-cross-platform-dual-gate-v1	pgaa-cross-platform-matched-controls-v1
datlinger2017_jurkat_crispr	Jurkat CRISPR with TCR stimulation	experimental_replicate_holdout_3_vs_3	DOK2|stimulated	DOK2	1	welch_abs_t	38	4999	0.03	0.01	0.0199999999999999	0.0193895793809275	-0.004358517225654	pgaa-cross-platform-dual-gate-v1	pgaa-cross-platform-matched-controls-v1
datlinger2017_jurkat_crispr	Jurkat CRISPR with TCR stimulation	experimental_replicate_holdout_3_vs_3	DOK2|stimulated	DOK2	2	pgaa_w	38	4999	0.08	0.07	0.0099999999999999	0.2374162464665802	0.2816636817879783	pgaa-cross-platform-dual-gate-v1	pgaa-cross-platform-matched-controls-v1
datlinger2017_jurkat_crispr	Jurkat CRISPR with TCR stimulation	experimental_replicate_holdout_3_vs_3	DOK2|stimulated	DOK2	2	pgaa_h	38	4999	0.04	0.02	0.02	0.0133223495822481	0.0169042750989834	pgaa-cross-platform-dual-gate-v1	pgaa-cross-platform-matched-controls-v1
datlinger2017_jurkat_crispr	Jurkat CRISPR with TCR stimulation	experimental_replicate_holdout_3_vs_3	DOK2|stimulated	DOK2	2	absolute_mean_shift	38	4999	0.09	0.06	0.03	0.0550294965608975	0.0553836750556686	pgaa-cross-platform-dual-gate-v1	pgaa-cross-platform-matched-controls-v1
datlinger2017_jurkat_crispr	Jurkat CRISPR with TCR stimulation	experimental_replicate_holdout_3_vs_3	DOK2|stimulated	DOK2	2	welch_abs_t	38	4999	0.0	0.02	-0.02	-0.0144730235843087	-0.0068093755125574	pgaa-cross-platform-dual-gate-v1	pgaa-cross-platform-matched-controls-v1
datlinger2017_jurkat_crispr	Jurkat CRISPR with TCR stimulation	experimental_replicate_holdout_3_vs_3	DOK2|stimulated	DOK2	3	pgaa_w	38	4999	0.05	0.05	0.0	0.2421258044646144	0.2793793307521048	pgaa-cross-platform-dual-gate-v1	pgaa-cross-platform-matched-controls-v1
datlinger2017_jurkat_crispr	Jurkat CRISPR with TCR stimulation	experimental_replicate_holdout_3_vs_3	DOK2|stimulated	DOK2	3	pgaa_h	38	4999	0.03	0.05	-0.02	-0.0107572933903688	0.0402265554148396	pgaa-cross-platform-dual-gate-v1	pgaa-cross-platform-matched-controls-v1
datlinger2017_jurkat_crispr	Jurkat CRISPR with TCR stimulation	experimental_replicate_holdout_3_vs_3	DOK2|stimulated	DOK2	3	absolute_mean_shift	38	4999	0.02	0.03	-0.0099999999999999	0.0538933760419157	0.0799821625789743	pgaa-cross-platform-dual-gate-v1	pgaa-cross-platform-matched-controls-v1
datlinger2017_jurkat_crispr	Jurkat CRISPR with TCR stimulation	experimental_replicate_holdout_3_vs_3	DOK2|stimulated	DOK2	3	welch_abs_t	38	4999	0.02	0.03	-0.0099999999999999	-0.0188036552332988	0.017987021557973	pgaa-cross-platform-dual-gate-v1	pgaa-cross-platform-matched-controls-v1
datlinger2017_jurkat_crispr	Jurkat CRISPR with TCR stimulation	experimental_replicate_holdout_3_vs_3	DOK2|stimulated	DOK2	4	pgaa_w	38	4999	0.09	0.09	0.0	0.29073276273502	0.2746501012087172	pgaa-cross-platform-dual-gate-v1	pgaa-cross-platform-matched-controls-v1
datlinger2017_jurkat_crispr	Jurkat CRISPR with TCR stimulation	experimental_replicate_holdout_3_vs_3	DOK2|stimulated	DOK2	4	pgaa_h	38	4999	0.02	0.02	0.0	0.0152932049908233	-0.0106117295527231	pgaa-cross-platform-dual-gate-v1	pgaa-cross-platform-matched-controls-v1
datlinger2017_jurkat_crispr	Jurkat CRISPR with TCR stimulation	experimental_replicate_holdout_3_vs_3	DOK2|stimulated	DOK2	4	absolute_mean_shift	38	4999	0.07	0.07	0.0	0.1017999335330115	0.0714051108969842	pgaa-cross-platform-dual-gate-v1	pgaa-cross-platform-matched-controls-v1
datlinger2017_jurkat_crispr	Jurkat CRISPR with TCR stimulation	experimental_replicate_holdout_3_vs_3	DOK2|stimulated	DOK2	4	welch_abs_t	38	4999	0.02	0.04	-0.02	0.0395312402216337	0.007729777312005	pgaa-cross-platform-dual-gate-v1	pgaa-cross-platform-matched-controls-v1
datlinger2017_jurkat_crispr	Jurkat CRISPR with TCR stimulation	experimental_replicate_holdout_3_vs_3	JUNB|stimulated	JUNB	0	pgaa_w	38	4999	0.11	0.06	0.05	0.2779252284550548	0.2250201350714321	pgaa-cross-platform-dual-gate-v1	pgaa-cross-platform-matched-controls-v1
datlinger2017_jurkat_crispr	Jurkat CRISPR with TCR stimulation	experimental_replicate_holdout_3_vs_3	JUNB|stimulated	JUNB	0	pgaa_h	38	4999	0.03	0.03	0.0	0.0067485437512677	0.0061883602662473	pgaa-cross-platform-dual-gate-v1	pgaa-cross-platform-matched-controls-v1
datlinger2017_jurkat_crispr	Jurkat CRISPR with TCR stimulation	experimental_replicate_holdout_3_vs_3	JUNB|stimulated	JUNB	0	absolute_mean_shift	38	4999	0.08	0.06	0.02	0.0855427663265337	0.0201018656081805	pgaa-cross-platform-dual-gate-v1	pgaa-cross-platform-matched-controls-v1
datlinger2017_jurkat_crispr	Jurkat CRISPR with TCR stimulation	experimental_replicate_holdout_3_vs_3	JUNB|stimulated	JUNB	0	welch_abs_t	38	4999	0.0	0.03	-0.03	0.0127163156526967	-0.0477615097100515	pgaa-cross-platform-dual-gate-v1	pgaa-cross-platform-matched-controls-v1
datlinger2017_jurkat_crispr	Jurkat CRISPR with TCR stimulation	experimental_replicate_holdout_3_vs_3	JUNB|stimulated	JUNB	1	pgaa_w	38	4999	0.06	0.08	-0.02	0.2641024710104085	0.3461841568793952	pgaa-cross-platform-dual-gate-v1	pgaa-cross-platform-matched-controls-v1
datlinger2017_jurkat_crispr	Jurkat CRISPR with TCR stimulation	experimental_replicate_holdout_3_vs_3	JUNB|stimulated	JUNB	1	pgaa_h	38	4999	0.01	0.02	-0.01	0.0016029579750672	0.016653221597187	pgaa-cross-platform-dual-gate-v1	pgaa-cross-platform-matched-controls-v1
datlinger2017_jurkat_crispr	Jurkat CRISPR with TCR stimulation	experimental_replicate_holdout_3_vs_3	JUNB|stimulated	JUNB	1	absolute_mean_shift	38	4999	0.06	0.05	0.0099999999999999	0.0686614441305064	0.1000077994542491	pgaa-cross-platform-dual-gate-v1	pgaa-cross-platform-matched-controls-v1
datlinger2017_jurkat_crispr	Jurkat CRISPR with TCR stimulation	experimental_replicate_holdout_3_vs_3	JUNB|stimulated	JUNB	1	welch_abs_t	38	4999	0.0	0.03	-0.03	0.0196533895019016	0.0109764400899387	pgaa-cross-platform-dual-gate-v1	pgaa-cross-platform-matched-controls-v1
datlinger2017_jurkat_crispr	Jurkat CRISPR with TCR stimulation	experimental_replicate_holdout_3_vs_3	JUNB|stimulated	JUNB	2	pgaa_w	38	4999	0.07	0.09	-0.0199999999999999	0.2585804055408921	0.2677905063845903	pgaa-cross-platform-dual-gate-v1	pgaa-cross-platform-matched-controls-v1
datlinger2017_jurkat_crispr	Jurkat CRISPR with TCR stimulation	experimental_replicate_holdout_3_vs_3	JUNB|stimulated	JUNB	2	pgaa_h	38	4999	0.02	0.01	0.01	0.013487067438616	0.0135361681500221	pgaa-cross-platform-dual-gate-v1	pgaa-cross-platform-matched-controls-v1
datlinger2017_jurkat_crispr	Jurkat CRISPR with TCR stimulation	experimental_replicate_holdout_3_vs_3	JUNB|stimulated	JUNB	2	absolute_mean_shift	38	4999	0.05	0.08	-0.03	0.0477130294749328	0.0813205515591464	pgaa-cross-platform-dual-gate-v1	pgaa-cross-platform-matched-controls-v1
datlinger2017_jurkat_crispr	Jurkat CRISPR with TCR stimulation	experimental_replicate_holdout_3_vs_3	JUNB|stimulated	JUNB	2	welch_abs_t	38	4999	0.01	0.02	-0.01	-0.0109234456257619	0.0105333101194068	pgaa-cross-platform-dual-gate-v1	pgaa-cross-platform-matched-controls-v1
datlinger2017_jurkat_crispr	Jurkat CRISPR with TCR stimulation	experimental_replicate_holdout_3_vs_3	JUNB|stimulated	JUNB	3	pgaa_w	38	4999	0.12	0.08	0.0399999999999999	0.2736008711466183	0.2853575354686784	pgaa-cross-platform-dual-gate-v1	pgaa-cross-platform-matched-controls-v1
datlinger2017_jurkat_crispr	Jurkat CRISPR with TCR stimulation	experimental_replicate_holdout_3_vs_3	JUNB|stimulated	JUNB	3	pgaa_h	38	4999	0.04	0.02	0.02	-0.0029903830427466	-0.0007399695476443	pgaa-cross-platform-dual-gate-v1	pgaa-cross-platform-matched-controls-v1
datlinger2017_jurkat_crispr	Jurkat CRISPR with TCR stimulation	experimental_replicate_holdout_3_vs_3	JUNB|stimulated	JUNB	3	absolute_mean_shift	38	4999	0.11	0.08	0.03	0.0702691991973554	0.0708012743502074	pgaa-cross-platform-dual-gate-v1	pgaa-cross-platform-matched-controls-v1
datlinger2017_jurkat_crispr	Jurkat CRISPR with TCR stimulation	experimental_replicate_holdout_3_vs_3	JUNB|stimulated	JUNB	3	welch_abs_t	38	4999	0.03	0.01	0.0199999999999999	0.0062243395619393	2.1865357465775637e-05	pgaa-cross-platform-dual-gate-v1	pgaa-cross-platform-matched-controls-v1
datlinger2017_jurkat_crispr	Jurkat CRISPR with TCR stimulation	experimental_replicate_holdout_3_vs_3	JUNB|stimulated	JUNB	4	pgaa_w	38	4999	0.05	0.06	-0.0099999999999999	0.3225558372658926	0.2702671321299074	pgaa-cross-platform-dual-gate-v1	pgaa-cross-platform-matched-controls-v1
datlinger2017_jurkat_crispr	Jurkat CRISPR with TCR stimulation	experimental_replicate_holdout_3_vs_3	JUNB|stimulated	JUNB	4	pgaa_h	38	4999	0.01	0.02	-0.01	0.014188377329221	0.0271664071427161	pgaa-cross-platform-dual-gate-v1	pgaa-cross-platform-matched-controls-v1
datlinger2017_jurkat_crispr	Jurkat CRISPR with TCR stimulation	experimental_replicate_holdout_3_vs_3	JUNB|stimulated	JUNB	4	absolute_mean_shift	38	4999	0.06	0.06	0.0	0.0854999906144734	0.0726826939474973	pgaa-cross-platform-dual-gate-v1	pgaa-cross-platform-matched-controls-v1
datlinger2017_jurkat_crispr	Jurkat CRISPR with TCR stimulation	experimental_replicate_holdout_3_vs_3	JUNB|stimulated	JUNB	4	welch_abs_t	38	4999	0.01	0.02	-0.01	-0.0054017421491501	0.0039499413928403	pgaa-cross-platform-dual-gate-v1	pgaa-cross-platform-matched-controls-v1
datlinger2017_jurkat_crispr	Jurkat CRISPR with TCR stimulation	experimental_replicate_holdout_3_vs_3	JUN|stimulated	JUN	0	pgaa_w	37	4999	0.06	0.09	-0.03	0.3079071231293078	0.2757411454439748	pgaa-cross-platform-dual-gate-v1	pgaa-cross-platform-matched-controls-v1
datlinger2017_jurkat_crispr	Jurkat CRISPR with TCR stimulation	experimental_replicate_holdout_3_vs_3	JUN|stimulated	JUN	0	pgaa_h	37	4999	0.0	0.05	-0.05	0.0188501946894242	0.0217508554027507	pgaa-cross-platform-dual-gate-v1	pgaa-cross-platform-matched-controls-v1
datlinger2017_jurkat_crispr	Jurkat CRISPR with TCR stimulation	experimental_replicate_holdout_3_vs_3	JUN|stimulated	JUN	0	absolute_mean_shift	37	4999	0.06	0.07	-0.01	0.0786370933787216	0.0664982120121382	pgaa-cross-platform-dual-gate-v1	pgaa-cross-platform-matched-controls-v1
datlinger2017_jurkat_crispr	Jurkat CRISPR with TCR stimulation	experimental_replicate_holdout_3_vs_3	JUN|stimulated	JUN	0	welch_abs_t	37	4999	0.01	0.02	-0.01	-0.0001911810933615	-0.0008558058310341	pgaa-cross-platform-dual-gate-v1	pgaa-cross-platform-matched-controls-v1
datlinger2017_jurkat_crispr	Jurkat CRISPR with TCR stimulation	experimental_replicate_holdout_3_vs_3	JUN|stimulated	JUN	1	pgaa_w	37	4999	0.06	0.09	-0.03	0.2903531010163618	0.3446692716214312	pgaa-cross-platform-dual-gate-v1	pgaa-cross-platform-matched-controls-v1
datlinger2017_jurkat_crispr	Jurkat CRISPR with TCR stimulation	experimental_replicate_holdout_3_vs_3	JUN|stimulated	JUN	1	pgaa_h	37	4999	0.02	0.03	-0.0099999999999999	0.0232989480012785	0.0230291932915359	pgaa-cross-platform-dual-gate-v1	pgaa-cross-platform-matched-controls-v1
datlinger2017_jurkat_crispr	Jurkat CRISPR with TCR stimulation	experimental_replicate_holdout_3_vs_3	JUN|stimulated	JUN	1	absolute_mean_shift	37	4999	0.05	0.07	-0.02	0.0660646522133269	0.0980388350009525	pgaa-cross-platform-dual-gate-v1	pgaa-cross-platform-matched-controls-v1
datlinger2017_jurkat_crispr	Jurkat CRISPR with TCR stimulation	experimental_replicate_holdout_3_vs_3	JUN|stimulated	JUN	1	welch_abs_t	37	4999	0.0	0.01	-0.01	-0.0020362100751482	0.0028946043710542	pgaa-cross-platform-dual-gate-v1	pgaa-cross-platform-matched-controls-v1
datlinger2017_jurkat_crispr	Jurkat CRISPR with TCR stimulation	experimental_replicate_holdout_3_vs_3	JUN|stimulated	JUN	2	pgaa_w	37	4999	0.08	0.07	0.0099999999999999	0.3131491842666252	0.2954553005198879	pgaa-cross-platform-dual-gate-v1	pgaa-cross-platform-matched-controls-v1
datlinger2017_jurkat_crispr	Jurkat CRISPR with TCR stimulation	experimental_replicate_holdout_3_vs_3	JUN|stimulated	JUN	2	pgaa_h	37	4999	0.05	0.0	0.05	0.0243023565972263	-0.0018918829391785	pgaa-cross-platform-dual-gate-v1	pgaa-cross-platform-matched-controls-v1
datlinger2017_jurkat_crispr	Jurkat CRISPR with TCR stimulation	experimental_replicate_holdout_3_vs_3	JUN|stimulated	JUN	2	absolute_mean_shift	37	4999	0.05	0.06	-0.0099999999999999	0.0660755277105841	0.0897077920330554	pgaa-cross-platform-dual-gate-v1	pgaa-cross-platform-matched-controls-v1
datlinger2017_jurkat_crispr	Jurkat CRISPR with TCR stimulation	experimental_replicate_holdout_3_vs_3	JUN|stimulated	JUN	2	welch_abs_t	37	4999	0.02	0.02	0.0	-0.011067566022208	0.0010049587348442	pgaa-cross-platform-dual-gate-v1	pgaa-cross-platform-matched-controls-v1
datlinger2017_jurkat_crispr	Jurkat CRISPR with TCR stimulation	experimental_replicate_holdout_3_vs_3	JUN|stimulated	JUN	3	pgaa_w	37	4999	0.06	0.03	0.03	0.2561887919480655	0.2432916386878816	pgaa-cross-platform-dual-gate-v1	pgaa-cross-platform-matched-controls-v1
datlinger2017_jurkat_crispr	Jurkat CRISPR with TCR stimulation	experimental_replicate_holdout_3_vs_3	JUN|stimulated	JUN	3	pgaa_h	37	4999	0.05	0.02	0.03	0.0154291038176836	-0.0109140525956234	pgaa-cross-platform-dual-gate-v1	pgaa-cross-platform-matched-controls-v1
datlinger2017_jurkat_crispr	Jurkat CRISPR with TCR stimulation	experimental_replicate_holdout_3_vs_3	JUN|stimulated	JUN	3	absolute_mean_shift	37	4999	0.03	0.03	0.0	0.0359972129840133	0.0459747895808687	pgaa-cross-platform-dual-gate-v1	pgaa-cross-platform-matched-controls-v1
datlinger2017_jurkat_crispr	Jurkat CRISPR with TCR stimulation	experimental_replicate_holdout_3_vs_3	JUN|stimulated	JUN	3	welch_abs_t	37	4999	0.02	0.01	0.01	-0.0178235211988376	-0.0132158221803596	pgaa-cross-platform-dual-gate-v1	pgaa-cross-platform-matched-controls-v1
datlinger2017_jurkat_crispr	Jurkat CRISPR with TCR stimulation	experimental_replicate_holdout_3_vs_3	JUN|stimulated	JUN	4	pgaa_w	37	4999	0.07	0.05	0.02	0.3053622622723825	0.2746280725052574	pgaa-cross-platform-dual-gate-v1	pgaa-cross-platform-matched-controls-v1
datlinger2017_jurkat_crispr	Jurkat CRISPR with TCR stimulation	experimental_replicate_holdout_3_vs_3	JUN|stimulated	JUN	4	pgaa_h	37	4999	0.01	0.01	0.0	0.0268969621100876	0.0097691096529532	pgaa-cross-platform-dual-gate-v1	pgaa-cross-platform-matched-controls-v1
datlinger2017_jurkat_crispr	Jurkat CRISPR with TCR stimulation	experimental_replicate_holdout_3_vs_3	JUN|stimulated	JUN	4	absolute_mean_shift	37	4999	0.07	0.05	0.02	0.0613273729445206	0.0866190273431991	pgaa-cross-platform-dual-gate-v1	pgaa-cross-platform-matched-controls-v1
datlinger2017_jurkat_crispr	Jurkat CRISPR with TCR stimulation	experimental_replicate_holdout_3_vs_3	JUN|stimulated	JUN	4	welch_abs_t	37	4999	0.03	0.02	0.0099999999999999	-0.0250177744552512	-0.0021757402140692	pgaa-cross-platform-dual-gate-v1	pgaa-cross-platform-matched-controls-v1
datlinger2017_jurkat_crispr	Jurkat CRISPR with TCR stimulation	experimental_replicate_holdout_3_vs_3	NFATC1|unstimulated	NFATC1	0	pgaa_w	37	4999	0.08	0.05	0.03	0.2838441840589007	0.2543228631861864	pgaa-cross-platform-dual-gate-v1	pgaa-cross-platform-matched-controls-v1
datlinger2017_jurkat_crispr	Jurkat CRISPR with TCR stimulation	experimental_replicate_holdout_3_vs_3	NFATC1|unstimulated	NFATC1	0	pgaa_h	37	4999	0.02	0.0	0.02	0.0424341192999148	0.0073787032079443	pgaa-cross-platform-dual-gate-v1	pgaa-cross-platform-matched-controls-v1
datlinger2017_jurkat_crispr	Jurkat CRISPR with TCR stimulation	experimental_replicate_holdout_3_vs_3	NFATC1|unstimulated	NFATC1	0	absolute_mean_shift	37	4999	0.05	0.05	0.0	0.0649944736157312	0.0446231895609523	pgaa-cross-platform-dual-gate-v1	pgaa-cross-platform-matched-controls-v1
datlinger2017_jurkat_crispr	Jurkat CRISPR with TCR stimulation	experimental_replicate_holdout_3_vs_3	NFATC1|unstimulated	NFATC1	0	welch_abs_t	37	4999	0.03	0.03	0.0	-0.0095837345142397	-0.0315230342129546	pgaa-cross-platform-dual-gate-v1	pgaa-cross-platform-matched-controls-v1
datlinger2017_jurkat_crispr	Jurkat CRISPR with TCR stimulation	experimental_replicate_holdout_3_vs_3	NFATC1|unstimulated	NFATC1	1	pgaa_w	37	4999	0.09	0.04	0.0499999999999999	0.2683622983420213	0.2324516808339447	pgaa-cross-platform-dual-gate-v1	pgaa-cross-platform-matched-controls-v1
datlinger2017_jurkat_crispr	Jurkat CRISPR with TCR stimulation	experimental_replicate_holdout_3_vs_3	NFATC1|unstimulated	NFATC1	1	pgaa_h	37	4999	0.07	0.02	0.05	0.0250114631874519	-0.0027274715064539	pgaa-cross-platform-dual-gate-v1	pgaa-cross-platform-matched-controls-v1
datlinger2017_jurkat_crispr	Jurkat CRISPR with TCR stimulation	experimental_replicate_holdout_3_vs_3	NFATC1|unstimulated	NFATC1	1	absolute_mean_shift	37	4999	0.06	0.04	0.0199999999999999	0.0790065989207206	0.0354432777088643	pgaa-cross-platform-dual-gate-v1	pgaa-cross-platform-matched-controls-v1
datlinger2017_jurkat_crispr	Jurkat CRISPR with TCR stimulation	experimental_replicate_holdout_3_vs_3	NFATC1|unstimulated	NFATC1	1	welch_abs_t	37	4999	0.03	0.03	0.0	0.013287614353603	-0.0143256154235487	pgaa-cross-platform-dual-gate-v1	pgaa-cross-platform-matched-controls-v1
datlinger2017_jurkat_crispr	Jurkat CRISPR with TCR stimulation	experimental_replicate_holdout_3_vs_3	NFATC1|unstimulated	NFATC1	2	pgaa_w	37	4999	0.07	0.04	0.03	0.2960340620896336	0.3033342132823524	pgaa-cross-platform-dual-gate-v1	pgaa-cross-platform-matched-controls-v1
datlinger2017_jurkat_crispr	Jurkat CRISPR with TCR stimulation	experimental_replicate_holdout_3_vs_3	NFATC1|unstimulated	NFATC1	2	pgaa_h	37	4999	0.04	0.02	0.02	-0.0035337445139206	-0.0168424729703737	pgaa-cross-platform-dual-gate-v1	pgaa-cross-platform-matched-controls-v1
datlinger2017_jurkat_crispr	Jurkat CRISPR with TCR stimulation	experimental_replicate_holdout_3_vs_3	NFATC1|unstimulated	NFATC1	2	absolute_mean_shift	37	4999	0.06	0.01	0.0499999999999999	0.0645209331979866	0.091563912985666	pgaa-cross-platform-dual-gate-v1	pgaa-cross-platform-matched-controls-v1
datlinger2017_jurkat_crispr	Jurkat CRISPR with TCR stimulation	experimental_replicate_holdout_3_vs_3	NFATC1|unstimulated	NFATC1	2	welch_abs_t	37	4999	0.05	0.02	0.03	-0.0074068663437902	0.0070969692147933	pgaa-cross-platform-dual-gate-v1	pgaa-cross-platform-matched-controls-v1
datlinger2017_jurkat_crispr	Jurkat CRISPR with TCR stimulation	experimental_replicate_holdout_3_vs_3	NFATC1|unstimulated	NFATC1	3	pgaa_w	37	4999	0.02	0.06	-0.0399999999999999	0.3067894945209159	0.2629445056358211	pgaa-cross-platform-dual-gate-v1	pgaa-cross-platform-matched-controls-v1
datlinger2017_jurkat_crispr	Jurkat CRISPR with TCR stimulation	experimental_replicate_holdout_3_vs_3	NFATC1|unstimulated	NFATC1	3	pgaa_h	37	4999	0.03	0.01	0.0199999999999999	0.0161322590274669	-0.0024955281251224	pgaa-cross-platform-dual-gate-v1	pgaa-cross-platform-matched-controls-v1
datlinger2017_jurkat_crispr	Jurkat CRISPR with TCR stimulation	experimental_replicate_holdout_3_vs_3	NFATC1|unstimulated	NFATC1	3	absolute_mean_shift	37	4999	0.02	0.08	-0.06	0.0737747639341499	0.0756256972457367	pgaa-cross-platform-dual-gate-v1	pgaa-cross-platform-matched-controls-v1
datlinger2017_jurkat_crispr	Jurkat CRISPR with TCR stimulation	experimental_replicate_holdout_3_vs_3	NFATC1|unstimulated	NFATC1	3	welch_abs_t	37	4999	0.02	0.01	0.01	0.0014812690269857	0.0064218653097448	pgaa-cross-platform-dual-gate-v1	pgaa-cross-platform-matched-controls-v1
datlinger2017_jurkat_crispr	Jurkat CRISPR with TCR stimulation	experimental_replicate_holdout_3_vs_3	NFATC1|unstimulated	NFATC1	4	pgaa_w	37	4999	0.08	0.03	0.05	0.2573291868039233	0.2763728043567898	pgaa-cross-platform-dual-gate-v1	pgaa-cross-platform-matched-controls-v1
datlinger2017_jurkat_crispr	Jurkat CRISPR with TCR stimulation	experimental_replicate_holdout_3_vs_3	NFATC1|unstimulated	NFATC1	4	pgaa_h	37	4999	0.03	0.04	-0.01	-0.0057107489838417	0.016696606934289	pgaa-cross-platform-dual-gate-v1	pgaa-cross-platform-matched-controls-v1
datlinger2017_jurkat_crispr	Jurkat CRISPR with TCR stimulation	experimental_replicate_holdout_3_vs_3	NFATC1|unstimulated	NFATC1	4	absolute_mean_shift	37	4999	0.07	0.02	0.05	0.0716289823202308	0.0733194835863527	pgaa-cross-platform-dual-gate-v1	pgaa-cross-platform-matched-controls-v1
datlinger2017_jurkat_crispr	Jurkat CRISPR with TCR stimulation	experimental_replicate_holdout_3_vs_3	NFATC1|unstimulated	NFATC1	4	welch_abs_t	37	4999	0.04	0.02	0.02	0.0037538714946771	0.0007894054201185	pgaa-cross-platform-dual-gate-v1	pgaa-cross-platform-matched-controls-v1
datlinger2017_jurkat_crispr	Jurkat CRISPR with TCR stimulation	experimental_replicate_holdout_3_vs_3	PTPN6|stimulated	PTPN6	0	pgaa_w	37	4999	0.1	0.05	0.05	0.2485972850752624	0.28330413943533	pgaa-cross-platform-dual-gate-v1	pgaa-cross-platform-matched-controls-v1
datlinger2017_jurkat_crispr	Jurkat CRISPR with TCR stimulation	experimental_replicate_holdout_3_vs_3	PTPN6|stimulated	PTPN6	0	pgaa_h	37	4999	0.04	0.02	0.02	0.0015641927162876	0.0181969680487604	pgaa-cross-platform-dual-gate-v1	pgaa-cross-platform-matched-controls-v1
datlinger2017_jurkat_crispr	Jurkat CRISPR with TCR stimulation	experimental_replicate_holdout_3_vs_3	PTPN6|stimulated	PTPN6	0	absolute_mean_shift	37	4999	0.08	0.05	0.03	0.0718328195325419	0.0673991566669203	pgaa-cross-platform-dual-gate-v1	pgaa-cross-platform-matched-controls-v1
datlinger2017_jurkat_crispr	Jurkat CRISPR with TCR stimulation	experimental_replicate_holdout_3_vs_3	PTPN6|stimulated	PTPN6	0	welch_abs_t	37	4999	0.0	0.02	-0.02	-0.0052665986738764	-0.0128228625797188	pgaa-cross-platform-dual-gate-v1	pgaa-cross-platform-matched-controls-v1
datlinger2017_jurkat_crispr	Jurkat CRISPR with TCR stimulation	experimental_replicate_holdout_3_vs_3	PTPN6|stimulated	PTPN6	1	pgaa_w	37	4999	0.06	0.04	0.0199999999999999	0.277525967042148	0.2563554073599834	pgaa-cross-platform-dual-gate-v1	pgaa-cross-platform-matched-controls-v1
datlinger2017_jurkat_crispr	Jurkat CRISPR with TCR stimulation	experimental_replicate_holdout_3_vs_3	PTPN6|stimulated	PTPN6	1	pgaa_h	37	4999	0.02	0.0	0.02	0.0015154050959112	0.0307636524868187	pgaa-cross-platform-dual-gate-v1	pgaa-cross-platform-matched-controls-v1
datlinger2017_jurkat_crispr	Jurkat CRISPR with TCR stimulation	experimental_replicate_holdout_3_vs_3	PTPN6|stimulated	PTPN6	1	absolute_mean_shift	37	4999	0.06	0.03	0.03	0.0696752812764155	0.0618512626444545	pgaa-cross-platform-dual-gate-v1	pgaa-cross-platform-matched-controls-v1
datlinger2017_jurkat_crispr	Jurkat CRISPR with TCR stimulation	experimental_replicate_holdout_3_vs_3	PTPN6|stimulated	PTPN6	1	welch_abs_t	37	4999	0.02	0.01	0.01	-0.0050004248148549	-0.0145668419161519	pgaa-cross-platform-dual-gate-v1	pgaa-cross-platform-matched-controls-v1
datlinger2017_jurkat_crispr	Jurkat CRISPR with TCR stimulation	experimental_replicate_holdout_3_vs_3	PTPN6|stimulated	PTPN6	2	pgaa_w	37	4999	0.07	0.11	-0.0399999999999999	0.2562791949087604	0.2581277002579388	pgaa-cross-platform-dual-gate-v1	pgaa-cross-platform-matched-controls-v1
datlinger2017_jurkat_crispr	Jurkat CRISPR with TCR stimulation	experimental_replicate_holdout_3_vs_3	PTPN6|stimulated	PTPN6	2	pgaa_h	37	4999	0.03	0.02	0.0099999999999999	0.0188922204267044	0.0241476588611077	pgaa-cross-platform-dual-gate-v1	pgaa-cross-platform-matched-controls-v1
datlinger2017_jurkat_crispr	Jurkat CRISPR with TCR stimulation	experimental_replicate_holdout_3_vs_3	PTPN6|stimulated	PTPN6	2	absolute_mean_shift	37	4999	0.08	0.1	-0.02	0.0757645557071699	0.0721050454560615	pgaa-cross-platform-dual-gate-v1	pgaa-cross-platform-matched-controls-v1
datlinger2017_jurkat_crispr	Jurkat CRISPR with TCR stimulation	experimental_replicate_holdout_3_vs_3	PTPN6|stimulated	PTPN6	2	welch_abs_t	37	4999	0.01	0.02	-0.01	0.0028254396138687	-0.0010953428621161	pgaa-cross-platform-dual-gate-v1	pgaa-cross-platform-matched-controls-v1
datlinger2017_jurkat_crispr	Jurkat CRISPR with TCR stimulation	experimental_replicate_holdout_3_vs_3	PTPN6|stimulated	PTPN6	3	pgaa_w	37	4999	0.07	0.1	-0.03	0.2616196703509157	0.2243702058058671	pgaa-cross-platform-dual-gate-v1	pgaa-cross-platform-matched-controls-v1
datlinger2017_jurkat_crispr	Jurkat CRISPR with TCR stimulation	experimental_replicate_holdout_3_vs_3	PTPN6|stimulated	PTPN6	3	pgaa_h	37	4999	0.05	0.02	0.03	0.0237953933618161	0.0381596174526827	pgaa-cross-platform-dual-gate-v1	pgaa-cross-platform-matched-controls-v1
datlinger2017_jurkat_crispr	Jurkat CRISPR with TCR stimulation	experimental_replicate_holdout_3_vs_3	PTPN6|stimulated	PTPN6	3	absolute_mean_shift	37	4999	0.06	0.08	-0.02	0.0859117239554972	0.0516145505753749	pgaa-cross-platform-dual-gate-v1	pgaa-cross-platform-matched-controls-v1
datlinger2017_jurkat_crispr	Jurkat CRISPR with TCR stimulation	experimental_replicate_holdout_3_vs_3	PTPN6|stimulated	PTPN6	3	welch_abs_t	37	4999	0.01	0.02	-0.01	0.0085117996952817	-0.0175380384604541	pgaa-cross-platform-dual-gate-v1	pgaa-cross-platform-matched-controls-v1
datlinger2017_jurkat_crispr	Jurkat CRISPR with TCR stimulation	experimental_replicate_holdout_3_vs_3	PTPN6|stimulated	PTPN6	4	pgaa_w	37	4999	0.06	0.04	0.0199999999999999	0.2921026448747132	0.2928270202419836	pgaa-cross-platform-dual-gate-v1	pgaa-cross-platform-matched-controls-v1
datlinger2017_jurkat_crispr	Jurkat CRISPR with TCR stimulation	experimental_replicate_holdout_3_vs_3	PTPN6|stimulated	PTPN6	4	pgaa_h	37	4999	0.0	0.03	-0.03	0.0185758003160173	0.022397898556607	pgaa-cross-platform-dual-gate-v1	pgaa-cross-platform-matched-controls-v1
datlinger2017_jurkat_crispr	Jurkat CRISPR with TCR stimulation	experimental_replicate_holdout_3_vs_3	PTPN6|stimulated	PTPN6	4	absolute_mean_shift	37	4999	0.06	0.05	0.0099999999999999	0.0631260685361263	0.0690713449325673	pgaa-cross-platform-dual-gate-v1	pgaa-cross-platform-matched-controls-v1
datlinger2017_jurkat_crispr	Jurkat CRISPR with TCR stimulation	experimental_replicate_holdout_3_vs_3	PTPN6|stimulated	PTPN6	4	welch_abs_t	37	4999	0.03	0.01	0.0199999999999999	-0.0112836564912022	-0.0016875998489013	pgaa-cross-platform-dual-gate-v1	pgaa-cross-platform-matched-controls-v1
datlinger2017_jurkat_crispr	Jurkat CRISPR with TCR stimulation	experimental_replicate_holdout_3_vs_3	RELB|stimulated	RELB	0	pgaa_w	37	4999	0.08	0.05	0.03	0.2630455030261755	0.2832587352044239	pgaa-cross-platform-dual-gate-v1	pgaa-cross-platform-matched-controls-v1
datlinger2017_jurkat_crispr	Jurkat CRISPR with TCR stimulation	experimental_replicate_holdout_3_vs_3	RELB|stimulated	RELB	0	pgaa_h	37	4999	0.02	0.01	0.01	-0.004020863680273	0.0078313899751911	pgaa-cross-platform-dual-gate-v1	pgaa-cross-platform-matched-controls-v1
datlinger2017_jurkat_crispr	Jurkat CRISPR with TCR stimulation	experimental_replicate_holdout_3_vs_3	RELB|stimulated	RELB	0	absolute_mean_shift	37	4999	0.07	0.03	0.04	0.0792635096084889	0.0789770810881727	pgaa-cross-platform-dual-gate-v1	pgaa-cross-platform-matched-controls-v1
datlinger2017_jurkat_crispr	Jurkat CRISPR with TCR stimulation	experimental_replicate_holdout_3_vs_3	RELB|stimulated	RELB	0	welch_abs_t	37	4999	0.02	0.02	0.0	0.0026828733334345	0.0076489880450915	pgaa-cross-platform-dual-gate-v1	pgaa-cross-platform-matched-controls-v1
datlinger2017_jurkat_crispr	Jurkat CRISPR with TCR stimulation	experimental_replicate_holdout_3_vs_3	RELB|stimulated	RELB	1	pgaa_w	37	4999	0.09	0.04	0.0499999999999999	0.2608091608237614	0.2677409087579822	pgaa-cross-platform-dual-gate-v1	pgaa-cross-platform-matched-controls-v1
datlinger2017_jurkat_crispr	Jurkat CRISPR with TCR stimulation	experimental_replicate_holdout_3_vs_3	RELB|stimulated	RELB	1	pgaa_h	37	4999	0.02	0.03	-0.0099999999999999	0.0103844948238562	-0.0041597489116496	pgaa-cross-platform-dual-gate-v1	pgaa-cross-platform-matched-controls-v1
datlinger2017_jurkat_crispr	Jurkat CRISPR with TCR stimulation	experimental_replicate_holdout_3_vs_3	RELB|stimulated	RELB	1	absolute_mean_shift	37	4999	0.09	0.04	0.0499999999999999	0.0535051153353602	0.0866209970507874	pgaa-cross-platform-dual-gate-v1	pgaa-cross-platform-matched-controls-v1
datlinger2017_jurkat_crispr	Jurkat CRISPR with TCR stimulation	experimental_replicate_holdout_3_vs_3	RELB|stimulated	RELB	1	welch_abs_t	37	4999	0.03	0.0	0.03	-0.0160225867022143	0.0172905985763128	pgaa-cross-platform-dual-gate-v1	pgaa-cross-platform-matched-controls-v1
datlinger2017_jurkat_crispr	Jurkat CRISPR with TCR stimulation	experimental_replicate_holdout_3_vs_3	RELB|stimulated	RELB	2	pgaa_w	37	4999	0.06	0.07	-0.01	0.2553983777307682	0.2880109560447504	pgaa-cross-platform-dual-gate-v1	pgaa-cross-platform-matched-controls-v1
datlinger2017_jurkat_crispr	Jurkat CRISPR with TCR stimulation	experimental_replicate_holdout_3_vs_3	RELB|stimulated	RELB	2	pgaa_h	37	4999	0.01	0.01	0.0	0.0107550465657522	0.0146533277335881	pgaa-cross-platform-dual-gate-v1	pgaa-cross-platform-matched-controls-v1
datlinger2017_jurkat_crispr	Jurkat CRISPR with TCR stimulation	experimental_replicate_holdout_3_vs_3	RELB|stimulated	RELB	2	absolute_mean_shift	37	4999	0.05	0.07	-0.02	0.050470615036584	0.0996086056202461	pgaa-cross-platform-dual-gate-v1	pgaa-cross-platform-matched-controls-v1
datlinger2017_jurkat_crispr	Jurkat CRISPR with TCR stimulation	experimental_replicate_holdout_3_vs_3	RELB|stimulated	RELB	2	welch_abs_t	37	4999	0.03	0.01	0.0199999999999999	-0.0222743179619008	0.0284639461385674	pgaa-cross-platform-dual-gate-v1	pgaa-cross-platform-matched-controls-v1
datlinger2017_jurkat_crispr	Jurkat CRISPR with TCR stimulation	experimental_replicate_holdout_3_vs_3	RELB|stimulated	RELB	3	pgaa_w	37	4999	0.12	0.05	0.0699999999999999	0.2638845627468831	0.3430755418790842	pgaa-cross-platform-dual-gate-v1	pgaa-cross-platform-matched-controls-v1
datlinger2017_jurkat_crispr	Jurkat CRISPR with TCR stimulation	experimental_replicate_holdout_3_vs_3	RELB|stimulated	RELB	3	pgaa_h	37	4999	0.04	0.04	0.0	0.0043354377428245	0.0173840015109128	pgaa-cross-platform-dual-gate-v1	pgaa-cross-platform-matched-controls-v1
datlinger2017_jurkat_crispr	Jurkat CRISPR with TCR stimulation	experimental_replicate_holdout_3_vs_3	RELB|stimulated	RELB	3	absolute_mean_shift	37	4999	0.1	0.02	0.08	0.0561217135157192	0.1055529056402182	pgaa-cross-platform-dual-gate-v1	pgaa-cross-platform-matched-controls-v1
datlinger2017_jurkat_crispr	Jurkat CRISPR with TCR stimulation	experimental_replicate_holdout_3_vs_3	RELB|stimulated	RELB	3	welch_abs_t	37	4999	0.03	0.01	0.0199999999999999	-0.0147088043786288	0.0122232120853942	pgaa-cross-platform-dual-gate-v1	pgaa-cross-platform-matched-controls-v1
datlinger2017_jurkat_crispr	Jurkat CRISPR with TCR stimulation	experimental_replicate_holdout_3_vs_3	RELB|stimulated	RELB	4	pgaa_w	37	4999	0.08	0.03	0.05	0.2846389343174758	0.2751697636526105	pgaa-cross-platform-dual-gate-v1	pgaa-cross-platform-matched-controls-v1
datlinger2017_jurkat_crispr	Jurkat CRISPR with TCR stimulation	experimental_replicate_holdout_3_vs_3	RELB|stimulated	RELB	4	pgaa_h	37	4999	0.02	0.03	-0.0099999999999999	0.0158864809822451	0.0409091920496301	pgaa-cross-platform-dual-gate-v1	pgaa-cross-platform-matched-controls-v1
datlinger2017_jurkat_crispr	Jurkat CRISPR with TCR stimulation	experimental_replicate_holdout_3_vs_3	RELB|stimulated	RELB	4	absolute_mean_shift	37	4999	0.08	0.05	0.03	0.0792545310041421	0.0622306318691515	pgaa-cross-platform-dual-gate-v1	pgaa-cross-platform-matched-controls-v1
datlinger2017_jurkat_crispr	Jurkat CRISPR with TCR stimulation	experimental_replicate_holdout_3_vs_3	RELB|stimulated	RELB	4	welch_abs_t	37	4999	0.04	0.0	0.04	0.0065182510693379	-0.012267293315489	pgaa-cross-platform-dual-gate-v1	pgaa-cross-platform-matched-controls-v1
sciplex3_a549_drug	A549 multiplexed drug perturbation	biological_replicate_holdout_1_vs_1	AICAR|dose=0.001		0	pgaa_w	70	5000	0.27	0.27	0.0	0.8448909561690481	0.8388248923771873	pgaa-cross-platform-dual-gate-v1	pgaa-cross-platform-matched-controls-v1
sciplex3_a549_drug	A549 multiplexed drug perturbation	biological_replicate_holdout_1_vs_1	AICAR|dose=0.001		0	pgaa_h	70	5000	0.2	0.18	0.02	0.7950184591796791	0.7680020533889426	pgaa-cross-platform-dual-gate-v1	pgaa-cross-platform-matched-controls-v1
sciplex3_a549_drug	A549 multiplexed drug perturbation	biological_replicate_holdout_1_vs_1	AICAR|dose=0.001		0	absolute_mean_shift	70	5000	0.24	0.18	0.06	0.8025406052243796	0.7946145126476574	pgaa-cross-platform-dual-gate-v1	pgaa-cross-platform-matched-controls-v1
sciplex3_a549_drug	A549 multiplexed drug perturbation	biological_replicate_holdout_1_vs_1	AICAR|dose=0.001		0	welch_abs_t	70	5000	0.09	0.06	0.03	0.7362953524041387	0.7162621438974616	pgaa-cross-platform-dual-gate-v1	pgaa-cross-platform-matched-controls-v1
sciplex3_a549_drug	A549 multiplexed drug perturbation	biological_replicate_holdout_1_vs_1	AICAR|dose=0.001		1	pgaa_w	70	5000	0.24	0.25	-0.01	0.8466301705298792	0.8376746214186965	pgaa-cross-platform-dual-gate-v1	pgaa-cross-platform-matched-controls-v1
sciplex3_a549_drug	A549 multiplexed drug perturbation	biological_replicate_holdout_1_vs_1	AICAR|dose=0.001		1	pgaa_h	70	5000	0.2	0.25	-0.0499999999999999	0.7916971978413325	0.7847980735285985	pgaa-cross-platform-dual-gate-v1	pgaa-cross-platform-matched-controls-v1
sciplex3_a549_drug	A549 multiplexed drug perturbation	biological_replicate_holdout_1_vs_1	AICAR|dose=0.001		1	absolute_mean_shift	70	5000	0.22	0.19	0.03	0.8057365725797789	0.7913047937424679	pgaa-cross-platform-dual-gate-v1	pgaa-cross-platform-matched-controls-v1
sciplex3_a549_drug	A549 multiplexed drug perturbation	biological_replicate_holdout_1_vs_1	AICAR|dose=0.001		1	welch_abs_t	70	5000	0.09	0.04	0.0499999999999999	0.7374018948867327	0.7055764620566678	pgaa-cross-platform-dual-gate-v1	pgaa-cross-platform-matched-controls-v1
sciplex3_a549_drug	A549 multiplexed drug perturbation	biological_replicate_holdout_1_vs_1	AICAR|dose=0.001		2	pgaa_w	70	5000	0.29	0.26	0.0299999999999999	0.84360478286011	0.8336591137506886	pgaa-cross-platform-dual-gate-v1	pgaa-cross-platform-matched-controls-v1
sciplex3_a549_drug	A549 multiplexed drug perturbation	biological_replicate_holdout_1_vs_1	AICAR|dose=0.001		2	pgaa_h	70	5000	0.26	0.2	0.06	0.7896263673448282	0.8037507502362564	pgaa-cross-platform-dual-gate-v1	pgaa-cross-platform-matched-controls-v1
sciplex3_a549_drug	A549 multiplexed drug perturbation	biological_replicate_holdout_1_vs_1	AICAR|dose=0.001		2	absolute_mean_shift	70	5000	0.3	0.21	0.09	0.8024012766014563	0.7885081265154116	pgaa-cross-platform-dual-gate-v1	pgaa-cross-platform-matched-controls-v1
sciplex3_a549_drug	A549 multiplexed drug perturbation	biological_replicate_holdout_1_vs_1	AICAR|dose=0.001		2	welch_abs_t	70	5000	0.06	0.04	0.0199999999999999	0.7354151075026115	0.7051106380240859	pgaa-cross-platform-dual-gate-v1	pgaa-cross-platform-matched-controls-v1
sciplex3_a549_drug	A549 multiplexed drug perturbation	biological_replicate_holdout_1_vs_1	AICAR|dose=0.001		3	pgaa_w	70	5000	0.3	0.28	0.0199999999999999	0.8431758812047896	0.8393255820333249	pgaa-cross-platform-dual-gate-v1	pgaa-cross-platform-matched-controls-v1
sciplex3_a549_drug	A549 multiplexed drug perturbation	biological_replicate_holdout_1_vs_1	AICAR|dose=0.001		3	pgaa_h	70	5000	0.19	0.22	-0.03	0.7865915345277407	0.7816288238345812	pgaa-cross-platform-dual-gate-v1	pgaa-cross-platform-matched-controls-v1
sciplex3_a549_drug	A549 multiplexed drug perturbation	biological_replicate_holdout_1_vs_1	AICAR|dose=0.001		3	absolute_mean_shift	70	5000	0.25	0.24	0.01	0.8056964835612594	0.7975038929413611	pgaa-cross-platform-dual-gate-v1	pgaa-cross-platform-matched-controls-v1
sciplex3_a549_drug	A549 multiplexed drug perturbation	biological_replicate_holdout_1_vs_1	AICAR|dose=0.001		3	welch_abs_t	70	5000	0.05	0.08	-0.03	0.7383975619431822	0.7188098143759835	pgaa-cross-platform-dual-gate-v1	pgaa-cross-platform-matched-controls-v1
sciplex3_a549_drug	A549 multiplexed drug perturbation	biological_replicate_holdout_1_vs_1	AICAR|dose=0.001		4	pgaa_w	70	5000	0.22	0.28	-0.06	0.8490088154227646	0.8356669351170525	pgaa-cross-platform-dual-gate-v1	pgaa-cross-platform-matched-controls-v1
sciplex3_a549_drug	A549 multiplexed drug perturbation	biological_replicate_holdout_1_vs_1	AICAR|dose=0.001		4	pgaa_h	70	5000	0.21	0.33	-0.12	0.8012678875206521	0.7789712760119893	pgaa-cross-platform-dual-gate-v1	pgaa-cross-platform-matched-controls-v1
sciplex3_a549_drug	A549 multiplexed drug perturbation	biological_replicate_holdout_1_vs_1	AICAR|dose=0.001		4	absolute_mean_shift	70	5000	0.17	0.22	-0.0499999999999999	0.8102074753947233	0.7883152983488678	pgaa-cross-platform-dual-gate-v1	pgaa-cross-platform-matched-controls-v1
sciplex3_a549_drug	A549 multiplexed drug perturbation	biological_replicate_holdout_1_vs_1	AICAR|dose=0.001		4	welch_abs_t	70	5000	0.07	0.06	0.01	0.7465092906332302	0.7123413813073625	pgaa-cross-platform-dual-gate-v1	pgaa-cross-platform-matched-controls-v1
sciplex3_a549_drug	A549 multiplexed drug perturbation	biological_replicate_holdout_1_vs_1	Altretamine|dose=0.001		0	pgaa_w	70	5000	0.29	0.25	0.0399999999999999	0.8294381254603179	0.8367131353675266	pgaa-cross-platform-dual-gate-v1	pgaa-cross-platform-matched-controls-v1
sciplex3_a549_drug	A549 multiplexed drug perturbation	biological_replicate_holdout_1_vs_1	Altretamine|dose=0.001		0	pgaa_h	70	5000	0.27	0.25	0.02	0.7826597605681282	0.7632915402840947	pgaa-cross-platform-dual-gate-v1	pgaa-cross-platform-matched-controls-v1
sciplex3_a549_drug	A549 multiplexed drug perturbation	biological_replicate_holdout_1_vs_1	Altretamine|dose=0.001		0	absolute_mean_shift	70	5000	0.28	0.21	0.07	0.7798398431318561	0.7923461191586987	pgaa-cross-platform-dual-gate-v1	pgaa-cross-platform-matched-controls-v1
sciplex3_a549_drug	A549 multiplexed drug perturbation	biological_replicate_holdout_1_vs_1	Altretamine|dose=0.001		0	welch_abs_t	70	5000	0.08	0.05	0.03	0.6987864235044411	0.7118991248228672	pgaa-cross-platform-dual-gate-v1	pgaa-cross-platform-matched-controls-v1
sciplex3_a549_drug	A549 multiplexed drug perturbation	biological_replicate_holdout_1_vs_1	Altretamine|dose=0.001		1	pgaa_w	70	5000	0.22	0.2	0.0199999999999999	0.8324820834631694	0.8402538290762323	pgaa-cross-platform-dual-gate-v1	pgaa-cross-platform-matched-controls-v1
sciplex3_a549_drug	A549 multiplexed drug perturbation	biological_replicate_holdout_1_vs_1	Altretamine|dose=0.001		1	pgaa_h	70	5000	0.24	0.19	0.0499999999999999	0.7855053516404031	0.7886202531852178	pgaa-cross-platform-dual-gate-v1	pgaa-cross-platform-matched-controls-v1
sciplex3_a549_drug	A549 multiplexed drug perturbation	biological_replicate_holdout_1_vs_1	Altretamine|dose=0.001		1	absolute_mean_shift	70	5000	0.19	0.17	0.0199999999999999	0.7822324441823534	0.7955700220738026	pgaa-cross-platform-dual-gate-v1	pgaa-cross-platform-matched-controls-v1
sciplex3_a549_drug	A549 multiplexed drug perturbation	biological_replicate_holdout_1_vs_1	Altretamine|dose=0.001		1	welch_abs_t	70	5000	0.09	0.06	0.03	0.6932517595183513	0.7157285412813613	pgaa-cross-platform-dual-gate-v1	pgaa-cross-platform-matched-controls-v1
sciplex3_a549_drug	A549 multiplexed drug perturbation	biological_replicate_holdout_1_vs_1	Altretamine|dose=0.001		2	pgaa_w	70	5000	0.34	0.22	0.12	0.8340759030164125	0.8423293706357167	pgaa-cross-platform-dual-gate-v1	pgaa-cross-platform-matched-controls-v1
sciplex3_a549_drug	A549 multiplexed drug perturbation	biological_replicate_holdout_1_vs_1	Altretamine|dose=0.001		2	pgaa_h	70	5000	0.16	0.24	-0.0799999999999999	0.7756034506414041	0.780971262990575	pgaa-cross-platform-dual-gate-v1	pgaa-cross-platform-matched-controls-v1
sciplex3_a549_drug	A549 multiplexed drug perturbation	biological_replicate_holdout_1_vs_1	Altretamine|dose=0.001		2	absolute_mean_shift	70	5000	0.3	0.23	0.0699999999999999	0.7822023621286758	0.800489463004074	pgaa-cross-platform-dual-gate-v1	pgaa-cross-platform-matched-controls-v1
sciplex3_a549_drug	A549 multiplexed drug perturbation	biological_replicate_holdout_1_vs_1	Altretamine|dose=0.001		2	welch_abs_t	70	5000	0.09	0.05	0.0399999999999999	0.6978686529768694	0.7215905126300522	pgaa-cross-platform-dual-gate-v1	pgaa-cross-platform-matched-controls-v1
sciplex3_a549_drug	A549 multiplexed drug perturbation	biological_replicate_holdout_1_vs_1	Altretamine|dose=0.001		3	pgaa_w	70	5000	0.27	0.37	-0.0999999999999999	0.8311737691715252	0.8349983366051371	pgaa-cross-platform-dual-gate-v1	pgaa-cross-platform-matched-controls-v1
sciplex3_a549_drug	A549 multiplexed drug perturbation	biological_replicate_holdout_1_vs_1	Altretamine|dose=0.001		3	pgaa_h	70	5000	0.24	0.25	-0.01	0.7989658309036404	0.7777369084034447	pgaa-cross-platform-dual-gate-v1	pgaa-cross-platform-matched-controls-v1
sciplex3_a549_drug	A549 multiplexed drug perturbation	biological_replicate_holdout_1_vs_1	Altretamine|dose=0.001		3	absolute_mean_shift	70	5000	0.24	0.32	-0.08	0.782935457358035	0.7920935759992078	pgaa-cross-platform-dual-gate-v1	pgaa-cross-platform-matched-controls-v1
sciplex3_a549_drug	A549 multiplexed drug perturbation	biological_replicate_holdout_1_vs_1	Altretamine|dose=0.001		3	welch_abs_t	70	5000	0.07	0.06	0.01	0.7016749957575051	0.7061939978306868	pgaa-cross-platform-dual-gate-v1	pgaa-cross-platform-matched-controls-v1
sciplex3_a549_drug	A549 multiplexed drug perturbation	biological_replicate_holdout_1_vs_1	Altretamine|dose=0.001		4	pgaa_w	70	5000	0.3	0.21	0.09	0.8383202969109929	0.8423078788005073	pgaa-cross-platform-dual-gate-v1	pgaa-cross-platform-matched-controls-v1
sciplex3_a549_drug	A549 multiplexed drug perturbation	biological_replicate_holdout_1_vs_1	Altretamine|dose=0.001		4	pgaa_h	70	5000	0.22	0.21	0.01	0.7960146483566181	0.776920167004222	pgaa-cross-platform-dual-gate-v1	pgaa-cross-platform-matched-controls-v1
sciplex3_a549_drug	A549 multiplexed drug perturbation	biological_replicate_holdout_1_vs_1	Altretamine|dose=0.001		4	absolute_mean_shift	70	5000	0.25	0.17	0.0799999999999999	0.7920200425673384	0.797914676979229	pgaa-cross-platform-dual-gate-v1	pgaa-cross-platform-matched-controls-v1
sciplex3_a549_drug	A549 multiplexed drug perturbation	biological_replicate_holdout_1_vs_1	Altretamine|dose=0.001		4	welch_abs_t	70	5000	0.12	0.06	0.06	0.7167303880620431	0.7209285801471084	pgaa-cross-platform-dual-gate-v1	pgaa-cross-platform-matched-controls-v1
sciplex3_a549_drug	A549 multiplexed drug perturbation	biological_replicate_holdout_1_vs_1	Altretamine|dose=0.01		0	pgaa_w	70	5000	0.3	0.34	-0.04	0.8346142137071956	0.8423296301598432	pgaa-cross-platform-dual-gate-v1	pgaa-cross-platform-matched-controls-v1
sciplex3_a549_drug	A549 multiplexed drug perturbation	biological_replicate_holdout_1_vs_1	Altretamine|dose=0.01		0	pgaa_h	70	5000	0.22	0.24	-0.0199999999999999	0.7848292884724459	0.7846442977060001	pgaa-cross-platform-dual-gate-v1	pgaa-cross-platform-matched-controls-v1
sciplex3_a549_drug	A549 multiplexed drug perturbation	biological_replicate_holdout_1_vs_1	Altretamine|dose=0.01		0	absolute_mean_shift	70	5000	0.22	0.27	-0.05	0.7888305202802952	0.7978823645217249	pgaa-cross-platform-dual-gate-v1	pgaa-cross-platform-matched-controls-v1
sciplex3_a549_drug	A549 multiplexed drug perturbation	biological_replicate_holdout_1_vs_1	Altretamine|dose=0.01		0	welch_abs_t	70	5000	0.08	0.11	-0.03	0.7084797041094265	0.7238075269510098	pgaa-cross-platform-dual-gate-v1	pgaa-cross-platform-matched-controls-v1
sciplex3_a549_drug	A549 multiplexed drug perturbation	biological_replicate_holdout_1_vs_1	Altretamine|dose=0.01		1	pgaa_w	70	5000	0.27	0.34	-0.07	0.8340618851899928	0.8404263432344018	pgaa-cross-platform-dual-gate-v1	pgaa-cross-platform-matched-controls-v1
sciplex3_a549_drug	A549 multiplexed drug perturbation	biological_replicate_holdout_1_vs_1	Altretamine|dose=0.01		1	pgaa_h	70	5000	0.29	0.27	0.0199999999999999	0.7975549659258477	0.7883286502905075	pgaa-cross-platform-dual-gate-v1	pgaa-cross-platform-matched-controls-v1
sciplex3_a549_drug	A549 multiplexed drug perturbation	biological_replicate_holdout_1_vs_1	Altretamine|dose=0.01		1	absolute_mean_shift	70	5000	0.21	0.28	-0.07	0.7912766817781667	0.7984261587594771	pgaa-cross-platform-dual-gate-v1	pgaa-cross-platform-matched-controls-v1
sciplex3_a549_drug	A549 multiplexed drug perturbation	biological_replicate_holdout_1_vs_1	Altretamine|dose=0.01		1	welch_abs_t	70	5000	0.07	0.11	-0.0399999999999999	0.7152101722811512	0.720694564068477	pgaa-cross-platform-dual-gate-v1	pgaa-cross-platform-matched-controls-v1
sciplex3_a549_drug	A549 multiplexed drug perturbation	biological_replicate_holdout_1_vs_1	Altretamine|dose=0.01		2	pgaa_w	70	5000	0.24	0.32	-0.08	0.8357615250218369	0.8407116827941435	pgaa-cross-platform-dual-gate-v1	pgaa-cross-platform-matched-controls-v1
sciplex3_a549_drug	A549 multiplexed drug perturbation	biological_replicate_holdout_1_vs_1	Altretamine|dose=0.01		2	pgaa_h	70	5000	0.19	0.25	-0.06	0.8006492556901376	0.7946821948789098	pgaa-cross-platform-dual-gate-v1	pgaa-cross-platform-matched-controls-v1
sciplex3_a549_drug	A549 multiplexed drug perturbation	biological_replicate_holdout_1_vs_1	Altretamine|dose=0.01		2	absolute_mean_shift	70	5000	0.21	0.23	-0.02	0.7929427444266387	0.7984496097338284	pgaa-cross-platform-dual-gate-v1	pgaa-cross-platform-matched-controls-v1
sciplex3_a549_drug	A549 multiplexed drug perturbation	biological_replicate_holdout_1_vs_1	Altretamine|dose=0.01		2	welch_abs_t	70	5000	0.1	0.11	-0.0099999999999999	0.720439567105973	0.7248315930660201	pgaa-cross-platform-dual-gate-v1	pgaa-cross-platform-matched-controls-v1
sciplex3_a549_drug	A549 multiplexed drug perturbation	biological_replicate_holdout_1_vs_1	Altretamine|dose=0.01		3	pgaa_w	70	5000	0.31	0.26	0.0499999999999999	0.8301522861027567	0.8286912296312854	pgaa-cross-platform-dual-gate-v1	pgaa-cross-platform-matched-controls-v1
sciplex3_a549_drug	A549 multiplexed drug perturbation	biological_replicate_holdout_1_vs_1	Altretamine|dose=0.01		3	pgaa_h	70	5000	0.25	0.21	0.04	0.7871294396283994	0.7798626234622533	pgaa-cross-platform-dual-gate-v1	pgaa-cross-platform-matched-controls-v1
sciplex3_a549_drug	A549 multiplexed drug perturbation	biological_replicate_holdout_1_vs_1	Altretamine|dose=0.01		3	absolute_mean_shift	70	5000	0.27	0.23	0.04	0.7844202341452474	0.7823951319314093	pgaa-cross-platform-dual-gate-v1	pgaa-cross-platform-matched-controls-v1
sciplex3_a549_drug	A549 multiplexed drug perturbation	biological_replicate_holdout_1_vs_1	Altretamine|dose=0.01		3	welch_abs_t	70	5000	0.06	0.08	-0.02	0.6980710245304561	0.697782768984478	pgaa-cross-platform-dual-gate-v1	pgaa-cross-platform-matched-controls-v1
sciplex3_a549_drug	A549 multiplexed drug perturbation	biological_replicate_holdout_1_vs_1	Altretamine|dose=0.01		4	pgaa_w	70	5000	0.27	0.25	0.02	0.8513084989271537	0.8439668536169018	pgaa-cross-platform-dual-gate-v1	pgaa-cross-platform-matched-controls-v1
sciplex3_a549_drug	A549 multiplexed drug perturbation	biological_replicate_holdout_1_vs_1	Altretamine|dose=0.01		4	pgaa_h	70	5000	0.27	0.27	0.0	0.7907461580946535	0.8016030743507022	pgaa-cross-platform-dual-gate-v1	pgaa-cross-platform-matched-controls-v1
sciplex3_a549_drug	A549 multiplexed drug perturbation	biological_replicate_holdout_1_vs_1	Altretamine|dose=0.01		4	absolute_mean_shift	70	5000	0.23	0.21	0.02	0.8103291242616845	0.8011346562799099	pgaa-cross-platform-dual-gate-v1	pgaa-cross-platform-matched-controls-v1
sciplex3_a549_drug	A549 multiplexed drug perturbation	biological_replicate_holdout_1_vs_1	Altretamine|dose=0.01		4	welch_abs_t	70	5000	0.05	0.08	-0.03	0.7399700104084724	0.7298993115122364	pgaa-cross-platform-dual-gate-v1	pgaa-cross-platform-matched-controls-v1
sciplex3_a549_drug	A549 multiplexed drug perturbation	biological_replicate_holdout_1_vs_1	Altretamine|dose=1.0		0	pgaa_w	70	5000	0.3	0.33	-0.03	0.8347893641601131	0.840509189381412	pgaa-cross-platform-dual-gate-v1	pgaa-cross-platform-matched-controls-v1
sciplex3_a549_drug	A549 multiplexed drug perturbation	biological_replicate_holdout_1_vs_1	Altretamine|dose=1.0		0	pgaa_h	70	5000	0.23	0.26	-0.03	0.8003820069449188	0.7905629292582549	pgaa-cross-platform-dual-gate-v1	pgaa-cross-platform-matched-controls-v1
sciplex3_a549_drug	A549 multiplexed drug perturbation	biological_replicate_holdout_1_vs_1	Altretamine|dose=1.0		0	absolute_mean_shift	70	5000	0.23	0.28	-0.05	0.7899375978561035	0.7966099721343665	pgaa-cross-platform-dual-gate-v1	pgaa-cross-platform-matched-controls-v1
sciplex3_a549_drug	A549 multiplexed drug perturbation	biological_replicate_holdout_1_vs_1	Altretamine|dose=1.0		0	welch_abs_t	70	5000	0.1	0.12	-0.0199999999999999	0.7109112942947095	0.7171949015275099	pgaa-cross-platform-dual-gate-v1	pgaa-cross-platform-matched-controls-v1
sciplex3_a549_drug	A549 multiplexed drug perturbation	biological_replicate_holdout_1_vs_1	Altretamine|dose=1.0		1	pgaa_w	70	5000	0.31	0.29	0.02	0.8356943483652279	0.8360582476068447	pgaa-cross-platform-dual-gate-v1	pgaa-cross-platform-matched-controls-v1
sciplex3_a549_drug	A549 multiplexed drug perturbation	biological_replicate_holdout_1_vs_1	Altretamine|dose=1.0		1	pgaa_h	70	5000	0.19	0.24	-0.0499999999999999	0.7879776756957902	0.7871065001717545	pgaa-cross-platform-dual-gate-v1	pgaa-cross-platform-matched-controls-v1
sciplex3_a549_drug	A549 multiplexed drug perturbation	biological_replicate_holdout_1_vs_1	Altretamine|dose=1.0		1	absolute_mean_shift	70	5000	0.26	0.2	0.06	0.7917985769276239	0.7907779445392835	pgaa-cross-platform-dual-gate-v1	pgaa-cross-platform-matched-controls-v1
sciplex3_a549_drug	A549 multiplexed drug perturbation	biological_replicate_holdout_1_vs_1	Altretamine|dose=1.0		1	welch_abs_t	70	5000	0.06	0.06	0.0	0.7097687363109757	0.7107448768070413	pgaa-cross-platform-dual-gate-v1	pgaa-cross-platform-matched-controls-v1
sciplex3_a549_drug	A549 multiplexed drug perturbation	biological_replicate_holdout_1_vs_1	Altretamine|dose=1.0		2	pgaa_w	70	5000	0.22	0.3	-0.0799999999999999	0.8447251972867258	0.8321727403169619	pgaa-cross-platform-dual-gate-v1	pgaa-cross-platform-matched-controls-v1
sciplex3_a549_drug	A549 multiplexed drug perturbation	biological_replicate_holdout_1_vs_1	Altretamine|dose=1.0		2	pgaa_h	70	5000	0.21	0.22	-0.01	0.7956681278014697	0.8043497210862265	pgaa-cross-platform-dual-gate-v1	pgaa-cross-platform-matched-controls-v1
sciplex3_a549_drug	A549 multiplexed drug perturbation	biological_replicate_holdout_1_vs_1	Altretamine|dose=1.0		2	absolute_mean_shift	70	5000	0.19	0.23	-0.04	0.805712729428623	0.7858913278345999	pgaa-cross-platform-dual-gate-v1	pgaa-cross-platform-matched-controls-v1
sciplex3_a549_drug	A549 multiplexed drug perturbation	biological_replicate_holdout_1_vs_1	Altretamine|dose=1.0		2	welch_abs_t	70	5000	0.06	0.06	0.0	0.7324365452878707	0.6972705016075906	pgaa-cross-platform-dual-gate-v1	pgaa-cross-platform-matched-controls-v1
sciplex3_a549_drug	A549 multiplexed drug perturbation	biological_replicate_holdout_1_vs_1	Altretamine|dose=1.0		3	pgaa_w	70	5000	0.26	0.25	0.01	0.8298020798827159	0.8403106561484345	pgaa-cross-platform-dual-gate-v1	pgaa-cross-platform-matched-controls-v1
sciplex3_a549_drug	A549 multiplexed drug perturbation	biological_replicate_holdout_1_vs_1	Altretamine|dose=1.0		3	pgaa_h	70	5000	0.22	0.34	-0.12	0.7937890529751401	0.7709746740161886	pgaa-cross-platform-dual-gate-v1	pgaa-cross-platform-matched-controls-v1
sciplex3_a549_drug	A549 multiplexed drug perturbation	biological_replicate_holdout_1_vs_1	Altretamine|dose=1.0		3	absolute_mean_shift	70	5000	0.25	0.24	0.01	0.7868459443463237	0.797472911452959	pgaa-cross-platform-dual-gate-v1	pgaa-cross-platform-matched-controls-v1
sciplex3_a549_drug	A549 multiplexed drug perturbation	biological_replicate_holdout_1_vs_1	Altretamine|dose=1.0		3	welch_abs_t	70	5000	0.08	0.09	-0.0099999999999999	0.7079480256727229	0.7205553240825431	pgaa-cross-platform-dual-gate-v1	pgaa-cross-platform-matched-controls-v1
sciplex3_a549_drug	A549 multiplexed drug perturbation	biological_replicate_holdout_1_vs_1	Altretamine|dose=1.0		4	pgaa_w	70	5000	0.23	0.24	-0.0099999999999999	0.8352957002147988	0.8354350663719593	pgaa-cross-platform-dual-gate-v1	pgaa-cross-platform-matched-controls-v1
sciplex3_a549_drug	A549 multiplexed drug perturbation	biological_replicate_holdout_1_vs_1	Altretamine|dose=1.0		4	pgaa_h	70	5000	0.17	0.22	-0.0499999999999999	0.7888783830407822	0.7993905896878362	pgaa-cross-platform-dual-gate-v1	pgaa-cross-platform-matched-controls-v1
sciplex3_a549_drug	A549 multiplexed drug perturbation	biological_replicate_holdout_1_vs_1	Altretamine|dose=1.0		4	absolute_mean_shift	70	5000	0.22	0.21	0.01	0.7915085730096363	0.7929574015113559	pgaa-cross-platform-dual-gate-v1	pgaa-cross-platform-matched-controls-v1
sciplex3_a549_drug	A549 multiplexed drug perturbation	biological_replicate_holdout_1_vs_1	Altretamine|dose=1.0		4	welch_abs_t	70	5000	0.06	0.08	-0.02	0.7087669142481263	0.7111923595081775	pgaa-cross-platform-dual-gate-v1	pgaa-cross-platform-matched-controls-v1
sciplex3_a549_drug	A549 multiplexed drug perturbation	biological_replicate_holdout_1_vs_1	Aminoglutethimide|dose=0.001		0	pgaa_w	70	5000	0.31	0.37	-0.06	0.8587976854946631	0.8416282640144684	pgaa-cross-platform-dual-gate-v1	pgaa-cross-platform-matched-controls-v1
sciplex3_a549_drug	A549 multiplexed drug perturbation	biological_replicate_holdout_1_vs_1	Aminoglutethimide|dose=0.001		0	pgaa_h	70	5000	0.27	0.21	0.06	0.7932851419706299	0.7815095891790365	pgaa-cross-platform-dual-gate-v1	pgaa-cross-platform-matched-controls-v1
sciplex3_a549_drug	A549 multiplexed drug perturbation	biological_replicate_holdout_1_vs_1	Aminoglutethimide|dose=0.001		0	absolute_mean_shift	70	5000	0.25	0.29	-0.0399999999999999	0.8168492472550128	0.7979528738448967	pgaa-cross-platform-dual-gate-v1	pgaa-cross-platform-matched-controls-v1
sciplex3_a549_drug	A549 multiplexed drug perturbation	biological_replicate_holdout_1_vs_1	Aminoglutethimide|dose=0.001		0	welch_abs_t	70	5000	0.09	0.11	-0.02	0.7468453272559856	0.7214292048697505	pgaa-cross-platform-dual-gate-v1	pgaa-cross-platform-matched-controls-v1
sciplex3_a549_drug	A549 multiplexed drug perturbation	biological_replicate_holdout_1_vs_1	Aminoglutethimide|dose=0.001		1	pgaa_w	70	5000	0.29	0.26	0.0299999999999999	0.845764285025867	0.8352946623245934	pgaa-cross-platform-dual-gate-v1	pgaa-cross-platform-matched-controls-v1
sciplex3_a549_drug	A549 multiplexed drug perturbation	biological_replicate_holdout_1_vs_1	Aminoglutethimide|dose=0.001		1	pgaa_h	70	5000	0.24	0.26	-0.02	0.7863136791796919	0.7785727524767715	pgaa-cross-platform-dual-gate-v1	pgaa-cross-platform-matched-controls-v1
sciplex3_a549_drug	A549 multiplexed drug perturbation	biological_replicate_holdout_1_vs_1	Aminoglutethimide|dose=0.001		1	absolute_mean_shift	70	5000	0.23	0.22	0.01	0.8007522519276921	0.7897758142891387	pgaa-cross-platform-dual-gate-v1	pgaa-cross-platform-matched-controls-v1
sciplex3_a549_drug	A549 multiplexed drug perturbation	biological_replicate_holdout_1_vs_1	Aminoglutethimide|dose=0.001		1	welch_abs_t	70	5000	0.09	0.12	-0.03	0.7172825233491317	0.7112284308427799	pgaa-cross-platform-dual-gate-v1	pgaa-cross-platform-matched-controls-v1
sciplex3_a549_drug	A549 multiplexed drug perturbation	biological_replicate_holdout_1_vs_1	Aminoglutethimide|dose=0.001		2	pgaa_w	70	5000	0.28	0.25	0.03	0.8423518775875313	0.833695104333382	pgaa-cross-platform-dual-gate-v1	pgaa-cross-platform-matched-controls-v1
sciplex3_a549_drug	A549 multiplexed drug perturbation	biological_replicate_holdout_1_vs_1	Aminoglutethimide|dose=0.001		2	pgaa_h	70	5000	0.23	0.25	-0.0199999999999999	0.7978316034053925	0.797622781405528	pgaa-cross-platform-dual-gate-v1	pgaa-cross-platform-matched-controls-v1
sciplex3_a549_drug	A549 multiplexed drug perturbation	biological_replicate_holdout_1_vs_1	Aminoglutethimide|dose=0.001		2	absolute_mean_shift	70	5000	0.24	0.19	0.0499999999999999	0.7931943986523635	0.789323262722936	pgaa-cross-platform-dual-gate-v1	pgaa-cross-platform-matched-controls-v1
sciplex3_a549_drug	A549 multiplexed drug perturbation	biological_replicate_holdout_1_vs_1	Aminoglutethimide|dose=0.001		2	welch_abs_t	70	5000	0.1	0.06	0.04	0.7097217876608307	0.7042919006047142	pgaa-cross-platform-dual-gate-v1	pgaa-cross-platform-matched-controls-v1
sciplex3_a549_drug	A549 multiplexed drug perturbation	biological_replicate_holdout_1_vs_1	Aminoglutethimide|dose=0.001		3	pgaa_w	70	5000	0.24	0.29	-0.0499999999999999	0.8452800010602151	0.84078268933879	pgaa-cross-platform-dual-gate-v1	pgaa-cross-platform-matched-controls-v1
sciplex3_a549_drug	A549 multiplexed drug perturbation	biological_replicate_holdout_1_vs_1	Aminoglutethimide|dose=0.001		3	pgaa_h	70	5000	0.19	0.21	-0.0199999999999999	0.7941192983161967	0.7789178290674178	pgaa-cross-platform-dual-gate-v1	pgaa-cross-platform-matched-controls-v1
sciplex3_a549_drug	A549 multiplexed drug perturbation	biological_replicate_holdout_1_vs_1	Aminoglutethimide|dose=0.001		3	absolute_mean_shift	70	5000	0.17	0.23	-0.06	0.7981248510616067	0.7944176126185221	pgaa-cross-platform-dual-gate-v1	pgaa-cross-platform-matched-controls-v1
sciplex3_a549_drug	A549 multiplexed drug perturbation	biological_replicate_holdout_1_vs_1	Aminoglutethimide|dose=0.001		3	welch_abs_t	70	5000	0.05	0.09	-0.0399999999999999	0.71133586486136	0.7147800173186513	pgaa-cross-platform-dual-gate-v1	pgaa-cross-platform-matched-controls-v1
sciplex3_a549_drug	A549 multiplexed drug perturbation	biological_replicate_holdout_1_vs_1	Aminoglutethimide|dose=0.001		4	pgaa_w	70	5000	0.2	0.25	-0.0499999999999999	0.8431632385330481	0.8377890834795522	pgaa-cross-platform-dual-gate-v1	pgaa-cross-platform-matched-controls-v1
sciplex3_a549_drug	A549 multiplexed drug perturbation	biological_replicate_holdout_1_vs_1	Aminoglutethimide|dose=0.001		4	pgaa_h	70	5000	0.19	0.21	-0.0199999999999999	0.7848274459208472	0.7774366868676771	pgaa-cross-platform-dual-gate-v1	pgaa-cross-platform-matched-controls-v1
sciplex3_a549_drug	A549 multiplexed drug perturbation	biological_replicate_holdout_1_vs_1	Aminoglutethimide|dose=0.001		4	absolute_mean_shift	70	5000	0.13	0.23	-0.1	0.7961252617436646	0.7947636900756272	pgaa-cross-platform-dual-gate-v1	pgaa-cross-platform-matched-controls-v1
sciplex3_a549_drug	A549 multiplexed drug perturbation	biological_replicate_holdout_1_vs_1	Aminoglutethimide|dose=0.001		4	welch_abs_t	70	5000	0.1	0.09	0.01	0.7126674517490073	0.7168292603633918	pgaa-cross-platform-dual-gate-v1	pgaa-cross-platform-matched-controls-v1
sciplex3_a549_drug	A549 multiplexed drug perturbation	biological_replicate_holdout_1_vs_1	Aminoglutethimide|dose=0.1		0	pgaa_w	70	5000	0.29	0.25	0.0399999999999999	0.8432772500420576	0.8357796100259176	pgaa-cross-platform-dual-gate-v1	pgaa-cross-platform-matched-controls-v1
sciplex3_a549_drug	A549 multiplexed drug perturbation	biological_replicate_holdout_1_vs_1	Aminoglutethimide|dose=0.1		0	pgaa_h	70	5000	0.26	0.21	0.05	0.7945401907663742	0.7962542825277944	pgaa-cross-platform-dual-gate-v1	pgaa-cross-platform-matched-controls-v1
sciplex3_a549_drug	A549 multiplexed drug perturbation	biological_replicate_holdout_1_vs_1	Aminoglutethimide|dose=0.1		0	absolute_mean_shift	70	5000	0.29	0.22	0.0699999999999999	0.7979535560980378	0.7911180599205814	pgaa-cross-platform-dual-gate-v1	pgaa-cross-platform-matched-controls-v1
sciplex3_a549_drug	A549 multiplexed drug perturbation	biological_replicate_holdout_1_vs_1	Aminoglutethimide|dose=0.1		0	welch_abs_t	70	5000	0.12	0.08	0.0399999999999999	0.7261064016556971	0.7118735121989009	pgaa-cross-platform-dual-gate-v1	pgaa-cross-platform-matched-controls-v1
sciplex3_a549_drug	A549 multiplexed drug perturbation	biological_replicate_holdout_1_vs_1	Aminoglutethimide|dose=0.1		1	pgaa_w	70	5000	0.26	0.25	0.01	0.8400498659790201	0.8327901370078842	pgaa-cross-platform-dual-gate-v1	pgaa-cross-platform-matched-controls-v1
sciplex3_a549_drug	A549 multiplexed drug perturbation	biological_replicate_holdout_1_vs_1	Aminoglutethimide|dose=0.1		1	pgaa_h	70	5000	0.23	0.15	0.08	0.7914425835116216	0.799287033663276	pgaa-cross-platform-dual-gate-v1	pgaa-cross-platform-matched-controls-v1
sciplex3_a549_drug	A549 multiplexed drug perturbation	biological_replicate_holdout_1_vs_1	Aminoglutethimide|dose=0.1		1	absolute_mean_shift	70	5000	0.2	0.19	0.01	0.7955678552053335	0.7906199778591205	pgaa-cross-platform-dual-gate-v1	pgaa-cross-platform-matched-controls-v1
sciplex3_a549_drug	A549 multiplexed drug perturbation	biological_replicate_holdout_1_vs_1	Aminoglutethimide|dose=0.1		1	welch_abs_t	70	5000	0.07	0.06	0.01	0.721457237228893	0.7159311594362565	pgaa-cross-platform-dual-gate-v1	pgaa-cross-platform-matched-controls-v1
sciplex3_a549_drug	A549 multiplexed drug perturbation	biological_replicate_holdout_1_vs_1	Aminoglutethimide|dose=0.1		2	pgaa_w	70	5000	0.31	0.36	-0.0499999999999999	0.8345833405707302	0.8350550361047024	pgaa-cross-platform-dual-gate-v1	pgaa-cross-platform-matched-controls-v1
sciplex3_a549_drug	A549 multiplexed drug perturbation	biological_replicate_holdout_1_vs_1	Aminoglutethimide|dose=0.1		2	pgaa_h	70	5000	0.33	0.19	0.14	0.7890254698501911	0.7757593146776627	pgaa-cross-platform-dual-gate-v1	pgaa-cross-platform-matched-controls-v1
sciplex3_a549_drug	A549 multiplexed drug perturbation	biological_replicate_holdout_1_vs_1	Aminoglutethimide|dose=0.1		2	absolute_mean_shift	70	5000	0.29	0.33	-0.04	0.7893906792751646	0.7893474713607075	pgaa-cross-platform-dual-gate-v1	pgaa-cross-platform-matched-controls-v1
sciplex3_a549_drug	A549 multiplexed drug perturbation	biological_replicate_holdout_1_vs_1	Aminoglutethimide|dose=0.1		2	welch_abs_t	70	5000	0.08	0.08	0.0	0.7121662920485802	0.7107534560066848	pgaa-cross-platform-dual-gate-v1	pgaa-cross-platform-matched-controls-v1
sciplex3_a549_drug	A549 multiplexed drug perturbation	biological_replicate_holdout_1_vs_1	Aminoglutethimide|dose=0.1		3	pgaa_w	70	5000	0.25	0.24	0.01	0.8390327001356487	0.8307629593234679	pgaa-cross-platform-dual-gate-v1	pgaa-cross-platform-matched-controls-v1
sciplex3_a549_drug	A549 multiplexed drug perturbation	biological_replicate_holdout_1_vs_1	Aminoglutethimide|dose=0.1		3	pgaa_h	70	5000	0.25	0.22	0.03	0.7932639821967284	0.7991816682978847	pgaa-cross-platform-dual-gate-v1	pgaa-cross-platform-matched-controls-v1
sciplex3_a549_drug	A549 multiplexed drug perturbation	biological_replicate_holdout_1_vs_1	Aminoglutethimide|dose=0.1		3	absolute_mean_shift	70	5000	0.19	0.17	0.0199999999999999	0.7918300144454808	0.7863170100198467	pgaa-cross-platform-dual-gate-v1	pgaa-cross-platform-matched-controls-v1
sciplex3_a549_drug	A549 multiplexed drug perturbation	biological_replicate_holdout_1_vs_1	Aminoglutethimide|dose=0.1		3	welch_abs_t	70	5000	0.06	0.12	-0.06	0.7096548205658347	0.70150221718661	pgaa-cross-platform-dual-gate-v1	pgaa-cross-platform-matched-controls-v1
sciplex3_a549_drug	A549 multiplexed drug perturbation	biological_replicate_holdout_1_vs_1	Aminoglutethimide|dose=0.1		4	pgaa_w	70	5000	0.28	0.32	-0.0399999999999999	0.8350858919463743	0.8394764971060703	pgaa-cross-platform-dual-gate-v1	pgaa-cross-platform-matched-controls-v1
sciplex3_a549_drug	A549 multiplexed drug perturbation	biological_replicate_holdout_1_vs_1	Aminoglutethimide|dose=0.1		4	pgaa_h	70	5000	0.3	0.25	0.0499999999999999	0.804849992542845	0.7778634196208745	pgaa-cross-platform-dual-gate-v1	pgaa-cross-platform-matched-controls-v1
sciplex3_a549_drug	A549 multiplexed drug perturbation	biological_replicate_holdout_1_vs_1	Aminoglutethimide|dose=0.1		4	absolute_mean_shift	70	5000	0.25	0.29	-0.0399999999999999	0.789080432238484	0.7973447063789038	pgaa-cross-platform-dual-gate-v1	pgaa-cross-platform-matched-controls-v1
sciplex3_a549_drug	A549 multiplexed drug perturbation	biological_replicate_holdout_1_vs_1	Aminoglutethimide|dose=0.1		4	welch_abs_t	70	5000	0.12	0.06	0.06	0.7128218122724076	0.7185345624622721	pgaa-cross-platform-dual-gate-v1	pgaa-cross-platform-matched-controls-v1
sciplex3_a549_drug	A549 multiplexed drug perturbation	biological_replicate_holdout_1_vs_1	Andarine|dose=0.01		0	pgaa_w	70	5000	0.25	0.3	-0.0499999999999999	0.8451720732385302	0.8335910448079092	pgaa-cross-platform-dual-gate-v1	pgaa-cross-platform-matched-controls-v1
sciplex3_a549_drug	A549 multiplexed drug perturbation	biological_replicate_holdout_1_vs_1	Andarine|dose=0.01		0	pgaa_h	70	5000	0.2	0.22	-0.0199999999999999	0.7921134547209849	0.7717110547863388	pgaa-cross-platform-dual-gate-v1	pgaa-cross-platform-matched-controls-v1
sciplex3_a549_drug	A549 multiplexed drug perturbation	biological_replicate_holdout_1_vs_1	Andarine|dose=0.01		0	absolute_mean_shift	70	5000	0.19	0.26	-0.07	0.8046669024713728	0.7888245086177508	pgaa-cross-platform-dual-gate-v1	pgaa-cross-platform-matched-controls-v1
sciplex3_a549_drug	A549 multiplexed drug perturbation	biological_replicate_holdout_1_vs_1	Andarine|dose=0.01		0	welch_abs_t	70	5000	0.08	0.11	-0.03	0.7321784938920773	0.7115121096834834	pgaa-cross-platform-dual-gate-v1	pgaa-cross-platform-matched-controls-v1
sciplex3_a549_drug	A549 multiplexed drug perturbation	biological_replicate_holdout_1_vs_1	Andarine|dose=0.01		1	pgaa_w	70	5000	0.24	0.23	0.0099999999999999	0.8420911357145421	0.8376880482939493	pgaa-cross-platform-dual-gate-v1	pgaa-cross-platform-matched-controls-v1
sciplex3_a549_drug	A549 multiplexed drug perturbation	biological_replicate_holdout_1_vs_1	Andarine|dose=0.01		1	pgaa_h	70	5000	0.18	0.19	-0.01	0.7904963314179225	0.7768056436760145	pgaa-cross-platform-dual-gate-v1	pgaa-cross-platform-matched-controls-v1
sciplex3_a549_drug	A549 multiplexed drug perturbation	biological_replicate_holdout_1_vs_1	Andarine|dose=0.01		1	absolute_mean_shift	70	5000	0.19	0.2	-0.01	0.796078832595062	0.7918750214929657	pgaa-cross-platform-dual-gate-v1	pgaa-cross-platform-matched-controls-v1
sciplex3_a549_drug	A549 multiplexed drug perturbation	biological_replicate_holdout_1_vs_1	Andarine|dose=0.01		1	welch_abs_t	70	5000	0.07	0.05	0.02	0.7149877895506336	0.7100008553552832	pgaa-cross-platform-dual-gate-v1	pgaa-cross-platform-matched-controls-v1
sciplex3_a549_drug	A549 multiplexed drug perturbation	biological_replicate_holdout_1_vs_1	Andarine|dose=0.01		2	pgaa_w	70	5000	0.28	0.29	-0.0099999999999999	0.8442522252187568	0.8369599971276703	pgaa-cross-platform-dual-gate-v1	pgaa-cross-platform-matched-controls-v1
sciplex3_a549_drug	A549 multiplexed drug perturbation	biological_replicate_holdout_1_vs_1	Andarine|dose=0.01		2	pgaa_h	70	5000	0.25	0.22	0.03	0.7988498133934048	0.779726551766002	pgaa-cross-platform-dual-gate-v1	pgaa-cross-platform-matched-controls-v1
sciplex3_a549_drug	A549 multiplexed drug perturbation	biological_replicate_holdout_1_vs_1	Andarine|dose=0.01		2	absolute_mean_shift	70	5000	0.22	0.24	-0.0199999999999999	0.8012278485963716	0.7911266341507285	pgaa-cross-platform-dual-gate-v1	pgaa-cross-platform-matched-controls-v1
sciplex3_a549_drug	A549 multiplexed drug perturbation	biological_replicate_holdout_1_vs_1	Andarine|dose=0.01		2	welch_abs_t	70	5000	0.05	0.1	-0.05	0.7266076770075571	0.7128472379235161	pgaa-cross-platform-dual-gate-v1	pgaa-cross-platform-matched-controls-v1
sciplex3_a549_drug	A549 multiplexed drug perturbation	biological_replicate_holdout_1_vs_1	Andarine|dose=0.01		3	pgaa_w	70	5000	0.36	0.28	0.0799999999999999	0.8474570718435023	0.8413748163766439	pgaa-cross-platform-dual-gate-v1	pgaa-cross-platform-matched-controls-v1
sciplex3_a549_drug	A549 multiplexed drug perturbation	biological_replicate_holdout_1_vs_1	Andarine|dose=0.01		3	pgaa_h	70	5000	0.22	0.33	-0.11	0.8042452799510653	0.7858030930944495	pgaa-cross-platform-dual-gate-v1	pgaa-cross-platform-matched-controls-v1
sciplex3_a549_drug	A549 multiplexed drug perturbation	biological_replicate_holdout_1_vs_1	Andarine|dose=0.01		3	absolute_mean_shift	70	5000	0.31	0.28	0.0299999999999999	0.8032198369707859	0.7962018116783386	pgaa-cross-platform-dual-gate-v1	pgaa-cross-platform-matched-controls-v1
sciplex3_a549_drug	A549 multiplexed drug perturbation	biological_replicate_holdout_1_vs_1	Andarine|dose=0.01		3	welch_abs_t	70	5000	0.08	0.12	-0.0399999999999999	0.7273871117920649	0.7192492771480826	pgaa-cross-platform-dual-gate-v1	pgaa-cross-platform-matched-controls-v1
sciplex3_a549_drug	A549 multiplexed drug perturbation	biological_replicate_holdout_1_vs_1	Andarine|dose=0.01		4	pgaa_w	70	5000	0.3	0.3	0.0	0.8337734762928555	0.8352374735479532	pgaa-cross-platform-dual-gate-v1	pgaa-cross-platform-matched-controls-v1
sciplex3_a549_drug	A549 multiplexed drug perturbation	biological_replicate_holdout_1_vs_1	Andarine|dose=0.01		4	pgaa_h	70	5000	0.21	0.22	-0.01	0.7865780036913581	0.7914670184939726	pgaa-cross-platform-dual-gate-v1	pgaa-cross-platform-matched-controls-v1
sciplex3_a549_drug	A549 multiplexed drug perturbation	biological_replicate_holdout_1_vs_1	Andarine|dose=0.01		4	absolute_mean_shift	70	5000	0.27	0.25	0.02	0.7867413176540577	0.7888440271512259	pgaa-cross-platform-dual-gate-v1	pgaa-cross-platform-matched-controls-v1
sciplex3_a549_drug	A549 multiplexed drug perturbation	biological_replicate_holdout_1_vs_1	Andarine|dose=0.01		4	welch_abs_t	70	5000	0.08	0.09	-0.0099999999999999	0.710657012964899	0.7102476813225642	pgaa-cross-platform-dual-gate-v1	pgaa-cross-platform-matched-controls-v1
sciplex3_a549_drug	A549 multiplexed drug perturbation	biological_replicate_holdout_1_vs_1	Andarine|dose=1.0		0	pgaa_w	70	5000	0.34	0.25	0.09	0.8394524552380651	0.8306208600813086	pgaa-cross-platform-dual-gate-v1	pgaa-cross-platform-matched-controls-v1
sciplex3_a549_drug	A549 multiplexed drug perturbation	biological_replicate_holdout_1_vs_1	Andarine|dose=1.0		0	pgaa_h	70	5000	0.19	0.22	-0.03	0.7903440399477377	0.786912895533093	pgaa-cross-platform-dual-gate-v1	pgaa-cross-platform-matched-controls-v1
sciplex3_a549_drug	A549 multiplexed drug perturbation	biological_replicate_holdout_1_vs_1	Andarine|dose=1.0		0	absolute_mean_shift	70	5000	0.31	0.25	0.06	0.7960872846823579	0.7886152299995658	pgaa-cross-platform-dual-gate-v1	pgaa-cross-platform-matched-controls-v1
sciplex3_a549_drug	A549 multiplexed drug perturbation	biological_replicate_holdout_1_vs_1	Andarine|dose=1.0		0	welch_abs_t	70	5000	0.08	0.07	0.0099999999999999	0.7185257655640297	0.7068600221772652	pgaa-cross-platform-dual-gate-v1	pgaa-cross-platform-matched-controls-v1
sciplex3_a549_drug	A549 multiplexed drug perturbation	biological_replicate_holdout_1_vs_1	Andarine|dose=1.0		1	pgaa_w	70	5000	0.3	0.32	-0.02	0.8392521365837827	0.8401117175006882	pgaa-cross-platform-dual-gate-v1	pgaa-cross-platform-matched-controls-v1
sciplex3_a549_drug	A549 multiplexed drug perturbation	biological_replicate_holdout_1_vs_1	Andarine|dose=1.0		1	pgaa_h	70	5000	0.14	0.25	-0.1099999999999999	0.7905588439745734	0.7854971064111187	pgaa-cross-platform-dual-gate-v1	pgaa-cross-platform-matched-controls-v1
sciplex3_a549_drug	A549 multiplexed drug perturbation	biological_replicate_holdout_1_vs_1	Andarine|dose=1.0		1	absolute_mean_shift	70	5000	0.28	0.28	0.0	0.7951176930000701	0.7961543981402796	pgaa-cross-platform-dual-gate-v1	pgaa-cross-platform-matched-controls-v1
sciplex3_a549_drug	A549 multiplexed drug perturbation	biological_replicate_holdout_1_vs_1	Andarine|dose=1.0		1	welch_abs_t	70	5000	0.09	0.06	0.03	0.7123472378150194	0.7207985493213384	pgaa-cross-platform-dual-gate-v1	pgaa-cross-platform-matched-controls-v1
sciplex3_a549_drug	A549 multiplexed drug perturbation	biological_replicate_holdout_1_vs_1	Andarine|dose=1.0		2	pgaa_w	70	5000	0.26	0.29	-0.0299999999999999	0.8453288012601159	0.8330113308210603	pgaa-cross-platform-dual-gate-v1	pgaa-cross-platform-matched-controls-v1
sciplex3_a549_drug	A549 multiplexed drug perturbation	biological_replicate_holdout_1_vs_1	Andarine|dose=1.0		2	pgaa_h	70	5000	0.24	0.2	0.0399999999999999	0.7943151680725999	0.8011415830496613	pgaa-cross-platform-dual-gate-v1	pgaa-cross-platform-matched-controls-v1
sciplex3_a549_drug	A549 multiplexed drug perturbation	biological_replicate_holdout_1_vs_1	Andarine|dose=1.0		2	absolute_mean_shift	70	5000	0.25	0.25	0.0	0.8019807115117872	0.7907074656920631	pgaa-cross-platform-dual-gate-v1	pgaa-cross-platform-matched-controls-v1
sciplex3_a549_drug	A549 multiplexed drug perturbation	biological_replicate_holdout_1_vs_1	Andarine|dose=1.0		2	welch_abs_t	70	5000	0.05	0.09	-0.0399999999999999	0.7245228055436272	0.7088672461403878	pgaa-cross-platform-dual-gate-v1	pgaa-cross-platform-matched-controls-v1
sciplex3_a549_drug	A549 multiplexed drug perturbation	biological_replicate_holdout_1_vs_1	Andarine|dose=1.0		3	pgaa_w	70	5000	0.22	0.26	-0.04	0.8330932607500215	0.8333606486882291	pgaa-cross-platform-dual-gate-v1	pgaa-cross-platform-matched-controls-v1
sciplex3_a549_drug	A549 multiplexed drug perturbation	biological_replicate_holdout_1_vs_1	Andarine|dose=1.0		3	pgaa_h	70	5000	0.27	0.19	0.08	0.778482555919629	0.7817391414769687	pgaa-cross-platform-dual-gate-v1	pgaa-cross-platform-matched-controls-v1
sciplex3_a549_drug	A549 multiplexed drug perturbation	biological_replicate_holdout_1_vs_1	Andarine|dose=1.0		3	absolute_mean_shift	70	5000	0.17	0.25	-0.0799999999999999	0.7850230385752942	0.7892455452692217	pgaa-cross-platform-dual-gate-v1	pgaa-cross-platform-matched-controls-v1
sciplex3_a549_drug	A549 multiplexed drug perturbation	biological_replicate_holdout_1_vs_1	Andarine|dose=1.0		3	welch_abs_t	70	5000	0.09	0.1	-0.01	0.7026392877757689	0.7110318786616185	pgaa-cross-platform-dual-gate-v1	pgaa-cross-platform-matched-controls-v1
sciplex3_a549_drug	A549 multiplexed drug perturbation	biological_replicate_holdout_1_vs_1	Andarine|dose=1.0		4	pgaa_w	70	5000	0.28	0.32	-0.0399999999999999	0.8443827828361603	0.8410181785697122	pgaa-cross-platform-dual-gate-v1	pgaa-cross-platform-matched-controls-v1
sciplex3_a549_drug	A549 multiplexed drug perturbation	biological_replicate_holdout_1_vs_1	Andarine|dose=1.0		4	pgaa_h	70	5000	0.23	0.21	0.02	0.7911982227332508	0.77724388881494	pgaa-cross-platform-dual-gate-v1	pgaa-cross-platform-matched-controls-v1
sciplex3_a549_drug	A549 multiplexed drug perturbation	biological_replicate_holdout_1_vs_1	Andarine|dose=1.0		4	absolute_mean_shift	70	5000	0.25	0.26	-0.01	0.7992891777405614	0.7983818793629087	pgaa-cross-platform-dual-gate-v1	pgaa-cross-platform-matched-controls-v1
sciplex3_a549_drug	A549 multiplexed drug perturbation	biological_replicate_holdout_1_vs_1	Andarine|dose=1.0		4	welch_abs_t	70	5000	0.08	0.1	-0.02	0.7235957857925954	0.7207050132772999	pgaa-cross-platform-dual-gate-v1	pgaa-cross-platform-matched-controls-v1
sciplex3_a549_drug	A549 multiplexed drug perturbation	biological_replicate_holdout_1_vs_1	Carmofur|dose=0.01		0	pgaa_w	70	5000	0.29	0.23	0.0599999999999999	0.8364534787386276	0.8339005786367464	pgaa-cross-platform-dual-gate-v1	pgaa-cross-platform-matched-controls-v1
sciplex3_a549_drug	A549 multiplexed drug perturbation	biological_replicate_holdout_1_vs_1	Carmofur|dose=0.01		0	pgaa_h	70	5000	0.21	0.23	-0.02	0.794945319402532	0.7702361614135503	pgaa-cross-platform-dual-gate-v1	pgaa-cross-platform-matched-controls-v1
sciplex3_a549_drug	A549 multiplexed drug perturbation	biological_replicate_holdout_1_vs_1	Carmofur|dose=0.01		0	absolute_mean_shift	70	5000	0.26	0.19	0.07	0.7915349435076456	0.7889761445434983	pgaa-cross-platform-dual-gate-v1	pgaa-cross-platform-matched-controls-v1
sciplex3_a549_drug	A549 multiplexed drug perturbation	biological_replicate_holdout_1_vs_1	Carmofur|dose=0.01		0	welch_abs_t	70	5000	0.09	0.08	0.0099999999999999	0.7162956425626468	0.7092868998522819	pgaa-cross-platform-dual-gate-v1	pgaa-cross-platform-matched-controls-v1
sciplex3_a549_drug	A549 multiplexed drug perturbation	biological_replicate_holdout_1_vs_1	Carmofur|dose=0.01		1	pgaa_w	70	5000	0.25	0.32	-0.07	0.8350807371378304	0.8385153177409452	pgaa-cross-platform-dual-gate-v1	pgaa-cross-platform-matched-controls-v1
sciplex3_a549_drug	A549 multiplexed drug perturbation	biological_replicate_holdout_1_vs_1	Carmofur|dose=0.01		1	pgaa_h	70	5000	0.27	0.21	0.06	0.7987279508327658	0.7782570202727629	pgaa-cross-platform-dual-gate-v1	pgaa-cross-platform-matched-controls-v1
sciplex3_a549_drug	A549 multiplexed drug perturbation	biological_replicate_holdout_1_vs_1	Carmofur|dose=0.01		1	absolute_mean_shift	70	5000	0.2	0.3	-0.0999999999999999	0.7874996943155492	0.792260091997495	pgaa-cross-platform-dual-gate-v1	pgaa-cross-platform-matched-controls-v1
sciplex3_a549_drug	A549 multiplexed drug perturbation	biological_replicate_holdout_1_vs_1	Carmofur|dose=0.01		1	welch_abs_t	70	5000	0.11	0.06	0.05	0.7059438286707105	0.7141871104969038	pgaa-cross-platform-dual-gate-v1	pgaa-cross-platform-matched-controls-v1
sciplex3_a549_drug	A549 multiplexed drug perturbation	biological_replicate_holdout_1_vs_1	Carmofur|dose=0.01		2	pgaa_w	70	5000	0.3	0.33	-0.03	0.8464335812222648	0.8367848576000609	pgaa-cross-platform-dual-gate-v1	pgaa-cross-platform-matched-controls-v1
sciplex3_a549_drug	A549 multiplexed drug perturbation	biological_replicate_holdout_1_vs_1	Carmofur|dose=0.01		2	pgaa_h	70	5000	0.27	0.28	-0.01	0.8058008791745305	0.7949358170002652	pgaa-cross-platform-dual-gate-v1	pgaa-cross-platform-matched-controls-v1
sciplex3_a549_drug	A549 multiplexed drug perturbation	biological_replicate_holdout_1_vs_1	Carmofur|dose=0.01		2	absolute_mean_shift	70	5000	0.25	0.31	-0.06	0.8039972372140155	0.7903287166352088	pgaa-cross-platform-dual-gate-v1	pgaa-cross-platform-matched-controls-v1
sciplex3_a549_drug	A549 multiplexed drug perturbation	biological_replicate_holdout_1_vs_1	Carmofur|dose=0.01		2	welch_abs_t	70	5000	0.09	0.1	-0.01	0.731841190707209	0.7052615235327169	pgaa-cross-platform-dual-gate-v1	pgaa-cross-platform-matched-controls-v1
sciplex3_a549_drug	A549 multiplexed drug perturbation	biological_replicate_holdout_1_vs_1	Carmofur|dose=0.01		3	pgaa_w	70	5000	0.22	0.28	-0.06	0.8372505938897898	0.8411345856106841	pgaa-cross-platform-dual-gate-v1	pgaa-cross-platform-matched-controls-v1
sciplex3_a549_drug	A549 multiplexed drug perturbation	biological_replicate_holdout_1_vs_1	Carmofur|dose=0.01		3	pgaa_h	70	5000	0.22	0.2	0.0199999999999999	0.8005794304000625	0.7946657892083078	pgaa-cross-platform-dual-gate-v1	pgaa-cross-platform-matched-controls-v1
sciplex3_a549_drug	A549 multiplexed drug perturbation	biological_replicate_holdout_1_vs_1	Carmofur|dose=0.01		3	absolute_mean_shift	70	5000	0.2	0.21	-0.0099999999999999	0.7930643488275442	0.7990144223246348	pgaa-cross-platform-dual-gate-v1	pgaa-cross-platform-matched-controls-v1
sciplex3_a549_drug	A549 multiplexed drug perturbation	biological_replicate_holdout_1_vs_1	Carmofur|dose=0.01		3	welch_abs_t	70	5000	0.09	0.04	0.0499999999999999	0.7075409255955784	0.7183325704031818	pgaa-cross-platform-dual-gate-v1	pgaa-cross-platform-matched-controls-v1
sciplex3_a549_drug	A549 multiplexed drug perturbation	biological_replicate_holdout_1_vs_1	Carmofur|dose=0.01		4	pgaa_w	70	5000	0.34	0.24	0.1	0.8418922661909082	0.8409617935434089	pgaa-cross-platform-dual-gate-v1	pgaa-cross-platform-matched-controls-v1
sciplex3_a549_drug	A549 multiplexed drug perturbation	biological_replicate_holdout_1_vs_1	Carmofur|dose=0.01		4	pgaa_h	70	5000	0.24	0.16	0.0799999999999999	0.80441152087034	0.7807688359849181	pgaa-cross-platform-dual-gate-v1	pgaa-cross-platform-matched-controls-v1
sciplex3_a549_drug	A549 multiplexed drug perturbation	biological_replicate_holdout_1_vs_1	Carmofur|dose=0.01		4	absolute_mean_shift	70	5000	0.28	0.22	0.06	0.7986767571838728	0.7943483318953531	pgaa-cross-platform-dual-gate-v1	pgaa-cross-platform-matched-controls-v1
sciplex3_a549_drug	A549 multiplexed drug perturbation	biological_replicate_holdout_1_vs_1	Carmofur|dose=0.01		4	welch_abs_t	70	5000	0.11	0.12	-0.0099999999999999	0.7256195035801932	0.7185340736598591	pgaa-cross-platform-dual-gate-v1	pgaa-cross-platform-matched-controls-v1
sciplex3_a549_drug	A549 multiplexed drug perturbation	biological_replicate_holdout_1_vs_1	Celecoxib|dose=0.1		0	pgaa_w	70	5000	0.27	0.24	0.03	0.8477798241484364	0.8420935450576119	pgaa-cross-platform-dual-gate-v1	pgaa-cross-platform-matched-controls-v1
sciplex3_a549_drug	A549 multiplexed drug perturbation	biological_replicate_holdout_1_vs_1	Celecoxib|dose=0.1		0	pgaa_h	70	5000	0.2	0.17	0.03	0.8036598683537419	0.7709030193714929	pgaa-cross-platform-dual-gate-v1	pgaa-cross-platform-matched-controls-v1
sciplex3_a549_drug	A549 multiplexed drug perturbation	biological_replicate_holdout_1_vs_1	Celecoxib|dose=0.1		0	absolute_mean_shift	70	5000	0.23	0.21	0.02	0.8035450371177772	0.7995052702960682	pgaa-cross-platform-dual-gate-v1	pgaa-cross-platform-matched-controls-v1
sciplex3_a549_drug	A549 multiplexed drug perturbation	biological_replicate_holdout_1_vs_1	Celecoxib|dose=0.1		0	welch_abs_t	70	5000	0.13	0.04	0.09	0.7268273663425955	0.7208610398599106	pgaa-cross-platform-dual-gate-v1	pgaa-cross-platform-matched-controls-v1
sciplex3_a549_drug	A549 multiplexed drug perturbation	biological_replicate_holdout_1_vs_1	Celecoxib|dose=0.1		1	pgaa_w	70	5000	0.31	0.28	0.0299999999999999	0.8410511985260046	0.8388136408426209	pgaa-cross-platform-dual-gate-v1	pgaa-cross-platform-matched-controls-v1
sciplex3_a549_drug	A549 multiplexed drug perturbation	biological_replicate_holdout_1_vs_1	Celecoxib|dose=0.1		1	pgaa_h	70	5000	0.23	0.21	0.02	0.7863070409028895	0.774201656258114	pgaa-cross-platform-dual-gate-v1	pgaa-cross-platform-matched-controls-v1
sciplex3_a549_drug	A549 multiplexed drug perturbation	biological_replicate_holdout_1_vs_1	Celecoxib|dose=0.1		1	absolute_mean_shift	70	5000	0.24	0.24	0.0	0.7907605806046729	0.7960921520368788	pgaa-cross-platform-dual-gate-v1	pgaa-cross-platform-matched-controls-v1
sciplex3_a549_drug	A549 multiplexed drug perturbation	biological_replicate_holdout_1_vs_1	Celecoxib|dose=0.1		1	welch_abs_t	70	5000	0.09	0.07	0.0199999999999999	0.712608032186158	0.717377878510736	pgaa-cross-platform-dual-gate-v1	pgaa-cross-platform-matched-controls-v1
sciplex3_a549_drug	A549 multiplexed drug perturbation	biological_replicate_holdout_1_vs_1	Celecoxib|dose=0.1		2	pgaa_w	70	5000	0.24	0.3	-0.06	0.8442016872229364	0.8358162167396587	pgaa-cross-platform-dual-gate-v1	pgaa-cross-platform-matched-controls-v1
sciplex3_a549_drug	A549 multiplexed drug perturbation	biological_replicate_holdout_1_vs_1	Celecoxib|dose=0.1		2	pgaa_h	70	5000	0.2	0.24	-0.0399999999999999	0.809350339214617	0.7886558449624766	pgaa-cross-platform-dual-gate-v1	pgaa-cross-platform-matched-controls-v1
sciplex3_a549_drug	A549 multiplexed drug perturbation	biological_replicate_holdout_1_vs_1	Celecoxib|dose=0.1		2	absolute_mean_shift	70	5000	0.23	0.27	-0.04	0.7990157503301566	0.7925174086485631	pgaa-cross-platform-dual-gate-v1	pgaa-cross-platform-matched-controls-v1
sciplex3_a549_drug	A549 multiplexed drug perturbation	biological_replicate_holdout_1_vs_1	Celecoxib|dose=0.1		2	welch_abs_t	70	5000	0.09	0.09	0.0	0.7253517131952333	0.7128886591180631	pgaa-cross-platform-dual-gate-v1	pgaa-cross-platform-matched-controls-v1
sciplex3_a549_drug	A549 multiplexed drug perturbation	biological_replicate_holdout_1_vs_1	Celecoxib|dose=0.1		3	pgaa_w	70	5000	0.24	0.29	-0.0499999999999999	0.8421824674765628	0.8378420576670526	pgaa-cross-platform-dual-gate-v1	pgaa-cross-platform-matched-controls-v1
sciplex3_a549_drug	A549 multiplexed drug perturbation	biological_replicate_holdout_1_vs_1	Celecoxib|dose=0.1		3	pgaa_h	70	5000	0.22	0.23	-0.01	0.8031820696453186	0.7853906966440123	pgaa-cross-platform-dual-gate-v1	pgaa-cross-platform-matched-controls-v1
sciplex3_a549_drug	A549 multiplexed drug perturbation	biological_replicate_holdout_1_vs_1	Celecoxib|dose=0.1		3	absolute_mean_shift	70	5000	0.21	0.25	-0.04	0.797444818932803	0.7935453975764045	pgaa-cross-platform-dual-gate-v1	pgaa-cross-platform-matched-controls-v1
sciplex3_a549_drug	A549 multiplexed drug perturbation	biological_replicate_holdout_1_vs_1	Celecoxib|dose=0.1		3	welch_abs_t	70	5000	0.09	0.08	0.0099999999999999	0.7195692833965697	0.7112745892067568	pgaa-cross-platform-dual-gate-v1	pgaa-cross-platform-matched-controls-v1
sciplex3_a549_drug	A549 multiplexed drug perturbation	biological_replicate_holdout_1_vs_1	Celecoxib|dose=0.1		4	pgaa_w	70	5000	0.29	0.23	0.0599999999999999	0.8442406243000695	0.8313535915918415	pgaa-cross-platform-dual-gate-v1	pgaa-cross-platform-matched-controls-v1
sciplex3_a549_drug	A549 multiplexed drug perturbation	biological_replicate_holdout_1_vs_1	Celecoxib|dose=0.1		4	pgaa_h	70	5000	0.21	0.17	0.0399999999999999	0.8041712038041638	0.7934350638434784	pgaa-cross-platform-dual-gate-v1	pgaa-cross-platform-matched-controls-v1
sciplex3_a549_drug	A549 multiplexed drug perturbation	biological_replicate_holdout_1_vs_1	Celecoxib|dose=0.1		4	absolute_mean_shift	70	5000	0.26	0.21	0.05	0.8022570377989022	0.7862572510211286	pgaa-cross-platform-dual-gate-v1	pgaa-cross-platform-matched-controls-v1
sciplex3_a549_drug	A549 multiplexed drug perturbation	biological_replicate_holdout_1_vs_1	Celecoxib|dose=0.1		4	welch_abs_t	70	5000	0.08	0.08	0.0	0.722780746639191	0.7053843588444655	pgaa-cross-platform-dual-gate-v1	pgaa-cross-platform-matched-controls-v1
sciplex3_a549_drug	A549 multiplexed drug perturbation	biological_replicate_holdout_1_vs_1	Cimetidine|dose=0.001		0	pgaa_w	70	5000	0.29	0.33	-0.04	0.8419406005030615	0.8320707892016745	pgaa-cross-platform-dual-gate-v1	pgaa-cross-platform-matched-controls-v1
sciplex3_a549_drug	A549 multiplexed drug perturbation	biological_replicate_holdout_1_vs_1	Cimetidine|dose=0.001		0	pgaa_h	70	5000	0.21	0.31	-0.1	0.7843085130850938	0.7765667750360253	pgaa-cross-platform-dual-gate-v1	pgaa-cross-platform-matched-controls-v1
sciplex3_a549_drug	A549 multiplexed drug perturbation	biological_replicate_holdout_1_vs_1	Cimetidine|dose=0.001		0	absolute_mean_shift	70	5000	0.22	0.25	-0.03	0.7960303813931813	0.788367228289532	pgaa-cross-platform-dual-gate-v1	pgaa-cross-platform-matched-controls-v1
sciplex3_a549_drug	A549 multiplexed drug perturbation	biological_replicate_holdout_1_vs_1	Cimetidine|dose=0.001		0	welch_abs_t	70	5000	0.06	0.09	-0.03	0.7179245555088746	0.7034549316283693	pgaa-cross-platform-dual-gate-v1	pgaa-cross-platform-matched-controls-v1
sciplex3_a549_drug	A549 multiplexed drug perturbation	biological_replicate_holdout_1_vs_1	Cimetidine|dose=0.001		1	pgaa_w	70	5000	0.28	0.23	0.05	0.8449057444625546	0.8428351971213787	pgaa-cross-platform-dual-gate-v1	pgaa-cross-platform-matched-controls-v1
sciplex3_a549_drug	A549 multiplexed drug perturbation	biological_replicate_holdout_1_vs_1	Cimetidine|dose=0.001		1	pgaa_h	70	5000	0.24	0.28	-0.04	0.8001333511050368	0.776195833957951	pgaa-cross-platform-dual-gate-v1	pgaa-cross-platform-matched-controls-v1
sciplex3_a549_drug	A549 multiplexed drug perturbation	biological_replicate_holdout_1_vs_1	Cimetidine|dose=0.001		1	absolute_mean_shift	70	5000	0.24	0.24	0.0	0.8025474448353367	0.8009225098822166	pgaa-cross-platform-dual-gate-v1	pgaa-cross-platform-matched-controls-v1
sciplex3_a549_drug	A549 multiplexed drug perturbation	biological_replicate_holdout_1_vs_1	Cimetidine|dose=0.001		1	welch_abs_t	70	5000	0.11	0.06	0.05	0.7298373803515558	0.7231206587228967	pgaa-cross-platform-dual-gate-v1	pgaa-cross-platform-matched-controls-v1
sciplex3_a549_drug	A549 multiplexed drug perturbation	biological_replicate_holdout_1_vs_1	Cimetidine|dose=0.001		2	pgaa_w	70	5000	0.34	0.24	0.1	0.8453047156131099	0.8401786300682382	pgaa-cross-platform-dual-gate-v1	pgaa-cross-platform-matched-controls-v1
sciplex3_a549_drug	A549 multiplexed drug perturbation	biological_replicate_holdout_1_vs_1	Cimetidine|dose=0.001		2	pgaa_h	70	5000	0.19	0.23	-0.04	0.7816871386497252	0.797658377926943	pgaa-cross-platform-dual-gate-v1	pgaa-cross-platform-matched-controls-v1
sciplex3_a549_drug	A549 multiplexed drug perturbation	biological_replicate_holdout_1_vs_1	Cimetidine|dose=0.001		2	absolute_mean_shift	70	5000	0.31	0.24	0.07	0.8015820231419604	0.7945811865404905	pgaa-cross-platform-dual-gate-v1	pgaa-cross-platform-matched-controls-v1
sciplex3_a549_drug	A549 multiplexed drug perturbation	biological_replicate_holdout_1_vs_1	Cimetidine|dose=0.001		2	welch_abs_t	70	5000	0.13	0.07	0.06	0.7316299474647703	0.7185530389977268	pgaa-cross-platform-dual-gate-v1	pgaa-cross-platform-matched-controls-v1
sciplex3_a549_drug	A549 multiplexed drug perturbation	biological_replicate_holdout_1_vs_1	Cimetidine|dose=0.001		3	pgaa_w	70	5000	0.27	0.25	0.02	0.841527548208775	0.8353104886026497	pgaa-cross-platform-dual-gate-v1	pgaa-cross-platform-matched-controls-v1
sciplex3_a549_drug	A549 multiplexed drug perturbation	biological_replicate_holdout_1_vs_1	Cimetidine|dose=0.001		3	pgaa_h	70	5000	0.24	0.17	0.0699999999999999	0.788518433210042	0.7743069842366399	pgaa-cross-platform-dual-gate-v1	pgaa-cross-platform-matched-controls-v1
sciplex3_a549_drug	A549 multiplexed drug perturbation	biological_replicate_holdout_1_vs_1	Cimetidine|dose=0.001		3	absolute_mean_shift	70	5000	0.2	0.24	-0.0399999999999999	0.7923938089654007	0.7897363324991971	pgaa-cross-platform-dual-gate-v1	pgaa-cross-platform-matched-controls-v1
sciplex3_a549_drug	A549 multiplexed drug perturbation	biological_replicate_holdout_1_vs_1	Cimetidine|dose=0.001		3	welch_abs_t	70	5000	0.06	0.04	0.0199999999999999	0.7087683967326389	0.7098936239867103	pgaa-cross-platform-dual-gate-v1	pgaa-cross-platform-matched-controls-v1
sciplex3_a549_drug	A549 multiplexed drug perturbation	biological_replicate_holdout_1_vs_1	Cimetidine|dose=0.001		4	pgaa_w	70	5000	0.23	0.26	-0.03	0.8360555504011922	0.8410509262463925	pgaa-cross-platform-dual-gate-v1	pgaa-cross-platform-matched-controls-v1
sciplex3_a549_drug	A549 multiplexed drug perturbation	biological_replicate_holdout_1_vs_1	Cimetidine|dose=0.001		4	pgaa_h	70	5000	0.23	0.21	0.02	0.7898842202652666	0.789576631389443	pgaa-cross-platform-dual-gate-v1	pgaa-cross-platform-matched-controls-v1
sciplex3_a549_drug	A549 multiplexed drug perturbation	biological_replicate_holdout_1_vs_1	Cimetidine|dose=0.001		4	absolute_mean_shift	70	5000	0.17	0.22	-0.0499999999999999	0.7895061442940224	0.7942921193062057	pgaa-cross-platform-dual-gate-v1	pgaa-cross-platform-matched-controls-v1
sciplex3_a549_drug	A549 multiplexed drug perturbation	biological_replicate_holdout_1_vs_1	Cimetidine|dose=0.001		4	welch_abs_t	70	5000	0.07	0.07	0.0	0.7151265303170011	0.7162426122663903	pgaa-cross-platform-dual-gate-v1	pgaa-cross-platform-matched-controls-v1
sciplex3_a549_drug	A549 multiplexed drug perturbation	biological_replicate_holdout_1_vs_1	Droxinostat|dose=0.01		0	pgaa_w	70	5000	0.25	0.24	0.01	0.8459364282842363	0.8404140276726186	pgaa-cross-platform-dual-gate-v1	pgaa-cross-platform-matched-controls-v1
sciplex3_a549_drug	A549 multiplexed drug perturbation	biological_replicate_holdout_1_vs_1	Droxinostat|dose=0.01		0	pgaa_h	70	5000	0.19	0.25	-0.06	0.7793797439486898	0.7908068117548374	pgaa-cross-platform-dual-gate-v1	pgaa-cross-platform-matched-controls-v1
sciplex3_a549_drug	A549 multiplexed drug perturbation	biological_replicate_holdout_1_vs_1	Droxinostat|dose=0.01		0	absolute_mean_shift	70	5000	0.2	0.24	-0.0399999999999999	0.799432662570046	0.7983934657242528	pgaa-cross-platform-dual-gate-v1	pgaa-cross-platform-matched-controls-v1
sciplex3_a549_drug	A549 multiplexed drug perturbation	biological_replicate_holdout_1_vs_1	Droxinostat|dose=0.01		0	welch_abs_t	70	5000	0.11	0.09	0.02	0.719724872630097	0.7163500969781876	pgaa-cross-platform-dual-gate-v1	pgaa-cross-platform-matched-controls-v1
sciplex3_a549_drug	A549 multiplexed drug perturbation	biological_replicate_holdout_1_vs_1	Droxinostat|dose=0.01		1	pgaa_w	70	5000	0.29	0.29	0.0	0.8479173972973956	0.8388381087709109	pgaa-cross-platform-dual-gate-v1	pgaa-cross-platform-matched-controls-v1
sciplex3_a549_drug	A549 multiplexed drug perturbation	biological_replicate_holdout_1_vs_1	Droxinostat|dose=0.01		1	pgaa_h	70	5000	0.2	0.18	0.02	0.8035311409211847	0.7696630759187794	pgaa-cross-platform-dual-gate-v1	pgaa-cross-platform-matched-controls-v1
sciplex3_a549_drug	A549 multiplexed drug perturbation	biological_replicate_holdout_1_vs_1	Droxinostat|dose=0.01		1	absolute_mean_shift	70	5000	0.23	0.26	-0.03	0.803994878040758	0.7952519796279329	pgaa-cross-platform-dual-gate-v1	pgaa-cross-platform-matched-controls-v1
sciplex3_a549_drug	A549 multiplexed drug perturbation	biological_replicate_holdout_1_vs_1	Droxinostat|dose=0.01		1	welch_abs_t	70	5000	0.06	0.07	-0.01	0.7259292701034369	0.7198509199334887	pgaa-cross-platform-dual-gate-v1	pgaa-cross-platform-matched-controls-v1
sciplex3_a549_drug	A549 multiplexed drug perturbation	biological_replicate_holdout_1_vs_1	Droxinostat|dose=0.01		2	pgaa_w	70	5000	0.31	0.3	0.01	0.8451164516472377	0.8353651741681852	pgaa-cross-platform-dual-gate-v1	pgaa-cross-platform-matched-controls-v1
sciplex3_a549_drug	A549 multiplexed drug perturbation	biological_replicate_holdout_1_vs_1	Droxinostat|dose=0.01		2	pgaa_h	70	5000	0.19	0.27	-0.08	0.8077580659975988	0.7851733420107087	pgaa-cross-platform-dual-gate-v1	pgaa-cross-platform-matched-controls-v1
sciplex3_a549_drug	A549 multiplexed drug perturbation	biological_replicate_holdout_1_vs_1	Droxinostat|dose=0.01		2	absolute_mean_shift	70	5000	0.25	0.22	0.03	0.7963411109294172	0.7932879415735261	pgaa-cross-platform-dual-gate-v1	pgaa-cross-platform-matched-controls-v1
sciplex3_a549_drug	A549 multiplexed drug perturbation	biological_replicate_holdout_1_vs_1	Droxinostat|dose=0.01		2	welch_abs_t	70	5000	0.09	0.09	0.0	0.7149755704630295	0.7135357188240613	pgaa-cross-platform-dual-gate-v1	pgaa-cross-platform-matched-controls-v1
sciplex3_a549_drug	A549 multiplexed drug perturbation	biological_replicate_holdout_1_vs_1	Droxinostat|dose=0.01		3	pgaa_w	70	5000	0.19	0.24	-0.0499999999999999	0.8378778164045317	0.8337590519527451	pgaa-cross-platform-dual-gate-v1	pgaa-cross-platform-matched-controls-v1
sciplex3_a549_drug	A549 multiplexed drug perturbation	biological_replicate_holdout_1_vs_1	Droxinostat|dose=0.01		3	pgaa_h	70	5000	0.15	0.2	-0.05	0.7751981982084722	0.7938740394285753	pgaa-cross-platform-dual-gate-v1	pgaa-cross-platform-matched-controls-v1
sciplex3_a549_drug	A549 multiplexed drug perturbation	biological_replicate_holdout_1_vs_1	Droxinostat|dose=0.01		3	absolute_mean_shift	70	5000	0.17	0.19	-0.0199999999999999	0.7891888061330903	0.7876881839384147	pgaa-cross-platform-dual-gate-v1	pgaa-cross-platform-matched-controls-v1
sciplex3_a549_drug	A549 multiplexed drug perturbation	biological_replicate_holdout_1_vs_1	Droxinostat|dose=0.01		3	welch_abs_t	70	5000	0.06	0.02	0.0399999999999999	0.7033240638530742	0.7036955284061855	pgaa-cross-platform-dual-gate-v1	pgaa-cross-platform-matched-controls-v1
sciplex3_a549_drug	A549 multiplexed drug perturbation	biological_replicate_holdout_1_vs_1	Droxinostat|dose=0.01		4	pgaa_w	70	5000	0.25	0.25	0.0	0.8508155048928132	0.8371611615185245	pgaa-cross-platform-dual-gate-v1	pgaa-cross-platform-matched-controls-v1
sciplex3_a549_drug	A549 multiplexed drug perturbation	biological_replicate_holdout_1_vs_1	Droxinostat|dose=0.01		4	pgaa_h	70	5000	0.23	0.21	0.02	0.7861483280834953	0.786702276389591	pgaa-cross-platform-dual-gate-v1	pgaa-cross-platform-matched-controls-v1
sciplex3_a549_drug	A549 multiplexed drug perturbation	biological_replicate_holdout_1_vs_1	Droxinostat|dose=0.01		4	absolute_mean_shift	70	5000	0.22	0.21	0.01	0.8032445675047507	0.7927782550820274	pgaa-cross-platform-dual-gate-v1	pgaa-cross-platform-matched-controls-v1
sciplex3_a549_drug	A549 multiplexed drug perturbation	biological_replicate_holdout_1_vs_1	Droxinostat|dose=0.01		4	welch_abs_t	70	5000	0.14	0.09	0.05	0.7186964205331199	0.7109637301903478	pgaa-cross-platform-dual-gate-v1	pgaa-cross-platform-matched-controls-v1
sciplex3_a549_drug	A549 multiplexed drug perturbation	biological_replicate_holdout_1_vs_1	Droxinostat|dose=0.1		0	pgaa_w	70	5000	0.31	0.29	0.02	0.8345429275331832	0.8339765364440712	pgaa-cross-platform-dual-gate-v1	pgaa-cross-platform-matched-controls-v1
sciplex3_a549_drug	A549 multiplexed drug perturbation	biological_replicate_holdout_1_vs_1	Droxinostat|dose=0.1		0	pgaa_h	70	5000	0.2	0.25	-0.0499999999999999	0.7722233682424107	0.7859277989899998	pgaa-cross-platform-dual-gate-v1	pgaa-cross-platform-matched-controls-v1
sciplex3_a549_drug	A549 multiplexed drug perturbation	biological_replicate_holdout_1_vs_1	Droxinostat|dose=0.1		0	absolute_mean_shift	70	5000	0.25	0.3	-0.0499999999999999	0.7886464597566446	0.7880230699648587	pgaa-cross-platform-dual-gate-v1	pgaa-cross-platform-matched-controls-v1
sciplex3_a549_drug	A549 multiplexed drug perturbation	biological_replicate_holdout_1_vs_1	Droxinostat|dose=0.1		0	welch_abs_t	70	5000	0.07	0.08	-0.0099999999999999	0.7096137505050167	0.7069077009425545	pgaa-cross-platform-dual-gate-v1	pgaa-cross-platform-matched-controls-v1
sciplex3_a549_drug	A549 multiplexed drug perturbation	biological_replicate_holdout_1_vs_1	Droxinostat|dose=0.1		1	pgaa_w	70	5000	0.26	0.27	-0.01	0.8329568527083399	0.8347476437403731	pgaa-cross-platform-dual-gate-v1	pgaa-cross-platform-matched-controls-v1
sciplex3_a549_drug	A549 multiplexed drug perturbation	biological_replicate_holdout_1_vs_1	Droxinostat|dose=0.1		1	pgaa_h	70	5000	0.24	0.23	0.0099999999999999	0.7850786695171927	0.7669977958881304	pgaa-cross-platform-dual-gate-v1	pgaa-cross-platform-matched-controls-v1
sciplex3_a549_drug	A549 multiplexed drug perturbation	biological_replicate_holdout_1_vs_1	Droxinostat|dose=0.1		1	absolute_mean_shift	70	5000	0.22	0.21	0.01	0.7884211711269982	0.7885915264442779	pgaa-cross-platform-dual-gate-v1	pgaa-cross-platform-matched-controls-v1
sciplex3_a549_drug	A549 multiplexed drug perturbation	biological_replicate_holdout_1_vs_1	Droxinostat|dose=0.1		1	welch_abs_t	70	5000	0.06	0.09	-0.03	0.7012585694725275	0.7076285887004822	pgaa-cross-platform-dual-gate-v1	pgaa-cross-platform-matched-controls-v1
sciplex3_a549_drug	A549 multiplexed drug perturbation	biological_replicate_holdout_1_vs_1	Droxinostat|dose=0.1		2	pgaa_w	70	5000	0.28	0.26	0.02	0.8401256681230411	0.839760861298085	pgaa-cross-platform-dual-gate-v1	pgaa-cross-platform-matched-controls-v1
sciplex3_a549_drug	A549 multiplexed drug perturbation	biological_replicate_holdout_1_vs_1	Droxinostat|dose=0.1		2	pgaa_h	70	5000	0.2	0.21	-0.0099999999999999	0.8049687293217297	0.7765787961115669	pgaa-cross-platform-dual-gate-v1	pgaa-cross-platform-matched-controls-v1
sciplex3_a549_drug	A549 multiplexed drug perturbation	biological_replicate_holdout_1_vs_1	Droxinostat|dose=0.1		2	absolute_mean_shift	70	5000	0.25	0.22	0.03	0.7957246038792957	0.7952133611319763	pgaa-cross-platform-dual-gate-v1	pgaa-cross-platform-matched-controls-v1
sciplex3_a549_drug	A549 multiplexed drug perturbation	biological_replicate_holdout_1_vs_1	Droxinostat|dose=0.1		2	welch_abs_t	70	5000	0.07	0.11	-0.0399999999999999	0.7228419070856634	0.7179168622740058	pgaa-cross-platform-dual-gate-v1	pgaa-cross-platform-matched-controls-v1
sciplex3_a549_drug	A549 multiplexed drug perturbation	biological_replicate_holdout_1_vs_1	Droxinostat|dose=0.1		3	pgaa_w	70	5000	0.29	0.23	0.0599999999999999	0.8371279795415275	0.8378125431634634	pgaa-cross-platform-dual-gate-v1	pgaa-cross-platform-matched-controls-v1
sciplex3_a549_drug	A549 multiplexed drug perturbation	biological_replicate_holdout_1_vs_1	Droxinostat|dose=0.1		3	pgaa_h	70	5000	0.28	0.3	-0.0199999999999999	0.7898688150636958	0.7879282233273719	pgaa-cross-platform-dual-gate-v1	pgaa-cross-platform-matched-controls-v1
sciplex3_a549_drug	A549 multiplexed drug perturbation	biological_replicate_holdout_1_vs_1	Droxinostat|dose=0.1		3	absolute_mean_shift	70	5000	0.26	0.22	0.04	0.7925006672868862	0.7958962112585926	pgaa-cross-platform-dual-gate-v1	pgaa-cross-platform-matched-controls-v1
sciplex3_a549_drug	A549 multiplexed drug perturbation	biological_replicate_holdout_1_vs_1	Droxinostat|dose=0.1		3	welch_abs_t	70	5000	0.08	0.13	-0.05	0.7225042687216221	0.7147773959303895	pgaa-cross-platform-dual-gate-v1	pgaa-cross-platform-matched-controls-v1
sciplex3_a549_drug	A549 multiplexed drug perturbation	biological_replicate_holdout_1_vs_1	Droxinostat|dose=0.1		4	pgaa_w	70	5000	0.39	0.26	0.13	0.8365722508354412	0.8390459395559149	pgaa-cross-platform-dual-gate-v1	pgaa-cross-platform-matched-controls-v1
sciplex3_a549_drug	A549 multiplexed drug perturbation	biological_replicate_holdout_1_vs_1	Droxinostat|dose=0.1		4	pgaa_h	70	5000	0.25	0.2	0.0499999999999999	0.7934486961120235	0.7867368417304659	pgaa-cross-platform-dual-gate-v1	pgaa-cross-platform-matched-controls-v1
sciplex3_a549_drug	A549 multiplexed drug perturbation	biological_replicate_holdout_1_vs_1	Droxinostat|dose=0.1		4	absolute_mean_shift	70	5000	0.34	0.25	0.09	0.7947605544854255	0.7964096441856772	pgaa-cross-platform-dual-gate-v1	pgaa-cross-platform-matched-controls-v1
sciplex3_a549_drug	A549 multiplexed drug perturbation	biological_replicate_holdout_1_vs_1	Droxinostat|dose=0.1		4	welch_abs_t	70	5000	0.1	0.12	-0.0199999999999999	0.720483569698203	0.7172094961719672	pgaa-cross-platform-dual-gate-v1	pgaa-cross-platform-matched-controls-v1
sciplex3_a549_drug	A549 multiplexed drug perturbation	biological_replicate_holdout_1_vs_1	ENMD2076|dose=0.001		0	pgaa_w	70	5000	0.29	0.35	-0.06	0.8398578326477786	0.8382192845434507	pgaa-cross-platform-dual-gate-v1	pgaa-cross-platform-matched-controls-v1
sciplex3_a549_drug	A549 multiplexed drug perturbation	biological_replicate_holdout_1_vs_1	ENMD2076|dose=0.001		0	pgaa_h	70	5000	0.24	0.15	0.09	0.7937591979610141	0.7752556148195894	pgaa-cross-platform-dual-gate-v1	pgaa-cross-platform-matched-controls-v1
sciplex3_a549_drug	A549 multiplexed drug perturbation	biological_replicate_holdout_1_vs_1	ENMD2076|dose=0.001		0	absolute_mean_shift	70	5000	0.24	0.3	-0.06	0.7951824538787634	0.7924843801340549	pgaa-cross-platform-dual-gate-v1	pgaa-cross-platform-matched-controls-v1
sciplex3_a549_drug	A549 multiplexed drug perturbation	biological_replicate_holdout_1_vs_1	ENMD2076|dose=0.001		0	welch_abs_t	70	5000	0.07	0.13	-0.06	0.720513312790798	0.7143669393509788	pgaa-cross-platform-dual-gate-v1	pgaa-cross-platform-matched-controls-v1
sciplex3_a549_drug	A549 multiplexed drug perturbation	biological_replicate_holdout_1_vs_1	ENMD2076|dose=0.001		1	pgaa_w	70	5000	0.3	0.33	-0.03	0.8427123419073637	0.8387511002277994	pgaa-cross-platform-dual-gate-v1	pgaa-cross-platform-matched-controls-v1
sciplex3_a549_drug	A549 multiplexed drug perturbation	biological_replicate_holdout_1_vs_1	ENMD2076|dose=0.001		1	pgaa_h	70	5000	0.17	0.23	-0.06	0.7853859976377583	0.7819540057647928	pgaa-cross-platform-dual-gate-v1	pgaa-cross-platform-matched-controls-v1
sciplex3_a549_drug	A549 multiplexed drug perturbation	biological_replicate_holdout_1_vs_1	ENMD2076|dose=0.001		1	absolute_mean_shift	70	5000	0.26	0.24	0.02	0.7979806764896172	0.794134055401493	pgaa-cross-platform-dual-gate-v1	pgaa-cross-platform-matched-controls-v1
sciplex3_a549_drug	A549 multiplexed drug perturbation	biological_replicate_holdout_1_vs_1	ENMD2076|dose=0.001		1	welch_abs_t	70	5000	0.08	0.12	-0.0399999999999999	0.7194726760237028	0.7145187557332378	pgaa-cross-platform-dual-gate-v1	pgaa-cross-platform-matched-controls-v1
sciplex3_a549_drug	A549 multiplexed drug perturbation	biological_replicate_holdout_1_vs_1	ENMD2076|dose=0.001		2	pgaa_w	70	5000	0.27	0.3	-0.0299999999999999	0.8458546280615209	0.8459258181502243	pgaa-cross-platform-dual-gate-v1	pgaa-cross-platform-matched-controls-v1
sciplex3_a549_drug	A549 multiplexed drug perturbation	biological_replicate_holdout_1_vs_1	ENMD2076|dose=0.001		2	pgaa_h	70	5000	0.27	0.27	0.0	0.7994202813125721	0.7784655394448137	pgaa-cross-platform-dual-gate-v1	pgaa-cross-platform-matched-controls-v1
sciplex3_a549_drug	A549 multiplexed drug perturbation	biological_replicate_holdout_1_vs_1	ENMD2076|dose=0.001		2	absolute_mean_shift	70	5000	0.26	0.25	0.01	0.8025928278237102	0.8050341184665327	pgaa-cross-platform-dual-gate-v1	pgaa-cross-platform-matched-controls-v1
sciplex3_a549_drug	A549 multiplexed drug perturbation	biological_replicate_holdout_1_vs_1	ENMD2076|dose=0.001		2	welch_abs_t	70	5000	0.14	0.07	0.07	0.7325373813602676	0.7299392311749239	pgaa-cross-platform-dual-gate-v1	pgaa-cross-platform-matched-controls-v1
sciplex3_a549_drug	A549 multiplexed drug perturbation	biological_replicate_holdout_1_vs_1	ENMD2076|dose=0.001		3	pgaa_w	70	5000	0.22	0.25	-0.03	0.8397449753666276	0.8330023692160865	pgaa-cross-platform-dual-gate-v1	pgaa-cross-platform-matched-controls-v1
sciplex3_a549_drug	A549 multiplexed drug perturbation	biological_replicate_holdout_1_vs_1	ENMD2076|dose=0.001		3	pgaa_h	70	5000	0.22	0.24	-0.0199999999999999	0.7881012786770321	0.7774413035148596	pgaa-cross-platform-dual-gate-v1	pgaa-cross-platform-matched-controls-v1
sciplex3_a549_drug	A549 multiplexed drug perturbation	biological_replicate_holdout_1_vs_1	ENMD2076|dose=0.001		3	absolute_mean_shift	70	5000	0.18	0.23	-0.05	0.7937209212602098	0.7871050026210245	pgaa-cross-platform-dual-gate-v1	pgaa-cross-platform-matched-controls-v1
sciplex3_a549_drug	A549 multiplexed drug perturbation	biological_replicate_holdout_1_vs_1	ENMD2076|dose=0.001		3	welch_abs_t	70	5000	0.08	0.09	-0.0099999999999999	0.7211313230505862	0.7052398392335147	pgaa-cross-platform-dual-gate-v1	pgaa-cross-platform-matched-controls-v1
sciplex3_a549_drug	A549 multiplexed drug perturbation	biological_replicate_holdout_1_vs_1	ENMD2076|dose=0.001		4	pgaa_w	70	5000	0.34	0.27	0.07	0.8345916465097433	0.8383940526028246	pgaa-cross-platform-dual-gate-v1	pgaa-cross-platform-matched-controls-v1
sciplex3_a549_drug	A549 multiplexed drug perturbation	biological_replicate_holdout_1_vs_1	ENMD2076|dose=0.001		4	pgaa_h	70	5000	0.24	0.25	-0.01	0.7904800849301169	0.7869221968062294	pgaa-cross-platform-dual-gate-v1	pgaa-cross-platform-matched-controls-v1
sciplex3_a549_drug	A549 multiplexed drug perturbation	biological_replicate_holdout_1_vs_1	ENMD2076|dose=0.001		4	absolute_mean_shift	70	5000	0.31	0.26	0.0499999999999999	0.7901974554393159	0.7943104841557481	pgaa-cross-platform-dual-gate-v1	pgaa-cross-platform-matched-controls-v1
sciplex3_a549_drug	A549 multiplexed drug perturbation	biological_replicate_holdout_1_vs_1	ENMD2076|dose=0.001		4	welch_abs_t	70	5000	0.1	0.1	0.0	0.7181861851959909	0.7141522562239085	pgaa-cross-platform-dual-gate-v1	pgaa-cross-platform-matched-controls-v1
sciplex3_a549_drug	A549 multiplexed drug perturbation	biological_replicate_holdout_1_vs_1	ENMD2076|dose=0.01		0	pgaa_w	70	5000	0.29	0.23	0.0599999999999999	0.8403928550323784	0.8349628873105245	pgaa-cross-platform-dual-gate-v1	pgaa-cross-platform-matched-controls-v1
sciplex3_a549_drug	A549 multiplexed drug perturbation	biological_replicate_holdout_1_vs_1	ENMD2076|dose=0.01		0	pgaa_h	70	5000	0.39	0.17	0.22	0.7981674203014805	0.7779244780408031	pgaa-cross-platform-dual-gate-v1	pgaa-cross-platform-matched-controls-v1
sciplex3_a549_drug	A549 multiplexed drug perturbation	biological_replicate_holdout_1_vs_1	ENMD2076|dose=0.01		0	absolute_mean_shift	70	5000	0.28	0.19	0.09	0.8021037467753265	0.7905962725348654	pgaa-cross-platform-dual-gate-v1	pgaa-cross-platform-matched-controls-v1
sciplex3_a549_drug	A549 multiplexed drug perturbation	biological_replicate_holdout_1_vs_1	ENMD2076|dose=0.01		0	welch_abs_t	70	5000	0.08	0.09	-0.0099999999999999	0.7344688519735958	0.710904192867092	pgaa-cross-platform-dual-gate-v1	pgaa-cross-platform-matched-controls-v1
sciplex3_a549_drug	A549 multiplexed drug perturbation	biological_replicate_holdout_1_vs_1	ENMD2076|dose=0.01		1	pgaa_w	70	5000	0.22	0.24	-0.0199999999999999	0.8323256175819307	0.8330876906825039	pgaa-cross-platform-dual-gate-v1	pgaa-cross-platform-matched-controls-v1
sciplex3_a549_drug	A549 multiplexed drug perturbation	biological_replicate_holdout_1_vs_1	ENMD2076|dose=0.01		1	pgaa_h	70	5000	0.34	0.24	0.1	0.7833120818565145	0.777278876828437	pgaa-cross-platform-dual-gate-v1	pgaa-cross-platform-matched-controls-v1
sciplex3_a549_drug	A549 multiplexed drug perturbation	biological_replicate_holdout_1_vs_1	ENMD2076|dose=0.01		1	absolute_mean_shift	70	5000	0.18	0.26	-0.08	0.7851753376766225	0.789138685951534	pgaa-cross-platform-dual-gate-v1	pgaa-cross-platform-matched-controls-v1
sciplex3_a549_drug	A549 multiplexed drug perturbation	biological_replicate_holdout_1_vs_1	ENMD2076|dose=0.01		1	welch_abs_t	70	5000	0.06	0.08	-0.02	0.7034709335061297	0.7077092731163269	pgaa-cross-platform-dual-gate-v1	pgaa-cross-platform-matched-controls-v1
sciplex3_a549_drug	A549 multiplexed drug perturbation	biological_replicate_holdout_1_vs_1	ENMD2076|dose=0.01		2	pgaa_w	70	5000	0.26	0.21	0.05	0.8400405245560156	0.8319063247576761	pgaa-cross-platform-dual-gate-v1	pgaa-cross-platform-matched-controls-v1
sciplex3_a549_drug	A549 multiplexed drug perturbation	biological_replicate_holdout_1_vs_1	ENMD2076|dose=0.01		2	pgaa_h	70	5000	0.26	0.25	0.01	0.7813836296959049	0.7707401756294173	pgaa-cross-platform-dual-gate-v1	pgaa-cross-platform-matched-controls-v1
sciplex3_a549_drug	A549 multiplexed drug perturbation	biological_replicate_holdout_1_vs_1	ENMD2076|dose=0.01		2	absolute_mean_shift	70	5000	0.23	0.16	0.07	0.8010309441768205	0.789490401122933	pgaa-cross-platform-dual-gate-v1	pgaa-cross-platform-matched-controls-v1
sciplex3_a549_drug	A549 multiplexed drug perturbation	biological_replicate_holdout_1_vs_1	ENMD2076|dose=0.01		2	welch_abs_t	70	5000	0.08	0.08	0.0	0.7279658352673217	0.7069296496054254	pgaa-cross-platform-dual-gate-v1	pgaa-cross-platform-matched-controls-v1
sciplex3_a549_drug	A549 multiplexed drug perturbation	biological_replicate_holdout_1_vs_1	ENMD2076|dose=0.01		3	pgaa_w	70	5000	0.32	0.26	0.06	0.8336089816534721	0.836045167009002	pgaa-cross-platform-dual-gate-v1	pgaa-cross-platform-matched-controls-v1
sciplex3_a549_drug	A549 multiplexed drug perturbation	biological_replicate_holdout_1_vs_1	ENMD2076|dose=0.01		3	pgaa_h	70	5000	0.18	0.21	-0.03	0.8021697941744858	0.790400195655301	pgaa-cross-platform-dual-gate-v1	pgaa-cross-platform-matched-controls-v1
sciplex3_a549_drug	A549 multiplexed drug perturbation	biological_replicate_holdout_1_vs_1	ENMD2076|dose=0.01		3	absolute_mean_shift	70	5000	0.29	0.21	0.0799999999999999	0.7887850904719159	0.7921177464365284	pgaa-cross-platform-dual-gate-v1	pgaa-cross-platform-matched-controls-v1
sciplex3_a549_drug	A549 multiplexed drug perturbation	biological_replicate_holdout_1_vs_1	ENMD2076|dose=0.01		3	welch_abs_t	70	5000	0.06	0.1	-0.04	0.7139412400003032	0.7151478729280126	pgaa-cross-platform-dual-gate-v1	pgaa-cross-platform-matched-controls-v1
sciplex3_a549_drug	A549 multiplexed drug perturbation	biological_replicate_holdout_1_vs_1	ENMD2076|dose=0.01		4	pgaa_w	70	5000	0.27	0.31	-0.0399999999999999	0.8345198881450615	0.8353385308829828	pgaa-cross-platform-dual-gate-v1	pgaa-cross-platform-matched-controls-v1
sciplex3_a549_drug	A549 multiplexed drug perturbation	biological_replicate_holdout_1_vs_1	ENMD2076|dose=0.01		4	pgaa_h	70	5000	0.3	0.26	0.0399999999999999	0.7909344724693953	0.7824130108215847	pgaa-cross-platform-dual-gate-v1	pgaa-cross-platform-matched-controls-v1
sciplex3_a549_drug	A549 multiplexed drug perturbation	biological_replicate_holdout_1_vs_1	ENMD2076|dose=0.01		4	absolute_mean_shift	70	5000	0.22	0.28	-0.06	0.7893738869518819	0.7904930652007334	pgaa-cross-platform-dual-gate-v1	pgaa-cross-platform-matched-controls-v1
sciplex3_a549_drug	A549 multiplexed drug perturbation	biological_replicate_holdout_1_vs_1	ENMD2076|dose=0.01		4	welch_abs_t	70	5000	0.06	0.12	-0.06	0.7173354658074153	0.7130949812378516	pgaa-cross-platform-dual-gate-v1	pgaa-cross-platform-matched-controls-v1
sciplex3_a549_drug	A549 multiplexed drug perturbation	biological_replicate_holdout_1_vs_1	Enzastaurin|dose=1.0		0	pgaa_w	70	5000	0.42	0.31	0.1099999999999999	0.8476638569041604	0.8373061016500312	pgaa-cross-platform-dual-gate-v1	pgaa-cross-platform-matched-controls-v1
sciplex3_a549_drug	A549 multiplexed drug perturbation	biological_replicate_holdout_1_vs_1	Enzastaurin|dose=1.0		0	pgaa_h	70	5000	0.19	0.26	-0.07	0.8066330417599732	0.7912899863933983	pgaa-cross-platform-dual-gate-v1	pgaa-cross-platform-matched-controls-v1
sciplex3_a549_drug	A549 multiplexed drug perturbation	biological_replicate_holdout_1_vs_1	Enzastaurin|dose=1.0		0	absolute_mean_shift	70	5000	0.35	0.23	0.1199999999999999	0.8067466641402257	0.7939796416817863	pgaa-cross-platform-dual-gate-v1	pgaa-cross-platform-matched-controls-v1
sciplex3_a549_drug	A549 multiplexed drug perturbation	biological_replicate_holdout_1_vs_1	Enzastaurin|dose=1.0		0	welch_abs_t	70	5000	0.26	0.07	0.19	0.7349551143476206	0.7172648043311877	pgaa-cross-platform-dual-gate-v1	pgaa-cross-platform-matched-controls-v1
sciplex3_a549_drug	A549 multiplexed drug perturbation	biological_replicate_holdout_1_vs_1	Enzastaurin|dose=1.0		1	pgaa_w	70	5000	0.43	0.25	0.18	0.8467542051095601	0.8382003079431287	pgaa-cross-platform-dual-gate-v1	pgaa-cross-platform-matched-controls-v1
sciplex3_a549_drug	A549 multiplexed drug perturbation	biological_replicate_holdout_1_vs_1	Enzastaurin|dose=1.0		1	pgaa_h	70	5000	0.21	0.25	-0.04	0.8262220492076893	0.7848393702185612	pgaa-cross-platform-dual-gate-v1	pgaa-cross-platform-matched-controls-v1
sciplex3_a549_drug	A549 multiplexed drug perturbation	biological_replicate_holdout_1_vs_1	Enzastaurin|dose=1.0		1	absolute_mean_shift	70	5000	0.38	0.23	0.15	0.8036072000180743	0.7967346530339299	pgaa-cross-platform-dual-gate-v1	pgaa-cross-platform-matched-controls-v1
sciplex3_a549_drug	A549 multiplexed drug perturbation	biological_replicate_holdout_1_vs_1	Enzastaurin|dose=1.0		1	welch_abs_t	70	5000	0.24	0.07	0.1699999999999999	0.7281744784697962	0.7157173997664488	pgaa-cross-platform-dual-gate-v1	pgaa-cross-platform-matched-controls-v1
sciplex3_a549_drug	A549 multiplexed drug perturbation	biological_replicate_holdout_1_vs_1	Enzastaurin|dose=1.0		2	pgaa_w	70	5000	0.49	0.25	0.24	0.8520286981900297	0.8450871067341417	pgaa-cross-platform-dual-gate-v1	pgaa-cross-platform-matched-controls-v1
sciplex3_a549_drug	A549 multiplexed drug perturbation	biological_replicate_holdout_1_vs_1	Enzastaurin|dose=1.0		2	pgaa_h	70	5000	0.27	0.27	0.0	0.8049080065215105	0.7865332976507873	pgaa-cross-platform-dual-gate-v1	pgaa-cross-platform-matched-controls-v1
sciplex3_a549_drug	A549 multiplexed drug perturbation	biological_replicate_holdout_1_vs_1	Enzastaurin|dose=1.0		2	absolute_mean_shift	70	5000	0.43	0.2	0.2299999999999999	0.8114561830225507	0.7988542660051309	pgaa-cross-platform-dual-gate-v1	pgaa-cross-platform-matched-controls-v1
sciplex3_a549_drug	A549 multiplexed drug perturbation	biological_replicate_holdout_1_vs_1	Enzastaurin|dose=1.0		2	welch_abs_t	70	5000	0.3	0.04	0.26	0.7427843649002683	0.7263218152577238	pgaa-cross-platform-dual-gate-v1	pgaa-cross-platform-matched-controls-v1
sciplex3_a549_drug	A549 multiplexed drug perturbation	biological_replicate_holdout_1_vs_1	Enzastaurin|dose=1.0		3	pgaa_w	70	5000	0.43	0.26	0.1699999999999999	0.855183957504948	0.8386520613087983	pgaa-cross-platform-dual-gate-v1	pgaa-cross-platform-matched-controls-v1
sciplex3_a549_drug	A549 multiplexed drug perturbation	biological_replicate_holdout_1_vs_1	Enzastaurin|dose=1.0		3	pgaa_h	70	5000	0.17	0.21	-0.0399999999999999	0.8137431754524074	0.7834230957464525	pgaa-cross-platform-dual-gate-v1	pgaa-cross-platform-matched-controls-v1
sciplex3_a549_drug	A549 multiplexed drug perturbation	biological_replicate_holdout_1_vs_1	Enzastaurin|dose=1.0		3	absolute_mean_shift	70	5000	0.4	0.24	0.16	0.8147716019273377	0.7929002822233527	pgaa-cross-platform-dual-gate-v1	pgaa-cross-platform-matched-controls-v1
sciplex3_a549_drug	A549 multiplexed drug perturbation	biological_replicate_holdout_1_vs_1	Enzastaurin|dose=1.0		3	welch_abs_t	70	5000	0.28	0.07	0.21	0.7483326336556766	0.7136875807190242	pgaa-cross-platform-dual-gate-v1	pgaa-cross-platform-matched-controls-v1
sciplex3_a549_drug	A549 multiplexed drug perturbation	biological_replicate_holdout_1_vs_1	Enzastaurin|dose=1.0		4	pgaa_w	70	5000	0.5	0.32	0.18	0.8483619048854989	0.8378490019070409	pgaa-cross-platform-dual-gate-v1	pgaa-cross-platform-matched-controls-v1
sciplex3_a549_drug	A549 multiplexed drug perturbation	biological_replicate_holdout_1_vs_1	Enzastaurin|dose=1.0		4	pgaa_h	70	5000	0.22	0.25	-0.03	0.8135395260081331	0.8042053127604868	pgaa-cross-platform-dual-gate-v1	pgaa-cross-platform-matched-controls-v1
sciplex3_a549_drug	A549 multiplexed drug perturbation	biological_replicate_holdout_1_vs_1	Enzastaurin|dose=1.0		4	absolute_mean_shift	70	5000	0.45	0.26	0.19	0.8060781807059078	0.7944085698348086	pgaa-cross-platform-dual-gate-v1	pgaa-cross-platform-matched-controls-v1
sciplex3_a549_drug	A549 multiplexed drug perturbation	biological_replicate_holdout_1_vs_1	Enzastaurin|dose=1.0		4	welch_abs_t	70	5000	0.28	0.07	0.21	0.7352089904626209	0.7228420334963335	pgaa-cross-platform-dual-gate-v1	pgaa-cross-platform-matched-controls-v1
nadig2024_hepg2_crispri	HepG2 CRISPRi Perturb-seq	experimental_batch_holdout_28_vs_28	ADAM10	ADAM10	0	pgaa_w	70	4999	0.32	0.09	0.23	0.3033570460550694	0.2138214765161916	pgaa-cross-platform-dual-gate-v1	pgaa-cross-platform-matched-controls-v1
nadig2024_hepg2_crispri	HepG2 CRISPRi Perturb-seq	experimental_batch_holdout_28_vs_28	ADAM10	ADAM10	0	pgaa_h	70	4999	0.05	0.02	0.03	0.0373032411677766	0.0417955870043688	pgaa-cross-platform-dual-gate-v1	pgaa-cross-platform-matched-controls-v1
nadig2024_hepg2_crispri	HepG2 CRISPRi Perturb-seq	experimental_batch_holdout_28_vs_28	ADAM10	ADAM10	0	absolute_mean_shift	70	4999	0.32	0.06	0.26	0.1885250663324172	0.0338900578748405	pgaa-cross-platform-dual-gate-v1	pgaa-cross-platform-matched-controls-v1
nadig2024_hepg2_crispri	HepG2 CRISPRi Perturb-seq	experimental_batch_holdout_28_vs_28	ADAM10	ADAM10	0	welch_abs_t	70	4999	0.24	0.04	0.1999999999999999	0.1347055677642131	-0.009081271764775	pgaa-cross-platform-dual-gate-v1	pgaa-cross-platform-matched-controls-v1
nadig2024_hepg2_crispri	HepG2 CRISPRi Perturb-seq	experimental_batch_holdout_28_vs_28	ADAM10	ADAM10	1	pgaa_w	70	4999	0.2	0.11	0.09	0.2962877968150653	0.2249253919931645	pgaa-cross-platform-dual-gate-v1	pgaa-cross-platform-matched-controls-v1
nadig2024_hepg2_crispri	HepG2 CRISPRi Perturb-seq	experimental_batch_holdout_28_vs_28	ADAM10	ADAM10	1	pgaa_h	70	4999	0.05	0.03	0.02	0.0267740011020871	0.0663230736986543	pgaa-cross-platform-dual-gate-v1	pgaa-cross-platform-matched-controls-v1
nadig2024_hepg2_crispri	HepG2 CRISPRi Perturb-seq	experimental_batch_holdout_28_vs_28	ADAM10	ADAM10	1	absolute_mean_shift	70	4999	0.19	0.1	0.09	0.1476861766697411	0.0527948725007802	pgaa-cross-platform-dual-gate-v1	pgaa-cross-platform-matched-controls-v1
nadig2024_hepg2_crispri	HepG2 CRISPRi Perturb-seq	experimental_batch_holdout_28_vs_28	ADAM10	ADAM10	1	welch_abs_t	70	4999	0.09	0.01	0.08	0.0921139940833304	0.00148292717367	pgaa-cross-platform-dual-gate-v1	pgaa-cross-platform-matched-controls-v1
nadig2024_hepg2_crispri	HepG2 CRISPRi Perturb-seq	experimental_batch_holdout_28_vs_28	ADAM10	ADAM10	2	pgaa_w	70	4999	0.24	0.11	0.13	0.2861496417410734	0.2135991680448935	pgaa-cross-platform-dual-gate-v1	pgaa-cross-platform-matched-controls-v1
nadig2024_hepg2_crispri	HepG2 CRISPRi Perturb-seq	experimental_batch_holdout_28_vs_28	ADAM10	ADAM10	2	pgaa_h	70	4999	0.04	0.03	0.01	0.035501215957234	0.0567340413839417	pgaa-cross-platform-dual-gate-v1	pgaa-cross-platform-matched-controls-v1
nadig2024_hepg2_crispri	HepG2 CRISPRi Perturb-seq	experimental_batch_holdout_28_vs_28	ADAM10	ADAM10	2	absolute_mean_shift	70	4999	0.24	0.08	0.1599999999999999	0.1447154820194462	0.0520730825231658	pgaa-cross-platform-dual-gate-v1	pgaa-cross-platform-matched-controls-v1
nadig2024_hepg2_crispri	HepG2 CRISPRi Perturb-seq	experimental_batch_holdout_28_vs_28	ADAM10	ADAM10	2	welch_abs_t	70	4999	0.12	0.02	0.0999999999999999	0.0896781269840925	0.0069764710204946	pgaa-cross-platform-dual-gate-v1	pgaa-cross-platform-matched-controls-v1
nadig2024_hepg2_crispri	HepG2 CRISPRi Perturb-seq	experimental_batch_holdout_28_vs_28	ADAM10	ADAM10	3	pgaa_w	70	4999	0.26	0.11	0.15	0.2938070702735986	0.2057567336756667	pgaa-cross-platform-dual-gate-v1	pgaa-cross-platform-matched-controls-v1
nadig2024_hepg2_crispri	HepG2 CRISPRi Perturb-seq	experimental_batch_holdout_28_vs_28	ADAM10	ADAM10	3	pgaa_h	70	4999	0.08	0.04	0.04	0.0471757351426033	0.0302150453736797	pgaa-cross-platform-dual-gate-v1	pgaa-cross-platform-matched-controls-v1
nadig2024_hepg2_crispri	HepG2 CRISPRi Perturb-seq	experimental_batch_holdout_28_vs_28	ADAM10	ADAM10	3	absolute_mean_shift	70	4999	0.25	0.08	0.1699999999999999	0.1486287076561324	0.042955126730721	pgaa-cross-platform-dual-gate-v1	pgaa-cross-platform-matched-controls-v1
nadig2024_hepg2_crispri	HepG2 CRISPRi Perturb-seq	experimental_batch_holdout_28_vs_28	ADAM10	ADAM10	3	welch_abs_t	70	4999	0.16	0.01	0.15	0.1045767941633741	0.0075688617675515	pgaa-cross-platform-dual-gate-v1	pgaa-cross-platform-matched-controls-v1
nadig2024_hepg2_crispri	HepG2 CRISPRi Perturb-seq	experimental_batch_holdout_28_vs_28	ADAM10	ADAM10	4	pgaa_w	70	4999	0.29	0.08	0.2099999999999999	0.295836802798735	0.2288752171562764	pgaa-cross-platform-dual-gate-v1	pgaa-cross-platform-matched-controls-v1
nadig2024_hepg2_crispri	HepG2 CRISPRi Perturb-seq	experimental_batch_holdout_28_vs_28	ADAM10	ADAM10	4	pgaa_h	70	4999	0.08	0.02	0.06	0.0326389176682712	0.0554772204544902	pgaa-cross-platform-dual-gate-v1	pgaa-cross-platform-matched-controls-v1
nadig2024_hepg2_crispri	HepG2 CRISPRi Perturb-seq	experimental_batch_holdout_28_vs_28	ADAM10	ADAM10	4	absolute_mean_shift	70	4999	0.29	0.07	0.2199999999999999	0.1511208740740283	0.0549854355130301	pgaa-cross-platform-dual-gate-v1	pgaa-cross-platform-matched-controls-v1
nadig2024_hepg2_crispri	HepG2 CRISPRi Perturb-seq	experimental_batch_holdout_28_vs_28	ADAM10	ADAM10	4	welch_abs_t	70	4999	0.14	0.03	0.11	0.0956517620931149	0.017083526765377	pgaa-cross-platform-dual-gate-v1	pgaa-cross-platform-matched-controls-v1
nadig2024_hepg2_crispri	HepG2 CRISPRi Perturb-seq	experimental_batch_holdout_28_vs_28	ANAPC15	ANAPC15	0	pgaa_w	70	4999	0.09	0.09	0.0	0.2081172165285398	0.2460530134358204	pgaa-cross-platform-dual-gate-v1	pgaa-cross-platform-matched-controls-v1
nadig2024_hepg2_crispri	HepG2 CRISPRi Perturb-seq	experimental_batch_holdout_28_vs_28	ANAPC15	ANAPC15	0	pgaa_h	70	4999	0.01	0.03	-0.0199999999999999	0.0353091297914575	0.0386480018879731	pgaa-cross-platform-dual-gate-v1	pgaa-cross-platform-matched-controls-v1
nadig2024_hepg2_crispri	HepG2 CRISPRi Perturb-seq	experimental_batch_holdout_28_vs_28	ANAPC15	ANAPC15	0	absolute_mean_shift	70	4999	0.06	0.04	0.0199999999999999	0.0428405505903073	0.0752365969118591	pgaa-cross-platform-dual-gate-v1	pgaa-cross-platform-matched-controls-v1
nadig2024_hepg2_crispri	HepG2 CRISPRi Perturb-seq	experimental_batch_holdout_28_vs_28	ANAPC15	ANAPC15	0	welch_abs_t	70	4999	0.03	0.0	0.03	0.0083072590030204	0.0270563645028419	pgaa-cross-platform-dual-gate-v1	pgaa-cross-platform-matched-controls-v1
nadig2024_hepg2_crispri	HepG2 CRISPRi Perturb-seq	experimental_batch_holdout_28_vs_28	ANAPC15	ANAPC15	1	pgaa_w	70	4999	0.08	0.11	-0.03	0.2411551726912009	0.2211055512423013	pgaa-cross-platform-dual-gate-v1	pgaa-cross-platform-matched-controls-v1
nadig2024_hepg2_crispri	HepG2 CRISPRi Perturb-seq	experimental_batch_holdout_28_vs_28	ANAPC15	ANAPC15	1	pgaa_h	70	4999	0.02	0.05	-0.03	0.0380786000686792	0.0684499509147308	pgaa-cross-platform-dual-gate-v1	pgaa-cross-platform-matched-controls-v1
nadig2024_hepg2_crispri	HepG2 CRISPRi Perturb-seq	experimental_batch_holdout_28_vs_28	ANAPC15	ANAPC15	1	absolute_mean_shift	70	4999	0.05	0.07	-0.02	0.0728918339407623	0.0361983766767422	pgaa-cross-platform-dual-gate-v1	pgaa-cross-platform-matched-controls-v1
nadig2024_hepg2_crispri	HepG2 CRISPRi Perturb-seq	experimental_batch_holdout_28_vs_28	ANAPC15	ANAPC15	1	welch_abs_t	70	4999	0.01	0.01	0.0	0.0333092838015382	-0.0104291802898394	pgaa-cross-platform-dual-gate-v1	pgaa-cross-platform-matched-controls-v1
nadig2024_hepg2_crispri	HepG2 CRISPRi Perturb-seq	experimental_batch_holdout_28_vs_28	ANAPC15	ANAPC15	2	pgaa_w	70	4999	0.12	0.03	0.09	0.2358952541528714	0.1979378382279097	pgaa-cross-platform-dual-gate-v1	pgaa-cross-platform-matched-controls-v1
nadig2024_hepg2_crispri	HepG2 CRISPRi Perturb-seq	experimental_batch_holdout_28_vs_28	ANAPC15	ANAPC15	2	pgaa_h	70	4999	0.01	0.04	-0.03	0.0549494800431461	0.0340143173724709	pgaa-cross-platform-dual-gate-v1	pgaa-cross-platform-matched-controls-v1
nadig2024_hepg2_crispri	HepG2 CRISPRi Perturb-seq	experimental_batch_holdout_28_vs_28	ANAPC15	ANAPC15	2	absolute_mean_shift	70	4999	0.11	0.0	0.11	0.0623487156134417	0.0099037899788725	pgaa-cross-platform-dual-gate-v1	pgaa-cross-platform-matched-controls-v1
nadig2024_hepg2_crispri	HepG2 CRISPRi Perturb-seq	experimental_batch_holdout_28_vs_28	ANAPC15	ANAPC15	2	welch_abs_t	70	4999	0.02	0.03	-0.0099999999999999	0.0220322796862869	-0.0150488113472646	pgaa-cross-platform-dual-gate-v1	pgaa-cross-platform-matched-controls-v1
nadig2024_hepg2_crispri	HepG2 CRISPRi Perturb-seq	experimental_batch_holdout_28_vs_28	ANAPC15	ANAPC15	3	pgaa_w	70	4999	0.03	0.08	-0.05	0.2133840803214665	0.2196208713051133	pgaa-cross-platform-dual-gate-v1	pgaa-cross-platform-matched-controls-v1
nadig2024_hepg2_crispri	HepG2 CRISPRi Perturb-seq	experimental_batch_holdout_28_vs_28	ANAPC15	ANAPC15	3	pgaa_h	70	4999	0.04	0.04	0.0	0.0472108436738229	0.0496560218085342	pgaa-cross-platform-dual-gate-v1	pgaa-cross-platform-matched-controls-v1
nadig2024_hepg2_crispri	HepG2 CRISPRi Perturb-seq	experimental_batch_holdout_28_vs_28	ANAPC15	ANAPC15	3	absolute_mean_shift	70	4999	0.01	0.06	-0.0499999999999999	0.0494862658077093	0.0166242620941083	pgaa-cross-platform-dual-gate-v1	pgaa-cross-platform-matched-controls-v1
nadig2024_hepg2_crispri	HepG2 CRISPRi Perturb-seq	experimental_batch_holdout_28_vs_28	ANAPC15	ANAPC15	3	welch_abs_t	70	4999	0.01	0.02	-0.01	0.0099655581538868	-0.0180724865265507	pgaa-cross-platform-dual-gate-v1	pgaa-cross-platform-matched-controls-v1
nadig2024_hepg2_crispri	HepG2 CRISPRi Perturb-seq	experimental_batch_holdout_28_vs_28	ANAPC15	ANAPC15	4	pgaa_w	70	4999	0.13	0.05	0.08	0.2074959130121342	0.2341188810150986	pgaa-cross-platform-dual-gate-v1	pgaa-cross-platform-matched-controls-v1
nadig2024_hepg2_crispri	HepG2 CRISPRi Perturb-seq	experimental_batch_holdout_28_vs_28	ANAPC15	ANAPC15	4	pgaa_h	70	4999	0.02	0.04	-0.02	0.0549969848621724	0.0664906799188742	pgaa-cross-platform-dual-gate-v1	pgaa-cross-platform-matched-controls-v1
nadig2024_hepg2_crispri	HepG2 CRISPRi Perturb-seq	experimental_batch_holdout_28_vs_28	ANAPC15	ANAPC15	4	absolute_mean_shift	70	4999	0.12	0.03	0.09	0.0194404645178063	0.04926994518461	pgaa-cross-platform-dual-gate-v1	pgaa-cross-platform-matched-controls-v1
nadig2024_hepg2_crispri	HepG2 CRISPRi Perturb-seq	experimental_batch_holdout_28_vs_28	ANAPC15	ANAPC15	4	welch_abs_t	70	4999	0.05	0.01	0.04	-0.0143075664352558	0.0112830199173087	pgaa-cross-platform-dual-gate-v1	pgaa-cross-platform-matched-controls-v1
nadig2024_hepg2_crispri	HepG2 CRISPRi Perturb-seq	experimental_batch_holdout_28_vs_28	BCAR1	BCAR1	0	pgaa_w	70	4999	0.1	0.06	0.04	0.2262539457231182	0.2150116771973843	pgaa-cross-platform-dual-gate-v1	pgaa-cross-platform-matched-controls-v1
nadig2024_hepg2_crispri	HepG2 CRISPRi Perturb-seq	experimental_batch_holdout_28_vs_28	BCAR1	BCAR1	0	pgaa_h	70	4999	0.04	0.03	0.01	0.0380072442319891	0.056882954300035	pgaa-cross-platform-dual-gate-v1	pgaa-cross-platform-matched-controls-v1
nadig2024_hepg2_crispri	HepG2 CRISPRi Perturb-seq	experimental_batch_holdout_28_vs_28	BCAR1	BCAR1	0	absolute_mean_shift	70	4999	0.09	0.04	0.0499999999999999	0.0453132066050815	0.0317375141310008	pgaa-cross-platform-dual-gate-v1	pgaa-cross-platform-matched-controls-v1
nadig2024_hepg2_crispri	HepG2 CRISPRi Perturb-seq	experimental_batch_holdout_28_vs_28	BCAR1	BCAR1	0	welch_abs_t	70	4999	0.03	0.03	0.0	-0.0014617963689478	-0.0111089407800193	pgaa-cross-platform-dual-gate-v1	pgaa-cross-platform-matched-controls-v1
nadig2024_hepg2_crispri	HepG2 CRISPRi Perturb-seq	experimental_batch_holdout_28_vs_28	BCAR1	BCAR1	1	pgaa_w	70	4999	0.06	0.03	0.03	0.2256191718535784	0.1968643621641495	pgaa-cross-platform-dual-gate-v1	pgaa-cross-platform-matched-controls-v1
nadig2024_hepg2_crispri	HepG2 CRISPRi Perturb-seq	experimental_batch_holdout_28_vs_28	BCAR1	BCAR1	1	pgaa_h	70	4999	0.01	0.02	-0.01	0.0395534606150212	0.0587882917667116	pgaa-cross-platform-dual-gate-v1	pgaa-cross-platform-matched-controls-v1
nadig2024_hepg2_crispri	HepG2 CRISPRi Perturb-seq	experimental_batch_holdout_28_vs_28	BCAR1	BCAR1	1	absolute_mean_shift	70	4999	0.04	0.03	0.01	0.0282990584725923	0.0341796589834783	pgaa-cross-platform-dual-gate-v1	pgaa-cross-platform-matched-controls-v1
nadig2024_hepg2_crispri	HepG2 CRISPRi Perturb-seq	experimental_batch_holdout_28_vs_28	BCAR1	BCAR1	1	welch_abs_t	70	4999	0.0	0.01	-0.01	-0.0116996534480965	0.0128811933815334	pgaa-cross-platform-dual-gate-v1	pgaa-cross-platform-matched-controls-v1
nadig2024_hepg2_crispri	HepG2 CRISPRi Perturb-seq	experimental_batch_holdout_28_vs_28	BCAR1	BCAR1	2	pgaa_w	70	4999	0.13	0.05	0.08	0.2095266725854174	0.2004128283039561	pgaa-cross-platform-dual-gate-v1	pgaa-cross-platform-matched-controls-v1
nadig2024_hepg2_crispri	HepG2 CRISPRi Perturb-seq	experimental_batch_holdout_28_vs_28	BCAR1	BCAR1	2	pgaa_h	70	4999	0.03	0.02	0.0099999999999999	0.058345298283754	0.0456112151372219	pgaa-cross-platform-dual-gate-v1	pgaa-cross-platform-matched-controls-v1
nadig2024_hepg2_crispri	HepG2 CRISPRi Perturb-seq	experimental_batch_holdout_28_vs_28	BCAR1	BCAR1	2	absolute_mean_shift	70	4999	0.07	0.02	0.05	0.0520123798208885	0.0178570105892212	pgaa-cross-platform-dual-gate-v1	pgaa-cross-platform-matched-controls-v1
nadig2024_hepg2_crispri	HepG2 CRISPRi Perturb-seq	experimental_batch_holdout_28_vs_28	BCAR1	BCAR1	2	welch_abs_t	70	4999	0.04	0.02	0.02	0.0123883672292681	-0.0246962783192893	pgaa-cross-platform-dual-gate-v1	pgaa-cross-platform-matched-controls-v1
nadig2024_hepg2_crispri	HepG2 CRISPRi Perturb-seq	experimental_batch_holdout_28_vs_28	BCAR1	BCAR1	3	pgaa_w	70	4999	0.08	0.12	-0.0399999999999999	0.2108054512703261	0.2437960883893465	pgaa-cross-platform-dual-gate-v1	pgaa-cross-platform-matched-controls-v1
nadig2024_hepg2_crispri	HepG2 CRISPRi Perturb-seq	experimental_batch_holdout_28_vs_28	BCAR1	BCAR1	3	pgaa_h	70	4999	0.04	0.07	-0.03	0.0318625770750594	0.0059816438831493	pgaa-cross-platform-dual-gate-v1	pgaa-cross-platform-matched-controls-v1
nadig2024_hepg2_crispri	HepG2 CRISPRi Perturb-seq	experimental_batch_holdout_28_vs_28	BCAR1	BCAR1	3	absolute_mean_shift	70	4999	0.09	0.08	0.0099999999999999	0.0324567303864724	0.0531322551728992	pgaa-cross-platform-dual-gate-v1	pgaa-cross-platform-matched-controls-v1
nadig2024_hepg2_crispri	HepG2 CRISPRi Perturb-seq	experimental_batch_holdout_28_vs_28	BCAR1	BCAR1	3	welch_abs_t	70	4999	0.01	0.01	0.0	-0.0108762133221572	0.0013784146505171	pgaa-cross-platform-dual-gate-v1	pgaa-cross-platform-matched-controls-v1
nadig2024_hepg2_crispri	HepG2 CRISPRi Perturb-seq	experimental_batch_holdout_28_vs_28	BCAR1	BCAR1	4	pgaa_w	70	4999	0.09	0.06	0.03	0.1985312684145472	0.226382244804303	pgaa-cross-platform-dual-gate-v1	pgaa-cross-platform-matched-controls-v1
nadig2024_hepg2_crispri	HepG2 CRISPRi Perturb-seq	experimental_batch_holdout_28_vs_28	BCAR1	BCAR1	4	pgaa_h	70	4999	0.06	0.04	0.0199999999999999	0.0469795290838636	0.0574719797870852	pgaa-cross-platform-dual-gate-v1	pgaa-cross-platform-matched-controls-v1
nadig2024_hepg2_crispri	HepG2 CRISPRi Perturb-seq	experimental_batch_holdout_28_vs_28	BCAR1	BCAR1	4	absolute_mean_shift	70	4999	0.05	0.05	0.0	0.0231754561750057	0.0456721433712125	pgaa-cross-platform-dual-gate-v1	pgaa-cross-platform-matched-controls-v1
nadig2024_hepg2_crispri	HepG2 CRISPRi Perturb-seq	experimental_batch_holdout_28_vs_28	BCAR1	BCAR1	4	welch_abs_t	70	4999	0.02	0.03	-0.0099999999999999	-0.0236756474944448	-0.0019415854840567	pgaa-cross-platform-dual-gate-v1	pgaa-cross-platform-matched-controls-v1
nadig2024_hepg2_crispri	HepG2 CRISPRi Perturb-seq	experimental_batch_holdout_28_vs_28	BPTF	BPTF	0	pgaa_w	70	4999	0.31	0.04	0.27	0.2586920755099399	0.20766007597678	pgaa-cross-platform-dual-gate-v1	pgaa-cross-platform-matched-controls-v1
nadig2024_hepg2_crispri	HepG2 CRISPRi Perturb-seq	experimental_batch_holdout_28_vs_28	BPTF	BPTF	0	pgaa_h	70	4999	0.03	0.04	-0.01	0.0512998821968589	0.026232355030302	pgaa-cross-platform-dual-gate-v1	pgaa-cross-platform-matched-controls-v1
nadig2024_hepg2_crispri	HepG2 CRISPRi Perturb-seq	experimental_batch_holdout_28_vs_28	BPTF	BPTF	0	absolute_mean_shift	70	4999	0.29	0.01	0.2799999999999999	0.1069760396333991	0.022703050147293	pgaa-cross-platform-dual-gate-v1	pgaa-cross-platform-matched-controls-v1
nadig2024_hepg2_crispri	HepG2 CRISPRi Perturb-seq	experimental_batch_holdout_28_vs_28	BPTF	BPTF	0	welch_abs_t	70	4999	0.17	0.0	0.17	0.0698968169641106	-0.0051368203052375	pgaa-cross-platform-dual-gate-v1	pgaa-cross-platform-matched-controls-v1
nadig2024_hepg2_crispri	HepG2 CRISPRi Perturb-seq	experimental_batch_holdout_28_vs_28	BPTF	BPTF	1	pgaa_w	70	4999	0.34	0.09	0.25	0.27080183566125	0.2279860693387177	pgaa-cross-platform-dual-gate-v1	pgaa-cross-platform-matched-controls-v1
nadig2024_hepg2_crispri	HepG2 CRISPRi Perturb-seq	experimental_batch_holdout_28_vs_28	BPTF	BPTF	1	pgaa_h	70	4999	0.05	0.05	0.0	0.0506269538399168	0.0622127439097663	pgaa-cross-platform-dual-gate-v1	pgaa-cross-platform-matched-controls-v1
nadig2024_hepg2_crispri	HepG2 CRISPRi Perturb-seq	experimental_batch_holdout_28_vs_28	BPTF	BPTF	1	absolute_mean_shift	70	4999	0.31	0.06	0.25	0.1062583850845807	0.0415099172125077	pgaa-cross-platform-dual-gate-v1	pgaa-cross-platform-matched-controls-v1
nadig2024_hepg2_crispri	HepG2 CRISPRi Perturb-seq	experimental_batch_holdout_28_vs_28	BPTF	BPTF	1	welch_abs_t	70	4999	0.22	0.04	0.18	0.0710111874956023	-0.004449657086386	pgaa-cross-platform-dual-gate-v1	pgaa-cross-platform-matched-controls-v1
nadig2024_hepg2_crispri	HepG2 CRISPRi Perturb-seq	experimental_batch_holdout_28_vs_28	BPTF	BPTF	2	pgaa_w	70	4999	0.34	0.08	0.26	0.2716714259538583	0.2060543081005157	pgaa-cross-platform-dual-gate-v1	pgaa-cross-platform-matched-controls-v1
nadig2024_hepg2_crispri	HepG2 CRISPRi Perturb-seq	experimental_batch_holdout_28_vs_28	BPTF	BPTF	2	pgaa_h	70	4999	0.05	0.01	0.04	0.0500870267902994	0.0677968909117499	pgaa-cross-platform-dual-gate-v1	pgaa-cross-platform-matched-controls-v1
nadig2024_hepg2_crispri	HepG2 CRISPRi Perturb-seq	experimental_batch_holdout_28_vs_28	BPTF	BPTF	2	absolute_mean_shift	70	4999	0.27	0.04	0.23	0.1087771436212225	0.0360266670432804	pgaa-cross-platform-dual-gate-v1	pgaa-cross-platform-matched-controls-v1
nadig2024_hepg2_crispri	HepG2 CRISPRi Perturb-seq	experimental_batch_holdout_28_vs_28	BPTF	BPTF	2	welch_abs_t	70	4999	0.13	0.02	0.11	0.0676702275389051	-0.0017470352654383	pgaa-cross-platform-dual-gate-v1	pgaa-cross-platform-matched-controls-v1
nadig2024_hepg2_crispri	HepG2 CRISPRi Perturb-seq	experimental_batch_holdout_28_vs_28	BPTF	BPTF	3	pgaa_w	70	4999	0.3	0.1	0.1999999999999999	0.2674448043029975	0.2111871284701118	pgaa-cross-platform-dual-gate-v1	pgaa-cross-platform-matched-controls-v1
nadig2024_hepg2_crispri	HepG2 CRISPRi Perturb-seq	experimental_batch_holdout_28_vs_28	BPTF	BPTF	3	pgaa_h	70	4999	0.05	0.07	-0.02	0.0663264201604306	0.0249358806797557	pgaa-cross-platform-dual-gate-v1	pgaa-cross-platform-matched-controls-v1
nadig2024_hepg2_crispri	HepG2 CRISPRi Perturb-seq	experimental_batch_holdout_28_vs_28	BPTF	BPTF	3	absolute_mean_shift	70	4999	0.29	0.06	0.2299999999999999	0.1098499382121142	0.0365706999298126	pgaa-cross-platform-dual-gate-v1	pgaa-cross-platform-matched-controls-v1
nadig2024_hepg2_crispri	HepG2 CRISPRi Perturb-seq	experimental_batch_holdout_28_vs_28	BPTF	BPTF	3	welch_abs_t	70	4999	0.13	0.0	0.13	0.0637982524266581	-0.0092679388703319	pgaa-cross-platform-dual-gate-v1	pgaa-cross-platform-matched-controls-v1
nadig2024_hepg2_crispri	HepG2 CRISPRi Perturb-seq	experimental_batch_holdout_28_vs_28	BPTF	BPTF	4	pgaa_w	70	4999	0.35	0.07	0.2799999999999999	0.2803812192930783	0.2234808456048953	pgaa-cross-platform-dual-gate-v1	pgaa-cross-platform-matched-controls-v1
nadig2024_hepg2_crispri	HepG2 CRISPRi Perturb-seq	experimental_batch_holdout_28_vs_28	BPTF	BPTF	4	pgaa_h	70	4999	0.05	0.03	0.02	0.0531123304501365	0.0259385228112074	pgaa-cross-platform-dual-gate-v1	pgaa-cross-platform-matched-controls-v1
nadig2024_hepg2_crispri	HepG2 CRISPRi Perturb-seq	experimental_batch_holdout_28_vs_28	BPTF	BPTF	4	absolute_mean_shift	70	4999	0.32	0.03	0.29	0.1589023011439432	0.0408242038852937	pgaa-cross-platform-dual-gate-v1	pgaa-cross-platform-matched-controls-v1
nadig2024_hepg2_crispri	HepG2 CRISPRi Perturb-seq	experimental_batch_holdout_28_vs_28	BPTF	BPTF	4	welch_abs_t	70	4999	0.19	0.04	0.15	0.1222715419944078	0.014391815746448	pgaa-cross-platform-dual-gate-v1	pgaa-cross-platform-matched-controls-v1
nadig2024_hepg2_crispri	HepG2 CRISPRi Perturb-seq	experimental_batch_holdout_28_vs_28	BTF3	BTF3	0	pgaa_w	70	4999	0.2	0.09	0.11	0.2495285237119452	0.1846108136393185	pgaa-cross-platform-dual-gate-v1	pgaa-cross-platform-matched-controls-v1
nadig2024_hepg2_crispri	HepG2 CRISPRi Perturb-seq	experimental_batch_holdout_28_vs_28	BTF3	BTF3	0	pgaa_h	70	4999	0.06	0.04	0.0199999999999999	0.0506211581580382	0.0257858556697907	pgaa-cross-platform-dual-gate-v1	pgaa-cross-platform-matched-controls-v1
nadig2024_hepg2_crispri	HepG2 CRISPRi Perturb-seq	experimental_batch_holdout_28_vs_28	BTF3	BTF3	0	absolute_mean_shift	70	4999	0.18	0.08	0.0999999999999999	0.0866170882278849	0.0112293560286162	pgaa-cross-platform-dual-gate-v1	pgaa-cross-platform-matched-controls-v1
nadig2024_hepg2_crispri	HepG2 CRISPRi Perturb-seq	experimental_batch_holdout_28_vs_28	BTF3	BTF3	0	welch_abs_t	70	4999	0.02	0.03	-0.0099999999999999	0.0230337872141783	-0.0335319657448896	pgaa-cross-platform-dual-gate-v1	pgaa-cross-platform-matched-controls-v1
nadig2024_hepg2_crispri	HepG2 CRISPRi Perturb-seq	experimental_batch_holdout_28_vs_28	BTF3	BTF3	1	pgaa_w	70	4999	0.28	0.14	0.14	0.2481170271028996	0.21077499984991	pgaa-cross-platform-dual-gate-v1	pgaa-cross-platform-matched-controls-v1
nadig2024_hepg2_crispri	HepG2 CRISPRi Perturb-seq	experimental_batch_holdout_28_vs_28	BTF3	BTF3	1	pgaa_h	70	4999	0.04	0.03	0.01	0.0185049973429586	0.0327503093014611	pgaa-cross-platform-dual-gate-v1	pgaa-cross-platform-matched-controls-v1
nadig2024_hepg2_crispri	HepG2 CRISPRi Perturb-seq	experimental_batch_holdout_28_vs_28	BTF3	BTF3	1	absolute_mean_shift	70	4999	0.24	0.11	0.13	0.083096570252386	0.0272702447825589	pgaa-cross-platform-dual-gate-v1	pgaa-cross-platform-matched-controls-v1
nadig2024_hepg2_crispri	HepG2 CRISPRi Perturb-seq	experimental_batch_holdout_28_vs_28	BTF3	BTF3	1	welch_abs_t	70	4999	0.12	0.02	0.0999999999999999	0.0272033826693309	-0.0193924323404751	pgaa-cross-platform-dual-gate-v1	pgaa-cross-platform-matched-controls-v1
nadig2024_hepg2_crispri	HepG2 CRISPRi Perturb-seq	experimental_batch_holdout_28_vs_28	BTF3	BTF3	2	pgaa_w	70	4999	0.18	0.06	0.12	0.2524234018472362	0.228742655325783	pgaa-cross-platform-dual-gate-v1	pgaa-cross-platform-matched-controls-v1
nadig2024_hepg2_crispri	HepG2 CRISPRi Perturb-seq	experimental_batch_holdout_28_vs_28	BTF3	BTF3	2	pgaa_h	70	4999	0.0	0.01	-0.01	0.0666668130104671	0.0350687494302679	pgaa-cross-platform-dual-gate-v1	pgaa-cross-platform-matched-controls-v1
nadig2024_hepg2_crispri	HepG2 CRISPRi Perturb-seq	experimental_batch_holdout_28_vs_28	BTF3	BTF3	2	absolute_mean_shift	70	4999	0.16	0.02	0.14	0.092974731375541	0.0471749852570808	pgaa-cross-platform-dual-gate-v1	pgaa-cross-platform-matched-controls-v1
nadig2024_hepg2_crispri	HepG2 CRISPRi Perturb-seq	experimental_batch_holdout_28_vs_28	BTF3	BTF3	2	welch_abs_t	70	4999	0.09	0.0	0.09	0.0353344788062214	0.0083018462035744	pgaa-cross-platform-dual-gate-v1	pgaa-cross-platform-matched-controls-v1
nadig2024_hepg2_crispri	HepG2 CRISPRi Perturb-seq	experimental_batch_holdout_28_vs_28	BTF3	BTF3	3	pgaa_w	70	4999	0.17	0.1	0.07	0.2534342658207512	0.2183958937285657	pgaa-cross-platform-dual-gate-v1	pgaa-cross-platform-matched-controls-v1
nadig2024_hepg2_crispri	HepG2 CRISPRi Perturb-seq	experimental_batch_holdout_28_vs_28	BTF3	BTF3	3	pgaa_h	70	4999	0.03	0.01	0.0199999999999999	0.0382991081895704	0.0345599071264289	pgaa-cross-platform-dual-gate-v1	pgaa-cross-platform-matched-controls-v1
nadig2024_hepg2_crispri	HepG2 CRISPRi Perturb-seq	experimental_batch_holdout_28_vs_28	BTF3	BTF3	3	absolute_mean_shift	70	4999	0.1	0.08	0.02	0.0770635884347699	0.0316252335769585	pgaa-cross-platform-dual-gate-v1	pgaa-cross-platform-matched-controls-v1
nadig2024_hepg2_crispri	HepG2 CRISPRi Perturb-seq	experimental_batch_holdout_28_vs_28	BTF3	BTF3	3	welch_abs_t	70	4999	0.04	0.02	0.02	0.0203405825943099	-0.0087487080129111	pgaa-cross-platform-dual-gate-v1	pgaa-cross-platform-matched-controls-v1
nadig2024_hepg2_crispri	HepG2 CRISPRi Perturb-seq	experimental_batch_holdout_28_vs_28	BTF3	BTF3	4	pgaa_w	70	4999	0.2	0.04	0.16	0.2522698052215485	0.215604445162742	pgaa-cross-platform-dual-gate-v1	pgaa-cross-platform-matched-controls-v1
nadig2024_hepg2_crispri	HepG2 CRISPRi Perturb-seq	experimental_batch_holdout_28_vs_28	BTF3	BTF3	4	pgaa_h	70	4999	0.01	0.02	-0.01	0.0369104278521578	0.0382641696810499	pgaa-cross-platform-dual-gate-v1	pgaa-cross-platform-matched-controls-v1
nadig2024_hepg2_crispri	HepG2 CRISPRi Perturb-seq	experimental_batch_holdout_28_vs_28	BTF3	BTF3	4	absolute_mean_shift	70	4999	0.11	0.04	0.07	0.0919653141236634	0.0149608785640634	pgaa-cross-platform-dual-gate-v1	pgaa-cross-platform-matched-controls-v1
nadig2024_hepg2_crispri	HepG2 CRISPRi Perturb-seq	experimental_batch_holdout_28_vs_28	BTF3	BTF3	4	welch_abs_t	70	4999	0.06	0.01	0.0499999999999999	0.0388588569094371	-0.0127439776553808	pgaa-cross-platform-dual-gate-v1	pgaa-cross-platform-matched-controls-v1
nadig2024_hepg2_crispri	HepG2 CRISPRi Perturb-seq	experimental_batch_holdout_28_vs_28	C7orf26	C7orf26	0	pgaa_w	70	4999	0.37	0.07	0.3	0.2509483860757746	0.2117999717110289	pgaa-cross-platform-dual-gate-v1	pgaa-cross-platform-matched-controls-v1
nadig2024_hepg2_crispri	HepG2 CRISPRi Perturb-seq	experimental_batch_holdout_28_vs_28	C7orf26	C7orf26	0	pgaa_h	70	4999	0.04	0.03	0.01	0.0485853865049522	0.0377224620890142	pgaa-cross-platform-dual-gate-v1	pgaa-cross-platform-matched-controls-v1
nadig2024_hepg2_crispri	HepG2 CRISPRi Perturb-seq	experimental_batch_holdout_28_vs_28	C7orf26	C7orf26	0	absolute_mean_shift	70	4999	0.37	0.05	0.32	0.1101828854712294	0.0454731237811496	pgaa-cross-platform-dual-gate-v1	pgaa-cross-platform-matched-controls-v1
nadig2024_hepg2_crispri	HepG2 CRISPRi Perturb-seq	experimental_batch_holdout_28_vs_28	C7orf26	C7orf26	0	welch_abs_t	70	4999	0.27	0.03	0.24	0.0666664494979828	-0.0005329574918585	pgaa-cross-platform-dual-gate-v1	pgaa-cross-platform-matched-controls-v1
nadig2024_hepg2_crispri	HepG2 CRISPRi Perturb-seq	experimental_batch_holdout_28_vs_28	C7orf26	C7orf26	1	pgaa_w	70	4999	0.35	0.05	0.3	0.2674907965986955	0.2120545759091794	pgaa-cross-platform-dual-gate-v1	pgaa-cross-platform-matched-controls-v1
nadig2024_hepg2_crispri	HepG2 CRISPRi Perturb-seq	experimental_batch_holdout_28_vs_28	C7orf26	C7orf26	1	pgaa_h	70	4999	0.03	0.04	-0.01	0.0474348963664278	0.0476056063871579	pgaa-cross-platform-dual-gate-v1	pgaa-cross-platform-matched-controls-v1
nadig2024_hepg2_crispri	HepG2 CRISPRi Perturb-seq	experimental_batch_holdout_28_vs_28	C7orf26	C7orf26	1	absolute_mean_shift	70	4999	0.33	0.05	0.28	0.1270594371188623	0.0302198168361427	pgaa-cross-platform-dual-gate-v1	pgaa-cross-platform-matched-controls-v1
nadig2024_hepg2_crispri	HepG2 CRISPRi Perturb-seq	experimental_batch_holdout_28_vs_28	C7orf26	C7orf26	1	welch_abs_t	70	4999	0.25	0.02	0.23	0.0842191332884636	-0.0115523504220652	pgaa-cross-platform-dual-gate-v1	pgaa-cross-platform-matched-controls-v1
nadig2024_hepg2_crispri	HepG2 CRISPRi Perturb-seq	experimental_batch_holdout_28_vs_28	C7orf26	C7orf26	2	pgaa_w	70	4999	0.31	0.09	0.22	0.2651046234216831	0.2657364455364062	pgaa-cross-platform-dual-gate-v1	pgaa-cross-platform-matched-controls-v1
nadig2024_hepg2_crispri	HepG2 CRISPRi Perturb-seq	experimental_batch_holdout_28_vs_28	C7orf26	C7orf26	2	pgaa_h	70	4999	0.02	0.06	-0.0399999999999999	0.0370048268426318	0.0377261760905508	pgaa-cross-platform-dual-gate-v1	pgaa-cross-platform-matched-controls-v1
nadig2024_hepg2_crispri	HepG2 CRISPRi Perturb-seq	experimental_batch_holdout_28_vs_28	C7orf26	C7orf26	2	absolute_mean_shift	70	4999	0.25	0.05	0.2	0.1273635497388728	0.0485845660496908	pgaa-cross-platform-dual-gate-v1	pgaa-cross-platform-matched-controls-v1
nadig2024_hepg2_crispri	HepG2 CRISPRi Perturb-seq	experimental_batch_holdout_28_vs_28	C7orf26	C7orf26	2	welch_abs_t	70	4999	0.17	0.02	0.15	0.077296398153035	0.006051240212028	pgaa-cross-platform-dual-gate-v1	pgaa-cross-platform-matched-controls-v1
nadig2024_hepg2_crispri	HepG2 CRISPRi Perturb-seq	experimental_batch_holdout_28_vs_28	C7orf26	C7orf26	3	pgaa_w	70	4999	0.33	0.05	0.28	0.260533850731731	0.1892961734723896	pgaa-cross-platform-dual-gate-v1	pgaa-cross-platform-matched-controls-v1
nadig2024_hepg2_crispri	HepG2 CRISPRi Perturb-seq	experimental_batch_holdout_28_vs_28	C7orf26	C7orf26	3	pgaa_h	70	4999	0.01	0.03	-0.0199999999999999	0.0598284301115772	0.0224010052215209	pgaa-cross-platform-dual-gate-v1	pgaa-cross-platform-matched-controls-v1
nadig2024_hepg2_crispri	HepG2 CRISPRi Perturb-seq	experimental_batch_holdout_28_vs_28	C7orf26	C7orf26	3	absolute_mean_shift	70	4999	0.34	0.03	0.31	0.1160606067146784	0.0219602072656509	pgaa-cross-platform-dual-gate-v1	pgaa-cross-platform-matched-controls-v1
nadig2024_hepg2_crispri	HepG2 CRISPRi Perturb-seq	experimental_batch_holdout_28_vs_28	C7orf26	C7orf26	3	welch_abs_t	70	4999	0.26	0.02	0.24	0.0693732530452968	-0.0086189424681723	pgaa-cross-platform-dual-gate-v1	pgaa-cross-platform-matched-controls-v1
nadig2024_hepg2_crispri	HepG2 CRISPRi Perturb-seq	experimental_batch_holdout_28_vs_28	C7orf26	C7orf26	4	pgaa_w	70	4999	0.44	0.06	0.38	0.311646659896205	0.2149503442104988	pgaa-cross-platform-dual-gate-v1	pgaa-cross-platform-matched-controls-v1
nadig2024_hepg2_crispri	HepG2 CRISPRi Perturb-seq	experimental_batch_holdout_28_vs_28	C7orf26	C7orf26	4	pgaa_h	70	4999	0.05	0.02	0.03	0.0333981124755966	0.0483324147109007	pgaa-cross-platform-dual-gate-v1	pgaa-cross-platform-matched-controls-v1
nadig2024_hepg2_crispri	HepG2 CRISPRi Perturb-seq	experimental_batch_holdout_28_vs_28	C7orf26	C7orf26	4	absolute_mean_shift	70	4999	0.39	0.07	0.32	0.1834685627381741	0.0146359646510748	pgaa-cross-platform-dual-gate-v1	pgaa-cross-platform-matched-controls-v1
nadig2024_hepg2_crispri	HepG2 CRISPRi Perturb-seq	experimental_batch_holdout_28_vs_28	C7orf26	C7orf26	4	welch_abs_t	70	4999	0.21	0.01	0.1999999999999999	0.1345976516856599	-0.0247276628927095	pgaa-cross-platform-dual-gate-v1	pgaa-cross-platform-matched-controls-v1
nadig2024_hepg2_crispri	HepG2 CRISPRi Perturb-seq	experimental_batch_holdout_28_vs_28	CCDC6	CCDC6	0	pgaa_w	70	4999	0.27	0.11	0.16	0.241298183286117	0.2131774152189382	pgaa-cross-platform-dual-gate-v1	pgaa-cross-platform-matched-controls-v1
nadig2024_hepg2_crispri	HepG2 CRISPRi Perturb-seq	experimental_batch_holdout_28_vs_28	CCDC6	CCDC6	0	pgaa_h	70	4999	0.07	0.02	0.05	0.0386136622871603	0.037537782409922	pgaa-cross-platform-dual-gate-v1	pgaa-cross-platform-matched-controls-v1
nadig2024_hepg2_crispri	HepG2 CRISPRi Perturb-seq	experimental_batch_holdout_28_vs_28	CCDC6	CCDC6	0	absolute_mean_shift	70	4999	0.26	0.08	0.18	0.1224793664821164	0.0304379919485128	pgaa-cross-platform-dual-gate-v1	pgaa-cross-platform-matched-controls-v1
nadig2024_hepg2_crispri	HepG2 CRISPRi Perturb-seq	experimental_batch_holdout_28_vs_28	CCDC6	CCDC6	0	welch_abs_t	70	4999	0.1	0.04	0.06	0.0693192384455282	-0.0008438629382741	pgaa-cross-platform-dual-gate-v1	pgaa-cross-platform-matched-controls-v1
nadig2024_hepg2_crispri	HepG2 CRISPRi Perturb-seq	experimental_batch_holdout_28_vs_28	CCDC6	CCDC6	1	pgaa_w	70	4999	0.06	0.1	-0.04	0.2352927973349772	0.1956925889859845	pgaa-cross-platform-dual-gate-v1	pgaa-cross-platform-matched-controls-v1
nadig2024_hepg2_crispri	HepG2 CRISPRi Perturb-seq	experimental_batch_holdout_28_vs_28	CCDC6	CCDC6	1	pgaa_h	70	4999	0.06	0.05	0.0099999999999999	0.0316649009538545	0.039383395544528	pgaa-cross-platform-dual-gate-v1	pgaa-cross-platform-matched-controls-v1
nadig2024_hepg2_crispri	HepG2 CRISPRi Perturb-seq	experimental_batch_holdout_28_vs_28	CCDC6	CCDC6	1	absolute_mean_shift	70	4999	0.05	0.08	-0.03	0.0682336662437914	0.0271111592358541	pgaa-cross-platform-dual-gate-v1	pgaa-cross-platform-matched-controls-v1
nadig2024_hepg2_crispri	HepG2 CRISPRi Perturb-seq	experimental_batch_holdout_28_vs_28	CCDC6	CCDC6	1	welch_abs_t	70	4999	0.04	0.0	0.04	0.0176241608946038	-0.0066368896349891	pgaa-cross-platform-dual-gate-v1	pgaa-cross-platform-matched-controls-v1
nadig2024_hepg2_crispri	HepG2 CRISPRi Perturb-seq	experimental_batch_holdout_28_vs_28	CCDC6	CCDC6	2	pgaa_w	70	4999	0.21	0.08	0.13	0.2325725291036599	0.2308217579170096	pgaa-cross-platform-dual-gate-v1	pgaa-cross-platform-matched-controls-v1
nadig2024_hepg2_crispri	HepG2 CRISPRi Perturb-seq	experimental_batch_holdout_28_vs_28	CCDC6	CCDC6	2	pgaa_h	70	4999	0.06	0.06	0.0	0.0274455286540942	0.0311055236438227	pgaa-cross-platform-dual-gate-v1	pgaa-cross-platform-matched-controls-v1
nadig2024_hepg2_crispri	HepG2 CRISPRi Perturb-seq	experimental_batch_holdout_28_vs_28	CCDC6	CCDC6	2	absolute_mean_shift	70	4999	0.19	0.04	0.15	0.066101199742095	0.034293819775652	pgaa-cross-platform-dual-gate-v1	pgaa-cross-platform-matched-controls-v1
nadig2024_hepg2_crispri	HepG2 CRISPRi Perturb-seq	experimental_batch_holdout_28_vs_28	CCDC6	CCDC6	2	welch_abs_t	70	4999	0.08	0.0	0.08	0.0204970846750382	-0.0151901050077962	pgaa-cross-platform-dual-gate-v1	pgaa-cross-platform-matched-controls-v1
nadig2024_hepg2_crispri	HepG2 CRISPRi Perturb-seq	experimental_batch_holdout_28_vs_28	CCDC6	CCDC6	3	pgaa_w	70	4999	0.16	0.14	0.0199999999999999	0.2339492852231911	0.2288714430521158	pgaa-cross-platform-dual-gate-v1	pgaa-cross-platform-matched-controls-v1
nadig2024_hepg2_crispri	HepG2 CRISPRi Perturb-seq	experimental_batch_holdout_28_vs_28	CCDC6	CCDC6	3	pgaa_h	70	4999	0.06	0.03	0.03	0.014347713646898	0.0399301831814476	pgaa-cross-platform-dual-gate-v1	pgaa-cross-platform-matched-controls-v1
nadig2024_hepg2_crispri	HepG2 CRISPRi Perturb-seq	experimental_batch_holdout_28_vs_28	CCDC6	CCDC6	3	absolute_mean_shift	70	4999	0.12	0.1	0.0199999999999999	0.0751282425548796	0.0263745322451824	pgaa-cross-platform-dual-gate-v1	pgaa-cross-platform-matched-controls-v1
nadig2024_hepg2_crispri	HepG2 CRISPRi Perturb-seq	experimental_batch_holdout_28_vs_28	CCDC6	CCDC6	3	welch_abs_t	70	4999	0.04	0.01	0.03	0.0168447706347992	-0.029408077822047	pgaa-cross-platform-dual-gate-v1	pgaa-cross-platform-matched-controls-v1
nadig2024_hepg2_crispri	HepG2 CRISPRi Perturb-seq	experimental_batch_holdout_28_vs_28	CCDC6	CCDC6	4	pgaa_w	70	4999	0.22	0.13	0.09	0.2258131514898418	0.2015145932427782	pgaa-cross-platform-dual-gate-v1	pgaa-cross-platform-matched-controls-v1
nadig2024_hepg2_crispri	HepG2 CRISPRi Perturb-seq	experimental_batch_holdout_28_vs_28	CCDC6	CCDC6	4	pgaa_h	70	4999	0.05	0.04	0.01	0.0600931777202637	0.0719102482530333	pgaa-cross-platform-dual-gate-v1	pgaa-cross-platform-matched-controls-v1
nadig2024_hepg2_crispri	HepG2 CRISPRi Perturb-seq	experimental_batch_holdout_28_vs_28	CCDC6	CCDC6	4	absolute_mean_shift	70	4999	0.2	0.1	0.1	0.09593114105826	0.0334948891363022	pgaa-cross-platform-dual-gate-v1	pgaa-cross-platform-matched-controls-v1
nadig2024_hepg2_crispri	HepG2 CRISPRi Perturb-seq	experimental_batch_holdout_28_vs_28	CCDC6	CCDC6	4	welch_abs_t	70	4999	0.07	0.02	0.05	0.0446056436257239	-0.0038847918444165	pgaa-cross-platform-dual-gate-v1	pgaa-cross-platform-matched-controls-v1
nadig2024_hepg2_crispri	HepG2 CRISPRi Perturb-seq	experimental_batch_holdout_28_vs_28	CCDC78	CCDC78	0	pgaa_w	70	5000	0.18	0.06	0.12	0.2329706444228257	0.2057300693492027	pgaa-cross-platform-dual-gate-v1	pgaa-cross-platform-matched-controls-v1
nadig2024_hepg2_crispri	HepG2 CRISPRi Perturb-seq	experimental_batch_holdout_28_vs_28	CCDC78	CCDC78	0	pgaa_h	70	5000	0.07	0.07	0.0	0.0621005374047898	0.0472389861195006	pgaa-cross-platform-dual-gate-v1	pgaa-cross-platform-matched-controls-v1
nadig2024_hepg2_crispri	HepG2 CRISPRi Perturb-seq	experimental_batch_holdout_28_vs_28	CCDC78	CCDC78	0	absolute_mean_shift	70	5000	0.11	0.04	0.07	0.0530385735064534	0.0279121766565064	pgaa-cross-platform-dual-gate-v1	pgaa-cross-platform-matched-controls-v1
nadig2024_hepg2_crispri	HepG2 CRISPRi Perturb-seq	experimental_batch_holdout_28_vs_28	CCDC78	CCDC78	0	welch_abs_t	70	5000	0.02	0.0	0.02	0.011710326996413	-0.0156073475526684	pgaa-cross-platform-dual-gate-v1	pgaa-cross-platform-matched-controls-v1
nadig2024_hepg2_crispri	HepG2 CRISPRi Perturb-seq	experimental_batch_holdout_28_vs_28	CCDC78	CCDC78	1	pgaa_w	70	5000	0.08	0.08	0.0	0.2269302988372119	0.2382984344919373	pgaa-cross-platform-dual-gate-v1	pgaa-cross-platform-matched-controls-v1
nadig2024_hepg2_crispri	HepG2 CRISPRi Perturb-seq	experimental_batch_holdout_28_vs_28	CCDC78	CCDC78	1	pgaa_h	70	5000	0.01	0.07	-0.06	0.0522073427664365	0.018285589531678	pgaa-cross-platform-dual-gate-v1	pgaa-cross-platform-matched-controls-v1
nadig2024_hepg2_crispri	HepG2 CRISPRi Perturb-seq	experimental_batch_holdout_28_vs_28	CCDC78	CCDC78	1	absolute_mean_shift	70	5000	0.07	0.07	0.0	0.070542845905565	0.0558020438694387	pgaa-cross-platform-dual-gate-v1	pgaa-cross-platform-matched-controls-v1
nadig2024_hepg2_crispri	HepG2 CRISPRi Perturb-seq	experimental_batch_holdout_28_vs_28	CCDC78	CCDC78	1	welch_abs_t	70	5000	0.01	0.02	-0.01	0.0244019411680776	0.0104741854434701	pgaa-cross-platform-dual-gate-v1	pgaa-cross-platform-matched-controls-v1
nadig2024_hepg2_crispri	HepG2 CRISPRi Perturb-seq	experimental_batch_holdout_28_vs_28	CCDC78	CCDC78	2	pgaa_w	70	5000	0.07	0.07	0.0	0.2161069051242761	0.2008812030432481	pgaa-cross-platform-dual-gate-v1	pgaa-cross-platform-matched-controls-v1
nadig2024_hepg2_crispri	HepG2 CRISPRi Perturb-seq	experimental_batch_holdout_28_vs_28	CCDC78	CCDC78	2	pgaa_h	70	5000	0.02	0.04	-0.02	0.0390982647344863	0.0364382794125364	pgaa-cross-platform-dual-gate-v1	pgaa-cross-platform-matched-controls-v1
nadig2024_hepg2_crispri	HepG2 CRISPRi Perturb-seq	experimental_batch_holdout_28_vs_28	CCDC78	CCDC78	2	absolute_mean_shift	70	5000	0.06	0.03	0.03	0.0259829188670582	0.0329781611798753	pgaa-cross-platform-dual-gate-v1	pgaa-cross-platform-matched-controls-v1
nadig2024_hepg2_crispri	HepG2 CRISPRi Perturb-seq	experimental_batch_holdout_28_vs_28	CCDC78	CCDC78	2	welch_abs_t	70	5000	0.0	0.01	-0.01	-0.0112338256016226	-0.0069954113679843	pgaa-cross-platform-dual-gate-v1	pgaa-cross-platform-matched-controls-v1
nadig2024_hepg2_crispri	HepG2 CRISPRi Perturb-seq	experimental_batch_holdout_28_vs_28	CCDC78	CCDC78	3	pgaa_w	70	5000	0.1	0.09	0.01	0.2313205939568237	0.2153362998454519	pgaa-cross-platform-dual-gate-v1	pgaa-cross-platform-matched-controls-v1
nadig2024_hepg2_crispri	HepG2 CRISPRi Perturb-seq	experimental_batch_holdout_28_vs_28	CCDC78	CCDC78	3	pgaa_h	70	5000	0.01	0.04	-0.03	0.0580271869366722	0.0230064248038692	pgaa-cross-platform-dual-gate-v1	pgaa-cross-platform-matched-controls-v1
nadig2024_hepg2_crispri	HepG2 CRISPRi Perturb-seq	experimental_batch_holdout_28_vs_28	CCDC78	CCDC78	3	absolute_mean_shift	70	5000	0.09	0.07	0.0199999999999999	0.041414089040515	0.0350195434235054	pgaa-cross-platform-dual-gate-v1	pgaa-cross-platform-matched-controls-v1
nadig2024_hepg2_crispri	HepG2 CRISPRi Perturb-seq	experimental_batch_holdout_28_vs_28	CCDC78	CCDC78	3	welch_abs_t	70	5000	0.03	0.02	0.0099999999999999	-0.0037190904528528	-0.0057402245657467	pgaa-cross-platform-dual-gate-v1	pgaa-cross-platform-matched-controls-v1
nadig2024_hepg2_crispri	HepG2 CRISPRi Perturb-seq	experimental_batch_holdout_28_vs_28	CCDC78	CCDC78	4	pgaa_w	70	5000	0.11	0.1	0.0099999999999999	0.2248831441633257	0.2212647534905901	pgaa-cross-platform-dual-gate-v1	pgaa-cross-platform-matched-controls-v1
nadig2024_hepg2_crispri	HepG2 CRISPRi Perturb-seq	experimental_batch_holdout_28_vs_28	CCDC78	CCDC78	4	pgaa_h	70	5000	0.05	0.04	0.01	0.0493080278254921	0.0467042569360926	pgaa-cross-platform-dual-gate-v1	pgaa-cross-platform-matched-controls-v1
nadig2024_hepg2_crispri	HepG2 CRISPRi Perturb-seq	experimental_batch_holdout_28_vs_28	CCDC78	CCDC78	4	absolute_mean_shift	70	5000	0.09	0.1	-0.01	0.0545163461137377	0.0370572997009644	pgaa-cross-platform-dual-gate-v1	pgaa-cross-platform-matched-controls-v1
nadig2024_hepg2_crispri	HepG2 CRISPRi Perturb-seq	experimental_batch_holdout_28_vs_28	CCDC78	CCDC78	4	welch_abs_t	70	5000	0.05	0.05	0.0	0.0103790026874092	0.0001093247083729	pgaa-cross-platform-dual-gate-v1	pgaa-cross-platform-matched-controls-v1
nadig2024_hepg2_crispri	HepG2 CRISPRi Perturb-seq	experimental_batch_holdout_28_vs_28	CLOCK	CLOCK	0	pgaa_w	70	4999	0.26	0.09	0.17	0.2240014457633423	0.2160358366991526	pgaa-cross-platform-dual-gate-v1	pgaa-cross-platform-matched-controls-v1
nadig2024_hepg2_crispri	HepG2 CRISPRi Perturb-seq	experimental_batch_holdout_28_vs_28	CLOCK	CLOCK	0	pgaa_h	70	4999	0.03	0.03	0.0	0.0340645087767318	0.0534624151752538	pgaa-cross-platform-dual-gate-v1	pgaa-cross-platform-matched-controls-v1
nadig2024_hepg2_crispri	HepG2 CRISPRi Perturb-seq	experimental_batch_holdout_28_vs_28	CLOCK	CLOCK	0	absolute_mean_shift	70	4999	0.25	0.04	0.21	0.0535176536945109	0.0397474331408595	pgaa-cross-platform-dual-gate-v1	pgaa-cross-platform-matched-controls-v1
nadig2024_hepg2_crispri	HepG2 CRISPRi Perturb-seq	experimental_batch_holdout_28_vs_28	CLOCK	CLOCK	0	welch_abs_t	70	4999	0.21	0.01	0.1999999999999999	0.0141105672274911	0.0036223201422997	pgaa-cross-platform-dual-gate-v1	pgaa-cross-platform-matched-controls-v1
nadig2024_hepg2_crispri	HepG2 CRISPRi Perturb-seq	experimental_batch_holdout_28_vs_28	CLOCK	CLOCK	1	pgaa_w	70	4999	0.28	0.07	0.21	0.2156192219956597	0.239010104734032	pgaa-cross-platform-dual-gate-v1	pgaa-cross-platform-matched-controls-v1
nadig2024_hepg2_crispri	HepG2 CRISPRi Perturb-seq	experimental_batch_holdout_28_vs_28	CLOCK	CLOCK	1	pgaa_h	70	4999	0.03	0.03	0.0	0.0413434736074437	0.0341207696862926	pgaa-cross-platform-dual-gate-v1	pgaa-cross-platform-matched-controls-v1
nadig2024_hepg2_crispri	HepG2 CRISPRi Perturb-seq	experimental_batch_holdout_28_vs_28	CLOCK	CLOCK	1	absolute_mean_shift	70	4999	0.25	0.04	0.21	0.0586158761206226	0.0484425995027572	pgaa-cross-platform-dual-gate-v1	pgaa-cross-platform-matched-controls-v1
nadig2024_hepg2_crispri	HepG2 CRISPRi Perturb-seq	experimental_batch_holdout_28_vs_28	CLOCK	CLOCK	1	welch_abs_t	70	4999	0.21	0.02	0.19	0.0143013609204433	0.0052955850717775	pgaa-cross-platform-dual-gate-v1	pgaa-cross-platform-matched-controls-v1
nadig2024_hepg2_crispri	HepG2 CRISPRi Perturb-seq	experimental_batch_holdout_28_vs_28	CLOCK	CLOCK	2	pgaa_w	70	4999	0.32	0.15	0.17	0.2532593845539816	0.2374928745172804	pgaa-cross-platform-dual-gate-v1	pgaa-cross-platform-matched-controls-v1
nadig2024_hepg2_crispri	HepG2 CRISPRi Perturb-seq	experimental_batch_holdout_28_vs_28	CLOCK	CLOCK	2	pgaa_h	70	4999	0.06	0.06	0.0	0.0679485315182876	0.0549201219354993	pgaa-cross-platform-dual-gate-v1	pgaa-cross-platform-matched-controls-v1
nadig2024_hepg2_crispri	HepG2 CRISPRi Perturb-seq	experimental_batch_holdout_28_vs_28	CLOCK	CLOCK	2	absolute_mean_shift	70	4999	0.3	0.13	0.1699999999999999	0.0883305762861651	0.065079145970622	pgaa-cross-platform-dual-gate-v1	pgaa-cross-platform-matched-controls-v1
nadig2024_hepg2_crispri	HepG2 CRISPRi Perturb-seq	experimental_batch_holdout_28_vs_28	CLOCK	CLOCK	2	welch_abs_t	70	4999	0.23	0.01	0.22	0.033421122159606	0.0173311445486535	pgaa-cross-platform-dual-gate-v1	pgaa-cross-platform-matched-controls-v1
nadig2024_hepg2_crispri	HepG2 CRISPRi Perturb-seq	experimental_batch_holdout_28_vs_28	CLOCK	CLOCK	3	pgaa_w	70	4999	0.31	0.11	0.2	0.2473241439164183	0.2469549648705251	pgaa-cross-platform-dual-gate-v1	pgaa-cross-platform-matched-controls-v1
nadig2024_hepg2_crispri	HepG2 CRISPRi Perturb-seq	experimental_batch_holdout_28_vs_28	CLOCK	CLOCK	3	pgaa_h	70	4999	0.05	0.02	0.03	0.0912184219438793	0.0501446638536631	pgaa-cross-platform-dual-gate-v1	pgaa-cross-platform-matched-controls-v1
nadig2024_hepg2_crispri	HepG2 CRISPRi Perturb-seq	experimental_batch_holdout_28_vs_28	CLOCK	CLOCK	3	absolute_mean_shift	70	4999	0.29	0.08	0.2099999999999999	0.087123841976006	0.0629175583106418	pgaa-cross-platform-dual-gate-v1	pgaa-cross-platform-matched-controls-v1
nadig2024_hepg2_crispri	HepG2 CRISPRi Perturb-seq	experimental_batch_holdout_28_vs_28	CLOCK	CLOCK	3	welch_abs_t	70	4999	0.25	0.02	0.23	0.0372857496358163	0.0206103262429196	pgaa-cross-platform-dual-gate-v1	pgaa-cross-platform-matched-controls-v1
nadig2024_hepg2_crispri	HepG2 CRISPRi Perturb-seq	experimental_batch_holdout_28_vs_28	CLOCK	CLOCK	4	pgaa_w	70	4999	0.27	0.13	0.14	0.2261662976532882	0.2130323143140033	pgaa-cross-platform-dual-gate-v1	pgaa-cross-platform-matched-controls-v1
nadig2024_hepg2_crispri	HepG2 CRISPRi Perturb-seq	experimental_batch_holdout_28_vs_28	CLOCK	CLOCK	4	pgaa_h	70	4999	0.03	0.05	-0.02	0.0546214423560983	0.0587518059099755	pgaa-cross-platform-dual-gate-v1	pgaa-cross-platform-matched-controls-v1
nadig2024_hepg2_crispri	HepG2 CRISPRi Perturb-seq	experimental_batch_holdout_28_vs_28	CLOCK	CLOCK	4	absolute_mean_shift	70	4999	0.24	0.03	0.21	0.0809509586106322	0.0414879485400795	pgaa-cross-platform-dual-gate-v1	pgaa-cross-platform-matched-controls-v1
nadig2024_hepg2_crispri	HepG2 CRISPRi Perturb-seq	experimental_batch_holdout_28_vs_28	CLOCK	CLOCK	4	welch_abs_t	70	4999	0.22	0.0	0.22	0.0401364426546774	-0.0036912935528282	pgaa-cross-platform-dual-gate-v1	pgaa-cross-platform-matched-controls-v1
nadig2024_hepg2_crispri	HepG2 CRISPRi Perturb-seq	experimental_batch_holdout_28_vs_28	CPSF3	CPSF3	0	pgaa_w	70	4999	0.5	0.06	0.44	0.3680846176438169	0.2050811885306233	pgaa-cross-platform-dual-gate-v1	pgaa-cross-platform-matched-controls-v1
nadig2024_hepg2_crispri	HepG2 CRISPRi Perturb-seq	experimental_batch_holdout_28_vs_28	CPSF3	CPSF3	0	pgaa_h	70	4999	0.0	0.06	-0.06	0.0479972339637403	0.0384219692817507	pgaa-cross-platform-dual-gate-v1	pgaa-cross-platform-matched-controls-v1
nadig2024_hepg2_crispri	HepG2 CRISPRi Perturb-seq	experimental_batch_holdout_28_vs_28	CPSF3	CPSF3	0	absolute_mean_shift	70	4999	0.48	0.07	0.41	0.2636160073210727	0.0239871022984407	pgaa-cross-platform-dual-gate-v1	pgaa-cross-platform-matched-controls-v1
nadig2024_hepg2_crispri	HepG2 CRISPRi Perturb-seq	experimental_batch_holdout_28_vs_28	CPSF3	CPSF3	0	welch_abs_t	70	4999	0.38	0.02	0.36	0.2115428897063927	-0.0134550143642173	pgaa-cross-platform-dual-gate-v1	pgaa-cross-platform-matched-controls-v1
nadig2024_hepg2_crispri	HepG2 CRISPRi Perturb-seq	experimental_batch_holdout_28_vs_28	CPSF3	CPSF3	1	pgaa_w	70	4999	0.45	0.09	0.36	0.3770630921382356	0.23510776258493	pgaa-cross-platform-dual-gate-v1	pgaa-cross-platform-matched-controls-v1
nadig2024_hepg2_crispri	HepG2 CRISPRi Perturb-seq	experimental_batch_holdout_28_vs_28	CPSF3	CPSF3	1	pgaa_h	70	4999	0.04	0.05	-0.01	0.0376550414500425	0.0135667269710386	pgaa-cross-platform-dual-gate-v1	pgaa-cross-platform-matched-controls-v1
nadig2024_hepg2_crispri	HepG2 CRISPRi Perturb-seq	experimental_batch_holdout_28_vs_28	CPSF3	CPSF3	1	absolute_mean_shift	70	4999	0.42	0.03	0.39	0.2737815008162527	0.0440732404396933	pgaa-cross-platform-dual-gate-v1	pgaa-cross-platform-matched-controls-v1
nadig2024_hepg2_crispri	HepG2 CRISPRi Perturb-seq	experimental_batch_holdout_28_vs_28	CPSF3	CPSF3	1	welch_abs_t	70	4999	0.36	0.01	0.35	0.2143632043146771	-0.000812982284332	pgaa-cross-platform-dual-gate-v1	pgaa-cross-platform-matched-controls-v1
nadig2024_hepg2_crispri	HepG2 CRISPRi Perturb-seq	experimental_batch_holdout_28_vs_28	CPSF3	CPSF3	2	pgaa_w	70	4999	0.57	0.13	0.4399999999999999	0.4155074871877137	0.2068447465243349	pgaa-cross-platform-dual-gate-v1	pgaa-cross-platform-matched-controls-v1
nadig2024_hepg2_crispri	HepG2 CRISPRi Perturb-seq	experimental_batch_holdout_28_vs_28	CPSF3	CPSF3	2	pgaa_h	70	4999	0.04	0.06	-0.0199999999999999	0.0564807010078037	0.0328481315799673	pgaa-cross-platform-dual-gate-v1	pgaa-cross-platform-matched-controls-v1
nadig2024_hepg2_crispri	HepG2 CRISPRi Perturb-seq	experimental_batch_holdout_28_vs_28	CPSF3	CPSF3	2	absolute_mean_shift	70	4999	0.55	0.1	0.45	0.3351789201298972	0.0220198567967172	pgaa-cross-platform-dual-gate-v1	pgaa-cross-platform-matched-controls-v1
nadig2024_hepg2_crispri	HepG2 CRISPRi Perturb-seq	experimental_batch_holdout_28_vs_28	CPSF3	CPSF3	2	welch_abs_t	70	4999	0.36	0.02	0.3399999999999999	0.2783472822429237	-0.0202958998522393	pgaa-cross-platform-dual-gate-v1	pgaa-cross-platform-matched-controls-v1
nadig2024_hepg2_crispri	HepG2 CRISPRi Perturb-seq	experimental_batch_holdout_28_vs_28	CPSF3	CPSF3	3	pgaa_w	70	4999	0.49	0.06	0.43	0.3529130775014547	0.1962089683723059	pgaa-cross-platform-dual-gate-v1	pgaa-cross-platform-matched-controls-v1
nadig2024_hepg2_crispri	HepG2 CRISPRi Perturb-seq	experimental_batch_holdout_28_vs_28	CPSF3	CPSF3	3	pgaa_h	70	4999	0.02	0.0	0.02	0.0546847749193775	0.069117668393364	pgaa-cross-platform-dual-gate-v1	pgaa-cross-platform-matched-controls-v1
nadig2024_hepg2_crispri	HepG2 CRISPRi Perturb-seq	experimental_batch_holdout_28_vs_28	CPSF3	CPSF3	3	absolute_mean_shift	70	4999	0.48	0.04	0.44	0.2448055850060582	0.0477699532303673	pgaa-cross-platform-dual-gate-v1	pgaa-cross-platform-matched-controls-v1
nadig2024_hepg2_crispri	HepG2 CRISPRi Perturb-seq	experimental_batch_holdout_28_vs_28	CPSF3	CPSF3	3	welch_abs_t	70	4999	0.36	0.03	0.3299999999999999	0.1902104043377703	0.0096778620554688	pgaa-cross-platform-dual-gate-v1	pgaa-cross-platform-matched-controls-v1
nadig2024_hepg2_crispri	HepG2 CRISPRi Perturb-seq	experimental_batch_holdout_28_vs_28	CPSF3	CPSF3	4	pgaa_w	70	4999	0.46	0.04	0.42	0.3761647805191291	0.210785595294329	pgaa-cross-platform-dual-gate-v1	pgaa-cross-platform-matched-controls-v1
nadig2024_hepg2_crispri	HepG2 CRISPRi Perturb-seq	experimental_batch_holdout_28_vs_28	CPSF3	CPSF3	4	pgaa_h	70	4999	0.03	0.05	-0.02	0.0601214106176402	0.0647139793373574	pgaa-cross-platform-dual-gate-v1	pgaa-cross-platform-matched-controls-v1
nadig2024_hepg2_crispri	HepG2 CRISPRi Perturb-seq	experimental_batch_holdout_28_vs_28	CPSF3	CPSF3	4	absolute_mean_shift	70	4999	0.46	0.02	0.44	0.2837356564158549	0.0451327327202631	pgaa-cross-platform-dual-gate-v1	pgaa-cross-platform-matched-controls-v1
nadig2024_hepg2_crispri	HepG2 CRISPRi Perturb-seq	experimental_batch_holdout_28_vs_28	CPSF3	CPSF3	4	welch_abs_t	70	4999	0.39	0.02	0.37	0.2305031651228205	0.0187634710148822	pgaa-cross-platform-dual-gate-v1	pgaa-cross-platform-matched-controls-v1
nadig2024_hepg2_crispri	HepG2 CRISPRi Perturb-seq	experimental_batch_holdout_28_vs_28	CSE1L	CSE1L	0	pgaa_w	70	4999	0.63	0.14	0.49	0.5371181104888446	0.2160393784399137	pgaa-cross-platform-dual-gate-v1	pgaa-cross-platform-matched-controls-v1
nadig2024_hepg2_crispri	HepG2 CRISPRi Perturb-seq	experimental_batch_holdout_28_vs_28	CSE1L	CSE1L	0	pgaa_h	70	4999	0.03	0.03	0.0	0.0599147995204037	0.0445223076516254	pgaa-cross-platform-dual-gate-v1	pgaa-cross-platform-matched-controls-v1
nadig2024_hepg2_crispri	HepG2 CRISPRi Perturb-seq	experimental_batch_holdout_28_vs_28	CSE1L	CSE1L	0	absolute_mean_shift	70	4999	0.62	0.11	0.51	0.4809428846615367	0.0397597060866924	pgaa-cross-platform-dual-gate-v1	pgaa-cross-platform-matched-controls-v1
nadig2024_hepg2_crispri	HepG2 CRISPRi Perturb-seq	experimental_batch_holdout_28_vs_28	CSE1L	CSE1L	0	welch_abs_t	70	4999	0.45	0.0	0.45	0.4241762700402831	-0.0095233722374727	pgaa-cross-platform-dual-gate-v1	pgaa-cross-platform-matched-controls-v1
nadig2024_hepg2_crispri	HepG2 CRISPRi Perturb-seq	experimental_batch_holdout_28_vs_28	CSE1L	CSE1L	1	pgaa_w	70	4999	0.6	0.07	0.53	0.5648857991526278	0.2366826280502199	pgaa-cross-platform-dual-gate-v1	pgaa-cross-platform-matched-controls-v1
nadig2024_hepg2_crispri	HepG2 CRISPRi Perturb-seq	experimental_batch_holdout_28_vs_28	CSE1L	CSE1L	1	pgaa_h	70	4999	0.08	0.04	0.04	0.0822906810034883	0.0646963123557179	pgaa-cross-platform-dual-gate-v1	pgaa-cross-platform-matched-controls-v1
nadig2024_hepg2_crispri	HepG2 CRISPRi Perturb-seq	experimental_batch_holdout_28_vs_28	CSE1L	CSE1L	1	absolute_mean_shift	70	4999	0.61	0.06	0.55	0.4951184941068674	0.0554993044734036	pgaa-cross-platform-dual-gate-v1	pgaa-cross-platform-matched-controls-v1
nadig2024_hepg2_crispri	HepG2 CRISPRi Perturb-seq	experimental_batch_holdout_28_vs_28	CSE1L	CSE1L	1	welch_abs_t	70	4999	0.48	0.01	0.47	0.4416228207198042	0.0191751619956446	pgaa-cross-platform-dual-gate-v1	pgaa-cross-platform-matched-controls-v1
nadig2024_hepg2_crispri	HepG2 CRISPRi Perturb-seq	experimental_batch_holdout_28_vs_28	CSE1L	CSE1L	2	pgaa_w	70	4999	0.6	0.12	0.48	0.5688496622733911	0.2016674588699252	pgaa-cross-platform-dual-gate-v1	pgaa-cross-platform-matched-controls-v1
nadig2024_hepg2_crispri	HepG2 CRISPRi Perturb-seq	experimental_batch_holdout_28_vs_28	CSE1L	CSE1L	2	pgaa_h	70	4999	0.06	0.06	0.0	0.0441037365811342	0.0519736819696029	pgaa-cross-platform-dual-gate-v1	pgaa-cross-platform-matched-controls-v1
nadig2024_hepg2_crispri	HepG2 CRISPRi Perturb-seq	experimental_batch_holdout_28_vs_28	CSE1L	CSE1L	2	absolute_mean_shift	70	4999	0.61	0.12	0.49	0.5057594292812291	0.054699247512506	pgaa-cross-platform-dual-gate-v1	pgaa-cross-platform-matched-controls-v1
nadig2024_hepg2_crispri	HepG2 CRISPRi Perturb-seq	experimental_batch_holdout_28_vs_28	CSE1L	CSE1L	2	welch_abs_t	70	4999	0.52	0.01	0.51	0.4594218734263059	0.0145467783592732	pgaa-cross-platform-dual-gate-v1	pgaa-cross-platform-matched-controls-v1
nadig2024_hepg2_crispri	HepG2 CRISPRi Perturb-seq	experimental_batch_holdout_28_vs_28	CSE1L	CSE1L	3	pgaa_w	70	4999	0.62	0.09	0.53	0.5982645330986966	0.2454152410313995	pgaa-cross-platform-dual-gate-v1	pgaa-cross-platform-matched-controls-v1
nadig2024_hepg2_crispri	HepG2 CRISPRi Perturb-seq	experimental_batch_holdout_28_vs_28	CSE1L	CSE1L	3	pgaa_h	70	4999	0.03	0.03	0.0	0.0725201529747362	0.0662346450023884	pgaa-cross-platform-dual-gate-v1	pgaa-cross-platform-matched-controls-v1
nadig2024_hepg2_crispri	HepG2 CRISPRi Perturb-seq	experimental_batch_holdout_28_vs_28	CSE1L	CSE1L	3	absolute_mean_shift	70	4999	0.63	0.06	0.5700000000000001	0.5402338990155944	0.0696787800414285	pgaa-cross-platform-dual-gate-v1	pgaa-cross-platform-matched-controls-v1
nadig2024_hepg2_crispri	HepG2 CRISPRi Perturb-seq	experimental_batch_holdout_28_vs_28	CSE1L	CSE1L	3	welch_abs_t	70	4999	0.51	0.01	0.5	0.494853604058023	0.027440299776642	pgaa-cross-platform-dual-gate-v1	pgaa-cross-platform-matched-controls-v1
nadig2024_hepg2_crispri	HepG2 CRISPRi Perturb-seq	experimental_batch_holdout_28_vs_28	CSE1L	CSE1L	4	pgaa_w	70	4999	0.7	0.06	0.6399999999999999	0.6104141775293834	0.218290496802842	pgaa-cross-platform-dual-gate-v1	pgaa-cross-platform-matched-controls-v1
nadig2024_hepg2_crispri	HepG2 CRISPRi Perturb-seq	experimental_batch_holdout_28_vs_28	CSE1L	CSE1L	4	pgaa_h	70	4999	0.09	0.03	0.06	0.0742923472123063	0.0161180290121054	pgaa-cross-platform-dual-gate-v1	pgaa-cross-platform-matched-controls-v1
nadig2024_hepg2_crispri	HepG2 CRISPRi Perturb-seq	experimental_batch_holdout_28_vs_28	CSE1L	CSE1L	4	absolute_mean_shift	70	4999	0.69	0.02	0.6699999999999999	0.5455307389230802	0.0467489415334926	pgaa-cross-platform-dual-gate-v1	pgaa-cross-platform-matched-controls-v1
nadig2024_hepg2_crispri	HepG2 CRISPRi Perturb-seq	experimental_batch_holdout_28_vs_28	CSE1L	CSE1L	4	welch_abs_t	70	4999	0.57	0.02	0.5499999999999999	0.498625626601878	0.0006308289749489	pgaa-cross-platform-dual-gate-v1	pgaa-cross-platform-matched-controls-v1
nadig2024_hepg2_crispri	HepG2 CRISPRi Perturb-seq	experimental_batch_holdout_28_vs_28	CSTF1	CSTF1	0	pgaa_w	70	4999	0.3	0.08	0.2199999999999999	0.2852897454881133	0.2351940246392616	pgaa-cross-platform-dual-gate-v1	pgaa-cross-platform-matched-controls-v1
nadig2024_hepg2_crispri	HepG2 CRISPRi Perturb-seq	experimental_batch_holdout_28_vs_28	CSTF1	CSTF1	0	pgaa_h	70	4999	0.04	0.03	0.01	0.0445229267561922	0.0291142389088739	pgaa-cross-platform-dual-gate-v1	pgaa-cross-platform-matched-controls-v1
nadig2024_hepg2_crispri	HepG2 CRISPRi Perturb-seq	experimental_batch_holdout_28_vs_28	CSTF1	CSTF1	0	absolute_mean_shift	70	4999	0.28	0.06	0.22	0.1206762998843077	0.056960682032466	pgaa-cross-platform-dual-gate-v1	pgaa-cross-platform-matched-controls-v1
nadig2024_hepg2_crispri	HepG2 CRISPRi Perturb-seq	experimental_batch_holdout_28_vs_28	CSTF1	CSTF1	0	welch_abs_t	70	4999	0.24	0.0	0.24	0.0558201501524794	0.0063252849369393	pgaa-cross-platform-dual-gate-v1	pgaa-cross-platform-matched-controls-v1
nadig2024_hepg2_crispri	HepG2 CRISPRi Perturb-seq	experimental_batch_holdout_28_vs_28	CSTF1	CSTF1	1	pgaa_w	70	4999	0.41	0.05	0.36	0.3261431345092548	0.2228748238963519	pgaa-cross-platform-dual-gate-v1	pgaa-cross-platform-matched-controls-v1
nadig2024_hepg2_crispri	HepG2 CRISPRi Perturb-seq	experimental_batch_holdout_28_vs_28	CSTF1	CSTF1	1	pgaa_h	70	4999	0.03	0.07	-0.04	0.0317461548598917	0.0425008995567497	pgaa-cross-platform-dual-gate-v1	pgaa-cross-platform-matched-controls-v1
nadig2024_hepg2_crispri	HepG2 CRISPRi Perturb-seq	experimental_batch_holdout_28_vs_28	CSTF1	CSTF1	1	absolute_mean_shift	70	4999	0.44	0.03	0.41	0.1873058896322802	0.0375589134198458	pgaa-cross-platform-dual-gate-v1	pgaa-cross-platform-matched-controls-v1
nadig2024_hepg2_crispri	HepG2 CRISPRi Perturb-seq	experimental_batch_holdout_28_vs_28	CSTF1	CSTF1	1	welch_abs_t	70	4999	0.34	0.02	0.32	0.1415384153969587	-0.0002257969000762	pgaa-cross-platform-dual-gate-v1	pgaa-cross-platform-matched-controls-v1
nadig2024_hepg2_crispri	HepG2 CRISPRi Perturb-seq	experimental_batch_holdout_28_vs_28	CSTF1	CSTF1	2	pgaa_w	70	4999	0.42	0.11	0.31	0.323351419287459	0.2267455639507253	pgaa-cross-platform-dual-gate-v1	pgaa-cross-platform-matched-controls-v1
nadig2024_hepg2_crispri	HepG2 CRISPRi Perturb-seq	experimental_batch_holdout_28_vs_28	CSTF1	CSTF1	2	pgaa_h	70	4999	0.05	0.04	0.01	0.0436985648731541	0.0540983214325735	pgaa-cross-platform-dual-gate-v1	pgaa-cross-platform-matched-controls-v1
nadig2024_hepg2_crispri	HepG2 CRISPRi Perturb-seq	experimental_batch_holdout_28_vs_28	CSTF1	CSTF1	2	absolute_mean_shift	70	4999	0.4	0.12	0.28	0.2095216898462295	0.0636487446471092	pgaa-cross-platform-dual-gate-v1	pgaa-cross-platform-matched-controls-v1
nadig2024_hepg2_crispri	HepG2 CRISPRi Perturb-seq	experimental_batch_holdout_28_vs_28	CSTF1	CSTF1	2	welch_abs_t	70	4999	0.35	0.07	0.2799999999999999	0.1473936675450336	0.0205514024773742	pgaa-cross-platform-dual-gate-v1	pgaa-cross-platform-matched-controls-v1
nadig2024_hepg2_crispri	HepG2 CRISPRi Perturb-seq	experimental_batch_holdout_28_vs_28	CSTF1	CSTF1	3	pgaa_w	70	4999	0.43	0.12	0.31	0.3293255233999981	0.2178421314995292	pgaa-cross-platform-dual-gate-v1	pgaa-cross-platform-matched-controls-v1
nadig2024_hepg2_crispri	HepG2 CRISPRi Perturb-seq	experimental_batch_holdout_28_vs_28	CSTF1	CSTF1	3	pgaa_h	70	4999	0.02	0.05	-0.03	0.050159041362162	0.044772366944372	pgaa-cross-platform-dual-gate-v1	pgaa-cross-platform-matched-controls-v1
nadig2024_hepg2_crispri	HepG2 CRISPRi Perturb-seq	experimental_batch_holdout_28_vs_28	CSTF1	CSTF1	3	absolute_mean_shift	70	4999	0.39	0.05	0.34	0.2027474425309187	0.0418220365442083	pgaa-cross-platform-dual-gate-v1	pgaa-cross-platform-matched-controls-v1
nadig2024_hepg2_crispri	HepG2 CRISPRi Perturb-seq	experimental_batch_holdout_28_vs_28	CSTF1	CSTF1	3	welch_abs_t	70	4999	0.37	0.02	0.35	0.1501503293215666	0.0055985944848033	pgaa-cross-platform-dual-gate-v1	pgaa-cross-platform-matched-controls-v1
nadig2024_hepg2_crispri	HepG2 CRISPRi Perturb-seq	experimental_batch_holdout_28_vs_28	CSTF1	CSTF1	4	pgaa_w	70	4999	0.4	0.05	0.35	0.3318972565701616	0.2162054489169142	pgaa-cross-platform-dual-gate-v1	pgaa-cross-platform-matched-controls-v1
nadig2024_hepg2_crispri	HepG2 CRISPRi Perturb-seq	experimental_batch_holdout_28_vs_28	CSTF1	CSTF1	4	pgaa_h	70	4999	0.06	0.04	0.0199999999999999	0.0389002002516624	0.0390193398385078	pgaa-cross-platform-dual-gate-v1	pgaa-cross-platform-matched-controls-v1
nadig2024_hepg2_crispri	HepG2 CRISPRi Perturb-seq	experimental_batch_holdout_28_vs_28	CSTF1	CSTF1	4	absolute_mean_shift	70	4999	0.37	0.03	0.3399999999999999	0.2015101768880085	0.0377040535643388	pgaa-cross-platform-dual-gate-v1	pgaa-cross-platform-matched-controls-v1
nadig2024_hepg2_crispri	HepG2 CRISPRi Perturb-seq	experimental_batch_holdout_28_vs_28	CSTF1	CSTF1	4	welch_abs_t	70	4999	0.34	0.03	0.31	0.1361217836910057	-0.0020201007309274	pgaa-cross-platform-dual-gate-v1	pgaa-cross-platform-matched-controls-v1
nadig2024_hepg2_crispri	HepG2 CRISPRi Perturb-seq	experimental_batch_holdout_28_vs_28	DDX19A	DDX19A	0	pgaa_w	70	4999	0.1	0.08	0.02	0.2255557913983757	0.2173359030029295	pgaa-cross-platform-dual-gate-v1	pgaa-cross-platform-matched-controls-v1
nadig2024_hepg2_crispri	HepG2 CRISPRi Perturb-seq	experimental_batch_holdout_28_vs_28	DDX19A	DDX19A	0	pgaa_h	70	4999	0.06	0.02	0.0399999999999999	0.0511455853702654	0.0372647159956384	pgaa-cross-platform-dual-gate-v1	pgaa-cross-platform-matched-controls-v1
nadig2024_hepg2_crispri	HepG2 CRISPRi Perturb-seq	experimental_batch_holdout_28_vs_28	DDX19A	DDX19A	0	absolute_mean_shift	70	4999	0.07	0.03	0.04	0.0517059780793331	0.0434029610306315	pgaa-cross-platform-dual-gate-v1	pgaa-cross-platform-matched-controls-v1
nadig2024_hepg2_crispri	HepG2 CRISPRi Perturb-seq	experimental_batch_holdout_28_vs_28	DDX19A	DDX19A	0	welch_abs_t	70	4999	0.03	0.01	0.0199999999999999	0.0176298790614696	0.0131139282841709	pgaa-cross-platform-dual-gate-v1	pgaa-cross-platform-matched-controls-v1
nadig2024_hepg2_crispri	HepG2 CRISPRi Perturb-seq	experimental_batch_holdout_28_vs_28	DDX19A	DDX19A	1	pgaa_w	70	4999	0.07	0.04	0.03	0.2037812368235952	0.2092675775971521	pgaa-cross-platform-dual-gate-v1	pgaa-cross-platform-matched-controls-v1
nadig2024_hepg2_crispri	HepG2 CRISPRi Perturb-seq	experimental_batch_holdout_28_vs_28	DDX19A	DDX19A	1	pgaa_h	70	4999	0.01	0.03	-0.0199999999999999	0.0372018795503449	0.060637577624758	pgaa-cross-platform-dual-gate-v1	pgaa-cross-platform-matched-controls-v1
nadig2024_hepg2_crispri	HepG2 CRISPRi Perturb-seq	experimental_batch_holdout_28_vs_28	DDX19A	DDX19A	1	absolute_mean_shift	70	4999	0.05	0.05	0.0	0.0299252839806749	0.004197066304521	pgaa-cross-platform-dual-gate-v1	pgaa-cross-platform-matched-controls-v1
nadig2024_hepg2_crispri	HepG2 CRISPRi Perturb-seq	experimental_batch_holdout_28_vs_28	DDX19A	DDX19A	1	welch_abs_t	70	4999	0.03	0.02	0.0099999999999999	0.0032185083836267	-0.0278274798296994	pgaa-cross-platform-dual-gate-v1	pgaa-cross-platform-matched-controls-v1
nadig2024_hepg2_crispri	HepG2 CRISPRi Perturb-seq	experimental_batch_holdout_28_vs_28	DDX19A	DDX19A	2	pgaa_w	70	4999	0.12	0.12	0.0	0.2391089917383237	0.2427907758742625	pgaa-cross-platform-dual-gate-v1	pgaa-cross-platform-matched-controls-v1
nadig2024_hepg2_crispri	HepG2 CRISPRi Perturb-seq	experimental_batch_holdout_28_vs_28	DDX19A	DDX19A	2	pgaa_h	70	4999	0.04	0.02	0.02	0.0253408053206257	0.0460076470993836	pgaa-cross-platform-dual-gate-v1	pgaa-cross-platform-matched-controls-v1
nadig2024_hepg2_crispri	HepG2 CRISPRi Perturb-seq	experimental_batch_holdout_28_vs_28	DDX19A	DDX19A	2	absolute_mean_shift	70	4999	0.07	0.12	-0.0499999999999999	0.0555782176870225	0.0437511705546393	pgaa-cross-platform-dual-gate-v1	pgaa-cross-platform-matched-controls-v1
nadig2024_hepg2_crispri	HepG2 CRISPRi Perturb-seq	experimental_batch_holdout_28_vs_28	DDX19A	DDX19A	2	welch_abs_t	70	4999	0.05	0.06	-0.0099999999999999	0.0182511819530772	0.0050092372377238	pgaa-cross-platform-dual-gate-v1	pgaa-cross-platform-matched-controls-v1
nadig2024_hepg2_crispri	HepG2 CRISPRi Perturb-seq	experimental_batch_holdout_28_vs_28	DDX19A	DDX19A	3	pgaa_w	70	4999	0.1	0.03	0.07	0.2119106987784111	0.214432285544744	pgaa-cross-platform-dual-gate-v1	pgaa-cross-platform-matched-controls-v1
nadig2024_hepg2_crispri	HepG2 CRISPRi Perturb-seq	experimental_batch_holdout_28_vs_28	DDX19A	DDX19A	3	pgaa_h	70	4999	0.05	0.06	-0.0099999999999999	0.0343767388554005	0.0300924037878754	pgaa-cross-platform-dual-gate-v1	pgaa-cross-platform-matched-controls-v1
nadig2024_hepg2_crispri	HepG2 CRISPRi Perturb-seq	experimental_batch_holdout_28_vs_28	DDX19A	DDX19A	3	absolute_mean_shift	70	4999	0.04	0.04	0.0	0.0253339849789567	0.0378611219510068	pgaa-cross-platform-dual-gate-v1	pgaa-cross-platform-matched-controls-v1
nadig2024_hepg2_crispri	HepG2 CRISPRi Perturb-seq	experimental_batch_holdout_28_vs_28	DDX19A	DDX19A	3	welch_abs_t	70	4999	0.01	0.01	0.0	-0.0105000808084786	-0.003399563514225	pgaa-cross-platform-dual-gate-v1	pgaa-cross-platform-matched-controls-v1
nadig2024_hepg2_crispri	HepG2 CRISPRi Perturb-seq	experimental_batch_holdout_28_vs_28	DDX19A	DDX19A	4	pgaa_w	70	4999	0.08	0.09	-0.0099999999999999	0.2315649671110693	0.207952656845895	pgaa-cross-platform-dual-gate-v1	pgaa-cross-platform-matched-controls-v1
nadig2024_hepg2_crispri	HepG2 CRISPRi Perturb-seq	experimental_batch_holdout_28_vs_28	DDX19A	DDX19A	4	pgaa_h	70	4999	0.04	0.03	0.01	0.0132823529473094	0.0616563622096183	pgaa-cross-platform-dual-gate-v1	pgaa-cross-platform-matched-controls-v1
nadig2024_hepg2_crispri	HepG2 CRISPRi Perturb-seq	experimental_batch_holdout_28_vs_28	DDX19A	DDX19A	4	absolute_mean_shift	70	4999	0.06	0.06	0.0	0.0286096514401518	0.0187522983166568	pgaa-cross-platform-dual-gate-v1	pgaa-cross-platform-matched-controls-v1
nadig2024_hepg2_crispri	HepG2 CRISPRi Perturb-seq	experimental_batch_holdout_28_vs_28	DDX19A	DDX19A	4	welch_abs_t	70	4999	0.03	0.01	0.0199999999999999	0.0015363589404555	-0.0170973151176957	pgaa-cross-platform-dual-gate-v1	pgaa-cross-platform-matched-controls-v1
nadig2024_hepg2_crispri	HepG2 CRISPRi Perturb-seq	experimental_batch_holdout_28_vs_28	DDX19B	DDX19B	0	pgaa_w	70	4999	0.09	0.09	0.0	0.220370984352933	0.2198325755907484	pgaa-cross-platform-dual-gate-v1	pgaa-cross-platform-matched-controls-v1
nadig2024_hepg2_crispri	HepG2 CRISPRi Perturb-seq	experimental_batch_holdout_28_vs_28	DDX19B	DDX19B	0	pgaa_h	70	4999	0.04	0.0	0.04	0.0633459027332328	0.0542056969487497	pgaa-cross-platform-dual-gate-v1	pgaa-cross-platform-matched-controls-v1
nadig2024_hepg2_crispri	HepG2 CRISPRi Perturb-seq	experimental_batch_holdout_28_vs_28	DDX19B	DDX19B	0	absolute_mean_shift	70	4999	0.07	0.07	0.0	0.0507541680810418	0.0371998450208456	pgaa-cross-platform-dual-gate-v1	pgaa-cross-platform-matched-controls-v1
nadig2024_hepg2_crispri	HepG2 CRISPRi Perturb-seq	experimental_batch_holdout_28_vs_28	DDX19B	DDX19B	0	welch_abs_t	70	4999	0.01	0.03	-0.0199999999999999	0.0072832091990374	0.0022000501421869	pgaa-cross-platform-dual-gate-v1	pgaa-cross-platform-matched-controls-v1
nadig2024_hepg2_crispri	HepG2 CRISPRi Perturb-seq	experimental_batch_holdout_28_vs_28	DDX19B	DDX19B	1	pgaa_w	70	4999	0.17	0.1	0.07	0.2217057990229499	0.2352860926086778	pgaa-cross-platform-dual-gate-v1	pgaa-cross-platform-matched-controls-v1
nadig2024_hepg2_crispri	HepG2 CRISPRi Perturb-seq	experimental_batch_holdout_28_vs_28	DDX19B	DDX19B	1	pgaa_h	70	4999	0.03	0.03	0.0	0.0323290442655329	0.0330184587415751	pgaa-cross-platform-dual-gate-v1	pgaa-cross-platform-matched-controls-v1
nadig2024_hepg2_crispri	HepG2 CRISPRi Perturb-seq	experimental_batch_holdout_28_vs_28	DDX19B	DDX19B	1	absolute_mean_shift	70	4999	0.11	0.07	0.0399999999999999	0.0842808004760262	0.0542562947228408	pgaa-cross-platform-dual-gate-v1	pgaa-cross-platform-matched-controls-v1
nadig2024_hepg2_crispri	HepG2 CRISPRi Perturb-seq	experimental_batch_holdout_28_vs_28	DDX19B	DDX19B	1	welch_abs_t	70	4999	0.03	0.04	-0.01	0.0405113894337213	0.0191269125373694	pgaa-cross-platform-dual-gate-v1	pgaa-cross-platform-matched-controls-v1
nadig2024_hepg2_crispri	HepG2 CRISPRi Perturb-seq	experimental_batch_holdout_28_vs_28	DDX19B	DDX19B	2	pgaa_w	70	4999	0.08	0.06	0.02	0.1967710780091192	0.1759337215822516	pgaa-cross-platform-dual-gate-v1	pgaa-cross-platform-matched-controls-v1
nadig2024_hepg2_crispri	HepG2 CRISPRi Perturb-seq	experimental_batch_holdout_28_vs_28	DDX19B	DDX19B	2	pgaa_h	70	4999	0.01	0.06	-0.0499999999999999	0.0443956320028834	0.0249469873458594	pgaa-cross-platform-dual-gate-v1	pgaa-cross-platform-matched-controls-v1
nadig2024_hepg2_crispri	HepG2 CRISPRi Perturb-seq	experimental_batch_holdout_28_vs_28	DDX19B	DDX19B	2	absolute_mean_shift	70	4999	0.09	0.04	0.0499999999999999	0.0256178691723776	0.0069581789116946	pgaa-cross-platform-dual-gate-v1	pgaa-cross-platform-matched-controls-v1
nadig2024_hepg2_crispri	HepG2 CRISPRi Perturb-seq	experimental_batch_holdout_28_vs_28	DDX19B	DDX19B	2	welch_abs_t	70	4999	0.03	0.01	0.0199999999999999	0.0032619299370861	-0.0209416354344324	pgaa-cross-platform-dual-gate-v1	pgaa-cross-platform-matched-controls-v1
nadig2024_hepg2_crispri	HepG2 CRISPRi Perturb-seq	experimental_batch_holdout_28_vs_28	DDX19B	DDX19B	3	pgaa_w	70	4999	0.05	0.08	-0.03	0.2277248161276913	0.20239685651416	pgaa-cross-platform-dual-gate-v1	pgaa-cross-platform-matched-controls-v1
nadig2024_hepg2_crispri	HepG2 CRISPRi Perturb-seq	experimental_batch_holdout_28_vs_28	DDX19B	DDX19B	3	pgaa_h	70	4999	0.02	0.08	-0.06	0.0478307199014277	0.0231883763071312	pgaa-cross-platform-dual-gate-v1	pgaa-cross-platform-matched-controls-v1
nadig2024_hepg2_crispri	HepG2 CRISPRi Perturb-seq	experimental_batch_holdout_28_vs_28	DDX19B	DDX19B	3	absolute_mean_shift	70	4999	0.04	0.06	-0.0199999999999999	0.0596671442431984	0.0118145208407605	pgaa-cross-platform-dual-gate-v1	pgaa-cross-platform-matched-controls-v1
nadig2024_hepg2_crispri	HepG2 CRISPRi Perturb-seq	experimental_batch_holdout_28_vs_28	DDX19B	DDX19B	3	welch_abs_t	70	4999	0.04	0.02	0.02	0.0216553816405538	-0.0283656939317843	pgaa-cross-platform-dual-gate-v1	pgaa-cross-platform-matched-controls-v1
nadig2024_hepg2_crispri	HepG2 CRISPRi Perturb-seq	experimental_batch_holdout_28_vs_28	DDX19B	DDX19B	4	pgaa_w	70	4999	0.05	0.11	-0.06	0.2435703580572057	0.2407372053042061	pgaa-cross-platform-dual-gate-v1	pgaa-cross-platform-matched-controls-v1
nadig2024_hepg2_crispri	HepG2 CRISPRi Perturb-seq	experimental_batch_holdout_28_vs_28	DDX19B	DDX19B	4	pgaa_h	70	4999	0.01	0.03	-0.0199999999999999	0.0653356215210444	0.0310717561958702	pgaa-cross-platform-dual-gate-v1	pgaa-cross-platform-matched-controls-v1
nadig2024_hepg2_crispri	HepG2 CRISPRi Perturb-seq	experimental_batch_holdout_28_vs_28	DDX19B	DDX19B	4	absolute_mean_shift	70	4999	0.06	0.12	-0.06	0.0472895648608309	0.0572080967028659	pgaa-cross-platform-dual-gate-v1	pgaa-cross-platform-matched-controls-v1
nadig2024_hepg2_crispri	HepG2 CRISPRi Perturb-seq	experimental_batch_holdout_28_vs_28	DDX19B	DDX19B	4	welch_abs_t	70	4999	0.01	0.0	0.01	0.0036581803757466	0.0091605817924487	pgaa-cross-platform-dual-gate-v1	pgaa-cross-platform-matched-controls-v1
nadig2024_hepg2_crispri	HepG2 CRISPRi Perturb-seq	experimental_batch_holdout_28_vs_28	DDX23	DDX23	0	pgaa_w	70	4999	0.55	0.07	0.48	0.442273611024726	0.210091893720881	pgaa-cross-platform-dual-gate-v1	pgaa-cross-platform-matched-controls-v1
nadig2024_hepg2_crispri	HepG2 CRISPRi Perturb-seq	experimental_batch_holdout_28_vs_28	DDX23	DDX23	0	pgaa_h	70	4999	0.06	0.07	-0.01	0.0644837205712585	0.0783213112337924	pgaa-cross-platform-dual-gate-v1	pgaa-cross-platform-matched-controls-v1
nadig2024_hepg2_crispri	HepG2 CRISPRi Perturb-seq	experimental_batch_holdout_28_vs_28	DDX23	DDX23	0	absolute_mean_shift	70	4999	0.56	0.07	0.49	0.3622908744314738	0.0447464879835145	pgaa-cross-platform-dual-gate-v1	pgaa-cross-platform-matched-controls-v1
nadig2024_hepg2_crispri	HepG2 CRISPRi Perturb-seq	experimental_batch_holdout_28_vs_28	DDX23	DDX23	0	welch_abs_t	70	4999	0.35	0.03	0.3199999999999999	0.3054473406786121	0.0079660617839766	pgaa-cross-platform-dual-gate-v1	pgaa-cross-platform-matched-controls-v1
nadig2024_hepg2_crispri	HepG2 CRISPRi Perturb-seq	experimental_batch_holdout_28_vs_28	DDX23	DDX23	1	pgaa_w	70	4999	0.48	0.13	0.35	0.4281416400446957	0.2036297684506889	pgaa-cross-platform-dual-gate-v1	pgaa-cross-platform-matched-controls-v1
nadig2024_hepg2_crispri	HepG2 CRISPRi Perturb-seq	experimental_batch_holdout_28_vs_28	DDX23	DDX23	1	pgaa_h	70	4999	0.02	0.04	-0.02	0.0608882797088836	0.0395843267564757	pgaa-cross-platform-dual-gate-v1	pgaa-cross-platform-matched-controls-v1
nadig2024_hepg2_crispri	HepG2 CRISPRi Perturb-seq	experimental_batch_holdout_28_vs_28	DDX23	DDX23	1	absolute_mean_shift	70	4999	0.47	0.1	0.37	0.3489462436399833	0.0370842687225022	pgaa-cross-platform-dual-gate-v1	pgaa-cross-platform-matched-controls-v1
nadig2024_hepg2_crispri	HepG2 CRISPRi Perturb-seq	experimental_batch_holdout_28_vs_28	DDX23	DDX23	1	welch_abs_t	70	4999	0.27	0.03	0.24	0.2892063455807228	-0.00348979135563	pgaa-cross-platform-dual-gate-v1	pgaa-cross-platform-matched-controls-v1
nadig2024_hepg2_crispri	HepG2 CRISPRi Perturb-seq	experimental_batch_holdout_28_vs_28	DDX23	DDX23	2	pgaa_w	70	4999	0.62	0.11	0.51	0.4344084038896615	0.2261875329207498	pgaa-cross-platform-dual-gate-v1	pgaa-cross-platform-matched-controls-v1
nadig2024_hepg2_crispri	HepG2 CRISPRi Perturb-seq	experimental_batch_holdout_28_vs_28	DDX23	DDX23	2	pgaa_h	70	4999	0.07	0.05	0.02	0.0349345909916539	0.0349352466515763	pgaa-cross-platform-dual-gate-v1	pgaa-cross-platform-matched-controls-v1
nadig2024_hepg2_crispri	HepG2 CRISPRi Perturb-seq	experimental_batch_holdout_28_vs_28	DDX23	DDX23	2	absolute_mean_shift	70	4999	0.61	0.1	0.51	0.3457971783967595	0.0653183163064273	pgaa-cross-platform-dual-gate-v1	pgaa-cross-platform-matched-controls-v1
nadig2024_hepg2_crispri	HepG2 CRISPRi Perturb-seq	experimental_batch_holdout_28_vs_28	DDX23	DDX23	2	welch_abs_t	70	4999	0.33	0.02	0.31	0.2956312855848481	0.0173437697387579	pgaa-cross-platform-dual-gate-v1	pgaa-cross-platform-matched-controls-v1
nadig2024_hepg2_crispri	HepG2 CRISPRi Perturb-seq	experimental_batch_holdout_28_vs_28	DDX23	DDX23	3	pgaa_w	70	4999	0.63	0.02	0.61	0.4459207583173298	0.2156223664420759	pgaa-cross-platform-dual-gate-v1	pgaa-cross-platform-matched-controls-v1
nadig2024_hepg2_crispri	HepG2 CRISPRi Perturb-seq	experimental_batch_holdout_28_vs_28	DDX23	DDX23	3	pgaa_h	70	4999	0.07	0.1	-0.03	0.0728074749269608	0.0587495803764773	pgaa-cross-platform-dual-gate-v1	pgaa-cross-platform-matched-controls-v1
nadig2024_hepg2_crispri	HepG2 CRISPRi Perturb-seq	experimental_batch_holdout_28_vs_28	DDX23	DDX23	3	absolute_mean_shift	70	4999	0.63	0.04	0.59	0.3612065291416316	0.0404095581729279	pgaa-cross-platform-dual-gate-v1	pgaa-cross-platform-matched-controls-v1
nadig2024_hepg2_crispri	HepG2 CRISPRi Perturb-seq	experimental_batch_holdout_28_vs_28	DDX23	DDX23	3	welch_abs_t	70	4999	0.42	0.0	0.42	0.306052756208195	0.0070344500592795	pgaa-cross-platform-dual-gate-v1	pgaa-cross-platform-matched-controls-v1
nadig2024_hepg2_crispri	HepG2 CRISPRi Perturb-seq	experimental_batch_holdout_28_vs_28	DDX23	DDX23	4	pgaa_w	70	4999	0.46	0.12	0.34	0.4177806013063358	0.2008756306843602	pgaa-cross-platform-dual-gate-v1	pgaa-cross-platform-matched-controls-v1
nadig2024_hepg2_crispri	HepG2 CRISPRi Perturb-seq	experimental_batch_holdout_28_vs_28	DDX23	DDX23	4	pgaa_h	70	4999	0.04	0.02	0.02	0.0254682997261575	0.0533498914552691	pgaa-cross-platform-dual-gate-v1	pgaa-cross-platform-matched-controls-v1
nadig2024_hepg2_crispri	HepG2 CRISPRi Perturb-seq	experimental_batch_holdout_28_vs_28	DDX23	DDX23	4	absolute_mean_shift	70	4999	0.44	0.05	0.39	0.3219749794128316	0.030590131958572	pgaa-cross-platform-dual-gate-v1	pgaa-cross-platform-matched-controls-v1
nadig2024_hepg2_crispri	HepG2 CRISPRi Perturb-seq	experimental_batch_holdout_28_vs_28	DDX23	DDX23	4	welch_abs_t	70	4999	0.25	0.0	0.25	0.2594671541813637	-0.0092304569917584	pgaa-cross-platform-dual-gate-v1	pgaa-cross-platform-matched-controls-v1
nadig2024_hepg2_crispri	HepG2 CRISPRi Perturb-seq	experimental_batch_holdout_28_vs_28	DDX46	DDX46	0	pgaa_w	70	4999	0.3	0.1	0.1999999999999999	0.2916964135203992	0.1802803504278287	pgaa-cross-platform-dual-gate-v1	pgaa-cross-platform-matched-controls-v1
nadig2024_hepg2_crispri	HepG2 CRISPRi Perturb-seq	experimental_batch_holdout_28_vs_28	DDX46	DDX46	0	pgaa_h	70	4999	0.05	0.01	0.04	0.0401397930810862	0.048973464711247	pgaa-cross-platform-dual-gate-v1	pgaa-cross-platform-matched-controls-v1
nadig2024_hepg2_crispri	HepG2 CRISPRi Perturb-seq	experimental_batch_holdout_28_vs_28	DDX46	DDX46	0	absolute_mean_shift	70	4999	0.25	0.05	0.2	0.1569460531100821	0.0202486103487502	pgaa-cross-platform-dual-gate-v1	pgaa-cross-platform-matched-controls-v1
nadig2024_hepg2_crispri	HepG2 CRISPRi Perturb-seq	experimental_batch_holdout_28_vs_28	DDX46	DDX46	0	welch_abs_t	70	4999	0.1	0.02	0.08	0.1005214551241831	-0.0106952749976332	pgaa-cross-platform-dual-gate-v1	pgaa-cross-platform-matched-controls-v1
nadig2024_hepg2_crispri	HepG2 CRISPRi Perturb-seq	experimental_batch_holdout_28_vs_28	DDX46	DDX46	1	pgaa_w	70	4999	0.26	0.06	0.2	0.3034249368000852	0.1928499002081329	pgaa-cross-platform-dual-gate-v1	pgaa-cross-platform-matched-controls-v1
nadig2024_hepg2_crispri	HepG2 CRISPRi Perturb-seq	experimental_batch_holdout_28_vs_28	DDX46	DDX46	1	pgaa_h	70	4999	0.04	0.06	-0.0199999999999999	0.0152866639295855	0.0624433973388732	pgaa-cross-platform-dual-gate-v1	pgaa-cross-platform-matched-controls-v1
nadig2024_hepg2_crispri	HepG2 CRISPRi Perturb-seq	experimental_batch_holdout_28_vs_28	DDX46	DDX46	1	absolute_mean_shift	70	4999	0.23	0.05	0.18	0.1702646197150912	0.0257768895946988	pgaa-cross-platform-dual-gate-v1	pgaa-cross-platform-matched-controls-v1
nadig2024_hepg2_crispri	HepG2 CRISPRi Perturb-seq	experimental_batch_holdout_28_vs_28	DDX46	DDX46	1	welch_abs_t	70	4999	0.13	0.01	0.12	0.1147211026866771	-0.0066118954403125	pgaa-cross-platform-dual-gate-v1	pgaa-cross-platform-matched-controls-v1
nadig2024_hepg2_crispri	HepG2 CRISPRi Perturb-seq	experimental_batch_holdout_28_vs_28	DDX46	DDX46	2	pgaa_w	70	4999	0.18	0.09	0.09	0.2862323390008134	0.221021762191574	pgaa-cross-platform-dual-gate-v1	pgaa-cross-platform-matched-controls-v1
nadig2024_hepg2_crispri	HepG2 CRISPRi Perturb-seq	experimental_batch_holdout_28_vs_28	DDX46	DDX46	2	pgaa_h	70	4999	0.03	0.02	0.0099999999999999	0.0596574793669823	0.0366058730516156	pgaa-cross-platform-dual-gate-v1	pgaa-cross-platform-matched-controls-v1
nadig2024_hepg2_crispri	HepG2 CRISPRi Perturb-seq	experimental_batch_holdout_28_vs_28	DDX46	DDX46	2	absolute_mean_shift	70	4999	0.2	0.06	0.14	0.1425018649896847	0.0414360146548619	pgaa-cross-platform-dual-gate-v1	pgaa-cross-platform-matched-controls-v1
nadig2024_hepg2_crispri	HepG2 CRISPRi Perturb-seq	experimental_batch_holdout_28_vs_28	DDX46	DDX46	2	welch_abs_t	70	4999	0.08	0.03	0.05	0.0782087191027641	0.0109507429939997	pgaa-cross-platform-dual-gate-v1	pgaa-cross-platform-matched-controls-v1
nadig2024_hepg2_crispri	HepG2 CRISPRi Perturb-seq	experimental_batch_holdout_28_vs_28	DDX46	DDX46	3	pgaa_w	70	4999	0.28	0.06	0.22	0.3362976249511608	0.2132074264072502	pgaa-cross-platform-dual-gate-v1	pgaa-cross-platform-matched-controls-v1
nadig2024_hepg2_crispri	HepG2 CRISPRi Perturb-seq	experimental_batch_holdout_28_vs_28	DDX46	DDX46	3	pgaa_h	70	4999	0.05	0.01	0.04	0.0509969281045593	0.0551672686290662	pgaa-cross-platform-dual-gate-v1	pgaa-cross-platform-matched-controls-v1
nadig2024_hepg2_crispri	HepG2 CRISPRi Perturb-seq	experimental_batch_holdout_28_vs_28	DDX46	DDX46	3	absolute_mean_shift	70	4999	0.26	0.02	0.24	0.2094517583770466	0.0388499491070627	pgaa-cross-platform-dual-gate-v1	pgaa-cross-platform-matched-controls-v1
nadig2024_hepg2_crispri	HepG2 CRISPRi Perturb-seq	experimental_batch_holdout_28_vs_28	DDX46	DDX46	3	welch_abs_t	70	4999	0.14	0.01	0.13	0.150382399264967	-0.0019975042307381	pgaa-cross-platform-dual-gate-v1	pgaa-cross-platform-matched-controls-v1
nadig2024_hepg2_crispri	HepG2 CRISPRi Perturb-seq	experimental_batch_holdout_28_vs_28	DDX46	DDX46	4	pgaa_w	70	4999	0.27	0.05	0.22	0.2830913844713721	0.2133176487878608	pgaa-cross-platform-dual-gate-v1	pgaa-cross-platform-matched-controls-v1
nadig2024_hepg2_crispri	HepG2 CRISPRi Perturb-seq	experimental_batch_holdout_28_vs_28	DDX46	DDX46	4	pgaa_h	70	4999	0.04	0.07	-0.03	0.0213995138709326	0.0561274508577244	pgaa-cross-platform-dual-gate-v1	pgaa-cross-platform-matched-controls-v1
nadig2024_hepg2_crispri	HepG2 CRISPRi Perturb-seq	experimental_batch_holdout_28_vs_28	DDX46	DDX46	4	absolute_mean_shift	70	4999	0.24	0.05	0.19	0.1372539658123465	0.0300529961970849	pgaa-cross-platform-dual-gate-v1	pgaa-cross-platform-matched-controls-v1
nadig2024_hepg2_crispri	HepG2 CRISPRi Perturb-seq	experimental_batch_holdout_28_vs_28	DDX46	DDX46	4	welch_abs_t	70	4999	0.08	0.04	0.04	0.0925876903592003	-0.021353478571377	pgaa-cross-platform-dual-gate-v1	pgaa-cross-platform-matched-controls-v1
