source_event_id	source_event_type	source_gene	event_coordinate	altered_sequence_context	event_index	hla_allele	hla_class	pgaa_rank	pgaa_score	cohort_or_dataset	disease_or_context	notes
TSNADB2_000001	snv	SEC22C	SEC22C_H248Y	AEHSLQVAY	8	HLA-B44*03	I			TSNAdb_v2.0_validated	Melanoma	validation_level=tier1;reference=PMID:27312342;domain_transfer_event_not_pgaa_ranked
TSNADB2_000002	snv	TKT	TKT_R438W	AMFWSVPTV	3	HLA-A02*01	I			TSNAdb_v2.0_validated	Melanoma	validation_level=tier1;reference=PMID:25837513;domain_transfer_event_not_pgaa_ranked
TSNADB2_000004	snv	ACSS3	ACSS3_H194Y	ARIGAIYSL	6	HLA-C07*02	I			TSNAdb_v2.0_validated	Melanoma	validation_level=tier1;reference=PMID:33303615;domain_transfer_event_not_pgaa_ranked
TSNADB2_000005	snv	AP2S1	AP2S1_N86K	AYLEAIHKF	7	HLA-A24*02	I			TSNAdb_v2.0_validated	Colorectal Cancer	validation_level=tier1;reference=PMID:33537174;domain_transfer_event_not_pgaa_ranked
TSNADB2_000007	snv	TMEM48	TMEM48_F169L	CLNEYHLFL	8	HLA-A02*01	I			TSNAdb_v2.0_validated	Melanoma	validation_level=tier1;reference=PMID:25837513;domain_transfer_event_not_pgaa_ranked
TSNADB2_000008	snv	MED15	MED15_P677S	DANSFLQSV	3	HLA-B51*01	I			TSNAdb_v2.0_validated	Melanoma	validation_level=tier1;reference=PMID:26819371;domain_transfer_event_not_pgaa_ranked
TSNADB2_000009	snv	ANO10	ANO10_P175S 	EPRSGFHGVL	3	HLA-B07*02	I			TSNAdb_v2.0_validated	Melanoma	validation_level=tier1;reference=PMID:33303615;domain_transfer_event_not_pgaa_ranked
TSNADB2_000010	snv	RBBP6	RBBP6_R793C	ETECEYFNRY	3	HLA-A01*01	I			TSNAdb_v2.0_validated	Melanoma	validation_level=tier1;reference=PMID:33303615;domain_transfer_event_not_pgaa_ranked
TSNADB2_000011	snv	AFMID	AFMID_A87V	EVLPFFLFF	1	HLA-A29*02	I			TSNAdb_v2.0_validated	Melanoma	validation_level=tier1;reference=PMID:27312342;domain_transfer_event_not_pgaa_ranked
TSNADB2_000012	snv	PRDX3	PRDX2_P44L	FFYLLDFTF	3	HLA-A29*02	I			TSNAdb_v2.0_validated	Melanoma	validation_level=tier1;reference=PMID:27312342;domain_transfer_event_not_pgaa_ranked
TSNADB2_000013	snv	WDR46	WDR46_T227I	FLIYLDVSV	2	HLA-A02*01	I			TSNAdb_v2.0_validated	Melanoma	validation_level=tier1;reference=PMID:33303615;domain_transfer_event_not_pgaa_ranked
TSNADB2_000014	snv	SEC24A	SEC24A_P469L	FLYNLLTRV	4	HLA-A02*01	I			TSNAdb_v2.0_validated	Melanoma	validation_level=tier1;reference=PMID:25837513;domain_transfer_event_not_pgaa_ranked
TSNADB2_000015	snv	MOV10	MOV10_D859N	GLDDIKNLKV	6	HLA-A02*01	I			TSNAdb_v2.0_validated	Melanoma	validation_level=tier1;reference=PMID:33303615;domain_transfer_event_not_pgaa_ranked
TSNADB2_000016	snv	CSNK1A1	CSNK1A1_S27L	GLFGDIYLA	1	HLA-A02*01	I			TSNAdb_v2.0_validated	Melanoma	validation_level=tier1;reference=PMID:23644516;domain_transfer_event_not_pgaa_ranked
TSNADB2_000017	snv	SYTL4	SYTL4_S363F	GRIAFFLKY	5	HLA-B27*05	I			TSNAdb_v2.0_validated	Melanoma	validation_level=tier1;reference=PMID:27869121;domain_transfer_event_not_pgaa_ranked
TSNADB2_000018	snv	MRPS5	MRPS5_P59L	HLYASLSRA	1	HLA-A02*01	I			TSNAdb_v2.0_validated	Melanoma	validation_level=tier1;reference=PMID:25837513;domain_transfer_event_not_pgaa_ranked
TSNADB2_000019	snv	TP53	TP53_R175H	HMTEVVRHC	7	HLA-A02*01	I			TSNAdb_v2.0_validated		validation_level=tier1;reference=PMID:33649166;domain_transfer_event_not_pgaa_ranked
TSNADB2_000020	snv	EXOC8	EXOC8_Q656P	IILVAVPHV	6	HLA-A02*01	I			TSNAdb_v2.0_validated	Melanoma	validation_level=tier1;reference=PMID:25837513;domain_transfer_event_not_pgaa_ranked
TSNADB2_000021	snv	NRAS	NRAS_Q61K	ILDTAGKEEY	6	HLA-A01*01	I			TSNAdb_v2.0_validated	Melanoma	validation_level=tier1;reference=PMID:33303615;domain_transfer_event_not_pgaa_ranked
TSNADB2_000022	snv	GCN1	GCN1_P769L	IMQTLAGELY	4	HLA-A29*02	I			TSNAdb_v2.0_validated	Melanoma	validation_level=tier1;reference=PMID:27312342;domain_transfer_event_not_pgaa_ranked
TSNADB2_000023	snv	MYO1B	MYO1B_E911K	KINKNPKYK	0	HLA-A03*01	I			TSNAdb_v2.0_validated	Melanoma	validation_level=tier1;reference=PMID:10064075;domain_transfer_event_not_pgaa_ranked
TSNADB2_000024	snv	NCAPG2	NCAPG2_P333L	KLILWRGLK	1	HLA-A03*01	I			TSNAdb_v2.0_validated	Melanoma	validation_level=tier1;reference=PMID:27869121;domain_transfer_event_not_pgaa_ranked
TSNADB2_000025	snv	AKAP6	AKAP6_M1482I	KLKLPIIMK	5	HLA-A03*01	I			TSNAdb_v2.0_validated	Melanoma	validation_level=tier1;reference=PMID:27869121;domain_transfer_event_not_pgaa_ranked
TSNADB2_000026	snv	AKAP13	AKAP13_Q285K	KLMNIQQKL	7	HLA-A02*01	I			TSNAdb_v2.0_validated	Melanoma	validation_level=tier1;reference=PMID:25837513;domain_transfer_event_not_pgaa_ranked
TSNADB2_000027	snv	CDKN2A	CDKN2A_E153K	KMIGNHLWV	0	HLA-A02*01	I			TSNAdb_v2.0_validated	Melanoma	validation_level=tier1;reference=PMID:25837513;domain_transfer_event_not_pgaa_ranked
TSNADB2_000028	snv	MATN2	MATN2_E226K	KTLTSVFQK	0	HLA-A11*01	I			TSNAdb_v2.0_validated	Melanoma	validation_level=tier1;reference=PMID:23644516;domain_transfer_event_not_pgaa_ranked
TSNADB2_000029	snv	PABPC1	PABPC1_R520Q	MLGEQLFPL	4	HLA-A02*01	I			TSNAdb_v2.0_validated	Melanoma	validation_level=tier1;reference=PMID:25837513;domain_transfer_event_not_pgaa_ranked
TSNADB2_000030	snv	OR8B3	OR8B3_T190I	QLSCISTYV	4	HLA-A02*01	I			TSNAdb_v2.0_validated	Melanoma	validation_level=tier1;reference=PMID:25837513;domain_transfer_event_not_pgaa_ranked
TSNADB2_000032	snv	HELZ2	HELZ2_D45N	QTNPVTLQY	2	HLA-A29*02	I			TSNAdb_v2.0_validated	Melanoma	validation_level=tier1;reference=PMID:27312342;domain_transfer_event_not_pgaa_ranked
TSNADB2_000033	snv	NYNRIN	NYNRIN_E1810K	RVADKASKK	7	HLA-A03*01	I			TSNAdb_v2.0_validated	Melanoma	validation_level=tier1;reference=PMID:33303615;domain_transfer_event_not_pgaa_ranked
TSNADB2_000034	snv	PLSCR4	PLSCR4_R247C	RVCGPCSTY	2	HLA-A29*02	I			TSNAdb_v2.0_validated	Melanoma	validation_level=tier1;reference=PMID:27312342;domain_transfer_event_not_pgaa_ranked
TSNADB2_000035	snv	GNB5	GNB5_P377L	RVSTLRVSL	8	HLA-B07*02	I			TSNAdb_v2.0_validated	Melanoma	validation_level=tier1;reference=PMID:33303615;domain_transfer_event_not_pgaa_ranked
TSNADB2_000037	snv	NOP16	NOP16_P169L	SPGPVKLEL	8	HLA-B07*02	I			TSNAdb_v2.0_validated	Melanoma	validation_level=tier1;reference=PMID:27869121;domain_transfer_event_not_pgaa_ranked
TSNADB2_000039	snv	TPX2	TPX2_H458Y	TEDEHFEFY	8	HLA-B44*03	I			TSNAdb_v2.0_validated	Melanoma	validation_level=tier1;reference=PMID:27312342;domain_transfer_event_not_pgaa_ranked
TSNADB2_000040	snv	PHIP1	PHIP1_E938G	TENGLTLEGW	8	HLA-B44*03	I			TSNAdb_v2.0_validated	Melanoma	validation_level=tier1;reference=PMID:33303615;domain_transfer_event_not_pgaa_ranked
TSNADB2_000041	snv	RAD21	RAD21_D116E	TLPEEFHEF	7	HLA-A24*02	I			TSNAdb_v2.0_validated	Colorectal Cancer	validation_level=tier1;reference=PMID:33537174;domain_transfer_event_not_pgaa_ranked
TSNADB2_000042	snv	SRPX	SRPX_P55L	TLWCSPIKV	1	HLA-A02*01	I			TSNAdb_v2.0_validated	Melanoma	validation_level=tier1;reference=PMID:27312342;domain_transfer_event_not_pgaa_ranked
TSNADB2_000043	snv	SRPX	SRPX_P55L	TLWCSPIKV	1	HLA-A02*01	I			TSNAdb_v2.0_validated	Melanoma	validation_level=tier1;reference=PMID:33303615;domain_transfer_event_not_pgaa_ranked
TSNADB2_000044	snv	CENPL	CENPL_P79L	TLYSLTLLY	6	HLA-A29*02	I			TSNAdb_v2.0_validated	Melanoma	validation_level=tier1;reference=PMID:27312342;domain_transfer_event_not_pgaa_ranked
TSNADB2_000046	snv	TP53	TP53_Y220C	VVPCEPPEV	3	HLA-A02*01	I			TSNAdb_v2.0_validated	Colorectal Cancer	validation_level=tier1;reference=PMID:30714987;domain_transfer_event_not_pgaa_ranked
TSNADB2_000047	snv	HYDIN	HYDIN_S1861F	YFLEFDQQY	1	HLA-C07*02	I			TSNAdb_v2.0_validated	Melanoma	validation_level=tier1;reference=PMID:33303615;domain_transfer_event_not_pgaa_ranked
TSNADB2_000048	snv	IDH1	IDH1_R132H	GWVKPIIIGH	9	HLA-B58*01	I			TSNAdb_v2.0_validated	Glioblastoma	validation_level=tier1;reference=PMID:30733620;domain_transfer_event_not_pgaa_ranked
TSNADB2_000049	snv	ATF7	ATF7_R131H	HPGSLPLHL	0	HLA-B53*01	I			TSNAdb_v2.0_validated	Glioblastoma	validation_level=tier1;reference=PMID:30733620;domain_transfer_event_not_pgaa_ranked
TSNADB2_000050	snv	SLC44A2	SLC44A2_L204M	ITDMVEGAKK	3	HLA-A03*01	I			TSNAdb_v2.0_validated	Glioblastoma	validation_level=tier1;reference=PMID:30733620;domain_transfer_event_not_pgaa_ranked
TSNADB2_000051	snv	RBKS	RBKS_T95A	KQNDISAEF	6	HLA-B15*01	I			TSNAdb_v2.0_validated	Glioblastoma	validation_level=tier1;reference=PMID:30733620;domain_transfer_event_not_pgaa_ranked
TSNADB2_000052	snv	PORCN	PORCN_H346Y	LLHGFSFYL	7	HLA-A02*01	I			TSNAdb_v2.0_validated	Melanoma	validation_level=tier1;reference=PMID:31685621;domain_transfer_event_not_pgaa_ranked
TSNADB2_000053	snv	EPS15	EPS15_T217M	LVPPSKRKMWV	8	HLA-A68*02	I			TSNAdb_v2.0_validated	Glioblastoma	validation_level=tier1;reference=PMID:30733620;domain_transfer_event_not_pgaa_ranked
TSNADB2_000054	snv	PCDH19	PCDH19_A470T	NNTPGTYLLSV	5	HLA-A02*01	I			TSNAdb_v2.0_validated	Glioblastoma	validation_level=tier1;reference=PMID:30733620;domain_transfer_event_not_pgaa_ranked
TSNADB2_000055	snv	NUCB1	NUCB1_V300M	RLRMREHMMK	7	HLA-A03*01	I			TSNAdb_v2.0_validated	Glioblastoma	validation_level=tier1;reference=PMID:30733620;domain_transfer_event_not_pgaa_ranked
TSNADB2_000056	snv	AKAP9	AKAP9_L974F	RLSDFSEQL	4	HLA-A02*01	I			TSNAdb_v2.0_validated	Ovarian Cancer	validation_level=tier1;reference=PMID:31685621;domain_transfer_event_not_pgaa_ranked
TSNADB2_000057	snv	SLC9A6	SLC9A6_N572I	SAWLFRMWYI	9	HLA-A02*01	I			TSNAdb_v2.0_validated	Glioblastoma	validation_level=tier1;reference=PMID:30733620;domain_transfer_event_not_pgaa_ranked
TSNADB2_000058	snv	C14orf102	C14orf102_P979L	YLLAPLREAL	1	HLA-A02*01	I			TSNAdb_v2.0_validated	Glioblastoma	validation_level=tier1;reference=PMID:30733620;domain_transfer_event_not_pgaa_ranked
TSNADB2_000059	snv	RFX1	RFX1_T324M	YMQTASTSYY	1	HLA-A01*01	I			TSNAdb_v2.0_validated	Glioblastoma	validation_level=tier1;reference=PMID:30733620;domain_transfer_event_not_pgaa_ranked
TSNADB2_000060	snv	EPHB3	EPHB3_R677W	YTERQRWDF	6	HLA-A01*01	I			TSNAdb_v2.0_validated	Glioblastoma	validation_level=tier1;reference=PMID:30733620;domain_transfer_event_not_pgaa_ranked
TSNADB2_000068	snv	SOX30	SOX30_S53L	AAASATLAL	8	HLA-C08*01	I			TSNAdb_v2.0_validated	Lung Cancer	validation_level=tier2;reference=PMID:33473101;domain_transfer_event_not_pgaa_ranked
TSNADB2_000070	snv	E4F1	E4F1_G469A	ACAQCAKAFPKAYL	5	HLA-DRB112*02	II			TSNAdb_v2.0_validated	Lung Cancer	validation_level=tier2;reference=PMID:33473101;domain_transfer_event_not_pgaa_ranked
TSNADB2_000071	snv	CDK4	CDK4_R24C	ACDPHSGHFV	1	HLA-A02*01	I			TSNAdb_v2.0_validated	Melanoma	validation_level=tier2;reference=PMID:7652577;domain_transfer_event_not_pgaa_ranked
TSNADB2_000073	snv	SPATS2	SPATS2_R306L	AEAMEILLSL	9	HLA-B40*01	I			TSNAdb_v2.0_validated	Lung Cancer	validation_level=tier2;reference=PMID:33473101;domain_transfer_event_not_pgaa_ranked
TSNADB2_000074	snv	FBXW8	FBXW8_Q76L	AEFEVPKLVL	9	HLA-B40*01	I			TSNAdb_v2.0_validated	Lung Cancer	validation_level=tier2;reference=PMID:33473101;domain_transfer_event_not_pgaa_ranked
TSNADB2_000075	snv	SPEF2	SPEF2_D434Y	AEIFYQIVDL	3	HLA-B40*01	I			TSNAdb_v2.0_validated	Lung Cancer	validation_level=tier2;reference=PMID:33473101;domain_transfer_event_not_pgaa_ranked
TSNADB2_000076	snv	LPGAT1	LPGAT1_D230N	AEPINIQTW	4	HLA-B44*03	I			TSNAdb_v2.0_validated	Bladder Cancer	validation_level=tier2;reference=PMID:9637538;domain_transfer_event_not_pgaa_ranked
TSNADB2_000077	snv	MUC4	MUC4_R4435S	AESWISKM	5	HLA-B49*01	I			TSNAdb_v2.0_validated	Colorectal Cancer	validation_level=tier2;reference=PMID:31164343;domain_transfer_event_not_pgaa_ranked
TSNADB2_000078	snv	B4GALNT1	B4GALNT1_P333L	AETYARYRYL	9	HLA-B40*01	I			TSNAdb_v2.0_validated	Lung Cancer	validation_level=tier2;reference=PMID:33473101;domain_transfer_event_not_pgaa_ranked
TSNADB2_000079	snv	SMO	SMO_H97Y	AEYQDMHSY	2	HLA-B44*02	I			TSNAdb_v2.0_validated	Non-Small-Cell Lung Cancer	validation_level=tier2;reference=PMID:33038342;domain_transfer_event_not_pgaa_ranked
TSNADB2_000080	snv	PGAP1	PGAP1_Y903F	AFGSAHLFR	7	HLA-A31*01	I			TSNAdb_v2.0_validated	Lung Cancer	validation_level=tier2;reference=PMID:28031159;domain_transfer_event_not_pgaa_ranked
TSNADB2_000082	snv	FLNA	FLNA_P369L	AGQHIAKSLF	8	HLA-B44*02	I			TSNAdb_v2.0_validated	Melanoma	validation_level=tier2;reference=PMID:28678784;domain_transfer_event_not_pgaa_ranked
TSNADB2_000085	snv	BBS12	BBS12_Y583N	AINRPTVLK	2	HLA-A03*01	I			TSNAdb_v2.0_validated	Melanoma	validation_level=tier2;reference=PMID:33038342;domain_transfer_event_not_pgaa_ranked
TSNADB2_000087	snv	CSNK1G2	CSNK1G2_G239D	ALDHMFMYFL	2	HLA-A02*01	I			TSNAdb_v2.0_validated	Melanoma	validation_level=tier2;reference=PMID:33038342;domain_transfer_event_not_pgaa_ranked
TSNADB2_000088	snv	CDK4	CDK4_R71L	ALDPHSGHFV	1	HLA-A02*01	I			TSNAdb_v2.0_validated	Melanoma	validation_level=tier2;reference=PMID:27198675;domain_transfer_event_not_pgaa_ranked
TSNADB2_000089	snv	ZDHHC16	ZDHHC16_H288L	ALGALTVWL	8	HLA-A02*01	I			TSNAdb_v2.0_validated	Breast Cancer	validation_level=tier2;reference=PMID:28619968;domain_transfer_event_not_pgaa_ranked
TSNADB2_000091	snv	ERBB2	ERBB2_H197Y	ALIHHNTYL	7	HLA-A02*01	I			TSNAdb_v2.0_validated	Melanoma	validation_level=tier2;reference=PMID:26389673;domain_transfer_event_not_pgaa_ranked
TSNADB2_000092	snv	GCN1	GCN1_L2330P	ALLETPSLLL	5	HLA-A02*01	I			TSNAdb_v2.0_validated	Melanoma	validation_level=tier2;reference=PMID:27198675;domain_transfer_event_not_pgaa_ranked
TSNADB2_000093	snv	G6PD	G6PD_A149V	ALPPTVYEV	8	HLA-A02*01	I			TSNAdb_v2.0_validated	Melanoma	validation_level=tier2;reference=PMID:33038342;domain_transfer_event_not_pgaa_ranked
TSNADB2_000094	snv	MLL2	MLL2_L14228H	ALSPVIPHI	7	HLA-A02*01	I			TSNAdb_v2.0_validated	Melanoma	validation_level=tier2;reference=PMID:27198675;domain_transfer_event_not_pgaa_ranked
TSNADB2_000095	snv	SERPINE1	SERPINE1_G196S	ALYFNSQWK	5	HLA-A03*01	I			TSNAdb_v2.0_validated	Non-Small-Cell Lung Cancer	validation_level=tier2;reference=PMID:33038342;domain_transfer_event_not_pgaa_ranked
TSNADB2_000096	snv	GANAB	GANAB_S184F	ALYGFVPVL	4	HLA-A02*01	I			TSNAdb_v2.0_validated	Melanoma	validation_level=tier2;reference=PMID:26389673;domain_transfer_event_not_pgaa_ranked
TSNADB2_000099	snv	KIF16B	KIF16B_L1009P	APARLERRHSA	1	HLA-B07*02	I			TSNAdb_v2.0_validated	Melanoma	validation_level=tier2;reference=PMID:26901407;domain_transfer_event_not_pgaa_ranked
TSNADB2_000101	snv	ALK	ALK_R1275Q	AQDIYRASY	1	HLA-B15*01	I			TSNAdb_v2.0_validated	Neuroblastoma	validation_level=tier2;reference=PMID:29441070;domain_transfer_event_not_pgaa_ranked
TSNADB2_000102	snv	ALK	ALK_R1275Q	AQDIYRASYY	1	HLA-B15*01	I			TSNAdb_v2.0_validated	Neuroblastoma	validation_level=tier2;reference=PMID:29441070;domain_transfer_event_not_pgaa_ranked
TSNADB2_000104	snv	TSEN54	TSEN54_R472Q	AQMCISGF	1	HLA-C12*03	I			TSNAdb_v2.0_validated	Pediatric Medulloblastoma	validation_level=tier2;reference=PMID:31351799;domain_transfer_event_not_pgaa_ranked
TSNADB2_000105	snv	NFYC	NFYC_Q241K	AQQITKTEV	5	HLA-B52*01	I			TSNAdb_v2.0_validated	Non Small Cell Lung Cancer	validation_level=tier2;reference=PMID:16287085;domain_transfer_event_not_pgaa_ranked
TSNADB2_000106	snv	CTBP1	CTBP1_Q277R	ARGGLVDEKALAR	12	HLA-DRB103*01	II			TSNAdb_v2.0_validated	Primary Bladder Cancer	validation_level=tier2;reference=PMID:31036766;domain_transfer_event_not_pgaa_ranked
TSNADB2_000107	snv	CTBP1	CTBP1_Q277R	ARGGLVDEKALARAL	12	HLA-DRB103*01	II			TSNAdb_v2.0_validated	Primary Bladder Cancer	validation_level=tier2;reference=PMID:31036766;domain_transfer_event_not_pgaa_ranked
TSNADB2_000108	snv	CTBP1	CTBP1_Q277R	ARGGLVDEKALARALKE	12	HLA-DRB103*01	II			TSNAdb_v2.0_validated	Primary Bladder Cancer	validation_level=tier2;reference=PMID:31036766;domain_transfer_event_not_pgaa_ranked
TSNADB2_000109	snv	CTBP1	CTBP1_Q277R	ARGGLVDEKALARALKEGR	12	HLA-DRB103*01	II			TSNAdb_v2.0_validated	Primary Bladder Cancer	validation_level=tier2;reference=PMID:31036766;domain_transfer_event_not_pgaa_ranked
TSNADB2_000110	snv	CTBP1	CTBP1_Q277R	ARGGLVDEKALARALKEGRIR	12	HLA-DRB103*01	II			TSNAdb_v2.0_validated	Primary Bladder Cancer	validation_level=tier2;reference=PMID:31036766;domain_transfer_event_not_pgaa_ranked
TSNADB2_000111	snv	CTBP1	CTBP1_Q277R	ARGGLVDEKALARALKEGRIRGA	12	HLA-DRB103*01	II			TSNAdb_v2.0_validated	Primary Bladder Cancer	validation_level=tier2;reference=PMID:31036766;domain_transfer_event_not_pgaa_ranked
TSNADB2_000113	snv	CYP2E1	CYP2E1_L101F	ARMEFFLLL	4	HLA-B37*01	I			TSNAdb_v2.0_validated	Colorectal Cancer	validation_level=tier2;reference=PMID:31164343;domain_transfer_event_not_pgaa_ranked
TSNADB2_000114	snv	CHPF	CHPF_D114V	ARPVEWLGRCILDA	3	HLA-DRB112*01	II			TSNAdb_v2.0_validated	Lung Cancer	validation_level=tier2;reference=PMID:33473101;domain_transfer_event_not_pgaa_ranked
TSNADB2_000116	snv	WDFY1	WDFY1_E44K	ASKDRTIRV	2	HLA-C07*01	I			TSNAdb_v2.0_validated	Colorectal Cancer	validation_level=tier2;reference=PMID:31164343;domain_transfer_event_not_pgaa_ranked
TSNADB2_000117	snv	HERC1	HERC1_P3278S	ASNASSAAK	4	HLA-A11*01	I			TSNAdb_v2.0_validated	Non-Small-Cell Lung Cancer	validation_level=tier2;reference=PMID:25765070;domain_transfer_event_not_pgaa_ranked
TSNADB2_000120	snv	ENTPD4	ENTPD4_P85L	ATDTNNLNVNY	6	HLA-A01*01	I			TSNAdb_v2.0_validated	Melanoma	validation_level=tier2;reference=PMID:32753545;domain_transfer_event_not_pgaa_ranked
TSNADB2_000121	snv	ENTPD4	ENTPD4_P85L	ATDTNNLNVNY	6	HLA-A11*01	I			TSNAdb_v2.0_validated	Melanoma	validation_level=tier2;reference=PMID:33038342;domain_transfer_event_not_pgaa_ranked
TSNADB2_000122	snv	CYFIP2	CYFIP2_E446K	ATRYNYTSEK	9	HLA-A03*01	I			TSNAdb_v2.0_validated	Melanoma	validation_level=tier2;reference=PMID:33038342;domain_transfer_event_not_pgaa_ranked
TSNADB2_000123	snv	NR4A1	NR4A1_F101K	ATSPASASK	8	HLA-A11*01	I			TSNAdb_v2.0_validated	Lung Cancer	validation_level=tier2;reference=PMID:33473101;domain_transfer_event_not_pgaa_ranked
TSNADB2_000124	snv	AIMP1	AIMP1_F317Y	ATYKGVPYEVK	7	HLA-A03*01	I			TSNAdb_v2.0_validated	Melanoma	validation_level=tier2;reference=PMID:33038342;domain_transfer_event_not_pgaa_ranked
TSNADB2_000126	snv	PGM5	PGM5_H469Y	AVGSYVYSV	4	HLA-A02*01	I			TSNAdb_v2.0_validated	Melanoma	validation_level=tier2;reference=PMID:27198675;domain_transfer_event_not_pgaa_ranked
TSNADB2_000128	snv	EVA1A	EVA1A_T91A	AVSDLSVRRHR	0	HLA-A31*01	I			TSNAdb_v2.0_validated	Non-Small-Cell Lung Cancer	validation_level=tier2;reference=PMID:28031159;domain_transfer_event_not_pgaa_ranked
TSNADB2_000130	snv	SLC15A2	SLC15A2_V618F	AWQLPQYALF	9	HLA-A24*02	I			TSNAdb_v2.0_validated	Lung Cancer	validation_level=tier2;reference=PMID:33473101;domain_transfer_event_not_pgaa_ranked
TSNADB2_000131	snv	KIF1BP	KIF1BP_P246S	AYHSIEWAI	3	HLA-A24*02	I			TSNAdb_v2.0_validated	Melanoma	validation_level=tier2;reference=PMID:26901407;domain_transfer_event_not_pgaa_ranked
TSNADB2_000132	snv	E4F1	E4F1_G469A	CAKAFPKAY	1	HLA-B15*02	I			TSNAdb_v2.0_validated	Lung Cancer	validation_level=tier2;reference=PMID:33473101;domain_transfer_event_not_pgaa_ranked
TSNADB2_000133	snv	E4F1	E4F1_G469A	CAQCAKAFPK	4	HLA-A11*01	I			TSNAdb_v2.0_validated	Lung Cancer	validation_level=tier2;reference=PMID:33473101;domain_transfer_event_not_pgaa_ranked
TSNADB2_000134	snv	CSAG3	CSAG3_L37H	CEFHACWPAFTVLGE	3	HLA-DRB101*01	II			TSNAdb_v2.0_validated	Melanoma	validation_level=tier2;reference=PMID:16888034;domain_transfer_event_not_pgaa_ranked
TSNADB2_000135	snv	CSAG3	CSAG3_L37H	CEFHACWPAFTVLGE	3	HLA-DRB104*01	II			TSNAdb_v2.0_validated	Melanoma	validation_level=tier2;reference=PMID:16888034;domain_transfer_event_not_pgaa_ranked
TSNADB2_000136	snv	CSAG3	CSAG3_L37H	CEFHACWPAFTVLGE	3	HLA-DRB107*01	II			TSNAdb_v2.0_validated	Melanoma	validation_level=tier2;reference=PMID:16888034;domain_transfer_event_not_pgaa_ranked
TSNADB2_000141	snv	CLK3	CLK3_E276K	CHALRFLHKNQLTHT	8	HLA-DRB114*54	II			TSNAdb_v2.0_validated	Lung Cancer	validation_level=tier2;reference=PMID:33473101;domain_transfer_event_not_pgaa_ranked
TSNADB2_000142	snv	CDK12	CDK12_E928K	CILGKLFTK	4	HLA-A11*01	I			TSNAdb_v2.0_validated	Melanoma	validation_level=tier2;reference=PMID:23644516;domain_transfer_event_not_pgaa_ranked
TSNADB2_000143	snv	CDK12	CDK12_E928K	CILGKLFTKK	4	HLA-A11*01	I			TSNAdb_v2.0_validated	Melanoma	validation_level=tier2;reference=PMID:23644516;domain_transfer_event_not_pgaa_ranked
TSNADB2_000145	snv	HNRNPU	HNRNPU_F580I	CLFAGIQRK	5	HLA-A03*01	I			TSNAdb_v2.0_validated	Stomach Cancer	validation_level=tier2;reference=PMID:31164343;domain_transfer_event_not_pgaa_ranked
TSNADB2_000146	snv	ZNF138	ZNF138_A111V	CLQKHLEVR	7	HLA-A31*01	I			TSNAdb_v2.0_validated	Non-Small-Cell Lung Cancer	validation_level=tier2;reference=PMID:28031159;domain_transfer_event_not_pgaa_ranked
TSNADB2_000147	snv	TP53	TP53_R248L	CMGGMNLR	6	HLA-A31*01	I			TSNAdb_v2.0_validated	Non-Small-Cell Lung Cancer	validation_level=tier2;reference=PMID:26752676;domain_transfer_event_not_pgaa_ranked
TSNADB2_000148	snv	EPHB4	EPHB4_R312L	CRVGYFRAL	8	HLA-B39*01	I			TSNAdb_v2.0_validated	Lung Cancer	validation_level=tier2;reference=PMID:33473101;domain_transfer_event_not_pgaa_ranked
TSNADB2_000150	snv	GUCD1	GUCD1_E177K	CSTSISNFK	8	HLA-A11*01	I			TSNAdb_v2.0_validated	Lung Cancer	validation_level=tier2;reference=PMID:33473101;domain_transfer_event_not_pgaa_ranked
TSNADB2_000151	snv	FAAP100	FAAP100_G53V	CSVSPSVSR	6	HLA-A11*01	I			TSNAdb_v2.0_validated	Lung Cancer	validation_level=tier2;reference=PMID:33473101;domain_transfer_event_not_pgaa_ranked
TSNADB2_000152	snv	TBC1D22A	TBC1D22A_R437S	CTISLWDTY	3	HLA-A01*01	I			TSNAdb_v2.0_validated	Neuroendocrine Tumor	validation_level=tier2;reference=PMID:33879241;domain_transfer_event_not_pgaa_ranked
TSNADB2_000153	snv	FLNA	FLNA_R2049C	CVRVSGQGL	0	HLA-B07*02	I			TSNAdb_v2.0_validated	Melanoma	validation_level=tier2;reference=PMID:26901407;domain_transfer_event_not_pgaa_ranked
TSNADB2_000155	snv	HSDL1	HSDL1_L25V	CYMEAVAL	5	HLA-C14*03	I			TSNAdb_v2.0_validated	Ovarian Cancer	validation_level=tier2;reference=PMID:28405493;domain_transfer_event_not_pgaa_ranked
TSNADB2_000156	snv	HSDL1	HSDL1_L25V	CYMEAVALV	5	HLA-C14*03	I			TSNAdb_v2.0_validated	Ovarian Cancer	validation_level=tier2;reference=PMID:24323902;domain_transfer_event_not_pgaa_ranked
TSNADB2_000158	snv	CTBP1	CTBP1_Q277R	DEKALARALKEGRIRGAAL	6	HLA-DRB103*01	II			TSNAdb_v2.0_validated	Primary Bladder Cancer	validation_level=tier2;reference=PMID:31036766;domain_transfer_event_not_pgaa_ranked
TSNADB2_000164	snv	PCSK9	PCSK9_V202F	DHREIEGRVMF	10	HLA-B18*01	I			TSNAdb_v2.0_validated	Pediatric Medulloblastoma	validation_level=tier2;reference=PMID:31351799;domain_transfer_event_not_pgaa_ranked
TSNADB2_000167	snv	FAM50B	FAM50B_E78K	DMKARQKALV	6	HLA-B08*01	I			TSNAdb_v2.0_validated	Melanoma	validation_level=tier2;reference=PMID:28678778;domain_transfer_event_not_pgaa_ranked
TSNADB2_000169	snv	SLC3A2	SLC3A2_K94T	DPPALASTNAEVT	7	HLA-DRB107*01	II			TSNAdb_v2.0_validated	Breast Cancer	validation_level=tier2;reference=PMID:29867227;domain_transfer_event_not_pgaa_ranked
TSNADB2_000174	snv	UBA3	UBA3_N108K	DTIDVSKLNR	6	HLA-A68*01	I			TSNAdb_v2.0_validated	Melanoma	validation_level=tier2;reference=PMID:33038342;domain_transfer_event_not_pgaa_ranked
TSNADB2_000176	snv	MRPL37	MRPL37_N275S	DVKSDTGF	3	HLA-A26*01	I			TSNAdb_v2.0_validated	Non-Small-Cell Lung Cancer	validation_level=tier2;reference=PMID:28031159;domain_transfer_event_not_pgaa_ranked
TSNADB2_000177	snv	KIAA1109	KIAA1109_R5393Q	DVRKKLQRSSM	6	HLA-A26*01	I			TSNAdb_v2.0_validated	Non-Small-Cell Lung Cancer	validation_level=tier2;reference=PMID:28031159;domain_transfer_event_not_pgaa_ranked
TSNADB2_000181	snv	TES	TES_K62N	EEDRNVGKLF	4	HLA-B44*02	I			TSNAdb_v2.0_validated	Bile Duct Cancer	validation_level=tier2;reference=PMID:31164343;domain_transfer_event_not_pgaa_ranked
TSNADB2_000183	snv	PWWP3A	PWWP3A_S51I	EEKLIVVLF	4	HLA-B44*02	I			TSNAdb_v2.0_validated	Melanoma	validation_level=tier2;reference=PMID:29217585;domain_transfer_event_not_pgaa_ranked
TSNADB2_000184	snv	USP37	USP37_D100Y	EEMRLFLY	7	HLA-B18*01	I			TSNAdb_v2.0_validated	Colorectal Cancer	validation_level=tier2;reference=PMID:31164343;domain_transfer_event_not_pgaa_ranked
TSNADB2_000185	snv	MARCHF6	MARCHF6_Q583L	EENENSANL	8	HLA-B40*01	I			TSNAdb_v2.0_validated	Lung Cancer	validation_level=tier2;reference=PMID:33473101;domain_transfer_event_not_pgaa_ranked
TSNADB2_000189	snv	ZFYVE27	ZFYVE27_R6H	EHEGSGPEL	1	HLA-B38*01	I			TSNAdb_v2.0_validated	Pancreatic Cancer	validation_level=tier2;reference=PMID:26516200;domain_transfer_event_not_pgaa_ranked
TSNADB2_000190	snv	KIF1BP	KIF1BP_P246S	EHNAYHSIEWA	6	HLA-B38*01	I			TSNAdb_v2.0_validated	Melanoma	validation_level=tier2;reference=PMID:26901407;domain_transfer_event_not_pgaa_ranked
TSNADB2_000191	snv	MIA3	MIA3_D646Y	EIDLPRELEY	9	HLA-A01*01	I			TSNAdb_v2.0_validated	Non-Small-Cell Lung Cancer	validation_level=tier2;reference=PMID:28031159;domain_transfer_event_not_pgaa_ranked
TSNADB2_000192	snv	RPF1	RPF1_K182E	EIIPQCIAR	0	HLA-A68*01	I			TSNAdb_v2.0_validated	Melanoma	validation_level=tier2;reference=PMID:33038342;domain_transfer_event_not_pgaa_ranked
TSNADB2_000193	snv	BRCA2	BRCA2_I2840V	EKTSSGLYVFR	8	HLA-A31*01	I			TSNAdb_v2.0_validated	Non-Small-Cell Lung Cancer	validation_level=tier2;reference=PMID:34244308;domain_transfer_event_not_pgaa_ranked
TSNADB2_000195	snv	CASP8	CASP8_F67V	ELLVRINRL	3	HLA-B08*01	I			TSNAdb_v2.0_validated	Colorectal Cancer	validation_level=tier2;reference=PMID:26516200;domain_transfer_event_not_pgaa_ranked
TSNADB2_000196	snv	PARG	PARG_Y427N	ELMRDINSM	6	HLA-B35*01	I			TSNAdb_v2.0_validated	Melanoma	validation_level=tier2;reference=PMID:27198675;domain_transfer_event_not_pgaa_ranked
TSNADB2_000198	snv	SKIV2L	SKIV2L_R653H	EMLFSHGLVK	5	HLA-A03*01	I			TSNAdb_v2.0_validated	Colorectal Cancer	validation_level=tier2;reference=PMID:26516200;domain_transfer_event_not_pgaa_ranked
TSNADB2_000202	snv	SMAD5	SMAD5_P268delinsPKH	EPKHKHWCSI	2	HLA-B08*01	I			TSNAdb_v2.0_validated	Colorectal Cancer	validation_level=tier2;reference=PMID:31164343;domain_transfer_event_not_pgaa_ranked
TSNADB2_000205	snv	CCDC69	CCDC69_R89T	ERELELRDTL	8	HLA-B40*01	I			TSNAdb_v2.0_validated	Lung Cancer	validation_level=tier2;reference=PMID:33473101;domain_transfer_event_not_pgaa_ranked
TSNADB2_000209	snv	CCNYL1	CCNYL1_H84Y	ESNPSDYPR	6	HLA-A33*03	I			TSNAdb_v2.0_validated	Esophageal Cancer	validation_level=tier2;reference=PMID:31164343;domain_transfer_event_not_pgaa_ranked
TSNADB2_000212	snv	EEF2	EEF2_E586Q	ETVSEQSNV	5	HLA-A68*02	I			TSNAdb_v2.0_validated	Small Cell Lung Cancer	validation_level=tier2;reference=PMID:9823325;domain_transfer_event_not_pgaa_ranked
TSNADB2_000213	snv	PIK3CA	PIK3CA_H1047R	EYFMKQMNDAR	10	HLA-A33*03	I			TSNAdb_v2.0_validated	Non-Small-Cell Lung Cancer	validation_level=tier2;reference=PMID:26752676;domain_transfer_event_not_pgaa_ranked
TSNADB2_000214	snv	MMS22L	MMS22L_S437F	EYYSKNLNSF	9	HLA-A24*04	I			TSNAdb_v2.0_validated	Melanoma	validation_level=tier2;reference=PMID:28423700;domain_transfer_event_not_pgaa_ranked
TSNADB2_000215	snv	MTFR2	MTFR2_D283Y	FAFQEYDSF	5	HLA-B35*01	I			TSNAdb_v2.0_validated	Non-Small Cell Lung Cancer	validation_level=tier2;reference=PMID:26940869;domain_transfer_event_not_pgaa_ranked
TSNADB2_000218	snv	NUP98	NUP98_A359D	FGDVGSTLF	2	HLA-C08*02	I			TSNAdb_v2.0_validated	Colorectal Cancer	validation_level=tier2;reference=PMID:31164343;domain_transfer_event_not_pgaa_ranked
TSNADB2_000219	snv	INPP5J	INPP5J_C120Y	FGHMLYFLNCHLP	5	HLA-DRB115*01	II			TSNAdb_v2.0_validated	Lung Cancer	validation_level=tier2;reference=PMID:33473101;domain_transfer_event_not_pgaa_ranked
TSNADB2_000221	snv	ACTN4	ACTN4_K122N	FIASNGVKLV	4	HLA-A02*01	I			TSNAdb_v2.0_validated	Non Small Cell Lung Cancer	validation_level=tier2;reference=PMID:11358829;domain_transfer_event_not_pgaa_ranked
TSNADB2_000222	snv	ME1	ME1_A156G	FLDEFMEGV	7	HLA-A02*01	I			TSNAdb_v2.0_validated	Non Small Cell Lung Cancer	validation_level=tier2;reference=PMID:11325844;domain_transfer_event_not_pgaa_ranked
TSNADB2_000223	snv	ACE	ACE_S167F	FLDPDLTNI	0	HLA-A02*01	I			TSNAdb_v2.0_validated	Melanoma	validation_level=tier2;reference=PMID:33038342;domain_transfer_event_not_pgaa_ranked
TSNADB2_000225	snv	ZFYVE27	ZFYVE27_R103L	FLGNVEFFL	8	HLA-A02*07	I			TSNAdb_v2.0_validated	Lung Cancer	validation_level=tier2;reference=PMID:33473101;domain_transfer_event_not_pgaa_ranked
TSNADB2_000226	snv	DYM	DYM_S434F	FLGSLLILV	0	HLA-A02*01	I			TSNAdb_v2.0_validated	Melanoma	validation_level=tier2;reference=PMID:33038342;domain_transfer_event_not_pgaa_ranked
TSNADB2_000227	snv	SPOP	SPOP_N147I	FLLDEAIGL	6	HLA-A02*01	I			TSNAdb_v2.0_validated	Melanoma	validation_level=tier2;reference=PMID:28678784;domain_transfer_event_not_pgaa_ranked
TSNADB2_000229	snv	NLGN1	NLGN1_Y67C	FLNCDIMLGV	3	HLA-A02*01	I			TSNAdb_v2.0_validated	Melanoma	validation_level=tier2;reference=PMID:33038342;domain_transfer_event_not_pgaa_ranked
TSNADB2_000230	snv	ASPM	ASPM_Q2902R	FLSAKHRRQVYLQI	6	HLA-DRB111*01	II			TSNAdb_v2.0_validated	Lung Cancer	validation_level=tier2;reference=PMID:33473101;domain_transfer_event_not_pgaa_ranked
TSNADB2_000231	snv	CDC37L1	CDC37L1_P186L	FLSDHLYLV	5	HLA-A02*01	I			TSNAdb_v2.0_validated	Melanoma	validation_level=tier2;reference=PMID:28678784;domain_transfer_event_not_pgaa_ranked
TSNADB2_000232	snv	MFSD6	MFSD6_G477V	FLYWHLEDLNV	10	HLA-A02*01	I			TSNAdb_v2.0_validated	Lung Cancer	validation_level=tier2;reference=PMID:33473101;domain_transfer_event_not_pgaa_ranked
TSNADB2_000233	snv	AHNAK	AHNAK_S4460F	FMPDFDLHL	0	HLA-A02*01	I			TSNAdb_v2.0_validated	Melanoma	validation_level=tier2;reference=PMID:33303615;domain_transfer_event_not_pgaa_ranked
TSNADB2_000234	snv	DDX3X	DDX3X_E388K	FPKKIQMLA	3	HLA-B56*01	I			TSNAdb_v2.0_validated	Melanoma	validation_level=tier2;reference=PMID:28678778;domain_transfer_event_not_pgaa_ranked
TSNADB2_000235	snv	COL22A1	COL22A1_D291N	FPQGLPNEY	6	HLA-B35*01	I			TSNAdb_v2.0_validated	Melanoma	validation_level=tier2;reference=PMID:33479501;domain_transfer_event_not_pgaa_ranked
TSNADB2_000237	snv	TENM2	TENM2_V2109M	FPRAKMYFM	8	HLA-B35*01	I			TSNAdb_v2.0_validated	Lung Cancer	validation_level=tier2;reference=PMID:33473101;domain_transfer_event_not_pgaa_ranked
TSNADB2_000238	snv	CLEC10A	CLEC10A_V143F	FPVHSEMLL	0	HLA-B35*01	I			TSNAdb_v2.0_validated	Ovarian Cancer	validation_level=tier2;reference=PMID:31069153;domain_transfer_event_not_pgaa_ranked
TSNADB2_000239	snv	ZMYM2	ZMYM2_H301L	FQNGESATL	8	HLA-B40*01	I			TSNAdb_v2.0_validated	Lung Cancer	validation_level=tier2;reference=PMID:33473101;domain_transfer_event_not_pgaa_ranked
TSNADB2_000240	snv	KARS	KARS_D356H	FRNEGIHL	6	HLA-B14*02	I			TSNAdb_v2.0_validated	Colorectal Cancer	validation_level=tier2;reference=PMID:31164343;domain_transfer_event_not_pgaa_ranked
TSNADB2_000241	snv	RHOA	RHOA_K162R	FRRFPCLSL	1	HLA-C07*02	I			TSNAdb_v2.0_validated	Lung Cancer	validation_level=tier2;reference=PMID:33473101;domain_transfer_event_not_pgaa_ranked
TSNADB2_000242	snv	TRAPPC1	TRAPPC1_R129G	FRSGLDSYV	3	HLA-C06*02	I			TSNAdb_v2.0_validated	Melanoma	validation_level=tier2;reference=PMID:10582700;domain_transfer_event_not_pgaa_ranked
TSNADB2_000243	snv	MAN2A1	MAN2A1_V744F	FSSLNSGQI	0	HLA-C15*02	I			TSNAdb_v2.0_validated	Lung Cancer	validation_level=tier2;reference=PMID:33473101;domain_transfer_event_not_pgaa_ranked
TSNADB2_000244	snv	PCSK9	PCSK9_V202F	FTDFENVP	0	HLA-C05*01	I			TSNAdb_v2.0_validated	Pediatric Medulloblastoma	validation_level=tier2;reference=PMID:31351799;domain_transfer_event_not_pgaa_ranked
TSNADB2_000245	snv	MAP2K4	MAP2K4_I367T	FTLMYEERAV	1	HLA-A02*01	I			TSNAdb_v2.0_validated	Non-Small-Cell Lung Cancer	validation_level=tier2;reference=PMID:34244308;domain_transfer_event_not_pgaa_ranked
TSNADB2_000246	snv	EXOSC10	EXOSC10_D488N	FTNESYLELY	2	HLA-A01*01	I			TSNAdb_v2.0_validated	Melanoma	validation_level=tier2;reference=PMID:33038342;domain_transfer_event_not_pgaa_ranked
TSNADB2_000248	snv	BAI2	BAI2_G817S	FVISAVLY	3	HLA-A26*01	I			TSNAdb_v2.0_validated	Non-Small-Cell Lung Cancer	validation_level=tier2;reference=PMID:28031159;domain_transfer_event_not_pgaa_ranked
TSNADB2_000249	snv	HIST1H2BE	HIST1H2BE_E72V	FVNDIFVRI	6	HLA-A02*01	I			TSNAdb_v2.0_validated	Bile Duct Cancer	validation_level=tier2;reference=PMID:31164343;domain_transfer_event_not_pgaa_ranked
TSNADB2_000251	snv	ARMT1	ARMT1_P286L	FYGKTILWF	1	HLA-A24*02	I			TSNAdb_v2.0_validated	Melanoma	validation_level=tier2;reference=PMID:30880120;domain_transfer_event_not_pgaa_ranked
TSNADB2_000252	snv	MKRN3	MKRN3_K419M	FYMHEYPEGW	2	HLA-A24*02	I			TSNAdb_v2.0_validated	Non-Small-Cell Lung Cancer	validation_level=tier2;reference=PMID:28031159;domain_transfer_event_not_pgaa_ranked
TSNADB2_000253	snv	KRAS	KRAS_G12A	GAAGVGKSAL	2	HLA-C03*04	I			TSNAdb_v2.0_validated	Non-Small-Cell Lung Cancer	validation_level=tier2;reference=PMID:26752676;domain_transfer_event_not_pgaa_ranked
TSNADB2_000254	snv	KRAS	KRAS_G12D	GADGVGKSA	2	HLA-C08*02	I			TSNAdb_v2.0_validated	Colorectal Cancer	validation_level=tier2;reference=PMID:27959684;domain_transfer_event_not_pgaa_ranked
TSNADB2_000255	snv	KRAS	KRAS_G12D	GADGVGKSAL	2	HLA-C05*01	I			TSNAdb_v2.0_validated	Colorectal Cancer	validation_level=tier2;reference=PMID:26516200;domain_transfer_event_not_pgaa_ranked
TSNADB2_000256	snv	KRAS	KRAS_G12D	GADGVGKSAL	2	HLA-C08*02	I			TSNAdb_v2.0_validated	Colorectal Cancer	validation_level=tier2;reference=PMID:26516200;domain_transfer_event_not_pgaa_ranked
TSNADB2_000261	snv	RECQL5	RECQL5_P816L	GEEDGAGGHSL	10	HLA-B44*02	I			TSNAdb_v2.0_validated	Melanoma	validation_level=tier2;reference=PMID:27827318;domain_transfer_event_not_pgaa_ranked
TSNADB2_000262	snv	TPI1	TPI1_T65I	GELIGILNAAKVPAD	5	HLA-DRB101*01	II			TSNAdb_v2.0_validated	Melanoma	validation_level=tier2;reference=PMID:10049939;domain_transfer_event_not_pgaa_ranked
TSNADB2_000264	snv	CTBP1	CTBP1_Q277R	GGLVDEKALARALKEGRIRGAAL	10	HLA-DRB103*01	II			TSNAdb_v2.0_validated	Primary Bladder Cancer	validation_level=tier2;reference=PMID:31036766;domain_transfer_event_not_pgaa_ranked
TSNADB2_000267	snv	OR2A2	OR2A2_H52Y	GIICLDYKL	6	HLA-A02*01	I			TSNAdb_v2.0_validated	Pancreatic Cancer	validation_level=tier2;reference=PMID:29132146;domain_transfer_event_not_pgaa_ranked
TSNADB2_000271	snv	CSNK1A1	CSNK1A1_S27L	GLFGDIYLAI	1	HLA-A02*01	I			TSNAdb_v2.0_validated	Melanoma	validation_level=tier2;reference=PMID:23644516;domain_transfer_event_not_pgaa_ranked
TSNADB2_000272	snv	HERPUD1	HERPUD1_G161S	GLGPGFSSY	7	HLA-B15*01	I			TSNAdb_v2.0_validated	Melanoma	validation_level=tier2;reference=PMID:28423700;domain_transfer_event_not_pgaa_ranked
TSNADB2_000273	snv	UGGT2	UGGT2_P882L	GLLDEDFYA	1	HLA-A02*01	I			TSNAdb_v2.0_validated	Melanoma	validation_level=tier2;reference=PMID:27827318;domain_transfer_event_not_pgaa_ranked
TSNADB2_000275	snv	ABCB10	ABCB10_S405Y	GLYGNLIVL	2	HLA-A02*01	I			TSNAdb_v2.0_validated	Melanoma	validation_level=tier2;reference=PMID:33038342;domain_transfer_event_not_pgaa_ranked
TSNADB2_000276	snv	BRCA2	BRCA2_I2840V	GLYVFRNER	3	HLA-A31*01	I			TSNAdb_v2.0_validated	Non-Small-Cell Lung Cancer	validation_level=tier2;reference=PMID:34244308;domain_transfer_event_not_pgaa_ranked
TSNADB2_000277	snv	DDX60L	DDX60L_R1032H	GMHMGQLLK	2	HLA-A11*01	I			TSNAdb_v2.0_validated	Lung Cancer	validation_level=tier2;reference=PMID:33473101;domain_transfer_event_not_pgaa_ranked
TSNADB2_000279	snv	IARS2	IARS2_T605P	GPSWSYVL	1	HLA-B42*01	I			TSNAdb_v2.0_validated	Non-Small-Cell Lung Cancer	validation_level=tier2;reference=PMID:28031159;domain_transfer_event_not_pgaa_ranked
TSNADB2_000280	snv	TFDP2	TFDP2_A270T	GQFLTPNSH	4	HLA-B15*01	I			TSNAdb_v2.0_validated	Melanoma	validation_level=tier2;reference=PMID:27827318;domain_transfer_event_not_pgaa_ranked
TSNADB2_000289	snv	NCAPH2	NCAPH2_S181Y	GVYPMPGTQK	2	HLA-A03*01	I			TSNAdb_v2.0_validated	Melanoma	validation_level=tier2;reference=PMID:30209080;domain_transfer_event_not_pgaa_ranked
TSNADB2_000292	snv	IDH1	IDH1_R132H	GWVKPIIIGHHAYGDQYRAT	9	HLA-DRB101*01	II			TSNAdb_v2.0_validated	Glioma	validation_level=tier2;reference=PMID:25043048;domain_transfer_event_not_pgaa_ranked
TSNADB2_000293	snv	CATB	CTSB_D114H	GYNSYSVSNSEKHIM	12	HLA-DRB107*01	II			TSNAdb_v2.0_validated	Breast Cancer	validation_level=tier2;reference=PMID:29867227;domain_transfer_event_not_pgaa_ranked
TSNADB2_000294	snv	TPM3	TPM3_L242I	HAINDMTSI	2	HLA-C02*02	I			TSNAdb_v2.0_validated	Lung Cancer	validation_level=tier2;reference=PMID:33473101;domain_transfer_event_not_pgaa_ranked
TSNADB2_000295	snv	NOC3L	NOC3L_P702L	HALRRHYHL	8	HLA-B08*01	I			TSNAdb_v2.0_validated	Melanoma	validation_level=tier2;reference=PMID:33038342;domain_transfer_event_not_pgaa_ranked
TSNADB2_000296	snv	VPS13D	VPS13D_G1482R	HDFFESLHRRQAFHI	9	HLA-DRB111*01	II			TSNAdb_v2.0_validated	Lung Cancer	validation_level=tier2;reference=PMID:33473101;domain_transfer_event_not_pgaa_ranked
TSNADB2_000297	snv	RETSAT	RETSAT_P546S	HDLGRLHSC	7	HLA-B37*01	I			TSNAdb_v2.0_validated	Melanoma	validation_level=tier2;reference=PMID:28678784;domain_transfer_event_not_pgaa_ranked
TSNADB2_000300	snv	TMEM120A	TMEM120A_G339R	HHKFHSQRHRSKK	9	HLA-DRB112*02	II			TSNAdb_v2.0_validated	Lung Cancer	validation_level=tier2;reference=PMID:33473101;domain_transfer_event_not_pgaa_ranked
TSNADB2_000301	snv	OR52B4	OR52B4_Q25H	HHMWISIPF	0	HLA-B38*01	I			TSNAdb_v2.0_validated	Non-Small-Cell Lung Cancer	validation_level=tier2;reference=PMID:28031159;domain_transfer_event_not_pgaa_ranked
TSNADB2_000303	snv	FLNA	FLNA_P369L	HIAKSLFEV	5	HLA-A02*01	I			TSNAdb_v2.0_validated	Melanoma	validation_level=tier2;reference=PMID:28678784;domain_transfer_event_not_pgaa_ranked
TSNADB2_000305	snv	TMUB2	TMUB2_L118F	HLFDIQGLPK	2	HLA-A03*01	I			TSNAdb_v2.0_validated	Melanoma	validation_level=tier2;reference=PMID:33038342;domain_transfer_event_not_pgaa_ranked
TSNADB2_000306	snv	FADS2	FADS2_N364I	HLFPTMPRHI	9	HLA-A02*03	I			TSNAdb_v2.0_validated	Lung Cancer	validation_level=tier2;reference=PMID:33473101;domain_transfer_event_not_pgaa_ranked
TSNADB2_000307	snv	LAMB2	LAMB2_R1388W	HMANQWALGK	5	HLA-A31*01	I			TSNAdb_v2.0_validated	Non-Small-Cell Lung Cancer	validation_level=tier2;reference=PMID:28031159;domain_transfer_event_not_pgaa_ranked
TSNADB2_000308	snv	TP53	TP53_R175H	HMTEVVRHC	7	HLA-A02*01	I			TSNAdb_v2.0_validated	Breast Cancer	validation_level=tier2;reference=PMID:30709841;domain_transfer_event_not_pgaa_ranked
TSNADB2_000309	snv	TP53	TP53_R175H	HMTEVVRHC	7	HLA-A02*01	I			TSNAdb_v2.0_validated	Esophageal Adenocarcinoma	validation_level=tier2;reference=PMID:30709841;domain_transfer_event_not_pgaa_ranked
TSNADB2_000310	snv	TP53	TP53_R175H	HMTEVVRHC	7	HLA-A02*01	I			TSNAdb_v2.0_validated	Leukemia	validation_level=tier2;reference=PMID:30709841;domain_transfer_event_not_pgaa_ranked
TSNADB2_000311	snv	TP53	TP53_R175H	HMTEVVRHC	7	HLA-A02*01	I			TSNAdb_v2.0_validated	Lung Cancer	validation_level=tier2;reference=PMID:30709841;domain_transfer_event_not_pgaa_ranked
TSNADB2_000312	snv	TP53	TP53_R175H	HMTEVVRHC	7	HLA-A02*01	I			TSNAdb_v2.0_validated	Myeloma	validation_level=tier2;reference=PMID:30709841;domain_transfer_event_not_pgaa_ranked
TSNADB2_000313	snv	TP53	TP53_R175H	HMTEVVRHC	7	HLA-A02*01	I			TSNAdb_v2.0_validated	Osteosarcoma	validation_level=tier2;reference=PMID:30709841;domain_transfer_event_not_pgaa_ranked
TSNADB2_000314	snv	TP53	TP53_R175H	HMTEVVRHC	7	HLA-A02*01	I			TSNAdb_v2.0_validated	Ovarian Cancer	validation_level=tier2;reference=PMID:30709841;domain_transfer_event_not_pgaa_ranked
TSNADB2_000315	snv	TP53	TP53_R175H	HMTEVVRHC	7	HLA-A02*01	I			TSNAdb_v2.0_validated	Uterine Carcinoma	validation_level=tier2;reference=PMID:30709841;domain_transfer_event_not_pgaa_ranked
TSNADB2_000316	snv	TP53	TP53_R175H	HMTEVVRHC	7	HLA-A02*01	I			TSNAdb_v2.0_validated	Colorectal Cancer	validation_level=tier2;reference=PMID:31164343;domain_transfer_event_not_pgaa_ranked
TSNADB2_000317	snv	KIF1BP	KIF1BP_P246S	HNAYHSIEWAI	5	HLA-B38*01	I			TSNAdb_v2.0_validated	Melanoma	validation_level=tier2;reference=PMID:11120859;domain_transfer_event_not_pgaa_ranked
TSNADB2_000318	snv	RPTOR	RPTOR_D654G	HNVAMMLAQLVSGGS	12	HLA-DPA101*03/DPB110:01	II			TSNAdb_v2.0_validated	Ovarian Cancer	validation_level=tier2;reference=PMID:29720506;domain_transfer_event_not_pgaa_ranked
TSNADB2_000319	snv	RPTOR	RPTOR_D654G	HNVAMMLAQLVSGGS	12	HLA-DPA102*01/DPB110:01	II			TSNAdb_v2.0_validated	Ovarian Cancer	validation_level=tier2;reference=PMID:29853601;domain_transfer_event_not_pgaa_ranked
TSNADB2_000321	snv	MYD88	MYD88_L265P	HQKRPIPI	4	HLA-B15*03	I			TSNAdb_v2.0_validated	Lymphoma	validation_level=tier2;reference=PMID:28405493;domain_transfer_event_not_pgaa_ranked
TSNADB2_000322	snv	MYD88	MYD88_L265P	HQKRPIPI	4	HLA-B40*13	I			TSNAdb_v2.0_validated	Lymphoma	validation_level=tier2;reference=PMID:28405493;domain_transfer_event_not_pgaa_ranked
TSNADB2_000323	snv	MYD88	MYD88_L265P	HQKRPIPIKY	4	HLA-B15*01	I			TSNAdb_v2.0_validated	Lymphoma	validation_level=tier2;reference=PMID:28405493;domain_transfer_event_not_pgaa_ranked
TSNADB2_000324	snv	PHKA1	PHKA1_P34L	HQNPVTGLLL	9	HLA-B38*01	I			TSNAdb_v2.0_validated	Melanoma	validation_level=tier2;reference=PMID:27827318;domain_transfer_event_not_pgaa_ranked
TSNADB2_000326	snv	RETSAT	RETSAT_P546S	HSCVMASLR	1	HLA-A68*01	I			TSNAdb_v2.0_validated	Melanoma	validation_level=tier2;reference=PMID:28678784;domain_transfer_event_not_pgaa_ranked
TSNADB2_000327	snv	QRICH2	QRICH2_R301H	HSIHPYTVF	3	HLA-B15*02	I			TSNAdb_v2.0_validated	Lung Cancer	validation_level=tier2;reference=PMID:33473101;domain_transfer_event_not_pgaa_ranked
TSNADB2_000328	snv	FMN2	FMN2_N851K	HSVSSAFKK	8	HLA-A03*01	I			TSNAdb_v2.0_validated	Melanoma	validation_level=tier2;reference=PMID:26048577;domain_transfer_event_not_pgaa_ranked
TSNADB2_000329	snv	NAMPT	NAMPT_I178T	HTVTQFSSV	1	HLA-A69*01	I			TSNAdb_v2.0_validated	Colorectal Cancer	validation_level=tier2;reference=PMID:31164343;domain_transfer_event_not_pgaa_ranked
TSNADB2_000330	snv	EGFR	EGFR_L858R	HVKITDFGR	8	HLA-A33*03	I			TSNAdb_v2.0_validated	Non-Small-Cell Lung Cancer	validation_level=tier2;reference=PMID:26752676;domain_transfer_event_not_pgaa_ranked
TSNADB2_000331	snv	EGFR	EGFR_L858R	HVKITDFGR	8	HLA-A31*01	I			TSNAdb_v2.0_validated	Non-Small-Cell Lung Cancer	validation_level=tier2;reference=PMID:34244308;domain_transfer_event_not_pgaa_ranked
TSNADB2_000332	snv	EGFR	EGFR_L858R	HVKITDFGRAK	8	HLA-A11*01	I			TSNAdb_v2.0_validated	Non-Small-Cell Lung Cancer	validation_level=tier2;reference=PMID:34244308;domain_transfer_event_not_pgaa_ranked
TSNADB2_000333	snv	EGFR	EGFR_L858R	HVKITDFGRAKLLGAEE	8	HLA-DRB109*01	II			TSNAdb_v2.0_validated	Non-Small-Cell Lung Cancer	validation_level=tier2;reference=PMID:34244308;domain_transfer_event_not_pgaa_ranked
TSNADB2_000335	snv	TP53	TP53_G245S	HYNYMCNSSCMGSMN	12	HLA-DRB302*02	II			TSNAdb_v2.0_validated	Ovarian Cancer	validation_level=tier2;reference=PMID:29720506;domain_transfer_event_not_pgaa_ranked
TSNADB2_000336	snv	PGAP1	PGAP1_Y903F	IAFGSAHLFR	8	HLA-A31*01	I			TSNAdb_v2.0_validated	Non-Small-Cell Lung Cancer	validation_level=tier2;reference=PMID:28031159;domain_transfer_event_not_pgaa_ranked
TSNADB2_000337	snv	PDCD10	PDCD10_A74P	IASPIKEL	3	HLA-C12*02	I			TSNAdb_v2.0_validated	Pediatric Medulloblastoma	validation_level=tier2;reference=PMID:31351799;domain_transfer_event_not_pgaa_ranked
TSNADB2_000340	snv	IFI27	IFI27_A110P	IGSPIAAVIAR	3	HLA-A31*01	I			TSNAdb_v2.0_validated	Non-Small-Cell Lung Cancer	validation_level=tier2;reference=PMID:28031159;domain_transfer_event_not_pgaa_ranked
TSNADB2_000344	snv	SLC38A1	SLC38A1_W454L	ILAALFLGL	1	HLA-A02*01	I			TSNAdb_v2.0_validated	Melanoma	validation_level=tier2;reference=PMID:27198675;domain_transfer_event_not_pgaa_ranked
TSNADB2_000346	snv	PHLPP1	PHLPP1_G566E	ILCETCLIV	3	HLA-A02*01	I			TSNAdb_v2.0_validated	Colorectal Cancer	validation_level=tier2;reference=PMID:26516200;domain_transfer_event_not_pgaa_ranked
TSNADB2_000347	snv	CLPP	CLPP_P248L	ILDKVLVHL	8	HLA-A02*01	I			TSNAdb_v2.0_validated	Melanoma	validation_level=tier2;reference=PMID:21216894;domain_transfer_event_not_pgaa_ranked
TSNADB2_000348	snv	NRAS	NRAS_Q61H	ILDTAGHEEY	6	HLA-A01*01	I			TSNAdb_v2.0_validated	Melanoma	validation_level=tier2;reference=PMID:33038342;domain_transfer_event_not_pgaa_ranked
TSNADB2_000349	snv	NRAS	NRAS_Q61R	ILDTAGREEY	6	HLA-A01*01	I			TSNAdb_v2.0_validated	Melanoma	validation_level=tier2;reference=PMID:11971032;domain_transfer_event_not_pgaa_ranked
TSNADB2_000350	snv	EVL	EVL_S343F	ILFRTPSVAK	2	HLA-A03*01	I			TSNAdb_v2.0_validated	Melanoma	validation_level=tier2;reference=PMID:33038342;domain_transfer_event_not_pgaa_ranked
TSNADB2_000351	snv	DHX40b	DHX40b_NeoORF	ILMHGLVSL	8	HLA-A02*01	I			TSNAdb_v2.0_validated	Melanoma	validation_level=tier2;reference=PMID:33479501;domain_transfer_event_not_pgaa_ranked
TSNADB2_000352	snv	HAUS3	HAUS3_T160A	ILNAMIAKI	6	HLA-A02*01	I			TSNAdb_v2.0_validated	Melanoma	validation_level=tier2;reference=PMID:23644516;domain_transfer_event_not_pgaa_ranked
TSNADB2_000353	snv	NSDHL	NSDHL_A290V	ILTGLNYEV	8	HLA-A02*01	I			TSNAdb_v2.0_validated	Melanoma	validation_level=tier2;reference=PMID:26389673;domain_transfer_event_not_pgaa_ranked
TSNADB2_000355	snv	MYO7A	MYO7A_D2093Y	INKYGVSLIY	9	HLA-B15*01	I			TSNAdb_v2.0_validated	Lung Cancer	validation_level=tier2;reference=PMID:33473101;domain_transfer_event_not_pgaa_ranked
TSNADB2_000356	snv	ALDH1A1	ALDH1A1_N150I	IPIDGIFFTY	5	HLA-B35*01	I			TSNAdb_v2.0_validated	Cervical Carcinoma(Hpv+)	validation_level=tier2;reference=PMID:28408606;domain_transfer_event_not_pgaa_ranked
TSNADB2_000357	snv	FAM200A	FAM200A_S116F	IPLSDNTIF	8	HLA-B35*01	I			TSNAdb_v2.0_validated	Melanoma	validation_level=tier2;reference=PMID:28678778;domain_transfer_event_not_pgaa_ranked
TSNADB2_000361	snv	SLC26A7	SLC26A7_R117Q	ISANAVEQIV	7	HLA-C15*02	I			TSNAdb_v2.0_validated	Non-Small-Cell Lung Cancer	validation_level=tier2;reference=PMID:28031159;domain_transfer_event_not_pgaa_ranked
TSNADB2_000362	snv	DHX33	DHX33_R13W	ISDSLLWKY	6	HLA-A11*01	I			TSNAdb_v2.0_validated	Melanoma	validation_level=tier2;reference=PMID:33038342;domain_transfer_event_not_pgaa_ranked
TSNADB2_000363	snv	CALCRL	CALCRL_S286F	ISFDTHLLY	2	HLA-A11*01	I			TSNAdb_v2.0_validated	Lung Cancer	validation_level=tier2;reference=PMID:33473101;domain_transfer_event_not_pgaa_ranked
TSNADB2_000364	snv	EFCAB14	EFCAB14_E437K	ISLPGVSSTK	9	HLA-A11*01	I			TSNAdb_v2.0_validated	Lung Cancer	validation_level=tier2;reference=PMID:33473101;domain_transfer_event_not_pgaa_ranked
TSNADB2_000365	snv	EGFR	EGFR_L858R	ITDFGRAKL	5	HLA-C01*02	I			TSNAdb_v2.0_validated	Non-Small-Cell Lung Cancer	validation_level=tier2;reference=PMID:34244308;domain_transfer_event_not_pgaa_ranked
TSNADB2_000367	snv	GPATCH8	GPATCH8_R954H	IYHSQSPHYF	2	HLA-A24*02	I			TSNAdb_v2.0_validated	Colorectal Cancer	validation_level=tier2;reference=PMID:31164343;domain_transfer_event_not_pgaa_ranked
TSNADB2_000368	snv	DNMT1	DNMT1_S840C	IYKAPCENW	5	HLA-A24*02	I			TSNAdb_v2.0_validated	Melanoma	validation_level=tier2;reference=PMID:26048577;domain_transfer_event_not_pgaa_ranked
TSNADB2_000370	snv	CTBP1	CTBP1_Q277R	KALARALKEGRIRGAAL	4	HLA-DRB103*01	II			TSNAdb_v2.0_validated	Primary Bladder Cancer	validation_level=tier2;reference=PMID:31036766;domain_transfer_event_not_pgaa_ranked
TSNADB2_000371	snv	AQP12A	AQP12A_L28R	KARLPVGAY	2	HLA-A03*01	I			TSNAdb_v2.0_validated	Non-Small-Cell Lung Cancer	validation_level=tier2;reference=PMID:34244308;domain_transfer_event_not_pgaa_ranked
TSNADB2_000374	snv	PRRC2C	PRRC2C_S2260F	KAWENFPNV	5	HLA-A02*01	I			TSNAdb_v2.0_validated	Melanoma	validation_level=tier2;reference=PMID:33038342;domain_transfer_event_not_pgaa_ranked
TSNADB2_000376	snv	GUSB	GUSB_W100L	KDFNLLRLLGANAF	7	HLA-DRB111*01	II			TSNAdb_v2.0_validated	Lung Cancer	validation_level=tier2;reference=PMID:33473101;domain_transfer_event_not_pgaa_ranked
TSNADB2_000377	snv	OS9	OS9_P446L	KELEGILLL	8	HLA-B44*03	I			TSNAdb_v2.0_validated	Melanoma	validation_level=tier2;reference=PMID:29217585;domain_transfer_event_not_pgaa_ranked
TSNADB2_000378	snv	MAP2K4	MAP2K4_I367T	KELLKHPFTL	8	HLA-A02*01	I			TSNAdb_v2.0_validated	Non-Small-Cell Lung Cancer	validation_level=tier2;reference=PMID:34244308;domain_transfer_event_not_pgaa_ranked
TSNADB2_000379	snv	NBEAL2	NBEAL2_R371C	KEVFKECIGY	6	HLA-B15*01	I			TSNAdb_v2.0_validated	Colorectal Cancer	validation_level=tier2;reference=PMID:31164343;domain_transfer_event_not_pgaa_ranked
TSNADB2_000381	snv	PMPCB	PMPCB_V392L	KEWMRLCTSL	9	HLA-B40*01	I			TSNAdb_v2.0_validated	Lung Cancer	validation_level=tier2;reference=PMID:33473101;domain_transfer_event_not_pgaa_ranked
TSNADB2_000385	snv	MB21D2	MB21D2_W244G	KGGPAVAQSW	2	HLA-B58*01	I			TSNAdb_v2.0_validated	Uterine Leiomyosarcoma	validation_level=tier2;reference=PMID:28228279;domain_transfer_event_not_pgaa_ranked
TSNADB2_000387	snv	SIRT2	SIRT2_P182L	KIFSEVTLK	7	HLA-A03*01	I			TSNAdb_v2.0_validated	Melanoma	validation_level=tier2;reference=PMID:16247014;domain_transfer_event_not_pgaa_ranked
TSNADB2_000388	snv	EFTUD2	EFTUD2_E764K	KILDAVVAQK	9	HLA-A03*01	I			TSNAdb_v2.0_validated	Melanoma	validation_level=tier2;reference=PMID:16247014;domain_transfer_event_not_pgaa_ranked
TSNADB2_000389	snv	EGFR	EGFR_L858R	KITDFGRAK	6	HLA-A11*01	I			TSNAdb_v2.0_validated	Non-Small-Cell Lung Cancer	validation_level=tier2;reference=PMID:34244308;domain_transfer_event_not_pgaa_ranked
TSNADB2_000400	snv	SMARCD3	SMARCD3_H70Y	KLFEFLVYGV	7	HLA-A02*01	I			TSNAdb_v2.0_validated	Melanoma	validation_level=tier2;reference=PMID:27198675;domain_transfer_event_not_pgaa_ranked
TSNADB2_000401	snv	ACPP	ACPP_E34K	KLKFVTLVF	0	HLA-B15*01	I			TSNAdb_v2.0_validated	Melanoma	validation_level=tier2;reference=PMID:28678778;domain_transfer_event_not_pgaa_ranked
TSNADB2_000402	snv	ACPP	ACPP_E34K	KLKFVTLVF	0	HLA-A24*02	I			TSNAdb_v2.0_validated	Melanoma	validation_level=tier2;reference=PMID:28678778;domain_transfer_event_not_pgaa_ranked
TSNADB2_000403	snv	ZNF527	ZNF527_L260V	KLLSFHSV	7	HLA-A02*01	I			TSNAdb_v2.0_validated	Non-Small-Cell Lung Cancer	validation_level=tier2;reference=PMID:33038342;domain_transfer_event_not_pgaa_ranked
TSNADB2_000405	snv	LLGL2	LLGL2_K836M	KLMLKLTAL	2	HLA-A02*01	I			TSNAdb_v2.0_validated	Lung Cancer	validation_level=tier2;reference=PMID:33473101;domain_transfer_event_not_pgaa_ranked
TSNADB2_000407	snv	DDX1	DDX1_S281F	KLNLFQVRF	4	HLA-A32*01	I			TSNAdb_v2.0_validated	Colorectal Cancer	validation_level=tier2;reference=PMID:31164343;domain_transfer_event_not_pgaa_ranked
TSNADB2_000408	snv	STIM1	STIM1_N291S	KLRDEISLAK	6	HLA-A03*01	I			TSNAdb_v2.0_validated	Melanoma	validation_level=tier2;reference=PMID:33038342;domain_transfer_event_not_pgaa_ranked
TSNADB2_000409	snv	SNX24	SNX24_P132L	KLSHQLVLL	5	HLA-A02*01	I			TSNAdb_v2.0_validated	Melanoma	validation_level=tier2;reference=PMID:27198675;domain_transfer_event_not_pgaa_ranked
TSNADB2_000410	snv	KRAS	KRAS_G12D	KLVVVGADGV	7	HLA-A02*01	I			TSNAdb_v2.0_validated	Pancreatic Cancer	validation_level=tier2;reference=PMID:30835255;domain_transfer_event_not_pgaa_ranked
TSNADB2_000411	snv	KRAS	KRAS_G12V	KLVVVGAVGV	7	HLA-A02*01	I			TSNAdb_v2.0_validated	Pancreatic Cancer	validation_level=tier2;reference=PMID:30835255;domain_transfer_event_not_pgaa_ranked
TSNADB2_000412	snv	KRAS	KRAS_G12V	KLVVVGAVGV	7	HLA-A02*01	I			TSNAdb_v2.0_validated	Ovarian Cancer	validation_level=tier2;reference=PMID:33123756;domain_transfer_event_not_pgaa_ranked
TSNADB2_000414	snv	ATR	ATR_S296L	KLYEEPLLK	7	HLA-A03*01	I			TSNAdb_v2.0_validated	Melanoma	validation_level=tier2;reference=PMID:24043743;domain_transfer_event_not_pgaa_ranked
TSNADB2_000415	snv	ASTN1	ASTN1_P3803L	KLYGLDWAEL	1	HLA-A02*01	I			TSNAdb_v2.0_validated	Melanoma	validation_level=tier2;reference=PMID:27198675;domain_transfer_event_not_pgaa_ranked
TSNADB2_000416	snv	MCAT	MCAT_Q121K	KPAIFVASL	0	HLA-B07*02	I			TSNAdb_v2.0_validated	Pancreatic Cancer	validation_level=tier2;reference=PMID:31164343;domain_transfer_event_not_pgaa_ranked
TSNADB2_000419	snv	DOPEY2	DOPEY2_R365C	KPFCVLISL	3	HLA-B07*02	I			TSNAdb_v2.0_validated	Melanoma	validation_level=tier2;reference=PMID:28678784;domain_transfer_event_not_pgaa_ranked
TSNADB2_000421	snv	BRWD1	BRWD1_R925W	KPKKENLWRM	7	HLA-B07*02	I			TSNAdb_v2.0_validated	Melanoma	validation_level=tier2;reference=PMID:27198675;domain_transfer_event_not_pgaa_ranked
TSNADB2_000422	snv	KMT2C	KMT2C_P1984S	KPSDTPRPVM	2	HLA-B07*02	I			TSNAdb_v2.0_validated	Melanoma	validation_level=tier2;reference=PMID:28678784;domain_transfer_event_not_pgaa_ranked
TSNADB2_000423	snv	COPS2	COPS2_P308L	KPYTRIHIL	8	HLA-B14*01	I			TSNAdb_v2.0_validated	Colorectal Cancer	validation_level=tier2;reference=PMID:31164343;domain_transfer_event_not_pgaa_ranked
TSNADB2_000424	snv	CRLF3	CRLF3_L346V	KQDGYDSV	7	HLA-A02*01	I			TSNAdb_v2.0_validated	Non-Small-Cell Lung Cancer	validation_level=tier2;reference=PMID:28031159;domain_transfer_event_not_pgaa_ranked
TSNADB2_000425	snv	CDC7	CDC7_R59L	KRIHQFGIVHL	10	HLA-B27*05	I			TSNAdb_v2.0_validated	Lung Cancer	validation_level=tier2;reference=PMID:33473101;domain_transfer_event_not_pgaa_ranked
TSNADB2_000427	snv	BBX	BBX_E624K	KRSCKGALYK	0	HLA-A11*01	I			TSNAdb_v2.0_validated	Lung Cancer	validation_level=tier2;reference=PMID:33473101;domain_transfer_event_not_pgaa_ranked
TSNADB2_000428	snv	CYP2A6	CYP2A6_N438Y	KRYCFGEGL	2	HLA-B14*02	I			TSNAdb_v2.0_validated	Gastric Cancer	validation_level=tier2;reference=PMID:30835255;domain_transfer_event_not_pgaa_ranked
TSNADB2_000429	snv	CYP2A6	CYP2A6_N438Y	KRYCFGEGL	2	HLA-C07*04	I			TSNAdb_v2.0_validated	Gastric Cancer	validation_level=tier2;reference=PMID:30835255;domain_transfer_event_not_pgaa_ranked
TSNADB2_000430	snv	SRPRA	SRPRA_T204A	KSAKSDAPK	2	HLA-A11*01	I			TSNAdb_v2.0_validated	Lung Cancer	validation_level=tier2;reference=PMID:33473101;domain_transfer_event_not_pgaa_ranked
TSNADB2_000432	snv	PBRM1	PBRM1_K1072E	KSFKEIKLW	4	HLA-B57*01	I			TSNAdb_v2.0_validated	Melanoma	validation_level=tier2;reference=PMID:33038342;domain_transfer_event_not_pgaa_ranked
TSNADB2_000438	snv	COL5A2	COL5A2_P1266T	KTDTGVHATL	3	HLA-C05*01	I			TSNAdb_v2.0_validated	Non-Small-Cell Lung Cancer	validation_level=tier2;reference=PMID:33038342;domain_transfer_event_not_pgaa_ranked
TSNADB2_000439	snv	ZNF506	ZNF506_A373T	KTFNWSSALNK	1	HLA-A11*01	I			TSNAdb_v2.0_validated	Lung Cancer	validation_level=tier2;reference=PMID:33473101;domain_transfer_event_not_pgaa_ranked
TSNADB2_000440	snv	NEU2	NEU2_L234T	KTGEQRVVTL	8	HLA-C12*03	I			TSNAdb_v2.0_validated	Pediatric Medulloblastoma	validation_level=tier2;reference=PMID:31351799;domain_transfer_event_not_pgaa_ranked
TSNADB2_000441	snv	MATN2	MATN2_E226K	KTLTSVFQKK	0	HLA-A11*01	I			TSNAdb_v2.0_validated	Melanoma	validation_level=tier2;reference=PMID:23644516;domain_transfer_event_not_pgaa_ranked
TSNADB2_000442	snv	KCNB1	KCNB1_P734R	KTRPRSPEK	2	HLA-A30*01	I			TSNAdb_v2.0_validated	Non-Small-Cell Lung Cancer	validation_level=tier2;reference=PMID:28031159;domain_transfer_event_not_pgaa_ranked
TSNADB2_000443	snv	TP53	TP53_G105V	KTYQVSYGFR	4	HLA-A31*01	I			TSNAdb_v2.0_validated	Non-Small-Cell Lung Cancer	validation_level=tier2;reference=PMID:34244308;domain_transfer_event_not_pgaa_ranked
TSNADB2_000444	snv	ZNF611	ZNF611_D404G	KVCGTAFTW	3	HLA-A32*01	I			TSNAdb_v2.0_validated	Neuroendocrine Tumor	validation_level=tier2;reference=PMID:33879241;domain_transfer_event_not_pgaa_ranked
TSNADB2_000445	snv	MAGEA6	MAGEA6_E168K	KVDPIGHVY	0	HLA-A01*01	I			TSNAdb_v2.0_validated	Melanoma	validation_level=tier2;reference=PMID:26901407;domain_transfer_event_not_pgaa_ranked
TSNADB2_000446	snv	MAGEA6	MAGEA6_E168K	KVDPIGHVYIF	0	HLA-C05*01	I			TSNAdb_v2.0_validated	Melanoma	validation_level=tier2;reference=PMID:26901407;domain_transfer_event_not_pgaa_ranked
TSNADB2_000448	snv	OR10H1	OR10H1_E297V	KVLKVAMKK	1	HLA-A03*01	I			TSNAdb_v2.0_validated	Gastric Adenocarcinoma	validation_level=tier2;reference=PMID:33016924;domain_transfer_event_not_pgaa_ranked
TSNADB2_000450	snv	SCAP	SCAP_V66F	KWGLALAAVF	9	HLA-A24*02	I			TSNAdb_v2.0_validated	Lung Cancer	validation_level=tier2;reference=PMID:33473101;domain_transfer_event_not_pgaa_ranked
TSNADB2_000452	snv	TUBD1	TUBD1_V396A	KYEKSAVLASNSQFLVK	8	HLA-DRB116*02	II			TSNAdb_v2.0_validated	Non-Small-Cell Lung Cancer	validation_level=tier2;reference=PMID:34244308;domain_transfer_event_not_pgaa_ranked
TSNADB2_000453	snv	AKT1	AKT1_E17K	KYIKTWRPRYF	0	HLA-A23*01	I			TSNAdb_v2.0_validated	Colorectal Cancer	validation_level=tier2;reference=PMID:30841906;domain_transfer_event_not_pgaa_ranked
TSNADB2_000455	snv	INPP5J	INPP5J_C120Y	LAAFGHMLY	8	HLA-B15*02	I			TSNAdb_v2.0_validated	Lung Cancer	validation_level=tier2;reference=PMID:33473101;domain_transfer_event_not_pgaa_ranked
TSNADB2_000457	snv	HIST1H1B	HIST1H1B_A71D	LADGGYDVEKNNSRI	2	HLA-DQA103*01:01/DQB104:02:01	II			TSNAdb_v2.0_validated	Ovarian Cancer	validation_level=tier2;reference=PMID:29720506;domain_transfer_event_not_pgaa_ranked
TSNADB2_000458	snv	HIST1H1B	HIST1H1B_A71D	LADGGYDVEKNNSRI	2	HLA-DRB401*01	II			TSNAdb_v2.0_validated	Ovarian Cancer	validation_level=tier2;reference=PMID:29853601;domain_transfer_event_not_pgaa_ranked
TSNADB2_000460	snv	ANKRD17	ANKRD17_P1871L	LANKPIAPNF	0	HLA-B15*01	I			TSNAdb_v2.0_validated	Lung Cancer	validation_level=tier2;reference=PMID:33473101;domain_transfer_event_not_pgaa_ranked
TSNADB2_000461	snv	CTBP1	CTBP1_Q277R	LARALKEGRIRGAAL	2	HLA-DRB103*01	II			TSNAdb_v2.0_validated	Primary Bladder Cancer	validation_level=tier2;reference=PMID:31036766;domain_transfer_event_not_pgaa_ranked
TSNADB2_000464	snv	JAK1	JAK1_P429L	LCTDVALPLIVHNIQ	6	HLA-DRB112*01	II			TSNAdb_v2.0_validated	Lung Cancer	validation_level=tier2;reference=PMID:33473101;domain_transfer_event_not_pgaa_ranked
TSNADB2_000465	snv	TP53	TP53_Q331E	LDGEYFTLEIRGRERFE	8	HLA-DRB101*01	II			TSNAdb_v2.0_validated	Non-Small-Cell Lung Cancer	validation_level=tier2;reference=PMID:34244308;domain_transfer_event_not_pgaa_ranked
TSNADB2_000467	snv	ZNF300	ZNF300_V112F	LFRQFTFVNSKTVT	4	HLA-DRB115*01	II			TSNAdb_v2.0_validated	Lung Cancer	validation_level=tier2;reference=PMID:33473101;domain_transfer_event_not_pgaa_ranked
TSNADB2_000471	snv	USP28	USP28_C986F	LIIPFIHLI	4	HLA-A02*01	I			TSNAdb_v2.0_validated	Melanoma	validation_level=tier2;reference=PMID:27198675;domain_transfer_event_not_pgaa_ranked
TSNADB2_000477	snv	CHTF18	CHTF18_L351V	LLDIVAPK	4	HLA-A11*01	I			TSNAdb_v2.0_validated	Non Small Cell Lung Cancer	validation_level=tier2;reference=PMID:26940869;domain_transfer_event_not_pgaa_ranked
TSNADB2_000478	snv	MRM1	MRM1_T56P	LLFGMPPCL	5	HLA-A02*01	I			TSNAdb_v2.0_validated	Melanoma	validation_level=tier2;reference=PMID:27198675;domain_transfer_event_not_pgaa_ranked
TSNADB2_000480	snv	TP53	TP53_V272L	LLGRNSFELRVCACPGR	8	HLA-DRB109*01	II			TSNAdb_v2.0_validated	Non-Small-Cell Lung Cancer	validation_level=tier2;reference=PMID:34244308;domain_transfer_event_not_pgaa_ranked
TSNADB2_000481	snv	COL18A1	COL18A1_S306F	LLGVKLFGV	6	HLA-A02*01	I			TSNAdb_v2.0_validated	Melanoma	validation_level=tier2;reference=PMID:26389673;domain_transfer_event_not_pgaa_ranked
TSNADB2_000482	snv	MAP2K4	MAP2K4_I367T	LLKHPFTLM	6	HLA-A30*01	I			TSNAdb_v2.0_validated	Non-Small-Cell Lung Cancer	validation_level=tier2;reference=PMID:34244308;domain_transfer_event_not_pgaa_ranked
TSNADB2_000483	snv	PRDX5	PRDX5_S79L	LLLDDLLVSI	5	HLA-A02*01	I			TSNAdb_v2.0_validated	Melanoma	validation_level=tier2;reference=PMID:15695408;domain_transfer_event_not_pgaa_ranked
TSNADB2_000484	snv	KLRD1	KLRD1_S22L	LLLMSTLGI	1	HLA-A02*01	I			TSNAdb_v2.0_validated	Pancreatic Cancer	validation_level=tier2;reference=PMID:29132146;domain_transfer_event_not_pgaa_ranked
TSNADB2_000485	snv	API5	API5_R243Q	LLQCTQQAV	5	HLA-A02*01	I			TSNAdb_v2.0_validated	Colorectal Cancer	validation_level=tier2;reference=PMID:26516200;domain_transfer_event_not_pgaa_ranked
TSNADB2_000488	snv	TRRAP	TRRAP_F779L	LLYQELLPL	5	HLA-A02*01	I			TSNAdb_v2.0_validated	Melanoma	validation_level=tier2;reference=PMID:26048577;domain_transfer_event_not_pgaa_ranked
TSNADB2_000489	snv	MAGEA6	MAGEA6_E168K	LMKVDPIGHVY	2	HLA-B15*01	I			TSNAdb_v2.0_validated	Melanoma	validation_level=tier2;reference=PMID:26901407;domain_transfer_event_not_pgaa_ranked
TSNADB2_000494	snv	COL22A1	COL22A1_D291N	LPNEYAFVT	2	HLA-B35*01	I			TSNAdb_v2.0_validated	Melanoma	validation_level=tier2;reference=PMID:28678778;domain_transfer_event_not_pgaa_ranked
TSNADB2_000495	snv	COL22A1	COL22A1_D291N	LPNEYAFVTT	2	HLA-B35*01	I			TSNAdb_v2.0_validated	Melanoma	validation_level=tier2;reference=PMID:28678778;domain_transfer_event_not_pgaa_ranked
TSNADB2_000496	snv	POLRMT	POLRMT_T555A	LPRQYWEAL	7	HLA-B07*02	I			TSNAdb_v2.0_validated	Pancreatic Cancer	validation_level=tier2;reference=PMID:29132146;domain_transfer_event_not_pgaa_ranked
TSNADB2_000498	snv	RNF43	RNF43_P119L	LQQPLGLTWL	9	HLA-C04*01	I			TSNAdb_v2.0_validated	Colorectal Cancer	validation_level=tier2;reference=PMID:31164343;domain_transfer_event_not_pgaa_ranked
TSNADB2_000499	snv	PDCD10	PDCD10_A74P	LQTIKDIASPI	9	HLA-B52*01	I			TSNAdb_v2.0_validated	Pediatric Medulloblastoma	validation_level=tier2;reference=PMID:31351799;domain_transfer_event_not_pgaa_ranked
TSNADB2_000500	snv	VPS16	VPS16_S404F	LRAAFFGKCF	4	HLA-B27*05	I			TSNAdb_v2.0_validated	Melanoma	validation_level=tier2;reference=PMID:28678778;domain_transfer_event_not_pgaa_ranked
TSNADB2_000502	snv	UBN2-2	UBN2_P520R	LRLHSFPTML	1	HLA-B27*05	I			TSNAdb_v2.0_validated	Lung Cancer	validation_level=tier2;reference=PMID:33473101;domain_transfer_event_not_pgaa_ranked
TSNADB2_000503	snv	UBN2	UBN2_P520R	LRLHSFPTMLK	1	HLA-A03*01	I			TSNAdb_v2.0_validated	Lung Cancer	validation_level=tier2;reference=PMID:33473101;domain_transfer_event_not_pgaa_ranked
TSNADB2_000505	snv	USH2A	USH2A_G4483A	LRRDATIVY	4	HLA-C07*02	I			TSNAdb_v2.0_validated	Non-Small-Cell Lung Cancer	validation_level=tier2;reference=PMID:28031159;domain_transfer_event_not_pgaa_ranked
TSNADB2_000506	snv	CCT6A	CCT6A_H161Y	LRTKVYAEL	5	HLA-B27*05	I			TSNAdb_v2.0_validated	Melanoma	validation_level=tier2;reference=PMID:26048577;domain_transfer_event_not_pgaa_ranked
TSNADB2_000509	snv	PCDH7	PCDH7_S974G	LSDGPSMGRY	3	HLA-A01*01	I			TSNAdb_v2.0_validated	Melanoma	validation_level=tier2;reference=PMID:33038342;domain_transfer_event_not_pgaa_ranked
TSNADB2_000510	snv	DHTKD1	DHTKD1_V643I	LSEEAILGFEY	5	HLA-A01*01	I			TSNAdb_v2.0_validated	Colorectal Cancer	validation_level=tier2;reference=PMID:31164343;domain_transfer_event_not_pgaa_ranked
TSNADB2_000511	snv	ACSL1	ACSL1_E140K	LSLVFVDKPKKAKLL	9	HLA-DRB108*03	II			TSNAdb_v2.0_validated	Lung Cancer	validation_level=tier2;reference=PMID:33473101;domain_transfer_event_not_pgaa_ranked
TSNADB2_000513	snv	IL22	IL22_A123S	LSRLSNRLL	1	HLA-B08*01	I			TSNAdb_v2.0_validated	Melanoma	validation_level=tier2;reference=PMID:18157007;domain_transfer_event_not_pgaa_ranked
TSNADB2_000514	snv	SLC16A4	SLC16A4_F245L	LSSVSFFLV	7	HLA-A11*01	I			TSNAdb_v2.0_validated	Melanoma	validation_level=tier2;reference=PMID:28596308;domain_transfer_event_not_pgaa_ranked
TSNADB2_000515	snv	MED14	MED14_Q226R	LSVWNRQVL	5	HLA-C03*02	I			TSNAdb_v2.0_validated	Colorectal Cancer	validation_level=tier2;reference=PMID:31164343;domain_transfer_event_not_pgaa_ranked
TSNADB2_000516	snv	PLEKHM2	PLEKHM2_H1005Y	LTDDRLFTCY	9	HLA-A01*01	I			TSNAdb_v2.0_validated	Melanoma	validation_level=tier2;reference=PMID:23644516;domain_transfer_event_not_pgaa_ranked
TSNADB2_000517	snv	EGFR	EGFR_T790M	LTSTVQLIM	8	HLA-C15*02	I			TSNAdb_v2.0_validated	Non-Small-Cell Lung Cancer	validation_level=tier2;reference=PMID:34244308;domain_transfer_event_not_pgaa_ranked
TSNADB2_000518	snv	EGFR	EGFR_T790M	LTSTVQLIMQLMPFGCL	8	HLA-DRB109*01	II			TSNAdb_v2.0_validated	Non-Small-Cell Lung Cancer	validation_level=tier2;reference=PMID:34244308;domain_transfer_event_not_pgaa_ranked
TSNADB2_000519	snv	CTBP1	CTBP1_Q277R	LVDEKALARALKEGRIRGAAL	8	HLA-DRB103*01	II			TSNAdb_v2.0_validated	Primary Bladder Cancer	validation_level=tier2;reference=PMID:31036766;domain_transfer_event_not_pgaa_ranked
TSNADB2_000520	snv	CYB5R3	CYB5R3_M256I	LVLMCGPPPI	9	HLA-A02*01	I			TSNAdb_v2.0_validated	Lung Cancer	validation_level=tier2;reference=PMID:33473101;domain_transfer_event_not_pgaa_ranked
TSNADB2_000523	snv	KRAS	KRAS_G12V	LVVVGAVGV	6	HLA-A02*01	I			TSNAdb_v2.0_validated	Ovarian Cancer	validation_level=tier2;reference=PMID:33123756;domain_transfer_event_not_pgaa_ranked
TSNADB2_000527	snv	MAGEA10	MAGEA10_D257N	LYNGMEHLI	2	HLA-A24*02	I			TSNAdb_v2.0_validated	Melanoma	validation_level=tier2;reference=PMID:26048577;domain_transfer_event_not_pgaa_ranked
TSNADB2_000528	snv	DPY19L4	DPY19L4_L143F	LYPEFIASI	4	HLA-A24*02	I			TSNAdb_v2.0_validated	Ovarian Cancer	validation_level=tier2;reference=PMID:29541393;domain_transfer_event_not_pgaa_ranked
TSNADB2_000529	snv	NAV1	NAV1_K349M	MAKAKAVAL	0	HLA-B35*01	I			TSNAdb_v2.0_validated	Ovarian Cancer	validation_level=tier2;reference=PMID:31069153;domain_transfer_event_not_pgaa_ranked
TSNADB2_000533	snv	TRPC4AP	TRPC4AP_T63M	MERDKQSKW	0	HLA-B44*03	I			TSNAdb_v2.0_validated	Neuroendocrine Tumor	validation_level=tier2;reference=PMID:33879241;domain_transfer_event_not_pgaa_ranked
TSNADB2_000534	snv	MUC16	MUC16_N1890K	MGKSTHTSM	2	HLA-B08*01	I			TSNAdb_v2.0_validated	Pancreatic Cancer	validation_level=tier2;reference=PMID:29132146;domain_transfer_event_not_pgaa_ranked
TSNADB2_000535	snv	FN1	FN1_E2145K	MIFEKHGFRRTTPP	4	HLA-DRB115*01	II			TSNAdb_v2.0_validated	Melanoma	validation_level=tier2;reference=PMID:12045238;domain_transfer_event_not_pgaa_ranked
TSNADB2_000537	snv	SLC15A2	SLC15A2_I443M	MKSFQKTPHY	0	HLA-B15*01	I			TSNAdb_v2.0_validated	Lung Cancer	validation_level=tier2;reference=PMID:33473101;domain_transfer_event_not_pgaa_ranked
TSNADB2_000538	snv	HERV-K-MEL	HERV-K-MEL_V102I	MLAVISCAV	4	HLA-A02*01	I			TSNAdb_v2.0_validated	Melanoma	validation_level=tier2;reference=PMID:12359761;domain_transfer_event_not_pgaa_ranked
TSNADB2_000539	snv	CARD6	CARD6_R98L	MLCSDSSLQL	9	HLA-A02*03	I			TSNAdb_v2.0_validated	Lung Cancer	validation_level=tier2;reference=PMID:33473101;domain_transfer_event_not_pgaa_ranked
TSNADB2_000540	snv	SKIV2L	SKIV2L_R653H	MLFSHGLVK	4	HLA-A03*01	I			TSNAdb_v2.0_validated	Colorectal Cancer	validation_level=tier2;reference=PMID:26516200;domain_transfer_event_not_pgaa_ranked
TSNADB2_000541	snv	SLC12A4	SLC12A4_V126M	MLICCCCTL	0	HLA-A02*10	I			TSNAdb_v2.0_validated	Lung Cancer	validation_level=tier2;reference=PMID:33473101;domain_transfer_event_not_pgaa_ranked
TSNADB2_000542	snv	RNF19B	RNF19B_V372L	MLIGIPVYV	1	HLA-A02*01	I			TSNAdb_v2.0_validated	Ovarian Cancer	validation_level=tier2;reference=PMID:29541393;domain_transfer_event_not_pgaa_ranked
TSNADB2_000544	snv	C6ORF89	C6ORF89_Y318C	MPIEPGDIGC	9	HLA-B35*01	I			TSNAdb_v2.0_validated	Chronic Lymphocytic Leukemia	validation_level=tier2;reference=PMID:24891321;domain_transfer_event_not_pgaa_ranked
TSNADB2_000545	snv	ECPAS	ECPAS_S186F	MPYGYVLNEF	9	HLA-B35*01	I			TSNAdb_v2.0_validated	Breast Cancer	validation_level=tier2;reference=PMID:29867227;domain_transfer_event_not_pgaa_ranked
TSNADB2_000547	snv	EGFR	EGFR_T523M	MQLMPFGCL	0	HLA-B15*01	I			TSNAdb_v2.0_validated	Lung Cancer	validation_level=tier2;reference=PMID:33473101;domain_transfer_event_not_pgaa_ranked
TSNADB2_000548	snv	EGFR	EGFR_T523M	MQLMPFGCLL	0	HLA-B15*01	I			TSNAdb_v2.0_validated	Lung Cancer	validation_level=tier2;reference=PMID:33473101;domain_transfer_event_not_pgaa_ranked
TSNADB2_000551	snv	EXO1	EXO1_C219S	MSILSGCDY	1	HLA-B15*01	I			TSNAdb_v2.0_validated	Lung Cancer	validation_level=tier2;reference=PMID:33473101;domain_transfer_event_not_pgaa_ranked
TSNADB2_000553	snv	CPOX	CPOX_E428K	MSLPLTARWK	9	HLA-A11*01	I			TSNAdb_v2.0_validated	Lung Cancer	validation_level=tier2;reference=PMID:33473101;domain_transfer_event_not_pgaa_ranked
TSNADB2_000555	snv	KRAS	KRAS_G12V	MTEYKLVVVGAVGVGKSALTIQLIQ	11	HLA-DRB111*04	II			TSNAdb_v2.0_validated	Non-Small-Cell Lung Cancer	validation_level=tier2;reference=PMID:31043415;domain_transfer_event_not_pgaa_ranked
TSNADB2_000558	snv	UBN2-1	UBN2_P520R	MVKTLRLHSFPTMLKECSP	5	HLA-DRB104*01	II			TSNAdb_v2.0_validated	Lung Cancer	validation_level=tier2;reference=PMID:33473101;domain_transfer_event_not_pgaa_ranked
TSNADB2_000559	snv	DIS3L2	DIS3L2_I777V	MVMGVLKQAFDVLVL	4	HLA-DRB107*01	II			TSNAdb_v2.0_validated	Pancreatic Cancer	validation_level=tier2;reference=PMID:30835255;domain_transfer_event_not_pgaa_ranked
TSNADB2_000560	snv	ARHGAP35	ARHGAP35_T1313M	MVNTVAGAMK	0	HLA-A68*01	I			TSNAdb_v2.0_validated	Glioblastoma	validation_level=tier2;reference=PMID:30568305;domain_transfer_event_not_pgaa_ranked
TSNADB2_000561	snv	KIF1BP	KIF1BP_P246S	NAYHSIEWAI	4	HLA-C12*03	I			TSNAdb_v2.0_validated	Melanoma	validation_level=tier2;reference=PMID:26901407;domain_transfer_event_not_pgaa_ranked
TSNADB2_000562	snv	CTH	CTH_D175Y	NDRYVLGISDTLIRL	3	HLA-DRB104*01	II			TSNAdb_v2.0_validated	Lung Cancer	validation_level=tier2;reference=PMID:33473101;domain_transfer_event_not_pgaa_ranked
TSNADB2_000563	snv	MYO5B	MYO5B_K1410Q	NENLDLQEL	6	HLA-B40*01	I			TSNAdb_v2.0_validated	Colorectal Cancer	validation_level=tier2;reference=PMID:31164343;domain_transfer_event_not_pgaa_ranked
TSNADB2_000564	snv	CTAGE5	CTAGE5_E576V	NERGVSSCDRLTDPH	4	HLA-DQA101*03:01/DQB106:03:01	II			TSNAdb_v2.0_validated	Ovarian Cancer	validation_level=tier2;reference=PMID:29720506;domain_transfer_event_not_pgaa_ranked
TSNADB2_000566	snv	RNF213	RNF213_P4766H	NGKERVHIL	6	HLA-B08*01	I			TSNAdb_v2.0_validated	Stomach Cancer	validation_level=tier2;reference=PMID:31164343;domain_transfer_event_not_pgaa_ranked
TSNADB2_000568	snv	GPD2	GPD2_E426K	NHVVDISKSGLITIA	7	HLA-DRB107*01	II			TSNAdb_v2.0_validated	Colorectal Cancer	validation_level=tier2;reference=PMID:26516200;domain_transfer_event_not_pgaa_ranked
TSNADB2_000569	snv	CDC73	CDC73_Q254E	NIFAILESV	6	HLA-A02*01	I			TSNAdb_v2.0_validated	Thymoma	validation_level=tier2;reference=PMID:30835255;domain_transfer_event_not_pgaa_ranked
TSNADB2_000570	snv	CTDSP2	CTDSP2_C44S	NIFKALFCSFRAQHV	8	HLA-DRB104*01	II			TSNAdb_v2.0_validated	Lung Cancer	validation_level=tier2;reference=PMID:33473101;domain_transfer_event_not_pgaa_ranked
TSNADB2_000571	snv	BRAF	BRAF_N581I	NIIFLHEDLTV	1	HLA-A02*01	I			TSNAdb_v2.0_validated	Non-Small Cell Lung Cancer	validation_level=tier2;reference=PMID:30841906;domain_transfer_event_not_pgaa_ranked
TSNADB2_000572	snv	TBL3	TBL3_V52L	NILELASGAVLR	4	HLA-DRB112*02	II			TSNAdb_v2.0_validated	Lung Cancer	validation_level=tier2;reference=PMID:33473101;domain_transfer_event_not_pgaa_ranked
TSNADB2_000575	snv	OR51B4	OR51B4_K183N	NLACADITF	0	HLA-B35*01	I			TSNAdb_v2.0_validated	Ovarian Cancer	validation_level=tier2;reference=PMID:31069153;domain_transfer_event_not_pgaa_ranked
TSNADB2_000576	snv	TP53	TP53_E280K	NLLGRNSFK	8	HLA-A68*01	I			TSNAdb_v2.0_validated	Pancreatic Cancer	validation_level=tier2;reference=PMID:29132146;domain_transfer_event_not_pgaa_ranked
TSNADB2_000577	snv	GNL3L	GNL3L_R634C	NLNCCSVPV	3	HLA-A02*01	I			TSNAdb_v2.0_validated	Melanoma	validation_level=tier2;reference=PMID:27198675;domain_transfer_event_not_pgaa_ranked
TSNADB2_000583	snv	TP53	TP53_Y220C	NTFRHSVVVPCEPPE	10	HLA-DRB302*02	II			TSNAdb_v2.0_validated	Ovarian Cancer	validation_level=tier2;reference=PMID:29720506;domain_transfer_event_not_pgaa_ranked
TSNADB2_000584	snv	TGM3	TGM3_D622Y	NVQMLFSNPLYEPV	10	HLA-DRB115*01	II			TSNAdb_v2.0_validated	Lung Cancer	validation_level=tier2;reference=PMID:33473101;domain_transfer_event_not_pgaa_ranked
TSNADB2_000596	snv	TRIP12	TRIP12_F1544S	PSDTRQMLFY	1	HLA-A01*01	I			TSNAdb_v2.0_validated	Melanoma	validation_level=tier2;reference=PMID:26389673;domain_transfer_event_not_pgaa_ranked
TSNADB2_000597	snv	PATL1	PATL1_F288Y	PSQFARVPGYVGSPLA	9	HLA-DRB101*01	II			TSNAdb_v2.0_validated	Melanoma	validation_level=tier2;reference=PMID:28678778;domain_transfer_event_not_pgaa_ranked
TSNADB2_000599	snv	PTPRK	PTPRK_G677R	PYYFAAELPPRNLPEP	10	HLA-DRB110*01	II			TSNAdb_v2.0_validated	Melanoma	validation_level=tier2;reference=PMID:12794170;domain_transfer_event_not_pgaa_ranked
TSNADB2_000600	snv	PIK3CA	PIK3CA_N145S	QDFRRNILSVCKEAVDL	8	HLA-DRB116*02	II			TSNAdb_v2.0_validated	Non-Small-Cell Lung Cancer	validation_level=tier2;reference=PMID:34244308;domain_transfer_event_not_pgaa_ranked
TSNADB2_000601	snv	JAK2	JAK2_G180W	QEECLWMAV	5	HLA-B40*02	I			TSNAdb_v2.0_validated	Non-Small-Cell Lung Cancer	validation_level=tier2;reference=PMID:34244308;domain_transfer_event_not_pgaa_ranked
TSNADB2_000602	snv	HIVEP1	HIVEP1_S1864Y	QEFENIKSY	8	HLA-C12*03	I			TSNAdb_v2.0_validated	Pancreatic Cancer	validation_level=tier2;reference=PMID:29132146;domain_transfer_event_not_pgaa_ranked
TSNADB2_000603	snv	STAT6	STAT6_G136V	QEVGAAVGEL	6	HLA-A02*01	I			TSNAdb_v2.0_validated	Lung Cancer	validation_level=tier2;reference=PMID:33473101;domain_transfer_event_not_pgaa_ranked
TSNADB2_000606	snv	TP53	TP53_R175H	QHMTEVVRHCPHHER	8	HLA-DRB113*01	II			TSNAdb_v2.0_validated	Colorectal Cancer	validation_level=tier2;reference=PMID:30714987;domain_transfer_event_not_pgaa_ranked
TSNADB2_000607	snv	TP53	TP53_G105V	QKTYQVSYGFR	5	HLA-A31*01	I			TSNAdb_v2.0_validated	Non-Small-Cell Lung Cancer	validation_level=tier2;reference=PMID:34244308;domain_transfer_event_not_pgaa_ranked
TSNADB2_000608	snv	BRAP	BRAP_R534C	QLCDVMFYL	2	HLA-A02*01	I			TSNAdb_v2.0_validated	Ovarian Cancer	validation_level=tier2;reference=PMID:29720506;domain_transfer_event_not_pgaa_ranked
TSNADB2_000609	snv	DENND6B	DENND6B_R398Q 	QLLKGVQKK	0	HLA-A11*01	I			TSNAdb_v2.0_validated	Lung Cancer	validation_level=tier2;reference=PMID:32793190;domain_transfer_event_not_pgaa_ranked
TSNADB2_000611	snv	SLC2A1	SLC2A1_I272V	QPVLIAVVL	2	HLA-B35*03	I			TSNAdb_v2.0_validated	Colorectal Cancer	validation_level=tier2;reference=PMID:31164343;domain_transfer_event_not_pgaa_ranked
TSNADB2_000612	snv	PGM5	PGM5_H469Y	QQFAVGSYV	7	HLA-A02*01	I			TSNAdb_v2.0_validated	Melanoma	validation_level=tier2;reference=PMID:27198675;domain_transfer_event_not_pgaa_ranked
TSNADB2_000613	snv	NFYC	NFYC_Q241K	QQITKTEV	4	HLA-B52*01	I			TSNAdb_v2.0_validated	Non Small Cell Lung Cancer	validation_level=tier2;reference=PMID:16287085;domain_transfer_event_not_pgaa_ranked
TSNADB2_000614	snv	PRDM11	PRDM11_E258Q	QREKSQQVL	5	HLA-B39*01	I			TSNAdb_v2.0_validated	Non-Small-Cell Lung Cancer	validation_level=tier2;reference=PMID:28031159;domain_transfer_event_not_pgaa_ranked
TSNADB2_000618	snv	GRIK5	GRIK5_R689H	QTYQHMWNY	4	HLA-A03*01	I			TSNAdb_v2.0_validated	Pancreatic Cancer	validation_level=tier2;reference=PMID:29132146;domain_transfer_event_not_pgaa_ranked
TSNADB2_000619	snv	RAD1	RAD1_K224N	QVNRYNISLLK	5	HLA-A11*01	I			TSNAdb_v2.0_validated	Lung Cancer	validation_level=tier2;reference=PMID:33473101;domain_transfer_event_not_pgaa_ranked
TSNADB2_000621	snv	GAD1	GAD1_S65R	RAFKERQSSK	0	HLA-A03*01	I			TSNAdb_v2.0_validated	Lung Cancer	validation_level=tier2;reference=PMID:33473101;domain_transfer_event_not_pgaa_ranked
TSNADB2_000623	snv	CTBP1	CTBP1_Q277R	RALKEGRIRGAAL	0	HLA-DRB103*01	II			TSNAdb_v2.0_validated	Primary Bladder Cancer	validation_level=tier2;reference=PMID:31036766;domain_transfer_event_not_pgaa_ranked
TSNADB2_000626	snv	PTK6	PTK6_H126L	RDTQAVRLYK	7	HLA-A03*01	I			TSNAdb_v2.0_validated	Lung Cancer	validation_level=tier2;reference=PMID:33473101;domain_transfer_event_not_pgaa_ranked
TSNADB2_000627	snv	ENDOG	ENDOG_V121L	REDDSLHAY	5	HLA-B44*02	I			TSNAdb_v2.0_validated	Colorectal Cancer	validation_level=tier2;reference=PMID:31164343;domain_transfer_event_not_pgaa_ranked
TSNADB2_000628	snv	GRIN2B	GRIN2B_E1104K	REFDKIELAY	4	HLA-B41*02	I			TSNAdb_v2.0_validated	Melanoma	validation_level=tier2;reference=PMID:28678778;domain_transfer_event_not_pgaa_ranked
TSNADB2_000631	snv	PCSK9	PCSK9_V202F	REIEGRVMF	8	HLA-B18*01	I			TSNAdb_v2.0_validated	Pediatric Medulloblastoma	validation_level=tier2;reference=PMID:31351799;domain_transfer_event_not_pgaa_ranked
TSNADB2_000632	snv	PCSK9	PCSK9_V202F	REIEGRVMF	8	HLA-B44*02	I			TSNAdb_v2.0_validated	Pediatric Medulloblastoma	validation_level=tier2;reference=PMID:31351799;domain_transfer_event_not_pgaa_ranked
TSNADB2_000633	snv	CUX1	CUX1_R910L	REPFVLMQL	5	HLA-B40*01	I			TSNAdb_v2.0_validated	Lung Cancer	validation_level=tier2;reference=PMID:33473101;domain_transfer_event_not_pgaa_ranked
TSNADB2_000635	snv	IDH2	IDH2_I269M	RFKDIFQEM	8	HLA-C14*02	I			TSNAdb_v2.0_validated	Non-Small-Cell Lung Cancer	validation_level=tier2;reference=PMID:34244308;domain_transfer_event_not_pgaa_ranked
TSNADB2_000636	snv	DCAKD	DCAKD_S199F	RFLEYLPLRF	1	HLA-A24*02	I			TSNAdb_v2.0_validated	Melanoma	validation_level=tier2;reference=PMID:28678778;domain_transfer_event_not_pgaa_ranked
TSNADB2_000637	snv	ADAMTS7	ADAMTS7_T96I	RFNLIANQHLLAPGF	4	HLA-DRB107*01	II			TSNAdb_v2.0_validated	Melanoma	validation_level=tier2;reference=PMID:28678778;domain_transfer_event_not_pgaa_ranked
TSNADB2_000640	snv	TP53	TP53_V25G	RGRAMAIYK	1	HLA-A30*01	I			TSNAdb_v2.0_validated	Pancreatic Cancer	validation_level=tier2;reference=PMID:30835255;domain_transfer_event_not_pgaa_ranked
TSNADB2_000642	snv	ACP6	ACP6_R101M	RGRMQTASL	3	HLA-B07*02	I			TSNAdb_v2.0_validated	Non-Small-Cell Lung Cancer	validation_level=tier2;reference=PMID:33038342;domain_transfer_event_not_pgaa_ranked
TSNADB2_000643	snv	KIAA1967	KIAA1967_H227Y	RHDLPPYRVYL	9	HLA-B38*01	I			TSNAdb_v2.0_validated	Melanoma	validation_level=tier2;reference=PMID:27827318;domain_transfer_event_not_pgaa_ranked
TSNADB2_000645	snv	EGFR	EGFR_E709V	RILKVTEFK	4	HLA-A11*01	I			TSNAdb_v2.0_validated	Non-Small-Cell Lung Cancer	validation_level=tier2;reference=PMID:34244308;domain_transfer_event_not_pgaa_ranked
TSNADB2_000646	snv	TUBGCP2	TUBGCP2_P135L	RILLVAASY	3	HLA-A30*02	I			TSNAdb_v2.0_validated	Colorectal Cancer	validation_level=tier2;reference=PMID:31164343;domain_transfer_event_not_pgaa_ranked
TSNADB2_000650	snv	ETV1	ETV1_D38G	RKRKFINRGLAHDSEEL	8	HLA-DRB113*01	II			TSNAdb_v2.0_validated	Non-Small-Cell Lung Cancer	validation_level=tier2;reference=PMID:34244308;domain_transfer_event_not_pgaa_ranked
TSNADB2_000651	snv	CPSF6	CPSF6_G178E	RKTTQSEQM	6	HLA-B15*03	I			TSNAdb_v2.0_validated	Colorectal Cancer	validation_level=tier2;reference=PMID:31164343;domain_transfer_event_not_pgaa_ranked
TSNADB2_000654	snv	INPP5J	INPP5J_C120Y	RLAAFGHMLY	9	HLA-A11*01	I			TSNAdb_v2.0_validated	Lung Cancer	validation_level=tier2;reference=PMID:33473101;domain_transfer_event_not_pgaa_ranked
TSNADB2_000656	snv	KIF2C	KIF2C_A16T	RLFPGLTIKI	6	HLA-A02*05	I			TSNAdb_v2.0_validated	Melanoma	validation_level=tier2;reference=PMID:24987109;domain_transfer_event_not_pgaa_ranked
TSNADB2_000657	snv	MKLN1	MKLN1_L16F	RLFPYALHK	2	HLA-A03*01	I			TSNAdb_v2.0_validated	Melanoma	validation_level=tier2;reference=PMID:33038342;domain_transfer_event_not_pgaa_ranked
TSNADB2_000658	snv	API5	API5_R243Q	RLLQCTQQAV	6	HLA-A02*01	I			TSNAdb_v2.0_validated	Colorectal Cancer	validation_level=tier2;reference=PMID:26516200;domain_transfer_event_not_pgaa_ranked
TSNADB2_000659	snv	PRPF6	PRPF6_S261T	RLSQVSDTV	7	HLA-A02*01	I			TSNAdb_v2.0_validated	Pancreatic Cancer	validation_level=tier2;reference=PMID:31164343;domain_transfer_event_not_pgaa_ranked
TSNADB2_000660	snv	RNF213	RNF213_N1702S	RMEHFYLSF	7	HLA-A32*01	I			TSNAdb_v2.0_validated	Colorectal Cancer	validation_level=tier2;reference=PMID:31164343;domain_transfer_event_not_pgaa_ranked
TSNADB2_000661	snv	USP9X	USP9X__Y2009C	RMQYSMECF	7	HLA-B15*01	I			TSNAdb_v2.0_validated	Ovarian Cancer	validation_level=tier2;reference=PMID:29720506;domain_transfer_event_not_pgaa_ranked
TSNADB2_000662	snv	USP9X	USP9X_Y2009C	RMQYSMECFQFMKKL	7	HLA-DPA101*03:01/DPB104:02:01	II			TSNAdb_v2.0_validated	Ovarian Cancer	validation_level=tier2;reference=PMID:29720506;domain_transfer_event_not_pgaa_ranked
TSNADB2_000663	snv	H3.3	H3.3_K27M	RMSAPSTGGV	1	HLA-A02*01	I			TSNAdb_v2.0_validated	Diffuse Intrinsic Pontine Glioma (Dipg)	validation_level=tier2;reference=PMID:29203539;domain_transfer_event_not_pgaa_ranked
TSNADB2_000666	snv	CHMP4C	CHMP4C_G110V	RNMVFAAKAMKS	3	HLA-DRB108*03	II			TSNAdb_v2.0_validated	Lung Cancer	validation_level=tier2;reference=PMID:33473101;domain_transfer_event_not_pgaa_ranked
TSNADB2_000667	snv	TP53	TP53_Y220C	RNTFRHSVVVPCE	11	HLA-DRB104*01	II			TSNAdb_v2.0_validated	Colorectal Cancer	validation_level=tier2;reference=PMID:30714987;domain_transfer_event_not_pgaa_ranked
TSNADB2_000669	snv	TTBK2	TTBK2_S1088L	RPHHDQRSL	8	HLA-B07*02	I			TSNAdb_v2.0_validated	Melanoma	validation_level=tier2;reference=PMID:28678784;domain_transfer_event_not_pgaa_ranked
TSNADB2_000670	snv	UBR4	UBR4_G4924R	RPHVPESAF	0	HLA-B07*02	I			TSNAdb_v2.0_validated	Melanoma	validation_level=tier2;reference=PMID:16247014;domain_transfer_event_not_pgaa_ranked
TSNADB2_000671	snv	MYD88	MYD88_L265P	RPIPIKYKA	1	HLA-B07*02	I			TSNAdb_v2.0_validated	Lymphoma	validation_level=tier2;reference=PMID:28811957;domain_transfer_event_not_pgaa_ranked
TSNADB2_000672	snv	MYD88	MYD88_L265P	RPIPIKYKAM	1	HLA-B07*02	I			TSNAdb_v2.0_validated	Lymphoma	validation_level=tier2;reference=PMID:28405493;domain_transfer_event_not_pgaa_ranked
TSNADB2_000673	snv	MYD88	MYD88_L265P	RPIPIKYKAM	1	HLA-C03*03	I			TSNAdb_v2.0_validated	Lymphoma	validation_level=tier2;reference=PMID:28405493;domain_transfer_event_not_pgaa_ranked
TSNADB2_000674	snv	RNF5	RNF5_R105L	RPQGQRPAL	8	HLA-B07*02	I			TSNAdb_v2.0_validated	Pancreatic Cancer	validation_level=tier2;reference=PMID:29132146;domain_transfer_event_not_pgaa_ranked
TSNADB2_000675	snv	NHEJ1	NHEJ1_S287L	RPQLLKVKRKKPR	4	HLA-DRB108*03	II			TSNAdb_v2.0_validated	Lung Cancer	validation_level=tier2;reference=PMID:33473101;domain_transfer_event_not_pgaa_ranked
TSNADB2_000676	snv	GALK1	GALK1_A249V	RQCEEVARVL	8	HLA-B49*01	I			TSNAdb_v2.0_validated	Colorectal Cancer	validation_level=tier2;reference=PMID:31164343;domain_transfer_event_not_pgaa_ranked
TSNADB2_000678	snv	PTPRS	PTPRS_R1207W	RQLEVPWPYI	6	HLA-A02*01	I			TSNAdb_v2.0_validated	Breast Cancer	validation_level=tier2;reference=PMID:28619968;domain_transfer_event_not_pgaa_ranked
TSNADB2_000679	snv	TEP1	TEP1_R2044Q	RQLLTQPHK	5	HLA-A31*01	I			TSNAdb_v2.0_validated	Non-Small-Cell Lung Cancer	validation_level=tier2;reference=PMID:28031159;domain_transfer_event_not_pgaa_ranked
TSNADB2_000680	snv	POFUT2	POFUT2_V241L	RRSMLFARH	4	HLA-B27*05	I			TSNAdb_v2.0_validated	Non-Small-Cell Lung Cancer	validation_level=tier2;reference=PMID:33038342;domain_transfer_event_not_pgaa_ranked
TSNADB2_000682	snv	MED12L	MED12L_P17S	RSRLGPPDVY	1	HLA-B15*01	I			TSNAdb_v2.0_validated	Lung Cancer	validation_level=tier2;reference=PMID:33473101;domain_transfer_event_not_pgaa_ranked
TSNADB2_000685	snv	SVIL	SVIL_D1285N	RTDVKAYNVT	7	HLA-C05*01	I			TSNAdb_v2.0_validated	Pediatric Medulloblastoma	validation_level=tier2;reference=PMID:31351799;domain_transfer_event_not_pgaa_ranked
TSNADB2_000686	snv	METTL17	METTL17_E279K	RTKVVQTLW	2	HLA-A32*01	I			TSNAdb_v2.0_validated	Cervical Carcinoma(Hpv+)	validation_level=tier2;reference=PMID:28408606;domain_transfer_event_not_pgaa_ranked
TSNADB2_000688	snv	RGS1	RGS1_S158F	RTREFTAKK	4	HLA-A03*01	I			TSNAdb_v2.0_validated	Melanoma	validation_level=tier2;reference=PMID:33038342;domain_transfer_event_not_pgaa_ranked
TSNADB2_000689	snv	ROBO3	ROBO3_A1287V	RVAGSMSSL	1	HLA-B07*02	I			TSNAdb_v2.0_validated	Breast Cancer	validation_level=tier2;reference=PMID:28619968;domain_transfer_event_not_pgaa_ranked
TSNADB2_000690	snv	QKI	QKI_R330M	RVHPYQMIV	6	HLA-A30*02	I			TSNAdb_v2.0_validated	Uterine Leiomyosarcoma	validation_level=tier2;reference=PMID:28228279;domain_transfer_event_not_pgaa_ranked
TSNADB2_000692	snv	TP53	TP53_A161T	RVRAMTIYKQ	5	HLA-A11*01	I			TSNAdb_v2.0_validated	Lung Cancer	validation_level=tier2;reference=PMID:32793190;domain_transfer_event_not_pgaa_ranked
TSNADB2_000693	snv	ILVBL	ILVBL_R183W	RVWDIVPTL	2	HLA-A02*01	I			TSNAdb_v2.0_validated	Pancreatic Cancer	validation_level=tier2;reference=PMID:29132146;domain_transfer_event_not_pgaa_ranked
TSNADB2_000694	snv	TFDP1	TFDP1_V175L	RVYDALNLL	7	HLA-A02*01	I			TSNAdb_v2.0_validated	Melanoma	validation_level=tier2;reference=PMID:33038342;domain_transfer_event_not_pgaa_ranked
TSNADB2_000696	snv	MAGOHB	MAGOHB_G17A	RYYVGHKAKF	7	HLA-A24*02	I			TSNAdb_v2.0_validated	Head And Neck Squamous Cell Carcinoma	validation_level=tier2;reference=PMID:30906664;domain_transfer_event_not_pgaa_ranked
TSNADB2_000698	snv	RPS15	RPS15_R43Q	SARQRQRL	5	HLA-B08*01	I			TSNAdb_v2.0_validated	Colorectal Cancer	validation_level=tier2;reference=PMID:31164343;domain_transfer_event_not_pgaa_ranked
TSNADB2_000699	snv	HELB	HELB_P987S	SASPLSVV	5	HLA-C15*02	I			TSNAdb_v2.0_validated	Lung Cancer	validation_level=tier2;reference=PMID:28031159;domain_transfer_event_not_pgaa_ranked
TSNADB2_000701	snv	TP53	TP53_R248W	SCMGGMNWRPILTII	7	HLA-DPB102*01	II			TSNAdb_v2.0_validated	Rectal Cancer	validation_level=tier2;reference=PMID:30714987;domain_transfer_event_not_pgaa_ranked
TSNADB2_000702	snv	CYFIP1	CYFIP1_I121V	SCSRAVPQV	5	HLA-A02*01	I			TSNAdb_v2.0_validated	Colorectal Cancer	validation_level=tier2;reference=PMID:31164343;domain_transfer_event_not_pgaa_ranked
TSNADB2_000705	snv	QSOX2	QSOX2_R524W	SEDPWFPKL	4	HLA-B40*01	I			TSNAdb_v2.0_validated	Colorectal Cancer	validation_level=tier2;reference=PMID:31164343;domain_transfer_event_not_pgaa_ranked
TSNADB2_000706	snv	ZFYVE27	ZFYVE27_R6H	SEHEGSGPEL	2	HLA-B38*01	I			TSNAdb_v2.0_validated	Pancreatic Cancer	validation_level=tier2;reference=PMID:26516200;domain_transfer_event_not_pgaa_ranked
TSNADB2_000707	snv	FEZ1	FEZ1_M59L	SEIISFKSL	8	HLA-B40*01	I			TSNAdb_v2.0_validated	Lung Cancer	validation_level=tier2;reference=PMID:33473101;domain_transfer_event_not_pgaa_ranked
TSNADB2_000708	snv	HUWE1	HUWE1_F4353S	SEKLRHMLL	0	HLA-B40*02	I			TSNAdb_v2.0_validated	Ovarian Cancer	validation_level=tier2;reference=PMID:29720506;domain_transfer_event_not_pgaa_ranked
TSNADB2_000709	snv	TRAPPC1	TRAPPC1_R129G	SELFRSGLDS	6	HLA-B44*02	I			TSNAdb_v2.0_validated	Melanoma	validation_level=tier2;reference=PMID:29217585;domain_transfer_event_not_pgaa_ranked
TSNADB2_000710	snv	TRAPPC1	TRAPPC1_R129G	SELFRSGLDSY	6	HLA-B44*02	I			TSNAdb_v2.0_validated	Melanoma	validation_level=tier2;reference=PMID:10582700;domain_transfer_event_not_pgaa_ranked
TSNADB2_000711	snv	ACRBP	ACRBP_K255M	SEPMFHSESL	3	HLA-B40*01	I			TSNAdb_v2.0_validated	Lung Cancer	validation_level=tier2;reference=PMID:33473101;domain_transfer_event_not_pgaa_ranked
TSNADB2_000712	snv	RNF149	RNF149_D372H	SEPQCHPSF	5	HLA-B18*01	I			TSNAdb_v2.0_validated	Colorectal Cancer	validation_level=tier2;reference=PMID:31164343;domain_transfer_event_not_pgaa_ranked
TSNADB2_000714	snv	DNMT3A	DNMT3A_P282S	SEYEDGRGF	0	HLA-B44*03	I			TSNAdb_v2.0_validated	Colorectal Cancer	validation_level=tier2;reference=PMID:31164343;domain_transfer_event_not_pgaa_ranked
TSNADB2_000721	snv	SNRPD1	SNRPD1_T16I	SHETVIIEL	5	HLA-B38*01	I			TSNAdb_v2.0_validated	Melanoma	validation_level=tier2;reference=PMID:16247014;domain_transfer_event_not_pgaa_ranked
TSNADB2_000726	snv	HIST1H1B	HIST1H1B_A71D	SLAALKKALADGGYD	10	HLA-DRB401*01	II			TSNAdb_v2.0_validated	Ovarian Cancer	validation_level=tier2;reference=PMID:29720506;domain_transfer_event_not_pgaa_ranked
TSNADB2_000727	snv	HIST1H1B	HIST1H1B_A71D	SLAALKKALADGGYD	10	HLA-DQA103*01/DQB104:02	II			TSNAdb_v2.0_validated	Ovarian Cancer	validation_level=tier2;reference=PMID:29853601;domain_transfer_event_not_pgaa_ranked
TSNADB2_000728	snv	GAS7	GAS7_H225Y	SLADEAEVYL	8	HLA-A02*01	I			TSNAdb_v2.0_validated	Melanoma	validation_level=tier2;reference=PMID:23644516;domain_transfer_event_not_pgaa_ranked
TSNADB2_000729	snv	RETREG3	RETREG3_R277L	SLDEAALPEL	1	HLA-A02*01	I			TSNAdb_v2.0_validated	Lung Cancer	validation_level=tier2;reference=PMID:33473101;domain_transfer_event_not_pgaa_ranked
TSNADB2_000730	snv	HSPA1A	HSPA1A_F293I	SLFEGIDIYT	7	HLA-A02*01	I			TSNAdb_v2.0_validated	ReNAl Cancer	validation_level=tier2;reference=PMID:9973436;domain_transfer_event_not_pgaa_ranked
TSNADB2_000731	snv	PVRL4	PVRL4_N430I	SLKDISSCSV	4	HLA-B08*01	I			TSNAdb_v2.0_validated	Non-Small-Cell Lung Cancer	validation_level=tier2;reference=PMID:28031159;domain_transfer_event_not_pgaa_ranked
TSNADB2_000734	snv	IQCE	IQCE_T690M	SLPMKNFPV	3	HLA-A02*01	I			TSNAdb_v2.0_validated	Ovarian Cancer	validation_level=tier2;reference=PMID:33123756;domain_transfer_event_not_pgaa_ranked
TSNADB2_000737	snv	GREB1L	GREB1_T624L	SMRLPLVLDK	7	HLA-A11*01	I			TSNAdb_v2.0_validated	Lung Cancer	validation_level=tier2;reference=PMID:33473101;domain_transfer_event_not_pgaa_ranked
TSNADB2_000738	snv	MYD88	MYD88_L265P	SPGAHQKRPI	8	HLA-B07*02	I			TSNAdb_v2.0_validated	Lymphoma	validation_level=tier2;reference=PMID:28405493;domain_transfer_event_not_pgaa_ranked
TSNADB2_000741	snv	MYADM	MYADM_R30W	SPMIVGSPW	8	HLA-B07*02	I			TSNAdb_v2.0_validated	Non Small Cell Lung Cancer	validation_level=tier2;reference=PMID:26940869;domain_transfer_event_not_pgaa_ranked
TSNADB2_000742	snv	PALB2	PALB2_H198D	SPVTEIRTDL	8	HLA-B07*02	I			TSNAdb_v2.0_validated	Breast Cancer	validation_level=tier2;reference=PMID:28619968;domain_transfer_event_not_pgaa_ranked
TSNADB2_000743	snv	CLK3	CLK3_E295Q	SQFETLYNEHK	1	HLA-A11*01	I			TSNAdb_v2.0_validated	Lung Cancer	validation_level=tier2;reference=PMID:33473101;domain_transfer_event_not_pgaa_ranked
TSNADB2_000745	snv	DNAJC1	MRGBP_A198R	SRAKRRRTL	1	HLA-C07*02	I			TSNAdb_v2.0_validated	Lung Cancer	validation_level=tier2;reference=PMID:33473101;domain_transfer_event_not_pgaa_ranked
TSNADB2_000749	snv	MAGEC1	MAGEC1_T209A	SSALLSIFQSSPE	2	HLA-DQB106*02	II			TSNAdb_v2.0_validated	Melanoma	validation_level=tier2;reference=PMID:20696919;domain_transfer_event_not_pgaa_ranked
TSNADB2_000750	snv	TP53	TP53_R209W	SSCMGGMNWR	8	HLA-A68*01	I			TSNAdb_v2.0_validated	Colorectal Cancer	validation_level=tier2;reference=PMID:31164343;domain_transfer_event_not_pgaa_ranked
TSNADB2_000755	snv	KIF26B	KIF26B_N256S	SSYTGFANK	1	HLA-A11*01	I			TSNAdb_v2.0_validated	Melanoma	validation_level=tier2;reference=PMID:28678784;domain_transfer_event_not_pgaa_ranked
TSNADB2_000756	snv	NPHP4	NPHP4_R335L	STLPPSRSL	8	HLA-C15*02	I			TSNAdb_v2.0_validated	Lung Cancer	validation_level=tier2;reference=PMID:33473101;domain_transfer_event_not_pgaa_ranked
TSNADB2_000757	snv	TP53	TP53_P152L	STPLPGTRVR	3	HLA-A11*01	I			TSNAdb_v2.0_validated	Non-Small-Cell Lung Cancer	validation_level=tier2;reference=PMID:34244308;domain_transfer_event_not_pgaa_ranked
TSNADB2_000758	snv	HELB	HELB_P987S	STPSASPLSV	8	HLA-C15*02	I			TSNAdb_v2.0_validated	Non-Small-Cell Lung Cancer	validation_level=tier2;reference=PMID:28031159;domain_transfer_event_not_pgaa_ranked
TSNADB2_000759	snv	EGFR	EGFR_T790M	STVQLIMQL	6	HLA-C15*02	I			TSNAdb_v2.0_validated	Non-Small-Cell Lung Cancer	validation_level=tier2;reference=PMID:34244308;domain_transfer_event_not_pgaa_ranked
TSNADB2_000761	snv	MAGED2	MAGED2_S598V	SVGACGFSY	1	HLA-B35*01	I			TSNAdb_v2.0_validated	Ovarian Cancer	validation_level=tier2;reference=PMID:31069153;domain_transfer_event_not_pgaa_ranked
TSNADB2_000763	snv	ANKRD12	ANKRD12_K603T	SVKSCKHTEK	7	HLA-A30*01	I			TSNAdb_v2.0_validated	Non-Small-Cell Lung Cancer	validation_level=tier2;reference=PMID:28031159;domain_transfer_event_not_pgaa_ranked
TSNADB2_000764	snv	TEAD1	TEAD1_L209F	SVLENFTIFL	8	HLA-A02*01	I			TSNAdb_v2.0_validated	Melanoma	validation_level=tier2;reference=PMID:26389673;domain_transfer_event_not_pgaa_ranked
TSNADB2_000765	snv	MED13	MED13_P1691S	SVQIISCQY	5	HLA-A30*02	I			TSNAdb_v2.0_validated	Melanoma	validation_level=tier2;reference=PMID:26901407;domain_transfer_event_not_pgaa_ranked
TSNADB2_000768	snv	SMOX	SMOX_P423S	SYFRGSYSY	0	HLA-C07*02	I			TSNAdb_v2.0_validated	Lung Cancer	validation_level=tier2;reference=PMID:33473101;domain_transfer_event_not_pgaa_ranked
TSNADB2_000769	snv	CTNNB1	CTNNB1_S37F	SYLDSGIHF	8	HLA-A24*02	I			TSNAdb_v2.0_validated	Melanoma	validation_level=tier2;reference=PMID:8642260;domain_transfer_event_not_pgaa_ranked
TSNADB2_000770	snv	FBXO21	FBXO21_S250Y	SYMIMEIEL	1	HLA-C14*02	I			TSNAdb_v2.0_validated	Melanoma	validation_level=tier2;reference=PMID:27827318;domain_transfer_event_not_pgaa_ranked
TSNADB2_000771	snv	COL6A3	COL6A3_G346W	TAWQSEDSY	2	HLA-B35*01	I			TSNAdb_v2.0_validated	Gastric Adenocarcinoma	validation_level=tier2;reference=PMID:33016924;domain_transfer_event_not_pgaa_ranked
TSNADB2_000773	snv	ARMC9	ARMC9_L146F	TEFFPFYAL	3	HLA-B40*01	I			TSNAdb_v2.0_validated	Colorectal Cancer	validation_level=tier2;reference=PMID:31164343;domain_transfer_event_not_pgaa_ranked
TSNADB2_000774	snv	FAM3C	FAM3C_K193E	TESPFEQHI	1	HLA-B44*02	I			TSNAdb_v2.0_validated	Melanoma	validation_level=tier2;reference=PMID:29217585;domain_transfer_event_not_pgaa_ranked
TSNADB2_000781	snv	ECI2	ECI2_N352I	TIAVVNFLSR	1	HLA-A68*01	I			TSNAdb_v2.0_validated	Colorectal Cancer	validation_level=tier2;reference=PMID:31164343;domain_transfer_event_not_pgaa_ranked
TSNADB2_000782	snv	FOXF1	FOXF1_E133K	TIDPASEFMFK	10	HLA-A11*03	I			TSNAdb_v2.0_validated	Lung Cancer	validation_level=tier2;reference=PMID:33473101;domain_transfer_event_not_pgaa_ranked
TSNADB2_000786	snv	MUC16	MUC16_T11830P	TLLVTGPSR	6	HLA-A31*01	I			TSNAdb_v2.0_validated	Non-Small-Cell Lung Cancer	validation_level=tier2;reference=PMID:28031159;domain_transfer_event_not_pgaa_ranked
TSNADB2_000787	snv	FANCD2	FANCD2_R1344T	TLNNCTEAF	5	HLA-B15*01	I			TSNAdb_v2.0_validated	Lung Cancer	validation_level=tier2;reference=PMID:33473101;domain_transfer_event_not_pgaa_ranked
TSNADB2_000789	snv	ADNP2	ADNP2_P584L	TNILPVNQPVRLGAS	11	HLA-DRB112*02	II			TSNAdb_v2.0_validated	Lung Cancer	validation_level=tier2;reference=PMID:33473101;domain_transfer_event_not_pgaa_ranked
TSNADB2_000790	snv	APMAP	APMAP_K195T	TPIEGTNMSF	5	HLA-B35*01	I			TSNAdb_v2.0_validated	Colorectal Cancer	validation_level=tier2;reference=PMID:31164343;domain_transfer_event_not_pgaa_ranked
TSNADB2_000791	snv	TP53	TP53_P152L	TPLPGTRVRA	2	HLA-B54*01	I			TSNAdb_v2.0_validated	Non-Small-Cell Lung Cancer	validation_level=tier2;reference=PMID:34244308;domain_transfer_event_not_pgaa_ranked
TSNADB2_000793	snv	ALMS1	ALMS1_G1001S	TPTVPSSSF	6	HLA-B35*01	I			TSNAdb_v2.0_validated	Chronic Lymphocytic Leukemia	validation_level=tier2;reference=PMID:24891321;domain_transfer_event_not_pgaa_ranked
TSNADB2_000794	snv	CLSPN	CLSPN_S396F	TQIITGSDEF	9	HLA-B15*01	I			TSNAdb_v2.0_validated	Lung Cancer	validation_level=tier2;reference=PMID:33473101;domain_transfer_event_not_pgaa_ranked
TSNADB2_000796	snv	POLA2	POLA2_L420F	TRSSGSHFVF	7	HLA-C07*01	I			TSNAdb_v2.0_validated	Melanoma	validation_level=tier2;reference=PMID:24987109;domain_transfer_event_not_pgaa_ranked
TSNADB2_000797	snv	SLX4	SLX4_R1814H	TTAATHREK	5	HLA-A68*01	I			TSNAdb_v2.0_validated	Glioblastoma	validation_level=tier2;reference=PMID:30568305;domain_transfer_event_not_pgaa_ranked
TSNADB2_000799	snv	POLR1G	POLR1G_R292K	TVLSPTKKK	8	HLA-A11*01	I			TSNAdb_v2.0_validated	Lung Cancer	validation_level=tier2;reference=PMID:33473101;domain_transfer_event_not_pgaa_ranked
TSNADB2_000804	snv	CADPS2	CADPS2_R1266H	TYDTVHRHL	7	HLA-C04*01	I			TSNAdb_v2.0_validated	Breast Cancer	validation_level=tier2;reference=PMID:29867227;domain_transfer_event_not_pgaa_ranked
TSNADB2_000805	snv	PRDM10	PRDM10_S1050F	TYLPSAWNF	8	HLA-A24*02	I			TSNAdb_v2.0_validated	Melanoma	validation_level=tier2;reference=PMID:28423700;domain_transfer_event_not_pgaa_ranked
TSNADB2_000806	snv	PRDM10	PRDM10_S1050F	TYLPSAWNFF	8	HLA-A24*02	I			TSNAdb_v2.0_validated	Melanoma	validation_level=tier2;reference=PMID:28423700;domain_transfer_event_not_pgaa_ranked
TSNADB2_000809	snv	CLEC10A	CLEC10A_V143F	VCFPVHSEM	2	HLA-C12*03	I			TSNAdb_v2.0_validated	Ovarian Cancer	validation_level=tier2;reference=PMID:31069153;domain_transfer_event_not_pgaa_ranked
TSNADB2_000812	snv	FERMT1	FERMT1_Q49H	VEHINISQDW	2	HLA-B44*02	I			TSNAdb_v2.0_validated	Non-Small-Cell Lung Cancer	validation_level=tier2;reference=PMID:33038342;domain_transfer_event_not_pgaa_ranked
TSNADB2_000814	snv	HAL	HAL_R18W	VERASAIAW	8	HLA-B18*01	I			TSNAdb_v2.0_validated	Pediatric Medulloblastoma	validation_level=tier2;reference=PMID:31351799;domain_transfer_event_not_pgaa_ranked
TSNADB2_000815	snv	HAL	HAL_R18W	VERASAIAW	8	HLA-B44*02	I			TSNAdb_v2.0_validated	Pediatric Medulloblastoma	validation_level=tier2;reference=PMID:31351799;domain_transfer_event_not_pgaa_ranked
TSNADB2_000816	snv	SETDB1	SETDB1_E21D	VESEDIAEL	4	HLA-B40*01	I			TSNAdb_v2.0_validated	Cervical Carcinoma(Hpv+)	validation_level=tier2;reference=PMID:28408606;domain_transfer_event_not_pgaa_ranked
TSNADB2_000817	snv	CHPF	CHPF_D114V	VEWLGRCIL	0	HLA-B40*01	I			TSNAdb_v2.0_validated	Lung Cancer	validation_level=tier2;reference=PMID:33473101;domain_transfer_event_not_pgaa_ranked
TSNADB2_000819	snv	NPBWR1	NPBWR1_G54V	VGLAVNSAVLYVLL	4	HLA-DRB112*01	II			TSNAdb_v2.0_validated	Lung Cancer	validation_level=tier2;reference=PMID:33473101;domain_transfer_event_not_pgaa_ranked
TSNADB2_000820	snv	PGAP1	PGAP1_Y903F	VIAFGSAHLFR	9	HLA-A31*01	I			TSNAdb_v2.0_validated	Lung Cancer	validation_level=tier2;reference=PMID:28031159;domain_transfer_event_not_pgaa_ranked
TSNADB2_000822	snv	EGFR	EGFR_L858R	VKITDFGRAK	7	HLA-A11*01	I			TSNAdb_v2.0_validated	Non-Small-Cell Lung Cancer	validation_level=tier2;reference=PMID:34244308;domain_transfer_event_not_pgaa_ranked
TSNADB2_000823	snv	TEAD1	TEAD1_L209F	VLENFTIFLV	7	HLA-A02*01	I			TSNAdb_v2.0_validated	Melanoma	validation_level=tier2;reference=PMID:26389673;domain_transfer_event_not_pgaa_ranked
TSNADB2_000824	snv	DNAH17	DNAH17_H8302Y	VLFEDAVAY	8	HLA-B15*01	I			TSNAdb_v2.0_validated	Melanoma	validation_level=tier2;reference=PMID:27198675;domain_transfer_event_not_pgaa_ranked
TSNADB2_000825	snv	ALDOC	ALDOC_R69H	VLFSADDHV	7	HLA-A02*01	I			TSNAdb_v2.0_validated	Colorectal Cancer	validation_level=tier2;reference=PMID:31164343;domain_transfer_event_not_pgaa_ranked
TSNADB2_000827	snv	COL181A	COL181A_S126F	VLLGVKLFGV	7	HLA-A02*01	I			TSNAdb_v2.0_validated	Melanoma	validation_level=tier2;reference=PMID:27827318;domain_transfer_event_not_pgaa_ranked
TSNADB2_000829	snv	ATN1	ATN1_Q1117H	VLRHHLFAA	4	HLA-A02*03	I			TSNAdb_v2.0_validated	Lung Cancer	validation_level=tier2;reference=PMID:33473101;domain_transfer_event_not_pgaa_ranked
TSNADB2_000831	snv	MUC16	MUC16_Q13957K	VMKHLLSPL	2	HLA-B08*01	I			TSNAdb_v2.0_validated	Pancreatic Cancer	validation_level=tier2;reference=PMID:29132146;domain_transfer_event_not_pgaa_ranked
TSNADB2_000832	snv	SLC38A2	SLC38A2_V275M	VPALSHNM	7	HLA-B42*01	I			TSNAdb_v2.0_validated	Non-Small-Cell Lung Cancer	validation_level=tier2;reference=PMID:28031159;domain_transfer_event_not_pgaa_ranked
TSNADB2_000833	snv	NCKAP5L	NCKAP5L_Q718K	VPSIHRPLEK	9	HLA-A03*01	I			TSNAdb_v2.0_validated	Lung Cancer	validation_level=tier2;reference=PMID:33473101;domain_transfer_event_not_pgaa_ranked
TSNADB2_000834	snv	TP53	TP53_G105V	VPSQKTYQVSYGFRLGF	8	HLA-DQB106*03	II			TSNAdb_v2.0_validated	Non-Small-Cell Lung Cancer	validation_level=tier2;reference=PMID:34244308;domain_transfer_event_not_pgaa_ranked
TSNADB2_000835	snv	MED13	MED13_P1691S	VQIISCQY	4	HLA-A30*02	I			TSNAdb_v2.0_validated	Melanoma	validation_level=tier2;reference=PMID:26901407;domain_transfer_event_not_pgaa_ranked
TSNADB2_000836	snv	MED13	MED13_P1691S	VQIISCQY	4	HLA-B15*01	I			TSNAdb_v2.0_validated	Melanoma	validation_level=tier2;reference=PMID:26901407;domain_transfer_event_not_pgaa_ranked
TSNADB2_000838	snv	DHX30	DHX30_S1052F	VRDFSQVHPLAVLL	3	HLA-DRB104*05	II			TSNAdb_v2.0_validated	Lung Cancer	validation_level=tier2;reference=PMID:33473101;domain_transfer_event_not_pgaa_ranked
TSNADB2_000839	snv	RBBP6	RBBP6_G499V	VRINTARPV	8	HLA-C06*02	I			TSNAdb_v2.0_validated	Non-Small-Cell Lung Cancer	validation_level=tier2;reference=PMID:33038342;domain_transfer_event_not_pgaa_ranked
TSNADB2_000841	snv	CIT	CIT_P2056L	VRTLLSQVNK	3	HLA-B27*05	I			TSNAdb_v2.0_validated	Melanoma	validation_level=tier2;reference=PMID:28678778;domain_transfer_event_not_pgaa_ranked
TSNADB2_000843	snv	FUCA2	FUCA2_C329F	VSFGGNLLM	2	HLA-C15*02	I			TSNAdb_v2.0_validated	Lung Cancer	validation_level=tier2;reference=PMID:33473101;domain_transfer_event_not_pgaa_ranked
TSNADB2_000846	snv	MED13	MED13_P1691S	VSVQIISCQY	6	HLA-A30*02	I			TSNAdb_v2.0_validated	Melanoma	validation_level=tier2;reference=PMID:26901407;domain_transfer_event_not_pgaa_ranked
TSNADB2_000847	snv	MED13	MED13_P1691S	VSVQIISCQY	6	HLA-A01*01	I			TSNAdb_v2.0_validated	Melanoma	validation_level=tier2;reference=PMID:26901407;domain_transfer_event_not_pgaa_ranked
TSNADB2_000848	snv	CDC42BPA	CDC42BPA_D428Y	VTAGPTSLDLY	10	HLA-A01*01	I			TSNAdb_v2.0_validated	Stomach Cancer	validation_level=tier2;reference=PMID:31164343;domain_transfer_event_not_pgaa_ranked
TSNADB2_000850	snv	ITGA9	ITGA9_L548P	VTEKLQPTY	6	HLA-A01*01	I			TSNAdb_v2.0_validated	Melanoma	validation_level=tier2;reference=PMID:28678778;domain_transfer_event_not_pgaa_ranked
TSNADB2_000852	snv	NKD2	NKD2_D143E	VTREEMSSLM	4	HLA-C12*02	I			TSNAdb_v2.0_validated	Non-Small-Cell Lung Cancer	validation_level=tier2;reference=PMID:28031159;domain_transfer_event_not_pgaa_ranked
TSNADB2_000853	snv	KRAS	KRAS_G12A	VVGAAGVGK	4	HLA-A11*01	I			TSNAdb_v2.0_validated	Lung Cancer	validation_level=tier2;reference=PMID:30835255;domain_transfer_event_not_pgaa_ranked
TSNADB2_000854	snv	KRAS	KRAS_G12C	VVGACGVGK	4	HLA-A11*01	I			TSNAdb_v2.0_validated	Endometrial Cancer	validation_level=tier2;reference=PMID:30835255;domain_transfer_event_not_pgaa_ranked
TSNADB2_000855	snv	KRAS	KRAS_G12D	VVGADGVGK	4	HLA-A11*01	I			TSNAdb_v2.0_validated	Pancreatic Cancer	validation_level=tier2;reference=PMID:30835255;domain_transfer_event_not_pgaa_ranked
TSNADB2_000856	snv	KRAS	KRAS_G12V	VVGAVGVGK	4	HLA-A11*01	I			TSNAdb_v2.0_validated	Pancreatic Cancer	validation_level=tier2;reference=PMID:30835255;domain_transfer_event_not_pgaa_ranked
TSNADB2_000857	snv	FNDC3B	FNDC3B_L294M	VVMSWAPPV	2	HLA-A02*01	I			TSNAdb_v2.0_validated	Chronic Lymphocytic Leukemia	validation_level=tier2;reference=PMID:24891321;domain_transfer_event_not_pgaa_ranked
TSNADB2_000858	snv	TP53	TP53_Y220C	VVPCEPPEV	3	HLA-A02*01	I			TSNAdb_v2.0_validated	Head And Neck Cancer	validation_level=tier2;reference=PMID:17294448;domain_transfer_event_not_pgaa_ranked
TSNADB2_000859	snv	TP53	TP53_Y181C	VVPCEPPEV	3	HLA-C05*01	I			TSNAdb_v2.0_validated	Colorectal Cancer	validation_level=tier2;reference=PMID:31164343;domain_transfer_event_not_pgaa_ranked
TSNADB2_000861	snv	TP53	TP53_R175H	VVRHCPHHERCSDSD	3	HLA-DRB113*01	II			TSNAdb_v2.0_validated	Colorectal Cancer	validation_level=tier2;reference=PMID:30714987;domain_transfer_event_not_pgaa_ranked
TSNADB2_000863	snv	AJUBA	AJUBA_D390Y	VYCEEYYLF	5	HLA-A24*02	I			TSNAdb_v2.0_validated	Non-Small-Cell Lung Cancer	validation_level=tier2;reference=PMID:33038342;domain_transfer_event_not_pgaa_ranked
TSNADB2_000864	snv	INSIG1	INSIG1_S238F	VYQYTFPDF	5	HLA-A24*02	I			TSNAdb_v2.0_validated	Melanoma	validation_level=tier2;reference=PMID:28423700;domain_transfer_event_not_pgaa_ranked
TSNADB2_000865	snv	INSIG1	INSIG1_S238F	VYQYTFPDFL	5	HLA-A24*02	I			TSNAdb_v2.0_validated	Melanoma	validation_level=tier2;reference=PMID:28423700;domain_transfer_event_not_pgaa_ranked
TSNADB2_000866	snv	XPNPEP1	XPNPEP1_S639T	WLIRETQPITK	9	HLA-A03*01	I			TSNAdb_v2.0_validated	Melanoma	validation_level=tier2;reference=PMID:27827318;domain_transfer_event_not_pgaa_ranked
TSNADB2_000867	snv	CASP1	CASP1_P172S	WRNILLLSLH	7	HLA-B27*05	I			TSNAdb_v2.0_validated	Melanoma	validation_level=tier2;reference=PMID:28678778;domain_transfer_event_not_pgaa_ranked
TSNADB2_000869	snv	NBAS	NBAS_C144S	WSYDSTLLAY	4	HLA-A25*01	I			TSNAdb_v2.0_validated	Bile Duct Cancer	validation_level=tier2;reference=PMID:31164343;domain_transfer_event_not_pgaa_ranked
TSNADB2_000871	snv	SSC4D	SSC4D_D85Y	YGTGHILLY	8	HLA-B35*01	I			TSNAdb_v2.0_validated	Ovarian Cancer	validation_level=tier2;reference=PMID:31069153;domain_transfer_event_not_pgaa_ranked
TSNADB2_000872	snv	SSC4D	SSC4D_D85Y	YGTGHILLY	8	HLA-C12*03	I			TSNAdb_v2.0_validated	Ovarian Cancer	validation_level=tier2;reference=PMID:31069153;domain_transfer_event_not_pgaa_ranked
TSNADB2_000873	snv	KIF1BP	KIF1BP_P246S	YHSIEWAI	2	HLA-B38*01	I			TSNAdb_v2.0_validated	Melanoma	validation_level=tier2;reference=PMID:26901407;domain_transfer_event_not_pgaa_ranked
TSNADB2_000880	snv	TTC37	TTC37_A692V	YLDGKVVDY	5	HLA-A01*01	I			TSNAdb_v2.0_validated	Melanoma	validation_level=tier2;reference=PMID:32753545;domain_transfer_event_not_pgaa_ranked
TSNADB2_000881	snv	TTC37	TTC37_A692V	YLDGKVVDY	5	HLA-A11*01	I			TSNAdb_v2.0_validated	Melanoma	validation_level=tier2;reference=PMID:33038342;domain_transfer_event_not_pgaa_ranked
TSNADB2_000884	snv	KIF1A	KIF1A_P1587L	YLHFLELHT	6	HLA-A02*03	I			TSNAdb_v2.0_validated	Lung Cancer	validation_level=tier2;reference=PMID:33473101;domain_transfer_event_not_pgaa_ranked
TSNADB2_000885	snv	UBE2E3	UBE2E3_S168Y	YLLTDCNPA	0	HLA-A02*01	I			TSNAdb_v2.0_validated	Ovarian Cancer	validation_level=tier2;reference=PMID:33123756;domain_transfer_event_not_pgaa_ranked
TSNADB2_000886	snv	ARHGAP42	ARHGAP42_G291V	YLNEAVFNFV	5	HLA-A02*01	I			TSNAdb_v2.0_validated	Non-Small-Cell Lung Cancer	validation_level=tier2;reference=PMID:33038342;domain_transfer_event_not_pgaa_ranked
TSNADB2_000887	snv	CCAR2	CCAR2_R86W	YLQPGPPWRL	7	HLA-C04*01	I			TSNAdb_v2.0_validated	Colorectal Cancer	validation_level=tier2;reference=PMID:31164343;domain_transfer_event_not_pgaa_ranked
TSNADB2_000888	snv	NCKAP1	NCKAP1_D438Y	YLSGFYAVV	5	HLA-A02*01	I			TSNAdb_v2.0_validated	Colorectal Cancer	validation_level=tier2;reference=PMID:31164343;domain_transfer_event_not_pgaa_ranked
TSNADB2_000889	snv	RNF10	RNF10_E483K	YLSHLPLTCK	9	HLA-A03*01	I			TSNAdb_v2.0_validated	Colorectal Cancer	validation_level=tier2;reference=PMID:31164343;domain_transfer_event_not_pgaa_ranked
TSNADB2_000890	snv	RFC5	RFC5_K160N	YLSNIIPAL	3	HLA-A02*01	I			TSNAdb_v2.0_validated	Ovarian Cancer	validation_level=tier2;reference=PMID:29720506;domain_transfer_event_not_pgaa_ranked
TSNADB2_000891	snv	GINS1	GINS1_I87V	YLYDRLLRV	8	HLA-A02*01	I			TSNAdb_v2.0_validated	Ovarian Cancer	validation_level=tier2;reference=PMID:29720506;domain_transfer_event_not_pgaa_ranked
TSNADB2_000892	snv	USP7	USP7_D789Y	YLYHRVDVI	0	HLA-A02*01	I			TSNAdb_v2.0_validated	Melanoma	validation_level=tier2;reference=PMID:33038342;domain_transfer_event_not_pgaa_ranked
TSNADB2_000895	snv	TYR	TYR_N371D	YMDGTMSQV	2	HLA-A02*01	I			TSNAdb_v2.0_validated	Melanoma	validation_level=tier2;reference=PMID:25645385;domain_transfer_event_not_pgaa_ranked
TSNADB2_000896	snv	ATM	ATM_S2408L	YMKSLEFENK	4	HLA-A11*01	I			TSNAdb_v2.0_validated	Non-Small-Cell Lung Cancer	validation_level=tier2;reference=PMID:34244308;domain_transfer_event_not_pgaa_ranked
TSNADB2_000897	snv	FGFR1	FGFR1_R734W	YMMMWDCWHA	4	HLA-A02*01	I			TSNAdb_v2.0_validated	Non-Small-Cell Lung Cancer	validation_level=tier2;reference=PMID:34244308;domain_transfer_event_not_pgaa_ranked
TSNADB2_000898	snv	FGFR1	FGFR1_R734W	YMMMWDCWHAV	4	HLA-A02*01	I			TSNAdb_v2.0_validated	Non-Small-Cell Lung Cancer	validation_level=tier2;reference=PMID:34244308;domain_transfer_event_not_pgaa_ranked
TSNADB2_000899	snv	WASL	WASL_P351L	YPPPPPALL	8	HLA-A07*02	I			TSNAdb_v2.0_validated	Melanoma	validation_level=tier2;reference=PMID:26048577;domain_transfer_event_not_pgaa_ranked
TSNADB2_000900	snv	TBX4	TBX4_S271F	YPVIFKSIM	4	HLA-B35*01	I			TSNAdb_v2.0_validated	Melanoma	validation_level=tier2;reference=PMID:28678778;domain_transfer_event_not_pgaa_ranked
TSNADB2_000901	snv	TP53	TP53_G105V	YQVSYGFRL	2	HLA-B37*01	I			TSNAdb_v2.0_validated	Non-Small-Cell Lung Cancer	validation_level=tier2;reference=PMID:34244308;domain_transfer_event_not_pgaa_ranked
TSNADB2_000902	snv	INSIG1	INSIG1_S238F	YQYTFPDF	4	HLA-A24*02	I			TSNAdb_v2.0_validated	Melanoma	validation_level=tier2;reference=PMID:28423700;domain_transfer_event_not_pgaa_ranked
TSNADB2_000903	snv	INSIG1	INSIG1_S238F	YQYTFPDFLY	4	HLA-A24*02	I			TSNAdb_v2.0_validated	Melanoma	validation_level=tier2;reference=PMID:28423700;domain_transfer_event_not_pgaa_ranked
TSNADB2_000905	snv	MMS22L	MMS22L_S437F	YSKNLNSFF	7	HLA-A24*02	I			TSNAdb_v2.0_validated	Melanoma	validation_level=tier2;reference=PMID:28423700;domain_transfer_event_not_pgaa_ranked
TSNADB2_000906	snv	TPGS2	TPGS2_L118V	YSLPNAPTV	8	HLA-A02*10	I			TSNAdb_v2.0_validated	Lung Cancer	validation_level=tier2;reference=PMID:33473101;domain_transfer_event_not_pgaa_ranked
TSNADB2_000907	snv	USP9X	USP9X__Y2009C	YSMECFQFM	4	HLA-C03*03	I			TSNAdb_v2.0_validated	Ovarian Cancer	validation_level=tier2;reference=PMID:29720506;domain_transfer_event_not_pgaa_ranked
TSNADB2_000909	snv	PPP1R3B	PPP1R3B_P176H	YTDFHCQYV	4	HLA-A01*01	I			TSNAdb_v2.0_validated	Melanoma	validation_level=tier2;reference=PMID:23644516;domain_transfer_event_not_pgaa_ranked
TSNADB2_000910	snv	PPP1R3B	PPP1R3B_P176H	YTDFHCQYVK	4	HLA-A01*01	I			TSNAdb_v2.0_validated	Melanoma	validation_level=tier2;reference=PMID:23644516;domain_transfer_event_not_pgaa_ranked
TSNADB2_000912	snv	FLT3	FLT3_D560Y	YVDFREYEYY	9	HLA-A01*01	I			TSNAdb_v2.0_validated	Acute Myelogenous Leukemia	validation_level=tier2;reference=PMID:17119119;domain_transfer_event_not_pgaa_ranked
TSNADB2_000913	snv	DDX60L	DDX60L_V257G	YVIFDEGHY	6	HLA-A25*01	I			TSNAdb_v2.0_validated	Ovarian Cancer	validation_level=tier2;reference=PMID:31069153;domain_transfer_event_not_pgaa_ranked
TSNADB2_000914	snv	DDX60L	DDX60L_V257G	YVIFDEGHY	6	HLA-A26*03	I			TSNAdb_v2.0_validated	Ovarian Cancer	validation_level=tier2;reference=PMID:31069153;domain_transfer_event_not_pgaa_ranked
TSNADB2_000915	snv	PABPC3	PABPC3_R424Q	YYPPSQIAQL	8	HLA-A24*02	I			TSNAdb_v2.0_validated	Melanoma	validation_level=tier2;reference=PMID:26048577;domain_transfer_event_not_pgaa_ranked
TSNADB2_000916	snv	MMS22L	MMS22L_S437F	YYSKNLNSF	8	HLA-A24*03	I			TSNAdb_v2.0_validated	Melanoma	validation_level=tier2;reference=PMID:28423700;domain_transfer_event_not_pgaa_ranked
TSNADB2_000917	snv	MMS22L	MMS22L_S437F	YYSKNLNSFF	8	HLA-A24*04	I			TSNAdb_v2.0_validated	Melanoma	validation_level=tier2;reference=PMID:28423700;domain_transfer_event_not_pgaa_ranked
TSNADB2_000919	snv	MEGF8	MEGF8_P238S	AGAFLSSPGLLAVFG	6	HLA-DRB101*01	II			TSNAdb_v2.0_validated	Glioblastoma	validation_level=tier2;reference=PMID:30906654;domain_transfer_event_not_pgaa_ranked
TSNADB2_000920	snv	NUP210	NUP210_S427F	AIDAALTFV	7	HLA-A02*01	I			TSNAdb_v2.0_validated	Melanoma	validation_level=tier2;reference=PMID:31921104;domain_transfer_event_not_pgaa_ranked
TSNADB2_000921	snv	GDF5	GDF5_K806R	ALFLVFGRTRK	9	HLA-A11*01	I			TSNAdb_v2.0_validated	Renal Rell Carcinoma	validation_level=tier2;reference=PMID:32226429;domain_transfer_event_not_pgaa_ranked
TSNADB2_000922	snv	LIPE	LIPE_A857E	ALPLSEPMRRSVSEE	14	HLA-DRB112*02	II			TSNAdb_v2.0_validated	Collecting Duct Carcinoma	validation_level=tier2;reference=PMID:32439798;domain_transfer_event_not_pgaa_ranked
TSNADB2_000923	snv	ZNF878	ZNF878_T216A	ALSYLVSFQR	9	HLA-A11*01	I			TSNAdb_v2.0_validated	Melanoma	validation_level=tier2;reference=PMID:32582212;domain_transfer_event_not_pgaa_ranked
TSNADB2_000924	snv	SLC25A19	SLC25A19_N133S	ARLQFSCYSSL	9	HLA-C07*02	I			TSNAdb_v2.0_validated	Renal Rell Carcinoma	validation_level=tier2;reference=PMID:32226429;domain_transfer_event_not_pgaa_ranked
TSNADB2_000926	snv	CLCN4	CLCN4_A298T	ATLVAAFTL	1	HLA-B15*07	I			TSNAdb_v2.0_validated	Melanoma	validation_level=tier2;reference=PMID:26359337;domain_transfer_event_not_pgaa_ranked
TSNADB2_000927	snv	CLCN4	CLCN4_A298T	ATLVAAFTL	1	HLA-C07*01	I			TSNAdb_v2.0_validated	Melanoma	validation_level=tier2;reference=PMID:26359337;domain_transfer_event_not_pgaa_ranked
TSNADB2_000928	snv	GPR139	GPR139_A298T	ATTLKAFFK	1	HLA-A03*01	I			TSNAdb_v2.0_validated	Leukemia	validation_level=tier2;reference=PMID:31243155;domain_transfer_event_not_pgaa_ranked
TSNADB2_000929	snv	ACE2	ACE2_D615Y	AYQSIKVRI	1	HLA-A24*02	I			TSNAdb_v2.0_validated	Leukemia	validation_level=tier2;reference=PMID:31243155;domain_transfer_event_not_pgaa_ranked
TSNADB2_000930	snv	BMPER	BMPER_E651K	CIKTCDNWNK	9	HLA-A11*01	I			TSNAdb_v2.0_validated	Melanoma	validation_level=tier2;reference=PMID:26359337;domain_transfer_event_not_pgaa_ranked
TSNADB2_000931	snv	ERCC8	ERCC8_L349F	CVFQSNFQEF	9	HLA-A23*01	I			TSNAdb_v2.0_validated	Melanoma	validation_level=tier2;reference=PMID:26359337;domain_transfer_event_not_pgaa_ranked
TSNADB2_000932	snv	ERCC8	ERCC8_L349F	CVFQSNFQEF	9	HLA-B15*17	I			TSNAdb_v2.0_validated	Melanoma	validation_level=tier2;reference=PMID:26359337;domain_transfer_event_not_pgaa_ranked
TSNADB2_000933	snv	ERCC8	ERCC8_L349F	CVFQSNFQEF	9	HLA-C02*02	I			TSNAdb_v2.0_validated	Melanoma	validation_level=tier2;reference=PMID:26359337;domain_transfer_event_not_pgaa_ranked
TSNADB2_000935	snv	IFT80	IFT80_H63T	DDIYPIDFY	8	HLA-A25*01	I			TSNAdb_v2.0_validated	Melanoma	validation_level=tier2;reference=PMID:32582212;domain_transfer_event_not_pgaa_ranked
TSNADB2_000936	snv	RUSC2	RUSC2_S569F	DFSQEFSPIQEAQQD	1	HLA-DRB104*01	II			TSNAdb_v2.0_validated	Melanoma	validation_level=tier2;reference=PMID:28678778;domain_transfer_event_not_pgaa_ranked
TSNADB2_000937	snv	PTPRU	PTPRU_P783L	DHYAYSYYL	8	HLA-C06*02	I			TSNAdb_v2.0_validated	Melanoma	validation_level=tier2;reference=PMID:32582212;domain_transfer_event_not_pgaa_ranked
TSNADB2_000938	snv	C5orf42	C5orf42_I1134K	DILSETFQLLK	10	HLA-A11*01	I			TSNAdb_v2.0_validated	Hepatocellular Carcinoma	validation_level=tier2;reference=PMID:31887370;domain_transfer_event_not_pgaa_ranked
TSNADB2_000939	snv	EVI2B	EVI2B_G327A	DSADGSTVATA	8	HLA-A68*02	I			TSNAdb_v2.0_validated	Myeloma	validation_level=tier2;reference=PMID:31857430;domain_transfer_event_not_pgaa_ranked
TSNADB2_000940	snv	WDR1	WDR1_N544K	DSFAGKGHTK	9	HLA-A68*01	I			TSNAdb_v2.0_validated	Melanoma	validation_level=tier2;reference=PMID:32753545;domain_transfer_event_not_pgaa_ranked
TSNADB2_000941	snv	KCNC3	KCNC3_P715L	DYALSPDGSIRKATG	3	HLA-DPA101*03/DPB104:01	II			TSNAdb_v2.0_validated	Melanoma	validation_level=tier2;reference=PMID:28678778;domain_transfer_event_not_pgaa_ranked
TSNADB2_000942	snv	HS6ST1	HS6ST1_S405I	DYMIHIIEKW	3	HLA-A23*01	I			TSNAdb_v2.0_validated	Ovarian Cancer	validation_level=tier2;reference=PMID:29545564;domain_transfer_event_not_pgaa_ranked
TSNADB2_000943	snv	TNR	TNR_R1007W	EEFWLVDLLPSTHYT	3	HLA-DQA101*01/DQB105:01	II			TSNAdb_v2.0_validated	Melanoma	validation_level=tier2;reference=PMID:28678778;domain_transfer_event_not_pgaa_ranked
TSNADB2_000944	snv	IL27RA	IL27RA_P594L	EEMEPLPVM	5	HLA-B44*03	I			TSNAdb_v2.0_validated	Ovarian Cancer	validation_level=tier2;reference=PMID:31221207;domain_transfer_event_not_pgaa_ranked
TSNADB2_000945	snv	FCGBP	FCGBP_A1177V	EGFVLSGESCLPLA	3	HLA-DPA102*02/DPB103:01	II			TSNAdb_v2.0_validated	Ovarian Cancer	validation_level=tier2;reference=PMID:31221207;domain_transfer_event_not_pgaa_ranked
TSNADB2_000946	snv	ENAH	ENAH_A706V	EMSALLARRRRIVEK	12	HLA-DRB112*02	II			TSNAdb_v2.0_validated	Collecting Duct Carcinoma	validation_level=tier2;reference=PMID:32439798;domain_transfer_event_not_pgaa_ranked
TSNADB2_000950	snv	ARFGEF1	ARFGEF1_S280I	FAIADTAYV	2	HLA-A02*01	I			TSNAdb_v2.0_validated	Ovarian Cancer	validation_level=tier2;reference=PMID:32660279;domain_transfer_event_not_pgaa_ranked
TSNADB2_000951	snv	CNTNAP5	CNTNAP5_S816F	FFFFKTTAL	0	HLA-B08*01	I			TSNAdb_v2.0_validated	Melanoma	validation_level=tier2;reference=PMID:26359337;domain_transfer_event_not_pgaa_ranked
TSNADB2_000952	snv	CNTNAP5	CNTNAP5_S816F	FFFFKTTAL	0	HLA-C01*02	I			TSNAdb_v2.0_validated	Melanoma	validation_level=tier2;reference=PMID:26359337;domain_transfer_event_not_pgaa_ranked
TSNADB2_000953	snv	CNTNAP5	CNTNAP5_S816F	FFFFKTTAL	0	HLA-C07*01	I			TSNAdb_v2.0_validated	Melanoma	validation_level=tier2;reference=PMID:26359337;domain_transfer_event_not_pgaa_ranked
TSNADB2_000954	snv	CNTNAP5	CNTNAP5_S816F	FFFFKTTAL	0	HLA-C07*02	I			TSNAdb_v2.0_validated	Melanoma	validation_level=tier2;reference=PMID:26359337;domain_transfer_event_not_pgaa_ranked
TSNADB2_000955	snv	CNTNAP5	CNTNAP5_S816F	FFFFKTTAL	0	HLA-C12*03	I			TSNAdb_v2.0_validated	Melanoma	validation_level=tier2;reference=PMID:26359337;domain_transfer_event_not_pgaa_ranked
TSNADB2_000956	snv	CCR6	CCR6_V67L	FGLLGNILLVI	3	HLA-A02*24	I			TSNAdb_v2.0_validated	Ovarian Cancer	validation_level=tier2;reference=PMID:31221207;domain_transfer_event_not_pgaa_ranked
TSNADB2_000958	snv	PDPN	PDPN_G222C	FICAIIVVV	2	HLA-A02*01	I			TSNAdb_v2.0_validated	Ovarian Cancer	validation_level=tier2;reference=PMID:29545564;domain_transfer_event_not_pgaa_ranked
TSNADB2_000959	snv	ZIM3	ZIM3_L322F	FIYKSDFVK	6	HLA-A03*01	I			TSNAdb_v2.0_validated	Melanoma	validation_level=tier2;reference=PMID:26359337;domain_transfer_event_not_pgaa_ranked
TSNADB2_000960	snv	PPM1F	PPM1F_C259Y	FLAPLFLVLL	6	HLA-A24*02	I			TSNAdb_v2.0_validated	Ovarian Cancer	validation_level=tier2;reference=PMID:32660279;domain_transfer_event_not_pgaa_ranked
TSNADB2_000961	snv	HLA-DRB1	HLA-DRB1_I248L	FLGAGLFLYF	7	HLA-A02*01	I			TSNAdb_v2.0_validated	Ovarian Cancer	validation_level=tier2;reference=PMID:29545564;domain_transfer_event_not_pgaa_ranked
TSNADB2_000962	snv	ADARB1	ADARB1_S484F	FLLRFLYTQL	0	HLA-A02*01	I			TSNAdb_v2.0_validated	Renal Rell Carcinoma	validation_level=tier2;reference=PMID:32226429;domain_transfer_event_not_pgaa_ranked
TSNADB2_000963	snv	SLC27A3	SLC27A3_Y704C	FLQEVNVCGV	7	HLA-A02*03	I			TSNAdb_v2.0_validated	Collecting Duct Carcinoma	validation_level=tier2;reference=PMID:32439798;domain_transfer_event_not_pgaa_ranked
TSNADB2_000964	snv	PPOX	PPOX_R441S	FLTAHSLPL	5	HLA-A02*01	I			TSNAdb_v2.0_validated	Ovarian Cancer	validation_level=tier2;reference=PMID:32660279;domain_transfer_event_not_pgaa_ranked
TSNADB2_000965	snv	WDR75	WDR75_S749F	FMFVNSLLL	0	HLA-A02*01	I			TSNAdb_v2.0_validated	Melanoma	validation_level=tier2;reference=PMID:31921104;domain_transfer_event_not_pgaa_ranked
TSNADB2_000966	snv	ANKS1A	ANKS1A_E434K	FPLTASKVL	6	HLA-B35*01	I			TSNAdb_v2.0_validated	Leukemia	validation_level=tier2;reference=PMID:31243155;domain_transfer_event_not_pgaa_ranked
TSNADB2_000967	snv	ERCC8	ERCC8_L349F	FQSNFQEFY	7	HLA-A01*01	I			TSNAdb_v2.0_validated	Melanoma	validation_level=tier2;reference=PMID:26359337;domain_transfer_event_not_pgaa_ranked
TSNADB2_000968	snv	ERCC8	ERCC8_L349F	FQSNFQEFY	7	HLA-C02*02	I			TSNAdb_v2.0_validated	Melanoma	validation_level=tier2;reference=PMID:26359337;domain_transfer_event_not_pgaa_ranked
TSNADB2_000969	snv	UGT2B7	UGT2B7_D492N	FQYHSLNVI	6	HLA-A02*01	I			TSNAdb_v2.0_validated	Melanoma	validation_level=tier2;reference=PMID:26359337;domain_transfer_event_not_pgaa_ranked
TSNADB2_000970	snv	UGT2B7	UGT2B7_D492N	FQYHSLNVI	6	HLA-C02*02	I			TSNAdb_v2.0_validated	Melanoma	validation_level=tier2;reference=PMID:26359337;domain_transfer_event_not_pgaa_ranked
TSNADB2_000971	snv	UGT2B28	UGT2B28_D492N	FQYHSLNVI	6	HLA-C07*01	I			TSNAdb_v2.0_validated	Melanoma	validation_level=tier2;reference=PMID:26359337;domain_transfer_event_not_pgaa_ranked
TSNADB2_000972	snv	ZNF567	ZNF567_D153N	FRQKTNLIL	8	HLA-C07*02	I			TSNAdb_v2.0_validated	Renal Rell Carcinoma	validation_level=tier2;reference=PMID:32226429;domain_transfer_event_not_pgaa_ranked
TSNADB2_000973	snv	CTSF	CTSF_T246S	FRSIYLNTLL	2	HLA-C07*02	I			TSNAdb_v2.0_validated	Renal Rell Carcinoma	validation_level=tier2;reference=PMID:32226429;domain_transfer_event_not_pgaa_ranked
TSNADB2_000974	snv	CNTNAP5	CNTNAP5_S816F	FSADIFFFF	5	HLA-A01*01	I			TSNAdb_v2.0_validated	Melanoma	validation_level=tier2;reference=PMID:26359337;domain_transfer_event_not_pgaa_ranked
TSNADB2_000975	snv	CNTNAP5	CNTNAP5_S816F	FSADIFFFF	5	HLA-A24*02	I			TSNAdb_v2.0_validated	Melanoma	validation_level=tier2;reference=PMID:26359337;domain_transfer_event_not_pgaa_ranked
TSNADB2_000976	snv	CNTNAP5	CNTNAP5_S816F	FSADIFFFF	5	HLA-A26*01	I			TSNAdb_v2.0_validated	Melanoma	validation_level=tier2;reference=PMID:26359337;domain_transfer_event_not_pgaa_ranked
TSNADB2_000977	snv	CNTNAP5	CNTNAP5_S816F	FSADIFFFF	5	HLA-C07*01	I			TSNAdb_v2.0_validated	Melanoma	validation_level=tier2;reference=PMID:26359337;domain_transfer_event_not_pgaa_ranked
TSNADB2_000978	snv	CNTNAP5	CNTNAP5_S816F	FSADIFFFF	5	HLA-C07*02	I			TSNAdb_v2.0_validated	Melanoma	validation_level=tier2;reference=PMID:26359337;domain_transfer_event_not_pgaa_ranked
TSNADB2_000979	snv	CNTNAP5	CNTNAP5_S816F	FSADIFFFF	5	HLA-C12*03	I			TSNAdb_v2.0_validated	Melanoma	validation_level=tier2;reference=PMID:26359337;domain_transfer_event_not_pgaa_ranked
TSNADB2_000980	snv	FCGBP	FCGBP_A1177V	FVLSGESCLPL	1	HLA-A02*06	I			TSNAdb_v2.0_validated	Ovarian Cancer	validation_level=tier2;reference=PMID:31221207;domain_transfer_event_not_pgaa_ranked
TSNADB2_000981	snv	ATP5L	ATP5L_E799D	FWYYAKVDL	7	HLA-C07*02	I			TSNAdb_v2.0_validated	Renal Rell Carcinoma	validation_level=tier2;reference=PMID:32226429;domain_transfer_event_not_pgaa_ranked
TSNADB2_000982	snv	WDR3	WDR3_T690M	FYNDIILMV	7	HLA-C06*02	I			TSNAdb_v2.0_validated	Glioblastoma	validation_level=tier2;reference=PMID:30906654;domain_transfer_event_not_pgaa_ranked
TSNADB2_000983	snv	ODZ3	ODZ3_A2490V	GAQSWLWFV	8	HLA-A02*11	I			TSNAdb_v2.0_validated	Ovarian Cancer	validation_level=tier2;reference=PMID:29545564;domain_transfer_event_not_pgaa_ranked
TSNADB2_000984	snv	DNAH8	DNAH8_R3179S	GEKFRASSLKFPGL	6	HLA-DPA103*01/DPB103:01	II			TSNAdb_v2.0_validated	Ovarian Cancer	validation_level=tier2;reference=PMID:31221207;domain_transfer_event_not_pgaa_ranked
TSNADB2_000985	snv	PTEN	PTEN_R47S	GFPAERLEGVYSNNI	11	HLA-DRB101*01	II			TSNAdb_v2.0_validated	Glioblastoma	validation_level=tier2;reference=PMID:30906654;domain_transfer_event_not_pgaa_ranked
TSNADB2_000986	snv	NVL	NVL_I644V	GLNFVSVKGPELLNM	4	HLA-DRB101*01	II			TSNAdb_v2.0_validated	Glioblastoma	validation_level=tier2;reference=PMID:30906654;domain_transfer_event_not_pgaa_ranked
TSNADB2_000987	snv	ZCCHC11	ZCCHC11_P1265H	GRKLFGTHF	7	HLA-B27*05	I			TSNAdb_v2.0_validated	Ovarian Cancer	validation_level=tier2;reference=PMID:29545564;domain_transfer_event_not_pgaa_ranked
TSNADB2_000988	snv	TMEM14B	TMEM14B_N302L	GRQSWSLYV	6	HLA-C07*02	I			TSNAdb_v2.0_validated	Renal Rell Carcinoma	validation_level=tier2;reference=PMID:32226429;domain_transfer_event_not_pgaa_ranked
TSNADB2_000989	snv	HSF5	HSF5_V444I	GSDIMSFVI	8	HLA-C02*02	I			TSNAdb_v2.0_validated	Melanoma	validation_level=tier2;reference=PMID:26359337;domain_transfer_event_not_pgaa_ranked
TSNADB2_000990	snv	HSF5	HSF5_V444I	GSDIMSFVI	8	HLA-C05*01	I			TSNAdb_v2.0_validated	Melanoma	validation_level=tier2;reference=PMID:26359337;domain_transfer_event_not_pgaa_ranked
TSNADB2_000991	snv	C20orf27	C20orf27_C156Y	GTYVRVTVQAR	2	HLA-A11*01	I			TSNAdb_v2.0_validated	Renal Rell Carcinoma	validation_level=tier2;reference=PMID:32226429;domain_transfer_event_not_pgaa_ranked
TSNADB2_000992	snv	PLCD3	PLCD3_D314H	HELMTLHGF	6	HLA-B18*01	I			TSNAdb_v2.0_validated	Leukemia	validation_level=tier2;reference=PMID:31243155;domain_transfer_event_not_pgaa_ranked
TSNADB2_000993	snv	PLCD3	PLCD3_D314H	HELMTLHGFM	6	HLA-B18*01	I			TSNAdb_v2.0_validated	Leukemia	validation_level=tier2;reference=PMID:31243155;domain_transfer_event_not_pgaa_ranked
TSNADB2_000994	snv	ARHGAP28	ARHGAP28_N673E	HIIRLMLEY	7	HLA-A11*01	I			TSNAdb_v2.0_validated	Renal Rell Carcinoma	validation_level=tier2;reference=PMID:32226429;domain_transfer_event_not_pgaa_ranked
TSNADB2_000995	snv	CD101	CD101_S889F	HLHCYRSSF	8	HLA-B15*01	I			TSNAdb_v2.0_validated	Leukemia	validation_level=tier2;reference=PMID:31243155;domain_transfer_event_not_pgaa_ranked
TSNADB2_000996	snv	PCNXL2	PCNXL2_F1180L	HLMWLERLY	4	HLA-A03*01	I			TSNAdb_v2.0_validated	Leukemia	validation_level=tier2;reference=PMID:31243155;domain_transfer_event_not_pgaa_ranked
TSNADB2_000997	snv	ATP13A4	ATP13A4_L109F	HPFMTDEEY	2	HLA-B35*01	I			TSNAdb_v2.0_validated	Leukemia	validation_level=tier2;reference=PMID:31243155;domain_transfer_event_not_pgaa_ranked
TSNADB2_000998	snv	MKLN1	MKLN1_R468C	HSKNCCLYVF	4	HLA-C02*02	I			TSNAdb_v2.0_validated	Melanoma	validation_level=tier2;reference=PMID:26359337;domain_transfer_event_not_pgaa_ranked
TSNADB2_000999	snv	MKLN1	MKLN1_R468C	HSKNCCLYVF	4	HLA-C16*01	I			TSNAdb_v2.0_validated	Melanoma	validation_level=tier2;reference=PMID:26359337;domain_transfer_event_not_pgaa_ranked
TSNADB2_001000	snv	MPO	MPO_R1251W	HTLLLWEHNR	5	HLA-A11*01	I			TSNAdb_v2.0_validated	Renal Rell Carcinoma	validation_level=tier2;reference=PMID:32226429;domain_transfer_event_not_pgaa_ranked
TSNADB2_001001	snv	LOX	LOX_G350D	HTQGLSPDCY	7	HLA-A01*01	I			TSNAdb_v2.0_validated	Melanoma	validation_level=tier2;reference=PMID:26359337;domain_transfer_event_not_pgaa_ranked
TSNADB2_001002	snv	LOXL1	LOXL1_G507D	HTQGLSPDCY	7	HLA-B15*17	I			TSNAdb_v2.0_validated	Melanoma	validation_level=tier2;reference=PMID:26359337;domain_transfer_event_not_pgaa_ranked
TSNADB2_001003	snv	TP53	TP53_G245S	HYNYMCNSSSCMGSMN	12	HLA-DRB302*02	II			TSNAdb_v2.0_validated	Ovarian Cancer	validation_level=tier2;reference=PMID:30714987;domain_transfer_event_not_pgaa_ranked
TSNADB2_001004	snv	JAK1	JAK1_N936I	IEILRNLYHEIIV	10	HLA-DRB401*01	II			TSNAdb_v2.0_validated	Ovarian Cancer	validation_level=tier2;reference=PMID:31221207;domain_transfer_event_not_pgaa_ranked
TSNADB2_001005	snv	S100A9	S100A9_T18N	IETIINNFHQY	6	HLA-B44*03	I			TSNAdb_v2.0_validated	Myeloma	validation_level=tier2;reference=PMID:31857430;domain_transfer_event_not_pgaa_ranked
TSNADB2_001006	snv	ARHGAP29	ARHGAP29_G670E	IHLFEAEFTQVAKKEPDG	4	HLA-DRB101*01	II			TSNAdb_v2.0_validated	Melanoma	validation_level=tier2;reference=PMID:28678778;domain_transfer_event_not_pgaa_ranked
TSNADB2_001007	snv	SIPA1L3	SIPA1L3_S893F	ILGISNEFV	4	HLA-A02*01	I			TSNAdb_v2.0_validated	Melanoma	validation_level=tier2;reference=PMID:31685621;domain_transfer_event_not_pgaa_ranked
TSNADB2_001008	snv	C5orf42	C5orf42_I1134K	ILSETFQLLK	9	HLA-A11*01	I			TSNAdb_v2.0_validated	Hepatocellular Carcinoma	validation_level=tier2;reference=PMID:31887370;domain_transfer_event_not_pgaa_ranked
TSNADB2_001009	snv	KDELR2	KDELR2_T121I	ILWIFSIYL	3	HLA-A02*01	I			TSNAdb_v2.0_validated	Melanoma	validation_level=tier2;reference=PMID:31921104;domain_transfer_event_not_pgaa_ranked
TSNADB2_001010	snv	CTNNB1	CTNNB1_K335I	IMRTYTYEI	8	HLA-A02*01	I			TSNAdb_v2.0_validated	Liver Cancer	validation_level=tier2;reference=PMID:32934692;domain_transfer_event_not_pgaa_ranked
TSNADB2_001011	snv	RASAL2	RASAL2_P637S	IMSSSLFNL	3	HLA-A02*01	I			TSNAdb_v2.0_validated	Melanoma	validation_level=tier2;reference=PMID:31685621;domain_transfer_event_not_pgaa_ranked
TSNADB2_001012	snv	SAMD9	SAMD9_I853L	IPDSIALIQQL	6	HLA-B07*02	I			TSNAdb_v2.0_validated	Renal Rell Carcinoma	validation_level=tier2;reference=PMID:32226429;domain_transfer_event_not_pgaa_ranked
TSNADB2_001013	snv	OR5K3	OR5K3_NA	IQMFTIVLVSY	2	HLA-B44*02	I			TSNAdb_v2.0_validated	Renal Rell Carcinoma	validation_level=tier2;reference=PMID:32226429;domain_transfer_event_not_pgaa_ranked
TSNADB2_001014	snv	RAB39B	RAB39B_W138R	IRLYQFRLIV	1	HLA-C07*02	I			TSNAdb_v2.0_validated	Renal Rell Carcinoma	validation_level=tier2;reference=PMID:32226429;domain_transfer_event_not_pgaa_ranked
TSNADB2_001015	snv	RAB39B	RAB39B_W138R	IRLYQFRLIVI	1	HLA-C07*02	I			TSNAdb_v2.0_validated	Renal Rell Carcinoma	validation_level=tier2;reference=PMID:32226429;domain_transfer_event_not_pgaa_ranked
TSNADB2_001016	snv	MCTP1	MCTP1_R783H	IRMKHCVMV	4	HLA-C07*02	I			TSNAdb_v2.0_validated	Leukemia	validation_level=tier2;reference=PMID:31243155;domain_transfer_event_not_pgaa_ranked
TSNADB2_001017	snv	TRBV5-1	TRBV5-1_S52F	ISGHRSVFWY	7	HLA-A01*01	I			TSNAdb_v2.0_validated	Melanoma	validation_level=tier2;reference=PMID:26359337;domain_transfer_event_not_pgaa_ranked
TSNADB2_001018	snv	TRBV5-1	TRBV5-1_S52F	ISGHRSVFWY	7	HLA-A29*02	I			TSNAdb_v2.0_validated	Melanoma	validation_level=tier2;reference=PMID:26359337;domain_transfer_event_not_pgaa_ranked
TSNADB2_001019	snv	TRBV5-1	TRBV5-1_S52F	ISGHRSVFWY	7	HLA-B58*01	I			TSNAdb_v2.0_validated	Melanoma	validation_level=tier2;reference=PMID:26359337;domain_transfer_event_not_pgaa_ranked
TSNADB2_001020	snv	OR4C6	OR4C6_S50C	ITCQSLRSPMY	2	HLA-A01*01	I			TSNAdb_v2.0_validated	Renal Rell Carcinoma	validation_level=tier2;reference=PMID:32226429;domain_transfer_event_not_pgaa_ranked
TSNADB2_001021	snv	FZD6	FZD6_P30A	ITVARCMKMAY	3	HLA-A01*01	I			TSNAdb_v2.0_validated	Renal Rell Carcinoma	validation_level=tier2;reference=PMID:32226429;domain_transfer_event_not_pgaa_ranked
TSNADB2_001022	snv	PARP4	PARP4_T1170I	KENSLIIQF	6	HLA-B18*01	I			TSNAdb_v2.0_validated	Renal Rell Carcinoma	validation_level=tier2;reference=PMID:32226429;domain_transfer_event_not_pgaa_ranked
TSNADB2_001023	snv	ABCC12	ABCC12_Q662K	KFLESCDEVI	0	HLA-A24*02	I			TSNAdb_v2.0_validated	Renal Rell Carcinoma	validation_level=tier2;reference=PMID:32226429;domain_transfer_event_not_pgaa_ranked
TSNADB2_001024	snv	ERCC6L	ERCC6L_V476I	KIYRRQVFK	6	HLA-A11*01	I			TSNAdb_v2.0_validated	Melanoma	validation_level=tier2;reference=PMID:31685621;domain_transfer_event_not_pgaa_ranked
TSNADB2_001025	snv	RUFY1	RUFY1_K225N	KLADYLKVL	6	HLA-A02*01	I			TSNAdb_v2.0_validated	Melanoma	validation_level=tier2;reference=PMID:31685621;domain_transfer_event_not_pgaa_ranked
TSNADB2_001026	snv	SPATA5	SPATA5_S812C	KLQFHCMPV	5	HLA-A02*01	I			TSNAdb_v2.0_validated	Leukemia	validation_level=tier2;reference=PMID:31243155;domain_transfer_event_not_pgaa_ranked
TSNADB2_001027	snv	KRAS	KRAS_G12D	KLVVVGADGV	7	HLA-A02*03	I			TSNAdb_v2.0_validated	Renal Rell Carcinoma	validation_level=tier2;reference=PMID:32439798;domain_transfer_event_not_pgaa_ranked
TSNADB2_001028	snv	HHAT	HHAT_L75F	KQWLVWLFL	7	HLA-A02*06	I			TSNAdb_v2.0_validated	Ovarian Cancer	validation_level=tier2;reference=PMID:29545564;domain_transfer_event_not_pgaa_ranked
TSNADB2_001029	snv	PRICKLE3	PRICKLE3_G566L	KRIPLPPHLC	0	HLA-C06*02	I			TSNAdb_v2.0_validated	Melanoma	validation_level=tier2;reference=PMID:32582212;domain_transfer_event_not_pgaa_ranked
TSNADB2_001030	snv	ZIM3	ZIM3_L322F	KSDFVKHQRI	3	HLA-B15*17	I			TSNAdb_v2.0_validated	Melanoma	validation_level=tier2;reference=PMID:26359337;domain_transfer_event_not_pgaa_ranked
TSNADB2_001031	snv	ZIM3	ZIM3_L322F	KSDFVKHQRI	3	HLA-C08*02	I			TSNAdb_v2.0_validated	Melanoma	validation_level=tier2;reference=PMID:26359337;domain_transfer_event_not_pgaa_ranked
TSNADB2_001032	snv	VPS16	VPS16_S404F	KSLLRAAFFGKCFLDR	7	HLA-DPA101*03/DPB104:01	II			TSNAdb_v2.0_validated	Melanoma	validation_level=tier2;reference=PMID:28678778;domain_transfer_event_not_pgaa_ranked
TSNADB2_001033	snv	SMARCC2	SMARCC2_S624F	KVFEHVGSR	2	HLA-A11*01	I			TSNAdb_v2.0_validated	Melanoma	validation_level=tier2;reference=PMID:31685621;domain_transfer_event_not_pgaa_ranked
TSNADB2_001035	snv	TRIM26	TRIM26_G497W	LDYEWGTVTF	4	HLA-B15*01	I			TSNAdb_v2.0_validated	Ovarian Cancer	validation_level=tier2;reference=PMID:29545564;domain_transfer_event_not_pgaa_ranked
TSNADB2_001036	snv	TMEM104	TMEM104_V281I	LFGVCIYSF	5	HLA-A24*02	I			TSNAdb_v2.0_validated	Leukemia	validation_level=tier2;reference=PMID:31243155;domain_transfer_event_not_pgaa_ranked
TSNADB2_001037	snv	GTF3C2	GTF3C2_D811N	LFQNTDLGSFHDLLR	3	HLA-DQA101*01/DQB105:01	II			TSNAdb_v2.0_validated	Melanoma	validation_level=tier2;reference=PMID:28678778;domain_transfer_event_not_pgaa_ranked
TSNADB2_001038	snv	SLC6A7	SLC6A7_R62C	LGNVWCFPY	5	HLA-B35*01	I			TSNAdb_v2.0_validated	Leukemia	validation_level=tier2;reference=PMID:31243155;domain_transfer_event_not_pgaa_ranked
TSNADB2_001039	snv	NUP107	NUP107_R558H	LILFFHTLGLQTKEE	5	HLA-DRB101*01	II			TSNAdb_v2.0_validated	Glioblastoma	validation_level=tier2;reference=PMID:30906654;domain_transfer_event_not_pgaa_ranked
TSNADB2_001040	snv	KCNH1	KCNH1_K703N	LILTYNLRNRIVFR	8	HLA-DPA102*01/DPB109:01	II			TSNAdb_v2.0_validated	Ovarian Cancer	validation_level=tier2;reference=PMID:31221207;domain_transfer_event_not_pgaa_ranked
TSNADB2_001041	snv	EGFR	EGFR_T790M	LIMQLMPFGCL	2	HLA-A02*01	I			TSNAdb_v2.0_validated	Non-Small Cell Lung Cancer	validation_level=tier2;reference=PMID:24223798;domain_transfer_event_not_pgaa_ranked
TSNADB2_001042	snv	DHX29	DHX29_V1219E	LLKAELVAGL	4	HLA-A02*03	I			TSNAdb_v2.0_validated	Renal Rell Carcinoma	validation_level=tier2;reference=PMID:32439798;domain_transfer_event_not_pgaa_ranked
TSNADB2_001043	snv	CDKN2A	CDKN2A_P114L	LLVDLAEEL	1	HLA-A02*01	I			TSNAdb_v2.0_validated	Melanoma	validation_level=tier2;reference=PMID:31685621;domain_transfer_event_not_pgaa_ranked
TSNADB2_001044	snv	ARHGAP28	ARHGAP28_N601E	LMLEYQKILWK	3	HLA-A11*01	I			TSNAdb_v2.0_validated	Renal Rell Carcinoma	validation_level=tier2;reference=PMID:32226429;domain_transfer_event_not_pgaa_ranked
TSNADB2_001045	snv	PLCD3	PLCD3_D314H	LMTLHGFMMY	4	HLA-A30*02	I			TSNAdb_v2.0_validated	Leukemia	validation_level=tier2;reference=PMID:31243155;domain_transfer_event_not_pgaa_ranked
TSNADB2_001046	snv	SRD5A2	SRD5A2_A295T	LPALAFTFFSL	6	HLA-B07*02	I			TSNAdb_v2.0_validated	Renal Rell Carcinoma	validation_level=tier2;reference=PMID:32226429;domain_transfer_event_not_pgaa_ranked
TSNADB2_001048	snv	MAB21L1	MAB21L1_V321M	LRIRDRYVM	8	HLA-B08*01	I			TSNAdb_v2.0_validated	Melanoma	validation_level=tier2;reference=PMID:32753545;domain_transfer_event_not_pgaa_ranked
TSNADB2_001049	snv	C5orf42	C5orf42_I1134K	LSETFQLLK	8	HLA-A11*01	I			TSNAdb_v2.0_validated	Hepatocellular Carcinoma	validation_level=tier2;reference=PMID:31887370;domain_transfer_event_not_pgaa_ranked
TSNADB2_001050	snv	OR52N5	OR52N5_P294S	LSPTLNPIVY	1	HLA-A01*01	I			TSNAdb_v2.0_validated	Melanoma	validation_level=tier2;reference=PMID:26359337;domain_transfer_event_not_pgaa_ranked
TSNADB2_001051	snv	LRP3	LRP3_T722S	LTAARPSQSVL	8	HLA-A25*01	I			TSNAdb_v2.0_validated	Melanoma	validation_level=tier2;reference=PMID:32753545;domain_transfer_event_not_pgaa_ranked
TSNADB2_001052	snv	IQCF2	IQCF2_A66V	LVRRTLLHV	8	HLA-C15*02	I			TSNAdb_v2.0_validated	Melanoma	validation_level=tier2;reference=PMID:32582212;domain_transfer_event_not_pgaa_ranked
TSNADB2_001053	snv	PRKAR2A	PRKAR2A_L186I	LYIWFKTACL	2	HLA-C07*02	I			TSNAdb_v2.0_validated	Renal Rell Carcinoma	validation_level=tier2;reference=PMID:32226429;domain_transfer_event_not_pgaa_ranked
TSNADB2_001054	snv	RAB39B	RAB39B_K143R	MEAIRLYQF	4	HLA-B18*01	I			TSNAdb_v2.0_validated	Renal Rell Carcinoma	validation_level=tier2;reference=PMID:32226429;domain_transfer_event_not_pgaa_ranked
TSNADB2_001055	snv	YOD1	YOD1_S9L	METLHIIYLEA	8	HLA-B44*02	I			TSNAdb_v2.0_validated	Renal Rell Carcinoma	validation_level=tier2;reference=PMID:32226429;domain_transfer_event_not_pgaa_ranked
TSNADB2_001056	snv	ARHGAP28	ARHGAP28_N601E	MLEYQKILWK	2	HLA-A11*01	I			TSNAdb_v2.0_validated	Renal Rell Carcinoma	validation_level=tier2;reference=PMID:32226429;domain_transfer_event_not_pgaa_ranked
TSNADB2_001057	snv	ARHGAP28	ARHGAP28_N601E	MLEYQKILWKV	2	HLA-A02*01	I			TSNAdb_v2.0_validated	Renal Rell Carcinoma	validation_level=tier2;reference=PMID:32226429;domain_transfer_event_not_pgaa_ranked
TSNADB2_001058	snv	CD1C	CD1C_NA	MPLVILIVL	0	HLA-B07*02	I			TSNAdb_v2.0_validated	Renal Rell Carcinoma	validation_level=tier2;reference=PMID:32226429;domain_transfer_event_not_pgaa_ranked
TSNADB2_001059	snv	CD1C	CD1C_NA	MPLVILIVLVL	0	HLA-B07*02	I			TSNAdb_v2.0_validated	Renal Rell Carcinoma	validation_level=tier2;reference=PMID:32226429;domain_transfer_event_not_pgaa_ranked
TSNADB2_001060	snv	EGFR	EGFR_T790M	MQLMPFGCLL	0	HLA-A02*01	I			TSNAdb_v2.0_validated	Non-Small Cell Lung Cancer	validation_level=tier2;reference=PMID:24223798;domain_transfer_event_not_pgaa_ranked
TSNADB2_001061	snv	IPO13	IPO13_I267M	MSQPDAQRY	0	HLA-B15*01	I			TSNAdb_v2.0_validated	Leukemia	validation_level=tier2;reference=PMID:31243155;domain_transfer_event_not_pgaa_ranked
TSNADB2_001062	snv	PLCD3	PLCD3_D314H	MTLHGFMMY	3	HLA-A30*01	I			TSNAdb_v2.0_validated	Leukemia	validation_level=tier2;reference=PMID:31243155;domain_transfer_event_not_pgaa_ranked
TSNADB2_001063	snv	PLCD3	PLCD3_D314H	MTLHGFMMY	3	HLA-A30*02	I			TSNAdb_v2.0_validated	Leukemia	validation_level=tier2;reference=PMID:31243155;domain_transfer_event_not_pgaa_ranked
TSNADB2_001064	snv	IPO8	IPO8_S357P	NISEDVIFF	8	HLA-A25*01	I			TSNAdb_v2.0_validated	Melanoma	validation_level=tier2;reference=PMID:32582212;domain_transfer_event_not_pgaa_ranked
TSNADB2_001065	snv	IL22	IL22_V72I	NNTDIRLIGEKLFHG	4	HLA-DRB101*01	II			TSNAdb_v2.0_validated	Glioblastoma	validation_level=tier2;reference=PMID:30906654;domain_transfer_event_not_pgaa_ranked
TSNADB2_001066	snv	FAM46D	FAM46D_A140R	NRHDCWSLISL	1	HLA-C07*02	I			TSNAdb_v2.0_validated	Renal Rell Carcinoma	validation_level=tier2;reference=PMID:32226429;domain_transfer_event_not_pgaa_ranked
TSNADB2_001068	snv	IL27RA	IL27RA_P594L	PILEVEEMEPLPVM	10	HLA-DQA105*01/DQB102:01	II			TSNAdb_v2.0_validated	Ovarian Cancer	validation_level=tier2;reference=PMID:31221207;domain_transfer_event_not_pgaa_ranked
TSNADB2_001069	snv	PTPN12	PTPN12_A403G	PKPVLHMVSSEQHSG	14	HLA-DRB112*02	II			TSNAdb_v2.0_validated	Collecting Duct Carcinoma	validation_level=tier2;reference=PMID:32439798;domain_transfer_event_not_pgaa_ranked
TSNADB2_001070	snv	TMEM161B	TMEM161B_M280L	PLFLVLLWV	3	HLA-A02*01	I			TSNAdb_v2.0_validated	Ovarian Cancer	validation_level=tier2;reference=PMID:32660279;domain_transfer_event_not_pgaa_ranked
TSNADB2_001071	snv	B4GALNT3	B4GALNT3_M544V	PVKNLPQV	7	HLA-B51*01	I			TSNAdb_v2.0_validated	Melanoma	validation_level=tier2;reference=PMID:32582212;domain_transfer_event_not_pgaa_ranked
TSNADB2_001072	snv	SLK	SLK_Q838L	QELRELRFLLKEEQ	9	HLA-DRB101*02	II			TSNAdb_v2.0_validated	Ovarian Cancer	validation_level=tier2;reference=PMID:31221207;domain_transfer_event_not_pgaa_ranked
TSNADB2_001073	snv	TRPC4	TRPC4_G577V	QSLFWSIFV	8	HLA-A69*01	I			TSNAdb_v2.0_validated	Ovarian Cancer	validation_level=tier2;reference=PMID:31221207;domain_transfer_event_not_pgaa_ranked
TSNADB2_001074	snv	COA6	COA6_K50N	QWINYFDKRRDYLKF	3	HLA-DRB112*02	II			TSNAdb_v2.0_validated	Collecting Duct Carcinoma	validation_level=tier2;reference=PMID:32439798;domain_transfer_event_not_pgaa_ranked
TSNADB2_001075	snv	EEF1A2	EEF1A2_T142M	REHALLAYM	8	HLA-B18*01	I			TSNAdb_v2.0_validated	Leukemia	validation_level=tier2;reference=PMID:31243155;domain_transfer_event_not_pgaa_ranked
TSNADB2_001076	snv	FAM157B	FAM157B_L156F	RFLHDLHLL	1	HLA-A24*02	I			TSNAdb_v2.0_validated	Leukemia	validation_level=tier2;reference=PMID:31243155;domain_transfer_event_not_pgaa_ranked
TSNADB2_001077	snv	MYLIP	MYLIP_P8L	RLDAVLMEV	1	HLA-A02*01	I			TSNAdb_v2.0_validated	Melanoma	validation_level=tier2;reference=PMID:31921104;domain_transfer_event_not_pgaa_ranked
TSNADB2_001078	snv	PDE7B	PDE7B_G113R	RMWDFDIFL	0	HLA-A02*01	I			TSNAdb_v2.0_validated	Melanoma	validation_level=tier2;reference=PMID:31685621;domain_transfer_event_not_pgaa_ranked
TSNADB2_001079	snv	MTRR	MTRR_S216C	RTDLVKSELLHIECQ	13	HLA-DRB112*02	II			TSNAdb_v2.0_validated	Collecting Duct Carcinoma	validation_level=tier2;reference=PMID:32439798;domain_transfer_event_not_pgaa_ranked
TSNADB2_001080	snv	GPR139	GPR139_A298T	RTMAATTLK	5	HLA-A03*01	I			TSNAdb_v2.0_validated	Leukemia	validation_level=tier2;reference=PMID:31243155;domain_transfer_event_not_pgaa_ranked
TSNADB2_001081	snv	TRIOBP	TRIOBP_G365L	RTSSTQQDNPK	10	HLA-A11*01	I			TSNAdb_v2.0_validated	Melanoma	validation_level=tier2;reference=PMID:32582212;domain_transfer_event_not_pgaa_ranked
TSNADB2_001082	snv	TP53	TP53_A159V	RVRVMAIYK	3	HLA-A11*01	I			TSNAdb_v2.0_validated	Ovarian Cancer	validation_level=tier2;reference=PMID:29545564;domain_transfer_event_not_pgaa_ranked
TSNADB2_001083	snv	GLG1	GLG1_L302I	RVYKCIFNH	5	HLA-A03*01	I			TSNAdb_v2.0_validated	Renal Rell Carcinoma	validation_level=tier2;reference=PMID:32226429;domain_transfer_event_not_pgaa_ranked
TSNADB2_001084	snv	GLG1	GLG1_L302I	RVYKCIFNHK	5	HLA-A03*01	I			TSNAdb_v2.0_validated	Renal Rell Carcinoma	validation_level=tier2;reference=PMID:32226429;domain_transfer_event_not_pgaa_ranked
TSNADB2_001085	snv	ROBO3	ROBO3_P640H	SEHSPVSEPV	2	HLA-B49*01	I			TSNAdb_v2.0_validated	Mesothelioma	validation_level=tier2;reference=PMID:32002298;domain_transfer_event_not_pgaa_ranked
TSNADB2_001086	snv	CCNA1	CCNA1_L426R	SEIVPCLSERHKAYL	9	HLA-DRB112*02	II			TSNAdb_v2.0_validated	Collecting Duct Carcinoma	validation_level=tier2;reference=PMID:32439798;domain_transfer_event_not_pgaa_ranked
TSNADB2_001087	snv	SMG1	SMG1_I3507F	SFYNNLVSFASPLVT	1	HLA-DRB112*02	II			TSNAdb_v2.0_validated	Collecting Duct Carcinoma	validation_level=tier2;reference=PMID:32439798;domain_transfer_event_not_pgaa_ranked
TSNADB2_001088	snv	NUP214	NUP214_Q60H	SGLHIFPTKNLLIQ	3	HLA-DRB115*01	II			TSNAdb_v2.0_validated	Ovarian Cancer	validation_level=tier2;reference=PMID:31221207;domain_transfer_event_not_pgaa_ranked
TSNADB2_001089	snv	9-Sep	SEPT9_R289H	SILEQMHRK	6	HLA-A11*01	I			TSNAdb_v2.0_validated	Ovarian Cancer	validation_level=tier2;reference=PMID:29545564;domain_transfer_event_not_pgaa_ranked
TSNADB2_001090	snv	GCN1L1	GCN1L1_P274L	SLLRSLENV	5	HLA-A02*01	I			TSNAdb_v2.0_validated	Melanoma	validation_level=tier2;reference=PMID:31685621;domain_transfer_event_not_pgaa_ranked
TSNADB2_001091	snv	SOCS6	SOCS6_P134L	SLRSHHYSL	8	HLA-B08*01	I			TSNAdb_v2.0_validated	Melanoma	validation_level=tier2;reference=PMID:31685621;domain_transfer_event_not_pgaa_ranked
TSNADB2_001092	snv	LATS2	LATS2_G875E	SLVETPNYI	3	HLA-A02*01	I			TSNAdb_v2.0_validated	Melanoma	validation_level=tier2;reference=PMID:26359337;domain_transfer_event_not_pgaa_ranked
TSNADB2_001093	snv	LATS2	LATS2_G875E	SLVETPNYI	3	HLA-A32*01	I			TSNAdb_v2.0_validated	Melanoma	validation_level=tier2;reference=PMID:26359337;domain_transfer_event_not_pgaa_ranked
TSNADB2_001094	snv	KIR2DS4	KIR2DS4_I7S	SMACVGFFL	0	HLA-A02*01	I			TSNAdb_v2.0_validated	Ovarian Cancer	validation_level=tier2;reference=PMID:29545564;domain_transfer_event_not_pgaa_ranked
TSNADB2_001095	snv	ASXL3	ASXL3_E1718K	SPMEKAISL	4	HLA-B35*01	I			TSNAdb_v2.0_validated	Leukemia	validation_level=tier2;reference=PMID:31243155;domain_transfer_event_not_pgaa_ranked
TSNADB2_001096	snv	PCDH8	PCDH8_R1183H	SPPHPGRLPDL	3	HLA-B07*02	I			TSNAdb_v2.0_validated	Renal Rell Carcinoma	validation_level=tier2;reference=PMID:32226429;domain_transfer_event_not_pgaa_ranked
TSNADB2_001097	snv	PRICKLE3	PRICKLE3_G566L	SSEDDGFFLGK	10	HLA-A11*01	I			TSNAdb_v2.0_validated	Melanoma	validation_level=tier2;reference=PMID:32582212;domain_transfer_event_not_pgaa_ranked
TSNADB2_001098	snv	FAM190A	FAM190A_V195A	SSHYKFSKPALQSQS	9	HLA-DRB101*01	II			TSNAdb_v2.0_validated	Melanoma	validation_level=tier2;reference=PMID:28678778;domain_transfer_event_not_pgaa_ranked
TSNADB2_001099	snv	CGB2	CGB2_P143L	SSSKAPLPSL	7	HLA-C16*01	I			TSNAdb_v2.0_validated	Melanoma	validation_level=tier2;reference=PMID:26359337;domain_transfer_event_not_pgaa_ranked
TSNADB2_001100	snv	DTX3L	DTX3L_D141H	TAHLNCNLF	2	HLA-B35*01	I			TSNAdb_v2.0_validated	Leukemia	validation_level=tier2;reference=PMID:31243155;domain_transfer_event_not_pgaa_ranked
TSNADB2_001101	snv	PLCD3	PLCD3_D314H	TLHGFMMYL	2	HLA-A30*01	I			TSNAdb_v2.0_validated	Leukemia	validation_level=tier2;reference=PMID:31243155;domain_transfer_event_not_pgaa_ranked
TSNADB2_001102	snv	SLC25A19	SLC25A19_NA	TLIAIFPYARL	9	HLA-A02*01	I			TSNAdb_v2.0_validated	Renal Rell Carcinoma	validation_level=tier2;reference=PMID:32226429;domain_transfer_event_not_pgaa_ranked
TSNADB2_001103	snv	PRKAR2A	PRKAR2A_L186I	TQFLYIWFK	5	HLA-A11*01	I			TSNAdb_v2.0_validated	Renal Rell Carcinoma	validation_level=tier2;reference=PMID:32226429;domain_transfer_event_not_pgaa_ranked
TSNADB2_001104	snv	USP47	USP47_V170L	TSDYLSQSY	4	HLA-A01*01	I			TSNAdb_v2.0_validated	Ovarian Cancer	validation_level=tier2;reference=PMID:29545564;domain_transfer_event_not_pgaa_ranked
TSNADB2_001105	snv	ERBB2IP	ERBB2IP_E805G	TSFLSINSKEETGHL	12	HLA-DRB104*05	II			TSNAdb_v2.0_validated	Bile Duct Cancer	validation_level=tier2;reference=PMID:26516200;domain_transfer_event_not_pgaa_ranked
TSNADB2_001106	snv	DCHS1	DCHS1_P141L	VADINDHAL	8	HLA-C03*03	I			TSNAdb_v2.0_validated	Ovarian Cancer	validation_level=tier2;reference=PMID:29545564;domain_transfer_event_not_pgaa_ranked
TSNADB2_001107	snv	EFCAB13	EFCAB13_K321N	VAGCYLKYKNKNSLS	9	HLA-DRB112*02	II			TSNAdb_v2.0_validated	Collecting Duct Carcinoma	validation_level=tier2;reference=PMID:32439798;domain_transfer_event_not_pgaa_ranked
TSNADB2_001108	snv	PCDH11X	PCDH11X_V500I	VFTQSFITVSI	6	HLA-A24*02	I			TSNAdb_v2.0_validated	Renal Rell Carcinoma	validation_level=tier2;reference=PMID:32226429;domain_transfer_event_not_pgaa_ranked
TSNADB2_001109	snv	TP53	TP53_R158L	VLAMAIYKQ	1	HLA-A02*01	I			TSNAdb_v2.0_validated	Lung Cancer	validation_level=tier2;reference=PMID:32934692;domain_transfer_event_not_pgaa_ranked
TSNADB2_001110	snv	MPV17	MPV17_R75G	VLDGFIPGT	3	HLA-A02*01	I			TSNAdb_v2.0_validated	Melanoma	validation_level=tier2;reference=PMID:31685621;domain_transfer_event_not_pgaa_ranked
TSNADB2_001111	snv	NEK10	NEK10_E182Y	VLICLRLLMRY	10	HLA-B15*01	I			TSNAdb_v2.0_validated	Renal Rell Carcinoma	validation_level=tier2;reference=PMID:32226429;domain_transfer_event_not_pgaa_ranked
TSNADB2_001112	snv	ETV6	ETV6_L340V	VLWDYVYQL	0	HLA-A02*01	I			TSNAdb_v2.0_validated	Melanoma	validation_level=tier2;reference=PMID:31921104;domain_transfer_event_not_pgaa_ranked
TSNADB2_001113	snv	ETV6	ETV6_L340V	VLWDYVYQLL	0	HLA-A02*01	I			TSNAdb_v2.0_validated	Melanoma	validation_level=tier2;reference=PMID:31921104;domain_transfer_event_not_pgaa_ranked
TSNADB2_001114	snv	ERCC8	ERCC8_A221V	VRRASVCLITL	5	HLA-C07*01	I			TSNAdb_v2.0_validated	Renal Rell Carcinoma	validation_level=tier2;reference=PMID:32226429;domain_transfer_event_not_pgaa_ranked
TSNADB2_001115	snv	PRKDC	PRKDC_Q823E	VSALSRAAEK	8	HLA-A03*01	I			TSNAdb_v2.0_validated	Myeloma	validation_level=tier2;reference=PMID:31857430;domain_transfer_event_not_pgaa_ranked
TSNADB2_001116	snv	OR2T3	OR2T3_C132Y	VYRPLHYPLL	1	HLA-C07*02	I			TSNAdb_v2.0_validated	Ovarian Cancer	validation_level=tier2;reference=PMID:29545564;domain_transfer_event_not_pgaa_ranked
TSNADB2_001117	snv	F2RL2	F2RL2_K74T	WTGATITVTIK	8	HLA-A11*01	I			TSNAdb_v2.0_validated	Renal Rell Carcinoma	validation_level=tier2;reference=PMID:32226429;domain_transfer_event_not_pgaa_ranked
TSNADB2_001118	snv	POGK	POGK_P46L	WVLALFDEV	2	HLA-A02*01	I			TSNAdb_v2.0_validated	Melanoma	validation_level=tier2;reference=PMID:31685621;domain_transfer_event_not_pgaa_ranked
TSNADB2_001119	snv	KCNA10	KCNA10_V538F	YFATLITELF	9	HLA-C04*01	I			TSNAdb_v2.0_validated	Renal Rell Carcinoma	validation_level=tier2;reference=PMID:32226429;domain_transfer_event_not_pgaa_ranked
TSNADB2_001120	snv	ZDBF2	ZDBF2_S2228L	YILKYSVFL	2	HLA-A02*01	I			TSNAdb_v2.0_validated	Melanoma	validation_level=tier2;reference=PMID:31685621;domain_transfer_event_not_pgaa_ranked
TSNADB2_001121	snv	KRAS	KRAS_G12V	YKLVVVGAV	8	HLA-A02*01	I			TSNAdb_v2.0_validated	Colorectal Cancer	validation_level=tier2;reference=PMID:32934692;domain_transfer_event_not_pgaa_ranked
TSNADB2_001122	snv	GYS1	GYS1_NA	YLCAGAVYF	7	HLA-C04*01	I			TSNAdb_v2.0_validated	Renal Rell Carcinoma	validation_level=tier2;reference=PMID:32226429;domain_transfer_event_not_pgaa_ranked
TSNADB2_001123	snv	SVIL	SVIL_E2183K	YLTDKDFEFA	4	HLA-A02*01	I			TSNAdb_v2.0_validated	Melanoma	validation_level=tier2;reference=PMID:31921104;domain_transfer_event_not_pgaa_ranked
TSNADB2_001124	snv	TEAD2	TEAD2_L2001Q	YMMNSVQENF	6	HLA-B44*02	I			TSNAdb_v2.0_validated	Renal Rell Carcinoma	validation_level=tier2;reference=PMID:32226429;domain_transfer_event_not_pgaa_ranked
TSNADB2_001125	snv	C20orf27	C20orf27_H374Y	YVRVTVQARVM	0	HLA-B07*02	I			TSNAdb_v2.0_validated	Renal Rell Carcinoma	validation_level=tier2;reference=PMID:32226429;domain_transfer_event_not_pgaa_ranked
TSNADB2_001238	fusion	BCR,ABL	BCR-ABL_E255K	KVYEGVWKK	0	HLA-A03*01	I			TSNAdb_v2.0_validated	Leukemia	validation_level=tier2;reference=PMID:22912393;domain_transfer_event_not_pgaa_ranked
TSNADB2_001258	snv	GRSF1	GRSF1_S95P	AAAASYPAL	6	HLA-C17*01	I			TSNAdb_v2.0_validated	B721.221 Cell Line	validation_level=tier3;reference=PMID:31844524;domain_transfer_event_not_pgaa_ranked
TSNADB2_001259	snv	HBA2	HBA2_G23A	AAEYGAEAL	1	HLA-C08*01	I			TSNAdb_v2.0_validated	B721.221 Cell Line	validation_level=tier3;reference=PMID:31844499;domain_transfer_event_not_pgaa_ranked
TSNADB2_001260	snv	PTH2	PTH2_R76S	AAFRERASL	7	HLA-B07*02	I			TSNAdb_v2.0_validated	Gr Lymphoblastoid Cell Line	validation_level=tier3;reference=PMID:32561536;domain_transfer_event_not_pgaa_ranked
TSNADB2_001261	snv	C1orf198	C1orf198_A14V	AAIAASRSV	8	HLA-C12*03	I			TSNAdb_v2.0_validated	Non-Small Cell Lung Cancer	validation_level=tier3;reference=PMID:30556813;domain_transfer_event_not_pgaa_ranked
TSNADB2_001262	snv	SMARCC1	SMARCC1_E721D	AAKAALEDF	7	HLA-C16*01	I			TSNAdb_v2.0_validated	Non-Small Cell Lung Cancer	validation_level=tier3;reference=PMID:30556813;domain_transfer_event_not_pgaa_ranked
TSNADB2_001263	snv	C1orf198	C1orf198_A14V	AASRSVVM	5	HLA-C12*03	I			TSNAdb_v2.0_validated	Non-Small Cell Lung Cancer	validation_level=tier3;reference=PMID:30556813;domain_transfer_event_not_pgaa_ranked
TSNADB2_001264	snv	PMS2	PMS2_Q100R	ADLTRVETF	4	HLA-B37*01	I			TSNAdb_v2.0_validated	B721.221 Cell Line	validation_level=tier3;reference=PMID:31844423;domain_transfer_event_not_pgaa_ranked
TSNADB2_001265	snv	EIF5	EIF5_M275I	AEAERLDVKAI	10	HLA-B44*03	I			TSNAdb_v2.0_validated	Non-Small Cell Lung Cancer	validation_level=tier3;reference=PMID:30556813;domain_transfer_event_not_pgaa_ranked
TSNADB2_001267	snv	IDUA	IDUA_H33Q	AEAPHLVQV	7	HLA-B37*01	I			TSNAdb_v2.0_validated	B721.221 Cell Line	validation_level=tier3;reference=PMID:31844424;domain_transfer_event_not_pgaa_ranked
TSNADB2_001268	snv	IDUA	IDUA_H33Q	AEAPHLVQV	7	HLA-B40*02	I			TSNAdb_v2.0_validated	B721.221 Cell Line	validation_level=tier3;reference=PMID:31844429;domain_transfer_event_not_pgaa_ranked
TSNADB2_001269	snv	IDUA	IDUA_H33Q	AEAPHLVQV	7	HLA-B45*01	I			TSNAdb_v2.0_validated	B721.221 Cell Line	validation_level=tier3;reference=PMID:31844441;domain_transfer_event_not_pgaa_ranked
TSNADB2_001270	snv	IDUA	IDUA_H33Q	AEAPHLVQV	7	HLA-B49*01	I			TSNAdb_v2.0_validated	B721.221 Cell Line	validation_level=tier3;reference=PMID:31844447;domain_transfer_event_not_pgaa_ranked
TSNADB2_001271	snv	IDUA	IDUA_H33Q	AEAPHLVQVDA	7	HLA-B45*01	I			TSNAdb_v2.0_validated	B721.221 Cell Line	validation_level=tier3;reference=PMID:31844445;domain_transfer_event_not_pgaa_ranked
TSNADB2_001272	snv	TIAM1	TIAM1_Y283F	AEETPPFSNY	6	HLA-B44*03	I			TSNAdb_v2.0_validated	Non-Small Cell Lung Cancer	validation_level=tier3;reference=PMID:30556813;domain_transfer_event_not_pgaa_ranked
TSNADB2_001273	snv	PNPLA7	PNPLA7_Q1139A	AEIATRLA	3	HLA-B49*01	I			TSNAdb_v2.0_validated	B721.221 Cell Line	validation_level=tier3;reference=PMID:31844446;domain_transfer_event_not_pgaa_ranked
TSNADB2_001274	snv	EIF5	EIF5_M275I	AERLDVKAI	8	HLA-B44*03	I			TSNAdb_v2.0_validated	Non-Small Cell Lung Cancer	validation_level=tier3;reference=PMID:30556813;domain_transfer_event_not_pgaa_ranked
TSNADB2_001275	snv	ALB	ALB_K375E	AETYETTLEK	1	HLA-A11*01	I			TSNAdb_v2.0_validated	Hepatocellular Carcinoma	validation_level=tier3;reference=PMID:31039795;domain_transfer_event_not_pgaa_ranked
TSNADB2_001276	snv	PARP14	PARP14_P1095A	AEWRNGSTSSL	0	HLA-A68*01	I			TSNAdb_v2.0_validated	Non-Small Cell Lung Cancer	validation_level=tier3;reference=PMID:30556813;domain_transfer_event_not_pgaa_ranked
TSNADB2_001278	snv	SDHD	SDHD_P142L	AILLPQPLK	7	HLA-A11*01	I			TSNAdb_v2.0_validated	B721.221 Cell Line	validation_level=tier3;reference=PMID:31844327;domain_transfer_event_not_pgaa_ranked
TSNADB2_001279	snv	PMS2	PMS2_M30V	AKVGTRLVF	7	HLA-B15*03	I			TSNAdb_v2.0_validated	B721.221 Cell Line	validation_level=tier3;reference=PMID:31844408;domain_transfer_event_not_pgaa_ranked
TSNADB2_001280	snv	WASHC1	WASHC1_G112E	AKYPAPERL	6	HLA-B15*03	I			TSNAdb_v2.0_validated	B721.221 Cell Line	validation_level=tier3;reference=PMID:31844409;domain_transfer_event_not_pgaa_ranked
TSNADB2_001281	snv	BBS5	BBS5_Q151V	ALIQNKVL	6	HLA-B08*01	I			TSNAdb_v2.0_validated	B721.221 Cell Line	validation_level=tier3;reference=PMID:31844401;domain_transfer_event_not_pgaa_ranked
TSNADB2_001283	snv	HBA2	HBA2_A83E	ALSELSDLHA	3	HLA-A02*02	I			TSNAdb_v2.0_validated	B721.221 Cell Line	validation_level=tier3;reference=PMID:31844297;domain_transfer_event_not_pgaa_ranked
TSNADB2_001285	snv	YIPF2	YIPF2_P310L	ALSPTLLQSL	6	HLA-A02*01	I			TSNAdb_v2.0_validated	Hepatocellular Carcinoma	validation_level=tier3;reference=PMID:31039795;domain_transfer_event_not_pgaa_ranked
TSNADB2_001286	snv	AGPS	AGPS_P533L	ALWDRVVDL	1	HLA-A02*01	I			TSNAdb_v2.0_validated	Melanoma	validation_level=tier3;reference=PMID:31921104;domain_transfer_event_not_pgaa_ranked
TSNADB2_001287	snv	SHCBP1	SHCBP1_M21T	AMAPERTGW	6	HLA-A32*01	I			TSNAdb_v2.0_validated	B721.221 Cell Line	validation_level=tier3;reference=PMID:31844349;domain_transfer_event_not_pgaa_ranked
TSNADB2_001288	snv	SHCBP1	SHCBP1_M21T	AMAPERTGW	6	HLA-B13*01	I			TSNAdb_v2.0_validated	B721.221 Cell Line	validation_level=tier3;reference=PMID:31844402;domain_transfer_event_not_pgaa_ranked
TSNADB2_001289	snv	HBB	HBB_K145R	ANALAHRY	6	HLA-C02*02	I			TSNAdb_v2.0_validated	B721.221 Cell Line	validation_level=tier3;reference=PMID:31844475;domain_transfer_event_not_pgaa_ranked
TSNADB2_001290	snv	LOC107987433	LOC107987433_A634G	APAAAGAAL	5	HLA-B07*02	I			TSNAdb_v2.0_validated	B721.221 Cell Line	validation_level=tier3;reference=PMID:31844395;domain_transfer_event_not_pgaa_ranked
TSNADB2_001291	snv	LOC107987433	LOC107987433_A634G	APAAAGAAL	5	HLA-B07*04	I			TSNAdb_v2.0_validated	B721.221 Cell Line	validation_level=tier3;reference=PMID:31844398;domain_transfer_event_not_pgaa_ranked
TSNADB2_001292	snv	LOC107987433	LOC107987433_A634G	APAAAGAAL	5	HLA-B42*01	I			TSNAdb_v2.0_validated	B721.221 Cell Line	validation_level=tier3;reference=PMID:31844437;domain_transfer_event_not_pgaa_ranked
TSNADB2_001293	snv	RANBP9	RANBP9_H135L	APFPLGDSAL	4	HLA-A68*01	I			TSNAdb_v2.0_validated	Non-Small Cell Lung Cancer	validation_level=tier3;reference=PMID:30556813;domain_transfer_event_not_pgaa_ranked
TSNADB2_001294	snv	RPS2	RPS2_R200G	APGGTGIVSA	2	HLA-B07*02	I			TSNAdb_v2.0_validated	B721.221 Cell Line	validation_level=tier3;reference=PMID:31844396;domain_transfer_event_not_pgaa_ranked
TSNADB2_001295	snv	HMGXB3	HMGXB3_A322V	APKKPTGVDL	7	HLA-B07*02	I			TSNAdb_v2.0_validated	B721.221 Cell Line	validation_level=tier3;reference=PMID:31844397;domain_transfer_event_not_pgaa_ranked
TSNADB2_001296	snv	HMGXB3	HMGXB3_A322V	APKKPTGVDL	7	HLA-B07*04	I			TSNAdb_v2.0_validated	B721.221 Cell Line	validation_level=tier3;reference=PMID:31844399;domain_transfer_event_not_pgaa_ranked
TSNADB2_001297	snv	HMGXB3	HMGXB3_A322V	APKKPTGVDL	7	HLA-B42*01	I			TSNAdb_v2.0_validated	B721.221 Cell Line	validation_level=tier3;reference=PMID:31844440;domain_transfer_event_not_pgaa_ranked
TSNADB2_001298	snv	SHC3	SHC3_E376D	AQFAGKDQTY	6	HLA-A32*01	I			TSNAdb_v2.0_validated	Non-Small Cell Lung Cancer	validation_level=tier3;reference=PMID:30556813;domain_transfer_event_not_pgaa_ranked
TSNADB2_001299	snv	NCOA7	NCOA7_N73V	ARTSGGYVKL	7	HLA-A03*01	I			TSNAdb_v2.0_validated	Gr Lymphoblastoid Cell Line	validation_level=tier3;reference=PMID:32561536;domain_transfer_event_not_pgaa_ranked
TSNADB2_001300	snv	TBL3	TBL3_I545V	ASADGTVKLW	6	HLA-B57*01	I			TSNAdb_v2.0_validated	Non-Small Cell Lung Cancer	validation_level=tier3;reference=PMID:30556813;domain_transfer_event_not_pgaa_ranked
TSNADB2_001301	snv	OSBP2	OSBP2_Y677H	ASGNHHVW	5	HLA-C16*01	I			TSNAdb_v2.0_validated	Non-Small Cell Lung Cancer	validation_level=tier3;reference=PMID:30556813;domain_transfer_event_not_pgaa_ranked
TSNADB2_001302	snv	HBA2	HBA2_S132N	ASLDKFLANV	8	HLA-A02*06	I			TSNAdb_v2.0_validated	B721.221 Cell Line	validation_level=tier3;reference=PMID:31844317;domain_transfer_event_not_pgaa_ranked
TSNADB2_001303	snv	HBA2	HBA2_S132N	ASLDKFLANV	8	HLA-A02*07	I			TSNAdb_v2.0_validated	B721.221 Cell Line	validation_level=tier3;reference=PMID:31844323;domain_transfer_event_not_pgaa_ranked
TSNADB2_001304	snv	HBA2	HBA2_S132N	ASLDKFLANV	8	HLA-A68*02	I			TSNAdb_v2.0_validated	B721.221 Cell Line	validation_level=tier3;reference=PMID:31844385;domain_transfer_event_not_pgaa_ranked
TSNADB2_001305	snv	HBA2	HBA2_S132N	ASLDKFLANV	8	HLA-C15*02	I			TSNAdb_v2.0_validated	B721.221 Cell Line	validation_level=tier3;reference=PMID:31844517;domain_transfer_event_not_pgaa_ranked
TSNADB2_001306	snv	CYP2A7	CYP2A7_C14S	ASLTVMVL	1	HLA-C07*04	I			TSNAdb_v2.0_validated	B721.221 Cell Line	validation_level=tier3;reference=PMID:31844498;domain_transfer_event_not_pgaa_ranked
TSNADB2_001307	snv	MROH1	MROH1_G1145S	ASPAVLEL	1	HLA-B51*01	I			TSNAdb_v2.0_validated	B721.221 Cell Line	validation_level=tier3;reference=PMID:31844451;domain_transfer_event_not_pgaa_ranked
TSNADB2_001308	snv	MROH1	MROH1_G1145S	ASPAVLEL	1	HLA-B52*01	I			TSNAdb_v2.0_validated	B721.221 Cell Line	validation_level=tier3;reference=PMID:31844454;domain_transfer_event_not_pgaa_ranked
TSNADB2_001309	snv	MAP3K9	MAP3K9_E689K	ASWVVPIDIK	9	HLA-A03*01	I			TSNAdb_v2.0_validated	Melanoma	validation_level=tier3;reference=PMID:27869121;domain_transfer_event_not_pgaa_ranked
TSNADB2_001310	snv	MAP3K9	MAP3K9_E689K	ASWVVPIDIK	9	HLA-A03*01	I			TSNAdb_v2.0_validated	Hepatocellular Carcinoma	validation_level=tier3;reference=PMID:31039795;domain_transfer_event_not_pgaa_ranked
TSNADB2_001311	snv	COL6A3	COL6A3_P2142Q	ATAAKQVAAKP	5	HLA-A02*05	I			TSNAdb_v2.0_validated	B721.221 Cell Line	validation_level=tier3;reference=PMID:31844315;domain_transfer_event_not_pgaa_ranked
TSNADB2_001312	snv	MKLN1	MKLN1_D521V	ATIVPELNEI	3	HLA-A68*01	I			TSNAdb_v2.0_validated	Non-Small Cell Lung Cancer	validation_level=tier3;reference=PMID:30556813;domain_transfer_event_not_pgaa_ranked
TSNADB2_001313	snv	RNF213	RNF213_D2271V	ATPSLHTSV	8	HLA-A68*02	I			TSNAdb_v2.0_validated	Non-Small Cell Lung Cancer	validation_level=tier3;reference=PMID:30556813;domain_transfer_event_not_pgaa_ranked
TSNADB2_001315	snv	IRF2BPL	IRF2BPL_M413L	AVSKPGLDYEL	6	HLA-A68*02	I			TSNAdb_v2.0_validated	Non-Small Cell Lung Cancer	validation_level=tier3;reference=PMID:30556813;domain_transfer_event_not_pgaa_ranked
TSNADB2_001316	snv	ARL6	ARL6_L146F	AVTSVKVSQF	9	HLA-A03*01	I			TSNAdb_v2.0_validated	Hepatocellular Carcinoma	validation_level=tier3;reference=PMID:31039795;domain_transfer_event_not_pgaa_ranked
TSNADB2_001317	snv	RNF216	RNF216_M45V	DEERIPVL	6	HLA-B18*01	I			TSNAdb_v2.0_validated	Non-Small Cell Lung Cancer	validation_level=tier3;reference=PMID:30556813;domain_transfer_event_not_pgaa_ranked
TSNADB2_001318	snv	ADGRA3	ADGRA3_C734F	DENITTIQF	8	HLA-B18*01	I			TSNAdb_v2.0_validated	Non-Small Cell Lung Cancer	validation_level=tier3;reference=PMID:30556813;domain_transfer_event_not_pgaa_ranked
TSNADB2_001319	snv	RNF213	RNF213_D2271V	DFATPSLHTSV	10	HLA-A68*02	I			TSNAdb_v2.0_validated	Non-Small Cell Lung Cancer	validation_level=tier3;reference=PMID:30556813;domain_transfer_event_not_pgaa_ranked
TSNADB2_001320	snv	UBXN6	UBXN6_S427F	DFILKPEL	1	HLA-B08*01	I			TSNAdb_v2.0_validated	Hepatocellular Carcinoma	validation_level=tier3;reference=PMID:31039795;domain_transfer_event_not_pgaa_ranked
TSNADB2_001321	snv	FGA	FGA_A29T	DFLTEGGGV	3	HLA-A32*01	I			TSNAdb_v2.0_validated	B721.221 Cell Line	validation_level=tier3;reference=PMID:31844350;domain_transfer_event_not_pgaa_ranked
TSNADB2_001322	snv	KRAS	KRAS_G12D	DGVGKSAL	6	HLA-B08*01	I			TSNAdb_v2.0_validated	Non-Small Cell Lung Cancer	validation_level=tier3;reference=PMID:30556813;domain_transfer_event_not_pgaa_ranked
TSNADB2_001323	snv	EPRS	EPRS_M277I	DHFETIIKY	6	HLA-B18*01	I			TSNAdb_v2.0_validated	Non-Small Cell Lung Cancer	validation_level=tier3;reference=PMID:30556813;domain_transfer_event_not_pgaa_ranked
TSNADB2_001324	snv	PTPRC	PTPRC_L1204I	DIFQVVKAI	8	HLA-A68*02	I			TSNAdb_v2.0_validated	Non-Small Cell Lung Cancer	validation_level=tier3;reference=PMID:30556813;domain_transfer_event_not_pgaa_ranked
TSNADB2_001325	snv	SPECC1L	SPECC1L_I771V	DIKSEAQEEV	9	HLA-A02*01	I			TSNAdb_v2.0_validated	Hepatocellular Carcinoma	validation_level=tier3;reference=PMID:31039795;domain_transfer_event_not_pgaa_ranked
TSNADB2_001326	snv	EPS8	EPS8_Q64E	DISEYRVEHL	3	HLA-A68*02	I			TSNAdb_v2.0_validated	Non-Small Cell Lung Cancer	validation_level=tier3;reference=PMID:30556813;domain_transfer_event_not_pgaa_ranked
TSNADB2_001327	snv	TXNL4A	TXNL4A_N70S	DITEVPDFSK	8	HLA-A03*01	I			TSNAdb_v2.0_validated	Hepatocellular Carcinoma	validation_level=tier3;reference=PMID:31039795;domain_transfer_event_not_pgaa_ranked
TSNADB2_001328	snv	HSPA8	HSPA8_G201A	DLAGGTFDV	2	HLA-B27*05	I			TSNAdb_v2.0_validated	Non-Small Cell Lung Cancer	validation_level=tier3;reference=PMID:30556813;domain_transfer_event_not_pgaa_ranked
TSNADB2_001329	snv	HSPA8	HSPA8_G201A	DLAGGTFDVS	2	HLA-A32*01	I			TSNAdb_v2.0_validated	Non-Small Cell Lung Cancer	validation_level=tier3;reference=PMID:30556813;domain_transfer_event_not_pgaa_ranked
TSNADB2_001330	snv	HLA-B	HLA-B_T162M	DMAAQITQR	1	HLA-A33*01	I			TSNAdb_v2.0_validated	B721.221 Cell Line	validation_level=tier3;reference=PMID:31844354;domain_transfer_event_not_pgaa_ranked
TSNADB2_001331	snv	HLA-B	HLA-B_T162M	DMAAQITQR	1	HLA-A34*01	I			TSNAdb_v2.0_validated	B721.221 Cell Line	validation_level=tier3;reference=PMID:31844361;domain_transfer_event_not_pgaa_ranked
TSNADB2_001332	snv	WARS	WARS_D148H	DMNQVLHAY	6	HLA-C07*01	I			TSNAdb_v2.0_validated	Non-Small Cell Lung Cancer	validation_level=tier3;reference=PMID:30556813;domain_transfer_event_not_pgaa_ranked
TSNADB2_001333	snv	CLTC	CLTC_S989L	DPEEVLVTV	5	HLA-B51*01	I			TSNAdb_v2.0_validated	Non-Small Cell Lung Cancer	validation_level=tier3;reference=PMID:30556813;domain_transfer_event_not_pgaa_ranked
TSNADB2_001334	snv	TUBB8B	TUBB8B_F51L	DRIINTLSI	6	HLA-B15*01	I			TSNAdb_v2.0_validated	B721.221 Cell Line	validation_level=tier3;reference=PMID:31844405;domain_transfer_event_not_pgaa_ranked
TSNADB2_001335	snv	OSER1	OSER1_S119N	DSPDGSNGL	6	HLA-C01*02	I			TSNAdb_v2.0_validated	Non-Small Cell Lung Cancer	validation_level=tier3;reference=PMID:30556813;domain_transfer_event_not_pgaa_ranked
TSNADB2_001336	snv	FCHO2	FCHO2_L543S	DTSPVAVAL	2	HLA-A26*01	I			TSNAdb_v2.0_validated	Non-Small Cell Lung Cancer	validation_level=tier3;reference=PMID:30556813;domain_transfer_event_not_pgaa_ranked
TSNADB2_001337	snv	CFL2	CFL2_D66Y	DTVEYPYTSF	4	HLA-A26*01	I			TSNAdb_v2.0_validated	Non-Small Cell Lung Cancer	validation_level=tier3;reference=PMID:30556813;domain_transfer_event_not_pgaa_ranked
TSNADB2_001338	snv	EIF5	EIF5_M275I	DVKAIGPLV	4	HLA-A26*01	I			TSNAdb_v2.0_validated	Non-Small Cell Lung Cancer	validation_level=tier3;reference=PMID:30556813;domain_transfer_event_not_pgaa_ranked
TSNADB2_001339	snv	ANKRD20A4	ANKRD20A4_M646R	DVSVQVER	7	HLA-A68*01	I			TSNAdb_v2.0_validated	Non-Small Cell Lung Cancer	validation_level=tier3;reference=PMID:30556813;domain_transfer_event_not_pgaa_ranked
TSNADB2_001341	snv	HLA-A	HLA-A_H172R	EAARVAEQLRA	3	HLA-B54*01	I			TSNAdb_v2.0_validated	B721.221 Cell Line	validation_level=tier3;reference=PMID:31844467;domain_transfer_event_not_pgaa_ranked
TSNADB2_001342	snv	CRYBG1	CRYBG1_E1196A	EAAYIGSMR	1	HLA-A33*03	I			TSNAdb_v2.0_validated	B721.221 Cell Line	validation_level=tier3;reference=PMID:31844357;domain_transfer_event_not_pgaa_ranked
TSNADB2_001343	snv	CRYBG1	CRYBG1_E1196A	EAAYIGSMR	1	HLA-A34*01	I			TSNAdb_v2.0_validated	B721.221 Cell Line	validation_level=tier3;reference=PMID:31844362;domain_transfer_event_not_pgaa_ranked
TSNADB2_001344	snv	CRYBG1	CRYBG1_E1196A	EAAYIGSMR	1	HLA-A34*02	I			TSNAdb_v2.0_validated	B721.221 Cell Line	validation_level=tier3;reference=PMID:31844367;domain_transfer_event_not_pgaa_ranked
TSNADB2_001345	snv	CRYBG1	CRYBG1_E1196A	EAAYIGSMR	1	HLA-A66*01	I			TSNAdb_v2.0_validated	B721.221 Cell Line	validation_level=tier3;reference=PMID:31844372;domain_transfer_event_not_pgaa_ranked
TSNADB2_001346	snv	CRYBG1	CRYBG1_E1196A	EAAYIGSMR	1	HLA-A68*01	I			TSNAdb_v2.0_validated	B721.221 Cell Line	validation_level=tier3;reference=PMID:31844379;domain_transfer_event_not_pgaa_ranked
TSNADB2_001347	snv	TET3	TET3_G238V	EAGNNSRVPR	7	HLA-A68*01	I			TSNAdb_v2.0_validated	Non-Small Cell Lung Cancer	validation_level=tier3;reference=PMID:30556813;domain_transfer_event_not_pgaa_ranked
TSNADB2_001348	snv	ADM	ADM_T162A	EAGPGRALV	6	HLA-B49*01	I			TSNAdb_v2.0_validated	B721.221 Cell Line	validation_level=tier3;reference=PMID:31844448;domain_transfer_event_not_pgaa_ranked
TSNADB2_001349	snv	GCNT2	GCNT2_P94L	EEADFLLAY	5	HLA-B18*01	I			TSNAdb_v2.0_validated	Non-Small Cell Lung Cancer	validation_level=tier3;reference=PMID:30556813;domain_transfer_event_not_pgaa_ranked
TSNADB2_001350	snv	TMEM57	TMEM57_R490W	EEATAAWAV	6	HLA-B18*01	I			TSNAdb_v2.0_validated	Hepatocellular Carcinoma	validation_level=tier3;reference=PMID:31039795;domain_transfer_event_not_pgaa_ranked
TSNADB2_001351	snv	DNAH7	DNAH7_W748I	EEEAFGILP	6	HLA-B45*01	I			TSNAdb_v2.0_validated	B721.221 Cell Line	validation_level=tier3;reference=PMID:31844442;domain_transfer_event_not_pgaa_ranked
TSNADB2_001352	snv	UQCRB	UQCRB_N88K	EEEKFYLEP	3	HLA-B45*01	I			TSNAdb_v2.0_validated	Hct 116 Cell Line	validation_level=tier3;reference=PMID:25576301;domain_transfer_event_not_pgaa_ranked
TSNADB2_001353	snv	BCL2L13	BCL2L13_I216V	EEEYPGVTA	6	HLA-B45*01	I			TSNAdb_v2.0_validated	Hct 116 Cell Line	validation_level=tier3;reference=PMID:25576301;domain_transfer_event_not_pgaa_ranked
TSNADB2_001355	snv	RBBP7	RBBP7_N17D	EERVIDEEY	5	HLA-B18*01	I			TSNAdb_v2.0_validated	Hct 116 Cell Line	validation_level=tier3;reference=PMID:25576301;domain_transfer_event_not_pgaa_ranked
TSNADB2_001356	snv	AGMAT	AGMAT_G105L	EESVMLLTV	6	HLA-B49*01	I			TSNAdb_v2.0_validated	Non-Small Cell Lung Cancer	validation_level=tier3;reference=PMID:30556813;domain_transfer_event_not_pgaa_ranked
TSNADB2_001357	snv	TIAM1	TIAM1_Y283F	EETPPFSNY	5	HLA-B44*03	I			TSNAdb_v2.0_validated	Non-Small Cell Lung Cancer	validation_level=tier3;reference=PMID:30556813;domain_transfer_event_not_pgaa_ranked
TSNADB2_001358	snv	EPB41L3	EPB41L3_S495L	EEVTPILAI	6	HLA-B44*03	I			TSNAdb_v2.0_validated	Non-Small Cell Lung Cancer	validation_level=tier3;reference=PMID:30556813;domain_transfer_event_not_pgaa_ranked
TSNADB2_001359	snv	PIGN	PIGN_W83L	EGSLGISHTR	3	HLA-A68*01	I			TSNAdb_v2.0_validated	Non-Small Cell Lung Cancer	validation_level=tier3;reference=PMID:30556813;domain_transfer_event_not_pgaa_ranked
TSNADB2_001360	snv	CRELD1	CRELD1_Q347H	EHIPESAGF	1	HLA-B38*01	I			TSNAdb_v2.0_validated	Non-Small Cell Lung Cancer	validation_level=tier3;reference=PMID:30556813;domain_transfer_event_not_pgaa_ranked
TSNADB2_001361	snv	KATNAL1	KATNAL1_D407Y	ELDPDIQLEY	9	HLA-A01*01	I			TSNAdb_v2.0_validated	Non-Small Cell Lung Cancer	validation_level=tier3;reference=PMID:30556813;domain_transfer_event_not_pgaa_ranked
TSNADB2_001362	snv	PQLC1	PQLC1_R109C	ELNARRCSF	6	HLA-B08*01	I			TSNAdb_v2.0_validated	Non-Small Cell Lung Cancer	validation_level=tier3;reference=PMID:30556813;domain_transfer_event_not_pgaa_ranked
TSNADB2_001363	snv	CTNS	CTNS_P80L	ELPDEVVVPL	9	HLA-A02*01	I			TSNAdb_v2.0_validated	Hepatocellular Carcinoma	validation_level=tier3;reference=PMID:31039795;domain_transfer_event_not_pgaa_ranked
TSNADB2_001364	snv	C5orf42	C5orf42_I1908L	EMDMHLSDY	5	HLA-A01*01	I			TSNAdb_v2.0_validated	Non-Small Cell Lung Cancer	validation_level=tier3;reference=PMID:30556813;domain_transfer_event_not_pgaa_ranked
TSNADB2_001365	snv	ADGRA3	ADGRA3_C734F	ENITTIQFY	7	HLA-A26*01	I			TSNAdb_v2.0_validated	Non-Small Cell Lung Cancer	validation_level=tier3;reference=PMID:30556813;domain_transfer_event_not_pgaa_ranked
TSNADB2_001366	snv	OXSM	OXSM_K109T	EQNFVSTSDIK	6	HLA-A68*01	I			TSNAdb_v2.0_validated	Non-Small Cell Lung Cancer	validation_level=tier3;reference=PMID:30556813;domain_transfer_event_not_pgaa_ranked
TSNADB2_001367	snv	HLA-C	HLA-C_T363A	ESLIACKA	4	HLA-C01*02	I			TSNAdb_v2.0_validated	B721.221 Cell Line	validation_level=tier3;reference=PMID:31844474;domain_transfer_event_not_pgaa_ranked
TSNADB2_001368	snv	HLA-C	HLA-C_T363A	ESLIACKA	4	HLA-C03*03	I			TSNAdb_v2.0_validated	B721.221 Cell Line	validation_level=tier3;reference=PMID:31844480;domain_transfer_event_not_pgaa_ranked
TSNADB2_001369	snv	HLA-C	HLA-C_T363A	ESLIACKA	4	HLA-C04*01	I			TSNAdb_v2.0_validated	B721.221 Cell Line	validation_level=tier3;reference=PMID:31844490;domain_transfer_event_not_pgaa_ranked
TSNADB2_001370	snv	HLA-C	HLA-C_T363A	ESLIACKA	4	HLA-C05*01	I			TSNAdb_v2.0_validated	B721.221 Cell Line	validation_level=tier3;reference=PMID:31844494;domain_transfer_event_not_pgaa_ranked
TSNADB2_001371	snv	HLA-C	HLA-C_T363A	ESLIACKA	4	HLA-C07*01	I			TSNAdb_v2.0_validated	B721.221 Cell Line	validation_level=tier3;reference=PMID:31844495;domain_transfer_event_not_pgaa_ranked
TSNADB2_001372	snv	HLA-C	HLA-C_T363A	ESLIACKA	4	HLA-C12*03	I			TSNAdb_v2.0_validated	B721.221 Cell Line	validation_level=tier3;reference=PMID:31844507;domain_transfer_event_not_pgaa_ranked
TSNADB2_001373	snv	HLA-C	HLA-C_T363A	ESLIACKA	4	HLA-C17*01	I			TSNAdb_v2.0_validated	B721.221 Cell Line	validation_level=tier3;reference=PMID:31844523;domain_transfer_event_not_pgaa_ranked
TSNADB2_001374	snv	ACTG1	ACTG1_G366S	ESSPSIVHR	2	HLA-A33*03	I			TSNAdb_v2.0_validated	B721.221 Cell Line	validation_level=tier3;reference=PMID:31844358;domain_transfer_event_not_pgaa_ranked
TSNADB2_001375	snv	ACTG1	ACTG1_G366S	ESSPSIVHR	2	HLA-A66*01	I			TSNAdb_v2.0_validated	B721.221 Cell Line	validation_level=tier3;reference=PMID:31844373;domain_transfer_event_not_pgaa_ranked
TSNADB2_001376	snv	NUP153	NUP153_P778L	ETLKPGTCVKR	2	HLA-A68*01	I			TSNAdb_v2.0_validated	Hepatocellular Carcinoma	validation_level=tier3;reference=PMID:31039795;domain_transfer_event_not_pgaa_ranked
TSNADB2_001377	snv	TIAM1	TIAM1_Y283F	ETPPFSNYNTL	4	HLA-A26*01	I			TSNAdb_v2.0_validated	Non-Small Cell Lung Cancer	validation_level=tier3;reference=PMID:30556813;domain_transfer_event_not_pgaa_ranked
TSNADB2_001378	snv	GABPA	GABPA_E161K	ETSKQVTRW	3	HLA-A25*01	I			TSNAdb_v2.0_validated	Melanoma	validation_level=tier3;reference=PMID:27869121;domain_transfer_event_not_pgaa_ranked
TSNADB2_001379	snv	GABPA	GABPA_E161K	ETSKQVTRW	3	HLA-A25*01	I			TSNAdb_v2.0_validated	Hepatocellular Carcinoma	validation_level=tier3;reference=PMID:31039795;domain_transfer_event_not_pgaa_ranked
TSNADB2_001380	snv	TTK	TTK_G804E	ETTEEMKYVL	0	HLA-A68*02	I			TSNAdb_v2.0_validated	Non-Small Cell Lung Cancer	validation_level=tier3;reference=PMID:30556813;domain_transfer_event_not_pgaa_ranked
TSNADB2_001381	snv	ALB	ALB_K375E	ETYETTLEK	0	HLA-A11*01	I			TSNAdb_v2.0_validated	Hepatocellular Carcinoma	validation_level=tier3;reference=PMID:31039795;domain_transfer_event_not_pgaa_ranked
TSNADB2_001382	snv	ZFYVE9	ZFYVE9_K845T	EVADAATLTM	6	HLA-A26*01	I			TSNAdb_v2.0_validated	Non-Small Cell Lung Cancer	validation_level=tier3;reference=PMID:30556813;domain_transfer_event_not_pgaa_ranked
TSNADB2_001383	snv	IFRD2	IFRD2_H446Y	EVLGSGMHHY	9	HLA-A26*01	I			TSNAdb_v2.0_validated	Melanoma	validation_level=tier3;reference=PMID:27600516;domain_transfer_event_not_pgaa_ranked
TSNADB2_001384	snv	FAM185A	FAM185A_G60A	EVPPPGPAR	7	HLA-A34*01	I			TSNAdb_v2.0_validated	B721.221 Cell Line	validation_level=tier3;reference=PMID:31844363;domain_transfer_event_not_pgaa_ranked
TSNADB2_001385	snv	MROH1	MROH1_A38V	EVRPVETLR	1	HLA-A33*01	I			TSNAdb_v2.0_validated	B721.221 Cell Line	validation_level=tier3;reference=PMID:31844355;domain_transfer_event_not_pgaa_ranked
TSNADB2_001386	snv	MROH1	MROH1_A38V	EVRPVETLR	1	HLA-A33*03	I			TSNAdb_v2.0_validated	B721.221 Cell Line	validation_level=tier3;reference=PMID:31844359;domain_transfer_event_not_pgaa_ranked
TSNADB2_001387	snv	BTN2A2	BTN2A2_R72Q	EVRWFQSQF	5	HLA-A26*01	I			TSNAdb_v2.0_validated	B721.221 Cell Line	validation_level=tier3;reference=PMID:31844338;domain_transfer_event_not_pgaa_ranked
TSNADB2_001388	snv	EPB41L3	EPB41L3_S495L	EVTPILAIR	5	HLA-A26*01	I			TSNAdb_v2.0_validated	Non-Small Cell Lung Cancer	validation_level=tier3;reference=PMID:30556813;domain_transfer_event_not_pgaa_ranked
TSNADB2_001389	snv	ULK1	ULK1_T810A	FADPIAANL	5	HLA-A02*07	I			TSNAdb_v2.0_validated	B721.221 Cell Line	validation_level=tier3;reference=PMID:31844318;domain_transfer_event_not_pgaa_ranked
TSNADB2_001390	snv	ULK1	ULK1_T810A	FADPIAANL	5	HLA-C03*03	I			TSNAdb_v2.0_validated	B721.221 Cell Line	validation_level=tier3;reference=PMID:31844482;domain_transfer_event_not_pgaa_ranked
TSNADB2_001391	snv	ULK1	ULK1_T810A	FADPIAANL	5	HLA-C04*01	I			TSNAdb_v2.0_validated	B721.221 Cell Line	validation_level=tier3;reference=PMID:31844491;domain_transfer_event_not_pgaa_ranked
TSNADB2_001392	snv	ULK1	ULK1_T810A	FADPIAANL	5	HLA-C08*01	I			TSNAdb_v2.0_validated	B721.221 Cell Line	validation_level=tier3;reference=PMID:31844500;domain_transfer_event_not_pgaa_ranked
TSNADB2_001393	snv	ULK1	ULK1_T810A	FADPIAANL	5	HLA-C08*02	I			TSNAdb_v2.0_validated	B721.221 Cell Line	validation_level=tier3;reference=PMID:31844504;domain_transfer_event_not_pgaa_ranked
TSNADB2_001394	snv	IRF2BPL	IRF2BPL_M413L	FAFDAVSKPGL	10	HLA-A68*02	I			TSNAdb_v2.0_validated	Non-Small Cell Lung Cancer	validation_level=tier3;reference=PMID:30556813;domain_transfer_event_not_pgaa_ranked
TSNADB2_001395	snv	MTFR2	MTFR2_D326Y	FAFQEYDSF	5	HLA-B35*01	I			TSNAdb_v2.0_validated	Non-Small Cell Lung Cancer	validation_level=tier3;reference=PMID:28832583;domain_transfer_event_not_pgaa_ranked
TSNADB2_001396	snv	NRP1	NRP1_V179A	FAPKMSEIIL	1	HLA-C03*04	I			TSNAdb_v2.0_validated	B721.221 Cell Line	validation_level=tier3;reference=PMID:31844489;domain_transfer_event_not_pgaa_ranked
TSNADB2_001397	snv	RNF213	RNF213_D2271V	FATPSLHTSV	9	HLA-A68*02	I			TSNAdb_v2.0_validated	Non-Small Cell Lung Cancer	validation_level=tier3;reference=PMID:30556813;domain_transfer_event_not_pgaa_ranked
TSNADB2_001398	snv	PDIA2	PDIA2_G113A	FAVTEYPTL	1	HLA-A02*07	I			TSNAdb_v2.0_validated	B721.221 Cell Line	validation_level=tier3;reference=PMID:31844319;domain_transfer_event_not_pgaa_ranked
TSNADB2_001399	snv	PDIA2	PDIA2_G113A	FAVTEYPTL	1	HLA-A68*02	I			TSNAdb_v2.0_validated	B721.221 Cell Line	validation_level=tier3;reference=PMID:31844382;domain_transfer_event_not_pgaa_ranked
TSNADB2_001400	snv	PDIA2	PDIA2_G113A	FAVTEYPTLKF	1	HLA-A02*07	I			TSNAdb_v2.0_validated	B721.221 Cell Line	validation_level=tier3;reference=PMID:31844324;domain_transfer_event_not_pgaa_ranked
TSNADB2_001401	snv	PDIA2	PDIA2_G113A	FAVTEYPTLKF	1	HLA-A29*02	I			TSNAdb_v2.0_validated	B721.221 Cell Line	validation_level=tier3;reference=PMID:31844342;domain_transfer_event_not_pgaa_ranked
TSNADB2_001402	snv	PDIA2	PDIA2_G113A	FAVTEYPTLKF	1	HLA-B35*01	I			TSNAdb_v2.0_validated	B721.221 Cell Line	validation_level=tier3;reference=PMID:31844416;domain_transfer_event_not_pgaa_ranked
TSNADB2_001403	snv	WDR3	WDR3_Y588H	FFLSLHGHKL	7	HLA-A24*02	I			TSNAdb_v2.0_validated	Hepatocellular Carcinoma	validation_level=tier3;reference=PMID:31039795;domain_transfer_event_not_pgaa_ranked
TSNADB2_001404	snv	NEK9	NEK9_D252H	FHATNPLNL	1	HLA-B38*01	I			TSNAdb_v2.0_validated	Non-Small Cell Lung Cancer	validation_level=tier3;reference=PMID:30556813;domain_transfer_event_not_pgaa_ranked
TSNADB2_001405	snv	HBA2	HBA2_C105S	FKLLSHSL	6	HLA-C07*02	I			TSNAdb_v2.0_validated	B721.221 Cell Line	validation_level=tier3;reference=PMID:31844497;domain_transfer_event_not_pgaa_ranked
TSNADB2_001406	snv	HBA2	HBA2_S132N	FLANVSTVL	3	HLA-A02*01	I			TSNAdb_v2.0_validated	B721.221 Cell Line	validation_level=tier3;reference=PMID:31844292;domain_transfer_event_not_pgaa_ranked
TSNADB2_001407	snv	HBA2	HBA2_S132N	FLANVSTVL	3	HLA-A02*03	I			TSNAdb_v2.0_validated	B721.221 Cell Line	validation_level=tier3;reference=PMID:31844303;domain_transfer_event_not_pgaa_ranked
TSNADB2_001408	snv	HBA2	HBA2_S132N	FLANVSTVL	3	HLA-A02*04	I			TSNAdb_v2.0_validated	B721.221 Cell Line	validation_level=tier3;reference=PMID:31844307;domain_transfer_event_not_pgaa_ranked
TSNADB2_001409	snv	HBA2	HBA2_S132N	FLANVSTVL	3	HLA-A02*07	I			TSNAdb_v2.0_validated	B721.221 Cell Line	validation_level=tier3;reference=PMID:31844320;domain_transfer_event_not_pgaa_ranked
TSNADB2_001410	snv	HBA2	HBA2_S132N	FLANVSTVL	3	HLA-A68*02	I			TSNAdb_v2.0_validated	B721.221 Cell Line	validation_level=tier3;reference=PMID:31844383;domain_transfer_event_not_pgaa_ranked
TSNADB2_001411	snv	HBA2	HBA2_S132N	FLANVSTVL	3	HLA-C03*02	I			TSNAdb_v2.0_validated	B721.221 Cell Line	validation_level=tier3;reference=PMID:31844477;domain_transfer_event_not_pgaa_ranked
TSNADB2_001412	snv	HBA2	HBA2_S132N	FLANVSTVL	3	HLA-C03*03	I			TSNAdb_v2.0_validated	B721.221 Cell Line	validation_level=tier3;reference=PMID:31844483;domain_transfer_event_not_pgaa_ranked
TSNADB2_001413	snv	HBA2	HBA2_S132N	FLANVSTVL	3	HLA-C03*04	I			TSNAdb_v2.0_validated	B721.221 Cell Line	validation_level=tier3;reference=PMID:31844487;domain_transfer_event_not_pgaa_ranked
TSNADB2_001414	snv	HBA2	HBA2_S132N	FLANVSTVL	3	HLA-C12*03	I			TSNAdb_v2.0_validated	B721.221 Cell Line	validation_level=tier3;reference=PMID:31844508;domain_transfer_event_not_pgaa_ranked
TSNADB2_001415	snv	HBA2	HBA2_S132N	FLANVSTVL	3	HLA-C17*01	I			TSNAdb_v2.0_validated	B721.221 Cell Line	validation_level=tier3;reference=PMID:31844525;domain_transfer_event_not_pgaa_ranked
TSNADB2_001419	snv	CCT4	CCT4_S115F	FLLDSCTKL	0	HLA-A02*01	I			TSNAdb_v2.0_validated	Melanoma	validation_level=tier3;reference=PMID:31921104;domain_transfer_event_not_pgaa_ranked
TSNADB2_001420	snv	H2BC17	H2BC17_V67L	FLNDIFERI	1	HLA-A02*01	I			TSNAdb_v2.0_validated	B721.221 Cell Line	validation_level=tier3;reference=PMID:31844293;domain_transfer_event_not_pgaa_ranked
TSNADB2_001421	snv	H2BC17	H2BC17_V67L	FLNDIFERI	1	HLA-A02*07	I			TSNAdb_v2.0_validated	B721.221 Cell Line	validation_level=tier3;reference=PMID:31844321;domain_transfer_event_not_pgaa_ranked
TSNADB2_001422	snv	WDR3	WDR3_Y588H	FLSLHGHK	6	HLA-A03*01	I			TSNAdb_v2.0_validated	Hepatocellular Carcinoma	validation_level=tier3;reference=PMID:31039795;domain_transfer_event_not_pgaa_ranked
TSNADB2_001423	snv	ANKLE2	ANKLE2_P266T	FPSPSKTSLTL	9	HLA-B07*02	I			TSNAdb_v2.0_validated	Non-Small Cell Lung Cancer	validation_level=tier3;reference=PMID:30556813;domain_transfer_event_not_pgaa_ranked
TSNADB2_001424	snv	PDIA2	PDIA2_A457P	FPVHGFPT	1	HLA-B54*01	I			TSNAdb_v2.0_validated	B721.221 Cell Line	validation_level=tier3;reference=PMID:31844463;domain_transfer_event_not_pgaa_ranked
TSNADB2_001425	snv	PDIA2	PDIA2_A457P	FPVHGFPTL	1	HLA-A68*02	I			TSNAdb_v2.0_validated	B721.221 Cell Line	validation_level=tier3;reference=PMID:31844384;domain_transfer_event_not_pgaa_ranked
TSNADB2_001426	snv	PDIA2	PDIA2_A457P	FPVHGFPTL	1	HLA-B54*01	I			TSNAdb_v2.0_validated	B721.221 Cell Line	validation_level=tier3;reference=PMID:31844464;domain_transfer_event_not_pgaa_ranked
TSNADB2_001427	snv	SLC22A15	SLC22A15_A396P	FPVVNSHSL	1	HLA-C03*04	I			TSNAdb_v2.0_validated	Non-Small Cell Lung Cancer	validation_level=tier3;reference=PMID:30556813;domain_transfer_event_not_pgaa_ranked
TSNADB2_001428	snv	FER	FER_C759F	FPYPGMTNQ	7	HLA-B51*01	I			TSNAdb_v2.0_validated	Non-Small Cell Lung Cancer	validation_level=tier3;reference=PMID:30556813;domain_transfer_event_not_pgaa_ranked
TSNADB2_001429	snv	ALB	ALB_L432I	FQNALIVRY	5	HLA-A29*02	I			TSNAdb_v2.0_validated	B721.221 Cell Line	validation_level=tier3;reference=PMID:31844340;domain_transfer_event_not_pgaa_ranked
TSNADB2_001431	snv	DDX21	DDX21_S584F	FVPPTAISHF	0	HLA-B35*03	I			TSNAdb_v2.0_validated	Hepatocellular Carcinoma	validation_level=tier3;reference=PMID:31039795;domain_transfer_event_not_pgaa_ranked
TSNADB2_001432	snv	OXSM	OXSM_K109T	FVSTSDIKSM	3	HLA-C03*04	I			TSNAdb_v2.0_validated	Non-Small Cell Lung Cancer	validation_level=tier3;reference=PMID:30556813;domain_transfer_event_not_pgaa_ranked
TSNADB2_001433	snv	FGA	FGA_A29T	GDFLTEGGGV	4	HLA-A32*01	I			TSNAdb_v2.0_validated	B721.221 Cell Line	validation_level=tier3;reference=PMID:31844351;domain_transfer_event_not_pgaa_ranked
TSNADB2_001434	snv	ZNF219	ZNF219_G602R	GEAGPGRAL	6	HLA-B40*01	I			TSNAdb_v2.0_validated	B721.221 Cell Line	validation_level=tier3;reference=PMID:31844427;domain_transfer_event_not_pgaa_ranked
TSNADB2_001435	snv	ABCC6	ABCC6_Q715E	GEELDPPWL	1	HLA-B18*01	I			TSNAdb_v2.0_validated	Hepatocellular Carcinoma	validation_level=tier3;reference=PMID:31039795;domain_transfer_event_not_pgaa_ranked
TSNADB2_001436	snv	MROH1	MROH1_A38V	GEVRPVETL	2	HLA-B40*02	I			TSNAdb_v2.0_validated	B721.221 Cell Line	validation_level=tier3;reference=PMID:31844430;domain_transfer_event_not_pgaa_ranked
TSNADB2_001437	snv	NAPSA	NAPSA_L307R	GEYIIRCSEI	5	HLA-B49*01	I			TSNAdb_v2.0_validated	B721.221 Cell Line	validation_level=tier3;reference=PMID:31844449;domain_transfer_event_not_pgaa_ranked
TSNADB2_001438	snv	MPDZ	MPDZ_I149V	GIAVSEEDTL	3	HLA-A02*01	I			TSNAdb_v2.0_validated	Hepatocellular Carcinoma	validation_level=tier3;reference=PMID:31039795;domain_transfer_event_not_pgaa_ranked
TSNADB2_001439	snv	ZNF416	ZNF416_Q49K	GLLDEAKRLLY	6	HLA-A03*01	I			TSNAdb_v2.0_validated	Non-Small Cell Lung Cancer	validation_level=tier3;reference=PMID:30556813;domain_transfer_event_not_pgaa_ranked
TSNADB2_001440	snv	HERC6	HERC6_R218L	GLNVPVQSNK	1	HLA-A03*01	I			TSNAdb_v2.0_validated	Non-Small Cell Lung Cancer	validation_level=tier3;reference=PMID:30556813;domain_transfer_event_not_pgaa_ranked
TSNADB2_001441	snv	DSTYK	DSTYK_V27A	GLRPTVDAL	7	HLA-B07*02	I			TSNAdb_v2.0_validated	Gr Lymphoblastoid Cell Line	validation_level=tier3;reference=PMID:32561536;domain_transfer_event_not_pgaa_ranked
TSNADB2_001442	snv	MROH1	MROH1_L937I	GLSALILRY	5	HLA-A29*02	I			TSNAdb_v2.0_validated	B721.221 Cell Line	validation_level=tier3;reference=PMID:31844341;domain_transfer_event_not_pgaa_ranked
TSNADB2_001443	snv	HLA-DQA2	HLA-DQA2_M230V	GLVGIVVGTV	2	HLA-A02*03	I			TSNAdb_v2.0_validated	B721.221 Cell Line	validation_level=tier3;reference=PMID:31844305;domain_transfer_event_not_pgaa_ranked
TSNADB2_001444	snv	SOHLH2	SOHLH2_L159M	GPEELGLPM	8	HLA-B35*01	I			TSNAdb_v2.0_validated	Non-Small Cell Lung Cancer	validation_level=tier3;reference=PMID:28832583;domain_transfer_event_not_pgaa_ranked
TSNADB2_001445	snv	FBRSL1	FBRSL1_P425W	GPSIHPGFLPW	10	HLA-B53*01	I			TSNAdb_v2.0_validated	B721.221 Cell Line	validation_level=tier3;reference=PMID:31844461;domain_transfer_event_not_pgaa_ranked
TSNADB2_001446	snv	CHI3L2	CHI3L2_L379F	GPYPFVQAV	4	HLA-B49*01	I			TSNAdb_v2.0_validated	Non-Small Cell Lung Cancer	validation_level=tier3;reference=PMID:30556813;domain_transfer_event_not_pgaa_ranked
TSNADB2_001447	snv	SYTL4	SYTL4_S363F	GRIAFFLKY	5	HLA-B27*05	I			TSNAdb_v2.0_validated	Hepatocellular Carcinoma	validation_level=tier3;reference=PMID:31039795;domain_transfer_event_not_pgaa_ranked
TSNADB2_001448	snv	NUP43	NUP43_L331I	GRSSTFISH	6	HLA-B27*05	I			TSNAdb_v2.0_validated	Gr Lymphoblastoid Cell Line	validation_level=tier3;reference=PMID:32561536;domain_transfer_event_not_pgaa_ranked
TSNADB2_001449	snv	ABCC2	ABCC2_S1342F	GRTGAGKSFL	8	HLA-B27*05	I			TSNAdb_v2.0_validated	Melanoma	validation_level=tier3;reference=PMID:27869121;domain_transfer_event_not_pgaa_ranked
TSNADB2_001450	snv	ABCC2	ABCC2_S1342F	GRTGAGKSFL	8	HLA-B27*05	I			TSNAdb_v2.0_validated	Hepatocellular Carcinoma	validation_level=tier3;reference=PMID:31039795;domain_transfer_event_not_pgaa_ranked
TSNADB2_001451	snv	PSMD2	PSMD2_I896L	GRTPLMISK	4	HLA-B27*05	I			TSNAdb_v2.0_validated	Gr Lymphoblastoid Cell Line	validation_level=tier3;reference=PMID:32561536;domain_transfer_event_not_pgaa_ranked
TSNADB2_001453	snv	AGBL3	AGBL3_P47L	GSLQLPPPR	4	HLA-A11*01	I			TSNAdb_v2.0_validated	B721.221 Cell Line	validation_level=tier3;reference=PMID:31844328;domain_transfer_event_not_pgaa_ranked
TSNADB2_001454	snv	AGBL3	AGBL3_P47L	GSLQLPPPR	4	HLA-A11*02	I			TSNAdb_v2.0_validated	B721.221 Cell Line	validation_level=tier3;reference=PMID:31844331;domain_transfer_event_not_pgaa_ranked
TSNADB2_001455	snv	HLA-DRA	HLA-DRA_L242V	GTIFIIKGVR	8	HLA-A66*01	I			TSNAdb_v2.0_validated	B721.221 Cell Line	validation_level=tier3;reference=PMID:31844376;domain_transfer_event_not_pgaa_ranked
TSNADB2_001456	snv	HLA-DRA	HLA-DRA_L242V	GTIFIIKGVRK	8	HLA-A11*01	I			TSNAdb_v2.0_validated	B721.221 Cell Line	validation_level=tier3;reference=PMID:31844330;domain_transfer_event_not_pgaa_ranked
TSNADB2_001457	snv	HLA-DRA	HLA-DRA_L242V	GTIFIIKGVRK	8	HLA-A11*02	I			TSNAdb_v2.0_validated	B721.221 Cell Line	validation_level=tier3;reference=PMID:31844333;domain_transfer_event_not_pgaa_ranked
TSNADB2_001458	snv	RTFDC1	RTFDC1_E177K	GTKKDVDVLK	3	HLA-A03*01	I			TSNAdb_v2.0_validated	Non-Small Cell Lung Cancer	validation_level=tier3;reference=PMID:30556813;domain_transfer_event_not_pgaa_ranked
TSNADB2_001459	snv	XIRP2	XIRP2_Q2514K	GTSAPRKKK	8	HLA-A11*01	I			TSNAdb_v2.0_validated	Non-Small Cell Lung Cancer	validation_level=tier3;reference=PMID:28832583;domain_transfer_event_not_pgaa_ranked
TSNADB2_001460	snv	PLXNB2	PLXNB2_A1554T	GTTLILSKV	1	HLA-A02*01	I			TSNAdb_v2.0_validated	Hepatocellular Carcinoma	validation_level=tier3;reference=PMID:31039795;domain_transfer_event_not_pgaa_ranked
TSNADB2_001461	snv	HBB	HBB_K145R	GVANALAHRY	8	HLA-A30*02	I			TSNAdb_v2.0_validated	B721.221 Cell Line	validation_level=tier3;reference=PMID:31844347;domain_transfer_event_not_pgaa_ranked
TSNADB2_001462	snv	WDR1	WDR1_D26N	GVSKIIGGNPK	8	HLA-A68*01	I			TSNAdb_v2.0_validated	Non-Small Cell Lung Cancer	validation_level=tier3;reference=PMID:30556813;domain_transfer_event_not_pgaa_ranked
TSNADB2_001463	snv	HBA2	HBA2_G23A	HAAEYGAEAL	2	HLA-B35*03	I			TSNAdb_v2.0_validated	B721.221 Cell Line	validation_level=tier3;reference=PMID:31844417;domain_transfer_event_not_pgaa_ranked
TSNADB2_001464	snv	HBA2	HBA2_G23A	HAAEYGAEAL	2	HLA-C03*03	I			TSNAdb_v2.0_validated	B721.221 Cell Line	validation_level=tier3;reference=PMID:31844486;domain_transfer_event_not_pgaa_ranked
TSNADB2_001465	snv	HBA2	HBA2_G23A	HAAEYGAEAL	2	HLA-C08*01	I			TSNAdb_v2.0_validated	B721.221 Cell Line	validation_level=tier3;reference=PMID:31844502;domain_transfer_event_not_pgaa_ranked
TSNADB2_001466	snv	GAPDH	GAPDH_N125H	HDHFGIVEGL	2	HLA-B54*01	I			TSNAdb_v2.0_validated	B721.221 Cell Line	validation_level=tier3;reference=PMID:31844466;domain_transfer_event_not_pgaa_ranked
TSNADB2_001467	snv	UQCRB	UQCRB_D41H	HEDVKEAI	0	HLA-B49*01	I			TSNAdb_v2.0_validated	Non-Small Cell Lung Cancer	validation_level=tier3;reference=PMID:30556813;domain_transfer_event_not_pgaa_ranked
TSNADB2_001468	snv	C9orf85	C9orf85_Q155R	HHARLIFVF	3	HLA-B38*02	I			TSNAdb_v2.0_validated	B721.221 Cell Line	validation_level=tier3;reference=PMID:31844425;domain_transfer_event_not_pgaa_ranked
TSNADB2_001469	snv	KLF5	KLF5_T163I	HIKIEPVAI	3	HLA-B08*01	I			TSNAdb_v2.0_validated	Non-Small Cell Lung Cancer	validation_level=tier3;reference=PMID:30556813;domain_transfer_event_not_pgaa_ranked
TSNADB2_001470	snv	PKDREJ	PKDREJ_T1875I	HIYGSGGYAL	1	HLA-A02*01	I			TSNAdb_v2.0_validated	Hepatocellular Carcinoma	validation_level=tier3;reference=PMID:31039795;domain_transfer_event_not_pgaa_ranked
TSNADB2_001471	snv	HLA-F	HLA-F_I97V	HPVSDHEATL	2	HLA-B35*03	I			TSNAdb_v2.0_validated	B721.221 Cell Line	validation_level=tier3;reference=PMID:31844418;domain_transfer_event_not_pgaa_ranked
TSNADB2_001472	snv	HLA-F	HLA-F_I97V	HPVSDHEATL	2	HLA-B53*01	I			TSNAdb_v2.0_validated	B721.221 Cell Line	validation_level=tier3;reference=PMID:31844459;domain_transfer_event_not_pgaa_ranked
TSNADB2_001473	snv	GPAM	GPAM_H233Y	HRSYIDYLL	3	HLA-B27*05	I			TSNAdb_v2.0_validated	Hepatocellular Carcinoma	validation_level=tier3;reference=PMID:31039795;domain_transfer_event_not_pgaa_ranked
TSNADB2_001474	snv	ZNF84	ZNF84_T175A	HSKPEDTDAW	8	HLA-B57*01	I			TSNAdb_v2.0_validated	Non-Small Cell Lung Cancer	validation_level=tier3;reference=PMID:30556813;domain_transfer_event_not_pgaa_ranked
TSNADB2_001475	snv	HERC2	HERC2_A2060S	HSPFTATSL	1	HLA-C01*02	I			TSNAdb_v2.0_validated	Non-Small Cell Lung Cancer	validation_level=tier3;reference=PMID:30556813;domain_transfer_event_not_pgaa_ranked
TSNADB2_001476	snv	TAF2	TAF2_D194H	HSYSELCTW	0	HLA-B57*01	I			TSNAdb_v2.0_validated	Non-Small Cell Lung Cancer	validation_level=tier3;reference=PMID:30556813;domain_transfer_event_not_pgaa_ranked
TSNADB2_001477	snv	C1orf198	C1orf198_A14V	IAASRSVVM	6	HLA-C12*03	I			TSNAdb_v2.0_validated	Non-Small Cell Lung Cancer	validation_level=tier3;reference=PMID:30556813;domain_transfer_event_not_pgaa_ranked
TSNADB2_001478	snv	MPDZ	MPDZ_I149V	IAVSEEDTL	2	HLA-B51*01	I			TSNAdb_v2.0_validated	Hepatocellular Carcinoma	validation_level=tier3;reference=PMID:31039795;domain_transfer_event_not_pgaa_ranked
TSNADB2_001479	snv	CEP162	CEP162_E82D	IEEDSAEKI	3	HLA-B49*01	I			TSNAdb_v2.0_validated	Non-Small Cell Lung Cancer	validation_level=tier3;reference=PMID:30556813;domain_transfer_event_not_pgaa_ranked
TSNADB2_001480	snv	PBRM1	PBRM1_D578A	IEHNIRNAKY	7	HLA-B44*03	I			TSNAdb_v2.0_validated	Non-Small Cell Lung Cancer	validation_level=tier3;reference=PMID:30556813;domain_transfer_event_not_pgaa_ranked
TSNADB2_001481	snv	NUP205	NUP205_L691V	IEVEVNEI	4	HLA-B18*01	I			TSNAdb_v2.0_validated	Non-Small Cell Lung Cancer	validation_level=tier3;reference=PMID:30556813;domain_transfer_event_not_pgaa_ranked
TSNADB2_001482	snv	HSPA8	HSPA8_G201A	IFDLAGGTF	4	HLA-C02*02	I			TSNAdb_v2.0_validated	Non-Small Cell Lung Cancer	validation_level=tier3;reference=PMID:30556813;domain_transfer_event_not_pgaa_ranked
TSNADB2_001483	snv	HSPA8	HSPA8_G201A	IFDLAGGTFDV	4	HLA-C02*02	I			TSNAdb_v2.0_validated	Non-Small Cell Lung Cancer	validation_level=tier3;reference=PMID:30556813;domain_transfer_event_not_pgaa_ranked
TSNADB2_001484	snv	SCAF8	SCAF8_T183I	IINTDTLA	1	HLA-B50*01	I			TSNAdb_v2.0_validated	B721.221 Cell Line	validation_level=tier3;reference=PMID:31844450;domain_transfer_event_not_pgaa_ranked
TSNADB2_001485	snv	CUX1	CUX1_I111K	IKREYEQTLK	1	HLA-A03*01	I			TSNAdb_v2.0_validated	Gr Lymphoblastoid Cell Line	validation_level=tier3;reference=PMID:32561536;domain_transfer_event_not_pgaa_ranked
TSNADB2_001486	snv	SLC4A4	SLC4A4_A973V	ILKSTVAVI	7	HLA-B08*01	I			TSNAdb_v2.0_validated	Hepatocellular Carcinoma	validation_level=tier3;reference=PMID:31039795;domain_transfer_event_not_pgaa_ranked
TSNADB2_001487	snv	TEKT4	TEKT4_R100G	ILRDTSEDLGL	9	HLA-A02*02	I			TSNAdb_v2.0_validated	B721.221 Cell Line	validation_level=tier3;reference=PMID:31844299;domain_transfer_event_not_pgaa_ranked
TSNADB2_001488	snv	C3	C3_H1312L	ILWESASLL	1	HLA-A02*04	I			TSNAdb_v2.0_validated	B721.221 Cell Line	validation_level=tier3;reference=PMID:31844308;domain_transfer_event_not_pgaa_ranked
TSNADB2_001489	snv	IRS2	IRS2_S679I	IPASVSAPK	7	HLA-A68*01	I			TSNAdb_v2.0_validated	Non-Small Cell Lung Cancer	validation_level=tier3;reference=PMID:30556813;domain_transfer_event_not_pgaa_ranked
TSNADB2_001490	snv	ZNF267	ZNF267_C318Y	IPTEEKPYKW	7	HLA-B53*01	I			TSNAdb_v2.0_validated	B721.221 Cell Line	validation_level=tier3;reference=PMID:31844460;domain_transfer_event_not_pgaa_ranked
TSNADB2_001491	snv	ETAA1	ETAA1_E493Q	IQDQIQNCI	3	HLA-B38*01	I			TSNAdb_v2.0_validated	Non-Small Cell Lung Cancer	validation_level=tier3;reference=PMID:30556813;domain_transfer_event_not_pgaa_ranked
TSNADB2_001493	snv	DENND4C	DENND4C_L1367Q	IQERLQKI	1	HLA-B37*01	I			TSNAdb_v2.0_validated	B721.221 Cell Line	validation_level=tier3;reference=PMID:31844422;domain_transfer_event_not_pgaa_ranked
TSNADB2_001494	snv	RNF213	RNF213_R2827L	ISTFRQCAL	8	HLA-C16*01	I			TSNAdb_v2.0_validated	Non-Small Cell Lung Cancer	validation_level=tier3;reference=PMID:30556813;domain_transfer_event_not_pgaa_ranked
TSNADB2_001495	snv	KMT2E	KMT2E_A445P	ITIPFDFDY	3	HLA-A01*01	I			TSNAdb_v2.0_validated	Hepatocellular Carcinoma	validation_level=tier3;reference=PMID:31039795;domain_transfer_event_not_pgaa_ranked
TSNADB2_001496	snv	RECQL	RECQL_H19R	ITSELRAVEI	5	HLA-A02*01	I			TSNAdb_v2.0_validated	Hepatocellular Carcinoma	validation_level=tier3;reference=PMID:31039795;domain_transfer_event_not_pgaa_ranked
TSNADB2_001497	snv	SART1	SART1_N554I	IVFIATSEF	3	HLA-B15*03	I			TSNAdb_v2.0_validated	Non-Small Cell Lung Cancer	validation_level=tier3;reference=PMID:30556813;domain_transfer_event_not_pgaa_ranked
TSNADB2_001498	snv	CFAP70	CFAP70_E636G	IYTSSGQLQLF	5	HLA-A24*02	I			TSNAdb_v2.0_validated	Non-Small Cell Lung Cancer	validation_level=tier3;reference=PMID:30556813;domain_transfer_event_not_pgaa_ranked
TSNADB2_001499	snv	HBA2	HBA2_S132N	KFLANVSTV	4	HLA-C14*03	I			TSNAdb_v2.0_validated	B721.221 Cell Line	validation_level=tier3;reference=PMID:31844514;domain_transfer_event_not_pgaa_ranked
TSNADB2_001501	snv	ZBTB17	ZBTB17_Q400I	KIFTTSGNLK	1	HLA-A03*01	I			TSNAdb_v2.0_validated	Gr Lymphoblastoid Cell Line	validation_level=tier3;reference=PMID:32561536;domain_transfer_event_not_pgaa_ranked
TSNADB2_001502	snv	GLE1	GLE1_L220I	KIREAEQQRVK	1	HLA-A03*01	I			TSNAdb_v2.0_validated	Gr Lymphoblastoid Cell Line	validation_level=tier3;reference=PMID:32561536;domain_transfer_event_not_pgaa_ranked
TSNADB2_001503	snv	CENPE	CENPE_L1740I	KIRGIVSEK	1	HLA-A03*01	I			TSNAdb_v2.0_validated	Gr Lymphoblastoid Cell Line	validation_level=tier3;reference=PMID:32561536;domain_transfer_event_not_pgaa_ranked
TSNADB2_001505	snv	LOC102724813	LOC102724813_D71E	KKFQSFQEH	7	HLA-B15*03	I			TSNAdb_v2.0_validated	B721.221 Cell Line	validation_level=tier3;reference=PMID:31844410;domain_transfer_event_not_pgaa_ranked
TSNADB2_001507	snv	TPD52L2	TPD52L2_S123L	KLFEDRVGTIK	1	HLA-A03*01	I			TSNAdb_v2.0_validated	Melanoma	validation_level=tier3;reference=PMID:26819371;domain_transfer_event_not_pgaa_ranked
TSNADB2_001508	snv	GLRX2	GLRX2_N94S	KLFHDMNVSY	8	HLA-A29*02	I			TSNAdb_v2.0_validated	Non-Small Cell Lung Cancer	validation_level=tier3;reference=PMID:30556813;domain_transfer_event_not_pgaa_ranked
TSNADB2_001509	snv	NCAPG2	NCAPG2_P333L	KLILWRGLK	1	HLA-A03*01	I			TSNAdb_v2.0_validated	Hepatocellular Carcinoma	validation_level=tier3;reference=PMID:31039795;domain_transfer_event_not_pgaa_ranked
TSNADB2_001510	snv	EEF1A1	EEF1A1_E68Q	KLKAERQRGI	6	HLA-A02*01	I			TSNAdb_v2.0_validated	Hepatocellular Carcinoma	validation_level=tier3;reference=PMID:31039795;domain_transfer_event_not_pgaa_ranked
TSNADB2_001511	snv	AKAP6	AKAP6_M1482I	KLKLPIIMK	5	HLA-A03*01	I			TSNAdb_v2.0_validated	Hepatocellular Carcinoma	validation_level=tier3;reference=PMID:31039795;domain_transfer_event_not_pgaa_ranked
TSNADB2_001512	snv	HBA2	HBA2_C105S	KLLSHSLLVTL	5	HLA-A02*01	I			TSNAdb_v2.0_validated	B721.221 Cell Line	validation_level=tier3;reference=PMID:31844296;domain_transfer_event_not_pgaa_ranked
TSNADB2_001513	snv	HBA2	HBA2_C105S	KLLSHSLLVTL	5	HLA-A02*04	I			TSNAdb_v2.0_validated	B721.221 Cell Line	validation_level=tier3;reference=PMID:31844311;domain_transfer_event_not_pgaa_ranked
TSNADB2_001514	snv	HBA2	HBA2_C105S	KLLSHSLLVTL	5	HLA-A02*11	I			TSNAdb_v2.0_validated	B721.221 Cell Line	validation_level=tier3;reference=PMID:31844326;domain_transfer_event_not_pgaa_ranked
TSNADB2_001515	snv	SKP1	SKP1_R136H	KTPEEIHKTF	6	HLA-B57*03	I			TSNAdb_v2.0_validated	B721.221 Cell Line	validation_level=tier3;reference=PMID:31844471;domain_transfer_event_not_pgaa_ranked
TSNADB2_001517	snv	POLA1	POLA1_E1017K	KVFKLGNKV	0	HLA-A68*02	I			TSNAdb_v2.0_validated	Non-Small Cell Lung Cancer	validation_level=tier3;reference=PMID:30556813;domain_transfer_event_not_pgaa_ranked
TSNADB2_001518	snv	COL7A1	COL7A1_R468S	KVVLPSDVTSY	9	HLA-A32*01	I			TSNAdb_v2.0_validated	Non-Small Cell Lung Cancer	validation_level=tier3;reference=PMID:30556813;domain_transfer_event_not_pgaa_ranked
TSNADB2_001519	snv	HBB	HBB_A136T	KVVTGVANA	3	HLA-A02*05	I			TSNAdb_v2.0_validated	B721.221 Cell Line	validation_level=tier3;reference=PMID:31844314;domain_transfer_event_not_pgaa_ranked
TSNADB2_001520	snv	LSM7	LSM7_D20N	KYINKTIRV	3	HLA-A24*02	I			TSNAdb_v2.0_validated	Non-Small Cell Lung Cancer	validation_level=tier3;reference=PMID:30556813;domain_transfer_event_not_pgaa_ranked
TSNADB2_001521	snv	LSM7	LSM7_D20N	KYINKTIRVKF	3	HLA-A24*02	I			TSNAdb_v2.0_validated	Non-Small Cell Lung Cancer	validation_level=tier3;reference=PMID:30556813;domain_transfer_event_not_pgaa_ranked
TSNADB2_001522	snv	ALB	ALB_K375E	LAETYETTLEK	2	HLA-A11*01	I			TSNAdb_v2.0_validated	Hepatocellular Carcinoma	validation_level=tier3;reference=PMID:31039795;domain_transfer_event_not_pgaa_ranked
TSNADB2_001523	snv	HSPA8	HSPA8_G201A	LAGGTFDV	1	HLA-C02*02	I			TSNAdb_v2.0_validated	Non-Small Cell Lung Cancer	validation_level=tier3;reference=PMID:30556813;domain_transfer_event_not_pgaa_ranked
TSNADB2_001524	snv	OCA2	OCA2_L584A	LAGKVLAL	1	HLA-C03*03	I			TSNAdb_v2.0_validated	B721.221 Cell Line	validation_level=tier3;reference=PMID:31844481;domain_transfer_event_not_pgaa_ranked
TSNADB2_001525	snv	OCA2	OCA2_L584A	LAGKVLAL	1	HLA-C16*01	I			TSNAdb_v2.0_validated	B721.221 Cell Line	validation_level=tier3;reference=PMID:31844518;domain_transfer_event_not_pgaa_ranked
TSNADB2_001526	snv	ANKH	ANKH_I247A	LALATQRISRP	1	HLA-A03*01	I			TSNAdb_v2.0_validated	Gr Lymphoblastoid Cell Line	validation_level=tier3;reference=PMID:32561536;domain_transfer_event_not_pgaa_ranked
TSNADB2_001527	snv	LTF	LTF_R224M	LAMVPSHAV	2	HLA-B54*01	I			TSNAdb_v2.0_validated	B721.221 Cell Line	validation_level=tier3;reference=PMID:31844465;domain_transfer_event_not_pgaa_ranked
TSNADB2_001528	snv	LTF	LTF_R224M	LAMVPSHAVVA	2	HLA-B54*01	I			TSNAdb_v2.0_validated	B721.221 Cell Line	validation_level=tier3;reference=PMID:31844468;domain_transfer_event_not_pgaa_ranked
TSNADB2_001529	snv	PRKDC	PRKDC_M2085L	LELDELNRH	2	HLA-B07*02	I			TSNAdb_v2.0_validated	Gr Lymphoblastoid Cell Line	validation_level=tier3;reference=PMID:32561536;domain_transfer_event_not_pgaa_ranked
TSNADB2_001530	snv	ATP6V0A4	ATP6V0A4_P163H	LELKAVHAY	6	HLA-B18*01	I			TSNAdb_v2.0_validated	Non-Small Cell Lung Cancer	validation_level=tier3;reference=PMID:30556813;domain_transfer_event_not_pgaa_ranked
TSNADB2_001531	snv	GLRX2	GLRX2_N94S	LFHDMNVSY	7	HLA-A29*02	I			TSNAdb_v2.0_validated	Non-Small Cell Lung Cancer	validation_level=tier3;reference=PMID:30556813;domain_transfer_event_not_pgaa_ranked
TSNADB2_001532	snv	GPAM	GPAM_H233Y	LFLPVHRSYI	8	HLA-A24*02	I			TSNAdb_v2.0_validated	Hepatocellular Carcinoma	validation_level=tier3;reference=PMID:31039795;domain_transfer_event_not_pgaa_ranked
TSNADB2_001533	snv	RNF213	RNF213_R2827L	LFQQGKDLQQY	0	HLA-A29*02	I			TSNAdb_v2.0_validated	Non-Small Cell Lung Cancer	validation_level=tier3;reference=PMID:30556813;domain_transfer_event_not_pgaa_ranked
TSNADB2_001534	snv	OR10J5	OR10J5_L32Q	LFVVFQTVY	5	HLA-A29*02	I			TSNAdb_v2.0_validated	Non-Small Cell Lung Cancer	validation_level=tier3;reference=PMID:30556813;domain_transfer_event_not_pgaa_ranked
TSNADB2_001535	snv	SPEN	SPEN_P721L	LIERSQSPV	0	HLA-A02*01	I			TSNAdb_v2.0_validated	Hepatocellular Carcinoma	validation_level=tier3;reference=PMID:31039795;domain_transfer_event_not_pgaa_ranked
TSNADB2_001536	snv	SPEN	SPEN_P721L	LIERSQSPVHL	0	HLA-A02*01	I			TSNAdb_v2.0_validated	Hepatocellular Carcinoma	validation_level=tier3;reference=PMID:31039795;domain_transfer_event_not_pgaa_ranked
TSNADB2_001537	snv	HSPA8	HSPA8_G201A	LIFDLAGGTF	5	HLA-C02*02	I			TSNAdb_v2.0_validated	Non-Small Cell Lung Cancer	validation_level=tier3;reference=PMID:30556813;domain_transfer_event_not_pgaa_ranked
TSNADB2_001538	snv	STK17B	STK17B_L143F	LIKQIFEGV	5	HLA-A02*01	I			TSNAdb_v2.0_validated	Hepatocellular Carcinoma	validation_level=tier3;reference=PMID:31039795;domain_transfer_event_not_pgaa_ranked
TSNADB2_001539	snv	GPAM	GPAM_H233Y	LLFLPVHRSY	9	HLA-A03*01	I			TSNAdb_v2.0_validated	Hepatocellular Carcinoma	validation_level=tier3;reference=PMID:31039795;domain_transfer_event_not_pgaa_ranked
TSNADB2_001540	snv	TIFAB	TIFAB_D43E	LLGRGQEAHL	6	HLA-B13*01	I			TSNAdb_v2.0_validated	B721.221 Cell Line	validation_level=tier3;reference=PMID:31844403;domain_transfer_event_not_pgaa_ranked
TSNADB2_001541	snv	HBA2	HBA2_C105S	LLSHSLLVTL	4	HLA-A02*01	I			TSNAdb_v2.0_validated	B721.221 Cell Line	validation_level=tier3;reference=PMID:31844294;domain_transfer_event_not_pgaa_ranked
TSNADB2_001542	snv	HBA2	HBA2_C105S	LLSHSLLVTL	4	HLA-A02*02	I			TSNAdb_v2.0_validated	B721.221 Cell Line	validation_level=tier3;reference=PMID:31844298;domain_transfer_event_not_pgaa_ranked
TSNADB2_001543	snv	HBA2	HBA2_C105S	LLSHSLLVTLA	4	HLA-A02*02	I			TSNAdb_v2.0_validated	B721.221 Cell Line	validation_level=tier3;reference=PMID:31844300;domain_transfer_event_not_pgaa_ranked
TSNADB2_001544	snv	HBA2	HBA2_C105S	LLSHSLLVTLA	4	HLA-A02*05	I			TSNAdb_v2.0_validated	B721.221 Cell Line	validation_level=tier3;reference=PMID:31844316;domain_transfer_event_not_pgaa_ranked
TSNADB2_001545	snv	ZNF106	ZNF106_Y1024P	LLSYPRLL	4	HLA-B58*02	I			TSNAdb_v2.0_validated	B721.221 Cell Line	validation_level=tier3;reference=PMID:31844473;domain_transfer_event_not_pgaa_ranked
TSNADB2_001546	snv	LRRC38	LRRC38_R182G	LPALRSLGL	7	HLA-B07*02	I			TSNAdb_v2.0_validated	Gr Lymphoblastoid Cell Line	validation_level=tier3;reference=PMID:32561536;domain_transfer_event_not_pgaa_ranked
TSNADB2_001547	snv	CTNS	CTNS_P80L	LPDEVVVPL	8	HLA-B51*01	I			TSNAdb_v2.0_validated	Hepatocellular Carcinoma	validation_level=tier3;reference=PMID:31039795;domain_transfer_event_not_pgaa_ranked
TSNADB2_001548	snv	SEC23A	SEC23A_P52L	LPIQYEPV	0	HLA-B35*03	I			TSNAdb_v2.0_validated	Melanoma	validation_level=tier3;reference=PMID:27869121;domain_transfer_event_not_pgaa_ranked
TSNADB2_001549	snv	SEC23A	SEC23A_P52L	LPIQYEPVL	0	HLA-B35*03	I			TSNAdb_v2.0_validated	Melanoma	validation_level=tier3;reference=PMID:27869121;domain_transfer_event_not_pgaa_ranked
TSNADB2_001550	snv	SEC23A	SEC23A_P52L	LPIQYEPVL	0	HLA-B35*03	I			TSNAdb_v2.0_validated	Hepatocellular Carcinoma	validation_level=tier3;reference=PMID:31039795;domain_transfer_event_not_pgaa_ranked
TSNADB2_001551	snv	SBNO2	SBNO2_P694S	LPSDDRGSL	7	HLA-B27*05	I			TSNAdb_v2.0_validated	Gr Lymphoblastoid Cell Line	validation_level=tier3;reference=PMID:32561536;domain_transfer_event_not_pgaa_ranked
TSNADB2_001552	snv	SMARCA2	SMARCA2_R357Q	LQARIAHQI	7	HLA-A02*03	I			TSNAdb_v2.0_validated	B721.221 Cell Line	validation_level=tier3;reference=PMID:31844304;domain_transfer_event_not_pgaa_ranked
TSNADB2_001553	snv	DPY19L4	DPY19L4_K339N	LQLNVKNGSF	6	HLA-B37*01	I			TSNAdb_v2.0_validated	Hepatocellular Carcinoma	validation_level=tier3;reference=PMID:31039795;domain_transfer_event_not_pgaa_ranked
TSNADB2_001555	snv	ASB18	ASB18_C276T	LRLTALLLR	3	HLA-B15*17	I			TSNAdb_v2.0_validated	B721.221 Cell Line	validation_level=tier3;reference=PMID:31844411;domain_transfer_event_not_pgaa_ranked
TSNADB2_001556	snv	MYPOP	MYPOP_L294P	LSAPLPLL	3	HLA-B52*01	I			TSNAdb_v2.0_validated	B721.221 Cell Line	validation_level=tier3;reference=PMID:31844455;domain_transfer_event_not_pgaa_ranked
TSNADB2_001557	snv	LOC105376722	LOC105376722_T67I	LSDPSIPGR	5	HLA-A34*01	I			TSNAdb_v2.0_validated	B721.221 Cell Line	validation_level=tier3;reference=PMID:31844364;domain_transfer_event_not_pgaa_ranked
TSNADB2_001558	snv	HBA2	HBA2_C105S	LSHSLLVTL	3	HLA-B15*17	I			TSNAdb_v2.0_validated	B721.221 Cell Line	validation_level=tier3;reference=PMID:31844412;domain_transfer_event_not_pgaa_ranked
TSNADB2_001559	snv	HBA2	HBA2_C105S	LSHSLLVTL	3	HLA-C03*02	I			TSNAdb_v2.0_validated	B721.221 Cell Line	validation_level=tier3;reference=PMID:31844478;domain_transfer_event_not_pgaa_ranked
TSNADB2_001560	snv	HBA2	HBA2_C105S	LSHSLLVTL	3	HLA-C03*03	I			TSNAdb_v2.0_validated	B721.221 Cell Line	validation_level=tier3;reference=PMID:31844484;domain_transfer_event_not_pgaa_ranked
TSNADB2_001561	snv	HBA2	HBA2_C105S	LSHSLLVTL	3	HLA-C03*04	I			TSNAdb_v2.0_validated	B721.221 Cell Line	validation_level=tier3;reference=PMID:31844488;domain_transfer_event_not_pgaa_ranked
TSNADB2_001562	snv	HBA2	HBA2_C105S	LSHSLLVTL	3	HLA-C08*01	I			TSNAdb_v2.0_validated	B721.221 Cell Line	validation_level=tier3;reference=PMID:31844501;domain_transfer_event_not_pgaa_ranked
TSNADB2_001563	snv	HBA2	HBA2_C105S	LSHSLLVTL	3	HLA-C12*03	I			TSNAdb_v2.0_validated	B721.221 Cell Line	validation_level=tier3;reference=PMID:31844509;domain_transfer_event_not_pgaa_ranked
TSNADB2_001564	snv	HBA2	HBA2_C105S	LSHSLLVTL	3	HLA-C15*02	I			TSNAdb_v2.0_validated	B721.221 Cell Line	validation_level=tier3;reference=PMID:31844515;domain_transfer_event_not_pgaa_ranked
TSNADB2_001565	snv	FBXL3	FBXL3_I240V	LSVMEEVLI	2	HLA-C04*03	I			TSNAdb_v2.0_validated	B721.221 Cell Line	validation_level=tier3;reference=PMID:31844492;domain_transfer_event_not_pgaa_ranked
TSNADB2_001566	snv	BICD2	BICD2_E489K	LTEKVSLLK	8	HLA-A01*01	I			TSNAdb_v2.0_validated	Non-Small Cell Lung Cancer	validation_level=tier3;reference=PMID:30556813;domain_transfer_event_not_pgaa_ranked
TSNADB2_001567	snv	A2M	A2M_L760I	LVEPEGIEK	6	HLA-C16*01	I			TSNAdb_v2.0_validated	B721.221 Cell Line	validation_level=tier3;reference=PMID:31844520;domain_transfer_event_not_pgaa_ranked
TSNADB2_001568	snv	PLEC	PLEC_P863L	LVGPAQLSHW	6	HLA-B57*01	I			TSNAdb_v2.0_validated	Non-Small Cell Lung Cancer	validation_level=tier3;reference=PMID:30556813;domain_transfer_event_not_pgaa_ranked
TSNADB2_001569	snv	KRAS	KRAS_G12S	LVVVGASGVGK	9	HLA-A68*01	I			TSNAdb_v2.0_validated	Non-Small Cell Lung Cancer	validation_level=tier3;reference=PMID:30556813;domain_transfer_event_not_pgaa_ranked
TSNADB2_001570	snv	RTCB	RTCB_I348V	LVYDVSHNIAK	1	HLA-A03*01	I			TSNAdb_v2.0_validated	Gr Lymphoblastoid Cell Line	validation_level=tier3;reference=PMID:32561536;domain_transfer_event_not_pgaa_ranked
TSNADB2_001571	snv	RFC3	RFC3_S44L	LVYGPLGAGK	5	HLA-A03*01	I			TSNAdb_v2.0_validated	Non-Small Cell Lung Cancer	validation_level=tier3;reference=PMID:30556813;domain_transfer_event_not_pgaa_ranked
TSNADB2_001572	snv	NFE2L2	NFE2L2_D77Y	LYEETGEFL	1	HLA-A24*02	I			TSNAdb_v2.0_validated	Hepatocellular Carcinoma	validation_level=tier3;reference=PMID:31039795;domain_transfer_event_not_pgaa_ranked
TSNADB2_001573	snv	NFE2L2	NFE2L2_D77Y	LYEETGEFLPI	1	HLA-A24*02	I			TSNAdb_v2.0_validated	Hepatocellular Carcinoma	validation_level=tier3;reference=PMID:31039795;domain_transfer_event_not_pgaa_ranked
TSNADB2_001574	snv	HAT1	HAT1_V308A	MAIEAQQKF	1	HLA-B35*07	I			TSNAdb_v2.0_validated	B721.221 Cell Line	validation_level=tier3;reference=PMID:31844419;domain_transfer_event_not_pgaa_ranked
TSNADB2_001575	snv	HAT1	HAT1_V308A	MAIEAQQKF	1	HLA-B53*01	I			TSNAdb_v2.0_validated	B721.221 Cell Line	validation_level=tier3;reference=PMID:31844458;domain_transfer_event_not_pgaa_ranked
TSNADB2_001576	snv	HAT1	HAT1_V308A	MAIEAQQKF	1	HLA-B58*01	I			TSNAdb_v2.0_validated	B721.221 Cell Line	validation_level=tier3;reference=PMID:31844472;domain_transfer_event_not_pgaa_ranked
TSNADB2_001577	snv	HAT1	HAT1_V308A	MAIEAQQKF	1	HLA-C12*02	I			TSNAdb_v2.0_validated	B721.221 Cell Line	validation_level=tier3;reference=PMID:31844505;domain_transfer_event_not_pgaa_ranked
TSNADB2_001578	snv	INPP5B	INPP5B_Q606E	MELKVESF	1	HLA-B18*01	I			TSNAdb_v2.0_validated	Non-Small Cell Lung Cancer	validation_level=tier3;reference=PMID:30556813;domain_transfer_event_not_pgaa_ranked
TSNADB2_001579	snv	INO80C	INO80C_P65S	MIVRPSQPR	5	HLA-A34*01	I			TSNAdb_v2.0_validated	B721.221 Cell Line	validation_level=tier3;reference=PMID:31844365;domain_transfer_event_not_pgaa_ranked
TSNADB2_001580	snv	INO80C	INO80C_P65S	MIVRPSQPR	5	HLA-A66*01	I			TSNAdb_v2.0_validated	B721.221 Cell Line	validation_level=tier3;reference=PMID:31844374;domain_transfer_event_not_pgaa_ranked
TSNADB2_001581	snv	PTPN6	PTPN6_E471K	MLMKNISTK	3	HLA-A03*01	I			TSNAdb_v2.0_validated	Non-Small Cell Lung Cancer	validation_level=tier3;reference=PMID:30556813;domain_transfer_event_not_pgaa_ranked
TSNADB2_001582	snv	ZNF207	ZNF207_Q409L	MMPPLPGI	4	HLA-B51*01	I			TSNAdb_v2.0_validated	Non-Small Cell Lung Cancer	validation_level=tier3;reference=PMID:30556813;domain_transfer_event_not_pgaa_ranked
TSNADB2_001583	snv	WARS	WARS_D148H	MNQVLHAY	1	HLA-C07*01	I			TSNAdb_v2.0_validated	Non-Small Cell Lung Cancer	validation_level=tier3;reference=PMID:30556813;domain_transfer_event_not_pgaa_ranked
TSNADB2_001584	snv	PDIA2	PDIA2_R209Q	MTFGLTDRPQL	9	HLA-A68*02	I			TSNAdb_v2.0_validated	B721.221 Cell Line	validation_level=tier3;reference=PMID:31844387;domain_transfer_event_not_pgaa_ranked
TSNADB2_001585	snv	UTP18	UTP18_M547I	NEKGKALIY	7	HLA-C07*01	I			TSNAdb_v2.0_validated	Non-Small Cell Lung Cancer	validation_level=tier3;reference=PMID:30556813;domain_transfer_event_not_pgaa_ranked
TSNADB2_001586	snv	KIF4A	KIF4A_L625V	NEQSKLLKV	8	HLA-B49*01	I			TSNAdb_v2.0_validated	Non-Small Cell Lung Cancer	validation_level=tier3;reference=PMID:30556813;domain_transfer_event_not_pgaa_ranked
TSNADB2_001587	snv	MAGI2	MAGI2_G76V	NETPVAVLTI	6	HLA-B44*03	I			TSNAdb_v2.0_validated	Non-Small Cell Lung Cancer	validation_level=tier3;reference=PMID:30556813;domain_transfer_event_not_pgaa_ranked
TSNADB2_001588	snv	HBA2	HBA2_C105S	NFKLLSHSL	7	HLA-A24*07	I			TSNAdb_v2.0_validated	B721.221 Cell Line	validation_level=tier3;reference=PMID:31844336;domain_transfer_event_not_pgaa_ranked
TSNADB2_001589	snv	YIPF2	YIPF2_P310L	NIALSPTLL	8	HLA-A02*01	I			TSNAdb_v2.0_validated	Hepatocellular Carcinoma	validation_level=tier3;reference=PMID:31039795;domain_transfer_event_not_pgaa_ranked
TSNADB2_001590	snv	PEX2	PEX2_C184R	NIREVGFEY	2	HLA-B15*02	I			TSNAdb_v2.0_validated	B721.221 Cell Line	validation_level=tier3;reference=PMID:31844407;domain_transfer_event_not_pgaa_ranked
TSNADB2_001591	snv	STK38	STK38_W271L	NSKRKAETL	8	HLA-B08*01	I			TSNAdb_v2.0_validated	Hepatocellular Carcinoma	validation_level=tier3;reference=PMID:31039795;domain_transfer_event_not_pgaa_ranked
TSNADB2_001592	snv	STOM	STOM_K93N	NVDMRTISF	7	HLA-B08*01	I			TSNAdb_v2.0_validated	Non-Small Cell Lung Cancer	validation_level=tier3;reference=PMID:30556813;domain_transfer_event_not_pgaa_ranked
TSNADB2_001593	snv	DPY19L4	DPY19L4_K339N	NVKNGSFVAK	3	HLA-A11*01	I			TSNAdb_v2.0_validated	Hepatocellular Carcinoma	validation_level=tier3;reference=PMID:31039795;domain_transfer_event_not_pgaa_ranked
TSNADB2_001594	snv	HSPA8	HSPA8_G201A	NVLIFDLA	7	HLA-A32*01	I			TSNAdb_v2.0_validated	Non-Small Cell Lung Cancer	validation_level=tier3;reference=PMID:30556813;domain_transfer_event_not_pgaa_ranked
TSNADB2_001595	snv	ZNF407	ZNF407_1779N	NYGTNVPVEF	0	HLA-A24*02	I			TSNAdb_v2.0_validated	Hepatocellular Carcinoma	validation_level=tier3;reference=PMID:31039795;domain_transfer_event_not_pgaa_ranked
TSNADB2_001597	snv	COL1A1	COL1A1_G194R	PRAPGPQGF	1	HLA-B07*02	I			TSNAdb_v2.0_validated	Gr Lymphoblastoid Cell Line	validation_level=tier3;reference=PMID:32561536;domain_transfer_event_not_pgaa_ranked
TSNADB2_001598	snv	CACNA1H	CACNA1H_L1578A	PRGPAPAAL	7	HLA-B07*02	I			TSNAdb_v2.0_validated	Gr Lymphoblastoid Cell Line	validation_level=tier3;reference=PMID:32561536;domain_transfer_event_not_pgaa_ranked
TSNADB2_001599	snv	TTC9	TTC9_I256L	PTDTNVLRY	6	HLA-A01*01	I			TSNAdb_v2.0_validated	Gr Lymphoblastoid Cell Line	validation_level=tier3;reference=PMID:32561536;domain_transfer_event_not_pgaa_ranked
TSNADB2_001600	snv	HLA-B	HLA-B_E100V	QAQTDRVSL	6	HLA-B42*01	I			TSNAdb_v2.0_validated	B721.221 Cell Line	validation_level=tier3;reference=PMID:31844438;domain_transfer_event_not_pgaa_ranked
TSNADB2_001601	snv	HLA-B	HLA-B_E100V	QAQTDRVSL	6	HLA-C16*01	I			TSNAdb_v2.0_validated	B721.221 Cell Line	validation_level=tier3;reference=PMID:31844521;domain_transfer_event_not_pgaa_ranked
TSNADB2_001602	snv	OSBP2	OSBP2_Y677H	QASGNHHVW	6	HLA-B44*03	I			TSNAdb_v2.0_validated	Non-Small Cell Lung Cancer	validation_level=tier3;reference=PMID:30556813;domain_transfer_event_not_pgaa_ranked
TSNADB2_001603	snv	DHX58	DHX58_M513L	QAVAAVQKL	8	HLA-C12*03	I			TSNAdb_v2.0_validated	Non-Small Cell Lung Cancer	validation_level=tier3;reference=PMID:30556813;domain_transfer_event_not_pgaa_ranked
TSNADB2_001604	snv	ANKRD20A4	ANKRD20A4_M646R	QDVSVQVER	8	HLA-A68*01	I			TSNAdb_v2.0_validated	Non-Small Cell Lung Cancer	validation_level=tier3;reference=PMID:30556813;domain_transfer_event_not_pgaa_ranked
TSNADB2_001605	snv	GMPPA	GMPPA_G92V	QEFAPLGTV	8	HLA-B49*01	I			TSNAdb_v2.0_validated	Non-Small Cell Lung Cancer	validation_level=tier3;reference=PMID:30556813;domain_transfer_event_not_pgaa_ranked
TSNADB2_001606	snv	GMPPA	GMPPA_G92V	QEFAPLGTVG	8	HLA-B49*01	I			TSNAdb_v2.0_validated	Non-Small Cell Lung Cancer	validation_level=tier3;reference=PMID:30556813;domain_transfer_event_not_pgaa_ranked
TSNADB2_001607	snv	PI3	PI3_K66L	QEPVLGPV	4	HLA-A02*01	I			TSNAdb_v2.0_validated	B721.221 Cell Line	validation_level=tier3;reference=PMID:31844290;domain_transfer_event_not_pgaa_ranked
TSNADB2_001608	snv	PI3	PI3_K66L	QEPVLGPV	4	HLA-A02*05	I			TSNAdb_v2.0_validated	B721.221 Cell Line	validation_level=tier3;reference=PMID:31844312;domain_transfer_event_not_pgaa_ranked
TSNADB2_001609	snv	PI3	PI3_K66L	QEPVLGPV	4	HLA-A68*02	I			TSNAdb_v2.0_validated	B721.221 Cell Line	validation_level=tier3;reference=PMID:31844380;domain_transfer_event_not_pgaa_ranked
TSNADB2_001610	snv	ZZEF1	ZZEF1_G863V	QEVRNTLLNV	9	HLA-B49*01	I			TSNAdb_v2.0_validated	Non-Small Cell Lung Cancer	validation_level=tier3;reference=PMID:30556813;domain_transfer_event_not_pgaa_ranked
TSNADB2_001611	snv	STK17B	STK17B_L143F	QIFEGVYYL	2	HLA-A02*01	I			TSNAdb_v2.0_validated	Hepatocellular Carcinoma	validation_level=tier3;reference=PMID:31039795;domain_transfer_event_not_pgaa_ranked
TSNADB2_001612	snv	ZNF267	ZNF267_C318Y	QIIPTEEKPYK	9	HLA-A30*01	I			TSNAdb_v2.0_validated	B721.221 Cell Line	validation_level=tier3;reference=PMID:31844345;domain_transfer_event_not_pgaa_ranked
TSNADB2_001613	snv	DPY19L4	DPY19L4_K339N	QLNVKNGSFV	5	HLA-A02*01	I			TSNAdb_v2.0_validated	Hepatocellular Carcinoma	validation_level=tier3;reference=PMID:31039795;domain_transfer_event_not_pgaa_ranked
TSNADB2_001614	snv	MROH6	MROH6_D688L	QLPEPLPGL	5	HLA-A02*07	I			TSNAdb_v2.0_validated	B721.221 Cell Line	validation_level=tier3;reference=PMID:31844322;domain_transfer_event_not_pgaa_ranked
TSNADB2_001615	snv	NFE2L2	NFE2L2_D77Y	QLYEETGEF	2	HLA-A03*01	I			TSNAdb_v2.0_validated	Hepatocellular Carcinoma	validation_level=tier3;reference=PMID:31039795;domain_transfer_event_not_pgaa_ranked
TSNADB2_001616	snv	STXBP1	STXBP1_R171L	QMKNPILEL	8	HLA-B08*01	I			TSNAdb_v2.0_validated	Non-Small Cell Lung Cancer	validation_level=tier3;reference=PMID:30556813;domain_transfer_event_not_pgaa_ranked
TSNADB2_001617	snv	ATF7IP	ATF7IP_G1021L	QPSGVPTSL	8	HLA-A68*01	I			TSNAdb_v2.0_validated	Non-Small Cell Lung Cancer	validation_level=tier3;reference=PMID:30556813;domain_transfer_event_not_pgaa_ranked
TSNADB2_001618	snv	RBAK-RBAKDN	RBAK-RBAKDN_T32A	QQLDPDEKIAY	9	HLA-B15*01	I			TSNAdb_v2.0_validated	B721.221 Cell Line	validation_level=tier3;reference=PMID:31844406;domain_transfer_event_not_pgaa_ranked
TSNADB2_001619	snv	CTNNB1	CTNNB1_S37Y	QSYLDSGIHY	9	HLA-A01*01	I			TSNAdb_v2.0_validated	Hepatocellular Carcinoma	validation_level=tier3;reference=PMID:31039795;domain_transfer_event_not_pgaa_ranked
TSNADB2_001620	snv	RSBN1L	RSBN1L_T584A	QTAAAVGVLK	2	HLA-A03*01	I			TSNAdb_v2.0_validated	Non-Small Cell Lung Cancer	validation_level=tier3;reference=PMID:30556813;domain_transfer_event_not_pgaa_ranked
TSNADB2_001621	snv	CHMP7	CHMP7_A324T	QTDQMVFNTY	8	HLA-A01*01	I			TSNAdb_v2.0_validated	Hct 116 Cell Line	validation_level=tier3;reference=PMID:25576301;domain_transfer_event_not_pgaa_ranked
TSNADB2_001622	snv	BIRC6	BIRC6_G2619fs	QTKPASLLY	5	HLA-A26*01	I			TSNAdb_v2.0_validated	Non-Small Cell Lung Cancer	validation_level=tier3;reference=PMID:30556813;domain_transfer_event_not_pgaa_ranked
TSNADB2_001623	snv	WASHC1	WASHC1_F33L	QTYAVPLI	6	HLA-B52*01	I			TSNAdb_v2.0_validated	B721.221 Cell Line	validation_level=tier3;reference=PMID:31844456;domain_transfer_event_not_pgaa_ranked
TSNADB2_001624	snv	CIART	CIART_R6V	QVIVGVLQK	1	HLA-A03*01	I			TSNAdb_v2.0_validated	Gr Lymphoblastoid Cell Line	validation_level=tier3;reference=PMID:32561536;domain_transfer_event_not_pgaa_ranked
TSNADB2_001625	snv	CDK1	CDK1_S107I	QYMDSSLVKI	9	HLA-A23*01	I			TSNAdb_v2.0_validated	Non-Small Cell Lung Cancer	validation_level=tier3;reference=PMID:30556813;domain_transfer_event_not_pgaa_ranked
TSNADB2_001626	snv	MKLN1	MKLN1_D521V	RATIVPEL	4	HLA-C03*04	I			TSNAdb_v2.0_validated	Non-Small Cell Lung Cancer	validation_level=tier3;reference=PMID:30556813;domain_transfer_event_not_pgaa_ranked
TSNADB2_001627	snv	RECQL	RECQL_H19R	RAVEIQIQEL	0	HLA-A02*01	I			TSNAdb_v2.0_validated	Hepatocellular Carcinoma	validation_level=tier3;reference=PMID:31039795;domain_transfer_event_not_pgaa_ranked
TSNADB2_001628	snv	SPEN	SPEN_P721L	RDRDHERRL	8	HLA-A02*01	I			TSNAdb_v2.0_validated	Hepatocellular Carcinoma	validation_level=tier3;reference=PMID:31039795;domain_transfer_event_not_pgaa_ranked
TSNADB2_001630	snv	ALB	ALB_N42H	RFKDLGEEHF	8	HLA-A23*01	I			TSNAdb_v2.0_validated	B721.221 Cell Line	validation_level=tier3;reference=PMID:31844335;domain_transfer_event_not_pgaa_ranked
TSNADB2_001631	snv	H3F3C	H3F3C_T4I	RIKQTARK	1	HLA-A03*01	I			TSNAdb_v2.0_validated	Melanoma	validation_level=tier3;reference=PMID:27869121;domain_transfer_event_not_pgaa_ranked
TSNADB2_001632	snv	H3F3C	H3F3C_T4I	RIKQTARK	1	HLA-A03*01	I			TSNAdb_v2.0_validated	Hepatocellular Carcinoma	validation_level=tier3;reference=PMID:31039795;domain_transfer_event_not_pgaa_ranked
TSNADB2_001633	snv	NOL10	NOL10_L505I	RILNPLVSK	1	HLA-A03*01	I			TSNAdb_v2.0_validated	Gr Lymphoblastoid Cell Line	validation_level=tier3;reference=PMID:32561536;domain_transfer_event_not_pgaa_ranked
TSNADB2_001634	snv	HAX1	HAX1_L71I	RIREGQTLR	1	HLA-A03*01	I			TSNAdb_v2.0_validated	Gr Lymphoblastoid Cell Line	validation_level=tier3;reference=PMID:32561536;domain_transfer_event_not_pgaa_ranked
TSNADB2_001635	snv	BST2	BST2_L137I	RIRRENQVL	1	HLA-B07*02	I			TSNAdb_v2.0_validated	Gr Lymphoblastoid Cell Line	validation_level=tier3;reference=PMID:32561536;domain_transfer_event_not_pgaa_ranked
TSNADB2_001636	snv	ALB	ALB_K375E	RLAETYETTL	3	HLA-A02*01	I			TSNAdb_v2.0_validated	Hepatocellular Carcinoma	validation_level=tier3;reference=PMID:31039795;domain_transfer_event_not_pgaa_ranked
TSNADB2_001637	snv	SLC38A10	SLC38A10_G122R	RLFGFQVGR	8	HLA-A11*01	I			TSNAdb_v2.0_validated	Hepatocellular Carcinoma	validation_level=tier3;reference=PMID:31039795;domain_transfer_event_not_pgaa_ranked
TSNADB2_001640	snv	SPEN	SPEN_P721L	RLIERSQSPV	1	HLA-B37*01	I			TSNAdb_v2.0_validated	Hepatocellular Carcinoma	validation_level=tier3;reference=PMID:31039795;domain_transfer_event_not_pgaa_ranked
TSNADB2_001641	snv	STK17B	STK17B_L143F	RLIKQIFEGV	6	HLA-A02*01	I			TSNAdb_v2.0_validated	Hepatocellular Carcinoma	validation_level=tier3;reference=PMID:31039795;domain_transfer_event_not_pgaa_ranked
TSNADB2_001643	snv	HBB	HBB_C113V	RLLGNVLVVV	8	HLA-A02*01	I			TSNAdb_v2.0_validated	B721.221 Cell Line	validation_level=tier3;reference=PMID:31844295;domain_transfer_event_not_pgaa_ranked
TSNADB2_001644	snv	LACTB	LACTB_M5L	RLLSAVTAR	2	HLA-A74*01	I			TSNAdb_v2.0_validated	B721.221 Cell Line	validation_level=tier3;reference=PMID:31844392;domain_transfer_event_not_pgaa_ranked
TSNADB2_001645	snv	XRCC2	XRCC2_I95V	RLVTVLEHRL	4	HLA-A02*01	I			TSNAdb_v2.0_validated	Hepatocellular Carcinoma	validation_level=tier3;reference=PMID:31039795;domain_transfer_event_not_pgaa_ranked
TSNADB2_001646	snv	EMC10	EMC10_A243R	RPRAPGPAP	2	HLA-B07*02	I			TSNAdb_v2.0_validated	Gr Lymphoblastoid Cell Line	validation_level=tier3;reference=PMID:32561536;domain_transfer_event_not_pgaa_ranked
TSNADB2_001647	snv	HLA-C	HLA-C_A97T	RQAQTDRVSL	4	HLA-B13*01	I			TSNAdb_v2.0_validated	B721.221 Cell Line	validation_level=tier3;reference=PMID:31844404;domain_transfer_event_not_pgaa_ranked
TSNADB2_001648	snv	EEF2KMT	EEF2KMT_T25A	RRFLAARAL	7	HLA-B27*05	I			TSNAdb_v2.0_validated	B721.221 Cell Line	validation_level=tier3;reference=PMID:31844415;domain_transfer_event_not_pgaa_ranked
TSNADB2_001650	snv	OR2A2	OR2A2_C317F	RSMRTVYGLF	9	HLA-A24*02	I			TSNAdb_v2.0_validated	Non-Small Cell Lung Cancer	validation_level=tier3;reference=PMID:28832583;domain_transfer_event_not_pgaa_ranked
TSNADB2_001651	snv	ANKRD20A4	ANKRD20A4_M646R	RTQDVSVQVER	2	HLA-A68*01	I			TSNAdb_v2.0_validated	Non-Small Cell Lung Cancer	validation_level=tier3;reference=PMID:30556813;domain_transfer_event_not_pgaa_ranked
TSNADB2_001652	snv	PTPRM	PTPRM_Q718R	RVATKGAATPK	0	HLA-A11*01	I			TSNAdb_v2.0_validated	Hepatocellular Carcinoma	validation_level=tier3;reference=PMID:31039795;domain_transfer_event_not_pgaa_ranked
TSNADB2_001653	snv	PPFIBP1	PPFIBP1_H427Q	RVDGRMLQY	7	HLA-A36*01	I			TSNAdb_v2.0_validated	B721.221 Cell Line	validation_level=tier3;reference=PMID:31844370;domain_transfer_event_not_pgaa_ranked
TSNADB2_001654	snv	PLEKHF1	PLEKHF1_L37I	RVLIGEGVLTK	3	HLA-A03*01	I			TSNAdb_v2.0_validated	Gr Lymphoblastoid Cell Line	validation_level=tier3;reference=PMID:32561536;domain_transfer_event_not_pgaa_ranked
TSNADB2_001655	snv	AGT	AGT_I29V	RVYVHPFHL	3	HLA-C07*01	I			TSNAdb_v2.0_validated	B721.221 Cell Line	validation_level=tier3;reference=PMID:31844496;domain_transfer_event_not_pgaa_ranked
TSNADB2_001656	snv	DYNC1H1	DYNC1H1_Y2496R	RYLVRAIL	4	HLA-C14*03	I			TSNAdb_v2.0_validated	B721.221 Cell Line	validation_level=tier3;reference=PMID:31844512;domain_transfer_event_not_pgaa_ranked
TSNADB2_001657	snv	PARP14	PARP14_P1095A	RYVLHVVAA	8	HLA-A68*01	I			TSNAdb_v2.0_validated	Non-Small Cell Lung Cancer	validation_level=tier3;reference=PMID:30556813;domain_transfer_event_not_pgaa_ranked
TSNADB2_001667	snv	C15orf40	C15orf40_T152I	SARIIGVSH	4	HLA-C12*02	I			TSNAdb_v2.0_validated	B721.221 Cell Line	validation_level=tier3;reference=PMID:31844506;domain_transfer_event_not_pgaa_ranked
TSNADB2_001668	snv	KIF3C	KIF3C_R785H	SASLHPATV	4	HLA-C12*03	I			TSNAdb_v2.0_validated	Non-Small Cell Lung Cancer	validation_level=tier3;reference=PMID:30556813;domain_transfer_event_not_pgaa_ranked
TSNADB2_001669	snv	INTS2	INTS2_N760H	SAVPVNHTQVM	6	HLA-C08*01	I			TSNAdb_v2.0_validated	B721.221 Cell Line	validation_level=tier3;reference=PMID:31844503;domain_transfer_event_not_pgaa_ranked
TSNADB2_001670	snv	HLA-C	HLA-C_T363A	SDESLIACKA	6	HLA-C12*03	I			TSNAdb_v2.0_validated	B721.221 Cell Line	validation_level=tier3;reference=PMID:31844511;domain_transfer_event_not_pgaa_ranked
TSNADB2_001671	snv	HLA-A	HLA-A_V355M	SDMSLTACKV	2	HLA-A66*01	I			TSNAdb_v2.0_validated	B721.221 Cell Line	validation_level=tier3;reference=PMID:31844377;domain_transfer_event_not_pgaa_ranked
TSNADB2_001672	snv	HLA-A	HLA-A_V355M	SDMSLTACKV	2	HLA-A74*01	I			TSNAdb_v2.0_validated	B721.221 Cell Line	validation_level=tier3;reference=PMID:31844393;domain_transfer_event_not_pgaa_ranked
TSNADB2_001674	snv	ANKRD20A1	ANKRD20A1_R39K	SELQKIHKA	7	HLA-B40*02	I			TSNAdb_v2.0_validated	B721.221 Cell Line	validation_level=tier3;reference=PMID:31844431;domain_transfer_event_not_pgaa_ranked
TSNADB2_001675	snv	ANKRD20A1	ANKRD20A1_R39K	SELQKIHKA	7	HLA-B40*06	I			TSNAdb_v2.0_validated	B721.221 Cell Line	validation_level=tier3;reference=PMID:31844434;domain_transfer_event_not_pgaa_ranked
TSNADB2_001676	snv	ANKRD20A1	ANKRD20A1_R39K	SELQKIHKA	7	HLA-B45*01	I			TSNAdb_v2.0_validated	B721.221 Cell Line	validation_level=tier3;reference=PMID:31844443;domain_transfer_event_not_pgaa_ranked
TSNADB2_001677	snv	HBA2	HBA2_A83E	SELSDLHAH	1	HLA-B18*01	I			TSNAdb_v2.0_validated	B721.221 Cell Line	validation_level=tier3;reference=PMID:31844414;domain_transfer_event_not_pgaa_ranked
TSNADB2_001678	snv	HBA2	HBA2_A83E	SELSDLHAHKL	1	HLA-B40*02	I			TSNAdb_v2.0_validated	B721.221 Cell Line	validation_level=tier3;reference=PMID:31844433;domain_transfer_event_not_pgaa_ranked
TSNADB2_001679	snv	ZNF571	ZNF571_L575V	SELTVHQRI	1	HLA-B49*01	I			TSNAdb_v2.0_validated	Non-Small Cell Lung Cancer	validation_level=tier3;reference=PMID:30556813;domain_transfer_event_not_pgaa_ranked
TSNADB2_001680	snv	CTSC	CTSC_I153T	SENVYVNTA	7	HLA-B40*06	I			TSNAdb_v2.0_validated	B721.221 Cell Line	validation_level=tier3;reference=PMID:31844435;domain_transfer_event_not_pgaa_ranked
TSNADB2_001681	snv	CTSC	CTSC_I153T	SENVYVNTA	7	HLA-B45*01	I			TSNAdb_v2.0_validated	B721.221 Cell Line	validation_level=tier3;reference=PMID:31844444;domain_transfer_event_not_pgaa_ranked
TSNADB2_001682	snv	KRT10	KRT10_I101S	SFGGSYGGSF	8	HLA-A36*01	I			TSNAdb_v2.0_validated	B721.221 Cell Line	validation_level=tier3;reference=PMID:31844371;domain_transfer_event_not_pgaa_ranked
TSNADB2_001683	snv	KRT10	KRT10_I101S	SFGGSYGGSF	8	HLA-A68*02	I			TSNAdb_v2.0_validated	B721.221 Cell Line	validation_level=tier3;reference=PMID:31844386;domain_transfer_event_not_pgaa_ranked
TSNADB2_001684	snv	BLMH	BLMH_F324V	SIKDGEAVWV	9	HLA-A02*01	I			TSNAdb_v2.0_validated	Hepatocellular Carcinoma	validation_level=tier3;reference=PMID:31039795;domain_transfer_event_not_pgaa_ranked
TSNADB2_001685	snv	RECQL	RECQL_H19R	SITSELRAV	6	HLA-A02*01	I			TSNAdb_v2.0_validated	Hepatocellular Carcinoma	validation_level=tier3;reference=PMID:31039795;domain_transfer_event_not_pgaa_ranked
TSNADB2_001686	snv	REXO4	REXO4_S129P	SMAARVPI	6	HLA-C16*01	I			TSNAdb_v2.0_validated	B721.221 Cell Line	validation_level=tier3;reference=PMID:31844519;domain_transfer_event_not_pgaa_ranked
TSNADB2_001687	snv	HLA-B	HLA-B_S35A	SMRYFYTAV	7	HLA-C15*02	I			TSNAdb_v2.0_validated	B721.221 Cell Line	validation_level=tier3;reference=PMID:31844516;domain_transfer_event_not_pgaa_ranked
TSNADB2_001688	snv	LOC112268168	LOC112268168_S14L	SPALASRVA	3	HLA-B55*01	I			TSNAdb_v2.0_validated	B721.221 Cell Line	validation_level=tier3;reference=PMID:31844469;domain_transfer_event_not_pgaa_ranked
TSNADB2_001689	snv	HERC2	HERC2_A2060S	SPFTATSL	6	HLA-B08*01	I			TSNAdb_v2.0_validated	Non-Small Cell Lung Cancer	validation_level=tier3;reference=PMID:30556813;domain_transfer_event_not_pgaa_ranked
TSNADB2_001690	snv	NOP16	NOP16_P169L	SPGPVKLEL	8	HLA-B07*02	I			TSNAdb_v2.0_validated	Hepatocellular Carcinoma	validation_level=tier3;reference=PMID:31039795;domain_transfer_event_not_pgaa_ranked
TSNADB2_001691	snv	SPIB	SPIB_L84P	SPHTPRRTSL	1	HLA-B07*04	I			TSNAdb_v2.0_validated	B721.221 Cell Line	validation_level=tier3;reference=PMID:31844400;domain_transfer_event_not_pgaa_ranked
TSNADB2_001692	snv	COQ4	COQ4_G50A	SPLQKALLA	5	HLA-B55*02	I			TSNAdb_v2.0_validated	B721.221 Cell Line	validation_level=tier3;reference=PMID:31844470;domain_transfer_event_not_pgaa_ranked
TSNADB2_001693	snv	ANKLE2	ANKLE2_P266T	SPSKTSLTL	7	HLA-B07*02	I			TSNAdb_v2.0_validated	Non-Small Cell Lung Cancer	validation_level=tier3;reference=PMID:30556813;domain_transfer_event_not_pgaa_ranked
TSNADB2_001694	snv	IQGAP1	IQGAP1_A332V	SPVLGLRGL	2	HLA-B07*02	I			TSNAdb_v2.0_validated	Gr Lymphoblastoid Cell Line	validation_level=tier3;reference=PMID:32561536;domain_transfer_event_not_pgaa_ranked
TSNADB2_001695	snv	RGS10	RGS10_L137I	SRFLKSDIF	7	HLA-C07*02	I			TSNAdb_v2.0_validated	Gr Lymphoblastoid Cell Line	validation_level=tier3;reference=PMID:32561536;domain_transfer_event_not_pgaa_ranked
TSNADB2_001696	snv	ATR	ATR_E183K	SRFLSQLDK	8	HLA-B27*05	I			TSNAdb_v2.0_validated	Hepatocellular Carcinoma	validation_level=tier3;reference=PMID:31039795;domain_transfer_event_not_pgaa_ranked
TSNADB2_001697	snv	INPPL1	INPPL1_L653I	SRKEFEPIL	7	HLA-C07*02	I			TSNAdb_v2.0_validated	Gr Lymphoblastoid Cell Line	validation_level=tier3;reference=PMID:32561536;domain_transfer_event_not_pgaa_ranked
TSNADB2_001698	snv	RANBP9	RANBP9_H135L	SSAAAPFPL	8	HLA-C03*04	I			TSNAdb_v2.0_validated	Non-Small Cell Lung Cancer	validation_level=tier3;reference=PMID:30556813;domain_transfer_event_not_pgaa_ranked
TSNADB2_001699	snv	PIK3AP1	PIK3AP1_R733W	SSTSNRSSTW	9	HLA-B57*01	I			TSNAdb_v2.0_validated	Non-Small Cell Lung Cancer	validation_level=tier3;reference=PMID:30556813;domain_transfer_event_not_pgaa_ranked
TSNADB2_001700	snv	CLCN6	CLCN6_E176G	SVAGGLFVGK	8	HLA-A11*01	I			TSNAdb_v2.0_validated	B721.221 Cell Line	validation_level=tier3;reference=PMID:31844329;domain_transfer_event_not_pgaa_ranked
TSNADB2_001701	snv	CLCN6	CLCN6_E176G	SVAGGLFVGK	8	HLA-A11*02	I			TSNAdb_v2.0_validated	B721.221 Cell Line	validation_level=tier3;reference=PMID:31844332;domain_transfer_event_not_pgaa_ranked
TSNADB2_001702	snv	SLFN11	SLFN11_R124H	SVKPHLCSL	4	HLA-A68*02	I			TSNAdb_v2.0_validated	Non-Small Cell Lung Cancer	validation_level=tier3;reference=PMID:30556813;domain_transfer_event_not_pgaa_ranked
TSNADB2_001703	snv	UBASH3B	UBASH3B_G307V	SVLLPENYITK	1	HLA-A03*01	I			TSNAdb_v2.0_validated	Non-Small Cell Lung Cancer	validation_level=tier3;reference=PMID:30556813;domain_transfer_event_not_pgaa_ranked
TSNADB2_001704	snv	PZP	PZP_G66V	SVRENRSLF	1	HLA-A66*01	I			TSNAdb_v2.0_validated	B721.221 Cell Line	validation_level=tier3;reference=PMID:31844375;domain_transfer_event_not_pgaa_ranked
TSNADB2_001705	snv	EPS8	EPS8_Q64E	SVSDISEYR	6	HLA-A68*02	I			TSNAdb_v2.0_validated	Non-Small Cell Lung Cancer	validation_level=tier3;reference=PMID:30556813;domain_transfer_event_not_pgaa_ranked
TSNADB2_001706	snv	EPS8	EPS8_Q64E	SVSDISEYRV	6	HLA-A68*02	I			TSNAdb_v2.0_validated	Non-Small Cell Lung Cancer	validation_level=tier3;reference=PMID:30556813;domain_transfer_event_not_pgaa_ranked
TSNADB2_001707	snv	DOCK10	DOCK10_R1149L	SVTNEFCLK	7	HLA-A11*01	I			TSNAdb_v2.0_validated	Non-Small Cell Lung Cancer	validation_level=tier3;reference=PMID:28832583;domain_transfer_event_not_pgaa_ranked
TSNADB2_001708	snv	GPAM	GPAM_H233Y	SYIDYLLLTF	1	HLA-A24*02	I			TSNAdb_v2.0_validated	Hepatocellular Carcinoma	validation_level=tier3;reference=PMID:31039795;domain_transfer_event_not_pgaa_ranked
TSNADB2_001709	snv	SAMD9	SAMD9_M213I	TEEDVKIKF	6	HLA-B49*01	I			TSNAdb_v2.0_validated	Non-Small Cell Lung Cancer	validation_level=tier3;reference=PMID:30556813;domain_transfer_event_not_pgaa_ranked
TSNADB2_001711	snv	C10orf67	C10orf67_N204E	TEILLRKL	1	HLA-B18*01	I			TSNAdb_v2.0_validated	B721.221 Cell Line	validation_level=tier3;reference=PMID:31844413;domain_transfer_event_not_pgaa_ranked
TSNADB2_001712	snv	C10orf67	C10orf67_N204E	TEILLRKL	1	HLA-B40*02	I			TSNAdb_v2.0_validated	B721.221 Cell Line	validation_level=tier3;reference=PMID:31844428;domain_transfer_event_not_pgaa_ranked
TSNADB2_001713	snv	NUP205	NUP205_E998Q	TEQKQTSVL	4	HLA-B40*02	I			TSNAdb_v2.0_validated	B721.221 Cell Line	validation_level=tier3;reference=PMID:31844432;domain_transfer_event_not_pgaa_ranked
TSNADB2_001714	snv	TNS3	TNS3_I17V	TERIVAVSF	4	HLA-B18*01	I			TSNAdb_v2.0_validated	Hepatocellular Carcinoma	validation_level=tier3;reference=PMID:31039795;domain_transfer_event_not_pgaa_ranked
TSNADB2_001715	snv	KRAS	KRAS_G12V	TEYKLVVVGAV	10	HLA-B49*01	I			TSNAdb_v2.0_validated	Non-Small Cell Lung Cancer	validation_level=tier3;reference=PMID:30556813;domain_transfer_event_not_pgaa_ranked
TSNADB2_001716	snv	NCOR1	NCOR1_R33H	THHQQDPAF	1	HLA-B38*02	I			TSNAdb_v2.0_validated	B721.221 Cell Line	validation_level=tier3;reference=PMID:31844426;domain_transfer_event_not_pgaa_ranked
TSNADB2_001717	snv	AHSG	AHSG_E65S	TLNQIDSVKV	6	HLA-A02*04	I			TSNAdb_v2.0_validated	B721.221 Cell Line	validation_level=tier3;reference=PMID:31844310;domain_transfer_event_not_pgaa_ranked
TSNADB2_001718	snv	ATP4A	ATP4A_P796V	TLTKNIVEL	6	HLA-A02*04	I			TSNAdb_v2.0_validated	B721.221 Cell Line	validation_level=tier3;reference=PMID:31844309;domain_transfer_event_not_pgaa_ranked
TSNADB2_001719	snv	PPIP5K2	PPIP5K2_P1074L	TPLATLKST	2	HLA-A34*02	I			TSNAdb_v2.0_validated	B721.221 Cell Line	validation_level=tier3;reference=PMID:31844368;domain_transfer_event_not_pgaa_ranked
TSNADB2_001720	snv	AP3B1	AP3B1_S817T	TPLTKDVTL	7	HLA-B08*01	I			TSNAdb_v2.0_validated	Non-Small Cell Lung Cancer	validation_level=tier3;reference=PMID:30556813;domain_transfer_event_not_pgaa_ranked
TSNADB2_001721	snv	STARD5	STARD5_M108V	TPSAAVKLI	5	HLA-B51*01	I			TSNAdb_v2.0_validated	Non-Small Cell Lung Cancer	validation_level=tier3;reference=PMID:30556813;domain_transfer_event_not_pgaa_ranked
TSNADB2_001722	snv	RPS4X	RPS4X_L222I	TRISNIFVI	2	HLA-C07*02	I			TSNAdb_v2.0_validated	Gr Lymphoblastoid Cell Line	validation_level=tier3;reference=PMID:32561536;domain_transfer_event_not_pgaa_ranked
TSNADB2_001726	snv	WDR19	WDR19_A282V	TSIVVSQTL	3	HLA-B08*01	I			TSNAdb_v2.0_validated	Non-Small Cell Lung Cancer	validation_level=tier3;reference=PMID:30556813;domain_transfer_event_not_pgaa_ranked
TSNADB2_001727	snv	SLC4A4	SLC4A4_A973V	TVAVIIFPV	3	HLA-A02*01	I			TSNAdb_v2.0_validated	Hepatocellular Carcinoma	validation_level=tier3;reference=PMID:31039795;domain_transfer_event_not_pgaa_ranked
TSNADB2_001728	snv	TNS3	TNS3_I17V	TYITERIVAV	7	HLA-A24*02	I			TSNAdb_v2.0_validated	Hepatocellular Carcinoma	validation_level=tier3;reference=PMID:31039795;domain_transfer_event_not_pgaa_ranked
TSNADB2_001729	snv	CAPG	CAPG_E314K	VAKGFISRM	2	HLA-C12*03	I			TSNAdb_v2.0_validated	Non-Small Cell Lung Cancer	validation_level=tier3;reference=PMID:30556813;domain_transfer_event_not_pgaa_ranked
TSNADB2_001730	snv	SLC10A2	SLC10A2_S171A	VALVVPVSI	1	HLA-B51*01	I			TSNAdb_v2.0_validated	B721.221 Cell Line	validation_level=tier3;reference=PMID:31844452;domain_transfer_event_not_pgaa_ranked
TSNADB2_001731	snv	HBB	HBB_K145R	VANALAHRY	7	HLA-A30*02	I			TSNAdb_v2.0_validated	B721.221 Cell Line	validation_level=tier3;reference=PMID:31844346;domain_transfer_event_not_pgaa_ranked
TSNADB2_001732	snv	HBB	HBB_K145R	VANALAHRY	7	HLA-C02*02	I			TSNAdb_v2.0_validated	B721.221 Cell Line	validation_level=tier3;reference=PMID:31844476;domain_transfer_event_not_pgaa_ranked
TSNADB2_001733	snv	NOP56	NOP56_M167I	VDNIIIQSI	3	HLA-B49*01	I			TSNAdb_v2.0_validated	Non-Small Cell Lung Cancer	validation_level=tier3;reference=PMID:30556813;domain_transfer_event_not_pgaa_ranked
TSNADB2_001734	snv	STX5	STX5_E134Q	VEIEQLTY	4	HLA-B18*01	I			TSNAdb_v2.0_validated	Non-Small Cell Lung Cancer	validation_level=tier3;reference=PMID:30556813;domain_transfer_event_not_pgaa_ranked
TSNADB2_001735	snv	DDX60L	DDX60L_A631S	VEMLGLISC	7	HLA-B49*01	I			TSNAdb_v2.0_validated	Non-Small Cell Lung Cancer	validation_level=tier3;reference=PMID:30556813;domain_transfer_event_not_pgaa_ranked
TSNADB2_001736	snv	CAPRIN2	CAPRIN2_S554N	VENQKHSL	2	HLA-B08*01	I			TSNAdb_v2.0_validated	Non-Small Cell Lung Cancer	validation_level=tier3;reference=PMID:30556813;domain_transfer_event_not_pgaa_ranked
TSNADB2_001737	snv	CFL2	CFL2_D49Y	VEYPYTSF	2	HLA-B18*01	I			TSNAdb_v2.0_validated	Non-Small Cell Lung Cancer	validation_level=tier3;reference=PMID:30556813;domain_transfer_event_not_pgaa_ranked
TSNADB2_001738	snv	ATP6AP2	ATP6AP2_E145K	VFKDLSVTL	2	HLA-B38*01	I			TSNAdb_v2.0_validated	Non-Small Cell Lung Cancer	validation_level=tier3;reference=PMID:30556813;domain_transfer_event_not_pgaa_ranked
TSNADB2_001739	snv	KRAS	KRAS_G12D	VGADGVGKSAL	3	HLA-C01*02	I			TSNAdb_v2.0_validated	Non-Small Cell Lung Cancer	validation_level=tier3;reference=PMID:30556813;domain_transfer_event_not_pgaa_ranked
TSNADB2_001740	snv	FAM170A	FAM170A_E56K	VGEVTSTSKYC	8	HLA-C04*03	I			TSNAdb_v2.0_validated	B721.221 Cell Line	validation_level=tier3;reference=PMID:31844493;domain_transfer_event_not_pgaa_ranked
TSNADB2_001741	snv	KRAS	KRAS_G12V	VGVGKSAL	0	HLA-C17*01	I			TSNAdb_v2.0_validated	Non-Small Cell Lung Cancer	validation_level=tier3;reference=PMID:30556813;domain_transfer_event_not_pgaa_ranked
TSNADB2_001742	snv	RTFDC1	RTFDC1_E177K	VIMLNGTKK	8	HLA-A03*01	I			TSNAdb_v2.0_validated	Non-Small Cell Lung Cancer	validation_level=tier3;reference=PMID:30556813;domain_transfer_event_not_pgaa_ranked
TSNADB2_001743	snv	DPY19L4	DPY19L4_K339N	VKNGSFVAKI	2	HLA-A02*01	I			TSNAdb_v2.0_validated	Hepatocellular Carcinoma	validation_level=tier3;reference=PMID:31039795;domain_transfer_event_not_pgaa_ranked
TSNADB2_001745	snv	ALB	ALB_K375E	VLLLRLAET	7	HLA-A02*01	I			TSNAdb_v2.0_validated	Hepatocellular Carcinoma	validation_level=tier3;reference=PMID:31039795;domain_transfer_event_not_pgaa_ranked
TSNADB2_001746	snv	HADHA	HADHA_G341V	VLYHGQVL	0	HLA-A02*01	I			TSNAdb_v2.0_validated	Hepatocellular Carcinoma	validation_level=tier3;reference=PMID:31039795;domain_transfer_event_not_pgaa_ranked
TSNADB2_001748	snv	PHF3	PHF3_N447K	VPDQKSKQL	4	HLA-B08*01	I			TSNAdb_v2.0_validated	Non-Small Cell Lung Cancer	validation_level=tier3;reference=PMID:30556813;domain_transfer_event_not_pgaa_ranked
TSNADB2_001749	snv	OR4C12	OR4C12_M279I	VPILNPVVY	2	HLA-B35*07	I			TSNAdb_v2.0_validated	B721.221 Cell Line	validation_level=tier3;reference=PMID:31844420;domain_transfer_event_not_pgaa_ranked
TSNADB2_001750	snv	COL9A3	COL9A3_G29P	VPLPGPPGPPG	1	HLA-B53*01	I			TSNAdb_v2.0_validated	B721.221 Cell Line	validation_level=tier3;reference=PMID:31844462;domain_transfer_event_not_pgaa_ranked
TSNADB2_001751	snv	WIZ	WIZ_R703F	VPPFLQPE	3	HLA-A02*01	I			TSNAdb_v2.0_validated	B721.221 Cell Line	validation_level=tier3;reference=PMID:31844291;domain_transfer_event_not_pgaa_ranked
TSNADB2_001752	snv	WIZ	WIZ_R703F	VPPFLQPE	3	HLA-A02*05	I			TSNAdb_v2.0_validated	B721.221 Cell Line	validation_level=tier3;reference=PMID:31844313;domain_transfer_event_not_pgaa_ranked
TSNADB2_001753	snv	WIZ	WIZ_R703F	VPPFLQPE	3	HLA-A68*02	I			TSNAdb_v2.0_validated	B721.221 Cell Line	validation_level=tier3;reference=PMID:31844381;domain_transfer_event_not_pgaa_ranked
TSNADB2_001754	snv	INTS2	INTS2_N760H	VPVNHTQVM	4	HLA-B35*07	I			TSNAdb_v2.0_validated	B721.221 Cell Line	validation_level=tier3;reference=PMID:31844421;domain_transfer_event_not_pgaa_ranked
TSNADB2_001755	snv	INTS2	INTS2_N760H	VPVNHTQVM	4	HLA-B42*01	I			TSNAdb_v2.0_validated	B721.221 Cell Line	validation_level=tier3;reference=PMID:31844439;domain_transfer_event_not_pgaa_ranked
TSNADB2_001756	snv	PMAIP1	PMAIP1_G72L	VQVALSRV	4	HLA-B52*01	I			TSNAdb_v2.0_validated	B721.221 Cell Line	validation_level=tier3;reference=PMID:31844457;domain_transfer_event_not_pgaa_ranked
TSNADB2_001757	snv	WDR1	WDR1_D26N	VSKIIGGNPK	7	HLA-A68*01	I			TSNAdb_v2.0_validated	Non-Small Cell Lung Cancer	validation_level=tier3;reference=PMID:30556813;domain_transfer_event_not_pgaa_ranked
TSNADB2_001758	snv	IRF2BPL	IRF2BPL_M413L	VSKPGLDYEL	5	HLA-A68*02	I			TSNAdb_v2.0_validated	Non-Small Cell Lung Cancer	validation_level=tier3;reference=PMID:30556813;domain_transfer_event_not_pgaa_ranked
TSNADB2_001759	snv	CTNNAL1	CTNNAL1_E323D	VTLDVILER	3	HLA-B57*01	I			TSNAdb_v2.0_validated	Non-Small Cell Lung Cancer	validation_level=tier3;reference=PMID:30556813;domain_transfer_event_not_pgaa_ranked
TSNADB2_001760	snv	OSBPL11	OSBPL11_G489W	VTNHAPLSW	8	HLA-A32*01	I			TSNAdb_v2.0_validated	Non-Small Cell Lung Cancer	validation_level=tier3;reference=PMID:30556813;domain_transfer_event_not_pgaa_ranked
TSNADB2_001761	snv	KRAS	KRAS_G12C	VVGACGVGK	4	HLA-A03*01	I			TSNAdb_v2.0_validated	Non-Small Cell Lung Cancer	validation_level=tier3;reference=PMID:30556813;domain_transfer_event_not_pgaa_ranked
TSNADB2_001762	snv	COL7A1	COL7A1_R468S	VVLPSDVTSY	8	HLA-A32*01	I			TSNAdb_v2.0_validated	Non-Small Cell Lung Cancer	validation_level=tier3;reference=PMID:30556813;domain_transfer_event_not_pgaa_ranked
TSNADB2_001763	snv	TBCK	TBCK_D478H	VVSHPHLVYW	5	HLA-A68*02	I			TSNAdb_v2.0_validated	Non-Small Cell Lung Cancer	validation_level=tier3;reference=PMID:30556813;domain_transfer_event_not_pgaa_ranked
TSNADB2_001764	snv	KRAS	KRAS_G12C	VVVGACGVGK	5	HLA-A03*01	I			TSNAdb_v2.0_validated	Non-Small Cell Lung Cancer	validation_level=tier3;reference=PMID:30556813;domain_transfer_event_not_pgaa_ranked
TSNADB2_001765	snv	CTSC	CTSC_I153T	VYVNTAHL	4	HLA-C14*03	I			TSNAdb_v2.0_validated	B721.221 Cell Line	validation_level=tier3;reference=PMID:31844513;domain_transfer_event_not_pgaa_ranked
TSNADB2_001766	snv	SLC4A4	SLC4A4_A973V	WILKSTVAV	8	HLA-A02*01	I			TSNAdb_v2.0_validated	Hepatocellular Carcinoma	validation_level=tier3;reference=PMID:31039795;domain_transfer_event_not_pgaa_ranked
TSNADB2_001767	snv	SLC4A4	SLC4A4_A973V	WILKSTVAVI	8	HLA-A02*01	I			TSNAdb_v2.0_validated	Hepatocellular Carcinoma	validation_level=tier3;reference=PMID:31039795;domain_transfer_event_not_pgaa_ranked
TSNADB2_001768	snv	TBCK	TBCK_D478H	WVVSHPHLV	0	HLA-A68*02	I			TSNAdb_v2.0_validated	Non-Small Cell Lung Cancer	validation_level=tier3;reference=PMID:30556813;domain_transfer_event_not_pgaa_ranked
TSNADB2_001769	snv	LOC107987441	LOC107987441_L220F	YAQLHSFTL	6	HLA-C03*02	I			TSNAdb_v2.0_validated	B721.221 Cell Line	validation_level=tier3;reference=PMID:31844479;domain_transfer_event_not_pgaa_ranked
TSNADB2_001770	snv	LOC107987441	LOC107987441_L220F	YAQLHSFTL	6	HLA-C03*03	I			TSNAdb_v2.0_validated	B721.221 Cell Line	validation_level=tier3;reference=PMID:31844485;domain_transfer_event_not_pgaa_ranked
TSNADB2_001771	snv	LOC107987441	LOC107987441_L220F	YAQLHSFTL	6	HLA-C12*03	I			TSNAdb_v2.0_validated	B721.221 Cell Line	validation_level=tier3;reference=PMID:31844510;domain_transfer_event_not_pgaa_ranked
TSNADB2_001772	snv	LOC107987441	LOC107987441_L220F	YAQLHSFTL	6	HLA-C16*01	I			TSNAdb_v2.0_validated	B721.221 Cell Line	validation_level=tier3;reference=PMID:31844522;domain_transfer_event_not_pgaa_ranked
TSNADB2_001774	snv	TDG	TDG_G343V	YEAAYVGAY	5	HLA-B44*02	I			TSNAdb_v2.0_validated	Hepatocellular Carcinoma	validation_level=tier3;reference=PMID:31039795;domain_transfer_event_not_pgaa_ranked
TSNADB2_001776	snv	UQCRB	UQCRB_D41H	YEHEDVKEA	2	HLA-B49*01	I			TSNAdb_v2.0_validated	Non-Small Cell Lung Cancer	validation_level=tier3;reference=PMID:30556813;domain_transfer_event_not_pgaa_ranked
TSNADB2_001777	snv	UQCRB	UQCRB_D41H	YEHEDVKEAI	2	HLA-B49*01	I			TSNAdb_v2.0_validated	Non-Small Cell Lung Cancer	validation_level=tier3;reference=PMID:30556813;domain_transfer_event_not_pgaa_ranked
TSNADB2_001778	snv	C1S	C1S_P295L	YHGDPMPCL	8	HLA-B38*01	I			TSNAdb_v2.0_validated	Non-Small Cell Lung Cancer	validation_level=tier3;reference=PMID:30556813;domain_transfer_event_not_pgaa_ranked
TSNADB2_001779	snv	44806	SEPT2_Q125R	YIDERFERY	4	HLA-A01*01	I			TSNAdb_v2.0_validated	Melanoma	validation_level=tier3;reference=PMID:27869121;domain_transfer_event_not_pgaa_ranked
TSNADB2_001780	snv	ENC1	ENC1_P230S	YLSELLQTV	2	HLA-A02*01	I			TSNAdb_v2.0_validated	Melanoma	validation_level=tier3;reference=PMID:31921104;domain_transfer_event_not_pgaa_ranked
TSNADB2_001781	snv	GABRB3	GABRB3_T185N	YNTDDIEFY	1	HLA-A29*02	I			TSNAdb_v2.0_validated	Non-Small Cell Lung Cancer	validation_level=tier3;reference=PMID:30556813;domain_transfer_event_not_pgaa_ranked
TSNADB2_001782	snv	TOX2	TOX2_S382Y	YPAPQPPVL	0	HLA-B08*01	I			TSNAdb_v2.0_validated	Non-Small Cell Lung Cancer	validation_level=tier3;reference=PMID:30556813;domain_transfer_event_not_pgaa_ranked
TSNADB2_001783	snv	NR1D1	NR1D1_G39D	YSDNSNDSF	6	HLA-A01*01	I			TSNAdb_v2.0_validated	Hct 116 Cell Line	validation_level=tier3;reference=PMID:25576301;domain_transfer_event_not_pgaa_ranked
TSNADB2_001784	snv	KRTAP20-2	KRTAP20-2_G9C	YSNYYCGLRY	5	HLA-B15*01	I			TSNAdb_v2.0_validated	Non-Small Cell Lung Cancer	validation_level=tier3;reference=PMID:28832583;domain_transfer_event_not_pgaa_ranked
TSNADB2_001785	snv	ANKRD52	ANKRD52_A559S	YTAVHYAASY	8	HLA-A01*01	I			TSNAdb_v2.0_validated	Non-Small Cell Lung Cancer	validation_level=tier3;reference=PMID:30556813;domain_transfer_event_not_pgaa_ranked
TSNADB2_001786	snv	EPHB2	EPHB2_A410G	YTFEIQGV	6	HLA-A68*02	I			TSNAdb_v2.0_validated	Non-Small Cell Lung Cancer	validation_level=tier3;reference=PMID:30556813;domain_transfer_event_not_pgaa_ranked
TSNADB2_001787	snv	EPHB2	EPHB2_A410G	YTFEIQGVNGV	6	HLA-A68*02	I			TSNAdb_v2.0_validated	Non-Small Cell Lung Cancer	validation_level=tier3;reference=PMID:30556813;domain_transfer_event_not_pgaa_ranked
TSNADB2_001788	snv	TNFAIP1	TNFAIP1_R48L	YTTVRALTL	8	HLA-B08*01	I			TSNAdb_v2.0_validated	Non-Small Cell Lung Cancer	validation_level=tier3;reference=PMID:30556813;domain_transfer_event_not_pgaa_ranked
TSNADB2_001790	snv	LRPPRC	LRPPRC_T1335I	YVSEKDVISAK	7	HLA-A68*01	I			TSNAdb_v2.0_validated	Non-Small Cell Lung Cancer	validation_level=tier3;reference=PMID:30556813;domain_transfer_event_not_pgaa_ranked
TSNADB2_001791	snv	TSR1	TSR1_H561Y	YVSEVPVSV	0	HLA-C17*01	I			TSNAdb_v2.0_validated	Non-Small Cell Lung Cancer	validation_level=tier3;reference=PMID:30556813;domain_transfer_event_not_pgaa_ranked
TSNADB2_001792	snv	HEPH	HEPH_I622T	YYSAVDPTK	7	HLA-A23*01	I			TSNAdb_v2.0_validated	B721.221 Cell Line	validation_level=tier3;reference=PMID:31844334;domain_transfer_event_not_pgaa_ranked
