priority	candidate_id	source_path	field	dtype	n_unique	n_missing	split_name_candidate	perturbation_name_candidate	control_value_detected	examples
1	papalexi2021_thp1_crispr	/Volumes/MOVESPEED/pgaa_cross_platform/v3/sources/papalexi2021_thp1_crispr/PapalexiSatija2021_eccite_RNA.h5ad	hto	category	5	0	False	False	True	"[""rep1-tx"", ""rep2-ctrl"", ""rep2-tx"", ""rep3-tx"", ""rep4-tx""]"
1	papalexi2021_thp1_crispr	/Volumes/MOVESPEED/pgaa_cross_platform/v3/sources/papalexi2021_thp1_crispr/PapalexiSatija2021_eccite_RNA.h5ad	guide_id	category	107	0	False	True	False	"[""ATF2g1"", ""ATF2g2"", ""ATF2g3"", ""ATF2g4"", ""BRD4g1"", ""BRD4g2"", ""BRD4g3"", ""BRD4g4"", ""CAV1g1"", ""CAV1g2"", ""CAV1g3"", ""CAV1g4"", ""CD86g1"", ""CD86g2"", ""CD86g3"", ""CD86g4""]"
1	papalexi2021_thp1_crispr	/Volumes/MOVESPEED/pgaa_cross_platform/v3/sources/papalexi2021_thp1_crispr/PapalexiSatija2021_eccite_RNA.h5ad	hto_barcode	category	3	0	False	False	False	"[""AGGACCATCCAA"", ""GAGGCTGAGCTA"", ""TCGATAATGCGA""]"
1	papalexi2021_thp1_crispr	/Volumes/MOVESPEED/pgaa_cross_platform/v3/sources/papalexi2021_thp1_crispr/PapalexiSatija2021_eccite_RNA.h5ad	gdo_barcode	category	107	0	False	False	False	"[""AAGAAGCTGTTTCAGCTGT"", ""AATGTTTTCTGGAGGCCCG"", ""ACAAGTTTTGATTCGGACA"", ""ACATGACAGGACTTCAGCT"", ""ACCAGGACATTGGCATCAT"", ""ACCTCTCAATGCCGTGGTT"", ""ACCTTCAAGCAACGCCGCA"", ""ACGACCATTTCCCGCTTCG"", ""ACGTGAGTATTCCAGAACA"", ""ACGTGTCTACACTTAGCCT"", ""ACTGAATTCTCAGTACTGT"", ""ACTTTAGATTCATTGATGC"", ""ACTTTCCTTTTTTGTCGGC"", ""AGAAAACTTGCTCTCTGTC"", ""AGCAATTTCTGGCTGGTTG"", ""AGGACAGCAACTTCTGCCC""]"
1	papalexi2021_thp1_crispr	/Volumes/MOVESPEED/pgaa_cross_platform/v3/sources/papalexi2021_thp1_crispr/PapalexiSatija2021_eccite_RNA.h5ad	perturbation	category	99	0	False	True	False	"[""ATF2g1"", ""ATF2g2"", ""ATF2g3"", ""ATF2g4"", ""BRD4g1"", ""BRD4g2"", ""BRD4g3"", ""BRD4g4"", ""CAV1g1"", ""CAV1g2"", ""CAV1g3"", ""CAV1g4"", ""CD86g1"", ""CD86g2"", ""CD86g3"", ""CD86g4""]"
1	papalexi2021_thp1_crispr	/Volumes/MOVESPEED/pgaa_cross_platform/v3/sources/papalexi2021_thp1_crispr/PapalexiSatija2021_eccite_RNA.h5ad	tissue_type	category	1	0	False	False	False	"[""cell_line""]"
1	papalexi2021_thp1_crispr	/Volumes/MOVESPEED/pgaa_cross_platform/v3/sources/papalexi2021_thp1_crispr/PapalexiSatija2021_eccite_RNA.h5ad	cell_line	category	1	0	False	False	False	"[""THP-1""]"
1	papalexi2021_thp1_crispr	/Volumes/MOVESPEED/pgaa_cross_platform/v3/sources/papalexi2021_thp1_crispr/PapalexiSatija2021_eccite_RNA.h5ad	cancer	bool	1	0	False	False	False	"[""True""]"
1	papalexi2021_thp1_crispr	/Volumes/MOVESPEED/pgaa_cross_platform/v3/sources/papalexi2021_thp1_crispr/PapalexiSatija2021_eccite_RNA.h5ad	disease	category	1	0	False	False	False	"[""acute monocytic leukemia""]"
1	papalexi2021_thp1_crispr	/Volumes/MOVESPEED/pgaa_cross_platform/v3/sources/papalexi2021_thp1_crispr/PapalexiSatija2021_eccite_RNA.h5ad	perturbation_type	category	1	0	False	True	False	"[""CRISPR""]"
1	papalexi2021_thp1_crispr	/Volumes/MOVESPEED/pgaa_cross_platform/v3/sources/papalexi2021_thp1_crispr/PapalexiSatija2021_eccite_RNA.h5ad	celltype	category	1	0	False	False	False	"[""monocytes""]"
1	papalexi2021_thp1_crispr	/Volumes/MOVESPEED/pgaa_cross_platform/v3/sources/papalexi2021_thp1_crispr/PapalexiSatija2021_eccite_RNA.h5ad	organism	category	1	0	False	False	False	"[""human""]"
1	papalexi2021_thp1_crispr	/Volumes/MOVESPEED/pgaa_cross_platform/v3/sources/papalexi2021_thp1_crispr/PapalexiSatija2021_eccite_RNA.h5ad	nperts	int64	2	0	False	False	False	"[""0"", ""1""]"
1	papalexi2021_thp1_crispr	/Volumes/MOVESPEED/pgaa_cross_platform/v3/sources/papalexi2021_thp1_crispr/PapalexiSatija2021_eccite_RNA.h5ad	ngenes	int64	4337	0	False	True	False	"[""1039"", ""1059"", ""1084"", ""1106"", ""1118"", ""1127"", ""1133"", ""1150"", ""1155"", ""1160"", ""1174"", ""1187"", ""1209"", ""1210"", ""1219"", ""1220""]"
1	papalexi2021_thp1_crispr	/Volumes/MOVESPEED/pgaa_cross_platform/v3/sources/papalexi2021_thp1_crispr/PapalexiSatija2021_eccite_RNA.h5ad	ncounts	float64	13468	0	False	False	False	"[""10001.0"", ""10002.0"", ""10003.0"", ""10005.0"", ""10006.0"", ""10007.0"", ""10008.0"", ""10010.0"", ""10011.0"", ""10012.0"", ""10013.0"", ""10016.0"", ""10017.0"", ""10018.0"", ""10019.0"", ""10021.0""]"
1	papalexi2021_thp1_crispr	/Volumes/MOVESPEED/pgaa_cross_platform/v3/sources/papalexi2021_thp1_crispr/PapalexiSatija2021_eccite_RNA.h5ad	percent_mito	float64	20569	0	False	False	False	"[""0.0"", ""0.006041200990756963"", ""0.01199184554502938"", ""0.014320492624946297"", ""0.0151285930408472"", ""0.016475821731608865"", ""0.01783803068141277"", ""0.019550342130987292"", ""0.020370747606437156"", ""0.02062280882656218"", ""0.02099517111064455"", ""0.03774059630142156"", ""0.045819014891179836"", ""0.04699616198010496"", ""0.04734848484848485"", ""0.05016123253314224""]"
1	papalexi2021_thp1_crispr	/Volumes/MOVESPEED/pgaa_cross_platform/v3/sources/papalexi2021_thp1_crispr/PapalexiSatija2021_eccite_RNA.h5ad	percent_ribo	float64	20681	0	False	False	False	"[""1.2009512485136742"", ""1.2548482774355465"", ""1.262135922330097"", ""1.4170996693434106"", ""1.4921533316182145"", ""1.555232558139535"", ""1.6237061091942357"", ""1.6659838863853613"", ""1.763437548128754"", ""1.7700697300196675"", ""1.78673691444279"", ""1.8241818681822348"", ""1.8760195758564437"", ""1.9399767866025535"", ""1.9462991902258844"", ""1.9514137793707687""]"
2	frangieh2021_melanoma_crispr	/Volumes/MOVESPEED/pgaa_cross_platform/v2/sources/frangieh2021_melanoma_crispr/FrangiehIzar2021_RNA.h5ad	library_preparation_protocol	category	1	0	True	False	False	"[""10X 3' v3 sequencing""]"
2	frangieh2021_melanoma_crispr	/Volumes/MOVESPEED/pgaa_cross_platform/v2/sources/frangieh2021_melanoma_crispr/FrangiehIzar2021_RNA.h5ad	perturbation_2	category	3	0	False	True	True	"[""Co-culture"", ""Control"", ""IFN\u03b3""]"
2	frangieh2021_melanoma_crispr	/Volumes/MOVESPEED/pgaa_cross_platform/v2/sources/frangieh2021_melanoma_crispr/FrangiehIzar2021_RNA.h5ad	MOI	int64	20	0	False	False	False	"[""0"", ""1"", ""10"", ""11"", ""12"", ""13"", ""14"", ""15"", ""16"", ""17"", ""18"", ""19"", ""2"", ""3"", ""4"", ""5""]"
2	frangieh2021_melanoma_crispr	/Volumes/MOVESPEED/pgaa_cross_platform/v2/sources/frangieh2021_melanoma_crispr/FrangiehIzar2021_RNA.h5ad	sgRNA	category	819	0	False	False	False	"[""A2M_1"", ""A2M_2"", ""A2M_3"", ""ACSL3_1"", ""ACSL3_2"", ""ACSL3_3"", ""ACTA2_1"", ""ACTA2_2"", ""ACTA2_3"", ""AEBP1_1"", ""AEBP1_2"", ""AEBP1_3"", ""AGA_1"", ""AGA_2"", ""AGA_3"", ""AHCY_1""]"
2	frangieh2021_melanoma_crispr	/Volumes/MOVESPEED/pgaa_cross_platform/v2/sources/frangieh2021_melanoma_crispr/FrangiehIzar2021_RNA.h5ad	UMI_count	float64	33077	0	False	False	False	"[""10000.0"", ""10001.0"", ""10002.0"", ""10003.0"", ""10004.0"", ""10005.0"", ""10006.0"", ""10007.0"", ""10008.0"", ""10009.0"", ""1001.0"", ""10010.0"", ""10011.0"", ""10012.0"", ""10013.0"", ""10014.0""]"
2	frangieh2021_melanoma_crispr	/Volumes/MOVESPEED/pgaa_cross_platform/v2/sources/frangieh2021_melanoma_crispr/FrangiehIzar2021_RNA.h5ad	guide_id	category	58211	0	False	True	False	"[""A2M_1"", ""A2M_1;A2M_2;AEBP1_3;MFGE8_3;PROS1_3;NO_SITE_599"", ""A2M_1;A2M_2;NO_SITE_628"", ""A2M_1;A2M_2;UCN2_3"", ""A2M_1;A2M_3;BOLA2B_1;CTSO_2;FBL_2;JAK2_2;KLF4_3;ROMO1_3;SERPINF1_1;NUP50-AS1_3"", ""A2M_1;ACTA2_1;CTSL_2;CTSO_1"", ""A2M_1;AEBP1_1;GAA_3;HSPA1A_3;JMJD7_1;ONE_NON-GENE_SITE_672"", ""A2M_1;AEBP1_2;CITED1_1;CGAS_2"", ""A2M_1;AEBP1_3;JPT1_1;NPC1_1"", ""A2M_1;AEBP1_3;LGALS3_2"", ""A2M_1;AEBP1_3;TFAP2A_3"", ""A2M_1;AGA_1"", ""A2M_1;AGA_1;RNF213_1;SOX4_3"", ""A2M_1;AGA_2;ENPP1_1;RPSA_3"", ""A2M_1;APOC2_1"", ""A2M_1;APOC2_2;ST6GALNAC2_3;TAPBP_2;TMEM173_2;ONE_NON-GENE_SITE_658""]"
2	frangieh2021_melanoma_crispr	/Volumes/MOVESPEED/pgaa_cross_platform/v2/sources/frangieh2021_melanoma_crispr/FrangiehIzar2021_RNA.h5ad	umap_x	float64	217808	0	False	False	False	"[""-0.00013526557"", ""-0.0001688041"", ""-0.00038399524"", ""-0.0004386948000000001"", ""-0.0006225836"", ""-0.0007481770599999999"", ""-0.0007532941"", ""-0.0007838162"", ""-0.0009712006"", ""-0.000991772"", ""-0.0010269049"", ""-0.0010278329"", ""-0.0011683783"", ""-0.0011924977"", ""-0.0013204481"", ""-0.0015375518""]"
2	frangieh2021_melanoma_crispr	/Volumes/MOVESPEED/pgaa_cross_platform/v2/sources/frangieh2021_melanoma_crispr/FrangiehIzar2021_RNA.h5ad	umap_y	float64	217904	0	False	False	False	"[""-0.00028445103"", ""-0.0002928339"", ""-0.00036530683"", ""-0.0003888833200000001"", ""-0.00045187728"", ""-0.00051736785"", ""-0.00056092255"", ""-0.0005724871299999999"", ""-0.0005925169"", ""-0.0005979024"", ""-0.0006311957"", ""-0.0007779959"", ""-0.0008759007000000001"", ""-0.00092853204"", ""-0.0010980015"", ""-0.0011718014""]"
2	frangieh2021_melanoma_crispr	/Volumes/MOVESPEED/pgaa_cross_platform/v2/sources/frangieh2021_melanoma_crispr/FrangiehIzar2021_RNA.h5ad	perturbation	category	249	0	False	True	False	"[""A2M"", ""ACSL3"", ""ACTA2"", ""AEBP1"", ""AGA"", ""AHCY"", ""AHNAK"", ""APOC2"", ""APOD"", ""APOE"", ""ARMC6"", ""ATP1A1"", ""ATP1B1"", ""ATP5MD"", ""B2M"", ""BOLA2""]"
2	frangieh2021_melanoma_crispr	/Volumes/MOVESPEED/pgaa_cross_platform/v2/sources/frangieh2021_melanoma_crispr/FrangiehIzar2021_RNA.h5ad	tissue_type	category	1	0	False	False	False	"[""cell_line_co-culture""]"
2	frangieh2021_melanoma_crispr	/Volumes/MOVESPEED/pgaa_cross_platform/v2/sources/frangieh2021_melanoma_crispr/FrangiehIzar2021_RNA.h5ad	cancer	bool	1	0	False	False	False	"[""True""]"
2	frangieh2021_melanoma_crispr	/Volumes/MOVESPEED/pgaa_cross_platform/v2/sources/frangieh2021_melanoma_crispr/FrangiehIzar2021_RNA.h5ad	disease	category	1	0	False	False	False	"[""melanoma""]"
2	frangieh2021_melanoma_crispr	/Volumes/MOVESPEED/pgaa_cross_platform/v2/sources/frangieh2021_melanoma_crispr/FrangiehIzar2021_RNA.h5ad	perturbation_type	category	1	0	False	True	False	"[""CRISPR""]"
2	frangieh2021_melanoma_crispr	/Volumes/MOVESPEED/pgaa_cross_platform/v2/sources/frangieh2021_melanoma_crispr/FrangiehIzar2021_RNA.h5ad	celltype	category	1	0	False	False	False	"[""melanocytes""]"
2	frangieh2021_melanoma_crispr	/Volumes/MOVESPEED/pgaa_cross_platform/v2/sources/frangieh2021_melanoma_crispr/FrangiehIzar2021_RNA.h5ad	organism	category	1	0	False	False	False	"[""human""]"
2	frangieh2021_melanoma_crispr	/Volumes/MOVESPEED/pgaa_cross_platform/v2/sources/frangieh2021_melanoma_crispr/FrangiehIzar2021_RNA.h5ad	perturbation_type_2	category	1	0	False	True	False	"[""IFN-\u03b3 stimulation""]"
2	frangieh2021_melanoma_crispr	/Volumes/MOVESPEED/pgaa_cross_platform/v2/sources/frangieh2021_melanoma_crispr/FrangiehIzar2021_RNA.h5ad	nperts	int64	2	0	False	False	False	"[""0"", ""1""]"
2	frangieh2021_melanoma_crispr	/Volumes/MOVESPEED/pgaa_cross_platform/v2/sources/frangieh2021_melanoma_crispr/FrangiehIzar2021_RNA.h5ad	ngenes	int64	6377	0	False	True	False	"[""1000"", ""1001"", ""1002"", ""1003"", ""1004"", ""1005"", ""1006"", ""1007"", ""1008"", ""1009"", ""1010"", ""1011"", ""1012"", ""1013"", ""1014"", ""1015""]"
2	frangieh2021_melanoma_crispr	/Volumes/MOVESPEED/pgaa_cross_platform/v2/sources/frangieh2021_melanoma_crispr/FrangiehIzar2021_RNA.h5ad	ncounts	float64	33077	0	False	False	False	"[""10000.0"", ""10001.0"", ""10002.0"", ""10003.0"", ""10004.0"", ""10005.0"", ""10006.0"", ""10007.0"", ""10008.0"", ""10009.0"", ""1001.0"", ""10010.0"", ""10011.0"", ""10012.0"", ""10013.0"", ""10014.0""]"
2	frangieh2021_melanoma_crispr	/Volumes/MOVESPEED/pgaa_cross_platform/v2/sources/frangieh2021_melanoma_crispr/FrangiehIzar2021_RNA.h5ad	percent_mito	float64	209214	0	False	False	False	"[""0.0"", ""0.007151029748283753"", ""0.008105041335710812"", ""0.00969555943377933"", ""0.009909820632246557"", ""0.011976047904191617"", ""0.013583265417006248"", ""0.014308198597796537"", ""0.01502178158329578"", ""0.015339776039269826"", ""0.015350372246526977"", ""0.015647003598810827"", ""0.0169664065151001"", ""0.01941747572815534"", ""0.01953125"", ""0.01967729240456513""]"
2	frangieh2021_melanoma_crispr	/Volumes/MOVESPEED/pgaa_cross_platform/v2/sources/frangieh2021_melanoma_crispr/FrangiehIzar2021_RNA.h5ad	percent_ribo	float64	209077	0	False	False	False	"[""1.3276064037485358"", ""1.3799448022079117"", ""1.4832535885167464"", ""1.5267175572519083"", ""1.559074299634592"", ""1.5800203873598369"", ""1.5885947046843176"", ""1.6112084063047285"", ""1.6749379652605458"", ""1.6977225672877845"", ""1.726844583987441"", ""1.7361111111111112"", ""1.776092596288166"", ""1.8574993069032437"", ""1.8670649738610903"", ""1.8900343642611683""]"
3	joung2023_hesc_tf_overexpression	/Volumes/MOVESPEED/pgaa_cross_platform/v2/sources/joung2023_hesc_tf_overexpression/JoungZhang2023_combinatorial.h5ad	ngenes	int64	5367	0	False	True	False	"[""1000"", ""1001"", ""1002"", ""1003"", ""1004"", ""1005"", ""1006"", ""1007"", ""1008"", ""1009"", ""1010"", ""1011"", ""1012"", ""1013"", ""1014"", ""1015""]"
3	joung2023_hesc_tf_overexpression	/Volumes/MOVESPEED/pgaa_cross_platform/v2/sources/joung2023_hesc_tf_overexpression/JoungZhang2023_combinatorial.h5ad	percent_mito	float32	108449	0	False	False	False	"[""0.0"", ""0.0002891845"", ""0.0003270111"", ""0.0003816794"", ""0.0003990423"", ""0.00040160643"", ""0.00042122998"", ""0.00042426813"", ""0.00042480882"", ""0.00043177893"", ""0.0004359198"", ""0.00044612982"", ""0.000464684"", ""0.00047505938"", ""0.00047824008"", ""0.0004992511""]"
3	joung2023_hesc_tf_overexpression	/Volumes/MOVESPEED/pgaa_cross_platform/v2/sources/joung2023_hesc_tf_overexpression/JoungZhang2023_combinatorial.h5ad	ncounts	float32	12383	0	False	False	False	"[""1000.0"", ""10000.0"", ""10001.0"", ""10002.0"", ""10006.0"", ""10007.0"", ""10008.0"", ""10009.0"", ""1001.0"", ""10010.0"", ""10011.0"", ""10013.0"", ""10014.0"", ""10015.0"", ""10016.0"", ""10017.0""]"
3	joung2023_hesc_tf_overexpression	/Volumes/MOVESPEED/pgaa_cross_platform/v2/sources/joung2023_hesc_tf_overexpression/JoungZhang2023_combinatorial.h5ad	batch	category	9	0	True	False	False	"[""0"", ""1"", ""2"", ""3"", ""4"", ""5"", ""6"", ""7"", ""8""]"
3	joung2023_hesc_tf_overexpression	/Volumes/MOVESPEED/pgaa_cross_platform/v2/sources/joung2023_hesc_tf_overexpression/JoungZhang2023_combinatorial.h5ad	TF	category	57	0	False	True	False	"[""TFORF0098-MSGN1,TFORF0519-PAX5"", ""TFORF0098-MSGN1,TFORF0985-KLF4"", ""TFORF0098-MSGN1,TFORF1447-NR5A2"", ""TFORF0098-MSGN1,TFORF2078-FLI1"", ""TFORF0098-MSGN1,TFORF2957-HNF4A"", ""TFORF0098-MSGN1,TFORF3549-GFP"", ""TFORF0391-FERD3L,TFORF0098-MSGN1"", ""TFORF0391-FERD3L,TFORF0519-PAX5"", ""TFORF0391-FERD3L,TFORF0985-KLF4"", ""TFORF0391-FERD3L,TFORF1216-NHLH1"", ""TFORF0391-FERD3L,TFORF1216-NHLH1,TFORF2055-CDX1"", ""TFORF0391-FERD3L,TFORF1447-NR5A2"", ""TFORF0391-FERD3L,TFORF2055-CDX1"", ""TFORF0391-FERD3L,TFORF2078-FLI1"", ""TFORF0391-FERD3L,TFORF2957-HNF4A"", ""TFORF0391-FERD3L,TFORF3549-GFP""]"
3	joung2023_hesc_tf_overexpression	/Volumes/MOVESPEED/pgaa_cross_platform/v2/sources/joung2023_hesc_tf_overexpression/JoungZhang2023_combinatorial.h5ad	louvain	category	24	0	False	False	False	"[""0"", ""1"", ""10"", ""11"", ""12"", ""13"", ""14"", ""15"", ""16"", ""17"", ""18"", ""19"", ""2"", ""20"", ""21"", ""22""]"
3	joung2023_hesc_tf_overexpression	/Volumes/MOVESPEED/pgaa_cross_platform/v2/sources/joung2023_hesc_tf_overexpression/JoungZhang2023_combinatorial.h5ad	perturbation	category	57	0	False	True	False	"[""CDX1+FERD3L"", ""CDX1+FERD3L+NHLH1"", ""CDX1+FLI1"", ""CDX1+GFP"", ""CDX1+HNF4A"", ""CDX1+HNF4A+PAX5"", ""CDX1+KLF4"", ""CDX1+MSGN1"", ""CDX1+NHLH1"", ""CDX1+NR5A2"", ""CDX1+PAX5"", ""CDX1+PTF1A"", ""FERD3L+FLI1"", ""FERD3L+GFP"", ""FERD3L+HNF4A"", ""FERD3L+KLF4""]"
3	joung2023_hesc_tf_overexpression	/Volumes/MOVESPEED/pgaa_cross_platform/v2/sources/joung2023_hesc_tf_overexpression/JoungZhang2023_combinatorial.h5ad	disease	category	1	0	False	False	False	"[""healthy""]"
3	joung2023_hesc_tf_overexpression	/Volumes/MOVESPEED/pgaa_cross_platform/v2/sources/joung2023_hesc_tf_overexpression/JoungZhang2023_combinatorial.h5ad	cancer	bool	1	0	False	False	False	"[""False""]"
3	joung2023_hesc_tf_overexpression	/Volumes/MOVESPEED/pgaa_cross_platform/v2/sources/joung2023_hesc_tf_overexpression/JoungZhang2023_combinatorial.h5ad	tissue_type	category	1	0	False	False	False	"[""cell_line""]"
3	joung2023_hesc_tf_overexpression	/Volumes/MOVESPEED/pgaa_cross_platform/v2/sources/joung2023_hesc_tf_overexpression/JoungZhang2023_combinatorial.h5ad	cell_line	category	1	0	False	False	False	"[""hESCs""]"
3	joung2023_hesc_tf_overexpression	/Volumes/MOVESPEED/pgaa_cross_platform/v2/sources/joung2023_hesc_tf_overexpression/JoungZhang2023_combinatorial.h5ad	celltype	category	1	0	False	False	False	"[""hESCs""]"
3	joung2023_hesc_tf_overexpression	/Volumes/MOVESPEED/pgaa_cross_platform/v2/sources/joung2023_hesc_tf_overexpression/JoungZhang2023_combinatorial.h5ad	organism	category	1	0	False	False	False	"[""human""]"
3	joung2023_hesc_tf_overexpression	/Volumes/MOVESPEED/pgaa_cross_platform/v2/sources/joung2023_hesc_tf_overexpression/JoungZhang2023_combinatorial.h5ad	perturbation_type	category	1	0	False	True	False	"[""ORF overexpression""]"
3	joung2023_hesc_tf_overexpression	/Volumes/MOVESPEED/pgaa_cross_platform/v2/sources/joung2023_hesc_tf_overexpression/JoungZhang2023_combinatorial.h5ad	nperts	int64	3	0	False	False	False	"[""1"", ""2"", ""3""]"
3	joung2023_hesc_tf_overexpression	/Volumes/MOVESPEED/pgaa_cross_platform/v2/sources/joung2023_hesc_tf_overexpression/JoungZhang2023_combinatorial.h5ad	percent_ribo	float32	167083	0	False	False	False	"[""0.0"", ""0.056017112"", ""0.065031976"", ""0.06625814"", ""0.06911598"", ""0.06973797"", ""0.07040587"", ""0.07080276"", ""0.07098864"", ""0.07262556"", ""0.07266674"", ""0.07429258"", ""0.075425625"", ""0.07565441"", ""0.07730126"", ""0.07737496""]"
4	xu2023_hek293_crispri	/Volumes/MOVESPEED/pgaa_cross_platform/v2/sources/xu2023_hek293_crispri/XuCao2023.h5ad	perturbation	category	204	0	False	True	False	"[""ACLY"", ""ACO2"", ""AGO2"", ""ALDOA"", ""ALYREF"", ""ARID1A"", ""ARID2"", ""ATP11A"", ""ATP12A"", ""ATP6V1A"", ""ATP6V1B2"", ""BCS1L"", ""BRD7"", ""CASC3"", ""CCNH"", ""CCT3""]"
4	xu2023_hek293_crispri	/Volumes/MOVESPEED/pgaa_cross_platform/v2/sources/xu2023_hek293_crispri/XuCao2023.h5ad	ncounts	int64	8382	0	False	False	False	"[""1000"", ""10000"", ""10007"", ""1001"", ""10013"", ""1002"", ""10023"", ""10024"", ""10025"", ""10027"", ""1003"", ""10031"", ""10037"", ""1004"", ""10044"", ""1005""]"
4	xu2023_hek293_crispri	/Volumes/MOVESPEED/pgaa_cross_platform/v2/sources/xu2023_hek293_crispri/XuCao2023.h5ad	nascent_UMI_counts	int64	2428	0	False	False	False	"[""10"", ""100"", ""1000"", ""1001"", ""1002"", ""1003"", ""1004"", ""1005"", ""1006"", ""1007"", ""1008"", ""1009"", ""101"", ""1010"", ""1011"", ""1012""]"
4	xu2023_hek293_crispri	/Volumes/MOVESPEED/pgaa_cross_platform/v2/sources/xu2023_hek293_crispri/XuCao2023.h5ad	nascent_ratio	float64	81689	0	False	False	False	"[""0.0042016806722689"", ""0.0050167224080267"", ""0.0064655172413793"", ""0.0072463768115942"", ""0.0077220077220077"", ""0.008"", ""0.0080450522928399"", ""0.00836820083682"", ""0.0086058519793459"", ""0.0092105263157894"", ""0.0093023255813953"", ""0.0096463022508038"", ""0.0101276970497578"", ""0.0103626943005181"", ""0.0104633781763827"", ""0.0105193951347798""]"
4	xu2023_hek293_crispri	/Volumes/MOVESPEED/pgaa_cross_platform/v2/sources/xu2023_hek293_crispri/XuCao2023.h5ad	guide_id	category	489	0	False	True	False	"[""ACLY_1"", ""ACLY_3"", ""ACO2_1"", ""ACO2_2"", ""ACO2_3"", ""AGO2_3"", ""ALDOA_2"", ""ALYREF_1"", ""ARID1A_2"", ""ARID2_1"", ""ARID2_2"", ""ARID2_3"", ""ATP11A_2"", ""ATP11A_3"", ""ATP12A_1"", ""ATP12A_2""]"
4	xu2023_hek293_crispri	/Volumes/MOVESPEED/pgaa_cross_platform/v2/sources/xu2023_hek293_crispri/XuCao2023.h5ad	gRNA_UMI_counts	int64	273	0	False	False	False	"[""10"", ""100"", ""101"", ""102"", ""103"", ""104"", ""105"", ""106"", ""107"", ""108"", ""109"", ""11"", ""110"", ""111"", ""112"", ""113""]"
4	xu2023_hek293_crispri	/Volumes/MOVESPEED/pgaa_cross_platform/v2/sources/xu2023_hek293_crispri/XuCao2023.h5ad	nascent_MT_ratio	float64	51254	0	False	False	False	"[""0.0"", ""0.0002257846014901"", ""0.0002456398919184"", ""0.0002629503023928"", ""0.0002908667830133"", ""0.0002972651605231"", ""0.0003018412315122"", ""0.0003110419906687"", ""0.0003122073056509"", ""0.0003410641200545"", ""0.0003543586109142"", ""0.0003591954022988"", ""0.0003595828838547"", ""0.0003713330857779"", ""0.0003783579265985"", ""0.000383288616328""]"
4	xu2023_hek293_crispri	/Volumes/MOVESPEED/pgaa_cross_platform/v2/sources/xu2023_hek293_crispri/XuCao2023.h5ad	Cell_cycle_phase	category	3	0	False	False	False	"[""G1"", ""G2M"", ""S""]"
4	xu2023_hek293_crispri	/Volumes/MOVESPEED/pgaa_cross_platform/v2/sources/xu2023_hek293_crispri/XuCao2023.h5ad	whole_exon_ratio	float64	87343	0	False	False	False	"[""0.1353001017294"", ""0.140155728587319"", ""0.143338954468803"", ""0.192027432490356"", ""0.2296875"", ""0.253179190751445"", ""0.268533772652389"", ""0.276255707762557"", ""0.277777777777778"", ""0.282225237449118"", ""0.30062893081761"", ""0.304864864864865"", ""0.307873090481786"", ""0.309166235111341"", ""0.315028901734104"", ""0.316628701594533""]"
4	xu2023_hek293_crispri	/Volumes/MOVESPEED/pgaa_cross_platform/v2/sources/xu2023_hek293_crispri/XuCao2023.h5ad	new_exon_ratio	float64	49475	0	False	False	False	"[""0.0697674418604651"", ""0.0707964601769911"", ""0.0716417910447761"", ""0.0732758620689655"", ""0.0747126436781609"", ""0.075"", ""0.0759493670886076"", ""0.0769230769230769"", ""0.0784313725490196"", ""0.0845070422535211"", ""0.0852017937219731"", ""0.0859375"", ""0.0864197530864197"", ""0.0883977900552486"", ""0.0957854406130268"", ""0.0972222222222222""]"
4	xu2023_hek293_crispri	/Volumes/MOVESPEED/pgaa_cross_platform/v2/sources/xu2023_hek293_crispri/XuCao2023.h5ad	target	category	204	0	False	True	False	"[""ACLY"", ""ACO2"", ""AGO2"", ""ALDOA"", ""ALYREF"", ""ARID1A"", ""ARID2"", ""ATP11A"", ""ATP12A"", ""ATP6V1A"", ""ATP6V1B2"", ""BCS1L"", ""BRD7"", ""CASC3"", ""CCNH"", ""CCT3""]"
4	xu2023_hek293_crispri	/Volumes/MOVESPEED/pgaa_cross_platform/v2/sources/xu2023_hek293_crispri/XuCao2023.h5ad	perturbation_type	category	1	0	False	True	False	"[""CRISPRi""]"
4	xu2023_hek293_crispri	/Volumes/MOVESPEED/pgaa_cross_platform/v2/sources/xu2023_hek293_crispri/XuCao2023.h5ad	disease	category	1	0	False	False	False	"[""healthy""]"
4	xu2023_hek293_crispri	/Volumes/MOVESPEED/pgaa_cross_platform/v2/sources/xu2023_hek293_crispri/XuCao2023.h5ad	cancer	bool	1	0	False	False	False	"[""True""]"
4	xu2023_hek293_crispri	/Volumes/MOVESPEED/pgaa_cross_platform/v2/sources/xu2023_hek293_crispri/XuCao2023.h5ad	tissue_type	category	1	0	False	False	False	"[""cell_line""]"
4	xu2023_hek293_crispri	/Volumes/MOVESPEED/pgaa_cross_platform/v2/sources/xu2023_hek293_crispri/XuCao2023.h5ad	cell_line	category	1	0	False	False	False	"[""HEK293""]"
4	xu2023_hek293_crispri	/Volumes/MOVESPEED/pgaa_cross_platform/v2/sources/xu2023_hek293_crispri/XuCao2023.h5ad	celltype	category	1	0	False	False	False	"[""embryonic kidney cells""]"
4	xu2023_hek293_crispri	/Volumes/MOVESPEED/pgaa_cross_platform/v2/sources/xu2023_hek293_crispri/XuCao2023.h5ad	organism	category	1	0	False	False	False	"[""human""]"
4	xu2023_hek293_crispri	/Volumes/MOVESPEED/pgaa_cross_platform/v2/sources/xu2023_hek293_crispri/XuCao2023.h5ad	nperts	int64	2	0	False	False	False	"[""0"", ""1""]"
4	xu2023_hek293_crispri	/Volumes/MOVESPEED/pgaa_cross_platform/v2/sources/xu2023_hek293_crispri/XuCao2023.h5ad	ngenes	int64	3920	0	False	True	False	"[""1000"", ""1001"", ""1002"", ""1003"", ""1004"", ""1005"", ""1006"", ""1007"", ""1008"", ""1009"", ""1010"", ""1011"", ""1012"", ""1013"", ""1014"", ""1015""]"
4	xu2023_hek293_crispri	/Volumes/MOVESPEED/pgaa_cross_platform/v2/sources/xu2023_hek293_crispri/XuCao2023.h5ad	percent_mito	float64	87541	0	False	False	False	"[""0.0"", ""0.07763975155279502"", ""0.0880281690140845"", ""0.11389521640091116"", ""0.11441647597254005"", ""0.16339869281045752"", ""0.18248175182481752"", ""0.18518518518518517"", ""0.186219739292365"", ""0.1937984496124031"", ""0.19646365422396855"", ""0.22075055187637968"", ""0.22396416573348266"", ""0.24975024975024976"", ""0.26109660574412535"", ""0.26595744680851063""]"
4	xu2023_hek293_crispri	/Volumes/MOVESPEED/pgaa_cross_platform/v2/sources/xu2023_hek293_crispri/XuCao2023.h5ad	percent_ribo	float64	61794	0	False	False	False	"[""0.0"", ""0.09910802775024777"", ""0.12195121951219512"", ""0.13513513513513514"", ""0.15313935681470137"", ""0.21321961620469082"", ""0.2681863895407308"", ""0.29542097488921715"", ""0.31201248049922"", ""0.34443168771526983"", ""0.3519577650681918"", ""0.3567953292247811"", ""0.36791758646063283"", ""0.37257824143070045"", ""0.37650602409638556"", ""0.42340261739799845""]"
5	zhao2021_glioblastoma_drug	/Volumes/MOVESPEED/pgaa_cross_platform/v2/sources/zhao2021_glioblastoma_drug/ZhaoSims2021.h5ad	sample	category	10	0	True	False	False	"[""PW029"", ""PW030"", ""PW031"", ""PW032"", ""PW034"", ""PW036"", ""PW040"", ""PW051"", ""PW052"", ""PW053""]"
5	zhao2021_glioblastoma_drug	/Volumes/MOVESPEED/pgaa_cross_platform/v2/sources/zhao2021_glioblastoma_drug/ZhaoSims2021.h5ad	GEO	category	43	0	False	False	False	"[""GSM4483741"", ""GSM4483742"", ""GSM4483743"", ""GSM4483744"", ""GSM4483745"", ""GSM4483746"", ""GSM4483747"", ""GSM4483748"", ""GSM4483749"", ""GSM4483750"", ""GSM4483751"", ""GSM4483752"", ""GSM4483753"", ""GSM4483754"", ""GSM4483755"", ""GSM4483756""]"
5	zhao2021_glioblastoma_drug	/Volumes/MOVESPEED/pgaa_cross_platform/v2/sources/zhao2021_glioblastoma_drug/ZhaoSims2021.h5ad	Sample	category	43	0	True	False	False	"[""PW029-701"", ""PW029-702"", ""PW030-701"", ""PW030-702"", ""PW030-703"", ""PW030-704"", ""PW030-705"", ""PW030-706"", ""PW030-707"", ""PW030-708"", ""PW031-712"", ""PW032-701"", ""PW032-702"", ""PW032-703"", ""PW032-705"", ""PW032-709""]"
5	zhao2021_glioblastoma_drug	/Volumes/MOVESPEED/pgaa_cross_platform/v2/sources/zhao2021_glioblastoma_drug/ZhaoSims2021.h5ad	tissue	category	2	0	False	False	False	"[""acute slice culture of glioma resection"", ""glioma surgical biopsy""]"
5	zhao2021_glioblastoma_drug	/Volumes/MOVESPEED/pgaa_cross_platform/v2/sources/zhao2021_glioblastoma_drug/ZhaoSims2021.h5ad	age	int64	7	0	False	False	False	"[""52"", ""56"", ""61"", ""65"", ""68"", ""69"", ""74""]"
5	zhao2021_glioblastoma_drug	/Volumes/MOVESPEED/pgaa_cross_platform/v2/sources/zhao2021_glioblastoma_drug/ZhaoSims2021.h5ad	sex	category	2	0	False	False	False	"[""f"", ""m""]"
5	zhao2021_glioblastoma_drug	/Volumes/MOVESPEED/pgaa_cross_platform/v2/sources/zhao2021_glioblastoma_drug/ZhaoSims2021.h5ad	location	category	6	0	False	False	False	"[""left frontal"", ""left parieto-occipital"", ""right frontal"", ""right parietal"", ""right temporal"", ""splenial extension into left parietal""]"
5	zhao2021_glioblastoma_drug	/Volumes/MOVESPEED/pgaa_cross_platform/v2/sources/zhao2021_glioblastoma_drug/ZhaoSims2021.h5ad	diagnosis	category	2	0	False	False	False	"[""Glioblastoma, WHO Grade IV"", ""Glioblastoma, WHO Grade IV, recurrent""]"
5	zhao2021_glioblastoma_drug	/Volumes/MOVESPEED/pgaa_cross_platform/v2/sources/zhao2021_glioblastoma_drug/ZhaoSims2021.h5ad	library	category	43	0	True	False	False	"[""PW029-701"", ""PW029-702"", ""PW030-701"", ""PW030-702"", ""PW030-703"", ""PW030-704"", ""PW030-705"", ""PW030-706"", ""PW030-707"", ""PW030-708"", ""PW031-712"", ""PW032-701"", ""PW032-702"", ""PW032-703"", ""PW032-705"", ""PW032-709""]"
5	zhao2021_glioblastoma_drug	/Volumes/MOVESPEED/pgaa_cross_platform/v2/sources/zhao2021_glioblastoma_drug/ZhaoSims2021.h5ad	dose_value	category	5	88313	False	True	False	"[""0.2"", ""1.8"", ""2.5"", ""40"", ""50""]"
5	zhao2021_glioblastoma_drug	/Volumes/MOVESPEED/pgaa_cross_platform/v2/sources/zhao2021_glioblastoma_drug/ZhaoSims2021.h5ad	dose_unit	category	2	88313	False	True	False	"[""nM"", ""uM""]"
5	zhao2021_glioblastoma_drug	/Volumes/MOVESPEED/pgaa_cross_platform/v2/sources/zhao2021_glioblastoma_drug/ZhaoSims2021.h5ad	perturbation	category	7	0	False	True	True	"[""Ana-12"", ""Ispenisib"", ""RO4929097"", ""Tazemetostat"", ""control"", ""etoposide"", ""panobinostat""]"
5	zhao2021_glioblastoma_drug	/Volumes/MOVESPEED/pgaa_cross_platform/v2/sources/zhao2021_glioblastoma_drug/ZhaoSims2021.h5ad	tissue_type	category	1	0	False	False	False	"[""primary""]"
5	zhao2021_glioblastoma_drug	/Volumes/MOVESPEED/pgaa_cross_platform/v2/sources/zhao2021_glioblastoma_drug/ZhaoSims2021.h5ad	cancer	bool	1	0	False	False	False	"[""True""]"
5	zhao2021_glioblastoma_drug	/Volumes/MOVESPEED/pgaa_cross_platform/v2/sources/zhao2021_glioblastoma_drug/ZhaoSims2021.h5ad	disease	category	1	0	False	False	False	"[""glioblastoma""]"
5	zhao2021_glioblastoma_drug	/Volumes/MOVESPEED/pgaa_cross_platform/v2/sources/zhao2021_glioblastoma_drug/ZhaoSims2021.h5ad	celltype	category	1	0	False	False	False	"[""unknown""]"
5	zhao2021_glioblastoma_drug	/Volumes/MOVESPEED/pgaa_cross_platform/v2/sources/zhao2021_glioblastoma_drug/ZhaoSims2021.h5ad	organism	category	1	0	False	False	False	"[""human""]"
5	zhao2021_glioblastoma_drug	/Volumes/MOVESPEED/pgaa_cross_platform/v2/sources/zhao2021_glioblastoma_drug/ZhaoSims2021.h5ad	perturbation_type	category	1	0	False	True	False	"[""drug""]"
5	zhao2021_glioblastoma_drug	/Volumes/MOVESPEED/pgaa_cross_platform/v2/sources/zhao2021_glioblastoma_drug/ZhaoSims2021.h5ad	ncounts	float32	16118	0	False	False	False	"[""1000.0"", ""10000.0"", ""10001.0"", ""10002.0"", ""10003.0"", ""10004.0"", ""10005.0"", ""10006.0"", ""10007.0"", ""10008.0"", ""10009.0"", ""1001.0"", ""10010.0"", ""10011.0"", ""10012.0"", ""10013.0""]"
5	zhao2021_glioblastoma_drug	/Volumes/MOVESPEED/pgaa_cross_platform/v2/sources/zhao2021_glioblastoma_drug/ZhaoSims2021.h5ad	ngenes	int64	5940	0	False	True	False	"[""100"", ""1000"", ""1001"", ""1002"", ""1003"", ""1004"", ""1005"", ""1006"", ""1007"", ""1008"", ""1009"", ""101"", ""1010"", ""1011"", ""1012"", ""1013""]"
5	zhao2021_glioblastoma_drug	/Volumes/MOVESPEED/pgaa_cross_platform/v2/sources/zhao2021_glioblastoma_drug/ZhaoSims2021.h5ad	percent_mito	float32	88759	0	False	False	False	"[""0.0"", ""0.0033597634"", ""0.003839361"", ""0.003872217"", ""0.0039848574"", ""0.0040355125"", ""0.0040482553"", ""0.004145937"", ""0.004226364"", ""0.0042935037"", ""0.00429664"", ""0.004313878"", ""0.004317044"", ""0.0043187216"", ""0.0044014086"", ""0.0044103377""]"
5	zhao2021_glioblastoma_drug	/Volumes/MOVESPEED/pgaa_cross_platform/v2/sources/zhao2021_glioblastoma_drug/ZhaoSims2021.h5ad	percent_ribo	float32	119284	0	False	False	False	"[""0.0"", ""0.3875969"", ""0.4651163"", ""0.5050505"", ""0.5181347"", ""0.5714286"", ""0.60240966"", ""0.65789473"", ""0.7936508"", ""0.8333333"", ""0.86206895"", ""0.9049774"", ""0.9708738"", ""0.98039216"", ""1.0110294"", ""1.0152284""]"
5	zhao2021_glioblastoma_drug	/Volumes/MOVESPEED/pgaa_cross_platform/v2/sources/zhao2021_glioblastoma_drug/ZhaoSims2021.h5ad	nperts	int64	1	0	False	False	False	"[""1""]"
5	zhao2021_glioblastoma_drug	/Volumes/MOVESPEED/pgaa_cross_platform/v2/sources/zhao2021_glioblastoma_drug/ZhaoSims2021.h5ad	chembl-ID	category	4	98081	False	False	False	"[""CHEMBL3414621"", ""CHEMBL4297422"", ""CHEMBL44657"", ""CHEMBL483254""]"
6	aissa2021_pc9_drug	/Volumes/MOVESPEED/pgaa_cross_platform/v3/sources/aissa2021_pc9_drug/AissaBenevolenskaya2021.h5ad	GEO	category	4	0	False	False	False	"[""GSM4869650"", ""GSM4869651"", ""GSM4869652"", ""GSM4869653""]"
6	aissa2021_pc9_drug	/Volumes/MOVESPEED/pgaa_cross_platform/v3/sources/aissa2021_pc9_drug/AissaBenevolenskaya2021.h5ad	time	int64	1	0	True	False	False	"[""72""]"
6	aissa2021_pc9_drug	/Volumes/MOVESPEED/pgaa_cross_platform/v3/sources/aissa2021_pc9_drug/AissaBenevolenskaya2021.h5ad	cell_line	category	1	0	False	False	False	"[""PC9_xenograft""]"
6	aissa2021_pc9_drug	/Volumes/MOVESPEED/pgaa_cross_platform/v3/sources/aissa2021_pc9_drug/AissaBenevolenskaya2021.h5ad	perturbation	category	4	0	False	True	True	"[""control"", ""crizotinib"", ""osimertinib"", ""osimertinib+crizotinib""]"
6	aissa2021_pc9_drug	/Volumes/MOVESPEED/pgaa_cross_platform/v3/sources/aissa2021_pc9_drug/AissaBenevolenskaya2021.h5ad	batch	category	1	0	True	False	False	"[""Xenograft""]"
6	aissa2021_pc9_drug	/Volumes/MOVESPEED/pgaa_cross_platform/v3/sources/aissa2021_pc9_drug/AissaBenevolenskaya2021.h5ad	subseries	category	1	0	False	False	False	"[""GSE160244""]"
6	aissa2021_pc9_drug	/Volumes/MOVESPEED/pgaa_cross_platform/v3/sources/aissa2021_pc9_drug/AissaBenevolenskaya2021.h5ad	replicate	category	1	0	True	False	False	"[""""]"
6	aissa2021_pc9_drug	/Volumes/MOVESPEED/pgaa_cross_platform/v3/sources/aissa2021_pc9_drug/AissaBenevolenskaya2021.h5ad	tissue_type	category	1	0	False	False	False	"[""cell_line""]"
6	aissa2021_pc9_drug	/Volumes/MOVESPEED/pgaa_cross_platform/v3/sources/aissa2021_pc9_drug/AissaBenevolenskaya2021.h5ad	cancer	bool	1	0	False	False	False	"[""True""]"
6	aissa2021_pc9_drug	/Volumes/MOVESPEED/pgaa_cross_platform/v3/sources/aissa2021_pc9_drug/AissaBenevolenskaya2021.h5ad	perturbation_type	category	1	0	False	True	False	"[""drug""]"
6	aissa2021_pc9_drug	/Volumes/MOVESPEED/pgaa_cross_platform/v3/sources/aissa2021_pc9_drug/AissaBenevolenskaya2021.h5ad	disease	category	1	0	False	False	False	"[""""]"
6	aissa2021_pc9_drug	/Volumes/MOVESPEED/pgaa_cross_platform/v3/sources/aissa2021_pc9_drug/AissaBenevolenskaya2021.h5ad	celltype	category	1	0	False	False	False	"[""""]"
6	aissa2021_pc9_drug	/Volumes/MOVESPEED/pgaa_cross_platform/v3/sources/aissa2021_pc9_drug/AissaBenevolenskaya2021.h5ad	organism	category	1	0	False	False	False	"[""human""]"
6	aissa2021_pc9_drug	/Volumes/MOVESPEED/pgaa_cross_platform/v3/sources/aissa2021_pc9_drug/AissaBenevolenskaya2021.h5ad	nperts	int64	1	0	False	False	False	"[""1""]"
6	aissa2021_pc9_drug	/Volumes/MOVESPEED/pgaa_cross_platform/v3/sources/aissa2021_pc9_drug/AissaBenevolenskaya2021.h5ad	ncounts	float32	4325	0	False	False	False	"[""0.0"", ""1.0"", ""10.0"", ""100.0"", ""1000.0"", ""1001.0"", ""1002.0"", ""1003.0"", ""1004.0"", ""1005.0"", ""1006.0"", ""10069.0"", ""1007.0"", ""10073.0"", ""1008.0"", ""10082.0""]"
6	aissa2021_pc9_drug	/Volumes/MOVESPEED/pgaa_cross_platform/v3/sources/aissa2021_pc9_drug/AissaBenevolenskaya2021.h5ad	ngenes	int32	2635	0	False	True	False	"[""0"", ""1"", ""10"", ""100"", ""1000"", ""1001"", ""1002"", ""1003"", ""1004"", ""1005"", ""1006"", ""1007"", ""1008"", ""1009"", ""101"", ""1010""]"
6	aissa2021_pc9_drug	/Volumes/MOVESPEED/pgaa_cross_platform/v3/sources/aissa2021_pc9_drug/AissaBenevolenskaya2021.h5ad	percent_mito	float32	19951	14580	False	False	False	"[""0.0"", ""0.09416196"", ""0.16835016"", ""0.17985612"", ""0.18761726"", ""0.19723865"", ""0.21834062"", ""0.22222222"", ""0.22624436"", ""0.22883295"", ""0.2306805"", ""0.24570024"", ""0.26990554"", ""0.27372262"", ""0.2770083"", ""0.2793296""]"
6	aissa2021_pc9_drug	/Volumes/MOVESPEED/pgaa_cross_platform/v3/sources/aissa2021_pc9_drug/AissaBenevolenskaya2021.h5ad	percent_ribo	float32	16795	14580	False	False	False	"[""0.0"", ""0.0929368"", ""0.11389522"", ""0.15384616"", ""0.1572327"", ""0.18518518"", ""0.20263426"", ""0.21413276"", ""0.22123894"", ""0.22988506"", ""0.23201856"", ""0.23809525"", ""0.2386635"", ""0.23923445"", ""0.24630542"", ""0.24813895""]"
6	aissa2021_pc9_drug	/Volumes/MOVESPEED/pgaa_cross_platform/v3/sources/aissa2021_pc9_drug/AissaBenevolenskaya2021.h5ad	chembl-ID	category	3	29983	False	False	False	"[""CHEMBL3353410"", ""CHEMBL3353410;CHEMBL601719"", ""CHEMBL601719""]"
7	lotfollahi2023_perturbation_atlas	/Volumes/MOVESPEED/pgaa_cross_platform/v3/sources/lotfollahi2023_perturbation_atlas/LotfollahiTheis2023.h5ad	perturbation	category	32	0	False	True	False	"[""Alvespimycin"", ""Alvespimycin_Pirarubicin"", ""Alvespimycin_SRT2104"", ""Alvespimycin_panobinostat"", ""Carmofur_Givinostat"", ""Cediranib_Givinostat"", ""Cediranib_PCI-34501"", ""Cediranib_SRT3025"", ""Curcumin_Givinostat"", ""Curcumin_panobinostat"", ""Dacinostat"", ""Dacinostat_Danusertib"", ""Dacinostat_PCI-34051"", ""Dacinostat_dasatinib"", ""Givinostat"", ""Givinostat_SRT1720""]"
7	lotfollahi2023_perturbation_atlas	/Volumes/MOVESPEED/pgaa_cross_platform/v3/sources/lotfollahi2023_perturbation_atlas/LotfollahiTheis2023.h5ad	Size_Factor	float64	7914	0	False	False	False	"[""0.3725162361912026"", ""0.3728887524273938"", ""0.373261268663585"", ""0.3736337848997762"", ""0.3740063011359674"", ""0.3743788173721586"", ""0.3747513336083498"", ""0.375123849844541"", ""0.3754963660807322"", ""0.3758688823169234"", ""0.3762413985531146"", ""0.3766139147893058"", ""0.376986431025497"", ""0.3773589472616882"", ""0.3777314634978794"", ""0.3781039797340706""]"
7	lotfollahi2023_perturbation_atlas	/Volumes/MOVESPEED/pgaa_cross_platform/v3/sources/lotfollahi2023_perturbation_atlas/LotfollahiTheis2023.h5ad	ncounts	int64	7914	0	False	False	False	"[""1000"", ""10001"", ""10007"", ""10008"", ""1001"", ""10010"", ""10011"", ""1002"", ""10020"", ""10026"", ""10028"", ""1003"", ""10030"", ""10033"", ""10035"", ""10038""]"
7	lotfollahi2023_perturbation_atlas	/Volumes/MOVESPEED/pgaa_cross_platform/v3/sources/lotfollahi2023_perturbation_atlas/LotfollahiTheis2023.h5ad	RT_well	category	96	0	False	False	False	"[""RT_1"", ""RT_10"", ""RT_11"", ""RT_12"", ""RT_13"", ""RT_14"", ""RT_15"", ""RT_16"", ""RT_17"", ""RT_18"", ""RT_19"", ""RT_2"", ""RT_20"", ""RT_21"", ""RT_22"", ""RT_23""]"
7	lotfollahi2023_perturbation_atlas	/Volumes/MOVESPEED/pgaa_cross_platform/v3/sources/lotfollahi2023_perturbation_atlas/LotfollahiTheis2023.h5ad	Well	category	96	0	False	False	False	"[""A1"", ""A10"", ""A11"", ""A12"", ""A2"", ""A3"", ""A4"", ""A5"", ""A6"", ""A7"", ""A8"", ""A9"", ""B1"", ""B10"", ""B11"", ""B12""]"
7	lotfollahi2023_perturbation_atlas	/Volumes/MOVESPEED/pgaa_cross_platform/v3/sources/lotfollahi2023_perturbation_atlas/LotfollahiTheis2023.h5ad	nperts	int64	3	0	False	False	False	"[""0"", ""1"", ""2""]"
7	lotfollahi2023_perturbation_atlas	/Volumes/MOVESPEED/pgaa_cross_platform/v3/sources/lotfollahi2023_perturbation_atlas/LotfollahiTheis2023.h5ad	perturbation_type	category	1	0	False	True	False	"[""drug""]"
7	lotfollahi2023_perturbation_atlas	/Volumes/MOVESPEED/pgaa_cross_platform/v3/sources/lotfollahi2023_perturbation_atlas/LotfollahiTheis2023.h5ad	disease	category	1	0	False	False	False	"[""lung adenocarcinoma""]"
7	lotfollahi2023_perturbation_atlas	/Volumes/MOVESPEED/pgaa_cross_platform/v3/sources/lotfollahi2023_perturbation_atlas/LotfollahiTheis2023.h5ad	cancer	bool	1	0	False	False	False	"[""True""]"
7	lotfollahi2023_perturbation_atlas	/Volumes/MOVESPEED/pgaa_cross_platform/v3/sources/lotfollahi2023_perturbation_atlas/LotfollahiTheis2023.h5ad	tissue_type	category	1	0	False	False	False	"[""cell_line""]"
7	lotfollahi2023_perturbation_atlas	/Volumes/MOVESPEED/pgaa_cross_platform/v3/sources/lotfollahi2023_perturbation_atlas/LotfollahiTheis2023.h5ad	cell_line	category	1	0	False	False	False	"[""A549""]"
7	lotfollahi2023_perturbation_atlas	/Volumes/MOVESPEED/pgaa_cross_platform/v3/sources/lotfollahi2023_perturbation_atlas/LotfollahiTheis2023.h5ad	celltype	category	1	0	False	False	False	"[""lung epthelial cells""]"
7	lotfollahi2023_perturbation_atlas	/Volumes/MOVESPEED/pgaa_cross_platform/v3/sources/lotfollahi2023_perturbation_atlas/LotfollahiTheis2023.h5ad	organism	category	1	0	False	False	False	"[""human""]"
7	lotfollahi2023_perturbation_atlas	/Volumes/MOVESPEED/pgaa_cross_platform/v3/sources/lotfollahi2023_perturbation_atlas/LotfollahiTheis2023.h5ad	ngenes	int64	4223	0	False	True	False	"[""1000"", ""1001"", ""1002"", ""1003"", ""1004"", ""1005"", ""1006"", ""1007"", ""1008"", ""1009"", ""1010"", ""1011"", ""1012"", ""1013"", ""1014"", ""1015""]"
7	lotfollahi2023_perturbation_atlas	/Volumes/MOVESPEED/pgaa_cross_platform/v3/sources/lotfollahi2023_perturbation_atlas/LotfollahiTheis2023.h5ad	percent_mito	float64	52482	0	False	False	False	"[""0.128"", ""0.13308490817141336"", ""0.25651988029072254"", ""0.3552397868561279"", ""0.42589437819420783"", ""0.4269854824935952"", ""0.5669737774627923"", ""0.6147540983606558"", ""0.6172839506172839"", ""0.6222775357809583"", ""0.6359300476947536"", ""0.6378132118451025"", ""0.6493506493506493"", ""0.724966017217943"", ""0.7502679528403001"", ""0.7707129094412332""]"
7	lotfollahi2023_perturbation_atlas	/Volumes/MOVESPEED/pgaa_cross_platform/v3/sources/lotfollahi2023_perturbation_atlas/LotfollahiTheis2023.h5ad	percent_ribo	float64	32117	0	False	False	False	"[""0.0"", ""0.042625745950554135"", ""0.04526935264825713"", ""0.046125461254612546"", ""0.047664442326024785"", ""0.0536480686695279"", ""0.05717552887364208"", ""0.05730659025787966"", ""0.05743825387708214"", ""0.05931198102016608"", ""0.0612369871402327"", ""0.06172839506172839"", ""0.06333122229259025"", ""0.06613756613756613"", ""0.06648936170212766"", ""0.06720430107526881""]"
8	weinreb2020_hematopoietic_cytokine	/Volumes/MOVESPEED/pgaa_cross_platform/v2/sources/weinreb2020_hematopoietic_cytokine/WeinrebKlein2020.h5ad	library_names	category	29	0	True	False	False	"[""d2_1"", ""d2_2"", ""d2_3"", ""d2_4"", ""d2_5"", ""d2_6"", ""d4_EPO_1"", ""d4_EPO_2"", ""d4_G_1"", ""d4_G_2"", ""d4_G_3"", ""d4_M_1"", ""d4_M_2"", ""d4_M_3"", ""d4_SCF_1"", ""d4_SCF_2""]"
8	weinreb2020_hematopoietic_cytokine	/Volumes/MOVESPEED/pgaa_cross_platform/v2/sources/weinreb2020_hematopoietic_cytokine/WeinrebKlein2020.h5ad	age	category	3	0	False	False	False	"[""day 2"", ""day 4"", ""day 6""]"
8	weinreb2020_hematopoietic_cytokine	/Volumes/MOVESPEED/pgaa_cross_platform/v2/sources/weinreb2020_hematopoietic_cytokine/WeinrebKlein2020.h5ad	celltype	category	11	0	False	False	False	"[""Ba"", ""Eos"", ""Er"", ""Ma"", ""Mk"", ""Mo"", ""Neu"", ""Undifferentiated"", ""cDC"", ""pDC1"", ""pDC2""]"
8	weinreb2020_hematopoietic_cytokine	/Volumes/MOVESPEED/pgaa_cross_platform/v2/sources/weinreb2020_hematopoietic_cytokine/WeinrebKlein2020.h5ad	perturbation	category	5	0	False	True	False	"[""Epo"", ""G-csf"", ""M-csf"", ""SCF"", ""full cocktail""]"
8	weinreb2020_hematopoietic_cytokine	/Volumes/MOVESPEED/pgaa_cross_platform/v2/sources/weinreb2020_hematopoietic_cytokine/WeinrebKlein2020.h5ad	cancer	bool	1	0	False	False	False	"[""False""]"
8	weinreb2020_hematopoietic_cytokine	/Volumes/MOVESPEED/pgaa_cross_platform/v2/sources/weinreb2020_hematopoietic_cytokine/WeinrebKlein2020.h5ad	organism	category	1	0	False	False	False	"[""mouse""]"
8	weinreb2020_hematopoietic_cytokine	/Volumes/MOVESPEED/pgaa_cross_platform/v2/sources/weinreb2020_hematopoietic_cytokine/WeinrebKlein2020.h5ad	disease	category	1	0	False	False	False	"[""healthy""]"
8	weinreb2020_hematopoietic_cytokine	/Volumes/MOVESPEED/pgaa_cross_platform/v2/sources/weinreb2020_hematopoietic_cytokine/WeinrebKlein2020.h5ad	tissue_type	category	1	0	False	False	False	"[""primary""]"
8	weinreb2020_hematopoietic_cytokine	/Volumes/MOVESPEED/pgaa_cross_platform/v2/sources/weinreb2020_hematopoietic_cytokine/WeinrebKlein2020.h5ad	perturbation_type	category	1	0	False	True	False	"[""cytokine""]"
8	weinreb2020_hematopoietic_cytokine	/Volumes/MOVESPEED/pgaa_cross_platform/v2/sources/weinreb2020_hematopoietic_cytokine/WeinrebKlein2020.h5ad	ncounts	float32	8	0	False	False	False	"[""3229.8857"", ""3229.886"", ""3229.8862"", ""3229.8865"", ""3229.8867"", ""3229.887"", ""3229.8872"", ""3229.8875""]"
8	weinreb2020_hematopoietic_cytokine	/Volumes/MOVESPEED/pgaa_cross_platform/v2/sources/weinreb2020_hematopoietic_cytokine/WeinrebKlein2020.h5ad	ngenes	int64	3645	0	False	True	False	"[""1000"", ""1001"", ""1002"", ""1003"", ""1004"", ""1005"", ""1006"", ""1007"", ""1008"", ""1009"", ""1010"", ""1011"", ""1012"", ""1013"", ""1014"", ""1015""]"
8	weinreb2020_hematopoietic_cytokine	/Volumes/MOVESPEED/pgaa_cross_platform/v2/sources/weinreb2020_hematopoietic_cytokine/WeinrebKlein2020.h5ad	percent_mito	float32	60187	0	False	False	False	"[""0.0"", ""0.0053593437"", ""0.009415752"", ""0.009565716"", ""0.012386968"", ""0.012666245"", ""0.026444534"", ""0.027609058"", ""0.027762355"", ""0.028661506"", ""0.029620854"", ""0.029726518"", ""0.032383416"", ""0.034584124"", ""0.034650035"", ""0.03601008""]"
8	weinreb2020_hematopoietic_cytokine	/Volumes/MOVESPEED/pgaa_cross_platform/v2/sources/weinreb2020_hematopoietic_cytokine/WeinrebKlein2020.h5ad	percent_ribo	float32	62486	0	False	False	False	"[""0.35137033"", ""0.42955327"", ""0.49701783"", ""0.58108824"", ""0.5827129"", ""0.5928854"", ""0.62444246"", ""0.6296642"", ""0.63492066"", ""0.6557377"", ""0.66622245"", ""0.6956522"", ""0.7038876"", ""0.70546746"", ""0.7109004"", ""0.7763976""]"
8	weinreb2020_hematopoietic_cytokine	/Volumes/MOVESPEED/pgaa_cross_platform/v2/sources/weinreb2020_hematopoietic_cytokine/WeinrebKlein2020.h5ad	nperts	int64	1	0	False	False	False	"[""1""]"
9	xie2017_stem_cell_perturbation	/Volumes/MOVESPEED/pgaa_cross_platform/v3/sources/xie2017_stem_cell_perturbation/XieHon2017.h5ad	disease	category	1	0	False	False	False	"[""chronic myeloid leukemia""]"
9	xie2017_stem_cell_perturbation	/Volumes/MOVESPEED/pgaa_cross_platform/v3/sources/xie2017_stem_cell_perturbation/XieHon2017.h5ad	cancer	bool	1	0	False	False	False	"[""True""]"
9	xie2017_stem_cell_perturbation	/Volumes/MOVESPEED/pgaa_cross_platform/v3/sources/xie2017_stem_cell_perturbation/XieHon2017.h5ad	sex	category	1	0	False	False	False	"[""f""]"
9	xie2017_stem_cell_perturbation	/Volumes/MOVESPEED/pgaa_cross_platform/v3/sources/xie2017_stem_cell_perturbation/XieHon2017.h5ad	age	category	1	0	False	False	False	"[""53""]"
9	xie2017_stem_cell_perturbation	/Volumes/MOVESPEED/pgaa_cross_platform/v3/sources/xie2017_stem_cell_perturbation/XieHon2017.h5ad	tissue_type	category	1	0	False	False	False	"[""cell_line""]"
9	xie2017_stem_cell_perturbation	/Volumes/MOVESPEED/pgaa_cross_platform/v3/sources/xie2017_stem_cell_perturbation/XieHon2017.h5ad	cell_line	category	1	0	False	False	False	"[""K562""]"
9	xie2017_stem_cell_perturbation	/Volumes/MOVESPEED/pgaa_cross_platform/v3/sources/xie2017_stem_cell_perturbation/XieHon2017.h5ad	organism	category	1	0	False	False	False	"[""human""]"
9	xie2017_stem_cell_perturbation	/Volumes/MOVESPEED/pgaa_cross_platform/v3/sources/xie2017_stem_cell_perturbation/XieHon2017.h5ad	perturbation_type	category	1	0	False	True	False	"[""CRISPR""]"
9	xie2017_stem_cell_perturbation	/Volumes/MOVESPEED/pgaa_cross_platform/v3/sources/xie2017_stem_cell_perturbation/XieHon2017.h5ad	sample	category	3	0	True	False	False	"[""A"", ""B"", ""C""]"
9	xie2017_stem_cell_perturbation	/Volumes/MOVESPEED/pgaa_cross_platform/v3/sources/xie2017_stem_cell_perturbation/XieHon2017.h5ad	batch	category	16	0	True	False	False	"[""1"", ""10"", ""11"", ""12"", ""13"", ""14"", ""15"", ""16"", ""2"", ""3"", ""4"", ""5"", ""6"", ""7"", ""8"", ""9""]"
9	xie2017_stem_cell_perturbation	/Volumes/MOVESPEED/pgaa_cross_platform/v3/sources/xie2017_stem_cell_perturbation/XieHon2017.h5ad	target	category	3385	0	False	True	False	"[""CAG promoter, https://www.addgene.org/50927/"", ""CAG promoter, https://www.addgene.org/50927/_GFP"", ""CAG promoter, https://www.addgene.org/50927/_GFP_gRNA;GFP;T1, https://www.addgene.org/41819/"", ""CAG promoter, https://www.addgene.org/50927/_GFP_gRNA;GFP;T2, https://www.addgene.org/41820/_gRNA;GFP;T1, https://www.addgene.org/41819/"", ""CAG promoter, https://www.addgene.org/50927/_gRNA;GFP;T1, https://www.addgene.org/41819/"", ""CAG promoter, https://www.addgene.org/50927/_gRNA;GFP;T1, https://www.addgene.org/41819/_gRNA;GFP;T2, https://www.addgene.org/41820/"", ""CAG promoter, https://www.addgene.org/50927/_gRNA;GFP;T1, https://www.addgene.org/41819/_gRNA;GFP;T2, https://www.addgene.org/41820/_GFP"", ""CAG promoter, https://www.addgene.org/50927/_gRNA;GFP;T2, https://www.addgene.org/41820/"", ""CAG promoter, https://www.addgene.org/50927/_gRNA;GFP;T2, https://www.addgene.org/41820/_GFP"", ""GFP"", ""GFP, 1"", ""GFP, 1_chr11;61109874;61109892;+_chr1;26405223;26405241;+_chr6;37027278;37027296;+_chr1;246746151;246746169;-_chr6;37175937;37175955;+_chr6;37006570;37006588;+"", ""GFP, 1_chr11;61731024;61731042;-"", ""GFP, 1_chr1;246315375;246315393;-_chr22;19384236;19384254;+_chr1;246334022;246334040;+_chr1;246670607;246670625;-_chr1;246743285;246743303;+"", ""GFP, 1_chr1;246316442;246316460;-"", ""GFP, 1_chr1;26449851;26449869;+_chr6;37175914;37175932;-_chr1;246316442;246316460;-""]"
9	xie2017_stem_cell_perturbation	/Volumes/MOVESPEED/pgaa_cross_platform/v3/sources/xie2017_stem_cell_perturbation/XieHon2017.h5ad	guide_id	category	3385	0	False	True	True	"[""Control.sgRNA1"", ""Control.sgRNA1;Control.sgRNA2"", ""Control.sgRNA1;Control.sgRNA2;Control.sgRNA3;Control.sgRNA4"", ""Control.sgRNA1;Control.sgRNA2;Control.sgRNA4;Control.sgRNA3"", ""Control.sgRNA1;Control.sgRNA3"", ""Control.sgRNA1;Control.sgRNA3;Control.sgRNA2"", ""Control.sgRNA1;Control.sgRNA3;Control.sgRNA2;Control.sgRNA4"", ""Control.sgRNA1;Control.sgRNA3;Control.sgRNA4"", ""Control.sgRNA1;Control.sgRNA4"", ""Control.sgRNA1;Control.sgRNA4;Control.sgRNA2"", ""Control.sgRNA1;Control.sgRNA4;Control.sgRNA2;Control.sgRNA3"", ""Control.sgRNA2"", ""Control.sgRNA2;Control.sgRNA1"", ""Control.sgRNA2;Control.sgRNA1;Control.sgRNA3"", ""Control.sgRNA2;Control.sgRNA1;Control.sgRNA4"", ""Control.sgRNA2;Control.sgRNA3""]"
9	xie2017_stem_cell_perturbation	/Volumes/MOVESPEED/pgaa_cross_platform/v3/sources/xie2017_stem_cell_perturbation/XieHon2017.h5ad	perturbation	category	3385	0	False	True	False	"[""CAG promoter, https://www.addgene.org/50927/"", ""CAG promoter, https://www.addgene.org/50927/_GFP"", ""CAG promoter, https://www.addgene.org/50927/_GFP_gRNA;GFP;T1, https://www.addgene.org/41819/"", ""CAG promoter, https://www.addgene.org/50927/_GFP_gRNA;GFP;T2, https://www.addgene.org/41820/_gRNA;GFP;T1, https://www.addgene.org/41819/"", ""CAG promoter, https://www.addgene.org/50927/_gRNA;GFP;T1, https://www.addgene.org/41819/"", ""CAG promoter, https://www.addgene.org/50927/_gRNA;GFP;T1, https://www.addgene.org/41819/_gRNA;GFP;T2, https://www.addgene.org/41820/"", ""CAG promoter, https://www.addgene.org/50927/_gRNA;GFP;T1, https://www.addgene.org/41819/_gRNA;GFP;T2, https://www.addgene.org/41820/_GFP"", ""CAG promoter, https://www.addgene.org/50927/_gRNA;GFP;T2, https://www.addgene.org/41820/"", ""CAG promoter, https://www.addgene.org/50927/_gRNA;GFP;T2, https://www.addgene.org/41820/_GFP"", ""GFP"", ""GFP, 1"", ""GFP, 1_chr11;61109874;61109892;+_chr1;26405223;26405241;+_chr6;37027278;37027296;+_chr1;246746151;246746169;-_chr6;37175937;37175955;+_chr6;37006570;37006588;+"", ""GFP, 1_chr11;61731024;61731042;-"", ""GFP, 1_chr1;246315375;246315393;-_chr22;19384236;19384254;+_chr1;246334022;246334040;+_chr1;246670607;246670625;-_chr1;246743285;246743303;+"", ""GFP, 1_chr1;246316442;246316460;-"", ""GFP, 1_chr1;26449851;26449869;+_chr6;37175914;37175932;-_chr1;246316442;246316460;-""]"
9	xie2017_stem_cell_perturbation	/Volumes/MOVESPEED/pgaa_cross_platform/v3/sources/xie2017_stem_cell_perturbation/XieHon2017.h5ad	nperts	category	16	0	False	False	False	"[""0"", ""1"", ""10"", ""11"", ""12"", ""13"", ""14"", ""15"", ""2"", ""3"", ""4"", ""5"", ""6"", ""7"", ""8"", ""9""]"
9	xie2017_stem_cell_perturbation	/Volumes/MOVESPEED/pgaa_cross_platform/v3/sources/xie2017_stem_cell_perturbation/XieHon2017.h5ad	replicate	category	3	0	True	False	False	"[""1"", ""2"", ""3""]"
9	xie2017_stem_cell_perturbation	/Volumes/MOVESPEED/pgaa_cross_platform/v3/sources/xie2017_stem_cell_perturbation/XieHon2017.h5ad	filename	category	2	0	False	False	False	"[""0"", ""1""]"
9	xie2017_stem_cell_perturbation	/Volumes/MOVESPEED/pgaa_cross_platform/v3/sources/xie2017_stem_cell_perturbation/XieHon2017.h5ad	ncounts	float32	12620	0	False	False	False	"[""100052.0"", ""1000697.0"", ""100071.0"", ""100085.0"", ""10010.0"", ""10011.0"", ""100140.0"", ""10016.0"", ""100161.0"", ""100166.0"", ""10021.0"", ""100240.0"", ""100254.0"", ""10027.0"", ""100280.0"", ""100300.0""]"
9	xie2017_stem_cell_perturbation	/Volumes/MOVESPEED/pgaa_cross_platform/v3/sources/xie2017_stem_cell_perturbation/XieHon2017.h5ad	ngenes	int64	5522	0	False	True	False	"[""1001"", ""10011"", ""1002"", ""1003"", ""1004"", ""1005"", ""10063"", ""10065"", ""1008"", ""10094"", ""10098"", ""1010"", ""1011"", ""1014"", ""1015"", ""1017""]"
9	xie2017_stem_cell_perturbation	/Volumes/MOVESPEED/pgaa_cross_platform/v3/sources/xie2017_stem_cell_perturbation/XieHon2017.h5ad	percent_mito	float32	1	0	False	False	False	"[""0.0""]"
9	xie2017_stem_cell_perturbation	/Volumes/MOVESPEED/pgaa_cross_platform/v3/sources/xie2017_stem_cell_perturbation/XieHon2017.h5ad	percent_ribo	float32	13271	0	False	False	False	"[""0.8322544"", ""0.84161144"", ""0.96235013"", ""1.1044842"", ""1.1540478"", ""1.1841958"", ""1.1937059"", ""1.1956359"", ""1.1986476"", ""1.2305099"", ""1.2738035"", ""1.2776177"", ""1.2788521"", ""1.3027704"", ""1.3780639"", ""1.3871518""]"
10	gehring2019_neural_stem_drug	/Volumes/MOVESPEED/pgaa_cross_platform/v2/sources/gehring2019_neural_stem_drug/GehringPachter2019.h5ad	batch	category	4	0	True	False	False	"[""0"", ""1"", ""2"", ""3""]"
10	gehring2019_neural_stem_drug	/Volumes/MOVESPEED/pgaa_cross_platform/v2/sources/gehring2019_neural_stem_drug/GehringPachter2019.h5ad	disease	category	1	0	False	False	False	"[""healthy""]"
10	gehring2019_neural_stem_drug	/Volumes/MOVESPEED/pgaa_cross_platform/v2/sources/gehring2019_neural_stem_drug/GehringPachter2019.h5ad	cancer	bool	1	0	False	False	False	"[""False""]"
10	gehring2019_neural_stem_drug	/Volumes/MOVESPEED/pgaa_cross_platform/v2/sources/gehring2019_neural_stem_drug/GehringPachter2019.h5ad	tissue_type	category	1	0	False	False	False	"[""primary""]"
10	gehring2019_neural_stem_drug	/Volumes/MOVESPEED/pgaa_cross_platform/v2/sources/gehring2019_neural_stem_drug/GehringPachter2019.h5ad	celltype	category	1	0	False	False	False	"[""neural stem cells""]"
10	gehring2019_neural_stem_drug	/Volumes/MOVESPEED/pgaa_cross_platform/v2/sources/gehring2019_neural_stem_drug/GehringPachter2019.h5ad	perturbation	category	1	0	False	True	False	"[""BMP4""]"
10	gehring2019_neural_stem_drug	/Volumes/MOVESPEED/pgaa_cross_platform/v2/sources/gehring2019_neural_stem_drug/GehringPachter2019.h5ad	perturbation_2	category	1	0	False	True	False	"[""EGF and bFGF""]"
10	gehring2019_neural_stem_drug	/Volumes/MOVESPEED/pgaa_cross_platform/v2/sources/gehring2019_neural_stem_drug/GehringPachter2019.h5ad	perturbation_3	category	1	0	False	True	False	"[""1:5 Scriptaid:decitabine""]"
10	gehring2019_neural_stem_drug	/Volumes/MOVESPEED/pgaa_cross_platform/v2/sources/gehring2019_neural_stem_drug/GehringPachter2019.h5ad	perturbation_4	category	1	0	False	True	False	"[""retinoic acid""]"
10	gehring2019_neural_stem_drug	/Volumes/MOVESPEED/pgaa_cross_platform/v2/sources/gehring2019_neural_stem_drug/GehringPachter2019.h5ad	dose_unit	category	1	0	False	True	False	"[""ng/mL""]"
10	gehring2019_neural_stem_drug	/Volumes/MOVESPEED/pgaa_cross_platform/v2/sources/gehring2019_neural_stem_drug/GehringPachter2019.h5ad	dose_unit_2	category	1	0	False	True	False	"[""ng/mL""]"
10	gehring2019_neural_stem_drug	/Volumes/MOVESPEED/pgaa_cross_platform/v2/sources/gehring2019_neural_stem_drug/GehringPachter2019.h5ad	dose_unit_3	category	1	0	False	True	False	"[""uM""]"
10	gehring2019_neural_stem_drug	/Volumes/MOVESPEED/pgaa_cross_platform/v2/sources/gehring2019_neural_stem_drug/GehringPachter2019.h5ad	dose_unit_4	category	1	0	False	True	False	"[""uM""]"
10	gehring2019_neural_stem_drug	/Volumes/MOVESPEED/pgaa_cross_platform/v2/sources/gehring2019_neural_stem_drug/GehringPachter2019.h5ad	organism	category	1	0	False	False	False	"[""mouse""]"
10	gehring2019_neural_stem_drug	/Volumes/MOVESPEED/pgaa_cross_platform/v2/sources/gehring2019_neural_stem_drug/GehringPachter2019.h5ad	perturbation_type	category	1	0	False	True	False	"[""drug""]"
10	gehring2019_neural_stem_drug	/Volumes/MOVESPEED/pgaa_cross_platform/v2/sources/gehring2019_neural_stem_drug/GehringPachter2019.h5ad	dose_value	int64	3	0	False	True	False	"[""0"", ""40"", ""8""]"
10	gehring2019_neural_stem_drug	/Volumes/MOVESPEED/pgaa_cross_platform/v2/sources/gehring2019_neural_stem_drug/GehringPachter2019.h5ad	dose_value_2	float64	4	0	False	True	False	"[""1.6"", ""200.0"", ""40.0"", ""8.0""]"
10	gehring2019_neural_stem_drug	/Volumes/MOVESPEED/pgaa_cross_platform/v2/sources/gehring2019_neural_stem_drug/GehringPachter2019.h5ad	dose_value_3	float64	3	0	False	True	False	"[""0.0"", ""0.2"", ""1.0""]"
10	gehring2019_neural_stem_drug	/Volumes/MOVESPEED/pgaa_cross_platform/v2/sources/gehring2019_neural_stem_drug/GehringPachter2019.h5ad	dose_value_4	int64	3	0	False	True	False	"[""0"", ""10"", ""2""]"
10	gehring2019_neural_stem_drug	/Volumes/MOVESPEED/pgaa_cross_platform/v2/sources/gehring2019_neural_stem_drug/GehringPachter2019.h5ad	nperts	int64	3	0	False	False	False	"[""1"", ""2"", ""3""]"
10	gehring2019_neural_stem_drug	/Volumes/MOVESPEED/pgaa_cross_platform/v2/sources/gehring2019_neural_stem_drug/GehringPachter2019.h5ad	ncounts	float32	20340	0	False	False	False	"[""1195.2505"", ""1205.944"", ""1214.5994"", ""1224.4548"", ""1224.5397"", ""1228.0192"", ""1241.0928"", ""1243.5719"", ""1248.1138"", ""1248.6182"", ""1266.9808"", ""1268.0974"", ""1276.378"", ""1286.5072"", ""1292.3842"", ""1293.8713""]"
10	gehring2019_neural_stem_drug	/Volumes/MOVESPEED/pgaa_cross_platform/v2/sources/gehring2019_neural_stem_drug/GehringPachter2019.h5ad	ngenes	int32	2325	0	False	True	False	"[""1000"", ""1001"", ""1002"", ""1003"", ""1004"", ""1005"", ""1006"", ""1007"", ""1008"", ""1009"", ""1010"", ""1011"", ""1012"", ""1013"", ""1014"", ""1015""]"
10	gehring2019_neural_stem_drug	/Volumes/MOVESPEED/pgaa_cross_platform/v2/sources/gehring2019_neural_stem_drug/GehringPachter2019.h5ad	percent_mito	float32	17156	0	False	False	False	"[""0.0"", ""0.01796732"", ""0.019771729"", ""0.019802898"", ""0.019863937"", ""0.019957067"", ""0.020138696"", ""0.020795204"", ""0.020804416"", ""0.020887587"", ""0.021440472"", ""0.021446597"", ""0.021747414"", ""0.021816151"", ""0.021923691"", ""0.02221109""]"
10	gehring2019_neural_stem_drug	/Volumes/MOVESPEED/pgaa_cross_platform/v2/sources/gehring2019_neural_stem_drug/GehringPachter2019.h5ad	percent_ribo	float32	20354	0	False	False	False	"[""0.0"", ""0.16617042"", ""0.1755532"", ""0.1765588"", ""0.17944363"", ""0.1800063"", ""0.20167741"", ""0.20215195"", ""0.21545337"", ""0.2175765"", ""0.23104814"", ""0.23264334"", ""0.23472025"", ""0.23606692"", ""0.2409815"", ""0.24129075""]"
11	gasperini2019_k562_enhancer_crispr	/Volumes/MOVESPEED/pgaa_cross_platform/v3/sources/gasperini2019_k562_enhancer_crispr/GasperiniShendure2019_highMOI.h5ad	sample	category	6	0	True	False	False	"[""K1000_CRISPRi_cells_r1_SI-GA-G1"", ""K1000_CRISPRi_cells_r2_SI-GA-G2"", ""K1000_CRISPRi_cells_r3_SI-GA-G3"", ""K1000_CRISPRi_cells_r4_SI-GA-G4"", ""K1000_CRISPRi_cells_r5_SI-GA-G5"", ""K1000_CRISPRi_cells_r6_SI-GA-G6""]"
11	gasperini2019_k562_enhancer_crispr	/Volumes/MOVESPEED/pgaa_cross_platform/v3/sources/gasperini2019_k562_enhancer_crispr/GasperiniShendure2019_highMOI.h5ad	total_umis	int64	23154	0	False	False	False	"[""10001"", ""10002"", ""10006"", ""10009"", ""10011"", ""10012"", ""10013"", ""10016"", ""10020"", ""10022"", ""10023"", ""10024"", ""10025"", ""10026"", ""10028"", ""10029""]"
11	gasperini2019_k562_enhancer_crispr	/Volumes/MOVESPEED/pgaa_cross_platform/v3/sources/gasperini2019_k562_enhancer_crispr/GasperiniShendure2019_highMOI.h5ad	Size_Factor	float64	23154	0	False	False	False	"[""0.8381463857410111"", ""0.8381750007259481"", ""0.8384892390750749"", ""0.8386032689648559"", ""0.8386602363400258"", ""0.83868870815061"", ""0.838887789530904"", ""0.8392281742404449"", ""0.8393979433476801"", ""0.8394262108621179"", ""0.839595652319975"", ""0.8401023013558749"", ""0.840130375177598"", ""0.8401864997477241"", ""0.840298656712575"", ""0.840550561755856""]"
11	gasperini2019_k562_enhancer_crispr	/Volumes/MOVESPEED/pgaa_cross_platform/v3/sources/gasperini2019_k562_enhancer_crispr/GasperiniShendure2019_highMOI.h5ad	gene	category	39136	0	False	True	True	"[""ACTB_TSS_ACTG1_TSS_APEX1_TSS_CAPZA2_TSS_chr10:112617343-112617366_chr10:72426863-72426886_chr11:64102407-64102430_chr11:65246109-65246132_chr1:211788089-211788112_chr1:234881453-234881476_chr14:50349629-50349652_chr16:69564451-69564474_chr1:68005040-68005063_chr17:55928660-55928683_chr17:79366671-79366694_chr20:1195978-1196001_chr20:23123751-23123774_chr20:39631724-39631747_chr2:10437938-10437961_chr22:23875249-23875272_chr22:39678886-39678909_chr2:24680627-24680650_chr3:178986279-178986302_chr3:179006628-179006651_chr3:52223036-52223059_chr4:154354191-154354214_chr4:6732229-6732252_chr5:154033185-154033208_chr5:61572798-61572821_chr6:119949544-119949567_chr6:3160382-3160405_chr6:37051109-37051132_chr7:5613818-5613841_chr7:73300284-73300307_chr8:128772806-128772829_chrX:24249225-24249248_GYPC_TSS_HNRNPA1_TSS_LYPLA1_TSS_MTHFD2L_TSS_NDUFC1_TSS_NXT1_TSS_RPS3_TSS_SLC16A1_TSS_TOP2A_TSS"", ""ACTB_TSS_ACTG1_TSS_ARL5A_TSS_BANF1_TSS_chr10:22517874-22517897_chr10:76951777-76951800_chr1:156474664-156474687_chr1:160695873-160695896_chr11:61809436-61809459_chr11:75245269-75245292_chr17:55928660-55928683_chr18:11947158-11947181_chr19:8098053-8098076_chr3:14688152-14688175_chr3:47575419-47575442_chr4:6895321-6895344_chr4:74570221-74570244_chr6:157756848-157756871_chr6:168212159-168212182_chr6:3209309-3209332_chr6:37019055-37019078_chr6:37051109-37051132_chr6:43894257-43894280_chr7:73693898-73693921_chrX:12973885-12973908_chrX:130086151-130086174_chrX:47535302-47535325_CUTA_TSS_HMGB3_TSS_INSIG1_TSS_NUS1_TSS_PIM1_TSS_PRKAR2A_TSS_random_10_random_22_RWDD1_TSS_SLC25A4_TSS"", ""ACTB_TSS_ACTG1_TSS_ARL5A_TSS_BANF1_TSS_chr10:22517874-22517897_chr10:76951777-76951800_chr1:156474664-156474687_chr1:160695873-160695896_chr11:61809436-61809459_chr1:224267817-224267840_chr17:55928660-55928683_chr18:11947158-11947181_chr1:85685680-85685703_chr19:8098053-8098076_chr3:14688152-14688175_chr3:47575419-47575442_chr4:57255747-57255770_chr4:6895321-6895344_chr4:74570221-74570244_chr6:157756848-157756871_chr6:168212159-168212182_chr6:3209309-3209332_chr6:37051109-37051132_chr6:43894257-43894280_chr7:73693898-73693921_chrX:130086151-130086174_chrX:47535302-47535325_CUTA_TSS_HMGB3_TSS_INSIG1_TSS_PIM1_TSS_random_10_random_22_RWDD1_TSS_SLC25A4_TSS"", ""ACTB_TSS_ACTG1_TSS_ARL5A_TSS_BANF1_TSS_chr11:61809436-61809459_chr17:55928660-55928683_chr18:11947158-11947181_chr1:85685680-85685703_chr3:14688152-14688175_chr3:47575419-47575442_chr4:57255747-57255770_chr6:168212159-168212182_chr6:3209309-3209332_chr7:73693898-73693921_chrX:47535302-47535325_INSIG1_TSS_PIM1_TSS_PRKAR2A_TSS_random_10_random_22_RWDD1_TSS_SLC25A4_TSS"", ""ACTB_TSS_ACTG1_TSS_ARV1_TSS_CALM3_TSS_chr10:120850440-120850463_chr10:43876203-43876226_chr10:5521403-5521426_chr1:145427441-145427464_chr11:65674128-65674151_chr11:68713211-68713234_chr1:202133536-202133559_chr1:211803438-211803461_chr12:53267628-53267651_chr14:101236740-101236763_chr1:43988240-43988263_chr14:75696446-75696469_chr14:95989464-95989487_chr17:38689446-38689469_chr17:39000948-39000971_chr18:57585606-57585629_chr20:23136632-23136655_chr20:30198326-30198349_chr2:70335741-70335764_chr4:74698242-74698265_chr5:72784493-72784516_chr6:139969435-139969458_chr6:43670211-43670234_chr6:89782653-89782676_chr8:102165939-102165962_chr8:37943821-37943844_chrX:122937266-122937289_HHEX_TSS_LARP1_TSS_MAD2L1BP_TSS_MRPS35_TSS_NDFIP1_TSS_NDUFB5_TSS_random_6_RMI2_TSS_scrambled_17_TMEM98_TSS"", ""ACTB_TSS_ACTG1_TSS_ARV1_TSS_CALM3_TSS_chr10:120850440-120850463_chr10:43876203-43876226_chr10:5521403-5521426_chr1:145427441-145427464_chr1:161359440-161359463_chr11:65674128-65674151_chr11:68713211-68713234_chr1:202133536-202133559_chr1:211803438-211803461_chr12:51295280-51295303_chr12:53267628-53267651_chr14:101236740-101236763_chr1:43988240-43988263_chr14:75696446-75696469_chr14:95989464-95989487_chr17:38689446-38689469_chr17:39000948-39000971_chr18:57585606-57585629_chr20:23136632-23136655_chr20:30198326-30198349_chr2:228315698-228315721_chr2:70335741-70335764_chr5:72784493-72784516_chr6:139969435-139969458_chr6:43670211-43670234_chr8:101776113-101776136_chr8:102165939-102165962_chrX:122937266-122937289_chrX:153118933-153118956_HHEX_TSS_LARP1_TSS_MAD2L1BP_TSS_MRPS35_TSS_NDFIP1_TSS_NDUFB5_TSS_random_6_RMI2_TSS_scrambled_17_TMEM98_TSS_TYMS_TSS"", ""ACTB_TSS_ACTG1_TSS_ATP6V1F_TSS_BROX_TSS_C1D_TSS_CCDC86_TSS_chr1:113436415-113436438_chr11:33920552-33920575_chr11:33954432-33954455_chr1:160695873-160695896_chr11:74807780-74807803_chr12:110533562-110533585_chr1:211787340-211787363_chr1:234689220-234689243_chr1:32421569-32421592_chr1:40358231-40358254_chr15:58242503-58242526_chr16:10715795-10715818_chr19:34656285-34656308_chr19:3953178-3953201_chr20:22902292-22902315_chr20:4654111-4654134_chr20:49003792-49003815_chr20:5717877-5717900_chr20:809576-809599_chr2:43194545-43194568_chr2:55347771-55347794_chr2:70362999-70363022_chr5:61557406-61557429_chr6:2752237-2752260_chr7:45034763-45034786_chr8:131540035-131540058_chrX:24249225-24249248_COX6A1_TSS_DCTPP1_TSS_GLUL_TSS_GTF3A_TSS_NDUFB4_TSS_PRKCB_TSS_PSMG4_TSS_RPL18A_TSS_RPL31_TSS_SCCPDH_TSS_TRIAP1_TSS_ZC3H8_TSS"", ""ACTB_TSS_ACTG1_TSS_BRIX1_TSS_C1orf52_TSS_chr10:43876203-43876226_chr10:94581750-94581773_chr1:110334649-110334672_chr11:59312471-59312494_chr11:61809436-61809459_chr1:182308166-182308189_chr11:9385529-9385552_chr1:225632512-225632535_chr12:57384938-57384961_chr1:26259847-26259870_chr13:29185764-29185787_chr15:43522634-43522657_chr16:23738984-23739007_chr18:12403839-12403862_chr18:21067878-21067901_chr20:56026444-56026467_chr22:41107535-41107558_chr5:139015238-139015261_chr5:33475291-33475314_chr5:64372117-64372140_chr6:10640677-10640700_chr6:139766548-139766571_chr6:34530299-34530322_chr7:5613818-5613841_chrX:13108385-13108408_DYNC1I2_TSS_EIF3A_TSS_GADD45A_TSS_ID3_TSS_MRPL33_TSS_MRPS35_TSS_MYC_TSS_MYL12A_TSS_scrambled_14_scrambled_18"", ""ACTB_TSS_ACTG1_TSS_BTF3_TSS_CALM3_TSS_chr10:12097811-12097834_chr10:70821228-70821251_chr10:74016874-74016897_chr10:92863157-92863180_chr11:61809436-61809459_chr11:75269992-75270015_chr12:110791814-110791837_chr1:234634692-234634715_chr1:26408274-26408297_chr1:26963012-26963035_chr12:94494004-94494027_chr1:32420277-32420300_chr14:34934394-34934417_chr17:27192091-27192114_chr17:73854783-73854806_chr20:4654111-4654134_chr21:16049915-16049938_chr21:38935691-38935714_chr3:128251410-128251433_chr4:74570221-74570244_chr5:154061899-154061922_chr5:68342203-68342226_chr6:140295229-140295252_chr7:138802902-138802925_chr7:97079807-97079830_chr7:99404651-99404674_chrX:47521550-47521573_FKBP2_TSS_H3F3B_TSS_HBD_TSS_MRFAP1_TSS_MRPS10_TSS_NDUFB5_TSS_pos_control_KlannHS2g_HS2_B_PPP1R11_TSS_PRAME_TSS_QKI_TSS_random_9_RHOA_TSS_RMI2_TSS_SPCS2_TSS_TPMT_TSS"", ""ACTB_TSS_ACTG1_TSS_CHCHD10_TSS_chr11:102212503-102212526_chr1:211803438-211803461_chr1:23880947-23880970_chr18:44710968-44710991_chr20:5640231-5640254_chr21:44350159-44350182_chr3:186606270-186606293_chr4:6732229-6732252_chr5:64417780-64417803_chr6:111141083-111141106_chrX:47542610-47542633_FAM96B_TSS_HMGB3_TSS_ITGB1BP1_TSS_MTHFD2L_TSS_PDIA4_TSS_PLEKHJ1_TSS_POLR3GL_TSS_PRKAR2B_TSS_PSMG1_TSS"", ""ACTB_TSS_ACTG1_TSS_chr10:72338078-72338101_chr1:201430861-201430884_chr12:110791814-110791837_chr1:212101570-212101593_chr1:28678102-28678125_chr1:54953639-54953662_chr18:55500879-55500902_chr18:9404384-9404407_chr19:3950069-3950092_chr20:49050192-49050215_chr21:45187704-45187727_chr6:140295229-140295252_chr7:12762340-12762363_chr7:73300284-73300307_MAPK1IP1L_TSS_NDUFA2_TSS_RMI2_TSS_RNF7_TSS"", ""ACTB_TSS_ACTG1_TSS_chr10:74057016-74057039_chr1:201571878-201571901_chr12:131918825-131918848_chr1:228688592-228688615_chr1:234719517-234719540_chr1:234881453-234881476_chr1:234908064-234908087_chr1:23866170-23866193_chr15:64134273-64134296_chr17:74655857-74655880_chr4:77864368-77864391_chr5:139016559-139016582_CUTA_TSS_EIF4EBP1_TSS_FKBP2_TSS_GNB2_TSS_PSMA7_TSS_RTN3_TSS_scrambled_10_scrambled_15_SERPINB1_TSS_SMARCC1_TSS"", ""ACTB_TSS_ACYP1_TSS_ADIPOR1_TSS_APLP2_TSS_chr10:74057016-74057039_chr1:182308166-182308189_chr12:110791814-110791837_chr1:234719517-234719540_chr12:53267628-53267651_chr1:29211074-29211097_chr1:33177720-33177743_chr16:11332316-11332339_chr17:38689446-38689469_chr17:42358962-42358985_chr18:55500879-55500902_chr18:55708851-55708874_chr20:49341345-49341368_chr21:38935691-38935714_chr2:43154568-43154591_chr3:107818766-107818789_chr3:156297154-156297177_chr3:196569520-196569543_chr4:74573656-74573679_chr6:157756848-157756871_chr7:44995243-44995266_chr7:97079807-97079830_chr7:98048096-98048119_chr8:102120675-102120698_chrX:135978784-135978807_NDUFC1_TSS_TYMS_TSS"", ""ACTB_TSS_ACYP1_TSS_ADIPOR1_TSS_APLP2_TSS_chr10:74057016-74057039_chr1:182308166-182308189_chr12:110791814-110791837_chr1:234719517-234719540_chr12:53267628-53267651_chr1:29211074-29211097_chr1:33177720-33177743_chr16:11332316-11332339_chr17:38689446-38689469_chr17:42358962-42358985_chr18:55500879-55500902_chr18:55708851-55708874_chr20:49341345-49341368_chr21:38935691-38935714_chr2:43154568-43154591_chr3:107818766-107818789_chr3:156297154-156297177_chr3:196569520-196569543_chr4:74573656-74573679_chr7:44995243-44995266_chr7:98048096-98048119_chr8:102120675-102120698_chrX:135978784-135978807_NDUFC1_TSS_TYMS_TSS"", ""ACTB_TSS_ACYP1_TSS_APLP2_TSS_chr10:43782638-43782661_chr10:74080224-74080247_chr11:57200193-57200216_chr11:75944834-75944857_chr1:201547312-201547335_chr12:102249040-102249063_chr1:224392421-224392444_chr1:227523201-227523224_chr1:23888744-23888767_chr1:29211074-29211097_chr14:101165394-101165417_chr16:23741079-23741102_chr17:38689446-38689469_chr17:45307036-45307059_chr17:79366671-79366694_chr21:33919363-33919386_chr2:24680627-24680650_chr2:70369115-70369138_chr2:8675906-8675929_chr3:186606270-186606293_chr3:45311380-45311403_chr4:38860562-38860585_chr6:144536589-144536612_chr6:37178148-37178171_chr7:138802424-138802447_chrX:24249225-24249248_CRIPT_TSS_CUTA_TSS_FAM96A_TSS_HMGB3_TSS_LAMTOR1_TSS_LMO2_TSS_MRFAP1_TSS_PCNA_TSS_POMP_TSS_PSMA7_TSS_QKI_TSS_scrambled_17_scrambled_24_SERPINB1_TSS_SH3BGRL3_TSS_TTC3_TSS_UBXN4_TSS"", ""ACTB_TSS_ACYP1_TSS_ARF6_TSS_CEBPB_TSS_chr10:112617343-112617366_chr10:5520015-5520038_chr10:74080224-74080247_chr1:114922540-114922563_chr1:222638091-222638114_chr16:84985765-84985788_chr17:31237872-31237895_chr17:46566019-46566042_chr17:74655857-74655880_chr2:43140342-43140365_chr2:43194545-43194568_chr4:154354191-154354214_chr4:56536887-56536910_chr5:133273859-133273882_chr5:6408048-6408071_chr6:106188978-106189001_chr7:154997961-154997984_chr7:73207822-73207845_chr7:75920713-75920736_chr8:125748163-125748186_chrX:106928126-106928149_COA3_TSS_CWC15_TSS_MFF_TSS_PCNA_TSS_SLC25A39_TSS_TOP1_TSS""]"
11	gasperini2019_k562_enhancer_crispr	/Volumes/MOVESPEED/pgaa_cross_platform/v3/sources/gasperini2019_k562_enhancer_crispr/GasperiniShendure2019_highMOI.h5ad	all_gene	category	39136	0	False	True	True	"[""ACTB_TSS_ACTG1_TSS_APEX1_TSS_CAPZA2_TSS_chr10:112617343-112617366_chr10:72426863-72426886_chr11:64102407-64102430_chr11:65246109-65246132_chr1:211788089-211788112_chr1:234881453-234881476_chr14:50349629-50349652_chr16:69564451-69564474_chr1:68005040-68005063_chr17:55928660-55928683_chr17:79366671-79366694_chr20:1195978-1196001_chr20:23123751-23123774_chr20:39631724-39631747_chr2:10437938-10437961_chr22:23875249-23875272_chr22:39678886-39678909_chr2:24680627-24680650_chr3:178986279-178986302_chr3:179006628-179006651_chr3:52223036-52223059_chr4:154354191-154354214_chr4:6732229-6732252_chr5:154033185-154033208_chr5:61572798-61572821_chr6:119949544-119949567_chr6:3160382-3160405_chr6:37051109-37051132_chr7:5613818-5613841_chr7:73300284-73300307_chr8:128772806-128772829_chrX:24249225-24249248_GYPC_TSS_HNRNPA1_TSS_LYPLA1_TSS_MTHFD2L_TSS_NDUFC1_TSS_NXT1_TSS_RPS3_TSS_SLC16A1_TSS_TOP2A_TSS"", ""ACTB_TSS_ACTG1_TSS_ARL5A_TSS_BANF1_TSS_chr10:22517874-22517897_chr10:76951777-76951800_chr1:156474664-156474687_chr1:160695873-160695896_chr11:61809436-61809459_chr11:75245269-75245292_chr17:55928660-55928683_chr18:11947158-11947181_chr19:8098053-8098076_chr3:14688152-14688175_chr3:47575419-47575442_chr4:6895321-6895344_chr4:74570221-74570244_chr6:157756848-157756871_chr6:168212159-168212182_chr6:3209309-3209332_chr6:37019055-37019078_chr6:37051109-37051132_chr6:43894257-43894280_chr7:73693898-73693921_chrX:12973885-12973908_chrX:130086151-130086174_chrX:47535302-47535325_CUTA_TSS_HMGB3_TSS_INSIG1_TSS_NUS1_TSS_PIM1_TSS_PRKAR2A_TSS_random_10_random_22_RWDD1_TSS_SLC25A4_TSS"", ""ACTB_TSS_ACTG1_TSS_ARL5A_TSS_BANF1_TSS_chr10:22517874-22517897_chr10:76951777-76951800_chr1:156474664-156474687_chr1:160695873-160695896_chr11:61809436-61809459_chr1:224267817-224267840_chr17:55928660-55928683_chr18:11947158-11947181_chr1:85685680-85685703_chr19:8098053-8098076_chr3:14688152-14688175_chr3:47575419-47575442_chr4:57255747-57255770_chr4:6895321-6895344_chr4:74570221-74570244_chr6:157756848-157756871_chr6:168212159-168212182_chr6:3209309-3209332_chr6:37051109-37051132_chr6:43894257-43894280_chr7:73693898-73693921_chrX:130086151-130086174_chrX:47535302-47535325_CUTA_TSS_HMGB3_TSS_INSIG1_TSS_PIM1_TSS_random_10_random_22_RWDD1_TSS_SLC25A4_TSS"", ""ACTB_TSS_ACTG1_TSS_ARL5A_TSS_BANF1_TSS_chr11:61809436-61809459_chr17:55928660-55928683_chr18:11947158-11947181_chr1:85685680-85685703_chr3:14688152-14688175_chr3:47575419-47575442_chr4:57255747-57255770_chr6:168212159-168212182_chr6:3209309-3209332_chr7:73693898-73693921_chrX:47535302-47535325_INSIG1_TSS_PIM1_TSS_PRKAR2A_TSS_random_10_random_22_RWDD1_TSS_SLC25A4_TSS"", ""ACTB_TSS_ACTG1_TSS_ARV1_TSS_CALM3_TSS_chr10:120850440-120850463_chr10:43876203-43876226_chr10:5521403-5521426_chr1:145427441-145427464_chr11:65674128-65674151_chr11:68713211-68713234_chr1:202133536-202133559_chr1:211803438-211803461_chr12:53267628-53267651_chr14:101236740-101236763_chr1:43988240-43988263_chr14:75696446-75696469_chr14:95989464-95989487_chr17:38689446-38689469_chr17:39000948-39000971_chr18:57585606-57585629_chr20:23136632-23136655_chr20:30198326-30198349_chr2:70335741-70335764_chr4:74698242-74698265_chr5:72784493-72784516_chr6:139969435-139969458_chr6:43670211-43670234_chr6:89782653-89782676_chr8:102165939-102165962_chr8:37943821-37943844_chrX:122937266-122937289_HHEX_TSS_LARP1_TSS_MAD2L1BP_TSS_MRPS35_TSS_NDFIP1_TSS_NDUFB5_TSS_random_6_RMI2_TSS_scrambled_17_TMEM98_TSS"", ""ACTB_TSS_ACTG1_TSS_ARV1_TSS_CALM3_TSS_chr10:120850440-120850463_chr10:43876203-43876226_chr10:5521403-5521426_chr1:145427441-145427464_chr1:161359440-161359463_chr11:65674128-65674151_chr11:68713211-68713234_chr1:202133536-202133559_chr1:211803438-211803461_chr12:51295280-51295303_chr12:53267628-53267651_chr14:101236740-101236763_chr1:43988240-43988263_chr14:75696446-75696469_chr14:95989464-95989487_chr17:38689446-38689469_chr17:39000948-39000971_chr18:57585606-57585629_chr20:23136632-23136655_chr20:30198326-30198349_chr2:228315698-228315721_chr2:70335741-70335764_chr5:72784493-72784516_chr6:139969435-139969458_chr6:43670211-43670234_chr8:101776113-101776136_chr8:102165939-102165962_chrX:122937266-122937289_chrX:153118933-153118956_HHEX_TSS_LARP1_TSS_MAD2L1BP_TSS_MRPS35_TSS_NDFIP1_TSS_NDUFB5_TSS_random_6_RMI2_TSS_scrambled_17_TMEM98_TSS_TYMS_TSS"", ""ACTB_TSS_ACTG1_TSS_ATP6V1F_TSS_BROX_TSS_C1D_TSS_CCDC86_TSS_chr1:113436415-113436438_chr11:33920552-33920575_chr11:33954432-33954455_chr1:160695873-160695896_chr11:74807780-74807803_chr12:110533562-110533585_chr1:211787340-211787363_chr1:234689220-234689243_chr1:32421569-32421592_chr1:40358231-40358254_chr15:58242503-58242526_chr16:10715795-10715818_chr19:34656285-34656308_chr19:3953178-3953201_chr20:22902292-22902315_chr20:4654111-4654134_chr20:49003792-49003815_chr20:5717877-5717900_chr20:809576-809599_chr2:43194545-43194568_chr2:55347771-55347794_chr2:70362999-70363022_chr5:61557406-61557429_chr6:2752237-2752260_chr7:45034763-45034786_chr8:131540035-131540058_chrX:24249225-24249248_COX6A1_TSS_DCTPP1_TSS_GLUL_TSS_GTF3A_TSS_NDUFB4_TSS_PRKCB_TSS_PSMG4_TSS_RPL18A_TSS_RPL31_TSS_SCCPDH_TSS_TRIAP1_TSS_ZC3H8_TSS"", ""ACTB_TSS_ACTG1_TSS_BRIX1_TSS_C1orf52_TSS_chr10:43876203-43876226_chr10:94581750-94581773_chr1:110334649-110334672_chr11:59312471-59312494_chr11:61809436-61809459_chr1:182308166-182308189_chr11:9385529-9385552_chr1:225632512-225632535_chr12:57384938-57384961_chr1:26259847-26259870_chr13:29185764-29185787_chr15:43522634-43522657_chr16:23738984-23739007_chr18:12403839-12403862_chr18:21067878-21067901_chr20:56026444-56026467_chr22:41107535-41107558_chr5:139015238-139015261_chr5:33475291-33475314_chr5:64372117-64372140_chr6:10640677-10640700_chr6:139766548-139766571_chr6:34530299-34530322_chr7:5613818-5613841_chrX:13108385-13108408_DYNC1I2_TSS_EIF3A_TSS_GADD45A_TSS_ID3_TSS_MRPL33_TSS_MRPS35_TSS_MYC_TSS_MYL12A_TSS_scrambled_14_scrambled_18"", ""ACTB_TSS_ACTG1_TSS_BTF3_TSS_CALM3_TSS_chr10:12097811-12097834_chr10:70821228-70821251_chr10:74016874-74016897_chr10:92863157-92863180_chr11:61809436-61809459_chr11:75269992-75270015_chr12:110791814-110791837_chr1:234634692-234634715_chr1:26408274-26408297_chr1:26963012-26963035_chr12:94494004-94494027_chr1:32420277-32420300_chr14:34934394-34934417_chr17:27192091-27192114_chr17:73854783-73854806_chr20:4654111-4654134_chr21:16049915-16049938_chr21:38935691-38935714_chr3:128251410-128251433_chr4:74570221-74570244_chr5:154061899-154061922_chr5:68342203-68342226_chr6:140295229-140295252_chr7:138802902-138802925_chr7:97079807-97079830_chr7:99404651-99404674_chrX:47521550-47521573_FKBP2_TSS_H3F3B_TSS_HBD_TSS_MRFAP1_TSS_MRPS10_TSS_NDUFB5_TSS_pos_control_KlannHS2g_HS2_B_PPP1R11_TSS_PRAME_TSS_QKI_TSS_random_9_RHOA_TSS_RMI2_TSS_SPCS2_TSS_TPMT_TSS"", ""ACTB_TSS_ACTG1_TSS_CHCHD10_TSS_chr11:102212503-102212526_chr1:211803438-211803461_chr1:23880947-23880970_chr18:44710968-44710991_chr20:5640231-5640254_chr21:44350159-44350182_chr3:186606270-186606293_chr4:6732229-6732252_chr5:64417780-64417803_chr6:111141083-111141106_chrX:47542610-47542633_FAM96B_TSS_HMGB3_TSS_ITGB1BP1_TSS_MTHFD2L_TSS_PDIA4_TSS_PLEKHJ1_TSS_POLR3GL_TSS_PRKAR2B_TSS_PSMG1_TSS"", ""ACTB_TSS_ACTG1_TSS_chr10:72338078-72338101_chr1:201430861-201430884_chr12:110791814-110791837_chr1:212101570-212101593_chr1:28678102-28678125_chr1:54953639-54953662_chr18:55500879-55500902_chr18:9404384-9404407_chr19:3950069-3950092_chr20:49050192-49050215_chr21:45187704-45187727_chr6:140295229-140295252_chr7:12762340-12762363_chr7:73300284-73300307_MAPK1IP1L_TSS_NDUFA2_TSS_RMI2_TSS_RNF7_TSS"", ""ACTB_TSS_ACTG1_TSS_chr10:74057016-74057039_chr1:201571878-201571901_chr12:131918825-131918848_chr1:228688592-228688615_chr1:234719517-234719540_chr1:234881453-234881476_chr1:234908064-234908087_chr1:23866170-23866193_chr15:64134273-64134296_chr17:74655857-74655880_chr4:77864368-77864391_chr5:139016559-139016582_CUTA_TSS_EIF4EBP1_TSS_FKBP2_TSS_GNB2_TSS_PSMA7_TSS_RTN3_TSS_scrambled_10_scrambled_15_SERPINB1_TSS_SMARCC1_TSS"", ""ACTB_TSS_ACYP1_TSS_ADIPOR1_TSS_APLP2_TSS_chr10:74057016-74057039_chr1:182308166-182308189_chr12:110791814-110791837_chr1:234719517-234719540_chr12:53267628-53267651_chr1:29211074-29211097_chr1:33177720-33177743_chr16:11332316-11332339_chr17:38689446-38689469_chr17:42358962-42358985_chr18:55500879-55500902_chr18:55708851-55708874_chr20:49341345-49341368_chr21:38935691-38935714_chr2:43154568-43154591_chr3:107818766-107818789_chr3:156297154-156297177_chr3:196569520-196569543_chr4:74573656-74573679_chr6:157756848-157756871_chr7:44995243-44995266_chr7:97079807-97079830_chr7:98048096-98048119_chr8:102120675-102120698_chrX:135978784-135978807_NDUFC1_TSS_TYMS_TSS"", ""ACTB_TSS_ACYP1_TSS_ADIPOR1_TSS_APLP2_TSS_chr10:74057016-74057039_chr1:182308166-182308189_chr12:110791814-110791837_chr1:234719517-234719540_chr12:53267628-53267651_chr1:29211074-29211097_chr1:33177720-33177743_chr16:11332316-11332339_chr17:38689446-38689469_chr17:42358962-42358985_chr18:55500879-55500902_chr18:55708851-55708874_chr20:49341345-49341368_chr21:38935691-38935714_chr2:43154568-43154591_chr3:107818766-107818789_chr3:156297154-156297177_chr3:196569520-196569543_chr4:74573656-74573679_chr7:44995243-44995266_chr7:98048096-98048119_chr8:102120675-102120698_chrX:135978784-135978807_NDUFC1_TSS_TYMS_TSS"", ""ACTB_TSS_ACYP1_TSS_APLP2_TSS_chr10:43782638-43782661_chr10:74080224-74080247_chr11:57200193-57200216_chr11:75944834-75944857_chr1:201547312-201547335_chr12:102249040-102249063_chr1:224392421-224392444_chr1:227523201-227523224_chr1:23888744-23888767_chr1:29211074-29211097_chr14:101165394-101165417_chr16:23741079-23741102_chr17:38689446-38689469_chr17:45307036-45307059_chr17:79366671-79366694_chr21:33919363-33919386_chr2:24680627-24680650_chr2:70369115-70369138_chr2:8675906-8675929_chr3:186606270-186606293_chr3:45311380-45311403_chr4:38860562-38860585_chr6:144536589-144536612_chr6:37178148-37178171_chr7:138802424-138802447_chrX:24249225-24249248_CRIPT_TSS_CUTA_TSS_FAM96A_TSS_HMGB3_TSS_LAMTOR1_TSS_LMO2_TSS_MRFAP1_TSS_PCNA_TSS_POMP_TSS_PSMA7_TSS_QKI_TSS_scrambled_17_scrambled_24_SERPINB1_TSS_SH3BGRL3_TSS_TTC3_TSS_UBXN4_TSS"", ""ACTB_TSS_ACYP1_TSS_ARF6_TSS_CEBPB_TSS_chr10:112617343-112617366_chr10:5520015-5520038_chr10:74080224-74080247_chr1:114922540-114922563_chr1:222638091-222638114_chr16:84985765-84985788_chr17:31237872-31237895_chr17:46566019-46566042_chr17:74655857-74655880_chr2:43140342-43140365_chr2:43194545-43194568_chr4:154354191-154354214_chr4:56536887-56536910_chr5:133273859-133273882_chr5:6408048-6408071_chr6:106188978-106189001_chr7:154997961-154997984_chr7:73207822-73207845_chr7:75920713-75920736_chr8:125748163-125748186_chrX:106928126-106928149_COA3_TSS_CWC15_TSS_MFF_TSS_PCNA_TSS_SLC25A39_TSS_TOP1_TSS""]"
11	gasperini2019_k562_enhancer_crispr	/Volumes/MOVESPEED/pgaa_cross_platform/v3/sources/gasperini2019_k562_enhancer_crispr/GasperiniShendure2019_highMOI.h5ad	barcode	category	39182	0	False	False	False	"[""AAAAACACAGAAATACGTGA_GTACCCGCTAAGGAGCGCGG_TTGGGAATGCGAGGCAAAGG_GCGGCGAGCGGTTCCTTGTG"", ""AAAACTGCTAGAGAACTGGG_GAGTGAATCCCAGGAAAGGA_GGTGAATTCCAAGAAGGGAG_CCATTCTAGAAACAGCTCAG_GAGTGGGGTTCGAACCCACG_AGAGTGTCCTACACTTTCGG_TCAAGAACTTGAGCGCCTGG_GCTGGGGGCGAGCTGTTAAA_GGAGAAGGGGCAGACCGGTG_CGGTGGGGCCGCTCACTAGG_GCTGTGTAGACTGTTGGGTG"", ""AAAACTGCTAGAGAACTGGG_GCAAGGGACAACAGAAACCG_TTGTCACTAGAGATAACACC_GCCAGGGCAGAAGCGCGAAG_AGGAATCCAGCAATCCCACA"", ""AAAACTGCTAGAGAACTGGG_GGTCCCCTGCTACAGATGCG_GCAACAGCAATCATACAGGG_ACAATGATCAGCAAACACGA_TCAAAATCCAAGGTTGCTGA_GCAGCTGCAGGAAGATGTAT_ACTTGAGCAGCGAGTCCCGG_GGAGAAGGGGCAGACCGGTG_GAAGGTTACACAGAACCAGA"", ""AAAAGACGTCAAGCAGTCGG_AATGGTATCTCAGTCCTGCA_AGTGCTGATGACATTCACTG_GCTGGGCTGGAACAGGAAGG_ACAGTTGCACTGCTGTGGGG_TAAGCTTTCATGGTGCCGGT_TATCTAGGCACCAGGCGCCA_AGCCGGCCGCCGCCATGTGG_CGCAGGCCGCTCATGCTGGG_GCCCCGCGCACAGTTGCGGG"", ""AAAAGACGTCAAGCAGTCGG_ACAAAGTCCAGTTCAAACCG_ACAGCAGGAACACAAGTGAA_GCATGGGTGACGCTGACTTA_GTAAGAGGAGGGGACCAGAG_GCTTAGCTACACGGCCCCAA_GCCCTCCATGAGTTGTCTAA_GTTGTCTCTGCCCTTCCGCA_GTGGCAGGAACCTCTTAAAG_GCCGGGGTGGAGTCATCCTG_CGAGCCGCGGTCTCCCTCAG_GACGCCGGTGACAATGAAAG"", ""AAAAGACGTCAAGCAGTCGG_ACTTACATGGAATCAACCTG_TCATTCGGTGAGTCACAGCG_GGGCAAAGCGAAAAAAATGG_GTGGAGTTGCCCTTGGAGGG"", ""AAAAGACGTCAAGCAGTCGG_AGAAGTCCTGAGTAGATGGG_GGGCTAGGAATGCAGCAGAG_CGGACCCTCCCAAAATCAAG_CTGCAGAGAATGAATCCAAG_GTGGAATAAGAGGGACCGGA_AGACCTATGCTGATGTCAGA_TTACGCTCCTTTCTGCCCCA_TCTTGGGCCACTCTTCCGAG_GCTTAGCTACACGGCCCCAA_TCTTTCCAGGATCCAACCGA_CTAGTCCTGCCCAAACCAGG_CCACTTCTGCTGATTCAGAT_CTATCCCCTGGTTCAAGTCG_CTACAGCCAAAATATCTTGG_AGAGTGTCCTACACTTTCGG_CCAGACTAGGATCTTAACGG_GATAAAGGCCAGGGGAAGGG_GTCACACTGATAAAGACAAG_AGGAGATTGCTGACATTCCA_CTCTCAAGGAAAGTAGTCGG_GAGAGCACAGAGCAACCCGG_CTTACAGGGTAGGAGCTGGG_GGCGCCACGTCCCTTGCGGG_TCTCGCGAGAGGCGGGAAAG_GCCTCACCTGGCTGCCGGTG_GCAGCAAGTCGAGGAGTCGG_TGCCCTGTAAGCATCCTGCT_CTCTGAGGCCACAAGGTCGG_GCGGCAGCGCGGTCAGTGGG_GCCCCGCGCACAGTTGCGGG_GGAGAAGCGGCTTGGTCGGG_ACGCCAGGCGGATCTCAGAG_CGCGGCCGCGGAGACGTGAG"", ""AAAAGACGTCAAGCAGTCGG_AGATAAGCAGAGTTAGCGCA_AGGTTCTTCCTGGAGAACAG_AAGACCTTCTGGGCAGGCCG_GGGAGGGCCAGAAATCACCG_CCATATGGACAGCACCAGCA_TTTCTGAAAGGAAGAAACAG_GCCCAGTTCCAGAAAAGACA_GTTGTCCCATAAGATAACAG_TCAGCCCTGGGATCTCCGCA_CTAGTCCTGCCCAAACCAGG_CATTGATGTGAAACTCAAGA_GCATCCAGACCCCTGAAAGG_ATGCAGTTGTCCCAACTGCA_CAGCCAGCAGATCTGCACCG_TGCTTAGTACCTAGTCCCCA_AGTGACTCTGCAGTTGACCA_GAGCTTCTAACTCAGCACAG_GACAGCTGAGAGCTATCAGA_GGAGTAGTAGACAATTGGGA_GTCCATCCTGACAATCTCTG_GCTGTTTCTTCATATTTGCA_GAGAGCTCTTCACATTCCCG_GAGGTGGCCCCGGATGCTGG_GTGCGTGCGCCTGGTGGAGG_CAGGCTTTGCGGACGACGGG_CGGCTCCGGCGGAAGGTGGG_GCAGGAGCGTAGAGAGCGCG_GCCTGCCGCAGGGAGAAGAG_CACCCGCCCCGCTGTCTCTG_AGTTGTGTTGTGCCAATGGG"", ""AAAAGACGTCAAGCAGTCGG_CCAACAGAGCTAGAGCCACG_CATGGTCCTGAGCTAGTCAG_ACCCAGGCTAGAGTGCACTG_GATAACATAGCCTTACCCAA_GCTCAGACTGAGTCTGGAGA_GCTTGGCTGCAAAGGCCACA_TTGAAGTTATGCGTGAAAGG_CATGAGATCACTCACTTAGA_GGCCAAAGCAAATATAGCAG_GGGTAGGAAAACAGCCCAAG_GCCTACTTCCGAGACCCAGG_GGGCAACCCCAGGAAGACCG"", ""AAAAGACGTCAAGCAGTCGG_CCAACAGAGCTAGAGCCACG_CATGGTCCTGAGCTAGTCAG_AGTGGTACAGAAGTAGGAGG_ACCCAGGCTAGAGTGCACTG_GATAACATAGCCTTACCCAA_GCTCAGACTGAGTCTGGAGA_GCTTGGCTGCAAAGGCCACA_TTGAAGTTATGCGTGAAAGG_CATGAGATCACTCACTTAGA_GGCCAAAGCAAATATAGCAG_GGGTAGGAAAACAGCCCAAG_GCCTACTTCCGAGACCCAGG_GGGCAACCCCAGGAAGACCG"", ""AAAAGACGTCAAGCAGTCGG_CTAATGATCACCAAAGTCAG_TCACTGAAGGTGCAAATGAA_GCTGTATATCGGCGCCCCGG"", ""AAAAGACGTCAAGCAGTCGG_CTAGTCCTGCCCAAACCAGG_ATACTTGCCTGGGGTCACCG_AGTTTGCTGTGACTGGGCAG_TGGTGGTGCAATGCCCCAGG_GTAACTTTGCAGCTGCGCTA_CCCCGCCCCCAGTAGTACAG_CTCGCGTCTGCGTGGAGACG_CGAGAGGAGTCGGTGGCAGG_ACCGCTGCCCTAACCACTGG_AGAGCGGCAGCGCGGTCAGG"", ""AAAAGACGTCAAGCAGTCGG_GGAGACCTGAGGCTTTACAG_AGGCCAGTCAGTGCTATACA_GTAACAACGGTAACTATGGG_GACTCTCGTGAATCTTTGGA_CCTGGAATGGAGACTGGGGG_TAGATCCCACTGTTGTGCCT_TATAGGCCATGGCTAATGGG_ACTAGGTCAGGGCAGCCCCG_TCTGAGTGATCTCATTGCCG_CGGCGAAGCCCACACACTAG_GCAGAAGCGGCAGGAGTAGG"", ""AAAAGACGTCAAGCAGTCGG_GGAGACCTGAGGCTTTACAG_AGGCCAGTCAGTGCTATACA_GTAACAACGGTAACTATGGG_TCTTCTGCAGAAAACAAGCG_GACTCTCGTGAATCTTTGGA_CCTGGAATGGAGACTGGGGG_TAGATCCCACTGTTGTGCCT_TATAGGCCATGGCTAATGGG_ACTAGGTCAGGGCAGCCCCG_TCTGAGTGATCTCATTGCCG_CGGCGAAGCCCACACACTAG_GGAAGGCGGAAGGCTAGGGG_GCAGAAGCGGCAGGAGTAGG"", ""AAAAGACGTCAAGCAGTCGG_GTGCTGCAGCCAACATAGCG_AAGCAACAAAACCAACCGCA_GGATTGTGTTCACAGCGTAA_AAGAGGGGAGAAAGGACGAG_TTCTTGGCCTGGGAGCATGA_ACTAGGTCAGGGCAGCCCCG_GCACTGGGAGATCTTCCCCA_GCCTGCCGCAGGGAGAAGAG_AACACAACACACCAAAACTG""]"
11	gasperini2019_k562_enhancer_crispr	/Volumes/MOVESPEED/pgaa_cross_platform/v3/sources/gasperini2019_k562_enhancer_crispr/GasperiniShendure2019_highMOI.h5ad	read_count	float64	16127	299	False	False	False	"[""10.0"", ""100.0"", ""1000.0"", ""10000.0"", ""10001.0"", ""10003.0"", ""10004.0"", ""10006.0"", ""10007.0"", ""10008.0"", ""1001.0"", ""10010.0"", ""10011.0"", ""10013.0"", ""10014.0"", ""10015.0""]"
11	gasperini2019_k562_enhancer_crispr	/Volumes/MOVESPEED/pgaa_cross_platform/v3/sources/gasperini2019_k562_enhancer_crispr/GasperiniShendure2019_highMOI.h5ad	umi_count	float64	2376	299	False	False	False	"[""10.0"", ""100.0"", ""1000.0"", ""1001.0"", ""1002.0"", ""1003.0"", ""1004.0"", ""1005.0"", ""1006.0"", ""1007.0"", ""1008.0"", ""1009.0"", ""101.0"", ""1010.0"", ""1011.0"", ""1012.0""]"
11	gasperini2019_k562_enhancer_crispr	/Volumes/MOVESPEED/pgaa_cross_platform/v3/sources/gasperini2019_k562_enhancer_crispr/GasperiniShendure2019_highMOI.h5ad	proportion	float64	17794	299	False	False	False	"[""0.0530973451327434"", ""0.0560747663551402"", ""0.08"", ""0.0810810810810811"", ""0.0845070422535211"", ""0.0933333333333333"", ""0.1"", ""0.101449275362319"", ""0.10447761194029902"", ""0.10526315789473699"", ""0.106060606060606"", ""0.107142857142857"", ""0.111111111111111"", ""0.112903225806452"", ""0.11320754716981098"", ""0.116666666666667""]"
11	gasperini2019_k562_enhancer_crispr	/Volumes/MOVESPEED/pgaa_cross_platform/v3/sources/gasperini2019_k562_enhancer_crispr/GasperiniShendure2019_highMOI.h5ad	guide_count	float64	59	299	False	True	False	"[""1.0"", ""10.0"", ""11.0"", ""12.0"", ""13.0"", ""14.0"", ""15.0"", ""16.0"", ""17.0"", ""18.0"", ""19.0"", ""2.0"", ""20.0"", ""21.0"", ""22.0"", ""23.0""]"
11	gasperini2019_k562_enhancer_crispr	/Volumes/MOVESPEED/pgaa_cross_platform/v3/sources/gasperini2019_k562_enhancer_crispr/GasperiniShendure2019_highMOI.h5ad	sample_directory	category	6	0	True	False	False	"[""/net/trapnell/vol1/ajh24/temp/2017_11_10_k1000_redo/K1000_CRISPRi_cells_r1_SI-GA-G1"", ""/net/trapnell/vol1/ajh24/temp/2017_11_10_k1000_redo/K1000_CRISPRi_cells_r2_SI-GA-G2"", ""/net/trapnell/vol1/ajh24/temp/2017_11_10_k1000_redo/K1000_CRISPRi_cells_r3_SI-GA-G3"", ""/net/trapnell/vol1/ajh24/temp/2017_11_10_k1000_redo/K1000_CRISPRi_cells_r4_SI-GA-G4"", ""/net/trapnell/vol1/ajh24/temp/2017_11_10_k1000_redo/K1000_CRISPRi_cells_r5_SI-GA-G5"", ""/net/trapnell/vol1/ajh24/temp/2017_11_10_k1000_redo/K1000_CRISPRi_cells_r6_SI-GA-G6""]"
11	gasperini2019_k562_enhancer_crispr	/Volumes/MOVESPEED/pgaa_cross_platform/v3/sources/gasperini2019_k562_enhancer_crispr/GasperiniShendure2019_highMOI.h5ad	ko_barcode_file	category	6	0	False	False	False	"[""/net/trapnell/vol1/ajh24/temp/2017_11_10_k1000_redo/K1000_CRISPRi_gRNA_r1_CGTTACCG_gRNAcaptured.txt"", ""/net/trapnell/vol1/ajh24/temp/2017_11_10_k1000_redo/K1000_CRISPRi_gRNA_r2_ACTATTCA_gRNAcaptured.txt"", ""/net/trapnell/vol1/ajh24/temp/2017_11_10_k1000_redo/K1000_CRISPRi_gRNA_r3_GACTGGAC_gRNAcaptured.txt"", ""/net/trapnell/vol1/ajh24/temp/2017_11_10_k1000_redo/K1000_CRISPRi_gRNA_r4_TTGCTTAG_gRNAcaptured.txt"", ""/net/trapnell/vol1/ajh24/temp/2017_11_10_k1000_redo/K1000_CRISPRi_gRNA_r5_AACGAATT_gRNAcaptured.txt"", ""/net/trapnell/vol1/ajh24/temp/2017_11_10_k1000_redo/K1000_CRISPRi_gRNA_r6_TCTATCGC_gRNAcaptured.txt""]"
11	gasperini2019_k562_enhancer_crispr	/Volumes/MOVESPEED/pgaa_cross_platform/v3/sources/gasperini2019_k562_enhancer_crispr/GasperiniShendure2019_highMOI.h5ad	sample_name	category	1	0	True	False	False	"[""K1000""]"
11	gasperini2019_k562_enhancer_crispr	/Volumes/MOVESPEED/pgaa_cross_platform/v3/sources/gasperini2019_k562_enhancer_crispr/GasperiniShendure2019_highMOI.h5ad	tissue_type	category	1	0	False	False	False	"[""cell_line""]"
11	gasperini2019_k562_enhancer_crispr	/Volumes/MOVESPEED/pgaa_cross_platform/v3/sources/gasperini2019_k562_enhancer_crispr/GasperiniShendure2019_highMOI.h5ad	cell_line	category	1	0	False	False	False	"[""K562""]"
11	gasperini2019_k562_enhancer_crispr	/Volumes/MOVESPEED/pgaa_cross_platform/v3/sources/gasperini2019_k562_enhancer_crispr/GasperiniShendure2019_highMOI.h5ad	cancer	bool	1	0	False	False	False	"[""True""]"
11	gasperini2019_k562_enhancer_crispr	/Volumes/MOVESPEED/pgaa_cross_platform/v3/sources/gasperini2019_k562_enhancer_crispr/GasperiniShendure2019_highMOI.h5ad	disease	category	1	0	False	False	False	"[""chronic myelogenous leukemia""]"
11	gasperini2019_k562_enhancer_crispr	/Volumes/MOVESPEED/pgaa_cross_platform/v3/sources/gasperini2019_k562_enhancer_crispr/GasperiniShendure2019_highMOI.h5ad	perturbation_type	category	1	0	False	True	False	"[""CRISPR""]"
11	gasperini2019_k562_enhancer_crispr	/Volumes/MOVESPEED/pgaa_cross_platform/v3/sources/gasperini2019_k562_enhancer_crispr/GasperiniShendure2019_highMOI.h5ad	celltype	category	1	0	False	False	False	"[""lymphoblasts""]"
11	gasperini2019_k562_enhancer_crispr	/Volumes/MOVESPEED/pgaa_cross_platform/v3/sources/gasperini2019_k562_enhancer_crispr/GasperiniShendure2019_highMOI.h5ad	organism	category	1	0	False	False	False	"[""human""]"
11	gasperini2019_k562_enhancer_crispr	/Volumes/MOVESPEED/pgaa_cross_platform/v3/sources/gasperini2019_k562_enhancer_crispr/GasperiniShendure2019_highMOI.h5ad	perturbation	category	39088	0	False	True	True	"[""ACTB_ACTG1_APEX1_CAPZA2_chr10:112617343-112617366_chr10:72426863-72426886_chr11:64102407-64102430_chr11:65246109-65246132_chr1:211788089-211788112_chr1:234881453-234881476_chr14:50349629-50349652_chr16:69564451-69564474_chr1:68005040-68005063_chr17:55928660-55928683_chr17:79366671-79366694_chr20:1195978-1196001_chr20:23123751-23123774_chr20:39631724-39631747_chr2:10437938-10437961_chr22:23875249-23875272_chr22:39678886-39678909_chr2:24680627-24680650_chr3:178986279-178986302_chr3:179006628-179006651_chr3:52223036-52223059_chr4:154354191-154354214_chr4:6732229-6732252_chr5:154033185-154033208_chr5:61572798-61572821_chr6:119949544-119949567_chr6:3160382-3160405_chr6:37051109-37051132_chr7:5613818-5613841_chr7:73300284-73300307_chr8:128772806-128772829_chrX:24249225-24249248_GYPC_HNRNPA1_LYPLA1_MTHFD2L_NDUFC1_NXT1_RPS3_SLC16A1_TOP2A"", ""ACTB_ACTG1_ARL5A_BANF1_chr10:22517874-22517897_chr10:76951777-76951800_chr1:156474664-156474687_chr1:160695873-160695896_chr11:61809436-61809459_chr11:75245269-75245292_chr17:55928660-55928683_chr18:11947158-11947181_chr19:8098053-8098076_chr3:14688152-14688175_chr3:47575419-47575442_chr4:6895321-6895344_chr4:74570221-74570244_chr6:157756848-157756871_chr6:168212159-168212182_chr6:3209309-3209332_chr6:37019055-37019078_chr6:37051109-37051132_chr6:43894257-43894280_chr7:73693898-73693921_chrX:12973885-12973908_chrX:130086151-130086174_chrX:47535302-47535325_CUTA_HMGB3_INSIG1_NUS1_PIM1_PRKAR2A_random_10_random_22_RWDD1_SLC25A4"", ""ACTB_ACTG1_ARL5A_BANF1_chr10:22517874-22517897_chr10:76951777-76951800_chr1:156474664-156474687_chr1:160695873-160695896_chr11:61809436-61809459_chr1:224267817-224267840_chr17:55928660-55928683_chr18:11947158-11947181_chr1:85685680-85685703_chr19:8098053-8098076_chr3:14688152-14688175_chr3:47575419-47575442_chr4:57255747-57255770_chr4:6895321-6895344_chr4:74570221-74570244_chr6:157756848-157756871_chr6:168212159-168212182_chr6:3209309-3209332_chr6:37051109-37051132_chr6:43894257-43894280_chr7:73693898-73693921_chrX:130086151-130086174_chrX:47535302-47535325_CUTA_HMGB3_INSIG1_PIM1_random_10_random_22_RWDD1_SLC25A4"", ""ACTB_ACTG1_ARL5A_BANF1_chr11:61809436-61809459_chr17:55928660-55928683_chr18:11947158-11947181_chr1:85685680-85685703_chr3:14688152-14688175_chr3:47575419-47575442_chr4:57255747-57255770_chr6:168212159-168212182_chr6:3209309-3209332_chr7:73693898-73693921_chrX:47535302-47535325_INSIG1_PIM1_PRKAR2A_random_10_random_22_RWDD1_SLC25A4"", ""ACTB_ACTG1_ARV1_CALM3_chr10:120850440-120850463_chr10:43876203-43876226_chr10:5521403-5521426_chr1:145427441-145427464_chr11:65674128-65674151_chr11:68713211-68713234_chr1:202133536-202133559_chr1:211803438-211803461_chr12:53267628-53267651_chr14:101236740-101236763_chr1:43988240-43988263_chr14:75696446-75696469_chr14:95989464-95989487_chr17:38689446-38689469_chr17:39000948-39000971_chr18:57585606-57585629_chr20:23136632-23136655_chr20:30198326-30198349_chr2:70335741-70335764_chr4:74698242-74698265_chr5:72784493-72784516_chr6:139969435-139969458_chr6:43670211-43670234_chr6:89782653-89782676_chr8:102165939-102165962_chr8:37943821-37943844_chrX:122937266-122937289_HHEX_LARP1_MAD2L1BP_MRPS35_NDFIP1_NDUFB5_random_6_RMI2_TMEM98"", ""ACTB_ACTG1_ARV1_CALM3_chr10:120850440-120850463_chr10:43876203-43876226_chr10:5521403-5521426_chr1:145427441-145427464_chr1:161359440-161359463_chr11:65674128-65674151_chr11:68713211-68713234_chr1:202133536-202133559_chr1:211803438-211803461_chr12:51295280-51295303_chr12:53267628-53267651_chr14:101236740-101236763_chr1:43988240-43988263_chr14:75696446-75696469_chr14:95989464-95989487_chr17:38689446-38689469_chr17:39000948-39000971_chr18:57585606-57585629_chr20:23136632-23136655_chr20:30198326-30198349_chr2:228315698-228315721_chr2:70335741-70335764_chr5:72784493-72784516_chr6:139969435-139969458_chr6:43670211-43670234_chr8:101776113-101776136_chr8:102165939-102165962_chrX:122937266-122937289_chrX:153118933-153118956_HHEX_LARP1_MAD2L1BP_MRPS35_NDFIP1_NDUFB5_random_6_RMI2_TMEM98_TYMS"", ""ACTB_ACTG1_ATP6V1F_BROX_C1D_CCDC86_chr1:113436415-113436438_chr11:33920552-33920575_chr11:33954432-33954455_chr1:160695873-160695896_chr11:74807780-74807803_chr12:110533562-110533585_chr1:211787340-211787363_chr1:234689220-234689243_chr1:32421569-32421592_chr1:40358231-40358254_chr15:58242503-58242526_chr16:10715795-10715818_chr19:34656285-34656308_chr19:3953178-3953201_chr20:22902292-22902315_chr20:4654111-4654134_chr20:49003792-49003815_chr20:5717877-5717900_chr20:809576-809599_chr2:43194545-43194568_chr2:55347771-55347794_chr2:70362999-70363022_chr5:61557406-61557429_chr6:2752237-2752260_chr7:45034763-45034786_chr8:131540035-131540058_chrX:24249225-24249248_COX6A1_DCTPP1_GLUL_GTF3A_NDUFB4_PRKCB_PSMG4_RPL18A_RPL31_SCCPDH_TRIAP1_ZC3H8"", ""ACTB_ACTG1_BRIX1_C1orf52_chr10:43876203-43876226_chr10:94581750-94581773_chr1:110334649-110334672_chr11:59312471-59312494_chr11:61809436-61809459_chr1:182308166-182308189_chr11:9385529-9385552_chr1:225632512-225632535_chr12:57384938-57384961_chr1:26259847-26259870_chr13:29185764-29185787_chr15:43522634-43522657_chr16:23738984-23739007_chr18:12403839-12403862_chr18:21067878-21067901_chr20:56026444-56026467_chr22:41107535-41107558_chr5:139015238-139015261_chr5:33475291-33475314_chr5:64372117-64372140_chr6:10640677-10640700_chr6:139766548-139766571_chr6:34530299-34530322_chr7:5613818-5613841_chrX:13108385-13108408_DYNC1I2_EIF3A_GADD45A_ID3_MRPL33_MRPS35_MYC_MYL12A"", ""ACTB_ACTG1_BTF3_CALM3_chr10:12097811-12097834_chr10:70821228-70821251_chr10:74016874-74016897_chr10:92863157-92863180_chr11:61809436-61809459_chr11:75269992-75270015_chr12:110791814-110791837_chr1:234634692-234634715_chr1:26408274-26408297_chr1:26963012-26963035_chr12:94494004-94494027_chr1:32420277-32420300_chr14:34934394-34934417_chr17:27192091-27192114_chr17:73854783-73854806_chr20:4654111-4654134_chr21:16049915-16049938_chr21:38935691-38935714_chr3:128251410-128251433_chr4:74570221-74570244_chr5:154061899-154061922_chr5:68342203-68342226_chr6:140295229-140295252_chr7:138802902-138802925_chr7:97079807-97079830_chr7:99404651-99404674_chrX:47521550-47521573_FKBP2_H3F3B_HBD_MRFAP1_MRPS10_NDUFB5_pos_control_KlannHS2g_HS2_B_PPP1R11_PRAME_QKI_random_9_RHOA_RMI2_SPCS2_TPMT"", ""ACTB_ACTG1_CHCHD10_chr11:102212503-102212526_chr1:211803438-211803461_chr1:23880947-23880970_chr18:44710968-44710991_chr20:5640231-5640254_chr21:44350159-44350182_chr3:186606270-186606293_chr4:6732229-6732252_chr5:64417780-64417803_chr6:111141083-111141106_chrX:47542610-47542633_FAM96B_HMGB3_ITGB1BP1_MTHFD2L_PDIA4_PLEKHJ1_POLR3GL_PRKAR2B_PSMG1"", ""ACTB_ACTG1_chr10:72338078-72338101_chr1:201430861-201430884_chr12:110791814-110791837_chr1:212101570-212101593_chr1:28678102-28678125_chr1:54953639-54953662_chr18:55500879-55500902_chr18:9404384-9404407_chr19:3950069-3950092_chr20:49050192-49050215_chr21:45187704-45187727_chr6:140295229-140295252_chr7:12762340-12762363_chr7:73300284-73300307_MAPK1IP1L_NDUFA2_RMI2_RNF7"", ""ACTB_ACTG1_chr10:74057016-74057039_chr1:201571878-201571901_chr12:131918825-131918848_chr1:228688592-228688615_chr1:234719517-234719540_chr1:234881453-234881476_chr1:234908064-234908087_chr1:23866170-23866193_chr15:64134273-64134296_chr17:74655857-74655880_chr4:77864368-77864391_chr5:139016559-139016582_CUTA_EIF4EBP1_FKBP2_GNB2_PSMA7_RTN3_SERPINB1_SMARCC1"", ""ACTB_ACYP1_ADIPOR1_APLP2_chr10:74057016-74057039_chr1:182308166-182308189_chr12:110791814-110791837_chr1:234719517-234719540_chr12:53267628-53267651_chr1:29211074-29211097_chr1:33177720-33177743_chr16:11332316-11332339_chr17:38689446-38689469_chr17:42358962-42358985_chr18:55500879-55500902_chr18:55708851-55708874_chr20:49341345-49341368_chr21:38935691-38935714_chr2:43154568-43154591_chr3:107818766-107818789_chr3:156297154-156297177_chr3:196569520-196569543_chr4:74573656-74573679_chr6:157756848-157756871_chr7:44995243-44995266_chr7:97079807-97079830_chr7:98048096-98048119_chr8:102120675-102120698_chrX:135978784-135978807_NDUFC1_TYMS"", ""ACTB_ACYP1_ADIPOR1_APLP2_chr10:74057016-74057039_chr1:182308166-182308189_chr12:110791814-110791837_chr1:234719517-234719540_chr12:53267628-53267651_chr1:29211074-29211097_chr1:33177720-33177743_chr16:11332316-11332339_chr17:38689446-38689469_chr17:42358962-42358985_chr18:55500879-55500902_chr18:55708851-55708874_chr20:49341345-49341368_chr21:38935691-38935714_chr2:43154568-43154591_chr3:107818766-107818789_chr3:156297154-156297177_chr3:196569520-196569543_chr4:74573656-74573679_chr7:44995243-44995266_chr7:98048096-98048119_chr8:102120675-102120698_chrX:135978784-135978807_NDUFC1_TYMS"", ""ACTB_ACYP1_APLP2_chr10:43782638-43782661_chr10:74080224-74080247_chr11:57200193-57200216_chr11:75944834-75944857_chr1:201547312-201547335_chr12:102249040-102249063_chr1:224392421-224392444_chr1:227523201-227523224_chr1:23888744-23888767_chr1:29211074-29211097_chr14:101165394-101165417_chr16:23741079-23741102_chr17:38689446-38689469_chr17:45307036-45307059_chr17:79366671-79366694_chr21:33919363-33919386_chr2:24680627-24680650_chr2:70369115-70369138_chr2:8675906-8675929_chr3:186606270-186606293_chr3:45311380-45311403_chr4:38860562-38860585_chr6:144536589-144536612_chr6:37178148-37178171_chr7:138802424-138802447_chrX:24249225-24249248_CRIPT_CUTA_FAM96A_HMGB3_LAMTOR1_LMO2_MRFAP1_PCNA_POMP_PSMA7_QKI_SERPINB1_SH3BGRL3_TTC3_UBXN4"", ""ACTB_ACYP1_ARF6_CEBPB_chr10:112617343-112617366_chr10:5520015-5520038_chr10:74080224-74080247_chr1:114922540-114922563_chr1:222638091-222638114_chr16:84985765-84985788_chr17:31237872-31237895_chr17:46566019-46566042_chr17:74655857-74655880_chr2:43140342-43140365_chr2:43194545-43194568_chr4:154354191-154354214_chr4:56536887-56536910_chr5:133273859-133273882_chr5:6408048-6408071_chr6:106188978-106189001_chr7:154997961-154997984_chr7:73207822-73207845_chr7:75920713-75920736_chr8:125748163-125748186_chrX:106928126-106928149_COA3_CWC15_MFF_PCNA_SLC25A39_TOP1""]"
11	gasperini2019_k562_enhancer_crispr	/Volumes/MOVESPEED/pgaa_cross_platform/v3/sources/gasperini2019_k562_enhancer_crispr/GasperiniShendure2019_highMOI.h5ad	nperts	int64	66	0	False	False	False	"[""0"", ""1"", ""10"", ""11"", ""12"", ""13"", ""14"", ""15"", ""16"", ""17"", ""18"", ""19"", ""2"", ""20"", ""21"", ""22""]"
11	gasperini2019_k562_enhancer_crispr	/Volumes/MOVESPEED/pgaa_cross_platform/v3/sources/gasperini2019_k562_enhancer_crispr/GasperiniShendure2019_highMOI.h5ad	ngenes	int64	4354	0	False	True	False	"[""1015"", ""1019"", ""1053"", ""1057"", ""1065"", ""1067"", ""1087"", ""1099"", ""1107"", ""1108"", ""1110"", ""1122"", ""1124"", ""1125"", ""1147"", ""1148""]"
11	gasperini2019_k562_enhancer_crispr	/Volumes/MOVESPEED/pgaa_cross_platform/v3/sources/gasperini2019_k562_enhancer_crispr/GasperiniShendure2019_highMOI.h5ad	ncounts	float64	23154	0	False	False	False	"[""10001.0"", ""10002.0"", ""10006.0"", ""10009.0"", ""10011.0"", ""10012.0"", ""10013.0"", ""10016.0"", ""10020.0"", ""10022.0"", ""10023.0"", ""10024.0"", ""10025.0"", ""10026.0"", ""10028.0"", ""10029.0""]"
11	gasperini2019_k562_enhancer_crispr	/Volumes/MOVESPEED/pgaa_cross_platform/v3/sources/gasperini2019_k562_enhancer_crispr/GasperiniShendure2019_highMOI.h5ad	percent_mito	float64	1	0	False	False	False	"[""0.0""]"
11	gasperini2019_k562_enhancer_crispr	/Volumes/MOVESPEED/pgaa_cross_platform/v3/sources/gasperini2019_k562_enhancer_crispr/GasperiniShendure2019_highMOI.h5ad	percent_ribo	float64	47471	0	False	False	False	"[""10.00463177396943"", ""10.059171597633137"", ""10.10329701429178"", ""10.122486711347353"", ""10.26233676181671"", ""10.287261242292074"", ""10.3988603988604"", ""10.400506569574166"", ""10.49421661409043"", ""10.629271741692198"", ""10.65487471046536"", ""10.666666666666668"", ""10.703560703560704"", ""10.834652793485636"", ""10.884470346246143"", ""10.888629055831627""]"
12	schraivogel2020_k562_tapseq	/Volumes/MOVESPEED/pgaa_cross_platform/v3/sources/schraivogel2020_k562_tapseq/SchraivogelSteinmetz2020_TAP_SCREEN__chromosome_11_screen.h5ad	replicate	category	13	0	True	False	False	"[""sample_1"", ""sample_10"", ""sample_11"", ""sample_13"", ""sample_14"", ""sample_2"", ""sample_3"", ""sample_4"", ""sample_5"", ""sample_6"", ""sample_7"", ""sample_8"", ""sample_9""]"
12	schraivogel2020_k562_tapseq	/Volumes/MOVESPEED/pgaa_cross_platform/v3/sources/schraivogel2020_k562_tapseq/SchraivogelSteinmetz2020_TAP_SCREEN__chromosome_11_screen.h5ad	tissue_type	category	1	0	False	False	False	"[""cell_line""]"
12	schraivogel2020_k562_tapseq	/Volumes/MOVESPEED/pgaa_cross_platform/v3/sources/schraivogel2020_k562_tapseq/SchraivogelSteinmetz2020_TAP_SCREEN__chromosome_11_screen.h5ad	cell_line	category	1	0	False	False	False	"[""K562""]"
12	schraivogel2020_k562_tapseq	/Volumes/MOVESPEED/pgaa_cross_platform/v3/sources/schraivogel2020_k562_tapseq/SchraivogelSteinmetz2020_TAP_SCREEN__chromosome_11_screen.h5ad	cancer	bool	1	0	False	False	False	"[""True""]"
12	schraivogel2020_k562_tapseq	/Volumes/MOVESPEED/pgaa_cross_platform/v3/sources/schraivogel2020_k562_tapseq/SchraivogelSteinmetz2020_TAP_SCREEN__chromosome_11_screen.h5ad	disease	category	1	0	False	False	False	"[""chronic myelogenous leukemia""]"
12	schraivogel2020_k562_tapseq	/Volumes/MOVESPEED/pgaa_cross_platform/v3/sources/schraivogel2020_k562_tapseq/SchraivogelSteinmetz2020_TAP_SCREEN__chromosome_11_screen.h5ad	celltype	category	1	0	False	False	False	"[""lymphoblasts""]"
12	schraivogel2020_k562_tapseq	/Volumes/MOVESPEED/pgaa_cross_platform/v3/sources/schraivogel2020_k562_tapseq/SchraivogelSteinmetz2020_TAP_SCREEN__chromosome_11_screen.h5ad	organism	category	1	0	False	False	False	"[""human""]"
12	schraivogel2020_k562_tapseq	/Volumes/MOVESPEED/pgaa_cross_platform/v3/sources/schraivogel2020_k562_tapseq/SchraivogelSteinmetz2020_TAP_SCREEN__chromosome_11_screen.h5ad	perturbation	category	3105	0	False	True	False	"[""CTSD_+_1784725.23-P1P2"", ""CTSD_+_1784813.23-P1P2"", ""CTSD_-_1784792.23-P1P2"", ""GATA1-A"", ""GATA1-B"", ""GATA1-C"", ""GATA1-D"", ""HS2-A"", ""HS2-B"", ""HS2-C"", ""HS2-D"", ""IFITM2_+_308172.23-P1P2"", ""IFITM2_+_308197.23-P1P2"", ""IFITM2_+_308240.23-P1P2"", ""IFITM2_-_308368.23-P1P2"", ""MYC-A""]"
12	schraivogel2020_k562_tapseq	/Volumes/MOVESPEED/pgaa_cross_platform/v3/sources/schraivogel2020_k562_tapseq/SchraivogelSteinmetz2020_TAP_SCREEN__chromosome_11_screen.h5ad	perturbation_type	category	1	0	False	True	False	"[""CRISPR""]"
12	schraivogel2020_k562_tapseq	/Volumes/MOVESPEED/pgaa_cross_platform/v3/sources/schraivogel2020_k562_tapseq/SchraivogelSteinmetz2020_TAP_SCREEN__chromosome_11_screen.h5ad	ncounts	float32	5262	0	False	False	False	"[""1000.0"", ""1001.0"", ""1002.0"", ""1003.0"", ""1004.0"", ""1005.0"", ""1006.0"", ""1007.0"", ""1008.0"", ""1009.0"", ""1010.0"", ""1011.0"", ""1012.0"", ""1013.0"", ""1014.0"", ""1015.0""]"
12	schraivogel2020_k562_tapseq	/Volumes/MOVESPEED/pgaa_cross_platform/v3/sources/schraivogel2020_k562_tapseq/SchraivogelSteinmetz2020_TAP_SCREEN__chromosome_11_screen.h5ad	ngenes	int64	150	0	False	True	False	"[""100"", ""101"", ""102"", ""103"", ""104"", ""105"", ""106"", ""107"", ""108"", ""109"", ""110"", ""111"", ""112"", ""113"", ""114"", ""115""]"
12	schraivogel2020_k562_tapseq	/Volumes/MOVESPEED/pgaa_cross_platform/v3/sources/schraivogel2020_k562_tapseq/SchraivogelSteinmetz2020_TAP_SCREEN__chromosome_11_screen.h5ad	percent_mito	float64	1	0	False	False	False	"[""0.0""]"
12	schraivogel2020_k562_tapseq	/Volumes/MOVESPEED/pgaa_cross_platform/v3/sources/schraivogel2020_k562_tapseq/SchraivogelSteinmetz2020_TAP_SCREEN__chromosome_11_screen.h5ad	percent_ribo	float32	95241	0	False	False	False	"[""10.003004"", ""10.012892"", ""10.049696"", ""10.066128"", ""10.074938"", ""10.091197"", ""10.0990095"", ""10.101745"", ""10.112693"", ""10.133104"", ""10.1437025"", ""10.160615"", ""10.162185"", ""10.1895"", ""10.205155"", ""10.219846""]"
12	schraivogel2020_k562_tapseq	/Volumes/MOVESPEED/pgaa_cross_platform/v3/sources/schraivogel2020_k562_tapseq/SchraivogelSteinmetz2020_TAP_SCREEN__chromosome_11_screen.h5ad	nperts	int64	3	0	False	False	False	"[""1"", ""2"", ""3""]"
13	dixit2016_k562_tf_crispr	/Volumes/MOVESPEED/pgaa_cross_platform/v2/sources/dixit2016_k562_tf_crispr/DixitRegev2016_K562_TFs_13_days.h5ad	perturbation	category	28	0	False	True	True	"[""control"", ""nan"", ""p-sgCREB1-2"", ""p-sgCREB1-4"", ""p-sgCREB1-5"", ""p-sgE2F4-6"", ""p-sgE2F4-7"", ""p-sgEGR1-2"", ""p-sgEGR1-3"", ""p-sgEGR1-4"", ""p-sgELF1-1"", ""p-sgELF1-2"", ""p-sgELF1-4"", ""p-sgELF1-5"", ""p-sgELK1-1"", ""p-sgELK1-6""]"
13	dixit2016_k562_tf_crispr	/Volumes/MOVESPEED/pgaa_cross_platform/v2/sources/dixit2016_k562_tf_crispr/DixitRegev2016_K562_TFs_13_days.h5ad	target	category	14	3419	False	True	False	"[""CREB1"", ""E2F4"", ""EGR1"", ""ELF1"", ""ELK1"", ""ETS1"", ""GABPA"", ""INTERGENIC1144056"", ""INTERGENIC1216445"", ""INTERGENIC216151"", ""INTERGENIC393453"", ""IRF1"", ""NR2C2"", ""YY1""]"
13	dixit2016_k562_tf_crispr	/Volumes/MOVESPEED/pgaa_cross_platform/v2/sources/dixit2016_k562_tf_crispr/DixitRegev2016_K562_TFs_13_days.h5ad	moi	category	1	0	False	False	False	"[""normal""]"
13	dixit2016_k562_tf_crispr	/Volumes/MOVESPEED/pgaa_cross_platform/v2/sources/dixit2016_k562_tf_crispr/DixitRegev2016_K562_TFs_13_days.h5ad	time	int64	1	0	True	False	False	"[""312""]"
13	dixit2016_k562_tf_crispr	/Volumes/MOVESPEED/pgaa_cross_platform/v2/sources/dixit2016_k562_tf_crispr/DixitRegev2016_K562_TFs_13_days.h5ad	cell_line	category	1	0	False	False	False	"[""K562""]"
13	dixit2016_k562_tf_crispr	/Volumes/MOVESPEED/pgaa_cross_platform/v2/sources/dixit2016_k562_tf_crispr/DixitRegev2016_K562_TFs_13_days.h5ad	celltype	category	1	0	False	False	False	"[""lymphoblasts""]"
13	dixit2016_k562_tf_crispr	/Volumes/MOVESPEED/pgaa_cross_platform/v2/sources/dixit2016_k562_tf_crispr/DixitRegev2016_K562_TFs_13_days.h5ad	perturbation_type	category	1	0	False	True	False	"[""CRISPR""]"
13	dixit2016_k562_tf_crispr	/Volumes/MOVESPEED/pgaa_cross_platform/v2/sources/dixit2016_k562_tf_crispr/DixitRegev2016_K562_TFs_13_days.h5ad	cancer	bool	1	0	False	False	False	"[""True""]"
13	dixit2016_k562_tf_crispr	/Volumes/MOVESPEED/pgaa_cross_platform/v2/sources/dixit2016_k562_tf_crispr/DixitRegev2016_K562_TFs_13_days.h5ad	disease	category	1	0	False	False	False	"[""myelogenous leukemia""]"
13	dixit2016_k562_tf_crispr	/Volumes/MOVESPEED/pgaa_cross_platform/v2/sources/dixit2016_k562_tf_crispr/DixitRegev2016_K562_TFs_13_days.h5ad	tissue_type	category	1	0	False	False	False	"[""cell_line""]"
13	dixit2016_k562_tf_crispr	/Volumes/MOVESPEED/pgaa_cross_platform/v2/sources/dixit2016_k562_tf_crispr/DixitRegev2016_K562_TFs_13_days.h5ad	organism	category	1	0	False	False	False	"[""human""]"
13	dixit2016_k562_tf_crispr	/Volumes/MOVESPEED/pgaa_cross_platform/v2/sources/dixit2016_k562_tf_crispr/DixitRegev2016_K562_TFs_13_days.h5ad	guide_id	category	30	3419	False	True	False	"[""p_INTERGENIC1144056"", ""p_INTERGENIC1216445"", ""p_INTERGENIC216151"", ""p_INTERGENIC393453"", ""p_sgCREB1_2"", ""p_sgCREB1_4"", ""p_sgCREB1_5"", ""p_sgE2F4_6"", ""p_sgE2F4_7"", ""p_sgEGR1_2"", ""p_sgEGR1_3"", ""p_sgEGR1_4"", ""p_sgELF1_1"", ""p_sgELF1_2"", ""p_sgELF1_4"", ""p_sgELF1_5""]"
13	dixit2016_k562_tf_crispr	/Volumes/MOVESPEED/pgaa_cross_platform/v2/sources/dixit2016_k562_tf_crispr/DixitRegev2016_K562_TFs_13_days.h5ad	ncounts	float64	11922	0	False	False	False	"[""10000.0"", ""10001.0"", ""10002.0"", ""10003.0"", ""10004.0"", ""10005.0"", ""10006.0"", ""10007.0"", ""10008.0"", ""10009.0"", ""10010.0"", ""10011.0"", ""10012.0"", ""10013.0"", ""10014.0"", ""10015.0""]"
13	dixit2016_k562_tf_crispr	/Volumes/MOVESPEED/pgaa_cross_platform/v2/sources/dixit2016_k562_tf_crispr/DixitRegev2016_K562_TFs_13_days.h5ad	ngenes	int64	3515	0	False	True	False	"[""1000"", ""1003"", ""1006"", ""1011"", ""1016"", ""1017"", ""1019"", ""1023"", ""1024"", ""1027"", ""1029"", ""1030"", ""1032"", ""1034"", ""1035"", ""1036""]"
13	dixit2016_k562_tf_crispr	/Volumes/MOVESPEED/pgaa_cross_platform/v2/sources/dixit2016_k562_tf_crispr/DixitRegev2016_K562_TFs_13_days.h5ad	percent_mito	float64	19159	0	False	False	False	"[""0.033178500331785"", ""0.03629764065335753"", ""0.03856536829926726"", ""0.05221932114882506"", ""0.0591715976331361"", ""0.06983240223463687"", ""0.07339449541284404"", ""0.07366482504604051"", ""0.07864726700747149"", ""0.09088155104513784"", ""0.09308098045299411"", ""0.097442143727162"", ""0.10025062656641603"", ""0.10273972602739725"", ""0.10277492291880781"", ""0.10423905489923557""]"
13	dixit2016_k562_tf_crispr	/Volumes/MOVESPEED/pgaa_cross_platform/v2/sources/dixit2016_k562_tf_crispr/DixitRegev2016_K562_TFs_13_days.h5ad	percent_ribo	float64	19225	0	False	False	False	"[""10.140997830802604"", ""10.194174757281553"", ""10.195227765726681"", ""10.301051867972435"", ""10.340009315323707"", ""10.4828797190518"", ""10.492505353319057"", ""10.504662643993418"", ""10.505894642590658"", ""10.514640638864241"", ""10.664953421137167"", ""10.690121786197563"", ""10.692010692010692"", ""10.719624172538971"", ""10.783316378433367"", ""10.859262311971976""]"
13	dixit2016_k562_tf_crispr	/Volumes/MOVESPEED/pgaa_cross_platform/v2/sources/dixit2016_k562_tf_crispr/DixitRegev2016_K562_TFs_13_days.h5ad	nperts	int64	1	0	False	False	False	"[""1""]"
14	chang2021_pc9_drug	/Volumes/MOVESPEED/pgaa_cross_platform/v2/sources/chang2021_pc9_drug/ChangYe2021.h5ad	sample	category	4	0	True	False	False	"[""SAM4e026f0a8a"", ""SAM6fab2193f0"", ""SAMb6ba60b525"", ""SAMba72f77788""]"
14	chang2021_pc9_drug	/Volumes/MOVESPEED/pgaa_cross_platform/v2/sources/chang2021_pc9_drug/ChangYe2021.h5ad	disease	category	1	0	False	False	False	"[""lung adenocarcinoma""]"
14	chang2021_pc9_drug	/Volumes/MOVESPEED/pgaa_cross_platform/v2/sources/chang2021_pc9_drug/ChangYe2021.h5ad	cancer	bool	1	0	False	False	False	"[""True""]"
14	chang2021_pc9_drug	/Volumes/MOVESPEED/pgaa_cross_platform/v2/sources/chang2021_pc9_drug/ChangYe2021.h5ad	sex	category	1	0	False	False	False	"[""m""]"
14	chang2021_pc9_drug	/Volumes/MOVESPEED/pgaa_cross_platform/v2/sources/chang2021_pc9_drug/ChangYe2021.h5ad	perturbation	category	4	0	False	True	True	"[""GNE-069"", ""GNE-104"", ""control"", ""erlotinib""]"
14	chang2021_pc9_drug	/Volumes/MOVESPEED/pgaa_cross_platform/v2/sources/chang2021_pc9_drug/ChangYe2021.h5ad	dose_value	category	2	0	False	True	False	"[""0"", ""1""]"
14	chang2021_pc9_drug	/Volumes/MOVESPEED/pgaa_cross_platform/v2/sources/chang2021_pc9_drug/ChangYe2021.h5ad	dose_unit	category	1	0	False	True	False	"[""micromolar""]"
14	chang2021_pc9_drug	/Volumes/MOVESPEED/pgaa_cross_platform/v2/sources/chang2021_pc9_drug/ChangYe2021.h5ad	perturbation_type	category	1	0	False	True	False	"[""drug""]"
14	chang2021_pc9_drug	/Volumes/MOVESPEED/pgaa_cross_platform/v2/sources/chang2021_pc9_drug/ChangYe2021.h5ad	organism	category	1	0	False	False	False	"[""human""]"
14	chang2021_pc9_drug	/Volumes/MOVESPEED/pgaa_cross_platform/v2/sources/chang2021_pc9_drug/ChangYe2021.h5ad	nperts	category	2	0	False	False	False	"[""0"", ""1""]"
14	chang2021_pc9_drug	/Volumes/MOVESPEED/pgaa_cross_platform/v2/sources/chang2021_pc9_drug/ChangYe2021.h5ad	ncounts	float32	23592	0	False	False	False	"[""10001.0"", ""10002.0"", ""10005.0"", ""10007.0"", ""10008.0"", ""10010.0"", ""10011.0"", ""10012.0"", ""10013.0"", ""10014.0"", ""10015.0"", ""10019.0"", ""10020.0"", ""10021.0"", ""10022.0"", ""10023.0""]"
14	chang2021_pc9_drug	/Volumes/MOVESPEED/pgaa_cross_platform/v2/sources/chang2021_pc9_drug/ChangYe2021.h5ad	ngenes	int32	6489	0	False	True	False	"[""10004"", ""10007"", ""10020"", ""1003"", ""10032"", ""10035"", ""10036"", ""10039"", ""10086"", ""10094"", ""10100"", ""1014"", ""10141"", ""10149"", ""10155"", ""1016""]"
14	chang2021_pc9_drug	/Volumes/MOVESPEED/pgaa_cross_platform/v2/sources/chang2021_pc9_drug/ChangYe2021.h5ad	percent_mito	float32	42138	0	False	False	False	"[""0.004966723"", ""0.008460237"", ""0.008840951"", ""0.021949079"", ""0.023596035"", ""0.024433946"", ""0.027495189"", ""0.027770063"", ""0.028178273"", ""0.03386769"", ""0.037402753"", ""0.038343556"", ""0.040770564"", ""0.042191125"", ""0.04346314"", ""0.04592071""]"
14	chang2021_pc9_drug	/Volumes/MOVESPEED/pgaa_cross_platform/v2/sources/chang2021_pc9_drug/ChangYe2021.h5ad	percent_ribo	float32	41979	0	False	False	False	"[""0.15982951"", ""0.16443762"", ""0.18360655"", ""0.2222634"", ""0.24551927"", ""0.28339317"", ""0.29502878"", ""0.3041825"", ""0.3060857"", ""0.32115"", ""0.34977266"", ""0.35516968"", ""0.35704476"", ""0.3618628"", ""0.37197146"", ""0.38022813""]"
14	chang2021_pc9_drug	/Volumes/MOVESPEED/pgaa_cross_platform/v2/sources/chang2021_pc9_drug/ChangYe2021.h5ad	chembl-ID	category	1	35700	False	False	False	"[""CHEMBL553""]"
