dataset_id	platform	split_strength	analysis_unit	excluded_feature	repeat	method	n_per_group	n_evaluated_features	observed_top_k_overlap_fraction	pseudo_top_k_overlap_fraction	specificity_margin	observed_all_feature_spearman	pseudo_all_feature_spearman	split_seed	sampling_seed
papalexi2021_thp1_crispr	Human THP-1 ECCITE-seq CRISPR screen	recorded_hash_tag_holdout_5_levels	ATF2g1	ATF2g1	0	pgaa_w	70	5000	0.09	0.12	-0.03	0.293622852320914	0.2782509824580392	pgaa-expansion-v3-ready-panel-v1	pgaa-expansion-v3-ready-panel-matched-controls-v1
papalexi2021_thp1_crispr	Human THP-1 ECCITE-seq CRISPR screen	recorded_hash_tag_holdout_5_levels	ATF2g1	ATF2g1	0	pgaa_h	70	5000	0.02	0.07	-0.05	0.0743635706991116	0.0514023343217493	pgaa-expansion-v3-ready-panel-v1	pgaa-expansion-v3-ready-panel-matched-controls-v1
papalexi2021_thp1_crispr	Human THP-1 ECCITE-seq CRISPR screen	recorded_hash_tag_holdout_5_levels	ATF2g1	ATF2g1	0	absolute_mean_shift	70	5000	0.05	0.08	-0.03	0.0709917427344849	0.0476327194961678	pgaa-expansion-v3-ready-panel-v1	pgaa-expansion-v3-ready-panel-matched-controls-v1
papalexi2021_thp1_crispr	Human THP-1 ECCITE-seq CRISPR screen	recorded_hash_tag_holdout_5_levels	ATF2g1	ATF2g1	0	welch_abs_t	70	5000	0.04	0.02	0.02	0.0148308150415885	-0.010887243891751	pgaa-expansion-v3-ready-panel-v1	pgaa-expansion-v3-ready-panel-matched-controls-v1
papalexi2021_thp1_crispr	Human THP-1 ECCITE-seq CRISPR screen	recorded_hash_tag_holdout_5_levels	ATF2g1	ATF2g1	1	pgaa_w	70	5000	0.11	0.08	0.03	0.2813530892381235	0.2886927030037081	pgaa-expansion-v3-ready-panel-v1	pgaa-expansion-v3-ready-panel-matched-controls-v1
papalexi2021_thp1_crispr	Human THP-1 ECCITE-seq CRISPR screen	recorded_hash_tag_holdout_5_levels	ATF2g1	ATF2g1	1	pgaa_h	70	5000	0.01	0.01	0.0	0.0948506855349018	0.0446369128615433	pgaa-expansion-v3-ready-panel-v1	pgaa-expansion-v3-ready-panel-matched-controls-v1
papalexi2021_thp1_crispr	Human THP-1 ECCITE-seq CRISPR screen	recorded_hash_tag_holdout_5_levels	ATF2g1	ATF2g1	1	absolute_mean_shift	70	5000	0.04	0.05	-0.01	0.062507472053799	0.0736896878186617	pgaa-expansion-v3-ready-panel-v1	pgaa-expansion-v3-ready-panel-matched-controls-v1
papalexi2021_thp1_crispr	Human THP-1 ECCITE-seq CRISPR screen	recorded_hash_tag_holdout_5_levels	ATF2g1	ATF2g1	1	welch_abs_t	70	5000	0.0	0.01	-0.01	-0.0041928652557146	0.0032029424002714	pgaa-expansion-v3-ready-panel-v1	pgaa-expansion-v3-ready-panel-matched-controls-v1
papalexi2021_thp1_crispr	Human THP-1 ECCITE-seq CRISPR screen	recorded_hash_tag_holdout_5_levels	ATF2g1	ATF2g1	2	pgaa_w	70	5000	0.11	0.09	0.02	0.2878076476723059	0.2798817373072694	pgaa-expansion-v3-ready-panel-v1	pgaa-expansion-v3-ready-panel-matched-controls-v1
papalexi2021_thp1_crispr	Human THP-1 ECCITE-seq CRISPR screen	recorded_hash_tag_holdout_5_levels	ATF2g1	ATF2g1	2	pgaa_h	70	5000	0.01	0.0	0.01	0.0697153313829219	0.039339623400231	pgaa-expansion-v3-ready-panel-v1	pgaa-expansion-v3-ready-panel-matched-controls-v1
papalexi2021_thp1_crispr	Human THP-1 ECCITE-seq CRISPR screen	recorded_hash_tag_holdout_5_levels	ATF2g1	ATF2g1	2	absolute_mean_shift	70	5000	0.1	0.08	0.02	0.0768447595790117	0.0581960296628247	pgaa-expansion-v3-ready-panel-v1	pgaa-expansion-v3-ready-panel-matched-controls-v1
papalexi2021_thp1_crispr	Human THP-1 ECCITE-seq CRISPR screen	recorded_hash_tag_holdout_5_levels	ATF2g1	ATF2g1	2	welch_abs_t	70	5000	0.02	0.01	0.01	0.0059349373893974	-0.0116650678428826	pgaa-expansion-v3-ready-panel-v1	pgaa-expansion-v3-ready-panel-matched-controls-v1
papalexi2021_thp1_crispr	Human THP-1 ECCITE-seq CRISPR screen	recorded_hash_tag_holdout_5_levels	ATF2g1	ATF2g1	3	pgaa_w	70	5000	0.09	0.06	0.03	0.2988535486581419	0.2917709862308394	pgaa-expansion-v3-ready-panel-v1	pgaa-expansion-v3-ready-panel-matched-controls-v1
papalexi2021_thp1_crispr	Human THP-1 ECCITE-seq CRISPR screen	recorded_hash_tag_holdout_5_levels	ATF2g1	ATF2g1	3	pgaa_h	70	5000	0.05	0.02	0.03	0.0667149015779052	0.0515378010198157	pgaa-expansion-v3-ready-panel-v1	pgaa-expansion-v3-ready-panel-matched-controls-v1
papalexi2021_thp1_crispr	Human THP-1 ECCITE-seq CRISPR screen	recorded_hash_tag_holdout_5_levels	ATF2g1	ATF2g1	3	absolute_mean_shift	70	5000	0.08	0.04	0.04	0.0624017008875562	0.0571169880766795	pgaa-expansion-v3-ready-panel-v1	pgaa-expansion-v3-ready-panel-matched-controls-v1
papalexi2021_thp1_crispr	Human THP-1 ECCITE-seq CRISPR screen	recorded_hash_tag_holdout_5_levels	ATF2g1	ATF2g1	3	welch_abs_t	70	5000	0.04	0.04	0.0	-0.0185827341837553	-0.0032943016679301	pgaa-expansion-v3-ready-panel-v1	pgaa-expansion-v3-ready-panel-matched-controls-v1
papalexi2021_thp1_crispr	Human THP-1 ECCITE-seq CRISPR screen	recorded_hash_tag_holdout_5_levels	ATF2g1	ATF2g1	4	pgaa_w	70	5000	0.16	0.07	0.09	0.2942023463600938	0.2676934440517377	pgaa-expansion-v3-ready-panel-v1	pgaa-expansion-v3-ready-panel-matched-controls-v1
papalexi2021_thp1_crispr	Human THP-1 ECCITE-seq CRISPR screen	recorded_hash_tag_holdout_5_levels	ATF2g1	ATF2g1	4	pgaa_h	70	5000	0.05	0.02	0.03	0.0612960128071481	0.0729316852527879	pgaa-expansion-v3-ready-panel-v1	pgaa-expansion-v3-ready-panel-matched-controls-v1
papalexi2021_thp1_crispr	Human THP-1 ECCITE-seq CRISPR screen	recorded_hash_tag_holdout_5_levels	ATF2g1	ATF2g1	4	absolute_mean_shift	70	5000	0.09	0.04	0.0499999999999999	0.0712141692714033	0.0460323612239231	pgaa-expansion-v3-ready-panel-v1	pgaa-expansion-v3-ready-panel-matched-controls-v1
papalexi2021_thp1_crispr	Human THP-1 ECCITE-seq CRISPR screen	recorded_hash_tag_holdout_5_levels	ATF2g1	ATF2g1	4	welch_abs_t	70	5000	0.03	0.02	0.0099999999999999	0.0178748859794244	-0.0040083750404312	pgaa-expansion-v3-ready-panel-v1	pgaa-expansion-v3-ready-panel-matched-controls-v1
papalexi2021_thp1_crispr	Human THP-1 ECCITE-seq CRISPR screen	recorded_hash_tag_holdout_5_levels	CAV1g3	CAV1g3	0	pgaa_w	70	5000	0.15	0.15	0.0	0.2794330657373226	0.29143175226527	pgaa-expansion-v3-ready-panel-v1	pgaa-expansion-v3-ready-panel-matched-controls-v1
papalexi2021_thp1_crispr	Human THP-1 ECCITE-seq CRISPR screen	recorded_hash_tag_holdout_5_levels	CAV1g3	CAV1g3	0	pgaa_h	70	5000	0.02	0.04	-0.02	0.0581466778306258	0.066116289501522	pgaa-expansion-v3-ready-panel-v1	pgaa-expansion-v3-ready-panel-matched-controls-v1
papalexi2021_thp1_crispr	Human THP-1 ECCITE-seq CRISPR screen	recorded_hash_tag_holdout_5_levels	CAV1g3	CAV1g3	0	absolute_mean_shift	70	5000	0.09	0.1	-0.01	0.0643130780491536	0.060001047797802	pgaa-expansion-v3-ready-panel-v1	pgaa-expansion-v3-ready-panel-matched-controls-v1
papalexi2021_thp1_crispr	Human THP-1 ECCITE-seq CRISPR screen	recorded_hash_tag_holdout_5_levels	CAV1g3	CAV1g3	0	welch_abs_t	70	5000	0.02	0.01	0.01	0.0090751680750067	-0.0136464475858579	pgaa-expansion-v3-ready-panel-v1	pgaa-expansion-v3-ready-panel-matched-controls-v1
papalexi2021_thp1_crispr	Human THP-1 ECCITE-seq CRISPR screen	recorded_hash_tag_holdout_5_levels	CAV1g3	CAV1g3	1	pgaa_w	70	5000	0.14	0.05	0.09	0.2877145555085821	0.2954313982172559	pgaa-expansion-v3-ready-panel-v1	pgaa-expansion-v3-ready-panel-matched-controls-v1
papalexi2021_thp1_crispr	Human THP-1 ECCITE-seq CRISPR screen	recorded_hash_tag_holdout_5_levels	CAV1g3	CAV1g3	1	pgaa_h	70	5000	0.02	0.01	0.01	0.0565762753739667	0.043259742348729	pgaa-expansion-v3-ready-panel-v1	pgaa-expansion-v3-ready-panel-matched-controls-v1
papalexi2021_thp1_crispr	Human THP-1 ECCITE-seq CRISPR screen	recorded_hash_tag_holdout_5_levels	CAV1g3	CAV1g3	1	absolute_mean_shift	70	5000	0.13	0.04	0.09	0.0606251299493702	0.0746761898084242	pgaa-expansion-v3-ready-panel-v1	pgaa-expansion-v3-ready-panel-matched-controls-v1
papalexi2021_thp1_crispr	Human THP-1 ECCITE-seq CRISPR screen	recorded_hash_tag_holdout_5_levels	CAV1g3	CAV1g3	1	welch_abs_t	70	5000	0.03	0.02	0.0099999999999999	-0.0063138125405525	0.0268279338411173	pgaa-expansion-v3-ready-panel-v1	pgaa-expansion-v3-ready-panel-matched-controls-v1
papalexi2021_thp1_crispr	Human THP-1 ECCITE-seq CRISPR screen	recorded_hash_tag_holdout_5_levels	CAV1g3	CAV1g3	2	pgaa_w	70	5000	0.13	0.12	0.01	0.2643235640769425	0.256528952917158	pgaa-expansion-v3-ready-panel-v1	pgaa-expansion-v3-ready-panel-matched-controls-v1
papalexi2021_thp1_crispr	Human THP-1 ECCITE-seq CRISPR screen	recorded_hash_tag_holdout_5_levels	CAV1g3	CAV1g3	2	pgaa_h	70	5000	0.01	0.03	-0.0199999999999999	0.0578281499266416	0.038975562650846	pgaa-expansion-v3-ready-panel-v1	pgaa-expansion-v3-ready-panel-matched-controls-v1
papalexi2021_thp1_crispr	Human THP-1 ECCITE-seq CRISPR screen	recorded_hash_tag_holdout_5_levels	CAV1g3	CAV1g3	2	absolute_mean_shift	70	5000	0.07	0.08	-0.0099999999999999	0.0541368944253736	0.0475759814756065	pgaa-expansion-v3-ready-panel-v1	pgaa-expansion-v3-ready-panel-matched-controls-v1
papalexi2021_thp1_crispr	Human THP-1 ECCITE-seq CRISPR screen	recorded_hash_tag_holdout_5_levels	CAV1g3	CAV1g3	2	welch_abs_t	70	5000	0.02	0.04	-0.02	-0.0071245684769827	-0.0087510407182516	pgaa-expansion-v3-ready-panel-v1	pgaa-expansion-v3-ready-panel-matched-controls-v1
papalexi2021_thp1_crispr	Human THP-1 ECCITE-seq CRISPR screen	recorded_hash_tag_holdout_5_levels	CAV1g3	CAV1g3	3	pgaa_w	70	5000	0.14	0.11	0.03	0.3188699214587968	0.2876183553447342	pgaa-expansion-v3-ready-panel-v1	pgaa-expansion-v3-ready-panel-matched-controls-v1
papalexi2021_thp1_crispr	Human THP-1 ECCITE-seq CRISPR screen	recorded_hash_tag_holdout_5_levels	CAV1g3	CAV1g3	3	pgaa_h	70	5000	0.03	0.03	0.0	0.0517441693594779	0.057199977292667	pgaa-expansion-v3-ready-panel-v1	pgaa-expansion-v3-ready-panel-matched-controls-v1
papalexi2021_thp1_crispr	Human THP-1 ECCITE-seq CRISPR screen	recorded_hash_tag_holdout_5_levels	CAV1g3	CAV1g3	3	absolute_mean_shift	70	5000	0.06	0.07	-0.01	0.0931840327580705	0.0576806487927632	pgaa-expansion-v3-ready-panel-v1	pgaa-expansion-v3-ready-panel-matched-controls-v1
papalexi2021_thp1_crispr	Human THP-1 ECCITE-seq CRISPR screen	recorded_hash_tag_holdout_5_levels	CAV1g3	CAV1g3	3	welch_abs_t	70	5000	0.02	0.05	-0.03	0.034433607010997	-0.0032068156162726	pgaa-expansion-v3-ready-panel-v1	pgaa-expansion-v3-ready-panel-matched-controls-v1
papalexi2021_thp1_crispr	Human THP-1 ECCITE-seq CRISPR screen	recorded_hash_tag_holdout_5_levels	CAV1g3	CAV1g3	4	pgaa_w	70	5000	0.12	0.1	0.0199999999999999	0.316476603731064	0.3053694683747787	pgaa-expansion-v3-ready-panel-v1	pgaa-expansion-v3-ready-panel-matched-controls-v1
papalexi2021_thp1_crispr	Human THP-1 ECCITE-seq CRISPR screen	recorded_hash_tag_holdout_5_levels	CAV1g3	CAV1g3	4	pgaa_h	70	5000	0.03	0.0	0.03	0.0430680456928371	0.0762487166032842	pgaa-expansion-v3-ready-panel-v1	pgaa-expansion-v3-ready-panel-matched-controls-v1
papalexi2021_thp1_crispr	Human THP-1 ECCITE-seq CRISPR screen	recorded_hash_tag_holdout_5_levels	CAV1g3	CAV1g3	4	absolute_mean_shift	70	5000	0.11	0.05	0.06	0.0792557964578404	0.0773918887953903	pgaa-expansion-v3-ready-panel-v1	pgaa-expansion-v3-ready-panel-matched-controls-v1
papalexi2021_thp1_crispr	Human THP-1 ECCITE-seq CRISPR screen	recorded_hash_tag_holdout_5_levels	CAV1g3	CAV1g3	4	welch_abs_t	70	5000	0.02	0.03	-0.0099999999999999	0.000393151887726	-0.0012730020029506	pgaa-expansion-v3-ready-panel-v1	pgaa-expansion-v3-ready-panel-matched-controls-v1
papalexi2021_thp1_crispr	Human THP-1 ECCITE-seq CRISPR screen	recorded_hash_tag_holdout_5_levels	CD86g1	CD86g1	0	pgaa_w	70	5000	0.11	0.12	-0.0099999999999999	0.2919269992930799	0.2975722786548911	pgaa-expansion-v3-ready-panel-v1	pgaa-expansion-v3-ready-panel-matched-controls-v1
papalexi2021_thp1_crispr	Human THP-1 ECCITE-seq CRISPR screen	recorded_hash_tag_holdout_5_levels	CD86g1	CD86g1	0	pgaa_h	70	5000	0.03	0.04	-0.01	0.0364679364214955	0.0525689091277779	pgaa-expansion-v3-ready-panel-v1	pgaa-expansion-v3-ready-panel-matched-controls-v1
papalexi2021_thp1_crispr	Human THP-1 ECCITE-seq CRISPR screen	recorded_hash_tag_holdout_5_levels	CD86g1	CD86g1	0	absolute_mean_shift	70	5000	0.07	0.06	0.01	0.0977593228637577	0.0791386873990441	pgaa-expansion-v3-ready-panel-v1	pgaa-expansion-v3-ready-panel-matched-controls-v1
papalexi2021_thp1_crispr	Human THP-1 ECCITE-seq CRISPR screen	recorded_hash_tag_holdout_5_levels	CD86g1	CD86g1	0	welch_abs_t	70	5000	0.05	0.02	0.03	0.0279452047338081	0.0277866504081328	pgaa-expansion-v3-ready-panel-v1	pgaa-expansion-v3-ready-panel-matched-controls-v1
papalexi2021_thp1_crispr	Human THP-1 ECCITE-seq CRISPR screen	recorded_hash_tag_holdout_5_levels	CD86g1	CD86g1	1	pgaa_w	70	5000	0.12	0.13	-0.01	0.3146041514001659	0.2905972947918917	pgaa-expansion-v3-ready-panel-v1	pgaa-expansion-v3-ready-panel-matched-controls-v1
papalexi2021_thp1_crispr	Human THP-1 ECCITE-seq CRISPR screen	recorded_hash_tag_holdout_5_levels	CD86g1	CD86g1	1	pgaa_h	70	5000	0.07	0.01	0.06	0.0310577393548538	0.0538458085387472	pgaa-expansion-v3-ready-panel-v1	pgaa-expansion-v3-ready-panel-matched-controls-v1
papalexi2021_thp1_crispr	Human THP-1 ECCITE-seq CRISPR screen	recorded_hash_tag_holdout_5_levels	CD86g1	CD86g1	1	absolute_mean_shift	70	5000	0.12	0.08	0.0399999999999999	0.1010880775460797	0.0564920618984615	pgaa-expansion-v3-ready-panel-v1	pgaa-expansion-v3-ready-panel-matched-controls-v1
papalexi2021_thp1_crispr	Human THP-1 ECCITE-seq CRISPR screen	recorded_hash_tag_holdout_5_levels	CD86g1	CD86g1	1	welch_abs_t	70	5000	0.03	0.06	-0.03	0.0250984871965418	-0.0011337099334028	pgaa-expansion-v3-ready-panel-v1	pgaa-expansion-v3-ready-panel-matched-controls-v1
papalexi2021_thp1_crispr	Human THP-1 ECCITE-seq CRISPR screen	recorded_hash_tag_holdout_5_levels	CD86g1	CD86g1	2	pgaa_w	70	5000	0.12	0.13	-0.01	0.2889073401002936	0.2749901129836044	pgaa-expansion-v3-ready-panel-v1	pgaa-expansion-v3-ready-panel-matched-controls-v1
papalexi2021_thp1_crispr	Human THP-1 ECCITE-seq CRISPR screen	recorded_hash_tag_holdout_5_levels	CD86g1	CD86g1	2	pgaa_h	70	5000	0.02	0.01	0.01	0.0540952196121182	0.0800976484059667	pgaa-expansion-v3-ready-panel-v1	pgaa-expansion-v3-ready-panel-matched-controls-v1
papalexi2021_thp1_crispr	Human THP-1 ECCITE-seq CRISPR screen	recorded_hash_tag_holdout_5_levels	CD86g1	CD86g1	2	absolute_mean_shift	70	5000	0.08	0.07	0.0099999999999999	0.077508855539795	0.0462228541242422	pgaa-expansion-v3-ready-panel-v1	pgaa-expansion-v3-ready-panel-matched-controls-v1
papalexi2021_thp1_crispr	Human THP-1 ECCITE-seq CRISPR screen	recorded_hash_tag_holdout_5_levels	CD86g1	CD86g1	2	welch_abs_t	70	5000	0.03	0.02	0.0099999999999999	0.0186064854487059	-0.0220300169942581	pgaa-expansion-v3-ready-panel-v1	pgaa-expansion-v3-ready-panel-matched-controls-v1
papalexi2021_thp1_crispr	Human THP-1 ECCITE-seq CRISPR screen	recorded_hash_tag_holdout_5_levels	CD86g1	CD86g1	3	pgaa_w	70	5000	0.12	0.07	0.0499999999999999	0.2800603393624135	0.279972925598917	pgaa-expansion-v3-ready-panel-v1	pgaa-expansion-v3-ready-panel-matched-controls-v1
papalexi2021_thp1_crispr	Human THP-1 ECCITE-seq CRISPR screen	recorded_hash_tag_holdout_5_levels	CD86g1	CD86g1	3	pgaa_h	70	5000	0.05	0.01	0.04	0.0641925119011228	0.036566270982023	pgaa-expansion-v3-ready-panel-v1	pgaa-expansion-v3-ready-panel-matched-controls-v1
papalexi2021_thp1_crispr	Human THP-1 ECCITE-seq CRISPR screen	recorded_hash_tag_holdout_5_levels	CD86g1	CD86g1	3	absolute_mean_shift	70	5000	0.08	0.05	0.03	0.0721397315627833	0.0671824516409723	pgaa-expansion-v3-ready-panel-v1	pgaa-expansion-v3-ready-panel-matched-controls-v1
papalexi2021_thp1_crispr	Human THP-1 ECCITE-seq CRISPR screen	recorded_hash_tag_holdout_5_levels	CD86g1	CD86g1	3	welch_abs_t	70	5000	0.03	0.02	0.0099999999999999	0.0149985979439439	-0.0005474865339126	pgaa-expansion-v3-ready-panel-v1	pgaa-expansion-v3-ready-panel-matched-controls-v1
papalexi2021_thp1_crispr	Human THP-1 ECCITE-seq CRISPR screen	recorded_hash_tag_holdout_5_levels	CD86g1	CD86g1	4	pgaa_w	70	5000	0.1	0.15	-0.0499999999999999	0.2716273241450929	0.294551426278057	pgaa-expansion-v3-ready-panel-v1	pgaa-expansion-v3-ready-panel-matched-controls-v1
papalexi2021_thp1_crispr	Human THP-1 ECCITE-seq CRISPR screen	recorded_hash_tag_holdout_5_levels	CD86g1	CD86g1	4	pgaa_h	70	5000	0.03	0.01	0.0199999999999999	0.0610099727091454	0.0529543588909664	pgaa-expansion-v3-ready-panel-v1	pgaa-expansion-v3-ready-panel-matched-controls-v1
papalexi2021_thp1_crispr	Human THP-1 ECCITE-seq CRISPR screen	recorded_hash_tag_holdout_5_levels	CD86g1	CD86g1	4	absolute_mean_shift	70	5000	0.07	0.12	-0.0499999999999999	0.063715617079683	0.0993497352066801	pgaa-expansion-v3-ready-panel-v1	pgaa-expansion-v3-ready-panel-matched-controls-v1
papalexi2021_thp1_crispr	Human THP-1 ECCITE-seq CRISPR screen	recorded_hash_tag_holdout_5_levels	CD86g1	CD86g1	4	welch_abs_t	70	5000	0.04	0.02	0.02	0.0053560078302403	0.0339595706063828	pgaa-expansion-v3-ready-panel-v1	pgaa-expansion-v3-ready-panel-matched-controls-v1
papalexi2021_thp1_crispr	Human THP-1 ECCITE-seq CRISPR screen	recorded_hash_tag_holdout_5_levels	CD86g3	CD86g3	0	pgaa_w	70	5000	0.07	0.13	-0.06	0.279515652524626	0.2576907184676287	pgaa-expansion-v3-ready-panel-v1	pgaa-expansion-v3-ready-panel-matched-controls-v1
papalexi2021_thp1_crispr	Human THP-1 ECCITE-seq CRISPR screen	recorded_hash_tag_holdout_5_levels	CD86g3	CD86g3	0	pgaa_h	70	5000	0.04	0.01	0.03	0.0406641197646067	0.044481266473397	pgaa-expansion-v3-ready-panel-v1	pgaa-expansion-v3-ready-panel-matched-controls-v1
papalexi2021_thp1_crispr	Human THP-1 ECCITE-seq CRISPR screen	recorded_hash_tag_holdout_5_levels	CD86g3	CD86g3	0	absolute_mean_shift	70	5000	0.05	0.04	0.01	0.0561473748459802	0.0425080556424433	pgaa-expansion-v3-ready-panel-v1	pgaa-expansion-v3-ready-panel-matched-controls-v1
papalexi2021_thp1_crispr	Human THP-1 ECCITE-seq CRISPR screen	recorded_hash_tag_holdout_5_levels	CD86g3	CD86g3	0	welch_abs_t	70	5000	0.01	0.01	0.0	-0.0198920324931135	-0.0183355988774239	pgaa-expansion-v3-ready-panel-v1	pgaa-expansion-v3-ready-panel-matched-controls-v1
papalexi2021_thp1_crispr	Human THP-1 ECCITE-seq CRISPR screen	recorded_hash_tag_holdout_5_levels	CD86g3	CD86g3	1	pgaa_w	70	5000	0.08	0.12	-0.0399999999999999	0.3148384105135364	0.2705245973489838	pgaa-expansion-v3-ready-panel-v1	pgaa-expansion-v3-ready-panel-matched-controls-v1
papalexi2021_thp1_crispr	Human THP-1 ECCITE-seq CRISPR screen	recorded_hash_tag_holdout_5_levels	CD86g3	CD86g3	1	pgaa_h	70	5000	0.0	0.02	-0.02	0.0548235190712821	0.0697297709183377	pgaa-expansion-v3-ready-panel-v1	pgaa-expansion-v3-ready-panel-matched-controls-v1
papalexi2021_thp1_crispr	Human THP-1 ECCITE-seq CRISPR screen	recorded_hash_tag_holdout_5_levels	CD86g3	CD86g3	1	absolute_mean_shift	70	5000	0.07	0.11	-0.0399999999999999	0.0770074432513868	0.0530867332978397	pgaa-expansion-v3-ready-panel-v1	pgaa-expansion-v3-ready-panel-matched-controls-v1
papalexi2021_thp1_crispr	Human THP-1 ECCITE-seq CRISPR screen	recorded_hash_tag_holdout_5_levels	CD86g3	CD86g3	1	welch_abs_t	70	5000	0.0	0.03	-0.03	0.0049975154959006	0.0099937314397492	pgaa-expansion-v3-ready-panel-v1	pgaa-expansion-v3-ready-panel-matched-controls-v1
papalexi2021_thp1_crispr	Human THP-1 ECCITE-seq CRISPR screen	recorded_hash_tag_holdout_5_levels	CD86g3	CD86g3	2	pgaa_w	70	5000	0.09	0.16	-0.07	0.2933057725642308	0.2777682368387295	pgaa-expansion-v3-ready-panel-v1	pgaa-expansion-v3-ready-panel-matched-controls-v1
papalexi2021_thp1_crispr	Human THP-1 ECCITE-seq CRISPR screen	recorded_hash_tag_holdout_5_levels	CD86g3	CD86g3	2	pgaa_h	70	5000	0.01	0.02	-0.01	0.0654283093749597	0.0906172450650142	pgaa-expansion-v3-ready-panel-v1	pgaa-expansion-v3-ready-panel-matched-controls-v1
papalexi2021_thp1_crispr	Human THP-1 ECCITE-seq CRISPR screen	recorded_hash_tag_holdout_5_levels	CD86g3	CD86g3	2	absolute_mean_shift	70	5000	0.05	0.13	-0.08	0.0692361094597227	0.0765018939867641	pgaa-expansion-v3-ready-panel-v1	pgaa-expansion-v3-ready-panel-matched-controls-v1
papalexi2021_thp1_crispr	Human THP-1 ECCITE-seq CRISPR screen	recorded_hash_tag_holdout_5_levels	CD86g3	CD86g3	2	welch_abs_t	70	5000	0.02	0.04	-0.02	0.0065736273351028	0.0164336910573476	pgaa-expansion-v3-ready-panel-v1	pgaa-expansion-v3-ready-panel-matched-controls-v1
papalexi2021_thp1_crispr	Human THP-1 ECCITE-seq CRISPR screen	recorded_hash_tag_holdout_5_levels	CD86g3	CD86g3	3	pgaa_w	70	5000	0.14	0.15	-0.0099999999999999	0.2900994492359779	0.2865937051597482	pgaa-expansion-v3-ready-panel-v1	pgaa-expansion-v3-ready-panel-matched-controls-v1
papalexi2021_thp1_crispr	Human THP-1 ECCITE-seq CRISPR screen	recorded_hash_tag_holdout_5_levels	CD86g3	CD86g3	3	pgaa_h	70	5000	0.01	0.02	-0.01	0.0453377015137	0.0650071046083919	pgaa-expansion-v3-ready-panel-v1	pgaa-expansion-v3-ready-panel-matched-controls-v1
papalexi2021_thp1_crispr	Human THP-1 ECCITE-seq CRISPR screen	recorded_hash_tag_holdout_5_levels	CD86g3	CD86g3	3	absolute_mean_shift	70	5000	0.11	0.09	0.02	0.0711338987275992	0.0602177632464914	pgaa-expansion-v3-ready-panel-v1	pgaa-expansion-v3-ready-panel-matched-controls-v1
papalexi2021_thp1_crispr	Human THP-1 ECCITE-seq CRISPR screen	recorded_hash_tag_holdout_5_levels	CD86g3	CD86g3	3	welch_abs_t	70	5000	0.03	0.04	-0.01	0.0087624340464973	0.0140046254245211	pgaa-expansion-v3-ready-panel-v1	pgaa-expansion-v3-ready-panel-matched-controls-v1
papalexi2021_thp1_crispr	Human THP-1 ECCITE-seq CRISPR screen	recorded_hash_tag_holdout_5_levels	CD86g3	CD86g3	4	pgaa_w	70	5000	0.11	0.04	0.07	0.2956866388034655	0.2903546356781853	pgaa-expansion-v3-ready-panel-v1	pgaa-expansion-v3-ready-panel-matched-controls-v1
papalexi2021_thp1_crispr	Human THP-1 ECCITE-seq CRISPR screen	recorded_hash_tag_holdout_5_levels	CD86g3	CD86g3	4	pgaa_h	70	5000	0.01	0.03	-0.0199999999999999	0.0437354112881496	0.0817053580877997	pgaa-expansion-v3-ready-panel-v1	pgaa-expansion-v3-ready-panel-matched-controls-v1
papalexi2021_thp1_crispr	Human THP-1 ECCITE-seq CRISPR screen	recorded_hash_tag_holdout_5_levels	CD86g3	CD86g3	4	absolute_mean_shift	70	5000	0.07	0.05	0.02	0.0679490611597471	0.0641318740083532	pgaa-expansion-v3-ready-panel-v1	pgaa-expansion-v3-ready-panel-matched-controls-v1
papalexi2021_thp1_crispr	Human THP-1 ECCITE-seq CRISPR screen	recorded_hash_tag_holdout_5_levels	CD86g3	CD86g3	4	welch_abs_t	70	5000	0.02	0.01	0.01	0.0067923467356938	0.0025270218292021	pgaa-expansion-v3-ready-panel-v1	pgaa-expansion-v3-ready-panel-matched-controls-v1
papalexi2021_thp1_crispr	Human THP-1 ECCITE-seq CRISPR screen	recorded_hash_tag_holdout_5_levels	CD86g4	CD86g4	0	pgaa_w	70	5000	0.1	0.18	-0.0799999999999999	0.2897181260847249	0.2876620150904805	pgaa-expansion-v3-ready-panel-v1	pgaa-expansion-v3-ready-panel-matched-controls-v1
papalexi2021_thp1_crispr	Human THP-1 ECCITE-seq CRISPR screen	recorded_hash_tag_holdout_5_levels	CD86g4	CD86g4	0	pgaa_h	70	5000	0.05	0.02	0.03	0.0566659009570968	0.0411069916436237	pgaa-expansion-v3-ready-panel-v1	pgaa-expansion-v3-ready-panel-matched-controls-v1
papalexi2021_thp1_crispr	Human THP-1 ECCITE-seq CRISPR screen	recorded_hash_tag_holdout_5_levels	CD86g4	CD86g4	0	absolute_mean_shift	70	5000	0.08	0.1	-0.02	0.0555214960501899	0.0683645248900662	pgaa-expansion-v3-ready-panel-v1	pgaa-expansion-v3-ready-panel-matched-controls-v1
papalexi2021_thp1_crispr	Human THP-1 ECCITE-seq CRISPR screen	recorded_hash_tag_holdout_5_levels	CD86g4	CD86g4	0	welch_abs_t	70	5000	0.01	0.01	0.0	-0.0027936935198818	0.009050626730025	pgaa-expansion-v3-ready-panel-v1	pgaa-expansion-v3-ready-panel-matched-controls-v1
papalexi2021_thp1_crispr	Human THP-1 ECCITE-seq CRISPR screen	recorded_hash_tag_holdout_5_levels	CD86g4	CD86g4	1	pgaa_w	70	5000	0.08	0.13	-0.05	0.2919108458524338	0.2861651209186048	pgaa-expansion-v3-ready-panel-v1	pgaa-expansion-v3-ready-panel-matched-controls-v1
papalexi2021_thp1_crispr	Human THP-1 ECCITE-seq CRISPR screen	recorded_hash_tag_holdout_5_levels	CD86g4	CD86g4	1	pgaa_h	70	5000	0.01	0.01	0.0	0.0725769898075876	0.0888808791102777	pgaa-expansion-v3-ready-panel-v1	pgaa-expansion-v3-ready-panel-matched-controls-v1
papalexi2021_thp1_crispr	Human THP-1 ECCITE-seq CRISPR screen	recorded_hash_tag_holdout_5_levels	CD86g4	CD86g4	1	absolute_mean_shift	70	5000	0.06	0.12	-0.06	0.0837995576200494	0.0372906827618921	pgaa-expansion-v3-ready-panel-v1	pgaa-expansion-v3-ready-panel-matched-controls-v1
papalexi2021_thp1_crispr	Human THP-1 ECCITE-seq CRISPR screen	recorded_hash_tag_holdout_5_levels	CD86g4	CD86g4	1	welch_abs_t	70	5000	0.01	0.02	-0.01	0.0211238594689543	-0.0322763293878278	pgaa-expansion-v3-ready-panel-v1	pgaa-expansion-v3-ready-panel-matched-controls-v1
papalexi2021_thp1_crispr	Human THP-1 ECCITE-seq CRISPR screen	recorded_hash_tag_holdout_5_levels	CD86g4	CD86g4	2	pgaa_w	70	5000	0.13	0.13	0.0	0.2935559372462374	0.2985110441644417	pgaa-expansion-v3-ready-panel-v1	pgaa-expansion-v3-ready-panel-matched-controls-v1
papalexi2021_thp1_crispr	Human THP-1 ECCITE-seq CRISPR screen	recorded_hash_tag_holdout_5_levels	CD86g4	CD86g4	2	pgaa_h	70	5000	0.01	0.04	-0.03	0.0508945671146905	0.0524713763253088	pgaa-expansion-v3-ready-panel-v1	pgaa-expansion-v3-ready-panel-matched-controls-v1
papalexi2021_thp1_crispr	Human THP-1 ECCITE-seq CRISPR screen	recorded_hash_tag_holdout_5_levels	CD86g4	CD86g4	2	absolute_mean_shift	70	5000	0.11	0.07	0.0399999999999999	0.0620730198168797	0.0721137885714744	pgaa-expansion-v3-ready-panel-v1	pgaa-expansion-v3-ready-panel-matched-controls-v1
papalexi2021_thp1_crispr	Human THP-1 ECCITE-seq CRISPR screen	recorded_hash_tag_holdout_5_levels	CD86g4	CD86g4	2	welch_abs_t	70	5000	0.04	0.01	0.03	-0.0010764790030849	-0.0058931785878685	pgaa-expansion-v3-ready-panel-v1	pgaa-expansion-v3-ready-panel-matched-controls-v1
papalexi2021_thp1_crispr	Human THP-1 ECCITE-seq CRISPR screen	recorded_hash_tag_holdout_5_levels	CD86g4	CD86g4	3	pgaa_w	70	5000	0.19	0.09	0.1	0.2751094857243794	0.2971167443326697	pgaa-expansion-v3-ready-panel-v1	pgaa-expansion-v3-ready-panel-matched-controls-v1
papalexi2021_thp1_crispr	Human THP-1 ECCITE-seq CRISPR screen	recorded_hash_tag_holdout_5_levels	CD86g4	CD86g4	3	pgaa_h	70	5000	0.01	0.03	-0.0199999999999999	0.0724169616068257	0.0624855228241047	pgaa-expansion-v3-ready-panel-v1	pgaa-expansion-v3-ready-panel-matched-controls-v1
papalexi2021_thp1_crispr	Human THP-1 ECCITE-seq CRISPR screen	recorded_hash_tag_holdout_5_levels	CD86g4	CD86g4	3	absolute_mean_shift	70	5000	0.15	0.09	0.06	0.0678785589424005	0.0572598621998914	pgaa-expansion-v3-ready-panel-v1	pgaa-expansion-v3-ready-panel-matched-controls-v1
papalexi2021_thp1_crispr	Human THP-1 ECCITE-seq CRISPR screen	recorded_hash_tag_holdout_5_levels	CD86g4	CD86g4	3	welch_abs_t	70	5000	0.02	0.01	0.01	0.0045762201510488	0.0035334458375074	pgaa-expansion-v3-ready-panel-v1	pgaa-expansion-v3-ready-panel-matched-controls-v1
papalexi2021_thp1_crispr	Human THP-1 ECCITE-seq CRISPR screen	recorded_hash_tag_holdout_5_levels	CD86g4	CD86g4	4	pgaa_w	70	5000	0.13	0.14	-0.01	0.2939117941884717	0.2646308298492331	pgaa-expansion-v3-ready-panel-v1	pgaa-expansion-v3-ready-panel-matched-controls-v1
papalexi2021_thp1_crispr	Human THP-1 ECCITE-seq CRISPR screen	recorded_hash_tag_holdout_5_levels	CD86g4	CD86g4	4	pgaa_h	70	5000	0.02	0.06	-0.0399999999999999	0.0679868631980977	0.079118677785378	pgaa-expansion-v3-ready-panel-v1	pgaa-expansion-v3-ready-panel-matched-controls-v1
papalexi2021_thp1_crispr	Human THP-1 ECCITE-seq CRISPR screen	recorded_hash_tag_holdout_5_levels	CD86g4	CD86g4	4	absolute_mean_shift	70	5000	0.06	0.09	-0.03	0.0744628832754508	0.0599586389349796	pgaa-expansion-v3-ready-panel-v1	pgaa-expansion-v3-ready-panel-matched-controls-v1
papalexi2021_thp1_crispr	Human THP-1 ECCITE-seq CRISPR screen	recorded_hash_tag_holdout_5_levels	CD86g4	CD86g4	4	welch_abs_t	70	5000	0.04	0.02	0.02	0.021894776363791	0.0143858074077775	pgaa-expansion-v3-ready-panel-v1	pgaa-expansion-v3-ready-panel-matched-controls-v1
papalexi2021_thp1_crispr	Human THP-1 ECCITE-seq CRISPR screen	recorded_hash_tag_holdout_5_levels	CMTM6g1	CMTM6g1	0	pgaa_w	70	5000	0.13	0.15	-0.0199999999999999	0.2913283243571329	0.2870914393556575	pgaa-expansion-v3-ready-panel-v1	pgaa-expansion-v3-ready-panel-matched-controls-v1
papalexi2021_thp1_crispr	Human THP-1 ECCITE-seq CRISPR screen	recorded_hash_tag_holdout_5_levels	CMTM6g1	CMTM6g1	0	pgaa_h	70	5000	0.0	0.03	-0.03	0.0635737697775868	0.035924374728207	pgaa-expansion-v3-ready-panel-v1	pgaa-expansion-v3-ready-panel-matched-controls-v1
papalexi2021_thp1_crispr	Human THP-1 ECCITE-seq CRISPR screen	recorded_hash_tag_holdout_5_levels	CMTM6g1	CMTM6g1	0	absolute_mean_shift	70	5000	0.12	0.1	0.0199999999999999	0.0702347676304476	0.0747428956510973	pgaa-expansion-v3-ready-panel-v1	pgaa-expansion-v3-ready-panel-matched-controls-v1
papalexi2021_thp1_crispr	Human THP-1 ECCITE-seq CRISPR screen	recorded_hash_tag_holdout_5_levels	CMTM6g1	CMTM6g1	0	welch_abs_t	70	5000	0.04	0.02	0.02	0.0021408470297366	0.0153048342605606	pgaa-expansion-v3-ready-panel-v1	pgaa-expansion-v3-ready-panel-matched-controls-v1
papalexi2021_thp1_crispr	Human THP-1 ECCITE-seq CRISPR screen	recorded_hash_tag_holdout_5_levels	CMTM6g1	CMTM6g1	1	pgaa_w	70	5000	0.09	0.13	-0.04	0.2799849947193997	0.2709425833817033	pgaa-expansion-v3-ready-panel-v1	pgaa-expansion-v3-ready-panel-matched-controls-v1
papalexi2021_thp1_crispr	Human THP-1 ECCITE-seq CRISPR screen	recorded_hash_tag_holdout_5_levels	CMTM6g1	CMTM6g1	1	pgaa_h	70	5000	0.03	0.05	-0.02	0.0583853052627801	0.0612619023285617	pgaa-expansion-v3-ready-panel-v1	pgaa-expansion-v3-ready-panel-matched-controls-v1
papalexi2021_thp1_crispr	Human THP-1 ECCITE-seq CRISPR screen	recorded_hash_tag_holdout_5_levels	CMTM6g1	CMTM6g1	1	absolute_mean_shift	70	5000	0.04	0.13	-0.09	0.0591657119751483	0.0768246162822036	pgaa-expansion-v3-ready-panel-v1	pgaa-expansion-v3-ready-panel-matched-controls-v1
papalexi2021_thp1_crispr	Human THP-1 ECCITE-seq CRISPR screen	recorded_hash_tag_holdout_5_levels	CMTM6g1	CMTM6g1	1	welch_abs_t	70	5000	0.03	0.02	0.0099999999999999	0.0013137602925819	0.0043046145402878	pgaa-expansion-v3-ready-panel-v1	pgaa-expansion-v3-ready-panel-matched-controls-v1
papalexi2021_thp1_crispr	Human THP-1 ECCITE-seq CRISPR screen	recorded_hash_tag_holdout_5_levels	CMTM6g1	CMTM6g1	2	pgaa_w	70	5000	0.09	0.11	-0.02	0.2952326847373073	0.2899571511182859	pgaa-expansion-v3-ready-panel-v1	pgaa-expansion-v3-ready-panel-matched-controls-v1
papalexi2021_thp1_crispr	Human THP-1 ECCITE-seq CRISPR screen	recorded_hash_tag_holdout_5_levels	CMTM6g1	CMTM6g1	2	pgaa_h	70	5000	0.02	0.03	-0.0099999999999999	0.0431228688168893	0.0448502709499338	pgaa-expansion-v3-ready-panel-v1	pgaa-expansion-v3-ready-panel-matched-controls-v1
papalexi2021_thp1_crispr	Human THP-1 ECCITE-seq CRISPR screen	recorded_hash_tag_holdout_5_levels	CMTM6g1	CMTM6g1	2	absolute_mean_shift	70	5000	0.07	0.06	0.01	0.0665706711636199	0.0596540611627526	pgaa-expansion-v3-ready-panel-v1	pgaa-expansion-v3-ready-panel-matched-controls-v1
papalexi2021_thp1_crispr	Human THP-1 ECCITE-seq CRISPR screen	recorded_hash_tag_holdout_5_levels	CMTM6g1	CMTM6g1	2	welch_abs_t	70	5000	0.01	0.03	-0.0199999999999999	-0.0026892397555695	-0.0041446880858869	pgaa-expansion-v3-ready-panel-v1	pgaa-expansion-v3-ready-panel-matched-controls-v1
papalexi2021_thp1_crispr	Human THP-1 ECCITE-seq CRISPR screen	recorded_hash_tag_holdout_5_levels	CMTM6g1	CMTM6g1	3	pgaa_w	70	5000	0.04	0.1	-0.06	0.2927909534396381	0.30854125262965	pgaa-expansion-v3-ready-panel-v1	pgaa-expansion-v3-ready-panel-matched-controls-v1
papalexi2021_thp1_crispr	Human THP-1 ECCITE-seq CRISPR screen	recorded_hash_tag_holdout_5_levels	CMTM6g1	CMTM6g1	3	pgaa_h	70	5000	0.02	0.03	-0.0099999999999999	0.0554431333716158	0.0379122397834464	pgaa-expansion-v3-ready-panel-v1	pgaa-expansion-v3-ready-panel-matched-controls-v1
papalexi2021_thp1_crispr	Human THP-1 ECCITE-seq CRISPR screen	recorded_hash_tag_holdout_5_levels	CMTM6g1	CMTM6g1	3	absolute_mean_shift	70	5000	0.07	0.07	0.0	0.0490795974215397	0.076382582438636	pgaa-expansion-v3-ready-panel-v1	pgaa-expansion-v3-ready-panel-matched-controls-v1
papalexi2021_thp1_crispr	Human THP-1 ECCITE-seq CRISPR screen	recorded_hash_tag_holdout_5_levels	CMTM6g1	CMTM6g1	3	welch_abs_t	70	5000	0.02	0.0	0.02	-0.0161402903736116	0.0051034617721384	pgaa-expansion-v3-ready-panel-v1	pgaa-expansion-v3-ready-panel-matched-controls-v1
papalexi2021_thp1_crispr	Human THP-1 ECCITE-seq CRISPR screen	recorded_hash_tag_holdout_5_levels	CMTM6g1	CMTM6g1	4	pgaa_w	70	5000	0.16	0.12	0.04	0.2928155398086215	0.2937129891245195	pgaa-expansion-v3-ready-panel-v1	pgaa-expansion-v3-ready-panel-matched-controls-v1
papalexi2021_thp1_crispr	Human THP-1 ECCITE-seq CRISPR screen	recorded_hash_tag_holdout_5_levels	CMTM6g1	CMTM6g1	4	pgaa_h	70	5000	0.03	0.02	0.0099999999999999	0.0484962506361842	0.0547444645592371	pgaa-expansion-v3-ready-panel-v1	pgaa-expansion-v3-ready-panel-matched-controls-v1
papalexi2021_thp1_crispr	Human THP-1 ECCITE-seq CRISPR screen	recorded_hash_tag_holdout_5_levels	CMTM6g1	CMTM6g1	4	absolute_mean_shift	70	5000	0.12	0.08	0.0399999999999999	0.0696865387318239	0.0485947605416218	pgaa-expansion-v3-ready-panel-v1	pgaa-expansion-v3-ready-panel-matched-controls-v1
papalexi2021_thp1_crispr	Human THP-1 ECCITE-seq CRISPR screen	recorded_hash_tag_holdout_5_levels	CMTM6g1	CMTM6g1	4	welch_abs_t	70	5000	0.04	0.03	0.01	0.0113944048560496	-0.0227532549581301	pgaa-expansion-v3-ready-panel-v1	pgaa-expansion-v3-ready-panel-matched-controls-v1
papalexi2021_thp1_crispr	Human THP-1 ECCITE-seq CRISPR screen	recorded_hash_tag_holdout_5_levels	CMTM6g3	CMTM6g3	0	pgaa_w	70	5000	0.18	0.1	0.0799999999999999	0.2853884494955379	0.2735435278057411	pgaa-expansion-v3-ready-panel-v1	pgaa-expansion-v3-ready-panel-matched-controls-v1
papalexi2021_thp1_crispr	Human THP-1 ECCITE-seq CRISPR screen	recorded_hash_tag_holdout_5_levels	CMTM6g3	CMTM6g3	0	pgaa_h	70	5000	0.02	0.03	-0.0099999999999999	0.0760138849391632	0.0536615181879112	pgaa-expansion-v3-ready-panel-v1	pgaa-expansion-v3-ready-panel-matched-controls-v1
papalexi2021_thp1_crispr	Human THP-1 ECCITE-seq CRISPR screen	recorded_hash_tag_holdout_5_levels	CMTM6g3	CMTM6g3	0	absolute_mean_shift	70	5000	0.14	0.07	0.07	0.0452696496925642	0.0691961648081501	pgaa-expansion-v3-ready-panel-v1	pgaa-expansion-v3-ready-panel-matched-controls-v1
papalexi2021_thp1_crispr	Human THP-1 ECCITE-seq CRISPR screen	recorded_hash_tag_holdout_5_levels	CMTM6g3	CMTM6g3	0	welch_abs_t	70	5000	0.04	0.02	0.02	-0.0222947311483243	0.0169107411888355	pgaa-expansion-v3-ready-panel-v1	pgaa-expansion-v3-ready-panel-matched-controls-v1
papalexi2021_thp1_crispr	Human THP-1 ECCITE-seq CRISPR screen	recorded_hash_tag_holdout_5_levels	CMTM6g3	CMTM6g3	1	pgaa_w	70	5000	0.14	0.14	0.0	0.31067025345081	0.2923610169424406	pgaa-expansion-v3-ready-panel-v1	pgaa-expansion-v3-ready-panel-matched-controls-v1
papalexi2021_thp1_crispr	Human THP-1 ECCITE-seq CRISPR screen	recorded_hash_tag_holdout_5_levels	CMTM6g3	CMTM6g3	1	pgaa_h	70	5000	0.02	0.04	-0.02	0.0677977945394643	0.068991325017613	pgaa-expansion-v3-ready-panel-v1	pgaa-expansion-v3-ready-panel-matched-controls-v1
papalexi2021_thp1_crispr	Human THP-1 ECCITE-seq CRISPR screen	recorded_hash_tag_holdout_5_levels	CMTM6g3	CMTM6g3	1	absolute_mean_shift	70	5000	0.12	0.12	0.0	0.0751439202591671	0.0674408152944883	pgaa-expansion-v3-ready-panel-v1	pgaa-expansion-v3-ready-panel-matched-controls-v1
papalexi2021_thp1_crispr	Human THP-1 ECCITE-seq CRISPR screen	recorded_hash_tag_holdout_5_levels	CMTM6g3	CMTM6g3	1	welch_abs_t	70	5000	0.03	0.01	0.0199999999999999	0.0026780621871224	0.0090220232890974	pgaa-expansion-v3-ready-panel-v1	pgaa-expansion-v3-ready-panel-matched-controls-v1
papalexi2021_thp1_crispr	Human THP-1 ECCITE-seq CRISPR screen	recorded_hash_tag_holdout_5_levels	CMTM6g3	CMTM6g3	2	pgaa_w	70	5000	0.14	0.11	0.03	0.2682947281717891	0.2673429521657181	pgaa-expansion-v3-ready-panel-v1	pgaa-expansion-v3-ready-panel-matched-controls-v1
papalexi2021_thp1_crispr	Human THP-1 ECCITE-seq CRISPR screen	recorded_hash_tag_holdout_5_levels	CMTM6g3	CMTM6g3	2	pgaa_h	70	5000	0.03	0.01	0.0199999999999999	0.0693470170730217	0.0853397574775967	pgaa-expansion-v3-ready-panel-v1	pgaa-expansion-v3-ready-panel-matched-controls-v1
papalexi2021_thp1_crispr	Human THP-1 ECCITE-seq CRISPR screen	recorded_hash_tag_holdout_5_levels	CMTM6g3	CMTM6g3	2	absolute_mean_shift	70	5000	0.09	0.05	0.0399999999999999	0.0484754298945074	0.047318751576157	pgaa-expansion-v3-ready-panel-v1	pgaa-expansion-v3-ready-panel-matched-controls-v1
papalexi2021_thp1_crispr	Human THP-1 ECCITE-seq CRISPR screen	recorded_hash_tag_holdout_5_levels	CMTM6g3	CMTM6g3	2	welch_abs_t	70	5000	0.01	0.04	-0.03	-0.0116558776182351	-0.0195095837408515	pgaa-expansion-v3-ready-panel-v1	pgaa-expansion-v3-ready-panel-matched-controls-v1
papalexi2021_thp1_crispr	Human THP-1 ECCITE-seq CRISPR screen	recorded_hash_tag_holdout_5_levels	CMTM6g3	CMTM6g3	3	pgaa_w	70	5000	0.14	0.04	0.1	0.3013457881498315	0.2799895219835808	pgaa-expansion-v3-ready-panel-v1	pgaa-expansion-v3-ready-panel-matched-controls-v1
papalexi2021_thp1_crispr	Human THP-1 ECCITE-seq CRISPR screen	recorded_hash_tag_holdout_5_levels	CMTM6g3	CMTM6g3	3	pgaa_h	70	5000	0.02	0.04	-0.02	0.0651096294243395	0.0448823561681686	pgaa-expansion-v3-ready-panel-v1	pgaa-expansion-v3-ready-panel-matched-controls-v1
papalexi2021_thp1_crispr	Human THP-1 ECCITE-seq CRISPR screen	recorded_hash_tag_holdout_5_levels	CMTM6g3	CMTM6g3	3	absolute_mean_shift	70	5000	0.1	0.04	0.06	0.0844380964576299	0.0514178721551829	pgaa-expansion-v3-ready-panel-v1	pgaa-expansion-v3-ready-panel-matched-controls-v1
papalexi2021_thp1_crispr	Human THP-1 ECCITE-seq CRISPR screen	recorded_hash_tag_holdout_5_levels	CMTM6g3	CMTM6g3	3	welch_abs_t	70	5000	0.03	0.03	0.0	0.0127471127341904	-0.0007790548151995	pgaa-expansion-v3-ready-panel-v1	pgaa-expansion-v3-ready-panel-matched-controls-v1
papalexi2021_thp1_crispr	Human THP-1 ECCITE-seq CRISPR screen	recorded_hash_tag_holdout_5_levels	CMTM6g3	CMTM6g3	4	pgaa_w	70	5000	0.09	0.11	-0.02	0.2748490166899606	0.2719018154200726	pgaa-expansion-v3-ready-panel-v1	pgaa-expansion-v3-ready-panel-matched-controls-v1
papalexi2021_thp1_crispr	Human THP-1 ECCITE-seq CRISPR screen	recorded_hash_tag_holdout_5_levels	CMTM6g3	CMTM6g3	4	pgaa_h	70	5000	0.03	0.01	0.0199999999999999	0.0577326650021263	0.0461708146013374	pgaa-expansion-v3-ready-panel-v1	pgaa-expansion-v3-ready-panel-matched-controls-v1
papalexi2021_thp1_crispr	Human THP-1 ECCITE-seq CRISPR screen	recorded_hash_tag_holdout_5_levels	CMTM6g3	CMTM6g3	4	absolute_mean_shift	70	5000	0.03	0.07	-0.04	0.057187326468983	0.0450931318443831	pgaa-expansion-v3-ready-panel-v1	pgaa-expansion-v3-ready-panel-matched-controls-v1
papalexi2021_thp1_crispr	Human THP-1 ECCITE-seq CRISPR screen	recorded_hash_tag_holdout_5_levels	CMTM6g3	CMTM6g3	4	welch_abs_t	70	5000	0.03	0.06	-0.03	0.0013538956381558	-0.0120345848176722	pgaa-expansion-v3-ready-panel-v1	pgaa-expansion-v3-ready-panel-matched-controls-v1
papalexi2021_thp1_crispr	Human THP-1 ECCITE-seq CRISPR screen	recorded_hash_tag_holdout_5_levels	IFNGR1g1	IFNGR1g1	0	pgaa_w	70	5000	0.68	0.1	0.5800000000000001	0.4180673446266936	0.2856280219211208	pgaa-expansion-v3-ready-panel-v1	pgaa-expansion-v3-ready-panel-matched-controls-v1
papalexi2021_thp1_crispr	Human THP-1 ECCITE-seq CRISPR screen	recorded_hash_tag_holdout_5_levels	IFNGR1g1	IFNGR1g1	0	pgaa_h	70	5000	0.01	0.03	-0.0199999999999999	0.0589324029566089	0.0565046281805117	pgaa-expansion-v3-ready-panel-v1	pgaa-expansion-v3-ready-panel-matched-controls-v1
papalexi2021_thp1_crispr	Human THP-1 ECCITE-seq CRISPR screen	recorded_hash_tag_holdout_5_levels	IFNGR1g1	IFNGR1g1	0	absolute_mean_shift	70	5000	0.67	0.07	0.6000000000000001	0.2913228032258874	0.0705402131433015	pgaa-expansion-v3-ready-panel-v1	pgaa-expansion-v3-ready-panel-matched-controls-v1
papalexi2021_thp1_crispr	Human THP-1 ECCITE-seq CRISPR screen	recorded_hash_tag_holdout_5_levels	IFNGR1g1	IFNGR1g1	0	welch_abs_t	70	5000	0.59	0.03	0.5599999999999999	0.2167250836662047	0.0194453246022796	pgaa-expansion-v3-ready-panel-v1	pgaa-expansion-v3-ready-panel-matched-controls-v1
papalexi2021_thp1_crispr	Human THP-1 ECCITE-seq CRISPR screen	recorded_hash_tag_holdout_5_levels	IFNGR1g1	IFNGR1g1	1	pgaa_w	70	5000	0.7	0.12	0.58	0.4241349333813972	0.2822280957691238	pgaa-expansion-v3-ready-panel-v1	pgaa-expansion-v3-ready-panel-matched-controls-v1
papalexi2021_thp1_crispr	Human THP-1 ECCITE-seq CRISPR screen	recorded_hash_tag_holdout_5_levels	IFNGR1g1	IFNGR1g1	1	pgaa_h	70	5000	0.01	0.05	-0.04	0.0850908723962673	0.0524829855741338	pgaa-expansion-v3-ready-panel-v1	pgaa-expansion-v3-ready-panel-matched-controls-v1
papalexi2021_thp1_crispr	Human THP-1 ECCITE-seq CRISPR screen	recorded_hash_tag_holdout_5_levels	IFNGR1g1	IFNGR1g1	1	absolute_mean_shift	70	5000	0.72	0.1	0.62	0.3021703101128291	0.0718098889912893	pgaa-expansion-v3-ready-panel-v1	pgaa-expansion-v3-ready-panel-matched-controls-v1
papalexi2021_thp1_crispr	Human THP-1 ECCITE-seq CRISPR screen	recorded_hash_tag_holdout_5_levels	IFNGR1g1	IFNGR1g1	1	welch_abs_t	70	5000	0.6	0.01	0.59	0.2324368708654748	-0.0048312375853654	pgaa-expansion-v3-ready-panel-v1	pgaa-expansion-v3-ready-panel-matched-controls-v1
papalexi2021_thp1_crispr	Human THP-1 ECCITE-seq CRISPR screen	recorded_hash_tag_holdout_5_levels	IFNGR1g1	IFNGR1g1	2	pgaa_w	70	5000	0.71	0.09	0.62	0.4418617257704689	0.2684536661621466	pgaa-expansion-v3-ready-panel-v1	pgaa-expansion-v3-ready-panel-matched-controls-v1
papalexi2021_thp1_crispr	Human THP-1 ECCITE-seq CRISPR screen	recorded_hash_tag_holdout_5_levels	IFNGR1g1	IFNGR1g1	2	pgaa_h	70	5000	0.03	0.02	0.0099999999999999	0.0380401243613161	0.0519378797046929	pgaa-expansion-v3-ready-panel-v1	pgaa-expansion-v3-ready-panel-matched-controls-v1
papalexi2021_thp1_crispr	Human THP-1 ECCITE-seq CRISPR screen	recorded_hash_tag_holdout_5_levels	IFNGR1g1	IFNGR1g1	2	absolute_mean_shift	70	5000	0.7	0.04	0.6599999999999999	0.2967108196249169	0.0602000059875586	pgaa-expansion-v3-ready-panel-v1	pgaa-expansion-v3-ready-panel-matched-controls-v1
papalexi2021_thp1_crispr	Human THP-1 ECCITE-seq CRISPR screen	recorded_hash_tag_holdout_5_levels	IFNGR1g1	IFNGR1g1	2	welch_abs_t	70	5000	0.66	0.0	0.66	0.2211864423514576	0.0046792671311706	pgaa-expansion-v3-ready-panel-v1	pgaa-expansion-v3-ready-panel-matched-controls-v1
papalexi2021_thp1_crispr	Human THP-1 ECCITE-seq CRISPR screen	recorded_hash_tag_holdout_5_levels	IFNGR1g1	IFNGR1g1	3	pgaa_w	70	5000	0.73	0.15	0.58	0.4171170943486837	0.2857057155882285	pgaa-expansion-v3-ready-panel-v1	pgaa-expansion-v3-ready-panel-matched-controls-v1
papalexi2021_thp1_crispr	Human THP-1 ECCITE-seq CRISPR screen	recorded_hash_tag_holdout_5_levels	IFNGR1g1	IFNGR1g1	3	pgaa_h	70	5000	0.05	0.04	0.01	0.0492559844228188	0.0768854352746188	pgaa-expansion-v3-ready-panel-v1	pgaa-expansion-v3-ready-panel-matched-controls-v1
papalexi2021_thp1_crispr	Human THP-1 ECCITE-seq CRISPR screen	recorded_hash_tag_holdout_5_levels	IFNGR1g1	IFNGR1g1	3	absolute_mean_shift	70	5000	0.73	0.09	0.64	0.3102589957595908	0.0583054351580127	pgaa-expansion-v3-ready-panel-v1	pgaa-expansion-v3-ready-panel-matched-controls-v1
papalexi2021_thp1_crispr	Human THP-1 ECCITE-seq CRISPR screen	recorded_hash_tag_holdout_5_levels	IFNGR1g1	IFNGR1g1	3	welch_abs_t	70	5000	0.57	0.01	0.5599999999999999	0.2400177485344704	-0.0013181396687572	pgaa-expansion-v3-ready-panel-v1	pgaa-expansion-v3-ready-panel-matched-controls-v1
papalexi2021_thp1_crispr	Human THP-1 ECCITE-seq CRISPR screen	recorded_hash_tag_holdout_5_levels	IFNGR1g1	IFNGR1g1	4	pgaa_w	70	5000	0.63	0.07	0.56	0.4385049083241962	0.2632703673308146	pgaa-expansion-v3-ready-panel-v1	pgaa-expansion-v3-ready-panel-matched-controls-v1
papalexi2021_thp1_crispr	Human THP-1 ECCITE-seq CRISPR screen	recorded_hash_tag_holdout_5_levels	IFNGR1g1	IFNGR1g1	4	pgaa_h	70	5000	0.03	0.04	-0.01	0.0655657188271397	0.0867922927883049	pgaa-expansion-v3-ready-panel-v1	pgaa-expansion-v3-ready-panel-matched-controls-v1
papalexi2021_thp1_crispr	Human THP-1 ECCITE-seq CRISPR screen	recorded_hash_tag_holdout_5_levels	IFNGR1g1	IFNGR1g1	4	absolute_mean_shift	70	5000	0.63	0.03	0.6	0.3235708600226001	0.0212429777183075	pgaa-expansion-v3-ready-panel-v1	pgaa-expansion-v3-ready-panel-matched-controls-v1
papalexi2021_thp1_crispr	Human THP-1 ECCITE-seq CRISPR screen	recorded_hash_tag_holdout_5_levels	IFNGR1g1	IFNGR1g1	4	welch_abs_t	70	5000	0.58	0.01	0.57	0.2442911630196465	-0.0251020370846839	pgaa-expansion-v3-ready-panel-v1	pgaa-expansion-v3-ready-panel-matched-controls-v1
papalexi2021_thp1_crispr	Human THP-1 ECCITE-seq CRISPR screen	recorded_hash_tag_holdout_5_levels	IFNGR1g2	IFNGR1g2	0	pgaa_w	70	5000	0.62	0.14	0.48	0.4255906062076242	0.281259101394364	pgaa-expansion-v3-ready-panel-v1	pgaa-expansion-v3-ready-panel-matched-controls-v1
papalexi2021_thp1_crispr	Human THP-1 ECCITE-seq CRISPR screen	recorded_hash_tag_holdout_5_levels	IFNGR1g2	IFNGR1g2	0	pgaa_h	70	5000	0.02	0.02	0.0	0.0320205383512624	0.0484748023883083	pgaa-expansion-v3-ready-panel-v1	pgaa-expansion-v3-ready-panel-matched-controls-v1
papalexi2021_thp1_crispr	Human THP-1 ECCITE-seq CRISPR screen	recorded_hash_tag_holdout_5_levels	IFNGR1g2	IFNGR1g2	0	absolute_mean_shift	70	5000	0.59	0.1	0.49	0.3038943042430656	0.0642139353968864	pgaa-expansion-v3-ready-panel-v1	pgaa-expansion-v3-ready-panel-matched-controls-v1
papalexi2021_thp1_crispr	Human THP-1 ECCITE-seq CRISPR screen	recorded_hash_tag_holdout_5_levels	IFNGR1g2	IFNGR1g2	0	welch_abs_t	70	5000	0.52	0.02	0.5	0.2232748355549934	0.0031434390060393	pgaa-expansion-v3-ready-panel-v1	pgaa-expansion-v3-ready-panel-matched-controls-v1
papalexi2021_thp1_crispr	Human THP-1 ECCITE-seq CRISPR screen	recorded_hash_tag_holdout_5_levels	IFNGR1g2	IFNGR1g2	1	pgaa_w	70	5000	0.67	0.08	0.5900000000000001	0.4040219706568788	0.2871827033913081	pgaa-expansion-v3-ready-panel-v1	pgaa-expansion-v3-ready-panel-matched-controls-v1
papalexi2021_thp1_crispr	Human THP-1 ECCITE-seq CRISPR screen	recorded_hash_tag_holdout_5_levels	IFNGR1g2	IFNGR1g2	1	pgaa_h	70	5000	0.02	0.01	0.01	0.0592061876459253	0.0752815371707345	pgaa-expansion-v3-ready-panel-v1	pgaa-expansion-v3-ready-panel-matched-controls-v1
papalexi2021_thp1_crispr	Human THP-1 ECCITE-seq CRISPR screen	recorded_hash_tag_holdout_5_levels	IFNGR1g2	IFNGR1g2	1	absolute_mean_shift	70	5000	0.66	0.05	0.61	0.2729567108993703	0.0544860621859808	pgaa-expansion-v3-ready-panel-v1	pgaa-expansion-v3-ready-panel-matched-controls-v1
papalexi2021_thp1_crispr	Human THP-1 ECCITE-seq CRISPR screen	recorded_hash_tag_holdout_5_levels	IFNGR1g2	IFNGR1g2	1	welch_abs_t	70	5000	0.53	0.02	0.51	0.1899634041836544	-0.0053711635428465	pgaa-expansion-v3-ready-panel-v1	pgaa-expansion-v3-ready-panel-matched-controls-v1
papalexi2021_thp1_crispr	Human THP-1 ECCITE-seq CRISPR screen	recorded_hash_tag_holdout_5_levels	IFNGR1g2	IFNGR1g2	2	pgaa_w	70	5000	0.6	0.09	0.51	0.3582183752887349	0.2737574780222991	pgaa-expansion-v3-ready-panel-v1	pgaa-expansion-v3-ready-panel-matched-controls-v1
papalexi2021_thp1_crispr	Human THP-1 ECCITE-seq CRISPR screen	recorded_hash_tag_holdout_5_levels	IFNGR1g2	IFNGR1g2	2	pgaa_h	70	5000	0.02	0.07	-0.05	0.046336563967257	0.0452334092998329	pgaa-expansion-v3-ready-panel-v1	pgaa-expansion-v3-ready-panel-matched-controls-v1
papalexi2021_thp1_crispr	Human THP-1 ECCITE-seq CRISPR screen	recorded_hash_tag_holdout_5_levels	IFNGR1g2	IFNGR1g2	2	absolute_mean_shift	70	5000	0.55	0.06	0.49	0.2262645878774442	0.0484159694589627	pgaa-expansion-v3-ready-panel-v1	pgaa-expansion-v3-ready-panel-matched-controls-v1
papalexi2021_thp1_crispr	Human THP-1 ECCITE-seq CRISPR screen	recorded_hash_tag_holdout_5_levels	IFNGR1g2	IFNGR1g2	2	welch_abs_t	70	5000	0.41	0.04	0.37	0.145955851086234	-0.0133538085661523	pgaa-expansion-v3-ready-panel-v1	pgaa-expansion-v3-ready-panel-matched-controls-v1
papalexi2021_thp1_crispr	Human THP-1 ECCITE-seq CRISPR screen	recorded_hash_tag_holdout_5_levels	IFNGR1g2	IFNGR1g2	3	pgaa_w	70	5000	0.56	0.05	0.51	0.3815295653731825	0.272304451628178	pgaa-expansion-v3-ready-panel-v1	pgaa-expansion-v3-ready-panel-matched-controls-v1
papalexi2021_thp1_crispr	Human THP-1 ECCITE-seq CRISPR screen	recorded_hash_tag_holdout_5_levels	IFNGR1g2	IFNGR1g2	3	pgaa_h	70	5000	0.03	0.02	0.0099999999999999	0.0636503746165541	0.0779615561067755	pgaa-expansion-v3-ready-panel-v1	pgaa-expansion-v3-ready-panel-matched-controls-v1
papalexi2021_thp1_crispr	Human THP-1 ECCITE-seq CRISPR screen	recorded_hash_tag_holdout_5_levels	IFNGR1g2	IFNGR1g2	3	absolute_mean_shift	70	5000	0.55	0.03	0.52	0.2313772457468551	0.0532617417394176	pgaa-expansion-v3-ready-panel-v1	pgaa-expansion-v3-ready-panel-matched-controls-v1
papalexi2021_thp1_crispr	Human THP-1 ECCITE-seq CRISPR screen	recorded_hash_tag_holdout_5_levels	IFNGR1g2	IFNGR1g2	3	welch_abs_t	70	5000	0.48	0.01	0.47	0.1382074353749313	-0.0118213498011377	pgaa-expansion-v3-ready-panel-v1	pgaa-expansion-v3-ready-panel-matched-controls-v1
papalexi2021_thp1_crispr	Human THP-1 ECCITE-seq CRISPR screen	recorded_hash_tag_holdout_5_levels	IFNGR1g2	IFNGR1g2	4	pgaa_w	70	5000	0.62	0.13	0.49	0.4201986406159456	0.2832030954241238	pgaa-expansion-v3-ready-panel-v1	pgaa-expansion-v3-ready-panel-matched-controls-v1
papalexi2021_thp1_crispr	Human THP-1 ECCITE-seq CRISPR screen	recorded_hash_tag_holdout_5_levels	IFNGR1g2	IFNGR1g2	4	pgaa_h	70	5000	0.01	0.01	0.0	0.078200211061443	0.0432676712554699	pgaa-expansion-v3-ready-panel-v1	pgaa-expansion-v3-ready-panel-matched-controls-v1
papalexi2021_thp1_crispr	Human THP-1 ECCITE-seq CRISPR screen	recorded_hash_tag_holdout_5_levels	IFNGR1g2	IFNGR1g2	4	absolute_mean_shift	70	5000	0.6	0.07	0.53	0.2664077319970968	0.0643814120596177	pgaa-expansion-v3-ready-panel-v1	pgaa-expansion-v3-ready-panel-matched-controls-v1
papalexi2021_thp1_crispr	Human THP-1 ECCITE-seq CRISPR screen	recorded_hash_tag_holdout_5_levels	IFNGR1g2	IFNGR1g2	4	welch_abs_t	70	5000	0.44	0.05	0.39	0.1743117086044683	0.0040987498279499	pgaa-expansion-v3-ready-panel-v1	pgaa-expansion-v3-ready-panel-matched-controls-v1
papalexi2021_thp1_crispr	Human THP-1 ECCITE-seq CRISPR screen	recorded_hash_tag_holdout_5_levels	IFNGR1g3	IFNGR1g3	0	pgaa_w	70	5000	0.69	0.07	0.6199999999999999	0.452727851389114	0.2573685101027403	pgaa-expansion-v3-ready-panel-v1	pgaa-expansion-v3-ready-panel-matched-controls-v1
papalexi2021_thp1_crispr	Human THP-1 ECCITE-seq CRISPR screen	recorded_hash_tag_holdout_5_levels	IFNGR1g3	IFNGR1g3	0	pgaa_h	70	5000	0.01	0.01	0.0	0.0450998069510198	0.057922058225033	pgaa-expansion-v3-ready-panel-v1	pgaa-expansion-v3-ready-panel-matched-controls-v1
papalexi2021_thp1_crispr	Human THP-1 ECCITE-seq CRISPR screen	recorded_hash_tag_holdout_5_levels	IFNGR1g3	IFNGR1g3	0	absolute_mean_shift	70	5000	0.7	0.05	0.6499999999999999	0.3477225929815943	0.048287016882434	pgaa-expansion-v3-ready-panel-v1	pgaa-expansion-v3-ready-panel-matched-controls-v1
papalexi2021_thp1_crispr	Human THP-1 ECCITE-seq CRISPR screen	recorded_hash_tag_holdout_5_levels	IFNGR1g3	IFNGR1g3	0	welch_abs_t	70	5000	0.69	0.03	0.6599999999999999	0.2781395618429331	-0.0030826283793051	pgaa-expansion-v3-ready-panel-v1	pgaa-expansion-v3-ready-panel-matched-controls-v1
papalexi2021_thp1_crispr	Human THP-1 ECCITE-seq CRISPR screen	recorded_hash_tag_holdout_5_levels	IFNGR1g3	IFNGR1g3	1	pgaa_w	70	5000	0.73	0.11	0.62	0.4406323754492949	0.305782776711311	pgaa-expansion-v3-ready-panel-v1	pgaa-expansion-v3-ready-panel-matched-controls-v1
papalexi2021_thp1_crispr	Human THP-1 ECCITE-seq CRISPR screen	recorded_hash_tag_holdout_5_levels	IFNGR1g3	IFNGR1g3	1	pgaa_h	70	5000	0.05	0.03	0.02	0.0904053634047149	0.0540898203520087	pgaa-expansion-v3-ready-panel-v1	pgaa-expansion-v3-ready-panel-matched-controls-v1
papalexi2021_thp1_crispr	Human THP-1 ECCITE-seq CRISPR screen	recorded_hash_tag_holdout_5_levels	IFNGR1g3	IFNGR1g3	1	absolute_mean_shift	70	5000	0.73	0.1	0.63	0.3322360737373375	0.0872063762284409	pgaa-expansion-v3-ready-panel-v1	pgaa-expansion-v3-ready-panel-matched-controls-v1
papalexi2021_thp1_crispr	Human THP-1 ECCITE-seq CRISPR screen	recorded_hash_tag_holdout_5_levels	IFNGR1g3	IFNGR1g3	1	welch_abs_t	70	5000	0.66	0.02	0.64	0.2662922656404726	0.0223511855825838	pgaa-expansion-v3-ready-panel-v1	pgaa-expansion-v3-ready-panel-matched-controls-v1
papalexi2021_thp1_crispr	Human THP-1 ECCITE-seq CRISPR screen	recorded_hash_tag_holdout_5_levels	IFNGR1g3	IFNGR1g3	2	pgaa_w	70	5000	0.66	0.1	0.56	0.4654098902323955	0.3078554473222178	pgaa-expansion-v3-ready-panel-v1	pgaa-expansion-v3-ready-panel-matched-controls-v1
papalexi2021_thp1_crispr	Human THP-1 ECCITE-seq CRISPR screen	recorded_hash_tag_holdout_5_levels	IFNGR1g3	IFNGR1g3	2	pgaa_h	70	5000	0.0	0.02	-0.02	0.043629336745346	0.0547567878707526	pgaa-expansion-v3-ready-panel-v1	pgaa-expansion-v3-ready-panel-matched-controls-v1
papalexi2021_thp1_crispr	Human THP-1 ECCITE-seq CRISPR screen	recorded_hash_tag_holdout_5_levels	IFNGR1g3	IFNGR1g3	2	absolute_mean_shift	70	5000	0.67	0.09	0.5800000000000001	0.3482787530845848	0.0754270843221346	pgaa-expansion-v3-ready-panel-v1	pgaa-expansion-v3-ready-panel-matched-controls-v1
papalexi2021_thp1_crispr	Human THP-1 ECCITE-seq CRISPR screen	recorded_hash_tag_holdout_5_levels	IFNGR1g3	IFNGR1g3	2	welch_abs_t	70	5000	0.54	0.02	0.52	0.2703017559000701	-0.0148910876360008	pgaa-expansion-v3-ready-panel-v1	pgaa-expansion-v3-ready-panel-matched-controls-v1
papalexi2021_thp1_crispr	Human THP-1 ECCITE-seq CRISPR screen	recorded_hash_tag_holdout_5_levels	IFNGR1g3	IFNGR1g3	3	pgaa_w	70	5000	0.7	0.09	0.61	0.4494290574011622	0.2920120536644821	pgaa-expansion-v3-ready-panel-v1	pgaa-expansion-v3-ready-panel-matched-controls-v1
papalexi2021_thp1_crispr	Human THP-1 ECCITE-seq CRISPR screen	recorded_hash_tag_holdout_5_levels	IFNGR1g3	IFNGR1g3	3	pgaa_h	70	5000	0.01	0.0	0.01	0.0543848314745601	0.0235874542562961	pgaa-expansion-v3-ready-panel-v1	pgaa-expansion-v3-ready-panel-matched-controls-v1
papalexi2021_thp1_crispr	Human THP-1 ECCITE-seq CRISPR screen	recorded_hash_tag_holdout_5_levels	IFNGR1g3	IFNGR1g3	3	absolute_mean_shift	70	5000	0.7	0.07	0.6299999999999999	0.3362266034091336	0.0657786904405132	pgaa-expansion-v3-ready-panel-v1	pgaa-expansion-v3-ready-panel-matched-controls-v1
papalexi2021_thp1_crispr	Human THP-1 ECCITE-seq CRISPR screen	recorded_hash_tag_holdout_5_levels	IFNGR1g3	IFNGR1g3	3	welch_abs_t	70	5000	0.64	0.0	0.64	0.2564222324008892	0.0228076844648547	pgaa-expansion-v3-ready-panel-v1	pgaa-expansion-v3-ready-panel-matched-controls-v1
papalexi2021_thp1_crispr	Human THP-1 ECCITE-seq CRISPR screen	recorded_hash_tag_holdout_5_levels	IFNGR1g3	IFNGR1g3	4	pgaa_w	70	5000	0.69	0.16	0.5299999999999999	0.467074927642997	0.2792259060810362	pgaa-expansion-v3-ready-panel-v1	pgaa-expansion-v3-ready-panel-matched-controls-v1
papalexi2021_thp1_crispr	Human THP-1 ECCITE-seq CRISPR screen	recorded_hash_tag_holdout_5_levels	IFNGR1g3	IFNGR1g3	4	pgaa_h	70	5000	0.01	0.04	-0.03	0.0172687948932433	0.0314834127085945	pgaa-expansion-v3-ready-panel-v1	pgaa-expansion-v3-ready-panel-matched-controls-v1
papalexi2021_thp1_crispr	Human THP-1 ECCITE-seq CRISPR screen	recorded_hash_tag_holdout_5_levels	IFNGR1g3	IFNGR1g3	4	absolute_mean_shift	70	5000	0.68	0.12	0.56	0.3455924812648761	0.0625728199299162	pgaa-expansion-v3-ready-panel-v1	pgaa-expansion-v3-ready-panel-matched-controls-v1
papalexi2021_thp1_crispr	Human THP-1 ECCITE-seq CRISPR screen	recorded_hash_tag_holdout_5_levels	IFNGR1g3	IFNGR1g3	4	welch_abs_t	70	5000	0.66	0.03	0.63	0.2807629386225175	-0.0032193124167724	pgaa-expansion-v3-ready-panel-v1	pgaa-expansion-v3-ready-panel-matched-controls-v1
papalexi2021_thp1_crispr	Human THP-1 ECCITE-seq CRISPR screen	recorded_hash_tag_holdout_5_levels	IFNGR2g1	IFNGR2g1	0	pgaa_w	70	5000	0.73	0.11	0.62	0.4551535459821417	0.2877960555758421	pgaa-expansion-v3-ready-panel-v1	pgaa-expansion-v3-ready-panel-matched-controls-v1
papalexi2021_thp1_crispr	Human THP-1 ECCITE-seq CRISPR screen	recorded_hash_tag_holdout_5_levels	IFNGR2g1	IFNGR2g1	0	pgaa_h	70	5000	0.04	0.03	0.01	0.0421305955771597	0.0476392169723365	pgaa-expansion-v3-ready-panel-v1	pgaa-expansion-v3-ready-panel-matched-controls-v1
papalexi2021_thp1_crispr	Human THP-1 ECCITE-seq CRISPR screen	recorded_hash_tag_holdout_5_levels	IFNGR2g1	IFNGR2g1	0	absolute_mean_shift	70	5000	0.73	0.07	0.6599999999999999	0.3440898265166256	0.0539362787079235	pgaa-expansion-v3-ready-panel-v1	pgaa-expansion-v3-ready-panel-matched-controls-v1
papalexi2021_thp1_crispr	Human THP-1 ECCITE-seq CRISPR screen	recorded_hash_tag_holdout_5_levels	IFNGR2g1	IFNGR2g1	0	welch_abs_t	70	5000	0.63	0.02	0.61	0.2669799506216055	-0.0003274713251067	pgaa-expansion-v3-ready-panel-v1	pgaa-expansion-v3-ready-panel-matched-controls-v1
papalexi2021_thp1_crispr	Human THP-1 ECCITE-seq CRISPR screen	recorded_hash_tag_holdout_5_levels	IFNGR2g1	IFNGR2g1	1	pgaa_w	70	5000	0.72	0.07	0.6499999999999999	0.4443097806843912	0.3063746308469852	pgaa-expansion-v3-ready-panel-v1	pgaa-expansion-v3-ready-panel-matched-controls-v1
papalexi2021_thp1_crispr	Human THP-1 ECCITE-seq CRISPR screen	recorded_hash_tag_holdout_5_levels	IFNGR2g1	IFNGR2g1	1	pgaa_h	70	5000	0.01	0.0	0.01	0.0537594629696105	0.0390856576088292	pgaa-expansion-v3-ready-panel-v1	pgaa-expansion-v3-ready-panel-matched-controls-v1
papalexi2021_thp1_crispr	Human THP-1 ECCITE-seq CRISPR screen	recorded_hash_tag_holdout_5_levels	IFNGR2g1	IFNGR2g1	1	absolute_mean_shift	70	5000	0.71	0.04	0.6699999999999999	0.3126272478235991	0.0700805996916336	pgaa-expansion-v3-ready-panel-v1	pgaa-expansion-v3-ready-panel-matched-controls-v1
papalexi2021_thp1_crispr	Human THP-1 ECCITE-seq CRISPR screen	recorded_hash_tag_holdout_5_levels	IFNGR2g1	IFNGR2g1	1	welch_abs_t	70	5000	0.64	0.01	0.63	0.2424836793633471	0.007140291693783	pgaa-expansion-v3-ready-panel-v1	pgaa-expansion-v3-ready-panel-matched-controls-v1
papalexi2021_thp1_crispr	Human THP-1 ECCITE-seq CRISPR screen	recorded_hash_tag_holdout_5_levels	IFNGR2g1	IFNGR2g1	2	pgaa_w	70	5000	0.72	0.11	0.61	0.4262704723788189	0.2867308171652326	pgaa-expansion-v3-ready-panel-v1	pgaa-expansion-v3-ready-panel-matched-controls-v1
papalexi2021_thp1_crispr	Human THP-1 ECCITE-seq CRISPR screen	recorded_hash_tag_holdout_5_levels	IFNGR2g1	IFNGR2g1	2	pgaa_h	70	5000	0.02	0.02	0.0	0.0610192697569489	0.0595180404900163	pgaa-expansion-v3-ready-panel-v1	pgaa-expansion-v3-ready-panel-matched-controls-v1
papalexi2021_thp1_crispr	Human THP-1 ECCITE-seq CRISPR screen	recorded_hash_tag_holdout_5_levels	IFNGR2g1	IFNGR2g1	2	absolute_mean_shift	70	5000	0.73	0.05	0.6799999999999999	0.309758260924633	0.0648396871695874	pgaa-expansion-v3-ready-panel-v1	pgaa-expansion-v3-ready-panel-matched-controls-v1
papalexi2021_thp1_crispr	Human THP-1 ECCITE-seq CRISPR screen	recorded_hash_tag_holdout_5_levels	IFNGR2g1	IFNGR2g1	2	welch_abs_t	70	5000	0.63	0.02	0.61	0.2431005217240208	0.0001171405966912	pgaa-expansion-v3-ready-panel-v1	pgaa-expansion-v3-ready-panel-matched-controls-v1
papalexi2021_thp1_crispr	Human THP-1 ECCITE-seq CRISPR screen	recorded_hash_tag_holdout_5_levels	IFNGR2g1	IFNGR2g1	3	pgaa_w	70	5000	0.7	0.1	0.6	0.456015027072601	0.2999843786873751	pgaa-expansion-v3-ready-panel-v1	pgaa-expansion-v3-ready-panel-matched-controls-v1
papalexi2021_thp1_crispr	Human THP-1 ECCITE-seq CRISPR screen	recorded_hash_tag_holdout_5_levels	IFNGR2g1	IFNGR2g1	3	pgaa_h	70	5000	0.03	0.01	0.0199999999999999	0.0507414770151185	0.0435960576258205	pgaa-expansion-v3-ready-panel-v1	pgaa-expansion-v3-ready-panel-matched-controls-v1
papalexi2021_thp1_crispr	Human THP-1 ECCITE-seq CRISPR screen	recorded_hash_tag_holdout_5_levels	IFNGR2g1	IFNGR2g1	3	absolute_mean_shift	70	5000	0.69	0.07	0.6199999999999999	0.3578006961372023	0.0817366468531593	pgaa-expansion-v3-ready-panel-v1	pgaa-expansion-v3-ready-panel-matched-controls-v1
papalexi2021_thp1_crispr	Human THP-1 ECCITE-seq CRISPR screen	recorded_hash_tag_holdout_5_levels	IFNGR2g1	IFNGR2g1	3	welch_abs_t	70	5000	0.65	0.01	0.64	0.2948494647841314	0.0203410865741316	pgaa-expansion-v3-ready-panel-v1	pgaa-expansion-v3-ready-panel-matched-controls-v1
papalexi2021_thp1_crispr	Human THP-1 ECCITE-seq CRISPR screen	recorded_hash_tag_holdout_5_levels	IFNGR2g1	IFNGR2g1	4	pgaa_w	70	5000	0.82	0.09	0.73	0.4804235080489402	0.278289826363593	pgaa-expansion-v3-ready-panel-v1	pgaa-expansion-v3-ready-panel-matched-controls-v1
papalexi2021_thp1_crispr	Human THP-1 ECCITE-seq CRISPR screen	recorded_hash_tag_holdout_5_levels	IFNGR2g1	IFNGR2g1	4	pgaa_h	70	5000	0.01	0.03	-0.0199999999999999	0.0428078506571456	0.0650981034703158	pgaa-expansion-v3-ready-panel-v1	pgaa-expansion-v3-ready-panel-matched-controls-v1
papalexi2021_thp1_crispr	Human THP-1 ECCITE-seq CRISPR screen	recorded_hash_tag_holdout_5_levels	IFNGR2g1	IFNGR2g1	4	absolute_mean_shift	70	5000	0.84	0.05	0.7899999999999999	0.373740391248525	0.0348873841045191	pgaa-expansion-v3-ready-panel-v1	pgaa-expansion-v3-ready-panel-matched-controls-v1
papalexi2021_thp1_crispr	Human THP-1 ECCITE-seq CRISPR screen	recorded_hash_tag_holdout_5_levels	IFNGR2g1	IFNGR2g1	4	welch_abs_t	70	5000	0.74	0.03	0.71	0.3086745544503903	-0.0267226443969057	pgaa-expansion-v3-ready-panel-v1	pgaa-expansion-v3-ready-panel-matched-controls-v1
papalexi2021_thp1_crispr	Human THP-1 ECCITE-seq CRISPR screen	recorded_hash_tag_holdout_5_levels	IFNGR2g2	IFNGR2g2	0	pgaa_w	70	5000	0.56	0.15	0.41	0.3781811486952458	0.2879910365756414	pgaa-expansion-v3-ready-panel-v1	pgaa-expansion-v3-ready-panel-matched-controls-v1
papalexi2021_thp1_crispr	Human THP-1 ECCITE-seq CRISPR screen	recorded_hash_tag_holdout_5_levels	IFNGR2g2	IFNGR2g2	0	pgaa_h	70	5000	0.04	0.04	0.0	0.0388191473969163	0.0762047351316693	pgaa-expansion-v3-ready-panel-v1	pgaa-expansion-v3-ready-panel-matched-controls-v1
papalexi2021_thp1_crispr	Human THP-1 ECCITE-seq CRISPR screen	recorded_hash_tag_holdout_5_levels	IFNGR2g2	IFNGR2g2	0	absolute_mean_shift	70	5000	0.55	0.09	0.4600000000000001	0.2364223384979159	0.0552060168548654	pgaa-expansion-v3-ready-panel-v1	pgaa-expansion-v3-ready-panel-matched-controls-v1
papalexi2021_thp1_crispr	Human THP-1 ECCITE-seq CRISPR screen	recorded_hash_tag_holdout_5_levels	IFNGR2g2	IFNGR2g2	0	welch_abs_t	70	5000	0.41	0.02	0.3899999999999999	0.1527419127016765	-0.0064960295718411	pgaa-expansion-v3-ready-panel-v1	pgaa-expansion-v3-ready-panel-matched-controls-v1
papalexi2021_thp1_crispr	Human THP-1 ECCITE-seq CRISPR screen	recorded_hash_tag_holdout_5_levels	IFNGR2g2	IFNGR2g2	1	pgaa_w	70	5000	0.67	0.11	0.56	0.3838192614647703	0.2676469053618762	pgaa-expansion-v3-ready-panel-v1	pgaa-expansion-v3-ready-panel-matched-controls-v1
papalexi2021_thp1_crispr	Human THP-1 ECCITE-seq CRISPR screen	recorded_hash_tag_holdout_5_levels	IFNGR2g2	IFNGR2g2	1	pgaa_h	70	5000	0.04	0.02	0.02	0.0358862805454962	0.0623570344628788	pgaa-expansion-v3-ready-panel-v1	pgaa-expansion-v3-ready-panel-matched-controls-v1
papalexi2021_thp1_crispr	Human THP-1 ECCITE-seq CRISPR screen	recorded_hash_tag_holdout_5_levels	IFNGR2g2	IFNGR2g2	1	absolute_mean_shift	70	5000	0.67	0.07	0.6000000000000001	0.2454837118951317	0.0469798730037049	pgaa-expansion-v3-ready-panel-v1	pgaa-expansion-v3-ready-panel-matched-controls-v1
papalexi2021_thp1_crispr	Human THP-1 ECCITE-seq CRISPR screen	recorded_hash_tag_holdout_5_levels	IFNGR2g2	IFNGR2g2	1	welch_abs_t	70	5000	0.52	0.02	0.5	0.1669690364707614	-0.0088984916841532	pgaa-expansion-v3-ready-panel-v1	pgaa-expansion-v3-ready-panel-matched-controls-v1
papalexi2021_thp1_crispr	Human THP-1 ECCITE-seq CRISPR screen	recorded_hash_tag_holdout_5_levels	IFNGR2g2	IFNGR2g2	2	pgaa_w	70	5000	0.68	0.12	0.56	0.4113229195569167	0.3003637175185486	pgaa-expansion-v3-ready-panel-v1	pgaa-expansion-v3-ready-panel-matched-controls-v1
papalexi2021_thp1_crispr	Human THP-1 ECCITE-seq CRISPR screen	recorded_hash_tag_holdout_5_levels	IFNGR2g2	IFNGR2g2	2	pgaa_h	70	5000	0.03	0.04	-0.01	0.0818496038152058	0.0475716739947168	pgaa-expansion-v3-ready-panel-v1	pgaa-expansion-v3-ready-panel-matched-controls-v1
papalexi2021_thp1_crispr	Human THP-1 ECCITE-seq CRISPR screen	recorded_hash_tag_holdout_5_levels	IFNGR2g2	IFNGR2g2	2	absolute_mean_shift	70	5000	0.68	0.1	0.5800000000000001	0.2742485974536898	0.0994485445427153	pgaa-expansion-v3-ready-panel-v1	pgaa-expansion-v3-ready-panel-matched-controls-v1
papalexi2021_thp1_crispr	Human THP-1 ECCITE-seq CRISPR screen	recorded_hash_tag_holdout_5_levels	IFNGR2g2	IFNGR2g2	2	welch_abs_t	70	5000	0.59	0.03	0.5599999999999999	0.2047640909105635	0.0400228545289141	pgaa-expansion-v3-ready-panel-v1	pgaa-expansion-v3-ready-panel-matched-controls-v1
papalexi2021_thp1_crispr	Human THP-1 ECCITE-seq CRISPR screen	recorded_hash_tag_holdout_5_levels	IFNGR2g2	IFNGR2g2	3	pgaa_w	70	5000	0.69	0.15	0.5399999999999999	0.3830022080240883	0.2938798690991947	pgaa-expansion-v3-ready-panel-v1	pgaa-expansion-v3-ready-panel-matched-controls-v1
papalexi2021_thp1_crispr	Human THP-1 ECCITE-seq CRISPR screen	recorded_hash_tag_holdout_5_levels	IFNGR2g2	IFNGR2g2	3	pgaa_h	70	5000	0.03	0.07	-0.04	0.0635649084476508	0.0730413765654206	pgaa-expansion-v3-ready-panel-v1	pgaa-expansion-v3-ready-panel-matched-controls-v1
papalexi2021_thp1_crispr	Human THP-1 ECCITE-seq CRISPR screen	recorded_hash_tag_holdout_5_levels	IFNGR2g2	IFNGR2g2	3	absolute_mean_shift	70	5000	0.66	0.12	0.54	0.259462618013186	0.0774748725464324	pgaa-expansion-v3-ready-panel-v1	pgaa-expansion-v3-ready-panel-matched-controls-v1
papalexi2021_thp1_crispr	Human THP-1 ECCITE-seq CRISPR screen	recorded_hash_tag_holdout_5_levels	IFNGR2g2	IFNGR2g2	3	welch_abs_t	70	5000	0.53	0.02	0.51	0.1759159413406376	0.0192359045774361	pgaa-expansion-v3-ready-panel-v1	pgaa-expansion-v3-ready-panel-matched-controls-v1
papalexi2021_thp1_crispr	Human THP-1 ECCITE-seq CRISPR screen	recorded_hash_tag_holdout_5_levels	IFNGR2g2	IFNGR2g2	4	pgaa_w	70	5000	0.68	0.11	0.5700000000000001	0.3925824062952961	0.2956018879840754	pgaa-expansion-v3-ready-panel-v1	pgaa-expansion-v3-ready-panel-matched-controls-v1
papalexi2021_thp1_crispr	Human THP-1 ECCITE-seq CRISPR screen	recorded_hash_tag_holdout_5_levels	IFNGR2g2	IFNGR2g2	4	pgaa_h	70	5000	0.05	0.02	0.03	0.0564610910172578	0.0466506016742762	pgaa-expansion-v3-ready-panel-v1	pgaa-expansion-v3-ready-panel-matched-controls-v1
papalexi2021_thp1_crispr	Human THP-1 ECCITE-seq CRISPR screen	recorded_hash_tag_holdout_5_levels	IFNGR2g2	IFNGR2g2	4	absolute_mean_shift	70	5000	0.69	0.07	0.6199999999999999	0.260171518659349	0.0628266211415883	pgaa-expansion-v3-ready-panel-v1	pgaa-expansion-v3-ready-panel-matched-controls-v1
papalexi2021_thp1_crispr	Human THP-1 ECCITE-seq CRISPR screen	recorded_hash_tag_holdout_5_levels	IFNGR2g2	IFNGR2g2	4	welch_abs_t	70	5000	0.51	0.01	0.5	0.1885398487255939	0.0050364550174581	pgaa-expansion-v3-ready-panel-v1	pgaa-expansion-v3-ready-panel-matched-controls-v1
papalexi2021_thp1_crispr	Human THP-1 ECCITE-seq CRISPR screen	recorded_hash_tag_holdout_5_levels	IRF1g1	IRF1g1	0	pgaa_w	70	5000	0.15	0.12	0.03	0.3162405186016206	0.2968413169616526	pgaa-expansion-v3-ready-panel-v1	pgaa-expansion-v3-ready-panel-matched-controls-v1
papalexi2021_thp1_crispr	Human THP-1 ECCITE-seq CRISPR screen	recorded_hash_tag_holdout_5_levels	IRF1g1	IRF1g1	0	pgaa_h	70	5000	0.01	0.04	-0.03	0.0477768362716814	0.0406191248098836	pgaa-expansion-v3-ready-panel-v1	pgaa-expansion-v3-ready-panel-matched-controls-v1
papalexi2021_thp1_crispr	Human THP-1 ECCITE-seq CRISPR screen	recorded_hash_tag_holdout_5_levels	IRF1g1	IRF1g1	0	absolute_mean_shift	70	5000	0.14	0.05	0.09	0.1142986834761768	0.0498564153922393	pgaa-expansion-v3-ready-panel-v1	pgaa-expansion-v3-ready-panel-matched-controls-v1
papalexi2021_thp1_crispr	Human THP-1 ECCITE-seq CRISPR screen	recorded_hash_tag_holdout_5_levels	IRF1g1	IRF1g1	0	welch_abs_t	70	5000	0.07	0.01	0.06	0.0298280351458372	-0.0174070334166991	pgaa-expansion-v3-ready-panel-v1	pgaa-expansion-v3-ready-panel-matched-controls-v1
papalexi2021_thp1_crispr	Human THP-1 ECCITE-seq CRISPR screen	recorded_hash_tag_holdout_5_levels	IRF1g1	IRF1g1	1	pgaa_w	70	5000	0.27	0.09	0.18	0.3194983418039336	0.2869997534959901	pgaa-expansion-v3-ready-panel-v1	pgaa-expansion-v3-ready-panel-matched-controls-v1
papalexi2021_thp1_crispr	Human THP-1 ECCITE-seq CRISPR screen	recorded_hash_tag_holdout_5_levels	IRF1g1	IRF1g1	1	pgaa_h	70	5000	0.01	0.0	0.01	0.0737668048065642	0.0325845546489485	pgaa-expansion-v3-ready-panel-v1	pgaa-expansion-v3-ready-panel-matched-controls-v1
papalexi2021_thp1_crispr	Human THP-1 ECCITE-seq CRISPR screen	recorded_hash_tag_holdout_5_levels	IRF1g1	IRF1g1	1	absolute_mean_shift	70	5000	0.25	0.03	0.22	0.1107607280917204	0.0763435879164015	pgaa-expansion-v3-ready-panel-v1	pgaa-expansion-v3-ready-panel-matched-controls-v1
papalexi2021_thp1_crispr	Human THP-1 ECCITE-seq CRISPR screen	recorded_hash_tag_holdout_5_levels	IRF1g1	IRF1g1	1	welch_abs_t	70	5000	0.1	0.0	0.1	0.0385908151756326	0.0163012015484392	pgaa-expansion-v3-ready-panel-v1	pgaa-expansion-v3-ready-panel-matched-controls-v1
papalexi2021_thp1_crispr	Human THP-1 ECCITE-seq CRISPR screen	recorded_hash_tag_holdout_5_levels	IRF1g1	IRF1g1	2	pgaa_w	70	5000	0.26	0.11	0.15	0.3170917813556712	0.300784276927371	pgaa-expansion-v3-ready-panel-v1	pgaa-expansion-v3-ready-panel-matched-controls-v1
papalexi2021_thp1_crispr	Human THP-1 ECCITE-seq CRISPR screen	recorded_hash_tag_holdout_5_levels	IRF1g1	IRF1g1	2	pgaa_h	70	5000	0.03	0.0	0.03	0.054345446660187	0.0499197365237902	pgaa-expansion-v3-ready-panel-v1	pgaa-expansion-v3-ready-panel-matched-controls-v1
papalexi2021_thp1_crispr	Human THP-1 ECCITE-seq CRISPR screen	recorded_hash_tag_holdout_5_levels	IRF1g1	IRF1g1	2	absolute_mean_shift	70	5000	0.22	0.07	0.15	0.1154386819858588	0.0881621975391832	pgaa-expansion-v3-ready-panel-v1	pgaa-expansion-v3-ready-panel-matched-controls-v1
papalexi2021_thp1_crispr	Human THP-1 ECCITE-seq CRISPR screen	recorded_hash_tag_holdout_5_levels	IRF1g1	IRF1g1	2	welch_abs_t	70	5000	0.11	0.0	0.11	0.0326877725395109	0.0275127991165119	pgaa-expansion-v3-ready-panel-v1	pgaa-expansion-v3-ready-panel-matched-controls-v1
papalexi2021_thp1_crispr	Human THP-1 ECCITE-seq CRISPR screen	recorded_hash_tag_holdout_5_levels	IRF1g1	IRF1g1	3	pgaa_w	70	5000	0.22	0.11	0.11	0.2979783383191335	0.2760117168964686	pgaa-expansion-v3-ready-panel-v1	pgaa-expansion-v3-ready-panel-matched-controls-v1
papalexi2021_thp1_crispr	Human THP-1 ECCITE-seq CRISPR screen	recorded_hash_tag_holdout_5_levels	IRF1g1	IRF1g1	3	pgaa_h	70	5000	0.04	0.03	0.01	0.071371298679269	0.0632968035705893	pgaa-expansion-v3-ready-panel-v1	pgaa-expansion-v3-ready-panel-matched-controls-v1
papalexi2021_thp1_crispr	Human THP-1 ECCITE-seq CRISPR screen	recorded_hash_tag_holdout_5_levels	IRF1g1	IRF1g1	3	absolute_mean_shift	70	5000	0.23	0.05	0.18	0.0968190248077319	0.0406740666679388	pgaa-expansion-v3-ready-panel-v1	pgaa-expansion-v3-ready-panel-matched-controls-v1
papalexi2021_thp1_crispr	Human THP-1 ECCITE-seq CRISPR screen	recorded_hash_tag_holdout_5_levels	IRF1g1	IRF1g1	3	welch_abs_t	70	5000	0.11	0.02	0.09	0.0148924599556983	-0.0148698740351518	pgaa-expansion-v3-ready-panel-v1	pgaa-expansion-v3-ready-panel-matched-controls-v1
papalexi2021_thp1_crispr	Human THP-1 ECCITE-seq CRISPR screen	recorded_hash_tag_holdout_5_levels	IRF1g1	IRF1g1	4	pgaa_w	70	5000	0.25	0.07	0.18	0.3331551412622056	0.2986569479462778	pgaa-expansion-v3-ready-panel-v1	pgaa-expansion-v3-ready-panel-matched-controls-v1
papalexi2021_thp1_crispr	Human THP-1 ECCITE-seq CRISPR screen	recorded_hash_tag_holdout_5_levels	IRF1g1	IRF1g1	4	pgaa_h	70	5000	0.03	0.03	0.0	0.0391998706335408	0.066108601944465	pgaa-expansion-v3-ready-panel-v1	pgaa-expansion-v3-ready-panel-matched-controls-v1
papalexi2021_thp1_crispr	Human THP-1 ECCITE-seq CRISPR screen	recorded_hash_tag_holdout_5_levels	IRF1g1	IRF1g1	4	absolute_mean_shift	70	5000	0.24	0.09	0.15	0.1461950973073126	0.0457106415928138	pgaa-expansion-v3-ready-panel-v1	pgaa-expansion-v3-ready-panel-matched-controls-v1
papalexi2021_thp1_crispr	Human THP-1 ECCITE-seq CRISPR screen	recorded_hash_tag_holdout_5_levels	IRF1g1	IRF1g1	4	welch_abs_t	70	5000	0.13	0.02	0.11	0.0647311921923547	-0.0153701171431735	pgaa-expansion-v3-ready-panel-v1	pgaa-expansion-v3-ready-panel-matched-controls-v1
papalexi2021_thp1_crispr	Human THP-1 ECCITE-seq CRISPR screen	recorded_hash_tag_holdout_5_levels	JAK2g1	JAK2g1	0	pgaa_w	70	5000	0.69	0.17	0.5199999999999999	0.4163324540612981	0.2944273008650919	pgaa-expansion-v3-ready-panel-v1	pgaa-expansion-v3-ready-panel-matched-controls-v1
papalexi2021_thp1_crispr	Human THP-1 ECCITE-seq CRISPR screen	recorded_hash_tag_holdout_5_levels	JAK2g1	JAK2g1	0	pgaa_h	70	5000	0.02	0.03	-0.0099999999999999	0.070182954741788	0.066983878664081	pgaa-expansion-v3-ready-panel-v1	pgaa-expansion-v3-ready-panel-matched-controls-v1
papalexi2021_thp1_crispr	Human THP-1 ECCITE-seq CRISPR screen	recorded_hash_tag_holdout_5_levels	JAK2g1	JAK2g1	0	absolute_mean_shift	70	5000	0.7	0.11	0.59	0.3018680224252106	0.0744790957063138	pgaa-expansion-v3-ready-panel-v1	pgaa-expansion-v3-ready-panel-matched-controls-v1
papalexi2021_thp1_crispr	Human THP-1 ECCITE-seq CRISPR screen	recorded_hash_tag_holdout_5_levels	JAK2g1	JAK2g1	0	welch_abs_t	70	5000	0.57	0.0	0.57	0.2250391399509665	0.0039149291646911	pgaa-expansion-v3-ready-panel-v1	pgaa-expansion-v3-ready-panel-matched-controls-v1
papalexi2021_thp1_crispr	Human THP-1 ECCITE-seq CRISPR screen	recorded_hash_tag_holdout_5_levels	JAK2g1	JAK2g1	1	pgaa_w	70	5000	0.7	0.05	0.6499999999999999	0.3840539651541586	0.2889807660872306	pgaa-expansion-v3-ready-panel-v1	pgaa-expansion-v3-ready-panel-matched-controls-v1
papalexi2021_thp1_crispr	Human THP-1 ECCITE-seq CRISPR screen	recorded_hash_tag_holdout_5_levels	JAK2g1	JAK2g1	1	pgaa_h	70	5000	0.02	0.02	0.0	0.0651604884524875	0.0462370258042025	pgaa-expansion-v3-ready-panel-v1	pgaa-expansion-v3-ready-panel-matched-controls-v1
papalexi2021_thp1_crispr	Human THP-1 ECCITE-seq CRISPR screen	recorded_hash_tag_holdout_5_levels	JAK2g1	JAK2g1	1	absolute_mean_shift	70	5000	0.7	0.06	0.6399999999999999	0.2712571485753062	0.0608445342650827	pgaa-expansion-v3-ready-panel-v1	pgaa-expansion-v3-ready-panel-matched-controls-v1
papalexi2021_thp1_crispr	Human THP-1 ECCITE-seq CRISPR screen	recorded_hash_tag_holdout_5_levels	JAK2g1	JAK2g1	1	welch_abs_t	70	5000	0.56	0.01	0.55	0.1982606753911853	0.0063944033917761	pgaa-expansion-v3-ready-panel-v1	pgaa-expansion-v3-ready-panel-matched-controls-v1
papalexi2021_thp1_crispr	Human THP-1 ECCITE-seq CRISPR screen	recorded_hash_tag_holdout_5_levels	JAK2g1	JAK2g1	2	pgaa_w	70	5000	0.75	0.09	0.66	0.4095961436798456	0.2702505042820201	pgaa-expansion-v3-ready-panel-v1	pgaa-expansion-v3-ready-panel-matched-controls-v1
papalexi2021_thp1_crispr	Human THP-1 ECCITE-seq CRISPR screen	recorded_hash_tag_holdout_5_levels	JAK2g1	JAK2g1	2	pgaa_h	70	5000	0.03	0.02	0.0099999999999999	0.0197789070310855	0.0825194645220032	pgaa-expansion-v3-ready-panel-v1	pgaa-expansion-v3-ready-panel-matched-controls-v1
papalexi2021_thp1_crispr	Human THP-1 ECCITE-seq CRISPR screen	recorded_hash_tag_holdout_5_levels	JAK2g1	JAK2g1	2	absolute_mean_shift	70	5000	0.73	0.11	0.62	0.2832170727158717	0.0598273087202716	pgaa-expansion-v3-ready-panel-v1	pgaa-expansion-v3-ready-panel-matched-controls-v1
papalexi2021_thp1_crispr	Human THP-1 ECCITE-seq CRISPR screen	recorded_hash_tag_holdout_5_levels	JAK2g1	JAK2g1	2	welch_abs_t	70	5000	0.64	0.03	0.61	0.2053411780376471	0.0046271664890866	pgaa-expansion-v3-ready-panel-v1	pgaa-expansion-v3-ready-panel-matched-controls-v1
papalexi2021_thp1_crispr	Human THP-1 ECCITE-seq CRISPR screen	recorded_hash_tag_holdout_5_levels	JAK2g1	JAK2g1	3	pgaa_w	70	5000	0.62	0.09	0.53	0.4098190233367608	0.2892592441463697	pgaa-expansion-v3-ready-panel-v1	pgaa-expansion-v3-ready-panel-matched-controls-v1
papalexi2021_thp1_crispr	Human THP-1 ECCITE-seq CRISPR screen	recorded_hash_tag_holdout_5_levels	JAK2g1	JAK2g1	3	pgaa_h	70	5000	0.02	0.03	-0.0099999999999999	0.0299273540627675	0.0603709499996273	pgaa-expansion-v3-ready-panel-v1	pgaa-expansion-v3-ready-panel-matched-controls-v1
papalexi2021_thp1_crispr	Human THP-1 ECCITE-seq CRISPR screen	recorded_hash_tag_holdout_5_levels	JAK2g1	JAK2g1	3	absolute_mean_shift	70	5000	0.61	0.16	0.4499999999999999	0.2798920304411161	0.0801373812451884	pgaa-expansion-v3-ready-panel-v1	pgaa-expansion-v3-ready-panel-matched-controls-v1
papalexi2021_thp1_crispr	Human THP-1 ECCITE-seq CRISPR screen	recorded_hash_tag_holdout_5_levels	JAK2g1	JAK2g1	3	welch_abs_t	70	5000	0.55	0.01	0.54	0.2028309090301043	0.0240800734117808	pgaa-expansion-v3-ready-panel-v1	pgaa-expansion-v3-ready-panel-matched-controls-v1
papalexi2021_thp1_crispr	Human THP-1 ECCITE-seq CRISPR screen	recorded_hash_tag_holdout_5_levels	JAK2g1	JAK2g1	4	pgaa_w	70	5000	0.78	0.09	0.6900000000000001	0.431101977468079	0.2880723057628921	pgaa-expansion-v3-ready-panel-v1	pgaa-expansion-v3-ready-panel-matched-controls-v1
papalexi2021_thp1_crispr	Human THP-1 ECCITE-seq CRISPR screen	recorded_hash_tag_holdout_5_levels	JAK2g1	JAK2g1	4	pgaa_h	70	5000	0.03	0.03	0.0	0.0708708407578594	0.0833874507950007	pgaa-expansion-v3-ready-panel-v1	pgaa-expansion-v3-ready-panel-matched-controls-v1
papalexi2021_thp1_crispr	Human THP-1 ECCITE-seq CRISPR screen	recorded_hash_tag_holdout_5_levels	JAK2g1	JAK2g1	4	absolute_mean_shift	70	5000	0.77	0.04	0.73	0.3169617554616844	0.0569862561902885	pgaa-expansion-v3-ready-panel-v1	pgaa-expansion-v3-ready-panel-matched-controls-v1
papalexi2021_thp1_crispr	Human THP-1 ECCITE-seq CRISPR screen	recorded_hash_tag_holdout_5_levels	JAK2g1	JAK2g1	4	welch_abs_t	70	5000	0.64	0.03	0.61	0.251599649647986	-0.0033576993503885	pgaa-expansion-v3-ready-panel-v1	pgaa-expansion-v3-ready-panel-matched-controls-v1
papalexi2021_thp1_crispr	Human THP-1 ECCITE-seq CRISPR screen	recorded_hash_tag_holdout_5_levels	JAK2g2	JAK2g2	0	pgaa_w	70	5000	0.65	0.1	0.55	0.439172601694904	0.3022147476405898	pgaa-expansion-v3-ready-panel-v1	pgaa-expansion-v3-ready-panel-matched-controls-v1
papalexi2021_thp1_crispr	Human THP-1 ECCITE-seq CRISPR screen	recorded_hash_tag_holdout_5_levels	JAK2g2	JAK2g2	0	pgaa_h	70	5000	0.05	0.04	0.01	0.0766399283915177	0.0690028904808757	pgaa-expansion-v3-ready-panel-v1	pgaa-expansion-v3-ready-panel-matched-controls-v1
papalexi2021_thp1_crispr	Human THP-1 ECCITE-seq CRISPR screen	recorded_hash_tag_holdout_5_levels	JAK2g2	JAK2g2	0	absolute_mean_shift	70	5000	0.65	0.07	0.5800000000000001	0.309437402807202	0.0877623010688109	pgaa-expansion-v3-ready-panel-v1	pgaa-expansion-v3-ready-panel-matched-controls-v1
papalexi2021_thp1_crispr	Human THP-1 ECCITE-seq CRISPR screen	recorded_hash_tag_holdout_5_levels	JAK2g2	JAK2g2	0	welch_abs_t	70	5000	0.6	0.02	0.58	0.2393187117807484	0.0293682154787286	pgaa-expansion-v3-ready-panel-v1	pgaa-expansion-v3-ready-panel-matched-controls-v1
papalexi2021_thp1_crispr	Human THP-1 ECCITE-seq CRISPR screen	recorded_hash_tag_holdout_5_levels	JAK2g2	JAK2g2	1	pgaa_w	70	5000	0.71	0.08	0.63	0.4377420650296825	0.2695438495977539	pgaa-expansion-v3-ready-panel-v1	pgaa-expansion-v3-ready-panel-matched-controls-v1
papalexi2021_thp1_crispr	Human THP-1 ECCITE-seq CRISPR screen	recorded_hash_tag_holdout_5_levels	JAK2g2	JAK2g2	1	pgaa_h	70	5000	0.03	0.02	0.0099999999999999	0.053001240655313	0.0546237363566571	pgaa-expansion-v3-ready-panel-v1	pgaa-expansion-v3-ready-panel-matched-controls-v1
papalexi2021_thp1_crispr	Human THP-1 ECCITE-seq CRISPR screen	recorded_hash_tag_holdout_5_levels	JAK2g2	JAK2g2	1	absolute_mean_shift	70	5000	0.7	0.03	0.6699999999999999	0.3145484394450358	0.0364364515418304	pgaa-expansion-v3-ready-panel-v1	pgaa-expansion-v3-ready-panel-matched-controls-v1
papalexi2021_thp1_crispr	Human THP-1 ECCITE-seq CRISPR screen	recorded_hash_tag_holdout_5_levels	JAK2g2	JAK2g2	1	welch_abs_t	70	5000	0.63	0.02	0.61	0.2498162201366487	-0.0187204909732689	pgaa-expansion-v3-ready-panel-v1	pgaa-expansion-v3-ready-panel-matched-controls-v1
papalexi2021_thp1_crispr	Human THP-1 ECCITE-seq CRISPR screen	recorded_hash_tag_holdout_5_levels	JAK2g2	JAK2g2	2	pgaa_w	70	5000	0.66	0.09	0.5700000000000001	0.429600803520032	0.2900174993126999	pgaa-expansion-v3-ready-panel-v1	pgaa-expansion-v3-ready-panel-matched-controls-v1
papalexi2021_thp1_crispr	Human THP-1 ECCITE-seq CRISPR screen	recorded_hash_tag_holdout_5_levels	JAK2g2	JAK2g2	2	pgaa_h	70	5000	0.01	0.01	0.0	0.0392863022662905	0.0645480728056095	pgaa-expansion-v3-ready-panel-v1	pgaa-expansion-v3-ready-panel-matched-controls-v1
papalexi2021_thp1_crispr	Human THP-1 ECCITE-seq CRISPR screen	recorded_hash_tag_holdout_5_levels	JAK2g2	JAK2g2	2	absolute_mean_shift	70	5000	0.66	0.05	0.61	0.2952306351246531	0.0864490893160383	pgaa-expansion-v3-ready-panel-v1	pgaa-expansion-v3-ready-panel-matched-controls-v1
papalexi2021_thp1_crispr	Human THP-1 ECCITE-seq CRISPR screen	recorded_hash_tag_holdout_5_levels	JAK2g2	JAK2g2	2	welch_abs_t	70	5000	0.63	0.0	0.63	0.2230486601806527	0.0123329861893194	pgaa-expansion-v3-ready-panel-v1	pgaa-expansion-v3-ready-panel-matched-controls-v1
papalexi2021_thp1_crispr	Human THP-1 ECCITE-seq CRISPR screen	recorded_hash_tag_holdout_5_levels	JAK2g2	JAK2g2	3	pgaa_w	70	5000	0.71	0.1	0.61	0.4542453684738146	0.2981922114476883	pgaa-expansion-v3-ready-panel-v1	pgaa-expansion-v3-ready-panel-matched-controls-v1
papalexi2021_thp1_crispr	Human THP-1 ECCITE-seq CRISPR screen	recorded_hash_tag_holdout_5_levels	JAK2g2	JAK2g2	3	pgaa_h	70	5000	0.03	0.01	0.0199999999999999	0.0580156286923608	0.0436353018080525	pgaa-expansion-v3-ready-panel-v1	pgaa-expansion-v3-ready-panel-matched-controls-v1
papalexi2021_thp1_crispr	Human THP-1 ECCITE-seq CRISPR screen	recorded_hash_tag_holdout_5_levels	JAK2g2	JAK2g2	3	absolute_mean_shift	70	5000	0.71	0.08	0.63	0.3434010714402845	0.0800829035508481	pgaa-expansion-v3-ready-panel-v1	pgaa-expansion-v3-ready-panel-matched-controls-v1
papalexi2021_thp1_crispr	Human THP-1 ECCITE-seq CRISPR screen	recorded_hash_tag_holdout_5_levels	JAK2g2	JAK2g2	3	welch_abs_t	70	5000	0.69	0.01	0.6799999999999999	0.2814395900415835	0.0031629578225183	pgaa-expansion-v3-ready-panel-v1	pgaa-expansion-v3-ready-panel-matched-controls-v1
papalexi2021_thp1_crispr	Human THP-1 ECCITE-seq CRISPR screen	recorded_hash_tag_holdout_5_levels	JAK2g2	JAK2g2	4	pgaa_w	70	5000	0.61	0.1	0.51	0.4153603689664146	0.2589186938767477	pgaa-expansion-v3-ready-panel-v1	pgaa-expansion-v3-ready-panel-matched-controls-v1
papalexi2021_thp1_crispr	Human THP-1 ECCITE-seq CRISPR screen	recorded_hash_tag_holdout_5_levels	JAK2g2	JAK2g2	4	pgaa_h	70	5000	0.03	0.05	-0.02	0.0454259916609096	0.0702405302407429	pgaa-expansion-v3-ready-panel-v1	pgaa-expansion-v3-ready-panel-matched-controls-v1
papalexi2021_thp1_crispr	Human THP-1 ECCITE-seq CRISPR screen	recorded_hash_tag_holdout_5_levels	JAK2g2	JAK2g2	4	absolute_mean_shift	70	5000	0.61	0.05	0.5599999999999999	0.2734025054866619	0.0294230925411606	pgaa-expansion-v3-ready-panel-v1	pgaa-expansion-v3-ready-panel-matched-controls-v1
papalexi2021_thp1_crispr	Human THP-1 ECCITE-seq CRISPR screen	recorded_hash_tag_holdout_5_levels	JAK2g2	JAK2g2	4	welch_abs_t	70	5000	0.49	0.0	0.49	0.1918527564421102	-0.0317866469042287	pgaa-expansion-v3-ready-panel-v1	pgaa-expansion-v3-ready-panel-matched-controls-v1
papalexi2021_thp1_crispr	Human THP-1 ECCITE-seq CRISPR screen	recorded_hash_tag_holdout_5_levels	JAK2g4	JAK2g4	0	pgaa_w	70	5000	0.69	0.14	0.5499999999999999	0.4459340510213619	0.2840850440034017	pgaa-expansion-v3-ready-panel-v1	pgaa-expansion-v3-ready-panel-matched-controls-v1
papalexi2021_thp1_crispr	Human THP-1 ECCITE-seq CRISPR screen	recorded_hash_tag_holdout_5_levels	JAK2g4	JAK2g4	0	pgaa_h	70	5000	0.01	0.01	0.0	0.027832711534074	0.0335982576975686	pgaa-expansion-v3-ready-panel-v1	pgaa-expansion-v3-ready-panel-matched-controls-v1
papalexi2021_thp1_crispr	Human THP-1 ECCITE-seq CRISPR screen	recorded_hash_tag_holdout_5_levels	JAK2g4	JAK2g4	0	absolute_mean_shift	70	5000	0.69	0.07	0.6199999999999999	0.3263285193571407	0.0455519121668224	pgaa-expansion-v3-ready-panel-v1	pgaa-expansion-v3-ready-panel-matched-controls-v1
papalexi2021_thp1_crispr	Human THP-1 ECCITE-seq CRISPR screen	recorded_hash_tag_holdout_5_levels	JAK2g4	JAK2g4	0	welch_abs_t	70	5000	0.61	0.03	0.58	0.2540030871742196	-0.0122546313224793	pgaa-expansion-v3-ready-panel-v1	pgaa-expansion-v3-ready-panel-matched-controls-v1
papalexi2021_thp1_crispr	Human THP-1 ECCITE-seq CRISPR screen	recorded_hash_tag_holdout_5_levels	JAK2g4	JAK2g4	1	pgaa_w	70	5000	0.7	0.08	0.62	0.4492520549940821	0.2609745549829821	pgaa-expansion-v3-ready-panel-v1	pgaa-expansion-v3-ready-panel-matched-controls-v1
papalexi2021_thp1_crispr	Human THP-1 ECCITE-seq CRISPR screen	recorded_hash_tag_holdout_5_levels	JAK2g4	JAK2g4	1	pgaa_h	70	5000	0.01	0.02	-0.01	0.043840550856795	0.0985739756651836	pgaa-expansion-v3-ready-panel-v1	pgaa-expansion-v3-ready-panel-matched-controls-v1
papalexi2021_thp1_crispr	Human THP-1 ECCITE-seq CRISPR screen	recorded_hash_tag_holdout_5_levels	JAK2g4	JAK2g4	1	absolute_mean_shift	70	5000	0.7	0.06	0.6399999999999999	0.3434812003874916	0.0477824770964458	pgaa-expansion-v3-ready-panel-v1	pgaa-expansion-v3-ready-panel-matched-controls-v1
papalexi2021_thp1_crispr	Human THP-1 ECCITE-seq CRISPR screen	recorded_hash_tag_holdout_5_levels	JAK2g4	JAK2g4	1	welch_abs_t	70	5000	0.64	0.0	0.64	0.2744920166756806	-0.0146057054005787	pgaa-expansion-v3-ready-panel-v1	pgaa-expansion-v3-ready-panel-matched-controls-v1
papalexi2021_thp1_crispr	Human THP-1 ECCITE-seq CRISPR screen	recorded_hash_tag_holdout_5_levels	JAK2g4	JAK2g4	2	pgaa_w	70	5000	0.67	0.13	0.54	0.4286429487937179	0.2541483794779351	pgaa-expansion-v3-ready-panel-v1	pgaa-expansion-v3-ready-panel-matched-controls-v1
papalexi2021_thp1_crispr	Human THP-1 ECCITE-seq CRISPR screen	recorded_hash_tag_holdout_5_levels	JAK2g4	JAK2g4	2	pgaa_h	70	5000	0.02	0.04	-0.02	0.0440951256142815	0.0503035864315382	pgaa-expansion-v3-ready-panel-v1	pgaa-expansion-v3-ready-panel-matched-controls-v1
papalexi2021_thp1_crispr	Human THP-1 ECCITE-seq CRISPR screen	recorded_hash_tag_holdout_5_levels	JAK2g4	JAK2g4	2	absolute_mean_shift	70	5000	0.68	0.12	0.56	0.305147335413217	0.0567905856677123	pgaa-expansion-v3-ready-panel-v1	pgaa-expansion-v3-ready-panel-matched-controls-v1
papalexi2021_thp1_crispr	Human THP-1 ECCITE-seq CRISPR screen	recorded_hash_tag_holdout_5_levels	JAK2g4	JAK2g4	2	welch_abs_t	70	5000	0.61	0.03	0.58	0.2369506262197118	0.0060095431203817	pgaa-expansion-v3-ready-panel-v1	pgaa-expansion-v3-ready-panel-matched-controls-v1
papalexi2021_thp1_crispr	Human THP-1 ECCITE-seq CRISPR screen	recorded_hash_tag_holdout_5_levels	JAK2g4	JAK2g4	3	pgaa_w	70	5000	0.72	0.13	0.59	0.4613817411112695	0.3270703080268122	pgaa-expansion-v3-ready-panel-v1	pgaa-expansion-v3-ready-panel-matched-controls-v1
papalexi2021_thp1_crispr	Human THP-1 ECCITE-seq CRISPR screen	recorded_hash_tag_holdout_5_levels	JAK2g4	JAK2g4	3	pgaa_h	70	5000	0.04	0.06	-0.0199999999999999	0.058044031418585	0.0596435952470341	pgaa-expansion-v3-ready-panel-v1	pgaa-expansion-v3-ready-panel-matched-controls-v1
papalexi2021_thp1_crispr	Human THP-1 ECCITE-seq CRISPR screen	recorded_hash_tag_holdout_5_levels	JAK2g4	JAK2g4	3	absolute_mean_shift	70	5000	0.71	0.12	0.59	0.3470678370117023	0.1091368483253318	pgaa-expansion-v3-ready-panel-v1	pgaa-expansion-v3-ready-panel-matched-controls-v1
papalexi2021_thp1_crispr	Human THP-1 ECCITE-seq CRISPR screen	recorded_hash_tag_holdout_5_levels	JAK2g4	JAK2g4	3	welch_abs_t	70	5000	0.67	0.01	0.66	0.2714410574496422	0.0242107223610099	pgaa-expansion-v3-ready-panel-v1	pgaa-expansion-v3-ready-panel-matched-controls-v1
papalexi2021_thp1_crispr	Human THP-1 ECCITE-seq CRISPR screen	recorded_hash_tag_holdout_5_levels	JAK2g4	JAK2g4	4	pgaa_w	70	5000	0.72	0.12	0.6	0.4524688952187558	0.2790732360269294	pgaa-expansion-v3-ready-panel-v1	pgaa-expansion-v3-ready-panel-matched-controls-v1
papalexi2021_thp1_crispr	Human THP-1 ECCITE-seq CRISPR screen	recorded_hash_tag_holdout_5_levels	JAK2g4	JAK2g4	4	pgaa_h	70	5000	0.06	0.03	0.03	0.0442895064252981	0.0481819684992161	pgaa-expansion-v3-ready-panel-v1	pgaa-expansion-v3-ready-panel-matched-controls-v1
papalexi2021_thp1_crispr	Human THP-1 ECCITE-seq CRISPR screen	recorded_hash_tag_holdout_5_levels	JAK2g4	JAK2g4	4	absolute_mean_shift	70	5000	0.72	0.06	0.6599999999999999	0.3197690534531344	0.0659811005784111	pgaa-expansion-v3-ready-panel-v1	pgaa-expansion-v3-ready-panel-matched-controls-v1
papalexi2021_thp1_crispr	Human THP-1 ECCITE-seq CRISPR screen	recorded_hash_tag_holdout_5_levels	JAK2g4	JAK2g4	4	welch_abs_t	70	5000	0.65	0.0	0.65	0.254675650475026	0.006904433268343	pgaa-expansion-v3-ready-panel-v1	pgaa-expansion-v3-ready-panel-matched-controls-v1
frangieh2021_melanoma_crispr	Human melanoma CRISPR perturb-seq	recorded_moi_holdout_20_levels	A2M	A2M	0	pgaa_w	70	4999	0.07	0.07	0.0	0.27854730783560183	0.26787879775234763	pgaa-expansion-v3-ready-panel-v1	pgaa-expansion-v3-ready-panel-matched-controls-v1
frangieh2021_melanoma_crispr	Human melanoma CRISPR perturb-seq	recorded_moi_holdout_20_levels	A2M	A2M	0	pgaa_h	70	4999	0.03	0.01	0.019999999999999997	0.05017524975323147	0.007896307070906428	pgaa-expansion-v3-ready-panel-v1	pgaa-expansion-v3-ready-panel-matched-controls-v1
frangieh2021_melanoma_crispr	Human melanoma CRISPR perturb-seq	recorded_moi_holdout_20_levels	A2M	A2M	0	absolute_mean_shift	70	4999	0.04	0.02	0.02	0.06422960458100478	0.06554279241103442	pgaa-expansion-v3-ready-panel-v1	pgaa-expansion-v3-ready-panel-matched-controls-v1
frangieh2021_melanoma_crispr	Human melanoma CRISPR perturb-seq	recorded_moi_holdout_20_levels	A2M	A2M	0	welch_abs_t	70	4999	0.02	0.01	0.01	0.006481270948222808	0.013144591607712771	pgaa-expansion-v3-ready-panel-v1	pgaa-expansion-v3-ready-panel-matched-controls-v1
frangieh2021_melanoma_crispr	Human melanoma CRISPR perturb-seq	recorded_moi_holdout_20_levels	A2M	A2M	1	pgaa_w	70	4999	0.04	0.06	-0.019999999999999997	0.25517664758054076	0.2665099848620996	pgaa-expansion-v3-ready-panel-v1	pgaa-expansion-v3-ready-panel-matched-controls-v1
frangieh2021_melanoma_crispr	Human melanoma CRISPR perturb-seq	recorded_moi_holdout_20_levels	A2M	A2M	1	pgaa_h	70	4999	0.01	0.01	0.0	0.03963689717329674	0.022883715883185954	pgaa-expansion-v3-ready-panel-v1	pgaa-expansion-v3-ready-panel-matched-controls-v1
frangieh2021_melanoma_crispr	Human melanoma CRISPR perturb-seq	recorded_moi_holdout_20_levels	A2M	A2M	1	absolute_mean_shift	70	4999	0.01	0.07	-0.060000000000000005	0.06064514339224581	0.05868929922129136	pgaa-expansion-v3-ready-panel-v1	pgaa-expansion-v3-ready-panel-matched-controls-v1
frangieh2021_melanoma_crispr	Human melanoma CRISPR perturb-seq	recorded_moi_holdout_20_levels	A2M	A2M	1	welch_abs_t	70	4999	0.02	0.0	0.02	0.016395182230116975	-0.0015835098834392938	pgaa-expansion-v3-ready-panel-v1	pgaa-expansion-v3-ready-panel-matched-controls-v1
frangieh2021_melanoma_crispr	Human melanoma CRISPR perturb-seq	recorded_moi_holdout_20_levels	A2M	A2M	2	pgaa_w	70	4999	0.06	0.08	-0.020000000000000004	0.2605173068769941	0.2466472698739818	pgaa-expansion-v3-ready-panel-v1	pgaa-expansion-v3-ready-panel-matched-controls-v1
frangieh2021_melanoma_crispr	Human melanoma CRISPR perturb-seq	recorded_moi_holdout_20_levels	A2M	A2M	2	pgaa_h	70	4999	0.03	0.03	0.0	0.0673472496010092	0.025249763422642683	pgaa-expansion-v3-ready-panel-v1	pgaa-expansion-v3-ready-panel-matched-controls-v1
frangieh2021_melanoma_crispr	Human melanoma CRISPR perturb-seq	recorded_moi_holdout_20_levels	A2M	A2M	2	absolute_mean_shift	70	4999	0.05	0.08	-0.03	0.06755493418660251	0.05333128508822983	pgaa-expansion-v3-ready-panel-v1	pgaa-expansion-v3-ready-panel-matched-controls-v1
frangieh2021_melanoma_crispr	Human melanoma CRISPR perturb-seq	recorded_moi_holdout_20_levels	A2M	A2M	2	welch_abs_t	70	4999	0.01	0.02	-0.01	0.01044206574833435	-0.0017317534576174176	pgaa-expansion-v3-ready-panel-v1	pgaa-expansion-v3-ready-panel-matched-controls-v1
frangieh2021_melanoma_crispr	Human melanoma CRISPR perturb-seq	recorded_moi_holdout_20_levels	A2M	A2M	3	pgaa_w	70	4999	0.12	0.04	0.07999999999999999	0.2476331075697796	0.25413875126785923	pgaa-expansion-v3-ready-panel-v1	pgaa-expansion-v3-ready-panel-matched-controls-v1
frangieh2021_melanoma_crispr	Human melanoma CRISPR perturb-seq	recorded_moi_holdout_20_levels	A2M	A2M	3	pgaa_h	70	4999	0.03	0.02	0.009999999999999998	0.036982030659617214	0.0359374121423106	pgaa-expansion-v3-ready-panel-v1	pgaa-expansion-v3-ready-panel-matched-controls-v1
frangieh2021_melanoma_crispr	Human melanoma CRISPR perturb-seq	recorded_moi_holdout_20_levels	A2M	A2M	3	absolute_mean_shift	70	4999	0.09	0.04	0.049999999999999996	0.05226878159223397	0.03783258630480791	pgaa-expansion-v3-ready-panel-v1	pgaa-expansion-v3-ready-panel-matched-controls-v1
frangieh2021_melanoma_crispr	Human melanoma CRISPR perturb-seq	recorded_moi_holdout_20_levels	A2M	A2M	3	welch_abs_t	70	4999	0.02	0.03	-0.009999999999999998	0.017358255037611958	-0.008922997613370669	pgaa-expansion-v3-ready-panel-v1	pgaa-expansion-v3-ready-panel-matched-controls-v1
frangieh2021_melanoma_crispr	Human melanoma CRISPR perturb-seq	recorded_moi_holdout_20_levels	A2M	A2M	4	pgaa_w	70	4999	0.05	0.12	-0.06999999999999999	0.300352195639625	0.2725534031022955	pgaa-expansion-v3-ready-panel-v1	pgaa-expansion-v3-ready-panel-matched-controls-v1
frangieh2021_melanoma_crispr	Human melanoma CRISPR perturb-seq	recorded_moi_holdout_20_levels	A2M	A2M	4	pgaa_h	70	4999	0.0	0.04	-0.04	0.007022641788254019	0.06303824488778335	pgaa-expansion-v3-ready-panel-v1	pgaa-expansion-v3-ready-panel-matched-controls-v1
frangieh2021_melanoma_crispr	Human melanoma CRISPR perturb-seq	recorded_moi_holdout_20_levels	A2M	A2M	4	absolute_mean_shift	70	4999	0.05	0.07	-0.020000000000000004	0.07581782220681609	0.06366376081219369	pgaa-expansion-v3-ready-panel-v1	pgaa-expansion-v3-ready-panel-matched-controls-v1
frangieh2021_melanoma_crispr	Human melanoma CRISPR perturb-seq	recorded_moi_holdout_20_levels	A2M	A2M	4	welch_abs_t	70	4999	0.02	0.04	-0.02	0.019986289648324836	0.023130391412857436	pgaa-expansion-v3-ready-panel-v1	pgaa-expansion-v3-ready-panel-matched-controls-v1
frangieh2021_melanoma_crispr	Human melanoma CRISPR perturb-seq	recorded_moi_holdout_20_levels	ACSL3	ACSL3	0	pgaa_w	70	4999	0.12	0.05	0.06999999999999999	0.24245717998196653	0.20926294785185373	pgaa-expansion-v3-ready-panel-v1	pgaa-expansion-v3-ready-panel-matched-controls-v1
frangieh2021_melanoma_crispr	Human melanoma CRISPR perturb-seq	recorded_moi_holdout_20_levels	ACSL3	ACSL3	0	pgaa_h	70	4999	0.02	0.03	-0.009999999999999998	0.05797654545319991	0.027438714362099378	pgaa-expansion-v3-ready-panel-v1	pgaa-expansion-v3-ready-panel-matched-controls-v1
frangieh2021_melanoma_crispr	Human melanoma CRISPR perturb-seq	recorded_moi_holdout_20_levels	ACSL3	ACSL3	0	absolute_mean_shift	70	4999	0.1	0.02	0.08	0.05106783005253829	0.015233225570899648	pgaa-expansion-v3-ready-panel-v1	pgaa-expansion-v3-ready-panel-matched-controls-v1
frangieh2021_melanoma_crispr	Human melanoma CRISPR perturb-seq	recorded_moi_holdout_20_levels	ACSL3	ACSL3	0	welch_abs_t	70	4999	0.05	0.0	0.05	0.010005124964489678	-0.016261740514882224	pgaa-expansion-v3-ready-panel-v1	pgaa-expansion-v3-ready-panel-matched-controls-v1
frangieh2021_melanoma_crispr	Human melanoma CRISPR perturb-seq	recorded_moi_holdout_20_levels	ACSL3	ACSL3	1	pgaa_w	70	4999	0.11	0.07	0.039999999999999994	0.26004734700265497	0.24761161337303741	pgaa-expansion-v3-ready-panel-v1	pgaa-expansion-v3-ready-panel-matched-controls-v1
frangieh2021_melanoma_crispr	Human melanoma CRISPR perturb-seq	recorded_moi_holdout_20_levels	ACSL3	ACSL3	1	pgaa_h	70	4999	0.02	0.03	-0.009999999999999998	0.04333507415168063	0.04650520753342657	pgaa-expansion-v3-ready-panel-v1	pgaa-expansion-v3-ready-panel-matched-controls-v1
frangieh2021_melanoma_crispr	Human melanoma CRISPR perturb-seq	recorded_moi_holdout_20_levels	ACSL3	ACSL3	1	absolute_mean_shift	70	4999	0.12	0.06	0.06	0.07035307994184957	0.04235903858147566	pgaa-expansion-v3-ready-panel-v1	pgaa-expansion-v3-ready-panel-matched-controls-v1
frangieh2021_melanoma_crispr	Human melanoma CRISPR perturb-seq	recorded_moi_holdout_20_levels	ACSL3	ACSL3	1	welch_abs_t	70	4999	0.05	0.01	0.04	0.020897147881960405	0.0041513779827790625	pgaa-expansion-v3-ready-panel-v1	pgaa-expansion-v3-ready-panel-matched-controls-v1
frangieh2021_melanoma_crispr	Human melanoma CRISPR perturb-seq	recorded_moi_holdout_20_levels	ACSL3	ACSL3	2	pgaa_w	70	4999	0.17	0.13	0.04000000000000001	0.2306894859200759	0.2423141177211343	pgaa-expansion-v3-ready-panel-v1	pgaa-expansion-v3-ready-panel-matched-controls-v1
frangieh2021_melanoma_crispr	Human melanoma CRISPR perturb-seq	recorded_moi_holdout_20_levels	ACSL3	ACSL3	2	pgaa_h	70	4999	0.0	0.03	-0.03	0.03185838742676497	0.052257516170622034	pgaa-expansion-v3-ready-panel-v1	pgaa-expansion-v3-ready-panel-matched-controls-v1
frangieh2021_melanoma_crispr	Human melanoma CRISPR perturb-seq	recorded_moi_holdout_20_levels	ACSL3	ACSL3	2	absolute_mean_shift	70	4999	0.12	0.09	0.03	0.070160909941931	0.05172565712463638	pgaa-expansion-v3-ready-panel-v1	pgaa-expansion-v3-ready-panel-matched-controls-v1
frangieh2021_melanoma_crispr	Human melanoma CRISPR perturb-seq	recorded_moi_holdout_20_levels	ACSL3	ACSL3	2	welch_abs_t	70	4999	0.04	0.02	0.02	0.012907724548279504	-0.00549218717732686	pgaa-expansion-v3-ready-panel-v1	pgaa-expansion-v3-ready-panel-matched-controls-v1
frangieh2021_melanoma_crispr	Human melanoma CRISPR perturb-seq	recorded_moi_holdout_20_levels	ACSL3	ACSL3	3	pgaa_w	70	4999	0.05	0.15	-0.09999999999999999	0.2523089817786257	0.2610754595117967	pgaa-expansion-v3-ready-panel-v1	pgaa-expansion-v3-ready-panel-matched-controls-v1
frangieh2021_melanoma_crispr	Human melanoma CRISPR perturb-seq	recorded_moi_holdout_20_levels	ACSL3	ACSL3	3	pgaa_h	70	4999	0.03	0.01	0.019999999999999997	0.03314947181023032	0.060175616758435385	pgaa-expansion-v3-ready-panel-v1	pgaa-expansion-v3-ready-panel-matched-controls-v1
frangieh2021_melanoma_crispr	Human melanoma CRISPR perturb-seq	recorded_moi_holdout_20_levels	ACSL3	ACSL3	3	absolute_mean_shift	70	4999	0.04	0.11	-0.07	0.04249949304104508	0.07020860337186992	pgaa-expansion-v3-ready-panel-v1	pgaa-expansion-v3-ready-panel-matched-controls-v1
frangieh2021_melanoma_crispr	Human melanoma CRISPR perturb-seq	recorded_moi_holdout_20_levels	ACSL3	ACSL3	3	welch_abs_t	70	4999	0.03	0.02	0.009999999999999998	-0.010653344740110569	0.031237276608980815	pgaa-expansion-v3-ready-panel-v1	pgaa-expansion-v3-ready-panel-matched-controls-v1
frangieh2021_melanoma_crispr	Human melanoma CRISPR perturb-seq	recorded_moi_holdout_20_levels	ACSL3	ACSL3	4	pgaa_w	70	4999	0.05	0.05	0.0	0.2749044742291681	0.25128304831440634	pgaa-expansion-v3-ready-panel-v1	pgaa-expansion-v3-ready-panel-matched-controls-v1
frangieh2021_melanoma_crispr	Human melanoma CRISPR perturb-seq	recorded_moi_holdout_20_levels	ACSL3	ACSL3	4	pgaa_h	70	4999	0.03	0.02	0.009999999999999998	0.021156911469906396	0.0328400810594759	pgaa-expansion-v3-ready-panel-v1	pgaa-expansion-v3-ready-panel-matched-controls-v1
frangieh2021_melanoma_crispr	Human melanoma CRISPR perturb-seq	recorded_moi_holdout_20_levels	ACSL3	ACSL3	4	absolute_mean_shift	70	4999	0.05	0.04	0.010000000000000002	0.06163497752354983	0.031357532687525384	pgaa-expansion-v3-ready-panel-v1	pgaa-expansion-v3-ready-panel-matched-controls-v1
frangieh2021_melanoma_crispr	Human melanoma CRISPR perturb-seq	recorded_moi_holdout_20_levels	ACSL3	ACSL3	4	welch_abs_t	70	4999	0.01	0.01	0.0	-0.006715440183680845	-0.026513594870379947	pgaa-expansion-v3-ready-panel-v1	pgaa-expansion-v3-ready-panel-matched-controls-v1
frangieh2021_melanoma_crispr	Human melanoma CRISPR perturb-seq	recorded_moi_holdout_20_levels	ACTA2	ACTA2	0	pgaa_w	70	4999	0.09	0.12	-0.03	0.2970215609793768	0.2532062959293617	pgaa-expansion-v3-ready-panel-v1	pgaa-expansion-v3-ready-panel-matched-controls-v1
frangieh2021_melanoma_crispr	Human melanoma CRISPR perturb-seq	recorded_moi_holdout_20_levels	ACTA2	ACTA2	0	pgaa_h	70	4999	0.0	0.02	-0.02	0.04091695999401366	0.04974079171331878	pgaa-expansion-v3-ready-panel-v1	pgaa-expansion-v3-ready-panel-matched-controls-v1
frangieh2021_melanoma_crispr	Human melanoma CRISPR perturb-seq	recorded_moi_holdout_20_levels	ACTA2	ACTA2	0	absolute_mean_shift	70	4999	0.08	0.09	-0.009999999999999995	0.07436560023938903	0.06413643358493264	pgaa-expansion-v3-ready-panel-v1	pgaa-expansion-v3-ready-panel-matched-controls-v1
frangieh2021_melanoma_crispr	Human melanoma CRISPR perturb-seq	recorded_moi_holdout_20_levels	ACTA2	ACTA2	0	welch_abs_t	70	4999	0.03	0.01	0.019999999999999997	-0.004241905140240762	0.014547569299170527	pgaa-expansion-v3-ready-panel-v1	pgaa-expansion-v3-ready-panel-matched-controls-v1
frangieh2021_melanoma_crispr	Human melanoma CRISPR perturb-seq	recorded_moi_holdout_20_levels	ACTA2	ACTA2	1	pgaa_w	70	4999	0.1	0.08	0.020000000000000004	0.2606050495458326	0.2309502735564544	pgaa-expansion-v3-ready-panel-v1	pgaa-expansion-v3-ready-panel-matched-controls-v1
frangieh2021_melanoma_crispr	Human melanoma CRISPR perturb-seq	recorded_moi_holdout_20_levels	ACTA2	ACTA2	1	pgaa_h	70	4999	0.01	0.03	-0.019999999999999997	0.05593037047195486	0.027448839462783203	pgaa-expansion-v3-ready-panel-v1	pgaa-expansion-v3-ready-panel-matched-controls-v1
frangieh2021_melanoma_crispr	Human melanoma CRISPR perturb-seq	recorded_moi_holdout_20_levels	ACTA2	ACTA2	1	absolute_mean_shift	70	4999	0.08	0.06	0.020000000000000004	0.03964424604770063	0.046084329249605836	pgaa-expansion-v3-ready-panel-v1	pgaa-expansion-v3-ready-panel-matched-controls-v1
frangieh2021_melanoma_crispr	Human melanoma CRISPR perturb-seq	recorded_moi_holdout_20_levels	ACTA2	ACTA2	1	welch_abs_t	70	4999	0.03	0.04	-0.010000000000000002	-0.016627858418019344	0.009130997389707183	pgaa-expansion-v3-ready-panel-v1	pgaa-expansion-v3-ready-panel-matched-controls-v1
frangieh2021_melanoma_crispr	Human melanoma CRISPR perturb-seq	recorded_moi_holdout_20_levels	ACTA2	ACTA2	2	pgaa_w	70	4999	0.04	0.08	-0.04	0.25972909177990805	0.24101364208508125	pgaa-expansion-v3-ready-panel-v1	pgaa-expansion-v3-ready-panel-matched-controls-v1
frangieh2021_melanoma_crispr	Human melanoma CRISPR perturb-seq	recorded_moi_holdout_20_levels	ACTA2	ACTA2	2	pgaa_h	70	4999	0.03	0.02	0.009999999999999998	0.032790461778151044	0.02504967664197826	pgaa-expansion-v3-ready-panel-v1	pgaa-expansion-v3-ready-panel-matched-controls-v1
frangieh2021_melanoma_crispr	Human melanoma CRISPR perturb-seq	recorded_moi_holdout_20_levels	ACTA2	ACTA2	2	absolute_mean_shift	70	4999	0.01	0.07	-0.060000000000000005	0.04746934593226507	0.03575590187580917	pgaa-expansion-v3-ready-panel-v1	pgaa-expansion-v3-ready-panel-matched-controls-v1
frangieh2021_melanoma_crispr	Human melanoma CRISPR perturb-seq	recorded_moi_holdout_20_levels	ACTA2	ACTA2	2	welch_abs_t	70	4999	0.0	0.03	-0.03	-0.00018731645491910424	-0.0038686743355716363	pgaa-expansion-v3-ready-panel-v1	pgaa-expansion-v3-ready-panel-matched-controls-v1
frangieh2021_melanoma_crispr	Human melanoma CRISPR perturb-seq	recorded_moi_holdout_20_levels	ACTA2	ACTA2	3	pgaa_w	70	4999	0.11	0.11	0.0	0.28190132771835286	0.26959341432147094	pgaa-expansion-v3-ready-panel-v1	pgaa-expansion-v3-ready-panel-matched-controls-v1
frangieh2021_melanoma_crispr	Human melanoma CRISPR perturb-seq	recorded_moi_holdout_20_levels	ACTA2	ACTA2	3	pgaa_h	70	4999	0.04	0.01	0.03	0.022419660508560986	0.030896942364047796	pgaa-expansion-v3-ready-panel-v1	pgaa-expansion-v3-ready-panel-matched-controls-v1
frangieh2021_melanoma_crispr	Human melanoma CRISPR perturb-seq	recorded_moi_holdout_20_levels	ACTA2	ACTA2	3	absolute_mean_shift	70	4999	0.06	0.08	-0.020000000000000004	0.08090993947395865	0.04776324331695494	pgaa-expansion-v3-ready-panel-v1	pgaa-expansion-v3-ready-panel-matched-controls-v1
frangieh2021_melanoma_crispr	Human melanoma CRISPR perturb-seq	recorded_moi_holdout_20_levels	ACTA2	ACTA2	3	welch_abs_t	70	4999	0.02	0.01	0.01	0.026708063249150392	0.0004294183206904787	pgaa-expansion-v3-ready-panel-v1	pgaa-expansion-v3-ready-panel-matched-controls-v1
frangieh2021_melanoma_crispr	Human melanoma CRISPR perturb-seq	recorded_moi_holdout_20_levels	ACTA2	ACTA2	4	pgaa_w	70	4999	0.07	0.09	-0.01999999999999999	0.25417384831188056	0.26122037800332604	pgaa-expansion-v3-ready-panel-v1	pgaa-expansion-v3-ready-panel-matched-controls-v1
frangieh2021_melanoma_crispr	Human melanoma CRISPR perturb-seq	recorded_moi_holdout_20_levels	ACTA2	ACTA2	4	pgaa_h	70	4999	0.01	0.05	-0.04	0.03146122120604623	0.03800999183410196	pgaa-expansion-v3-ready-panel-v1	pgaa-expansion-v3-ready-panel-matched-controls-v1
frangieh2021_melanoma_crispr	Human melanoma CRISPR perturb-seq	recorded_moi_holdout_20_levels	ACTA2	ACTA2	4	absolute_mean_shift	70	4999	0.03	0.08	-0.05	0.051409064737858626	0.06572762208281455	pgaa-expansion-v3-ready-panel-v1	pgaa-expansion-v3-ready-panel-matched-controls-v1
frangieh2021_melanoma_crispr	Human melanoma CRISPR perturb-seq	recorded_moi_holdout_20_levels	ACTA2	ACTA2	4	welch_abs_t	70	4999	0.02	0.04	-0.02	0.0066868588139445085	0.007693017116305471	pgaa-expansion-v3-ready-panel-v1	pgaa-expansion-v3-ready-panel-matched-controls-v1
frangieh2021_melanoma_crispr	Human melanoma CRISPR perturb-seq	recorded_moi_holdout_20_levels	AEBP1	AEBP1	0	pgaa_w	70	4999	0.04	0.13	-0.09	0.24374862932295324	0.2760307646892245	pgaa-expansion-v3-ready-panel-v1	pgaa-expansion-v3-ready-panel-matched-controls-v1
frangieh2021_melanoma_crispr	Human melanoma CRISPR perturb-seq	recorded_moi_holdout_20_levels	AEBP1	AEBP1	0	pgaa_h	70	4999	0.03	0.06	-0.03	0.026662202298651943	0.05916105651742632	pgaa-expansion-v3-ready-panel-v1	pgaa-expansion-v3-ready-panel-matched-controls-v1
frangieh2021_melanoma_crispr	Human melanoma CRISPR perturb-seq	recorded_moi_holdout_20_levels	AEBP1	AEBP1	0	absolute_mean_shift	70	4999	0.0	0.1	-0.1	0.06061781596233592	0.0799212377293827	pgaa-expansion-v3-ready-panel-v1	pgaa-expansion-v3-ready-panel-matched-controls-v1
frangieh2021_melanoma_crispr	Human melanoma CRISPR perturb-seq	recorded_moi_holdout_20_levels	AEBP1	AEBP1	0	welch_abs_t	70	4999	0.01	0.02	-0.01	0.022045859595262993	0.024218399844828563	pgaa-expansion-v3-ready-panel-v1	pgaa-expansion-v3-ready-panel-matched-controls-v1
frangieh2021_melanoma_crispr	Human melanoma CRISPR perturb-seq	recorded_moi_holdout_20_levels	AEBP1	AEBP1	1	pgaa_w	70	4999	0.05	0.04	0.010000000000000002	0.26653693805586287	0.2354167097016842	pgaa-expansion-v3-ready-panel-v1	pgaa-expansion-v3-ready-panel-matched-controls-v1
frangieh2021_melanoma_crispr	Human melanoma CRISPR perturb-seq	recorded_moi_holdout_20_levels	AEBP1	AEBP1	1	pgaa_h	70	4999	0.03	0.03	0.0	0.04734534661288394	0.026379309173723546	pgaa-expansion-v3-ready-panel-v1	pgaa-expansion-v3-ready-panel-matched-controls-v1
frangieh2021_melanoma_crispr	Human melanoma CRISPR perturb-seq	recorded_moi_holdout_20_levels	AEBP1	AEBP1	1	absolute_mean_shift	70	4999	0.03	0.05	-0.020000000000000004	0.05184897849838013	0.04041836195728599	pgaa-expansion-v3-ready-panel-v1	pgaa-expansion-v3-ready-panel-matched-controls-v1
frangieh2021_melanoma_crispr	Human melanoma CRISPR perturb-seq	recorded_moi_holdout_20_levels	AEBP1	AEBP1	1	welch_abs_t	70	4999	0.02	0.01	0.01	-0.008919352851447028	0.00441403325178184	pgaa-expansion-v3-ready-panel-v1	pgaa-expansion-v3-ready-panel-matched-controls-v1
frangieh2021_melanoma_crispr	Human melanoma CRISPR perturb-seq	recorded_moi_holdout_20_levels	AEBP1	AEBP1	2	pgaa_w	70	4999	0.07	0.07	0.0	0.23614736784826504	0.22161075292544427	pgaa-expansion-v3-ready-panel-v1	pgaa-expansion-v3-ready-panel-matched-controls-v1
frangieh2021_melanoma_crispr	Human melanoma CRISPR perturb-seq	recorded_moi_holdout_20_levels	AEBP1	AEBP1	2	pgaa_h	70	4999	0.02	0.01	0.01	0.03204973532331466	0.0401446463595837	pgaa-expansion-v3-ready-panel-v1	pgaa-expansion-v3-ready-panel-matched-controls-v1
frangieh2021_melanoma_crispr	Human melanoma CRISPR perturb-seq	recorded_moi_holdout_20_levels	AEBP1	AEBP1	2	absolute_mean_shift	70	4999	0.05	0.03	0.020000000000000004	0.038354072275290335	0.03468656622996994	pgaa-expansion-v3-ready-panel-v1	pgaa-expansion-v3-ready-panel-matched-controls-v1
frangieh2021_melanoma_crispr	Human melanoma CRISPR perturb-seq	recorded_moi_holdout_20_levels	AEBP1	AEBP1	2	welch_abs_t	70	4999	0.01	0.02	-0.01	-0.004319835013079864	-0.0029347261535479373	pgaa-expansion-v3-ready-panel-v1	pgaa-expansion-v3-ready-panel-matched-controls-v1
frangieh2021_melanoma_crispr	Human melanoma CRISPR perturb-seq	recorded_moi_holdout_20_levels	AEBP1	AEBP1	3	pgaa_w	70	4999	0.06	0.09	-0.03	0.25591829823461315	0.25791575543466005	pgaa-expansion-v3-ready-panel-v1	pgaa-expansion-v3-ready-panel-matched-controls-v1
frangieh2021_melanoma_crispr	Human melanoma CRISPR perturb-seq	recorded_moi_holdout_20_levels	AEBP1	AEBP1	3	pgaa_h	70	4999	0.01	0.04	-0.03	0.04564888187477521	0.04554243740506101	pgaa-expansion-v3-ready-panel-v1	pgaa-expansion-v3-ready-panel-matched-controls-v1
frangieh2021_melanoma_crispr	Human melanoma CRISPR perturb-seq	recorded_moi_holdout_20_levels	AEBP1	AEBP1	3	absolute_mean_shift	70	4999	0.05	0.07	-0.020000000000000004	0.06162354417140897	0.04986292756384817	pgaa-expansion-v3-ready-panel-v1	pgaa-expansion-v3-ready-panel-matched-controls-v1
frangieh2021_melanoma_crispr	Human melanoma CRISPR perturb-seq	recorded_moi_holdout_20_levels	AEBP1	AEBP1	3	welch_abs_t	70	4999	0.01	0.02	-0.01	0.00730313477018881	-0.006280097078099927	pgaa-expansion-v3-ready-panel-v1	pgaa-expansion-v3-ready-panel-matched-controls-v1
frangieh2021_melanoma_crispr	Human melanoma CRISPR perturb-seq	recorded_moi_holdout_20_levels	AEBP1	AEBP1	4	pgaa_w	70	4999	0.13	0.07	0.06	0.2472107193646943	0.22005357799291592	pgaa-expansion-v3-ready-panel-v1	pgaa-expansion-v3-ready-panel-matched-controls-v1
frangieh2021_melanoma_crispr	Human melanoma CRISPR perturb-seq	recorded_moi_holdout_20_levels	AEBP1	AEBP1	4	pgaa_h	70	4999	0.05	0.02	0.030000000000000002	0.04490132367982999	0.029396149651570426	pgaa-expansion-v3-ready-panel-v1	pgaa-expansion-v3-ready-panel-matched-controls-v1
frangieh2021_melanoma_crispr	Human melanoma CRISPR perturb-seq	recorded_moi_holdout_20_levels	AEBP1	AEBP1	4	absolute_mean_shift	70	4999	0.08	0.08	0.0	0.034771680581952805	0.03250605478262636	pgaa-expansion-v3-ready-panel-v1	pgaa-expansion-v3-ready-panel-matched-controls-v1
frangieh2021_melanoma_crispr	Human melanoma CRISPR perturb-seq	recorded_moi_holdout_20_levels	AEBP1	AEBP1	4	welch_abs_t	70	4999	0.01	0.01	0.0	-0.029178873038914095	-0.012675622280839793	pgaa-expansion-v3-ready-panel-v1	pgaa-expansion-v3-ready-panel-matched-controls-v1
frangieh2021_melanoma_crispr	Human melanoma CRISPR perturb-seq	recorded_moi_holdout_20_levels	AGA	AGA	0	pgaa_w	70	4999	0.11	0.04	0.07	0.2797300080760125	0.28424224672723103	pgaa-expansion-v3-ready-panel-v1	pgaa-expansion-v3-ready-panel-matched-controls-v1
frangieh2021_melanoma_crispr	Human melanoma CRISPR perturb-seq	recorded_moi_holdout_20_levels	AGA	AGA	0	pgaa_h	70	4999	0.07	0.02	0.05	0.06006856284650394	0.03254811520209834	pgaa-expansion-v3-ready-panel-v1	pgaa-expansion-v3-ready-panel-matched-controls-v1
frangieh2021_melanoma_crispr	Human melanoma CRISPR perturb-seq	recorded_moi_holdout_20_levels	AGA	AGA	0	absolute_mean_shift	70	4999	0.07	0.03	0.04000000000000001	0.04237434023236203	0.05793916662691985	pgaa-expansion-v3-ready-panel-v1	pgaa-expansion-v3-ready-panel-matched-controls-v1
frangieh2021_melanoma_crispr	Human melanoma CRISPR perturb-seq	recorded_moi_holdout_20_levels	AGA	AGA	0	welch_abs_t	70	4999	0.04	0.0	0.04	-0.017253555443466156	0.0006676510333361079	pgaa-expansion-v3-ready-panel-v1	pgaa-expansion-v3-ready-panel-matched-controls-v1
frangieh2021_melanoma_crispr	Human melanoma CRISPR perturb-seq	recorded_moi_holdout_20_levels	AGA	AGA	1	pgaa_w	70	4999	0.04	0.09	-0.049999999999999996	0.26951046059245504	0.25795197525737806	pgaa-expansion-v3-ready-panel-v1	pgaa-expansion-v3-ready-panel-matched-controls-v1
frangieh2021_melanoma_crispr	Human melanoma CRISPR perturb-seq	recorded_moi_holdout_20_levels	AGA	AGA	1	pgaa_h	70	4999	0.02	0.04	-0.02	0.049920350676131674	0.028488132569979785	pgaa-expansion-v3-ready-panel-v1	pgaa-expansion-v3-ready-panel-matched-controls-v1
frangieh2021_melanoma_crispr	Human melanoma CRISPR perturb-seq	recorded_moi_holdout_20_levels	AGA	AGA	1	absolute_mean_shift	70	4999	0.04	0.1	-0.060000000000000005	0.054773927982650246	0.05617189558364292	pgaa-expansion-v3-ready-panel-v1	pgaa-expansion-v3-ready-panel-matched-controls-v1
frangieh2021_melanoma_crispr	Human melanoma CRISPR perturb-seq	recorded_moi_holdout_20_levels	AGA	AGA	1	welch_abs_t	70	4999	0.0	0.0	0.0	0.011813199879438704	0.004598890606783942	pgaa-expansion-v3-ready-panel-v1	pgaa-expansion-v3-ready-panel-matched-controls-v1
frangieh2021_melanoma_crispr	Human melanoma CRISPR perturb-seq	recorded_moi_holdout_20_levels	AGA	AGA	2	pgaa_w	70	4999	0.11	0.07	0.039999999999999994	0.2830214603440746	0.24143667125941087	pgaa-expansion-v3-ready-panel-v1	pgaa-expansion-v3-ready-panel-matched-controls-v1
frangieh2021_melanoma_crispr	Human melanoma CRISPR perturb-seq	recorded_moi_holdout_20_levels	AGA	AGA	2	pgaa_h	70	4999	0.03	0.04	-0.010000000000000002	0.022716294553892062	0.027619683192059236	pgaa-expansion-v3-ready-panel-v1	pgaa-expansion-v3-ready-panel-matched-controls-v1
frangieh2021_melanoma_crispr	Human melanoma CRISPR perturb-seq	recorded_moi_holdout_20_levels	AGA	AGA	2	absolute_mean_shift	70	4999	0.1	0.07	0.03	0.09044354798267092	0.024888919588223368	pgaa-expansion-v3-ready-panel-v1	pgaa-expansion-v3-ready-panel-matched-controls-v1
frangieh2021_melanoma_crispr	Human melanoma CRISPR perturb-seq	recorded_moi_holdout_20_levels	AGA	AGA	2	welch_abs_t	70	4999	0.02	0.0	0.02	0.0343809518222675	-0.02068990081428962	pgaa-expansion-v3-ready-panel-v1	pgaa-expansion-v3-ready-panel-matched-controls-v1
frangieh2021_melanoma_crispr	Human melanoma CRISPR perturb-seq	recorded_moi_holdout_20_levels	AGA	AGA	3	pgaa_w	70	4999	0.14	0.08	0.06000000000000001	0.24700633584664186	0.2591872549130699	pgaa-expansion-v3-ready-panel-v1	pgaa-expansion-v3-ready-panel-matched-controls-v1
frangieh2021_melanoma_crispr	Human melanoma CRISPR perturb-seq	recorded_moi_holdout_20_levels	AGA	AGA	3	pgaa_h	70	4999	0.03	0.02	0.009999999999999998	0.020956247336179505	0.0022756746668004266	pgaa-expansion-v3-ready-panel-v1	pgaa-expansion-v3-ready-panel-matched-controls-v1
frangieh2021_melanoma_crispr	Human melanoma CRISPR perturb-seq	recorded_moi_holdout_20_levels	AGA	AGA	3	absolute_mean_shift	70	4999	0.1	0.05	0.05	0.04759956419797755	0.07500408496105061	pgaa-expansion-v3-ready-panel-v1	pgaa-expansion-v3-ready-panel-matched-controls-v1
frangieh2021_melanoma_crispr	Human melanoma CRISPR perturb-seq	recorded_moi_holdout_20_levels	AGA	AGA	3	welch_abs_t	70	4999	0.01	0.01	0.0	-0.008163418615663286	0.014984481555973194	pgaa-expansion-v3-ready-panel-v1	pgaa-expansion-v3-ready-panel-matched-controls-v1
frangieh2021_melanoma_crispr	Human melanoma CRISPR perturb-seq	recorded_moi_holdout_20_levels	AGA	AGA	4	pgaa_w	70	4999	0.05	0.04	0.010000000000000002	0.25881294496763707	0.26412211090748705	pgaa-expansion-v3-ready-panel-v1	pgaa-expansion-v3-ready-panel-matched-controls-v1
frangieh2021_melanoma_crispr	Human melanoma CRISPR perturb-seq	recorded_moi_holdout_20_levels	AGA	AGA	4	pgaa_h	70	4999	0.02	0.02	0.0	0.055442575358898384	0.02245342747685871	pgaa-expansion-v3-ready-panel-v1	pgaa-expansion-v3-ready-panel-matched-controls-v1
frangieh2021_melanoma_crispr	Human melanoma CRISPR perturb-seq	recorded_moi_holdout_20_levels	AGA	AGA	4	absolute_mean_shift	70	4999	0.05	0.04	0.010000000000000002	0.05968916032368441	0.06192625811609	pgaa-expansion-v3-ready-panel-v1	pgaa-expansion-v3-ready-panel-matched-controls-v1
frangieh2021_melanoma_crispr	Human melanoma CRISPR perturb-seq	recorded_moi_holdout_20_levels	AGA	AGA	4	welch_abs_t	70	4999	0.01	0.02	-0.01	0.004592506545518769	-0.0015285713568585781	pgaa-expansion-v3-ready-panel-v1	pgaa-expansion-v3-ready-panel-matched-controls-v1
frangieh2021_melanoma_crispr	Human melanoma CRISPR perturb-seq	recorded_moi_holdout_20_levels	AHNAK	AHNAK	0	pgaa_w	70	4999	0.05	0.07	-0.020000000000000004	0.27756749884322923	0.24771116953855488	pgaa-expansion-v3-ready-panel-v1	pgaa-expansion-v3-ready-panel-matched-controls-v1
frangieh2021_melanoma_crispr	Human melanoma CRISPR perturb-seq	recorded_moi_holdout_20_levels	AHNAK	AHNAK	0	pgaa_h	70	4999	0.03	0.0	0.03	0.03273936317821865	0.02008809929764993	pgaa-expansion-v3-ready-panel-v1	pgaa-expansion-v3-ready-panel-matched-controls-v1
frangieh2021_melanoma_crispr	Human melanoma CRISPR perturb-seq	recorded_moi_holdout_20_levels	AHNAK	AHNAK	0	absolute_mean_shift	70	4999	0.03	0.04	-0.010000000000000002	0.06075779318040847	0.04543348113472556	pgaa-expansion-v3-ready-panel-v1	pgaa-expansion-v3-ready-panel-matched-controls-v1
frangieh2021_melanoma_crispr	Human melanoma CRISPR perturb-seq	recorded_moi_holdout_20_levels	AHNAK	AHNAK	0	welch_abs_t	70	4999	0.04	0.01	0.03	0.006907512139013997	-0.002141647441390036	pgaa-expansion-v3-ready-panel-v1	pgaa-expansion-v3-ready-panel-matched-controls-v1
frangieh2021_melanoma_crispr	Human melanoma CRISPR perturb-seq	recorded_moi_holdout_20_levels	AHNAK	AHNAK	1	pgaa_w	70	4999	0.06	0.08	-0.020000000000000004	0.24625625709130494	0.2331303580563808	pgaa-expansion-v3-ready-panel-v1	pgaa-expansion-v3-ready-panel-matched-controls-v1
frangieh2021_melanoma_crispr	Human melanoma CRISPR perturb-seq	recorded_moi_holdout_20_levels	AHNAK	AHNAK	1	pgaa_h	70	4999	0.04	0.02	0.02	0.04528941937260398	0.03529357741581158	pgaa-expansion-v3-ready-panel-v1	pgaa-expansion-v3-ready-panel-matched-controls-v1
frangieh2021_melanoma_crispr	Human melanoma CRISPR perturb-seq	recorded_moi_holdout_20_levels	AHNAK	AHNAK	1	absolute_mean_shift	70	4999	0.07	0.07	0.0	0.045007541738482114	0.05586697489967152	pgaa-expansion-v3-ready-panel-v1	pgaa-expansion-v3-ready-panel-matched-controls-v1
frangieh2021_melanoma_crispr	Human melanoma CRISPR perturb-seq	recorded_moi_holdout_20_levels	AHNAK	AHNAK	1	welch_abs_t	70	4999	0.02	0.04	-0.02	-0.006045161110068738	0.003787296427327157	pgaa-expansion-v3-ready-panel-v1	pgaa-expansion-v3-ready-panel-matched-controls-v1
frangieh2021_melanoma_crispr	Human melanoma CRISPR perturb-seq	recorded_moi_holdout_20_levels	AHNAK	AHNAK	2	pgaa_w	70	4999	0.11	0.12	-0.009999999999999995	0.2528721925423014	0.2547650683863981	pgaa-expansion-v3-ready-panel-v1	pgaa-expansion-v3-ready-panel-matched-controls-v1
frangieh2021_melanoma_crispr	Human melanoma CRISPR perturb-seq	recorded_moi_holdout_20_levels	AHNAK	AHNAK	2	pgaa_h	70	4999	0.03	0.04	-0.010000000000000002	0.020769259054693064	0.05382941396206473	pgaa-expansion-v3-ready-panel-v1	pgaa-expansion-v3-ready-panel-matched-controls-v1
frangieh2021_melanoma_crispr	Human melanoma CRISPR perturb-seq	recorded_moi_holdout_20_levels	AHNAK	AHNAK	2	absolute_mean_shift	70	4999	0.08	0.1	-0.020000000000000004	0.06367761694193627	0.050938278374965375	pgaa-expansion-v3-ready-panel-v1	pgaa-expansion-v3-ready-panel-matched-controls-v1
frangieh2021_melanoma_crispr	Human melanoma CRISPR perturb-seq	recorded_moi_holdout_20_levels	AHNAK	AHNAK	2	welch_abs_t	70	4999	0.03	0.02	0.009999999999999998	-0.002096277599259833	-0.0003368058005843866	pgaa-expansion-v3-ready-panel-v1	pgaa-expansion-v3-ready-panel-matched-controls-v1
frangieh2021_melanoma_crispr	Human melanoma CRISPR perturb-seq	recorded_moi_holdout_20_levels	AHNAK	AHNAK	3	pgaa_w	70	4999	0.09	0.12	-0.03	0.22913223206065117	0.27241884233219626	pgaa-expansion-v3-ready-panel-v1	pgaa-expansion-v3-ready-panel-matched-controls-v1
frangieh2021_melanoma_crispr	Human melanoma CRISPR perturb-seq	recorded_moi_holdout_20_levels	AHNAK	AHNAK	3	pgaa_h	70	4999	0.01	0.03	-0.019999999999999997	0.04550413889120014	0.018985613715703474	pgaa-expansion-v3-ready-panel-v1	pgaa-expansion-v3-ready-panel-matched-controls-v1
frangieh2021_melanoma_crispr	Human melanoma CRISPR perturb-seq	recorded_moi_holdout_20_levels	AHNAK	AHNAK	3	absolute_mean_shift	70	4999	0.05	0.07	-0.020000000000000004	0.05117133109137002	0.06558209896127044	pgaa-expansion-v3-ready-panel-v1	pgaa-expansion-v3-ready-panel-matched-controls-v1
frangieh2021_melanoma_crispr	Human melanoma CRISPR perturb-seq	recorded_moi_holdout_20_levels	AHNAK	AHNAK	3	welch_abs_t	70	4999	0.03	0.01	0.019999999999999997	0.003915411894749627	0.01092174439952138	pgaa-expansion-v3-ready-panel-v1	pgaa-expansion-v3-ready-panel-matched-controls-v1
frangieh2021_melanoma_crispr	Human melanoma CRISPR perturb-seq	recorded_moi_holdout_20_levels	AHNAK	AHNAK	4	pgaa_w	70	4999	0.13	0.1	0.03	0.26358684688983824	0.23534811322127047	pgaa-expansion-v3-ready-panel-v1	pgaa-expansion-v3-ready-panel-matched-controls-v1
frangieh2021_melanoma_crispr	Human melanoma CRISPR perturb-seq	recorded_moi_holdout_20_levels	AHNAK	AHNAK	4	pgaa_h	70	4999	0.0	0.01	-0.01	0.018804080027942316	0.033992319848505315	pgaa-expansion-v3-ready-panel-v1	pgaa-expansion-v3-ready-panel-matched-controls-v1
frangieh2021_melanoma_crispr	Human melanoma CRISPR perturb-seq	recorded_moi_holdout_20_levels	AHNAK	AHNAK	4	absolute_mean_shift	70	4999	0.09	0.09	0.0	0.055897069984933025	0.03958832954090999	pgaa-expansion-v3-ready-panel-v1	pgaa-expansion-v3-ready-panel-matched-controls-v1
frangieh2021_melanoma_crispr	Human melanoma CRISPR perturb-seq	recorded_moi_holdout_20_levels	AHNAK	AHNAK	4	welch_abs_t	70	4999	0.01	0.01	0.0	-0.0027755077548121034	0.010510931336197573	pgaa-expansion-v3-ready-panel-v1	pgaa-expansion-v3-ready-panel-matched-controls-v1
frangieh2021_melanoma_crispr	Human melanoma CRISPR perturb-seq	recorded_moi_holdout_20_levels	APOC2	APOC2	0	pgaa_w	70	5000	0.09	0.15	-0.06	0.24779770279148527	0.24630454194573825	pgaa-expansion-v3-ready-panel-v1	pgaa-expansion-v3-ready-panel-matched-controls-v1
frangieh2021_melanoma_crispr	Human melanoma CRISPR perturb-seq	recorded_moi_holdout_20_levels	APOC2	APOC2	0	pgaa_h	70	5000	0.02	0.02	0.0	0.054650935104271776	0.05762863208010358	pgaa-expansion-v3-ready-panel-v1	pgaa-expansion-v3-ready-panel-matched-controls-v1
frangieh2021_melanoma_crispr	Human melanoma CRISPR perturb-seq	recorded_moi_holdout_20_levels	APOC2	APOC2	0	absolute_mean_shift	70	5000	0.07	0.11	-0.039999999999999994	0.055453541402112276	0.060871778404402214	pgaa-expansion-v3-ready-panel-v1	pgaa-expansion-v3-ready-panel-matched-controls-v1
frangieh2021_melanoma_crispr	Human melanoma CRISPR perturb-seq	recorded_moi_holdout_20_levels	APOC2	APOC2	0	welch_abs_t	70	5000	0.04	0.01	0.03	0.0050913078846298475	0.013139837423170278	pgaa-expansion-v3-ready-panel-v1	pgaa-expansion-v3-ready-panel-matched-controls-v1
frangieh2021_melanoma_crispr	Human melanoma CRISPR perturb-seq	recorded_moi_holdout_20_levels	APOC2	APOC2	1	pgaa_w	70	5000	0.07	0.1	-0.03	0.26432683982079286	0.27480868923332463	pgaa-expansion-v3-ready-panel-v1	pgaa-expansion-v3-ready-panel-matched-controls-v1
frangieh2021_melanoma_crispr	Human melanoma CRISPR perturb-seq	recorded_moi_holdout_20_levels	APOC2	APOC2	1	pgaa_h	70	5000	0.04	0.02	0.02	0.028172583190379234	0.028481765638479282	pgaa-expansion-v3-ready-panel-v1	pgaa-expansion-v3-ready-panel-matched-controls-v1
frangieh2021_melanoma_crispr	Human melanoma CRISPR perturb-seq	recorded_moi_holdout_20_levels	APOC2	APOC2	1	absolute_mean_shift	70	5000	0.05	0.08	-0.03	0.07907222453807086	0.07824255458284694	pgaa-expansion-v3-ready-panel-v1	pgaa-expansion-v3-ready-panel-matched-controls-v1
frangieh2021_melanoma_crispr	Human melanoma CRISPR perturb-seq	recorded_moi_holdout_20_levels	APOC2	APOC2	1	welch_abs_t	70	5000	0.03	0.04	-0.010000000000000002	0.02672362460879319	0.016197882362247795	pgaa-expansion-v3-ready-panel-v1	pgaa-expansion-v3-ready-panel-matched-controls-v1
frangieh2021_melanoma_crispr	Human melanoma CRISPR perturb-seq	recorded_moi_holdout_20_levels	APOC2	APOC2	2	pgaa_w	70	5000	0.15	0.07	0.07999999999999999	0.2517126487205882	0.27011102379685425	pgaa-expansion-v3-ready-panel-v1	pgaa-expansion-v3-ready-panel-matched-controls-v1
frangieh2021_melanoma_crispr	Human melanoma CRISPR perturb-seq	recorded_moi_holdout_20_levels	APOC2	APOC2	2	pgaa_h	70	5000	0.07	0.03	0.04000000000000001	0.051258247378804966	0.027331839155800328	pgaa-expansion-v3-ready-panel-v1	pgaa-expansion-v3-ready-panel-matched-controls-v1
frangieh2021_melanoma_crispr	Human melanoma CRISPR perturb-seq	recorded_moi_holdout_20_levels	APOC2	APOC2	2	absolute_mean_shift	70	5000	0.11	0.07	0.039999999999999994	0.05011437873539986	0.048802455260982064	pgaa-expansion-v3-ready-panel-v1	pgaa-expansion-v3-ready-panel-matched-controls-v1
frangieh2021_melanoma_crispr	Human melanoma CRISPR perturb-seq	recorded_moi_holdout_20_levels	APOC2	APOC2	2	welch_abs_t	70	5000	0.0	0.03	-0.03	-0.010864014195342777	0.009085895596744192	pgaa-expansion-v3-ready-panel-v1	pgaa-expansion-v3-ready-panel-matched-controls-v1
frangieh2021_melanoma_crispr	Human melanoma CRISPR perturb-seq	recorded_moi_holdout_20_levels	APOC2	APOC2	3	pgaa_w	70	5000	0.06	0.07	-0.010000000000000009	0.24558870910270142	0.23951594352937966	pgaa-expansion-v3-ready-panel-v1	pgaa-expansion-v3-ready-panel-matched-controls-v1
frangieh2021_melanoma_crispr	Human melanoma CRISPR perturb-seq	recorded_moi_holdout_20_levels	APOC2	APOC2	3	pgaa_h	70	5000	0.05	0.04	0.010000000000000002	0.03649964327923891	0.018905573180967233	pgaa-expansion-v3-ready-panel-v1	pgaa-expansion-v3-ready-panel-matched-controls-v1
frangieh2021_melanoma_crispr	Human melanoma CRISPR perturb-seq	recorded_moi_holdout_20_levels	APOC2	APOC2	3	absolute_mean_shift	70	5000	0.03	0.05	-0.020000000000000004	0.05070428848955748	0.042937122815789826	pgaa-expansion-v3-ready-panel-v1	pgaa-expansion-v3-ready-panel-matched-controls-v1
frangieh2021_melanoma_crispr	Human melanoma CRISPR perturb-seq	recorded_moi_holdout_20_levels	APOC2	APOC2	3	welch_abs_t	70	5000	0.01	0.04	-0.03	-0.006899392165465957	-0.0010404048417660123	pgaa-expansion-v3-ready-panel-v1	pgaa-expansion-v3-ready-panel-matched-controls-v1
frangieh2021_melanoma_crispr	Human melanoma CRISPR perturb-seq	recorded_moi_holdout_20_levels	APOC2	APOC2	4	pgaa_w	70	5000	0.07	0.15	-0.07999999999999999	0.2723274734501707	0.2541045927843808	pgaa-expansion-v3-ready-panel-v1	pgaa-expansion-v3-ready-panel-matched-controls-v1
frangieh2021_melanoma_crispr	Human melanoma CRISPR perturb-seq	recorded_moi_holdout_20_levels	APOC2	APOC2	4	pgaa_h	70	5000	0.0	0.04	-0.04	0.05037761240105047	0.03813789841487555	pgaa-expansion-v3-ready-panel-v1	pgaa-expansion-v3-ready-panel-matched-controls-v1
frangieh2021_melanoma_crispr	Human melanoma CRISPR perturb-seq	recorded_moi_holdout_20_levels	APOC2	APOC2	4	absolute_mean_shift	70	5000	0.06	0.12	-0.06	0.05914941536185082	0.06369062276326778	pgaa-expansion-v3-ready-panel-v1	pgaa-expansion-v3-ready-panel-matched-controls-v1
frangieh2021_melanoma_crispr	Human melanoma CRISPR perturb-seq	recorded_moi_holdout_20_levels	APOC2	APOC2	4	welch_abs_t	70	5000	0.01	0.06	-0.049999999999999996	0.013542999182370034	0.014146095879201858	pgaa-expansion-v3-ready-panel-v1	pgaa-expansion-v3-ready-panel-matched-controls-v1
frangieh2021_melanoma_crispr	Human melanoma CRISPR perturb-seq	recorded_moi_holdout_20_levels	APOD	APOD	0	pgaa_w	70	4999	0.06	0.09	-0.03	0.266598831731124	0.24862556564731014	pgaa-expansion-v3-ready-panel-v1	pgaa-expansion-v3-ready-panel-matched-controls-v1
frangieh2021_melanoma_crispr	Human melanoma CRISPR perturb-seq	recorded_moi_holdout_20_levels	APOD	APOD	0	pgaa_h	70	4999	0.02	0.06	-0.039999999999999994	0.020702838886903947	0.04482355030205343	pgaa-expansion-v3-ready-panel-v1	pgaa-expansion-v3-ready-panel-matched-controls-v1
frangieh2021_melanoma_crispr	Human melanoma CRISPR perturb-seq	recorded_moi_holdout_20_levels	APOD	APOD	0	absolute_mean_shift	70	4999	0.06	0.08	-0.020000000000000004	0.07140030024011529	0.06389751410833158	pgaa-expansion-v3-ready-panel-v1	pgaa-expansion-v3-ready-panel-matched-controls-v1
frangieh2021_melanoma_crispr	Human melanoma CRISPR perturb-seq	recorded_moi_holdout_20_levels	APOD	APOD	0	welch_abs_t	70	4999	0.03	0.02	0.009999999999999998	0.02886533134173514	0.014009669401876269	pgaa-expansion-v3-ready-panel-v1	pgaa-expansion-v3-ready-panel-matched-controls-v1
frangieh2021_melanoma_crispr	Human melanoma CRISPR perturb-seq	recorded_moi_holdout_20_levels	APOD	APOD	1	pgaa_w	70	4999	0.08	0.08	0.0	0.26153617841270704	0.2584529258855001	pgaa-expansion-v3-ready-panel-v1	pgaa-expansion-v3-ready-panel-matched-controls-v1
frangieh2021_melanoma_crispr	Human melanoma CRISPR perturb-seq	recorded_moi_holdout_20_levels	APOD	APOD	1	pgaa_h	70	4999	0.01	0.03	-0.019999999999999997	0.036812727562427566	0.013426591608665672	pgaa-expansion-v3-ready-panel-v1	pgaa-expansion-v3-ready-panel-matched-controls-v1
frangieh2021_melanoma_crispr	Human melanoma CRISPR perturb-seq	recorded_moi_holdout_20_levels	APOD	APOD	1	absolute_mean_shift	70	4999	0.07	0.02	0.05	0.04319808202358811	0.047864325423256665	pgaa-expansion-v3-ready-panel-v1	pgaa-expansion-v3-ready-panel-matched-controls-v1
frangieh2021_melanoma_crispr	Human melanoma CRISPR perturb-seq	recorded_moi_holdout_20_levels	APOD	APOD	1	welch_abs_t	70	4999	0.01	0.0	0.01	-0.0050829283746344905	-0.007916367235221747	pgaa-expansion-v3-ready-panel-v1	pgaa-expansion-v3-ready-panel-matched-controls-v1
frangieh2021_melanoma_crispr	Human melanoma CRISPR perturb-seq	recorded_moi_holdout_20_levels	APOD	APOD	2	pgaa_w	70	4999	0.13	0.11	0.020000000000000004	0.25992831493693525	0.24442438034412223	pgaa-expansion-v3-ready-panel-v1	pgaa-expansion-v3-ready-panel-matched-controls-v1
frangieh2021_melanoma_crispr	Human melanoma CRISPR perturb-seq	recorded_moi_holdout_20_levels	APOD	APOD	2	pgaa_h	70	4999	0.04	0.01	0.03	0.02929781185282839	0.035348661456584135	pgaa-expansion-v3-ready-panel-v1	pgaa-expansion-v3-ready-panel-matched-controls-v1
frangieh2021_melanoma_crispr	Human melanoma CRISPR perturb-seq	recorded_moi_holdout_20_levels	APOD	APOD	2	absolute_mean_shift	70	4999	0.09	0.1	-0.010000000000000009	0.07675213959031944	0.04222863891311071	pgaa-expansion-v3-ready-panel-v1	pgaa-expansion-v3-ready-panel-matched-controls-v1
frangieh2021_melanoma_crispr	Human melanoma CRISPR perturb-seq	recorded_moi_holdout_20_levels	APOD	APOD	2	welch_abs_t	70	4999	0.02	0.01	0.01	0.03525360568081221	-0.00871180099186012	pgaa-expansion-v3-ready-panel-v1	pgaa-expansion-v3-ready-panel-matched-controls-v1
frangieh2021_melanoma_crispr	Human melanoma CRISPR perturb-seq	recorded_moi_holdout_20_levels	APOD	APOD	3	pgaa_w	70	4999	0.07	0.06	0.010000000000000009	0.24586159599857213	0.2407635879512403	pgaa-expansion-v3-ready-panel-v1	pgaa-expansion-v3-ready-panel-matched-controls-v1
frangieh2021_melanoma_crispr	Human melanoma CRISPR perturb-seq	recorded_moi_holdout_20_levels	APOD	APOD	3	pgaa_h	70	4999	0.03	0.0	0.03	0.04557864641238018	0.026363601020409244	pgaa-expansion-v3-ready-panel-v1	pgaa-expansion-v3-ready-panel-matched-controls-v1
frangieh2021_melanoma_crispr	Human melanoma CRISPR perturb-seq	recorded_moi_holdout_20_levels	APOD	APOD	3	absolute_mean_shift	70	4999	0.05	0.02	0.030000000000000002	0.03972201475490508	0.029849983231671547	pgaa-expansion-v3-ready-panel-v1	pgaa-expansion-v3-ready-panel-matched-controls-v1
frangieh2021_melanoma_crispr	Human melanoma CRISPR perturb-seq	recorded_moi_holdout_20_levels	APOD	APOD	3	welch_abs_t	70	4999	0.03	0.02	0.009999999999999998	-0.011122405369696326	-0.0239996884628306	pgaa-expansion-v3-ready-panel-v1	pgaa-expansion-v3-ready-panel-matched-controls-v1
frangieh2021_melanoma_crispr	Human melanoma CRISPR perturb-seq	recorded_moi_holdout_20_levels	APOD	APOD	4	pgaa_w	70	4999	0.06	0.03	0.03	0.26410999391388745	0.24945592808832653	pgaa-expansion-v3-ready-panel-v1	pgaa-expansion-v3-ready-panel-matched-controls-v1
frangieh2021_melanoma_crispr	Human melanoma CRISPR perturb-seq	recorded_moi_holdout_20_levels	APOD	APOD	4	pgaa_h	70	4999	0.02	0.04	-0.02	0.032904335108618885	0.04619972666881301	pgaa-expansion-v3-ready-panel-v1	pgaa-expansion-v3-ready-panel-matched-controls-v1
frangieh2021_melanoma_crispr	Human melanoma CRISPR perturb-seq	recorded_moi_holdout_20_levels	APOD	APOD	4	absolute_mean_shift	70	4999	0.07	0.02	0.05	0.056927270552347295	0.04299970957699339	pgaa-expansion-v3-ready-panel-v1	pgaa-expansion-v3-ready-panel-matched-controls-v1
frangieh2021_melanoma_crispr	Human melanoma CRISPR perturb-seq	recorded_moi_holdout_20_levels	APOD	APOD	4	welch_abs_t	70	4999	0.0	0.0	0.0	-0.001182557712107792	-0.01794478737499538	pgaa-expansion-v3-ready-panel-v1	pgaa-expansion-v3-ready-panel-matched-controls-v1
frangieh2021_melanoma_crispr	Human melanoma CRISPR perturb-seq	recorded_moi_holdout_20_levels	APOE	APOE	0	pgaa_w	70	4999	0.07	0.1	-0.03	0.24895757238469987	0.24489478994066585	pgaa-expansion-v3-ready-panel-v1	pgaa-expansion-v3-ready-panel-matched-controls-v1
frangieh2021_melanoma_crispr	Human melanoma CRISPR perturb-seq	recorded_moi_holdout_20_levels	APOE	APOE	0	pgaa_h	70	4999	0.02	0.02	0.0	0.048732829194020395	0.05888631276677253	pgaa-expansion-v3-ready-panel-v1	pgaa-expansion-v3-ready-panel-matched-controls-v1
frangieh2021_melanoma_crispr	Human melanoma CRISPR perturb-seq	recorded_moi_holdout_20_levels	APOE	APOE	0	absolute_mean_shift	70	4999	0.06	0.07	-0.010000000000000009	0.05355902316889198	0.05844959770130598	pgaa-expansion-v3-ready-panel-v1	pgaa-expansion-v3-ready-panel-matched-controls-v1
frangieh2021_melanoma_crispr	Human melanoma CRISPR perturb-seq	recorded_moi_holdout_20_levels	APOE	APOE	0	welch_abs_t	70	4999	0.03	0.05	-0.020000000000000004	0.007665361452562464	0.0046279013323444135	pgaa-expansion-v3-ready-panel-v1	pgaa-expansion-v3-ready-panel-matched-controls-v1
frangieh2021_melanoma_crispr	Human melanoma CRISPR perturb-seq	recorded_moi_holdout_20_levels	APOE	APOE	1	pgaa_w	70	4999	0.09	0.06	0.03	0.2810177718601163	0.26741745270407846	pgaa-expansion-v3-ready-panel-v1	pgaa-expansion-v3-ready-panel-matched-controls-v1
frangieh2021_melanoma_crispr	Human melanoma CRISPR perturb-seq	recorded_moi_holdout_20_levels	APOE	APOE	1	pgaa_h	70	4999	0.02	0.03	-0.009999999999999998	0.035190722189614054	0.04391134402261139	pgaa-expansion-v3-ready-panel-v1	pgaa-expansion-v3-ready-panel-matched-controls-v1
frangieh2021_melanoma_crispr	Human melanoma CRISPR perturb-seq	recorded_moi_holdout_20_levels	APOE	APOE	1	absolute_mean_shift	70	4999	0.07	0.05	0.020000000000000004	0.06335972719947482	0.07128779463997857	pgaa-expansion-v3-ready-panel-v1	pgaa-expansion-v3-ready-panel-matched-controls-v1
frangieh2021_melanoma_crispr	Human melanoma CRISPR perturb-seq	recorded_moi_holdout_20_levels	APOE	APOE	1	welch_abs_t	70	4999	0.01	0.03	-0.019999999999999997	0.006527802081217906	0.017871448005521193	pgaa-expansion-v3-ready-panel-v1	pgaa-expansion-v3-ready-panel-matched-controls-v1
frangieh2021_melanoma_crispr	Human melanoma CRISPR perturb-seq	recorded_moi_holdout_20_levels	APOE	APOE	2	pgaa_w	70	4999	0.2	0.06	0.14	0.2770817747355993	0.2567729253777176	pgaa-expansion-v3-ready-panel-v1	pgaa-expansion-v3-ready-panel-matched-controls-v1
frangieh2021_melanoma_crispr	Human melanoma CRISPR perturb-seq	recorded_moi_holdout_20_levels	APOE	APOE	2	pgaa_h	70	4999	0.04	0.04	0.0	0.05286879462800019	0.028110977868177234	pgaa-expansion-v3-ready-panel-v1	pgaa-expansion-v3-ready-panel-matched-controls-v1
frangieh2021_melanoma_crispr	Human melanoma CRISPR perturb-seq	recorded_moi_holdout_20_levels	APOE	APOE	2	absolute_mean_shift	70	4999	0.15	0.05	0.09999999999999999	0.05697816255822174	0.031163940618247444	pgaa-expansion-v3-ready-panel-v1	pgaa-expansion-v3-ready-panel-matched-controls-v1
frangieh2021_melanoma_crispr	Human melanoma CRISPR perturb-seq	recorded_moi_holdout_20_levels	APOE	APOE	2	welch_abs_t	70	4999	0.04	0.02	0.02	-0.004040074857999697	-0.018558442902402217	pgaa-expansion-v3-ready-panel-v1	pgaa-expansion-v3-ready-panel-matched-controls-v1
frangieh2021_melanoma_crispr	Human melanoma CRISPR perturb-seq	recorded_moi_holdout_20_levels	APOE	APOE	3	pgaa_w	70	4999	0.12	0.08	0.039999999999999994	0.2561553848836812	0.2536136064972434	pgaa-expansion-v3-ready-panel-v1	pgaa-expansion-v3-ready-panel-matched-controls-v1
frangieh2021_melanoma_crispr	Human melanoma CRISPR perturb-seq	recorded_moi_holdout_20_levels	APOE	APOE	3	pgaa_h	70	4999	0.02	0.01	0.01	0.02339433473285497	0.03276703262449606	pgaa-expansion-v3-ready-panel-v1	pgaa-expansion-v3-ready-panel-matched-controls-v1
frangieh2021_melanoma_crispr	Human melanoma CRISPR perturb-seq	recorded_moi_holdout_20_levels	APOE	APOE	3	absolute_mean_shift	70	4999	0.07	0.04	0.030000000000000006	0.06138796817259921	0.06367972097443349	pgaa-expansion-v3-ready-panel-v1	pgaa-expansion-v3-ready-panel-matched-controls-v1
frangieh2021_melanoma_crispr	Human melanoma CRISPR perturb-seq	recorded_moi_holdout_20_levels	APOE	APOE	3	welch_abs_t	70	4999	0.03	0.01	0.019999999999999997	0.005774285998765042	0.00839043880905718	pgaa-expansion-v3-ready-panel-v1	pgaa-expansion-v3-ready-panel-matched-controls-v1
frangieh2021_melanoma_crispr	Human melanoma CRISPR perturb-seq	recorded_moi_holdout_20_levels	APOE	APOE	4	pgaa_w	70	4999	0.04	0.06	-0.019999999999999997	0.23129279505736589	0.2637339029277036	pgaa-expansion-v3-ready-panel-v1	pgaa-expansion-v3-ready-panel-matched-controls-v1
frangieh2021_melanoma_crispr	Human melanoma CRISPR perturb-seq	recorded_moi_holdout_20_levels	APOE	APOE	4	pgaa_h	70	4999	0.01	0.01	0.0	0.02938909349396491	0.025726046679494578	pgaa-expansion-v3-ready-panel-v1	pgaa-expansion-v3-ready-panel-matched-controls-v1
frangieh2021_melanoma_crispr	Human melanoma CRISPR perturb-seq	recorded_moi_holdout_20_levels	APOE	APOE	4	absolute_mean_shift	70	4999	0.04	0.05	-0.010000000000000002	0.03912539834236364	0.07440327012452719	pgaa-expansion-v3-ready-panel-v1	pgaa-expansion-v3-ready-panel-matched-controls-v1
frangieh2021_melanoma_crispr	Human melanoma CRISPR perturb-seq	recorded_moi_holdout_20_levels	APOE	APOE	4	welch_abs_t	70	4999	0.0	0.0	0.0	-0.01810885855703321	0.013473494675572495	pgaa-expansion-v3-ready-panel-v1	pgaa-expansion-v3-ready-panel-matched-controls-v1
frangieh2021_melanoma_crispr	Human melanoma CRISPR perturb-seq	recorded_moi_holdout_20_levels	ARMC6	ARMC6	0	pgaa_w	70	4999	0.09	0.14	-0.05000000000000002	0.24503320146598503	0.24475460742145477	pgaa-expansion-v3-ready-panel-v1	pgaa-expansion-v3-ready-panel-matched-controls-v1
frangieh2021_melanoma_crispr	Human melanoma CRISPR perturb-seq	recorded_moi_holdout_20_levels	ARMC6	ARMC6	0	pgaa_h	70	4999	0.04	0.03	0.010000000000000002	0.035335201266822346	0.048057328521559646	pgaa-expansion-v3-ready-panel-v1	pgaa-expansion-v3-ready-panel-matched-controls-v1
frangieh2021_melanoma_crispr	Human melanoma CRISPR perturb-seq	recorded_moi_holdout_20_levels	ARMC6	ARMC6	0	absolute_mean_shift	70	4999	0.05	0.08	-0.03	0.05264387461557665	0.05737613550636028	pgaa-expansion-v3-ready-panel-v1	pgaa-expansion-v3-ready-panel-matched-controls-v1
frangieh2021_melanoma_crispr	Human melanoma CRISPR perturb-seq	recorded_moi_holdout_20_levels	ARMC6	ARMC6	0	welch_abs_t	70	4999	0.03	0.03	0.0	0.005021877508996247	0.0033832541302237936	pgaa-expansion-v3-ready-panel-v1	pgaa-expansion-v3-ready-panel-matched-controls-v1
frangieh2021_melanoma_crispr	Human melanoma CRISPR perturb-seq	recorded_moi_holdout_20_levels	ARMC6	ARMC6	1	pgaa_w	70	4999	0.08	0.1	-0.020000000000000004	0.2533162550221108	0.26579997405319233	pgaa-expansion-v3-ready-panel-v1	pgaa-expansion-v3-ready-panel-matched-controls-v1
frangieh2021_melanoma_crispr	Human melanoma CRISPR perturb-seq	recorded_moi_holdout_20_levels	ARMC6	ARMC6	1	pgaa_h	70	4999	0.03	0.0	0.03	0.0262910411734959	0.04730461743048949	pgaa-expansion-v3-ready-panel-v1	pgaa-expansion-v3-ready-panel-matched-controls-v1
frangieh2021_melanoma_crispr	Human melanoma CRISPR perturb-seq	recorded_moi_holdout_20_levels	ARMC6	ARMC6	1	absolute_mean_shift	70	4999	0.04	0.07	-0.030000000000000006	0.04235023404562192	0.06948988365801394	pgaa-expansion-v3-ready-panel-v1	pgaa-expansion-v3-ready-panel-matched-controls-v1
frangieh2021_melanoma_crispr	Human melanoma CRISPR perturb-seq	recorded_moi_holdout_20_levels	ARMC6	ARMC6	1	welch_abs_t	70	4999	0.03	0.03	0.0	-0.01059205421068733	0.011999490775369924	pgaa-expansion-v3-ready-panel-v1	pgaa-expansion-v3-ready-panel-matched-controls-v1
frangieh2021_melanoma_crispr	Human melanoma CRISPR perturb-seq	recorded_moi_holdout_20_levels	ARMC6	ARMC6	2	pgaa_w	70	4999	0.11	0.08	0.03	0.24757373952535017	0.2757207101775362	pgaa-expansion-v3-ready-panel-v1	pgaa-expansion-v3-ready-panel-matched-controls-v1
frangieh2021_melanoma_crispr	Human melanoma CRISPR perturb-seq	recorded_moi_holdout_20_levels	ARMC6	ARMC6	2	pgaa_h	70	4999	0.03	0.02	0.009999999999999998	0.01865624699080331	0.017642766421520645	pgaa-expansion-v3-ready-panel-v1	pgaa-expansion-v3-ready-panel-matched-controls-v1
frangieh2021_melanoma_crispr	Human melanoma CRISPR perturb-seq	recorded_moi_holdout_20_levels	ARMC6	ARMC6	2	absolute_mean_shift	70	4999	0.06	0.02	0.039999999999999994	0.0349382700633616	0.08010628216017393	pgaa-expansion-v3-ready-panel-v1	pgaa-expansion-v3-ready-panel-matched-controls-v1
frangieh2021_melanoma_crispr	Human melanoma CRISPR perturb-seq	recorded_moi_holdout_20_levels	ARMC6	ARMC6	2	welch_abs_t	70	4999	0.02	0.0	0.02	-0.00938577746987231	0.026021207317816642	pgaa-expansion-v3-ready-panel-v1	pgaa-expansion-v3-ready-panel-matched-controls-v1
frangieh2021_melanoma_crispr	Human melanoma CRISPR perturb-seq	recorded_moi_holdout_20_levels	ARMC6	ARMC6	3	pgaa_w	70	4999	0.03	0.06	-0.03	0.23737321690477026	0.24186840297811948	pgaa-expansion-v3-ready-panel-v1	pgaa-expansion-v3-ready-panel-matched-controls-v1
frangieh2021_melanoma_crispr	Human melanoma CRISPR perturb-seq	recorded_moi_holdout_20_levels	ARMC6	ARMC6	3	pgaa_h	70	4999	0.02	0.07	-0.05	0.024019259459558417	0.04002124243504099	pgaa-expansion-v3-ready-panel-v1	pgaa-expansion-v3-ready-panel-matched-controls-v1
frangieh2021_melanoma_crispr	Human melanoma CRISPR perturb-seq	recorded_moi_holdout_20_levels	ARMC6	ARMC6	3	absolute_mean_shift	70	4999	0.03	0.07	-0.04000000000000001	0.04662932496494311	0.059470048881716094	pgaa-expansion-v3-ready-panel-v1	pgaa-expansion-v3-ready-panel-matched-controls-v1
frangieh2021_melanoma_crispr	Human melanoma CRISPR perturb-seq	recorded_moi_holdout_20_levels	ARMC6	ARMC6	3	welch_abs_t	70	4999	0.02	0.03	-0.009999999999999998	-0.005563174868534711	0.018293700565721483	pgaa-expansion-v3-ready-panel-v1	pgaa-expansion-v3-ready-panel-matched-controls-v1
frangieh2021_melanoma_crispr	Human melanoma CRISPR perturb-seq	recorded_moi_holdout_20_levels	ARMC6	ARMC6	4	pgaa_w	70	4999	0.08	0.1	-0.020000000000000004	0.22554120430093616	0.2511477234043624	pgaa-expansion-v3-ready-panel-v1	pgaa-expansion-v3-ready-panel-matched-controls-v1
frangieh2021_melanoma_crispr	Human melanoma CRISPR perturb-seq	recorded_moi_holdout_20_levels	ARMC6	ARMC6	4	pgaa_h	70	4999	0.01	0.01	0.0	0.030033227323398106	0.041394508408259	pgaa-expansion-v3-ready-panel-v1	pgaa-expansion-v3-ready-panel-matched-controls-v1
frangieh2021_melanoma_crispr	Human melanoma CRISPR perturb-seq	recorded_moi_holdout_20_levels	ARMC6	ARMC6	4	absolute_mean_shift	70	4999	0.06	0.06	0.0	0.03900488895553502	0.027181526874821598	pgaa-expansion-v3-ready-panel-v1	pgaa-expansion-v3-ready-panel-matched-controls-v1
frangieh2021_melanoma_crispr	Human melanoma CRISPR perturb-seq	recorded_moi_holdout_20_levels	ARMC6	ARMC6	4	welch_abs_t	70	4999	0.03	0.01	0.019999999999999997	0.005503505311434772	-0.018111228779846958	pgaa-expansion-v3-ready-panel-v1	pgaa-expansion-v3-ready-panel-matched-controls-v1
frangieh2021_melanoma_crispr	Human melanoma CRISPR perturb-seq	recorded_moi_holdout_20_levels	ATP1B1	ATP1B1	0	pgaa_w	70	4999	0.09	0.11	-0.020000000000000004	0.25234201630287006	0.24133350842871254	pgaa-expansion-v3-ready-panel-v1	pgaa-expansion-v3-ready-panel-matched-controls-v1
frangieh2021_melanoma_crispr	Human melanoma CRISPR perturb-seq	recorded_moi_holdout_20_levels	ATP1B1	ATP1B1	0	pgaa_h	70	4999	0.03	0.04	-0.010000000000000002	0.010750070606613402	0.018032827266934108	pgaa-expansion-v3-ready-panel-v1	pgaa-expansion-v3-ready-panel-matched-controls-v1
frangieh2021_melanoma_crispr	Human melanoma CRISPR perturb-seq	recorded_moi_holdout_20_levels	ATP1B1	ATP1B1	0	absolute_mean_shift	70	4999	0.07	0.06	0.010000000000000009	0.06380861734809634	0.04288839204644971	pgaa-expansion-v3-ready-panel-v1	pgaa-expansion-v3-ready-panel-matched-controls-v1
frangieh2021_melanoma_crispr	Human melanoma CRISPR perturb-seq	recorded_moi_holdout_20_levels	ATP1B1	ATP1B1	0	welch_abs_t	70	4999	0.02	0.03	-0.009999999999999998	0.02309913599120764	-0.01430630798737795	pgaa-expansion-v3-ready-panel-v1	pgaa-expansion-v3-ready-panel-matched-controls-v1
frangieh2021_melanoma_crispr	Human melanoma CRISPR perturb-seq	recorded_moi_holdout_20_levels	ATP1B1	ATP1B1	1	pgaa_w	70	4999	0.09	0.06	0.03	0.24821995374443676	0.22910549469186817	pgaa-expansion-v3-ready-panel-v1	pgaa-expansion-v3-ready-panel-matched-controls-v1
frangieh2021_melanoma_crispr	Human melanoma CRISPR perturb-seq	recorded_moi_holdout_20_levels	ATP1B1	ATP1B1	1	pgaa_h	70	4999	0.03	0.0	0.03	0.025598690308871106	0.03489358547882951	pgaa-expansion-v3-ready-panel-v1	pgaa-expansion-v3-ready-panel-matched-controls-v1
frangieh2021_melanoma_crispr	Human melanoma CRISPR perturb-seq	recorded_moi_holdout_20_levels	ATP1B1	ATP1B1	1	absolute_mean_shift	70	4999	0.12	0.04	0.07999999999999999	0.06068641115325676	0.03072517044584013	pgaa-expansion-v3-ready-panel-v1	pgaa-expansion-v3-ready-panel-matched-controls-v1
frangieh2021_melanoma_crispr	Human melanoma CRISPR perturb-seq	recorded_moi_holdout_20_levels	ATP1B1	ATP1B1	1	welch_abs_t	70	4999	0.03	0.01	0.019999999999999997	0.009572786251306364	-0.018921958511620925	pgaa-expansion-v3-ready-panel-v1	pgaa-expansion-v3-ready-panel-matched-controls-v1
frangieh2021_melanoma_crispr	Human melanoma CRISPR perturb-seq	recorded_moi_holdout_20_levels	ATP1B1	ATP1B1	2	pgaa_w	70	4999	0.09	0.13	-0.04000000000000001	0.26926775322282553	0.26617515592109303	pgaa-expansion-v3-ready-panel-v1	pgaa-expansion-v3-ready-panel-matched-controls-v1
frangieh2021_melanoma_crispr	Human melanoma CRISPR perturb-seq	recorded_moi_holdout_20_levels	ATP1B1	ATP1B1	2	pgaa_h	70	4999	0.01	0.07	-0.060000000000000005	0.051146752077165625	0.027624969630197182	pgaa-expansion-v3-ready-panel-v1	pgaa-expansion-v3-ready-panel-matched-controls-v1
frangieh2021_melanoma_crispr	Human melanoma CRISPR perturb-seq	recorded_moi_holdout_20_levels	ATP1B1	ATP1B1	2	absolute_mean_shift	70	4999	0.07	0.08	-0.009999999999999995	0.053126357960142735	0.06948485924209762	pgaa-expansion-v3-ready-panel-v1	pgaa-expansion-v3-ready-panel-matched-controls-v1
frangieh2021_melanoma_crispr	Human melanoma CRISPR perturb-seq	recorded_moi_holdout_20_levels	ATP1B1	ATP1B1	2	welch_abs_t	70	4999	0.04	0.02	0.02	3.7393505116076454e-05	0.0193270973545642	pgaa-expansion-v3-ready-panel-v1	pgaa-expansion-v3-ready-panel-matched-controls-v1
frangieh2021_melanoma_crispr	Human melanoma CRISPR perturb-seq	recorded_moi_holdout_20_levels	ATP1B1	ATP1B1	3	pgaa_w	70	4999	0.06	0.07	-0.010000000000000009	0.24213577642805098	0.2547915243915429	pgaa-expansion-v3-ready-panel-v1	pgaa-expansion-v3-ready-panel-matched-controls-v1
frangieh2021_melanoma_crispr	Human melanoma CRISPR perturb-seq	recorded_moi_holdout_20_levels	ATP1B1	ATP1B1	3	pgaa_h	70	4999	0.02	0.03	-0.009999999999999998	0.05389479746816186	0.023910037221601926	pgaa-expansion-v3-ready-panel-v1	pgaa-expansion-v3-ready-panel-matched-controls-v1
frangieh2021_melanoma_crispr	Human melanoma CRISPR perturb-seq	recorded_moi_holdout_20_levels	ATP1B1	ATP1B1	3	absolute_mean_shift	70	4999	0.05	0.06	-0.009999999999999995	0.04630261010963582	0.0535379053052904	pgaa-expansion-v3-ready-panel-v1	pgaa-expansion-v3-ready-panel-matched-controls-v1
frangieh2021_melanoma_crispr	Human melanoma CRISPR perturb-seq	recorded_moi_holdout_20_levels	ATP1B1	ATP1B1	3	welch_abs_t	70	4999	0.0	0.03	-0.03	0.008214186223584953	0.0008478336964318592	pgaa-expansion-v3-ready-panel-v1	pgaa-expansion-v3-ready-panel-matched-controls-v1
frangieh2021_melanoma_crispr	Human melanoma CRISPR perturb-seq	recorded_moi_holdout_20_levels	ATP1B1	ATP1B1	4	pgaa_w	70	4999	0.11	0.2	-0.09000000000000001	0.28378383531610446	0.28490807029520704	pgaa-expansion-v3-ready-panel-v1	pgaa-expansion-v3-ready-panel-matched-controls-v1
frangieh2021_melanoma_crispr	Human melanoma CRISPR perturb-seq	recorded_moi_holdout_20_levels	ATP1B1	ATP1B1	4	pgaa_h	70	4999	0.04	0.02	0.02	0.03670504310530064	0.043280977921804346	pgaa-expansion-v3-ready-panel-v1	pgaa-expansion-v3-ready-panel-matched-controls-v1
frangieh2021_melanoma_crispr	Human melanoma CRISPR perturb-seq	recorded_moi_holdout_20_levels	ATP1B1	ATP1B1	4	absolute_mean_shift	70	4999	0.08	0.12	-0.039999999999999994	0.05592930027924657	0.07796283764104205	pgaa-expansion-v3-ready-panel-v1	pgaa-expansion-v3-ready-panel-matched-controls-v1
frangieh2021_melanoma_crispr	Human melanoma CRISPR perturb-seq	recorded_moi_holdout_20_levels	ATP1B1	ATP1B1	4	welch_abs_t	70	4999	0.05	0.02	0.030000000000000002	0.0059241180531868255	0.022393267778818185	pgaa-expansion-v3-ready-panel-v1	pgaa-expansion-v3-ready-panel-matched-controls-v1
frangieh2021_melanoma_crispr	Human melanoma CRISPR perturb-seq	recorded_moi_holdout_20_levels	B2M	B2M	0	pgaa_w	70	4999	0.1	0.06	0.04000000000000001	0.2579729154489669	0.2722987204446505	pgaa-expansion-v3-ready-panel-v1	pgaa-expansion-v3-ready-panel-matched-controls-v1
frangieh2021_melanoma_crispr	Human melanoma CRISPR perturb-seq	recorded_moi_holdout_20_levels	B2M	B2M	0	pgaa_h	70	4999	0.02	0.03	-0.009999999999999998	0.055926184818446606	0.03190495356176735	pgaa-expansion-v3-ready-panel-v1	pgaa-expansion-v3-ready-panel-matched-controls-v1
frangieh2021_melanoma_crispr	Human melanoma CRISPR perturb-seq	recorded_moi_holdout_20_levels	B2M	B2M	0	absolute_mean_shift	70	4999	0.07	0.05	0.020000000000000004	0.047780750499894234	0.06354214672201164	pgaa-expansion-v3-ready-panel-v1	pgaa-expansion-v3-ready-panel-matched-controls-v1
frangieh2021_melanoma_crispr	Human melanoma CRISPR perturb-seq	recorded_moi_holdout_20_levels	B2M	B2M	0	welch_abs_t	70	4999	0.01	0.01	0.0	-0.0005421871890425502	0.0031157067434625305	pgaa-expansion-v3-ready-panel-v1	pgaa-expansion-v3-ready-panel-matched-controls-v1
frangieh2021_melanoma_crispr	Human melanoma CRISPR perturb-seq	recorded_moi_holdout_20_levels	B2M	B2M	1	pgaa_w	70	4999	0.13	0.08	0.05	0.2502869885742819	0.27300587217959865	pgaa-expansion-v3-ready-panel-v1	pgaa-expansion-v3-ready-panel-matched-controls-v1
frangieh2021_melanoma_crispr	Human melanoma CRISPR perturb-seq	recorded_moi_holdout_20_levels	B2M	B2M	1	pgaa_h	70	4999	0.04	0.05	-0.010000000000000002	0.03584604300841397	0.021458557345422673	pgaa-expansion-v3-ready-panel-v1	pgaa-expansion-v3-ready-panel-matched-controls-v1
frangieh2021_melanoma_crispr	Human melanoma CRISPR perturb-seq	recorded_moi_holdout_20_levels	B2M	B2M	1	absolute_mean_shift	70	4999	0.08	0.05	0.03	0.045696138863367645	0.04683459415696696	pgaa-expansion-v3-ready-panel-v1	pgaa-expansion-v3-ready-panel-matched-controls-v1
frangieh2021_melanoma_crispr	Human melanoma CRISPR perturb-seq	recorded_moi_holdout_20_levels	B2M	B2M	1	welch_abs_t	70	4999	0.02	0.01	0.01	-0.006707147290055851	0.0049133661553314315	pgaa-expansion-v3-ready-panel-v1	pgaa-expansion-v3-ready-panel-matched-controls-v1
frangieh2021_melanoma_crispr	Human melanoma CRISPR perturb-seq	recorded_moi_holdout_20_levels	B2M	B2M	2	pgaa_w	70	4999	0.08	0.09	-0.009999999999999995	0.26658952009688724	0.2769877515131831	pgaa-expansion-v3-ready-panel-v1	pgaa-expansion-v3-ready-panel-matched-controls-v1
frangieh2021_melanoma_crispr	Human melanoma CRISPR perturb-seq	recorded_moi_holdout_20_levels	B2M	B2M	2	pgaa_h	70	4999	0.02	0.02	0.0	0.017993453476539717	0.06127000921857763	pgaa-expansion-v3-ready-panel-v1	pgaa-expansion-v3-ready-panel-matched-controls-v1
frangieh2021_melanoma_crispr	Human melanoma CRISPR perturb-seq	recorded_moi_holdout_20_levels	B2M	B2M	2	absolute_mean_shift	70	4999	0.05	0.05	0.0	0.06235713635822346	0.061673950959020556	pgaa-expansion-v3-ready-panel-v1	pgaa-expansion-v3-ready-panel-matched-controls-v1
frangieh2021_melanoma_crispr	Human melanoma CRISPR perturb-seq	recorded_moi_holdout_20_levels	B2M	B2M	2	welch_abs_t	70	4999	0.02	0.01	0.01	0.010642527738517994	7.064284405839836e-05	pgaa-expansion-v3-ready-panel-v1	pgaa-expansion-v3-ready-panel-matched-controls-v1
frangieh2021_melanoma_crispr	Human melanoma CRISPR perturb-seq	recorded_moi_holdout_20_levels	B2M	B2M	3	pgaa_w	70	4999	0.05	0.11	-0.06	0.2401427335877877	0.24618671418539104	pgaa-expansion-v3-ready-panel-v1	pgaa-expansion-v3-ready-panel-matched-controls-v1
frangieh2021_melanoma_crispr	Human melanoma CRISPR perturb-seq	recorded_moi_holdout_20_levels	B2M	B2M	3	pgaa_h	70	4999	0.03	0.04	-0.010000000000000002	0.030538360455989677	0.043158259968763824	pgaa-expansion-v3-ready-panel-v1	pgaa-expansion-v3-ready-panel-matched-controls-v1
frangieh2021_melanoma_crispr	Human melanoma CRISPR perturb-seq	recorded_moi_holdout_20_levels	B2M	B2M	3	absolute_mean_shift	70	4999	0.04	0.09	-0.049999999999999996	0.043221026737770875	0.04616363652636454	pgaa-expansion-v3-ready-panel-v1	pgaa-expansion-v3-ready-panel-matched-controls-v1
frangieh2021_melanoma_crispr	Human melanoma CRISPR perturb-seq	recorded_moi_holdout_20_levels	B2M	B2M	3	welch_abs_t	70	4999	0.01	0.02	-0.01	0.0022954685537151095	-0.008163996401504935	pgaa-expansion-v3-ready-panel-v1	pgaa-expansion-v3-ready-panel-matched-controls-v1
frangieh2021_melanoma_crispr	Human melanoma CRISPR perturb-seq	recorded_moi_holdout_20_levels	B2M	B2M	4	pgaa_w	70	4999	0.07	0.16	-0.09	0.22855948422474692	0.22888565460788537	pgaa-expansion-v3-ready-panel-v1	pgaa-expansion-v3-ready-panel-matched-controls-v1
frangieh2021_melanoma_crispr	Human melanoma CRISPR perturb-seq	recorded_moi_holdout_20_levels	B2M	B2M	4	pgaa_h	70	4999	0.06	0.03	0.03	0.0025011572523112187	0.018954790868448923	pgaa-expansion-v3-ready-panel-v1	pgaa-expansion-v3-ready-panel-matched-controls-v1
frangieh2021_melanoma_crispr	Human melanoma CRISPR perturb-seq	recorded_moi_holdout_20_levels	B2M	B2M	4	absolute_mean_shift	70	4999	0.05	0.11	-0.06	0.04016100755329	0.0445094761174582	pgaa-expansion-v3-ready-panel-v1	pgaa-expansion-v3-ready-panel-matched-controls-v1
frangieh2021_melanoma_crispr	Human melanoma CRISPR perturb-seq	recorded_moi_holdout_20_levels	B2M	B2M	4	welch_abs_t	70	4999	0.02	0.01	0.01	-0.01694854094590456	-0.011018378466667488	pgaa-expansion-v3-ready-panel-v1	pgaa-expansion-v3-ready-panel-matched-controls-v1
frangieh2021_melanoma_crispr	Human melanoma CRISPR perturb-seq	recorded_moi_holdout_20_levels	BOLA2	BOLA2	0	pgaa_w	70	4999	0.09	0.09	0.0	0.23180937193823026	0.25750961915108156	pgaa-expansion-v3-ready-panel-v1	pgaa-expansion-v3-ready-panel-matched-controls-v1
frangieh2021_melanoma_crispr	Human melanoma CRISPR perturb-seq	recorded_moi_holdout_20_levels	BOLA2	BOLA2	0	pgaa_h	70	4999	0.03	0.02	0.009999999999999998	0.025849951609104454	0.012550132879798366	pgaa-expansion-v3-ready-panel-v1	pgaa-expansion-v3-ready-panel-matched-controls-v1
frangieh2021_melanoma_crispr	Human melanoma CRISPR perturb-seq	recorded_moi_holdout_20_levels	BOLA2	BOLA2	0	absolute_mean_shift	70	4999	0.1	0.04	0.060000000000000005	0.07567505810483648	0.05416643262075782	pgaa-expansion-v3-ready-panel-v1	pgaa-expansion-v3-ready-panel-matched-controls-v1
frangieh2021_melanoma_crispr	Human melanoma CRISPR perturb-seq	recorded_moi_holdout_20_levels	BOLA2	BOLA2	0	welch_abs_t	70	4999	0.03	0.01	0.019999999999999997	0.030849300092553825	-0.0009079655547609858	pgaa-expansion-v3-ready-panel-v1	pgaa-expansion-v3-ready-panel-matched-controls-v1
frangieh2021_melanoma_crispr	Human melanoma CRISPR perturb-seq	recorded_moi_holdout_20_levels	BOLA2	BOLA2	1	pgaa_w	70	4999	0.1	0.06	0.04000000000000001	0.25262855131056533	0.23599976260490987	pgaa-expansion-v3-ready-panel-v1	pgaa-expansion-v3-ready-panel-matched-controls-v1
frangieh2021_melanoma_crispr	Human melanoma CRISPR perturb-seq	recorded_moi_holdout_20_levels	BOLA2	BOLA2	1	pgaa_h	70	4999	0.02	0.02	0.0	0.015647549730365674	0.04028091199116945	pgaa-expansion-v3-ready-panel-v1	pgaa-expansion-v3-ready-panel-matched-controls-v1
frangieh2021_melanoma_crispr	Human melanoma CRISPR perturb-seq	recorded_moi_holdout_20_levels	BOLA2	BOLA2	1	absolute_mean_shift	70	4999	0.07	0.04	0.030000000000000006	0.05190158421636819	0.03798487847067358	pgaa-expansion-v3-ready-panel-v1	pgaa-expansion-v3-ready-panel-matched-controls-v1
frangieh2021_melanoma_crispr	Human melanoma CRISPR perturb-seq	recorded_moi_holdout_20_levels	BOLA2	BOLA2	1	welch_abs_t	70	4999	0.01	0.04	-0.03	0.007854076649852278	0.001029144076163571	pgaa-expansion-v3-ready-panel-v1	pgaa-expansion-v3-ready-panel-matched-controls-v1
frangieh2021_melanoma_crispr	Human melanoma CRISPR perturb-seq	recorded_moi_holdout_20_levels	BOLA2	BOLA2	2	pgaa_w	70	4999	0.1	0.06	0.04000000000000001	0.26893173655785013	0.23057048341794578	pgaa-expansion-v3-ready-panel-v1	pgaa-expansion-v3-ready-panel-matched-controls-v1
frangieh2021_melanoma_crispr	Human melanoma CRISPR perturb-seq	recorded_moi_holdout_20_levels	BOLA2	BOLA2	2	pgaa_h	70	4999	0.04	0.01	0.03	0.005301261984993363	0.017298463817781728	pgaa-expansion-v3-ready-panel-v1	pgaa-expansion-v3-ready-panel-matched-controls-v1
frangieh2021_melanoma_crispr	Human melanoma CRISPR perturb-seq	recorded_moi_holdout_20_levels	BOLA2	BOLA2	2	absolute_mean_shift	70	4999	0.05	0.05	0.0	0.04923384648709261	0.022892203459798425	pgaa-expansion-v3-ready-panel-v1	pgaa-expansion-v3-ready-panel-matched-controls-v1
frangieh2021_melanoma_crispr	Human melanoma CRISPR perturb-seq	recorded_moi_holdout_20_levels	BOLA2	BOLA2	2	welch_abs_t	70	4999	0.05	0.02	0.030000000000000002	-0.0023776794735839214	-0.034918127107652464	pgaa-expansion-v3-ready-panel-v1	pgaa-expansion-v3-ready-panel-matched-controls-v1
frangieh2021_melanoma_crispr	Human melanoma CRISPR perturb-seq	recorded_moi_holdout_20_levels	BOLA2	BOLA2	3	pgaa_w	70	4999	0.08	0.11	-0.03	0.2616510499824647	0.2398971968818684	pgaa-expansion-v3-ready-panel-v1	pgaa-expansion-v3-ready-panel-matched-controls-v1
frangieh2021_melanoma_crispr	Human melanoma CRISPR perturb-seq	recorded_moi_holdout_20_levels	BOLA2	BOLA2	3	pgaa_h	70	4999	0.01	0.02	-0.01	0.04896514626236043	0.02697890440610579	pgaa-expansion-v3-ready-panel-v1	pgaa-expansion-v3-ready-panel-matched-controls-v1
frangieh2021_melanoma_crispr	Human melanoma CRISPR perturb-seq	recorded_moi_holdout_20_levels	BOLA2	BOLA2	3	absolute_mean_shift	70	4999	0.06	0.09	-0.03	0.03885043357650291	0.05175445683292217	pgaa-expansion-v3-ready-panel-v1	pgaa-expansion-v3-ready-panel-matched-controls-v1
frangieh2021_melanoma_crispr	Human melanoma CRISPR perturb-seq	recorded_moi_holdout_20_levels	BOLA2	BOLA2	3	welch_abs_t	70	4999	0.0	0.05	-0.05	-0.008220629144230794	0.00017724236325132318	pgaa-expansion-v3-ready-panel-v1	pgaa-expansion-v3-ready-panel-matched-controls-v1
frangieh2021_melanoma_crispr	Human melanoma CRISPR perturb-seq	recorded_moi_holdout_20_levels	BOLA2	BOLA2	4	pgaa_w	70	4999	0.12	0.12	0.0	0.24452957876676246	0.256523808873576	pgaa-expansion-v3-ready-panel-v1	pgaa-expansion-v3-ready-panel-matched-controls-v1
frangieh2021_melanoma_crispr	Human melanoma CRISPR perturb-seq	recorded_moi_holdout_20_levels	BOLA2	BOLA2	4	pgaa_h	70	4999	0.04	0.04	0.0	0.05021393871145168	0.030195324137291	pgaa-expansion-v3-ready-panel-v1	pgaa-expansion-v3-ready-panel-matched-controls-v1
frangieh2021_melanoma_crispr	Human melanoma CRISPR perturb-seq	recorded_moi_holdout_20_levels	BOLA2	BOLA2	4	absolute_mean_shift	70	4999	0.04	0.07	-0.030000000000000006	0.06648935213851792	0.05215488932495899	pgaa-expansion-v3-ready-panel-v1	pgaa-expansion-v3-ready-panel-matched-controls-v1
frangieh2021_melanoma_crispr	Human melanoma CRISPR perturb-seq	recorded_moi_holdout_20_levels	BOLA2	BOLA2	4	welch_abs_t	70	4999	0.03	0.01	0.019999999999999997	0.019049382217837307	-0.0035962963544542083	pgaa-expansion-v3-ready-panel-v1	pgaa-expansion-v3-ready-panel-matched-controls-v1
frangieh2021_melanoma_crispr	Human melanoma CRISPR perturb-seq	recorded_moi_holdout_20_levels	BOLA2B	BOLA2B	0	pgaa_w	70	4999	0.09	0.09	0.0	0.25783214624411455	0.25341545307926705	pgaa-expansion-v3-ready-panel-v1	pgaa-expansion-v3-ready-panel-matched-controls-v1
frangieh2021_melanoma_crispr	Human melanoma CRISPR perturb-seq	recorded_moi_holdout_20_levels	BOLA2B	BOLA2B	0	pgaa_h	70	4999	0.03	0.0	0.03	0.03807048996344225	0.04527534498107573	pgaa-expansion-v3-ready-panel-v1	pgaa-expansion-v3-ready-panel-matched-controls-v1
frangieh2021_melanoma_crispr	Human melanoma CRISPR perturb-seq	recorded_moi_holdout_20_levels	BOLA2B	BOLA2B	0	absolute_mean_shift	70	4999	0.09	0.09	0.0	0.04941667009020853	0.06694837841367259	pgaa-expansion-v3-ready-panel-v1	pgaa-expansion-v3-ready-panel-matched-controls-v1
frangieh2021_melanoma_crispr	Human melanoma CRISPR perturb-seq	recorded_moi_holdout_20_levels	BOLA2B	BOLA2B	0	welch_abs_t	70	4999	0.05	0.04	0.010000000000000002	-0.0019035908505428611	0.00905099137648437	pgaa-expansion-v3-ready-panel-v1	pgaa-expansion-v3-ready-panel-matched-controls-v1
frangieh2021_melanoma_crispr	Human melanoma CRISPR perturb-seq	recorded_moi_holdout_20_levels	BOLA2B	BOLA2B	1	pgaa_w	70	4999	0.12	0.04	0.07999999999999999	0.2537258888573327	0.25336572957456716	pgaa-expansion-v3-ready-panel-v1	pgaa-expansion-v3-ready-panel-matched-controls-v1
frangieh2021_melanoma_crispr	Human melanoma CRISPR perturb-seq	recorded_moi_holdout_20_levels	BOLA2B	BOLA2B	1	pgaa_h	70	4999	0.03	0.05	-0.020000000000000004	0.030666625612851314	0.032850519670812525	pgaa-expansion-v3-ready-panel-v1	pgaa-expansion-v3-ready-panel-matched-controls-v1
frangieh2021_melanoma_crispr	Human melanoma CRISPR perturb-seq	recorded_moi_holdout_20_levels	BOLA2B	BOLA2B	1	absolute_mean_shift	70	4999	0.08	0.04	0.04	0.06169692777675765	0.04074389582376113	pgaa-expansion-v3-ready-panel-v1	pgaa-expansion-v3-ready-panel-matched-controls-v1
frangieh2021_melanoma_crispr	Human melanoma CRISPR perturb-seq	recorded_moi_holdout_20_levels	BOLA2B	BOLA2B	1	welch_abs_t	70	4999	0.05	0.04	0.010000000000000002	0.006737962286658433	-0.004029492741478883	pgaa-expansion-v3-ready-panel-v1	pgaa-expansion-v3-ready-panel-matched-controls-v1
frangieh2021_melanoma_crispr	Human melanoma CRISPR perturb-seq	recorded_moi_holdout_20_levels	BOLA2B	BOLA2B	2	pgaa_w	70	4999	0.09	0.12	-0.03	0.2602469519959332	0.2566023821158712	pgaa-expansion-v3-ready-panel-v1	pgaa-expansion-v3-ready-panel-matched-controls-v1
frangieh2021_melanoma_crispr	Human melanoma CRISPR perturb-seq	recorded_moi_holdout_20_levels	BOLA2B	BOLA2B	2	pgaa_h	70	4999	0.04	0.0	0.04	0.04025136111051132	0.016429970669214082	pgaa-expansion-v3-ready-panel-v1	pgaa-expansion-v3-ready-panel-matched-controls-v1
frangieh2021_melanoma_crispr	Human melanoma CRISPR perturb-seq	recorded_moi_holdout_20_levels	BOLA2B	BOLA2B	2	absolute_mean_shift	70	4999	0.06	0.08	-0.020000000000000004	0.040579581588429996	0.054894768019722616	pgaa-expansion-v3-ready-panel-v1	pgaa-expansion-v3-ready-panel-matched-controls-v1
frangieh2021_melanoma_crispr	Human melanoma CRISPR perturb-seq	recorded_moi_holdout_20_levels	BOLA2B	BOLA2B	2	welch_abs_t	70	4999	0.0	0.02	-0.02	-0.02826356961872064	0.0004193659861128424	pgaa-expansion-v3-ready-panel-v1	pgaa-expansion-v3-ready-panel-matched-controls-v1
frangieh2021_melanoma_crispr	Human melanoma CRISPR perturb-seq	recorded_moi_holdout_20_levels	BOLA2B	BOLA2B	3	pgaa_w	70	4999	0.12	0.06	0.06	0.2658057516008797	0.22859837189870125	pgaa-expansion-v3-ready-panel-v1	pgaa-expansion-v3-ready-panel-matched-controls-v1
frangieh2021_melanoma_crispr	Human melanoma CRISPR perturb-seq	recorded_moi_holdout_20_levels	BOLA2B	BOLA2B	3	pgaa_h	70	4999	0.04	0.03	0.010000000000000002	0.0017062613631725228	0.03399184676402882	pgaa-expansion-v3-ready-panel-v1	pgaa-expansion-v3-ready-panel-matched-controls-v1
frangieh2021_melanoma_crispr	Human melanoma CRISPR perturb-seq	recorded_moi_holdout_20_levels	BOLA2B	BOLA2B	3	absolute_mean_shift	70	4999	0.07	0.05	0.020000000000000004	0.07847133111391166	0.023720058733620437	pgaa-expansion-v3-ready-panel-v1	pgaa-expansion-v3-ready-panel-matched-controls-v1
frangieh2021_melanoma_crispr	Human melanoma CRISPR perturb-seq	recorded_moi_holdout_20_levels	BOLA2B	BOLA2B	3	welch_abs_t	70	4999	0.05	0.02	0.030000000000000002	0.019794495178022266	-0.03020022108025449	pgaa-expansion-v3-ready-panel-v1	pgaa-expansion-v3-ready-panel-matched-controls-v1
frangieh2021_melanoma_crispr	Human melanoma CRISPR perturb-seq	recorded_moi_holdout_20_levels	BOLA2B	BOLA2B	4	pgaa_w	70	4999	0.14	0.07	0.07	0.26679123208396677	0.25930955751953455	pgaa-expansion-v3-ready-panel-v1	pgaa-expansion-v3-ready-panel-matched-controls-v1
frangieh2021_melanoma_crispr	Human melanoma CRISPR perturb-seq	recorded_moi_holdout_20_levels	BOLA2B	BOLA2B	4	pgaa_h	70	4999	0.01	0.0	0.01	0.029375866288063122	0.051066277600856955	pgaa-expansion-v3-ready-panel-v1	pgaa-expansion-v3-ready-panel-matched-controls-v1
frangieh2021_melanoma_crispr	Human melanoma CRISPR perturb-seq	recorded_moi_holdout_20_levels	BOLA2B	BOLA2B	4	absolute_mean_shift	70	4999	0.11	0.04	0.07	0.05482923260506755	0.05752451885558303	pgaa-expansion-v3-ready-panel-v1	pgaa-expansion-v3-ready-panel-matched-controls-v1
frangieh2021_melanoma_crispr	Human melanoma CRISPR perturb-seq	recorded_moi_holdout_20_levels	BOLA2B	BOLA2B	4	welch_abs_t	70	4999	0.03	0.02	0.009999999999999998	0.008180440795023402	0.01397088762558675	pgaa-expansion-v3-ready-panel-v1	pgaa-expansion-v3-ready-panel-matched-controls-v1
frangieh2021_melanoma_crispr	Human melanoma CRISPR perturb-seq	recorded_moi_holdout_20_levels	BZW2	BZW2	0	pgaa_w	70	4999	0.01	0.03	-0.019999999999999997	0.3094151324273756	0.2523440624082012	pgaa-expansion-v3-ready-panel-v1	pgaa-expansion-v3-ready-panel-matched-controls-v1
frangieh2021_melanoma_crispr	Human melanoma CRISPR perturb-seq	recorded_moi_holdout_20_levels	BZW2	BZW2	0	pgaa_h	70	4999	0.06	0.01	0.049999999999999996	0.02679795213500946	0.010988425211870715	pgaa-expansion-v3-ready-panel-v1	pgaa-expansion-v3-ready-panel-matched-controls-v1
frangieh2021_melanoma_crispr	Human melanoma CRISPR perturb-seq	recorded_moi_holdout_20_levels	BZW2	BZW2	0	absolute_mean_shift	70	4999	0.01	0.02	-0.01	0.06509972233704837	0.052614099547015854	pgaa-expansion-v3-ready-panel-v1	pgaa-expansion-v3-ready-panel-matched-controls-v1
frangieh2021_melanoma_crispr	Human melanoma CRISPR perturb-seq	recorded_moi_holdout_20_levels	BZW2	BZW2	0	welch_abs_t	70	4999	0.0	0.0	0.0	0.003560079219237857	0.008350540217289634	pgaa-expansion-v3-ready-panel-v1	pgaa-expansion-v3-ready-panel-matched-controls-v1
frangieh2021_melanoma_crispr	Human melanoma CRISPR perturb-seq	recorded_moi_holdout_20_levels	BZW2	BZW2	1	pgaa_w	70	4999	0.03	0.06	-0.03	0.26231272274410616	0.2515556807040426	pgaa-expansion-v3-ready-panel-v1	pgaa-expansion-v3-ready-panel-matched-controls-v1
frangieh2021_melanoma_crispr	Human melanoma CRISPR perturb-seq	recorded_moi_holdout_20_levels	BZW2	BZW2	1	pgaa_h	70	4999	0.01	0.02	-0.01	0.0341854206806682	0.04374135470815964	pgaa-expansion-v3-ready-panel-v1	pgaa-expansion-v3-ready-panel-matched-controls-v1
frangieh2021_melanoma_crispr	Human melanoma CRISPR perturb-seq	recorded_moi_holdout_20_levels	BZW2	BZW2	1	absolute_mean_shift	70	4999	0.05	0.04	0.010000000000000002	0.04865858330214049	0.050625072732568735	pgaa-expansion-v3-ready-panel-v1	pgaa-expansion-v3-ready-panel-matched-controls-v1
frangieh2021_melanoma_crispr	Human melanoma CRISPR perturb-seq	recorded_moi_holdout_20_levels	BZW2	BZW2	1	welch_abs_t	70	4999	0.02	0.0	0.02	-0.009403922274179195	-0.007372749988527008	pgaa-expansion-v3-ready-panel-v1	pgaa-expansion-v3-ready-panel-matched-controls-v1
frangieh2021_melanoma_crispr	Human melanoma CRISPR perturb-seq	recorded_moi_holdout_20_levels	BZW2	BZW2	2	pgaa_w	70	4999	0.1	0.08	0.020000000000000004	0.25581607196617306	0.25244713726064416	pgaa-expansion-v3-ready-panel-v1	pgaa-expansion-v3-ready-panel-matched-controls-v1
frangieh2021_melanoma_crispr	Human melanoma CRISPR perturb-seq	recorded_moi_holdout_20_levels	BZW2	BZW2	2	pgaa_h	70	4999	0.03	0.0	0.03	0.061930712307592256	0.047025621188463214	pgaa-expansion-v3-ready-panel-v1	pgaa-expansion-v3-ready-panel-matched-controls-v1
frangieh2021_melanoma_crispr	Human melanoma CRISPR perturb-seq	recorded_moi_holdout_20_levels	BZW2	BZW2	2	absolute_mean_shift	70	4999	0.08	0.09	-0.009999999999999995	0.05718093432372589	0.021174954801425467	pgaa-expansion-v3-ready-panel-v1	pgaa-expansion-v3-ready-panel-matched-controls-v1
frangieh2021_melanoma_crispr	Human melanoma CRISPR perturb-seq	recorded_moi_holdout_20_levels	BZW2	BZW2	2	welch_abs_t	70	4999	0.01	0.02	-0.01	0.0036300403659906065	-0.02642662506217578	pgaa-expansion-v3-ready-panel-v1	pgaa-expansion-v3-ready-panel-matched-controls-v1
frangieh2021_melanoma_crispr	Human melanoma CRISPR perturb-seq	recorded_moi_holdout_20_levels	BZW2	BZW2	3	pgaa_w	70	4999	0.07	0.1	-0.03	0.26830949190453535	0.26147993570122996	pgaa-expansion-v3-ready-panel-v1	pgaa-expansion-v3-ready-panel-matched-controls-v1
frangieh2021_melanoma_crispr	Human melanoma CRISPR perturb-seq	recorded_moi_holdout_20_levels	BZW2	BZW2	3	pgaa_h	70	4999	0.03	0.01	0.019999999999999997	0.057585675685317285	0.02866228209204365	pgaa-expansion-v3-ready-panel-v1	pgaa-expansion-v3-ready-panel-matched-controls-v1
frangieh2021_melanoma_crispr	Human melanoma CRISPR perturb-seq	recorded_moi_holdout_20_levels	BZW2	BZW2	3	absolute_mean_shift	70	4999	0.05	0.06	-0.009999999999999995	0.025955386286553757	0.04978790573833418	pgaa-expansion-v3-ready-panel-v1	pgaa-expansion-v3-ready-panel-matched-controls-v1
frangieh2021_melanoma_crispr	Human melanoma CRISPR perturb-seq	recorded_moi_holdout_20_levels	BZW2	BZW2	3	welch_abs_t	70	4999	0.01	0.01	0.0	-0.020711587462509604	-0.002331427486481278	pgaa-expansion-v3-ready-panel-v1	pgaa-expansion-v3-ready-panel-matched-controls-v1
frangieh2021_melanoma_crispr	Human melanoma CRISPR perturb-seq	recorded_moi_holdout_20_levels	BZW2	BZW2	4	pgaa_w	70	4999	0.14	0.08	0.06000000000000001	0.2511861555325694	0.2653315662441648	pgaa-expansion-v3-ready-panel-v1	pgaa-expansion-v3-ready-panel-matched-controls-v1
frangieh2021_melanoma_crispr	Human melanoma CRISPR perturb-seq	recorded_moi_holdout_20_levels	BZW2	BZW2	4	pgaa_h	70	4999	0.03	0.04	-0.010000000000000002	0.03559057431812553	0.04278470130726483	pgaa-expansion-v3-ready-panel-v1	pgaa-expansion-v3-ready-panel-matched-controls-v1
frangieh2021_melanoma_crispr	Human melanoma CRISPR perturb-seq	recorded_moi_holdout_20_levels	BZW2	BZW2	4	absolute_mean_shift	70	4999	0.08	0.06	0.020000000000000004	0.05035815058820403	0.07288626659354458	pgaa-expansion-v3-ready-panel-v1	pgaa-expansion-v3-ready-panel-matched-controls-v1
frangieh2021_melanoma_crispr	Human melanoma CRISPR perturb-seq	recorded_moi_holdout_20_levels	BZW2	BZW2	4	welch_abs_t	70	4999	0.02	0.01	0.01	0.0034149492087391002	0.02311957522856495	pgaa-expansion-v3-ready-panel-v1	pgaa-expansion-v3-ready-panel-matched-controls-v1
frangieh2021_melanoma_crispr	Human melanoma CRISPR perturb-seq	recorded_moi_holdout_20_levels	C19orf48	C19orf48	0	pgaa_w	70	4999	0.07	0.06	0.010000000000000009	0.25075793514052225	0.21442833395183578	pgaa-expansion-v3-ready-panel-v1	pgaa-expansion-v3-ready-panel-matched-controls-v1
frangieh2021_melanoma_crispr	Human melanoma CRISPR perturb-seq	recorded_moi_holdout_20_levels	C19orf48	C19orf48	0	pgaa_h	70	4999	0.06	0.04	0.019999999999999997	0.031311632408366374	0.008527908932541961	pgaa-expansion-v3-ready-panel-v1	pgaa-expansion-v3-ready-panel-matched-controls-v1
frangieh2021_melanoma_crispr	Human melanoma CRISPR perturb-seq	recorded_moi_holdout_20_levels	C19orf48	C19orf48	0	absolute_mean_shift	70	4999	0.08	0.03	0.05	0.04974482114426412	0.03238044934783554	pgaa-expansion-v3-ready-panel-v1	pgaa-expansion-v3-ready-panel-matched-controls-v1
frangieh2021_melanoma_crispr	Human melanoma CRISPR perturb-seq	recorded_moi_holdout_20_levels	C19orf48	C19orf48	0	welch_abs_t	70	4999	0.0	0.0	0.0	-0.0035400819904124977	-0.00641719801435685	pgaa-expansion-v3-ready-panel-v1	pgaa-expansion-v3-ready-panel-matched-controls-v1
frangieh2021_melanoma_crispr	Human melanoma CRISPR perturb-seq	recorded_moi_holdout_20_levels	C19orf48	C19orf48	1	pgaa_w	70	4999	0.06	0.06	0.0	0.25051679180984177	0.24338062919227066	pgaa-expansion-v3-ready-panel-v1	pgaa-expansion-v3-ready-panel-matched-controls-v1
frangieh2021_melanoma_crispr	Human melanoma CRISPR perturb-seq	recorded_moi_holdout_20_levels	C19orf48	C19orf48	1	pgaa_h	70	4999	0.03	0.03	0.0	0.031154374872763672	0.03942887404052172	pgaa-expansion-v3-ready-panel-v1	pgaa-expansion-v3-ready-panel-matched-controls-v1
frangieh2021_melanoma_crispr	Human melanoma CRISPR perturb-seq	recorded_moi_holdout_20_levels	C19orf48	C19orf48	1	absolute_mean_shift	70	4999	0.03	0.06	-0.03	0.060175627317114885	0.06271760067654487	pgaa-expansion-v3-ready-panel-v1	pgaa-expansion-v3-ready-panel-matched-controls-v1
frangieh2021_melanoma_crispr	Human melanoma CRISPR perturb-seq	recorded_moi_holdout_20_levels	C19orf48	C19orf48	1	welch_abs_t	70	4999	0.03	0.0	0.03	0.0016048688732425702	0.003835215735084017	pgaa-expansion-v3-ready-panel-v1	pgaa-expansion-v3-ready-panel-matched-controls-v1
frangieh2021_melanoma_crispr	Human melanoma CRISPR perturb-seq	recorded_moi_holdout_20_levels	C19orf48	C19orf48	2	pgaa_w	70	4999	0.05	0.05	0.0	0.2523485379251539	0.2762715581142965	pgaa-expansion-v3-ready-panel-v1	pgaa-expansion-v3-ready-panel-matched-controls-v1
frangieh2021_melanoma_crispr	Human melanoma CRISPR perturb-seq	recorded_moi_holdout_20_levels	C19orf48	C19orf48	2	pgaa_h	70	4999	0.04	0.01	0.03	0.020629632741622887	0.03199306710234586	pgaa-expansion-v3-ready-panel-v1	pgaa-expansion-v3-ready-panel-matched-controls-v1
frangieh2021_melanoma_crispr	Human melanoma CRISPR perturb-seq	recorded_moi_holdout_20_levels	C19orf48	C19orf48	2	absolute_mean_shift	70	4999	0.03	0.06	-0.03	0.049192928298531786	0.050946274306663736	pgaa-expansion-v3-ready-panel-v1	pgaa-expansion-v3-ready-panel-matched-controls-v1
frangieh2021_melanoma_crispr	Human melanoma CRISPR perturb-seq	recorded_moi_holdout_20_levels	C19orf48	C19orf48	2	welch_abs_t	70	4999	0.02	0.01	0.01	-0.006645723094996636	0.009626828800289085	pgaa-expansion-v3-ready-panel-v1	pgaa-expansion-v3-ready-panel-matched-controls-v1
frangieh2021_melanoma_crispr	Human melanoma CRISPR perturb-seq	recorded_moi_holdout_20_levels	C19orf48	C19orf48	3	pgaa_w	70	4999	0.1	0.13	-0.03	0.28045035836083426	0.2629563322053041	pgaa-expansion-v3-ready-panel-v1	pgaa-expansion-v3-ready-panel-matched-controls-v1
frangieh2021_melanoma_crispr	Human melanoma CRISPR perturb-seq	recorded_moi_holdout_20_levels	C19orf48	C19orf48	3	pgaa_h	70	4999	0.01	0.03	-0.019999999999999997	0.07984740850675122	0.032286960030734176	pgaa-expansion-v3-ready-panel-v1	pgaa-expansion-v3-ready-panel-matched-controls-v1
frangieh2021_melanoma_crispr	Human melanoma CRISPR perturb-seq	recorded_moi_holdout_20_levels	C19orf48	C19orf48	3	absolute_mean_shift	70	4999	0.06	0.1	-0.04000000000000001	0.064789980393252	0.06320487273345325	pgaa-expansion-v3-ready-panel-v1	pgaa-expansion-v3-ready-panel-matched-controls-v1
frangieh2021_melanoma_crispr	Human melanoma CRISPR perturb-seq	recorded_moi_holdout_20_levels	C19orf48	C19orf48	3	welch_abs_t	70	4999	0.04	0.01	0.03	0.011256309271219199	0.001270235800166092	pgaa-expansion-v3-ready-panel-v1	pgaa-expansion-v3-ready-panel-matched-controls-v1
frangieh2021_melanoma_crispr	Human melanoma CRISPR perturb-seq	recorded_moi_holdout_20_levels	C19orf48	C19orf48	4	pgaa_w	70	4999	0.13	0.1	0.03	0.25628701679141525	0.28055310657336185	pgaa-expansion-v3-ready-panel-v1	pgaa-expansion-v3-ready-panel-matched-controls-v1
frangieh2021_melanoma_crispr	Human melanoma CRISPR perturb-seq	recorded_moi_holdout_20_levels	C19orf48	C19orf48	4	pgaa_h	70	4999	0.0	0.0	0.0	0.03509634138476409	0.02745447963020502	pgaa-expansion-v3-ready-panel-v1	pgaa-expansion-v3-ready-panel-matched-controls-v1
frangieh2021_melanoma_crispr	Human melanoma CRISPR perturb-seq	recorded_moi_holdout_20_levels	C19orf48	C19orf48	4	absolute_mean_shift	70	4999	0.11	0.08	0.03	0.05581152390683538	0.06591432396105017	pgaa-expansion-v3-ready-panel-v1	pgaa-expansion-v3-ready-panel-matched-controls-v1
frangieh2021_melanoma_crispr	Human melanoma CRISPR perturb-seq	recorded_moi_holdout_20_levels	C19orf48	C19orf48	4	welch_abs_t	70	4999	0.03	0.04	-0.010000000000000002	0.0002370336732526353	0.00941431268382094	pgaa-expansion-v3-ready-panel-v1	pgaa-expansion-v3-ready-panel-matched-controls-v1
