dataset_id	platform	split_strength	analysis_unit	excluded_feature	repeat	method	n_per_group	n_evaluated_features	observed_top_k_overlap_fraction	pseudo_top_k_overlap_fraction	specificity_margin	observed_all_feature_spearman	pseudo_all_feature_spearman	split_seed	sampling_seed
tian2021_ipsc_neuron_crispra	Human iPSC-derived neuron CRISPRa	experimental_batch_holdout_1_vs_1	ACHE	ACHE	0	pgaa_w	70	4999	0.05	0.02	0.03	0.2217887534342832	0.1795505616935896	pgaa-cross-platform-dual-gate-v2	pgaa-cross-platform-matched-controls-v2
tian2021_ipsc_neuron_crispra	Human iPSC-derived neuron CRISPRa	experimental_batch_holdout_1_vs_1	ACHE	ACHE	0	pgaa_h	70	4999	0.01	0.03	-0.0199999999999999	-0.018982184559386	0.0408057905544237	pgaa-cross-platform-dual-gate-v2	pgaa-cross-platform-matched-controls-v2
tian2021_ipsc_neuron_crispra	Human iPSC-derived neuron CRISPRa	experimental_batch_holdout_1_vs_1	ACHE	ACHE	0	absolute_mean_shift	70	4999	0.03	0.02	0.0099999999999999	0.0387917653214376	0.0312285965071114	pgaa-cross-platform-dual-gate-v2	pgaa-cross-platform-matched-controls-v2
tian2021_ipsc_neuron_crispra	Human iPSC-derived neuron CRISPRa	experimental_batch_holdout_1_vs_1	ACHE	ACHE	0	welch_abs_t	70	4999	0.0	0.01	-0.01	-0.0041101602796508	0.002369883676729	pgaa-cross-platform-dual-gate-v2	pgaa-cross-platform-matched-controls-v2
tian2021_ipsc_neuron_crispra	Human iPSC-derived neuron CRISPRa	experimental_batch_holdout_1_vs_1	ACHE	ACHE	1	pgaa_w	70	4999	0.06	0.03	0.03	0.199728099334146	0.1635390234427936	pgaa-cross-platform-dual-gate-v2	pgaa-cross-platform-matched-controls-v2
tian2021_ipsc_neuron_crispra	Human iPSC-derived neuron CRISPRa	experimental_batch_holdout_1_vs_1	ACHE	ACHE	1	pgaa_h	70	4999	0.01	0.03	-0.0199999999999999	-0.0039170874259642	0.0045935845620807	pgaa-cross-platform-dual-gate-v2	pgaa-cross-platform-matched-controls-v2
tian2021_ipsc_neuron_crispra	Human iPSC-derived neuron CRISPRa	experimental_batch_holdout_1_vs_1	ACHE	ACHE	1	absolute_mean_shift	70	4999	0.06	0.03	0.03	0.04832803833972	0.0212030738476247	pgaa-cross-platform-dual-gate-v2	pgaa-cross-platform-matched-controls-v2
tian2021_ipsc_neuron_crispra	Human iPSC-derived neuron CRISPRa	experimental_batch_holdout_1_vs_1	ACHE	ACHE	1	welch_abs_t	70	4999	0.02	0.0	0.02	0.0032391368071087	-0.0121204750439701	pgaa-cross-platform-dual-gate-v2	pgaa-cross-platform-matched-controls-v2
tian2021_ipsc_neuron_crispra	Human iPSC-derived neuron CRISPRa	experimental_batch_holdout_1_vs_1	ACHE	ACHE	2	pgaa_w	70	4999	0.01	0.07	-0.06	0.2206500291866921	0.2545014106905174	pgaa-cross-platform-dual-gate-v2	pgaa-cross-platform-matched-controls-v2
tian2021_ipsc_neuron_crispra	Human iPSC-derived neuron CRISPRa	experimental_batch_holdout_1_vs_1	ACHE	ACHE	2	pgaa_h	70	4999	0.05	0.04	0.01	0.0353097634721598	0.0531465020498219	pgaa-cross-platform-dual-gate-v2	pgaa-cross-platform-matched-controls-v2
tian2021_ipsc_neuron_crispra	Human iPSC-derived neuron CRISPRa	experimental_batch_holdout_1_vs_1	ACHE	ACHE	2	absolute_mean_shift	70	4999	0.0	0.07	-0.07	0.0350594763420957	0.0818491450908379	pgaa-cross-platform-dual-gate-v2	pgaa-cross-platform-matched-controls-v2
tian2021_ipsc_neuron_crispra	Human iPSC-derived neuron CRISPRa	experimental_batch_holdout_1_vs_1	ACHE	ACHE	2	welch_abs_t	70	4999	0.01	0.03	-0.0199999999999999	-0.0245156384013199	0.0268579973877266	pgaa-cross-platform-dual-gate-v2	pgaa-cross-platform-matched-controls-v2
tian2021_ipsc_neuron_crispra	Human iPSC-derived neuron CRISPRa	experimental_batch_holdout_1_vs_1	ACHE	ACHE	3	pgaa_w	70	4999	0.06	0.03	0.03	0.2017386885828963	0.1931511608056617	pgaa-cross-platform-dual-gate-v2	pgaa-cross-platform-matched-controls-v2
tian2021_ipsc_neuron_crispra	Human iPSC-derived neuron CRISPRa	experimental_batch_holdout_1_vs_1	ACHE	ACHE	3	pgaa_h	70	4999	0.0	0.04	-0.04	0.0065322267513851	0.0174186889186742	pgaa-cross-platform-dual-gate-v2	pgaa-cross-platform-matched-controls-v2
tian2021_ipsc_neuron_crispra	Human iPSC-derived neuron CRISPRa	experimental_batch_holdout_1_vs_1	ACHE	ACHE	3	absolute_mean_shift	70	4999	0.05	0.03	0.02	0.0278429979440041	0.026258197334156	pgaa-cross-platform-dual-gate-v2	pgaa-cross-platform-matched-controls-v2
tian2021_ipsc_neuron_crispra	Human iPSC-derived neuron CRISPRa	experimental_batch_holdout_1_vs_1	ACHE	ACHE	3	welch_abs_t	70	4999	0.03	0.02	0.0099999999999999	-0.0154094364134629	-0.0107243346873804	pgaa-cross-platform-dual-gate-v2	pgaa-cross-platform-matched-controls-v2
tian2021_ipsc_neuron_crispra	Human iPSC-derived neuron CRISPRa	experimental_batch_holdout_1_vs_1	ACHE	ACHE	4	pgaa_w	70	4999	0.07	0.07	0.0	0.2225600548734611	0.1694630693326882	pgaa-cross-platform-dual-gate-v2	pgaa-cross-platform-matched-controls-v2
tian2021_ipsc_neuron_crispra	Human iPSC-derived neuron CRISPRa	experimental_batch_holdout_1_vs_1	ACHE	ACHE	4	pgaa_h	70	4999	0.02	0.04	-0.02	0.0144881679588241	0.0254416116835075	pgaa-cross-platform-dual-gate-v2	pgaa-cross-platform-matched-controls-v2
tian2021_ipsc_neuron_crispra	Human iPSC-derived neuron CRISPRa	experimental_batch_holdout_1_vs_1	ACHE	ACHE	4	absolute_mean_shift	70	4999	0.05	0.07	-0.02	0.060303440383191	0.0230005294249246	pgaa-cross-platform-dual-gate-v2	pgaa-cross-platform-matched-controls-v2
tian2021_ipsc_neuron_crispra	Human iPSC-derived neuron CRISPRa	experimental_batch_holdout_1_vs_1	ACHE	ACHE	4	welch_abs_t	70	4999	0.02	0.06	-0.0399999999999999	0.010713854223683	0.0057024359976774	pgaa-cross-platform-dual-gate-v2	pgaa-cross-platform-matched-controls-v2
tian2021_ipsc_neuron_crispra	Human iPSC-derived neuron CRISPRa	experimental_batch_holdout_1_vs_1	ARID1B	ARID1B	0	pgaa_w	70	4999	0.07	0.03	0.04	0.2160269323116016	0.2236884318627801	pgaa-cross-platform-dual-gate-v2	pgaa-cross-platform-matched-controls-v2
tian2021_ipsc_neuron_crispra	Human iPSC-derived neuron CRISPRa	experimental_batch_holdout_1_vs_1	ARID1B	ARID1B	0	pgaa_h	70	4999	0.02	0.07	-0.05	0.0232388220689313	0.020958878485014	pgaa-cross-platform-dual-gate-v2	pgaa-cross-platform-matched-controls-v2
tian2021_ipsc_neuron_crispra	Human iPSC-derived neuron CRISPRa	experimental_batch_holdout_1_vs_1	ARID1B	ARID1B	0	absolute_mean_shift	70	4999	0.06	0.03	0.03	0.0709118690055594	0.0472990680407915	pgaa-cross-platform-dual-gate-v2	pgaa-cross-platform-matched-controls-v2
tian2021_ipsc_neuron_crispra	Human iPSC-derived neuron CRISPRa	experimental_batch_holdout_1_vs_1	ARID1B	ARID1B	0	welch_abs_t	70	4999	0.04	0.04	0.0	0.0179943223707403	-0.0012252803983047	pgaa-cross-platform-dual-gate-v2	pgaa-cross-platform-matched-controls-v2
tian2021_ipsc_neuron_crispra	Human iPSC-derived neuron CRISPRa	experimental_batch_holdout_1_vs_1	ARID1B	ARID1B	1	pgaa_w	70	4999	0.03	0.04	-0.01	0.1984431751751763	0.2017943825596712	pgaa-cross-platform-dual-gate-v2	pgaa-cross-platform-matched-controls-v2
tian2021_ipsc_neuron_crispra	Human iPSC-derived neuron CRISPRa	experimental_batch_holdout_1_vs_1	ARID1B	ARID1B	1	pgaa_h	70	4999	0.01	0.02	-0.01	0.0241897046731769	0.0325790866893744	pgaa-cross-platform-dual-gate-v2	pgaa-cross-platform-matched-controls-v2
tian2021_ipsc_neuron_crispra	Human iPSC-derived neuron CRISPRa	experimental_batch_holdout_1_vs_1	ARID1B	ARID1B	1	absolute_mean_shift	70	4999	0.04	0.02	0.02	0.0458595707671978	0.0575352464106926	pgaa-cross-platform-dual-gate-v2	pgaa-cross-platform-matched-controls-v2
tian2021_ipsc_neuron_crispra	Human iPSC-derived neuron CRISPRa	experimental_batch_holdout_1_vs_1	ARID1B	ARID1B	1	welch_abs_t	70	4999	0.03	0.0	0.03	0.0181398979924743	0.0207801771168533	pgaa-cross-platform-dual-gate-v2	pgaa-cross-platform-matched-controls-v2
tian2021_ipsc_neuron_crispra	Human iPSC-derived neuron CRISPRa	experimental_batch_holdout_1_vs_1	ARID1B	ARID1B	2	pgaa_w	70	4999	0.01	0.04	-0.03	0.2068774421970529	0.1927879484411633	pgaa-cross-platform-dual-gate-v2	pgaa-cross-platform-matched-controls-v2
tian2021_ipsc_neuron_crispra	Human iPSC-derived neuron CRISPRa	experimental_batch_holdout_1_vs_1	ARID1B	ARID1B	2	pgaa_h	70	4999	0.02	0.03	-0.0099999999999999	0.0271718671902207	0.0326891453618092	pgaa-cross-platform-dual-gate-v2	pgaa-cross-platform-matched-controls-v2
tian2021_ipsc_neuron_crispra	Human iPSC-derived neuron CRISPRa	experimental_batch_holdout_1_vs_1	ARID1B	ARID1B	2	absolute_mean_shift	70	4999	0.01	0.03	-0.0199999999999999	0.0229052317099057	0.0415408182436203	pgaa-cross-platform-dual-gate-v2	pgaa-cross-platform-matched-controls-v2
tian2021_ipsc_neuron_crispra	Human iPSC-derived neuron CRISPRa	experimental_batch_holdout_1_vs_1	ARID1B	ARID1B	2	welch_abs_t	70	4999	0.02	0.03	-0.0099999999999999	-0.0224004465249544	0.0066509790801678	pgaa-cross-platform-dual-gate-v2	pgaa-cross-platform-matched-controls-v2
tian2021_ipsc_neuron_crispra	Human iPSC-derived neuron CRISPRa	experimental_batch_holdout_1_vs_1	ARID1B	ARID1B	3	pgaa_w	70	4999	0.08	0.02	0.06	0.2134533590614138	0.2118530160395513	pgaa-cross-platform-dual-gate-v2	pgaa-cross-platform-matched-controls-v2
tian2021_ipsc_neuron_crispra	Human iPSC-derived neuron CRISPRa	experimental_batch_holdout_1_vs_1	ARID1B	ARID1B	3	pgaa_h	70	4999	0.04	0.02	0.02	0.0241471452371432	0.0234137809004896	pgaa-cross-platform-dual-gate-v2	pgaa-cross-platform-matched-controls-v2
tian2021_ipsc_neuron_crispra	Human iPSC-derived neuron CRISPRa	experimental_batch_holdout_1_vs_1	ARID1B	ARID1B	3	absolute_mean_shift	70	4999	0.08	0.04	0.04	0.0702528840116648	0.0589774612856517	pgaa-cross-platform-dual-gate-v2	pgaa-cross-platform-matched-controls-v2
tian2021_ipsc_neuron_crispra	Human iPSC-derived neuron CRISPRa	experimental_batch_holdout_1_vs_1	ARID1B	ARID1B	3	welch_abs_t	70	4999	0.02	0.01	0.01	0.04079898275463	0.0157109427659153	pgaa-cross-platform-dual-gate-v2	pgaa-cross-platform-matched-controls-v2
tian2021_ipsc_neuron_crispra	Human iPSC-derived neuron CRISPRa	experimental_batch_holdout_1_vs_1	ARID1B	ARID1B	4	pgaa_w	70	4999	0.04	0.05	-0.01	0.2257813347597678	0.1991251643461525	pgaa-cross-platform-dual-gate-v2	pgaa-cross-platform-matched-controls-v2
tian2021_ipsc_neuron_crispra	Human iPSC-derived neuron CRISPRa	experimental_batch_holdout_1_vs_1	ARID1B	ARID1B	4	pgaa_h	70	4999	0.04	0.03	0.01	0.0106751318535494	0.009002919131388	pgaa-cross-platform-dual-gate-v2	pgaa-cross-platform-matched-controls-v2
tian2021_ipsc_neuron_crispra	Human iPSC-derived neuron CRISPRa	experimental_batch_holdout_1_vs_1	ARID1B	ARID1B	4	absolute_mean_shift	70	4999	0.03	0.04	-0.01	0.0048042891174732	0.0344686147876558	pgaa-cross-platform-dual-gate-v2	pgaa-cross-platform-matched-controls-v2
tian2021_ipsc_neuron_crispra	Human iPSC-derived neuron CRISPRa	experimental_batch_holdout_1_vs_1	ARID1B	ARID1B	4	welch_abs_t	70	4999	0.01	0.02	-0.01	-0.0353915303597428	0.0118967652840002	pgaa-cross-platform-dual-gate-v2	pgaa-cross-platform-matched-controls-v2
tian2021_ipsc_neuron_crispra	Human iPSC-derived neuron CRISPRa	experimental_batch_holdout_1_vs_1	ATM	ATM	0	pgaa_w	70	4999	0.04	0.02	0.02	0.2083939993050703	0.2003435711968489	pgaa-cross-platform-dual-gate-v2	pgaa-cross-platform-matched-controls-v2
tian2021_ipsc_neuron_crispra	Human iPSC-derived neuron CRISPRa	experimental_batch_holdout_1_vs_1	ATM	ATM	0	pgaa_h	70	4999	0.0	0.02	-0.02	0.0140567526615349	0.0067470166670216	pgaa-cross-platform-dual-gate-v2	pgaa-cross-platform-matched-controls-v2
tian2021_ipsc_neuron_crispra	Human iPSC-derived neuron CRISPRa	experimental_batch_holdout_1_vs_1	ATM	ATM	0	absolute_mean_shift	70	4999	0.02	0.03	-0.0099999999999999	0.0636136738291579	0.0276384295366375	pgaa-cross-platform-dual-gate-v2	pgaa-cross-platform-matched-controls-v2
tian2021_ipsc_neuron_crispra	Human iPSC-derived neuron CRISPRa	experimental_batch_holdout_1_vs_1	ATM	ATM	0	welch_abs_t	70	4999	0.01	0.01	0.0	0.0193882103214626	-0.0084370000536796	pgaa-cross-platform-dual-gate-v2	pgaa-cross-platform-matched-controls-v2
tian2021_ipsc_neuron_crispra	Human iPSC-derived neuron CRISPRa	experimental_batch_holdout_1_vs_1	ATM	ATM	1	pgaa_w	70	4999	0.05	0.07	-0.02	0.2340538579065217	0.1977107086818424	pgaa-cross-platform-dual-gate-v2	pgaa-cross-platform-matched-controls-v2
tian2021_ipsc_neuron_crispra	Human iPSC-derived neuron CRISPRa	experimental_batch_holdout_1_vs_1	ATM	ATM	1	pgaa_h	70	4999	0.02	0.01	0.01	0.0014699922717551	0.0250438716168366	pgaa-cross-platform-dual-gate-v2	pgaa-cross-platform-matched-controls-v2
tian2021_ipsc_neuron_crispra	Human iPSC-derived neuron CRISPRa	experimental_batch_holdout_1_vs_1	ATM	ATM	1	absolute_mean_shift	70	4999	0.04	0.05	-0.01	0.0595149515011314	0.0338297830082938	pgaa-cross-platform-dual-gate-v2	pgaa-cross-platform-matched-controls-v2
tian2021_ipsc_neuron_crispra	Human iPSC-derived neuron CRISPRa	experimental_batch_holdout_1_vs_1	ATM	ATM	1	welch_abs_t	70	4999	0.02	0.02	0.0	0.0027179478636084	0.0044113648182994	pgaa-cross-platform-dual-gate-v2	pgaa-cross-platform-matched-controls-v2
tian2021_ipsc_neuron_crispra	Human iPSC-derived neuron CRISPRa	experimental_batch_holdout_1_vs_1	ATM	ATM	2	pgaa_w	70	4999	0.05	0.07	-0.02	0.2398390046912066	0.1928590514834231	pgaa-cross-platform-dual-gate-v2	pgaa-cross-platform-matched-controls-v2
tian2021_ipsc_neuron_crispra	Human iPSC-derived neuron CRISPRa	experimental_batch_holdout_1_vs_1	ATM	ATM	2	pgaa_h	70	4999	0.02	0.02	0.0	0.0145985456999748	0.0391368436384087	pgaa-cross-platform-dual-gate-v2	pgaa-cross-platform-matched-controls-v2
tian2021_ipsc_neuron_crispra	Human iPSC-derived neuron CRISPRa	experimental_batch_holdout_1_vs_1	ATM	ATM	2	absolute_mean_shift	70	4999	0.06	0.06	0.0	0.0749530095839005	0.0523813783707979	pgaa-cross-platform-dual-gate-v2	pgaa-cross-platform-matched-controls-v2
tian2021_ipsc_neuron_crispra	Human iPSC-derived neuron CRISPRa	experimental_batch_holdout_1_vs_1	ATM	ATM	2	welch_abs_t	70	4999	0.04	0.0	0.04	0.0124423177558653	0.0195965750182255	pgaa-cross-platform-dual-gate-v2	pgaa-cross-platform-matched-controls-v2
tian2021_ipsc_neuron_crispra	Human iPSC-derived neuron CRISPRa	experimental_batch_holdout_1_vs_1	ATM	ATM	3	pgaa_w	70	4999	0.07	0.02	0.05	0.230523473781456	0.2263759184118396	pgaa-cross-platform-dual-gate-v2	pgaa-cross-platform-matched-controls-v2
tian2021_ipsc_neuron_crispra	Human iPSC-derived neuron CRISPRa	experimental_batch_holdout_1_vs_1	ATM	ATM	3	pgaa_h	70	4999	0.03	0.03	0.0	0.0247539260884916	-0.0032915723191988	pgaa-cross-platform-dual-gate-v2	pgaa-cross-platform-matched-controls-v2
tian2021_ipsc_neuron_crispra	Human iPSC-derived neuron CRISPRa	experimental_batch_holdout_1_vs_1	ATM	ATM	3	absolute_mean_shift	70	4999	0.06	0.0	0.06	0.0693032375172208	0.0612809036281168	pgaa-cross-platform-dual-gate-v2	pgaa-cross-platform-matched-controls-v2
tian2021_ipsc_neuron_crispra	Human iPSC-derived neuron CRISPRa	experimental_batch_holdout_1_vs_1	ATM	ATM	3	welch_abs_t	70	4999	0.03	0.02	0.0099999999999999	0.0180678796516615	0.004946048369694	pgaa-cross-platform-dual-gate-v2	pgaa-cross-platform-matched-controls-v2
tian2021_ipsc_neuron_crispra	Human iPSC-derived neuron CRISPRa	experimental_batch_holdout_1_vs_1	ATM	ATM	4	pgaa_w	70	4999	0.04	0.06	-0.0199999999999999	0.2236529611112681	0.199635619090187	pgaa-cross-platform-dual-gate-v2	pgaa-cross-platform-matched-controls-v2
tian2021_ipsc_neuron_crispra	Human iPSC-derived neuron CRISPRa	experimental_batch_holdout_1_vs_1	ATM	ATM	4	pgaa_h	70	4999	0.01	0.04	-0.03	0.0063775837824009	0.0213310365636853	pgaa-cross-platform-dual-gate-v2	pgaa-cross-platform-matched-controls-v2
tian2021_ipsc_neuron_crispra	Human iPSC-derived neuron CRISPRa	experimental_batch_holdout_1_vs_1	ATM	ATM	4	absolute_mean_shift	70	4999	0.02	0.06	-0.0399999999999999	0.0544008916212632	0.0503884280410062	pgaa-cross-platform-dual-gate-v2	pgaa-cross-platform-matched-controls-v2
tian2021_ipsc_neuron_crispra	Human iPSC-derived neuron CRISPRa	experimental_batch_holdout_1_vs_1	ATM	ATM	4	welch_abs_t	70	4999	0.02	0.02	0.0	0.0093119970466091	0.01246014307393	pgaa-cross-platform-dual-gate-v2	pgaa-cross-platform-matched-controls-v2
tian2021_ipsc_neuron_crispra	Human iPSC-derived neuron CRISPRa	experimental_batch_holdout_1_vs_1	ATP5C1	ATP5C1	0	pgaa_w	70	5000	0.39	0.09	0.3	0.3669885313835412	0.1926744538442265	pgaa-cross-platform-dual-gate-v2	pgaa-cross-platform-matched-controls-v2
tian2021_ipsc_neuron_crispra	Human iPSC-derived neuron CRISPRa	experimental_batch_holdout_1_vs_1	ATP5C1	ATP5C1	0	pgaa_h	70	5000	0.03	0.05	-0.02	0.0345969010673731	0.0101390313664728	pgaa-cross-platform-dual-gate-v2	pgaa-cross-platform-matched-controls-v2
tian2021_ipsc_neuron_crispra	Human iPSC-derived neuron CRISPRa	experimental_batch_holdout_1_vs_1	ATP5C1	ATP5C1	0	absolute_mean_shift	70	5000	0.38	0.1	0.28	0.2043053861069254	0.0452780521867288	pgaa-cross-platform-dual-gate-v2	pgaa-cross-platform-matched-controls-v2
tian2021_ipsc_neuron_crispra	Human iPSC-derived neuron CRISPRa	experimental_batch_holdout_1_vs_1	ATP5C1	ATP5C1	0	welch_abs_t	70	5000	0.19	0.01	0.18	0.1325263034130521	0.0041646198947846	pgaa-cross-platform-dual-gate-v2	pgaa-cross-platform-matched-controls-v2
tian2021_ipsc_neuron_crispra	Human iPSC-derived neuron CRISPRa	experimental_batch_holdout_1_vs_1	ATP5C1	ATP5C1	1	pgaa_w	70	5000	0.45	0.02	0.43	0.3347170576207487	0.2182488929804317	pgaa-cross-platform-dual-gate-v2	pgaa-cross-platform-matched-controls-v2
tian2021_ipsc_neuron_crispra	Human iPSC-derived neuron CRISPRa	experimental_batch_holdout_1_vs_1	ATP5C1	ATP5C1	1	pgaa_h	70	5000	0.01	0.02	-0.01	0.0231499602116232	0.018291959848003	pgaa-cross-platform-dual-gate-v2	pgaa-cross-platform-matched-controls-v2
tian2021_ipsc_neuron_crispra	Human iPSC-derived neuron CRISPRa	experimental_batch_holdout_1_vs_1	ATP5C1	ATP5C1	1	absolute_mean_shift	70	5000	0.42	0.01	0.41	0.1889809588013805	0.0311961301025835	pgaa-cross-platform-dual-gate-v2	pgaa-cross-platform-matched-controls-v2
tian2021_ipsc_neuron_crispra	Human iPSC-derived neuron CRISPRa	experimental_batch_holdout_1_vs_1	ATP5C1	ATP5C1	1	welch_abs_t	70	5000	0.25	0.0	0.25	0.1149516025183406	-0.0158704646515803	pgaa-cross-platform-dual-gate-v2	pgaa-cross-platform-matched-controls-v2
tian2021_ipsc_neuron_crispra	Human iPSC-derived neuron CRISPRa	experimental_batch_holdout_1_vs_1	ATP5C1	ATP5C1	2	pgaa_w	70	5000	0.42	0.07	0.35	0.3545544601661783	0.1847707752557	pgaa-cross-platform-dual-gate-v2	pgaa-cross-platform-matched-controls-v2
tian2021_ipsc_neuron_crispra	Human iPSC-derived neuron CRISPRa	experimental_batch_holdout_1_vs_1	ATP5C1	ATP5C1	2	pgaa_h	70	5000	0.04	0.04	0.0	0.0415316063337603	0.0115870956105532	pgaa-cross-platform-dual-gate-v2	pgaa-cross-platform-matched-controls-v2
tian2021_ipsc_neuron_crispra	Human iPSC-derived neuron CRISPRa	experimental_batch_holdout_1_vs_1	ATP5C1	ATP5C1	2	absolute_mean_shift	70	5000	0.38	0.08	0.3	0.1871731231413857	0.0646137777440584	pgaa-cross-platform-dual-gate-v2	pgaa-cross-platform-matched-controls-v2
tian2021_ipsc_neuron_crispra	Human iPSC-derived neuron CRISPRa	experimental_batch_holdout_1_vs_1	ATP5C1	ATP5C1	2	welch_abs_t	70	5000	0.14	0.04	0.1	0.1065779671616765	0.037870858925561	pgaa-cross-platform-dual-gate-v2	pgaa-cross-platform-matched-controls-v2
tian2021_ipsc_neuron_crispra	Human iPSC-derived neuron CRISPRa	experimental_batch_holdout_1_vs_1	ATP5C1	ATP5C1	3	pgaa_w	70	5000	0.37	0.03	0.3399999999999999	0.2996993955047469	0.1963698389202193	pgaa-cross-platform-dual-gate-v2	pgaa-cross-platform-matched-controls-v2
tian2021_ipsc_neuron_crispra	Human iPSC-derived neuron CRISPRa	experimental_batch_holdout_1_vs_1	ATP5C1	ATP5C1	3	pgaa_h	70	5000	0.03	0.03	0.0	0.0336477465802054	0.0374613032117997	pgaa-cross-platform-dual-gate-v2	pgaa-cross-platform-matched-controls-v2
tian2021_ipsc_neuron_crispra	Human iPSC-derived neuron CRISPRa	experimental_batch_holdout_1_vs_1	ATP5C1	ATP5C1	3	absolute_mean_shift	70	5000	0.36	0.05	0.31	0.1379044789153471	0.0299875788038213	pgaa-cross-platform-dual-gate-v2	pgaa-cross-platform-matched-controls-v2
tian2021_ipsc_neuron_crispra	Human iPSC-derived neuron CRISPRa	experimental_batch_holdout_1_vs_1	ATP5C1	ATP5C1	3	welch_abs_t	70	5000	0.11	0.01	0.1	0.0741304445261134	-0.0126035457367468	pgaa-cross-platform-dual-gate-v2	pgaa-cross-platform-matched-controls-v2
tian2021_ipsc_neuron_crispra	Human iPSC-derived neuron CRISPRa	experimental_batch_holdout_1_vs_1	ATP5C1	ATP5C1	4	pgaa_w	70	5000	0.4	0.01	0.39	0.3031966413729725	0.1887848524700483	pgaa-cross-platform-dual-gate-v2	pgaa-cross-platform-matched-controls-v2
tian2021_ipsc_neuron_crispra	Human iPSC-derived neuron CRISPRa	experimental_batch_holdout_1_vs_1	ATP5C1	ATP5C1	4	pgaa_h	70	5000	0.02	0.02	0.0	-0.0161231264400213	0.0068961473990539	pgaa-cross-platform-dual-gate-v2	pgaa-cross-platform-matched-controls-v2
tian2021_ipsc_neuron_crispra	Human iPSC-derived neuron CRISPRa	experimental_batch_holdout_1_vs_1	ATP5C1	ATP5C1	4	absolute_mean_shift	70	5000	0.41	0.0	0.41	0.1643043273837762	0.0288156985522352	pgaa-cross-platform-dual-gate-v2	pgaa-cross-platform-matched-controls-v2
tian2021_ipsc_neuron_crispra	Human iPSC-derived neuron CRISPRa	experimental_batch_holdout_1_vs_1	ATP5C1	ATP5C1	4	welch_abs_t	70	5000	0.13	0.02	0.11	0.0991020959463545	-0.0030365202498251	pgaa-cross-platform-dual-gate-v2	pgaa-cross-platform-matched-controls-v2
tian2021_ipsc_neuron_crispra	Human iPSC-derived neuron CRISPRa	experimental_batch_holdout_1_vs_1	ATXN7	ATXN7	0	pgaa_w	70	4999	0.15	0.09	0.06	0.2635576643843428	0.1623723408385096	pgaa-cross-platform-dual-gate-v2	pgaa-cross-platform-matched-controls-v2
tian2021_ipsc_neuron_crispra	Human iPSC-derived neuron CRISPRa	experimental_batch_holdout_1_vs_1	ATXN7	ATXN7	0	pgaa_h	70	4999	0.03	0.01	0.0199999999999999	0.0284644870230751	-0.0043371593182058	pgaa-cross-platform-dual-gate-v2	pgaa-cross-platform-matched-controls-v2
tian2021_ipsc_neuron_crispra	Human iPSC-derived neuron CRISPRa	experimental_batch_holdout_1_vs_1	ATXN7	ATXN7	0	absolute_mean_shift	70	4999	0.1	0.07	0.03	0.0650573474723866	0.0065502377797492	pgaa-cross-platform-dual-gate-v2	pgaa-cross-platform-matched-controls-v2
tian2021_ipsc_neuron_crispra	Human iPSC-derived neuron CRISPRa	experimental_batch_holdout_1_vs_1	ATXN7	ATXN7	0	welch_abs_t	70	4999	0.03	0.02	0.0099999999999999	-0.0023854131211541	-0.0192459221265259	pgaa-cross-platform-dual-gate-v2	pgaa-cross-platform-matched-controls-v2
tian2021_ipsc_neuron_crispra	Human iPSC-derived neuron CRISPRa	experimental_batch_holdout_1_vs_1	ATXN7	ATXN7	1	pgaa_w	70	4999	0.13	0.08	0.05	0.2561536024433254	0.2008053642997893	pgaa-cross-platform-dual-gate-v2	pgaa-cross-platform-matched-controls-v2
tian2021_ipsc_neuron_crispra	Human iPSC-derived neuron CRISPRa	experimental_batch_holdout_1_vs_1	ATXN7	ATXN7	1	pgaa_h	70	4999	0.02	0.03	-0.0099999999999999	0.0160249264148028	0.0230740700172034	pgaa-cross-platform-dual-gate-v2	pgaa-cross-platform-matched-controls-v2
tian2021_ipsc_neuron_crispra	Human iPSC-derived neuron CRISPRa	experimental_batch_holdout_1_vs_1	ATXN7	ATXN7	1	absolute_mean_shift	70	4999	0.14	0.08	0.06	0.0700190279213133	0.0450975814904995	pgaa-cross-platform-dual-gate-v2	pgaa-cross-platform-matched-controls-v2
tian2021_ipsc_neuron_crispra	Human iPSC-derived neuron CRISPRa	experimental_batch_holdout_1_vs_1	ATXN7	ATXN7	1	welch_abs_t	70	4999	0.05	0.02	0.03	0.0188977494422989	0.0082061954291557	pgaa-cross-platform-dual-gate-v2	pgaa-cross-platform-matched-controls-v2
tian2021_ipsc_neuron_crispra	Human iPSC-derived neuron CRISPRa	experimental_batch_holdout_1_vs_1	ATXN7	ATXN7	2	pgaa_w	70	4999	0.22	0.06	0.16	0.2808554808335426	0.1897840211110545	pgaa-cross-platform-dual-gate-v2	pgaa-cross-platform-matched-controls-v2
tian2021_ipsc_neuron_crispra	Human iPSC-derived neuron CRISPRa	experimental_batch_holdout_1_vs_1	ATXN7	ATXN7	2	pgaa_h	70	4999	0.06	0.04	0.0199999999999999	0.0251844438155316	0.008344433090893	pgaa-cross-platform-dual-gate-v2	pgaa-cross-platform-matched-controls-v2
tian2021_ipsc_neuron_crispra	Human iPSC-derived neuron CRISPRa	experimental_batch_holdout_1_vs_1	ATXN7	ATXN7	2	absolute_mean_shift	70	4999	0.17	0.06	0.11	0.0911767444572877	0.0381116180581375	pgaa-cross-platform-dual-gate-v2	pgaa-cross-platform-matched-controls-v2
tian2021_ipsc_neuron_crispra	Human iPSC-derived neuron CRISPRa	experimental_batch_holdout_1_vs_1	ATXN7	ATXN7	2	welch_abs_t	70	4999	0.09	0.01	0.08	0.035408418588179	0.0060620811320036	pgaa-cross-platform-dual-gate-v2	pgaa-cross-platform-matched-controls-v2
tian2021_ipsc_neuron_crispra	Human iPSC-derived neuron CRISPRa	experimental_batch_holdout_1_vs_1	ATXN7	ATXN7	3	pgaa_w	70	4999	0.14	0.0	0.14	0.2625781628417539	0.1828488266288478	pgaa-cross-platform-dual-gate-v2	pgaa-cross-platform-matched-controls-v2
tian2021_ipsc_neuron_crispra	Human iPSC-derived neuron CRISPRa	experimental_batch_holdout_1_vs_1	ATXN7	ATXN7	3	pgaa_h	70	4999	0.02	0.01	0.01	0.0106940689526098	-0.0065913957760358	pgaa-cross-platform-dual-gate-v2	pgaa-cross-platform-matched-controls-v2
tian2021_ipsc_neuron_crispra	Human iPSC-derived neuron CRISPRa	experimental_batch_holdout_1_vs_1	ATXN7	ATXN7	3	absolute_mean_shift	70	4999	0.15	0.0	0.15	0.079745276213934	0.0428081007849599	pgaa-cross-platform-dual-gate-v2	pgaa-cross-platform-matched-controls-v2
tian2021_ipsc_neuron_crispra	Human iPSC-derived neuron CRISPRa	experimental_batch_holdout_1_vs_1	ATXN7	ATXN7	3	welch_abs_t	70	4999	0.07	0.01	0.06	0.019221460330943	0.0181741939757584	pgaa-cross-platform-dual-gate-v2	pgaa-cross-platform-matched-controls-v2
tian2021_ipsc_neuron_crispra	Human iPSC-derived neuron CRISPRa	experimental_batch_holdout_1_vs_1	ATXN7	ATXN7	4	pgaa_w	70	4999	0.19	0.05	0.14	0.2491697281352231	0.1830204736353282	pgaa-cross-platform-dual-gate-v2	pgaa-cross-platform-matched-controls-v2
tian2021_ipsc_neuron_crispra	Human iPSC-derived neuron CRISPRa	experimental_batch_holdout_1_vs_1	ATXN7	ATXN7	4	pgaa_h	70	4999	0.01	0.03	-0.0199999999999999	0.0138327257406038	-0.000724325632662	pgaa-cross-platform-dual-gate-v2	pgaa-cross-platform-matched-controls-v2
tian2021_ipsc_neuron_crispra	Human iPSC-derived neuron CRISPRa	experimental_batch_holdout_1_vs_1	ATXN7	ATXN7	4	absolute_mean_shift	70	4999	0.13	0.03	0.1	0.0755082587388924	0.0310832590557567	pgaa-cross-platform-dual-gate-v2	pgaa-cross-platform-matched-controls-v2
tian2021_ipsc_neuron_crispra	Human iPSC-derived neuron CRISPRa	experimental_batch_holdout_1_vs_1	ATXN7	ATXN7	4	welch_abs_t	70	4999	0.06	0.03	0.03	0.0278667950663714	-0.0027286365799189	pgaa-cross-platform-dual-gate-v2	pgaa-cross-platform-matched-controls-v2
tian2021_ipsc_neuron_crispra	Human iPSC-derived neuron CRISPRa	experimental_batch_holdout_1_vs_1	BCL2	BCL2	0	pgaa_w	70	4999	0.03	0.05	-0.02	0.2215469916178456	0.249825948827212	pgaa-cross-platform-dual-gate-v2	pgaa-cross-platform-matched-controls-v2
tian2021_ipsc_neuron_crispra	Human iPSC-derived neuron CRISPRa	experimental_batch_holdout_1_vs_1	BCL2	BCL2	0	pgaa_h	70	4999	0.03	0.02	0.0099999999999999	0.0237314803931663	0.0019390388848023	pgaa-cross-platform-dual-gate-v2	pgaa-cross-platform-matched-controls-v2
tian2021_ipsc_neuron_crispra	Human iPSC-derived neuron CRISPRa	experimental_batch_holdout_1_vs_1	BCL2	BCL2	0	absolute_mean_shift	70	4999	0.01	0.05	-0.04	0.0447405928287449	0.0732257479692662	pgaa-cross-platform-dual-gate-v2	pgaa-cross-platform-matched-controls-v2
tian2021_ipsc_neuron_crispra	Human iPSC-derived neuron CRISPRa	experimental_batch_holdout_1_vs_1	BCL2	BCL2	0	welch_abs_t	70	4999	0.02	0.03	-0.0099999999999999	0.0152591825935539	0.011603808733771	pgaa-cross-platform-dual-gate-v2	pgaa-cross-platform-matched-controls-v2
tian2021_ipsc_neuron_crispra	Human iPSC-derived neuron CRISPRa	experimental_batch_holdout_1_vs_1	BCL2	BCL2	1	pgaa_w	70	4999	0.07	0.06	0.01	0.2249514448015629	0.2153998911770541	pgaa-cross-platform-dual-gate-v2	pgaa-cross-platform-matched-controls-v2
tian2021_ipsc_neuron_crispra	Human iPSC-derived neuron CRISPRa	experimental_batch_holdout_1_vs_1	BCL2	BCL2	1	pgaa_h	70	4999	0.01	0.01	0.0	0.0269971584087453	0.0033029316837057	pgaa-cross-platform-dual-gate-v2	pgaa-cross-platform-matched-controls-v2
tian2021_ipsc_neuron_crispra	Human iPSC-derived neuron CRISPRa	experimental_batch_holdout_1_vs_1	BCL2	BCL2	1	absolute_mean_shift	70	4999	0.08	0.06	0.02	0.0444287579297887	0.0379385981923802	pgaa-cross-platform-dual-gate-v2	pgaa-cross-platform-matched-controls-v2
tian2021_ipsc_neuron_crispra	Human iPSC-derived neuron CRISPRa	experimental_batch_holdout_1_vs_1	BCL2	BCL2	1	welch_abs_t	70	4999	0.03	0.01	0.0199999999999999	0.0083460554301745	0.0010688420037718	pgaa-cross-platform-dual-gate-v2	pgaa-cross-platform-matched-controls-v2
tian2021_ipsc_neuron_crispra	Human iPSC-derived neuron CRISPRa	experimental_batch_holdout_1_vs_1	BCL2	BCL2	2	pgaa_w	70	4999	0.03	0.1	-0.07	0.2038961990962293	0.1977345327646242	pgaa-cross-platform-dual-gate-v2	pgaa-cross-platform-matched-controls-v2
tian2021_ipsc_neuron_crispra	Human iPSC-derived neuron CRISPRa	experimental_batch_holdout_1_vs_1	BCL2	BCL2	2	pgaa_h	70	4999	0.03	0.05	-0.02	0.0224307698206636	0.0205326126859312	pgaa-cross-platform-dual-gate-v2	pgaa-cross-platform-matched-controls-v2
tian2021_ipsc_neuron_crispra	Human iPSC-derived neuron CRISPRa	experimental_batch_holdout_1_vs_1	BCL2	BCL2	2	absolute_mean_shift	70	4999	0.02	0.07	-0.05	0.021532815906019	0.0440573670192533	pgaa-cross-platform-dual-gate-v2	pgaa-cross-platform-matched-controls-v2
tian2021_ipsc_neuron_crispra	Human iPSC-derived neuron CRISPRa	experimental_batch_holdout_1_vs_1	BCL2	BCL2	2	welch_abs_t	70	4999	0.04	0.05	-0.01	-0.0038548596160284	0.014808050015142	pgaa-cross-platform-dual-gate-v2	pgaa-cross-platform-matched-controls-v2
tian2021_ipsc_neuron_crispra	Human iPSC-derived neuron CRISPRa	experimental_batch_holdout_1_vs_1	BCL2	BCL2	3	pgaa_w	70	4999	0.03	0.04	-0.01	0.1925801056102015	0.1748318544945402	pgaa-cross-platform-dual-gate-v2	pgaa-cross-platform-matched-controls-v2
tian2021_ipsc_neuron_crispra	Human iPSC-derived neuron CRISPRa	experimental_batch_holdout_1_vs_1	BCL2	BCL2	3	pgaa_h	70	4999	0.05	0.0	0.05	0.0137816989257414	0.0125203584698457	pgaa-cross-platform-dual-gate-v2	pgaa-cross-platform-matched-controls-v2
tian2021_ipsc_neuron_crispra	Human iPSC-derived neuron CRISPRa	experimental_batch_holdout_1_vs_1	BCL2	BCL2	3	absolute_mean_shift	70	4999	0.01	0.04	-0.03	0.0186559061668095	0.0225561449417215	pgaa-cross-platform-dual-gate-v2	pgaa-cross-platform-matched-controls-v2
tian2021_ipsc_neuron_crispra	Human iPSC-derived neuron CRISPRa	experimental_batch_holdout_1_vs_1	BCL2	BCL2	3	welch_abs_t	70	4999	0.01	0.0	0.01	-0.0123004762783193	-0.0032159281798652	pgaa-cross-platform-dual-gate-v2	pgaa-cross-platform-matched-controls-v2
tian2021_ipsc_neuron_crispra	Human iPSC-derived neuron CRISPRa	experimental_batch_holdout_1_vs_1	BCL2	BCL2	4	pgaa_w	70	4999	0.0	0.06	-0.06	0.1828743947676869	0.2301545871349614	pgaa-cross-platform-dual-gate-v2	pgaa-cross-platform-matched-controls-v2
tian2021_ipsc_neuron_crispra	Human iPSC-derived neuron CRISPRa	experimental_batch_holdout_1_vs_1	BCL2	BCL2	4	pgaa_h	70	4999	0.0	0.05	-0.05	0.0239399040237492	0.0205311279184023	pgaa-cross-platform-dual-gate-v2	pgaa-cross-platform-matched-controls-v2
tian2021_ipsc_neuron_crispra	Human iPSC-derived neuron CRISPRa	experimental_batch_holdout_1_vs_1	BCL2	BCL2	4	absolute_mean_shift	70	4999	0.0	0.04	-0.04	0.0204939658824062	0.0302116556841034	pgaa-cross-platform-dual-gate-v2	pgaa-cross-platform-matched-controls-v2
tian2021_ipsc_neuron_crispra	Human iPSC-derived neuron CRISPRa	experimental_batch_holdout_1_vs_1	BCL2	BCL2	4	welch_abs_t	70	4999	0.0	0.02	-0.02	-0.0165061112122191	-0.0150567922475278	pgaa-cross-platform-dual-gate-v2	pgaa-cross-platform-matched-controls-v2
tian2021_ipsc_neuron_crispra	Human iPSC-derived neuron CRISPRa	experimental_batch_holdout_1_vs_1	BCL2L1	BCL2L1	0	pgaa_w	70	4999	0.09	0.04	0.0499999999999999	0.2120602619014093	0.1916330176571512	pgaa-cross-platform-dual-gate-v2	pgaa-cross-platform-matched-controls-v2
tian2021_ipsc_neuron_crispra	Human iPSC-derived neuron CRISPRa	experimental_batch_holdout_1_vs_1	BCL2L1	BCL2L1	0	pgaa_h	70	4999	0.03	0.02	0.0099999999999999	0.0280133900470282	0.007447795749984	pgaa-cross-platform-dual-gate-v2	pgaa-cross-platform-matched-controls-v2
tian2021_ipsc_neuron_crispra	Human iPSC-derived neuron CRISPRa	experimental_batch_holdout_1_vs_1	BCL2L1	BCL2L1	0	absolute_mean_shift	70	4999	0.08	0.05	0.03	0.0456139646231303	0.0252754039439737	pgaa-cross-platform-dual-gate-v2	pgaa-cross-platform-matched-controls-v2
tian2021_ipsc_neuron_crispra	Human iPSC-derived neuron CRISPRa	experimental_batch_holdout_1_vs_1	BCL2L1	BCL2L1	0	welch_abs_t	70	4999	0.02	0.02	0.0	0.0069020841865108	-0.0110971072013512	pgaa-cross-platform-dual-gate-v2	pgaa-cross-platform-matched-controls-v2
tian2021_ipsc_neuron_crispra	Human iPSC-derived neuron CRISPRa	experimental_batch_holdout_1_vs_1	BCL2L1	BCL2L1	1	pgaa_w	70	4999	0.12	0.03	0.09	0.2189634520046368	0.1916081483375478	pgaa-cross-platform-dual-gate-v2	pgaa-cross-platform-matched-controls-v2
tian2021_ipsc_neuron_crispra	Human iPSC-derived neuron CRISPRa	experimental_batch_holdout_1_vs_1	BCL2L1	BCL2L1	1	pgaa_h	70	4999	0.04	0.03	0.01	0.0106763666066346	0.0064836127866783	pgaa-cross-platform-dual-gate-v2	pgaa-cross-platform-matched-controls-v2
tian2021_ipsc_neuron_crispra	Human iPSC-derived neuron CRISPRa	experimental_batch_holdout_1_vs_1	BCL2L1	BCL2L1	1	absolute_mean_shift	70	4999	0.11	0.02	0.09	0.0381468285059349	0.0221403394761781	pgaa-cross-platform-dual-gate-v2	pgaa-cross-platform-matched-controls-v2
tian2021_ipsc_neuron_crispra	Human iPSC-derived neuron CRISPRa	experimental_batch_holdout_1_vs_1	BCL2L1	BCL2L1	1	welch_abs_t	70	4999	0.03	0.04	-0.01	-0.0149206936712634	-0.0153700941876428	pgaa-cross-platform-dual-gate-v2	pgaa-cross-platform-matched-controls-v2
tian2021_ipsc_neuron_crispra	Human iPSC-derived neuron CRISPRa	experimental_batch_holdout_1_vs_1	BCL2L1	BCL2L1	2	pgaa_w	70	4999	0.04	0.07	-0.03	0.2221968649058597	0.2066209402844132	pgaa-cross-platform-dual-gate-v2	pgaa-cross-platform-matched-controls-v2
tian2021_ipsc_neuron_crispra	Human iPSC-derived neuron CRISPRa	experimental_batch_holdout_1_vs_1	BCL2L1	BCL2L1	2	pgaa_h	70	4999	0.02	0.03	-0.0099999999999999	0.0074360402107625	0.0139029352913873	pgaa-cross-platform-dual-gate-v2	pgaa-cross-platform-matched-controls-v2
tian2021_ipsc_neuron_crispra	Human iPSC-derived neuron CRISPRa	experimental_batch_holdout_1_vs_1	BCL2L1	BCL2L1	2	absolute_mean_shift	70	4999	0.04	0.02	0.02	0.060705262572407	0.0391322573843025	pgaa-cross-platform-dual-gate-v2	pgaa-cross-platform-matched-controls-v2
tian2021_ipsc_neuron_crispra	Human iPSC-derived neuron CRISPRa	experimental_batch_holdout_1_vs_1	BCL2L1	BCL2L1	2	welch_abs_t	70	4999	0.01	0.02	-0.01	0.016724781716653	0.0018837703195805	pgaa-cross-platform-dual-gate-v2	pgaa-cross-platform-matched-controls-v2
tian2021_ipsc_neuron_crispra	Human iPSC-derived neuron CRISPRa	experimental_batch_holdout_1_vs_1	BCL2L1	BCL2L1	3	pgaa_w	70	4999	0.05	0.05	0.0	0.2699961888785918	0.1932507564270717	pgaa-cross-platform-dual-gate-v2	pgaa-cross-platform-matched-controls-v2
tian2021_ipsc_neuron_crispra	Human iPSC-derived neuron CRISPRa	experimental_batch_holdout_1_vs_1	BCL2L1	BCL2L1	3	pgaa_h	70	4999	0.0	0.03	-0.03	0.0020299905138059	0.0260279427394234	pgaa-cross-platform-dual-gate-v2	pgaa-cross-platform-matched-controls-v2
tian2021_ipsc_neuron_crispra	Human iPSC-derived neuron CRISPRa	experimental_batch_holdout_1_vs_1	BCL2L1	BCL2L1	3	absolute_mean_shift	70	4999	0.03	0.07	-0.04	0.0832681952616904	0.044529131810099	pgaa-cross-platform-dual-gate-v2	pgaa-cross-platform-matched-controls-v2
tian2021_ipsc_neuron_crispra	Human iPSC-derived neuron CRISPRa	experimental_batch_holdout_1_vs_1	BCL2L1	BCL2L1	3	welch_abs_t	70	4999	0.0	0.03	-0.03	0.014316458106578	0.0077785060981251	pgaa-cross-platform-dual-gate-v2	pgaa-cross-platform-matched-controls-v2
tian2021_ipsc_neuron_crispra	Human iPSC-derived neuron CRISPRa	experimental_batch_holdout_1_vs_1	BCL2L1	BCL2L1	4	pgaa_w	70	4999	0.06	0.03	0.03	0.2601873704517704	0.1702303154712851	pgaa-cross-platform-dual-gate-v2	pgaa-cross-platform-matched-controls-v2
tian2021_ipsc_neuron_crispra	Human iPSC-derived neuron CRISPRa	experimental_batch_holdout_1_vs_1	BCL2L1	BCL2L1	4	pgaa_h	70	4999	0.03	0.0	0.03	0.0501977589941587	0.0109449979368442	pgaa-cross-platform-dual-gate-v2	pgaa-cross-platform-matched-controls-v2
tian2021_ipsc_neuron_crispra	Human iPSC-derived neuron CRISPRa	experimental_batch_holdout_1_vs_1	BCL2L1	BCL2L1	4	absolute_mean_shift	70	4999	0.06	0.03	0.03	0.0650889505710372	0.0072843168411075	pgaa-cross-platform-dual-gate-v2	pgaa-cross-platform-matched-controls-v2
tian2021_ipsc_neuron_crispra	Human iPSC-derived neuron CRISPRa	experimental_batch_holdout_1_vs_1	BCL2L1	BCL2L1	4	welch_abs_t	70	4999	0.03	0.02	0.0099999999999999	0.0070997481614281	-0.0170823058758108	pgaa-cross-platform-dual-gate-v2	pgaa-cross-platform-matched-controls-v2
tian2021_ipsc_neuron_crispra	Human iPSC-derived neuron CRISPRa	experimental_batch_holdout_1_vs_1	BDNF	BDNF	0	pgaa_w	70	4999	0.07	0.04	0.03	0.2414520171377109	0.2047579347900676	pgaa-cross-platform-dual-gate-v2	pgaa-cross-platform-matched-controls-v2
tian2021_ipsc_neuron_crispra	Human iPSC-derived neuron CRISPRa	experimental_batch_holdout_1_vs_1	BDNF	BDNF	0	pgaa_h	70	4999	0.05	0.03	0.02	0.0041048584640676	0.0171300305295203	pgaa-cross-platform-dual-gate-v2	pgaa-cross-platform-matched-controls-v2
tian2021_ipsc_neuron_crispra	Human iPSC-derived neuron CRISPRa	experimental_batch_holdout_1_vs_1	BDNF	BDNF	0	absolute_mean_shift	70	4999	0.04	0.04	0.0	0.0502112290009377	0.065353793791814	pgaa-cross-platform-dual-gate-v2	pgaa-cross-platform-matched-controls-v2
tian2021_ipsc_neuron_crispra	Human iPSC-derived neuron CRISPRa	experimental_batch_holdout_1_vs_1	BDNF	BDNF	0	welch_abs_t	70	4999	0.03	0.05	-0.02	0.0024467935605102	0.0421303977512523	pgaa-cross-platform-dual-gate-v2	pgaa-cross-platform-matched-controls-v2
tian2021_ipsc_neuron_crispra	Human iPSC-derived neuron CRISPRa	experimental_batch_holdout_1_vs_1	BDNF	BDNF	1	pgaa_w	70	4999	0.06	0.06	0.0	0.2278628123497283	0.2011009141180505	pgaa-cross-platform-dual-gate-v2	pgaa-cross-platform-matched-controls-v2
tian2021_ipsc_neuron_crispra	Human iPSC-derived neuron CRISPRa	experimental_batch_holdout_1_vs_1	BDNF	BDNF	1	pgaa_h	70	4999	0.07	0.03	0.04	0.0199149966737676	0.0081267182496383	pgaa-cross-platform-dual-gate-v2	pgaa-cross-platform-matched-controls-v2
tian2021_ipsc_neuron_crispra	Human iPSC-derived neuron CRISPRa	experimental_batch_holdout_1_vs_1	BDNF	BDNF	1	absolute_mean_shift	70	4999	0.04	0.02	0.02	0.0526747841917026	0.0270386597906219	pgaa-cross-platform-dual-gate-v2	pgaa-cross-platform-matched-controls-v2
tian2021_ipsc_neuron_crispra	Human iPSC-derived neuron CRISPRa	experimental_batch_holdout_1_vs_1	BDNF	BDNF	1	welch_abs_t	70	4999	0.01	0.02	-0.01	0.0191086273940392	-0.0072449494467676	pgaa-cross-platform-dual-gate-v2	pgaa-cross-platform-matched-controls-v2
tian2021_ipsc_neuron_crispra	Human iPSC-derived neuron CRISPRa	experimental_batch_holdout_1_vs_1	BDNF	BDNF	2	pgaa_w	70	4999	0.04	0.03	0.01	0.2485991259534738	0.2203689434751472	pgaa-cross-platform-dual-gate-v2	pgaa-cross-platform-matched-controls-v2
tian2021_ipsc_neuron_crispra	Human iPSC-derived neuron CRISPRa	experimental_batch_holdout_1_vs_1	BDNF	BDNF	2	pgaa_h	70	4999	0.03	0.04	-0.01	0.0086025777668531	0.0089163763049868	pgaa-cross-platform-dual-gate-v2	pgaa-cross-platform-matched-controls-v2
tian2021_ipsc_neuron_crispra	Human iPSC-derived neuron CRISPRa	experimental_batch_holdout_1_vs_1	BDNF	BDNF	2	absolute_mean_shift	70	4999	0.04	0.03	0.01	0.0649037831204734	0.0310598508687149	pgaa-cross-platform-dual-gate-v2	pgaa-cross-platform-matched-controls-v2
tian2021_ipsc_neuron_crispra	Human iPSC-derived neuron CRISPRa	experimental_batch_holdout_1_vs_1	BDNF	BDNF	2	welch_abs_t	70	4999	0.02	0.0	0.02	0.016833450101809	-0.0078243677072382	pgaa-cross-platform-dual-gate-v2	pgaa-cross-platform-matched-controls-v2
tian2021_ipsc_neuron_crispra	Human iPSC-derived neuron CRISPRa	experimental_batch_holdout_1_vs_1	BDNF	BDNF	3	pgaa_w	70	4999	0.06	0.06	0.0	0.199233621187586	0.1876825328661257	pgaa-cross-platform-dual-gate-v2	pgaa-cross-platform-matched-controls-v2
tian2021_ipsc_neuron_crispra	Human iPSC-derived neuron CRISPRa	experimental_batch_holdout_1_vs_1	BDNF	BDNF	3	pgaa_h	70	4999	0.0	0.01	-0.01	-0.0027366267068947	0.0135518467217843	pgaa-cross-platform-dual-gate-v2	pgaa-cross-platform-matched-controls-v2
tian2021_ipsc_neuron_crispra	Human iPSC-derived neuron CRISPRa	experimental_batch_holdout_1_vs_1	BDNF	BDNF	3	absolute_mean_shift	70	4999	0.04	0.04	0.0	0.019098882398112	-0.0038907837279078	pgaa-cross-platform-dual-gate-v2	pgaa-cross-platform-matched-controls-v2
tian2021_ipsc_neuron_crispra	Human iPSC-derived neuron CRISPRa	experimental_batch_holdout_1_vs_1	BDNF	BDNF	3	welch_abs_t	70	4999	0.04	0.01	0.03	-0.01603799751701	-0.0307214597796256	pgaa-cross-platform-dual-gate-v2	pgaa-cross-platform-matched-controls-v2
tian2021_ipsc_neuron_crispra	Human iPSC-derived neuron CRISPRa	experimental_batch_holdout_1_vs_1	BDNF	BDNF	4	pgaa_w	70	4999	0.06	0.06	0.0	0.1738561179306139	0.1960648570144311	pgaa-cross-platform-dual-gate-v2	pgaa-cross-platform-matched-controls-v2
tian2021_ipsc_neuron_crispra	Human iPSC-derived neuron CRISPRa	experimental_batch_holdout_1_vs_1	BDNF	BDNF	4	pgaa_h	70	4999	0.04	0.01	0.03	0.0109235377758135	0.0088180041980429	pgaa-cross-platform-dual-gate-v2	pgaa-cross-platform-matched-controls-v2
tian2021_ipsc_neuron_crispra	Human iPSC-derived neuron CRISPRa	experimental_batch_holdout_1_vs_1	BDNF	BDNF	4	absolute_mean_shift	70	4999	0.08	0.04	0.04	0.018100955896937	0.0321039633678676	pgaa-cross-platform-dual-gate-v2	pgaa-cross-platform-matched-controls-v2
tian2021_ipsc_neuron_crispra	Human iPSC-derived neuron CRISPRa	experimental_batch_holdout_1_vs_1	BDNF	BDNF	4	welch_abs_t	70	4999	0.03	0.03	0.0	-0.0090227884236642	0.0064906693226515	pgaa-cross-platform-dual-gate-v2	pgaa-cross-platform-matched-controls-v2
tian2021_ipsc_neuron_crispra	Human iPSC-derived neuron CRISPRa	experimental_batch_holdout_1_vs_1	BMPER	BMPER	0	pgaa_w	70	4999	0.06	0.07	-0.01	0.2786258835775109	0.2238989740432551	pgaa-cross-platform-dual-gate-v2	pgaa-cross-platform-matched-controls-v2
tian2021_ipsc_neuron_crispra	Human iPSC-derived neuron CRISPRa	experimental_batch_holdout_1_vs_1	BMPER	BMPER	0	pgaa_h	70	4999	0.03	0.02	0.0099999999999999	0.0341977317572196	0.0078708992092805	pgaa-cross-platform-dual-gate-v2	pgaa-cross-platform-matched-controls-v2
tian2021_ipsc_neuron_crispra	Human iPSC-derived neuron CRISPRa	experimental_batch_holdout_1_vs_1	BMPER	BMPER	0	absolute_mean_shift	70	4999	0.01	0.06	-0.0499999999999999	0.0593107016263542	0.0404370308943675	pgaa-cross-platform-dual-gate-v2	pgaa-cross-platform-matched-controls-v2
tian2021_ipsc_neuron_crispra	Human iPSC-derived neuron CRISPRa	experimental_batch_holdout_1_vs_1	BMPER	BMPER	0	welch_abs_t	70	4999	0.03	0.03	0.0	-0.0128699742364883	-0.0026333552906955	pgaa-cross-platform-dual-gate-v2	pgaa-cross-platform-matched-controls-v2
tian2021_ipsc_neuron_crispra	Human iPSC-derived neuron CRISPRa	experimental_batch_holdout_1_vs_1	BMPER	BMPER	1	pgaa_w	70	4999	0.04	0.04	0.0	0.2464136741512246	0.1837797965576043	pgaa-cross-platform-dual-gate-v2	pgaa-cross-platform-matched-controls-v2
tian2021_ipsc_neuron_crispra	Human iPSC-derived neuron CRISPRa	experimental_batch_holdout_1_vs_1	BMPER	BMPER	1	pgaa_h	70	4999	0.0	0.02	-0.02	0.0283735738569495	0.0706849410146336	pgaa-cross-platform-dual-gate-v2	pgaa-cross-platform-matched-controls-v2
tian2021_ipsc_neuron_crispra	Human iPSC-derived neuron CRISPRa	experimental_batch_holdout_1_vs_1	BMPER	BMPER	1	absolute_mean_shift	70	4999	0.02	0.04	-0.02	0.0419333055156897	0.0352446013450811	pgaa-cross-platform-dual-gate-v2	pgaa-cross-platform-matched-controls-v2
tian2021_ipsc_neuron_crispra	Human iPSC-derived neuron CRISPRa	experimental_batch_holdout_1_vs_1	BMPER	BMPER	1	welch_abs_t	70	4999	0.02	0.01	0.01	-0.0108306794137137	0.0078253042216354	pgaa-cross-platform-dual-gate-v2	pgaa-cross-platform-matched-controls-v2
tian2021_ipsc_neuron_crispra	Human iPSC-derived neuron CRISPRa	experimental_batch_holdout_1_vs_1	BMPER	BMPER	2	pgaa_w	70	4999	0.08	0.04	0.04	0.2811264910980336	0.2236446682961391	pgaa-cross-platform-dual-gate-v2	pgaa-cross-platform-matched-controls-v2
tian2021_ipsc_neuron_crispra	Human iPSC-derived neuron CRISPRa	experimental_batch_holdout_1_vs_1	BMPER	BMPER	2	pgaa_h	70	4999	0.02	0.01	0.01	0.0113610424383403	0.0242762922415919	pgaa-cross-platform-dual-gate-v2	pgaa-cross-platform-matched-controls-v2
tian2021_ipsc_neuron_crispra	Human iPSC-derived neuron CRISPRa	experimental_batch_holdout_1_vs_1	BMPER	BMPER	2	absolute_mean_shift	70	4999	0.09	0.04	0.0499999999999999	0.0581435918479941	0.0338013455353258	pgaa-cross-platform-dual-gate-v2	pgaa-cross-platform-matched-controls-v2
tian2021_ipsc_neuron_crispra	Human iPSC-derived neuron CRISPRa	experimental_batch_holdout_1_vs_1	BMPER	BMPER	2	welch_abs_t	70	4999	0.02	0.02	0.0	-0.0205877316169398	-0.0073992677530655	pgaa-cross-platform-dual-gate-v2	pgaa-cross-platform-matched-controls-v2
tian2021_ipsc_neuron_crispra	Human iPSC-derived neuron CRISPRa	experimental_batch_holdout_1_vs_1	BMPER	BMPER	3	pgaa_w	70	4999	0.05	0.02	0.03	0.2285596353474084	0.1978695455392576	pgaa-cross-platform-dual-gate-v2	pgaa-cross-platform-matched-controls-v2
tian2021_ipsc_neuron_crispra	Human iPSC-derived neuron CRISPRa	experimental_batch_holdout_1_vs_1	BMPER	BMPER	3	pgaa_h	70	4999	0.02	0.0	0.02	-0.0054415919738231	0.0255139800807046	pgaa-cross-platform-dual-gate-v2	pgaa-cross-platform-matched-controls-v2
tian2021_ipsc_neuron_crispra	Human iPSC-derived neuron CRISPRa	experimental_batch_holdout_1_vs_1	BMPER	BMPER	3	absolute_mean_shift	70	4999	0.06	0.02	0.0399999999999999	0.055977972744126	0.0308194559469703	pgaa-cross-platform-dual-gate-v2	pgaa-cross-platform-matched-controls-v2
tian2021_ipsc_neuron_crispra	Human iPSC-derived neuron CRISPRa	experimental_batch_holdout_1_vs_1	BMPER	BMPER	3	welch_abs_t	70	4999	0.02	0.0	0.02	-0.0143137680607656	-0.0047370889307323	pgaa-cross-platform-dual-gate-v2	pgaa-cross-platform-matched-controls-v2
tian2021_ipsc_neuron_crispra	Human iPSC-derived neuron CRISPRa	experimental_batch_holdout_1_vs_1	BMPER	BMPER	4	pgaa_w	70	4999	0.03	0.07	-0.04	0.2255797632143753	0.1970274992908318	pgaa-cross-platform-dual-gate-v2	pgaa-cross-platform-matched-controls-v2
tian2021_ipsc_neuron_crispra	Human iPSC-derived neuron CRISPRa	experimental_batch_holdout_1_vs_1	BMPER	BMPER	4	pgaa_h	70	4999	0.01	0.03	-0.0199999999999999	0.0234578309785328	0.0115418923418593	pgaa-cross-platform-dual-gate-v2	pgaa-cross-platform-matched-controls-v2
tian2021_ipsc_neuron_crispra	Human iPSC-derived neuron CRISPRa	experimental_batch_holdout_1_vs_1	BMPER	BMPER	4	absolute_mean_shift	70	4999	0.02	0.06	-0.0399999999999999	0.0467148509218496	0.0356484200141238	pgaa-cross-platform-dual-gate-v2	pgaa-cross-platform-matched-controls-v2
tian2021_ipsc_neuron_crispra	Human iPSC-derived neuron CRISPRa	experimental_batch_holdout_1_vs_1	BMPER	BMPER	4	welch_abs_t	70	4999	0.0	0.04	-0.04	-0.0212596543818977	-0.0013563929113004	pgaa-cross-platform-dual-gate-v2	pgaa-cross-platform-matched-controls-v2
tian2021_ipsc_neuron_crispra	Human iPSC-derived neuron CRISPRa	experimental_batch_holdout_1_vs_1	C6orf203	C6orf203	0	pgaa_w	70	4999	0.01	0.07	-0.06	0.2124320063634542	0.1588936029893726	pgaa-cross-platform-dual-gate-v2	pgaa-cross-platform-matched-controls-v2
tian2021_ipsc_neuron_crispra	Human iPSC-derived neuron CRISPRa	experimental_batch_holdout_1_vs_1	C6orf203	C6orf203	0	pgaa_h	70	4999	0.03	0.02	0.0099999999999999	0.0182827465061705	-0.00146561340659	pgaa-cross-platform-dual-gate-v2	pgaa-cross-platform-matched-controls-v2
tian2021_ipsc_neuron_crispra	Human iPSC-derived neuron CRISPRa	experimental_batch_holdout_1_vs_1	C6orf203	C6orf203	0	absolute_mean_shift	70	4999	0.01	0.06	-0.0499999999999999	0.0167838982958909	0.0243028087536936	pgaa-cross-platform-dual-gate-v2	pgaa-cross-platform-matched-controls-v2
tian2021_ipsc_neuron_crispra	Human iPSC-derived neuron CRISPRa	experimental_batch_holdout_1_vs_1	C6orf203	C6orf203	0	welch_abs_t	70	4999	0.0	0.03	-0.03	-0.0367106189571679	-0.0067795173450218	pgaa-cross-platform-dual-gate-v2	pgaa-cross-platform-matched-controls-v2
tian2021_ipsc_neuron_crispra	Human iPSC-derived neuron CRISPRa	experimental_batch_holdout_1_vs_1	C6orf203	C6orf203	1	pgaa_w	70	4999	0.05	0.07	-0.02	0.236927372280551	0.2014914290037594	pgaa-cross-platform-dual-gate-v2	pgaa-cross-platform-matched-controls-v2
tian2021_ipsc_neuron_crispra	Human iPSC-derived neuron CRISPRa	experimental_batch_holdout_1_vs_1	C6orf203	C6orf203	1	pgaa_h	70	4999	0.02	0.01	0.01	0.0252681394883276	-0.0014766953816443	pgaa-cross-platform-dual-gate-v2	pgaa-cross-platform-matched-controls-v2
tian2021_ipsc_neuron_crispra	Human iPSC-derived neuron CRISPRa	experimental_batch_holdout_1_vs_1	C6orf203	C6orf203	1	absolute_mean_shift	70	4999	0.04	0.04	0.0	0.0707317218184362	0.0629236129624189	pgaa-cross-platform-dual-gate-v2	pgaa-cross-platform-matched-controls-v2
tian2021_ipsc_neuron_crispra	Human iPSC-derived neuron CRISPRa	experimental_batch_holdout_1_vs_1	C6orf203	C6orf203	1	welch_abs_t	70	4999	0.02	0.0	0.02	0.008863273927933	0.0174421600775109	pgaa-cross-platform-dual-gate-v2	pgaa-cross-platform-matched-controls-v2
tian2021_ipsc_neuron_crispra	Human iPSC-derived neuron CRISPRa	experimental_batch_holdout_1_vs_1	C6orf203	C6orf203	2	pgaa_w	70	4999	0.02	0.03	-0.0099999999999999	0.1810968679777298	0.1758675181459277	pgaa-cross-platform-dual-gate-v2	pgaa-cross-platform-matched-controls-v2
tian2021_ipsc_neuron_crispra	Human iPSC-derived neuron CRISPRa	experimental_batch_holdout_1_vs_1	C6orf203	C6orf203	2	pgaa_h	70	4999	0.01	0.04	-0.03	0.0074873543292939	0.0152230741340211	pgaa-cross-platform-dual-gate-v2	pgaa-cross-platform-matched-controls-v2
tian2021_ipsc_neuron_crispra	Human iPSC-derived neuron CRISPRa	experimental_batch_holdout_1_vs_1	C6orf203	C6orf203	2	absolute_mean_shift	70	4999	0.02	0.03	-0.0099999999999999	0.016808140598128	0.0379044158004046	pgaa-cross-platform-dual-gate-v2	pgaa-cross-platform-matched-controls-v2
tian2021_ipsc_neuron_crispra	Human iPSC-derived neuron CRISPRa	experimental_batch_holdout_1_vs_1	C6orf203	C6orf203	2	welch_abs_t	70	4999	0.02	0.03	-0.0099999999999999	-0.0130604549253726	0.0087544968307892	pgaa-cross-platform-dual-gate-v2	pgaa-cross-platform-matched-controls-v2
tian2021_ipsc_neuron_crispra	Human iPSC-derived neuron CRISPRa	experimental_batch_holdout_1_vs_1	C6orf203	C6orf203	3	pgaa_w	70	4999	0.07	0.03	0.04	0.2535251158396637	0.2175784538201251	pgaa-cross-platform-dual-gate-v2	pgaa-cross-platform-matched-controls-v2
tian2021_ipsc_neuron_crispra	Human iPSC-derived neuron CRISPRa	experimental_batch_holdout_1_vs_1	C6orf203	C6orf203	3	pgaa_h	70	4999	0.01	0.02	-0.01	0.0043302806358306	0.0349563063148651	pgaa-cross-platform-dual-gate-v2	pgaa-cross-platform-matched-controls-v2
tian2021_ipsc_neuron_crispra	Human iPSC-derived neuron CRISPRa	experimental_batch_holdout_1_vs_1	C6orf203	C6orf203	3	absolute_mean_shift	70	4999	0.08	0.02	0.06	0.0686028568117373	0.008839410525496	pgaa-cross-platform-dual-gate-v2	pgaa-cross-platform-matched-controls-v2
tian2021_ipsc_neuron_crispra	Human iPSC-derived neuron CRISPRa	experimental_batch_holdout_1_vs_1	C6orf203	C6orf203	3	welch_abs_t	70	4999	0.03	0.0	0.03	0.0067755517493306	-0.0398738953600892	pgaa-cross-platform-dual-gate-v2	pgaa-cross-platform-matched-controls-v2
tian2021_ipsc_neuron_crispra	Human iPSC-derived neuron CRISPRa	experimental_batch_holdout_1_vs_1	C6orf203	C6orf203	4	pgaa_w	70	4999	0.03	0.07	-0.04	0.2080249620732321	0.2015763766055288	pgaa-cross-platform-dual-gate-v2	pgaa-cross-platform-matched-controls-v2
tian2021_ipsc_neuron_crispra	Human iPSC-derived neuron CRISPRa	experimental_batch_holdout_1_vs_1	C6orf203	C6orf203	4	pgaa_h	70	4999	0.03	0.06	-0.03	0.0527392379493829	0.0205013919093214	pgaa-cross-platform-dual-gate-v2	pgaa-cross-platform-matched-controls-v2
tian2021_ipsc_neuron_crispra	Human iPSC-derived neuron CRISPRa	experimental_batch_holdout_1_vs_1	C6orf203	C6orf203	4	absolute_mean_shift	70	4999	0.01	0.04	-0.03	0.0271556341105329	0.0428430002477933	pgaa-cross-platform-dual-gate-v2	pgaa-cross-platform-matched-controls-v2
tian2021_ipsc_neuron_crispra	Human iPSC-derived neuron CRISPRa	experimental_batch_holdout_1_vs_1	C6orf203	C6orf203	4	welch_abs_t	70	4999	0.03	0.03	0.0	-0.0131401553786454	0.0084458039751261	pgaa-cross-platform-dual-gate-v2	pgaa-cross-platform-matched-controls-v2
tian2021_ipsc_neuron_crispra	Human iPSC-derived neuron CRISPRa	experimental_batch_holdout_1_vs_1	CASP3	CASP3	0	pgaa_w	70	4999	0.05	0.04	0.01	0.1813607353970847	0.2206323744086455	pgaa-cross-platform-dual-gate-v2	pgaa-cross-platform-matched-controls-v2
tian2021_ipsc_neuron_crispra	Human iPSC-derived neuron CRISPRa	experimental_batch_holdout_1_vs_1	CASP3	CASP3	0	pgaa_h	70	4999	0.02	0.0	0.02	0.0140203785858222	0.0037528397161389	pgaa-cross-platform-dual-gate-v2	pgaa-cross-platform-matched-controls-v2
tian2021_ipsc_neuron_crispra	Human iPSC-derived neuron CRISPRa	experimental_batch_holdout_1_vs_1	CASP3	CASP3	0	absolute_mean_shift	70	4999	0.05	0.02	0.03	0.0317357594043984	0.0390259273058022	pgaa-cross-platform-dual-gate-v2	pgaa-cross-platform-matched-controls-v2
tian2021_ipsc_neuron_crispra	Human iPSC-derived neuron CRISPRa	experimental_batch_holdout_1_vs_1	CASP3	CASP3	0	welch_abs_t	70	4999	0.03	0.01	0.0199999999999999	0.001786745488482	0.0009119338394146	pgaa-cross-platform-dual-gate-v2	pgaa-cross-platform-matched-controls-v2
tian2021_ipsc_neuron_crispra	Human iPSC-derived neuron CRISPRa	experimental_batch_holdout_1_vs_1	CASP3	CASP3	1	pgaa_w	70	4999	0.04	0.03	0.01	0.2227355212806179	0.1789383494551941	pgaa-cross-platform-dual-gate-v2	pgaa-cross-platform-matched-controls-v2
tian2021_ipsc_neuron_crispra	Human iPSC-derived neuron CRISPRa	experimental_batch_holdout_1_vs_1	CASP3	CASP3	1	pgaa_h	70	4999	0.03	0.02	0.0099999999999999	0.0029419300486733	0.0278690599091892	pgaa-cross-platform-dual-gate-v2	pgaa-cross-platform-matched-controls-v2
tian2021_ipsc_neuron_crispra	Human iPSC-derived neuron CRISPRa	experimental_batch_holdout_1_vs_1	CASP3	CASP3	1	absolute_mean_shift	70	4999	0.05	0.03	0.02	0.0375202727994607	0.0233216383057301	pgaa-cross-platform-dual-gate-v2	pgaa-cross-platform-matched-controls-v2
tian2021_ipsc_neuron_crispra	Human iPSC-derived neuron CRISPRa	experimental_batch_holdout_1_vs_1	CASP3	CASP3	1	welch_abs_t	70	4999	0.02	0.02	0.0	-0.0006681417436269	-0.0183996263375988	pgaa-cross-platform-dual-gate-v2	pgaa-cross-platform-matched-controls-v2
tian2021_ipsc_neuron_crispra	Human iPSC-derived neuron CRISPRa	experimental_batch_holdout_1_vs_1	CASP3	CASP3	2	pgaa_w	70	4999	0.08	0.07	0.0099999999999999	0.2012370976092571	0.2287413571659705	pgaa-cross-platform-dual-gate-v2	pgaa-cross-platform-matched-controls-v2
tian2021_ipsc_neuron_crispra	Human iPSC-derived neuron CRISPRa	experimental_batch_holdout_1_vs_1	CASP3	CASP3	2	pgaa_h	70	4999	0.04	0.03	0.01	0.0203281178003003	0.0280772904741346	pgaa-cross-platform-dual-gate-v2	pgaa-cross-platform-matched-controls-v2
tian2021_ipsc_neuron_crispra	Human iPSC-derived neuron CRISPRa	experimental_batch_holdout_1_vs_1	CASP3	CASP3	2	absolute_mean_shift	70	4999	0.07	0.07	0.0	0.069929870933597	0.051702524807646	pgaa-cross-platform-dual-gate-v2	pgaa-cross-platform-matched-controls-v2
tian2021_ipsc_neuron_crispra	Human iPSC-derived neuron CRISPRa	experimental_batch_holdout_1_vs_1	CASP3	CASP3	2	welch_abs_t	70	4999	0.02	0.04	-0.02	0.0317642605134542	0.0029324557350557	pgaa-cross-platform-dual-gate-v2	pgaa-cross-platform-matched-controls-v2
tian2021_ipsc_neuron_crispra	Human iPSC-derived neuron CRISPRa	experimental_batch_holdout_1_vs_1	CASP3	CASP3	3	pgaa_w	70	4999	0.08	0.04	0.04	0.1901862986991379	0.1845036014734521	pgaa-cross-platform-dual-gate-v2	pgaa-cross-platform-matched-controls-v2
tian2021_ipsc_neuron_crispra	Human iPSC-derived neuron CRISPRa	experimental_batch_holdout_1_vs_1	CASP3	CASP3	3	pgaa_h	70	4999	0.01	0.02	-0.01	0.0089828272819036	0.0219819134828502	pgaa-cross-platform-dual-gate-v2	pgaa-cross-platform-matched-controls-v2
tian2021_ipsc_neuron_crispra	Human iPSC-derived neuron CRISPRa	experimental_batch_holdout_1_vs_1	CASP3	CASP3	3	absolute_mean_shift	70	4999	0.06	0.05	0.0099999999999999	0.0245875074251257	0.026570487834888	pgaa-cross-platform-dual-gate-v2	pgaa-cross-platform-matched-controls-v2
tian2021_ipsc_neuron_crispra	Human iPSC-derived neuron CRISPRa	experimental_batch_holdout_1_vs_1	CASP3	CASP3	3	welch_abs_t	70	4999	0.04	0.03	0.01	-0.0169897020000626	-0.0169207535160737	pgaa-cross-platform-dual-gate-v2	pgaa-cross-platform-matched-controls-v2
tian2021_ipsc_neuron_crispra	Human iPSC-derived neuron CRISPRa	experimental_batch_holdout_1_vs_1	CASP3	CASP3	4	pgaa_w	70	4999	0.01	0.03	-0.0199999999999999	0.198960988990065	0.2325772854562545	pgaa-cross-platform-dual-gate-v2	pgaa-cross-platform-matched-controls-v2
tian2021_ipsc_neuron_crispra	Human iPSC-derived neuron CRISPRa	experimental_batch_holdout_1_vs_1	CASP3	CASP3	4	pgaa_h	70	4999	0.0	0.04	-0.04	0.0112813809735769	0.0229195286315388	pgaa-cross-platform-dual-gate-v2	pgaa-cross-platform-matched-controls-v2
tian2021_ipsc_neuron_crispra	Human iPSC-derived neuron CRISPRa	experimental_batch_holdout_1_vs_1	CASP3	CASP3	4	absolute_mean_shift	70	4999	0.01	0.03	-0.0199999999999999	0.0392535069893338	0.0477693372105116	pgaa-cross-platform-dual-gate-v2	pgaa-cross-platform-matched-controls-v2
tian2021_ipsc_neuron_crispra	Human iPSC-derived neuron CRISPRa	experimental_batch_holdout_1_vs_1	CASP3	CASP3	4	welch_abs_t	70	4999	0.0	0.0	0.0	0.015236149031624	-0.0176676422936609	pgaa-cross-platform-dual-gate-v2	pgaa-cross-platform-matched-controls-v2
tian2021_ipsc_neuron_crispra	Human iPSC-derived neuron CRISPRa	experimental_batch_holdout_1_vs_1	CCDC85C	CCDC85C	0	pgaa_w	70	4999	0.06	0.06	0.0	0.2199252872048563	0.1876079787956442	pgaa-cross-platform-dual-gate-v2	pgaa-cross-platform-matched-controls-v2
tian2021_ipsc_neuron_crispra	Human iPSC-derived neuron CRISPRa	experimental_batch_holdout_1_vs_1	CCDC85C	CCDC85C	0	pgaa_h	70	4999	0.06	0.04	0.0199999999999999	0.0320865556722442	0.0046862042106359	pgaa-cross-platform-dual-gate-v2	pgaa-cross-platform-matched-controls-v2
tian2021_ipsc_neuron_crispra	Human iPSC-derived neuron CRISPRa	experimental_batch_holdout_1_vs_1	CCDC85C	CCDC85C	0	absolute_mean_shift	70	4999	0.07	0.03	0.04	0.0445967658923567	0.031690684555084	pgaa-cross-platform-dual-gate-v2	pgaa-cross-platform-matched-controls-v2
tian2021_ipsc_neuron_crispra	Human iPSC-derived neuron CRISPRa	experimental_batch_holdout_1_vs_1	CCDC85C	CCDC85C	0	welch_abs_t	70	4999	0.03	0.01	0.0199999999999999	0.0051751101724672	0.0018878681379439	pgaa-cross-platform-dual-gate-v2	pgaa-cross-platform-matched-controls-v2
tian2021_ipsc_neuron_crispra	Human iPSC-derived neuron CRISPRa	experimental_batch_holdout_1_vs_1	CCDC85C	CCDC85C	1	pgaa_w	70	4999	0.08	0.07	0.0099999999999999	0.2374453698227575	0.2095273908663858	pgaa-cross-platform-dual-gate-v2	pgaa-cross-platform-matched-controls-v2
tian2021_ipsc_neuron_crispra	Human iPSC-derived neuron CRISPRa	experimental_batch_holdout_1_vs_1	CCDC85C	CCDC85C	1	pgaa_h	70	4999	0.03	0.0	0.03	0.0327125172384656	0.0287273902214633	pgaa-cross-platform-dual-gate-v2	pgaa-cross-platform-matched-controls-v2
tian2021_ipsc_neuron_crispra	Human iPSC-derived neuron CRISPRa	experimental_batch_holdout_1_vs_1	CCDC85C	CCDC85C	1	absolute_mean_shift	70	4999	0.08	0.06	0.02	0.0610269679983587	0.04578180837637	pgaa-cross-platform-dual-gate-v2	pgaa-cross-platform-matched-controls-v2
tian2021_ipsc_neuron_crispra	Human iPSC-derived neuron CRISPRa	experimental_batch_holdout_1_vs_1	CCDC85C	CCDC85C	1	welch_abs_t	70	4999	0.04	0.01	0.03	0.0127492544868936	0.0163396432479537	pgaa-cross-platform-dual-gate-v2	pgaa-cross-platform-matched-controls-v2
tian2021_ipsc_neuron_crispra	Human iPSC-derived neuron CRISPRa	experimental_batch_holdout_1_vs_1	CCDC85C	CCDC85C	2	pgaa_w	70	4999	0.04	0.05	-0.01	0.2033685452674384	0.1942089229944048	pgaa-cross-platform-dual-gate-v2	pgaa-cross-platform-matched-controls-v2
tian2021_ipsc_neuron_crispra	Human iPSC-derived neuron CRISPRa	experimental_batch_holdout_1_vs_1	CCDC85C	CCDC85C	2	pgaa_h	70	4999	0.03	0.02	0.0099999999999999	0.0217666501536364	0.0229996946639547	pgaa-cross-platform-dual-gate-v2	pgaa-cross-platform-matched-controls-v2
tian2021_ipsc_neuron_crispra	Human iPSC-derived neuron CRISPRa	experimental_batch_holdout_1_vs_1	CCDC85C	CCDC85C	2	absolute_mean_shift	70	4999	0.02	0.06	-0.0399999999999999	0.0383326127012916	0.0434662624815766	pgaa-cross-platform-dual-gate-v2	pgaa-cross-platform-matched-controls-v2
tian2021_ipsc_neuron_crispra	Human iPSC-derived neuron CRISPRa	experimental_batch_holdout_1_vs_1	CCDC85C	CCDC85C	2	welch_abs_t	70	4999	0.02	0.02	0.0	-0.0069691253982106	0.0174338228522607	pgaa-cross-platform-dual-gate-v2	pgaa-cross-platform-matched-controls-v2
tian2021_ipsc_neuron_crispra	Human iPSC-derived neuron CRISPRa	experimental_batch_holdout_1_vs_1	CCDC85C	CCDC85C	3	pgaa_w	70	4999	0.04	0.01	0.03	0.1929665150548676	0.2090441714373628	pgaa-cross-platform-dual-gate-v2	pgaa-cross-platform-matched-controls-v2
tian2021_ipsc_neuron_crispra	Human iPSC-derived neuron CRISPRa	experimental_batch_holdout_1_vs_1	CCDC85C	CCDC85C	3	pgaa_h	70	4999	0.01	0.04	-0.03	0.0281666872728436	0.0289274291341619	pgaa-cross-platform-dual-gate-v2	pgaa-cross-platform-matched-controls-v2
tian2021_ipsc_neuron_crispra	Human iPSC-derived neuron CRISPRa	experimental_batch_holdout_1_vs_1	CCDC85C	CCDC85C	3	absolute_mean_shift	70	4999	0.05	0.01	0.04	0.0448441360910388	0.072453214165631	pgaa-cross-platform-dual-gate-v2	pgaa-cross-platform-matched-controls-v2
tian2021_ipsc_neuron_crispra	Human iPSC-derived neuron CRISPRa	experimental_batch_holdout_1_vs_1	CCDC85C	CCDC85C	3	welch_abs_t	70	4999	0.04	0.01	0.03	-0.0029840139460045	0.0432989147189965	pgaa-cross-platform-dual-gate-v2	pgaa-cross-platform-matched-controls-v2
tian2021_ipsc_neuron_crispra	Human iPSC-derived neuron CRISPRa	experimental_batch_holdout_1_vs_1	CCDC85C	CCDC85C	4	pgaa_w	70	4999	0.04	0.04	0.0	0.2382753157228456	0.2315542889888366	pgaa-cross-platform-dual-gate-v2	pgaa-cross-platform-matched-controls-v2
tian2021_ipsc_neuron_crispra	Human iPSC-derived neuron CRISPRa	experimental_batch_holdout_1_vs_1	CCDC85C	CCDC85C	4	pgaa_h	70	4999	0.04	0.01	0.03	0.012520765248105	0.0221100643011117	pgaa-cross-platform-dual-gate-v2	pgaa-cross-platform-matched-controls-v2
tian2021_ipsc_neuron_crispra	Human iPSC-derived neuron CRISPRa	experimental_batch_holdout_1_vs_1	CCDC85C	CCDC85C	4	absolute_mean_shift	70	4999	0.03	0.01	0.0199999999999999	0.0559112691739703	0.0321491834563117	pgaa-cross-platform-dual-gate-v2	pgaa-cross-platform-matched-controls-v2
tian2021_ipsc_neuron_crispra	Human iPSC-derived neuron CRISPRa	experimental_batch_holdout_1_vs_1	CCDC85C	CCDC85C	4	welch_abs_t	70	4999	0.0	0.02	-0.02	-0.0017555287769502	-0.0129578882421801	pgaa-cross-platform-dual-gate-v2	pgaa-cross-platform-matched-controls-v2
tian2021_ipsc_neuron_crispra	Human iPSC-derived neuron CRISPRa	experimental_batch_holdout_1_vs_1	CCR5	CCR5	0	pgaa_w	70	4999	0.08	0.07	0.0099999999999999	0.2228227931300546	0.2251468516566493	pgaa-cross-platform-dual-gate-v2	pgaa-cross-platform-matched-controls-v2
tian2021_ipsc_neuron_crispra	Human iPSC-derived neuron CRISPRa	experimental_batch_holdout_1_vs_1	CCR5	CCR5	0	pgaa_h	70	4999	0.01	0.05	-0.04	0.0277472843833403	0.04187121867039	pgaa-cross-platform-dual-gate-v2	pgaa-cross-platform-matched-controls-v2
tian2021_ipsc_neuron_crispra	Human iPSC-derived neuron CRISPRa	experimental_batch_holdout_1_vs_1	CCR5	CCR5	0	absolute_mean_shift	70	4999	0.04	0.05	-0.01	0.0485673377184096	0.0164652029597209	pgaa-cross-platform-dual-gate-v2	pgaa-cross-platform-matched-controls-v2
tian2021_ipsc_neuron_crispra	Human iPSC-derived neuron CRISPRa	experimental_batch_holdout_1_vs_1	CCR5	CCR5	0	welch_abs_t	70	4999	0.0	0.03	-0.03	0.001665380759225	-0.0199363488553622	pgaa-cross-platform-dual-gate-v2	pgaa-cross-platform-matched-controls-v2
tian2021_ipsc_neuron_crispra	Human iPSC-derived neuron CRISPRa	experimental_batch_holdout_1_vs_1	CCR5	CCR5	1	pgaa_w	70	4999	0.07	0.01	0.06	0.2304757083949803	0.217739898808093	pgaa-cross-platform-dual-gate-v2	pgaa-cross-platform-matched-controls-v2
tian2021_ipsc_neuron_crispra	Human iPSC-derived neuron CRISPRa	experimental_batch_holdout_1_vs_1	CCR5	CCR5	1	pgaa_h	70	4999	0.01	0.06	-0.0499999999999999	0.0311742016874642	-0.006955157286979	pgaa-cross-platform-dual-gate-v2	pgaa-cross-platform-matched-controls-v2
tian2021_ipsc_neuron_crispra	Human iPSC-derived neuron CRISPRa	experimental_batch_holdout_1_vs_1	CCR5	CCR5	1	absolute_mean_shift	70	4999	0.05	0.01	0.04	0.0387588397880958	0.0332742608097393	pgaa-cross-platform-dual-gate-v2	pgaa-cross-platform-matched-controls-v2
tian2021_ipsc_neuron_crispra	Human iPSC-derived neuron CRISPRa	experimental_batch_holdout_1_vs_1	CCR5	CCR5	1	welch_abs_t	70	4999	0.01	0.03	-0.0199999999999999	-0.0078361316440959	-0.0112164352681152	pgaa-cross-platform-dual-gate-v2	pgaa-cross-platform-matched-controls-v2
tian2021_ipsc_neuron_crispra	Human iPSC-derived neuron CRISPRa	experimental_batch_holdout_1_vs_1	CCR5	CCR5	2	pgaa_w	70	4999	0.03	0.04	-0.01	0.1743403793363715	0.1890455440427821	pgaa-cross-platform-dual-gate-v2	pgaa-cross-platform-matched-controls-v2
tian2021_ipsc_neuron_crispra	Human iPSC-derived neuron CRISPRa	experimental_batch_holdout_1_vs_1	CCR5	CCR5	2	pgaa_h	70	4999	0.02	0.0	0.02	0.0332035953787023	0.0365198750960308	pgaa-cross-platform-dual-gate-v2	pgaa-cross-platform-matched-controls-v2
tian2021_ipsc_neuron_crispra	Human iPSC-derived neuron CRISPRa	experimental_batch_holdout_1_vs_1	CCR5	CCR5	2	absolute_mean_shift	70	4999	0.03	0.03	0.0	0.0130764920814433	0.0339328695071466	pgaa-cross-platform-dual-gate-v2	pgaa-cross-platform-matched-controls-v2
tian2021_ipsc_neuron_crispra	Human iPSC-derived neuron CRISPRa	experimental_batch_holdout_1_vs_1	CCR5	CCR5	2	welch_abs_t	70	4999	0.01	0.04	-0.03	-0.0207275710609283	-0.0046309443401285	pgaa-cross-platform-dual-gate-v2	pgaa-cross-platform-matched-controls-v2
tian2021_ipsc_neuron_crispra	Human iPSC-derived neuron CRISPRa	experimental_batch_holdout_1_vs_1	CCR5	CCR5	3	pgaa_w	70	4999	0.01	0.03	-0.0199999999999999	0.1971736972124317	0.2111529144724503	pgaa-cross-platform-dual-gate-v2	pgaa-cross-platform-matched-controls-v2
tian2021_ipsc_neuron_crispra	Human iPSC-derived neuron CRISPRa	experimental_batch_holdout_1_vs_1	CCR5	CCR5	3	pgaa_h	70	4999	0.02	0.05	-0.03	0.0066258222389284	0.0359505118790437	pgaa-cross-platform-dual-gate-v2	pgaa-cross-platform-matched-controls-v2
tian2021_ipsc_neuron_crispra	Human iPSC-derived neuron CRISPRa	experimental_batch_holdout_1_vs_1	CCR5	CCR5	3	absolute_mean_shift	70	4999	0.02	0.03	-0.0099999999999999	0.0362907232639263	0.0491316917428687	pgaa-cross-platform-dual-gate-v2	pgaa-cross-platform-matched-controls-v2
tian2021_ipsc_neuron_crispra	Human iPSC-derived neuron CRISPRa	experimental_batch_holdout_1_vs_1	CCR5	CCR5	3	welch_abs_t	70	4999	0.04	0.01	0.03	0.0021321374478977	0.0169725781891072	pgaa-cross-platform-dual-gate-v2	pgaa-cross-platform-matched-controls-v2
tian2021_ipsc_neuron_crispra	Human iPSC-derived neuron CRISPRa	experimental_batch_holdout_1_vs_1	CCR5	CCR5	4	pgaa_w	70	4999	0.05	0.04	0.01	0.2242174872429468	0.205516012878446	pgaa-cross-platform-dual-gate-v2	pgaa-cross-platform-matched-controls-v2
tian2021_ipsc_neuron_crispra	Human iPSC-derived neuron CRISPRa	experimental_batch_holdout_1_vs_1	CCR5	CCR5	4	pgaa_h	70	4999	0.03	0.02	0.0099999999999999	0.0390170270332012	0.0386927925472006	pgaa-cross-platform-dual-gate-v2	pgaa-cross-platform-matched-controls-v2
tian2021_ipsc_neuron_crispra	Human iPSC-derived neuron CRISPRa	experimental_batch_holdout_1_vs_1	CCR5	CCR5	4	absolute_mean_shift	70	4999	0.06	0.03	0.03	0.0515394162244769	0.0247270120086048	pgaa-cross-platform-dual-gate-v2	pgaa-cross-platform-matched-controls-v2
tian2021_ipsc_neuron_crispra	Human iPSC-derived neuron CRISPRa	experimental_batch_holdout_1_vs_1	CCR5	CCR5	4	welch_abs_t	70	4999	0.01	0.02	-0.01	0.0128002162740543	-0.0146691399264246	pgaa-cross-platform-dual-gate-v2	pgaa-cross-platform-matched-controls-v2
tian2021_ipsc_neuron_crispra	Human iPSC-derived neuron CRISPRa	experimental_batch_holdout_1_vs_1	CDC42EP3	CDC42EP3	0	pgaa_w	70	4999	0.08	0.04	0.04	0.2180402400069497	0.1640671617833851	pgaa-cross-platform-dual-gate-v2	pgaa-cross-platform-matched-controls-v2
tian2021_ipsc_neuron_crispra	Human iPSC-derived neuron CRISPRa	experimental_batch_holdout_1_vs_1	CDC42EP3	CDC42EP3	0	pgaa_h	70	4999	0.03	0.02	0.0099999999999999	0.023358176911791	0.0073537459727957	pgaa-cross-platform-dual-gate-v2	pgaa-cross-platform-matched-controls-v2
tian2021_ipsc_neuron_crispra	Human iPSC-derived neuron CRISPRa	experimental_batch_holdout_1_vs_1	CDC42EP3	CDC42EP3	0	absolute_mean_shift	70	4999	0.07	0.06	0.01	0.0467827069465336	0.0409479595926946	pgaa-cross-platform-dual-gate-v2	pgaa-cross-platform-matched-controls-v2
tian2021_ipsc_neuron_crispra	Human iPSC-derived neuron CRISPRa	experimental_batch_holdout_1_vs_1	CDC42EP3	CDC42EP3	0	welch_abs_t	70	4999	0.0	0.01	-0.01	-0.0021913515479888	0.0095228944964661	pgaa-cross-platform-dual-gate-v2	pgaa-cross-platform-matched-controls-v2
tian2021_ipsc_neuron_crispra	Human iPSC-derived neuron CRISPRa	experimental_batch_holdout_1_vs_1	CDC42EP3	CDC42EP3	1	pgaa_w	70	4999	0.08	0.1	-0.02	0.3009650942097646	0.2290750284140417	pgaa-cross-platform-dual-gate-v2	pgaa-cross-platform-matched-controls-v2
tian2021_ipsc_neuron_crispra	Human iPSC-derived neuron CRISPRa	experimental_batch_holdout_1_vs_1	CDC42EP3	CDC42EP3	1	pgaa_h	70	4999	0.02	0.02	0.0	0.0212403920766715	0.0010970060430491	pgaa-cross-platform-dual-gate-v2	pgaa-cross-platform-matched-controls-v2
tian2021_ipsc_neuron_crispra	Human iPSC-derived neuron CRISPRa	experimental_batch_holdout_1_vs_1	CDC42EP3	CDC42EP3	1	absolute_mean_shift	70	4999	0.07	0.1	-0.03	0.0865914926144838	0.0348714420468604	pgaa-cross-platform-dual-gate-v2	pgaa-cross-platform-matched-controls-v2
tian2021_ipsc_neuron_crispra	Human iPSC-derived neuron CRISPRa	experimental_batch_holdout_1_vs_1	CDC42EP3	CDC42EP3	1	welch_abs_t	70	4999	0.03	0.02	0.0099999999999999	0.0159138793916704	-0.0103178914781984	pgaa-cross-platform-dual-gate-v2	pgaa-cross-platform-matched-controls-v2
tian2021_ipsc_neuron_crispra	Human iPSC-derived neuron CRISPRa	experimental_batch_holdout_1_vs_1	CDC42EP3	CDC42EP3	2	pgaa_w	70	4999	0.04	0.03	0.01	0.2234696209457242	0.1687724371846168	pgaa-cross-platform-dual-gate-v2	pgaa-cross-platform-matched-controls-v2
tian2021_ipsc_neuron_crispra	Human iPSC-derived neuron CRISPRa	experimental_batch_holdout_1_vs_1	CDC42EP3	CDC42EP3	2	pgaa_h	70	4999	0.03	0.02	0.0099999999999999	0.0086779197767154	0.0193378959999963	pgaa-cross-platform-dual-gate-v2	pgaa-cross-platform-matched-controls-v2
tian2021_ipsc_neuron_crispra	Human iPSC-derived neuron CRISPRa	experimental_batch_holdout_1_vs_1	CDC42EP3	CDC42EP3	2	absolute_mean_shift	70	4999	0.05	0.04	0.01	0.0380837623993086	0.0149798102266272	pgaa-cross-platform-dual-gate-v2	pgaa-cross-platform-matched-controls-v2
tian2021_ipsc_neuron_crispra	Human iPSC-derived neuron CRISPRa	experimental_batch_holdout_1_vs_1	CDC42EP3	CDC42EP3	2	welch_abs_t	70	4999	0.03	0.02	0.0099999999999999	-0.004622296896687	-0.0131249869187823	pgaa-cross-platform-dual-gate-v2	pgaa-cross-platform-matched-controls-v2
tian2021_ipsc_neuron_crispra	Human iPSC-derived neuron CRISPRa	experimental_batch_holdout_1_vs_1	CDC42EP3	CDC42EP3	3	pgaa_w	70	4999	0.07	0.06	0.01	0.3134726989245854	0.2338897472283839	pgaa-cross-platform-dual-gate-v2	pgaa-cross-platform-matched-controls-v2
tian2021_ipsc_neuron_crispra	Human iPSC-derived neuron CRISPRa	experimental_batch_holdout_1_vs_1	CDC42EP3	CDC42EP3	3	pgaa_h	70	4999	0.02	0.04	-0.02	0.0179890536242722	0.0281460683078076	pgaa-cross-platform-dual-gate-v2	pgaa-cross-platform-matched-controls-v2
tian2021_ipsc_neuron_crispra	Human iPSC-derived neuron CRISPRa	experimental_batch_holdout_1_vs_1	CDC42EP3	CDC42EP3	3	absolute_mean_shift	70	4999	0.09	0.05	0.0399999999999999	0.1033106668036261	0.0407894556160868	pgaa-cross-platform-dual-gate-v2	pgaa-cross-platform-matched-controls-v2
tian2021_ipsc_neuron_crispra	Human iPSC-derived neuron CRISPRa	experimental_batch_holdout_1_vs_1	CDC42EP3	CDC42EP3	3	welch_abs_t	70	4999	0.03	0.03	0.0	0.034612847997432	-0.0193743801830894	pgaa-cross-platform-dual-gate-v2	pgaa-cross-platform-matched-controls-v2
tian2021_ipsc_neuron_crispra	Human iPSC-derived neuron CRISPRa	experimental_batch_holdout_1_vs_1	CDC42EP3	CDC42EP3	4	pgaa_w	70	4999	0.08	0.07	0.0099999999999999	0.2248573405065098	0.1716220876430566	pgaa-cross-platform-dual-gate-v2	pgaa-cross-platform-matched-controls-v2
tian2021_ipsc_neuron_crispra	Human iPSC-derived neuron CRISPRa	experimental_batch_holdout_1_vs_1	CDC42EP3	CDC42EP3	4	pgaa_h	70	4999	0.03	0.03	0.0	-0.0055363832725542	-0.0049404835499062	pgaa-cross-platform-dual-gate-v2	pgaa-cross-platform-matched-controls-v2
tian2021_ipsc_neuron_crispra	Human iPSC-derived neuron CRISPRa	experimental_batch_holdout_1_vs_1	CDC42EP3	CDC42EP3	4	absolute_mean_shift	70	4999	0.06	0.03	0.03	0.0340244783691461	0.021853155413716	pgaa-cross-platform-dual-gate-v2	pgaa-cross-platform-matched-controls-v2
tian2021_ipsc_neuron_crispra	Human iPSC-derived neuron CRISPRa	experimental_batch_holdout_1_vs_1	CDC42EP3	CDC42EP3	4	welch_abs_t	70	4999	0.03	0.04	-0.01	-0.0193078243509113	-0.0056393244079048	pgaa-cross-platform-dual-gate-v2	pgaa-cross-platform-matched-controls-v2
tian2021_ipsc_neuron_crispra	Human iPSC-derived neuron CRISPRa	experimental_batch_holdout_1_vs_1	CDC5L	CDC5L	0	pgaa_w	70	4999	0.07	0.06	0.01	0.1584043298531689	0.1631574857186638	pgaa-cross-platform-dual-gate-v2	pgaa-cross-platform-matched-controls-v2
tian2021_ipsc_neuron_crispra	Human iPSC-derived neuron CRISPRa	experimental_batch_holdout_1_vs_1	CDC5L	CDC5L	0	pgaa_h	70	4999	0.02	0.02	0.0	0.043246359891076	0.0300756537075106	pgaa-cross-platform-dual-gate-v2	pgaa-cross-platform-matched-controls-v2
tian2021_ipsc_neuron_crispra	Human iPSC-derived neuron CRISPRa	experimental_batch_holdout_1_vs_1	CDC5L	CDC5L	0	absolute_mean_shift	70	4999	0.03	0.04	-0.01	-0.0092873292089909	0.0220109964406825	pgaa-cross-platform-dual-gate-v2	pgaa-cross-platform-matched-controls-v2
tian2021_ipsc_neuron_crispra	Human iPSC-derived neuron CRISPRa	experimental_batch_holdout_1_vs_1	CDC5L	CDC5L	0	welch_abs_t	70	4999	0.02	0.02	0.0	-0.0308780759302763	-0.0048207403307706	pgaa-cross-platform-dual-gate-v2	pgaa-cross-platform-matched-controls-v2
tian2021_ipsc_neuron_crispra	Human iPSC-derived neuron CRISPRa	experimental_batch_holdout_1_vs_1	CDC5L	CDC5L	1	pgaa_w	70	4999	0.04	0.0	0.04	0.1597216468580497	0.1836531102227001	pgaa-cross-platform-dual-gate-v2	pgaa-cross-platform-matched-controls-v2
tian2021_ipsc_neuron_crispra	Human iPSC-derived neuron CRISPRa	experimental_batch_holdout_1_vs_1	CDC5L	CDC5L	1	pgaa_h	70	4999	0.0	0.04	-0.04	0.0330580240679883	0.0329972960317378	pgaa-cross-platform-dual-gate-v2	pgaa-cross-platform-matched-controls-v2
tian2021_ipsc_neuron_crispra	Human iPSC-derived neuron CRISPRa	experimental_batch_holdout_1_vs_1	CDC5L	CDC5L	1	absolute_mean_shift	70	4999	0.03	0.0	0.03	0.0155441685718479	0.0239898618899753	pgaa-cross-platform-dual-gate-v2	pgaa-cross-platform-matched-controls-v2
tian2021_ipsc_neuron_crispra	Human iPSC-derived neuron CRISPRa	experimental_batch_holdout_1_vs_1	CDC5L	CDC5L	1	welch_abs_t	70	4999	0.01	0.01	0.0	-0.0138676360495501	-0.01159653621056	pgaa-cross-platform-dual-gate-v2	pgaa-cross-platform-matched-controls-v2
tian2021_ipsc_neuron_crispra	Human iPSC-derived neuron CRISPRa	experimental_batch_holdout_1_vs_1	CDC5L	CDC5L	2	pgaa_w	70	4999	0.05	0.02	0.03	0.1899162230753373	0.1723239171930813	pgaa-cross-platform-dual-gate-v2	pgaa-cross-platform-matched-controls-v2
tian2021_ipsc_neuron_crispra	Human iPSC-derived neuron CRISPRa	experimental_batch_holdout_1_vs_1	CDC5L	CDC5L	2	pgaa_h	70	4999	0.01	0.0	0.01	0.0288239060440498	0.0567101155054708	pgaa-cross-platform-dual-gate-v2	pgaa-cross-platform-matched-controls-v2
tian2021_ipsc_neuron_crispra	Human iPSC-derived neuron CRISPRa	experimental_batch_holdout_1_vs_1	CDC5L	CDC5L	2	absolute_mean_shift	70	4999	0.04	0.02	0.02	0.0405363303740195	0.0314358338257277	pgaa-cross-platform-dual-gate-v2	pgaa-cross-platform-matched-controls-v2
tian2021_ipsc_neuron_crispra	Human iPSC-derived neuron CRISPRa	experimental_batch_holdout_1_vs_1	CDC5L	CDC5L	2	welch_abs_t	70	4999	0.05	0.03	0.02	0.0066739855542145	-0.0003173666186199	pgaa-cross-platform-dual-gate-v2	pgaa-cross-platform-matched-controls-v2
tian2021_ipsc_neuron_crispra	Human iPSC-derived neuron CRISPRa	experimental_batch_holdout_1_vs_1	CDC5L	CDC5L	3	pgaa_w	70	4999	0.02	0.03	-0.0099999999999999	0.188013187232309	0.2078270847696342	pgaa-cross-platform-dual-gate-v2	pgaa-cross-platform-matched-controls-v2
tian2021_ipsc_neuron_crispra	Human iPSC-derived neuron CRISPRa	experimental_batch_holdout_1_vs_1	CDC5L	CDC5L	3	pgaa_h	70	4999	0.01	0.02	-0.01	0.0134270648137032	0.0253729566007036	pgaa-cross-platform-dual-gate-v2	pgaa-cross-platform-matched-controls-v2
tian2021_ipsc_neuron_crispra	Human iPSC-derived neuron CRISPRa	experimental_batch_holdout_1_vs_1	CDC5L	CDC5L	3	absolute_mean_shift	70	4999	0.02	0.03	-0.0099999999999999	0.0442303797677994	0.0481785052513709	pgaa-cross-platform-dual-gate-v2	pgaa-cross-platform-matched-controls-v2
tian2021_ipsc_neuron_crispra	Human iPSC-derived neuron CRISPRa	experimental_batch_holdout_1_vs_1	CDC5L	CDC5L	3	welch_abs_t	70	4999	0.01	0.01	0.0	0.0038670267069404	0.0092777457785834	pgaa-cross-platform-dual-gate-v2	pgaa-cross-platform-matched-controls-v2
tian2021_ipsc_neuron_crispra	Human iPSC-derived neuron CRISPRa	experimental_batch_holdout_1_vs_1	CDC5L	CDC5L	4	pgaa_w	70	4999	0.07	0.01	0.06	0.195298125324719	0.1953047384120427	pgaa-cross-platform-dual-gate-v2	pgaa-cross-platform-matched-controls-v2
tian2021_ipsc_neuron_crispra	Human iPSC-derived neuron CRISPRa	experimental_batch_holdout_1_vs_1	CDC5L	CDC5L	4	pgaa_h	70	4999	0.04	0.05	-0.01	0.0107230931078456	0.0092403371766	pgaa-cross-platform-dual-gate-v2	pgaa-cross-platform-matched-controls-v2
tian2021_ipsc_neuron_crispra	Human iPSC-derived neuron CRISPRa	experimental_batch_holdout_1_vs_1	CDC5L	CDC5L	4	absolute_mean_shift	70	4999	0.05	0.02	0.03	0.0282401465694743	0.03548255682775	pgaa-cross-platform-dual-gate-v2	pgaa-cross-platform-matched-controls-v2
tian2021_ipsc_neuron_crispra	Human iPSC-derived neuron CRISPRa	experimental_batch_holdout_1_vs_1	CDC5L	CDC5L	4	welch_abs_t	70	4999	0.04	0.01	0.03	0.0018061314064834	0.0010846857487264	pgaa-cross-platform-dual-gate-v2	pgaa-cross-platform-matched-controls-v2
tian2021_ipsc_neuron_crispra	Human iPSC-derived neuron CRISPRa	experimental_batch_holdout_1_vs_1	CH25H	CH25H	0	pgaa_w	70	4999	0.07	0.02	0.05	0.2000265677145033	0.1721054678162523	pgaa-cross-platform-dual-gate-v2	pgaa-cross-platform-matched-controls-v2
tian2021_ipsc_neuron_crispra	Human iPSC-derived neuron CRISPRa	experimental_batch_holdout_1_vs_1	CH25H	CH25H	0	pgaa_h	70	4999	0.0	0.01	-0.01	0.0255947033386187	0.0316507635643279	pgaa-cross-platform-dual-gate-v2	pgaa-cross-platform-matched-controls-v2
tian2021_ipsc_neuron_crispra	Human iPSC-derived neuron CRISPRa	experimental_batch_holdout_1_vs_1	CH25H	CH25H	0	absolute_mean_shift	70	4999	0.05	0.02	0.03	0.0444536776775129	0.0386075615621855	pgaa-cross-platform-dual-gate-v2	pgaa-cross-platform-matched-controls-v2
tian2021_ipsc_neuron_crispra	Human iPSC-derived neuron CRISPRa	experimental_batch_holdout_1_vs_1	CH25H	CH25H	0	welch_abs_t	70	4999	0.0	0.01	-0.01	0.0073487386554705	0.0054992269524973	pgaa-cross-platform-dual-gate-v2	pgaa-cross-platform-matched-controls-v2
tian2021_ipsc_neuron_crispra	Human iPSC-derived neuron CRISPRa	experimental_batch_holdout_1_vs_1	CH25H	CH25H	1	pgaa_w	70	4999	0.1	0.04	0.06	0.2495537601637975	0.189479529327234	pgaa-cross-platform-dual-gate-v2	pgaa-cross-platform-matched-controls-v2
tian2021_ipsc_neuron_crispra	Human iPSC-derived neuron CRISPRa	experimental_batch_holdout_1_vs_1	CH25H	CH25H	1	pgaa_h	70	4999	0.02	0.03	-0.0099999999999999	0.0135423550351569	0.0052392142221	pgaa-cross-platform-dual-gate-v2	pgaa-cross-platform-matched-controls-v2
tian2021_ipsc_neuron_crispra	Human iPSC-derived neuron CRISPRa	experimental_batch_holdout_1_vs_1	CH25H	CH25H	1	absolute_mean_shift	70	4999	0.09	0.04	0.0499999999999999	0.079149414716475	0.0462179994266529	pgaa-cross-platform-dual-gate-v2	pgaa-cross-platform-matched-controls-v2
tian2021_ipsc_neuron_crispra	Human iPSC-derived neuron CRISPRa	experimental_batch_holdout_1_vs_1	CH25H	CH25H	1	welch_abs_t	70	4999	0.02	0.03	-0.0099999999999999	0.0263846385603651	0.0118283950670525	pgaa-cross-platform-dual-gate-v2	pgaa-cross-platform-matched-controls-v2
tian2021_ipsc_neuron_crispra	Human iPSC-derived neuron CRISPRa	experimental_batch_holdout_1_vs_1	CH25H	CH25H	2	pgaa_w	70	4999	0.1	0.02	0.08	0.1948651777894595	0.1564520522832057	pgaa-cross-platform-dual-gate-v2	pgaa-cross-platform-matched-controls-v2
tian2021_ipsc_neuron_crispra	Human iPSC-derived neuron CRISPRa	experimental_batch_holdout_1_vs_1	CH25H	CH25H	2	pgaa_h	70	4999	0.02	0.03	-0.0099999999999999	0.0082778339241329	0.0133051287752968	pgaa-cross-platform-dual-gate-v2	pgaa-cross-platform-matched-controls-v2
tian2021_ipsc_neuron_crispra	Human iPSC-derived neuron CRISPRa	experimental_batch_holdout_1_vs_1	CH25H	CH25H	2	absolute_mean_shift	70	4999	0.07	0.02	0.05	0.0268049542220668	0.0290084656101698	pgaa-cross-platform-dual-gate-v2	pgaa-cross-platform-matched-controls-v2
tian2021_ipsc_neuron_crispra	Human iPSC-derived neuron CRISPRa	experimental_batch_holdout_1_vs_1	CH25H	CH25H	2	welch_abs_t	70	4999	0.01	0.01	0.0	-0.0133712991340974	0.0018495633821085	pgaa-cross-platform-dual-gate-v2	pgaa-cross-platform-matched-controls-v2
tian2021_ipsc_neuron_crispra	Human iPSC-derived neuron CRISPRa	experimental_batch_holdout_1_vs_1	CH25H	CH25H	3	pgaa_w	70	4999	0.05	0.05	0.0	0.1848761848408097	0.2034577827450244	pgaa-cross-platform-dual-gate-v2	pgaa-cross-platform-matched-controls-v2
tian2021_ipsc_neuron_crispra	Human iPSC-derived neuron CRISPRa	experimental_batch_holdout_1_vs_1	CH25H	CH25H	3	pgaa_h	70	4999	0.03	0.01	0.0199999999999999	0.0306938098519587	0.0134265679446112	pgaa-cross-platform-dual-gate-v2	pgaa-cross-platform-matched-controls-v2
tian2021_ipsc_neuron_crispra	Human iPSC-derived neuron CRISPRa	experimental_batch_holdout_1_vs_1	CH25H	CH25H	3	absolute_mean_shift	70	4999	0.05	0.04	0.01	0.0063065258435895	0.0508357818563515	pgaa-cross-platform-dual-gate-v2	pgaa-cross-platform-matched-controls-v2
tian2021_ipsc_neuron_crispra	Human iPSC-derived neuron CRISPRa	experimental_batch_holdout_1_vs_1	CH25H	CH25H	3	welch_abs_t	70	4999	0.0	0.02	-0.02	-0.0359305205587559	0.0157840318123648	pgaa-cross-platform-dual-gate-v2	pgaa-cross-platform-matched-controls-v2
tian2021_ipsc_neuron_crispra	Human iPSC-derived neuron CRISPRa	experimental_batch_holdout_1_vs_1	CH25H	CH25H	4	pgaa_w	70	4999	0.04	0.07	-0.03	0.2064523455520984	0.2030884905432467	pgaa-cross-platform-dual-gate-v2	pgaa-cross-platform-matched-controls-v2
tian2021_ipsc_neuron_crispra	Human iPSC-derived neuron CRISPRa	experimental_batch_holdout_1_vs_1	CH25H	CH25H	4	pgaa_h	70	4999	0.01	0.02	-0.01	0.0183506276717947	0.0165156022986247	pgaa-cross-platform-dual-gate-v2	pgaa-cross-platform-matched-controls-v2
tian2021_ipsc_neuron_crispra	Human iPSC-derived neuron CRISPRa	experimental_batch_holdout_1_vs_1	CH25H	CH25H	4	absolute_mean_shift	70	4999	0.04	0.06	-0.0199999999999999	0.0283941519210721	0.02463878735404	pgaa-cross-platform-dual-gate-v2	pgaa-cross-platform-matched-controls-v2
tian2021_ipsc_neuron_crispra	Human iPSC-derived neuron CRISPRa	experimental_batch_holdout_1_vs_1	CH25H	CH25H	4	welch_abs_t	70	4999	0.02	0.01	0.01	-0.0154792607988814	-0.0142132547517906	pgaa-cross-platform-dual-gate-v2	pgaa-cross-platform-matched-controls-v2
cui2023_lymph_node_cytokine	Primary lymph-node immune cells, cytokine stimulation	biological_replicate_holdout_7_vs_7	cDC1|41BBL		0	pgaa_w	24	5000	0.15	0.05	0.0999999999999999	0.3568905721872339	0.3847778995690268	pgaa-cross-platform-dual-gate-v2	pgaa-cross-platform-matched-controls-v2
cui2023_lymph_node_cytokine	Primary lymph-node immune cells, cytokine stimulation	biological_replicate_holdout_7_vs_7	cDC1|41BBL		0	pgaa_h	24	5000	0.02	0.06	-0.0399999999999999	0.0859872777632591	0.0669807564604338	pgaa-cross-platform-dual-gate-v2	pgaa-cross-platform-matched-controls-v2
cui2023_lymph_node_cytokine	Primary lymph-node immune cells, cytokine stimulation	biological_replicate_holdout_7_vs_7	cDC1|41BBL		0	absolute_mean_shift	24	5000	0.16	0.06	0.1	0.1081379358319953	0.1054275668719351	pgaa-cross-platform-dual-gate-v2	pgaa-cross-platform-matched-controls-v2
cui2023_lymph_node_cytokine	Primary lymph-node immune cells, cytokine stimulation	biological_replicate_holdout_7_vs_7	cDC1|41BBL		0	welch_abs_t	24	5000	0.05	0.02	0.03	-0.0153526899778194	-0.0007408536140218	pgaa-cross-platform-dual-gate-v2	pgaa-cross-platform-matched-controls-v2
cui2023_lymph_node_cytokine	Primary lymph-node immune cells, cytokine stimulation	biological_replicate_holdout_7_vs_7	cDC1|41BBL		1	pgaa_w	24	5000	0.14	0.1	0.04	0.3776835847955211	0.3927913506923418	pgaa-cross-platform-dual-gate-v2	pgaa-cross-platform-matched-controls-v2
cui2023_lymph_node_cytokine	Primary lymph-node immune cells, cytokine stimulation	biological_replicate_holdout_7_vs_7	cDC1|41BBL		1	pgaa_h	24	5000	0.01	0.03	-0.0199999999999999	0.0707367846736396	0.0786314228613504	pgaa-cross-platform-dual-gate-v2	pgaa-cross-platform-matched-controls-v2
cui2023_lymph_node_cytokine	Primary lymph-node immune cells, cytokine stimulation	biological_replicate_holdout_7_vs_7	cDC1|41BBL		1	absolute_mean_shift	24	5000	0.12	0.09	0.03	0.1364894799795348	0.1257158345560584	pgaa-cross-platform-dual-gate-v2	pgaa-cross-platform-matched-controls-v2
cui2023_lymph_node_cytokine	Primary lymph-node immune cells, cytokine stimulation	biological_replicate_holdout_7_vs_7	cDC1|41BBL		1	welch_abs_t	24	5000	0.03	0.0	0.03	0.0197228203359009	-0.0020533897370362	pgaa-cross-platform-dual-gate-v2	pgaa-cross-platform-matched-controls-v2
cui2023_lymph_node_cytokine	Primary lymph-node immune cells, cytokine stimulation	biological_replicate_holdout_7_vs_7	cDC1|41BBL		2	pgaa_w	24	5000	0.13	0.08	0.05	0.3441862181102374	0.3765771444056455	pgaa-cross-platform-dual-gate-v2	pgaa-cross-platform-matched-controls-v2
cui2023_lymph_node_cytokine	Primary lymph-node immune cells, cytokine stimulation	biological_replicate_holdout_7_vs_7	cDC1|41BBL		2	pgaa_h	24	5000	0.02	0.0	0.02	0.0391897013930863	0.0558531646563821	pgaa-cross-platform-dual-gate-v2	pgaa-cross-platform-matched-controls-v2
cui2023_lymph_node_cytokine	Primary lymph-node immune cells, cytokine stimulation	biological_replicate_holdout_7_vs_7	cDC1|41BBL		2	absolute_mean_shift	24	5000	0.11	0.09	0.02	0.1070712554751466	0.1239014191606424	pgaa-cross-platform-dual-gate-v2	pgaa-cross-platform-matched-controls-v2
cui2023_lymph_node_cytokine	Primary lymph-node immune cells, cytokine stimulation	biological_replicate_holdout_7_vs_7	cDC1|41BBL		2	welch_abs_t	24	5000	0.01	0.01	0.0	-0.0008390227865694	0.0118628491498361	pgaa-cross-platform-dual-gate-v2	pgaa-cross-platform-matched-controls-v2
cui2023_lymph_node_cytokine	Primary lymph-node immune cells, cytokine stimulation	biological_replicate_holdout_7_vs_7	cDC1|41BBL		3	pgaa_w	24	5000	0.16	0.09	0.07	0.3823682677699725	0.4450643030841362	pgaa-cross-platform-dual-gate-v2	pgaa-cross-platform-matched-controls-v2
cui2023_lymph_node_cytokine	Primary lymph-node immune cells, cytokine stimulation	biological_replicate_holdout_7_vs_7	cDC1|41BBL		3	pgaa_h	24	5000	0.03	0.01	0.0199999999999999	0.0780906156906686	0.0729795795642203	pgaa-cross-platform-dual-gate-v2	pgaa-cross-platform-matched-controls-v2
cui2023_lymph_node_cytokine	Primary lymph-node immune cells, cytokine stimulation	biological_replicate_holdout_7_vs_7	cDC1|41BBL		3	absolute_mean_shift	24	5000	0.16	0.1	0.06	0.1242477008100456	0.1203872099563348	pgaa-cross-platform-dual-gate-v2	pgaa-cross-platform-matched-controls-v2
cui2023_lymph_node_cytokine	Primary lymph-node immune cells, cytokine stimulation	biological_replicate_holdout_7_vs_7	cDC1|41BBL		3	welch_abs_t	24	5000	0.02	0.04	-0.02	0.02088276215491	-0.0259803028365882	pgaa-cross-platform-dual-gate-v2	pgaa-cross-platform-matched-controls-v2
cui2023_lymph_node_cytokine	Primary lymph-node immune cells, cytokine stimulation	biological_replicate_holdout_7_vs_7	cDC1|41BBL		4	pgaa_w	24	5000	0.16	0.08	0.08	0.3958688652719324	0.3718094326853799	pgaa-cross-platform-dual-gate-v2	pgaa-cross-platform-matched-controls-v2
cui2023_lymph_node_cytokine	Primary lymph-node immune cells, cytokine stimulation	biological_replicate_holdout_7_vs_7	cDC1|41BBL		4	pgaa_h	24	5000	0.02	0.02	0.0	0.0712509676020958	0.0553847575427176	pgaa-cross-platform-dual-gate-v2	pgaa-cross-platform-matched-controls-v2
cui2023_lymph_node_cytokine	Primary lymph-node immune cells, cytokine stimulation	biological_replicate_holdout_7_vs_7	cDC1|41BBL		4	absolute_mean_shift	24	5000	0.16	0.07	0.09	0.1413649247763992	0.1432483825460676	pgaa-cross-platform-dual-gate-v2	pgaa-cross-platform-matched-controls-v2
cui2023_lymph_node_cytokine	Primary lymph-node immune cells, cytokine stimulation	biological_replicate_holdout_7_vs_7	cDC1|41BBL		4	welch_abs_t	24	5000	0.02	0.02	0.0	0.0189033614027613	0.0155532956629832	pgaa-cross-platform-dual-gate-v2	pgaa-cross-platform-matched-controls-v2
cui2023_lymph_node_cytokine	Primary lymph-node immune cells, cytokine stimulation	biological_replicate_holdout_7_vs_7	cDC1|APRIL		0	pgaa_w	24	5000	0.05	0.11	-0.06	0.3580690234889699	0.4053048130732998	pgaa-cross-platform-dual-gate-v2	pgaa-cross-platform-matched-controls-v2
cui2023_lymph_node_cytokine	Primary lymph-node immune cells, cytokine stimulation	biological_replicate_holdout_7_vs_7	cDC1|APRIL		0	pgaa_h	24	5000	0.02	0.03	-0.0099999999999999	0.0479134307987475	0.0692099713290591	pgaa-cross-platform-dual-gate-v2	pgaa-cross-platform-matched-controls-v2
cui2023_lymph_node_cytokine	Primary lymph-node immune cells, cytokine stimulation	biological_replicate_holdout_7_vs_7	cDC1|APRIL		0	absolute_mean_shift	24	5000	0.06	0.09	-0.03	0.1104311005756311	0.1330965681470839	pgaa-cross-platform-dual-gate-v2	pgaa-cross-platform-matched-controls-v2
cui2023_lymph_node_cytokine	Primary lymph-node immune cells, cytokine stimulation	biological_replicate_holdout_7_vs_7	cDC1|APRIL		0	welch_abs_t	24	5000	0.02	0.02	0.0	0.0044629634883307	0.0018489499490235	pgaa-cross-platform-dual-gate-v2	pgaa-cross-platform-matched-controls-v2
cui2023_lymph_node_cytokine	Primary lymph-node immune cells, cytokine stimulation	biological_replicate_holdout_7_vs_7	cDC1|APRIL		1	pgaa_w	24	5000	0.1	0.15	-0.0499999999999999	0.3734508189729926	0.3725008191857954	pgaa-cross-platform-dual-gate-v2	pgaa-cross-platform-matched-controls-v2
cui2023_lymph_node_cytokine	Primary lymph-node immune cells, cytokine stimulation	biological_replicate_holdout_7_vs_7	cDC1|APRIL		1	pgaa_h	24	5000	0.05	0.02	0.03	0.0492137048942789	0.0830176944482313	pgaa-cross-platform-dual-gate-v2	pgaa-cross-platform-matched-controls-v2
cui2023_lymph_node_cytokine	Primary lymph-node immune cells, cytokine stimulation	biological_replicate_holdout_7_vs_7	cDC1|APRIL		1	absolute_mean_shift	24	5000	0.1	0.13	-0.03	0.11264396988383	0.1271787101085405	pgaa-cross-platform-dual-gate-v2	pgaa-cross-platform-matched-controls-v2
cui2023_lymph_node_cytokine	Primary lymph-node immune cells, cytokine stimulation	biological_replicate_holdout_7_vs_7	cDC1|APRIL		1	welch_abs_t	24	5000	0.01	0.04	-0.03	-0.0203858354330242	0.0168241454640048	pgaa-cross-platform-dual-gate-v2	pgaa-cross-platform-matched-controls-v2
cui2023_lymph_node_cytokine	Primary lymph-node immune cells, cytokine stimulation	biological_replicate_holdout_7_vs_7	cDC1|APRIL		2	pgaa_w	24	5000	0.12	0.12	0.0	0.3834355089874542	0.3793038206729758	pgaa-cross-platform-dual-gate-v2	pgaa-cross-platform-matched-controls-v2
cui2023_lymph_node_cytokine	Primary lymph-node immune cells, cytokine stimulation	biological_replicate_holdout_7_vs_7	cDC1|APRIL		2	pgaa_h	24	5000	0.04	0.02	0.02	0.0561621392525859	0.0793267921475581	pgaa-cross-platform-dual-gate-v2	pgaa-cross-platform-matched-controls-v2
cui2023_lymph_node_cytokine	Primary lymph-node immune cells, cytokine stimulation	biological_replicate_holdout_7_vs_7	cDC1|APRIL		2	absolute_mean_shift	24	5000	0.08	0.08	0.0	0.1264169432822411	0.1292222666331064	pgaa-cross-platform-dual-gate-v2	pgaa-cross-platform-matched-controls-v2
cui2023_lymph_node_cytokine	Primary lymph-node immune cells, cytokine stimulation	biological_replicate_holdout_7_vs_7	cDC1|APRIL		2	welch_abs_t	24	5000	0.03	0.04	-0.01	0.0077801346264884	0.013231628838584	pgaa-cross-platform-dual-gate-v2	pgaa-cross-platform-matched-controls-v2
cui2023_lymph_node_cytokine	Primary lymph-node immune cells, cytokine stimulation	biological_replicate_holdout_7_vs_7	cDC1|APRIL		3	pgaa_w	24	5000	0.15	0.1	0.0499999999999999	0.3854010515365632	0.3545938184605502	pgaa-cross-platform-dual-gate-v2	pgaa-cross-platform-matched-controls-v2
cui2023_lymph_node_cytokine	Primary lymph-node immune cells, cytokine stimulation	biological_replicate_holdout_7_vs_7	cDC1|APRIL		3	pgaa_h	24	5000	0.05	0.05	0.0	0.0645476714138267	0.064556083590143	pgaa-cross-platform-dual-gate-v2	pgaa-cross-platform-matched-controls-v2
cui2023_lymph_node_cytokine	Primary lymph-node immune cells, cytokine stimulation	biological_replicate_holdout_7_vs_7	cDC1|APRIL		3	absolute_mean_shift	24	5000	0.14	0.08	0.06	0.1289259520730028	0.1010206308464325	pgaa-cross-platform-dual-gate-v2	pgaa-cross-platform-matched-controls-v2
cui2023_lymph_node_cytokine	Primary lymph-node immune cells, cytokine stimulation	biological_replicate_holdout_7_vs_7	cDC1|APRIL		3	welch_abs_t	24	5000	0.04	0.01	0.03	0.0114764169805922	-0.0058116905982263	pgaa-cross-platform-dual-gate-v2	pgaa-cross-platform-matched-controls-v2
cui2023_lymph_node_cytokine	Primary lymph-node immune cells, cytokine stimulation	biological_replicate_holdout_7_vs_7	cDC1|APRIL		4	pgaa_w	24	5000	0.16	0.06	0.1	0.3220277354036618	0.3912608707420461	pgaa-cross-platform-dual-gate-v2	pgaa-cross-platform-matched-controls-v2
cui2023_lymph_node_cytokine	Primary lymph-node immune cells, cytokine stimulation	biological_replicate_holdout_7_vs_7	cDC1|APRIL		4	pgaa_h	24	5000	0.0	0.03	-0.03	0.0825429270362496	0.0636034761329193	pgaa-cross-platform-dual-gate-v2	pgaa-cross-platform-matched-controls-v2
cui2023_lymph_node_cytokine	Primary lymph-node immune cells, cytokine stimulation	biological_replicate_holdout_7_vs_7	cDC1|APRIL		4	absolute_mean_shift	24	5000	0.09	0.04	0.0499999999999999	0.0831920958147362	0.1120885962854921	pgaa-cross-platform-dual-gate-v2	pgaa-cross-platform-matched-controls-v2
cui2023_lymph_node_cytokine	Primary lymph-node immune cells, cytokine stimulation	biological_replicate_holdout_7_vs_7	cDC1|APRIL		4	welch_abs_t	24	5000	0.03	0.02	0.0099999999999999	-0.0143348225922471	-0.0098742211411511	pgaa-cross-platform-dual-gate-v2	pgaa-cross-platform-matched-controls-v2
cui2023_lymph_node_cytokine	Primary lymph-node immune cells, cytokine stimulation	biological_replicate_holdout_7_vs_7	cDC1|Adiponectin		0	pgaa_w	24	5000	0.1	0.06	0.04	0.4112870073888217	0.3927594319094095	pgaa-cross-platform-dual-gate-v2	pgaa-cross-platform-matched-controls-v2
cui2023_lymph_node_cytokine	Primary lymph-node immune cells, cytokine stimulation	biological_replicate_holdout_7_vs_7	cDC1|Adiponectin		0	pgaa_h	24	5000	0.02	0.08	-0.06	0.0720441592401694	0.05917786925389	pgaa-cross-platform-dual-gate-v2	pgaa-cross-platform-matched-controls-v2
cui2023_lymph_node_cytokine	Primary lymph-node immune cells, cytokine stimulation	biological_replicate_holdout_7_vs_7	cDC1|Adiponectin		0	absolute_mean_shift	24	5000	0.08	0.03	0.05	0.1071689455343246	0.1239108429712407	pgaa-cross-platform-dual-gate-v2	pgaa-cross-platform-matched-controls-v2
cui2023_lymph_node_cytokine	Primary lymph-node immune cells, cytokine stimulation	biological_replicate_holdout_7_vs_7	cDC1|Adiponectin		0	welch_abs_t	24	5000	0.01	0.07	-0.06	-0.0013994912987399	0.0130695108539128	pgaa-cross-platform-dual-gate-v2	pgaa-cross-platform-matched-controls-v2
cui2023_lymph_node_cytokine	Primary lymph-node immune cells, cytokine stimulation	biological_replicate_holdout_7_vs_7	cDC1|Adiponectin		1	pgaa_w	24	5000	0.06	0.12	-0.06	0.3612265610607548	0.409838280794582	pgaa-cross-platform-dual-gate-v2	pgaa-cross-platform-matched-controls-v2
cui2023_lymph_node_cytokine	Primary lymph-node immune cells, cytokine stimulation	biological_replicate_holdout_7_vs_7	cDC1|Adiponectin		1	pgaa_h	24	5000	0.03	0.02	0.0099999999999999	0.0748655716764204	0.0627279588489854	pgaa-cross-platform-dual-gate-v2	pgaa-cross-platform-matched-controls-v2
cui2023_lymph_node_cytokine	Primary lymph-node immune cells, cytokine stimulation	biological_replicate_holdout_7_vs_7	cDC1|Adiponectin		1	absolute_mean_shift	24	5000	0.04	0.11	-0.07	0.1134814994496161	0.1551593083433229	pgaa-cross-platform-dual-gate-v2	pgaa-cross-platform-matched-controls-v2
cui2023_lymph_node_cytokine	Primary lymph-node immune cells, cytokine stimulation	biological_replicate_holdout_7_vs_7	cDC1|Adiponectin		1	welch_abs_t	24	5000	0.02	0.03	-0.0099999999999999	-0.0186234284741449	0.0138469410538091	pgaa-cross-platform-dual-gate-v2	pgaa-cross-platform-matched-controls-v2
cui2023_lymph_node_cytokine	Primary lymph-node immune cells, cytokine stimulation	biological_replicate_holdout_7_vs_7	cDC1|Adiponectin		2	pgaa_w	24	5000	0.09	0.09	0.0	0.3830379697376287	0.3657194945402898	pgaa-cross-platform-dual-gate-v2	pgaa-cross-platform-matched-controls-v2
cui2023_lymph_node_cytokine	Primary lymph-node immune cells, cytokine stimulation	biological_replicate_holdout_7_vs_7	cDC1|Adiponectin		2	pgaa_h	24	5000	0.04	0.01	0.03	0.0941859415355921	0.0675548358715237	pgaa-cross-platform-dual-gate-v2	pgaa-cross-platform-matched-controls-v2
cui2023_lymph_node_cytokine	Primary lymph-node immune cells, cytokine stimulation	biological_replicate_holdout_7_vs_7	cDC1|Adiponectin		2	absolute_mean_shift	24	5000	0.08	0.08	0.0	0.1190786494027249	0.1191024450580744	pgaa-cross-platform-dual-gate-v2	pgaa-cross-platform-matched-controls-v2
cui2023_lymph_node_cytokine	Primary lymph-node immune cells, cytokine stimulation	biological_replicate_holdout_7_vs_7	cDC1|Adiponectin		2	welch_abs_t	24	5000	0.01	0.03	-0.0199999999999999	0.007427691149125	0.0019677616181215	pgaa-cross-platform-dual-gate-v2	pgaa-cross-platform-matched-controls-v2
cui2023_lymph_node_cytokine	Primary lymph-node immune cells, cytokine stimulation	biological_replicate_holdout_7_vs_7	cDC1|Adiponectin		3	pgaa_w	24	5000	0.14	0.14	0.0	0.3519168560567577	0.4495628130196258	pgaa-cross-platform-dual-gate-v2	pgaa-cross-platform-matched-controls-v2
cui2023_lymph_node_cytokine	Primary lymph-node immune cells, cytokine stimulation	biological_replicate_holdout_7_vs_7	cDC1|Adiponectin		3	pgaa_h	24	5000	0.03	0.03	0.0	0.0809508410946588	0.049384056774469	pgaa-cross-platform-dual-gate-v2	pgaa-cross-platform-matched-controls-v2
cui2023_lymph_node_cytokine	Primary lymph-node immune cells, cytokine stimulation	biological_replicate_holdout_7_vs_7	cDC1|Adiponectin		3	absolute_mean_shift	24	5000	0.11	0.11	0.0	0.1269542173683113	0.1691018575090309	pgaa-cross-platform-dual-gate-v2	pgaa-cross-platform-matched-controls-v2
cui2023_lymph_node_cytokine	Primary lymph-node immune cells, cytokine stimulation	biological_replicate_holdout_7_vs_7	cDC1|Adiponectin		3	welch_abs_t	24	5000	0.02	0.02	0.0	0.0064382351037647	0.0224223989730559	pgaa-cross-platform-dual-gate-v2	pgaa-cross-platform-matched-controls-v2
cui2023_lymph_node_cytokine	Primary lymph-node immune cells, cytokine stimulation	biological_replicate_holdout_7_vs_7	cDC1|Adiponectin		4	pgaa_w	24	5000	0.08	0.15	-0.0699999999999999	0.3721168086441919	0.3523660889178933	pgaa-cross-platform-dual-gate-v2	pgaa-cross-platform-matched-controls-v2
cui2023_lymph_node_cytokine	Primary lymph-node immune cells, cytokine stimulation	biological_replicate_holdout_7_vs_7	cDC1|Adiponectin		4	pgaa_h	24	5000	0.01	0.04	-0.03	0.0840410117344931	0.0509866454181762	pgaa-cross-platform-dual-gate-v2	pgaa-cross-platform-matched-controls-v2
cui2023_lymph_node_cytokine	Primary lymph-node immune cells, cytokine stimulation	biological_replicate_holdout_7_vs_7	cDC1|Adiponectin		4	absolute_mean_shift	24	5000	0.07	0.12	-0.0499999999999999	0.1181537136194191	0.1105296282606486	pgaa-cross-platform-dual-gate-v2	pgaa-cross-platform-matched-controls-v2
cui2023_lymph_node_cytokine	Primary lymph-node immune cells, cytokine stimulation	biological_replicate_holdout_7_vs_7	cDC1|Adiponectin		4	welch_abs_t	24	5000	0.01	0.03	-0.0199999999999999	-0.0006335592946978	-0.0033333547239876	pgaa-cross-platform-dual-gate-v2	pgaa-cross-platform-matched-controls-v2
cui2023_lymph_node_cytokine	Primary lymph-node immune cells, cytokine stimulation	biological_replicate_holdout_7_vs_7	cDC1|BAFF		0	pgaa_w	24	5000	0.12	0.07	0.0499999999999999	0.3728965748258085	0.3414799139889213	pgaa-cross-platform-dual-gate-v2	pgaa-cross-platform-matched-controls-v2
cui2023_lymph_node_cytokine	Primary lymph-node immune cells, cytokine stimulation	biological_replicate_holdout_7_vs_7	cDC1|BAFF		0	pgaa_h	24	5000	0.03	0.05	-0.02	0.0697522718147409	0.0596350614550906	pgaa-cross-platform-dual-gate-v2	pgaa-cross-platform-matched-controls-v2
cui2023_lymph_node_cytokine	Primary lymph-node immune cells, cytokine stimulation	biological_replicate_holdout_7_vs_7	cDC1|BAFF		0	absolute_mean_shift	24	5000	0.12	0.06	0.06	0.1273608298667524	0.1164899635599255	pgaa-cross-platform-dual-gate-v2	pgaa-cross-platform-matched-controls-v2
cui2023_lymph_node_cytokine	Primary lymph-node immune cells, cytokine stimulation	biological_replicate_holdout_7_vs_7	cDC1|BAFF		0	welch_abs_t	24	5000	0.03	0.0	0.03	-0.0058413746362284	-0.0108349390767264	pgaa-cross-platform-dual-gate-v2	pgaa-cross-platform-matched-controls-v2
cui2023_lymph_node_cytokine	Primary lymph-node immune cells, cytokine stimulation	biological_replicate_holdout_7_vs_7	cDC1|BAFF		1	pgaa_w	24	5000	0.13	0.08	0.05	0.4073935295382381	0.3901651485919425	pgaa-cross-platform-dual-gate-v2	pgaa-cross-platform-matched-controls-v2
cui2023_lymph_node_cytokine	Primary lymph-node immune cells, cytokine stimulation	biological_replicate_holdout_7_vs_7	cDC1|BAFF		1	pgaa_h	24	5000	0.0	0.02	-0.02	0.0489754530358259	0.0567110650661785	pgaa-cross-platform-dual-gate-v2	pgaa-cross-platform-matched-controls-v2
cui2023_lymph_node_cytokine	Primary lymph-node immune cells, cytokine stimulation	biological_replicate_holdout_7_vs_7	cDC1|BAFF		1	absolute_mean_shift	24	5000	0.11	0.06	0.05	0.1401346947649357	0.1251168564782607	pgaa-cross-platform-dual-gate-v2	pgaa-cross-platform-matched-controls-v2
cui2023_lymph_node_cytokine	Primary lymph-node immune cells, cytokine stimulation	biological_replicate_holdout_7_vs_7	cDC1|BAFF		1	welch_abs_t	24	5000	0.03	0.02	0.0099999999999999	0.0027285936577526	0.0079882651885546	pgaa-cross-platform-dual-gate-v2	pgaa-cross-platform-matched-controls-v2
cui2023_lymph_node_cytokine	Primary lymph-node immune cells, cytokine stimulation	biological_replicate_holdout_7_vs_7	cDC1|BAFF		2	pgaa_w	24	5000	0.15	0.03	0.12	0.3538447916213066	0.3612775394242935	pgaa-cross-platform-dual-gate-v2	pgaa-cross-platform-matched-controls-v2
cui2023_lymph_node_cytokine	Primary lymph-node immune cells, cytokine stimulation	biological_replicate_holdout_7_vs_7	cDC1|BAFF		2	pgaa_h	24	5000	0.03	0.03	0.0	0.0593874327918528	0.056302713395144	pgaa-cross-platform-dual-gate-v2	pgaa-cross-platform-matched-controls-v2
cui2023_lymph_node_cytokine	Primary lymph-node immune cells, cytokine stimulation	biological_replicate_holdout_7_vs_7	cDC1|BAFF		2	absolute_mean_shift	24	5000	0.1	0.02	0.08	0.1033497234968039	0.1087503198845941	pgaa-cross-platform-dual-gate-v2	pgaa-cross-platform-matched-controls-v2
cui2023_lymph_node_cytokine	Primary lymph-node immune cells, cytokine stimulation	biological_replicate_holdout_7_vs_7	cDC1|BAFF		2	welch_abs_t	24	5000	0.01	0.03	-0.0199999999999999	-0.0046843475784152	-0.0015138259037166	pgaa-cross-platform-dual-gate-v2	pgaa-cross-platform-matched-controls-v2
cui2023_lymph_node_cytokine	Primary lymph-node immune cells, cytokine stimulation	biological_replicate_holdout_7_vs_7	cDC1|BAFF		3	pgaa_w	24	5000	0.19	0.12	0.07	0.3963849058526145	0.3834584303596269	pgaa-cross-platform-dual-gate-v2	pgaa-cross-platform-matched-controls-v2
cui2023_lymph_node_cytokine	Primary lymph-node immune cells, cytokine stimulation	biological_replicate_holdout_7_vs_7	cDC1|BAFF		3	pgaa_h	24	5000	0.06	0.02	0.0399999999999999	0.0627626668407352	0.077419315097185	pgaa-cross-platform-dual-gate-v2	pgaa-cross-platform-matched-controls-v2
cui2023_lymph_node_cytokine	Primary lymph-node immune cells, cytokine stimulation	biological_replicate_holdout_7_vs_7	cDC1|BAFF		3	absolute_mean_shift	24	5000	0.15	0.11	0.0399999999999999	0.1559547715014241	0.1029399680401342	pgaa-cross-platform-dual-gate-v2	pgaa-cross-platform-matched-controls-v2
cui2023_lymph_node_cytokine	Primary lymph-node immune cells, cytokine stimulation	biological_replicate_holdout_7_vs_7	cDC1|BAFF		3	welch_abs_t	24	5000	0.02	0.04	-0.02	0.014188379750032	-0.0002270892244075	pgaa-cross-platform-dual-gate-v2	pgaa-cross-platform-matched-controls-v2
cui2023_lymph_node_cytokine	Primary lymph-node immune cells, cytokine stimulation	biological_replicate_holdout_7_vs_7	cDC1|BAFF		4	pgaa_w	24	5000	0.18	0.05	0.13	0.3972054440347022	0.3726583608417374	pgaa-cross-platform-dual-gate-v2	pgaa-cross-platform-matched-controls-v2
cui2023_lymph_node_cytokine	Primary lymph-node immune cells, cytokine stimulation	biological_replicate_holdout_7_vs_7	cDC1|BAFF		4	pgaa_h	24	5000	0.02	0.04	-0.02	0.0662145583069346	0.0617135174454698	pgaa-cross-platform-dual-gate-v2	pgaa-cross-platform-matched-controls-v2
cui2023_lymph_node_cytokine	Primary lymph-node immune cells, cytokine stimulation	biological_replicate_holdout_7_vs_7	cDC1|BAFF		4	absolute_mean_shift	24	5000	0.17	0.07	0.1	0.1337224753753876	0.1299015380974791	pgaa-cross-platform-dual-gate-v2	pgaa-cross-platform-matched-controls-v2
cui2023_lymph_node_cytokine	Primary lymph-node immune cells, cytokine stimulation	biological_replicate_holdout_7_vs_7	cDC1|BAFF		4	welch_abs_t	24	5000	0.02	0.02	0.0	0.0048760489984382	0.016476028366331	pgaa-cross-platform-dual-gate-v2	pgaa-cross-platform-matched-controls-v2
cui2023_lymph_node_cytokine	Primary lymph-node immune cells, cytokine stimulation	biological_replicate_holdout_7_vs_7	cDC1|C3a		0	pgaa_w	24	5000	0.09	0.12	-0.03	0.3431307583715923	0.3793732459763507	pgaa-cross-platform-dual-gate-v2	pgaa-cross-platform-matched-controls-v2
cui2023_lymph_node_cytokine	Primary lymph-node immune cells, cytokine stimulation	biological_replicate_holdout_7_vs_7	cDC1|C3a		0	pgaa_h	24	5000	0.03	0.05	-0.02	0.0401699954613066	0.0701067302072446	pgaa-cross-platform-dual-gate-v2	pgaa-cross-platform-matched-controls-v2
cui2023_lymph_node_cytokine	Primary lymph-node immune cells, cytokine stimulation	biological_replicate_holdout_7_vs_7	cDC1|C3a		0	absolute_mean_shift	24	5000	0.06	0.08	-0.02	0.1189223035640378	0.1132398850468544	pgaa-cross-platform-dual-gate-v2	pgaa-cross-platform-matched-controls-v2
cui2023_lymph_node_cytokine	Primary lymph-node immune cells, cytokine stimulation	biological_replicate_holdout_7_vs_7	cDC1|C3a		0	welch_abs_t	24	5000	0.07	0.01	0.06	0.0050719970179835	-0.0084255594506866	pgaa-cross-platform-dual-gate-v2	pgaa-cross-platform-matched-controls-v2
cui2023_lymph_node_cytokine	Primary lymph-node immune cells, cytokine stimulation	biological_replicate_holdout_7_vs_7	cDC1|C3a		1	pgaa_w	24	5000	0.08	0.09	-0.0099999999999999	0.38994776298737	0.3760715768579602	pgaa-cross-platform-dual-gate-v2	pgaa-cross-platform-matched-controls-v2
cui2023_lymph_node_cytokine	Primary lymph-node immune cells, cytokine stimulation	biological_replicate_holdout_7_vs_7	cDC1|C3a		1	pgaa_h	24	5000	0.03	0.04	-0.01	0.0608100684275394	0.080916844267189	pgaa-cross-platform-dual-gate-v2	pgaa-cross-platform-matched-controls-v2
cui2023_lymph_node_cytokine	Primary lymph-node immune cells, cytokine stimulation	biological_replicate_holdout_7_vs_7	cDC1|C3a		1	absolute_mean_shift	24	5000	0.08	0.08	0.0	0.1254537899370706	0.1169776368854954	pgaa-cross-platform-dual-gate-v2	pgaa-cross-platform-matched-controls-v2
cui2023_lymph_node_cytokine	Primary lymph-node immune cells, cytokine stimulation	biological_replicate_holdout_7_vs_7	cDC1|C3a		1	welch_abs_t	24	5000	0.02	0.01	0.01	0.0238762694661317	-0.0091119605236594	pgaa-cross-platform-dual-gate-v2	pgaa-cross-platform-matched-controls-v2
cui2023_lymph_node_cytokine	Primary lymph-node immune cells, cytokine stimulation	biological_replicate_holdout_7_vs_7	cDC1|C3a		2	pgaa_w	24	5000	0.12	0.13	-0.01	0.3761282567383556	0.4040143493551063	pgaa-cross-platform-dual-gate-v2	pgaa-cross-platform-matched-controls-v2
cui2023_lymph_node_cytokine	Primary lymph-node immune cells, cytokine stimulation	biological_replicate_holdout_7_vs_7	cDC1|C3a		2	pgaa_h	24	5000	0.02	0.05	-0.03	0.0692243892113374	0.0442882808150405	pgaa-cross-platform-dual-gate-v2	pgaa-cross-platform-matched-controls-v2
cui2023_lymph_node_cytokine	Primary lymph-node immune cells, cytokine stimulation	biological_replicate_holdout_7_vs_7	cDC1|C3a		2	absolute_mean_shift	24	5000	0.13	0.08	0.05	0.112841581022441	0.1501968349802403	pgaa-cross-platform-dual-gate-v2	pgaa-cross-platform-matched-controls-v2
cui2023_lymph_node_cytokine	Primary lymph-node immune cells, cytokine stimulation	biological_replicate_holdout_7_vs_7	cDC1|C3a		2	welch_abs_t	24	5000	0.05	0.06	-0.0099999999999999	-0.00988022078042	0.0051320178643253	pgaa-cross-platform-dual-gate-v2	pgaa-cross-platform-matched-controls-v2
cui2023_lymph_node_cytokine	Primary lymph-node immune cells, cytokine stimulation	biological_replicate_holdout_7_vs_7	cDC1|C3a		3	pgaa_w	24	5000	0.06	0.1	-0.04	0.3407131045816061	0.3824261197154794	pgaa-cross-platform-dual-gate-v2	pgaa-cross-platform-matched-controls-v2
cui2023_lymph_node_cytokine	Primary lymph-node immune cells, cytokine stimulation	biological_replicate_holdout_7_vs_7	cDC1|C3a		3	pgaa_h	24	5000	0.04	0.03	0.01	0.0268765808528316	0.051040209008693	pgaa-cross-platform-dual-gate-v2	pgaa-cross-platform-matched-controls-v2
cui2023_lymph_node_cytokine	Primary lymph-node immune cells, cytokine stimulation	biological_replicate_holdout_7_vs_7	cDC1|C3a		3	absolute_mean_shift	24	5000	0.05	0.1	-0.05	0.1124848062853848	0.1109185289659559	pgaa-cross-platform-dual-gate-v2	pgaa-cross-platform-matched-controls-v2
cui2023_lymph_node_cytokine	Primary lymph-node immune cells, cytokine stimulation	biological_replicate_holdout_7_vs_7	cDC1|C3a		3	welch_abs_t	24	5000	0.02	0.05	-0.03	-0.0032087854236299	-0.0059052749508135	pgaa-cross-platform-dual-gate-v2	pgaa-cross-platform-matched-controls-v2
cui2023_lymph_node_cytokine	Primary lymph-node immune cells, cytokine stimulation	biological_replicate_holdout_7_vs_7	cDC1|C3a		4	pgaa_w	24	5000	0.05	0.05	0.0	0.3553698645511569	0.3870188192155982	pgaa-cross-platform-dual-gate-v2	pgaa-cross-platform-matched-controls-v2
cui2023_lymph_node_cytokine	Primary lymph-node immune cells, cytokine stimulation	biological_replicate_holdout_7_vs_7	cDC1|C3a		4	pgaa_h	24	5000	0.03	0.06	-0.03	0.0549730551118952	0.0612886245755072	pgaa-cross-platform-dual-gate-v2	pgaa-cross-platform-matched-controls-v2
cui2023_lymph_node_cytokine	Primary lymph-node immune cells, cytokine stimulation	biological_replicate_holdout_7_vs_7	cDC1|C3a		4	absolute_mean_shift	24	5000	0.05	0.03	0.02	0.1087450199485029	0.1265186569234764	pgaa-cross-platform-dual-gate-v2	pgaa-cross-platform-matched-controls-v2
cui2023_lymph_node_cytokine	Primary lymph-node immune cells, cytokine stimulation	biological_replicate_holdout_7_vs_7	cDC1|C3a		4	welch_abs_t	24	5000	0.02	0.05	-0.03	0.0076067577012979	0.0061027104513114	pgaa-cross-platform-dual-gate-v2	pgaa-cross-platform-matched-controls-v2
cui2023_lymph_node_cytokine	Primary lymph-node immune cells, cytokine stimulation	biological_replicate_holdout_7_vs_7	cDC1|C5a		0	pgaa_w	24	5000	0.06	0.14	-0.08	0.3927412510625213	0.3628191431288017	pgaa-cross-platform-dual-gate-v2	pgaa-cross-platform-matched-controls-v2
cui2023_lymph_node_cytokine	Primary lymph-node immune cells, cytokine stimulation	biological_replicate_holdout_7_vs_7	cDC1|C5a		0	pgaa_h	24	5000	0.02	0.01	0.01	0.0463329280225223	0.0675226144385099	pgaa-cross-platform-dual-gate-v2	pgaa-cross-platform-matched-controls-v2
cui2023_lymph_node_cytokine	Primary lymph-node immune cells, cytokine stimulation	biological_replicate_holdout_7_vs_7	cDC1|C5a		0	absolute_mean_shift	24	5000	0.04	0.12	-0.0799999999999999	0.1221474864779541	0.1277611982936327	pgaa-cross-platform-dual-gate-v2	pgaa-cross-platform-matched-controls-v2
cui2023_lymph_node_cytokine	Primary lymph-node immune cells, cytokine stimulation	biological_replicate_holdout_7_vs_7	cDC1|C5a		0	welch_abs_t	24	5000	0.04	0.02	0.02	-0.0006150234276335	0.0094412338269125	pgaa-cross-platform-dual-gate-v2	pgaa-cross-platform-matched-controls-v2
cui2023_lymph_node_cytokine	Primary lymph-node immune cells, cytokine stimulation	biological_replicate_holdout_7_vs_7	cDC1|C5a		1	pgaa_w	24	5000	0.08	0.1	-0.02	0.3467649457756513	0.3356123987308829	pgaa-cross-platform-dual-gate-v2	pgaa-cross-platform-matched-controls-v2
cui2023_lymph_node_cytokine	Primary lymph-node immune cells, cytokine stimulation	biological_replicate_holdout_7_vs_7	cDC1|C5a		1	pgaa_h	24	5000	0.06	0.04	0.0199999999999999	0.0481503376643719	0.0692216666681124	pgaa-cross-platform-dual-gate-v2	pgaa-cross-platform-matched-controls-v2
cui2023_lymph_node_cytokine	Primary lymph-node immune cells, cytokine stimulation	biological_replicate_holdout_7_vs_7	cDC1|C5a		1	absolute_mean_shift	24	5000	0.09	0.07	0.0199999999999999	0.1125070386767688	0.1043137422174623	pgaa-cross-platform-dual-gate-v2	pgaa-cross-platform-matched-controls-v2
cui2023_lymph_node_cytokine	Primary lymph-node immune cells, cytokine stimulation	biological_replicate_holdout_7_vs_7	cDC1|C5a		1	welch_abs_t	24	5000	0.01	0.04	-0.03	-0.0071726259003431	0.0140367658156095	pgaa-cross-platform-dual-gate-v2	pgaa-cross-platform-matched-controls-v2
cui2023_lymph_node_cytokine	Primary lymph-node immune cells, cytokine stimulation	biological_replicate_holdout_7_vs_7	cDC1|C5a		2	pgaa_w	24	5000	0.08	0.14	-0.06	0.3686618600805473	0.4022032084420838	pgaa-cross-platform-dual-gate-v2	pgaa-cross-platform-matched-controls-v2
cui2023_lymph_node_cytokine	Primary lymph-node immune cells, cytokine stimulation	biological_replicate_holdout_7_vs_7	cDC1|C5a		2	pgaa_h	24	5000	0.02	0.04	-0.02	0.059181777817947	0.0494321218627318	pgaa-cross-platform-dual-gate-v2	pgaa-cross-platform-matched-controls-v2
cui2023_lymph_node_cytokine	Primary lymph-node immune cells, cytokine stimulation	biological_replicate_holdout_7_vs_7	cDC1|C5a		2	absolute_mean_shift	24	5000	0.07	0.13	-0.06	0.1369510019096937	0.1153313583097728	pgaa-cross-platform-dual-gate-v2	pgaa-cross-platform-matched-controls-v2
cui2023_lymph_node_cytokine	Primary lymph-node immune cells, cytokine stimulation	biological_replicate_holdout_7_vs_7	cDC1|C5a		2	welch_abs_t	24	5000	0.03	0.02	0.0099999999999999	0.0207814794386726	0.0017500005950684	pgaa-cross-platform-dual-gate-v2	pgaa-cross-platform-matched-controls-v2
cui2023_lymph_node_cytokine	Primary lymph-node immune cells, cytokine stimulation	biological_replicate_holdout_7_vs_7	cDC1|C5a		3	pgaa_w	24	5000	0.1	0.11	-0.0099999999999999	0.3679912094660711	0.3709287140275788	pgaa-cross-platform-dual-gate-v2	pgaa-cross-platform-matched-controls-v2
cui2023_lymph_node_cytokine	Primary lymph-node immune cells, cytokine stimulation	biological_replicate_holdout_7_vs_7	cDC1|C5a		3	pgaa_h	24	5000	0.03	0.04	-0.01	0.0604799981166151	0.0654959903315477	pgaa-cross-platform-dual-gate-v2	pgaa-cross-platform-matched-controls-v2
cui2023_lymph_node_cytokine	Primary lymph-node immune cells, cytokine stimulation	biological_replicate_holdout_7_vs_7	cDC1|C5a		3	absolute_mean_shift	24	5000	0.08	0.11	-0.03	0.1142985652335794	0.1066777532372919	pgaa-cross-platform-dual-gate-v2	pgaa-cross-platform-matched-controls-v2
cui2023_lymph_node_cytokine	Primary lymph-node immune cells, cytokine stimulation	biological_replicate_holdout_7_vs_7	cDC1|C5a		3	welch_abs_t	24	5000	0.04	0.02	0.02	0.0124699116494681	-0.00209855435723	pgaa-cross-platform-dual-gate-v2	pgaa-cross-platform-matched-controls-v2
cui2023_lymph_node_cytokine	Primary lymph-node immune cells, cytokine stimulation	biological_replicate_holdout_7_vs_7	cDC1|C5a		4	pgaa_w	24	5000	0.12	0.06	0.06	0.3579854161737873	0.370783231002442	pgaa-cross-platform-dual-gate-v2	pgaa-cross-platform-matched-controls-v2
cui2023_lymph_node_cytokine	Primary lymph-node immune cells, cytokine stimulation	biological_replicate_holdout_7_vs_7	cDC1|C5a		4	pgaa_h	24	5000	0.07	0.02	0.05	0.0555838988001916	0.0693153460803868	pgaa-cross-platform-dual-gate-v2	pgaa-cross-platform-matched-controls-v2
cui2023_lymph_node_cytokine	Primary lymph-node immune cells, cytokine stimulation	biological_replicate_holdout_7_vs_7	cDC1|C5a		4	absolute_mean_shift	24	5000	0.1	0.03	0.07	0.1123925427756263	0.1063250329396386	pgaa-cross-platform-dual-gate-v2	pgaa-cross-platform-matched-controls-v2
cui2023_lymph_node_cytokine	Primary lymph-node immune cells, cytokine stimulation	biological_replicate_holdout_7_vs_7	cDC1|C5a		4	welch_abs_t	24	5000	0.02	0.05	-0.03	-0.0057009747383834	-0.0098626881757936	pgaa-cross-platform-dual-gate-v2	pgaa-cross-platform-matched-controls-v2
cui2023_lymph_node_cytokine	Primary lymph-node immune cells, cytokine stimulation	biological_replicate_holdout_7_vs_7	cDC1|CD27L		0	pgaa_w	24	5000	0.13	0.06	0.07	0.3494712514947453	0.380336874225304	pgaa-cross-platform-dual-gate-v2	pgaa-cross-platform-matched-controls-v2
cui2023_lymph_node_cytokine	Primary lymph-node immune cells, cytokine stimulation	biological_replicate_holdout_7_vs_7	cDC1|CD27L		0	pgaa_h	24	5000	0.06	0.02	0.0399999999999999	0.071570212669334	0.060189607616329	pgaa-cross-platform-dual-gate-v2	pgaa-cross-platform-matched-controls-v2
cui2023_lymph_node_cytokine	Primary lymph-node immune cells, cytokine stimulation	biological_replicate_holdout_7_vs_7	cDC1|CD27L		0	absolute_mean_shift	24	5000	0.13	0.03	0.1	0.1035228985680571	0.134606895061181	pgaa-cross-platform-dual-gate-v2	pgaa-cross-platform-matched-controls-v2
cui2023_lymph_node_cytokine	Primary lymph-node immune cells, cytokine stimulation	biological_replicate_holdout_7_vs_7	cDC1|CD27L		0	welch_abs_t	24	5000	0.02	0.01	0.01	-0.0155687794921214	0.0175341848663901	pgaa-cross-platform-dual-gate-v2	pgaa-cross-platform-matched-controls-v2
cui2023_lymph_node_cytokine	Primary lymph-node immune cells, cytokine stimulation	biological_replicate_holdout_7_vs_7	cDC1|CD27L		1	pgaa_w	24	5000	0.11	0.06	0.05	0.3879119690976126	0.404166208503792	pgaa-cross-platform-dual-gate-v2	pgaa-cross-platform-matched-controls-v2
cui2023_lymph_node_cytokine	Primary lymph-node immune cells, cytokine stimulation	biological_replicate_holdout_7_vs_7	cDC1|CD27L		1	pgaa_h	24	5000	0.02	0.02	0.0	0.1079396346898843	0.0765440632371216	pgaa-cross-platform-dual-gate-v2	pgaa-cross-platform-matched-controls-v2
cui2023_lymph_node_cytokine	Primary lymph-node immune cells, cytokine stimulation	biological_replicate_holdout_7_vs_7	cDC1|CD27L		1	absolute_mean_shift	24	5000	0.07	0.08	-0.0099999999999999	0.1177837218801361	0.1360574212218277	pgaa-cross-platform-dual-gate-v2	pgaa-cross-platform-matched-controls-v2
cui2023_lymph_node_cytokine	Primary lymph-node immune cells, cytokine stimulation	biological_replicate_holdout_7_vs_7	cDC1|CD27L		1	welch_abs_t	24	5000	0.01	0.02	-0.01	-0.0068009470144254	-0.0014733878234839	pgaa-cross-platform-dual-gate-v2	pgaa-cross-platform-matched-controls-v2
cui2023_lymph_node_cytokine	Primary lymph-node immune cells, cytokine stimulation	biological_replicate_holdout_7_vs_7	cDC1|CD27L		2	pgaa_w	24	5000	0.05	0.07	-0.02	0.3467870981374094	0.3650458958143805	pgaa-cross-platform-dual-gate-v2	pgaa-cross-platform-matched-controls-v2
cui2023_lymph_node_cytokine	Primary lymph-node immune cells, cytokine stimulation	biological_replicate_holdout_7_vs_7	cDC1|CD27L		2	pgaa_h	24	5000	0.02	0.02	0.0	0.051909383548446	0.0776976058851875	pgaa-cross-platform-dual-gate-v2	pgaa-cross-platform-matched-controls-v2
cui2023_lymph_node_cytokine	Primary lymph-node immune cells, cytokine stimulation	biological_replicate_holdout_7_vs_7	cDC1|CD27L		2	absolute_mean_shift	24	5000	0.05	0.08	-0.03	0.1255849095585616	0.1249175162371991	pgaa-cross-platform-dual-gate-v2	pgaa-cross-platform-matched-controls-v2
cui2023_lymph_node_cytokine	Primary lymph-node immune cells, cytokine stimulation	biological_replicate_holdout_7_vs_7	cDC1|CD27L		2	welch_abs_t	24	5000	0.02	0.01	0.01	0.0247885818752415	0.0027726630672459	pgaa-cross-platform-dual-gate-v2	pgaa-cross-platform-matched-controls-v2
cui2023_lymph_node_cytokine	Primary lymph-node immune cells, cytokine stimulation	biological_replicate_holdout_7_vs_7	cDC1|CD27L		3	pgaa_w	24	5000	0.1	0.07	0.03	0.3706034502136502	0.4131128313306508	pgaa-cross-platform-dual-gate-v2	pgaa-cross-platform-matched-controls-v2
cui2023_lymph_node_cytokine	Primary lymph-node immune cells, cytokine stimulation	biological_replicate_holdout_7_vs_7	cDC1|CD27L		3	pgaa_h	24	5000	0.02	0.01	0.01	0.0586053226425627	0.0677417144956653	pgaa-cross-platform-dual-gate-v2	pgaa-cross-platform-matched-controls-v2
cui2023_lymph_node_cytokine	Primary lymph-node immune cells, cytokine stimulation	biological_replicate_holdout_7_vs_7	cDC1|CD27L		3	absolute_mean_shift	24	5000	0.09	0.02	0.0699999999999999	0.1143700568690088	0.1697789734002581	pgaa-cross-platform-dual-gate-v2	pgaa-cross-platform-matched-controls-v2
cui2023_lymph_node_cytokine	Primary lymph-node immune cells, cytokine stimulation	biological_replicate_holdout_7_vs_7	cDC1|CD27L		3	welch_abs_t	24	5000	0.0	0.0	0.0	0.0004018775823185	0.0256006869744667	pgaa-cross-platform-dual-gate-v2	pgaa-cross-platform-matched-controls-v2
cui2023_lymph_node_cytokine	Primary lymph-node immune cells, cytokine stimulation	biological_replicate_holdout_7_vs_7	cDC1|CD27L		4	pgaa_w	24	5000	0.11	0.11	0.0	0.3583247973637491	0.3665006305955181	pgaa-cross-platform-dual-gate-v2	pgaa-cross-platform-matched-controls-v2
cui2023_lymph_node_cytokine	Primary lymph-node immune cells, cytokine stimulation	biological_replicate_holdout_7_vs_7	cDC1|CD27L		4	pgaa_h	24	5000	0.05	0.02	0.03	0.0626732200894778	0.0937492010986224	pgaa-cross-platform-dual-gate-v2	pgaa-cross-platform-matched-controls-v2
cui2023_lymph_node_cytokine	Primary lymph-node immune cells, cytokine stimulation	biological_replicate_holdout_7_vs_7	cDC1|CD27L		4	absolute_mean_shift	24	5000	0.07	0.06	0.01	0.0922592530954033	0.115171149981673	pgaa-cross-platform-dual-gate-v2	pgaa-cross-platform-matched-controls-v2
cui2023_lymph_node_cytokine	Primary lymph-node immune cells, cytokine stimulation	biological_replicate_holdout_7_vs_7	cDC1|CD27L		4	welch_abs_t	24	5000	0.02	0.03	-0.0099999999999999	-0.0291711339590192	-0.007735994705105	pgaa-cross-platform-dual-gate-v2	pgaa-cross-platform-matched-controls-v2
cui2023_lymph_node_cytokine	Primary lymph-node immune cells, cytokine stimulation	biological_replicate_holdout_7_vs_7	cDC1|CD30L		0	pgaa_w	24	5000	0.14	0.14	0.0	0.481771988275811	0.440181050498138	pgaa-cross-platform-dual-gate-v2	pgaa-cross-platform-matched-controls-v2
cui2023_lymph_node_cytokine	Primary lymph-node immune cells, cytokine stimulation	biological_replicate_holdout_7_vs_7	cDC1|CD30L		0	pgaa_h	24	5000	0.01	0.0	0.01	0.0558003201904384	0.0520048397940263	pgaa-cross-platform-dual-gate-v2	pgaa-cross-platform-matched-controls-v2
cui2023_lymph_node_cytokine	Primary lymph-node immune cells, cytokine stimulation	biological_replicate_holdout_7_vs_7	cDC1|CD30L		0	absolute_mean_shift	24	5000	0.14	0.1	0.04	0.1422094734946421	0.1427806500585149	pgaa-cross-platform-dual-gate-v2	pgaa-cross-platform-matched-controls-v2
cui2023_lymph_node_cytokine	Primary lymph-node immune cells, cytokine stimulation	biological_replicate_holdout_7_vs_7	cDC1|CD30L		0	welch_abs_t	24	5000	0.04	0.04	0.0	-0.012966696594712	-0.0031173703242096	pgaa-cross-platform-dual-gate-v2	pgaa-cross-platform-matched-controls-v2
cui2023_lymph_node_cytokine	Primary lymph-node immune cells, cytokine stimulation	biological_replicate_holdout_7_vs_7	cDC1|CD30L		1	pgaa_w	24	5000	0.16	0.08	0.08	0.3731318727778014	0.3591075385163453	pgaa-cross-platform-dual-gate-v2	pgaa-cross-platform-matched-controls-v2
cui2023_lymph_node_cytokine	Primary lymph-node immune cells, cytokine stimulation	biological_replicate_holdout_7_vs_7	cDC1|CD30L		1	pgaa_h	24	5000	0.03	0.03	0.0	0.0857555080417294	0.0622760872678777	pgaa-cross-platform-dual-gate-v2	pgaa-cross-platform-matched-controls-v2
cui2023_lymph_node_cytokine	Primary lymph-node immune cells, cytokine stimulation	biological_replicate_holdout_7_vs_7	cDC1|CD30L		1	absolute_mean_shift	24	5000	0.14	0.06	0.08	0.1265638970449394	0.1038116319231078	pgaa-cross-platform-dual-gate-v2	pgaa-cross-platform-matched-controls-v2
cui2023_lymph_node_cytokine	Primary lymph-node immune cells, cytokine stimulation	biological_replicate_holdout_7_vs_7	cDC1|CD30L		1	welch_abs_t	24	5000	0.04	0.0	0.04	0.0168655745018219	-0.0152317626140551	pgaa-cross-platform-dual-gate-v2	pgaa-cross-platform-matched-controls-v2
cui2023_lymph_node_cytokine	Primary lymph-node immune cells, cytokine stimulation	biological_replicate_holdout_7_vs_7	cDC1|CD30L		2	pgaa_w	24	5000	0.18	0.08	0.0999999999999999	0.3848915088618713	0.3670761397551151	pgaa-cross-platform-dual-gate-v2	pgaa-cross-platform-matched-controls-v2
cui2023_lymph_node_cytokine	Primary lymph-node immune cells, cytokine stimulation	biological_replicate_holdout_7_vs_7	cDC1|CD30L		2	pgaa_h	24	5000	0.01	0.01	0.0	0.057316238127984	0.093265452724914	pgaa-cross-platform-dual-gate-v2	pgaa-cross-platform-matched-controls-v2
cui2023_lymph_node_cytokine	Primary lymph-node immune cells, cytokine stimulation	biological_replicate_holdout_7_vs_7	cDC1|CD30L		2	absolute_mean_shift	24	5000	0.14	0.06	0.08	0.1290578166959032	0.1210314788208198	pgaa-cross-platform-dual-gate-v2	pgaa-cross-platform-matched-controls-v2
cui2023_lymph_node_cytokine	Primary lymph-node immune cells, cytokine stimulation	biological_replicate_holdout_7_vs_7	cDC1|CD30L		2	welch_abs_t	24	5000	0.03	0.03	0.0	0.0050416348400676	0.0086753007080508	pgaa-cross-platform-dual-gate-v2	pgaa-cross-platform-matched-controls-v2
cui2023_lymph_node_cytokine	Primary lymph-node immune cells, cytokine stimulation	biological_replicate_holdout_7_vs_7	cDC1|CD30L		3	pgaa_w	24	5000	0.1	0.07	0.03	0.3628736749255133	0.3590194849645947	pgaa-cross-platform-dual-gate-v2	pgaa-cross-platform-matched-controls-v2
cui2023_lymph_node_cytokine	Primary lymph-node immune cells, cytokine stimulation	biological_replicate_holdout_7_vs_7	cDC1|CD30L		3	pgaa_h	24	5000	0.03	0.05	-0.02	0.1205526222316125	0.0609449416959168	pgaa-cross-platform-dual-gate-v2	pgaa-cross-platform-matched-controls-v2
cui2023_lymph_node_cytokine	Primary lymph-node immune cells, cytokine stimulation	biological_replicate_holdout_7_vs_7	cDC1|CD30L		3	absolute_mean_shift	24	5000	0.1	0.07	0.03	0.1010401254368868	0.1151006322970165	pgaa-cross-platform-dual-gate-v2	pgaa-cross-platform-matched-controls-v2
cui2023_lymph_node_cytokine	Primary lymph-node immune cells, cytokine stimulation	biological_replicate_holdout_7_vs_7	cDC1|CD30L		3	welch_abs_t	24	5000	0.04	0.01	0.03	-0.0133383025524561	-0.0045067542184559	pgaa-cross-platform-dual-gate-v2	pgaa-cross-platform-matched-controls-v2
cui2023_lymph_node_cytokine	Primary lymph-node immune cells, cytokine stimulation	biological_replicate_holdout_7_vs_7	cDC1|CD30L		4	pgaa_w	24	5000	0.15	0.12	0.03	0.4087130436314681	0.3728314061658251	pgaa-cross-platform-dual-gate-v2	pgaa-cross-platform-matched-controls-v2
cui2023_lymph_node_cytokine	Primary lymph-node immune cells, cytokine stimulation	biological_replicate_holdout_7_vs_7	cDC1|CD30L		4	pgaa_h	24	5000	0.02	0.05	-0.03	0.0715811322658701	0.0467359594890747	pgaa-cross-platform-dual-gate-v2	pgaa-cross-platform-matched-controls-v2
cui2023_lymph_node_cytokine	Primary lymph-node immune cells, cytokine stimulation	biological_replicate_holdout_7_vs_7	cDC1|CD30L		4	absolute_mean_shift	24	5000	0.13	0.09	0.04	0.1203961398821301	0.1200914678237718	pgaa-cross-platform-dual-gate-v2	pgaa-cross-platform-matched-controls-v2
cui2023_lymph_node_cytokine	Primary lymph-node immune cells, cytokine stimulation	biological_replicate_holdout_7_vs_7	cDC1|CD30L		4	welch_abs_t	24	5000	0.03	0.03	0.0	-0.0084536002959771	-0.0042678360865832	pgaa-cross-platform-dual-gate-v2	pgaa-cross-platform-matched-controls-v2
cui2023_lymph_node_cytokine	Primary lymph-node immune cells, cytokine stimulation	biological_replicate_holdout_7_vs_7	cDC1|CD40L		0	pgaa_w	24	5000	0.11	0.13	-0.02	0.4313021295550311	0.3854476993338174	pgaa-cross-platform-dual-gate-v2	pgaa-cross-platform-matched-controls-v2
cui2023_lymph_node_cytokine	Primary lymph-node immune cells, cytokine stimulation	biological_replicate_holdout_7_vs_7	cDC1|CD40L		0	pgaa_h	24	5000	0.03	0.02	0.0099999999999999	0.0522534857292211	0.0753576231950698	pgaa-cross-platform-dual-gate-v2	pgaa-cross-platform-matched-controls-v2
cui2023_lymph_node_cytokine	Primary lymph-node immune cells, cytokine stimulation	biological_replicate_holdout_7_vs_7	cDC1|CD40L		0	absolute_mean_shift	24	5000	0.07	0.11	-0.0399999999999999	0.1354852291242629	0.1537129306272281	pgaa-cross-platform-dual-gate-v2	pgaa-cross-platform-matched-controls-v2
cui2023_lymph_node_cytokine	Primary lymph-node immune cells, cytokine stimulation	biological_replicate_holdout_7_vs_7	cDC1|CD40L		0	welch_abs_t	24	5000	0.0	0.04	-0.04	0.0053009639052573	0.0157718508712213	pgaa-cross-platform-dual-gate-v2	pgaa-cross-platform-matched-controls-v2
cui2023_lymph_node_cytokine	Primary lymph-node immune cells, cytokine stimulation	biological_replicate_holdout_7_vs_7	cDC1|CD40L		1	pgaa_w	24	5000	0.15	0.14	0.0099999999999999	0.4188743589243994	0.3629717488830983	pgaa-cross-platform-dual-gate-v2	pgaa-cross-platform-matched-controls-v2
cui2023_lymph_node_cytokine	Primary lymph-node immune cells, cytokine stimulation	biological_replicate_holdout_7_vs_7	cDC1|CD40L		1	pgaa_h	24	5000	0.03	0.03	0.0	0.1014970376148495	0.0841757538809262	pgaa-cross-platform-dual-gate-v2	pgaa-cross-platform-matched-controls-v2
cui2023_lymph_node_cytokine	Primary lymph-node immune cells, cytokine stimulation	biological_replicate_holdout_7_vs_7	cDC1|CD40L		1	absolute_mean_shift	24	5000	0.11	0.1	0.0099999999999999	0.126273227722716	0.1143268394764234	pgaa-cross-platform-dual-gate-v2	pgaa-cross-platform-matched-controls-v2
cui2023_lymph_node_cytokine	Primary lymph-node immune cells, cytokine stimulation	biological_replicate_holdout_7_vs_7	cDC1|CD40L		1	welch_abs_t	24	5000	0.01	0.02	-0.01	-0.0014091696897863	-0.0067076937057874	pgaa-cross-platform-dual-gate-v2	pgaa-cross-platform-matched-controls-v2
cui2023_lymph_node_cytokine	Primary lymph-node immune cells, cytokine stimulation	biological_replicate_holdout_7_vs_7	cDC1|CD40L		2	pgaa_w	24	5000	0.12	0.07	0.0499999999999999	0.3922871370820566	0.3783190406129387	pgaa-cross-platform-dual-gate-v2	pgaa-cross-platform-matched-controls-v2
cui2023_lymph_node_cytokine	Primary lymph-node immune cells, cytokine stimulation	biological_replicate_holdout_7_vs_7	cDC1|CD40L		2	pgaa_h	24	5000	0.06	0.02	0.0399999999999999	0.0615094691196624	0.0644411362107244	pgaa-cross-platform-dual-gate-v2	pgaa-cross-platform-matched-controls-v2
cui2023_lymph_node_cytokine	Primary lymph-node immune cells, cytokine stimulation	biological_replicate_holdout_7_vs_7	cDC1|CD40L		2	absolute_mean_shift	24	5000	0.07	0.07	0.0	0.1186340188624684	0.12030869115991	pgaa-cross-platform-dual-gate-v2	pgaa-cross-platform-matched-controls-v2
cui2023_lymph_node_cytokine	Primary lymph-node immune cells, cytokine stimulation	biological_replicate_holdout_7_vs_7	cDC1|CD40L		2	welch_abs_t	24	5000	0.02	0.02	0.0	0.0006828395299682	0.0020672122867865	pgaa-cross-platform-dual-gate-v2	pgaa-cross-platform-matched-controls-v2
cui2023_lymph_node_cytokine	Primary lymph-node immune cells, cytokine stimulation	biological_replicate_holdout_7_vs_7	cDC1|CD40L		3	pgaa_w	24	5000	0.14	0.08	0.06	0.4404861132271678	0.3454636100056023	pgaa-cross-platform-dual-gate-v2	pgaa-cross-platform-matched-controls-v2
cui2023_lymph_node_cytokine	Primary lymph-node immune cells, cytokine stimulation	biological_replicate_holdout_7_vs_7	cDC1|CD40L		3	pgaa_h	24	5000	0.02	0.02	0.0	0.0833723203438879	0.0766789914265459	pgaa-cross-platform-dual-gate-v2	pgaa-cross-platform-matched-controls-v2
cui2023_lymph_node_cytokine	Primary lymph-node immune cells, cytokine stimulation	biological_replicate_holdout_7_vs_7	cDC1|CD40L		3	absolute_mean_shift	24	5000	0.16	0.07	0.09	0.1418933084937377	0.093722363912695	pgaa-cross-platform-dual-gate-v2	pgaa-cross-platform-matched-controls-v2
cui2023_lymph_node_cytokine	Primary lymph-node immune cells, cytokine stimulation	biological_replicate_holdout_7_vs_7	cDC1|CD40L		3	welch_abs_t	24	5000	0.02	0.03	-0.0099999999999999	0.0082695724554236	-0.0122548747099985	pgaa-cross-platform-dual-gate-v2	pgaa-cross-platform-matched-controls-v2
cui2023_lymph_node_cytokine	Primary lymph-node immune cells, cytokine stimulation	biological_replicate_holdout_7_vs_7	cDC1|CD40L		4	pgaa_w	24	5000	0.09	0.08	0.0099999999999999	0.3961816257050137	0.359698609572229	pgaa-cross-platform-dual-gate-v2	pgaa-cross-platform-matched-controls-v2
cui2023_lymph_node_cytokine	Primary lymph-node immune cells, cytokine stimulation	biological_replicate_holdout_7_vs_7	cDC1|CD40L		4	pgaa_h	24	5000	0.02	0.04	-0.02	0.0639032654756541	0.078999397811028	pgaa-cross-platform-dual-gate-v2	pgaa-cross-platform-matched-controls-v2
cui2023_lymph_node_cytokine	Primary lymph-node immune cells, cytokine stimulation	biological_replicate_holdout_7_vs_7	cDC1|CD40L		4	absolute_mean_shift	24	5000	0.08	0.05	0.03	0.1176246122490927	0.128998287924464	pgaa-cross-platform-dual-gate-v2	pgaa-cross-platform-matched-controls-v2
cui2023_lymph_node_cytokine	Primary lymph-node immune cells, cytokine stimulation	biological_replicate_holdout_7_vs_7	cDC1|CD40L		4	welch_abs_t	24	5000	0.03	0.02	0.0099999999999999	-0.0005860526962565	0.0070584444433906	pgaa-cross-platform-dual-gate-v2	pgaa-cross-platform-matched-controls-v2
cui2023_lymph_node_cytokine	Primary lymph-node immune cells, cytokine stimulation	biological_replicate_holdout_7_vs_7	cDC1|Cardiotrophin-1		0	pgaa_w	24	5000	0.11	0.09	0.02	0.372775765776536	0.3866554165600889	pgaa-cross-platform-dual-gate-v2	pgaa-cross-platform-matched-controls-v2
cui2023_lymph_node_cytokine	Primary lymph-node immune cells, cytokine stimulation	biological_replicate_holdout_7_vs_7	cDC1|Cardiotrophin-1		0	pgaa_h	24	5000	0.03	0.02	0.0099999999999999	0.0959526688045715	0.0735336571134202	pgaa-cross-platform-dual-gate-v2	pgaa-cross-platform-matched-controls-v2
cui2023_lymph_node_cytokine	Primary lymph-node immune cells, cytokine stimulation	biological_replicate_holdout_7_vs_7	cDC1|Cardiotrophin-1		0	absolute_mean_shift	24	5000	0.06	0.09	-0.03	0.121288595667077	0.1119681884390831	pgaa-cross-platform-dual-gate-v2	pgaa-cross-platform-matched-controls-v2
cui2023_lymph_node_cytokine	Primary lymph-node immune cells, cytokine stimulation	biological_replicate_holdout_7_vs_7	cDC1|Cardiotrophin-1		0	welch_abs_t	24	5000	0.01	0.0	0.01	0.0011679510685652	-0.013140210124603	pgaa-cross-platform-dual-gate-v2	pgaa-cross-platform-matched-controls-v2
cui2023_lymph_node_cytokine	Primary lymph-node immune cells, cytokine stimulation	biological_replicate_holdout_7_vs_7	cDC1|Cardiotrophin-1		1	pgaa_w	24	5000	0.16	0.11	0.05	0.3691405215088925	0.3645405089476892	pgaa-cross-platform-dual-gate-v2	pgaa-cross-platform-matched-controls-v2
cui2023_lymph_node_cytokine	Primary lymph-node immune cells, cytokine stimulation	biological_replicate_holdout_7_vs_7	cDC1|Cardiotrophin-1		1	pgaa_h	24	5000	0.03	0.04	-0.01	0.0529297266389102	0.0591389365070414	pgaa-cross-platform-dual-gate-v2	pgaa-cross-platform-matched-controls-v2
cui2023_lymph_node_cytokine	Primary lymph-node immune cells, cytokine stimulation	biological_replicate_holdout_7_vs_7	cDC1|Cardiotrophin-1		1	absolute_mean_shift	24	5000	0.14	0.1	0.04	0.1232795181697345	0.102248682164077	pgaa-cross-platform-dual-gate-v2	pgaa-cross-platform-matched-controls-v2
cui2023_lymph_node_cytokine	Primary lymph-node immune cells, cytokine stimulation	biological_replicate_holdout_7_vs_7	cDC1|Cardiotrophin-1		1	welch_abs_t	24	5000	0.04	0.01	0.03	0.0130034946332977	0.0021853282476945	pgaa-cross-platform-dual-gate-v2	pgaa-cross-platform-matched-controls-v2
cui2023_lymph_node_cytokine	Primary lymph-node immune cells, cytokine stimulation	biological_replicate_holdout_7_vs_7	cDC1|Cardiotrophin-1		2	pgaa_w	24	5000	0.11	0.06	0.05	0.3947030612077261	0.3980358684097875	pgaa-cross-platform-dual-gate-v2	pgaa-cross-platform-matched-controls-v2
cui2023_lymph_node_cytokine	Primary lymph-node immune cells, cytokine stimulation	biological_replicate_holdout_7_vs_7	cDC1|Cardiotrophin-1		2	pgaa_h	24	5000	0.03	0.04	-0.01	0.074800742560044	0.0582967104092811	pgaa-cross-platform-dual-gate-v2	pgaa-cross-platform-matched-controls-v2
cui2023_lymph_node_cytokine	Primary lymph-node immune cells, cytokine stimulation	biological_replicate_holdout_7_vs_7	cDC1|Cardiotrophin-1		2	absolute_mean_shift	24	5000	0.08	0.07	0.0099999999999999	0.1183957803408586	0.1369933262457813	pgaa-cross-platform-dual-gate-v2	pgaa-cross-platform-matched-controls-v2
cui2023_lymph_node_cytokine	Primary lymph-node immune cells, cytokine stimulation	biological_replicate_holdout_7_vs_7	cDC1|Cardiotrophin-1		2	welch_abs_t	24	5000	0.02	0.03	-0.0099999999999999	0.0060564797159843	0.023223182446731	pgaa-cross-platform-dual-gate-v2	pgaa-cross-platform-matched-controls-v2
cui2023_lymph_node_cytokine	Primary lymph-node immune cells, cytokine stimulation	biological_replicate_holdout_7_vs_7	cDC1|Cardiotrophin-1		3	pgaa_w	24	5000	0.1	0.06	0.04	0.3611395118536152	0.3833576378858462	pgaa-cross-platform-dual-gate-v2	pgaa-cross-platform-matched-controls-v2
cui2023_lymph_node_cytokine	Primary lymph-node immune cells, cytokine stimulation	biological_replicate_holdout_7_vs_7	cDC1|Cardiotrophin-1		3	pgaa_h	24	5000	0.02	0.02	0.0	0.0622051090050869	0.0523836784698632	pgaa-cross-platform-dual-gate-v2	pgaa-cross-platform-matched-controls-v2
cui2023_lymph_node_cytokine	Primary lymph-node immune cells, cytokine stimulation	biological_replicate_holdout_7_vs_7	cDC1|Cardiotrophin-1		3	absolute_mean_shift	24	5000	0.09	0.04	0.0499999999999999	0.1081188822769559	0.1018968357798754	pgaa-cross-platform-dual-gate-v2	pgaa-cross-platform-matched-controls-v2
cui2023_lymph_node_cytokine	Primary lymph-node immune cells, cytokine stimulation	biological_replicate_holdout_7_vs_7	cDC1|Cardiotrophin-1		3	welch_abs_t	24	5000	0.01	0.03	-0.0199999999999999	-0.0025312026627121	-0.0192664105035698	pgaa-cross-platform-dual-gate-v2	pgaa-cross-platform-matched-controls-v2
cui2023_lymph_node_cytokine	Primary lymph-node immune cells, cytokine stimulation	biological_replicate_holdout_7_vs_7	cDC1|Cardiotrophin-1		4	pgaa_w	24	5000	0.12	0.08	0.0399999999999999	0.3737236409313546	0.356683557962109	pgaa-cross-platform-dual-gate-v2	pgaa-cross-platform-matched-controls-v2
cui2023_lymph_node_cytokine	Primary lymph-node immune cells, cytokine stimulation	biological_replicate_holdout_7_vs_7	cDC1|Cardiotrophin-1		4	pgaa_h	24	5000	0.04	0.03	0.01	0.0598937198350147	0.0407732345179887	pgaa-cross-platform-dual-gate-v2	pgaa-cross-platform-matched-controls-v2
cui2023_lymph_node_cytokine	Primary lymph-node immune cells, cytokine stimulation	biological_replicate_holdout_7_vs_7	cDC1|Cardiotrophin-1		4	absolute_mean_shift	24	5000	0.08	0.07	0.0099999999999999	0.1017831563632563	0.1316232161088892	pgaa-cross-platform-dual-gate-v2	pgaa-cross-platform-matched-controls-v2
cui2023_lymph_node_cytokine	Primary lymph-node immune cells, cytokine stimulation	biological_replicate_holdout_7_vs_7	cDC1|Cardiotrophin-1		4	welch_abs_t	24	5000	0.01	0.01	0.0	0.009575087936867	0.0093474382162902	pgaa-cross-platform-dual-gate-v2	pgaa-cross-platform-matched-controls-v2
cui2023_lymph_node_cytokine	Primary lymph-node immune cells, cytokine stimulation	biological_replicate_holdout_7_vs_7	cDC1|Decorin		0	pgaa_w	24	5000	0.09	0.08	0.0099999999999999	0.3441828687849273	0.375166147820501	pgaa-cross-platform-dual-gate-v2	pgaa-cross-platform-matched-controls-v2
cui2023_lymph_node_cytokine	Primary lymph-node immune cells, cytokine stimulation	biological_replicate_holdout_7_vs_7	cDC1|Decorin		0	pgaa_h	24	5000	0.04	0.02	0.02	0.0964861797566597	0.0765066573922791	pgaa-cross-platform-dual-gate-v2	pgaa-cross-platform-matched-controls-v2
cui2023_lymph_node_cytokine	Primary lymph-node immune cells, cytokine stimulation	biological_replicate_holdout_7_vs_7	cDC1|Decorin		0	absolute_mean_shift	24	5000	0.1	0.1	0.0	0.114914369460039	0.1184868175905705	pgaa-cross-platform-dual-gate-v2	pgaa-cross-platform-matched-controls-v2
cui2023_lymph_node_cytokine	Primary lymph-node immune cells, cytokine stimulation	biological_replicate_holdout_7_vs_7	cDC1|Decorin		0	welch_abs_t	24	5000	0.01	0.06	-0.0499999999999999	0.0067009663039321	0.0134339644131507	pgaa-cross-platform-dual-gate-v2	pgaa-cross-platform-matched-controls-v2
cui2023_lymph_node_cytokine	Primary lymph-node immune cells, cytokine stimulation	biological_replicate_holdout_7_vs_7	cDC1|Decorin		1	pgaa_w	24	5000	0.07	0.1	-0.03	0.3396605804188498	0.4174758567302196	pgaa-cross-platform-dual-gate-v2	pgaa-cross-platform-matched-controls-v2
cui2023_lymph_node_cytokine	Primary lymph-node immune cells, cytokine stimulation	biological_replicate_holdout_7_vs_7	cDC1|Decorin		1	pgaa_h	24	5000	0.02	0.04	-0.02	0.0706072805734181	0.0781259938727958	pgaa-cross-platform-dual-gate-v2	pgaa-cross-platform-matched-controls-v2
cui2023_lymph_node_cytokine	Primary lymph-node immune cells, cytokine stimulation	biological_replicate_holdout_7_vs_7	cDC1|Decorin		1	absolute_mean_shift	24	5000	0.06	0.12	-0.06	0.0992310756736546	0.139415229200175	pgaa-cross-platform-dual-gate-v2	pgaa-cross-platform-matched-controls-v2
cui2023_lymph_node_cytokine	Primary lymph-node immune cells, cytokine stimulation	biological_replicate_holdout_7_vs_7	cDC1|Decorin		1	welch_abs_t	24	5000	0.01	0.02	-0.01	0.0121791004432639	0.0111946577679028	pgaa-cross-platform-dual-gate-v2	pgaa-cross-platform-matched-controls-v2
cui2023_lymph_node_cytokine	Primary lymph-node immune cells, cytokine stimulation	biological_replicate_holdout_7_vs_7	cDC1|Decorin		2	pgaa_w	24	5000	0.09	0.07	0.0199999999999999	0.3606737336960892	0.3480464864344776	pgaa-cross-platform-dual-gate-v2	pgaa-cross-platform-matched-controls-v2
cui2023_lymph_node_cytokine	Primary lymph-node immune cells, cytokine stimulation	biological_replicate_holdout_7_vs_7	cDC1|Decorin		2	pgaa_h	24	5000	0.1	0.04	0.06	0.0537567451954768	0.067788208999739	pgaa-cross-platform-dual-gate-v2	pgaa-cross-platform-matched-controls-v2
cui2023_lymph_node_cytokine	Primary lymph-node immune cells, cytokine stimulation	biological_replicate_holdout_7_vs_7	cDC1|Decorin		2	absolute_mean_shift	24	5000	0.1	0.04	0.06	0.1118037223124327	0.1135601408006107	pgaa-cross-platform-dual-gate-v2	pgaa-cross-platform-matched-controls-v2
cui2023_lymph_node_cytokine	Primary lymph-node immune cells, cytokine stimulation	biological_replicate_holdout_7_vs_7	cDC1|Decorin		2	welch_abs_t	24	5000	0.02	0.03	-0.0099999999999999	0.0091137657256168	0.0079453690553186	pgaa-cross-platform-dual-gate-v2	pgaa-cross-platform-matched-controls-v2
cui2023_lymph_node_cytokine	Primary lymph-node immune cells, cytokine stimulation	biological_replicate_holdout_7_vs_7	cDC1|Decorin		3	pgaa_w	24	5000	0.15	0.09	0.06	0.3395292737352994	0.3622388690138436	pgaa-cross-platform-dual-gate-v2	pgaa-cross-platform-matched-controls-v2
cui2023_lymph_node_cytokine	Primary lymph-node immune cells, cytokine stimulation	biological_replicate_holdout_7_vs_7	cDC1|Decorin		3	pgaa_h	24	5000	0.04	0.03	0.01	0.0750263168663762	0.0682907961000128	pgaa-cross-platform-dual-gate-v2	pgaa-cross-platform-matched-controls-v2
cui2023_lymph_node_cytokine	Primary lymph-node immune cells, cytokine stimulation	biological_replicate_holdout_7_vs_7	cDC1|Decorin		3	absolute_mean_shift	24	5000	0.15	0.08	0.0699999999999999	0.1205116827020335	0.1225872936006697	pgaa-cross-platform-dual-gate-v2	pgaa-cross-platform-matched-controls-v2
cui2023_lymph_node_cytokine	Primary lymph-node immune cells, cytokine stimulation	biological_replicate_holdout_7_vs_7	cDC1|Decorin		3	welch_abs_t	24	5000	0.02	0.01	0.01	0.0212781053117815	0.0211080649963054	pgaa-cross-platform-dual-gate-v2	pgaa-cross-platform-matched-controls-v2
cui2023_lymph_node_cytokine	Primary lymph-node immune cells, cytokine stimulation	biological_replicate_holdout_7_vs_7	cDC1|Decorin		4	pgaa_w	24	5000	0.09	0.06	0.03	0.3498413975559495	0.365116200528894	pgaa-cross-platform-dual-gate-v2	pgaa-cross-platform-matched-controls-v2
cui2023_lymph_node_cytokine	Primary lymph-node immune cells, cytokine stimulation	biological_replicate_holdout_7_vs_7	cDC1|Decorin		4	pgaa_h	24	5000	0.05	0.03	0.02	0.0434838410224448	0.0484036567447139	pgaa-cross-platform-dual-gate-v2	pgaa-cross-platform-matched-controls-v2
cui2023_lymph_node_cytokine	Primary lymph-node immune cells, cytokine stimulation	biological_replicate_holdout_7_vs_7	cDC1|Decorin		4	absolute_mean_shift	24	5000	0.06	0.05	0.0099999999999999	0.1009221157504908	0.1167689592956281	pgaa-cross-platform-dual-gate-v2	pgaa-cross-platform-matched-controls-v2
cui2023_lymph_node_cytokine	Primary lymph-node immune cells, cytokine stimulation	biological_replicate_holdout_7_vs_7	cDC1|Decorin		4	welch_abs_t	24	5000	0.02	0.0	0.02	0.0024963207162928	0.0092291176504429	pgaa-cross-platform-dual-gate-v2	pgaa-cross-platform-matched-controls-v2
cui2023_lymph_node_cytokine	Primary lymph-node immune cells, cytokine stimulation	biological_replicate_holdout_7_vs_7	cDC1|EGF		0	pgaa_w	24	5000	0.09	0.06	0.03	0.3647810129807355	0.3610105033124922	pgaa-cross-platform-dual-gate-v2	pgaa-cross-platform-matched-controls-v2
cui2023_lymph_node_cytokine	Primary lymph-node immune cells, cytokine stimulation	biological_replicate_holdout_7_vs_7	cDC1|EGF		0	pgaa_h	24	5000	0.02	0.06	-0.0399999999999999	0.047514011071458	0.0643891978676397	pgaa-cross-platform-dual-gate-v2	pgaa-cross-platform-matched-controls-v2
cui2023_lymph_node_cytokine	Primary lymph-node immune cells, cytokine stimulation	biological_replicate_holdout_7_vs_7	cDC1|EGF		0	absolute_mean_shift	24	5000	0.08	0.04	0.04	0.1015360837686413	0.1099006856053224	pgaa-cross-platform-dual-gate-v2	pgaa-cross-platform-matched-controls-v2
cui2023_lymph_node_cytokine	Primary lymph-node immune cells, cytokine stimulation	biological_replicate_holdout_7_vs_7	cDC1|EGF		0	welch_abs_t	24	5000	0.01	0.04	-0.03	-0.0196200613586008	-0.0016762731136154	pgaa-cross-platform-dual-gate-v2	pgaa-cross-platform-matched-controls-v2
cui2023_lymph_node_cytokine	Primary lymph-node immune cells, cytokine stimulation	biological_replicate_holdout_7_vs_7	cDC1|EGF		1	pgaa_w	24	5000	0.12	0.12	0.0	0.4065372550568384	0.3825952671258712	pgaa-cross-platform-dual-gate-v2	pgaa-cross-platform-matched-controls-v2
cui2023_lymph_node_cytokine	Primary lymph-node immune cells, cytokine stimulation	biological_replicate_holdout_7_vs_7	cDC1|EGF		1	pgaa_h	24	5000	0.04	0.04	0.0	0.065370255090519	0.0605675051332477	pgaa-cross-platform-dual-gate-v2	pgaa-cross-platform-matched-controls-v2
cui2023_lymph_node_cytokine	Primary lymph-node immune cells, cytokine stimulation	biological_replicate_holdout_7_vs_7	cDC1|EGF		1	absolute_mean_shift	24	5000	0.12	0.1	0.0199999999999999	0.1117326551113898	0.1490820381387387	pgaa-cross-platform-dual-gate-v2	pgaa-cross-platform-matched-controls-v2
cui2023_lymph_node_cytokine	Primary lymph-node immune cells, cytokine stimulation	biological_replicate_holdout_7_vs_7	cDC1|EGF		1	welch_abs_t	24	5000	0.02	0.02	0.0	0.0031253639772338	0.0211016356386521	pgaa-cross-platform-dual-gate-v2	pgaa-cross-platform-matched-controls-v2
cui2023_lymph_node_cytokine	Primary lymph-node immune cells, cytokine stimulation	biological_replicate_holdout_7_vs_7	cDC1|EGF		2	pgaa_w	24	5000	0.1	0.09	0.01	0.3728372180193916	0.352112315937121	pgaa-cross-platform-dual-gate-v2	pgaa-cross-platform-matched-controls-v2
cui2023_lymph_node_cytokine	Primary lymph-node immune cells, cytokine stimulation	biological_replicate_holdout_7_vs_7	cDC1|EGF		2	pgaa_h	24	5000	0.07	0.06	0.01	0.0403460052194621	0.0711146039478589	pgaa-cross-platform-dual-gate-v2	pgaa-cross-platform-matched-controls-v2
cui2023_lymph_node_cytokine	Primary lymph-node immune cells, cytokine stimulation	biological_replicate_holdout_7_vs_7	cDC1|EGF		2	absolute_mean_shift	24	5000	0.08	0.09	-0.0099999999999999	0.109542537332415	0.1203452738510501	pgaa-cross-platform-dual-gate-v2	pgaa-cross-platform-matched-controls-v2
cui2023_lymph_node_cytokine	Primary lymph-node immune cells, cytokine stimulation	biological_replicate_holdout_7_vs_7	cDC1|EGF		2	welch_abs_t	24	5000	0.01	0.04	-0.03	0.0145792187325831	-0.0150878812948451	pgaa-cross-platform-dual-gate-v2	pgaa-cross-platform-matched-controls-v2
cui2023_lymph_node_cytokine	Primary lymph-node immune cells, cytokine stimulation	biological_replicate_holdout_7_vs_7	cDC1|EGF		3	pgaa_w	24	5000	0.1	0.05	0.05	0.3739910348187844	0.3629343510156405	pgaa-cross-platform-dual-gate-v2	pgaa-cross-platform-matched-controls-v2
cui2023_lymph_node_cytokine	Primary lymph-node immune cells, cytokine stimulation	biological_replicate_holdout_7_vs_7	cDC1|EGF		3	pgaa_h	24	5000	0.02	0.06	-0.0399999999999999	0.0716401431301903	0.0929254069179732	pgaa-cross-platform-dual-gate-v2	pgaa-cross-platform-matched-controls-v2
cui2023_lymph_node_cytokine	Primary lymph-node immune cells, cytokine stimulation	biological_replicate_holdout_7_vs_7	cDC1|EGF		3	absolute_mean_shift	24	5000	0.07	0.05	0.02	0.094410776754363	0.1165308574705943	pgaa-cross-platform-dual-gate-v2	pgaa-cross-platform-matched-controls-v2
cui2023_lymph_node_cytokine	Primary lymph-node immune cells, cytokine stimulation	biological_replicate_holdout_7_vs_7	cDC1|EGF		3	welch_abs_t	24	5000	0.02	0.03	-0.0099999999999999	-0.0150701049459962	-0.0116784362848312	pgaa-cross-platform-dual-gate-v2	pgaa-cross-platform-matched-controls-v2
cui2023_lymph_node_cytokine	Primary lymph-node immune cells, cytokine stimulation	biological_replicate_holdout_7_vs_7	cDC1|EGF		4	pgaa_w	24	5000	0.18	0.15	0.03	0.340061696521114	0.351320642846342	pgaa-cross-platform-dual-gate-v2	pgaa-cross-platform-matched-controls-v2
cui2023_lymph_node_cytokine	Primary lymph-node immune cells, cytokine stimulation	biological_replicate_holdout_7_vs_7	cDC1|EGF		4	pgaa_h	24	5000	0.06	0.04	0.0199999999999999	0.0704100812121293	0.0942707033260544	pgaa-cross-platform-dual-gate-v2	pgaa-cross-platform-matched-controls-v2
cui2023_lymph_node_cytokine	Primary lymph-node immune cells, cytokine stimulation	biological_replicate_holdout_7_vs_7	cDC1|EGF		4	absolute_mean_shift	24	5000	0.12	0.11	0.0099999999999999	0.0889006560277105	0.1182420910534204	pgaa-cross-platform-dual-gate-v2	pgaa-cross-platform-matched-controls-v2
cui2023_lymph_node_cytokine	Primary lymph-node immune cells, cytokine stimulation	biological_replicate_holdout_7_vs_7	cDC1|EGF		4	welch_abs_t	24	5000	0.03	0.03	0.0	-0.0187323595792688	0.0015219297688584	pgaa-cross-platform-dual-gate-v2	pgaa-cross-platform-matched-controls-v2
cui2023_lymph_node_cytokine	Primary lymph-node immune cells, cytokine stimulation	biological_replicate_holdout_7_vs_7	cDC1|FGF-basic		0	pgaa_w	24	5000	0.13	0.14	-0.01	0.4141808580339465	0.3434567188741058	pgaa-cross-platform-dual-gate-v2	pgaa-cross-platform-matched-controls-v2
cui2023_lymph_node_cytokine	Primary lymph-node immune cells, cytokine stimulation	biological_replicate_holdout_7_vs_7	cDC1|FGF-basic		0	pgaa_h	24	5000	0.03	0.03	0.0	0.0598552405356719	0.0649304484893293	pgaa-cross-platform-dual-gate-v2	pgaa-cross-platform-matched-controls-v2
cui2023_lymph_node_cytokine	Primary lymph-node immune cells, cytokine stimulation	biological_replicate_holdout_7_vs_7	cDC1|FGF-basic		0	absolute_mean_shift	24	5000	0.11	0.11	0.0	0.1307546823897261	0.1114941563281227	pgaa-cross-platform-dual-gate-v2	pgaa-cross-platform-matched-controls-v2
cui2023_lymph_node_cytokine	Primary lymph-node immune cells, cytokine stimulation	biological_replicate_holdout_7_vs_7	cDC1|FGF-basic		0	welch_abs_t	24	5000	0.0	0.02	-0.02	-0.0016230766037046	0.0030531694749169	pgaa-cross-platform-dual-gate-v2	pgaa-cross-platform-matched-controls-v2
cui2023_lymph_node_cytokine	Primary lymph-node immune cells, cytokine stimulation	biological_replicate_holdout_7_vs_7	cDC1|FGF-basic		1	pgaa_w	24	5000	0.17	0.08	0.09	0.443218086274046	0.4020959605282582	pgaa-cross-platform-dual-gate-v2	pgaa-cross-platform-matched-controls-v2
cui2023_lymph_node_cytokine	Primary lymph-node immune cells, cytokine stimulation	biological_replicate_holdout_7_vs_7	cDC1|FGF-basic		1	pgaa_h	24	5000	0.03	0.05	-0.02	0.0665151325595105	0.0563862463394996	pgaa-cross-platform-dual-gate-v2	pgaa-cross-platform-matched-controls-v2
cui2023_lymph_node_cytokine	Primary lymph-node immune cells, cytokine stimulation	biological_replicate_holdout_7_vs_7	cDC1|FGF-basic		1	absolute_mean_shift	24	5000	0.1	0.02	0.08	0.1445532396974362	0.113924161573447	pgaa-cross-platform-dual-gate-v2	pgaa-cross-platform-matched-controls-v2
cui2023_lymph_node_cytokine	Primary lymph-node immune cells, cytokine stimulation	biological_replicate_holdout_7_vs_7	cDC1|FGF-basic		1	welch_abs_t	24	5000	0.01	0.02	-0.01	0.0342676348433765	0.0073361055242157	pgaa-cross-platform-dual-gate-v2	pgaa-cross-platform-matched-controls-v2
cui2023_lymph_node_cytokine	Primary lymph-node immune cells, cytokine stimulation	biological_replicate_holdout_7_vs_7	cDC1|FGF-basic		2	pgaa_w	24	5000	0.08	0.12	-0.0399999999999999	0.3773666724657661	0.4125746456466236	pgaa-cross-platform-dual-gate-v2	pgaa-cross-platform-matched-controls-v2
cui2023_lymph_node_cytokine	Primary lymph-node immune cells, cytokine stimulation	biological_replicate_holdout_7_vs_7	cDC1|FGF-basic		2	pgaa_h	24	5000	0.02	0.02	0.0	0.0561487046282788	0.0771508801455231	pgaa-cross-platform-dual-gate-v2	pgaa-cross-platform-matched-controls-v2
cui2023_lymph_node_cytokine	Primary lymph-node immune cells, cytokine stimulation	biological_replicate_holdout_7_vs_7	cDC1|FGF-basic		2	absolute_mean_shift	24	5000	0.08	0.11	-0.03	0.1429469669599267	0.1529943967404662	pgaa-cross-platform-dual-gate-v2	pgaa-cross-platform-matched-controls-v2
cui2023_lymph_node_cytokine	Primary lymph-node immune cells, cytokine stimulation	biological_replicate_holdout_7_vs_7	cDC1|FGF-basic		2	welch_abs_t	24	5000	0.02	0.01	0.01	0.0094670097817369	0.0156932472580167	pgaa-cross-platform-dual-gate-v2	pgaa-cross-platform-matched-controls-v2
cui2023_lymph_node_cytokine	Primary lymph-node immune cells, cytokine stimulation	biological_replicate_holdout_7_vs_7	cDC1|FGF-basic		3	pgaa_w	24	5000	0.08	0.08	0.0	0.3839425119303662	0.3684821980938795	pgaa-cross-platform-dual-gate-v2	pgaa-cross-platform-matched-controls-v2
cui2023_lymph_node_cytokine	Primary lymph-node immune cells, cytokine stimulation	biological_replicate_holdout_7_vs_7	cDC1|FGF-basic		3	pgaa_h	24	5000	0.04	0.04	0.0	0.0668881202849856	0.0608926255958999	pgaa-cross-platform-dual-gate-v2	pgaa-cross-platform-matched-controls-v2
cui2023_lymph_node_cytokine	Primary lymph-node immune cells, cytokine stimulation	biological_replicate_holdout_7_vs_7	cDC1|FGF-basic		3	absolute_mean_shift	24	5000	0.05	0.06	-0.0099999999999999	0.1196117208405141	0.1222736289927861	pgaa-cross-platform-dual-gate-v2	pgaa-cross-platform-matched-controls-v2
cui2023_lymph_node_cytokine	Primary lymph-node immune cells, cytokine stimulation	biological_replicate_holdout_7_vs_7	cDC1|FGF-basic		3	welch_abs_t	24	5000	0.02	0.01	0.01	0.0088562617909548	0.0175600065528886	pgaa-cross-platform-dual-gate-v2	pgaa-cross-platform-matched-controls-v2
cui2023_lymph_node_cytokine	Primary lymph-node immune cells, cytokine stimulation	biological_replicate_holdout_7_vs_7	cDC1|FGF-basic		4	pgaa_w	24	5000	0.09	0.08	0.0099999999999999	0.3551526923409696	0.3761547243354723	pgaa-cross-platform-dual-gate-v2	pgaa-cross-platform-matched-controls-v2
cui2023_lymph_node_cytokine	Primary lymph-node immune cells, cytokine stimulation	biological_replicate_holdout_7_vs_7	cDC1|FGF-basic		4	pgaa_h	24	5000	0.01	0.02	-0.01	0.0539539887231579	0.0569871561763902	pgaa-cross-platform-dual-gate-v2	pgaa-cross-platform-matched-controls-v2
cui2023_lymph_node_cytokine	Primary lymph-node immune cells, cytokine stimulation	biological_replicate_holdout_7_vs_7	cDC1|FGF-basic		4	absolute_mean_shift	24	5000	0.09	0.04	0.0499999999999999	0.1158150848633563	0.104655341316971	pgaa-cross-platform-dual-gate-v2	pgaa-cross-platform-matched-controls-v2
cui2023_lymph_node_cytokine	Primary lymph-node immune cells, cytokine stimulation	biological_replicate_holdout_7_vs_7	cDC1|FGF-basic		4	welch_abs_t	24	5000	0.02	0.01	0.01	0.0111149850150883	-0.0124472325994625	pgaa-cross-platform-dual-gate-v2	pgaa-cross-platform-matched-controls-v2
cui2023_lymph_node_cytokine	Primary lymph-node immune cells, cytokine stimulation	biological_replicate_holdout_7_vs_7	cDC1|FasL		0	pgaa_w	24	5000	0.08	0.12	-0.0399999999999999	0.4717144823450997	0.387755482698248	pgaa-cross-platform-dual-gate-v2	pgaa-cross-platform-matched-controls-v2
cui2023_lymph_node_cytokine	Primary lymph-node immune cells, cytokine stimulation	biological_replicate_holdout_7_vs_7	cDC1|FasL		0	pgaa_h	24	5000	0.03	0.02	0.0099999999999999	0.0827448947274432	0.051306214574481	pgaa-cross-platform-dual-gate-v2	pgaa-cross-platform-matched-controls-v2
cui2023_lymph_node_cytokine	Primary lymph-node immune cells, cytokine stimulation	biological_replicate_holdout_7_vs_7	cDC1|FasL		0	absolute_mean_shift	24	5000	0.06	0.07	-0.01	0.1430000156744567	0.1430109200674716	pgaa-cross-platform-dual-gate-v2	pgaa-cross-platform-matched-controls-v2
cui2023_lymph_node_cytokine	Primary lymph-node immune cells, cytokine stimulation	biological_replicate_holdout_7_vs_7	cDC1|FasL		0	welch_abs_t	24	5000	0.02	0.02	0.0	0.0039992667889039	0.0067072759079152	pgaa-cross-platform-dual-gate-v2	pgaa-cross-platform-matched-controls-v2
cui2023_lymph_node_cytokine	Primary lymph-node immune cells, cytokine stimulation	biological_replicate_holdout_7_vs_7	cDC1|FasL		1	pgaa_w	24	5000	0.16	0.09	0.07	0.4262040332958252	0.3591529832253656	pgaa-cross-platform-dual-gate-v2	pgaa-cross-platform-matched-controls-v2
cui2023_lymph_node_cytokine	Primary lymph-node immune cells, cytokine stimulation	biological_replicate_holdout_7_vs_7	cDC1|FasL		1	pgaa_h	24	5000	0.02	0.02	0.0	0.0690795674654583	0.0746615859071616	pgaa-cross-platform-dual-gate-v2	pgaa-cross-platform-matched-controls-v2
cui2023_lymph_node_cytokine	Primary lymph-node immune cells, cytokine stimulation	biological_replicate_holdout_7_vs_7	cDC1|FasL		1	absolute_mean_shift	24	5000	0.15	0.09	0.06	0.1692328396547863	0.1369520652211942	pgaa-cross-platform-dual-gate-v2	pgaa-cross-platform-matched-controls-v2
cui2023_lymph_node_cytokine	Primary lymph-node immune cells, cytokine stimulation	biological_replicate_holdout_7_vs_7	cDC1|FasL		1	welch_abs_t	24	5000	0.02	0.03	-0.0099999999999999	0.0597267011948134	0.0223621338253009	pgaa-cross-platform-dual-gate-v2	pgaa-cross-platform-matched-controls-v2
cui2023_lymph_node_cytokine	Primary lymph-node immune cells, cytokine stimulation	biological_replicate_holdout_7_vs_7	cDC1|FasL		2	pgaa_w	24	5000	0.12	0.15	-0.03	0.3864570546543439	0.3722961004069795	pgaa-cross-platform-dual-gate-v2	pgaa-cross-platform-matched-controls-v2
cui2023_lymph_node_cytokine	Primary lymph-node immune cells, cytokine stimulation	biological_replicate_holdout_7_vs_7	cDC1|FasL		2	pgaa_h	24	5000	0.02	0.04	-0.02	0.0684236498644578	0.0615641734792347	pgaa-cross-platform-dual-gate-v2	pgaa-cross-platform-matched-controls-v2
cui2023_lymph_node_cytokine	Primary lymph-node immune cells, cytokine stimulation	biological_replicate_holdout_7_vs_7	cDC1|FasL		2	absolute_mean_shift	24	5000	0.14	0.09	0.05	0.1233426561803047	0.1361429289463725	pgaa-cross-platform-dual-gate-v2	pgaa-cross-platform-matched-controls-v2
cui2023_lymph_node_cytokine	Primary lymph-node immune cells, cytokine stimulation	biological_replicate_holdout_7_vs_7	cDC1|FasL		2	welch_abs_t	24	5000	0.04	0.01	0.03	0.0132789541228811	0.0288235489085769	pgaa-cross-platform-dual-gate-v2	pgaa-cross-platform-matched-controls-v2
cui2023_lymph_node_cytokine	Primary lymph-node immune cells, cytokine stimulation	biological_replicate_holdout_7_vs_7	cDC1|FasL		3	pgaa_w	24	5000	0.14	0.09	0.05	0.4076851403115355	0.3620450389053878	pgaa-cross-platform-dual-gate-v2	pgaa-cross-platform-matched-controls-v2
cui2023_lymph_node_cytokine	Primary lymph-node immune cells, cytokine stimulation	biological_replicate_holdout_7_vs_7	cDC1|FasL		3	pgaa_h	24	5000	0.03	0.02	0.0099999999999999	0.0828852758957603	0.0592294600903028	pgaa-cross-platform-dual-gate-v2	pgaa-cross-platform-matched-controls-v2
cui2023_lymph_node_cytokine	Primary lymph-node immune cells, cytokine stimulation	biological_replicate_holdout_7_vs_7	cDC1|FasL		3	absolute_mean_shift	24	5000	0.12	0.07	0.0499999999999999	0.1293201060543159	0.1220471391841896	pgaa-cross-platform-dual-gate-v2	pgaa-cross-platform-matched-controls-v2
cui2023_lymph_node_cytokine	Primary lymph-node immune cells, cytokine stimulation	biological_replicate_holdout_7_vs_7	cDC1|FasL		3	welch_abs_t	24	5000	0.03	0.01	0.0199999999999999	0.0007539754723856	0.0230365175894449	pgaa-cross-platform-dual-gate-v2	pgaa-cross-platform-matched-controls-v2
cui2023_lymph_node_cytokine	Primary lymph-node immune cells, cytokine stimulation	biological_replicate_holdout_7_vs_7	cDC1|FasL		4	pgaa_w	24	5000	0.1	0.14	-0.04	0.3724204785193633	0.3847447721194299	pgaa-cross-platform-dual-gate-v2	pgaa-cross-platform-matched-controls-v2
cui2023_lymph_node_cytokine	Primary lymph-node immune cells, cytokine stimulation	biological_replicate_holdout_7_vs_7	cDC1|FasL		4	pgaa_h	24	5000	0.03	0.05	-0.02	0.0651022094226384	0.0712427066501046	pgaa-cross-platform-dual-gate-v2	pgaa-cross-platform-matched-controls-v2
cui2023_lymph_node_cytokine	Primary lymph-node immune cells, cytokine stimulation	biological_replicate_holdout_7_vs_7	cDC1|FasL		4	absolute_mean_shift	24	5000	0.08	0.13	-0.05	0.1179734732616009	0.1171952351086745	pgaa-cross-platform-dual-gate-v2	pgaa-cross-platform-matched-controls-v2
cui2023_lymph_node_cytokine	Primary lymph-node immune cells, cytokine stimulation	biological_replicate_holdout_7_vs_7	cDC1|FasL		4	welch_abs_t	24	5000	0.04	0.03	0.01	-0.0007591265943868	-0.0106405895787069	pgaa-cross-platform-dual-gate-v2	pgaa-cross-platform-matched-controls-v2
cui2023_lymph_node_cytokine	Primary lymph-node immune cells, cytokine stimulation	biological_replicate_holdout_7_vs_7	cDC1|G-CSF		0	pgaa_w	24	5000	0.11	0.19	-0.08	0.4345774543956035	0.3747056799602242	pgaa-cross-platform-dual-gate-v2	pgaa-cross-platform-matched-controls-v2
cui2023_lymph_node_cytokine	Primary lymph-node immune cells, cytokine stimulation	biological_replicate_holdout_7_vs_7	cDC1|G-CSF		0	pgaa_h	24	5000	0.03	0.04	-0.01	0.0605379383478225	0.0539437669534456	pgaa-cross-platform-dual-gate-v2	pgaa-cross-platform-matched-controls-v2
cui2023_lymph_node_cytokine	Primary lymph-node immune cells, cytokine stimulation	biological_replicate_holdout_7_vs_7	cDC1|G-CSF		0	absolute_mean_shift	24	5000	0.12	0.17	-0.05	0.1256216028733787	0.1264475881369055	pgaa-cross-platform-dual-gate-v2	pgaa-cross-platform-matched-controls-v2
cui2023_lymph_node_cytokine	Primary lymph-node immune cells, cytokine stimulation	biological_replicate_holdout_7_vs_7	cDC1|G-CSF		0	welch_abs_t	24	5000	0.01	0.03	-0.0199999999999999	-0.010713727970779	0.0138674106030103	pgaa-cross-platform-dual-gate-v2	pgaa-cross-platform-matched-controls-v2
cui2023_lymph_node_cytokine	Primary lymph-node immune cells, cytokine stimulation	biological_replicate_holdout_7_vs_7	cDC1|G-CSF		1	pgaa_w	24	5000	0.16	0.09	0.07	0.4560310679023272	0.4187447446971198	pgaa-cross-platform-dual-gate-v2	pgaa-cross-platform-matched-controls-v2
cui2023_lymph_node_cytokine	Primary lymph-node immune cells, cytokine stimulation	biological_replicate_holdout_7_vs_7	cDC1|G-CSF		1	pgaa_h	24	5000	0.04	0.02	0.02	0.0538937673279768	0.0608119629468452	pgaa-cross-platform-dual-gate-v2	pgaa-cross-platform-matched-controls-v2
cui2023_lymph_node_cytokine	Primary lymph-node immune cells, cytokine stimulation	biological_replicate_holdout_7_vs_7	cDC1|G-CSF		1	absolute_mean_shift	24	5000	0.11	0.07	0.0399999999999999	0.1625655472509275	0.1616515986842865	pgaa-cross-platform-dual-gate-v2	pgaa-cross-platform-matched-controls-v2
cui2023_lymph_node_cytokine	Primary lymph-node immune cells, cytokine stimulation	biological_replicate_holdout_7_vs_7	cDC1|G-CSF		1	welch_abs_t	24	5000	0.04	0.03	0.01	0.0195059385583832	0.0091782585694846	pgaa-cross-platform-dual-gate-v2	pgaa-cross-platform-matched-controls-v2
cui2023_lymph_node_cytokine	Primary lymph-node immune cells, cytokine stimulation	biological_replicate_holdout_7_vs_7	cDC1|G-CSF		2	pgaa_w	24	5000	0.08	0.08	0.0	0.4813100733586427	0.3401209816378882	pgaa-cross-platform-dual-gate-v2	pgaa-cross-platform-matched-controls-v2
cui2023_lymph_node_cytokine	Primary lymph-node immune cells, cytokine stimulation	biological_replicate_holdout_7_vs_7	cDC1|G-CSF		2	pgaa_h	24	5000	0.02	0.01	0.01	0.0681937109280226	0.0797422966427899	pgaa-cross-platform-dual-gate-v2	pgaa-cross-platform-matched-controls-v2
cui2023_lymph_node_cytokine	Primary lymph-node immune cells, cytokine stimulation	biological_replicate_holdout_7_vs_7	cDC1|G-CSF		2	absolute_mean_shift	24	5000	0.09	0.09	0.0	0.147648762524438	0.0918338920274505	pgaa-cross-platform-dual-gate-v2	pgaa-cross-platform-matched-controls-v2
cui2023_lymph_node_cytokine	Primary lymph-node immune cells, cytokine stimulation	biological_replicate_holdout_7_vs_7	cDC1|G-CSF		2	welch_abs_t	24	5000	0.02	0.02	0.0	-0.0022701153307351	0.0002334774145192	pgaa-cross-platform-dual-gate-v2	pgaa-cross-platform-matched-controls-v2
cui2023_lymph_node_cytokine	Primary lymph-node immune cells, cytokine stimulation	biological_replicate_holdout_7_vs_7	cDC1|G-CSF		3	pgaa_w	24	5000	0.11	0.13	-0.02	0.5464108306162383	0.4107154735719014	pgaa-cross-platform-dual-gate-v2	pgaa-cross-platform-matched-controls-v2
cui2023_lymph_node_cytokine	Primary lymph-node immune cells, cytokine stimulation	biological_replicate_holdout_7_vs_7	cDC1|G-CSF		3	pgaa_h	24	5000	0.03	0.04	-0.01	0.0767120426641227	0.0517076944513903	pgaa-cross-platform-dual-gate-v2	pgaa-cross-platform-matched-controls-v2
cui2023_lymph_node_cytokine	Primary lymph-node immune cells, cytokine stimulation	biological_replicate_holdout_7_vs_7	cDC1|G-CSF		3	absolute_mean_shift	24	5000	0.09	0.08	0.0099999999999999	0.1666780919776103	0.1463175279625281	pgaa-cross-platform-dual-gate-v2	pgaa-cross-platform-matched-controls-v2
cui2023_lymph_node_cytokine	Primary lymph-node immune cells, cytokine stimulation	biological_replicate_holdout_7_vs_7	cDC1|G-CSF		3	welch_abs_t	24	5000	0.01	0.02	-0.01	-0.0031959778904364	0.0144530260219262	pgaa-cross-platform-dual-gate-v2	pgaa-cross-platform-matched-controls-v2
cui2023_lymph_node_cytokine	Primary lymph-node immune cells, cytokine stimulation	biological_replicate_holdout_7_vs_7	cDC1|G-CSF		4	pgaa_w	24	5000	0.06	0.1	-0.04	0.4782219336702118	0.3699644311232568	pgaa-cross-platform-dual-gate-v2	pgaa-cross-platform-matched-controls-v2
cui2023_lymph_node_cytokine	Primary lymph-node immune cells, cytokine stimulation	biological_replicate_holdout_7_vs_7	cDC1|G-CSF		4	pgaa_h	24	5000	0.02	0.04	-0.02	0.0569077911134457	0.0659725334587812	pgaa-cross-platform-dual-gate-v2	pgaa-cross-platform-matched-controls-v2
cui2023_lymph_node_cytokine	Primary lymph-node immune cells, cytokine stimulation	biological_replicate_holdout_7_vs_7	cDC1|G-CSF		4	absolute_mean_shift	24	5000	0.04	0.09	-0.0499999999999999	0.1373948328497722	0.1119931280361322	pgaa-cross-platform-dual-gate-v2	pgaa-cross-platform-matched-controls-v2
cui2023_lymph_node_cytokine	Primary lymph-node immune cells, cytokine stimulation	biological_replicate_holdout_7_vs_7	cDC1|G-CSF		4	welch_abs_t	24	5000	0.03	0.05	-0.02	-0.009321042154583	0.0028380266807165	pgaa-cross-platform-dual-gate-v2	pgaa-cross-platform-matched-controls-v2
cui2023_lymph_node_cytokine	Primary lymph-node immune cells, cytokine stimulation	biological_replicate_holdout_7_vs_7	cDC1|IFNa1		0	pgaa_w	24	5000	0.64	0.07	0.5700000000000001	0.4933080918389995	0.3650884316382957	pgaa-cross-platform-dual-gate-v2	pgaa-cross-platform-matched-controls-v2
cui2023_lymph_node_cytokine	Primary lymph-node immune cells, cytokine stimulation	biological_replicate_holdout_7_vs_7	cDC1|IFNa1		0	pgaa_h	24	5000	0.02	0.02	0.0	0.0667669473191196	0.0705304232005081	pgaa-cross-platform-dual-gate-v2	pgaa-cross-platform-matched-controls-v2
cui2023_lymph_node_cytokine	Primary lymph-node immune cells, cytokine stimulation	biological_replicate_holdout_7_vs_7	cDC1|IFNa1		0	absolute_mean_shift	24	5000	0.64	0.06	0.5800000000000001	0.3175187444171956	0.1211122716037644	pgaa-cross-platform-dual-gate-v2	pgaa-cross-platform-matched-controls-v2
cui2023_lymph_node_cytokine	Primary lymph-node immune cells, cytokine stimulation	biological_replicate_holdout_7_vs_7	cDC1|IFNa1		0	welch_abs_t	24	5000	0.57	0.04	0.5299999999999999	0.1890108134421542	0.0171686729506412	pgaa-cross-platform-dual-gate-v2	pgaa-cross-platform-matched-controls-v2
cui2023_lymph_node_cytokine	Primary lymph-node immune cells, cytokine stimulation	biological_replicate_holdout_7_vs_7	cDC1|IFNa1		1	pgaa_w	24	5000	0.64	0.17	0.47	0.48775723214165	0.3841870803009546	pgaa-cross-platform-dual-gate-v2	pgaa-cross-platform-matched-controls-v2
cui2023_lymph_node_cytokine	Primary lymph-node immune cells, cytokine stimulation	biological_replicate_holdout_7_vs_7	cDC1|IFNa1		1	pgaa_h	24	5000	0.01	0.02	-0.01	0.0496928514703693	0.0552923804493571	pgaa-cross-platform-dual-gate-v2	pgaa-cross-platform-matched-controls-v2
cui2023_lymph_node_cytokine	Primary lymph-node immune cells, cytokine stimulation	biological_replicate_holdout_7_vs_7	cDC1|IFNa1		1	absolute_mean_shift	24	5000	0.62	0.11	0.51	0.3161953743192294	0.1251438450955176	pgaa-cross-platform-dual-gate-v2	pgaa-cross-platform-matched-controls-v2
cui2023_lymph_node_cytokine	Primary lymph-node immune cells, cytokine stimulation	biological_replicate_holdout_7_vs_7	cDC1|IFNa1		1	welch_abs_t	24	5000	0.56	0.02	0.54	0.1919799926556563	-0.0021007614466624	pgaa-cross-platform-dual-gate-v2	pgaa-cross-platform-matched-controls-v2
cui2023_lymph_node_cytokine	Primary lymph-node immune cells, cytokine stimulation	biological_replicate_holdout_7_vs_7	cDC1|IFNa1		2	pgaa_w	24	5000	0.61	0.07	0.54	0.5034884353775242	0.390000884785721	pgaa-cross-platform-dual-gate-v2	pgaa-cross-platform-matched-controls-v2
cui2023_lymph_node_cytokine	Primary lymph-node immune cells, cytokine stimulation	biological_replicate_holdout_7_vs_7	cDC1|IFNa1		2	pgaa_h	24	5000	0.01	0.01	0.0	0.0676405823528441	0.0514488147666924	pgaa-cross-platform-dual-gate-v2	pgaa-cross-platform-matched-controls-v2
cui2023_lymph_node_cytokine	Primary lymph-node immune cells, cytokine stimulation	biological_replicate_holdout_7_vs_7	cDC1|IFNa1		2	absolute_mean_shift	24	5000	0.62	0.07	0.55	0.3268210038851929	0.1398488341758787	pgaa-cross-platform-dual-gate-v2	pgaa-cross-platform-matched-controls-v2
cui2023_lymph_node_cytokine	Primary lymph-node immune cells, cytokine stimulation	biological_replicate_holdout_7_vs_7	cDC1|IFNa1		2	welch_abs_t	24	5000	0.58	0.02	0.5599999999999999	0.2003710635993281	0.0162248493349989	pgaa-cross-platform-dual-gate-v2	pgaa-cross-platform-matched-controls-v2
cui2023_lymph_node_cytokine	Primary lymph-node immune cells, cytokine stimulation	biological_replicate_holdout_7_vs_7	cDC1|IFNa1		3	pgaa_w	24	5000	0.64	0.07	0.5700000000000001	0.4806445005515256	0.3568047118836183	pgaa-cross-platform-dual-gate-v2	pgaa-cross-platform-matched-controls-v2
cui2023_lymph_node_cytokine	Primary lymph-node immune cells, cytokine stimulation	biological_replicate_holdout_7_vs_7	cDC1|IFNa1		3	pgaa_h	24	5000	0.01	0.0	0.01	0.0841624629904825	0.0659487008551314	pgaa-cross-platform-dual-gate-v2	pgaa-cross-platform-matched-controls-v2
cui2023_lymph_node_cytokine	Primary lymph-node immune cells, cytokine stimulation	biological_replicate_holdout_7_vs_7	cDC1|IFNa1		3	absolute_mean_shift	24	5000	0.64	0.06	0.5800000000000001	0.3168473528644923	0.1264173316902286	pgaa-cross-platform-dual-gate-v2	pgaa-cross-platform-matched-controls-v2
cui2023_lymph_node_cytokine	Primary lymph-node immune cells, cytokine stimulation	biological_replicate_holdout_7_vs_7	cDC1|IFNa1		3	welch_abs_t	24	5000	0.56	0.06	0.5	0.1841714532400306	0.0286365446801033	pgaa-cross-platform-dual-gate-v2	pgaa-cross-platform-matched-controls-v2
cui2023_lymph_node_cytokine	Primary lymph-node immune cells, cytokine stimulation	biological_replicate_holdout_7_vs_7	cDC1|IFNa1		4	pgaa_w	24	5000	0.65	0.14	0.51	0.4878524327492859	0.3914739794231196	pgaa-cross-platform-dual-gate-v2	pgaa-cross-platform-matched-controls-v2
cui2023_lymph_node_cytokine	Primary lymph-node immune cells, cytokine stimulation	biological_replicate_holdout_7_vs_7	cDC1|IFNa1		4	pgaa_h	24	5000	0.04	0.02	0.02	0.0662634675126938	0.0578498527331218	pgaa-cross-platform-dual-gate-v2	pgaa-cross-platform-matched-controls-v2
cui2023_lymph_node_cytokine	Primary lymph-node immune cells, cytokine stimulation	biological_replicate_holdout_7_vs_7	cDC1|IFNa1		4	absolute_mean_shift	24	5000	0.65	0.11	0.54	0.3198954451872683	0.1298431270836469	pgaa-cross-platform-dual-gate-v2	pgaa-cross-platform-matched-controls-v2
cui2023_lymph_node_cytokine	Primary lymph-node immune cells, cytokine stimulation	biological_replicate_holdout_7_vs_7	cDC1|IFNa1		4	welch_abs_t	24	5000	0.55	0.01	0.54	0.1723886086035289	-0.0021327158938284	pgaa-cross-platform-dual-gate-v2	pgaa-cross-platform-matched-controls-v2
shifrut2018_primary_t_crispr	Primary human T-cell CRISPR-Cas9	donor_holdout_1_vs_1	ARID1A	ARID1A	0	pgaa_w	70	4999	0.4	0.03	0.37	0.3613672786898316	0.2560126504679421	pgaa-cross-platform-dual-gate-v2	pgaa-cross-platform-matched-controls-v2
shifrut2018_primary_t_crispr	Primary human T-cell CRISPR-Cas9	donor_holdout_1_vs_1	ARID1A	ARID1A	0	pgaa_h	70	4999	0.03	0.12	-0.09	0.0496987293948745	0.1007861096010676	pgaa-cross-platform-dual-gate-v2	pgaa-cross-platform-matched-controls-v2
shifrut2018_primary_t_crispr	Primary human T-cell CRISPR-Cas9	donor_holdout_1_vs_1	ARID1A	ARID1A	0	absolute_mean_shift	70	4999	0.38	0.03	0.35	0.269666174730016	0.0971019900117296	pgaa-cross-platform-dual-gate-v2	pgaa-cross-platform-matched-controls-v2
shifrut2018_primary_t_crispr	Primary human T-cell CRISPR-Cas9	donor_holdout_1_vs_1	ARID1A	ARID1A	0	welch_abs_t	70	4999	0.23	0.01	0.22	0.1939082961850474	0.0069581952867745	pgaa-cross-platform-dual-gate-v2	pgaa-cross-platform-matched-controls-v2
shifrut2018_primary_t_crispr	Primary human T-cell CRISPR-Cas9	donor_holdout_1_vs_1	ARID1A	ARID1A	1	pgaa_w	70	4999	0.42	0.09	0.3299999999999999	0.3740620899209855	0.2765804951645402	pgaa-cross-platform-dual-gate-v2	pgaa-cross-platform-matched-controls-v2
shifrut2018_primary_t_crispr	Primary human T-cell CRISPR-Cas9	donor_holdout_1_vs_1	ARID1A	ARID1A	1	pgaa_h	70	4999	0.05	0.08	-0.03	0.0597361151078384	0.0777997942406453	pgaa-cross-platform-dual-gate-v2	pgaa-cross-platform-matched-controls-v2
shifrut2018_primary_t_crispr	Primary human T-cell CRISPR-Cas9	donor_holdout_1_vs_1	ARID1A	ARID1A	1	absolute_mean_shift	70	4999	0.43	0.09	0.3399999999999999	0.2783377600570537	0.0881922968551846	pgaa-cross-platform-dual-gate-v2	pgaa-cross-platform-matched-controls-v2
shifrut2018_primary_t_crispr	Primary human T-cell CRISPR-Cas9	donor_holdout_1_vs_1	ARID1A	ARID1A	1	welch_abs_t	70	4999	0.31	0.02	0.29	0.2040599647420481	0.0013998035284856	pgaa-cross-platform-dual-gate-v2	pgaa-cross-platform-matched-controls-v2
shifrut2018_primary_t_crispr	Primary human T-cell CRISPR-Cas9	donor_holdout_1_vs_1	ARID1A	ARID1A	2	pgaa_w	70	4999	0.39	0.06	0.33	0.4050222783669585	0.2624721122211053	pgaa-cross-platform-dual-gate-v2	pgaa-cross-platform-matched-controls-v2
shifrut2018_primary_t_crispr	Primary human T-cell CRISPR-Cas9	donor_holdout_1_vs_1	ARID1A	ARID1A	2	pgaa_h	70	4999	0.07	0.09	-0.0199999999999999	0.0575009630993161	0.0666466043313196	pgaa-cross-platform-dual-gate-v2	pgaa-cross-platform-matched-controls-v2
shifrut2018_primary_t_crispr	Primary human T-cell CRISPR-Cas9	donor_holdout_1_vs_1	ARID1A	ARID1A	2	absolute_mean_shift	70	4999	0.37	0.08	0.29	0.3133966326264098	0.0996806176259597	pgaa-cross-platform-dual-gate-v2	pgaa-cross-platform-matched-controls-v2
shifrut2018_primary_t_crispr	Primary human T-cell CRISPR-Cas9	donor_holdout_1_vs_1	ARID1A	ARID1A	2	welch_abs_t	70	4999	0.24	0.04	0.1999999999999999	0.2431453611425631	0.011106767242964	pgaa-cross-platform-dual-gate-v2	pgaa-cross-platform-matched-controls-v2
shifrut2018_primary_t_crispr	Primary human T-cell CRISPR-Cas9	donor_holdout_1_vs_1	ARID1A	ARID1A	3	pgaa_w	70	4999	0.45	0.11	0.34	0.3868781964796321	0.251338902831795	pgaa-cross-platform-dual-gate-v2	pgaa-cross-platform-matched-controls-v2
shifrut2018_primary_t_crispr	Primary human T-cell CRISPR-Cas9	donor_holdout_1_vs_1	ARID1A	ARID1A	3	pgaa_h	70	4999	0.02	0.08	-0.06	0.0529335443610274	0.0519034848485818	pgaa-cross-platform-dual-gate-v2	pgaa-cross-platform-matched-controls-v2
shifrut2018_primary_t_crispr	Primary human T-cell CRISPR-Cas9	donor_holdout_1_vs_1	ARID1A	ARID1A	3	absolute_mean_shift	70	4999	0.44	0.12	0.32	0.2980520769700158	0.0931902337634092	pgaa-cross-platform-dual-gate-v2	pgaa-cross-platform-matched-controls-v2
shifrut2018_primary_t_crispr	Primary human T-cell CRISPR-Cas9	donor_holdout_1_vs_1	ARID1A	ARID1A	3	welch_abs_t	70	4999	0.38	0.04	0.34	0.2266097162344019	-0.0027412631586078	pgaa-cross-platform-dual-gate-v2	pgaa-cross-platform-matched-controls-v2
shifrut2018_primary_t_crispr	Primary human T-cell CRISPR-Cas9	donor_holdout_1_vs_1	ARID1A	ARID1A	4	pgaa_w	70	4999	0.38	0.06	0.32	0.3744958731001903	0.2423281973699071	pgaa-cross-platform-dual-gate-v2	pgaa-cross-platform-matched-controls-v2
shifrut2018_primary_t_crispr	Primary human T-cell CRISPR-Cas9	donor_holdout_1_vs_1	ARID1A	ARID1A	4	pgaa_h	70	4999	0.1	0.03	0.07	0.0448611556895499	0.0905954170500451	pgaa-cross-platform-dual-gate-v2	pgaa-cross-platform-matched-controls-v2
shifrut2018_primary_t_crispr	Primary human T-cell CRISPR-Cas9	donor_holdout_1_vs_1	ARID1A	ARID1A	4	absolute_mean_shift	70	4999	0.39	0.06	0.33	0.2792692491093306	0.0806126381669046	pgaa-cross-platform-dual-gate-v2	pgaa-cross-platform-matched-controls-v2
shifrut2018_primary_t_crispr	Primary human T-cell CRISPR-Cas9	donor_holdout_1_vs_1	ARID1A	ARID1A	4	welch_abs_t	70	4999	0.31	0.01	0.3	0.1990244792776082	-0.0103731935756653	pgaa-cross-platform-dual-gate-v2	pgaa-cross-platform-matched-controls-v2
shifrut2018_primary_t_crispr	Primary human T-cell CRISPR-Cas9	donor_holdout_1_vs_1	BTLA	BTLA	0	pgaa_w	70	4999	0.3	0.07	0.2299999999999999	0.3601867271980251	0.254855233214822	pgaa-cross-platform-dual-gate-v2	pgaa-cross-platform-matched-controls-v2
shifrut2018_primary_t_crispr	Primary human T-cell CRISPR-Cas9	donor_holdout_1_vs_1	BTLA	BTLA	0	pgaa_h	70	4999	0.03	0.06	-0.03	0.0783783107230737	0.1073350654680981	pgaa-cross-platform-dual-gate-v2	pgaa-cross-platform-matched-controls-v2
shifrut2018_primary_t_crispr	Primary human T-cell CRISPR-Cas9	donor_holdout_1_vs_1	BTLA	BTLA	0	absolute_mean_shift	70	4999	0.3	0.04	0.26	0.2637338071759306	0.086247213394082	pgaa-cross-platform-dual-gate-v2	pgaa-cross-platform-matched-controls-v2
shifrut2018_primary_t_crispr	Primary human T-cell CRISPR-Cas9	donor_holdout_1_vs_1	BTLA	BTLA	0	welch_abs_t	70	4999	0.29	0.0	0.29	0.187440978817009	-0.0124982647480236	pgaa-cross-platform-dual-gate-v2	pgaa-cross-platform-matched-controls-v2
shifrut2018_primary_t_crispr	Primary human T-cell CRISPR-Cas9	donor_holdout_1_vs_1	BTLA	BTLA	1	pgaa_w	70	4999	0.4	0.1	0.3	0.3825724811800913	0.2504392528026362	pgaa-cross-platform-dual-gate-v2	pgaa-cross-platform-matched-controls-v2
shifrut2018_primary_t_crispr	Primary human T-cell CRISPR-Cas9	donor_holdout_1_vs_1	BTLA	BTLA	1	pgaa_h	70	4999	0.05	0.07	-0.02	0.0429876336018901	0.0771737222025157	pgaa-cross-platform-dual-gate-v2	pgaa-cross-platform-matched-controls-v2
shifrut2018_primary_t_crispr	Primary human T-cell CRISPR-Cas9	donor_holdout_1_vs_1	BTLA	BTLA	1	absolute_mean_shift	70	4999	0.41	0.09	0.3199999999999999	0.2947818918420772	0.0861599465900402	pgaa-cross-platform-dual-gate-v2	pgaa-cross-platform-matched-controls-v2
shifrut2018_primary_t_crispr	Primary human T-cell CRISPR-Cas9	donor_holdout_1_vs_1	BTLA	BTLA	1	welch_abs_t	70	4999	0.32	0.04	0.28	0.2145319121498857	0.0177564421934884	pgaa-cross-platform-dual-gate-v2	pgaa-cross-platform-matched-controls-v2
shifrut2018_primary_t_crispr	Primary human T-cell CRISPR-Cas9	donor_holdout_1_vs_1	BTLA	BTLA	2	pgaa_w	70	4999	0.46	0.09	0.37	0.4466254437922399	0.2374539644969168	pgaa-cross-platform-dual-gate-v2	pgaa-cross-platform-matched-controls-v2
shifrut2018_primary_t_crispr	Primary human T-cell CRISPR-Cas9	donor_holdout_1_vs_1	BTLA	BTLA	2	pgaa_h	70	4999	0.09	0.08	0.0099999999999999	0.0810571558678769	0.0936660264160222	pgaa-cross-platform-dual-gate-v2	pgaa-cross-platform-matched-controls-v2
shifrut2018_primary_t_crispr	Primary human T-cell CRISPR-Cas9	donor_holdout_1_vs_1	BTLA	BTLA	2	absolute_mean_shift	70	4999	0.45	0.07	0.38	0.3585758468552569	0.0748241607160393	pgaa-cross-platform-dual-gate-v2	pgaa-cross-platform-matched-controls-v2
shifrut2018_primary_t_crispr	Primary human T-cell CRISPR-Cas9	donor_holdout_1_vs_1	BTLA	BTLA	2	welch_abs_t	70	4999	0.36	0.06	0.3	0.2850147312535737	-0.0127111533414166	pgaa-cross-platform-dual-gate-v2	pgaa-cross-platform-matched-controls-v2
shifrut2018_primary_t_crispr	Primary human T-cell CRISPR-Cas9	donor_holdout_1_vs_1	BTLA	BTLA	3	pgaa_w	70	4999	0.41	0.08	0.3299999999999999	0.3807524216007668	0.2423242500695226	pgaa-cross-platform-dual-gate-v2	pgaa-cross-platform-matched-controls-v2
shifrut2018_primary_t_crispr	Primary human T-cell CRISPR-Cas9	donor_holdout_1_vs_1	BTLA	BTLA	3	pgaa_h	70	4999	0.07	0.05	0.02	0.0510284947532735	0.0815130589787326	pgaa-cross-platform-dual-gate-v2	pgaa-cross-platform-matched-controls-v2
shifrut2018_primary_t_crispr	Primary human T-cell CRISPR-Cas9	donor_holdout_1_vs_1	BTLA	BTLA	3	absolute_mean_shift	70	4999	0.4	0.07	0.33	0.2684095954013569	0.0649317929893006	pgaa-cross-platform-dual-gate-v2	pgaa-cross-platform-matched-controls-v2
shifrut2018_primary_t_crispr	Primary human T-cell CRISPR-Cas9	donor_holdout_1_vs_1	BTLA	BTLA	3	welch_abs_t	70	4999	0.37	0.02	0.35	0.2016120828967715	-0.0231759071493414	pgaa-cross-platform-dual-gate-v2	pgaa-cross-platform-matched-controls-v2
shifrut2018_primary_t_crispr	Primary human T-cell CRISPR-Cas9	donor_holdout_1_vs_1	BTLA	BTLA	4	pgaa_w	70	4999	0.35	0.07	0.2799999999999999	0.3926101992161364	0.2751082884420183	pgaa-cross-platform-dual-gate-v2	pgaa-cross-platform-matched-controls-v2
shifrut2018_primary_t_crispr	Primary human T-cell CRISPR-Cas9	donor_holdout_1_vs_1	BTLA	BTLA	4	pgaa_h	70	4999	0.01	0.11	-0.1	0.047830182172038	0.0972765696673883	pgaa-cross-platform-dual-gate-v2	pgaa-cross-platform-matched-controls-v2
shifrut2018_primary_t_crispr	Primary human T-cell CRISPR-Cas9	donor_holdout_1_vs_1	BTLA	BTLA	4	absolute_mean_shift	70	4999	0.35	0.06	0.29	0.2717632774159097	0.0917751584404723	pgaa-cross-platform-dual-gate-v2	pgaa-cross-platform-matched-controls-v2
shifrut2018_primary_t_crispr	Primary human T-cell CRISPR-Cas9	donor_holdout_1_vs_1	BTLA	BTLA	4	welch_abs_t	70	4999	0.28	0.04	0.24	0.1991890835838041	0.0033286520770689	pgaa-cross-platform-dual-gate-v2	pgaa-cross-platform-matched-controls-v2
shifrut2018_primary_t_crispr	Primary human T-cell CRISPR-Cas9	donor_holdout_1_vs_1	C10orf54	C10orf54	0	pgaa_w	70	4999	0.37	0.08	0.29	0.3589273037887031	0.2497570930888623	pgaa-cross-platform-dual-gate-v2	pgaa-cross-platform-matched-controls-v2
shifrut2018_primary_t_crispr	Primary human T-cell CRISPR-Cas9	donor_holdout_1_vs_1	C10orf54	C10orf54	0	pgaa_h	70	4999	0.05	0.04	0.01	0.0327772815465031	0.0911803425562392	pgaa-cross-platform-dual-gate-v2	pgaa-cross-platform-matched-controls-v2
shifrut2018_primary_t_crispr	Primary human T-cell CRISPR-Cas9	donor_holdout_1_vs_1	C10orf54	C10orf54	0	absolute_mean_shift	70	4999	0.36	0.07	0.29	0.2465550010539843	0.0926711567997643	pgaa-cross-platform-dual-gate-v2	pgaa-cross-platform-matched-controls-v2
shifrut2018_primary_t_crispr	Primary human T-cell CRISPR-Cas9	donor_holdout_1_vs_1	C10orf54	C10orf54	0	welch_abs_t	70	4999	0.25	0.01	0.24	0.1649902778714201	-0.0037820922407927	pgaa-cross-platform-dual-gate-v2	pgaa-cross-platform-matched-controls-v2
shifrut2018_primary_t_crispr	Primary human T-cell CRISPR-Cas9	donor_holdout_1_vs_1	C10orf54	C10orf54	1	pgaa_w	70	4999	0.28	0.04	0.24	0.3015178612193028	0.2412149967601154	pgaa-cross-platform-dual-gate-v2	pgaa-cross-platform-matched-controls-v2
shifrut2018_primary_t_crispr	Primary human T-cell CRISPR-Cas9	donor_holdout_1_vs_1	C10orf54	C10orf54	1	pgaa_h	70	4999	0.07	0.08	-0.0099999999999999	0.0582819206378994	0.082330216474785	pgaa-cross-platform-dual-gate-v2	pgaa-cross-platform-matched-controls-v2
shifrut2018_primary_t_crispr	Primary human T-cell CRISPR-Cas9	donor_holdout_1_vs_1	C10orf54	C10orf54	1	absolute_mean_shift	70	4999	0.3	0.03	0.27	0.2065584121965598	0.0707736667122153	pgaa-cross-platform-dual-gate-v2	pgaa-cross-platform-matched-controls-v2
shifrut2018_primary_t_crispr	Primary human T-cell CRISPR-Cas9	donor_holdout_1_vs_1	C10orf54	C10orf54	1	welch_abs_t	70	4999	0.24	0.01	0.2299999999999999	0.1344884681650493	-0.0086120452208558	pgaa-cross-platform-dual-gate-v2	pgaa-cross-platform-matched-controls-v2
shifrut2018_primary_t_crispr	Primary human T-cell CRISPR-Cas9	donor_holdout_1_vs_1	C10orf54	C10orf54	2	pgaa_w	70	4999	0.33	0.05	0.28	0.3571936818095912	0.2562007132695666	pgaa-cross-platform-dual-gate-v2	pgaa-cross-platform-matched-controls-v2
shifrut2018_primary_t_crispr	Primary human T-cell CRISPR-Cas9	donor_holdout_1_vs_1	C10orf54	C10orf54	2	pgaa_h	70	4999	0.08	0.08	0.0	0.056413614694266	0.1178969972295398	pgaa-cross-platform-dual-gate-v2	pgaa-cross-platform-matched-controls-v2
shifrut2018_primary_t_crispr	Primary human T-cell CRISPR-Cas9	donor_holdout_1_vs_1	C10orf54	C10orf54	2	absolute_mean_shift	70	4999	0.36	0.05	0.31	0.253723742881919	0.0918690690286689	pgaa-cross-platform-dual-gate-v2	pgaa-cross-platform-matched-controls-v2
shifrut2018_primary_t_crispr	Primary human T-cell CRISPR-Cas9	donor_holdout_1_vs_1	C10orf54	C10orf54	2	welch_abs_t	70	4999	0.22	0.02	0.2	0.17389159867988	0.0077575101217774	pgaa-cross-platform-dual-gate-v2	pgaa-cross-platform-matched-controls-v2
shifrut2018_primary_t_crispr	Primary human T-cell CRISPR-Cas9	donor_holdout_1_vs_1	C10orf54	C10orf54	3	pgaa_w	70	4999	0.4	0.02	0.38	0.3687443167384978	0.2603613869926585	pgaa-cross-platform-dual-gate-v2	pgaa-cross-platform-matched-controls-v2
shifrut2018_primary_t_crispr	Primary human T-cell CRISPR-Cas9	donor_holdout_1_vs_1	C10orf54	C10orf54	3	pgaa_h	70	4999	0.0	0.12	-0.12	0.0678976142103696	0.0778843152420086	pgaa-cross-platform-dual-gate-v2	pgaa-cross-platform-matched-controls-v2
shifrut2018_primary_t_crispr	Primary human T-cell CRISPR-Cas9	donor_holdout_1_vs_1	C10orf54	C10orf54	3	absolute_mean_shift	70	4999	0.39	0.03	0.36	0.2680775730304801	0.0935852999520196	pgaa-cross-platform-dual-gate-v2	pgaa-cross-platform-matched-controls-v2
shifrut2018_primary_t_crispr	Primary human T-cell CRISPR-Cas9	donor_holdout_1_vs_1	C10orf54	C10orf54	3	welch_abs_t	70	4999	0.28	0.02	0.26	0.197830704292119	0.0011841102575497	pgaa-cross-platform-dual-gate-v2	pgaa-cross-platform-matched-controls-v2
shifrut2018_primary_t_crispr	Primary human T-cell CRISPR-Cas9	donor_holdout_1_vs_1	C10orf54	C10orf54	4	pgaa_w	70	4999	0.29	0.06	0.2299999999999999	0.3128681422313963	0.2514640563599213	pgaa-cross-platform-dual-gate-v2	pgaa-cross-platform-matched-controls-v2
shifrut2018_primary_t_crispr	Primary human T-cell CRISPR-Cas9	donor_holdout_1_vs_1	C10orf54	C10orf54	4	pgaa_h	70	4999	0.04	0.07	-0.03	0.0321004738630592	0.0656806163083375	pgaa-cross-platform-dual-gate-v2	pgaa-cross-platform-matched-controls-v2
shifrut2018_primary_t_crispr	Primary human T-cell CRISPR-Cas9	donor_holdout_1_vs_1	C10orf54	C10orf54	4	absolute_mean_shift	70	4999	0.31	0.05	0.26	0.2138337203197582	0.079314668504264	pgaa-cross-platform-dual-gate-v2	pgaa-cross-platform-matched-controls-v2
shifrut2018_primary_t_crispr	Primary human T-cell CRISPR-Cas9	donor_holdout_1_vs_1	C10orf54	C10orf54	4	welch_abs_t	70	4999	0.19	0.04	0.15	0.1376927656458801	0.007552599843311	pgaa-cross-platform-dual-gate-v2	pgaa-cross-platform-matched-controls-v2
shifrut2018_primary_t_crispr	Primary human T-cell CRISPR-Cas9	donor_holdout_1_vs_1	CBLB	CBLB	0	pgaa_w	70	4999	0.4	0.06	0.34	0.4035422522679806	0.2766234781288436	pgaa-cross-platform-dual-gate-v2	pgaa-cross-platform-matched-controls-v2
shifrut2018_primary_t_crispr	Primary human T-cell CRISPR-Cas9	donor_holdout_1_vs_1	CBLB	CBLB	0	pgaa_h	70	4999	0.11	0.05	0.06	0.0257837748693385	0.0986880715411597	pgaa-cross-platform-dual-gate-v2	pgaa-cross-platform-matched-controls-v2
shifrut2018_primary_t_crispr	Primary human T-cell CRISPR-Cas9	donor_holdout_1_vs_1	CBLB	CBLB	0	absolute_mean_shift	70	4999	0.36	0.05	0.31	0.2972293994329753	0.0895657448062104	pgaa-cross-platform-dual-gate-v2	pgaa-cross-platform-matched-controls-v2
shifrut2018_primary_t_crispr	Primary human T-cell CRISPR-Cas9	donor_holdout_1_vs_1	CBLB	CBLB	0	welch_abs_t	70	4999	0.25	0.02	0.23	0.2250430113873915	0.0049371946477917	pgaa-cross-platform-dual-gate-v2	pgaa-cross-platform-matched-controls-v2
shifrut2018_primary_t_crispr	Primary human T-cell CRISPR-Cas9	donor_holdout_1_vs_1	CBLB	CBLB	1	pgaa_w	70	4999	0.43	0.04	0.39	0.3869186307462433	0.2691919723402162	pgaa-cross-platform-dual-gate-v2	pgaa-cross-platform-matched-controls-v2
shifrut2018_primary_t_crispr	Primary human T-cell CRISPR-Cas9	donor_holdout_1_vs_1	CBLB	CBLB	1	pgaa_h	70	4999	0.04	0.07	-0.03	0.055733286563174	0.0883995909040256	pgaa-cross-platform-dual-gate-v2	pgaa-cross-platform-matched-controls-v2
shifrut2018_primary_t_crispr	Primary human T-cell CRISPR-Cas9	donor_holdout_1_vs_1	CBLB	CBLB	1	absolute_mean_shift	70	4999	0.41	0.04	0.37	0.3058526524105746	0.1029432030138888	pgaa-cross-platform-dual-gate-v2	pgaa-cross-platform-matched-controls-v2
shifrut2018_primary_t_crispr	Primary human T-cell CRISPR-Cas9	donor_holdout_1_vs_1	CBLB	CBLB	1	welch_abs_t	70	4999	0.34	0.02	0.32	0.2219841579947195	0.0240521114854729	pgaa-cross-platform-dual-gate-v2	pgaa-cross-platform-matched-controls-v2
shifrut2018_primary_t_crispr	Primary human T-cell CRISPR-Cas9	donor_holdout_1_vs_1	CBLB	CBLB	2	pgaa_w	70	4999	0.4	0.03	0.37	0.4680686879272614	0.2503455652901101	pgaa-cross-platform-dual-gate-v2	pgaa-cross-platform-matched-controls-v2
shifrut2018_primary_t_crispr	Primary human T-cell CRISPR-Cas9	donor_holdout_1_vs_1	CBLB	CBLB	2	pgaa_h	70	4999	0.08	0.11	-0.03	0.0754411653142048	0.0904951469297178	pgaa-cross-platform-dual-gate-v2	pgaa-cross-platform-matched-controls-v2
shifrut2018_primary_t_crispr	Primary human T-cell CRISPR-Cas9	donor_holdout_1_vs_1	CBLB	CBLB	2	absolute_mean_shift	70	4999	0.42	0.03	0.39	0.3535724154279493	0.0590701238395719	pgaa-cross-platform-dual-gate-v2	pgaa-cross-platform-matched-controls-v2
shifrut2018_primary_t_crispr	Primary human T-cell CRISPR-Cas9	donor_holdout_1_vs_1	CBLB	CBLB	2	welch_abs_t	70	4999	0.33	0.02	0.31	0.2778970441867485	-0.0239179581294122	pgaa-cross-platform-dual-gate-v2	pgaa-cross-platform-matched-controls-v2
shifrut2018_primary_t_crispr	Primary human T-cell CRISPR-Cas9	donor_holdout_1_vs_1	CBLB	CBLB	3	pgaa_w	70	4999	0.42	0.04	0.38	0.4178058886687301	0.2809167230352334	pgaa-cross-platform-dual-gate-v2	pgaa-cross-platform-matched-controls-v2
shifrut2018_primary_t_crispr	Primary human T-cell CRISPR-Cas9	donor_holdout_1_vs_1	CBLB	CBLB	3	pgaa_h	70	4999	0.08	0.03	0.05	0.0315373578612403	0.1116199064526439	pgaa-cross-platform-dual-gate-v2	pgaa-cross-platform-matched-controls-v2
shifrut2018_primary_t_crispr	Primary human T-cell CRISPR-Cas9	donor_holdout_1_vs_1	CBLB	CBLB	3	absolute_mean_shift	70	4999	0.4	0.05	0.35	0.3114951249553632	0.1255008413702934	pgaa-cross-platform-dual-gate-v2	pgaa-cross-platform-matched-controls-v2
shifrut2018_primary_t_crispr	Primary human T-cell CRISPR-Cas9	donor_holdout_1_vs_1	CBLB	CBLB	3	welch_abs_t	70	4999	0.27	0.04	0.23	0.2333780474278139	0.0355944572179794	pgaa-cross-platform-dual-gate-v2	pgaa-cross-platform-matched-controls-v2
shifrut2018_primary_t_crispr	Primary human T-cell CRISPR-Cas9	donor_holdout_1_vs_1	CBLB	CBLB	4	pgaa_w	70	4999	0.43	0.08	0.35	0.4813051433335887	0.2439904541586601	pgaa-cross-platform-dual-gate-v2	pgaa-cross-platform-matched-controls-v2
shifrut2018_primary_t_crispr	Primary human T-cell CRISPR-Cas9	donor_holdout_1_vs_1	CBLB	CBLB	4	pgaa_h	70	4999	0.1	0.08	0.02	0.0339026170357702	0.085521800023342	pgaa-cross-platform-dual-gate-v2	pgaa-cross-platform-matched-controls-v2
shifrut2018_primary_t_crispr	Primary human T-cell CRISPR-Cas9	donor_holdout_1_vs_1	CBLB	CBLB	4	absolute_mean_shift	70	4999	0.44	0.05	0.39	0.3553149638811316	0.0786974913730336	pgaa-cross-platform-dual-gate-v2	pgaa-cross-platform-matched-controls-v2
shifrut2018_primary_t_crispr	Primary human T-cell CRISPR-Cas9	donor_holdout_1_vs_1	CBLB	CBLB	4	welch_abs_t	70	4999	0.37	0.04	0.33	0.2843793562554048	-0.0090218652419906	pgaa-cross-platform-dual-gate-v2	pgaa-cross-platform-matched-controls-v2
shifrut2018_primary_t_crispr	Primary human T-cell CRISPR-Cas9	donor_holdout_1_vs_1	CD3D	CD3D	0	pgaa_w	70	4999	0.25	0.05	0.2	0.2920513769020311	0.2733067836907208	pgaa-cross-platform-dual-gate-v2	pgaa-cross-platform-matched-controls-v2
shifrut2018_primary_t_crispr	Primary human T-cell CRISPR-Cas9	donor_holdout_1_vs_1	CD3D	CD3D	0	pgaa_h	70	4999	0.08	0.07	0.0099999999999999	0.0631783698154868	0.1049662892451177	pgaa-cross-platform-dual-gate-v2	pgaa-cross-platform-matched-controls-v2
shifrut2018_primary_t_crispr	Primary human T-cell CRISPR-Cas9	donor_holdout_1_vs_1	CD3D	CD3D	0	absolute_mean_shift	70	4999	0.23	0.05	0.18	0.1708288571560849	0.0842097966632911	pgaa-cross-platform-dual-gate-v2	pgaa-cross-platform-matched-controls-v2
shifrut2018_primary_t_crispr	Primary human T-cell CRISPR-Cas9	donor_holdout_1_vs_1	CD3D	CD3D	0	welch_abs_t	70	4999	0.14	0.01	0.13	0.1019948219200141	-0.0068905957489194	pgaa-cross-platform-dual-gate-v2	pgaa-cross-platform-matched-controls-v2
shifrut2018_primary_t_crispr	Primary human T-cell CRISPR-Cas9	donor_holdout_1_vs_1	CD3D	CD3D	1	pgaa_w	70	4999	0.24	0.05	0.19	0.2894055244731877	0.2342439653657327	pgaa-cross-platform-dual-gate-v2	pgaa-cross-platform-matched-controls-v2
shifrut2018_primary_t_crispr	Primary human T-cell CRISPR-Cas9	donor_holdout_1_vs_1	CD3D	CD3D	1	pgaa_h	70	4999	0.09	0.05	0.0399999999999999	0.0586177504410633	0.0880746595595203	pgaa-cross-platform-dual-gate-v2	pgaa-cross-platform-matched-controls-v2
shifrut2018_primary_t_crispr	Primary human T-cell CRISPR-Cas9	donor_holdout_1_vs_1	CD3D	CD3D	1	absolute_mean_shift	70	4999	0.25	0.04	0.21	0.165764496736774	0.0880268529245382	pgaa-cross-platform-dual-gate-v2	pgaa-cross-platform-matched-controls-v2
shifrut2018_primary_t_crispr	Primary human T-cell CRISPR-Cas9	donor_holdout_1_vs_1	CD3D	CD3D	1	welch_abs_t	70	4999	0.15	0.03	0.12	0.0952657339654069	-0.0041039750676557	pgaa-cross-platform-dual-gate-v2	pgaa-cross-platform-matched-controls-v2
shifrut2018_primary_t_crispr	Primary human T-cell CRISPR-Cas9	donor_holdout_1_vs_1	CD3D	CD3D	2	pgaa_w	70	4999	0.27	0.08	0.19	0.2860158093563491	0.2747343969135516	pgaa-cross-platform-dual-gate-v2	pgaa-cross-platform-matched-controls-v2
shifrut2018_primary_t_crispr	Primary human T-cell CRISPR-Cas9	donor_holdout_1_vs_1	CD3D	CD3D	2	pgaa_h	70	4999	0.04	0.07	-0.03	0.0311822301461945	0.0743447197511507	pgaa-cross-platform-dual-gate-v2	pgaa-cross-platform-matched-controls-v2
shifrut2018_primary_t_crispr	Primary human T-cell CRISPR-Cas9	donor_holdout_1_vs_1	CD3D	CD3D	2	absolute_mean_shift	70	4999	0.27	0.07	0.2	0.1781169547715065	0.1168411182637106	pgaa-cross-platform-dual-gate-v2	pgaa-cross-platform-matched-controls-v2
shifrut2018_primary_t_crispr	Primary human T-cell CRISPR-Cas9	donor_holdout_1_vs_1	CD3D	CD3D	2	welch_abs_t	70	4999	0.11	0.02	0.09	0.0942770908083177	0.0264298319024637	pgaa-cross-platform-dual-gate-v2	pgaa-cross-platform-matched-controls-v2
shifrut2018_primary_t_crispr	Primary human T-cell CRISPR-Cas9	donor_holdout_1_vs_1	CD3D	CD3D	3	pgaa_w	70	4999	0.25	0.06	0.19	0.319316076996912	0.2688068684337411	pgaa-cross-platform-dual-gate-v2	pgaa-cross-platform-matched-controls-v2
shifrut2018_primary_t_crispr	Primary human T-cell CRISPR-Cas9	donor_holdout_1_vs_1	CD3D	CD3D	3	pgaa_h	70	4999	0.1	0.05	0.05	0.0404618561042963	0.0771225229468738	pgaa-cross-platform-dual-gate-v2	pgaa-cross-platform-matched-controls-v2
shifrut2018_primary_t_crispr	Primary human T-cell CRISPR-Cas9	donor_holdout_1_vs_1	CD3D	CD3D	3	absolute_mean_shift	70	4999	0.25	0.05	0.2	0.1928242319338495	0.1086999913031561	pgaa-cross-platform-dual-gate-v2	pgaa-cross-platform-matched-controls-v2
shifrut2018_primary_t_crispr	Primary human T-cell CRISPR-Cas9	donor_holdout_1_vs_1	CD3D	CD3D	3	welch_abs_t	70	4999	0.17	0.01	0.16	0.1148332913696705	0.0117015059816852	pgaa-cross-platform-dual-gate-v2	pgaa-cross-platform-matched-controls-v2
shifrut2018_primary_t_crispr	Primary human T-cell CRISPR-Cas9	donor_holdout_1_vs_1	CD3D	CD3D	4	pgaa_w	70	4999	0.29	0.03	0.26	0.331426636539793	0.2357160420352203	pgaa-cross-platform-dual-gate-v2	pgaa-cross-platform-matched-controls-v2
shifrut2018_primary_t_crispr	Primary human T-cell CRISPR-Cas9	donor_holdout_1_vs_1	CD3D	CD3D	4	pgaa_h	70	4999	0.03	0.1	-0.07	0.0458883547691888	0.0770456687170787	pgaa-cross-platform-dual-gate-v2	pgaa-cross-platform-matched-controls-v2
shifrut2018_primary_t_crispr	Primary human T-cell CRISPR-Cas9	donor_holdout_1_vs_1	CD3D	CD3D	4	absolute_mean_shift	70	4999	0.32	0.05	0.27	0.2064951046689282	0.0727443524756769	pgaa-cross-platform-dual-gate-v2	pgaa-cross-platform-matched-controls-v2
shifrut2018_primary_t_crispr	Primary human T-cell CRISPR-Cas9	donor_holdout_1_vs_1	CD3D	CD3D	4	welch_abs_t	70	4999	0.18	0.03	0.15	0.1237475278578223	-0.0109101078956527	pgaa-cross-platform-dual-gate-v2	pgaa-cross-platform-matched-controls-v2
shifrut2018_primary_t_crispr	Primary human T-cell CRISPR-Cas9	donor_holdout_1_vs_1	CD5	CD5	0	pgaa_w	70	4999	0.43	0.16	0.27	0.4415356672881163	0.2326709214160161	pgaa-cross-platform-dual-gate-v2	pgaa-cross-platform-matched-controls-v2
shifrut2018_primary_t_crispr	Primary human T-cell CRISPR-Cas9	donor_holdout_1_vs_1	CD5	CD5	0	pgaa_h	70	4999	0.09	0.07	0.0199999999999999	0.0766685182889312	0.0674593072919652	pgaa-cross-platform-dual-gate-v2	pgaa-cross-platform-matched-controls-v2
shifrut2018_primary_t_crispr	Primary human T-cell CRISPR-Cas9	donor_holdout_1_vs_1	CD5	CD5	0	absolute_mean_shift	70	4999	0.41	0.13	0.2799999999999999	0.3487931518847918	0.085408744011252	pgaa-cross-platform-dual-gate-v2	pgaa-cross-platform-matched-controls-v2
shifrut2018_primary_t_crispr	Primary human T-cell CRISPR-Cas9	donor_holdout_1_vs_1	CD5	CD5	0	welch_abs_t	70	4999	0.35	0.03	0.3199999999999999	0.2890721159427341	-0.0069472010819099	pgaa-cross-platform-dual-gate-v2	pgaa-cross-platform-matched-controls-v2
shifrut2018_primary_t_crispr	Primary human T-cell CRISPR-Cas9	donor_holdout_1_vs_1	CD5	CD5	1	pgaa_w	70	4999	0.39	0.07	0.32	0.4483338218664142	0.2587788547634376	pgaa-cross-platform-dual-gate-v2	pgaa-cross-platform-matched-controls-v2
shifrut2018_primary_t_crispr	Primary human T-cell CRISPR-Cas9	donor_holdout_1_vs_1	CD5	CD5	1	pgaa_h	70	4999	0.06	0.07	-0.01	0.0519771791857909	0.0935784461228519	pgaa-cross-platform-dual-gate-v2	pgaa-cross-platform-matched-controls-v2
shifrut2018_primary_t_crispr	Primary human T-cell CRISPR-Cas9	donor_holdout_1_vs_1	CD5	CD5	1	absolute_mean_shift	70	4999	0.4	0.07	0.33	0.3604022495735642	0.0821530191494821	pgaa-cross-platform-dual-gate-v2	pgaa-cross-platform-matched-controls-v2
shifrut2018_primary_t_crispr	Primary human T-cell CRISPR-Cas9	donor_holdout_1_vs_1	CD5	CD5	1	welch_abs_t	70	4999	0.32	0.01	0.31	0.2943048552638332	-0.0040886428506183	pgaa-cross-platform-dual-gate-v2	pgaa-cross-platform-matched-controls-v2
shifrut2018_primary_t_crispr	Primary human T-cell CRISPR-Cas9	donor_holdout_1_vs_1	CD5	CD5	2	pgaa_w	70	4999	0.45	0.06	0.39	0.4311679325060691	0.2815108114757354	pgaa-cross-platform-dual-gate-v2	pgaa-cross-platform-matched-controls-v2
shifrut2018_primary_t_crispr	Primary human T-cell CRISPR-Cas9	donor_holdout_1_vs_1	CD5	CD5	2	pgaa_h	70	4999	0.03	0.06	-0.03	0.0367329505223823	0.1012653398604401	pgaa-cross-platform-dual-gate-v2	pgaa-cross-platform-matched-controls-v2
shifrut2018_primary_t_crispr	Primary human T-cell CRISPR-Cas9	donor_holdout_1_vs_1	CD5	CD5	2	absolute_mean_shift	70	4999	0.45	0.04	0.41	0.3256776090626777	0.1088699236864178	pgaa-cross-platform-dual-gate-v2	pgaa-cross-platform-matched-controls-v2
shifrut2018_primary_t_crispr	Primary human T-cell CRISPR-Cas9	donor_holdout_1_vs_1	CD5	CD5	2	welch_abs_t	70	4999	0.36	0.01	0.35	0.2601245168183727	0.006767132888861	pgaa-cross-platform-dual-gate-v2	pgaa-cross-platform-matched-controls-v2
shifrut2018_primary_t_crispr	Primary human T-cell CRISPR-Cas9	donor_holdout_1_vs_1	CD5	CD5	3	pgaa_w	70	4999	0.38	0.09	0.29	0.4024652233207746	0.2475673733774689	pgaa-cross-platform-dual-gate-v2	pgaa-cross-platform-matched-controls-v2
shifrut2018_primary_t_crispr	Primary human T-cell CRISPR-Cas9	donor_holdout_1_vs_1	CD5	CD5	3	pgaa_h	70	4999	0.02	0.11	-0.09	0.0594302365135121	0.0858032954987645	pgaa-cross-platform-dual-gate-v2	pgaa-cross-platform-matched-controls-v2
shifrut2018_primary_t_crispr	Primary human T-cell CRISPR-Cas9	donor_holdout_1_vs_1	CD5	CD5	3	absolute_mean_shift	70	4999	0.37	0.07	0.3	0.3177869822376378	0.0840943019820834	pgaa-cross-platform-dual-gate-v2	pgaa-cross-platform-matched-controls-v2
shifrut2018_primary_t_crispr	Primary human T-cell CRISPR-Cas9	donor_holdout_1_vs_1	CD5	CD5	3	welch_abs_t	70	4999	0.19	0.02	0.17	0.2343248120452422	0.0004633678238695	pgaa-cross-platform-dual-gate-v2	pgaa-cross-platform-matched-controls-v2
shifrut2018_primary_t_crispr	Primary human T-cell CRISPR-Cas9	donor_holdout_1_vs_1	CD5	CD5	4	pgaa_w	70	4999	0.43	0.04	0.39	0.4644609087964051	0.2520511016968782	pgaa-cross-platform-dual-gate-v2	pgaa-cross-platform-matched-controls-v2
shifrut2018_primary_t_crispr	Primary human T-cell CRISPR-Cas9	donor_holdout_1_vs_1	CD5	CD5	4	pgaa_h	70	4999	0.1	0.05	0.05	0.0712980331131957	0.10725410438866	pgaa-cross-platform-dual-gate-v2	pgaa-cross-platform-matched-controls-v2
shifrut2018_primary_t_crispr	Primary human T-cell CRISPR-Cas9	donor_holdout_1_vs_1	CD5	CD5	4	absolute_mean_shift	70	4999	0.44	0.02	0.42	0.3646819052165776	0.0841228445041358	pgaa-cross-platform-dual-gate-v2	pgaa-cross-platform-matched-controls-v2
shifrut2018_primary_t_crispr	Primary human T-cell CRISPR-Cas9	donor_holdout_1_vs_1	CD5	CD5	4	welch_abs_t	70	4999	0.36	0.01	0.35	0.2934123169001966	-0.0043840876281757	pgaa-cross-platform-dual-gate-v2	pgaa-cross-platform-matched-controls-v2
shifrut2018_primary_t_crispr	Primary human T-cell CRISPR-Cas9	donor_holdout_1_vs_1	CDKN1B	CDKN1B	0	pgaa_w	70	4999	0.38	0.02	0.36	0.3614890586280521	0.2523421961184877	pgaa-cross-platform-dual-gate-v2	pgaa-cross-platform-matched-controls-v2
shifrut2018_primary_t_crispr	Primary human T-cell CRISPR-Cas9	donor_holdout_1_vs_1	CDKN1B	CDKN1B	0	pgaa_h	70	4999	0.09	0.09	0.0	0.0573927012952286	0.0919560793301961	pgaa-cross-platform-dual-gate-v2	pgaa-cross-platform-matched-controls-v2
shifrut2018_primary_t_crispr	Primary human T-cell CRISPR-Cas9	donor_holdout_1_vs_1	CDKN1B	CDKN1B	0	absolute_mean_shift	70	4999	0.37	0.01	0.36	0.2655729735334033	0.0879866631596532	pgaa-cross-platform-dual-gate-v2	pgaa-cross-platform-matched-controls-v2
shifrut2018_primary_t_crispr	Primary human T-cell CRISPR-Cas9	donor_holdout_1_vs_1	CDKN1B	CDKN1B	0	welch_abs_t	70	4999	0.25	0.0	0.25	0.1916195849974316	0.000131605144691	pgaa-cross-platform-dual-gate-v2	pgaa-cross-platform-matched-controls-v2
shifrut2018_primary_t_crispr	Primary human T-cell CRISPR-Cas9	donor_holdout_1_vs_1	CDKN1B	CDKN1B	1	pgaa_w	70	4999	0.46	0.04	0.42	0.4459616935632025	0.2554644266201949	pgaa-cross-platform-dual-gate-v2	pgaa-cross-platform-matched-controls-v2
shifrut2018_primary_t_crispr	Primary human T-cell CRISPR-Cas9	donor_holdout_1_vs_1	CDKN1B	CDKN1B	1	pgaa_h	70	4999	0.04	0.05	-0.01	0.0703437832218713	0.0920101688391467	pgaa-cross-platform-dual-gate-v2	pgaa-cross-platform-matched-controls-v2
shifrut2018_primary_t_crispr	Primary human T-cell CRISPR-Cas9	donor_holdout_1_vs_1	CDKN1B	CDKN1B	1	absolute_mean_shift	70	4999	0.46	0.02	0.44	0.3460623905416392	0.1048177243348079	pgaa-cross-platform-dual-gate-v2	pgaa-cross-platform-matched-controls-v2
shifrut2018_primary_t_crispr	Primary human T-cell CRISPR-Cas9	donor_holdout_1_vs_1	CDKN1B	CDKN1B	1	welch_abs_t	70	4999	0.29	0.02	0.2699999999999999	0.2738807965740538	0.0130392828053454	pgaa-cross-platform-dual-gate-v2	pgaa-cross-platform-matched-controls-v2
shifrut2018_primary_t_crispr	Primary human T-cell CRISPR-Cas9	donor_holdout_1_vs_1	CDKN1B	CDKN1B	2	pgaa_w	70	4999	0.43	0.04	0.39	0.4231435056278964	0.2671624675569418	pgaa-cross-platform-dual-gate-v2	pgaa-cross-platform-matched-controls-v2
shifrut2018_primary_t_crispr	Primary human T-cell CRISPR-Cas9	donor_holdout_1_vs_1	CDKN1B	CDKN1B	2	pgaa_h	70	4999	0.1	0.09	0.01	0.0883551102745209	0.1070907034895086	pgaa-cross-platform-dual-gate-v2	pgaa-cross-platform-matched-controls-v2
shifrut2018_primary_t_crispr	Primary human T-cell CRISPR-Cas9	donor_holdout_1_vs_1	CDKN1B	CDKN1B	2	absolute_mean_shift	70	4999	0.43	0.04	0.39	0.3145832135530247	0.1064758668546575	pgaa-cross-platform-dual-gate-v2	pgaa-cross-platform-matched-controls-v2
shifrut2018_primary_t_crispr	Primary human T-cell CRISPR-Cas9	donor_holdout_1_vs_1	CDKN1B	CDKN1B	2	welch_abs_t	70	4999	0.21	0.0	0.21	0.2510958166663345	0.016886642294178	pgaa-cross-platform-dual-gate-v2	pgaa-cross-platform-matched-controls-v2
shifrut2018_primary_t_crispr	Primary human T-cell CRISPR-Cas9	donor_holdout_1_vs_1	CDKN1B	CDKN1B	3	pgaa_w	70	4999	0.46	0.07	0.39	0.4193130456103226	0.2327216360753271	pgaa-cross-platform-dual-gate-v2	pgaa-cross-platform-matched-controls-v2
shifrut2018_primary_t_crispr	Primary human T-cell CRISPR-Cas9	donor_holdout_1_vs_1	CDKN1B	CDKN1B	3	pgaa_h	70	4999	0.06	0.07	-0.01	0.0533062973531462	0.0700068800728914	pgaa-cross-platform-dual-gate-v2	pgaa-cross-platform-matched-controls-v2
shifrut2018_primary_t_crispr	Primary human T-cell CRISPR-Cas9	donor_holdout_1_vs_1	CDKN1B	CDKN1B	3	absolute_mean_shift	70	4999	0.46	0.07	0.39	0.3188397535526034	0.0637760796034926	pgaa-cross-platform-dual-gate-v2	pgaa-cross-platform-matched-controls-v2
shifrut2018_primary_t_crispr	Primary human T-cell CRISPR-Cas9	donor_holdout_1_vs_1	CDKN1B	CDKN1B	3	welch_abs_t	70	4999	0.31	0.03	0.28	0.2421600265369318	-0.015931536192016	pgaa-cross-platform-dual-gate-v2	pgaa-cross-platform-matched-controls-v2
shifrut2018_primary_t_crispr	Primary human T-cell CRISPR-Cas9	donor_holdout_1_vs_1	CDKN1B	CDKN1B	4	pgaa_w	70	4999	0.45	0.06	0.39	0.4019584033109613	0.2521057408959656	pgaa-cross-platform-dual-gate-v2	pgaa-cross-platform-matched-controls-v2
shifrut2018_primary_t_crispr	Primary human T-cell CRISPR-Cas9	donor_holdout_1_vs_1	CDKN1B	CDKN1B	4	pgaa_h	70	4999	0.04	0.08	-0.04	0.0446675665226622	0.0949681487535617	pgaa-cross-platform-dual-gate-v2	pgaa-cross-platform-matched-controls-v2
shifrut2018_primary_t_crispr	Primary human T-cell CRISPR-Cas9	donor_holdout_1_vs_1	CDKN1B	CDKN1B	4	absolute_mean_shift	70	4999	0.44	0.05	0.39	0.3045489183383987	0.1031289513292218	pgaa-cross-platform-dual-gate-v2	pgaa-cross-platform-matched-controls-v2
shifrut2018_primary_t_crispr	Primary human T-cell CRISPR-Cas9	donor_holdout_1_vs_1	CDKN1B	CDKN1B	4	welch_abs_t	70	4999	0.37	0.02	0.35	0.2346290310699505	0.011360388050282	pgaa-cross-platform-dual-gate-v2	pgaa-cross-platform-matched-controls-v2
shifrut2018_primary_t_crispr	Primary human T-cell CRISPR-Cas9	donor_holdout_1_vs_1	DGKA	DGKA	0	pgaa_w	70	4999	0.36	0.06	0.3	0.3742346210508425	0.2609119438361929	pgaa-cross-platform-dual-gate-v2	pgaa-cross-platform-matched-controls-v2
shifrut2018_primary_t_crispr	Primary human T-cell CRISPR-Cas9	donor_holdout_1_vs_1	DGKA	DGKA	0	pgaa_h	70	4999	0.14	0.09	0.05	0.0685236614449863	0.0815563467447024	pgaa-cross-platform-dual-gate-v2	pgaa-cross-platform-matched-controls-v2
shifrut2018_primary_t_crispr	Primary human T-cell CRISPR-Cas9	donor_holdout_1_vs_1	DGKA	DGKA	0	absolute_mean_shift	70	4999	0.36	0.04	0.32	0.2721785410339339	0.087928769445003	pgaa-cross-platform-dual-gate-v2	pgaa-cross-platform-matched-controls-v2
shifrut2018_primary_t_crispr	Primary human T-cell CRISPR-Cas9	donor_holdout_1_vs_1	DGKA	DGKA	0	welch_abs_t	70	4999	0.28	0.03	0.25	0.1997571045685553	0.0046286111675079	pgaa-cross-platform-dual-gate-v2	pgaa-cross-platform-matched-controls-v2
shifrut2018_primary_t_crispr	Primary human T-cell CRISPR-Cas9	donor_holdout_1_vs_1	DGKA	DGKA	1	pgaa_w	70	4999	0.44	0.11	0.33	0.4277244977069297	0.2321846626648998	pgaa-cross-platform-dual-gate-v2	pgaa-cross-platform-matched-controls-v2
shifrut2018_primary_t_crispr	Primary human T-cell CRISPR-Cas9	donor_holdout_1_vs_1	DGKA	DGKA	1	pgaa_h	70	4999	0.05	0.09	-0.0399999999999999	0.0312776130491214	0.0977136996784541	pgaa-cross-platform-dual-gate-v2	pgaa-cross-platform-matched-controls-v2
shifrut2018_primary_t_crispr	Primary human T-cell CRISPR-Cas9	donor_holdout_1_vs_1	DGKA	DGKA	1	absolute_mean_shift	70	4999	0.46	0.1	0.36	0.3484629846184586	0.0779020574558938	pgaa-cross-platform-dual-gate-v2	pgaa-cross-platform-matched-controls-v2
shifrut2018_primary_t_crispr	Primary human T-cell CRISPR-Cas9	donor_holdout_1_vs_1	DGKA	DGKA	1	welch_abs_t	70	4999	0.38	0.03	0.35	0.2745505509811338	-0.0089192699299429	pgaa-cross-platform-dual-gate-v2	pgaa-cross-platform-matched-controls-v2
shifrut2018_primary_t_crispr	Primary human T-cell CRISPR-Cas9	donor_holdout_1_vs_1	DGKA	DGKA	2	pgaa_w	70	4999	0.39	0.07	0.32	0.3743612579028257	0.2595789977465651	pgaa-cross-platform-dual-gate-v2	pgaa-cross-platform-matched-controls-v2
shifrut2018_primary_t_crispr	Primary human T-cell CRISPR-Cas9	donor_holdout_1_vs_1	DGKA	DGKA	2	pgaa_h	70	4999	0.06	0.08	-0.02	0.0483843858762194	0.0890161734833606	pgaa-cross-platform-dual-gate-v2	pgaa-cross-platform-matched-controls-v2
shifrut2018_primary_t_crispr	Primary human T-cell CRISPR-Cas9	donor_holdout_1_vs_1	DGKA	DGKA	2	absolute_mean_shift	70	4999	0.37	0.05	0.32	0.2742764299450179	0.0705760982816395	pgaa-cross-platform-dual-gate-v2	pgaa-cross-platform-matched-controls-v2
shifrut2018_primary_t_crispr	Primary human T-cell CRISPR-Cas9	donor_holdout_1_vs_1	DGKA	DGKA	2	welch_abs_t	70	4999	0.32	0.03	0.29	0.2100389755792704	-0.0192383810634515	pgaa-cross-platform-dual-gate-v2	pgaa-cross-platform-matched-controls-v2
shifrut2018_primary_t_crispr	Primary human T-cell CRISPR-Cas9	donor_holdout_1_vs_1	DGKA	DGKA	3	pgaa_w	70	4999	0.38	0.03	0.35	0.3885499589233573	0.2508168513506186	pgaa-cross-platform-dual-gate-v2	pgaa-cross-platform-matched-controls-v2
shifrut2018_primary_t_crispr	Primary human T-cell CRISPR-Cas9	donor_holdout_1_vs_1	DGKA	DGKA	3	pgaa_h	70	4999	0.05	0.04	0.01	0.052131196651405	0.0796575831837134	pgaa-cross-platform-dual-gate-v2	pgaa-cross-platform-matched-controls-v2
shifrut2018_primary_t_crispr	Primary human T-cell CRISPR-Cas9	donor_holdout_1_vs_1	DGKA	DGKA	3	absolute_mean_shift	70	4999	0.35	0.04	0.31	0.2821882829590303	0.0851513661166728	pgaa-cross-platform-dual-gate-v2	pgaa-cross-platform-matched-controls-v2
shifrut2018_primary_t_crispr	Primary human T-cell CRISPR-Cas9	donor_holdout_1_vs_1	DGKA	DGKA	3	welch_abs_t	70	4999	0.23	0.01	0.22	0.2056822432913954	-0.0067768622658842	pgaa-cross-platform-dual-gate-v2	pgaa-cross-platform-matched-controls-v2
shifrut2018_primary_t_crispr	Primary human T-cell CRISPR-Cas9	donor_holdout_1_vs_1	DGKA	DGKA	4	pgaa_w	70	4999	0.34	0.04	0.3	0.3866581683776529	0.2749004532569059	pgaa-cross-platform-dual-gate-v2	pgaa-cross-platform-matched-controls-v2
shifrut2018_primary_t_crispr	Primary human T-cell CRISPR-Cas9	donor_holdout_1_vs_1	DGKA	DGKA	4	pgaa_h	70	4999	0.11	0.04	0.07	0.0628614019767194	0.0816239874876116	pgaa-cross-platform-dual-gate-v2	pgaa-cross-platform-matched-controls-v2
shifrut2018_primary_t_crispr	Primary human T-cell CRISPR-Cas9	donor_holdout_1_vs_1	DGKA	DGKA	4	absolute_mean_shift	70	4999	0.34	0.03	0.31	0.2819974029786025	0.0799590094940848	pgaa-cross-platform-dual-gate-v2	pgaa-cross-platform-matched-controls-v2
shifrut2018_primary_t_crispr	Primary human T-cell CRISPR-Cas9	donor_holdout_1_vs_1	DGKA	DGKA	4	welch_abs_t	70	4999	0.26	0.02	0.24	0.2063951613421458	-0.0047229302771253	pgaa-cross-platform-dual-gate-v2	pgaa-cross-platform-matched-controls-v2
shifrut2018_primary_t_crispr	Primary human T-cell CRISPR-Cas9	donor_holdout_1_vs_1	DGKZ	DGKZ	0	pgaa_w	70	4999	0.38	0.06	0.32	0.3497946721721245	0.2507256565318073	pgaa-cross-platform-dual-gate-v2	pgaa-cross-platform-matched-controls-v2
shifrut2018_primary_t_crispr	Primary human T-cell CRISPR-Cas9	donor_holdout_1_vs_1	DGKZ	DGKZ	0	pgaa_h	70	4999	0.05	0.06	-0.0099999999999999	0.0351503205903994	0.1084163491259899	pgaa-cross-platform-dual-gate-v2	pgaa-cross-platform-matched-controls-v2
shifrut2018_primary_t_crispr	Primary human T-cell CRISPR-Cas9	donor_holdout_1_vs_1	DGKZ	DGKZ	0	absolute_mean_shift	70	4999	0.37	0.04	0.33	0.245435486190766	0.0632263678205896	pgaa-cross-platform-dual-gate-v2	pgaa-cross-platform-matched-controls-v2
shifrut2018_primary_t_crispr	Primary human T-cell CRISPR-Cas9	donor_holdout_1_vs_1	DGKZ	DGKZ	0	welch_abs_t	70	4999	0.25	0.0	0.25	0.1673134368130439	-0.0240576584820592	pgaa-cross-platform-dual-gate-v2	pgaa-cross-platform-matched-controls-v2
shifrut2018_primary_t_crispr	Primary human T-cell CRISPR-Cas9	donor_holdout_1_vs_1	DGKZ	DGKZ	1	pgaa_w	70	4999	0.28	0.1	0.18	0.3756678137158204	0.2432397751338151	pgaa-cross-platform-dual-gate-v2	pgaa-cross-platform-matched-controls-v2
shifrut2018_primary_t_crispr	Primary human T-cell CRISPR-Cas9	donor_holdout_1_vs_1	DGKZ	DGKZ	1	pgaa_h	70	4999	0.07	0.14	-0.07	0.0590331790779497	0.0463510225550602	pgaa-cross-platform-dual-gate-v2	pgaa-cross-platform-matched-controls-v2
shifrut2018_primary_t_crispr	Primary human T-cell CRISPR-Cas9	donor_holdout_1_vs_1	DGKZ	DGKZ	1	absolute_mean_shift	70	4999	0.28	0.08	0.2	0.2777063881510445	0.0809207852355773	pgaa-cross-platform-dual-gate-v2	pgaa-cross-platform-matched-controls-v2
shifrut2018_primary_t_crispr	Primary human T-cell CRISPR-Cas9	donor_holdout_1_vs_1	DGKZ	DGKZ	1	welch_abs_t	70	4999	0.19	0.03	0.16	0.2014231481638806	-0.0019229815217337	pgaa-cross-platform-dual-gate-v2	pgaa-cross-platform-matched-controls-v2
shifrut2018_primary_t_crispr	Primary human T-cell CRISPR-Cas9	donor_holdout_1_vs_1	DGKZ	DGKZ	2	pgaa_w	70	4999	0.35	0.07	0.2799999999999999	0.3743329759439122	0.2575553325830963	pgaa-cross-platform-dual-gate-v2	pgaa-cross-platform-matched-controls-v2
shifrut2018_primary_t_crispr	Primary human T-cell CRISPR-Cas9	donor_holdout_1_vs_1	DGKZ	DGKZ	2	pgaa_h	70	4999	0.09	0.11	-0.02	0.0529234960331528	0.1039784970276849	pgaa-cross-platform-dual-gate-v2	pgaa-cross-platform-matched-controls-v2
shifrut2018_primary_t_crispr	Primary human T-cell CRISPR-Cas9	donor_holdout_1_vs_1	DGKZ	DGKZ	2	absolute_mean_shift	70	4999	0.35	0.08	0.2699999999999999	0.2673273916504624	0.0807389511180056	pgaa-cross-platform-dual-gate-v2	pgaa-cross-platform-matched-controls-v2
shifrut2018_primary_t_crispr	Primary human T-cell CRISPR-Cas9	donor_holdout_1_vs_1	DGKZ	DGKZ	2	welch_abs_t	70	4999	0.27	0.01	0.26	0.198260221220673	-0.0114710837357939	pgaa-cross-platform-dual-gate-v2	pgaa-cross-platform-matched-controls-v2
shifrut2018_primary_t_crispr	Primary human T-cell CRISPR-Cas9	donor_holdout_1_vs_1	DGKZ	DGKZ	3	pgaa_w	70	4999	0.32	0.08	0.24	0.3291022816327972	0.259714598200849	pgaa-cross-platform-dual-gate-v2	pgaa-cross-platform-matched-controls-v2
shifrut2018_primary_t_crispr	Primary human T-cell CRISPR-Cas9	donor_holdout_1_vs_1	DGKZ	DGKZ	3	pgaa_h	70	4999	0.08	0.06	0.02	0.0518050664479338	0.0998085855489936	pgaa-cross-platform-dual-gate-v2	pgaa-cross-platform-matched-controls-v2
shifrut2018_primary_t_crispr	Primary human T-cell CRISPR-Cas9	donor_holdout_1_vs_1	DGKZ	DGKZ	3	absolute_mean_shift	70	4999	0.3	0.08	0.2199999999999999	0.222655243285583	0.0902535079088441	pgaa-cross-platform-dual-gate-v2	pgaa-cross-platform-matched-controls-v2
shifrut2018_primary_t_crispr	Primary human T-cell CRISPR-Cas9	donor_holdout_1_vs_1	DGKZ	DGKZ	3	welch_abs_t	70	4999	0.16	0.02	0.14	0.1538788557711542	-0.01105734213722	pgaa-cross-platform-dual-gate-v2	pgaa-cross-platform-matched-controls-v2
shifrut2018_primary_t_crispr	Primary human T-cell CRISPR-Cas9	donor_holdout_1_vs_1	DGKZ	DGKZ	4	pgaa_w	70	4999	0.36	0.09	0.27	0.3944760781207863	0.2295301651019616	pgaa-cross-platform-dual-gate-v2	pgaa-cross-platform-matched-controls-v2
shifrut2018_primary_t_crispr	Primary human T-cell CRISPR-Cas9	donor_holdout_1_vs_1	DGKZ	DGKZ	4	pgaa_h	70	4999	0.06	0.11	-0.05	0.0551295907982834	0.0764441484976337	pgaa-cross-platform-dual-gate-v2	pgaa-cross-platform-matched-controls-v2
shifrut2018_primary_t_crispr	Primary human T-cell CRISPR-Cas9	donor_holdout_1_vs_1	DGKZ	DGKZ	4	absolute_mean_shift	70	4999	0.36	0.07	0.29	0.2787372715426335	0.077408030191316	pgaa-cross-platform-dual-gate-v2	pgaa-cross-platform-matched-controls-v2
shifrut2018_primary_t_crispr	Primary human T-cell CRISPR-Cas9	donor_holdout_1_vs_1	DGKZ	DGKZ	4	welch_abs_t	70	4999	0.24	0.02	0.22	0.2144111460038565	-0.0002645635896307	pgaa-cross-platform-dual-gate-v2	pgaa-cross-platform-matched-controls-v2
shifrut2018_primary_t_crispr	Primary human T-cell CRISPR-Cas9	donor_holdout_1_vs_1	HAVCR2	HAVCR2	0	pgaa_w	70	4999	0.3	0.08	0.2199999999999999	0.3271719249090436	0.2526182304450816	pgaa-cross-platform-dual-gate-v2	pgaa-cross-platform-matched-controls-v2
shifrut2018_primary_t_crispr	Primary human T-cell CRISPR-Cas9	donor_holdout_1_vs_1	HAVCR2	HAVCR2	0	pgaa_h	70	4999	0.11	0.1	0.0099999999999999	0.0391565314209349	0.088846222961183	pgaa-cross-platform-dual-gate-v2	pgaa-cross-platform-matched-controls-v2
shifrut2018_primary_t_crispr	Primary human T-cell CRISPR-Cas9	donor_holdout_1_vs_1	HAVCR2	HAVCR2	0	absolute_mean_shift	70	4999	0.27	0.07	0.2	0.21815298321216	0.0856354039793122	pgaa-cross-platform-dual-gate-v2	pgaa-cross-platform-matched-controls-v2
shifrut2018_primary_t_crispr	Primary human T-cell CRISPR-Cas9	donor_holdout_1_vs_1	HAVCR2	HAVCR2	0	welch_abs_t	70	4999	0.14	0.01	0.13	0.1372896918017906	-0.0033343766317916	pgaa-cross-platform-dual-gate-v2	pgaa-cross-platform-matched-controls-v2
shifrut2018_primary_t_crispr	Primary human T-cell CRISPR-Cas9	donor_holdout_1_vs_1	HAVCR2	HAVCR2	1	pgaa_w	70	4999	0.39	0.08	0.31	0.3410824240238204	0.2556327309747203	pgaa-cross-platform-dual-gate-v2	pgaa-cross-platform-matched-controls-v2
shifrut2018_primary_t_crispr	Primary human T-cell CRISPR-Cas9	donor_holdout_1_vs_1	HAVCR2	HAVCR2	1	pgaa_h	70	4999	0.06	0.07	-0.01	0.073607588022778	0.0613110563793956	pgaa-cross-platform-dual-gate-v2	pgaa-cross-platform-matched-controls-v2
shifrut2018_primary_t_crispr	Primary human T-cell CRISPR-Cas9	donor_holdout_1_vs_1	HAVCR2	HAVCR2	1	absolute_mean_shift	70	4999	0.42	0.06	0.36	0.2534704662603688	0.0853373904804318	pgaa-cross-platform-dual-gate-v2	pgaa-cross-platform-matched-controls-v2
shifrut2018_primary_t_crispr	Primary human T-cell CRISPR-Cas9	donor_holdout_1_vs_1	HAVCR2	HAVCR2	1	welch_abs_t	70	4999	0.23	0.04	0.19	0.1806928050676162	-0.0062915709790654	pgaa-cross-platform-dual-gate-v2	pgaa-cross-platform-matched-controls-v2
shifrut2018_primary_t_crispr	Primary human T-cell CRISPR-Cas9	donor_holdout_1_vs_1	HAVCR2	HAVCR2	2	pgaa_w	70	4999	0.33	0.08	0.25	0.382767252610186	0.2625095857121754	pgaa-cross-platform-dual-gate-v2	pgaa-cross-platform-matched-controls-v2
shifrut2018_primary_t_crispr	Primary human T-cell CRISPR-Cas9	donor_holdout_1_vs_1	HAVCR2	HAVCR2	2	pgaa_h	70	4999	0.06	0.07	-0.01	0.0690922462767755	0.086066726730189	pgaa-cross-platform-dual-gate-v2	pgaa-cross-platform-matched-controls-v2
shifrut2018_primary_t_crispr	Primary human T-cell CRISPR-Cas9	donor_holdout_1_vs_1	HAVCR2	HAVCR2	2	absolute_mean_shift	70	4999	0.34	0.06	0.28	0.2594787575584619	0.10314467253628	pgaa-cross-platform-dual-gate-v2	pgaa-cross-platform-matched-controls-v2
shifrut2018_primary_t_crispr	Primary human T-cell CRISPR-Cas9	donor_holdout_1_vs_1	HAVCR2	HAVCR2	2	welch_abs_t	70	4999	0.21	0.04	0.1699999999999999	0.1820959963421256	0.0082229532270721	pgaa-cross-platform-dual-gate-v2	pgaa-cross-platform-matched-controls-v2
shifrut2018_primary_t_crispr	Primary human T-cell CRISPR-Cas9	donor_holdout_1_vs_1	HAVCR2	HAVCR2	3	pgaa_w	70	4999	0.29	0.1	0.1899999999999999	0.3282221597178125	0.2490220235573632	pgaa-cross-platform-dual-gate-v2	pgaa-cross-platform-matched-controls-v2
shifrut2018_primary_t_crispr	Primary human T-cell CRISPR-Cas9	donor_holdout_1_vs_1	HAVCR2	HAVCR2	3	pgaa_h	70	4999	0.06	0.1	-0.04	0.0685554312068907	0.0881216555018347	pgaa-cross-platform-dual-gate-v2	pgaa-cross-platform-matched-controls-v2
shifrut2018_primary_t_crispr	Primary human T-cell CRISPR-Cas9	donor_holdout_1_vs_1	HAVCR2	HAVCR2	3	absolute_mean_shift	70	4999	0.27	0.1	0.17	0.2298540889800939	0.081163518293447	pgaa-cross-platform-dual-gate-v2	pgaa-cross-platform-matched-controls-v2
shifrut2018_primary_t_crispr	Primary human T-cell CRISPR-Cas9	donor_holdout_1_vs_1	HAVCR2	HAVCR2	3	welch_abs_t	70	4999	0.2	0.04	0.16	0.1620296777560568	-0.0118883906807473	pgaa-cross-platform-dual-gate-v2	pgaa-cross-platform-matched-controls-v2
shifrut2018_primary_t_crispr	Primary human T-cell CRISPR-Cas9	donor_holdout_1_vs_1	HAVCR2	HAVCR2	4	pgaa_w	70	4999	0.41	0.09	0.3199999999999999	0.3438024337640638	0.2449237460845119	pgaa-cross-platform-dual-gate-v2	pgaa-cross-platform-matched-controls-v2
shifrut2018_primary_t_crispr	Primary human T-cell CRISPR-Cas9	donor_holdout_1_vs_1	HAVCR2	HAVCR2	4	pgaa_h	70	4999	0.07	0.1	-0.03	0.0467025097784619	0.0875231223677384	pgaa-cross-platform-dual-gate-v2	pgaa-cross-platform-matched-controls-v2
shifrut2018_primary_t_crispr	Primary human T-cell CRISPR-Cas9	donor_holdout_1_vs_1	HAVCR2	HAVCR2	4	absolute_mean_shift	70	4999	0.41	0.07	0.3399999999999999	0.2532531939281013	0.0880078775881957	pgaa-cross-platform-dual-gate-v2	pgaa-cross-platform-matched-controls-v2
shifrut2018_primary_t_crispr	Primary human T-cell CRISPR-Cas9	donor_holdout_1_vs_1	HAVCR2	HAVCR2	4	welch_abs_t	70	4999	0.31	0.04	0.27	0.1825672391140893	-0.0034182996492095	pgaa-cross-platform-dual-gate-v2	pgaa-cross-platform-matched-controls-v2
shifrut2018_primary_t_crispr	Primary human T-cell CRISPR-Cas9	donor_holdout_1_vs_1	LAG3	LAG3	0	pgaa_w	70	4999	0.34	0.04	0.3	0.3633067573898934	0.2705158809026998	pgaa-cross-platform-dual-gate-v2	pgaa-cross-platform-matched-controls-v2
shifrut2018_primary_t_crispr	Primary human T-cell CRISPR-Cas9	donor_holdout_1_vs_1	LAG3	LAG3	0	pgaa_h	70	4999	0.09	0.05	0.0399999999999999	0.0377250990204344	0.0950245899912813	pgaa-cross-platform-dual-gate-v2	pgaa-cross-platform-matched-controls-v2
shifrut2018_primary_t_crispr	Primary human T-cell CRISPR-Cas9	donor_holdout_1_vs_1	LAG3	LAG3	0	absolute_mean_shift	70	4999	0.36	0.03	0.3299999999999999	0.2776106776697477	0.1079852174810249	pgaa-cross-platform-dual-gate-v2	pgaa-cross-platform-matched-controls-v2
shifrut2018_primary_t_crispr	Primary human T-cell CRISPR-Cas9	donor_holdout_1_vs_1	LAG3	LAG3	0	welch_abs_t	70	4999	0.29	0.06	0.2299999999999999	0.2005240999316562	0.0155682869859675	pgaa-cross-platform-dual-gate-v2	pgaa-cross-platform-matched-controls-v2
shifrut2018_primary_t_crispr	Primary human T-cell CRISPR-Cas9	donor_holdout_1_vs_1	LAG3	LAG3	1	pgaa_w	70	4999	0.35	0.06	0.29	0.3394135696286917	0.2680340501535297	pgaa-cross-platform-dual-gate-v2	pgaa-cross-platform-matched-controls-v2
shifrut2018_primary_t_crispr	Primary human T-cell CRISPR-Cas9	donor_holdout_1_vs_1	LAG3	LAG3	1	pgaa_h	70	4999	0.1	0.05	0.05	0.068860390158863	0.0727704368374294	pgaa-cross-platform-dual-gate-v2	pgaa-cross-platform-matched-controls-v2
shifrut2018_primary_t_crispr	Primary human T-cell CRISPR-Cas9	donor_holdout_1_vs_1	LAG3	LAG3	1	absolute_mean_shift	70	4999	0.32	0.06	0.26	0.249574529317618	0.0932712525516992	pgaa-cross-platform-dual-gate-v2	pgaa-cross-platform-matched-controls-v2
shifrut2018_primary_t_crispr	Primary human T-cell CRISPR-Cas9	donor_holdout_1_vs_1	LAG3	LAG3	1	welch_abs_t	70	4999	0.23	0.01	0.22	0.1681294555229924	0.0076465176129056	pgaa-cross-platform-dual-gate-v2	pgaa-cross-platform-matched-controls-v2
shifrut2018_primary_t_crispr	Primary human T-cell CRISPR-Cas9	donor_holdout_1_vs_1	LAG3	LAG3	2	pgaa_w	70	4999	0.33	0.08	0.25	0.3407629511496537	0.2650177814732282	pgaa-cross-platform-dual-gate-v2	pgaa-cross-platform-matched-controls-v2
shifrut2018_primary_t_crispr	Primary human T-cell CRISPR-Cas9	donor_holdout_1_vs_1	LAG3	LAG3	2	pgaa_h	70	4999	0.06	0.06	0.0	0.0625725415556947	0.0942209255048361	pgaa-cross-platform-dual-gate-v2	pgaa-cross-platform-matched-controls-v2
shifrut2018_primary_t_crispr	Primary human T-cell CRISPR-Cas9	donor_holdout_1_vs_1	LAG3	LAG3	2	absolute_mean_shift	70	4999	0.33	0.08	0.25	0.2447819257969241	0.1062066753003702	pgaa-cross-platform-dual-gate-v2	pgaa-cross-platform-matched-controls-v2
shifrut2018_primary_t_crispr	Primary human T-cell CRISPR-Cas9	donor_holdout_1_vs_1	LAG3	LAG3	2	welch_abs_t	70	4999	0.22	0.03	0.19	0.1600326757346675	0.0161048284644226	pgaa-cross-platform-dual-gate-v2	pgaa-cross-platform-matched-controls-v2
shifrut2018_primary_t_crispr	Primary human T-cell CRISPR-Cas9	donor_holdout_1_vs_1	LAG3	LAG3	3	pgaa_w	70	4999	0.36	0.11	0.25	0.3787236782770721	0.2558318749172544	pgaa-cross-platform-dual-gate-v2	pgaa-cross-platform-matched-controls-v2
shifrut2018_primary_t_crispr	Primary human T-cell CRISPR-Cas9	donor_holdout_1_vs_1	LAG3	LAG3	3	pgaa_h	70	4999	0.04	0.08	-0.04	0.0354873800784861	0.0917709534060551	pgaa-cross-platform-dual-gate-v2	pgaa-cross-platform-matched-controls-v2
shifrut2018_primary_t_crispr	Primary human T-cell CRISPR-Cas9	donor_holdout_1_vs_1	LAG3	LAG3	3	absolute_mean_shift	70	4999	0.35	0.09	0.26	0.2904324042378911	0.0983901905252648	pgaa-cross-platform-dual-gate-v2	pgaa-cross-platform-matched-controls-v2
shifrut2018_primary_t_crispr	Primary human T-cell CRISPR-Cas9	donor_holdout_1_vs_1	LAG3	LAG3	3	welch_abs_t	70	4999	0.31	0.03	0.28	0.2148096833772517	0.0118344629094153	pgaa-cross-platform-dual-gate-v2	pgaa-cross-platform-matched-controls-v2
shifrut2018_primary_t_crispr	Primary human T-cell CRISPR-Cas9	donor_holdout_1_vs_1	LAG3	LAG3	4	pgaa_w	70	4999	0.4	0.07	0.33	0.3609845019270597	0.2427777294626156	pgaa-cross-platform-dual-gate-v2	pgaa-cross-platform-matched-controls-v2
shifrut2018_primary_t_crispr	Primary human T-cell CRISPR-Cas9	donor_holdout_1_vs_1	LAG3	LAG3	4	pgaa_h	70	4999	0.05	0.08	-0.03	0.0324625637307817	0.0604398793775462	pgaa-cross-platform-dual-gate-v2	pgaa-cross-platform-matched-controls-v2
shifrut2018_primary_t_crispr	Primary human T-cell CRISPR-Cas9	donor_holdout_1_vs_1	LAG3	LAG3	4	absolute_mean_shift	70	4999	0.38	0.05	0.33	0.2736451453338586	0.0682646732489347	pgaa-cross-platform-dual-gate-v2	pgaa-cross-platform-matched-controls-v2
shifrut2018_primary_t_crispr	Primary human T-cell CRISPR-Cas9	donor_holdout_1_vs_1	LAG3	LAG3	4	welch_abs_t	70	4999	0.34	0.03	0.31	0.2078068721117046	-0.0303706586936988	pgaa-cross-platform-dual-gate-v2	pgaa-cross-platform-matched-controls-v2
shifrut2018_primary_t_crispr	Primary human T-cell CRISPR-Cas9	donor_holdout_1_vs_1	LCP2	LCP2	0	pgaa_w	70	4999	0.24	0.05	0.19	0.2962320821018041	0.2788931406359239	pgaa-cross-platform-dual-gate-v2	pgaa-cross-platform-matched-controls-v2
shifrut2018_primary_t_crispr	Primary human T-cell CRISPR-Cas9	donor_holdout_1_vs_1	LCP2	LCP2	0	pgaa_h	70	4999	0.06	0.1	-0.04	0.0823386802906307	0.0567431334676092	pgaa-cross-platform-dual-gate-v2	pgaa-cross-platform-matched-controls-v2
shifrut2018_primary_t_crispr	Primary human T-cell CRISPR-Cas9	donor_holdout_1_vs_1	LCP2	LCP2	0	absolute_mean_shift	70	4999	0.27	0.07	0.2	0.1863251989832612	0.1075612404308109	pgaa-cross-platform-dual-gate-v2	pgaa-cross-platform-matched-controls-v2
shifrut2018_primary_t_crispr	Primary human T-cell CRISPR-Cas9	donor_holdout_1_vs_1	LCP2	LCP2	0	welch_abs_t	70	4999	0.22	0.04	0.18	0.1054487993713111	0.013068399101376	pgaa-cross-platform-dual-gate-v2	pgaa-cross-platform-matched-controls-v2
shifrut2018_primary_t_crispr	Primary human T-cell CRISPR-Cas9	donor_holdout_1_vs_1	LCP2	LCP2	1	pgaa_w	70	4999	0.26	0.04	0.22	0.2934238562548866	0.2636917198802498	pgaa-cross-platform-dual-gate-v2	pgaa-cross-platform-matched-controls-v2
shifrut2018_primary_t_crispr	Primary human T-cell CRISPR-Cas9	donor_holdout_1_vs_1	LCP2	LCP2	1	pgaa_h	70	4999	0.06	0.07	-0.01	0.0583730939586033	0.0684123718628946	pgaa-cross-platform-dual-gate-v2	pgaa-cross-platform-matched-controls-v2
shifrut2018_primary_t_crispr	Primary human T-cell CRISPR-Cas9	donor_holdout_1_vs_1	LCP2	LCP2	1	absolute_mean_shift	70	4999	0.25	0.03	0.22	0.1611789663249508	0.1082096389001522	pgaa-cross-platform-dual-gate-v2	pgaa-cross-platform-matched-controls-v2
shifrut2018_primary_t_crispr	Primary human T-cell CRISPR-Cas9	donor_holdout_1_vs_1	LCP2	LCP2	1	welch_abs_t	70	4999	0.17	0.01	0.16	0.0823682657319547	0.013963951195136	pgaa-cross-platform-dual-gate-v2	pgaa-cross-platform-matched-controls-v2
shifrut2018_primary_t_crispr	Primary human T-cell CRISPR-Cas9	donor_holdout_1_vs_1	LCP2	LCP2	2	pgaa_w	70	4999	0.28	0.08	0.2	0.2588529866419586	0.2616178766502738	pgaa-cross-platform-dual-gate-v2	pgaa-cross-platform-matched-controls-v2
shifrut2018_primary_t_crispr	Primary human T-cell CRISPR-Cas9	donor_holdout_1_vs_1	LCP2	LCP2	2	pgaa_h	70	4999	0.07	0.04	0.03	0.0521350428589967	0.0948365897677883	pgaa-cross-platform-dual-gate-v2	pgaa-cross-platform-matched-controls-v2
shifrut2018_primary_t_crispr	Primary human T-cell CRISPR-Cas9	donor_holdout_1_vs_1	LCP2	LCP2	2	absolute_mean_shift	70	4999	0.27	0.06	0.21	0.1418203754658605	0.0927867012944945	pgaa-cross-platform-dual-gate-v2	pgaa-cross-platform-matched-controls-v2
shifrut2018_primary_t_crispr	Primary human T-cell CRISPR-Cas9	donor_holdout_1_vs_1	LCP2	LCP2	2	welch_abs_t	70	4999	0.15	0.02	0.13	0.0566114600618376	0.0070551253151498	pgaa-cross-platform-dual-gate-v2	pgaa-cross-platform-matched-controls-v2
shifrut2018_primary_t_crispr	Primary human T-cell CRISPR-Cas9	donor_holdout_1_vs_1	LCP2	LCP2	3	pgaa_w	70	4999	0.23	0.06	0.17	0.298789259659826	0.2584404905520114	pgaa-cross-platform-dual-gate-v2	pgaa-cross-platform-matched-controls-v2
shifrut2018_primary_t_crispr	Primary human T-cell CRISPR-Cas9	donor_holdout_1_vs_1	LCP2	LCP2	3	pgaa_h	70	4999	0.11	0.08	0.03	0.0707545807332573	0.0944442676862005	pgaa-cross-platform-dual-gate-v2	pgaa-cross-platform-matched-controls-v2
shifrut2018_primary_t_crispr	Primary human T-cell CRISPR-Cas9	donor_holdout_1_vs_1	LCP2	LCP2	3	absolute_mean_shift	70	4999	0.25	0.04	0.21	0.1649842948859861	0.0791022231888168	pgaa-cross-platform-dual-gate-v2	pgaa-cross-platform-matched-controls-v2
shifrut2018_primary_t_crispr	Primary human T-cell CRISPR-Cas9	donor_holdout_1_vs_1	LCP2	LCP2	3	welch_abs_t	70	4999	0.15	0.0	0.15	0.07922122369442	-0.0096175582334702	pgaa-cross-platform-dual-gate-v2	pgaa-cross-platform-matched-controls-v2
shifrut2018_primary_t_crispr	Primary human T-cell CRISPR-Cas9	donor_holdout_1_vs_1	LCP2	LCP2	4	pgaa_w	70	4999	0.3	0.04	0.26	0.2906528773291429	0.2780447782067042	pgaa-cross-platform-dual-gate-v2	pgaa-cross-platform-matched-controls-v2
shifrut2018_primary_t_crispr	Primary human T-cell CRISPR-Cas9	donor_holdout_1_vs_1	LCP2	LCP2	4	pgaa_h	70	4999	0.12	0.02	0.0999999999999999	0.0550477897706301	0.0813388960747061	pgaa-cross-platform-dual-gate-v2	pgaa-cross-platform-matched-controls-v2
shifrut2018_primary_t_crispr	Primary human T-cell CRISPR-Cas9	donor_holdout_1_vs_1	LCP2	LCP2	4	absolute_mean_shift	70	4999	0.29	0.04	0.2499999999999999	0.1784133137397426	0.0906101900583872	pgaa-cross-platform-dual-gate-v2	pgaa-cross-platform-matched-controls-v2
shifrut2018_primary_t_crispr	Primary human T-cell CRISPR-Cas9	donor_holdout_1_vs_1	LCP2	LCP2	4	welch_abs_t	70	4999	0.24	0.04	0.1999999999999999	0.1038644652389716	-0.0003394704266023	pgaa-cross-platform-dual-gate-v2	pgaa-cross-platform-matched-controls-v2
shifrut2018_primary_t_crispr	Primary human T-cell CRISPR-Cas9	donor_holdout_1_vs_1	MEF2D	MEF2D	0	pgaa_w	70	4999	0.38	0.05	0.33	0.4448646210394541	0.2424098897570517	pgaa-cross-platform-dual-gate-v2	pgaa-cross-platform-matched-controls-v2
shifrut2018_primary_t_crispr	Primary human T-cell CRISPR-Cas9	donor_holdout_1_vs_1	MEF2D	MEF2D	0	pgaa_h	70	4999	0.09	0.08	0.0099999999999999	0.0928788097273789	0.0896603206141882	pgaa-cross-platform-dual-gate-v2	pgaa-cross-platform-matched-controls-v2
shifrut2018_primary_t_crispr	Primary human T-cell CRISPR-Cas9	donor_holdout_1_vs_1	MEF2D	MEF2D	0	absolute_mean_shift	70	4999	0.36	0.02	0.3399999999999999	0.3168978888694906	0.0727913374865826	pgaa-cross-platform-dual-gate-v2	pgaa-cross-platform-matched-controls-v2
shifrut2018_primary_t_crispr	Primary human T-cell CRISPR-Cas9	donor_holdout_1_vs_1	MEF2D	MEF2D	0	welch_abs_t	70	4999	0.25	0.03	0.22	0.2516617010797118	-0.0114624942890537	pgaa-cross-platform-dual-gate-v2	pgaa-cross-platform-matched-controls-v2
shifrut2018_primary_t_crispr	Primary human T-cell CRISPR-Cas9	donor_holdout_1_vs_1	MEF2D	MEF2D	1	pgaa_w	70	4999	0.37	0.03	0.3399999999999999	0.3385150581136636	0.2546998151002672	pgaa-cross-platform-dual-gate-v2	pgaa-cross-platform-matched-controls-v2
shifrut2018_primary_t_crispr	Primary human T-cell CRISPR-Cas9	donor_holdout_1_vs_1	MEF2D	MEF2D	1	pgaa_h	70	4999	0.06	0.11	-0.05	0.0450203382257684	0.0752290482066175	pgaa-cross-platform-dual-gate-v2	pgaa-cross-platform-matched-controls-v2
shifrut2018_primary_t_crispr	Primary human T-cell CRISPR-Cas9	donor_holdout_1_vs_1	MEF2D	MEF2D	1	absolute_mean_shift	70	4999	0.36	0.05	0.31	0.2461221682090589	0.1048445686932428	pgaa-cross-platform-dual-gate-v2	pgaa-cross-platform-matched-controls-v2
shifrut2018_primary_t_crispr	Primary human T-cell CRISPR-Cas9	donor_holdout_1_vs_1	MEF2D	MEF2D	1	welch_abs_t	70	4999	0.21	0.01	0.1999999999999999	0.1646143774733338	0.0198400865841631	pgaa-cross-platform-dual-gate-v2	pgaa-cross-platform-matched-controls-v2
shifrut2018_primary_t_crispr	Primary human T-cell CRISPR-Cas9	donor_holdout_1_vs_1	MEF2D	MEF2D	2	pgaa_w	70	4999	0.37	0.04	0.33	0.3724780281866698	0.2581710091483589	pgaa-cross-platform-dual-gate-v2	pgaa-cross-platform-matched-controls-v2
shifrut2018_primary_t_crispr	Primary human T-cell CRISPR-Cas9	donor_holdout_1_vs_1	MEF2D	MEF2D	2	pgaa_h	70	4999	0.14	0.07	0.07	0.070027835584192	0.092062212516801	pgaa-cross-platform-dual-gate-v2	pgaa-cross-platform-matched-controls-v2
shifrut2018_primary_t_crispr	Primary human T-cell CRISPR-Cas9	donor_holdout_1_vs_1	MEF2D	MEF2D	2	absolute_mean_shift	70	4999	0.38	0.03	0.35	0.284360457068229	0.0886789170523854	pgaa-cross-platform-dual-gate-v2	pgaa-cross-platform-matched-controls-v2
shifrut2018_primary_t_crispr	Primary human T-cell CRISPR-Cas9	donor_holdout_1_vs_1	MEF2D	MEF2D	2	welch_abs_t	70	4999	0.22	0.02	0.2	0.2071788835607981	0.0001292185210077	pgaa-cross-platform-dual-gate-v2	pgaa-cross-platform-matched-controls-v2
shifrut2018_primary_t_crispr	Primary human T-cell CRISPR-Cas9	donor_holdout_1_vs_1	MEF2D	MEF2D	3	pgaa_w	70	4999	0.42	0.06	0.36	0.4048306718726699	0.2617595422460251	pgaa-cross-platform-dual-gate-v2	pgaa-cross-platform-matched-controls-v2
shifrut2018_primary_t_crispr	Primary human T-cell CRISPR-Cas9	donor_holdout_1_vs_1	MEF2D	MEF2D	3	pgaa_h	70	4999	0.1	0.11	-0.0099999999999999	0.0675990154289063	0.0707702365570729	pgaa-cross-platform-dual-gate-v2	pgaa-cross-platform-matched-controls-v2
shifrut2018_primary_t_crispr	Primary human T-cell CRISPR-Cas9	donor_holdout_1_vs_1	MEF2D	MEF2D	3	absolute_mean_shift	70	4999	0.42	0.05	0.37	0.3124737980159044	0.0870420658044981	pgaa-cross-platform-dual-gate-v2	pgaa-cross-platform-matched-controls-v2
shifrut2018_primary_t_crispr	Primary human T-cell CRISPR-Cas9	donor_holdout_1_vs_1	MEF2D	MEF2D	3	welch_abs_t	70	4999	0.33	0.02	0.31	0.2411904038430735	-0.0092011959483302	pgaa-cross-platform-dual-gate-v2	pgaa-cross-platform-matched-controls-v2
shifrut2018_primary_t_crispr	Primary human T-cell CRISPR-Cas9	donor_holdout_1_vs_1	MEF2D	MEF2D	4	pgaa_w	70	4999	0.42	0.03	0.39	0.3960337518644186	0.266333157351702	pgaa-cross-platform-dual-gate-v2	pgaa-cross-platform-matched-controls-v2
shifrut2018_primary_t_crispr	Primary human T-cell CRISPR-Cas9	donor_holdout_1_vs_1	MEF2D	MEF2D	4	pgaa_h	70	4999	0.09	0.07	0.0199999999999999	0.0284494094347739	0.0646437511781848	pgaa-cross-platform-dual-gate-v2	pgaa-cross-platform-matched-controls-v2
shifrut2018_primary_t_crispr	Primary human T-cell CRISPR-Cas9	donor_holdout_1_vs_1	MEF2D	MEF2D	4	absolute_mean_shift	70	4999	0.42	0.03	0.39	0.2711222490356415	0.101562656902817	pgaa-cross-platform-dual-gate-v2	pgaa-cross-platform-matched-controls-v2
shifrut2018_primary_t_crispr	Primary human T-cell CRISPR-Cas9	donor_holdout_1_vs_1	MEF2D	MEF2D	4	welch_abs_t	70	4999	0.27	0.0	0.27	0.2006380511204435	0.0007548345224462	pgaa-cross-platform-dual-gate-v2	pgaa-cross-platform-matched-controls-v2
shifrut2018_primary_t_crispr	Primary human T-cell CRISPR-Cas9	donor_holdout_1_vs_1	PDCD1	PDCD1	0	pgaa_w	70	4999	0.4	0.06	0.34	0.3622791794853569	0.269467479644257	pgaa-cross-platform-dual-gate-v2	pgaa-cross-platform-matched-controls-v2
shifrut2018_primary_t_crispr	Primary human T-cell CRISPR-Cas9	donor_holdout_1_vs_1	PDCD1	PDCD1	0	pgaa_h	70	4999	0.11	0.06	0.05	0.0707038983555338	0.0873830068735434	pgaa-cross-platform-dual-gate-v2	pgaa-cross-platform-matched-controls-v2
shifrut2018_primary_t_crispr	Primary human T-cell CRISPR-Cas9	donor_holdout_1_vs_1	PDCD1	PDCD1	0	absolute_mean_shift	70	4999	0.4	0.06	0.34	0.2659699228872884	0.0859430965788754	pgaa-cross-platform-dual-gate-v2	pgaa-cross-platform-matched-controls-v2
shifrut2018_primary_t_crispr	Primary human T-cell CRISPR-Cas9	donor_holdout_1_vs_1	PDCD1	PDCD1	0	welch_abs_t	70	4999	0.24	0.0	0.24	0.1856535389670972	0.0081622644344631	pgaa-cross-platform-dual-gate-v2	pgaa-cross-platform-matched-controls-v2
shifrut2018_primary_t_crispr	Primary human T-cell CRISPR-Cas9	donor_holdout_1_vs_1	PDCD1	PDCD1	1	pgaa_w	70	4999	0.31	0.05	0.26	0.3455950273848288	0.2653293022801079	pgaa-cross-platform-dual-gate-v2	pgaa-cross-platform-matched-controls-v2
shifrut2018_primary_t_crispr	Primary human T-cell CRISPR-Cas9	donor_holdout_1_vs_1	PDCD1	PDCD1	1	pgaa_h	70	4999	0.1	0.06	0.04	0.0459449617028101	0.0716849649422659	pgaa-cross-platform-dual-gate-v2	pgaa-cross-platform-matched-controls-v2
shifrut2018_primary_t_crispr	Primary human T-cell CRISPR-Cas9	donor_holdout_1_vs_1	PDCD1	PDCD1	1	absolute_mean_shift	70	4999	0.32	0.06	0.26	0.2454194724659218	0.1006535998755118	pgaa-cross-platform-dual-gate-v2	pgaa-cross-platform-matched-controls-v2
shifrut2018_primary_t_crispr	Primary human T-cell CRISPR-Cas9	donor_holdout_1_vs_1	PDCD1	PDCD1	1	welch_abs_t	70	4999	0.17	0.02	0.15	0.1725570192111065	0.0056831839426671	pgaa-cross-platform-dual-gate-v2	pgaa-cross-platform-matched-controls-v2
shifrut2018_primary_t_crispr	Primary human T-cell CRISPR-Cas9	donor_holdout_1_vs_1	PDCD1	PDCD1	2	pgaa_w	70	4999	0.37	0.05	0.32	0.346262571217725	0.2444005819730274	pgaa-cross-platform-dual-gate-v2	pgaa-cross-platform-matched-controls-v2
shifrut2018_primary_t_crispr	Primary human T-cell CRISPR-Cas9	donor_holdout_1_vs_1	PDCD1	PDCD1	2	pgaa_h	70	4999	0.05	0.1	-0.05	0.0335558278289783	0.0869235816548986	pgaa-cross-platform-dual-gate-v2	pgaa-cross-platform-matched-controls-v2
shifrut2018_primary_t_crispr	Primary human T-cell CRISPR-Cas9	donor_holdout_1_vs_1	PDCD1	PDCD1	2	absolute_mean_shift	70	4999	0.36	0.05	0.31	0.2406616897084417	0.074397278700185	pgaa-cross-platform-dual-gate-v2	pgaa-cross-platform-matched-controls-v2
shifrut2018_primary_t_crispr	Primary human T-cell CRISPR-Cas9	donor_holdout_1_vs_1	PDCD1	PDCD1	2	welch_abs_t	70	4999	0.28	0.03	0.25	0.1703480997801084	-0.0049567903287196	pgaa-cross-platform-dual-gate-v2	pgaa-cross-platform-matched-controls-v2
shifrut2018_primary_t_crispr	Primary human T-cell CRISPR-Cas9	donor_holdout_1_vs_1	PDCD1	PDCD1	3	pgaa_w	70	4999	0.37	0.09	0.28	0.3624510972782792	0.278771117364801	pgaa-cross-platform-dual-gate-v2	pgaa-cross-platform-matched-controls-v2
shifrut2018_primary_t_crispr	Primary human T-cell CRISPR-Cas9	donor_holdout_1_vs_1	PDCD1	PDCD1	3	pgaa_h	70	4999	0.07	0.1	-0.03	0.0597368876216876	0.1131020315023324	pgaa-cross-platform-dual-gate-v2	pgaa-cross-platform-matched-controls-v2
shifrut2018_primary_t_crispr	Primary human T-cell CRISPR-Cas9	donor_holdout_1_vs_1	PDCD1	PDCD1	3	absolute_mean_shift	70	4999	0.37	0.06	0.31	0.2586274481306825	0.0793144380288906	pgaa-cross-platform-dual-gate-v2	pgaa-cross-platform-matched-controls-v2
shifrut2018_primary_t_crispr	Primary human T-cell CRISPR-Cas9	donor_holdout_1_vs_1	PDCD1	PDCD1	3	welch_abs_t	70	4999	0.27	0.03	0.24	0.1756796257337191	-0.0133968047403859	pgaa-cross-platform-dual-gate-v2	pgaa-cross-platform-matched-controls-v2
shifrut2018_primary_t_crispr	Primary human T-cell CRISPR-Cas9	donor_holdout_1_vs_1	PDCD1	PDCD1	4	pgaa_w	70	4999	0.41	0.07	0.3399999999999999	0.360428812773359	0.2641995637780939	pgaa-cross-platform-dual-gate-v2	pgaa-cross-platform-matched-controls-v2
shifrut2018_primary_t_crispr	Primary human T-cell CRISPR-Cas9	donor_holdout_1_vs_1	PDCD1	PDCD1	4	pgaa_h	70	4999	0.1	0.08	0.02	0.0507258384860939	0.0659415632680865	pgaa-cross-platform-dual-gate-v2	pgaa-cross-platform-matched-controls-v2
shifrut2018_primary_t_crispr	Primary human T-cell CRISPR-Cas9	donor_holdout_1_vs_1	PDCD1	PDCD1	4	absolute_mean_shift	70	4999	0.41	0.07	0.3399999999999999	0.2413699480352253	0.1103738704923654	pgaa-cross-platform-dual-gate-v2	pgaa-cross-platform-matched-controls-v2
shifrut2018_primary_t_crispr	Primary human T-cell CRISPR-Cas9	donor_holdout_1_vs_1	PDCD1	PDCD1	4	welch_abs_t	70	4999	0.33	0.04	0.29	0.1701417786558512	0.006943210328889	pgaa-cross-platform-dual-gate-v2	pgaa-cross-platform-matched-controls-v2
shifrut2018_primary_t_crispr	Primary human T-cell CRISPR-Cas9	donor_holdout_1_vs_1	RASA2	RASA2	0	pgaa_w	70	4999	0.31	0.06	0.25	0.4274318310480824	0.2567008117378229	pgaa-cross-platform-dual-gate-v2	pgaa-cross-platform-matched-controls-v2
shifrut2018_primary_t_crispr	Primary human T-cell CRISPR-Cas9	donor_holdout_1_vs_1	RASA2	RASA2	0	pgaa_h	70	4999	0.06	0.08	-0.02	0.062297321606559	0.092334301067626	pgaa-cross-platform-dual-gate-v2	pgaa-cross-platform-matched-controls-v2
shifrut2018_primary_t_crispr	Primary human T-cell CRISPR-Cas9	donor_holdout_1_vs_1	RASA2	RASA2	0	absolute_mean_shift	70	4999	0.32	0.05	0.27	0.3199834944333396	0.0858573377555191	pgaa-cross-platform-dual-gate-v2	pgaa-cross-platform-matched-controls-v2
shifrut2018_primary_t_crispr	Primary human T-cell CRISPR-Cas9	donor_holdout_1_vs_1	RASA2	RASA2	0	welch_abs_t	70	4999	0.24	0.01	0.2299999999999999	0.2403309432652516	-0.0032877699037581	pgaa-cross-platform-dual-gate-v2	pgaa-cross-platform-matched-controls-v2
shifrut2018_primary_t_crispr	Primary human T-cell CRISPR-Cas9	donor_holdout_1_vs_1	RASA2	RASA2	1	pgaa_w	70	4999	0.44	0.06	0.38	0.438847606544118	0.2472156896295541	pgaa-cross-platform-dual-gate-v2	pgaa-cross-platform-matched-controls-v2
shifrut2018_primary_t_crispr	Primary human T-cell CRISPR-Cas9	donor_holdout_1_vs_1	RASA2	RASA2	1	pgaa_h	70	4999	0.1	0.04	0.06	0.0477046023456943	0.0714826971701291	pgaa-cross-platform-dual-gate-v2	pgaa-cross-platform-matched-controls-v2
shifrut2018_primary_t_crispr	Primary human T-cell CRISPR-Cas9	donor_holdout_1_vs_1	RASA2	RASA2	1	absolute_mean_shift	70	4999	0.45	0.07	0.38	0.348713404266595	0.0835628181110969	pgaa-cross-platform-dual-gate-v2	pgaa-cross-platform-matched-controls-v2
shifrut2018_primary_t_crispr	Primary human T-cell CRISPR-Cas9	donor_holdout_1_vs_1	RASA2	RASA2	1	welch_abs_t	70	4999	0.4	0.02	0.38	0.2828385328994451	0.0009411862513679	pgaa-cross-platform-dual-gate-v2	pgaa-cross-platform-matched-controls-v2
shifrut2018_primary_t_crispr	Primary human T-cell CRISPR-Cas9	donor_holdout_1_vs_1	RASA2	RASA2	2	pgaa_w	70	4999	0.52	0.08	0.44	0.4468685370314608	0.2814060522818392	pgaa-cross-platform-dual-gate-v2	pgaa-cross-platform-matched-controls-v2
shifrut2018_primary_t_crispr	Primary human T-cell CRISPR-Cas9	donor_holdout_1_vs_1	RASA2	RASA2	2	pgaa_h	70	4999	0.0	0.07	-0.07	0.0576740541884404	0.0638325827286575	pgaa-cross-platform-dual-gate-v2	pgaa-cross-platform-matched-controls-v2
shifrut2018_primary_t_crispr	Primary human T-cell CRISPR-Cas9	donor_holdout_1_vs_1	RASA2	RASA2	2	absolute_mean_shift	70	4999	0.53	0.07	0.46	0.3512751477572262	0.0913497000187174	pgaa-cross-platform-dual-gate-v2	pgaa-cross-platform-matched-controls-v2
shifrut2018_primary_t_crispr	Primary human T-cell CRISPR-Cas9	donor_holdout_1_vs_1	RASA2	RASA2	2	welch_abs_t	70	4999	0.43	0.03	0.4	0.2774627546944554	0.0043933273499409	pgaa-cross-platform-dual-gate-v2	pgaa-cross-platform-matched-controls-v2
shifrut2018_primary_t_crispr	Primary human T-cell CRISPR-Cas9	donor_holdout_1_vs_1	RASA2	RASA2	3	pgaa_w	70	4999	0.42	0.07	0.35	0.4283108882040514	0.2446803613978136	pgaa-cross-platform-dual-gate-v2	pgaa-cross-platform-matched-controls-v2
shifrut2018_primary_t_crispr	Primary human T-cell CRISPR-Cas9	donor_holdout_1_vs_1	RASA2	RASA2	3	pgaa_h	70	4999	0.08	0.03	0.05	0.0352099564184355	0.0671312380464104	pgaa-cross-platform-dual-gate-v2	pgaa-cross-platform-matched-controls-v2
shifrut2018_primary_t_crispr	Primary human T-cell CRISPR-Cas9	donor_holdout_1_vs_1	RASA2	RASA2	3	absolute_mean_shift	70	4999	0.41	0.06	0.35	0.317676121890293	0.0765558847863826	pgaa-cross-platform-dual-gate-v2	pgaa-cross-platform-matched-controls-v2
shifrut2018_primary_t_crispr	Primary human T-cell CRISPR-Cas9	donor_holdout_1_vs_1	RASA2	RASA2	3	welch_abs_t	70	4999	0.29	0.0	0.29	0.2317805316645562	-0.0063754426579858	pgaa-cross-platform-dual-gate-v2	pgaa-cross-platform-matched-controls-v2
shifrut2018_primary_t_crispr	Primary human T-cell CRISPR-Cas9	donor_holdout_1_vs_1	RASA2	RASA2	4	pgaa_w	70	4999	0.38	0.09	0.29	0.4046459872526726	0.2746298739485148	pgaa-cross-platform-dual-gate-v2	pgaa-cross-platform-matched-controls-v2
shifrut2018_primary_t_crispr	Primary human T-cell CRISPR-Cas9	donor_holdout_1_vs_1	RASA2	RASA2	4	pgaa_h	70	4999	0.06	0.12	-0.06	0.0474619950775066	0.0815125272258917	pgaa-cross-platform-dual-gate-v2	pgaa-cross-platform-matched-controls-v2
shifrut2018_primary_t_crispr	Primary human T-cell CRISPR-Cas9	donor_holdout_1_vs_1	RASA2	RASA2	4	absolute_mean_shift	70	4999	0.37	0.1	0.27	0.3063306206720094	0.0846039138499809	pgaa-cross-platform-dual-gate-v2	pgaa-cross-platform-matched-controls-v2
shifrut2018_primary_t_crispr	Primary human T-cell CRISPR-Cas9	donor_holdout_1_vs_1	RASA2	RASA2	4	welch_abs_t	70	4999	0.34	0.01	0.33	0.2443448626339914	-0.0169596499588651	pgaa-cross-platform-dual-gate-v2	pgaa-cross-platform-matched-controls-v2
shifrut2018_primary_t_crispr	Primary human T-cell CRISPR-Cas9	donor_holdout_1_vs_1	SOCS1	SOCS1	0	pgaa_w	70	4999	0.42	0.05	0.37	0.4620458189116815	0.264107215987753	pgaa-cross-platform-dual-gate-v2	pgaa-cross-platform-matched-controls-v2
shifrut2018_primary_t_crispr	Primary human T-cell CRISPR-Cas9	donor_holdout_1_vs_1	SOCS1	SOCS1	0	pgaa_h	70	4999	0.05	0.05	0.0	0.0488188880484069	0.0743651128021678	pgaa-cross-platform-dual-gate-v2	pgaa-cross-platform-matched-controls-v2
shifrut2018_primary_t_crispr	Primary human T-cell CRISPR-Cas9	donor_holdout_1_vs_1	SOCS1	SOCS1	0	absolute_mean_shift	70	4999	0.42	0.05	0.37	0.3429281079827713	0.0990511475390375	pgaa-cross-platform-dual-gate-v2	pgaa-cross-platform-matched-controls-v2
shifrut2018_primary_t_crispr	Primary human T-cell CRISPR-Cas9	donor_holdout_1_vs_1	SOCS1	SOCS1	0	welch_abs_t	70	4999	0.34	0.03	0.31	0.2672586310779563	0.0063316071590505	pgaa-cross-platform-dual-gate-v2	pgaa-cross-platform-matched-controls-v2
shifrut2018_primary_t_crispr	Primary human T-cell CRISPR-Cas9	donor_holdout_1_vs_1	SOCS1	SOCS1	1	pgaa_w	70	4999	0.44	0.06	0.38	0.4285821257991954	0.2542531280324525	pgaa-cross-platform-dual-gate-v2	pgaa-cross-platform-matched-controls-v2
shifrut2018_primary_t_crispr	Primary human T-cell CRISPR-Cas9	donor_holdout_1_vs_1	SOCS1	SOCS1	1	pgaa_h	70	4999	0.03	0.1	-0.07	0.0428779770208532	0.1052489817534257	pgaa-cross-platform-dual-gate-v2	pgaa-cross-platform-matched-controls-v2
shifrut2018_primary_t_crispr	Primary human T-cell CRISPR-Cas9	donor_holdout_1_vs_1	SOCS1	SOCS1	1	absolute_mean_shift	70	4999	0.43	0.04	0.39	0.3019294904504037	0.080831516411272	pgaa-cross-platform-dual-gate-v2	pgaa-cross-platform-matched-controls-v2
shifrut2018_primary_t_crispr	Primary human T-cell CRISPR-Cas9	donor_holdout_1_vs_1	SOCS1	SOCS1	1	welch_abs_t	70	4999	0.28	0.01	0.27	0.2278118254197733	-0.0002914734023618	pgaa-cross-platform-dual-gate-v2	pgaa-cross-platform-matched-controls-v2
shifrut2018_primary_t_crispr	Primary human T-cell CRISPR-Cas9	donor_holdout_1_vs_1	SOCS1	SOCS1	2	pgaa_w	70	4999	0.36	0.06	0.3	0.340642125456079	0.2708213784663621	pgaa-cross-platform-dual-gate-v2	pgaa-cross-platform-matched-controls-v2
shifrut2018_primary_t_crispr	Primary human T-cell CRISPR-Cas9	donor_holdout_1_vs_1	SOCS1	SOCS1	2	pgaa_h	70	4999	0.09	0.13	-0.04	0.0326772670845991	0.0843517508110591	pgaa-cross-platform-dual-gate-v2	pgaa-cross-platform-matched-controls-v2
shifrut2018_primary_t_crispr	Primary human T-cell CRISPR-Cas9	donor_holdout_1_vs_1	SOCS1	SOCS1	2	absolute_mean_shift	70	4999	0.36	0.05	0.31	0.2323272031764572	0.1210395440314989	pgaa-cross-platform-dual-gate-v2	pgaa-cross-platform-matched-controls-v2
shifrut2018_primary_t_crispr	Primary human T-cell CRISPR-Cas9	donor_holdout_1_vs_1	SOCS1	SOCS1	2	welch_abs_t	70	4999	0.23	0.03	0.2	0.1627027009762745	0.0351211542887965	pgaa-cross-platform-dual-gate-v2	pgaa-cross-platform-matched-controls-v2
shifrut2018_primary_t_crispr	Primary human T-cell CRISPR-Cas9	donor_holdout_1_vs_1	SOCS1	SOCS1	3	pgaa_w	70	4999	0.52	0.05	0.47	0.4122300091329726	0.2681932190777356	pgaa-cross-platform-dual-gate-v2	pgaa-cross-platform-matched-controls-v2
shifrut2018_primary_t_crispr	Primary human T-cell CRISPR-Cas9	donor_holdout_1_vs_1	SOCS1	SOCS1	3	pgaa_h	70	4999	0.08	0.08	0.0	0.0693136384705171	0.0802995101464383	pgaa-cross-platform-dual-gate-v2	pgaa-cross-platform-matched-controls-v2
shifrut2018_primary_t_crispr	Primary human T-cell CRISPR-Cas9	donor_holdout_1_vs_1	SOCS1	SOCS1	3	absolute_mean_shift	70	4999	0.52	0.04	0.48	0.3087886284247865	0.0842718747993097	pgaa-cross-platform-dual-gate-v2	pgaa-cross-platform-matched-controls-v2
shifrut2018_primary_t_crispr	Primary human T-cell CRISPR-Cas9	donor_holdout_1_vs_1	SOCS1	SOCS1	3	welch_abs_t	70	4999	0.36	0.02	0.3399999999999999	0.2307220070720199	-0.0052168957687356	pgaa-cross-platform-dual-gate-v2	pgaa-cross-platform-matched-controls-v2
shifrut2018_primary_t_crispr	Primary human T-cell CRISPR-Cas9	donor_holdout_1_vs_1	SOCS1	SOCS1	4	pgaa_w	70	4999	0.48	0.07	0.41	0.4528960506146848	0.2475697013214515	pgaa-cross-platform-dual-gate-v2	pgaa-cross-platform-matched-controls-v2
shifrut2018_primary_t_crispr	Primary human T-cell CRISPR-Cas9	donor_holdout_1_vs_1	SOCS1	SOCS1	4	pgaa_h	70	4999	0.1	0.07	0.03	0.0456550740914525	0.0761826524083181	pgaa-cross-platform-dual-gate-v2	pgaa-cross-platform-matched-controls-v2
shifrut2018_primary_t_crispr	Primary human T-cell CRISPR-Cas9	donor_holdout_1_vs_1	SOCS1	SOCS1	4	absolute_mean_shift	70	4999	0.48	0.05	0.43	0.3525754725579588	0.0755003227841505	pgaa-cross-platform-dual-gate-v2	pgaa-cross-platform-matched-controls-v2
shifrut2018_primary_t_crispr	Primary human T-cell CRISPR-Cas9	donor_holdout_1_vs_1	SOCS1	SOCS1	4	welch_abs_t	70	4999	0.38	0.05	0.33	0.2808185323018986	-0.0069902727180057	pgaa-cross-platform-dual-gate-v2	pgaa-cross-platform-matched-controls-v2
wessels2023_myeloid_cas13	Human myeloid-cell CRISPR-Cas13	sample_tag_holdout_4_vs_4	FLI1	FLI1	0	pgaa_w	70	4999	0.44	0.07	0.37	0.3692132480757857	0.2233884076215003	pgaa-cross-platform-dual-gate-v2	pgaa-cross-platform-matched-controls-v2
wessels2023_myeloid_cas13	Human myeloid-cell CRISPR-Cas13	sample_tag_holdout_4_vs_4	FLI1	FLI1	0	pgaa_h	70	4999	0.09	0.04	0.0499999999999999	0.0558414565056431	0.0549357122025965	pgaa-cross-platform-dual-gate-v2	pgaa-cross-platform-matched-controls-v2
wessels2023_myeloid_cas13	Human myeloid-cell CRISPR-Cas13	sample_tag_holdout_4_vs_4	FLI1	FLI1	0	absolute_mean_shift	70	4999	0.41	0.07	0.3399999999999999	0.228678373428764	0.0596491215678741	pgaa-cross-platform-dual-gate-v2	pgaa-cross-platform-matched-controls-v2
wessels2023_myeloid_cas13	Human myeloid-cell CRISPR-Cas13	sample_tag_holdout_4_vs_4	FLI1	FLI1	0	welch_abs_t	70	4999	0.34	0.02	0.32	0.1525497686848906	0.0240359626312786	pgaa-cross-platform-dual-gate-v2	pgaa-cross-platform-matched-controls-v2
wessels2023_myeloid_cas13	Human myeloid-cell CRISPR-Cas13	sample_tag_holdout_4_vs_4	FLI1	FLI1	1	pgaa_w	70	4999	0.47	0.04	0.43	0.3757631568570618	0.2364788013545086	pgaa-cross-platform-dual-gate-v2	pgaa-cross-platform-matched-controls-v2
wessels2023_myeloid_cas13	Human myeloid-cell CRISPR-Cas13	sample_tag_holdout_4_vs_4	FLI1	FLI1	1	pgaa_h	70	4999	0.03	0.04	-0.01	0.032802350067381	0.0307753323521263	pgaa-cross-platform-dual-gate-v2	pgaa-cross-platform-matched-controls-v2
wessels2023_myeloid_cas13	Human myeloid-cell CRISPR-Cas13	sample_tag_holdout_4_vs_4	FLI1	FLI1	1	absolute_mean_shift	70	4999	0.48	0.02	0.4599999999999999	0.2799618953937228	0.0554964520915345	pgaa-cross-platform-dual-gate-v2	pgaa-cross-platform-matched-controls-v2
wessels2023_myeloid_cas13	Human myeloid-cell CRISPR-Cas13	sample_tag_holdout_4_vs_4	FLI1	FLI1	1	welch_abs_t	70	4999	0.36	0.0	0.36	0.2106554377862367	0.0025601389187244	pgaa-cross-platform-dual-gate-v2	pgaa-cross-platform-matched-controls-v2
wessels2023_myeloid_cas13	Human myeloid-cell CRISPR-Cas13	sample_tag_holdout_4_vs_4	FLI1	FLI1	2	pgaa_w	70	4999	0.38	0.05	0.33	0.3233693124219082	0.2071534660353439	pgaa-cross-platform-dual-gate-v2	pgaa-cross-platform-matched-controls-v2
wessels2023_myeloid_cas13	Human myeloid-cell CRISPR-Cas13	sample_tag_holdout_4_vs_4	FLI1	FLI1	2	pgaa_h	70	4999	0.01	0.02	-0.01	0.0493666480094185	0.0596280793726057	pgaa-cross-platform-dual-gate-v2	pgaa-cross-platform-matched-controls-v2
wessels2023_myeloid_cas13	Human myeloid-cell CRISPR-Cas13	sample_tag_holdout_4_vs_4	FLI1	FLI1	2	absolute_mean_shift	70	4999	0.38	0.03	0.35	0.1851385097934552	0.043322926921597	pgaa-cross-platform-dual-gate-v2	pgaa-cross-platform-matched-controls-v2
wessels2023_myeloid_cas13	Human myeloid-cell CRISPR-Cas13	sample_tag_holdout_4_vs_4	FLI1	FLI1	2	welch_abs_t	70	4999	0.32	0.0	0.32	0.1090962519567104	-0.0021469776308718	pgaa-cross-platform-dual-gate-v2	pgaa-cross-platform-matched-controls-v2
wessels2023_myeloid_cas13	Human myeloid-cell CRISPR-Cas13	sample_tag_holdout_4_vs_4	FLI1	FLI1	3	pgaa_w	70	4999	0.45	0.05	0.4	0.3179575299453649	0.2115742719252134	pgaa-cross-platform-dual-gate-v2	pgaa-cross-platform-matched-controls-v2
wessels2023_myeloid_cas13	Human myeloid-cell CRISPR-Cas13	sample_tag_holdout_4_vs_4	FLI1	FLI1	3	pgaa_h	70	4999	0.05	0.05	0.0	0.041437364216546	0.021142849278715	pgaa-cross-platform-dual-gate-v2	pgaa-cross-platform-matched-controls-v2
wessels2023_myeloid_cas13	Human myeloid-cell CRISPR-Cas13	sample_tag_holdout_4_vs_4	FLI1	FLI1	3	absolute_mean_shift	70	4999	0.46	0.05	0.41	0.1888437888914285	0.0451218406990038	pgaa-cross-platform-dual-gate-v2	pgaa-cross-platform-matched-controls-v2
wessels2023_myeloid_cas13	Human myeloid-cell CRISPR-Cas13	sample_tag_holdout_4_vs_4	FLI1	FLI1	3	welch_abs_t	70	4999	0.27	0.02	0.25	0.1118475641346757	0.0105715903324722	pgaa-cross-platform-dual-gate-v2	pgaa-cross-platform-matched-controls-v2
wessels2023_myeloid_cas13	Human myeloid-cell CRISPR-Cas13	sample_tag_holdout_4_vs_4	FLI1	FLI1	4	pgaa_w	70	4999	0.39	0.11	0.28	0.3455688498564059	0.229355644574293	pgaa-cross-platform-dual-gate-v2	pgaa-cross-platform-matched-controls-v2
wessels2023_myeloid_cas13	Human myeloid-cell CRISPR-Cas13	sample_tag_holdout_4_vs_4	FLI1	FLI1	4	pgaa_h	70	4999	0.05	0.06	-0.0099999999999999	0.0430106255912705	0.0522960870352677	pgaa-cross-platform-dual-gate-v2	pgaa-cross-platform-matched-controls-v2
wessels2023_myeloid_cas13	Human myeloid-cell CRISPR-Cas13	sample_tag_holdout_4_vs_4	FLI1	FLI1	4	absolute_mean_shift	70	4999	0.39	0.1	0.29	0.2264429625955549	0.0673394830436774	pgaa-cross-platform-dual-gate-v2	pgaa-cross-platform-matched-controls-v2
wessels2023_myeloid_cas13	Human myeloid-cell CRISPR-Cas13	sample_tag_holdout_4_vs_4	FLI1	FLI1	4	welch_abs_t	70	4999	0.28	0.04	0.24	0.1481718373926886	0.0013121568851585	pgaa-cross-platform-dual-gate-v2	pgaa-cross-platform-matched-controls-v2
wessels2023_myeloid_cas13	Human myeloid-cell CRISPR-Cas13	sample_tag_holdout_4_vs_4	INTS1	INTS1	0	pgaa_w	70	4999	0.24	0.04	0.1999999999999999	0.2699030711304326	0.1959349393047877	pgaa-cross-platform-dual-gate-v2	pgaa-cross-platform-matched-controls-v2
wessels2023_myeloid_cas13	Human myeloid-cell CRISPR-Cas13	sample_tag_holdout_4_vs_4	INTS1	INTS1	0	pgaa_h	70	4999	0.02	0.06	-0.0399999999999999	0.0082694954312951	0.0220583910038006	pgaa-cross-platform-dual-gate-v2	pgaa-cross-platform-matched-controls-v2
wessels2023_myeloid_cas13	Human myeloid-cell CRISPR-Cas13	sample_tag_holdout_4_vs_4	INTS1	INTS1	0	absolute_mean_shift	70	4999	0.23	0.02	0.21	0.1041634377320641	0.0272274222457675	pgaa-cross-platform-dual-gate-v2	pgaa-cross-platform-matched-controls-v2
wessels2023_myeloid_cas13	Human myeloid-cell CRISPR-Cas13	sample_tag_holdout_4_vs_4	INTS1	INTS1	0	welch_abs_t	70	4999	0.16	0.02	0.14	0.048486760113127	-0.0156352607376217	pgaa-cross-platform-dual-gate-v2	pgaa-cross-platform-matched-controls-v2
wessels2023_myeloid_cas13	Human myeloid-cell CRISPR-Cas13	sample_tag_holdout_4_vs_4	INTS1	INTS1	1	pgaa_w	70	4999	0.24	0.05	0.19	0.2686069898733649	0.2172148196746192	pgaa-cross-platform-dual-gate-v2	pgaa-cross-platform-matched-controls-v2
wessels2023_myeloid_cas13	Human myeloid-cell CRISPR-Cas13	sample_tag_holdout_4_vs_4	INTS1	INTS1	1	pgaa_h	70	4999	0.05	0.03	0.02	0.0161667437625656	0.03761374165053	pgaa-cross-platform-dual-gate-v2	pgaa-cross-platform-matched-controls-v2
wessels2023_myeloid_cas13	Human myeloid-cell CRISPR-Cas13	sample_tag_holdout_4_vs_4	INTS1	INTS1	1	absolute_mean_shift	70	4999	0.26	0.03	0.23	0.1258921720690175	0.0557819147543157	pgaa-cross-platform-dual-gate-v2	pgaa-cross-platform-matched-controls-v2
wessels2023_myeloid_cas13	Human myeloid-cell CRISPR-Cas13	sample_tag_holdout_4_vs_4	INTS1	INTS1	1	welch_abs_t	70	4999	0.2	0.03	0.17	0.0703435692180453	0.0123292250773001	pgaa-cross-platform-dual-gate-v2	pgaa-cross-platform-matched-controls-v2
wessels2023_myeloid_cas13	Human myeloid-cell CRISPR-Cas13	sample_tag_holdout_4_vs_4	INTS1	INTS1	2	pgaa_w	70	4999	0.23	0.05	0.18	0.2658296607220604	0.2303349308517165	pgaa-cross-platform-dual-gate-v2	pgaa-cross-platform-matched-controls-v2
wessels2023_myeloid_cas13	Human myeloid-cell CRISPR-Cas13	sample_tag_holdout_4_vs_4	INTS1	INTS1	2	pgaa_h	70	4999	0.02	0.06	-0.0399999999999999	0.022146495812022	0.0226877699325967	pgaa-cross-platform-dual-gate-v2	pgaa-cross-platform-matched-controls-v2
wessels2023_myeloid_cas13	Human myeloid-cell CRISPR-Cas13	sample_tag_holdout_4_vs_4	INTS1	INTS1	2	absolute_mean_shift	70	4999	0.22	0.04	0.18	0.1037439298308333	0.0396320191797998	pgaa-cross-platform-dual-gate-v2	pgaa-cross-platform-matched-controls-v2
wessels2023_myeloid_cas13	Human myeloid-cell CRISPR-Cas13	sample_tag_holdout_4_vs_4	INTS1	INTS1	2	welch_abs_t	70	4999	0.19	0.01	0.18	0.0503198572019402	-0.0069126243976286	pgaa-cross-platform-dual-gate-v2	pgaa-cross-platform-matched-controls-v2
wessels2023_myeloid_cas13	Human myeloid-cell CRISPR-Cas13	sample_tag_holdout_4_vs_4	INTS1	INTS1	3	pgaa_w	70	4999	0.19	0.14	0.0499999999999999	0.2697774073902416	0.2519881251640484	pgaa-cross-platform-dual-gate-v2	pgaa-cross-platform-matched-controls-v2
wessels2023_myeloid_cas13	Human myeloid-cell CRISPR-Cas13	sample_tag_holdout_4_vs_4	INTS1	INTS1	3	pgaa_h	70	4999	0.05	0.04	0.01	0.0409213936929818	0.0330429615378838	pgaa-cross-platform-dual-gate-v2	pgaa-cross-platform-matched-controls-v2
wessels2023_myeloid_cas13	Human myeloid-cell CRISPR-Cas13	sample_tag_holdout_4_vs_4	INTS1	INTS1	3	absolute_mean_shift	70	4999	0.18	0.13	0.0499999999999999	0.0969647107402487	0.0528068497809247	pgaa-cross-platform-dual-gate-v2	pgaa-cross-platform-matched-controls-v2
wessels2023_myeloid_cas13	Human myeloid-cell CRISPR-Cas13	sample_tag_holdout_4_vs_4	INTS1	INTS1	3	welch_abs_t	70	4999	0.14	0.02	0.12	0.0347608747679908	-0.0049194830563932	pgaa-cross-platform-dual-gate-v2	pgaa-cross-platform-matched-controls-v2
wessels2023_myeloid_cas13	Human myeloid-cell CRISPR-Cas13	sample_tag_holdout_4_vs_4	INTS1	INTS1	4	pgaa_w	70	4999	0.27	0.05	0.22	0.2894341369114159	0.2287039441021457	pgaa-cross-platform-dual-gate-v2	pgaa-cross-platform-matched-controls-v2
wessels2023_myeloid_cas13	Human myeloid-cell CRISPR-Cas13	sample_tag_holdout_4_vs_4	INTS1	INTS1	4	pgaa_h	70	4999	0.02	0.04	-0.02	0.0172338267849448	0.0165013228166206	pgaa-cross-platform-dual-gate-v2	pgaa-cross-platform-matched-controls-v2
wessels2023_myeloid_cas13	Human myeloid-cell CRISPR-Cas13	sample_tag_holdout_4_vs_4	INTS1	INTS1	4	absolute_mean_shift	70	4999	0.28	0.02	0.26	0.1296899124393832	0.0550180925540463	pgaa-cross-platform-dual-gate-v2	pgaa-cross-platform-matched-controls-v2
wessels2023_myeloid_cas13	Human myeloid-cell CRISPR-Cas13	sample_tag_holdout_4_vs_4	INTS1	INTS1	4	welch_abs_t	70	4999	0.2	0.03	0.17	0.081168171211221	0.0122850122005193	pgaa-cross-platform-dual-gate-v2	pgaa-cross-platform-matched-controls-v2
wessels2023_myeloid_cas13	Human myeloid-cell CRISPR-Cas13	sample_tag_holdout_4_vs_4	SUPT16H	SUPT16H	0	pgaa_w	63	4999	0.42	0.03	0.39	0.3962725021354812	0.2054841370194807	pgaa-cross-platform-dual-gate-v2	pgaa-cross-platform-matched-controls-v2
wessels2023_myeloid_cas13	Human myeloid-cell CRISPR-Cas13	sample_tag_holdout_4_vs_4	SUPT16H	SUPT16H	0	pgaa_h	63	4999	0.01	0.08	-0.07	0.0373387201925643	0.0226430454855047	pgaa-cross-platform-dual-gate-v2	pgaa-cross-platform-matched-controls-v2
wessels2023_myeloid_cas13	Human myeloid-cell CRISPR-Cas13	sample_tag_holdout_4_vs_4	SUPT16H	SUPT16H	0	absolute_mean_shift	63	4999	0.42	0.03	0.39	0.2538719317994179	0.0163122693713817	pgaa-cross-platform-dual-gate-v2	pgaa-cross-platform-matched-controls-v2
wessels2023_myeloid_cas13	Human myeloid-cell CRISPR-Cas13	sample_tag_holdout_4_vs_4	SUPT16H	SUPT16H	0	welch_abs_t	63	4999	0.35	0.0	0.35	0.186271877856964	-0.0162047628733429	pgaa-cross-platform-dual-gate-v2	pgaa-cross-platform-matched-controls-v2
wessels2023_myeloid_cas13	Human myeloid-cell CRISPR-Cas13	sample_tag_holdout_4_vs_4	SUPT16H	SUPT16H	1	pgaa_w	63	4999	0.42	0.09	0.3299999999999999	0.3582083525468599	0.2382590085364012	pgaa-cross-platform-dual-gate-v2	pgaa-cross-platform-matched-controls-v2
wessels2023_myeloid_cas13	Human myeloid-cell CRISPR-Cas13	sample_tag_holdout_4_vs_4	SUPT16H	SUPT16H	1	pgaa_h	63	4999	0.05	0.02	0.03	0.0473159314075555	0.0138753949084155	pgaa-cross-platform-dual-gate-v2	pgaa-cross-platform-matched-controls-v2
wessels2023_myeloid_cas13	Human myeloid-cell CRISPR-Cas13	sample_tag_holdout_4_vs_4	SUPT16H	SUPT16H	1	absolute_mean_shift	63	4999	0.45	0.07	0.38	0.2122511234641766	0.0642342460947918	pgaa-cross-platform-dual-gate-v2	pgaa-cross-platform-matched-controls-v2
wessels2023_myeloid_cas13	Human myeloid-cell CRISPR-Cas13	sample_tag_holdout_4_vs_4	SUPT16H	SUPT16H	1	welch_abs_t	63	4999	0.34	0.0	0.34	0.1466460245265534	0.0146435297143462	pgaa-cross-platform-dual-gate-v2	pgaa-cross-platform-matched-controls-v2
wessels2023_myeloid_cas13	Human myeloid-cell CRISPR-Cas13	sample_tag_holdout_4_vs_4	SUPT16H	SUPT16H	2	pgaa_w	63	4999	0.34	0.04	0.3	0.3328223431961302	0.229098465455396	pgaa-cross-platform-dual-gate-v2	pgaa-cross-platform-matched-controls-v2
wessels2023_myeloid_cas13	Human myeloid-cell CRISPR-Cas13	sample_tag_holdout_4_vs_4	SUPT16H	SUPT16H	2	pgaa_h	63	4999	0.05	0.03	0.02	0.0317206794564745	0.0463032724468856	pgaa-cross-platform-dual-gate-v2	pgaa-cross-platform-matched-controls-v2
wessels2023_myeloid_cas13	Human myeloid-cell CRISPR-Cas13	sample_tag_holdout_4_vs_4	SUPT16H	SUPT16H	2	absolute_mean_shift	63	4999	0.35	0.04	0.31	0.1973889828382709	0.0580181814555961	pgaa-cross-platform-dual-gate-v2	pgaa-cross-platform-matched-controls-v2
wessels2023_myeloid_cas13	Human myeloid-cell CRISPR-Cas13	sample_tag_holdout_4_vs_4	SUPT16H	SUPT16H	2	welch_abs_t	63	4999	0.28	0.0	0.28	0.1328278259285189	0.0092730272344985	pgaa-cross-platform-dual-gate-v2	pgaa-cross-platform-matched-controls-v2
wessels2023_myeloid_cas13	Human myeloid-cell CRISPR-Cas13	sample_tag_holdout_4_vs_4	SUPT16H	SUPT16H	3	pgaa_w	63	4999	0.39	0.06	0.33	0.3343245303082226	0.2323670317737017	pgaa-cross-platform-dual-gate-v2	pgaa-cross-platform-matched-controls-v2
wessels2023_myeloid_cas13	Human myeloid-cell CRISPR-Cas13	sample_tag_holdout_4_vs_4	SUPT16H	SUPT16H	3	pgaa_h	63	4999	0.09	0.05	0.0399999999999999	0.035028885126324	0.0368848665908026	pgaa-cross-platform-dual-gate-v2	pgaa-cross-platform-matched-controls-v2
wessels2023_myeloid_cas13	Human myeloid-cell CRISPR-Cas13	sample_tag_holdout_4_vs_4	SUPT16H	SUPT16H	3	absolute_mean_shift	63	4999	0.44	0.06	0.38	0.2112204837707623	0.0506121370769192	pgaa-cross-platform-dual-gate-v2	pgaa-cross-platform-matched-controls-v2
wessels2023_myeloid_cas13	Human myeloid-cell CRISPR-Cas13	sample_tag_holdout_4_vs_4	SUPT16H	SUPT16H	3	welch_abs_t	63	4999	0.31	0.04	0.27	0.1472794704954743	0.0056750291715005	pgaa-cross-platform-dual-gate-v2	pgaa-cross-platform-matched-controls-v2
wessels2023_myeloid_cas13	Human myeloid-cell CRISPR-Cas13	sample_tag_holdout_4_vs_4	SUPT16H	SUPT16H	4	pgaa_w	63	4999	0.33	0.03	0.3	0.3489553084686566	0.2290206813511562	pgaa-cross-platform-dual-gate-v2	pgaa-cross-platform-matched-controls-v2
wessels2023_myeloid_cas13	Human myeloid-cell CRISPR-Cas13	sample_tag_holdout_4_vs_4	SUPT16H	SUPT16H	4	pgaa_h	63	4999	0.04	0.04	0.0	0.0658604351823999	0.0386666679993382	pgaa-cross-platform-dual-gate-v2	pgaa-cross-platform-matched-controls-v2
wessels2023_myeloid_cas13	Human myeloid-cell CRISPR-Cas13	sample_tag_holdout_4_vs_4	SUPT16H	SUPT16H	4	absolute_mean_shift	63	4999	0.33	0.0	0.33	0.2070705343668561	0.0445011330269296	pgaa-cross-platform-dual-gate-v2	pgaa-cross-platform-matched-controls-v2
wessels2023_myeloid_cas13	Human myeloid-cell CRISPR-Cas13	sample_tag_holdout_4_vs_4	SUPT16H	SUPT16H	4	welch_abs_t	63	4999	0.28	0.01	0.27	0.1398635466862847	-0.0069762889434303	pgaa-cross-platform-dual-gate-v2	pgaa-cross-platform-matched-controls-v2
wessels2023_myeloid_cas13	Human myeloid-cell CRISPR-Cas13	sample_tag_holdout_4_vs_4	MED24	MED24	0	pgaa_w	45	4999	0.53	0.06	0.47	0.3975419764865338	0.2225250220752434	pgaa-cross-platform-dual-gate-v2	pgaa-cross-platform-matched-controls-v2
wessels2023_myeloid_cas13	Human myeloid-cell CRISPR-Cas13	sample_tag_holdout_4_vs_4	MED24	MED24	0	pgaa_h	45	4999	0.05	0.02	0.03	0.0339666836738439	0.0218081268119967	pgaa-cross-platform-dual-gate-v2	pgaa-cross-platform-matched-controls-v2
wessels2023_myeloid_cas13	Human myeloid-cell CRISPR-Cas13	sample_tag_holdout_4_vs_4	MED24	MED24	0	absolute_mean_shift	45	4999	0.5	0.03	0.47	0.2784665953118596	0.075864655008578	pgaa-cross-platform-dual-gate-v2	pgaa-cross-platform-matched-controls-v2
wessels2023_myeloid_cas13	Human myeloid-cell CRISPR-Cas13	sample_tag_holdout_4_vs_4	MED24	MED24	0	welch_abs_t	45	4999	0.35	0.01	0.3399999999999999	0.2122798126972333	0.0180295733576487	pgaa-cross-platform-dual-gate-v2	pgaa-cross-platform-matched-controls-v2
wessels2023_myeloid_cas13	Human myeloid-cell CRISPR-Cas13	sample_tag_holdout_4_vs_4	MED24	MED24	1	pgaa_w	45	4999	0.47	0.04	0.43	0.4077981870563789	0.2389146798387289	pgaa-cross-platform-dual-gate-v2	pgaa-cross-platform-matched-controls-v2
wessels2023_myeloid_cas13	Human myeloid-cell CRISPR-Cas13	sample_tag_holdout_4_vs_4	MED24	MED24	1	pgaa_h	45	4999	0.05	0.06	-0.0099999999999999	0.0446523341874529	0.014318117054545	pgaa-cross-platform-dual-gate-v2	pgaa-cross-platform-matched-controls-v2
wessels2023_myeloid_cas13	Human myeloid-cell CRISPR-Cas13	sample_tag_holdout_4_vs_4	MED24	MED24	1	absolute_mean_shift	45	4999	0.45	0.05	0.4	0.3001468634663308	0.0775620234805724	pgaa-cross-platform-dual-gate-v2	pgaa-cross-platform-matched-controls-v2
wessels2023_myeloid_cas13	Human myeloid-cell CRISPR-Cas13	sample_tag_holdout_4_vs_4	MED24	MED24	1	welch_abs_t	45	4999	0.37	0.02	0.35	0.2327151481676888	0.0197046529594034	pgaa-cross-platform-dual-gate-v2	pgaa-cross-platform-matched-controls-v2
wessels2023_myeloid_cas13	Human myeloid-cell CRISPR-Cas13	sample_tag_holdout_4_vs_4	MED24	MED24	2	pgaa_w	45	4999	0.52	0.03	0.49	0.3703369454683254	0.2196756067660111	pgaa-cross-platform-dual-gate-v2	pgaa-cross-platform-matched-controls-v2
wessels2023_myeloid_cas13	Human myeloid-cell CRISPR-Cas13	sample_tag_holdout_4_vs_4	MED24	MED24	2	pgaa_h	45	4999	0.05	0.02	0.03	0.0344376533187943	0.0176585611136341	pgaa-cross-platform-dual-gate-v2	pgaa-cross-platform-matched-controls-v2
wessels2023_myeloid_cas13	Human myeloid-cell CRISPR-Cas13	sample_tag_holdout_4_vs_4	MED24	MED24	2	absolute_mean_shift	45	4999	0.49	0.03	0.4599999999999999	0.2601744378354788	0.0503738402975251	pgaa-cross-platform-dual-gate-v2	pgaa-cross-platform-matched-controls-v2
wessels2023_myeloid_cas13	Human myeloid-cell CRISPR-Cas13	sample_tag_holdout_4_vs_4	MED24	MED24	2	welch_abs_t	45	4999	0.43	0.02	0.41	0.190870268324535	-0.0041974502943806	pgaa-cross-platform-dual-gate-v2	pgaa-cross-platform-matched-controls-v2
wessels2023_myeloid_cas13	Human myeloid-cell CRISPR-Cas13	sample_tag_holdout_4_vs_4	MED24	MED24	3	pgaa_w	45	4999	0.4	0.04	0.36	0.3602564543641021	0.2144813187367366	pgaa-cross-platform-dual-gate-v2	pgaa-cross-platform-matched-controls-v2
wessels2023_myeloid_cas13	Human myeloid-cell CRISPR-Cas13	sample_tag_holdout_4_vs_4	MED24	MED24	3	pgaa_h	45	4999	0.06	0.05	0.0099999999999999	0.0602219314577747	0.0331857820612868	pgaa-cross-platform-dual-gate-v2	pgaa-cross-platform-matched-controls-v2
wessels2023_myeloid_cas13	Human myeloid-cell CRISPR-Cas13	sample_tag_holdout_4_vs_4	MED24	MED24	3	absolute_mean_shift	45	4999	0.41	0.03	0.38	0.2270102138129189	0.0510857840056709	pgaa-cross-platform-dual-gate-v2	pgaa-cross-platform-matched-controls-v2
wessels2023_myeloid_cas13	Human myeloid-cell CRISPR-Cas13	sample_tag_holdout_4_vs_4	MED24	MED24	3	welch_abs_t	45	4999	0.36	0.02	0.3399999999999999	0.1598041369618461	0.0096797182245572	pgaa-cross-platform-dual-gate-v2	pgaa-cross-platform-matched-controls-v2
wessels2023_myeloid_cas13	Human myeloid-cell CRISPR-Cas13	sample_tag_holdout_4_vs_4	MED24	MED24	4	pgaa_w	45	4999	0.52	0.08	0.44	0.3801005512026775	0.2369955409569309	pgaa-cross-platform-dual-gate-v2	pgaa-cross-platform-matched-controls-v2
wessels2023_myeloid_cas13	Human myeloid-cell CRISPR-Cas13	sample_tag_holdout_4_vs_4	MED24	MED24	4	pgaa_h	45	4999	0.05	0.06	-0.0099999999999999	0.0296866184654382	0.0524583308369578	pgaa-cross-platform-dual-gate-v2	pgaa-cross-platform-matched-controls-v2
wessels2023_myeloid_cas13	Human myeloid-cell CRISPR-Cas13	sample_tag_holdout_4_vs_4	MED24	MED24	4	absolute_mean_shift	45	4999	0.5	0.05	0.45	0.2605123370537498	0.0590829391851299	pgaa-cross-platform-dual-gate-v2	pgaa-cross-platform-matched-controls-v2
wessels2023_myeloid_cas13	Human myeloid-cell CRISPR-Cas13	sample_tag_holdout_4_vs_4	MED24	MED24	4	welch_abs_t	45	4999	0.53	0.01	0.52	0.1916318941099144	0.003528661698811	pgaa-cross-platform-dual-gate-v2	pgaa-cross-platform-matched-controls-v2
wessels2023_myeloid_cas13	Human myeloid-cell CRISPR-Cas13	sample_tag_holdout_4_vs_4	DOT1L	DOT1L	0	pgaa_w	44	4999	0.06	0.1	-0.04	0.2054476475126958	0.2104012474043428	pgaa-cross-platform-dual-gate-v2	pgaa-cross-platform-matched-controls-v2
wessels2023_myeloid_cas13	Human myeloid-cell CRISPR-Cas13	sample_tag_holdout_4_vs_4	DOT1L	DOT1L	0	pgaa_h	44	4999	0.03	0.02	0.0099999999999999	0.0346562716481434	0.0307858104778309	pgaa-cross-platform-dual-gate-v2	pgaa-cross-platform-matched-controls-v2
wessels2023_myeloid_cas13	Human myeloid-cell CRISPR-Cas13	sample_tag_holdout_4_vs_4	DOT1L	DOT1L	0	absolute_mean_shift	44	4999	0.06	0.06	0.0	0.0351062819071694	0.0561097956966742	pgaa-cross-platform-dual-gate-v2	pgaa-cross-platform-matched-controls-v2
wessels2023_myeloid_cas13	Human myeloid-cell CRISPR-Cas13	sample_tag_holdout_4_vs_4	DOT1L	DOT1L	0	welch_abs_t	44	4999	0.01	0.02	-0.01	-0.0096949903305991	0.0087098026568098	pgaa-cross-platform-dual-gate-v2	pgaa-cross-platform-matched-controls-v2
wessels2023_myeloid_cas13	Human myeloid-cell CRISPR-Cas13	sample_tag_holdout_4_vs_4	DOT1L	DOT1L	1	pgaa_w	44	4999	0.1	0.1	0.0	0.2592831841758508	0.2192507819210901	pgaa-cross-platform-dual-gate-v2	pgaa-cross-platform-matched-controls-v2
wessels2023_myeloid_cas13	Human myeloid-cell CRISPR-Cas13	sample_tag_holdout_4_vs_4	DOT1L	DOT1L	1	pgaa_h	44	4999	0.08	0.03	0.05	0.0425946456630147	0.0236995093956468	pgaa-cross-platform-dual-gate-v2	pgaa-cross-platform-matched-controls-v2
wessels2023_myeloid_cas13	Human myeloid-cell CRISPR-Cas13	sample_tag_holdout_4_vs_4	DOT1L	DOT1L	1	absolute_mean_shift	44	4999	0.1	0.08	0.02	0.0797600081841098	0.0439917619612264	pgaa-cross-platform-dual-gate-v2	pgaa-cross-platform-matched-controls-v2
wessels2023_myeloid_cas13	Human myeloid-cell CRISPR-Cas13	sample_tag_holdout_4_vs_4	DOT1L	DOT1L	1	welch_abs_t	44	4999	0.02	0.02	0.0	0.0254708391858443	-0.0006562310301195	pgaa-cross-platform-dual-gate-v2	pgaa-cross-platform-matched-controls-v2
wessels2023_myeloid_cas13	Human myeloid-cell CRISPR-Cas13	sample_tag_holdout_4_vs_4	DOT1L	DOT1L	2	pgaa_w	44	4999	0.09	0.16	-0.07	0.2601788843723126	0.2595041388109554	pgaa-cross-platform-dual-gate-v2	pgaa-cross-platform-matched-controls-v2
wessels2023_myeloid_cas13	Human myeloid-cell CRISPR-Cas13	sample_tag_holdout_4_vs_4	DOT1L	DOT1L	2	pgaa_h	44	4999	0.04	0.04	0.0	0.0143869712023337	0.0370521483286885	pgaa-cross-platform-dual-gate-v2	pgaa-cross-platform-matched-controls-v2
wessels2023_myeloid_cas13	Human myeloid-cell CRISPR-Cas13	sample_tag_holdout_4_vs_4	DOT1L	DOT1L	2	absolute_mean_shift	44	4999	0.1	0.12	-0.0199999999999999	0.0698196549290607	0.0757666856871694	pgaa-cross-platform-dual-gate-v2	pgaa-cross-platform-matched-controls-v2
wessels2023_myeloid_cas13	Human myeloid-cell CRISPR-Cas13	sample_tag_holdout_4_vs_4	DOT1L	DOT1L	2	welch_abs_t	44	4999	0.01	0.02	-0.01	0.0083703976811777	0.0163886209174608	pgaa-cross-platform-dual-gate-v2	pgaa-cross-platform-matched-controls-v2
wessels2023_myeloid_cas13	Human myeloid-cell CRISPR-Cas13	sample_tag_holdout_4_vs_4	DOT1L	DOT1L	3	pgaa_w	44	4999	0.07	0.05	0.02	0.2269171634086721	0.2226030630375775	pgaa-cross-platform-dual-gate-v2	pgaa-cross-platform-matched-controls-v2
wessels2023_myeloid_cas13	Human myeloid-cell CRISPR-Cas13	sample_tag_holdout_4_vs_4	DOT1L	DOT1L	3	pgaa_h	44	4999	0.05	0.05	0.0	0.0394488805420757	0.0418186965072917	pgaa-cross-platform-dual-gate-v2	pgaa-cross-platform-matched-controls-v2
wessels2023_myeloid_cas13	Human myeloid-cell CRISPR-Cas13	sample_tag_holdout_4_vs_4	DOT1L	DOT1L	3	absolute_mean_shift	44	4999	0.06	0.02	0.0399999999999999	0.0567120246686446	0.0459248679562953	pgaa-cross-platform-dual-gate-v2	pgaa-cross-platform-matched-controls-v2
wessels2023_myeloid_cas13	Human myeloid-cell CRISPR-Cas13	sample_tag_holdout_4_vs_4	DOT1L	DOT1L	3	welch_abs_t	44	4999	0.04	0.01	0.03	0.0049608868234612	-0.0047581301134176	pgaa-cross-platform-dual-gate-v2	pgaa-cross-platform-matched-controls-v2
wessels2023_myeloid_cas13	Human myeloid-cell CRISPR-Cas13	sample_tag_holdout_4_vs_4	DOT1L	DOT1L	4	pgaa_w	44	4999	0.13	0.03	0.1	0.2574695475949932	0.2159181303727732	pgaa-cross-platform-dual-gate-v2	pgaa-cross-platform-matched-controls-v2
wessels2023_myeloid_cas13	Human myeloid-cell CRISPR-Cas13	sample_tag_holdout_4_vs_4	DOT1L	DOT1L	4	pgaa_h	44	4999	0.08	0.05	0.03	0.0248055669823225	0.0194249178583793	pgaa-cross-platform-dual-gate-v2	pgaa-cross-platform-matched-controls-v2
wessels2023_myeloid_cas13	Human myeloid-cell CRISPR-Cas13	sample_tag_holdout_4_vs_4	DOT1L	DOT1L	4	absolute_mean_shift	44	4999	0.12	0.01	0.11	0.0793764686285848	0.0347173266602764	pgaa-cross-platform-dual-gate-v2	pgaa-cross-platform-matched-controls-v2
wessels2023_myeloid_cas13	Human myeloid-cell CRISPR-Cas13	sample_tag_holdout_4_vs_4	DOT1L	DOT1L	4	welch_abs_t	44	4999	0.04	0.01	0.03	0.0237040625897977	-0.0048174698568633	pgaa-cross-platform-dual-gate-v2	pgaa-cross-platform-matched-controls-v2
wessels2023_myeloid_cas13	Human myeloid-cell CRISPR-Cas13	sample_tag_holdout_4_vs_4	GSE1	GSE1	0	pgaa_w	41	4999	0.24	0.05	0.19	0.2297507965458638	0.2426335404896105	pgaa-cross-platform-dual-gate-v2	pgaa-cross-platform-matched-controls-v2
wessels2023_myeloid_cas13	Human myeloid-cell CRISPR-Cas13	sample_tag_holdout_4_vs_4	GSE1	GSE1	0	pgaa_h	41	4999	0.06	0.05	0.0099999999999999	0.0239066303041241	0.0339826725818029	pgaa-cross-platform-dual-gate-v2	pgaa-cross-platform-matched-controls-v2
wessels2023_myeloid_cas13	Human myeloid-cell CRISPR-Cas13	sample_tag_holdout_4_vs_4	GSE1	GSE1	0	absolute_mean_shift	41	4999	0.2	0.05	0.15	0.0874063715546185	0.0639502313458586	pgaa-cross-platform-dual-gate-v2	pgaa-cross-platform-matched-controls-v2
wessels2023_myeloid_cas13	Human myeloid-cell CRISPR-Cas13	sample_tag_holdout_4_vs_4	GSE1	GSE1	0	welch_abs_t	41	4999	0.12	0.02	0.0999999999999999	0.0244228838570696	0.0169232515414709	pgaa-cross-platform-dual-gate-v2	pgaa-cross-platform-matched-controls-v2
wessels2023_myeloid_cas13	Human myeloid-cell CRISPR-Cas13	sample_tag_holdout_4_vs_4	GSE1	GSE1	1	pgaa_w	41	4999	0.21	0.07	0.1399999999999999	0.2457961461199803	0.2080349799611783	pgaa-cross-platform-dual-gate-v2	pgaa-cross-platform-matched-controls-v2
wessels2023_myeloid_cas13	Human myeloid-cell CRISPR-Cas13	sample_tag_holdout_4_vs_4	GSE1	GSE1	1	pgaa_h	41	4999	0.08	0.04	0.04	0.0587351554588969	0.0302334188674925	pgaa-cross-platform-dual-gate-v2	pgaa-cross-platform-matched-controls-v2
wessels2023_myeloid_cas13	Human myeloid-cell CRISPR-Cas13	sample_tag_holdout_4_vs_4	GSE1	GSE1	1	absolute_mean_shift	41	4999	0.22	0.05	0.1699999999999999	0.0978128403158573	0.0313339175900966	pgaa-cross-platform-dual-gate-v2	pgaa-cross-platform-matched-controls-v2
wessels2023_myeloid_cas13	Human myeloid-cell CRISPR-Cas13	sample_tag_holdout_4_vs_4	GSE1	GSE1	1	welch_abs_t	41	4999	0.15	0.03	0.12	0.0438098085883683	-0.0130497047311755	pgaa-cross-platform-dual-gate-v2	pgaa-cross-platform-matched-controls-v2
wessels2023_myeloid_cas13	Human myeloid-cell CRISPR-Cas13	sample_tag_holdout_4_vs_4	GSE1	GSE1	2	pgaa_w	41	4999	0.23	0.09	0.14	0.2382570912261684	0.2080376512277245	pgaa-cross-platform-dual-gate-v2	pgaa-cross-platform-matched-controls-v2
wessels2023_myeloid_cas13	Human myeloid-cell CRISPR-Cas13	sample_tag_holdout_4_vs_4	GSE1	GSE1	2	pgaa_h	41	4999	0.02	0.08	-0.06	0.0344694656897252	0.0277961917328345	pgaa-cross-platform-dual-gate-v2	pgaa-cross-platform-matched-controls-v2
wessels2023_myeloid_cas13	Human myeloid-cell CRISPR-Cas13	sample_tag_holdout_4_vs_4	GSE1	GSE1	2	absolute_mean_shift	41	4999	0.24	0.06	0.18	0.0991007160423249	0.0385763082055961	pgaa-cross-platform-dual-gate-v2	pgaa-cross-platform-matched-controls-v2
wessels2023_myeloid_cas13	Human myeloid-cell CRISPR-Cas13	sample_tag_holdout_4_vs_4	GSE1	GSE1	2	welch_abs_t	41	4999	0.15	0.02	0.13	0.0417541695133744	-0.007775297292725	pgaa-cross-platform-dual-gate-v2	pgaa-cross-platform-matched-controls-v2
wessels2023_myeloid_cas13	Human myeloid-cell CRISPR-Cas13	sample_tag_holdout_4_vs_4	GSE1	GSE1	3	pgaa_w	41	4999	0.18	0.07	0.1099999999999999	0.2435788851888025	0.2090749981929159	pgaa-cross-platform-dual-gate-v2	pgaa-cross-platform-matched-controls-v2
wessels2023_myeloid_cas13	Human myeloid-cell CRISPR-Cas13	sample_tag_holdout_4_vs_4	GSE1	GSE1	3	pgaa_h	41	4999	0.07	0.04	0.03	0.0223416310546764	0.0176460824060726	pgaa-cross-platform-dual-gate-v2	pgaa-cross-platform-matched-controls-v2
wessels2023_myeloid_cas13	Human myeloid-cell CRISPR-Cas13	sample_tag_holdout_4_vs_4	GSE1	GSE1	3	absolute_mean_shift	41	4999	0.19	0.06	0.13	0.0961876154388711	0.0410396196916002	pgaa-cross-platform-dual-gate-v2	pgaa-cross-platform-matched-controls-v2
wessels2023_myeloid_cas13	Human myeloid-cell CRISPR-Cas13	sample_tag_holdout_4_vs_4	GSE1	GSE1	3	welch_abs_t	41	4999	0.1	0.01	0.09	0.0299390750659135	-0.0125472185913773	pgaa-cross-platform-dual-gate-v2	pgaa-cross-platform-matched-controls-v2
wessels2023_myeloid_cas13	Human myeloid-cell CRISPR-Cas13	sample_tag_holdout_4_vs_4	GSE1	GSE1	4	pgaa_w	41	4999	0.18	0.08	0.0999999999999999	0.2462845434393001	0.2144664439250395	pgaa-cross-platform-dual-gate-v2	pgaa-cross-platform-matched-controls-v2
wessels2023_myeloid_cas13	Human myeloid-cell CRISPR-Cas13	sample_tag_holdout_4_vs_4	GSE1	GSE1	4	pgaa_h	41	4999	0.04	0.08	-0.04	0.0518990577563888	0.0143377883499292	pgaa-cross-platform-dual-gate-v2	pgaa-cross-platform-matched-controls-v2
wessels2023_myeloid_cas13	Human myeloid-cell CRISPR-Cas13	sample_tag_holdout_4_vs_4	GSE1	GSE1	4	absolute_mean_shift	41	4999	0.17	0.08	0.09	0.0842397795826325	0.042923746577137	pgaa-cross-platform-dual-gate-v2	pgaa-cross-platform-matched-controls-v2
wessels2023_myeloid_cas13	Human myeloid-cell CRISPR-Cas13	sample_tag_holdout_4_vs_4	GSE1	GSE1	4	welch_abs_t	41	4999	0.15	0.03	0.12	0.0258888913917237	4.7476914351597255e-05	pgaa-cross-platform-dual-gate-v2	pgaa-cross-platform-matched-controls-v2
wessels2023_myeloid_cas13	Human myeloid-cell CRISPR-Cas13	sample_tag_holdout_4_vs_4	EP300	EP300	0	pgaa_w	40	4999	0.41	0.08	0.3299999999999999	0.3587629839053046	0.2116886316999294	pgaa-cross-platform-dual-gate-v2	pgaa-cross-platform-matched-controls-v2
wessels2023_myeloid_cas13	Human myeloid-cell CRISPR-Cas13	sample_tag_holdout_4_vs_4	EP300	EP300	0	pgaa_h	40	4999	0.06	0.03	0.03	0.023581290826709	0.034187063423521	pgaa-cross-platform-dual-gate-v2	pgaa-cross-platform-matched-controls-v2
wessels2023_myeloid_cas13	Human myeloid-cell CRISPR-Cas13	sample_tag_holdout_4_vs_4	EP300	EP300	0	absolute_mean_shift	40	4999	0.42	0.08	0.3399999999999999	0.2015482303857216	0.0446764122636786	pgaa-cross-platform-dual-gate-v2	pgaa-cross-platform-matched-controls-v2
wessels2023_myeloid_cas13	Human myeloid-cell CRISPR-Cas13	sample_tag_holdout_4_vs_4	EP300	EP300	0	welch_abs_t	40	4999	0.2	0.01	0.19	0.1380932699898465	0.0016222015591983	pgaa-cross-platform-dual-gate-v2	pgaa-cross-platform-matched-controls-v2
wessels2023_myeloid_cas13	Human myeloid-cell CRISPR-Cas13	sample_tag_holdout_4_vs_4	EP300	EP300	1	pgaa_w	40	4999	0.44	0.11	0.33	0.3738963104025367	0.22198399881657	pgaa-cross-platform-dual-gate-v2	pgaa-cross-platform-matched-controls-v2
wessels2023_myeloid_cas13	Human myeloid-cell CRISPR-Cas13	sample_tag_holdout_4_vs_4	EP300	EP300	1	pgaa_h	40	4999	0.07	0.04	0.03	0.0081339559060973	0.044544274481429	pgaa-cross-platform-dual-gate-v2	pgaa-cross-platform-matched-controls-v2
wessels2023_myeloid_cas13	Human myeloid-cell CRISPR-Cas13	sample_tag_holdout_4_vs_4	EP300	EP300	1	absolute_mean_shift	40	4999	0.42	0.08	0.3399999999999999	0.2450757951889315	0.0680438681848328	pgaa-cross-platform-dual-gate-v2	pgaa-cross-platform-matched-controls-v2
wessels2023_myeloid_cas13	Human myeloid-cell CRISPR-Cas13	sample_tag_holdout_4_vs_4	EP300	EP300	1	welch_abs_t	40	4999	0.22	0.01	0.21	0.18459168145754	0.0203528319589488	pgaa-cross-platform-dual-gate-v2	pgaa-cross-platform-matched-controls-v2
wessels2023_myeloid_cas13	Human myeloid-cell CRISPR-Cas13	sample_tag_holdout_4_vs_4	EP300	EP300	2	pgaa_w	40	4999	0.49	0.07	0.42	0.3697007860635753	0.2111171104328909	pgaa-cross-platform-dual-gate-v2	pgaa-cross-platform-matched-controls-v2
wessels2023_myeloid_cas13	Human myeloid-cell CRISPR-Cas13	sample_tag_holdout_4_vs_4	EP300	EP300	2	pgaa_h	40	4999	0.02	0.05	-0.03	0.008039848003399	0.0324461444204445	pgaa-cross-platform-dual-gate-v2	pgaa-cross-platform-matched-controls-v2
wessels2023_myeloid_cas13	Human myeloid-cell CRISPR-Cas13	sample_tag_holdout_4_vs_4	EP300	EP300	2	absolute_mean_shift	40	4999	0.44	0.06	0.38	0.2053119134468249	0.0363087701368661	pgaa-cross-platform-dual-gate-v2	pgaa-cross-platform-matched-controls-v2
wessels2023_myeloid_cas13	Human myeloid-cell CRISPR-Cas13	sample_tag_holdout_4_vs_4	EP300	EP300	2	welch_abs_t	40	4999	0.25	0.02	0.23	0.1441274960394239	-0.0044709076269035	pgaa-cross-platform-dual-gate-v2	pgaa-cross-platform-matched-controls-v2
wessels2023_myeloid_cas13	Human myeloid-cell CRISPR-Cas13	sample_tag_holdout_4_vs_4	EP300	EP300	3	pgaa_w	40	4999	0.48	0.04	0.44	0.3658635216118855	0.1975007076325229	pgaa-cross-platform-dual-gate-v2	pgaa-cross-platform-matched-controls-v2
wessels2023_myeloid_cas13	Human myeloid-cell CRISPR-Cas13	sample_tag_holdout_4_vs_4	EP300	EP300	3	pgaa_h	40	4999	0.05	0.09	-0.0399999999999999	0.0298632408252063	0.052153733367126	pgaa-cross-platform-dual-gate-v2	pgaa-cross-platform-matched-controls-v2
wessels2023_myeloid_cas13	Human myeloid-cell CRISPR-Cas13	sample_tag_holdout_4_vs_4	EP300	EP300	3	absolute_mean_shift	40	4999	0.46	0.03	0.43	0.2341236363479178	0.0282545875355448	pgaa-cross-platform-dual-gate-v2	pgaa-cross-platform-matched-controls-v2
wessels2023_myeloid_cas13	Human myeloid-cell CRISPR-Cas13	sample_tag_holdout_4_vs_4	EP300	EP300	3	welch_abs_t	40	4999	0.26	0.02	0.24	0.1719129367290024	-0.00557094900386	pgaa-cross-platform-dual-gate-v2	pgaa-cross-platform-matched-controls-v2
wessels2023_myeloid_cas13	Human myeloid-cell CRISPR-Cas13	sample_tag_holdout_4_vs_4	EP300	EP300	4	pgaa_w	40	4999	0.45	0.04	0.41	0.3550678451656718	0.2235992559376221	pgaa-cross-platform-dual-gate-v2	pgaa-cross-platform-matched-controls-v2
wessels2023_myeloid_cas13	Human myeloid-cell CRISPR-Cas13	sample_tag_holdout_4_vs_4	EP300	EP300	4	pgaa_h	40	4999	0.03	0.04	-0.01	0.0263844086265878	0.0449992000702263	pgaa-cross-platform-dual-gate-v2	pgaa-cross-platform-matched-controls-v2
wessels2023_myeloid_cas13	Human myeloid-cell CRISPR-Cas13	sample_tag_holdout_4_vs_4	EP300	EP300	4	absolute_mean_shift	40	4999	0.43	0.03	0.4	0.2007030779890822	0.0299388934230979	pgaa-cross-platform-dual-gate-v2	pgaa-cross-platform-matched-controls-v2
wessels2023_myeloid_cas13	Human myeloid-cell CRISPR-Cas13	sample_tag_holdout_4_vs_4	EP300	EP300	4	welch_abs_t	40	4999	0.24	0.03	0.21	0.1364127570805016	-0.0107355124806473	pgaa-cross-platform-dual-gate-v2	pgaa-cross-platform-matched-controls-v2
wessels2023_myeloid_cas13	Human myeloid-cell CRISPR-Cas13	sample_tag_holdout_4_vs_4	SUPT5H	SUPT5H	0	pgaa_w	40	4999	0.41	0.12	0.29	0.4030285974601884	0.2150478345368954	pgaa-cross-platform-dual-gate-v2	pgaa-cross-platform-matched-controls-v2
wessels2023_myeloid_cas13	Human myeloid-cell CRISPR-Cas13	sample_tag_holdout_4_vs_4	SUPT5H	SUPT5H	0	pgaa_h	40	4999	0.04	0.01	0.03	0.0728927371419286	0.0347582535363741	pgaa-cross-platform-dual-gate-v2	pgaa-cross-platform-matched-controls-v2
wessels2023_myeloid_cas13	Human myeloid-cell CRISPR-Cas13	sample_tag_holdout_4_vs_4	SUPT5H	SUPT5H	0	absolute_mean_shift	40	4999	0.43	0.09	0.3399999999999999	0.2340350584627403	0.0574701454110142	pgaa-cross-platform-dual-gate-v2	pgaa-cross-platform-matched-controls-v2
wessels2023_myeloid_cas13	Human myeloid-cell CRISPR-Cas13	sample_tag_holdout_4_vs_4	SUPT5H	SUPT5H	0	welch_abs_t	40	4999	0.42	0.0	0.42	0.1612150691362762	0.0002487985712388	pgaa-cross-platform-dual-gate-v2	pgaa-cross-platform-matched-controls-v2
wessels2023_myeloid_cas13	Human myeloid-cell CRISPR-Cas13	sample_tag_holdout_4_vs_4	SUPT5H	SUPT5H	1	pgaa_w	40	4999	0.37	0.07	0.3	0.4019712059578783	0.2228869033350488	pgaa-cross-platform-dual-gate-v2	pgaa-cross-platform-matched-controls-v2
wessels2023_myeloid_cas13	Human myeloid-cell CRISPR-Cas13	sample_tag_holdout_4_vs_4	SUPT5H	SUPT5H	1	pgaa_h	40	4999	0.0	0.03	-0.03	0.0160124122269178	0.0404278774314732	pgaa-cross-platform-dual-gate-v2	pgaa-cross-platform-matched-controls-v2
wessels2023_myeloid_cas13	Human myeloid-cell CRISPR-Cas13	sample_tag_holdout_4_vs_4	SUPT5H	SUPT5H	1	absolute_mean_shift	40	4999	0.35	0.06	0.29	0.2276727300911645	0.0567780075637483	pgaa-cross-platform-dual-gate-v2	pgaa-cross-platform-matched-controls-v2
wessels2023_myeloid_cas13	Human myeloid-cell CRISPR-Cas13	sample_tag_holdout_4_vs_4	SUPT5H	SUPT5H	1	welch_abs_t	40	4999	0.39	0.02	0.37	0.1566614508090891	0.008647332251772	pgaa-cross-platform-dual-gate-v2	pgaa-cross-platform-matched-controls-v2
wessels2023_myeloid_cas13	Human myeloid-cell CRISPR-Cas13	sample_tag_holdout_4_vs_4	SUPT5H	SUPT5H	2	pgaa_w	40	4999	0.43	0.09	0.3399999999999999	0.3475220375167471	0.2157754192855378	pgaa-cross-platform-dual-gate-v2	pgaa-cross-platform-matched-controls-v2
wessels2023_myeloid_cas13	Human myeloid-cell CRISPR-Cas13	sample_tag_holdout_4_vs_4	SUPT5H	SUPT5H	2	pgaa_h	40	4999	0.07	0.06	0.01	0.0505264539525841	0.0402076810416151	pgaa-cross-platform-dual-gate-v2	pgaa-cross-platform-matched-controls-v2
wessels2023_myeloid_cas13	Human myeloid-cell CRISPR-Cas13	sample_tag_holdout_4_vs_4	SUPT5H	SUPT5H	2	absolute_mean_shift	40	4999	0.41	0.05	0.36	0.2017975773402842	0.0687982680826393	pgaa-cross-platform-dual-gate-v2	pgaa-cross-platform-matched-controls-v2
wessels2023_myeloid_cas13	Human myeloid-cell CRISPR-Cas13	sample_tag_holdout_4_vs_4	SUPT5H	SUPT5H	2	welch_abs_t	40	4999	0.43	0.01	0.42	0.1352744862537934	0.0333038464123389	pgaa-cross-platform-dual-gate-v2	pgaa-cross-platform-matched-controls-v2
wessels2023_myeloid_cas13	Human myeloid-cell CRISPR-Cas13	sample_tag_holdout_4_vs_4	SUPT5H	SUPT5H	3	pgaa_w	40	4999	0.42	0.1	0.3199999999999999	0.4101076381422744	0.215797647404631	pgaa-cross-platform-dual-gate-v2	pgaa-cross-platform-matched-controls-v2
wessels2023_myeloid_cas13	Human myeloid-cell CRISPR-Cas13	sample_tag_holdout_4_vs_4	SUPT5H	SUPT5H	3	pgaa_h	40	4999	0.04	0.09	-0.0499999999999999	0.0616818224805121	0.03741626509095	pgaa-cross-platform-dual-gate-v2	pgaa-cross-platform-matched-controls-v2
wessels2023_myeloid_cas13	Human myeloid-cell CRISPR-Cas13	sample_tag_holdout_4_vs_4	SUPT5H	SUPT5H	3	absolute_mean_shift	40	4999	0.4	0.08	0.32	0.2542381920382693	0.0552337870241627	pgaa-cross-platform-dual-gate-v2	pgaa-cross-platform-matched-controls-v2
wessels2023_myeloid_cas13	Human myeloid-cell CRISPR-Cas13	sample_tag_holdout_4_vs_4	SUPT5H	SUPT5H	3	welch_abs_t	40	4999	0.42	0.02	0.3999999999999999	0.1837967561819687	-0.0004470582952231	pgaa-cross-platform-dual-gate-v2	pgaa-cross-platform-matched-controls-v2
wessels2023_myeloid_cas13	Human myeloid-cell CRISPR-Cas13	sample_tag_holdout_4_vs_4	SUPT5H	SUPT5H	4	pgaa_w	40	4999	0.31	0.06	0.25	0.3472310407339571	0.2177915834787606	pgaa-cross-platform-dual-gate-v2	pgaa-cross-platform-matched-controls-v2
wessels2023_myeloid_cas13	Human myeloid-cell CRISPR-Cas13	sample_tag_holdout_4_vs_4	SUPT5H	SUPT5H	4	pgaa_h	40	4999	0.03	0.02	0.0099999999999999	0.0360107551832291	0.0241959306480062	pgaa-cross-platform-dual-gate-v2	pgaa-cross-platform-matched-controls-v2
wessels2023_myeloid_cas13	Human myeloid-cell CRISPR-Cas13	sample_tag_holdout_4_vs_4	SUPT5H	SUPT5H	4	absolute_mean_shift	40	4999	0.29	0.03	0.26	0.1717069730036072	0.0449534946637553	pgaa-cross-platform-dual-gate-v2	pgaa-cross-platform-matched-controls-v2
wessels2023_myeloid_cas13	Human myeloid-cell CRISPR-Cas13	sample_tag_holdout_4_vs_4	SUPT5H	SUPT5H	4	welch_abs_t	40	4999	0.33	0.05	0.28	0.0954166983216571	0.0042862539855939	pgaa-cross-platform-dual-gate-v2	pgaa-cross-platform-matched-controls-v2
wessels2023_myeloid_cas13	Human myeloid-cell CRISPR-Cas13	sample_tag_holdout_4_vs_4	HDAC3	HDAC3	0	pgaa_w	38	4999	0.21	0.08	0.13	0.2655695085235535	0.2186592543478684	pgaa-cross-platform-dual-gate-v2	pgaa-cross-platform-matched-controls-v2
wessels2023_myeloid_cas13	Human myeloid-cell CRISPR-Cas13	sample_tag_holdout_4_vs_4	HDAC3	HDAC3	0	pgaa_h	38	4999	0.03	0.05	-0.02	0.0246014047629783	0.0358601465039724	pgaa-cross-platform-dual-gate-v2	pgaa-cross-platform-matched-controls-v2
wessels2023_myeloid_cas13	Human myeloid-cell CRISPR-Cas13	sample_tag_holdout_4_vs_4	HDAC3	HDAC3	0	absolute_mean_shift	38	4999	0.2	0.07	0.13	0.0918134672312614	0.0632698546957845	pgaa-cross-platform-dual-gate-v2	pgaa-cross-platform-matched-controls-v2
wessels2023_myeloid_cas13	Human myeloid-cell CRISPR-Cas13	sample_tag_holdout_4_vs_4	HDAC3	HDAC3	0	welch_abs_t	38	4999	0.11	0.04	0.07	0.0343540326792849	0.0139125217600542	pgaa-cross-platform-dual-gate-v2	pgaa-cross-platform-matched-controls-v2
wessels2023_myeloid_cas13	Human myeloid-cell CRISPR-Cas13	sample_tag_holdout_4_vs_4	HDAC3	HDAC3	1	pgaa_w	38	4999	0.18	0.07	0.1099999999999999	0.2569149427484537	0.2172611702652655	pgaa-cross-platform-dual-gate-v2	pgaa-cross-platform-matched-controls-v2
wessels2023_myeloid_cas13	Human myeloid-cell CRISPR-Cas13	sample_tag_holdout_4_vs_4	HDAC3	HDAC3	1	pgaa_h	38	4999	0.06	0.02	0.0399999999999999	0.0187152981944553	0.0229485590547627	pgaa-cross-platform-dual-gate-v2	pgaa-cross-platform-matched-controls-v2
wessels2023_myeloid_cas13	Human myeloid-cell CRISPR-Cas13	sample_tag_holdout_4_vs_4	HDAC3	HDAC3	1	absolute_mean_shift	38	4999	0.18	0.06	0.12	0.1057014776355367	0.039530543133334	pgaa-cross-platform-dual-gate-v2	pgaa-cross-platform-matched-controls-v2
wessels2023_myeloid_cas13	Human myeloid-cell CRISPR-Cas13	sample_tag_holdout_4_vs_4	HDAC3	HDAC3	1	welch_abs_t	38	4999	0.1	0.02	0.08	0.0691461598922425	-0.0113519213806746	pgaa-cross-platform-dual-gate-v2	pgaa-cross-platform-matched-controls-v2
wessels2023_myeloid_cas13	Human myeloid-cell CRISPR-Cas13	sample_tag_holdout_4_vs_4	HDAC3	HDAC3	2	pgaa_w	38	4999	0.21	0.05	0.1599999999999999	0.2357048774460775	0.2333422587518704	pgaa-cross-platform-dual-gate-v2	pgaa-cross-platform-matched-controls-v2
wessels2023_myeloid_cas13	Human myeloid-cell CRISPR-Cas13	sample_tag_holdout_4_vs_4	HDAC3	HDAC3	2	pgaa_h	38	4999	0.04	0.04	0.0	0.033406239105099	0.0148018905824084	pgaa-cross-platform-dual-gate-v2	pgaa-cross-platform-matched-controls-v2
wessels2023_myeloid_cas13	Human myeloid-cell CRISPR-Cas13	sample_tag_holdout_4_vs_4	HDAC3	HDAC3	2	absolute_mean_shift	38	4999	0.2	0.04	0.16	0.0905739497981366	0.0570547097201939	pgaa-cross-platform-dual-gate-v2	pgaa-cross-platform-matched-controls-v2
wessels2023_myeloid_cas13	Human myeloid-cell CRISPR-Cas13	sample_tag_holdout_4_vs_4	HDAC3	HDAC3	2	welch_abs_t	38	4999	0.1	0.01	0.09	0.0482623276190601	0.0075734200388767	pgaa-cross-platform-dual-gate-v2	pgaa-cross-platform-matched-controls-v2
wessels2023_myeloid_cas13	Human myeloid-cell CRISPR-Cas13	sample_tag_holdout_4_vs_4	HDAC3	HDAC3	3	pgaa_w	38	4999	0.2	0.08	0.12	0.2767497577306578	0.2073539822970596	pgaa-cross-platform-dual-gate-v2	pgaa-cross-platform-matched-controls-v2
wessels2023_myeloid_cas13	Human myeloid-cell CRISPR-Cas13	sample_tag_holdout_4_vs_4	HDAC3	HDAC3	3	pgaa_h	38	4999	0.06	0.02	0.0399999999999999	0.0407611030729806	0.0259778489601175	pgaa-cross-platform-dual-gate-v2	pgaa-cross-platform-matched-controls-v2
wessels2023_myeloid_cas13	Human myeloid-cell CRISPR-Cas13	sample_tag_holdout_4_vs_4	HDAC3	HDAC3	3	absolute_mean_shift	38	4999	0.2	0.08	0.12	0.1365214060852151	0.0446507051774797	pgaa-cross-platform-dual-gate-v2	pgaa-cross-platform-matched-controls-v2
wessels2023_myeloid_cas13	Human myeloid-cell CRISPR-Cas13	sample_tag_holdout_4_vs_4	HDAC3	HDAC3	3	welch_abs_t	38	4999	0.19	0.02	0.17	0.0877484814150764	0.0061526398917238	pgaa-cross-platform-dual-gate-v2	pgaa-cross-platform-matched-controls-v2
wessels2023_myeloid_cas13	Human myeloid-cell CRISPR-Cas13	sample_tag_holdout_4_vs_4	HDAC3	HDAC3	4	pgaa_w	38	4999	0.21	0.04	0.1699999999999999	0.2684035398196086	0.213895068377421	pgaa-cross-platform-dual-gate-v2	pgaa-cross-platform-matched-controls-v2
wessels2023_myeloid_cas13	Human myeloid-cell CRISPR-Cas13	sample_tag_holdout_4_vs_4	HDAC3	HDAC3	4	pgaa_h	38	4999	0.07	0.0	0.07	0.0303811107431112	0.006366903119104	pgaa-cross-platform-dual-gate-v2	pgaa-cross-platform-matched-controls-v2
wessels2023_myeloid_cas13	Human myeloid-cell CRISPR-Cas13	sample_tag_holdout_4_vs_4	HDAC3	HDAC3	4	absolute_mean_shift	38	4999	0.18	0.04	0.1399999999999999	0.1268483886064259	0.0507931032101349	pgaa-cross-platform-dual-gate-v2	pgaa-cross-platform-matched-controls-v2
wessels2023_myeloid_cas13	Human myeloid-cell CRISPR-Cas13	sample_tag_holdout_4_vs_4	HDAC3	HDAC3	4	welch_abs_t	38	4999	0.1	0.03	0.07	0.0701849396529966	0.004203464270285	pgaa-cross-platform-dual-gate-v2	pgaa-cross-platform-matched-controls-v2
wessels2023_myeloid_cas13	Human myeloid-cell CRISPR-Cas13	sample_tag_holdout_4_vs_4	GFI1	GFI1	0	pgaa_w	37	4999	0.3	0.07	0.2299999999999999	0.2748968272405982	0.2020108036541764	pgaa-cross-platform-dual-gate-v2	pgaa-cross-platform-matched-controls-v2
wessels2023_myeloid_cas13	Human myeloid-cell CRISPR-Cas13	sample_tag_holdout_4_vs_4	GFI1	GFI1	0	pgaa_h	37	4999	0.03	0.0	0.03	0.0374576793258353	0.0357608545712599	pgaa-cross-platform-dual-gate-v2	pgaa-cross-platform-matched-controls-v2
wessels2023_myeloid_cas13	Human myeloid-cell CRISPR-Cas13	sample_tag_holdout_4_vs_4	GFI1	GFI1	0	absolute_mean_shift	37	4999	0.3	0.07	0.2299999999999999	0.1568933560654671	0.0241828152436817	pgaa-cross-platform-dual-gate-v2	pgaa-cross-platform-matched-controls-v2
wessels2023_myeloid_cas13	Human myeloid-cell CRISPR-Cas13	sample_tag_holdout_4_vs_4	GFI1	GFI1	0	welch_abs_t	37	4999	0.17	0.02	0.15	0.0876092458347612	-0.0265242583210519	pgaa-cross-platform-dual-gate-v2	pgaa-cross-platform-matched-controls-v2
wessels2023_myeloid_cas13	Human myeloid-cell CRISPR-Cas13	sample_tag_holdout_4_vs_4	GFI1	GFI1	1	pgaa_w	37	4999	0.34	0.06	0.28	0.2905913065446223	0.2145719471865561	pgaa-cross-platform-dual-gate-v2	pgaa-cross-platform-matched-controls-v2
wessels2023_myeloid_cas13	Human myeloid-cell CRISPR-Cas13	sample_tag_holdout_4_vs_4	GFI1	GFI1	1	pgaa_h	37	4999	0.02	0.04	-0.02	0.030927480864519	0.0229192648528202	pgaa-cross-platform-dual-gate-v2	pgaa-cross-platform-matched-controls-v2
wessels2023_myeloid_cas13	Human myeloid-cell CRISPR-Cas13	sample_tag_holdout_4_vs_4	GFI1	GFI1	1	absolute_mean_shift	37	4999	0.34	0.07	0.27	0.1529587284193664	0.0425596587274852	pgaa-cross-platform-dual-gate-v2	pgaa-cross-platform-matched-controls-v2
wessels2023_myeloid_cas13	Human myeloid-cell CRISPR-Cas13	sample_tag_holdout_4_vs_4	GFI1	GFI1	1	welch_abs_t	37	4999	0.21	0.02	0.19	0.076118233394578	-0.0129866270973282	pgaa-cross-platform-dual-gate-v2	pgaa-cross-platform-matched-controls-v2
wessels2023_myeloid_cas13	Human myeloid-cell CRISPR-Cas13	sample_tag_holdout_4_vs_4	GFI1	GFI1	2	pgaa_w	37	4999	0.26	0.09	0.17	0.2927505837301914	0.1986220323056208	pgaa-cross-platform-dual-gate-v2	pgaa-cross-platform-matched-controls-v2
wessels2023_myeloid_cas13	Human myeloid-cell CRISPR-Cas13	sample_tag_holdout_4_vs_4	GFI1	GFI1	2	pgaa_h	37	4999	0.05	0.02	0.03	0.020845969288678	0.0266531423410614	pgaa-cross-platform-dual-gate-v2	pgaa-cross-platform-matched-controls-v2
wessels2023_myeloid_cas13	Human myeloid-cell CRISPR-Cas13	sample_tag_holdout_4_vs_4	GFI1	GFI1	2	absolute_mean_shift	37	4999	0.26	0.1	0.16	0.1492612031169739	0.0385289368567237	pgaa-cross-platform-dual-gate-v2	pgaa-cross-platform-matched-controls-v2
wessels2023_myeloid_cas13	Human myeloid-cell CRISPR-Cas13	sample_tag_holdout_4_vs_4	GFI1	GFI1	2	welch_abs_t	37	4999	0.26	0.03	0.23	0.0737161762262108	-0.0001698347832831	pgaa-cross-platform-dual-gate-v2	pgaa-cross-platform-matched-controls-v2
wessels2023_myeloid_cas13	Human myeloid-cell CRISPR-Cas13	sample_tag_holdout_4_vs_4	GFI1	GFI1	3	pgaa_w	37	4999	0.27	0.03	0.24	0.2686839031191593	0.2157643811115164	pgaa-cross-platform-dual-gate-v2	pgaa-cross-platform-matched-controls-v2
wessels2023_myeloid_cas13	Human myeloid-cell CRISPR-Cas13	sample_tag_holdout_4_vs_4	GFI1	GFI1	3	pgaa_h	37	4999	0.06	0.05	0.0099999999999999	0.0162650622772726	0.008989483204844	pgaa-cross-platform-dual-gate-v2	pgaa-cross-platform-matched-controls-v2
wessels2023_myeloid_cas13	Human myeloid-cell CRISPR-Cas13	sample_tag_holdout_4_vs_4	GFI1	GFI1	3	absolute_mean_shift	37	4999	0.26	0.04	0.22	0.1390505677639501	0.0557163273244256	pgaa-cross-platform-dual-gate-v2	pgaa-cross-platform-matched-controls-v2
wessels2023_myeloid_cas13	Human myeloid-cell CRISPR-Cas13	sample_tag_holdout_4_vs_4	GFI1	GFI1	3	welch_abs_t	37	4999	0.21	0.01	0.1999999999999999	0.0691282754990374	-0.0022018053070926	pgaa-cross-platform-dual-gate-v2	pgaa-cross-platform-matched-controls-v2
wessels2023_myeloid_cas13	Human myeloid-cell CRISPR-Cas13	sample_tag_holdout_4_vs_4	GFI1	GFI1	4	pgaa_w	37	4999	0.3	0.08	0.2199999999999999	0.2901432668766647	0.2343669044012884	pgaa-cross-platform-dual-gate-v2	pgaa-cross-platform-matched-controls-v2
wessels2023_myeloid_cas13	Human myeloid-cell CRISPR-Cas13	sample_tag_holdout_4_vs_4	GFI1	GFI1	4	pgaa_h	37	4999	0.09	0.0	0.09	0.0274017297257149	-0.0015968412382252	pgaa-cross-platform-dual-gate-v2	pgaa-cross-platform-matched-controls-v2
wessels2023_myeloid_cas13	Human myeloid-cell CRISPR-Cas13	sample_tag_holdout_4_vs_4	GFI1	GFI1	4	absolute_mean_shift	37	4999	0.31	0.05	0.26	0.1456962368809197	0.0595136749841814	pgaa-cross-platform-dual-gate-v2	pgaa-cross-platform-matched-controls-v2
wessels2023_myeloid_cas13	Human myeloid-cell CRISPR-Cas13	sample_tag_holdout_4_vs_4	GFI1	GFI1	4	welch_abs_t	37	4999	0.23	0.03	0.2	0.0722083925565955	0.0086630888246635	pgaa-cross-platform-dual-gate-v2	pgaa-cross-platform-matched-controls-v2
wessels2023_myeloid_cas13	Human myeloid-cell CRISPR-Cas13	sample_tag_holdout_4_vs_4	SMARCA5	SMARCA5	0	pgaa_w	37	4999	0.26	0.07	0.19	0.3075038387269291	0.234746108021124	pgaa-cross-platform-dual-gate-v2	pgaa-cross-platform-matched-controls-v2
wessels2023_myeloid_cas13	Human myeloid-cell CRISPR-Cas13	sample_tag_holdout_4_vs_4	SMARCA5	SMARCA5	0	pgaa_h	37	4999	0.04	0.05	-0.01	0.0475059875716951	0.0450755740841352	pgaa-cross-platform-dual-gate-v2	pgaa-cross-platform-matched-controls-v2
wessels2023_myeloid_cas13	Human myeloid-cell CRISPR-Cas13	sample_tag_holdout_4_vs_4	SMARCA5	SMARCA5	0	absolute_mean_shift	37	4999	0.25	0.05	0.2	0.1362885892140669	0.0639825658815303	pgaa-cross-platform-dual-gate-v2	pgaa-cross-platform-matched-controls-v2
wessels2023_myeloid_cas13	Human myeloid-cell CRISPR-Cas13	sample_tag_holdout_4_vs_4	SMARCA5	SMARCA5	0	welch_abs_t	37	4999	0.12	0.01	0.11	0.0674123026782406	0.0076583235974926	pgaa-cross-platform-dual-gate-v2	pgaa-cross-platform-matched-controls-v2
wessels2023_myeloid_cas13	Human myeloid-cell CRISPR-Cas13	sample_tag_holdout_4_vs_4	SMARCA5	SMARCA5	1	pgaa_w	37	4999	0.16	0.02	0.14	0.2680435799044563	0.2338546282125573	pgaa-cross-platform-dual-gate-v2	pgaa-cross-platform-matched-controls-v2
wessels2023_myeloid_cas13	Human myeloid-cell CRISPR-Cas13	sample_tag_holdout_4_vs_4	SMARCA5	SMARCA5	1	pgaa_h	37	4999	0.03	0.03	0.0	0.0273919928443704	0.0565834579399038	pgaa-cross-platform-dual-gate-v2	pgaa-cross-platform-matched-controls-v2
wessels2023_myeloid_cas13	Human myeloid-cell CRISPR-Cas13	sample_tag_holdout_4_vs_4	SMARCA5	SMARCA5	1	absolute_mean_shift	37	4999	0.18	0.01	0.1699999999999999	0.0944040132441568	0.0526656135131787	pgaa-cross-platform-dual-gate-v2	pgaa-cross-platform-matched-controls-v2
wessels2023_myeloid_cas13	Human myeloid-cell CRISPR-Cas13	sample_tag_holdout_4_vs_4	SMARCA5	SMARCA5	1	welch_abs_t	37	4999	0.07	0.0	0.07	0.0186534772505198	0.0055257717571251	pgaa-cross-platform-dual-gate-v2	pgaa-cross-platform-matched-controls-v2
wessels2023_myeloid_cas13	Human myeloid-cell CRISPR-Cas13	sample_tag_holdout_4_vs_4	SMARCA5	SMARCA5	2	pgaa_w	37	4999	0.21	0.1	0.1099999999999999	0.3049018557613084	0.2405152234288394	pgaa-cross-platform-dual-gate-v2	pgaa-cross-platform-matched-controls-v2
wessels2023_myeloid_cas13	Human myeloid-cell CRISPR-Cas13	sample_tag_holdout_4_vs_4	SMARCA5	SMARCA5	2	pgaa_h	37	4999	0.04	0.05	-0.01	0.03023129317601	0.0268790984544801	pgaa-cross-platform-dual-gate-v2	pgaa-cross-platform-matched-controls-v2
wessels2023_myeloid_cas13	Human myeloid-cell CRISPR-Cas13	sample_tag_holdout_4_vs_4	SMARCA5	SMARCA5	2	absolute_mean_shift	37	4999	0.18	0.09	0.09	0.1325219027510789	0.0796804080182029	pgaa-cross-platform-dual-gate-v2	pgaa-cross-platform-matched-controls-v2
wessels2023_myeloid_cas13	Human myeloid-cell CRISPR-Cas13	sample_tag_holdout_4_vs_4	SMARCA5	SMARCA5	2	welch_abs_t	37	4999	0.07	0.02	0.05	0.0622708077750003	0.0302191578771936	pgaa-cross-platform-dual-gate-v2	pgaa-cross-platform-matched-controls-v2
wessels2023_myeloid_cas13	Human myeloid-cell CRISPR-Cas13	sample_tag_holdout_4_vs_4	SMARCA5	SMARCA5	3	pgaa_w	37	4999	0.17	0.04	0.13	0.3055481091896651	0.2081106264950469	pgaa-cross-platform-dual-gate-v2	pgaa-cross-platform-matched-controls-v2
wessels2023_myeloid_cas13	Human myeloid-cell CRISPR-Cas13	sample_tag_holdout_4_vs_4	SMARCA5	SMARCA5	3	pgaa_h	37	4999	0.01	0.05	-0.04	0.023167863682427	0.0356329810068744	pgaa-cross-platform-dual-gate-v2	pgaa-cross-platform-matched-controls-v2
wessels2023_myeloid_cas13	Human myeloid-cell CRISPR-Cas13	sample_tag_holdout_4_vs_4	SMARCA5	SMARCA5	3	absolute_mean_shift	37	4999	0.18	0.04	0.1399999999999999	0.1183261872713067	0.0326103173607216	pgaa-cross-platform-dual-gate-v2	pgaa-cross-platform-matched-controls-v2
wessels2023_myeloid_cas13	Human myeloid-cell CRISPR-Cas13	sample_tag_holdout_4_vs_4	SMARCA5	SMARCA5	3	welch_abs_t	37	4999	0.08	0.01	0.07	0.0472052266875944	-0.0200587252144306	pgaa-cross-platform-dual-gate-v2	pgaa-cross-platform-matched-controls-v2
wessels2023_myeloid_cas13	Human myeloid-cell CRISPR-Cas13	sample_tag_holdout_4_vs_4	SMARCA5	SMARCA5	4	pgaa_w	37	4999	0.22	0.06	0.16	0.3083154124222204	0.2280157255940984	pgaa-cross-platform-dual-gate-v2	pgaa-cross-platform-matched-controls-v2
wessels2023_myeloid_cas13	Human myeloid-cell CRISPR-Cas13	sample_tag_holdout_4_vs_4	SMARCA5	SMARCA5	4	pgaa_h	37	4999	0.07	0.05	0.02	0.0259938022159944	0.0483927517865301	pgaa-cross-platform-dual-gate-v2	pgaa-cross-platform-matched-controls-v2
wessels2023_myeloid_cas13	Human myeloid-cell CRISPR-Cas13	sample_tag_holdout_4_vs_4	SMARCA5	SMARCA5	4	absolute_mean_shift	37	4999	0.2	0.07	0.13	0.1187051748010134	0.0483422305624396	pgaa-cross-platform-dual-gate-v2	pgaa-cross-platform-matched-controls-v2
wessels2023_myeloid_cas13	Human myeloid-cell CRISPR-Cas13	sample_tag_holdout_4_vs_4	SMARCA5	SMARCA5	4	welch_abs_t	37	4999	0.16	0.01	0.15	0.0506566885525964	3.766083348813006e-06	pgaa-cross-platform-dual-gate-v2	pgaa-cross-platform-matched-controls-v2
wessels2023_myeloid_cas13	Human myeloid-cell CRISPR-Cas13	sample_tag_holdout_4_vs_4	SMARCD1	SMARCD1	0	pgaa_w	36	4999	0.11	0.09	0.02	0.2262841566152366	0.2383219875667811	pgaa-cross-platform-dual-gate-v2	pgaa-cross-platform-matched-controls-v2
wessels2023_myeloid_cas13	Human myeloid-cell CRISPR-Cas13	sample_tag_holdout_4_vs_4	SMARCD1	SMARCD1	0	pgaa_h	36	4999	0.05	0.04	0.01	0.0261973225890342	0.0446653353353283	pgaa-cross-platform-dual-gate-v2	pgaa-cross-platform-matched-controls-v2
wessels2023_myeloid_cas13	Human myeloid-cell CRISPR-Cas13	sample_tag_holdout_4_vs_4	SMARCD1	SMARCD1	0	absolute_mean_shift	36	4999	0.09	0.09	0.0	0.0761435770558846	0.07547075990296	pgaa-cross-platform-dual-gate-v2	pgaa-cross-platform-matched-controls-v2
wessels2023_myeloid_cas13	Human myeloid-cell CRISPR-Cas13	sample_tag_holdout_4_vs_4	SMARCD1	SMARCD1	0	welch_abs_t	36	4999	0.01	0.04	-0.03	0.0160861248367842	0.0181674267146346	pgaa-cross-platform-dual-gate-v2	pgaa-cross-platform-matched-controls-v2
wessels2023_myeloid_cas13	Human myeloid-cell CRISPR-Cas13	sample_tag_holdout_4_vs_4	SMARCD1	SMARCD1	1	pgaa_w	36	4999	0.3	0.04	0.26	0.2358813113883281	0.196595361233111	pgaa-cross-platform-dual-gate-v2	pgaa-cross-platform-matched-controls-v2
wessels2023_myeloid_cas13	Human myeloid-cell CRISPR-Cas13	sample_tag_holdout_4_vs_4	SMARCD1	SMARCD1	1	pgaa_h	36	4999	0.02	0.01	0.01	0.0167278908839382	-0.0017615911106424	pgaa-cross-platform-dual-gate-v2	pgaa-cross-platform-matched-controls-v2
wessels2023_myeloid_cas13	Human myeloid-cell CRISPR-Cas13	sample_tag_holdout_4_vs_4	SMARCD1	SMARCD1	1	absolute_mean_shift	36	4999	0.29	0.05	0.24	0.0830162214035139	0.0505247733388718	pgaa-cross-platform-dual-gate-v2	pgaa-cross-platform-matched-controls-v2
wessels2023_myeloid_cas13	Human myeloid-cell CRISPR-Cas13	sample_tag_holdout_4_vs_4	SMARCD1	SMARCD1	1	welch_abs_t	36	4999	0.13	0.01	0.12	0.0272580316783644	-0.0014693729622274	pgaa-cross-platform-dual-gate-v2	pgaa-cross-platform-matched-controls-v2
wessels2023_myeloid_cas13	Human myeloid-cell CRISPR-Cas13	sample_tag_holdout_4_vs_4	SMARCD1	SMARCD1	2	pgaa_w	36	4999	0.23	0.05	0.18	0.2607743164959523	0.2253551531434738	pgaa-cross-platform-dual-gate-v2	pgaa-cross-platform-matched-controls-v2
wessels2023_myeloid_cas13	Human myeloid-cell CRISPR-Cas13	sample_tag_holdout_4_vs_4	SMARCD1	SMARCD1	2	pgaa_h	36	4999	0.04	0.04	0.0	0.0384079621284945	0.0338408882874848	pgaa-cross-platform-dual-gate-v2	pgaa-cross-platform-matched-controls-v2
wessels2023_myeloid_cas13	Human myeloid-cell CRISPR-Cas13	sample_tag_holdout_4_vs_4	SMARCD1	SMARCD1	2	absolute_mean_shift	36	4999	0.22	0.05	0.1699999999999999	0.1244735365410037	0.0591644485016248	pgaa-cross-platform-dual-gate-v2	pgaa-cross-platform-matched-controls-v2
wessels2023_myeloid_cas13	Human myeloid-cell CRISPR-Cas13	sample_tag_holdout_4_vs_4	SMARCD1	SMARCD1	2	welch_abs_t	36	4999	0.15	0.02	0.13	0.0669055335212758	0.0166218457617093	pgaa-cross-platform-dual-gate-v2	pgaa-cross-platform-matched-controls-v2
wessels2023_myeloid_cas13	Human myeloid-cell CRISPR-Cas13	sample_tag_holdout_4_vs_4	SMARCD1	SMARCD1	3	pgaa_w	36	4999	0.23	0.05	0.18	0.2634574236816151	0.2021604733911969	pgaa-cross-platform-dual-gate-v2	pgaa-cross-platform-matched-controls-v2
wessels2023_myeloid_cas13	Human myeloid-cell CRISPR-Cas13	sample_tag_holdout_4_vs_4	SMARCD1	SMARCD1	3	pgaa_h	36	4999	0.03	0.03	0.0	0.0236537000290598	0.0301750823044625	pgaa-cross-platform-dual-gate-v2	pgaa-cross-platform-matched-controls-v2
wessels2023_myeloid_cas13	Human myeloid-cell CRISPR-Cas13	sample_tag_holdout_4_vs_4	SMARCD1	SMARCD1	3	absolute_mean_shift	36	4999	0.24	0.05	0.19	0.1328586203386452	0.0468793058983196	pgaa-cross-platform-dual-gate-v2	pgaa-cross-platform-matched-controls-v2
wessels2023_myeloid_cas13	Human myeloid-cell CRISPR-Cas13	sample_tag_holdout_4_vs_4	SMARCD1	SMARCD1	3	welch_abs_t	36	4999	0.13	0.01	0.12	0.0693789782206141	0.0050814251205583	pgaa-cross-platform-dual-gate-v2	pgaa-cross-platform-matched-controls-v2
wessels2023_myeloid_cas13	Human myeloid-cell CRISPR-Cas13	sample_tag_holdout_4_vs_4	SMARCD1	SMARCD1	4	pgaa_w	36	4999	0.17	0.07	0.1	0.2565238732260258	0.2305177849975757	pgaa-cross-platform-dual-gate-v2	pgaa-cross-platform-matched-controls-v2
wessels2023_myeloid_cas13	Human myeloid-cell CRISPR-Cas13	sample_tag_holdout_4_vs_4	SMARCD1	SMARCD1	4	pgaa_h	36	4999	0.09	0.05	0.0399999999999999	0.0179964644433811	0.0562073574183385	pgaa-cross-platform-dual-gate-v2	pgaa-cross-platform-matched-controls-v2
wessels2023_myeloid_cas13	Human myeloid-cell CRISPR-Cas13	sample_tag_holdout_4_vs_4	SMARCD1	SMARCD1	4	absolute_mean_shift	36	4999	0.16	0.05	0.11	0.0855642077295546	0.0613549366325296	pgaa-cross-platform-dual-gate-v2	pgaa-cross-platform-matched-controls-v2
wessels2023_myeloid_cas13	Human myeloid-cell CRISPR-Cas13	sample_tag_holdout_4_vs_4	SMARCD1	SMARCD1	4	welch_abs_t	36	4999	0.05	0.03	0.02	0.0260666576532593	0.0074069374259005	pgaa-cross-platform-dual-gate-v2	pgaa-cross-platform-matched-controls-v2
wessels2023_myeloid_cas13	Human myeloid-cell CRISPR-Cas13	sample_tag_holdout_4_vs_4	RING1	RING1	0	pgaa_w	31	4999	0.08	0.05	0.03	0.2253232541346204	0.2075705243329579	pgaa-cross-platform-dual-gate-v2	pgaa-cross-platform-matched-controls-v2
wessels2023_myeloid_cas13	Human myeloid-cell CRISPR-Cas13	sample_tag_holdout_4_vs_4	RING1	RING1	0	pgaa_h	31	4999	0.04	0.01	0.03	0.0344368916754365	0.0162568563625265	pgaa-cross-platform-dual-gate-v2	pgaa-cross-platform-matched-controls-v2
wessels2023_myeloid_cas13	Human myeloid-cell CRISPR-Cas13	sample_tag_holdout_4_vs_4	RING1	RING1	0	absolute_mean_shift	31	4999	0.07	0.05	0.02	0.0623608831790234	0.0338164267195291	pgaa-cross-platform-dual-gate-v2	pgaa-cross-platform-matched-controls-v2
wessels2023_myeloid_cas13	Human myeloid-cell CRISPR-Cas13	sample_tag_holdout_4_vs_4	RING1	RING1	0	welch_abs_t	31	4999	0.04	0.02	0.02	0.0105671282638416	-0.0079187454779771	pgaa-cross-platform-dual-gate-v2	pgaa-cross-platform-matched-controls-v2
wessels2023_myeloid_cas13	Human myeloid-cell CRISPR-Cas13	sample_tag_holdout_4_vs_4	RING1	RING1	1	pgaa_w	31	4999	0.08	0.08	0.0	0.218630547237899	0.2141101350642278	pgaa-cross-platform-dual-gate-v2	pgaa-cross-platform-matched-controls-v2
wessels2023_myeloid_cas13	Human myeloid-cell CRISPR-Cas13	sample_tag_holdout_4_vs_4	RING1	RING1	1	pgaa_h	31	4999	0.03	0.02	0.0099999999999999	0.018344954131404	0.0176176865369572	pgaa-cross-platform-dual-gate-v2	pgaa-cross-platform-matched-controls-v2
wessels2023_myeloid_cas13	Human myeloid-cell CRISPR-Cas13	sample_tag_holdout_4_vs_4	RING1	RING1	1	absolute_mean_shift	31	4999	0.07	0.05	0.02	0.0481198998537849	0.0399174808810462	pgaa-cross-platform-dual-gate-v2	pgaa-cross-platform-matched-controls-v2
wessels2023_myeloid_cas13	Human myeloid-cell CRISPR-Cas13	sample_tag_holdout_4_vs_4	RING1	RING1	1	welch_abs_t	31	4999	0.02	0.02	0.0	-0.0027926880935751	-0.0077651429445552	pgaa-cross-platform-dual-gate-v2	pgaa-cross-platform-matched-controls-v2
wessels2023_myeloid_cas13	Human myeloid-cell CRISPR-Cas13	sample_tag_holdout_4_vs_4	RING1	RING1	2	pgaa_w	31	4999	0.09	0.05	0.0399999999999999	0.2075863793166796	0.1951188396622902	pgaa-cross-platform-dual-gate-v2	pgaa-cross-platform-matched-controls-v2
wessels2023_myeloid_cas13	Human myeloid-cell CRISPR-Cas13	sample_tag_holdout_4_vs_4	RING1	RING1	2	pgaa_h	31	4999	0.05	0.04	0.01	0.0397172339573234	0.0482702420130362	pgaa-cross-platform-dual-gate-v2	pgaa-cross-platform-matched-controls-v2
wessels2023_myeloid_cas13	Human myeloid-cell CRISPR-Cas13	sample_tag_holdout_4_vs_4	RING1	RING1	2	absolute_mean_shift	31	4999	0.07	0.03	0.04	0.0670456914496508	0.0091840276825485	pgaa-cross-platform-dual-gate-v2	pgaa-cross-platform-matched-controls-v2
wessels2023_myeloid_cas13	Human myeloid-cell CRISPR-Cas13	sample_tag_holdout_4_vs_4	RING1	RING1	2	welch_abs_t	31	4999	0.07	0.0	0.07	0.0200582357532745	-0.0292125695247092	pgaa-cross-platform-dual-gate-v2	pgaa-cross-platform-matched-controls-v2
wessels2023_myeloid_cas13	Human myeloid-cell CRISPR-Cas13	sample_tag_holdout_4_vs_4	RING1	RING1	3	pgaa_w	31	4999	0.11	0.13	-0.02	0.2203966018653911	0.220837877923724	pgaa-cross-platform-dual-gate-v2	pgaa-cross-platform-matched-controls-v2
wessels2023_myeloid_cas13	Human myeloid-cell CRISPR-Cas13	sample_tag_holdout_4_vs_4	RING1	RING1	3	pgaa_h	31	4999	0.08	0.03	0.05	0.0631106670818898	0.0337999866574701	pgaa-cross-platform-dual-gate-v2	pgaa-cross-platform-matched-controls-v2
wessels2023_myeloid_cas13	Human myeloid-cell CRISPR-Cas13	sample_tag_holdout_4_vs_4	RING1	RING1	3	absolute_mean_shift	31	4999	0.06	0.11	-0.05	0.0732643606307463	0.036977459792341	pgaa-cross-platform-dual-gate-v2	pgaa-cross-platform-matched-controls-v2
wessels2023_myeloid_cas13	Human myeloid-cell CRISPR-Cas13	sample_tag_holdout_4_vs_4	RING1	RING1	3	welch_abs_t	31	4999	0.01	0.0	0.01	0.0126513733959276	-0.0130239731499721	pgaa-cross-platform-dual-gate-v2	pgaa-cross-platform-matched-controls-v2
wessels2023_myeloid_cas13	Human myeloid-cell CRISPR-Cas13	sample_tag_holdout_4_vs_4	RING1	RING1	4	pgaa_w	31	4999	0.1	0.03	0.07	0.2061164337549382	0.2045097979019574	pgaa-cross-platform-dual-gate-v2	pgaa-cross-platform-matched-controls-v2
wessels2023_myeloid_cas13	Human myeloid-cell CRISPR-Cas13	sample_tag_holdout_4_vs_4	RING1	RING1	4	pgaa_h	31	4999	0.03	0.08	-0.05	0.0384344491109928	0.0530263283276727	pgaa-cross-platform-dual-gate-v2	pgaa-cross-platform-matched-controls-v2
wessels2023_myeloid_cas13	Human myeloid-cell CRISPR-Cas13	sample_tag_holdout_4_vs_4	RING1	RING1	4	absolute_mean_shift	31	4999	0.11	0.02	0.09	0.0378512163933724	0.0325134553945012	pgaa-cross-platform-dual-gate-v2	pgaa-cross-platform-matched-controls-v2
wessels2023_myeloid_cas13	Human myeloid-cell CRISPR-Cas13	sample_tag_holdout_4_vs_4	RING1	RING1	4	welch_abs_t	31	4999	0.01	0.02	-0.01	-0.0231442254362791	-0.0034369028428359	pgaa-cross-platform-dual-gate-v2	pgaa-cross-platform-matched-controls-v2
wessels2023_myeloid_cas13	Human myeloid-cell CRISPR-Cas13	sample_tag_holdout_4_vs_4	ATXN7L3	ATXN7L3	0	pgaa_w	30	4999	0.12	0.05	0.0699999999999999	0.207428661914856	0.2257915398685979	pgaa-cross-platform-dual-gate-v2	pgaa-cross-platform-matched-controls-v2
wessels2023_myeloid_cas13	Human myeloid-cell CRISPR-Cas13	sample_tag_holdout_4_vs_4	ATXN7L3	ATXN7L3	0	pgaa_h	30	4999	0.02	0.01	0.01	0.0146282167069887	0.0209315044265931	pgaa-cross-platform-dual-gate-v2	pgaa-cross-platform-matched-controls-v2
wessels2023_myeloid_cas13	Human myeloid-cell CRISPR-Cas13	sample_tag_holdout_4_vs_4	ATXN7L3	ATXN7L3	0	absolute_mean_shift	30	4999	0.1	0.06	0.04	0.0761386057301769	0.0596858568875613	pgaa-cross-platform-dual-gate-v2	pgaa-cross-platform-matched-controls-v2
wessels2023_myeloid_cas13	Human myeloid-cell CRISPR-Cas13	sample_tag_holdout_4_vs_4	ATXN7L3	ATXN7L3	0	welch_abs_t	30	4999	0.1	0.01	0.09	0.0276367548179503	-0.0008125423404008	pgaa-cross-platform-dual-gate-v2	pgaa-cross-platform-matched-controls-v2
wessels2023_myeloid_cas13	Human myeloid-cell CRISPR-Cas13	sample_tag_holdout_4_vs_4	ATXN7L3	ATXN7L3	1	pgaa_w	30	4999	0.1	0.08	0.02	0.2262697973448231	0.2148171259221832	pgaa-cross-platform-dual-gate-v2	pgaa-cross-platform-matched-controls-v2
wessels2023_myeloid_cas13	Human myeloid-cell CRISPR-Cas13	sample_tag_holdout_4_vs_4	ATXN7L3	ATXN7L3	1	pgaa_h	30	4999	0.04	0.03	0.01	0.0468004997326797	0.0453878763991687	pgaa-cross-platform-dual-gate-v2	pgaa-cross-platform-matched-controls-v2
wessels2023_myeloid_cas13	Human myeloid-cell CRISPR-Cas13	sample_tag_holdout_4_vs_4	ATXN7L3	ATXN7L3	1	absolute_mean_shift	30	4999	0.08	0.09	-0.0099999999999999	0.0771980505677603	0.0443504665921756	pgaa-cross-platform-dual-gate-v2	pgaa-cross-platform-matched-controls-v2
wessels2023_myeloid_cas13	Human myeloid-cell CRISPR-Cas13	sample_tag_holdout_4_vs_4	ATXN7L3	ATXN7L3	1	welch_abs_t	30	4999	0.06	0.02	0.0399999999999999	0.028017256752671	-0.0009381814418331	pgaa-cross-platform-dual-gate-v2	pgaa-cross-platform-matched-controls-v2
wessels2023_myeloid_cas13	Human myeloid-cell CRISPR-Cas13	sample_tag_holdout_4_vs_4	ATXN7L3	ATXN7L3	2	pgaa_w	30	4999	0.08	0.07	0.0099999999999999	0.1973440289978764	0.222340271847887	pgaa-cross-platform-dual-gate-v2	pgaa-cross-platform-matched-controls-v2
wessels2023_myeloid_cas13	Human myeloid-cell CRISPR-Cas13	sample_tag_holdout_4_vs_4	ATXN7L3	ATXN7L3	2	pgaa_h	30	4999	0.07	0.02	0.05	0.0058442206016925	0.0171265237669441	pgaa-cross-platform-dual-gate-v2	pgaa-cross-platform-matched-controls-v2
wessels2023_myeloid_cas13	Human myeloid-cell CRISPR-Cas13	sample_tag_holdout_4_vs_4	ATXN7L3	ATXN7L3	2	absolute_mean_shift	30	4999	0.07	0.06	0.01	0.0581147262387494	0.0503640385268279	pgaa-cross-platform-dual-gate-v2	pgaa-cross-platform-matched-controls-v2
wessels2023_myeloid_cas13	Human myeloid-cell CRISPR-Cas13	sample_tag_holdout_4_vs_4	ATXN7L3	ATXN7L3	2	welch_abs_t	30	4999	0.02	0.06	-0.0399999999999999	0.0007946967544769	0.0090646336712496	pgaa-cross-platform-dual-gate-v2	pgaa-cross-platform-matched-controls-v2
wessels2023_myeloid_cas13	Human myeloid-cell CRISPR-Cas13	sample_tag_holdout_4_vs_4	ATXN7L3	ATXN7L3	3	pgaa_w	30	4999	0.14	0.1	0.04	0.2256674031565017	0.19813082385985	pgaa-cross-platform-dual-gate-v2	pgaa-cross-platform-matched-controls-v2
wessels2023_myeloid_cas13	Human myeloid-cell CRISPR-Cas13	sample_tag_holdout_4_vs_4	ATXN7L3	ATXN7L3	3	pgaa_h	30	4999	0.07	0.06	0.01	0.030285536432497	0.0274120076274694	pgaa-cross-platform-dual-gate-v2	pgaa-cross-platform-matched-controls-v2
wessels2023_myeloid_cas13	Human myeloid-cell CRISPR-Cas13	sample_tag_holdout_4_vs_4	ATXN7L3	ATXN7L3	3	absolute_mean_shift	30	4999	0.12	0.07	0.0499999999999999	0.0644054354254576	0.0217334613657937	pgaa-cross-platform-dual-gate-v2	pgaa-cross-platform-matched-controls-v2
wessels2023_myeloid_cas13	Human myeloid-cell CRISPR-Cas13	sample_tag_holdout_4_vs_4	ATXN7L3	ATXN7L3	3	welch_abs_t	30	4999	0.08	0.05	0.03	0.0111805970317713	-0.0242665623646762	pgaa-cross-platform-dual-gate-v2	pgaa-cross-platform-matched-controls-v2
wessels2023_myeloid_cas13	Human myeloid-cell CRISPR-Cas13	sample_tag_holdout_4_vs_4	ATXN7L3	ATXN7L3	4	pgaa_w	30	4999	0.17	0.04	0.13	0.2518963520915468	0.2057735493317151	pgaa-cross-platform-dual-gate-v2	pgaa-cross-platform-matched-controls-v2
wessels2023_myeloid_cas13	Human myeloid-cell CRISPR-Cas13	sample_tag_holdout_4_vs_4	ATXN7L3	ATXN7L3	4	pgaa_h	30	4999	0.06	0.05	0.0099999999999999	0.0363991096689377	0.0218216979597912	pgaa-cross-platform-dual-gate-v2	pgaa-cross-platform-matched-controls-v2
wessels2023_myeloid_cas13	Human myeloid-cell CRISPR-Cas13	sample_tag_holdout_4_vs_4	ATXN7L3	ATXN7L3	4	absolute_mean_shift	30	4999	0.17	0.04	0.13	0.1130777535098856	0.0489338086139869	pgaa-cross-platform-dual-gate-v2	pgaa-cross-platform-matched-controls-v2
wessels2023_myeloid_cas13	Human myeloid-cell CRISPR-Cas13	sample_tag_holdout_4_vs_4	ATXN7L3	ATXN7L3	4	welch_abs_t	30	4999	0.09	0.0	0.09	0.0497479910880074	0.0016030397436029	pgaa-cross-platform-dual-gate-v2	pgaa-cross-platform-matched-controls-v2
wessels2023_myeloid_cas13	Human myeloid-cell CRISPR-Cas13	sample_tag_holdout_4_vs_4	RCOR1	RCOR1	0	pgaa_w	26	4999	0.1	0.04	0.06	0.2038344142297847	0.2151962946731003	pgaa-cross-platform-dual-gate-v2	pgaa-cross-platform-matched-controls-v2
wessels2023_myeloid_cas13	Human myeloid-cell CRISPR-Cas13	sample_tag_holdout_4_vs_4	RCOR1	RCOR1	0	pgaa_h	26	4999	0.05	0.01	0.04	0.0446180532181462	0.0555631142970658	pgaa-cross-platform-dual-gate-v2	pgaa-cross-platform-matched-controls-v2
wessels2023_myeloid_cas13	Human myeloid-cell CRISPR-Cas13	sample_tag_holdout_4_vs_4	RCOR1	RCOR1	0	absolute_mean_shift	26	4999	0.09	0.03	0.06	0.0451136149994895	0.033516180358138	pgaa-cross-platform-dual-gate-v2	pgaa-cross-platform-matched-controls-v2
wessels2023_myeloid_cas13	Human myeloid-cell CRISPR-Cas13	sample_tag_holdout_4_vs_4	RCOR1	RCOR1	0	welch_abs_t	26	4999	0.03	0.05	-0.02	-0.0018482323115283	-0.0074946802085507	pgaa-cross-platform-dual-gate-v2	pgaa-cross-platform-matched-controls-v2
wessels2023_myeloid_cas13	Human myeloid-cell CRISPR-Cas13	sample_tag_holdout_4_vs_4	RCOR1	RCOR1	1	pgaa_w	26	4999	0.09	0.05	0.0399999999999999	0.2319644254421112	0.2366828017224093	pgaa-cross-platform-dual-gate-v2	pgaa-cross-platform-matched-controls-v2
wessels2023_myeloid_cas13	Human myeloid-cell CRISPR-Cas13	sample_tag_holdout_4_vs_4	RCOR1	RCOR1	1	pgaa_h	26	4999	0.06	0.02	0.0399999999999999	0.0414501319980983	0.0467735294614203	pgaa-cross-platform-dual-gate-v2	pgaa-cross-platform-matched-controls-v2
wessels2023_myeloid_cas13	Human myeloid-cell CRISPR-Cas13	sample_tag_holdout_4_vs_4	RCOR1	RCOR1	1	absolute_mean_shift	26	4999	0.07	0.03	0.04	0.0844895095286396	0.0671412989920913	pgaa-cross-platform-dual-gate-v2	pgaa-cross-platform-matched-controls-v2
wessels2023_myeloid_cas13	Human myeloid-cell CRISPR-Cas13	sample_tag_holdout_4_vs_4	RCOR1	RCOR1	1	welch_abs_t	26	4999	0.03	0.0	0.03	0.0217660309017809	0.0111013963657077	pgaa-cross-platform-dual-gate-v2	pgaa-cross-platform-matched-controls-v2
wessels2023_myeloid_cas13	Human myeloid-cell CRISPR-Cas13	sample_tag_holdout_4_vs_4	RCOR1	RCOR1	2	pgaa_w	26	4999	0.06	0.06	0.0	0.19723190967125	0.2174501952491339	pgaa-cross-platform-dual-gate-v2	pgaa-cross-platform-matched-controls-v2
wessels2023_myeloid_cas13	Human myeloid-cell CRISPR-Cas13	sample_tag_holdout_4_vs_4	RCOR1	RCOR1	2	pgaa_h	26	4999	0.02	0.03	-0.0099999999999999	0.0392826836189847	0.0469115993241263	pgaa-cross-platform-dual-gate-v2	pgaa-cross-platform-matched-controls-v2
wessels2023_myeloid_cas13	Human myeloid-cell CRISPR-Cas13	sample_tag_holdout_4_vs_4	RCOR1	RCOR1	2	absolute_mean_shift	26	4999	0.05	0.04	0.01	0.0465659304294535	0.0521799906212258	pgaa-cross-platform-dual-gate-v2	pgaa-cross-platform-matched-controls-v2
wessels2023_myeloid_cas13	Human myeloid-cell CRISPR-Cas13	sample_tag_holdout_4_vs_4	RCOR1	RCOR1	2	welch_abs_t	26	4999	0.01	0.01	0.0	-0.0021718252894276	0.0111114915903015	pgaa-cross-platform-dual-gate-v2	pgaa-cross-platform-matched-controls-v2
wessels2023_myeloid_cas13	Human myeloid-cell CRISPR-Cas13	sample_tag_holdout_4_vs_4	RCOR1	RCOR1	3	pgaa_w	26	4999	0.09	0.04	0.0499999999999999	0.2230934108070113	0.1908901086820005	pgaa-cross-platform-dual-gate-v2	pgaa-cross-platform-matched-controls-v2
wessels2023_myeloid_cas13	Human myeloid-cell CRISPR-Cas13	sample_tag_holdout_4_vs_4	RCOR1	RCOR1	3	pgaa_h	26	4999	0.03	0.03	0.0	0.021006847893409	0.0125189108637618	pgaa-cross-platform-dual-gate-v2	pgaa-cross-platform-matched-controls-v2
wessels2023_myeloid_cas13	Human myeloid-cell CRISPR-Cas13	sample_tag_holdout_4_vs_4	RCOR1	RCOR1	3	absolute_mean_shift	26	4999	0.08	0.01	0.07	0.0645572461462067	0.0204848071184697	pgaa-cross-platform-dual-gate-v2	pgaa-cross-platform-matched-controls-v2
wessels2023_myeloid_cas13	Human myeloid-cell CRISPR-Cas13	sample_tag_holdout_4_vs_4	RCOR1	RCOR1	3	welch_abs_t	26	4999	0.04	0.01	0.03	0.0101343022025773	-0.0190754711806707	pgaa-cross-platform-dual-gate-v2	pgaa-cross-platform-matched-controls-v2
wessels2023_myeloid_cas13	Human myeloid-cell CRISPR-Cas13	sample_tag_holdout_4_vs_4	RCOR1	RCOR1	4	pgaa_w	26	4999	0.03	0.04	-0.01	0.199471897933008	0.2048832772556912	pgaa-cross-platform-dual-gate-v2	pgaa-cross-platform-matched-controls-v2
wessels2023_myeloid_cas13	Human myeloid-cell CRISPR-Cas13	sample_tag_holdout_4_vs_4	RCOR1	RCOR1	4	pgaa_h	26	4999	0.04	0.06	-0.0199999999999999	0.0449465391992458	0.0277602098438884	pgaa-cross-platform-dual-gate-v2	pgaa-cross-platform-matched-controls-v2
wessels2023_myeloid_cas13	Human myeloid-cell CRISPR-Cas13	sample_tag_holdout_4_vs_4	RCOR1	RCOR1	4	absolute_mean_shift	26	4999	0.03	0.03	0.0	0.0562873403532774	0.0485862887835331	pgaa-cross-platform-dual-gate-v2	pgaa-cross-platform-matched-controls-v2
wessels2023_myeloid_cas13	Human myeloid-cell CRISPR-Cas13	sample_tag_holdout_4_vs_4	RCOR1	RCOR1	4	welch_abs_t	26	4999	0.05	0.03	0.02	0.0050847302713844	0.0026856576117789	pgaa-cross-platform-dual-gate-v2	pgaa-cross-platform-matched-controls-v2
wessels2023_myeloid_cas13	Human myeloid-cell CRISPR-Cas13	sample_tag_holdout_4_vs_4	MED19	MED19	0	pgaa_w	23	4999	0.24	0.11	0.13	0.2618937442230343	0.1830831237075747	pgaa-cross-platform-dual-gate-v2	pgaa-cross-platform-matched-controls-v2
wessels2023_myeloid_cas13	Human myeloid-cell CRISPR-Cas13	sample_tag_holdout_4_vs_4	MED19	MED19	0	pgaa_h	23	4999	0.06	0.06	0.0	0.0306865062170367	0.0335482680098359	pgaa-cross-platform-dual-gate-v2	pgaa-cross-platform-matched-controls-v2
wessels2023_myeloid_cas13	Human myeloid-cell CRISPR-Cas13	sample_tag_holdout_4_vs_4	MED19	MED19	0	absolute_mean_shift	23	4999	0.22	0.08	0.14	0.1211896915306516	0.0490241109950212	pgaa-cross-platform-dual-gate-v2	pgaa-cross-platform-matched-controls-v2
wessels2023_myeloid_cas13	Human myeloid-cell CRISPR-Cas13	sample_tag_holdout_4_vs_4	MED19	MED19	0	welch_abs_t	23	4999	0.13	0.01	0.12	0.0596044920402953	-0.0146689856101993	pgaa-cross-platform-dual-gate-v2	pgaa-cross-platform-matched-controls-v2
wessels2023_myeloid_cas13	Human myeloid-cell CRISPR-Cas13	sample_tag_holdout_4_vs_4	MED19	MED19	1	pgaa_w	23	4999	0.29	0.06	0.2299999999999999	0.2713910563145043	0.205286618524185	pgaa-cross-platform-dual-gate-v2	pgaa-cross-platform-matched-controls-v2
wessels2023_myeloid_cas13	Human myeloid-cell CRISPR-Cas13	sample_tag_holdout_4_vs_4	MED19	MED19	1	pgaa_h	23	4999	0.01	0.01	0.0	0.0344805030968579	0.0581828588540614	pgaa-cross-platform-dual-gate-v2	pgaa-cross-platform-matched-controls-v2
wessels2023_myeloid_cas13	Human myeloid-cell CRISPR-Cas13	sample_tag_holdout_4_vs_4	MED19	MED19	1	absolute_mean_shift	23	4999	0.32	0.05	0.27	0.1431602801335652	0.0431078877480178	pgaa-cross-platform-dual-gate-v2	pgaa-cross-platform-matched-controls-v2
wessels2023_myeloid_cas13	Human myeloid-cell CRISPR-Cas13	sample_tag_holdout_4_vs_4	MED19	MED19	1	welch_abs_t	23	4999	0.22	0.03	0.19	0.0856451660601337	-0.0039626294526612	pgaa-cross-platform-dual-gate-v2	pgaa-cross-platform-matched-controls-v2
wessels2023_myeloid_cas13	Human myeloid-cell CRISPR-Cas13	sample_tag_holdout_4_vs_4	MED19	MED19	2	pgaa_w	23	4999	0.26	0.01	0.25	0.2676391004491415	0.1984963181351756	pgaa-cross-platform-dual-gate-v2	pgaa-cross-platform-matched-controls-v2
wessels2023_myeloid_cas13	Human myeloid-cell CRISPR-Cas13	sample_tag_holdout_4_vs_4	MED19	MED19	2	pgaa_h	23	4999	0.05	0.03	0.02	0.040654218235558	0.0378207828361917	pgaa-cross-platform-dual-gate-v2	pgaa-cross-platform-matched-controls-v2
wessels2023_myeloid_cas13	Human myeloid-cell CRISPR-Cas13	sample_tag_holdout_4_vs_4	MED19	MED19	2	absolute_mean_shift	23	4999	0.27	0.02	0.25	0.1022340357651898	0.0561535985481887	pgaa-cross-platform-dual-gate-v2	pgaa-cross-platform-matched-controls-v2
wessels2023_myeloid_cas13	Human myeloid-cell CRISPR-Cas13	sample_tag_holdout_4_vs_4	MED19	MED19	2	welch_abs_t	23	4999	0.13	0.02	0.11	0.0295098970814571	0.0189738435091087	pgaa-cross-platform-dual-gate-v2	pgaa-cross-platform-matched-controls-v2
wessels2023_myeloid_cas13	Human myeloid-cell CRISPR-Cas13	sample_tag_holdout_4_vs_4	MED19	MED19	3	pgaa_w	23	4999	0.33	0.04	0.29	0.2864407136409275	0.2048749731699041	pgaa-cross-platform-dual-gate-v2	pgaa-cross-platform-matched-controls-v2
wessels2023_myeloid_cas13	Human myeloid-cell CRISPR-Cas13	sample_tag_holdout_4_vs_4	MED19	MED19	3	pgaa_h	23	4999	0.08	0.04	0.04	0.0426244236577969	0.0217317295444691	pgaa-cross-platform-dual-gate-v2	pgaa-cross-platform-matched-controls-v2
wessels2023_myeloid_cas13	Human myeloid-cell CRISPR-Cas13	sample_tag_holdout_4_vs_4	MED19	MED19	3	absolute_mean_shift	23	4999	0.28	0.03	0.25	0.1301128932629263	0.0480768564288626	pgaa-cross-platform-dual-gate-v2	pgaa-cross-platform-matched-controls-v2
wessels2023_myeloid_cas13	Human myeloid-cell CRISPR-Cas13	sample_tag_holdout_4_vs_4	MED19	MED19	3	welch_abs_t	23	4999	0.14	0.02	0.12	0.0607647875342542	0.0055461270888293	pgaa-cross-platform-dual-gate-v2	pgaa-cross-platform-matched-controls-v2
wessels2023_myeloid_cas13	Human myeloid-cell CRISPR-Cas13	sample_tag_holdout_4_vs_4	MED19	MED19	4	pgaa_w	23	4999	0.34	0.11	0.23	0.2866863273254891	0.1902620842055566	pgaa-cross-platform-dual-gate-v2	pgaa-cross-platform-matched-controls-v2
wessels2023_myeloid_cas13	Human myeloid-cell CRISPR-Cas13	sample_tag_holdout_4_vs_4	MED19	MED19	4	pgaa_h	23	4999	0.02	0.03	-0.0099999999999999	0.0493814624101815	0.0601493436664264	pgaa-cross-platform-dual-gate-v2	pgaa-cross-platform-matched-controls-v2
wessels2023_myeloid_cas13	Human myeloid-cell CRISPR-Cas13	sample_tag_holdout_4_vs_4	MED19	MED19	4	absolute_mean_shift	23	4999	0.32	0.1	0.22	0.1504372334731052	0.0429864976617405	pgaa-cross-platform-dual-gate-v2	pgaa-cross-platform-matched-controls-v2
wessels2023_myeloid_cas13	Human myeloid-cell CRISPR-Cas13	sample_tag_holdout_4_vs_4	MED19	MED19	4	welch_abs_t	23	4999	0.18	0.01	0.1699999999999999	0.0791924064562825	-0.0084842682822278	pgaa-cross-platform-dual-gate-v2	pgaa-cross-platform-matched-controls-v2
liang2023_liver_organoid_crispr	Mouse liver organoid CRISPR-Cas9	recorded_sample_holdout_4_vs_5	Arid3a	Arid3a	0	pgaa_w	70	4999	0.49	0.15	0.3399999999999999	0.4462112177537549	0.2897184720977809	pgaa-cross-platform-dual-gate-v2	pgaa-cross-platform-matched-controls-v2
liang2023_liver_organoid_crispr	Mouse liver organoid CRISPR-Cas9	recorded_sample_holdout_4_vs_5	Arid3a	Arid3a	0	pgaa_h	70	4999	0.04	0.01	0.03	0.0919799761617724	0.1026850783375653	pgaa-cross-platform-dual-gate-v2	pgaa-cross-platform-matched-controls-v2
liang2023_liver_organoid_crispr	Mouse liver organoid CRISPR-Cas9	recorded_sample_holdout_4_vs_5	Arid3a	Arid3a	0	absolute_mean_shift	70	4999	0.47	0.08	0.3899999999999999	0.3154551340089911	0.0777124240326162	pgaa-cross-platform-dual-gate-v2	pgaa-cross-platform-matched-controls-v2
liang2023_liver_organoid_crispr	Mouse liver organoid CRISPR-Cas9	recorded_sample_holdout_4_vs_5	Arid3a	Arid3a	0	welch_abs_t	70	4999	0.1	0.05	0.05	0.1952469779430075	0.0220242544547324	pgaa-cross-platform-dual-gate-v2	pgaa-cross-platform-matched-controls-v2
liang2023_liver_organoid_crispr	Mouse liver organoid CRISPR-Cas9	recorded_sample_holdout_4_vs_5	Arid3a	Arid3a	1	pgaa_w	70	4999	0.46	0.3	0.16	0.4361406222765835	0.3208196142950079	pgaa-cross-platform-dual-gate-v2	pgaa-cross-platform-matched-controls-v2
liang2023_liver_organoid_crispr	Mouse liver organoid CRISPR-Cas9	recorded_sample_holdout_4_vs_5	Arid3a	Arid3a	1	pgaa_h	70	4999	0.05	0.04	0.01	0.1087373162556059	0.0948873398690693	pgaa-cross-platform-dual-gate-v2	pgaa-cross-platform-matched-controls-v2
liang2023_liver_organoid_crispr	Mouse liver organoid CRISPR-Cas9	recorded_sample_holdout_4_vs_5	Arid3a	Arid3a	1	absolute_mean_shift	70	4999	0.41	0.28	0.1299999999999999	0.2915334085034197	0.1347806702632864	pgaa-cross-platform-dual-gate-v2	pgaa-cross-platform-matched-controls-v2
liang2023_liver_organoid_crispr	Mouse liver organoid CRISPR-Cas9	recorded_sample_holdout_4_vs_5	Arid3a	Arid3a	1	welch_abs_t	70	4999	0.08	0.02	0.06	0.1647141793344194	0.0317702253063282	pgaa-cross-platform-dual-gate-v2	pgaa-cross-platform-matched-controls-v2
liang2023_liver_organoid_crispr	Mouse liver organoid CRISPR-Cas9	recorded_sample_holdout_4_vs_5	Arid3a	Arid3a	2	pgaa_w	70	4999	0.48	0.18	0.3	0.3924162079955007	0.2994934635426485	pgaa-cross-platform-dual-gate-v2	pgaa-cross-platform-matched-controls-v2
liang2023_liver_organoid_crispr	Mouse liver organoid CRISPR-Cas9	recorded_sample_holdout_4_vs_5	Arid3a	Arid3a	2	pgaa_h	70	4999	0.05	0.01	0.04	0.0991659729790481	0.0919497316953686	pgaa-cross-platform-dual-gate-v2	pgaa-cross-platform-matched-controls-v2
liang2023_liver_organoid_crispr	Mouse liver organoid CRISPR-Cas9	recorded_sample_holdout_4_vs_5	Arid3a	Arid3a	2	absolute_mean_shift	70	4999	0.46	0.09	0.37	0.2527113856748846	0.063152849692197	pgaa-cross-platform-dual-gate-v2	pgaa-cross-platform-matched-controls-v2
liang2023_liver_organoid_crispr	Mouse liver organoid CRISPR-Cas9	recorded_sample_holdout_4_vs_5	Arid3a	Arid3a	2	welch_abs_t	70	4999	0.08	0.0	0.08	0.1301223564792219	-0.0272276218509007	pgaa-cross-platform-dual-gate-v2	pgaa-cross-platform-matched-controls-v2
liang2023_liver_organoid_crispr	Mouse liver organoid CRISPR-Cas9	recorded_sample_holdout_4_vs_5	Arid3a	Arid3a	3	pgaa_w	70	4999	0.32	0.12	0.2	0.3352512787311364	0.3025080850023546	pgaa-cross-platform-dual-gate-v2	pgaa-cross-platform-matched-controls-v2
liang2023_liver_organoid_crispr	Mouse liver organoid CRISPR-Cas9	recorded_sample_holdout_4_vs_5	Arid3a	Arid3a	3	pgaa_h	70	4999	0.03	0.02	0.0099999999999999	0.0738826108488362	0.0761704444512385	pgaa-cross-platform-dual-gate-v2	pgaa-cross-platform-matched-controls-v2
liang2023_liver_organoid_crispr	Mouse liver organoid CRISPR-Cas9	recorded_sample_holdout_4_vs_5	Arid3a	Arid3a	3	absolute_mean_shift	70	4999	0.24	0.09	0.15	0.1308937216140365	0.0505886521902926	pgaa-cross-platform-dual-gate-v2	pgaa-cross-platform-matched-controls-v2
liang2023_liver_organoid_crispr	Mouse liver organoid CRISPR-Cas9	recorded_sample_holdout_4_vs_5	Arid3a	Arid3a	3	welch_abs_t	70	4999	0.01	0.03	-0.0199999999999999	0.0127281823234449	-0.0172664580939541	pgaa-cross-platform-dual-gate-v2	pgaa-cross-platform-matched-controls-v2
liang2023_liver_organoid_crispr	Mouse liver organoid CRISPR-Cas9	recorded_sample_holdout_4_vs_5	Arid3a	Arid3a	4	pgaa_w	70	4999	0.26	0.25	0.01	0.3286601187704528	0.296818841127169	pgaa-cross-platform-dual-gate-v2	pgaa-cross-platform-matched-controls-v2
liang2023_liver_organoid_crispr	Mouse liver organoid CRISPR-Cas9	recorded_sample_holdout_4_vs_5	Arid3a	Arid3a	4	pgaa_h	70	4999	0.07	0.04	0.03	0.1149830358634735	0.1106172301592349	pgaa-cross-platform-dual-gate-v2	pgaa-cross-platform-matched-controls-v2
liang2023_liver_organoid_crispr	Mouse liver organoid CRISPR-Cas9	recorded_sample_holdout_4_vs_5	Arid3a	Arid3a	4	absolute_mean_shift	70	4999	0.21	0.13	0.0799999999999999	0.1121013756226443	0.0525003232199862	pgaa-cross-platform-dual-gate-v2	pgaa-cross-platform-matched-controls-v2
liang2023_liver_organoid_crispr	Mouse liver organoid CRISPR-Cas9	recorded_sample_holdout_4_vs_5	Arid3a	Arid3a	4	welch_abs_t	70	4999	0.06	0.03	0.03	0.007895136578336	0.0031975402523481	pgaa-cross-platform-dual-gate-v2	pgaa-cross-platform-matched-controls-v2
liang2023_liver_organoid_crispr	Mouse liver organoid CRISPR-Cas9	recorded_sample_holdout_4_vs_5	Batf3	Batf3	0	pgaa_w	70	4999	0.19	0.15	0.04	0.3325264726014237	0.2954892678077266	pgaa-cross-platform-dual-gate-v2	pgaa-cross-platform-matched-controls-v2
liang2023_liver_organoid_crispr	Mouse liver organoid CRISPR-Cas9	recorded_sample_holdout_4_vs_5	Batf3	Batf3	0	pgaa_h	70	4999	0.04	0.04	0.0	0.0983214110234951	0.094692030079829	pgaa-cross-platform-dual-gate-v2	pgaa-cross-platform-matched-controls-v2
liang2023_liver_organoid_crispr	Mouse liver organoid CRISPR-Cas9	recorded_sample_holdout_4_vs_5	Batf3	Batf3	0	absolute_mean_shift	70	4999	0.12	0.09	0.03	0.0928726802877319	0.0595155704964792	pgaa-cross-platform-dual-gate-v2	pgaa-cross-platform-matched-controls-v2
liang2023_liver_organoid_crispr	Mouse liver organoid CRISPR-Cas9	recorded_sample_holdout_4_vs_5	Batf3	Batf3	0	welch_abs_t	70	4999	0.01	0.01	0.0	0.0173615932322619	-0.009112487708282	pgaa-cross-platform-dual-gate-v2	pgaa-cross-platform-matched-controls-v2
liang2023_liver_organoid_crispr	Mouse liver organoid CRISPR-Cas9	recorded_sample_holdout_4_vs_5	Batf3	Batf3	1	pgaa_w	70	4999	0.23	0.13	0.1	0.3065820969235864	0.2788931811812543	pgaa-cross-platform-dual-gate-v2	pgaa-cross-platform-matched-controls-v2
liang2023_liver_organoid_crispr	Mouse liver organoid CRISPR-Cas9	recorded_sample_holdout_4_vs_5	Batf3	Batf3	1	pgaa_h	70	4999	0.06	0.02	0.0399999999999999	0.0975151609308841	0.1076001810822609	pgaa-cross-platform-dual-gate-v2	pgaa-cross-platform-matched-controls-v2
liang2023_liver_organoid_crispr	Mouse liver organoid CRISPR-Cas9	recorded_sample_holdout_4_vs_5	Batf3	Batf3	1	absolute_mean_shift	70	4999	0.19	0.09	0.1	0.0785971323973268	0.0561453758366943	pgaa-cross-platform-dual-gate-v2	pgaa-cross-platform-matched-controls-v2
liang2023_liver_organoid_crispr	Mouse liver organoid CRISPR-Cas9	recorded_sample_holdout_4_vs_5	Batf3	Batf3	1	welch_abs_t	70	4999	0.05	0.04	0.01	0.0195696754721789	0.003534187654027	pgaa-cross-platform-dual-gate-v2	pgaa-cross-platform-matched-controls-v2
liang2023_liver_organoid_crispr	Mouse liver organoid CRISPR-Cas9	recorded_sample_holdout_4_vs_5	Batf3	Batf3	2	pgaa_w	70	4999	0.08	0.12	-0.0399999999999999	0.2834906461792596	0.2891300704937688	pgaa-cross-platform-dual-gate-v2	pgaa-cross-platform-matched-controls-v2
liang2023_liver_organoid_crispr	Mouse liver organoid CRISPR-Cas9	recorded_sample_holdout_4_vs_5	Batf3	Batf3	2	pgaa_h	70	4999	0.01	0.02	-0.01	0.1161449174435306	0.0855536157136652	pgaa-cross-platform-dual-gate-v2	pgaa-cross-platform-matched-controls-v2
liang2023_liver_organoid_crispr	Mouse liver organoid CRISPR-Cas9	recorded_sample_holdout_4_vs_5	Batf3	Batf3	2	absolute_mean_shift	70	4999	0.05	0.06	-0.0099999999999999	0.0594420486060795	0.0739474858325743	pgaa-cross-platform-dual-gate-v2	pgaa-cross-platform-matched-controls-v2
liang2023_liver_organoid_crispr	Mouse liver organoid CRISPR-Cas9	recorded_sample_holdout_4_vs_5	Batf3	Batf3	2	welch_abs_t	70	4999	0.01	0.01	0.0	-0.0043737040329433	0.013127299698265	pgaa-cross-platform-dual-gate-v2	pgaa-cross-platform-matched-controls-v2
liang2023_liver_organoid_crispr	Mouse liver organoid CRISPR-Cas9	recorded_sample_holdout_4_vs_5	Batf3	Batf3	3	pgaa_w	70	4999	0.24	0.26	-0.02	0.3478759548872049	0.3210144615872041	pgaa-cross-platform-dual-gate-v2	pgaa-cross-platform-matched-controls-v2
liang2023_liver_organoid_crispr	Mouse liver organoid CRISPR-Cas9	recorded_sample_holdout_4_vs_5	Batf3	Batf3	3	pgaa_h	70	4999	0.01	0.02	-0.01	0.0941100970867034	0.0906131198039718	pgaa-cross-platform-dual-gate-v2	pgaa-cross-platform-matched-controls-v2
liang2023_liver_organoid_crispr	Mouse liver organoid CRISPR-Cas9	recorded_sample_holdout_4_vs_5	Batf3	Batf3	3	absolute_mean_shift	70	4999	0.17	0.17	0.0	0.1194224999707809	0.1056125473076584	pgaa-cross-platform-dual-gate-v2	pgaa-cross-platform-matched-controls-v2
liang2023_liver_organoid_crispr	Mouse liver organoid CRISPR-Cas9	recorded_sample_holdout_4_vs_5	Batf3	Batf3	3	welch_abs_t	70	4999	0.03	0.0	0.03	0.027575085870177	0.0084504038867053	pgaa-cross-platform-dual-gate-v2	pgaa-cross-platform-matched-controls-v2
liang2023_liver_organoid_crispr	Mouse liver organoid CRISPR-Cas9	recorded_sample_holdout_4_vs_5	Batf3	Batf3	4	pgaa_w	70	4999	0.24	0.15	0.09	0.3178020209083834	0.3068215427146327	pgaa-cross-platform-dual-gate-v2	pgaa-cross-platform-matched-controls-v2
liang2023_liver_organoid_crispr	Mouse liver organoid CRISPR-Cas9	recorded_sample_holdout_4_vs_5	Batf3	Batf3	4	pgaa_h	70	4999	0.03	0.03	0.0	0.098095203361028	0.0860132162531157	pgaa-cross-platform-dual-gate-v2	pgaa-cross-platform-matched-controls-v2
liang2023_liver_organoid_crispr	Mouse liver organoid CRISPR-Cas9	recorded_sample_holdout_4_vs_5	Batf3	Batf3	4	absolute_mean_shift	70	4999	0.15	0.13	0.0199999999999999	0.1016697444797487	0.0666258091105947	pgaa-cross-platform-dual-gate-v2	pgaa-cross-platform-matched-controls-v2
liang2023_liver_organoid_crispr	Mouse liver organoid CRISPR-Cas9	recorded_sample_holdout_4_vs_5	Batf3	Batf3	4	welch_abs_t	70	4999	0.04	0.04	0.0	0.0223395041553328	-0.0135009504194717	pgaa-cross-platform-dual-gate-v2	pgaa-cross-platform-matched-controls-v2
liang2023_liver_organoid_crispr	Mouse liver organoid CRISPR-Cas9	recorded_sample_holdout_4_vs_5	Cebpd	Cebpd	0	pgaa_w	70	4999	0.18	0.1	0.0799999999999999	0.2955128046568621	0.2762632651032613	pgaa-cross-platform-dual-gate-v2	pgaa-cross-platform-matched-controls-v2
liang2023_liver_organoid_crispr	Mouse liver organoid CRISPR-Cas9	recorded_sample_holdout_4_vs_5	Cebpd	Cebpd	0	pgaa_h	70	4999	0.02	0.04	-0.02	0.1093576055455714	0.1012487187930288	pgaa-cross-platform-dual-gate-v2	pgaa-cross-platform-matched-controls-v2
liang2023_liver_organoid_crispr	Mouse liver organoid CRISPR-Cas9	recorded_sample_holdout_4_vs_5	Cebpd	Cebpd	0	absolute_mean_shift	70	4999	0.14	0.06	0.08	0.0765319955781343	0.0466879958543165	pgaa-cross-platform-dual-gate-v2	pgaa-cross-platform-matched-controls-v2
liang2023_liver_organoid_crispr	Mouse liver organoid CRISPR-Cas9	recorded_sample_holdout_4_vs_5	Cebpd	Cebpd	0	welch_abs_t	70	4999	0.02	0.02	0.0	-0.0129206807994453	-0.0158093685971676	pgaa-cross-platform-dual-gate-v2	pgaa-cross-platform-matched-controls-v2
liang2023_liver_organoid_crispr	Mouse liver organoid CRISPR-Cas9	recorded_sample_holdout_4_vs_5	Cebpd	Cebpd	1	pgaa_w	70	4999	0.13	0.17	-0.04	0.3090941409964848	0.3068806196920959	pgaa-cross-platform-dual-gate-v2	pgaa-cross-platform-matched-controls-v2
liang2023_liver_organoid_crispr	Mouse liver organoid CRISPR-Cas9	recorded_sample_holdout_4_vs_5	Cebpd	Cebpd	1	pgaa_h	70	4999	0.06	0.04	0.0199999999999999	0.092316580275496	0.1013667774360813	pgaa-cross-platform-dual-gate-v2	pgaa-cross-platform-matched-controls-v2
liang2023_liver_organoid_crispr	Mouse liver organoid CRISPR-Cas9	recorded_sample_holdout_4_vs_5	Cebpd	Cebpd	1	absolute_mean_shift	70	4999	0.1	0.11	-0.0099999999999999	0.0514491211881918	0.0496690369621908	pgaa-cross-platform-dual-gate-v2	pgaa-cross-platform-matched-controls-v2
liang2023_liver_organoid_crispr	Mouse liver organoid CRISPR-Cas9	recorded_sample_holdout_4_vs_5	Cebpd	Cebpd	1	welch_abs_t	70	4999	0.01	0.03	-0.0199999999999999	-0.0168214015916465	-0.00836667736969	pgaa-cross-platform-dual-gate-v2	pgaa-cross-platform-matched-controls-v2
liang2023_liver_organoid_crispr	Mouse liver organoid CRISPR-Cas9	recorded_sample_holdout_4_vs_5	Cebpd	Cebpd	2	pgaa_w	70	4999	0.2	0.12	0.08	0.3011073395063432	0.2915902924232287	pgaa-cross-platform-dual-gate-v2	pgaa-cross-platform-matched-controls-v2
liang2023_liver_organoid_crispr	Mouse liver organoid CRISPR-Cas9	recorded_sample_holdout_4_vs_5	Cebpd	Cebpd	2	pgaa_h	70	4999	0.0	0.02	-0.02	0.0905769112745527	0.1046449515578136	pgaa-cross-platform-dual-gate-v2	pgaa-cross-platform-matched-controls-v2
liang2023_liver_organoid_crispr	Mouse liver organoid CRISPR-Cas9	recorded_sample_holdout_4_vs_5	Cebpd	Cebpd	2	absolute_mean_shift	70	4999	0.13	0.08	0.05	0.070960680213492	0.0658745613275746	pgaa-cross-platform-dual-gate-v2	pgaa-cross-platform-matched-controls-v2
liang2023_liver_organoid_crispr	Mouse liver organoid CRISPR-Cas9	recorded_sample_holdout_4_vs_5	Cebpd	Cebpd	2	welch_abs_t	70	4999	0.03	0.03	0.0	0.0096885081700539	0.0168983273257459	pgaa-cross-platform-dual-gate-v2	pgaa-cross-platform-matched-controls-v2
liang2023_liver_organoid_crispr	Mouse liver organoid CRISPR-Cas9	recorded_sample_holdout_4_vs_5	Cebpd	Cebpd	3	pgaa_w	70	4999	0.26	0.15	0.11	0.3235762405937886	0.2926433843451832	pgaa-cross-platform-dual-gate-v2	pgaa-cross-platform-matched-controls-v2
liang2023_liver_organoid_crispr	Mouse liver organoid CRISPR-Cas9	recorded_sample_holdout_4_vs_5	Cebpd	Cebpd	3	pgaa_h	70	4999	0.04	0.04	0.0	0.1084473289058201	0.0789231610229693	pgaa-cross-platform-dual-gate-v2	pgaa-cross-platform-matched-controls-v2
liang2023_liver_organoid_crispr	Mouse liver organoid CRISPR-Cas9	recorded_sample_holdout_4_vs_5	Cebpd	Cebpd	3	absolute_mean_shift	70	4999	0.23	0.1	0.13	0.0812032607858527	0.0822660784896025	pgaa-cross-platform-dual-gate-v2	pgaa-cross-platform-matched-controls-v2
liang2023_liver_organoid_crispr	Mouse liver organoid CRISPR-Cas9	recorded_sample_holdout_4_vs_5	Cebpd	Cebpd	3	welch_abs_t	70	4999	0.03	0.01	0.0199999999999999	0.0091400110998977	0.0310918464627685	pgaa-cross-platform-dual-gate-v2	pgaa-cross-platform-matched-controls-v2
liang2023_liver_organoid_crispr	Mouse liver organoid CRISPR-Cas9	recorded_sample_holdout_4_vs_5	Cebpd	Cebpd	4	pgaa_w	70	4999	0.18	0.09	0.09	0.3045581956800617	0.2889987714368323	pgaa-cross-platform-dual-gate-v2	pgaa-cross-platform-matched-controls-v2
liang2023_liver_organoid_crispr	Mouse liver organoid CRISPR-Cas9	recorded_sample_holdout_4_vs_5	Cebpd	Cebpd	4	pgaa_h	70	4999	0.04	0.01	0.03	0.0896529073949279	0.0792334403760706	pgaa-cross-platform-dual-gate-v2	pgaa-cross-platform-matched-controls-v2
liang2023_liver_organoid_crispr	Mouse liver organoid CRISPR-Cas9	recorded_sample_holdout_4_vs_5	Cebpd	Cebpd	4	absolute_mean_shift	70	4999	0.09	0.07	0.0199999999999999	0.0602430771897593	0.0564930268247877	pgaa-cross-platform-dual-gate-v2	pgaa-cross-platform-matched-controls-v2
liang2023_liver_organoid_crispr	Mouse liver organoid CRISPR-Cas9	recorded_sample_holdout_4_vs_5	Cebpd	Cebpd	4	welch_abs_t	70	4999	0.02	0.02	0.0	-0.0004184455618715	0.0020454950534906	pgaa-cross-platform-dual-gate-v2	pgaa-cross-platform-matched-controls-v2
liang2023_liver_organoid_crispr	Mouse liver organoid CRISPR-Cas9	recorded_sample_holdout_4_vs_5	Cebpe	Cebpe	0	pgaa_w	70	5000	0.22	0.19	0.03	0.2931178837227851	0.2935860542375343	pgaa-cross-platform-dual-gate-v2	pgaa-cross-platform-matched-controls-v2
liang2023_liver_organoid_crispr	Mouse liver organoid CRISPR-Cas9	recorded_sample_holdout_4_vs_5	Cebpe	Cebpe	0	pgaa_h	70	5000	0.06	0.04	0.0199999999999999	0.0981170701951988	0.0748612366563689	pgaa-cross-platform-dual-gate-v2	pgaa-cross-platform-matched-controls-v2
liang2023_liver_organoid_crispr	Mouse liver organoid CRISPR-Cas9	recorded_sample_holdout_4_vs_5	Cebpe	Cebpe	0	absolute_mean_shift	70	5000	0.17	0.1	0.07	0.0826847437072652	0.0651620537549932	pgaa-cross-platform-dual-gate-v2	pgaa-cross-platform-matched-controls-v2
liang2023_liver_organoid_crispr	Mouse liver organoid CRISPR-Cas9	recorded_sample_holdout_4_vs_5	Cebpe	Cebpe	0	welch_abs_t	70	5000	0.06	0.0	0.06	0.0179403117104736	-0.0004513502100756	pgaa-cross-platform-dual-gate-v2	pgaa-cross-platform-matched-controls-v2
liang2023_liver_organoid_crispr	Mouse liver organoid CRISPR-Cas9	recorded_sample_holdout_4_vs_5	Cebpe	Cebpe	1	pgaa_w	70	5000	0.27	0.17	0.1	0.3072454405125654	0.3173982303675468	pgaa-cross-platform-dual-gate-v2	pgaa-cross-platform-matched-controls-v2
liang2023_liver_organoid_crispr	Mouse liver organoid CRISPR-Cas9	recorded_sample_holdout_4_vs_5	Cebpe	Cebpe	1	pgaa_h	70	5000	0.05	0.04	0.01	0.076625408596441	0.1061207586741901	pgaa-cross-platform-dual-gate-v2	pgaa-cross-platform-matched-controls-v2
liang2023_liver_organoid_crispr	Mouse liver organoid CRISPR-Cas9	recorded_sample_holdout_4_vs_5	Cebpe	Cebpe	1	absolute_mean_shift	70	5000	0.24	0.09	0.15	0.0990874177810091	0.1043633250475802	pgaa-cross-platform-dual-gate-v2	pgaa-cross-platform-matched-controls-v2
liang2023_liver_organoid_crispr	Mouse liver organoid CRISPR-Cas9	recorded_sample_holdout_4_vs_5	Cebpe	Cebpe	1	welch_abs_t	70	5000	0.01	0.03	-0.0199999999999999	0.0214386973865769	0.0199933823842151	pgaa-cross-platform-dual-gate-v2	pgaa-cross-platform-matched-controls-v2
liang2023_liver_organoid_crispr	Mouse liver organoid CRISPR-Cas9	recorded_sample_holdout_4_vs_5	Cebpe	Cebpe	2	pgaa_w	70	5000	0.25	0.21	0.04	0.3185210935004882	0.2827122254204889	pgaa-cross-platform-dual-gate-v2	pgaa-cross-platform-matched-controls-v2
liang2023_liver_organoid_crispr	Mouse liver organoid CRISPR-Cas9	recorded_sample_holdout_4_vs_5	Cebpe	Cebpe	2	pgaa_h	70	5000	0.07	0.04	0.03	0.0792739036727265	0.105829643336412	pgaa-cross-platform-dual-gate-v2	pgaa-cross-platform-matched-controls-v2
liang2023_liver_organoid_crispr	Mouse liver organoid CRISPR-Cas9	recorded_sample_holdout_4_vs_5	Cebpe	Cebpe	2	absolute_mean_shift	70	5000	0.18	0.12	0.06	0.090155603006879	0.0408662038625713	pgaa-cross-platform-dual-gate-v2	pgaa-cross-platform-matched-controls-v2
liang2023_liver_organoid_crispr	Mouse liver organoid CRISPR-Cas9	recorded_sample_holdout_4_vs_5	Cebpe	Cebpe	2	welch_abs_t	70	5000	0.02	0.02	0.0	0.0241028755726934	-0.0265372625347642	pgaa-cross-platform-dual-gate-v2	pgaa-cross-platform-matched-controls-v2
liang2023_liver_organoid_crispr	Mouse liver organoid CRISPR-Cas9	recorded_sample_holdout_4_vs_5	Cebpe	Cebpe	3	pgaa_w	70	5000	0.14	0.18	-0.0399999999999999	0.3087603479332345	0.3247674936864941	pgaa-cross-platform-dual-gate-v2	pgaa-cross-platform-matched-controls-v2
liang2023_liver_organoid_crispr	Mouse liver organoid CRISPR-Cas9	recorded_sample_holdout_4_vs_5	Cebpe	Cebpe	3	pgaa_h	70	5000	0.02	0.04	-0.02	0.0889610145132809	0.1010961016640952	pgaa-cross-platform-dual-gate-v2	pgaa-cross-platform-matched-controls-v2
liang2023_liver_organoid_crispr	Mouse liver organoid CRISPR-Cas9	recorded_sample_holdout_4_vs_5	Cebpe	Cebpe	3	absolute_mean_shift	70	5000	0.12	0.09	0.03	0.0676538320200138	0.1036639951460236	pgaa-cross-platform-dual-gate-v2	pgaa-cross-platform-matched-controls-v2
liang2023_liver_organoid_crispr	Mouse liver organoid CRISPR-Cas9	recorded_sample_holdout_4_vs_5	Cebpe	Cebpe	3	welch_abs_t	70	5000	0.04	0.03	0.01	-0.0074942952601315	0.0091127932607304	pgaa-cross-platform-dual-gate-v2	pgaa-cross-platform-matched-controls-v2
liang2023_liver_organoid_crispr	Mouse liver organoid CRISPR-Cas9	recorded_sample_holdout_4_vs_5	Cebpe	Cebpe	4	pgaa_w	70	5000	0.16	0.14	0.0199999999999999	0.3080351650303708	0.2971174565852215	pgaa-cross-platform-dual-gate-v2	pgaa-cross-platform-matched-controls-v2
liang2023_liver_organoid_crispr	Mouse liver organoid CRISPR-Cas9	recorded_sample_holdout_4_vs_5	Cebpe	Cebpe	4	pgaa_h	70	5000	0.03	0.02	0.0099999999999999	0.0705330119171351	0.0930368811176745	pgaa-cross-platform-dual-gate-v2	pgaa-cross-platform-matched-controls-v2
liang2023_liver_organoid_crispr	Mouse liver organoid CRISPR-Cas9	recorded_sample_holdout_4_vs_5	Cebpe	Cebpe	4	absolute_mean_shift	70	5000	0.12	0.07	0.0499999999999999	0.0910396244816194	0.079246587997275	pgaa-cross-platform-dual-gate-v2	pgaa-cross-platform-matched-controls-v2
liang2023_liver_organoid_crispr	Mouse liver organoid CRISPR-Cas9	recorded_sample_holdout_4_vs_5	Cebpe	Cebpe	4	welch_abs_t	70	5000	0.01	0.05	-0.04	-0.0090801608445139	0.0293457976566491	pgaa-cross-platform-dual-gate-v2	pgaa-cross-platform-matched-controls-v2
liang2023_liver_organoid_crispr	Mouse liver organoid CRISPR-Cas9	recorded_sample_holdout_4_vs_5	Cenpu	Cenpu	0	pgaa_w	70	4999	0.22	0.09	0.13	0.3123388462161181	0.31004149781481	pgaa-cross-platform-dual-gate-v2	pgaa-cross-platform-matched-controls-v2
liang2023_liver_organoid_crispr	Mouse liver organoid CRISPR-Cas9	recorded_sample_holdout_4_vs_5	Cenpu	Cenpu	0	pgaa_h	70	4999	0.03	0.02	0.0099999999999999	0.0848144035077493	0.0820951088047919	pgaa-cross-platform-dual-gate-v2	pgaa-cross-platform-matched-controls-v2
liang2023_liver_organoid_crispr	Mouse liver organoid CRISPR-Cas9	recorded_sample_holdout_4_vs_5	Cenpu	Cenpu	0	absolute_mean_shift	70	4999	0.13	0.11	0.02	0.0751545207553063	0.0677240916708274	pgaa-cross-platform-dual-gate-v2	pgaa-cross-platform-matched-controls-v2
liang2023_liver_organoid_crispr	Mouse liver organoid CRISPR-Cas9	recorded_sample_holdout_4_vs_5	Cenpu	Cenpu	0	welch_abs_t	70	4999	0.0	0.03	-0.03	0.0071063676362428	-0.009336200541653	pgaa-cross-platform-dual-gate-v2	pgaa-cross-platform-matched-controls-v2
liang2023_liver_organoid_crispr	Mouse liver organoid CRISPR-Cas9	recorded_sample_holdout_4_vs_5	Cenpu	Cenpu	1	pgaa_w	70	4999	0.25	0.17	0.0799999999999999	0.291633240200457	0.2989794069810116	pgaa-cross-platform-dual-gate-v2	pgaa-cross-platform-matched-controls-v2
liang2023_liver_organoid_crispr	Mouse liver organoid CRISPR-Cas9	recorded_sample_holdout_4_vs_5	Cenpu	Cenpu	1	pgaa_h	70	4999	0.03	0.03	0.0	0.0922965088038057	0.0825988517811804	pgaa-cross-platform-dual-gate-v2	pgaa-cross-platform-matched-controls-v2
liang2023_liver_organoid_crispr	Mouse liver organoid CRISPR-Cas9	recorded_sample_holdout_4_vs_5	Cenpu	Cenpu	1	absolute_mean_shift	70	4999	0.17	0.11	0.06	0.0595163708980847	0.0556942031984127	pgaa-cross-platform-dual-gate-v2	pgaa-cross-platform-matched-controls-v2
liang2023_liver_organoid_crispr	Mouse liver organoid CRISPR-Cas9	recorded_sample_holdout_4_vs_5	Cenpu	Cenpu	1	welch_abs_t	70	4999	0.04	0.03	0.01	-0.0018484318234857	-0.0036850330451128	pgaa-cross-platform-dual-gate-v2	pgaa-cross-platform-matched-controls-v2
liang2023_liver_organoid_crispr	Mouse liver organoid CRISPR-Cas9	recorded_sample_holdout_4_vs_5	Cenpu	Cenpu	2	pgaa_w	70	4999	0.17	0.21	-0.0399999999999999	0.3219299757576881	0.297194576744746	pgaa-cross-platform-dual-gate-v2	pgaa-cross-platform-matched-controls-v2
liang2023_liver_organoid_crispr	Mouse liver organoid CRISPR-Cas9	recorded_sample_holdout_4_vs_5	Cenpu	Cenpu	2	pgaa_h	70	4999	0.05	0.02	0.03	0.1295473033234696	0.1216502347036274	pgaa-cross-platform-dual-gate-v2	pgaa-cross-platform-matched-controls-v2
liang2023_liver_organoid_crispr	Mouse liver organoid CRISPR-Cas9	recorded_sample_holdout_4_vs_5	Cenpu	Cenpu	2	absolute_mean_shift	70	4999	0.09	0.13	-0.04	0.0648011508835455	0.0572636250728253	pgaa-cross-platform-dual-gate-v2	pgaa-cross-platform-matched-controls-v2
liang2023_liver_organoid_crispr	Mouse liver organoid CRISPR-Cas9	recorded_sample_holdout_4_vs_5	Cenpu	Cenpu	2	welch_abs_t	70	4999	0.03	0.0	0.03	0.0016272649490225	-0.0159754607831998	pgaa-cross-platform-dual-gate-v2	pgaa-cross-platform-matched-controls-v2
liang2023_liver_organoid_crispr	Mouse liver organoid CRISPR-Cas9	recorded_sample_holdout_4_vs_5	Cenpu	Cenpu	3	pgaa_w	70	4999	0.23	0.23	0.0	0.3368906201489251	0.311286793692743	pgaa-cross-platform-dual-gate-v2	pgaa-cross-platform-matched-controls-v2
liang2023_liver_organoid_crispr	Mouse liver organoid CRISPR-Cas9	recorded_sample_holdout_4_vs_5	Cenpu	Cenpu	3	pgaa_h	70	4999	0.03	0.02	0.0099999999999999	0.1043346521050591	0.0978889861717661	pgaa-cross-platform-dual-gate-v2	pgaa-cross-platform-matched-controls-v2
liang2023_liver_organoid_crispr	Mouse liver organoid CRISPR-Cas9	recorded_sample_holdout_4_vs_5	Cenpu	Cenpu	3	absolute_mean_shift	70	4999	0.17	0.1	0.07	0.0952652456747625	0.0740318093016968	pgaa-cross-platform-dual-gate-v2	pgaa-cross-platform-matched-controls-v2
liang2023_liver_organoid_crispr	Mouse liver organoid CRISPR-Cas9	recorded_sample_holdout_4_vs_5	Cenpu	Cenpu	3	welch_abs_t	70	4999	0.01	0.0	0.01	0.0099114120545576	-0.0116846400258051	pgaa-cross-platform-dual-gate-v2	pgaa-cross-platform-matched-controls-v2
liang2023_liver_organoid_crispr	Mouse liver organoid CRISPR-Cas9	recorded_sample_holdout_4_vs_5	Cenpu	Cenpu	4	pgaa_w	70	4999	0.22	0.15	0.07	0.3064555798628262	0.2872085289566917	pgaa-cross-platform-dual-gate-v2	pgaa-cross-platform-matched-controls-v2
liang2023_liver_organoid_crispr	Mouse liver organoid CRISPR-Cas9	recorded_sample_holdout_4_vs_5	Cenpu	Cenpu	4	pgaa_h	70	4999	0.03	0.03	0.0	0.0557307378322134	0.1088833340676723	pgaa-cross-platform-dual-gate-v2	pgaa-cross-platform-matched-controls-v2
liang2023_liver_organoid_crispr	Mouse liver organoid CRISPR-Cas9	recorded_sample_holdout_4_vs_5	Cenpu	Cenpu	4	absolute_mean_shift	70	4999	0.16	0.09	0.07	0.0816637789698789	0.035470162892974	pgaa-cross-platform-dual-gate-v2	pgaa-cross-platform-matched-controls-v2
liang2023_liver_organoid_crispr	Mouse liver organoid CRISPR-Cas9	recorded_sample_holdout_4_vs_5	Cenpu	Cenpu	4	welch_abs_t	70	4999	0.01	0.04	-0.03	0.0069773123894161	-0.0296833613061147	pgaa-cross-platform-dual-gate-v2	pgaa-cross-platform-matched-controls-v2
liang2023_liver_organoid_crispr	Mouse liver organoid CRISPR-Cas9	recorded_sample_holdout_4_vs_5	Cux2	Cux2	0	pgaa_w	70	4999	0.29	0.16	0.1299999999999999	0.3430846930010252	0.3070410187679793	pgaa-cross-platform-dual-gate-v2	pgaa-cross-platform-matched-controls-v2
liang2023_liver_organoid_crispr	Mouse liver organoid CRISPR-Cas9	recorded_sample_holdout_4_vs_5	Cux2	Cux2	0	pgaa_h	70	4999	0.04	0.02	0.02	0.109652234186806	0.101479716242469	pgaa-cross-platform-dual-gate-v2	pgaa-cross-platform-matched-controls-v2
liang2023_liver_organoid_crispr	Mouse liver organoid CRISPR-Cas9	recorded_sample_holdout_4_vs_5	Cux2	Cux2	0	absolute_mean_shift	70	4999	0.23	0.1	0.13	0.1500260850429421	0.0956340143464772	pgaa-cross-platform-dual-gate-v2	pgaa-cross-platform-matched-controls-v2
liang2023_liver_organoid_crispr	Mouse liver organoid CRISPR-Cas9	recorded_sample_holdout_4_vs_5	Cux2	Cux2	0	welch_abs_t	70	4999	0.03	0.01	0.0199999999999999	0.0279286824952025	-0.0147647946883381	pgaa-cross-platform-dual-gate-v2	pgaa-cross-platform-matched-controls-v2
liang2023_liver_organoid_crispr	Mouse liver organoid CRISPR-Cas9	recorded_sample_holdout_4_vs_5	Cux2	Cux2	1	pgaa_w	70	4999	0.24	0.24	0.0	0.3083404582551166	0.3088636531702226	pgaa-cross-platform-dual-gate-v2	pgaa-cross-platform-matched-controls-v2
liang2023_liver_organoid_crispr	Mouse liver organoid CRISPR-Cas9	recorded_sample_holdout_4_vs_5	Cux2	Cux2	1	pgaa_h	70	4999	0.02	0.0	0.02	0.0916801954785465	0.0833863207562542	pgaa-cross-platform-dual-gate-v2	pgaa-cross-platform-matched-controls-v2
liang2023_liver_organoid_crispr	Mouse liver organoid CRISPR-Cas9	recorded_sample_holdout_4_vs_5	Cux2	Cux2	1	absolute_mean_shift	70	4999	0.2	0.17	0.03	0.0605250384588826	0.0810500855110806	pgaa-cross-platform-dual-gate-v2	pgaa-cross-platform-matched-controls-v2
liang2023_liver_organoid_crispr	Mouse liver organoid CRISPR-Cas9	recorded_sample_holdout_4_vs_5	Cux2	Cux2	1	welch_abs_t	70	4999	0.04	0.01	0.03	-0.0130677691363739	0.0108569152010885	pgaa-cross-platform-dual-gate-v2	pgaa-cross-platform-matched-controls-v2
liang2023_liver_organoid_crispr	Mouse liver organoid CRISPR-Cas9	recorded_sample_holdout_4_vs_5	Cux2	Cux2	2	pgaa_w	70	4999	0.21	0.24	-0.03	0.3284627305292992	0.3090015647861625	pgaa-cross-platform-dual-gate-v2	pgaa-cross-platform-matched-controls-v2
liang2023_liver_organoid_crispr	Mouse liver organoid CRISPR-Cas9	recorded_sample_holdout_4_vs_5	Cux2	Cux2	2	pgaa_h	70	4999	0.0	0.02	-0.02	0.0939844923956605	0.0962550463934756	pgaa-cross-platform-dual-gate-v2	pgaa-cross-platform-matched-controls-v2
liang2023_liver_organoid_crispr	Mouse liver organoid CRISPR-Cas9	recorded_sample_holdout_4_vs_5	Cux2	Cux2	2	absolute_mean_shift	70	4999	0.15	0.14	0.0099999999999999	0.0916017354295157	0.0601266639008656	pgaa-cross-platform-dual-gate-v2	pgaa-cross-platform-matched-controls-v2
liang2023_liver_organoid_crispr	Mouse liver organoid CRISPR-Cas9	recorded_sample_holdout_4_vs_5	Cux2	Cux2	2	welch_abs_t	70	4999	0.03	0.03	0.0	0.0099284642051991	-0.0168952793692156	pgaa-cross-platform-dual-gate-v2	pgaa-cross-platform-matched-controls-v2
liang2023_liver_organoid_crispr	Mouse liver organoid CRISPR-Cas9	recorded_sample_holdout_4_vs_5	Cux2	Cux2	3	pgaa_w	70	4999	0.17	0.17	0.0	0.3061221945783183	0.2860594252824154	pgaa-cross-platform-dual-gate-v2	pgaa-cross-platform-matched-controls-v2
liang2023_liver_organoid_crispr	Mouse liver organoid CRISPR-Cas9	recorded_sample_holdout_4_vs_5	Cux2	Cux2	3	pgaa_h	70	4999	0.05	0.01	0.04	0.1128489703874732	0.0917391135699656	pgaa-cross-platform-dual-gate-v2	pgaa-cross-platform-matched-controls-v2
liang2023_liver_organoid_crispr	Mouse liver organoid CRISPR-Cas9	recorded_sample_holdout_4_vs_5	Cux2	Cux2	3	absolute_mean_shift	70	4999	0.12	0.09	0.03	0.1010121302148556	0.0610311690189178	pgaa-cross-platform-dual-gate-v2	pgaa-cross-platform-matched-controls-v2
liang2023_liver_organoid_crispr	Mouse liver organoid CRISPR-Cas9	recorded_sample_holdout_4_vs_5	Cux2	Cux2	3	welch_abs_t	70	4999	0.02	0.03	-0.0099999999999999	0.0100388843677508	0.0105870065252086	pgaa-cross-platform-dual-gate-v2	pgaa-cross-platform-matched-controls-v2
liang2023_liver_organoid_crispr	Mouse liver organoid CRISPR-Cas9	recorded_sample_holdout_4_vs_5	Cux2	Cux2	4	pgaa_w	70	4999	0.35	0.26	0.0899999999999999	0.353616424701507	0.3059733151912496	pgaa-cross-platform-dual-gate-v2	pgaa-cross-platform-matched-controls-v2
liang2023_liver_organoid_crispr	Mouse liver organoid CRISPR-Cas9	recorded_sample_holdout_4_vs_5	Cux2	Cux2	4	pgaa_h	70	4999	0.04	0.04	0.0	0.1062119630165028	0.0838066823988672	pgaa-cross-platform-dual-gate-v2	pgaa-cross-platform-matched-controls-v2
liang2023_liver_organoid_crispr	Mouse liver organoid CRISPR-Cas9	recorded_sample_holdout_4_vs_5	Cux2	Cux2	4	absolute_mean_shift	70	4999	0.3	0.22	0.0799999999999999	0.1355432401506555	0.0707958688496403	pgaa-cross-platform-dual-gate-v2	pgaa-cross-platform-matched-controls-v2
liang2023_liver_organoid_crispr	Mouse liver organoid CRISPR-Cas9	recorded_sample_holdout_4_vs_5	Cux2	Cux2	4	welch_abs_t	70	4999	0.06	0.02	0.0399999999999999	0.0584272746520114	0.0119032621890524	pgaa-cross-platform-dual-gate-v2	pgaa-cross-platform-matched-controls-v2
liang2023_liver_organoid_crispr	Mouse liver organoid CRISPR-Cas9	recorded_sample_holdout_4_vs_5	Dbp	Dbp	0	pgaa_w	70	4999	0.43	0.09	0.3399999999999999	0.33781638542205	0.3045549562879948	pgaa-cross-platform-dual-gate-v2	pgaa-cross-platform-matched-controls-v2
liang2023_liver_organoid_crispr	Mouse liver organoid CRISPR-Cas9	recorded_sample_holdout_4_vs_5	Dbp	Dbp	0	pgaa_h	70	4999	0.03	0.03	0.0	0.095329903472915	0.0812855825268846	pgaa-cross-platform-dual-gate-v2	pgaa-cross-platform-matched-controls-v2
liang2023_liver_organoid_crispr	Mouse liver organoid CRISPR-Cas9	recorded_sample_holdout_4_vs_5	Dbp	Dbp	0	absolute_mean_shift	70	4999	0.37	0.05	0.32	0.1444427403335806	0.0708211559442705	pgaa-cross-platform-dual-gate-v2	pgaa-cross-platform-matched-controls-v2
liang2023_liver_organoid_crispr	Mouse liver organoid CRISPR-Cas9	recorded_sample_holdout_4_vs_5	Dbp	Dbp	0	welch_abs_t	70	4999	0.14	0.03	0.11	0.0558448470980113	0.0234424441687936	pgaa-cross-platform-dual-gate-v2	pgaa-cross-platform-matched-controls-v2
liang2023_liver_organoid_crispr	Mouse liver organoid CRISPR-Cas9	recorded_sample_holdout_4_vs_5	Dbp	Dbp	1	pgaa_w	70	4999	0.28	0.25	0.03	0.3322465035624172	0.2889218357135495	pgaa-cross-platform-dual-gate-v2	pgaa-cross-platform-matched-controls-v2
liang2023_liver_organoid_crispr	Mouse liver organoid CRISPR-Cas9	recorded_sample_holdout_4_vs_5	Dbp	Dbp	1	pgaa_h	70	4999	0.04	0.03	0.01	0.0992474021228243	0.0930557859831451	pgaa-cross-platform-dual-gate-v2	pgaa-cross-platform-matched-controls-v2
liang2023_liver_organoid_crispr	Mouse liver organoid CRISPR-Cas9	recorded_sample_holdout_4_vs_5	Dbp	Dbp	1	absolute_mean_shift	70	4999	0.21	0.16	0.0499999999999999	0.0756489500686497	0.0911351396526656	pgaa-cross-platform-dual-gate-v2	pgaa-cross-platform-matched-controls-v2
liang2023_liver_organoid_crispr	Mouse liver organoid CRISPR-Cas9	recorded_sample_holdout_4_vs_5	Dbp	Dbp	1	welch_abs_t	70	4999	0.02	0.04	-0.02	0.0017782422271622	0.0131894717491579	pgaa-cross-platform-dual-gate-v2	pgaa-cross-platform-matched-controls-v2
liang2023_liver_organoid_crispr	Mouse liver organoid CRISPR-Cas9	recorded_sample_holdout_4_vs_5	Dbp	Dbp	2	pgaa_w	70	4999	0.36	0.21	0.15	0.3497181238888835	0.3125713016387808	pgaa-cross-platform-dual-gate-v2	pgaa-cross-platform-matched-controls-v2
liang2023_liver_organoid_crispr	Mouse liver organoid CRISPR-Cas9	recorded_sample_holdout_4_vs_5	Dbp	Dbp	2	pgaa_h	70	4999	0.02	0.02	0.0	0.1103187368198473	0.118606597425967	pgaa-cross-platform-dual-gate-v2	pgaa-cross-platform-matched-controls-v2
liang2023_liver_organoid_crispr	Mouse liver organoid CRISPR-Cas9	recorded_sample_holdout_4_vs_5	Dbp	Dbp	2	absolute_mean_shift	70	4999	0.3	0.14	0.1599999999999999	0.1224792313202116	0.0838863866071462	pgaa-cross-platform-dual-gate-v2	pgaa-cross-platform-matched-controls-v2
liang2023_liver_organoid_crispr	Mouse liver organoid CRISPR-Cas9	recorded_sample_holdout_4_vs_5	Dbp	Dbp	2	welch_abs_t	70	4999	0.07	0.02	0.05	0.0450865025389314	0.0176296573608901	pgaa-cross-platform-dual-gate-v2	pgaa-cross-platform-matched-controls-v2
liang2023_liver_organoid_crispr	Mouse liver organoid CRISPR-Cas9	recorded_sample_holdout_4_vs_5	Dbp	Dbp	3	pgaa_w	70	4999	0.25	0.16	0.09	0.3019281857141588	0.3224140587696129	pgaa-cross-platform-dual-gate-v2	pgaa-cross-platform-matched-controls-v2
liang2023_liver_organoid_crispr	Mouse liver organoid CRISPR-Cas9	recorded_sample_holdout_4_vs_5	Dbp	Dbp	3	pgaa_h	70	4999	0.04	0.02	0.02	0.0944638408348741	0.0994553165861607	pgaa-cross-platform-dual-gate-v2	pgaa-cross-platform-matched-controls-v2
liang2023_liver_organoid_crispr	Mouse liver organoid CRISPR-Cas9	recorded_sample_holdout_4_vs_5	Dbp	Dbp	3	absolute_mean_shift	70	4999	0.17	0.12	0.05	0.0898031204012333	0.0777334207964602	pgaa-cross-platform-dual-gate-v2	pgaa-cross-platform-matched-controls-v2
liang2023_liver_organoid_crispr	Mouse liver organoid CRISPR-Cas9	recorded_sample_holdout_4_vs_5	Dbp	Dbp	3	welch_abs_t	70	4999	0.03	0.02	0.0099999999999999	0.0218691506869795	-0.0054756117133733	pgaa-cross-platform-dual-gate-v2	pgaa-cross-platform-matched-controls-v2
liang2023_liver_organoid_crispr	Mouse liver organoid CRISPR-Cas9	recorded_sample_holdout_4_vs_5	Dbp	Dbp	4	pgaa_w	70	4999	0.33	0.13	0.2	0.3410573470358191	0.2776554680510569	pgaa-cross-platform-dual-gate-v2	pgaa-cross-platform-matched-controls-v2
liang2023_liver_organoid_crispr	Mouse liver organoid CRISPR-Cas9	recorded_sample_holdout_4_vs_5	Dbp	Dbp	4	pgaa_h	70	4999	0.0	0.02	-0.02	0.0940573979554543	0.0945959927169538	pgaa-cross-platform-dual-gate-v2	pgaa-cross-platform-matched-controls-v2
liang2023_liver_organoid_crispr	Mouse liver organoid CRISPR-Cas9	recorded_sample_holdout_4_vs_5	Dbp	Dbp	4	absolute_mean_shift	70	4999	0.3	0.08	0.2199999999999999	0.1444681969700625	0.0468471597857202	pgaa-cross-platform-dual-gate-v2	pgaa-cross-platform-matched-controls-v2
liang2023_liver_organoid_crispr	Mouse liver organoid CRISPR-Cas9	recorded_sample_holdout_4_vs_5	Dbp	Dbp	4	welch_abs_t	70	4999	0.02	0.0	0.02	0.0425767948808286	-0.0079823585847537	pgaa-cross-platform-dual-gate-v2	pgaa-cross-platform-matched-controls-v2
liang2023_liver_organoid_crispr	Mouse liver organoid CRISPR-Cas9	recorded_sample_holdout_4_vs_5	Dnmt1	Dnmt1	0	pgaa_w	70	4999	0.42	0.25	0.1699999999999999	0.3210811363627385	0.3054207396948081	pgaa-cross-platform-dual-gate-v2	pgaa-cross-platform-matched-controls-v2
liang2023_liver_organoid_crispr	Mouse liver organoid CRISPR-Cas9	recorded_sample_holdout_4_vs_5	Dnmt1	Dnmt1	0	pgaa_h	70	4999	0.04	0.03	0.01	0.1188663808930237	0.104774835992646	pgaa-cross-platform-dual-gate-v2	pgaa-cross-platform-matched-controls-v2
liang2023_liver_organoid_crispr	Mouse liver organoid CRISPR-Cas9	recorded_sample_holdout_4_vs_5	Dnmt1	Dnmt1	0	absolute_mean_shift	70	4999	0.37	0.22	0.15	0.1404721884588995	0.081481085238256	pgaa-cross-platform-dual-gate-v2	pgaa-cross-platform-matched-controls-v2
liang2023_liver_organoid_crispr	Mouse liver organoid CRISPR-Cas9	recorded_sample_holdout_4_vs_5	Dnmt1	Dnmt1	0	welch_abs_t	70	4999	0.11	0.01	0.1	0.0343457032599483	0.0044082135521089	pgaa-cross-platform-dual-gate-v2	pgaa-cross-platform-matched-controls-v2
liang2023_liver_organoid_crispr	Mouse liver organoid CRISPR-Cas9	recorded_sample_holdout_4_vs_5	Dnmt1	Dnmt1	1	pgaa_w	70	4999	0.3	0.2	0.0999999999999999	0.3307769275740834	0.2708324115373294	pgaa-cross-platform-dual-gate-v2	pgaa-cross-platform-matched-controls-v2
liang2023_liver_organoid_crispr	Mouse liver organoid CRISPR-Cas9	recorded_sample_holdout_4_vs_5	Dnmt1	Dnmt1	1	pgaa_h	70	4999	0.04	0.02	0.02	0.070717993248797	0.105003872692452	pgaa-cross-platform-dual-gate-v2	pgaa-cross-platform-matched-controls-v2
liang2023_liver_organoid_crispr	Mouse liver organoid CRISPR-Cas9	recorded_sample_holdout_4_vs_5	Dnmt1	Dnmt1	1	absolute_mean_shift	70	4999	0.26	0.11	0.15	0.1098214216429934	0.0437497018836539	pgaa-cross-platform-dual-gate-v2	pgaa-cross-platform-matched-controls-v2
liang2023_liver_organoid_crispr	Mouse liver organoid CRISPR-Cas9	recorded_sample_holdout_4_vs_5	Dnmt1	Dnmt1	1	welch_abs_t	70	4999	0.07	0.03	0.04	0.0335557716145336	-0.0065477592520447	pgaa-cross-platform-dual-gate-v2	pgaa-cross-platform-matched-controls-v2
liang2023_liver_organoid_crispr	Mouse liver organoid CRISPR-Cas9	recorded_sample_holdout_4_vs_5	Dnmt1	Dnmt1	2	pgaa_w	70	4999	0.31	0.21	0.1	0.3208848100472435	0.3036350315033868	pgaa-cross-platform-dual-gate-v2	pgaa-cross-platform-matched-controls-v2
liang2023_liver_organoid_crispr	Mouse liver organoid CRISPR-Cas9	recorded_sample_holdout_4_vs_5	Dnmt1	Dnmt1	2	pgaa_h	70	4999	0.04	0.04	0.0	0.0879185574952356	0.0806961063510178	pgaa-cross-platform-dual-gate-v2	pgaa-cross-platform-matched-controls-v2
liang2023_liver_organoid_crispr	Mouse liver organoid CRISPR-Cas9	recorded_sample_holdout_4_vs_5	Dnmt1	Dnmt1	2	absolute_mean_shift	70	4999	0.25	0.16	0.09	0.117729207574463	0.0689960427801996	pgaa-cross-platform-dual-gate-v2	pgaa-cross-platform-matched-controls-v2
liang2023_liver_organoid_crispr	Mouse liver organoid CRISPR-Cas9	recorded_sample_holdout_4_vs_5	Dnmt1	Dnmt1	2	welch_abs_t	70	4999	0.07	0.04	0.03	0.0328848747428449	-0.0091706698126742	pgaa-cross-platform-dual-gate-v2	pgaa-cross-platform-matched-controls-v2
liang2023_liver_organoid_crispr	Mouse liver organoid CRISPR-Cas9	recorded_sample_holdout_4_vs_5	Dnmt1	Dnmt1	3	pgaa_w	70	4999	0.27	0.19	0.08	0.332390933784951	0.2819343643586324	pgaa-cross-platform-dual-gate-v2	pgaa-cross-platform-matched-controls-v2
liang2023_liver_organoid_crispr	Mouse liver organoid CRISPR-Cas9	recorded_sample_holdout_4_vs_5	Dnmt1	Dnmt1	3	pgaa_h	70	4999	0.01	0.05	-0.04	0.1140119884787624	0.11355320949111	pgaa-cross-platform-dual-gate-v2	pgaa-cross-platform-matched-controls-v2
liang2023_liver_organoid_crispr	Mouse liver organoid CRISPR-Cas9	recorded_sample_holdout_4_vs_5	Dnmt1	Dnmt1	3	absolute_mean_shift	70	4999	0.24	0.04	0.1999999999999999	0.1259022263457592	0.0265148031337868	pgaa-cross-platform-dual-gate-v2	pgaa-cross-platform-matched-controls-v2
liang2023_liver_organoid_crispr	Mouse liver organoid CRISPR-Cas9	recorded_sample_holdout_4_vs_5	Dnmt1	Dnmt1	3	welch_abs_t	70	4999	0.03	0.02	0.0099999999999999	0.0330977583063405	-0.0214073028786843	pgaa-cross-platform-dual-gate-v2	pgaa-cross-platform-matched-controls-v2
liang2023_liver_organoid_crispr	Mouse liver organoid CRISPR-Cas9	recorded_sample_holdout_4_vs_5	Dnmt1	Dnmt1	4	pgaa_w	70	4999	0.4	0.27	0.13	0.3211551806236675	0.3235669669906026	pgaa-cross-platform-dual-gate-v2	pgaa-cross-platform-matched-controls-v2
liang2023_liver_organoid_crispr	Mouse liver organoid CRISPR-Cas9	recorded_sample_holdout_4_vs_5	Dnmt1	Dnmt1	4	pgaa_h	70	4999	0.04	0.01	0.03	0.0871701380515582	0.1176829121173395	pgaa-cross-platform-dual-gate-v2	pgaa-cross-platform-matched-controls-v2
liang2023_liver_organoid_crispr	Mouse liver organoid CRISPR-Cas9	recorded_sample_holdout_4_vs_5	Dnmt1	Dnmt1	4	absolute_mean_shift	70	4999	0.36	0.26	0.0999999999999999	0.121087776324209	0.1136650332898669	pgaa-cross-platform-dual-gate-v2	pgaa-cross-platform-matched-controls-v2
liang2023_liver_organoid_crispr	Mouse liver organoid CRISPR-Cas9	recorded_sample_holdout_4_vs_5	Dnmt1	Dnmt1	4	welch_abs_t	70	4999	0.09	0.04	0.0499999999999999	0.0456836056297858	0.0099171343999832	pgaa-cross-platform-dual-gate-v2	pgaa-cross-platform-matched-controls-v2
liang2023_liver_organoid_crispr	Mouse liver organoid CRISPR-Cas9	recorded_sample_holdout_4_vs_5	Dnmt3b	Dnmt3b	0	pgaa_w	70	4999	0.08	0.16	-0.08	0.2906803438347549	0.2847516022840762	pgaa-cross-platform-dual-gate-v2	pgaa-cross-platform-matched-controls-v2
liang2023_liver_organoid_crispr	Mouse liver organoid CRISPR-Cas9	recorded_sample_holdout_4_vs_5	Dnmt3b	Dnmt3b	0	pgaa_h	70	4999	0.05	0.06	-0.0099999999999999	0.0732052448095404	0.1024435498328867	pgaa-cross-platform-dual-gate-v2	pgaa-cross-platform-matched-controls-v2
liang2023_liver_organoid_crispr	Mouse liver organoid CRISPR-Cas9	recorded_sample_holdout_4_vs_5	Dnmt3b	Dnmt3b	0	absolute_mean_shift	70	4999	0.06	0.1	-0.04	0.0678310289799292	0.0558193022104804	pgaa-cross-platform-dual-gate-v2	pgaa-cross-platform-matched-controls-v2
liang2023_liver_organoid_crispr	Mouse liver organoid CRISPR-Cas9	recorded_sample_holdout_4_vs_5	Dnmt3b	Dnmt3b	0	welch_abs_t	70	4999	0.01	0.05	-0.04	0.0064915998335069	0.0087335095832788	pgaa-cross-platform-dual-gate-v2	pgaa-cross-platform-matched-controls-v2
liang2023_liver_organoid_crispr	Mouse liver organoid CRISPR-Cas9	recorded_sample_holdout_4_vs_5	Dnmt3b	Dnmt3b	1	pgaa_w	70	4999	0.17	0.06	0.11	0.3252915739528528	0.2921268539902459	pgaa-cross-platform-dual-gate-v2	pgaa-cross-platform-matched-controls-v2
liang2023_liver_organoid_crispr	Mouse liver organoid CRISPR-Cas9	recorded_sample_holdout_4_vs_5	Dnmt3b	Dnmt3b	1	pgaa_h	70	4999	0.02	0.0	0.02	0.088389557069694	0.1043268607349672	pgaa-cross-platform-dual-gate-v2	pgaa-cross-platform-matched-controls-v2
liang2023_liver_organoid_crispr	Mouse liver organoid CRISPR-Cas9	recorded_sample_holdout_4_vs_5	Dnmt3b	Dnmt3b	1	absolute_mean_shift	70	4999	0.09	0.05	0.0399999999999999	0.0696248675062112	0.0317676442904997	pgaa-cross-platform-dual-gate-v2	pgaa-cross-platform-matched-controls-v2
liang2023_liver_organoid_crispr	Mouse liver organoid CRISPR-Cas9	recorded_sample_holdout_4_vs_5	Dnmt3b	Dnmt3b	1	welch_abs_t	70	4999	0.02	0.01	0.01	-0.00834373218021	-0.0100795248610384	pgaa-cross-platform-dual-gate-v2	pgaa-cross-platform-matched-controls-v2
liang2023_liver_organoid_crispr	Mouse liver organoid CRISPR-Cas9	recorded_sample_holdout_4_vs_5	Dnmt3b	Dnmt3b	2	pgaa_w	70	4999	0.16	0.26	-0.1	0.3155242366271825	0.3126515267114083	pgaa-cross-platform-dual-gate-v2	pgaa-cross-platform-matched-controls-v2
liang2023_liver_organoid_crispr	Mouse liver organoid CRISPR-Cas9	recorded_sample_holdout_4_vs_5	Dnmt3b	Dnmt3b	2	pgaa_h	70	4999	0.01	0.04	-0.03	0.0852687589616297	0.1084796367329409	pgaa-cross-platform-dual-gate-v2	pgaa-cross-platform-matched-controls-v2
liang2023_liver_organoid_crispr	Mouse liver organoid CRISPR-Cas9	recorded_sample_holdout_4_vs_5	Dnmt3b	Dnmt3b	2	absolute_mean_shift	70	4999	0.09	0.13	-0.04	0.0726611991427968	0.0697876500747571	pgaa-cross-platform-dual-gate-v2	pgaa-cross-platform-matched-controls-v2
liang2023_liver_organoid_crispr	Mouse liver organoid CRISPR-Cas9	recorded_sample_holdout_4_vs_5	Dnmt3b	Dnmt3b	2	welch_abs_t	70	4999	0.03	0.01	0.0199999999999999	0.0245659475724468	0.0212895874263106	pgaa-cross-platform-dual-gate-v2	pgaa-cross-platform-matched-controls-v2
liang2023_liver_organoid_crispr	Mouse liver organoid CRISPR-Cas9	recorded_sample_holdout_4_vs_5	Dnmt3b	Dnmt3b	3	pgaa_w	70	4999	0.19	0.17	0.0199999999999999	0.3093253444520675	0.2945643892354596	pgaa-cross-platform-dual-gate-v2	pgaa-cross-platform-matched-controls-v2
liang2023_liver_organoid_crispr	Mouse liver organoid CRISPR-Cas9	recorded_sample_holdout_4_vs_5	Dnmt3b	Dnmt3b	3	pgaa_h	70	4999	0.03	0.03	0.0	0.1212634440704235	0.0918080463883456	pgaa-cross-platform-dual-gate-v2	pgaa-cross-platform-matched-controls-v2
liang2023_liver_organoid_crispr	Mouse liver organoid CRISPR-Cas9	recorded_sample_holdout_4_vs_5	Dnmt3b	Dnmt3b	3	absolute_mean_shift	70	4999	0.11	0.07	0.0399999999999999	0.0852376134893587	0.0665827727962418	pgaa-cross-platform-dual-gate-v2	pgaa-cross-platform-matched-controls-v2
liang2023_liver_organoid_crispr	Mouse liver organoid CRISPR-Cas9	recorded_sample_holdout_4_vs_5	Dnmt3b	Dnmt3b	3	welch_abs_t	70	4999	0.04	0.02	0.02	0.0112565576508763	0.0103982523280357	pgaa-cross-platform-dual-gate-v2	pgaa-cross-platform-matched-controls-v2
liang2023_liver_organoid_crispr	Mouse liver organoid CRISPR-Cas9	recorded_sample_holdout_4_vs_5	Dnmt3b	Dnmt3b	4	pgaa_w	70	4999	0.26	0.17	0.09	0.2915495837092447	0.2992729766745316	pgaa-cross-platform-dual-gate-v2	pgaa-cross-platform-matched-controls-v2
liang2023_liver_organoid_crispr	Mouse liver organoid CRISPR-Cas9	recorded_sample_holdout_4_vs_5	Dnmt3b	Dnmt3b	4	pgaa_h	70	4999	0.03	0.04	-0.01	0.0953408941997741	0.1072440051089252	pgaa-cross-platform-dual-gate-v2	pgaa-cross-platform-matched-controls-v2
liang2023_liver_organoid_crispr	Mouse liver organoid CRISPR-Cas9	recorded_sample_holdout_4_vs_5	Dnmt3b	Dnmt3b	4	absolute_mean_shift	70	4999	0.2	0.14	0.06	0.0874195513021979	0.0865534393479518	pgaa-cross-platform-dual-gate-v2	pgaa-cross-platform-matched-controls-v2
liang2023_liver_organoid_crispr	Mouse liver organoid CRISPR-Cas9	recorded_sample_holdout_4_vs_5	Dnmt3b	Dnmt3b	4	welch_abs_t	70	4999	0.02	0.04	-0.02	-0.0053956395127039	-0.0045013543408202	pgaa-cross-platform-dual-gate-v2	pgaa-cross-platform-matched-controls-v2
liang2023_liver_organoid_crispr	Mouse liver organoid CRISPR-Cas9	recorded_sample_holdout_4_vs_5	E2f2	E2f2	0	pgaa_w	70	4999	0.16	0.2	-0.04	0.3111205966523437	0.3127905286219309	pgaa-cross-platform-dual-gate-v2	pgaa-cross-platform-matched-controls-v2
liang2023_liver_organoid_crispr	Mouse liver organoid CRISPR-Cas9	recorded_sample_holdout_4_vs_5	E2f2	E2f2	0	pgaa_h	70	4999	0.01	0.03	-0.0199999999999999	0.0917159070865995	0.1078866734165604	pgaa-cross-platform-dual-gate-v2	pgaa-cross-platform-matched-controls-v2
liang2023_liver_organoid_crispr	Mouse liver organoid CRISPR-Cas9	recorded_sample_holdout_4_vs_5	E2f2	E2f2	0	absolute_mean_shift	70	4999	0.06	0.12	-0.06	0.0676792835686714	0.0575051470881218	pgaa-cross-platform-dual-gate-v2	pgaa-cross-platform-matched-controls-v2
liang2023_liver_organoid_crispr	Mouse liver organoid CRISPR-Cas9	recorded_sample_holdout_4_vs_5	E2f2	E2f2	0	welch_abs_t	70	4999	0.02	0.02	0.0	-0.0108702894000168	-0.0205357890315415	pgaa-cross-platform-dual-gate-v2	pgaa-cross-platform-matched-controls-v2
liang2023_liver_organoid_crispr	Mouse liver organoid CRISPR-Cas9	recorded_sample_holdout_4_vs_5	E2f2	E2f2	1	pgaa_w	70	4999	0.16	0.2	-0.04	0.3234961815242756	0.3187216996416983	pgaa-cross-platform-dual-gate-v2	pgaa-cross-platform-matched-controls-v2
liang2023_liver_organoid_crispr	Mouse liver organoid CRISPR-Cas9	recorded_sample_holdout_4_vs_5	E2f2	E2f2	1	pgaa_h	70	4999	0.03	0.03	0.0	0.1095509862557749	0.0959969856604871	pgaa-cross-platform-dual-gate-v2	pgaa-cross-platform-matched-controls-v2
liang2023_liver_organoid_crispr	Mouse liver organoid CRISPR-Cas9	recorded_sample_holdout_4_vs_5	E2f2	E2f2	1	absolute_mean_shift	70	4999	0.09	0.13	-0.04	0.0755900548358387	0.0774683912126932	pgaa-cross-platform-dual-gate-v2	pgaa-cross-platform-matched-controls-v2
liang2023_liver_organoid_crispr	Mouse liver organoid CRISPR-Cas9	recorded_sample_holdout_4_vs_5	E2f2	E2f2	1	welch_abs_t	70	4999	0.02	0.04	-0.02	-0.0012591755327367	-0.0048402499228498	pgaa-cross-platform-dual-gate-v2	pgaa-cross-platform-matched-controls-v2
liang2023_liver_organoid_crispr	Mouse liver organoid CRISPR-Cas9	recorded_sample_holdout_4_vs_5	E2f2	E2f2	2	pgaa_w	70	4999	0.19	0.14	0.0499999999999999	0.3142180516370793	0.2848840264639935	pgaa-cross-platform-dual-gate-v2	pgaa-cross-platform-matched-controls-v2
liang2023_liver_organoid_crispr	Mouse liver organoid CRISPR-Cas9	recorded_sample_holdout_4_vs_5	E2f2	E2f2	2	pgaa_h	70	4999	0.02	0.01	0.01	0.1057217465560189	0.0968916159634738	pgaa-cross-platform-dual-gate-v2	pgaa-cross-platform-matched-controls-v2
liang2023_liver_organoid_crispr	Mouse liver organoid CRISPR-Cas9	recorded_sample_holdout_4_vs_5	E2f2	E2f2	2	absolute_mean_shift	70	4999	0.17	0.08	0.09	0.0775832967868563	0.0543372797566962	pgaa-cross-platform-dual-gate-v2	pgaa-cross-platform-matched-controls-v2
liang2023_liver_organoid_crispr	Mouse liver organoid CRISPR-Cas9	recorded_sample_holdout_4_vs_5	E2f2	E2f2	2	welch_abs_t	70	4999	0.02	0.01	0.01	0.0048949900427789	-0.0014816665134458	pgaa-cross-platform-dual-gate-v2	pgaa-cross-platform-matched-controls-v2
liang2023_liver_organoid_crispr	Mouse liver organoid CRISPR-Cas9	recorded_sample_holdout_4_vs_5	E2f2	E2f2	3	pgaa_w	70	4999	0.29	0.19	0.0999999999999999	0.3223677996018107	0.2973530865188008	pgaa-cross-platform-dual-gate-v2	pgaa-cross-platform-matched-controls-v2
liang2023_liver_organoid_crispr	Mouse liver organoid CRISPR-Cas9	recorded_sample_holdout_4_vs_5	E2f2	E2f2	3	pgaa_h	70	4999	0.02	0.04	-0.02	0.1181410305765174	0.101209973262734	pgaa-cross-platform-dual-gate-v2	pgaa-cross-platform-matched-controls-v2
liang2023_liver_organoid_crispr	Mouse liver organoid CRISPR-Cas9	recorded_sample_holdout_4_vs_5	E2f2	E2f2	3	absolute_mean_shift	70	4999	0.18	0.1	0.0799999999999999	0.0905127707239296	0.0439740384687673	pgaa-cross-platform-dual-gate-v2	pgaa-cross-platform-matched-controls-v2
liang2023_liver_organoid_crispr	Mouse liver organoid CRISPR-Cas9	recorded_sample_holdout_4_vs_5	E2f2	E2f2	3	welch_abs_t	70	4999	0.01	0.01	0.0	-0.0193455872696433	-0.0143371749506845	pgaa-cross-platform-dual-gate-v2	pgaa-cross-platform-matched-controls-v2
liang2023_liver_organoid_crispr	Mouse liver organoid CRISPR-Cas9	recorded_sample_holdout_4_vs_5	E2f2	E2f2	4	pgaa_w	70	4999	0.26	0.16	0.1	0.2917685293191115	0.3231089930266057	pgaa-cross-platform-dual-gate-v2	pgaa-cross-platform-matched-controls-v2
liang2023_liver_organoid_crispr	Mouse liver organoid CRISPR-Cas9	recorded_sample_holdout_4_vs_5	E2f2	E2f2	4	pgaa_h	70	4999	0.06	0.04	0.0199999999999999	0.1202662242053378	0.0912561399996062	pgaa-cross-platform-dual-gate-v2	pgaa-cross-platform-matched-controls-v2
liang2023_liver_organoid_crispr	Mouse liver organoid CRISPR-Cas9	recorded_sample_holdout_4_vs_5	E2f2	E2f2	4	absolute_mean_shift	70	4999	0.13	0.09	0.04	0.0474266949976924	0.1001029092205193	pgaa-cross-platform-dual-gate-v2	pgaa-cross-platform-matched-controls-v2
liang2023_liver_organoid_crispr	Mouse liver organoid CRISPR-Cas9	recorded_sample_holdout_4_vs_5	E2f2	E2f2	4	welch_abs_t	70	4999	0.02	0.03	-0.0099999999999999	-0.0278784379691755	0.0152629737726909	pgaa-cross-platform-dual-gate-v2	pgaa-cross-platform-matched-controls-v2
liang2023_liver_organoid_crispr	Mouse liver organoid CRISPR-Cas9	recorded_sample_holdout_4_vs_5	Egr1	Egr1	0	pgaa_w	70	4999	0.35	0.26	0.0899999999999999	0.3417368734333117	0.301256074374599	pgaa-cross-platform-dual-gate-v2	pgaa-cross-platform-matched-controls-v2
liang2023_liver_organoid_crispr	Mouse liver organoid CRISPR-Cas9	recorded_sample_holdout_4_vs_5	Egr1	Egr1	0	pgaa_h	70	4999	0.03	0.04	-0.01	0.1143593192067946	0.102246073480051	pgaa-cross-platform-dual-gate-v2	pgaa-cross-platform-matched-controls-v2
liang2023_liver_organoid_crispr	Mouse liver organoid CRISPR-Cas9	recorded_sample_holdout_4_vs_5	Egr1	Egr1	0	absolute_mean_shift	70	4999	0.33	0.13	0.2	0.1617681169483669	0.0659584766555622	pgaa-cross-platform-dual-gate-v2	pgaa-cross-platform-matched-controls-v2
liang2023_liver_organoid_crispr	Mouse liver organoid CRISPR-Cas9	recorded_sample_holdout_4_vs_5	Egr1	Egr1	0	welch_abs_t	70	4999	0.02	0.0	0.02	0.0522110498007556	-0.0090585198438769	pgaa-cross-platform-dual-gate-v2	pgaa-cross-platform-matched-controls-v2
liang2023_liver_organoid_crispr	Mouse liver organoid CRISPR-Cas9	recorded_sample_holdout_4_vs_5	Egr1	Egr1	1	pgaa_w	70	4999	0.29	0.16	0.1299999999999999	0.2898517881316924	0.2925624547109376	pgaa-cross-platform-dual-gate-v2	pgaa-cross-platform-matched-controls-v2
liang2023_liver_organoid_crispr	Mouse liver organoid CRISPR-Cas9	recorded_sample_holdout_4_vs_5	Egr1	Egr1	1	pgaa_h	70	4999	0.03	0.01	0.0199999999999999	0.0954833478769133	0.0913060328979868	pgaa-cross-platform-dual-gate-v2	pgaa-cross-platform-matched-controls-v2
liang2023_liver_organoid_crispr	Mouse liver organoid CRISPR-Cas9	recorded_sample_holdout_4_vs_5	Egr1	Egr1	1	absolute_mean_shift	70	4999	0.21	0.09	0.12	0.0763995474336643	0.0683707191045733	pgaa-cross-platform-dual-gate-v2	pgaa-cross-platform-matched-controls-v2
liang2023_liver_organoid_crispr	Mouse liver organoid CRISPR-Cas9	recorded_sample_holdout_4_vs_5	Egr1	Egr1	1	welch_abs_t	70	4999	0.03	0.01	0.0199999999999999	-0.0059483085095265	0.011778381752477	pgaa-cross-platform-dual-gate-v2	pgaa-cross-platform-matched-controls-v2
liang2023_liver_organoid_crispr	Mouse liver organoid CRISPR-Cas9	recorded_sample_holdout_4_vs_5	Egr1	Egr1	2	pgaa_w	70	4999	0.39	0.18	0.21	0.345676839529867	0.3318019141002702	pgaa-cross-platform-dual-gate-v2	pgaa-cross-platform-matched-controls-v2
liang2023_liver_organoid_crispr	Mouse liver organoid CRISPR-Cas9	recorded_sample_holdout_4_vs_5	Egr1	Egr1	2	pgaa_h	70	4999	0.01	0.03	-0.0199999999999999	0.0963473222412569	0.0971973850465504	pgaa-cross-platform-dual-gate-v2	pgaa-cross-platform-matched-controls-v2
liang2023_liver_organoid_crispr	Mouse liver organoid CRISPR-Cas9	recorded_sample_holdout_4_vs_5	Egr1	Egr1	2	absolute_mean_shift	70	4999	0.29	0.11	0.18	0.1058192978509443	0.0878917938816419	pgaa-cross-platform-dual-gate-v2	pgaa-cross-platform-matched-controls-v2
liang2023_liver_organoid_crispr	Mouse liver organoid CRISPR-Cas9	recorded_sample_holdout_4_vs_5	Egr1	Egr1	2	welch_abs_t	70	4999	0.06	0.01	0.0499999999999999	0.0035949471767965	2.656968368591219e-05	pgaa-cross-platform-dual-gate-v2	pgaa-cross-platform-matched-controls-v2
liang2023_liver_organoid_crispr	Mouse liver organoid CRISPR-Cas9	recorded_sample_holdout_4_vs_5	Egr1	Egr1	3	pgaa_w	70	4999	0.29	0.18	0.1099999999999999	0.3391485735884067	0.2924920981877032	pgaa-cross-platform-dual-gate-v2	pgaa-cross-platform-matched-controls-v2
liang2023_liver_organoid_crispr	Mouse liver organoid CRISPR-Cas9	recorded_sample_holdout_4_vs_5	Egr1	Egr1	3	pgaa_h	70	4999	0.01	0.04	-0.03	0.110219861322022	0.1331836625870336	pgaa-cross-platform-dual-gate-v2	pgaa-cross-platform-matched-controls-v2
liang2023_liver_organoid_crispr	Mouse liver organoid CRISPR-Cas9	recorded_sample_holdout_4_vs_5	Egr1	Egr1	3	absolute_mean_shift	70	4999	0.28	0.12	0.16	0.1219770562691617	0.0750568653238642	pgaa-cross-platform-dual-gate-v2	pgaa-cross-platform-matched-controls-v2
liang2023_liver_organoid_crispr	Mouse liver organoid CRISPR-Cas9	recorded_sample_holdout_4_vs_5	Egr1	Egr1	3	welch_abs_t	70	4999	0.04	0.03	0.01	0.02296485016146	-0.0001233208946948	pgaa-cross-platform-dual-gate-v2	pgaa-cross-platform-matched-controls-v2
liang2023_liver_organoid_crispr	Mouse liver organoid CRISPR-Cas9	recorded_sample_holdout_4_vs_5	Egr1	Egr1	4	pgaa_w	70	4999	0.25	0.15	0.1	0.3647452497465206	0.3171561059302931	pgaa-cross-platform-dual-gate-v2	pgaa-cross-platform-matched-controls-v2
liang2023_liver_organoid_crispr	Mouse liver organoid CRISPR-Cas9	recorded_sample_holdout_4_vs_5	Egr1	Egr1	4	pgaa_h	70	4999	0.03	0.02	0.0099999999999999	0.0896069866279257	0.10303645552203	pgaa-cross-platform-dual-gate-v2	pgaa-cross-platform-matched-controls-v2
liang2023_liver_organoid_crispr	Mouse liver organoid CRISPR-Cas9	recorded_sample_holdout_4_vs_5	Egr1	Egr1	4	absolute_mean_shift	70	4999	0.2	0.11	0.09	0.15538694447594	0.0711926771805631	pgaa-cross-platform-dual-gate-v2	pgaa-cross-platform-matched-controls-v2
liang2023_liver_organoid_crispr	Mouse liver organoid CRISPR-Cas9	recorded_sample_holdout_4_vs_5	Egr1	Egr1	4	welch_abs_t	70	4999	0.04	0.03	0.01	0.0667700148609426	0.0035174142873481	pgaa-cross-platform-dual-gate-v2	pgaa-cross-platform-matched-controls-v2
liang2023_liver_organoid_crispr	Mouse liver organoid CRISPR-Cas9	recorded_sample_holdout_4_vs_5	Esrp2	Esrp2	0	pgaa_w	70	4999	0.29	0.15	0.1399999999999999	0.3369402804051072	0.3144424185348206	pgaa-cross-platform-dual-gate-v2	pgaa-cross-platform-matched-controls-v2
liang2023_liver_organoid_crispr	Mouse liver organoid CRISPR-Cas9	recorded_sample_holdout_4_vs_5	Esrp2	Esrp2	0	pgaa_h	70	4999	0.06	0.0	0.06	0.0736662045681585	0.1063954959844577	pgaa-cross-platform-dual-gate-v2	pgaa-cross-platform-matched-controls-v2
liang2023_liver_organoid_crispr	Mouse liver organoid CRISPR-Cas9	recorded_sample_holdout_4_vs_5	Esrp2	Esrp2	0	absolute_mean_shift	70	4999	0.27	0.07	0.2	0.1284319946077816	0.0737392784803341	pgaa-cross-platform-dual-gate-v2	pgaa-cross-platform-matched-controls-v2
liang2023_liver_organoid_crispr	Mouse liver organoid CRISPR-Cas9	recorded_sample_holdout_4_vs_5	Esrp2	Esrp2	0	welch_abs_t	70	4999	0.04	0.02	0.02	0.0355677885645692	0.0073484712312137	pgaa-cross-platform-dual-gate-v2	pgaa-cross-platform-matched-controls-v2
liang2023_liver_organoid_crispr	Mouse liver organoid CRISPR-Cas9	recorded_sample_holdout_4_vs_5	Esrp2	Esrp2	1	pgaa_w	70	4999	0.36	0.26	0.0999999999999999	0.3179939422294542	0.3234329759264425	pgaa-cross-platform-dual-gate-v2	pgaa-cross-platform-matched-controls-v2
liang2023_liver_organoid_crispr	Mouse liver organoid CRISPR-Cas9	recorded_sample_holdout_4_vs_5	Esrp2	Esrp2	1	pgaa_h	70	4999	0.02	0.03	-0.0099999999999999	0.1190663033204856	0.1086134066680769	pgaa-cross-platform-dual-gate-v2	pgaa-cross-platform-matched-controls-v2
liang2023_liver_organoid_crispr	Mouse liver organoid CRISPR-Cas9	recorded_sample_holdout_4_vs_5	Esrp2	Esrp2	1	absolute_mean_shift	70	4999	0.33	0.18	0.15	0.1138564345528099	0.1056636258521727	pgaa-cross-platform-dual-gate-v2	pgaa-cross-platform-matched-controls-v2
liang2023_liver_organoid_crispr	Mouse liver organoid CRISPR-Cas9	recorded_sample_holdout_4_vs_5	Esrp2	Esrp2	1	welch_abs_t	70	4999	0.08	0.04	0.04	0.0187180371973246	0.0004481336123489	pgaa-cross-platform-dual-gate-v2	pgaa-cross-platform-matched-controls-v2
liang2023_liver_organoid_crispr	Mouse liver organoid CRISPR-Cas9	recorded_sample_holdout_4_vs_5	Esrp2	Esrp2	2	pgaa_w	70	4999	0.24	0.23	0.0099999999999999	0.3112380361381096	0.3176012943361205	pgaa-cross-platform-dual-gate-v2	pgaa-cross-platform-matched-controls-v2
liang2023_liver_organoid_crispr	Mouse liver organoid CRISPR-Cas9	recorded_sample_holdout_4_vs_5	Esrp2	Esrp2	2	pgaa_h	70	4999	0.02	0.04	-0.02	0.0864649372168949	0.1124558254194626	pgaa-cross-platform-dual-gate-v2	pgaa-cross-platform-matched-controls-v2
liang2023_liver_organoid_crispr	Mouse liver organoid CRISPR-Cas9	recorded_sample_holdout_4_vs_5	Esrp2	Esrp2	2	absolute_mean_shift	70	4999	0.19	0.16	0.03	0.0898455023208463	0.1029440563312155	pgaa-cross-platform-dual-gate-v2	pgaa-cross-platform-matched-controls-v2
liang2023_liver_organoid_crispr	Mouse liver organoid CRISPR-Cas9	recorded_sample_holdout_4_vs_5	Esrp2	Esrp2	2	welch_abs_t	70	4999	0.02	0.02	0.0	0.0102856761033016	0.0148951822540953	pgaa-cross-platform-dual-gate-v2	pgaa-cross-platform-matched-controls-v2
liang2023_liver_organoid_crispr	Mouse liver organoid CRISPR-Cas9	recorded_sample_holdout_4_vs_5	Esrp2	Esrp2	3	pgaa_w	70	4999	0.35	0.17	0.1799999999999999	0.371450600945093	0.2807256789240375	pgaa-cross-platform-dual-gate-v2	pgaa-cross-platform-matched-controls-v2
liang2023_liver_organoid_crispr	Mouse liver organoid CRISPR-Cas9	recorded_sample_holdout_4_vs_5	Esrp2	Esrp2	3	pgaa_h	70	4999	0.02	0.0	0.02	0.094241711173503	0.1197869638204761	pgaa-cross-platform-dual-gate-v2	pgaa-cross-platform-matched-controls-v2
liang2023_liver_organoid_crispr	Mouse liver organoid CRISPR-Cas9	recorded_sample_holdout_4_vs_5	Esrp2	Esrp2	3	absolute_mean_shift	70	4999	0.35	0.1	0.2499999999999999	0.2073056178070128	0.056482959985488	pgaa-cross-platform-dual-gate-v2	pgaa-cross-platform-matched-controls-v2
liang2023_liver_organoid_crispr	Mouse liver organoid CRISPR-Cas9	recorded_sample_holdout_4_vs_5	Esrp2	Esrp2	3	welch_abs_t	70	4999	0.1	0.02	0.08	0.0967228092576579	-0.0003887729766935	pgaa-cross-platform-dual-gate-v2	pgaa-cross-platform-matched-controls-v2
liang2023_liver_organoid_crispr	Mouse liver organoid CRISPR-Cas9	recorded_sample_holdout_4_vs_5	Esrp2	Esrp2	4	pgaa_w	70	4999	0.24	0.17	0.0699999999999999	0.3133240944137602	0.3176747535897978	pgaa-cross-platform-dual-gate-v2	pgaa-cross-platform-matched-controls-v2
liang2023_liver_organoid_crispr	Mouse liver organoid CRISPR-Cas9	recorded_sample_holdout_4_vs_5	Esrp2	Esrp2	4	pgaa_h	70	4999	0.06	0.04	0.0199999999999999	0.1001176242867407	0.1097183265738014	pgaa-cross-platform-dual-gate-v2	pgaa-cross-platform-matched-controls-v2
liang2023_liver_organoid_crispr	Mouse liver organoid CRISPR-Cas9	recorded_sample_holdout_4_vs_5	Esrp2	Esrp2	4	absolute_mean_shift	70	4999	0.18	0.13	0.0499999999999999	0.0792592919696562	0.0983890286482346	pgaa-cross-platform-dual-gate-v2	pgaa-cross-platform-matched-controls-v2
liang2023_liver_organoid_crispr	Mouse liver organoid CRISPR-Cas9	recorded_sample_holdout_4_vs_5	Esrp2	Esrp2	4	welch_abs_t	70	4999	0.03	0.05	-0.02	0.0049095026690768	0.0057035464717362	pgaa-cross-platform-dual-gate-v2	pgaa-cross-platform-matched-controls-v2
liang2023_liver_organoid_crispr	Mouse liver organoid CRISPR-Cas9	recorded_sample_holdout_4_vs_5	Fli1	Fli1	0	pgaa_w	70	5000	0.19	0.24	-0.0499999999999999	0.2903189861115977	0.3219141316600172	pgaa-cross-platform-dual-gate-v2	pgaa-cross-platform-matched-controls-v2
liang2023_liver_organoid_crispr	Mouse liver organoid CRISPR-Cas9	recorded_sample_holdout_4_vs_5	Fli1	Fli1	0	pgaa_h	70	5000	0.03	0.06	-0.03	0.0955393586243745	0.0918377564393253	pgaa-cross-platform-dual-gate-v2	pgaa-cross-platform-matched-controls-v2
liang2023_liver_organoid_crispr	Mouse liver organoid CRISPR-Cas9	recorded_sample_holdout_4_vs_5	Fli1	Fli1	0	absolute_mean_shift	70	5000	0.12	0.14	-0.02	0.0695233463176194	0.1160425756935532	pgaa-cross-platform-dual-gate-v2	pgaa-cross-platform-matched-controls-v2
liang2023_liver_organoid_crispr	Mouse liver organoid CRISPR-Cas9	recorded_sample_holdout_4_vs_5	Fli1	Fli1	0	welch_abs_t	70	5000	0.04	0.03	0.01	-0.0076962047247717	0.0161495931107589	pgaa-cross-platform-dual-gate-v2	pgaa-cross-platform-matched-controls-v2
liang2023_liver_organoid_crispr	Mouse liver organoid CRISPR-Cas9	recorded_sample_holdout_4_vs_5	Fli1	Fli1	1	pgaa_w	70	5000	0.17	0.26	-0.09	0.3123155768841186	0.3119942079432562	pgaa-cross-platform-dual-gate-v2	pgaa-cross-platform-matched-controls-v2
liang2023_liver_organoid_crispr	Mouse liver organoid CRISPR-Cas9	recorded_sample_holdout_4_vs_5	Fli1	Fli1	1	pgaa_h	70	5000	0.04	0.02	0.02	0.0933759308901094	0.0970164074731686	pgaa-cross-platform-dual-gate-v2	pgaa-cross-platform-matched-controls-v2
liang2023_liver_organoid_crispr	Mouse liver organoid CRISPR-Cas9	recorded_sample_holdout_4_vs_5	Fli1	Fli1	1	absolute_mean_shift	70	5000	0.13	0.15	-0.0199999999999999	0.0899761149698417	0.0728368280102135	pgaa-cross-platform-dual-gate-v2	pgaa-cross-platform-matched-controls-v2
liang2023_liver_organoid_crispr	Mouse liver organoid CRISPR-Cas9	recorded_sample_holdout_4_vs_5	Fli1	Fli1	1	welch_abs_t	70	5000	0.02	0.01	0.01	0.0152317223387311	0.0023334093573923	pgaa-cross-platform-dual-gate-v2	pgaa-cross-platform-matched-controls-v2
liang2023_liver_organoid_crispr	Mouse liver organoid CRISPR-Cas9	recorded_sample_holdout_4_vs_5	Fli1	Fli1	2	pgaa_w	70	5000	0.21	0.21	0.0	0.3183585359663414	0.3260076756881312	pgaa-cross-platform-dual-gate-v2	pgaa-cross-platform-matched-controls-v2
liang2023_liver_organoid_crispr	Mouse liver organoid CRISPR-Cas9	recorded_sample_holdout_4_vs_5	Fli1	Fli1	2	pgaa_h	70	5000	0.04	0.03	0.01	0.100474122718029	0.0982853758561771	pgaa-cross-platform-dual-gate-v2	pgaa-cross-platform-matched-controls-v2
liang2023_liver_organoid_crispr	Mouse liver organoid CRISPR-Cas9	recorded_sample_holdout_4_vs_5	Fli1	Fli1	2	absolute_mean_shift	70	5000	0.15	0.13	0.0199999999999999	0.084100915556184	0.0958546130479875	pgaa-cross-platform-dual-gate-v2	pgaa-cross-platform-matched-controls-v2
liang2023_liver_organoid_crispr	Mouse liver organoid CRISPR-Cas9	recorded_sample_holdout_4_vs_5	Fli1	Fli1	2	welch_abs_t	70	5000	0.03	0.03	0.0	-0.0013681316707252	0.0164003853451962	pgaa-cross-platform-dual-gate-v2	pgaa-cross-platform-matched-controls-v2
liang2023_liver_organoid_crispr	Mouse liver organoid CRISPR-Cas9	recorded_sample_holdout_4_vs_5	Fli1	Fli1	3	pgaa_w	70	5000	0.24	0.11	0.13	0.3107849151833965	0.3130714660343723	pgaa-cross-platform-dual-gate-v2	pgaa-cross-platform-matched-controls-v2
liang2023_liver_organoid_crispr	Mouse liver organoid CRISPR-Cas9	recorded_sample_holdout_4_vs_5	Fli1	Fli1	3	pgaa_h	70	5000	0.04	0.04	0.0	0.0802854044851703	0.0863266391027127	pgaa-cross-platform-dual-gate-v2	pgaa-cross-platform-matched-controls-v2
liang2023_liver_organoid_crispr	Mouse liver organoid CRISPR-Cas9	recorded_sample_holdout_4_vs_5	Fli1	Fli1	3	absolute_mean_shift	70	5000	0.18	0.08	0.0999999999999999	0.0770063379073424	0.0833185491647405	pgaa-cross-platform-dual-gate-v2	pgaa-cross-platform-matched-controls-v2
liang2023_liver_organoid_crispr	Mouse liver organoid CRISPR-Cas9	recorded_sample_holdout_4_vs_5	Fli1	Fli1	3	welch_abs_t	70	5000	0.02	0.02	0.0	-0.002163728726653	0.0114678485555396	pgaa-cross-platform-dual-gate-v2	pgaa-cross-platform-matched-controls-v2
liang2023_liver_organoid_crispr	Mouse liver organoid CRISPR-Cas9	recorded_sample_holdout_4_vs_5	Fli1	Fli1	4	pgaa_w	70	5000	0.19	0.2	-0.01	0.3051596782850348	0.2912498098559724	pgaa-cross-platform-dual-gate-v2	pgaa-cross-platform-matched-controls-v2
liang2023_liver_organoid_crispr	Mouse liver organoid CRISPR-Cas9	recorded_sample_holdout_4_vs_5	Fli1	Fli1	4	pgaa_h	70	5000	0.05	0.02	0.03	0.1173482553672374	0.1125447744394419	pgaa-cross-platform-dual-gate-v2	pgaa-cross-platform-matched-controls-v2
liang2023_liver_organoid_crispr	Mouse liver organoid CRISPR-Cas9	recorded_sample_holdout_4_vs_5	Fli1	Fli1	4	absolute_mean_shift	70	5000	0.09	0.15	-0.06	0.0725471351843322	0.0466260336443984	pgaa-cross-platform-dual-gate-v2	pgaa-cross-platform-matched-controls-v2
liang2023_liver_organoid_crispr	Mouse liver organoid CRISPR-Cas9	recorded_sample_holdout_4_vs_5	Fli1	Fli1	4	welch_abs_t	70	5000	0.02	0.01	0.01	-0.0002302998332285	-0.0277771423297523	pgaa-cross-platform-dual-gate-v2	pgaa-cross-platform-matched-controls-v2
liang2023_liver_organoid_crispr	Mouse liver organoid CRISPR-Cas9	recorded_sample_holdout_4_vs_5	Fos	Fos	0	pgaa_w	70	4999	0.2	0.21	-0.0099999999999999	0.3006917616320715	0.3195473959531185	pgaa-cross-platform-dual-gate-v2	pgaa-cross-platform-matched-controls-v2
liang2023_liver_organoid_crispr	Mouse liver organoid CRISPR-Cas9	recorded_sample_holdout_4_vs_5	Fos	Fos	0	pgaa_h	70	4999	0.08	0.04	0.04	0.1042482402689568	0.1055730152230165	pgaa-cross-platform-dual-gate-v2	pgaa-cross-platform-matched-controls-v2
liang2023_liver_organoid_crispr	Mouse liver organoid CRISPR-Cas9	recorded_sample_holdout_4_vs_5	Fos	Fos	0	absolute_mean_shift	70	4999	0.17	0.15	0.02	0.0925237383482127	0.0630651617374516	pgaa-cross-platform-dual-gate-v2	pgaa-cross-platform-matched-controls-v2
liang2023_liver_organoid_crispr	Mouse liver organoid CRISPR-Cas9	recorded_sample_holdout_4_vs_5	Fos	Fos	0	welch_abs_t	70	4999	0.02	0.05	-0.03	0.0069463115435546	-0.0004256592735318	pgaa-cross-platform-dual-gate-v2	pgaa-cross-platform-matched-controls-v2
liang2023_liver_organoid_crispr	Mouse liver organoid CRISPR-Cas9	recorded_sample_holdout_4_vs_5	Fos	Fos	1	pgaa_w	70	4999	0.37	0.21	0.16	0.3314949658276787	0.3016279106626429	pgaa-cross-platform-dual-gate-v2	pgaa-cross-platform-matched-controls-v2
liang2023_liver_organoid_crispr	Mouse liver organoid CRISPR-Cas9	recorded_sample_holdout_4_vs_5	Fos	Fos	1	pgaa_h	70	4999	0.02	0.0	0.02	0.0736537606483391	0.1225431260149797	pgaa-cross-platform-dual-gate-v2	pgaa-cross-platform-matched-controls-v2
liang2023_liver_organoid_crispr	Mouse liver organoid CRISPR-Cas9	recorded_sample_holdout_4_vs_5	Fos	Fos	1	absolute_mean_shift	70	4999	0.3	0.15	0.15	0.1282021311683759	0.0642334025136271	pgaa-cross-platform-dual-gate-v2	pgaa-cross-platform-matched-controls-v2
liang2023_liver_organoid_crispr	Mouse liver organoid CRISPR-Cas9	recorded_sample_holdout_4_vs_5	Fos	Fos	1	welch_abs_t	70	4999	0.03	0.01	0.0199999999999999	0.0403460393457341	-0.0038929648117301	pgaa-cross-platform-dual-gate-v2	pgaa-cross-platform-matched-controls-v2
liang2023_liver_organoid_crispr	Mouse liver organoid CRISPR-Cas9	recorded_sample_holdout_4_vs_5	Fos	Fos	2	pgaa_w	70	4999	0.31	0.21	0.1	0.337746001405269	0.293406337449963	pgaa-cross-platform-dual-gate-v2	pgaa-cross-platform-matched-controls-v2
liang2023_liver_organoid_crispr	Mouse liver organoid CRISPR-Cas9	recorded_sample_holdout_4_vs_5	Fos	Fos	2	pgaa_h	70	4999	0.02	0.03	-0.0099999999999999	0.0752455568846574	0.1238747921022648	pgaa-cross-platform-dual-gate-v2	pgaa-cross-platform-matched-controls-v2
liang2023_liver_organoid_crispr	Mouse liver organoid CRISPR-Cas9	recorded_sample_holdout_4_vs_5	Fos	Fos	2	absolute_mean_shift	70	4999	0.29	0.12	0.1699999999999999	0.1492648309805666	0.0707000802886508	pgaa-cross-platform-dual-gate-v2	pgaa-cross-platform-matched-controls-v2
liang2023_liver_organoid_crispr	Mouse liver organoid CRISPR-Cas9	recorded_sample_holdout_4_vs_5	Fos	Fos	2	welch_abs_t	70	4999	0.12	0.03	0.09	0.0488323607613839	-0.009553390053761	pgaa-cross-platform-dual-gate-v2	pgaa-cross-platform-matched-controls-v2
liang2023_liver_organoid_crispr	Mouse liver organoid CRISPR-Cas9	recorded_sample_holdout_4_vs_5	Fos	Fos	3	pgaa_w	70	4999	0.29	0.22	0.0699999999999999	0.3052380683726295	0.2934696097442778	pgaa-cross-platform-dual-gate-v2	pgaa-cross-platform-matched-controls-v2
liang2023_liver_organoid_crispr	Mouse liver organoid CRISPR-Cas9	recorded_sample_holdout_4_vs_5	Fos	Fos	3	pgaa_h	70	4999	0.05	0.0	0.05	0.0840158672007361	0.1324871503781479	pgaa-cross-platform-dual-gate-v2	pgaa-cross-platform-matched-controls-v2
liang2023_liver_organoid_crispr	Mouse liver organoid CRISPR-Cas9	recorded_sample_holdout_4_vs_5	Fos	Fos	3	absolute_mean_shift	70	4999	0.23	0.16	0.07	0.0944874565925652	0.0594307250448479	pgaa-cross-platform-dual-gate-v2	pgaa-cross-platform-matched-controls-v2
liang2023_liver_organoid_crispr	Mouse liver organoid CRISPR-Cas9	recorded_sample_holdout_4_vs_5	Fos	Fos	3	welch_abs_t	70	4999	0.03	0.02	0.0099999999999999	0.0058586757450341	-0.0237736161878234	pgaa-cross-platform-dual-gate-v2	pgaa-cross-platform-matched-controls-v2
liang2023_liver_organoid_crispr	Mouse liver organoid CRISPR-Cas9	recorded_sample_holdout_4_vs_5	Fos	Fos	4	pgaa_w	70	4999	0.38	0.2	0.18	0.3501544915069485	0.2948377126085481	pgaa-cross-platform-dual-gate-v2	pgaa-cross-platform-matched-controls-v2
liang2023_liver_organoid_crispr	Mouse liver organoid CRISPR-Cas9	recorded_sample_holdout_4_vs_5	Fos	Fos	4	pgaa_h	70	4999	0.08	0.0	0.08	0.0987366176729602	0.0746207979931004	pgaa-cross-platform-dual-gate-v2	pgaa-cross-platform-matched-controls-v2
liang2023_liver_organoid_crispr	Mouse liver organoid CRISPR-Cas9	recorded_sample_holdout_4_vs_5	Fos	Fos	4	absolute_mean_shift	70	4999	0.33	0.07	0.26	0.1458645017158753	0.0407925679331866	pgaa-cross-platform-dual-gate-v2	pgaa-cross-platform-matched-controls-v2
liang2023_liver_organoid_crispr	Mouse liver organoid CRISPR-Cas9	recorded_sample_holdout_4_vs_5	Fos	Fos	4	welch_abs_t	70	4999	0.08	0.02	0.06	0.057173322012714	-0.0011135823323128	pgaa-cross-platform-dual-gate-v2	pgaa-cross-platform-matched-controls-v2
liang2023_liver_organoid_crispr	Mouse liver organoid CRISPR-Cas9	recorded_sample_holdout_4_vs_5	Foxs1	Foxs1	0	pgaa_w	70	5000	0.14	0.16	-0.0199999999999999	0.3044216343761715	0.301624374367453	pgaa-cross-platform-dual-gate-v2	pgaa-cross-platform-matched-controls-v2
liang2023_liver_organoid_crispr	Mouse liver organoid CRISPR-Cas9	recorded_sample_holdout_4_vs_5	Foxs1	Foxs1	0	pgaa_h	70	5000	0.04	0.03	0.01	0.1103789629609916	0.0763541614633413	pgaa-cross-platform-dual-gate-v2	pgaa-cross-platform-matched-controls-v2
liang2023_liver_organoid_crispr	Mouse liver organoid CRISPR-Cas9	recorded_sample_holdout_4_vs_5	Foxs1	Foxs1	0	absolute_mean_shift	70	5000	0.11	0.09	0.02	0.0593214503376714	0.0685970453059914	pgaa-cross-platform-dual-gate-v2	pgaa-cross-platform-matched-controls-v2
liang2023_liver_organoid_crispr	Mouse liver organoid CRISPR-Cas9	recorded_sample_holdout_4_vs_5	Foxs1	Foxs1	0	welch_abs_t	70	5000	0.05	0.03	0.02	0.0057407409017674	0.0119072266048606	pgaa-cross-platform-dual-gate-v2	pgaa-cross-platform-matched-controls-v2
liang2023_liver_organoid_crispr	Mouse liver organoid CRISPR-Cas9	recorded_sample_holdout_4_vs_5	Foxs1	Foxs1	1	pgaa_w	70	5000	0.14	0.14	0.0	0.3057514291874093	0.295177923771454	pgaa-cross-platform-dual-gate-v2	pgaa-cross-platform-matched-controls-v2
liang2023_liver_organoid_crispr	Mouse liver organoid CRISPR-Cas9	recorded_sample_holdout_4_vs_5	Foxs1	Foxs1	1	pgaa_h	70	5000	0.02	0.04	-0.02	0.1312602797015794	0.1232773875358387	pgaa-cross-platform-dual-gate-v2	pgaa-cross-platform-matched-controls-v2
liang2023_liver_organoid_crispr	Mouse liver organoid CRISPR-Cas9	recorded_sample_holdout_4_vs_5	Foxs1	Foxs1	1	absolute_mean_shift	70	5000	0.1	0.09	0.01	0.081671009534601	0.0502860639878906	pgaa-cross-platform-dual-gate-v2	pgaa-cross-platform-matched-controls-v2
liang2023_liver_organoid_crispr	Mouse liver organoid CRISPR-Cas9	recorded_sample_holdout_4_vs_5	Foxs1	Foxs1	1	welch_abs_t	70	5000	0.02	0.03	-0.0099999999999999	0.025961169200939	0.0129478919434694	pgaa-cross-platform-dual-gate-v2	pgaa-cross-platform-matched-controls-v2
liang2023_liver_organoid_crispr	Mouse liver organoid CRISPR-Cas9	recorded_sample_holdout_4_vs_5	Foxs1	Foxs1	2	pgaa_w	70	5000	0.15	0.15	0.0	0.3075557435256111	0.3061063417076002	pgaa-cross-platform-dual-gate-v2	pgaa-cross-platform-matched-controls-v2
liang2023_liver_organoid_crispr	Mouse liver organoid CRISPR-Cas9	recorded_sample_holdout_4_vs_5	Foxs1	Foxs1	2	pgaa_h	70	5000	0.04	0.0	0.04	0.0872035284722435	0.0906157275649512	pgaa-cross-platform-dual-gate-v2	pgaa-cross-platform-matched-controls-v2
liang2023_liver_organoid_crispr	Mouse liver organoid CRISPR-Cas9	recorded_sample_holdout_4_vs_5	Foxs1	Foxs1	2	absolute_mean_shift	70	5000	0.09	0.09	0.0	0.0725074530171802	0.0629730474110127	pgaa-cross-platform-dual-gate-v2	pgaa-cross-platform-matched-controls-v2
liang2023_liver_organoid_crispr	Mouse liver organoid CRISPR-Cas9	recorded_sample_holdout_4_vs_5	Foxs1	Foxs1	2	welch_abs_t	70	5000	0.02	0.02	0.0	0.011941760781957	0.0205401070140972	pgaa-cross-platform-dual-gate-v2	pgaa-cross-platform-matched-controls-v2
liang2023_liver_organoid_crispr	Mouse liver organoid CRISPR-Cas9	recorded_sample_holdout_4_vs_5	Foxs1	Foxs1	3	pgaa_w	70	5000	0.22	0.22	0.0	0.3130767889945854	0.3001794009335847	pgaa-cross-platform-dual-gate-v2	pgaa-cross-platform-matched-controls-v2
liang2023_liver_organoid_crispr	Mouse liver organoid CRISPR-Cas9	recorded_sample_holdout_4_vs_5	Foxs1	Foxs1	3	pgaa_h	70	5000	0.04	0.01	0.03	0.0962143944766726	0.0966391164148961	pgaa-cross-platform-dual-gate-v2	pgaa-cross-platform-matched-controls-v2
liang2023_liver_organoid_crispr	Mouse liver organoid CRISPR-Cas9	recorded_sample_holdout_4_vs_5	Foxs1	Foxs1	3	absolute_mean_shift	70	5000	0.2	0.11	0.09	0.0852161127009156	0.0575917204865798	pgaa-cross-platform-dual-gate-v2	pgaa-cross-platform-matched-controls-v2
liang2023_liver_organoid_crispr	Mouse liver organoid CRISPR-Cas9	recorded_sample_holdout_4_vs_5	Foxs1	Foxs1	3	welch_abs_t	70	5000	0.03	0.0	0.03	0.0027450608778683	0.0011057650522836	pgaa-cross-platform-dual-gate-v2	pgaa-cross-platform-matched-controls-v2
liang2023_liver_organoid_crispr	Mouse liver organoid CRISPR-Cas9	recorded_sample_holdout_4_vs_5	Foxs1	Foxs1	4	pgaa_w	70	5000	0.18	0.14	0.0399999999999999	0.3025728226701746	0.3241038760997121	pgaa-cross-platform-dual-gate-v2	pgaa-cross-platform-matched-controls-v2
liang2023_liver_organoid_crispr	Mouse liver organoid CRISPR-Cas9	recorded_sample_holdout_4_vs_5	Foxs1	Foxs1	4	pgaa_h	70	5000	0.02	0.0	0.02	0.0928987004429603	0.1088781847877	pgaa-cross-platform-dual-gate-v2	pgaa-cross-platform-matched-controls-v2
liang2023_liver_organoid_crispr	Mouse liver organoid CRISPR-Cas9	recorded_sample_holdout_4_vs_5	Foxs1	Foxs1	4	absolute_mean_shift	70	5000	0.1	0.1	0.0	0.0554596959037119	0.1012568293792843	pgaa-cross-platform-dual-gate-v2	pgaa-cross-platform-matched-controls-v2
liang2023_liver_organoid_crispr	Mouse liver organoid CRISPR-Cas9	recorded_sample_holdout_4_vs_5	Foxs1	Foxs1	4	welch_abs_t	70	5000	0.02	0.03	-0.0099999999999999	-0.0180175295064308	0.0102868108599662	pgaa-cross-platform-dual-gate-v2	pgaa-cross-platform-matched-controls-v2
liang2023_liver_organoid_crispr	Mouse liver organoid CRISPR-Cas9	recorded_sample_holdout_4_vs_5	Glis2	Glis2	0	pgaa_w	70	4999	0.36	0.1	0.26	0.3076948300104198	0.3063223431721159	pgaa-cross-platform-dual-gate-v2	pgaa-cross-platform-matched-controls-v2
liang2023_liver_organoid_crispr	Mouse liver organoid CRISPR-Cas9	recorded_sample_holdout_4_vs_5	Glis2	Glis2	0	pgaa_h	70	4999	0.04	0.02	0.02	0.1135001680850349	0.1053587858330973	pgaa-cross-platform-dual-gate-v2	pgaa-cross-platform-matched-controls-v2
liang2023_liver_organoid_crispr	Mouse liver organoid CRISPR-Cas9	recorded_sample_holdout_4_vs_5	Glis2	Glis2	0	absolute_mean_shift	70	4999	0.36	0.07	0.29	0.114642808239276	0.0662422806321764	pgaa-cross-platform-dual-gate-v2	pgaa-cross-platform-matched-controls-v2
liang2023_liver_organoid_crispr	Mouse liver organoid CRISPR-Cas9	recorded_sample_holdout_4_vs_5	Glis2	Glis2	0	welch_abs_t	70	4999	0.07	0.02	0.05	0.0464038203078791	0.0062059712782892	pgaa-cross-platform-dual-gate-v2	pgaa-cross-platform-matched-controls-v2
liang2023_liver_organoid_crispr	Mouse liver organoid CRISPR-Cas9	recorded_sample_holdout_4_vs_5	Glis2	Glis2	1	pgaa_w	70	4999	0.36	0.15	0.21	0.3157838602610266	0.2973889171974797	pgaa-cross-platform-dual-gate-v2	pgaa-cross-platform-matched-controls-v2
liang2023_liver_organoid_crispr	Mouse liver organoid CRISPR-Cas9	recorded_sample_holdout_4_vs_5	Glis2	Glis2	1	pgaa_h	70	4999	0.02	0.06	-0.0399999999999999	0.0985227017978399	0.1005956291933943	pgaa-cross-platform-dual-gate-v2	pgaa-cross-platform-matched-controls-v2
liang2023_liver_organoid_crispr	Mouse liver organoid CRISPR-Cas9	recorded_sample_holdout_4_vs_5	Glis2	Glis2	1	absolute_mean_shift	70	4999	0.29	0.08	0.2099999999999999	0.0795699406502529	0.0652642681153912	pgaa-cross-platform-dual-gate-v2	pgaa-cross-platform-matched-controls-v2
liang2023_liver_organoid_crispr	Mouse liver organoid CRISPR-Cas9	recorded_sample_holdout_4_vs_5	Glis2	Glis2	1	welch_abs_t	70	4999	0.08	0.02	0.06	-0.0019559843781951	0.0033877586324026	pgaa-cross-platform-dual-gate-v2	pgaa-cross-platform-matched-controls-v2
liang2023_liver_organoid_crispr	Mouse liver organoid CRISPR-Cas9	recorded_sample_holdout_4_vs_5	Glis2	Glis2	2	pgaa_w	70	4999	0.37	0.13	0.24	0.3290106416001088	0.314685060676706	pgaa-cross-platform-dual-gate-v2	pgaa-cross-platform-matched-controls-v2
liang2023_liver_organoid_crispr	Mouse liver organoid CRISPR-Cas9	recorded_sample_holdout_4_vs_5	Glis2	Glis2	2	pgaa_h	70	4999	0.02	0.01	0.01	0.1251571597643858	0.1216470370993621	pgaa-cross-platform-dual-gate-v2	pgaa-cross-platform-matched-controls-v2
liang2023_liver_organoid_crispr	Mouse liver organoid CRISPR-Cas9	recorded_sample_holdout_4_vs_5	Glis2	Glis2	2	absolute_mean_shift	70	4999	0.33	0.07	0.26	0.1261070237157207	0.0462584907728865	pgaa-cross-platform-dual-gate-v2	pgaa-cross-platform-matched-controls-v2
liang2023_liver_organoid_crispr	Mouse liver organoid CRISPR-Cas9	recorded_sample_holdout_4_vs_5	Glis2	Glis2	2	welch_abs_t	70	4999	0.13	0.02	0.11	0.0328194139187981	-0.0224986006095576	pgaa-cross-platform-dual-gate-v2	pgaa-cross-platform-matched-controls-v2
liang2023_liver_organoid_crispr	Mouse liver organoid CRISPR-Cas9	recorded_sample_holdout_4_vs_5	Glis2	Glis2	3	pgaa_w	70	4999	0.38	0.21	0.17	0.3083853138454822	0.3170826203076248	pgaa-cross-platform-dual-gate-v2	pgaa-cross-platform-matched-controls-v2
liang2023_liver_organoid_crispr	Mouse liver organoid CRISPR-Cas9	recorded_sample_holdout_4_vs_5	Glis2	Glis2	3	pgaa_h	70	4999	0.03	0.05	-0.02	0.103253866861818	0.1039507612810569	pgaa-cross-platform-dual-gate-v2	pgaa-cross-platform-matched-controls-v2
liang2023_liver_organoid_crispr	Mouse liver organoid CRISPR-Cas9	recorded_sample_holdout_4_vs_5	Glis2	Glis2	3	absolute_mean_shift	70	4999	0.35	0.13	0.2199999999999999	0.10394929291529	0.0948327711135662	pgaa-cross-platform-dual-gate-v2	pgaa-cross-platform-matched-controls-v2
liang2023_liver_organoid_crispr	Mouse liver organoid CRISPR-Cas9	recorded_sample_holdout_4_vs_5	Glis2	Glis2	3	welch_abs_t	70	4999	0.09	0.02	0.0699999999999999	0.0294989014609644	-0.0042219583423633	pgaa-cross-platform-dual-gate-v2	pgaa-cross-platform-matched-controls-v2
liang2023_liver_organoid_crispr	Mouse liver organoid CRISPR-Cas9	recorded_sample_holdout_4_vs_5	Glis2	Glis2	4	pgaa_w	70	4999	0.27	0.25	0.02	0.3249601865943378	0.2947999841788093	pgaa-cross-platform-dual-gate-v2	pgaa-cross-platform-matched-controls-v2
liang2023_liver_organoid_crispr	Mouse liver organoid CRISPR-Cas9	recorded_sample_holdout_4_vs_5	Glis2	Glis2	4	pgaa_h	70	4999	0.01	0.03	-0.0199999999999999	0.1260799591569188	0.129251854258942	pgaa-cross-platform-dual-gate-v2	pgaa-cross-platform-matched-controls-v2
liang2023_liver_organoid_crispr	Mouse liver organoid CRISPR-Cas9	recorded_sample_holdout_4_vs_5	Glis2	Glis2	4	absolute_mean_shift	70	4999	0.2	0.14	0.06	0.0988777433853039	0.0809846517916264	pgaa-cross-platform-dual-gate-v2	pgaa-cross-platform-matched-controls-v2
liang2023_liver_organoid_crispr	Mouse liver organoid CRISPR-Cas9	recorded_sample_holdout_4_vs_5	Glis2	Glis2	4	welch_abs_t	70	4999	0.04	0.01	0.03	0.0250475160128121	-0.0058359232477751	pgaa-cross-platform-dual-gate-v2	pgaa-cross-platform-matched-controls-v2
lara2023_bone_marrow_crispr	Mouse bone-marrow transplant CRISPR-Cas9	recorded_timepoint_holdout_1_vs_1	Ash1l	Ash1l	0	pgaa_w	70	4999	0.14	0.05	0.09	0.3626956153295485	0.2328974125197188	pgaa-cross-platform-dual-gate-v2	pgaa-cross-platform-matched-controls-v2
lara2023_bone_marrow_crispr	Mouse bone-marrow transplant CRISPR-Cas9	recorded_timepoint_holdout_1_vs_1	Ash1l	Ash1l	0	pgaa_h	70	4999	0.03	0.01	0.0199999999999999	0.0542171381944253	0.0112429795667888	pgaa-cross-platform-dual-gate-v2	pgaa-cross-platform-matched-controls-v2
lara2023_bone_marrow_crispr	Mouse bone-marrow transplant CRISPR-Cas9	recorded_timepoint_holdout_1_vs_1	Ash1l	Ash1l	0	absolute_mean_shift	70	4999	0.1	0.02	0.08	0.1477039073191687	0.0552953259145581	pgaa-cross-platform-dual-gate-v2	pgaa-cross-platform-matched-controls-v2
lara2023_bone_marrow_crispr	Mouse bone-marrow transplant CRISPR-Cas9	recorded_timepoint_holdout_1_vs_1	Ash1l	Ash1l	0	welch_abs_t	70	4999	0.06	0.04	0.0199999999999999	0.0503517385349819	-0.0152859676380722	pgaa-cross-platform-dual-gate-v2	pgaa-cross-platform-matched-controls-v2
lara2023_bone_marrow_crispr	Mouse bone-marrow transplant CRISPR-Cas9	recorded_timepoint_holdout_1_vs_1	Ash1l	Ash1l	1	pgaa_w	70	4999	0.15	0.04	0.1099999999999999	0.359559424778113	0.2166752216281594	pgaa-cross-platform-dual-gate-v2	pgaa-cross-platform-matched-controls-v2
lara2023_bone_marrow_crispr	Mouse bone-marrow transplant CRISPR-Cas9	recorded_timepoint_holdout_1_vs_1	Ash1l	Ash1l	1	pgaa_h	70	4999	0.01	0.04	-0.03	0.0342827683463765	0.0517243511355139	pgaa-cross-platform-dual-gate-v2	pgaa-cross-platform-matched-controls-v2
lara2023_bone_marrow_crispr	Mouse bone-marrow transplant CRISPR-Cas9	recorded_timepoint_holdout_1_vs_1	Ash1l	Ash1l	1	absolute_mean_shift	70	4999	0.15	0.02	0.13	0.1324195692118519	0.0196230206924576	pgaa-cross-platform-dual-gate-v2	pgaa-cross-platform-matched-controls-v2
lara2023_bone_marrow_crispr	Mouse bone-marrow transplant CRISPR-Cas9	recorded_timepoint_holdout_1_vs_1	Ash1l	Ash1l	1	welch_abs_t	70	4999	0.07	0.03	0.04	0.0557821770356472	-0.0157243559163561	pgaa-cross-platform-dual-gate-v2	pgaa-cross-platform-matched-controls-v2
lara2023_bone_marrow_crispr	Mouse bone-marrow transplant CRISPR-Cas9	recorded_timepoint_holdout_1_vs_1	Ash1l	Ash1l	2	pgaa_w	70	4999	0.15	0.09	0.06	0.3675121172613875	0.228982017483929	pgaa-cross-platform-dual-gate-v2	pgaa-cross-platform-matched-controls-v2
lara2023_bone_marrow_crispr	Mouse bone-marrow transplant CRISPR-Cas9	recorded_timepoint_holdout_1_vs_1	Ash1l	Ash1l	2	pgaa_h	70	4999	0.01	0.04	-0.03	0.0742156389051727	0.0307453237384305	pgaa-cross-platform-dual-gate-v2	pgaa-cross-platform-matched-controls-v2
lara2023_bone_marrow_crispr	Mouse bone-marrow transplant CRISPR-Cas9	recorded_timepoint_holdout_1_vs_1	Ash1l	Ash1l	2	absolute_mean_shift	70	4999	0.12	0.04	0.0799999999999999	0.1236343777848223	0.0728986390402808	pgaa-cross-platform-dual-gate-v2	pgaa-cross-platform-matched-controls-v2
lara2023_bone_marrow_crispr	Mouse bone-marrow transplant CRISPR-Cas9	recorded_timepoint_holdout_1_vs_1	Ash1l	Ash1l	2	welch_abs_t	70	4999	0.07	0.0	0.07	0.0284081503002553	0.0266665325382003	pgaa-cross-platform-dual-gate-v2	pgaa-cross-platform-matched-controls-v2
lara2023_bone_marrow_crispr	Mouse bone-marrow transplant CRISPR-Cas9	recorded_timepoint_holdout_1_vs_1	Ash1l	Ash1l	3	pgaa_w	70	4999	0.17	0.08	0.09	0.3462339062770538	0.2684960673287119	pgaa-cross-platform-dual-gate-v2	pgaa-cross-platform-matched-controls-v2
lara2023_bone_marrow_crispr	Mouse bone-marrow transplant CRISPR-Cas9	recorded_timepoint_holdout_1_vs_1	Ash1l	Ash1l	3	pgaa_h	70	4999	0.01	0.02	-0.01	0.0383984837690368	0.0256541152411709	pgaa-cross-platform-dual-gate-v2	pgaa-cross-platform-matched-controls-v2
lara2023_bone_marrow_crispr	Mouse bone-marrow transplant CRISPR-Cas9	recorded_timepoint_holdout_1_vs_1	Ash1l	Ash1l	3	absolute_mean_shift	70	4999	0.15	0.08	0.0699999999999999	0.1181295786253142	0.0644752543321263	pgaa-cross-platform-dual-gate-v2	pgaa-cross-platform-matched-controls-v2
lara2023_bone_marrow_crispr	Mouse bone-marrow transplant CRISPR-Cas9	recorded_timepoint_holdout_1_vs_1	Ash1l	Ash1l	3	welch_abs_t	70	4999	0.08	0.03	0.05	0.0241466191917855	0.0014650115617361	pgaa-cross-platform-dual-gate-v2	pgaa-cross-platform-matched-controls-v2
lara2023_bone_marrow_crispr	Mouse bone-marrow transplant CRISPR-Cas9	recorded_timepoint_holdout_1_vs_1	Ash1l	Ash1l	4	pgaa_w	70	4999	0.21	0.09	0.12	0.3778316553586829	0.218863178542071	pgaa-cross-platform-dual-gate-v2	pgaa-cross-platform-matched-controls-v2
lara2023_bone_marrow_crispr	Mouse bone-marrow transplant CRISPR-Cas9	recorded_timepoint_holdout_1_vs_1	Ash1l	Ash1l	4	pgaa_h	70	4999	0.01	0.05	-0.04	0.0641008470440536	0.022094964820053	pgaa-cross-platform-dual-gate-v2	pgaa-cross-platform-matched-controls-v2
lara2023_bone_marrow_crispr	Mouse bone-marrow transplant CRISPR-Cas9	recorded_timepoint_holdout_1_vs_1	Ash1l	Ash1l	4	absolute_mean_shift	70	4999	0.19	0.06	0.13	0.128638107702835	0.0276541896641181	pgaa-cross-platform-dual-gate-v2	pgaa-cross-platform-matched-controls-v2
lara2023_bone_marrow_crispr	Mouse bone-marrow transplant CRISPR-Cas9	recorded_timepoint_holdout_1_vs_1	Ash1l	Ash1l	4	welch_abs_t	70	4999	0.06	0.02	0.0399999999999999	0.0312838133060293	-0.0100601564730713	pgaa-cross-platform-dual-gate-v2	pgaa-cross-platform-matched-controls-v2
lara2023_bone_marrow_crispr	Mouse bone-marrow transplant CRISPR-Cas9	recorded_timepoint_holdout_1_vs_1	Atf7ip	Atf7ip	0	pgaa_w	70	4999	0.06	0.05	0.0099999999999999	0.3245428464324318	0.2189229382010856	pgaa-cross-platform-dual-gate-v2	pgaa-cross-platform-matched-controls-v2
lara2023_bone_marrow_crispr	Mouse bone-marrow transplant CRISPR-Cas9	recorded_timepoint_holdout_1_vs_1	Atf7ip	Atf7ip	0	pgaa_h	70	4999	0.01	0.04	-0.03	0.0087118832015874	0.0208655990052011	pgaa-cross-platform-dual-gate-v2	pgaa-cross-platform-matched-controls-v2
lara2023_bone_marrow_crispr	Mouse bone-marrow transplant CRISPR-Cas9	recorded_timepoint_holdout_1_vs_1	Atf7ip	Atf7ip	0	absolute_mean_shift	70	4999	0.07	0.06	0.01	0.112449053652267	0.051323931726353	pgaa-cross-platform-dual-gate-v2	pgaa-cross-platform-matched-controls-v2
lara2023_bone_marrow_crispr	Mouse bone-marrow transplant CRISPR-Cas9	recorded_timepoint_holdout_1_vs_1	Atf7ip	Atf7ip	0	welch_abs_t	70	4999	0.06	0.01	0.0499999999999999	0.0106462831101634	0.0079917028305539	pgaa-cross-platform-dual-gate-v2	pgaa-cross-platform-matched-controls-v2
lara2023_bone_marrow_crispr	Mouse bone-marrow transplant CRISPR-Cas9	recorded_timepoint_holdout_1_vs_1	Atf7ip	Atf7ip	1	pgaa_w	70	4999	0.14	0.06	0.08	0.3407266420390921	0.2402162908509725	pgaa-cross-platform-dual-gate-v2	pgaa-cross-platform-matched-controls-v2
lara2023_bone_marrow_crispr	Mouse bone-marrow transplant CRISPR-Cas9	recorded_timepoint_holdout_1_vs_1	Atf7ip	Atf7ip	1	pgaa_h	70	4999	0.06	0.04	0.0199999999999999	0.0243352195830825	-0.0171734953195529	pgaa-cross-platform-dual-gate-v2	pgaa-cross-platform-matched-controls-v2
lara2023_bone_marrow_crispr	Mouse bone-marrow transplant CRISPR-Cas9	recorded_timepoint_holdout_1_vs_1	Atf7ip	Atf7ip	1	absolute_mean_shift	70	4999	0.11	0.05	0.06	0.1353281501503339	0.0780812686501844	pgaa-cross-platform-dual-gate-v2	pgaa-cross-platform-matched-controls-v2
lara2023_bone_marrow_crispr	Mouse bone-marrow transplant CRISPR-Cas9	recorded_timepoint_holdout_1_vs_1	Atf7ip	Atf7ip	1	welch_abs_t	70	4999	0.06	0.01	0.0499999999999999	0.0330947911551097	0.0252011667651754	pgaa-cross-platform-dual-gate-v2	pgaa-cross-platform-matched-controls-v2
lara2023_bone_marrow_crispr	Mouse bone-marrow transplant CRISPR-Cas9	recorded_timepoint_holdout_1_vs_1	Atf7ip	Atf7ip	2	pgaa_w	70	4999	0.15	0.02	0.13	0.3619128698728942	0.2241587799912924	pgaa-cross-platform-dual-gate-v2	pgaa-cross-platform-matched-controls-v2
lara2023_bone_marrow_crispr	Mouse bone-marrow transplant CRISPR-Cas9	recorded_timepoint_holdout_1_vs_1	Atf7ip	Atf7ip	2	pgaa_h	70	4999	0.05	0.03	0.02	0.0430606377395935	0.030599006781231	pgaa-cross-platform-dual-gate-v2	pgaa-cross-platform-matched-controls-v2
lara2023_bone_marrow_crispr	Mouse bone-marrow transplant CRISPR-Cas9	recorded_timepoint_holdout_1_vs_1	Atf7ip	Atf7ip	2	absolute_mean_shift	70	4999	0.14	0.01	0.13	0.1720650300528293	0.071240630894125	pgaa-cross-platform-dual-gate-v2	pgaa-cross-platform-matched-controls-v2
lara2023_bone_marrow_crispr	Mouse bone-marrow transplant CRISPR-Cas9	recorded_timepoint_holdout_1_vs_1	Atf7ip	Atf7ip	2	welch_abs_t	70	4999	0.06	0.0	0.06	0.0574161881609795	0.0168213680675347	pgaa-cross-platform-dual-gate-v2	pgaa-cross-platform-matched-controls-v2
lara2023_bone_marrow_crispr	Mouse bone-marrow transplant CRISPR-Cas9	recorded_timepoint_holdout_1_vs_1	Atf7ip	Atf7ip	3	pgaa_w	70	4999	0.11	0.07	0.0399999999999999	0.3827725616191667	0.238780940822018	pgaa-cross-platform-dual-gate-v2	pgaa-cross-platform-matched-controls-v2
lara2023_bone_marrow_crispr	Mouse bone-marrow transplant CRISPR-Cas9	recorded_timepoint_holdout_1_vs_1	Atf7ip	Atf7ip	3	pgaa_h	70	4999	0.05	0.02	0.03	0.05593608420794	0.0176553545039334	pgaa-cross-platform-dual-gate-v2	pgaa-cross-platform-matched-controls-v2
lara2023_bone_marrow_crispr	Mouse bone-marrow transplant CRISPR-Cas9	recorded_timepoint_holdout_1_vs_1	Atf7ip	Atf7ip	3	absolute_mean_shift	70	4999	0.13	0.08	0.05	0.1843443551615485	0.0620855072409542	pgaa-cross-platform-dual-gate-v2	pgaa-cross-platform-matched-controls-v2
lara2023_bone_marrow_crispr	Mouse bone-marrow transplant CRISPR-Cas9	recorded_timepoint_holdout_1_vs_1	Atf7ip	Atf7ip	3	welch_abs_t	70	4999	0.04	0.03	0.01	0.0448961893710049	0.0096738539064355	pgaa-cross-platform-dual-gate-v2	pgaa-cross-platform-matched-controls-v2
lara2023_bone_marrow_crispr	Mouse bone-marrow transplant CRISPR-Cas9	recorded_timepoint_holdout_1_vs_1	Atf7ip	Atf7ip	4	pgaa_w	70	4999	0.09	0.05	0.0399999999999999	0.3626840154105251	0.2035204839767473	pgaa-cross-platform-dual-gate-v2	pgaa-cross-platform-matched-controls-v2
lara2023_bone_marrow_crispr	Mouse bone-marrow transplant CRISPR-Cas9	recorded_timepoint_holdout_1_vs_1	Atf7ip	Atf7ip	4	pgaa_h	70	4999	0.02	0.05	-0.03	0.0206210459836232	0.0166291269669065	pgaa-cross-platform-dual-gate-v2	pgaa-cross-platform-matched-controls-v2
lara2023_bone_marrow_crispr	Mouse bone-marrow transplant CRISPR-Cas9	recorded_timepoint_holdout_1_vs_1	Atf7ip	Atf7ip	4	absolute_mean_shift	70	4999	0.09	0.04	0.0499999999999999	0.1577721446961922	0.035400214307966	pgaa-cross-platform-dual-gate-v2	pgaa-cross-platform-matched-controls-v2
lara2023_bone_marrow_crispr	Mouse bone-marrow transplant CRISPR-Cas9	recorded_timepoint_holdout_1_vs_1	Atf7ip	Atf7ip	4	welch_abs_t	70	4999	0.05	0.01	0.04	0.0534981416451357	-0.0042644579816323	pgaa-cross-platform-dual-gate-v2	pgaa-cross-platform-matched-controls-v2
lara2023_bone_marrow_crispr	Mouse bone-marrow transplant CRISPR-Cas9	recorded_timepoint_holdout_1_vs_1	Brd9	Brd9	0	pgaa_w	70	4999	0.14	0.06	0.08	0.3471704325018666	0.2477832408738651	pgaa-cross-platform-dual-gate-v2	pgaa-cross-platform-matched-controls-v2
lara2023_bone_marrow_crispr	Mouse bone-marrow transplant CRISPR-Cas9	recorded_timepoint_holdout_1_vs_1	Brd9	Brd9	0	pgaa_h	70	4999	0.07	0.01	0.06	0.0522274799721693	0.0036315906835533	pgaa-cross-platform-dual-gate-v2	pgaa-cross-platform-matched-controls-v2
lara2023_bone_marrow_crispr	Mouse bone-marrow transplant CRISPR-Cas9	recorded_timepoint_holdout_1_vs_1	Brd9	Brd9	0	absolute_mean_shift	70	4999	0.11	0.05	0.06	0.1167949879615871	0.0580825500103721	pgaa-cross-platform-dual-gate-v2	pgaa-cross-platform-matched-controls-v2
lara2023_bone_marrow_crispr	Mouse bone-marrow transplant CRISPR-Cas9	recorded_timepoint_holdout_1_vs_1	Brd9	Brd9	0	welch_abs_t	70	4999	0.05	0.03	0.02	0.0046262926535997	-0.0165929095550967	pgaa-cross-platform-dual-gate-v2	pgaa-cross-platform-matched-controls-v2
lara2023_bone_marrow_crispr	Mouse bone-marrow transplant CRISPR-Cas9	recorded_timepoint_holdout_1_vs_1	Brd9	Brd9	1	pgaa_w	70	4999	0.07	0.08	-0.0099999999999999	0.3697732092877159	0.242283219380971	pgaa-cross-platform-dual-gate-v2	pgaa-cross-platform-matched-controls-v2
lara2023_bone_marrow_crispr	Mouse bone-marrow transplant CRISPR-Cas9	recorded_timepoint_holdout_1_vs_1	Brd9	Brd9	1	pgaa_h	70	4999	0.04	0.03	0.01	0.0461401698932199	-0.0142176726817201	pgaa-cross-platform-dual-gate-v2	pgaa-cross-platform-matched-controls-v2
lara2023_bone_marrow_crispr	Mouse bone-marrow transplant CRISPR-Cas9	recorded_timepoint_holdout_1_vs_1	Brd9	Brd9	1	absolute_mean_shift	70	4999	0.07	0.05	0.02	0.1655343135493029	0.0615492644776998	pgaa-cross-platform-dual-gate-v2	pgaa-cross-platform-matched-controls-v2
lara2023_bone_marrow_crispr	Mouse bone-marrow transplant CRISPR-Cas9	recorded_timepoint_holdout_1_vs_1	Brd9	Brd9	1	welch_abs_t	70	4999	0.05	0.01	0.04	0.0281394889335777	0.0027484578788506	pgaa-cross-platform-dual-gate-v2	pgaa-cross-platform-matched-controls-v2
lara2023_bone_marrow_crispr	Mouse bone-marrow transplant CRISPR-Cas9	recorded_timepoint_holdout_1_vs_1	Brd9	Brd9	2	pgaa_w	70	4999	0.14	0.07	0.07	0.3407016620611038	0.264246087825008	pgaa-cross-platform-dual-gate-v2	pgaa-cross-platform-matched-controls-v2
lara2023_bone_marrow_crispr	Mouse bone-marrow transplant CRISPR-Cas9	recorded_timepoint_holdout_1_vs_1	Brd9	Brd9	2	pgaa_h	70	4999	0.07	0.02	0.05	0.0499871875368725	0.0243014762636065	pgaa-cross-platform-dual-gate-v2	pgaa-cross-platform-matched-controls-v2
lara2023_bone_marrow_crispr	Mouse bone-marrow transplant CRISPR-Cas9	recorded_timepoint_holdout_1_vs_1	Brd9	Brd9	2	absolute_mean_shift	70	4999	0.11	0.06	0.05	0.1333088484331496	0.0426320071728126	pgaa-cross-platform-dual-gate-v2	pgaa-cross-platform-matched-controls-v2
lara2023_bone_marrow_crispr	Mouse bone-marrow transplant CRISPR-Cas9	recorded_timepoint_holdout_1_vs_1	Brd9	Brd9	2	welch_abs_t	70	4999	0.01	0.02	-0.01	0.0306168320338737	-0.0142832562670997	pgaa-cross-platform-dual-gate-v2	pgaa-cross-platform-matched-controls-v2
lara2023_bone_marrow_crispr	Mouse bone-marrow transplant CRISPR-Cas9	recorded_timepoint_holdout_1_vs_1	Brd9	Brd9	3	pgaa_w	70	4999	0.16	0.07	0.09	0.3668032276323212	0.2416478091834848	pgaa-cross-platform-dual-gate-v2	pgaa-cross-platform-matched-controls-v2
lara2023_bone_marrow_crispr	Mouse bone-marrow transplant CRISPR-Cas9	recorded_timepoint_holdout_1_vs_1	Brd9	Brd9	3	pgaa_h	70	4999	0.03	0.01	0.0199999999999999	0.047533755990122	0.0356907624834422	pgaa-cross-platform-dual-gate-v2	pgaa-cross-platform-matched-controls-v2
lara2023_bone_marrow_crispr	Mouse bone-marrow transplant CRISPR-Cas9	recorded_timepoint_holdout_1_vs_1	Brd9	Brd9	3	absolute_mean_shift	70	4999	0.14	0.06	0.08	0.1644345105394021	0.0604466941945841	pgaa-cross-platform-dual-gate-v2	pgaa-cross-platform-matched-controls-v2
lara2023_bone_marrow_crispr	Mouse bone-marrow transplant CRISPR-Cas9	recorded_timepoint_holdout_1_vs_1	Brd9	Brd9	3	welch_abs_t	70	4999	0.03	0.01	0.0199999999999999	0.0679322446034432	0.0144436031517894	pgaa-cross-platform-dual-gate-v2	pgaa-cross-platform-matched-controls-v2
lara2023_bone_marrow_crispr	Mouse bone-marrow transplant CRISPR-Cas9	recorded_timepoint_holdout_1_vs_1	Brd9	Brd9	4	pgaa_w	70	4999	0.11	0.1	0.0099999999999999	0.3090422067126511	0.2627516895455922	pgaa-cross-platform-dual-gate-v2	pgaa-cross-platform-matched-controls-v2
lara2023_bone_marrow_crispr	Mouse bone-marrow transplant CRISPR-Cas9	recorded_timepoint_holdout_1_vs_1	Brd9	Brd9	4	pgaa_h	70	4999	0.01	0.02	-0.01	0.087026830947571	0.0260654050117162	pgaa-cross-platform-dual-gate-v2	pgaa-cross-platform-matched-controls-v2
lara2023_bone_marrow_crispr	Mouse bone-marrow transplant CRISPR-Cas9	recorded_timepoint_holdout_1_vs_1	Brd9	Brd9	4	absolute_mean_shift	70	4999	0.09	0.08	0.0099999999999999	0.1106153532320204	0.066512608559301	pgaa-cross-platform-dual-gate-v2	pgaa-cross-platform-matched-controls-v2
lara2023_bone_marrow_crispr	Mouse bone-marrow transplant CRISPR-Cas9	recorded_timepoint_holdout_1_vs_1	Brd9	Brd9	4	welch_abs_t	70	4999	0.0	0.02	-0.02	0.0196528158452819	0.0089945079532112	pgaa-cross-platform-dual-gate-v2	pgaa-cross-platform-matched-controls-v2
lara2023_bone_marrow_crispr	Mouse bone-marrow transplant CRISPR-Cas9	recorded_timepoint_holdout_1_vs_1	Carm1	Carm1	0	pgaa_w	70	4999	0.2	0.02	0.18	0.3810585029851109	0.2171531725792938	pgaa-cross-platform-dual-gate-v2	pgaa-cross-platform-matched-controls-v2
lara2023_bone_marrow_crispr	Mouse bone-marrow transplant CRISPR-Cas9	recorded_timepoint_holdout_1_vs_1	Carm1	Carm1	0	pgaa_h	70	4999	0.03	0.08	-0.05	0.041429455463186	0.0230145244748358	pgaa-cross-platform-dual-gate-v2	pgaa-cross-platform-matched-controls-v2
lara2023_bone_marrow_crispr	Mouse bone-marrow transplant CRISPR-Cas9	recorded_timepoint_holdout_1_vs_1	Carm1	Carm1	0	absolute_mean_shift	70	4999	0.2	0.03	0.17	0.1749236064949992	0.039281698262307	pgaa-cross-platform-dual-gate-v2	pgaa-cross-platform-matched-controls-v2
lara2023_bone_marrow_crispr	Mouse bone-marrow transplant CRISPR-Cas9	recorded_timepoint_holdout_1_vs_1	Carm1	Carm1	0	welch_abs_t	70	4999	0.06	0.02	0.0399999999999999	0.0799377767529481	-0.0056817615623965	pgaa-cross-platform-dual-gate-v2	pgaa-cross-platform-matched-controls-v2
lara2023_bone_marrow_crispr	Mouse bone-marrow transplant CRISPR-Cas9	recorded_timepoint_holdout_1_vs_1	Carm1	Carm1	1	pgaa_w	70	4999	0.12	0.02	0.0999999999999999	0.3714526500978468	0.2273130271672582	pgaa-cross-platform-dual-gate-v2	pgaa-cross-platform-matched-controls-v2
lara2023_bone_marrow_crispr	Mouse bone-marrow transplant CRISPR-Cas9	recorded_timepoint_holdout_1_vs_1	Carm1	Carm1	1	pgaa_h	70	4999	0.07	0.02	0.05	0.0473516974104885	0.0218186248152987	pgaa-cross-platform-dual-gate-v2	pgaa-cross-platform-matched-controls-v2
lara2023_bone_marrow_crispr	Mouse bone-marrow transplant CRISPR-Cas9	recorded_timepoint_holdout_1_vs_1	Carm1	Carm1	1	absolute_mean_shift	70	4999	0.13	0.02	0.11	0.1467268639427809	0.038172425076	pgaa-cross-platform-dual-gate-v2	pgaa-cross-platform-matched-controls-v2
lara2023_bone_marrow_crispr	Mouse bone-marrow transplant CRISPR-Cas9	recorded_timepoint_holdout_1_vs_1	Carm1	Carm1	1	welch_abs_t	70	4999	0.04	0.03	0.01	0.035651314080343	-0.0148520099701777	pgaa-cross-platform-dual-gate-v2	pgaa-cross-platform-matched-controls-v2
lara2023_bone_marrow_crispr	Mouse bone-marrow transplant CRISPR-Cas9	recorded_timepoint_holdout_1_vs_1	Carm1	Carm1	2	pgaa_w	70	4999	0.17	0.08	0.09	0.406999375673454	0.2004529964336205	pgaa-cross-platform-dual-gate-v2	pgaa-cross-platform-matched-controls-v2
lara2023_bone_marrow_crispr	Mouse bone-marrow transplant CRISPR-Cas9	recorded_timepoint_holdout_1_vs_1	Carm1	Carm1	2	pgaa_h	70	4999	0.01	0.04	-0.03	0.0555179027604856	0.0144758094931859	pgaa-cross-platform-dual-gate-v2	pgaa-cross-platform-matched-controls-v2
lara2023_bone_marrow_crispr	Mouse bone-marrow transplant CRISPR-Cas9	recorded_timepoint_holdout_1_vs_1	Carm1	Carm1	2	absolute_mean_shift	70	4999	0.18	0.06	0.12	0.2003128710064192	0.0342899312188286	pgaa-cross-platform-dual-gate-v2	pgaa-cross-platform-matched-controls-v2
lara2023_bone_marrow_crispr	Mouse bone-marrow transplant CRISPR-Cas9	recorded_timepoint_holdout_1_vs_1	Carm1	Carm1	2	welch_abs_t	70	4999	0.08	0.04	0.04	0.1047440712177188	-0.0135478451272487	pgaa-cross-platform-dual-gate-v2	pgaa-cross-platform-matched-controls-v2
lara2023_bone_marrow_crispr	Mouse bone-marrow transplant CRISPR-Cas9	recorded_timepoint_holdout_1_vs_1	Carm1	Carm1	3	pgaa_w	70	4999	0.11	0.15	-0.0399999999999999	0.3937930329883504	0.2970526183988299	pgaa-cross-platform-dual-gate-v2	pgaa-cross-platform-matched-controls-v2
lara2023_bone_marrow_crispr	Mouse bone-marrow transplant CRISPR-Cas9	recorded_timepoint_holdout_1_vs_1	Carm1	Carm1	3	pgaa_h	70	4999	0.06	0.04	0.0199999999999999	0.0324161169312042	0.0091221817234895	pgaa-cross-platform-dual-gate-v2	pgaa-cross-platform-matched-controls-v2
lara2023_bone_marrow_crispr	Mouse bone-marrow transplant CRISPR-Cas9	recorded_timepoint_holdout_1_vs_1	Carm1	Carm1	3	absolute_mean_shift	70	4999	0.12	0.12	0.0	0.1918384490047434	0.0930969942457252	pgaa-cross-platform-dual-gate-v2	pgaa-cross-platform-matched-controls-v2
lara2023_bone_marrow_crispr	Mouse bone-marrow transplant CRISPR-Cas9	recorded_timepoint_holdout_1_vs_1	Carm1	Carm1	3	welch_abs_t	70	4999	0.03	0.02	0.0099999999999999	0.0751227157796505	0.0205958406572213	pgaa-cross-platform-dual-gate-v2	pgaa-cross-platform-matched-controls-v2
lara2023_bone_marrow_crispr	Mouse bone-marrow transplant CRISPR-Cas9	recorded_timepoint_holdout_1_vs_1	Carm1	Carm1	4	pgaa_w	70	4999	0.13	0.04	0.09	0.3507484547089491	0.2447058355728769	pgaa-cross-platform-dual-gate-v2	pgaa-cross-platform-matched-controls-v2
lara2023_bone_marrow_crispr	Mouse bone-marrow transplant CRISPR-Cas9	recorded_timepoint_holdout_1_vs_1	Carm1	Carm1	4	pgaa_h	70	4999	0.05	0.0	0.05	0.0320132201667895	0.0045955158998982	pgaa-cross-platform-dual-gate-v2	pgaa-cross-platform-matched-controls-v2
lara2023_bone_marrow_crispr	Mouse bone-marrow transplant CRISPR-Cas9	recorded_timepoint_holdout_1_vs_1	Carm1	Carm1	4	absolute_mean_shift	70	4999	0.12	0.04	0.0799999999999999	0.1275695129963601	0.0526962111320411	pgaa-cross-platform-dual-gate-v2	pgaa-cross-platform-matched-controls-v2
lara2023_bone_marrow_crispr	Mouse bone-marrow transplant CRISPR-Cas9	recorded_timepoint_holdout_1_vs_1	Carm1	Carm1	4	welch_abs_t	70	4999	0.05	0.0	0.05	0.0345136635490363	-0.0083960275368399	pgaa-cross-platform-dual-gate-v2	pgaa-cross-platform-matched-controls-v2
lara2023_bone_marrow_crispr	Mouse bone-marrow transplant CRISPR-Cas9	recorded_timepoint_holdout_1_vs_1	Cbx3	Cbx3	0	pgaa_w	70	4999	0.14	0.03	0.11	0.3522067148603791	0.1874381950579792	pgaa-cross-platform-dual-gate-v2	pgaa-cross-platform-matched-controls-v2
lara2023_bone_marrow_crispr	Mouse bone-marrow transplant CRISPR-Cas9	recorded_timepoint_holdout_1_vs_1	Cbx3	Cbx3	0	pgaa_h	70	4999	0.04	0.04	0.0	0.0347397430293266	0.0144641435190061	pgaa-cross-platform-dual-gate-v2	pgaa-cross-platform-matched-controls-v2
lara2023_bone_marrow_crispr	Mouse bone-marrow transplant CRISPR-Cas9	recorded_timepoint_holdout_1_vs_1	Cbx3	Cbx3	0	absolute_mean_shift	70	4999	0.08	0.04	0.04	0.121530330948893	0.0271160002001416	pgaa-cross-platform-dual-gate-v2	pgaa-cross-platform-matched-controls-v2
lara2023_bone_marrow_crispr	Mouse bone-marrow transplant CRISPR-Cas9	recorded_timepoint_holdout_1_vs_1	Cbx3	Cbx3	0	welch_abs_t	70	4999	0.03	0.0	0.03	0.0243483558187915	-0.0180074879806215	pgaa-cross-platform-dual-gate-v2	pgaa-cross-platform-matched-controls-v2
lara2023_bone_marrow_crispr	Mouse bone-marrow transplant CRISPR-Cas9	recorded_timepoint_holdout_1_vs_1	Cbx3	Cbx3	1	pgaa_w	70	4999	0.17	0.08	0.09	0.3542038374541655	0.2307097697090439	pgaa-cross-platform-dual-gate-v2	pgaa-cross-platform-matched-controls-v2
lara2023_bone_marrow_crispr	Mouse bone-marrow transplant CRISPR-Cas9	recorded_timepoint_holdout_1_vs_1	Cbx3	Cbx3	1	pgaa_h	70	4999	0.02	0.06	-0.0399999999999999	0.037936258450257	-0.0058332408650445	pgaa-cross-platform-dual-gate-v2	pgaa-cross-platform-matched-controls-v2
lara2023_bone_marrow_crispr	Mouse bone-marrow transplant CRISPR-Cas9	recorded_timepoint_holdout_1_vs_1	Cbx3	Cbx3	1	absolute_mean_shift	70	4999	0.17	0.04	0.13	0.1038896623121877	0.0537454237169153	pgaa-cross-platform-dual-gate-v2	pgaa-cross-platform-matched-controls-v2
lara2023_bone_marrow_crispr	Mouse bone-marrow transplant CRISPR-Cas9	recorded_timepoint_holdout_1_vs_1	Cbx3	Cbx3	1	welch_abs_t	70	4999	0.06	0.01	0.0499999999999999	0.0047204795580964	0.0170029395563147	pgaa-cross-platform-dual-gate-v2	pgaa-cross-platform-matched-controls-v2
lara2023_bone_marrow_crispr	Mouse bone-marrow transplant CRISPR-Cas9	recorded_timepoint_holdout_1_vs_1	Cbx3	Cbx3	2	pgaa_w	70	4999	0.11	0.04	0.07	0.3586134899008614	0.2423575226449852	pgaa-cross-platform-dual-gate-v2	pgaa-cross-platform-matched-controls-v2
lara2023_bone_marrow_crispr	Mouse bone-marrow transplant CRISPR-Cas9	recorded_timepoint_holdout_1_vs_1	Cbx3	Cbx3	2	pgaa_h	70	4999	0.04	0.04	0.0	0.0249315099320084	0.015990039112926	pgaa-cross-platform-dual-gate-v2	pgaa-cross-platform-matched-controls-v2
lara2023_bone_marrow_crispr	Mouse bone-marrow transplant CRISPR-Cas9	recorded_timepoint_holdout_1_vs_1	Cbx3	Cbx3	2	absolute_mean_shift	70	4999	0.08	0.07	0.0099999999999999	0.1119672199532815	0.0459647822492701	pgaa-cross-platform-dual-gate-v2	pgaa-cross-platform-matched-controls-v2
lara2023_bone_marrow_crispr	Mouse bone-marrow transplant CRISPR-Cas9	recorded_timepoint_holdout_1_vs_1	Cbx3	Cbx3	2	welch_abs_t	70	4999	0.04	0.0	0.04	0.018369711541789	0.0035891487541205	pgaa-cross-platform-dual-gate-v2	pgaa-cross-platform-matched-controls-v2
lara2023_bone_marrow_crispr	Mouse bone-marrow transplant CRISPR-Cas9	recorded_timepoint_holdout_1_vs_1	Cbx3	Cbx3	3	pgaa_w	70	4999	0.17	0.05	0.12	0.3060828985004684	0.2383509938002006	pgaa-cross-platform-dual-gate-v2	pgaa-cross-platform-matched-controls-v2
lara2023_bone_marrow_crispr	Mouse bone-marrow transplant CRISPR-Cas9	recorded_timepoint_holdout_1_vs_1	Cbx3	Cbx3	3	pgaa_h	70	4999	0.06	0.05	0.0099999999999999	0.0455820849181719	0.0197982837694014	pgaa-cross-platform-dual-gate-v2	pgaa-cross-platform-matched-controls-v2
lara2023_bone_marrow_crispr	Mouse bone-marrow transplant CRISPR-Cas9	recorded_timepoint_holdout_1_vs_1	Cbx3	Cbx3	3	absolute_mean_shift	70	4999	0.12	0.04	0.0799999999999999	0.0544175724940906	0.0535111924198407	pgaa-cross-platform-dual-gate-v2	pgaa-cross-platform-matched-controls-v2
lara2023_bone_marrow_crispr	Mouse bone-marrow transplant CRISPR-Cas9	recorded_timepoint_holdout_1_vs_1	Cbx3	Cbx3	3	welch_abs_t	70	4999	0.02	0.03	-0.0099999999999999	-0.0148192558079443	0.0039909261083909	pgaa-cross-platform-dual-gate-v2	pgaa-cross-platform-matched-controls-v2
lara2023_bone_marrow_crispr	Mouse bone-marrow transplant CRISPR-Cas9	recorded_timepoint_holdout_1_vs_1	Cbx3	Cbx3	4	pgaa_w	70	4999	0.13	0.1	0.03	0.3303833873137173	0.3137481792637039	pgaa-cross-platform-dual-gate-v2	pgaa-cross-platform-matched-controls-v2
lara2023_bone_marrow_crispr	Mouse bone-marrow transplant CRISPR-Cas9	recorded_timepoint_holdout_1_vs_1	Cbx3	Cbx3	4	pgaa_h	70	4999	0.07	0.04	0.03	0.0294755552432342	0.0291136143727001	pgaa-cross-platform-dual-gate-v2	pgaa-cross-platform-matched-controls-v2
lara2023_bone_marrow_crispr	Mouse bone-marrow transplant CRISPR-Cas9	recorded_timepoint_holdout_1_vs_1	Cbx3	Cbx3	4	absolute_mean_shift	70	4999	0.1	0.06	0.04	0.1026416742652252	0.0600148464761383	pgaa-cross-platform-dual-gate-v2	pgaa-cross-platform-matched-controls-v2
lara2023_bone_marrow_crispr	Mouse bone-marrow transplant CRISPR-Cas9	recorded_timepoint_holdout_1_vs_1	Cbx3	Cbx3	4	welch_abs_t	70	4999	0.01	0.04	-0.03	0.0104539624376473	0.0067008182430411	pgaa-cross-platform-dual-gate-v2	pgaa-cross-platform-matched-controls-v2
lara2023_bone_marrow_crispr	Mouse bone-marrow transplant CRISPR-Cas9	recorded_timepoint_holdout_1_vs_1	Cebpa	Cebpa	0	pgaa_w	70	4999	0.25	0.11	0.14	0.3894854477257998	0.2378119373214379	pgaa-cross-platform-dual-gate-v2	pgaa-cross-platform-matched-controls-v2
lara2023_bone_marrow_crispr	Mouse bone-marrow transplant CRISPR-Cas9	recorded_timepoint_holdout_1_vs_1	Cebpa	Cebpa	0	pgaa_h	70	4999	0.04	0.05	-0.01	0.0444870083492821	0.0114120015770704	pgaa-cross-platform-dual-gate-v2	pgaa-cross-platform-matched-controls-v2
lara2023_bone_marrow_crispr	Mouse bone-marrow transplant CRISPR-Cas9	recorded_timepoint_holdout_1_vs_1	Cebpa	Cebpa	0	absolute_mean_shift	70	4999	0.24	0.09	0.15	0.1795003856473576	0.0397618045625646	pgaa-cross-platform-dual-gate-v2	pgaa-cross-platform-matched-controls-v2
lara2023_bone_marrow_crispr	Mouse bone-marrow transplant CRISPR-Cas9	recorded_timepoint_holdout_1_vs_1	Cebpa	Cebpa	0	welch_abs_t	70	4999	0.15	0.02	0.13	0.0780028873962067	-0.0051629224284232	pgaa-cross-platform-dual-gate-v2	pgaa-cross-platform-matched-controls-v2
lara2023_bone_marrow_crispr	Mouse bone-marrow transplant CRISPR-Cas9	recorded_timepoint_holdout_1_vs_1	Cebpa	Cebpa	1	pgaa_w	70	4999	0.3	0.1	0.1999999999999999	0.4114869252842166	0.2239132826325169	pgaa-cross-platform-dual-gate-v2	pgaa-cross-platform-matched-controls-v2
lara2023_bone_marrow_crispr	Mouse bone-marrow transplant CRISPR-Cas9	recorded_timepoint_holdout_1_vs_1	Cebpa	Cebpa	1	pgaa_h	70	4999	0.04	0.06	-0.0199999999999999	0.0806851169191514	0.0277138652070707	pgaa-cross-platform-dual-gate-v2	pgaa-cross-platform-matched-controls-v2
lara2023_bone_marrow_crispr	Mouse bone-marrow transplant CRISPR-Cas9	recorded_timepoint_holdout_1_vs_1	Cebpa	Cebpa	1	absolute_mean_shift	70	4999	0.28	0.03	0.25	0.1803218930677278	0.0523336896493745	pgaa-cross-platform-dual-gate-v2	pgaa-cross-platform-matched-controls-v2
lara2023_bone_marrow_crispr	Mouse bone-marrow transplant CRISPR-Cas9	recorded_timepoint_holdout_1_vs_1	Cebpa	Cebpa	1	welch_abs_t	70	4999	0.12	0.03	0.09	0.0505396714396901	0.0093563000719882	pgaa-cross-platform-dual-gate-v2	pgaa-cross-platform-matched-controls-v2
lara2023_bone_marrow_crispr	Mouse bone-marrow transplant CRISPR-Cas9	recorded_timepoint_holdout_1_vs_1	Cebpa	Cebpa	2	pgaa_w	70	4999	0.29	0.09	0.1999999999999999	0.4117634943075051	0.2179439275129936	pgaa-cross-platform-dual-gate-v2	pgaa-cross-platform-matched-controls-v2
lara2023_bone_marrow_crispr	Mouse bone-marrow transplant CRISPR-Cas9	recorded_timepoint_holdout_1_vs_1	Cebpa	Cebpa	2	pgaa_h	70	4999	0.05	0.01	0.04	0.0475546973729251	-0.0101670762297103	pgaa-cross-platform-dual-gate-v2	pgaa-cross-platform-matched-controls-v2
lara2023_bone_marrow_crispr	Mouse bone-marrow transplant CRISPR-Cas9	recorded_timepoint_holdout_1_vs_1	Cebpa	Cebpa	2	absolute_mean_shift	70	4999	0.3	0.06	0.24	0.1891301990575577	0.0437032409624159	pgaa-cross-platform-dual-gate-v2	pgaa-cross-platform-matched-controls-v2
lara2023_bone_marrow_crispr	Mouse bone-marrow transplant CRISPR-Cas9	recorded_timepoint_holdout_1_vs_1	Cebpa	Cebpa	2	welch_abs_t	70	4999	0.16	0.01	0.15	0.0635187203137395	0.001268132378098	pgaa-cross-platform-dual-gate-v2	pgaa-cross-platform-matched-controls-v2
lara2023_bone_marrow_crispr	Mouse bone-marrow transplant CRISPR-Cas9	recorded_timepoint_holdout_1_vs_1	Cebpa	Cebpa	3	pgaa_w	70	4999	0.24	0.03	0.21	0.4069612345518323	0.226079477312029	pgaa-cross-platform-dual-gate-v2	pgaa-cross-platform-matched-controls-v2
lara2023_bone_marrow_crispr	Mouse bone-marrow transplant CRISPR-Cas9	recorded_timepoint_holdout_1_vs_1	Cebpa	Cebpa	3	pgaa_h	70	4999	0.0	0.01	-0.01	0.0464371694893627	0.018772099100915	pgaa-cross-platform-dual-gate-v2	pgaa-cross-platform-matched-controls-v2
lara2023_bone_marrow_crispr	Mouse bone-marrow transplant CRISPR-Cas9	recorded_timepoint_holdout_1_vs_1	Cebpa	Cebpa	3	absolute_mean_shift	70	4999	0.26	0.02	0.24	0.1884321689488853	0.047159157116933	pgaa-cross-platform-dual-gate-v2	pgaa-cross-platform-matched-controls-v2
lara2023_bone_marrow_crispr	Mouse bone-marrow transplant CRISPR-Cas9	recorded_timepoint_holdout_1_vs_1	Cebpa	Cebpa	3	welch_abs_t	70	4999	0.11	0.01	0.1	0.0737300456525269	-0.0156909989924921	pgaa-cross-platform-dual-gate-v2	pgaa-cross-platform-matched-controls-v2
lara2023_bone_marrow_crispr	Mouse bone-marrow transplant CRISPR-Cas9	recorded_timepoint_holdout_1_vs_1	Cebpa	Cebpa	4	pgaa_w	70	4999	0.24	0.03	0.21	0.3923615032730437	0.2707354589765492	pgaa-cross-platform-dual-gate-v2	pgaa-cross-platform-matched-controls-v2
lara2023_bone_marrow_crispr	Mouse bone-marrow transplant CRISPR-Cas9	recorded_timepoint_holdout_1_vs_1	Cebpa	Cebpa	4	pgaa_h	70	4999	0.03	0.05	-0.02	0.0493325059043242	0.0239509597302576	pgaa-cross-platform-dual-gate-v2	pgaa-cross-platform-matched-controls-v2
lara2023_bone_marrow_crispr	Mouse bone-marrow transplant CRISPR-Cas9	recorded_timepoint_holdout_1_vs_1	Cebpa	Cebpa	4	absolute_mean_shift	70	4999	0.23	0.01	0.22	0.1879860746309159	0.0610810488177386	pgaa-cross-platform-dual-gate-v2	pgaa-cross-platform-matched-controls-v2
lara2023_bone_marrow_crispr	Mouse bone-marrow transplant CRISPR-Cas9	recorded_timepoint_holdout_1_vs_1	Cebpa	Cebpa	4	welch_abs_t	70	4999	0.15	0.0	0.15	0.0749777577124068	0.0123266557753327	pgaa-cross-platform-dual-gate-v2	pgaa-cross-platform-matched-controls-v2
lara2023_bone_marrow_crispr	Mouse bone-marrow transplant CRISPR-Cas9	recorded_timepoint_holdout_1_vs_1	Chaf1a	Chaf1a	0	pgaa_w	70	4999	0.21	0.01	0.1999999999999999	0.3916731145508814	0.2032297422269568	pgaa-cross-platform-dual-gate-v2	pgaa-cross-platform-matched-controls-v2
lara2023_bone_marrow_crispr	Mouse bone-marrow transplant CRISPR-Cas9	recorded_timepoint_holdout_1_vs_1	Chaf1a	Chaf1a	0	pgaa_h	70	4999	0.02	0.01	0.01	0.069213394211929	-0.0153384864744697	pgaa-cross-platform-dual-gate-v2	pgaa-cross-platform-matched-controls-v2
lara2023_bone_marrow_crispr	Mouse bone-marrow transplant CRISPR-Cas9	recorded_timepoint_holdout_1_vs_1	Chaf1a	Chaf1a	0	absolute_mean_shift	70	4999	0.19	0.02	0.17	0.1583154112329055	0.0274721424042865	pgaa-cross-platform-dual-gate-v2	pgaa-cross-platform-matched-controls-v2
lara2023_bone_marrow_crispr	Mouse bone-marrow transplant CRISPR-Cas9	recorded_timepoint_holdout_1_vs_1	Chaf1a	Chaf1a	0	welch_abs_t	70	4999	0.1	0.0	0.1	0.0521316031791327	-0.0059420992002948	pgaa-cross-platform-dual-gate-v2	pgaa-cross-platform-matched-controls-v2
lara2023_bone_marrow_crispr	Mouse bone-marrow transplant CRISPR-Cas9	recorded_timepoint_holdout_1_vs_1	Chaf1a	Chaf1a	1	pgaa_w	70	4999	0.13	0.07	0.06	0.3904539449066285	0.2488526746405704	pgaa-cross-platform-dual-gate-v2	pgaa-cross-platform-matched-controls-v2
lara2023_bone_marrow_crispr	Mouse bone-marrow transplant CRISPR-Cas9	recorded_timepoint_holdout_1_vs_1	Chaf1a	Chaf1a	1	pgaa_h	70	4999	0.06	0.03	0.03	0.0719239607411302	-0.0156265459373648	pgaa-cross-platform-dual-gate-v2	pgaa-cross-platform-matched-controls-v2
lara2023_bone_marrow_crispr	Mouse bone-marrow transplant CRISPR-Cas9	recorded_timepoint_holdout_1_vs_1	Chaf1a	Chaf1a	1	absolute_mean_shift	70	4999	0.13	0.07	0.06	0.1425009697394461	0.0677493247525315	pgaa-cross-platform-dual-gate-v2	pgaa-cross-platform-matched-controls-v2
lara2023_bone_marrow_crispr	Mouse bone-marrow transplant CRISPR-Cas9	recorded_timepoint_holdout_1_vs_1	Chaf1a	Chaf1a	1	welch_abs_t	70	4999	0.1	0.02	0.08	0.0330093580308621	0.0046262835280141	pgaa-cross-platform-dual-gate-v2	pgaa-cross-platform-matched-controls-v2
lara2023_bone_marrow_crispr	Mouse bone-marrow transplant CRISPR-Cas9	recorded_timepoint_holdout_1_vs_1	Chaf1a	Chaf1a	2	pgaa_w	70	4999	0.19	0.04	0.15	0.3916829775558954	0.2240153752719331	pgaa-cross-platform-dual-gate-v2	pgaa-cross-platform-matched-controls-v2
lara2023_bone_marrow_crispr	Mouse bone-marrow transplant CRISPR-Cas9	recorded_timepoint_holdout_1_vs_1	Chaf1a	Chaf1a	2	pgaa_h	70	4999	0.01	0.05	-0.04	0.0408141987942635	0.0121739661838661	pgaa-cross-platform-dual-gate-v2	pgaa-cross-platform-matched-controls-v2
lara2023_bone_marrow_crispr	Mouse bone-marrow transplant CRISPR-Cas9	recorded_timepoint_holdout_1_vs_1	Chaf1a	Chaf1a	2	absolute_mean_shift	70	4999	0.16	0.03	0.13	0.1408771041637109	0.0534380088554026	pgaa-cross-platform-dual-gate-v2	pgaa-cross-platform-matched-controls-v2
lara2023_bone_marrow_crispr	Mouse bone-marrow transplant CRISPR-Cas9	recorded_timepoint_holdout_1_vs_1	Chaf1a	Chaf1a	2	welch_abs_t	70	4999	0.08	0.0	0.08	0.0196641257663297	0.0038090333074446	pgaa-cross-platform-dual-gate-v2	pgaa-cross-platform-matched-controls-v2
lara2023_bone_marrow_crispr	Mouse bone-marrow transplant CRISPR-Cas9	recorded_timepoint_holdout_1_vs_1	Chaf1a	Chaf1a	3	pgaa_w	70	4999	0.15	0.07	0.0799999999999999	0.3365512741443847	0.2617432880093426	pgaa-cross-platform-dual-gate-v2	pgaa-cross-platform-matched-controls-v2
lara2023_bone_marrow_crispr	Mouse bone-marrow transplant CRISPR-Cas9	recorded_timepoint_holdout_1_vs_1	Chaf1a	Chaf1a	3	pgaa_h	70	4999	0.04	0.02	0.02	0.0583392627627898	0.017666399016363	pgaa-cross-platform-dual-gate-v2	pgaa-cross-platform-matched-controls-v2
lara2023_bone_marrow_crispr	Mouse bone-marrow transplant CRISPR-Cas9	recorded_timepoint_holdout_1_vs_1	Chaf1a	Chaf1a	3	absolute_mean_shift	70	4999	0.14	0.06	0.08	0.13582663405208	0.0513619307331835	pgaa-cross-platform-dual-gate-v2	pgaa-cross-platform-matched-controls-v2
lara2023_bone_marrow_crispr	Mouse bone-marrow transplant CRISPR-Cas9	recorded_timepoint_holdout_1_vs_1	Chaf1a	Chaf1a	3	welch_abs_t	70	4999	0.08	0.01	0.07	0.0402688242349679	-0.0104161906093203	pgaa-cross-platform-dual-gate-v2	pgaa-cross-platform-matched-controls-v2
lara2023_bone_marrow_crispr	Mouse bone-marrow transplant CRISPR-Cas9	recorded_timepoint_holdout_1_vs_1	Chaf1a	Chaf1a	4	pgaa_w	70	4999	0.15	0.07	0.0799999999999999	0.3810387124243577	0.2424319030010668	pgaa-cross-platform-dual-gate-v2	pgaa-cross-platform-matched-controls-v2
lara2023_bone_marrow_crispr	Mouse bone-marrow transplant CRISPR-Cas9	recorded_timepoint_holdout_1_vs_1	Chaf1a	Chaf1a	4	pgaa_h	70	4999	0.03	0.02	0.0099999999999999	0.0505669976894806	-0.0136975923828818	pgaa-cross-platform-dual-gate-v2	pgaa-cross-platform-matched-controls-v2
lara2023_bone_marrow_crispr	Mouse bone-marrow transplant CRISPR-Cas9	recorded_timepoint_holdout_1_vs_1	Chaf1a	Chaf1a	4	absolute_mean_shift	70	4999	0.13	0.08	0.05	0.1707854554906556	0.0522901533070467	pgaa-cross-platform-dual-gate-v2	pgaa-cross-platform-matched-controls-v2
lara2023_bone_marrow_crispr	Mouse bone-marrow transplant CRISPR-Cas9	recorded_timepoint_holdout_1_vs_1	Chaf1a	Chaf1a	4	welch_abs_t	70	4999	0.09	0.03	0.06	0.0579227015631217	0.003047766960428	pgaa-cross-platform-dual-gate-v2	pgaa-cross-platform-matched-controls-v2
lara2023_bone_marrow_crispr	Mouse bone-marrow transplant CRISPR-Cas9	recorded_timepoint_holdout_1_vs_1	Chd4	Chd4	0	pgaa_w	70	4999	0.18	0.05	0.13	0.3299155796585488	0.2595377352541337	pgaa-cross-platform-dual-gate-v2	pgaa-cross-platform-matched-controls-v2
lara2023_bone_marrow_crispr	Mouse bone-marrow transplant CRISPR-Cas9	recorded_timepoint_holdout_1_vs_1	Chd4	Chd4	0	pgaa_h	70	4999	0.06	0.02	0.0399999999999999	0.036875026663962	0.0167108032190221	pgaa-cross-platform-dual-gate-v2	pgaa-cross-platform-matched-controls-v2
lara2023_bone_marrow_crispr	Mouse bone-marrow transplant CRISPR-Cas9	recorded_timepoint_holdout_1_vs_1	Chd4	Chd4	0	absolute_mean_shift	70	4999	0.14	0.03	0.11	0.1458697533059041	0.0588576108555547	pgaa-cross-platform-dual-gate-v2	pgaa-cross-platform-matched-controls-v2
lara2023_bone_marrow_crispr	Mouse bone-marrow transplant CRISPR-Cas9	recorded_timepoint_holdout_1_vs_1	Chd4	Chd4	0	welch_abs_t	70	4999	0.07	0.0	0.07	0.0479142068029452	0.0143983477127598	pgaa-cross-platform-dual-gate-v2	pgaa-cross-platform-matched-controls-v2
lara2023_bone_marrow_crispr	Mouse bone-marrow transplant CRISPR-Cas9	recorded_timepoint_holdout_1_vs_1	Chd4	Chd4	1	pgaa_w	70	4999	0.19	0.04	0.15	0.3128866544497375	0.232076085132993	pgaa-cross-platform-dual-gate-v2	pgaa-cross-platform-matched-controls-v2
lara2023_bone_marrow_crispr	Mouse bone-marrow transplant CRISPR-Cas9	recorded_timepoint_holdout_1_vs_1	Chd4	Chd4	1	pgaa_h	70	4999	0.08	0.02	0.06	0.0272400238583334	-0.0133811509472415	pgaa-cross-platform-dual-gate-v2	pgaa-cross-platform-matched-controls-v2
lara2023_bone_marrow_crispr	Mouse bone-marrow transplant CRISPR-Cas9	recorded_timepoint_holdout_1_vs_1	Chd4	Chd4	1	absolute_mean_shift	70	4999	0.16	0.01	0.15	0.1197460848289583	0.044669095981133	pgaa-cross-platform-dual-gate-v2	pgaa-cross-platform-matched-controls-v2
lara2023_bone_marrow_crispr	Mouse bone-marrow transplant CRISPR-Cas9	recorded_timepoint_holdout_1_vs_1	Chd4	Chd4	1	welch_abs_t	70	4999	0.11	0.01	0.1	0.0362604640504634	-0.0044674355761652	pgaa-cross-platform-dual-gate-v2	pgaa-cross-platform-matched-controls-v2
lara2023_bone_marrow_crispr	Mouse bone-marrow transplant CRISPR-Cas9	recorded_timepoint_holdout_1_vs_1	Chd4	Chd4	2	pgaa_w	70	4999	0.2	0.07	0.13	0.3737880019701419	0.2724774789291592	pgaa-cross-platform-dual-gate-v2	pgaa-cross-platform-matched-controls-v2
lara2023_bone_marrow_crispr	Mouse bone-marrow transplant CRISPR-Cas9	recorded_timepoint_holdout_1_vs_1	Chd4	Chd4	2	pgaa_h	70	4999	0.04	0.03	0.01	0.0276454333509063	0.055614417504549	pgaa-cross-platform-dual-gate-v2	pgaa-cross-platform-matched-controls-v2
lara2023_bone_marrow_crispr	Mouse bone-marrow transplant CRISPR-Cas9	recorded_timepoint_holdout_1_vs_1	Chd4	Chd4	2	absolute_mean_shift	70	4999	0.19	0.06	0.13	0.1702737301923902	0.0772735688073989	pgaa-cross-platform-dual-gate-v2	pgaa-cross-platform-matched-controls-v2
lara2023_bone_marrow_crispr	Mouse bone-marrow transplant CRISPR-Cas9	recorded_timepoint_holdout_1_vs_1	Chd4	Chd4	2	welch_abs_t	70	4999	0.1	0.02	0.08	0.0637106659777915	0.0171878416979914	pgaa-cross-platform-dual-gate-v2	pgaa-cross-platform-matched-controls-v2
lara2023_bone_marrow_crispr	Mouse bone-marrow transplant CRISPR-Cas9	recorded_timepoint_holdout_1_vs_1	Chd4	Chd4	3	pgaa_w	70	4999	0.16	0.08	0.08	0.3482756695396702	0.2871089090327069	pgaa-cross-platform-dual-gate-v2	pgaa-cross-platform-matched-controls-v2
lara2023_bone_marrow_crispr	Mouse bone-marrow transplant CRISPR-Cas9	recorded_timepoint_holdout_1_vs_1	Chd4	Chd4	3	pgaa_h	70	4999	0.04	0.01	0.03	0.0429098547625276	-0.0032650094878592	pgaa-cross-platform-dual-gate-v2	pgaa-cross-platform-matched-controls-v2
lara2023_bone_marrow_crispr	Mouse bone-marrow transplant CRISPR-Cas9	recorded_timepoint_holdout_1_vs_1	Chd4	Chd4	3	absolute_mean_shift	70	4999	0.1	0.1	0.0	0.1568271840720323	0.0700315782842095	pgaa-cross-platform-dual-gate-v2	pgaa-cross-platform-matched-controls-v2
lara2023_bone_marrow_crispr	Mouse bone-marrow transplant CRISPR-Cas9	recorded_timepoint_holdout_1_vs_1	Chd4	Chd4	3	welch_abs_t	70	4999	0.05	0.04	0.01	0.050752587588346	0.0018286432796763	pgaa-cross-platform-dual-gate-v2	pgaa-cross-platform-matched-controls-v2
lara2023_bone_marrow_crispr	Mouse bone-marrow transplant CRISPR-Cas9	recorded_timepoint_holdout_1_vs_1	Chd4	Chd4	4	pgaa_w	70	4999	0.14	0.05	0.09	0.3152478869919302	0.2450865393305572	pgaa-cross-platform-dual-gate-v2	pgaa-cross-platform-matched-controls-v2
lara2023_bone_marrow_crispr	Mouse bone-marrow transplant CRISPR-Cas9	recorded_timepoint_holdout_1_vs_1	Chd4	Chd4	4	pgaa_h	70	4999	0.06	0.04	0.0199999999999999	0.0227428726181285	0.0165575198386766	pgaa-cross-platform-dual-gate-v2	pgaa-cross-platform-matched-controls-v2
lara2023_bone_marrow_crispr	Mouse bone-marrow transplant CRISPR-Cas9	recorded_timepoint_holdout_1_vs_1	Chd4	Chd4	4	absolute_mean_shift	70	4999	0.07	0.04	0.03	0.1016111563297827	0.0685955158924793	pgaa-cross-platform-dual-gate-v2	pgaa-cross-platform-matched-controls-v2
lara2023_bone_marrow_crispr	Mouse bone-marrow transplant CRISPR-Cas9	recorded_timepoint_holdout_1_vs_1	Chd4	Chd4	4	welch_abs_t	70	4999	0.05	0.02	0.03	0.0105087943884339	0.006109721632495	pgaa-cross-platform-dual-gate-v2	pgaa-cross-platform-matched-controls-v2
lara2023_bone_marrow_crispr	Mouse bone-marrow transplant CRISPR-Cas9	recorded_timepoint_holdout_1_vs_1	Chmp2a	Chmp2a	0	pgaa_w	70	4999	0.11	0.06	0.05	0.3648499414519014	0.216058183470169	pgaa-cross-platform-dual-gate-v2	pgaa-cross-platform-matched-controls-v2
lara2023_bone_marrow_crispr	Mouse bone-marrow transplant CRISPR-Cas9	recorded_timepoint_holdout_1_vs_1	Chmp2a	Chmp2a	0	pgaa_h	70	4999	0.1	0.02	0.08	0.0711529147108913	0.0156205960518374	pgaa-cross-platform-dual-gate-v2	pgaa-cross-platform-matched-controls-v2
lara2023_bone_marrow_crispr	Mouse bone-marrow transplant CRISPR-Cas9	recorded_timepoint_holdout_1_vs_1	Chmp2a	Chmp2a	0	absolute_mean_shift	70	4999	0.12	0.09	0.03	0.1474902279143087	0.0403492460403999	pgaa-cross-platform-dual-gate-v2	pgaa-cross-platform-matched-controls-v2
lara2023_bone_marrow_crispr	Mouse bone-marrow transplant CRISPR-Cas9	recorded_timepoint_holdout_1_vs_1	Chmp2a	Chmp2a	0	welch_abs_t	70	4999	0.03	0.01	0.0199999999999999	0.0544466183084825	-0.0090431570118397	pgaa-cross-platform-dual-gate-v2	pgaa-cross-platform-matched-controls-v2
lara2023_bone_marrow_crispr	Mouse bone-marrow transplant CRISPR-Cas9	recorded_timepoint_holdout_1_vs_1	Chmp2a	Chmp2a	1	pgaa_w	70	4999	0.14	0.07	0.07	0.3918290492192076	0.1942090833532853	pgaa-cross-platform-dual-gate-v2	pgaa-cross-platform-matched-controls-v2
lara2023_bone_marrow_crispr	Mouse bone-marrow transplant CRISPR-Cas9	recorded_timepoint_holdout_1_vs_1	Chmp2a	Chmp2a	1	pgaa_h	70	4999	0.05	0.03	0.02	0.0572145781367831	0.0030987945756676	pgaa-cross-platform-dual-gate-v2	pgaa-cross-platform-matched-controls-v2
lara2023_bone_marrow_crispr	Mouse bone-marrow transplant CRISPR-Cas9	recorded_timepoint_holdout_1_vs_1	Chmp2a	Chmp2a	1	absolute_mean_shift	70	4999	0.11	0.05	0.06	0.153248916060757	0.0301913762860845	pgaa-cross-platform-dual-gate-v2	pgaa-cross-platform-matched-controls-v2
lara2023_bone_marrow_crispr	Mouse bone-marrow transplant CRISPR-Cas9	recorded_timepoint_holdout_1_vs_1	Chmp2a	Chmp2a	1	welch_abs_t	70	4999	0.03	0.01	0.0199999999999999	0.0414363611747904	-0.0124838743501997	pgaa-cross-platform-dual-gate-v2	pgaa-cross-platform-matched-controls-v2
lara2023_bone_marrow_crispr	Mouse bone-marrow transplant CRISPR-Cas9	recorded_timepoint_holdout_1_vs_1	Chmp2a	Chmp2a	2	pgaa_w	70	4999	0.15	0.08	0.0699999999999999	0.3901875454082414	0.2123443310510842	pgaa-cross-platform-dual-gate-v2	pgaa-cross-platform-matched-controls-v2
lara2023_bone_marrow_crispr	Mouse bone-marrow transplant CRISPR-Cas9	recorded_timepoint_holdout_1_vs_1	Chmp2a	Chmp2a	2	pgaa_h	70	4999	0.05	0.04	0.01	0.0501340923263677	0.0069067449506177	pgaa-cross-platform-dual-gate-v2	pgaa-cross-platform-matched-controls-v2
lara2023_bone_marrow_crispr	Mouse bone-marrow transplant CRISPR-Cas9	recorded_timepoint_holdout_1_vs_1	Chmp2a	Chmp2a	2	absolute_mean_shift	70	4999	0.16	0.06	0.1	0.1736850810383218	0.0500793071027246	pgaa-cross-platform-dual-gate-v2	pgaa-cross-platform-matched-controls-v2
lara2023_bone_marrow_crispr	Mouse bone-marrow transplant CRISPR-Cas9	recorded_timepoint_holdout_1_vs_1	Chmp2a	Chmp2a	2	welch_abs_t	70	4999	0.06	0.01	0.0499999999999999	0.0695798407717457	0.0026262788211904	pgaa-cross-platform-dual-gate-v2	pgaa-cross-platform-matched-controls-v2
lara2023_bone_marrow_crispr	Mouse bone-marrow transplant CRISPR-Cas9	recorded_timepoint_holdout_1_vs_1	Chmp2a	Chmp2a	3	pgaa_w	70	4999	0.19	0.1	0.09	0.380199816962192	0.2456116515019691	pgaa-cross-platform-dual-gate-v2	pgaa-cross-platform-matched-controls-v2
lara2023_bone_marrow_crispr	Mouse bone-marrow transplant CRISPR-Cas9	recorded_timepoint_holdout_1_vs_1	Chmp2a	Chmp2a	3	pgaa_h	70	4999	0.06	0.04	0.0199999999999999	0.0459939294031434	0.0229219340971461	pgaa-cross-platform-dual-gate-v2	pgaa-cross-platform-matched-controls-v2
lara2023_bone_marrow_crispr	Mouse bone-marrow transplant CRISPR-Cas9	recorded_timepoint_holdout_1_vs_1	Chmp2a	Chmp2a	3	absolute_mean_shift	70	4999	0.14	0.08	0.06	0.1801069058119024	0.0422963521426227	pgaa-cross-platform-dual-gate-v2	pgaa-cross-platform-matched-controls-v2
lara2023_bone_marrow_crispr	Mouse bone-marrow transplant CRISPR-Cas9	recorded_timepoint_holdout_1_vs_1	Chmp2a	Chmp2a	3	welch_abs_t	70	4999	0.04	0.03	0.01	0.0648340462810449	-0.0163927299745663	pgaa-cross-platform-dual-gate-v2	pgaa-cross-platform-matched-controls-v2
lara2023_bone_marrow_crispr	Mouse bone-marrow transplant CRISPR-Cas9	recorded_timepoint_holdout_1_vs_1	Chmp2a	Chmp2a	4	pgaa_w	70	4999	0.1	0.07	0.03	0.3578110560887688	0.2511897121321023	pgaa-cross-platform-dual-gate-v2	pgaa-cross-platform-matched-controls-v2
lara2023_bone_marrow_crispr	Mouse bone-marrow transplant CRISPR-Cas9	recorded_timepoint_holdout_1_vs_1	Chmp2a	Chmp2a	4	pgaa_h	70	4999	0.07	0.04	0.03	0.0398236149860688	0.0345758642321529	pgaa-cross-platform-dual-gate-v2	pgaa-cross-platform-matched-controls-v2
lara2023_bone_marrow_crispr	Mouse bone-marrow transplant CRISPR-Cas9	recorded_timepoint_holdout_1_vs_1	Chmp2a	Chmp2a	4	absolute_mean_shift	70	4999	0.11	0.07	0.0399999999999999	0.1222375727603852	0.0384402278821238	pgaa-cross-platform-dual-gate-v2	pgaa-cross-platform-matched-controls-v2
lara2023_bone_marrow_crispr	Mouse bone-marrow transplant CRISPR-Cas9	recorded_timepoint_holdout_1_vs_1	Chmp2a	Chmp2a	4	welch_abs_t	70	4999	0.07	0.04	0.03	0.006533456030942	-0.0124156332349883	pgaa-cross-platform-dual-gate-v2	pgaa-cross-platform-matched-controls-v2
lara2023_bone_marrow_crispr	Mouse bone-marrow transplant CRISPR-Cas9	recorded_timepoint_holdout_1_vs_1	Crebbp	Crebbp	0	pgaa_w	70	4999	0.19	0.11	0.08	0.3988150285039001	0.2710429298344664	pgaa-cross-platform-dual-gate-v2	pgaa-cross-platform-matched-controls-v2
lara2023_bone_marrow_crispr	Mouse bone-marrow transplant CRISPR-Cas9	recorded_timepoint_holdout_1_vs_1	Crebbp	Crebbp	0	pgaa_h	70	4999	0.0	0.04	-0.04	0.0417038164005889	0.0096119204544091	pgaa-cross-platform-dual-gate-v2	pgaa-cross-platform-matched-controls-v2
lara2023_bone_marrow_crispr	Mouse bone-marrow transplant CRISPR-Cas9	recorded_timepoint_holdout_1_vs_1	Crebbp	Crebbp	0	absolute_mean_shift	70	4999	0.17	0.06	0.11	0.175147933945143	0.0826393921360636	pgaa-cross-platform-dual-gate-v2	pgaa-cross-platform-matched-controls-v2
lara2023_bone_marrow_crispr	Mouse bone-marrow transplant CRISPR-Cas9	recorded_timepoint_holdout_1_vs_1	Crebbp	Crebbp	0	welch_abs_t	70	4999	0.09	0.05	0.0399999999999999	0.0603941655092217	0.0215207254656213	pgaa-cross-platform-dual-gate-v2	pgaa-cross-platform-matched-controls-v2
lara2023_bone_marrow_crispr	Mouse bone-marrow transplant CRISPR-Cas9	recorded_timepoint_holdout_1_vs_1	Crebbp	Crebbp	1	pgaa_w	70	4999	0.2	0.05	0.15	0.3899041524511386	0.213422028655431	pgaa-cross-platform-dual-gate-v2	pgaa-cross-platform-matched-controls-v2
lara2023_bone_marrow_crispr	Mouse bone-marrow transplant CRISPR-Cas9	recorded_timepoint_holdout_1_vs_1	Crebbp	Crebbp	1	pgaa_h	70	4999	0.03	0.06	-0.03	0.0520997886819108	0.0147128833987874	pgaa-cross-platform-dual-gate-v2	pgaa-cross-platform-matched-controls-v2
lara2023_bone_marrow_crispr	Mouse bone-marrow transplant CRISPR-Cas9	recorded_timepoint_holdout_1_vs_1	Crebbp	Crebbp	1	absolute_mean_shift	70	4999	0.16	0.06	0.1	0.1775723787905309	0.0338916096809199	pgaa-cross-platform-dual-gate-v2	pgaa-cross-platform-matched-controls-v2
lara2023_bone_marrow_crispr	Mouse bone-marrow transplant CRISPR-Cas9	recorded_timepoint_holdout_1_vs_1	Crebbp	Crebbp	1	welch_abs_t	70	4999	0.07	0.01	0.06	0.0547809781884348	-0.008771257829418	pgaa-cross-platform-dual-gate-v2	pgaa-cross-platform-matched-controls-v2
lara2023_bone_marrow_crispr	Mouse bone-marrow transplant CRISPR-Cas9	recorded_timepoint_holdout_1_vs_1	Crebbp	Crebbp	2	pgaa_w	70	4999	0.24	0.06	0.18	0.398381622542996	0.2316955321916725	pgaa-cross-platform-dual-gate-v2	pgaa-cross-platform-matched-controls-v2
lara2023_bone_marrow_crispr	Mouse bone-marrow transplant CRISPR-Cas9	recorded_timepoint_holdout_1_vs_1	Crebbp	Crebbp	2	pgaa_h	70	4999	0.02	0.01	0.01	0.0699748180515092	0.0033774828156793	pgaa-cross-platform-dual-gate-v2	pgaa-cross-platform-matched-controls-v2
lara2023_bone_marrow_crispr	Mouse bone-marrow transplant CRISPR-Cas9	recorded_timepoint_holdout_1_vs_1	Crebbp	Crebbp	2	absolute_mean_shift	70	4999	0.23	0.06	0.17	0.1753659722311047	0.0474926957551772	pgaa-cross-platform-dual-gate-v2	pgaa-cross-platform-matched-controls-v2
lara2023_bone_marrow_crispr	Mouse bone-marrow transplant CRISPR-Cas9	recorded_timepoint_holdout_1_vs_1	Crebbp	Crebbp	2	welch_abs_t	70	4999	0.09	0.01	0.08	0.0541746532272642	0.0014497180348434	pgaa-cross-platform-dual-gate-v2	pgaa-cross-platform-matched-controls-v2
lara2023_bone_marrow_crispr	Mouse bone-marrow transplant CRISPR-Cas9	recorded_timepoint_holdout_1_vs_1	Crebbp	Crebbp	3	pgaa_w	70	4999	0.16	0.06	0.1	0.4129111342556627	0.2586053046383587	pgaa-cross-platform-dual-gate-v2	pgaa-cross-platform-matched-controls-v2
lara2023_bone_marrow_crispr	Mouse bone-marrow transplant CRISPR-Cas9	recorded_timepoint_holdout_1_vs_1	Crebbp	Crebbp	3	pgaa_h	70	4999	0.04	0.04	0.0	0.0475780534037828	0.0084456744601463	pgaa-cross-platform-dual-gate-v2	pgaa-cross-platform-matched-controls-v2
lara2023_bone_marrow_crispr	Mouse bone-marrow transplant CRISPR-Cas9	recorded_timepoint_holdout_1_vs_1	Crebbp	Crebbp	3	absolute_mean_shift	70	4999	0.18	0.07	0.1099999999999999	0.1847895991424923	0.0744774329282871	pgaa-cross-platform-dual-gate-v2	pgaa-cross-platform-matched-controls-v2
lara2023_bone_marrow_crispr	Mouse bone-marrow transplant CRISPR-Cas9	recorded_timepoint_holdout_1_vs_1	Crebbp	Crebbp	3	welch_abs_t	70	4999	0.11	0.07	0.0399999999999999	0.0561463262654006	0.0063332936455238	pgaa-cross-platform-dual-gate-v2	pgaa-cross-platform-matched-controls-v2
lara2023_bone_marrow_crispr	Mouse bone-marrow transplant CRISPR-Cas9	recorded_timepoint_holdout_1_vs_1	Crebbp	Crebbp	4	pgaa_w	70	4999	0.13	0.05	0.08	0.3878621649900209	0.2358178710892239	pgaa-cross-platform-dual-gate-v2	pgaa-cross-platform-matched-controls-v2
lara2023_bone_marrow_crispr	Mouse bone-marrow transplant CRISPR-Cas9	recorded_timepoint_holdout_1_vs_1	Crebbp	Crebbp	4	pgaa_h	70	4999	0.04	0.08	-0.04	0.0498213939343038	0.0190403516849791	pgaa-cross-platform-dual-gate-v2	pgaa-cross-platform-matched-controls-v2
lara2023_bone_marrow_crispr	Mouse bone-marrow transplant CRISPR-Cas9	recorded_timepoint_holdout_1_vs_1	Crebbp	Crebbp	4	absolute_mean_shift	70	4999	0.15	0.05	0.0999999999999999	0.1431787028783033	0.0352662137760468	pgaa-cross-platform-dual-gate-v2	pgaa-cross-platform-matched-controls-v2
lara2023_bone_marrow_crispr	Mouse bone-marrow transplant CRISPR-Cas9	recorded_timepoint_holdout_1_vs_1	Crebbp	Crebbp	4	welch_abs_t	70	4999	0.05	0.01	0.04	0.0132733623795587	-0.0119414212740239	pgaa-cross-platform-dual-gate-v2	pgaa-cross-platform-matched-controls-v2
lara2023_bone_marrow_crispr	Mouse bone-marrow transplant CRISPR-Cas9	recorded_timepoint_holdout_1_vs_1	Ehmt1	Ehmt1	0	pgaa_w	70	4999	0.08	0.02	0.06	0.4019630296287349	0.2337873138133029	pgaa-cross-platform-dual-gate-v2	pgaa-cross-platform-matched-controls-v2
lara2023_bone_marrow_crispr	Mouse bone-marrow transplant CRISPR-Cas9	recorded_timepoint_holdout_1_vs_1	Ehmt1	Ehmt1	0	pgaa_h	70	4999	0.03	0.02	0.0099999999999999	0.0418410424813532	0.0300898553170655	pgaa-cross-platform-dual-gate-v2	pgaa-cross-platform-matched-controls-v2
lara2023_bone_marrow_crispr	Mouse bone-marrow transplant CRISPR-Cas9	recorded_timepoint_holdout_1_vs_1	Ehmt1	Ehmt1	0	absolute_mean_shift	70	4999	0.07	0.0	0.07	0.1679387324045273	0.0485377812727305	pgaa-cross-platform-dual-gate-v2	pgaa-cross-platform-matched-controls-v2
lara2023_bone_marrow_crispr	Mouse bone-marrow transplant CRISPR-Cas9	recorded_timepoint_holdout_1_vs_1	Ehmt1	Ehmt1	0	welch_abs_t	70	4999	0.03	0.02	0.0099999999999999	0.0474939093952642	0.0060645536069999	pgaa-cross-platform-dual-gate-v2	pgaa-cross-platform-matched-controls-v2
lara2023_bone_marrow_crispr	Mouse bone-marrow transplant CRISPR-Cas9	recorded_timepoint_holdout_1_vs_1	Ehmt1	Ehmt1	1	pgaa_w	70	4999	0.13	0.05	0.08	0.3517938503426976	0.220731291132176	pgaa-cross-platform-dual-gate-v2	pgaa-cross-platform-matched-controls-v2
lara2023_bone_marrow_crispr	Mouse bone-marrow transplant CRISPR-Cas9	recorded_timepoint_holdout_1_vs_1	Ehmt1	Ehmt1	1	pgaa_h	70	4999	0.04	0.02	0.02	0.0449047864989863	0.0290810800506218	pgaa-cross-platform-dual-gate-v2	pgaa-cross-platform-matched-controls-v2
lara2023_bone_marrow_crispr	Mouse bone-marrow transplant CRISPR-Cas9	recorded_timepoint_holdout_1_vs_1	Ehmt1	Ehmt1	1	absolute_mean_shift	70	4999	0.13	0.02	0.11	0.1583284522602795	0.0457975821837019	pgaa-cross-platform-dual-gate-v2	pgaa-cross-platform-matched-controls-v2
lara2023_bone_marrow_crispr	Mouse bone-marrow transplant CRISPR-Cas9	recorded_timepoint_holdout_1_vs_1	Ehmt1	Ehmt1	1	welch_abs_t	70	4999	0.06	0.01	0.0499999999999999	0.0607048221649131	0.0033315833875058	pgaa-cross-platform-dual-gate-v2	pgaa-cross-platform-matched-controls-v2
lara2023_bone_marrow_crispr	Mouse bone-marrow transplant CRISPR-Cas9	recorded_timepoint_holdout_1_vs_1	Ehmt1	Ehmt1	2	pgaa_w	70	4999	0.13	0.06	0.07	0.3326930259041005	0.2120471368223224	pgaa-cross-platform-dual-gate-v2	pgaa-cross-platform-matched-controls-v2
lara2023_bone_marrow_crispr	Mouse bone-marrow transplant CRISPR-Cas9	recorded_timepoint_holdout_1_vs_1	Ehmt1	Ehmt1	2	pgaa_h	70	4999	0.05	0.01	0.04	-0.0025456073759962	0.0139642685583177	pgaa-cross-platform-dual-gate-v2	pgaa-cross-platform-matched-controls-v2
lara2023_bone_marrow_crispr	Mouse bone-marrow transplant CRISPR-Cas9	recorded_timepoint_holdout_1_vs_1	Ehmt1	Ehmt1	2	absolute_mean_shift	70	4999	0.11	0.03	0.08	0.1070337393391796	0.0276339969107427	pgaa-cross-platform-dual-gate-v2	pgaa-cross-platform-matched-controls-v2
lara2023_bone_marrow_crispr	Mouse bone-marrow transplant CRISPR-Cas9	recorded_timepoint_holdout_1_vs_1	Ehmt1	Ehmt1	2	welch_abs_t	70	4999	0.0	0.01	-0.01	0.0150299469261206	-0.0093416165108013	pgaa-cross-platform-dual-gate-v2	pgaa-cross-platform-matched-controls-v2
lara2023_bone_marrow_crispr	Mouse bone-marrow transplant CRISPR-Cas9	recorded_timepoint_holdout_1_vs_1	Ehmt1	Ehmt1	3	pgaa_w	70	4999	0.07	0.1	-0.03	0.3475919095463751	0.2353368229468223	pgaa-cross-platform-dual-gate-v2	pgaa-cross-platform-matched-controls-v2
lara2023_bone_marrow_crispr	Mouse bone-marrow transplant CRISPR-Cas9	recorded_timepoint_holdout_1_vs_1	Ehmt1	Ehmt1	3	pgaa_h	70	4999	0.03	0.06	-0.03	0.0371245737317255	0.0136034615571487	pgaa-cross-platform-dual-gate-v2	pgaa-cross-platform-matched-controls-v2
lara2023_bone_marrow_crispr	Mouse bone-marrow transplant CRISPR-Cas9	recorded_timepoint_holdout_1_vs_1	Ehmt1	Ehmt1	3	absolute_mean_shift	70	4999	0.05	0.1	-0.05	0.1297604975047773	0.0486901057627662	pgaa-cross-platform-dual-gate-v2	pgaa-cross-platform-matched-controls-v2
lara2023_bone_marrow_crispr	Mouse bone-marrow transplant CRISPR-Cas9	recorded_timepoint_holdout_1_vs_1	Ehmt1	Ehmt1	3	welch_abs_t	70	4999	0.07	0.04	0.03	0.0426298327622938	-0.0098159418200522	pgaa-cross-platform-dual-gate-v2	pgaa-cross-platform-matched-controls-v2
lara2023_bone_marrow_crispr	Mouse bone-marrow transplant CRISPR-Cas9	recorded_timepoint_holdout_1_vs_1	Ehmt1	Ehmt1	4	pgaa_w	70	4999	0.17	0.05	0.12	0.3368148310094192	0.2182770074302976	pgaa-cross-platform-dual-gate-v2	pgaa-cross-platform-matched-controls-v2
lara2023_bone_marrow_crispr	Mouse bone-marrow transplant CRISPR-Cas9	recorded_timepoint_holdout_1_vs_1	Ehmt1	Ehmt1	4	pgaa_h	70	4999	0.06	0.01	0.0499999999999999	0.0346994114413164	0.0249718211441452	pgaa-cross-platform-dual-gate-v2	pgaa-cross-platform-matched-controls-v2
lara2023_bone_marrow_crispr	Mouse bone-marrow transplant CRISPR-Cas9	recorded_timepoint_holdout_1_vs_1	Ehmt1	Ehmt1	4	absolute_mean_shift	70	4999	0.14	0.06	0.08	0.1235020311204378	0.0521381635801002	pgaa-cross-platform-dual-gate-v2	pgaa-cross-platform-matched-controls-v2
lara2023_bone_marrow_crispr	Mouse bone-marrow transplant CRISPR-Cas9	recorded_timepoint_holdout_1_vs_1	Ehmt1	Ehmt1	4	welch_abs_t	70	4999	0.06	0.01	0.0499999999999999	0.0265377358791455	0.0144714006907023	pgaa-cross-platform-dual-gate-v2	pgaa-cross-platform-matched-controls-v2
lara2023_bone_marrow_crispr	Mouse bone-marrow transplant CRISPR-Cas9	recorded_timepoint_holdout_1_vs_1	Ehmt2	Ehmt2	0	pgaa_w	70	4999	0.1	0.08	0.02	0.3748020119269953	0.1986615096848902	pgaa-cross-platform-dual-gate-v2	pgaa-cross-platform-matched-controls-v2
lara2023_bone_marrow_crispr	Mouse bone-marrow transplant CRISPR-Cas9	recorded_timepoint_holdout_1_vs_1	Ehmt2	Ehmt2	0	pgaa_h	70	4999	0.04	0.02	0.02	0.0564768830802107	0.0251639907764807	pgaa-cross-platform-dual-gate-v2	pgaa-cross-platform-matched-controls-v2
lara2023_bone_marrow_crispr	Mouse bone-marrow transplant CRISPR-Cas9	recorded_timepoint_holdout_1_vs_1	Ehmt2	Ehmt2	0	absolute_mean_shift	70	4999	0.1	0.05	0.05	0.1467657209713251	0.0282367832070476	pgaa-cross-platform-dual-gate-v2	pgaa-cross-platform-matched-controls-v2
lara2023_bone_marrow_crispr	Mouse bone-marrow transplant CRISPR-Cas9	recorded_timepoint_holdout_1_vs_1	Ehmt2	Ehmt2	0	welch_abs_t	70	4999	0.02	0.0	0.02	0.0319904524490009	-0.0049210556158031	pgaa-cross-platform-dual-gate-v2	pgaa-cross-platform-matched-controls-v2
lara2023_bone_marrow_crispr	Mouse bone-marrow transplant CRISPR-Cas9	recorded_timepoint_holdout_1_vs_1	Ehmt2	Ehmt2	1	pgaa_w	70	4999	0.12	0.03	0.09	0.3883987815090029	0.2700934741570163	pgaa-cross-platform-dual-gate-v2	pgaa-cross-platform-matched-controls-v2
lara2023_bone_marrow_crispr	Mouse bone-marrow transplant CRISPR-Cas9	recorded_timepoint_holdout_1_vs_1	Ehmt2	Ehmt2	1	pgaa_h	70	4999	0.01	0.01	0.0	0.0116753269146569	0.0119582461188953	pgaa-cross-platform-dual-gate-v2	pgaa-cross-platform-matched-controls-v2
lara2023_bone_marrow_crispr	Mouse bone-marrow transplant CRISPR-Cas9	recorded_timepoint_holdout_1_vs_1	Ehmt2	Ehmt2	1	absolute_mean_shift	70	4999	0.11	0.03	0.08	0.1878625577741685	0.0671366168616327	pgaa-cross-platform-dual-gate-v2	pgaa-cross-platform-matched-controls-v2
lara2023_bone_marrow_crispr	Mouse bone-marrow transplant CRISPR-Cas9	recorded_timepoint_holdout_1_vs_1	Ehmt2	Ehmt2	1	welch_abs_t	70	4999	0.07	0.0	0.07	0.0730454905404381	0.006412558766255	pgaa-cross-platform-dual-gate-v2	pgaa-cross-platform-matched-controls-v2
lara2023_bone_marrow_crispr	Mouse bone-marrow transplant CRISPR-Cas9	recorded_timepoint_holdout_1_vs_1	Ehmt2	Ehmt2	2	pgaa_w	70	4999	0.09	0.04	0.0499999999999999	0.3600044259512167	0.2768016142484199	pgaa-cross-platform-dual-gate-v2	pgaa-cross-platform-matched-controls-v2
lara2023_bone_marrow_crispr	Mouse bone-marrow transplant CRISPR-Cas9	recorded_timepoint_holdout_1_vs_1	Ehmt2	Ehmt2	2	pgaa_h	70	4999	0.04	0.04	0.0	0.047263430062749	0.0560802520054742	pgaa-cross-platform-dual-gate-v2	pgaa-cross-platform-matched-controls-v2
lara2023_bone_marrow_crispr	Mouse bone-marrow transplant CRISPR-Cas9	recorded_timepoint_holdout_1_vs_1	Ehmt2	Ehmt2	2	absolute_mean_shift	70	4999	0.06	0.06	0.0	0.1438952550757855	0.0748198079063418	pgaa-cross-platform-dual-gate-v2	pgaa-cross-platform-matched-controls-v2
lara2023_bone_marrow_crispr	Mouse bone-marrow transplant CRISPR-Cas9	recorded_timepoint_holdout_1_vs_1	Ehmt2	Ehmt2	2	welch_abs_t	70	4999	0.03	0.03	0.0	0.0497122720582531	0.0143621762538122	pgaa-cross-platform-dual-gate-v2	pgaa-cross-platform-matched-controls-v2
lara2023_bone_marrow_crispr	Mouse bone-marrow transplant CRISPR-Cas9	recorded_timepoint_holdout_1_vs_1	Ehmt2	Ehmt2	3	pgaa_w	70	4999	0.14	0.09	0.05	0.3754457991718392	0.2397603654224243	pgaa-cross-platform-dual-gate-v2	pgaa-cross-platform-matched-controls-v2
lara2023_bone_marrow_crispr	Mouse bone-marrow transplant CRISPR-Cas9	recorded_timepoint_holdout_1_vs_1	Ehmt2	Ehmt2	3	pgaa_h	70	4999	0.05	0.05	0.0	0.027011614543085	0.0238362815167856	pgaa-cross-platform-dual-gate-v2	pgaa-cross-platform-matched-controls-v2
lara2023_bone_marrow_crispr	Mouse bone-marrow transplant CRISPR-Cas9	recorded_timepoint_holdout_1_vs_1	Ehmt2	Ehmt2	3	absolute_mean_shift	70	4999	0.1	0.08	0.02	0.1500593408105433	0.0743404064246222	pgaa-cross-platform-dual-gate-v2	pgaa-cross-platform-matched-controls-v2
lara2023_bone_marrow_crispr	Mouse bone-marrow transplant CRISPR-Cas9	recorded_timepoint_holdout_1_vs_1	Ehmt2	Ehmt2	3	welch_abs_t	70	4999	0.03	0.03	0.0	0.051632918853918	0.0250327004662645	pgaa-cross-platform-dual-gate-v2	pgaa-cross-platform-matched-controls-v2
lara2023_bone_marrow_crispr	Mouse bone-marrow transplant CRISPR-Cas9	recorded_timepoint_holdout_1_vs_1	Ehmt2	Ehmt2	4	pgaa_w	70	4999	0.14	0.08	0.06	0.3448032849389759	0.2354205428417117	pgaa-cross-platform-dual-gate-v2	pgaa-cross-platform-matched-controls-v2
lara2023_bone_marrow_crispr	Mouse bone-marrow transplant CRISPR-Cas9	recorded_timepoint_holdout_1_vs_1	Ehmt2	Ehmt2	4	pgaa_h	70	4999	0.0	0.02	-0.02	0.0198177177946276	0.0139679341063907	pgaa-cross-platform-dual-gate-v2	pgaa-cross-platform-matched-controls-v2
lara2023_bone_marrow_crispr	Mouse bone-marrow transplant CRISPR-Cas9	recorded_timepoint_holdout_1_vs_1	Ehmt2	Ehmt2	4	absolute_mean_shift	70	4999	0.13	0.08	0.05	0.1418414730313093	0.0581495877100546	pgaa-cross-platform-dual-gate-v2	pgaa-cross-platform-matched-controls-v2
lara2023_bone_marrow_crispr	Mouse bone-marrow transplant CRISPR-Cas9	recorded_timepoint_holdout_1_vs_1	Ehmt2	Ehmt2	4	welch_abs_t	70	4999	0.05	0.04	0.01	0.0411362928057673	0.0090189990467739	pgaa-cross-platform-dual-gate-v2	pgaa-cross-platform-matched-controls-v2
lara2023_bone_marrow_crispr	Mouse bone-marrow transplant CRISPR-Cas9	recorded_timepoint_holdout_1_vs_1	Ezh2	Ezh2	0	pgaa_w	70	4999	0.23	0.03	0.2	0.3744941841189366	0.2317558099855265	pgaa-cross-platform-dual-gate-v2	pgaa-cross-platform-matched-controls-v2
lara2023_bone_marrow_crispr	Mouse bone-marrow transplant CRISPR-Cas9	recorded_timepoint_holdout_1_vs_1	Ezh2	Ezh2	0	pgaa_h	70	4999	0.03	0.04	-0.01	0.020300148953758	-0.0137948037749157	pgaa-cross-platform-dual-gate-v2	pgaa-cross-platform-matched-controls-v2
lara2023_bone_marrow_crispr	Mouse bone-marrow transplant CRISPR-Cas9	recorded_timepoint_holdout_1_vs_1	Ezh2	Ezh2	0	absolute_mean_shift	70	4999	0.19	0.02	0.17	0.1556263269092445	0.0339727366402419	pgaa-cross-platform-dual-gate-v2	pgaa-cross-platform-matched-controls-v2
lara2023_bone_marrow_crispr	Mouse bone-marrow transplant CRISPR-Cas9	recorded_timepoint_holdout_1_vs_1	Ezh2	Ezh2	0	welch_abs_t	70	4999	0.07	0.01	0.06	0.0611604585517622	-0.006032044824331	pgaa-cross-platform-dual-gate-v2	pgaa-cross-platform-matched-controls-v2
lara2023_bone_marrow_crispr	Mouse bone-marrow transplant CRISPR-Cas9	recorded_timepoint_holdout_1_vs_1	Ezh2	Ezh2	1	pgaa_w	70	4999	0.24	0.08	0.1599999999999999	0.3867151338551024	0.2259793110122625	pgaa-cross-platform-dual-gate-v2	pgaa-cross-platform-matched-controls-v2
lara2023_bone_marrow_crispr	Mouse bone-marrow transplant CRISPR-Cas9	recorded_timepoint_holdout_1_vs_1	Ezh2	Ezh2	1	pgaa_h	70	4999	0.06	0.04	0.0199999999999999	0.0604687676252919	0.0110791461006336	pgaa-cross-platform-dual-gate-v2	pgaa-cross-platform-matched-controls-v2
lara2023_bone_marrow_crispr	Mouse bone-marrow transplant CRISPR-Cas9	recorded_timepoint_holdout_1_vs_1	Ezh2	Ezh2	1	absolute_mean_shift	70	4999	0.22	0.06	0.16	0.1281673894473532	0.0432015609886156	pgaa-cross-platform-dual-gate-v2	pgaa-cross-platform-matched-controls-v2
lara2023_bone_marrow_crispr	Mouse bone-marrow transplant CRISPR-Cas9	recorded_timepoint_holdout_1_vs_1	Ezh2	Ezh2	1	welch_abs_t	70	4999	0.13	0.02	0.11	0.0196594592868153	-0.0138114962731756	pgaa-cross-platform-dual-gate-v2	pgaa-cross-platform-matched-controls-v2
lara2023_bone_marrow_crispr	Mouse bone-marrow transplant CRISPR-Cas9	recorded_timepoint_holdout_1_vs_1	Ezh2	Ezh2	2	pgaa_w	70	4999	0.16	0.05	0.11	0.3549770139382018	0.2455525460914512	pgaa-cross-platform-dual-gate-v2	pgaa-cross-platform-matched-controls-v2
lara2023_bone_marrow_crispr	Mouse bone-marrow transplant CRISPR-Cas9	recorded_timepoint_holdout_1_vs_1	Ezh2	Ezh2	2	pgaa_h	70	4999	0.02	0.03	-0.0099999999999999	0.0329449398019858	0.0172706199913712	pgaa-cross-platform-dual-gate-v2	pgaa-cross-platform-matched-controls-v2
lara2023_bone_marrow_crispr	Mouse bone-marrow transplant CRISPR-Cas9	recorded_timepoint_holdout_1_vs_1	Ezh2	Ezh2	2	absolute_mean_shift	70	4999	0.14	0.04	0.1	0.1235516389232228	0.0536455327598757	pgaa-cross-platform-dual-gate-v2	pgaa-cross-platform-matched-controls-v2
lara2023_bone_marrow_crispr	Mouse bone-marrow transplant CRISPR-Cas9	recorded_timepoint_holdout_1_vs_1	Ezh2	Ezh2	2	welch_abs_t	70	4999	0.05	0.01	0.04	0.0157404653571103	-0.0127683647179744	pgaa-cross-platform-dual-gate-v2	pgaa-cross-platform-matched-controls-v2
lara2023_bone_marrow_crispr	Mouse bone-marrow transplant CRISPR-Cas9	recorded_timepoint_holdout_1_vs_1	Ezh2	Ezh2	3	pgaa_w	70	4999	0.16	0.07	0.09	0.3496948665123181	0.2305872433070047	pgaa-cross-platform-dual-gate-v2	pgaa-cross-platform-matched-controls-v2
lara2023_bone_marrow_crispr	Mouse bone-marrow transplant CRISPR-Cas9	recorded_timepoint_holdout_1_vs_1	Ezh2	Ezh2	3	pgaa_h	70	4999	0.05	0.05	0.0	0.0691905307346327	0.0312544787901431	pgaa-cross-platform-dual-gate-v2	pgaa-cross-platform-matched-controls-v2
lara2023_bone_marrow_crispr	Mouse bone-marrow transplant CRISPR-Cas9	recorded_timepoint_holdout_1_vs_1	Ezh2	Ezh2	3	absolute_mean_shift	70	4999	0.17	0.05	0.12	0.119172762393916	0.0633168938259833	pgaa-cross-platform-dual-gate-v2	pgaa-cross-platform-matched-controls-v2
lara2023_bone_marrow_crispr	Mouse bone-marrow transplant CRISPR-Cas9	recorded_timepoint_holdout_1_vs_1	Ezh2	Ezh2	3	welch_abs_t	70	4999	0.07	0.03	0.04	0.0224347869819446	0.0173960557297533	pgaa-cross-platform-dual-gate-v2	pgaa-cross-platform-matched-controls-v2
lara2023_bone_marrow_crispr	Mouse bone-marrow transplant CRISPR-Cas9	recorded_timepoint_holdout_1_vs_1	Ezh2	Ezh2	4	pgaa_w	70	4999	0.21	0.06	0.15	0.3992173472389557	0.2288026707862581	pgaa-cross-platform-dual-gate-v2	pgaa-cross-platform-matched-controls-v2
lara2023_bone_marrow_crispr	Mouse bone-marrow transplant CRISPR-Cas9	recorded_timepoint_holdout_1_vs_1	Ezh2	Ezh2	4	pgaa_h	70	4999	0.02	0.04	-0.02	0.0541500519541679	0.0070682624329228	pgaa-cross-platform-dual-gate-v2	pgaa-cross-platform-matched-controls-v2
lara2023_bone_marrow_crispr	Mouse bone-marrow transplant CRISPR-Cas9	recorded_timepoint_holdout_1_vs_1	Ezh2	Ezh2	4	absolute_mean_shift	70	4999	0.2	0.05	0.15	0.1571701679704851	0.0547935889751581	pgaa-cross-platform-dual-gate-v2	pgaa-cross-platform-matched-controls-v2
lara2023_bone_marrow_crispr	Mouse bone-marrow transplant CRISPR-Cas9	recorded_timepoint_holdout_1_vs_1	Ezh2	Ezh2	4	welch_abs_t	70	4999	0.08	0.0	0.08	0.0505939538928193	-0.0018612474477028	pgaa-cross-platform-dual-gate-v2	pgaa-cross-platform-matched-controls-v2
lara2023_bone_marrow_crispr	Mouse bone-marrow transplant CRISPR-Cas9	recorded_timepoint_holdout_1_vs_1	Gltscr1	Gltscr1	0	pgaa_w	70	5000	0.08	0.04	0.04	0.3062683978187359	0.2878828920913156	pgaa-cross-platform-dual-gate-v2	pgaa-cross-platform-matched-controls-v2
lara2023_bone_marrow_crispr	Mouse bone-marrow transplant CRISPR-Cas9	recorded_timepoint_holdout_1_vs_1	Gltscr1	Gltscr1	0	pgaa_h	70	5000	0.03	0.03	0.0	0.0692993571664586	0.0146202589099802	pgaa-cross-platform-dual-gate-v2	pgaa-cross-platform-matched-controls-v2
lara2023_bone_marrow_crispr	Mouse bone-marrow transplant CRISPR-Cas9	recorded_timepoint_holdout_1_vs_1	Gltscr1	Gltscr1	0	absolute_mean_shift	70	5000	0.04	0.02	0.02	0.0799002399678447	0.0445357889846381	pgaa-cross-platform-dual-gate-v2	pgaa-cross-platform-matched-controls-v2
lara2023_bone_marrow_crispr	Mouse bone-marrow transplant CRISPR-Cas9	recorded_timepoint_holdout_1_vs_1	Gltscr1	Gltscr1	0	welch_abs_t	70	5000	0.0	0.01	-0.01	-0.0232304924812196	-0.0139374813898337	pgaa-cross-platform-dual-gate-v2	pgaa-cross-platform-matched-controls-v2
lara2023_bone_marrow_crispr	Mouse bone-marrow transplant CRISPR-Cas9	recorded_timepoint_holdout_1_vs_1	Gltscr1	Gltscr1	1	pgaa_w	70	5000	0.11	0.06	0.05	0.2962220149848806	0.2388939001477559	pgaa-cross-platform-dual-gate-v2	pgaa-cross-platform-matched-controls-v2
lara2023_bone_marrow_crispr	Mouse bone-marrow transplant CRISPR-Cas9	recorded_timepoint_holdout_1_vs_1	Gltscr1	Gltscr1	1	pgaa_h	70	5000	0.03	0.04	-0.01	0.0463803768595382	0.0026009353905904	pgaa-cross-platform-dual-gate-v2	pgaa-cross-platform-matched-controls-v2
lara2023_bone_marrow_crispr	Mouse bone-marrow transplant CRISPR-Cas9	recorded_timepoint_holdout_1_vs_1	Gltscr1	Gltscr1	1	absolute_mean_shift	70	5000	0.08	0.05	0.03	0.0631194085323506	0.0491737886436722	pgaa-cross-platform-dual-gate-v2	pgaa-cross-platform-matched-controls-v2
lara2023_bone_marrow_crispr	Mouse bone-marrow transplant CRISPR-Cas9	recorded_timepoint_holdout_1_vs_1	Gltscr1	Gltscr1	1	welch_abs_t	70	5000	0.02	0.02	0.0	-0.044775794033181	-0.0111126681250401	pgaa-cross-platform-dual-gate-v2	pgaa-cross-platform-matched-controls-v2
lara2023_bone_marrow_crispr	Mouse bone-marrow transplant CRISPR-Cas9	recorded_timepoint_holdout_1_vs_1	Gltscr1	Gltscr1	2	pgaa_w	70	5000	0.07	0.09	-0.0199999999999999	0.3078287626811504	0.211051626906065	pgaa-cross-platform-dual-gate-v2	pgaa-cross-platform-matched-controls-v2
lara2023_bone_marrow_crispr	Mouse bone-marrow transplant CRISPR-Cas9	recorded_timepoint_holdout_1_vs_1	Gltscr1	Gltscr1	2	pgaa_h	70	5000	0.03	0.03	0.0	0.0814892632526406	-0.0034886010989108	pgaa-cross-platform-dual-gate-v2	pgaa-cross-platform-matched-controls-v2
lara2023_bone_marrow_crispr	Mouse bone-marrow transplant CRISPR-Cas9	recorded_timepoint_holdout_1_vs_1	Gltscr1	Gltscr1	2	absolute_mean_shift	70	5000	0.05	0.06	-0.0099999999999999	0.0694914894693273	0.0447695981983052	pgaa-cross-platform-dual-gate-v2	pgaa-cross-platform-matched-controls-v2
lara2023_bone_marrow_crispr	Mouse bone-marrow transplant CRISPR-Cas9	recorded_timepoint_holdout_1_vs_1	Gltscr1	Gltscr1	2	welch_abs_t	70	5000	0.01	0.02	-0.01	-0.0450234960740204	-0.0046864457234578	pgaa-cross-platform-dual-gate-v2	pgaa-cross-platform-matched-controls-v2
lara2023_bone_marrow_crispr	Mouse bone-marrow transplant CRISPR-Cas9	recorded_timepoint_holdout_1_vs_1	Gltscr1	Gltscr1	3	pgaa_w	70	5000	0.13	0.1	0.03	0.3284708614908344	0.2837975309039012	pgaa-cross-platform-dual-gate-v2	pgaa-cross-platform-matched-controls-v2
lara2023_bone_marrow_crispr	Mouse bone-marrow transplant CRISPR-Cas9	recorded_timepoint_holdout_1_vs_1	Gltscr1	Gltscr1	3	pgaa_h	70	5000	0.07	0.02	0.05	0.0617333136265191	0.0358926577403156	pgaa-cross-platform-dual-gate-v2	pgaa-cross-platform-matched-controls-v2
lara2023_bone_marrow_crispr	Mouse bone-marrow transplant CRISPR-Cas9	recorded_timepoint_holdout_1_vs_1	Gltscr1	Gltscr1	3	absolute_mean_shift	70	5000	0.13	0.09	0.04	0.0953945480466503	0.0645349442835931	pgaa-cross-platform-dual-gate-v2	pgaa-cross-platform-matched-controls-v2
lara2023_bone_marrow_crispr	Mouse bone-marrow transplant CRISPR-Cas9	recorded_timepoint_holdout_1_vs_1	Gltscr1	Gltscr1	3	welch_abs_t	70	5000	0.03	0.03	0.0	-0.0002062256722539	0.0016713642429347	pgaa-cross-platform-dual-gate-v2	pgaa-cross-platform-matched-controls-v2
lara2023_bone_marrow_crispr	Mouse bone-marrow transplant CRISPR-Cas9	recorded_timepoint_holdout_1_vs_1	Gltscr1	Gltscr1	4	pgaa_w	70	5000	0.04	0.05	-0.01	0.3158391486335659	0.2474233413209336	pgaa-cross-platform-dual-gate-v2	pgaa-cross-platform-matched-controls-v2
lara2023_bone_marrow_crispr	Mouse bone-marrow transplant CRISPR-Cas9	recorded_timepoint_holdout_1_vs_1	Gltscr1	Gltscr1	4	pgaa_h	70	5000	0.01	0.07	-0.06	0.0818955961916791	0.0381496548004882	pgaa-cross-platform-dual-gate-v2	pgaa-cross-platform-matched-controls-v2
lara2023_bone_marrow_crispr	Mouse bone-marrow transplant CRISPR-Cas9	recorded_timepoint_holdout_1_vs_1	Gltscr1	Gltscr1	4	absolute_mean_shift	70	5000	0.04	0.04	0.0	0.0932322402617647	0.0618980560208355	pgaa-cross-platform-dual-gate-v2	pgaa-cross-platform-matched-controls-v2
lara2023_bone_marrow_crispr	Mouse bone-marrow transplant CRISPR-Cas9	recorded_timepoint_holdout_1_vs_1	Gltscr1	Gltscr1	4	welch_abs_t	70	5000	0.0	0.02	-0.02	-0.0063005380441727	0.0074032735761309	pgaa-cross-platform-dual-gate-v2	pgaa-cross-platform-matched-controls-v2
lara2023_bone_marrow_crispr	Mouse bone-marrow transplant CRISPR-Cas9	recorded_timepoint_holdout_1_vs_1	Hdac1	Hdac1	0	pgaa_w	70	4999	0.14	0.09	0.05	0.3742510784029556	0.2370179792501117	pgaa-cross-platform-dual-gate-v2	pgaa-cross-platform-matched-controls-v2
lara2023_bone_marrow_crispr	Mouse bone-marrow transplant CRISPR-Cas9	recorded_timepoint_holdout_1_vs_1	Hdac1	Hdac1	0	pgaa_h	70	4999	0.05	0.03	0.02	-0.0062696750040706	0.0187092615394101	pgaa-cross-platform-dual-gate-v2	pgaa-cross-platform-matched-controls-v2
lara2023_bone_marrow_crispr	Mouse bone-marrow transplant CRISPR-Cas9	recorded_timepoint_holdout_1_vs_1	Hdac1	Hdac1	0	absolute_mean_shift	70	4999	0.1	0.09	0.01	0.1888225439266795	0.0635971716357867	pgaa-cross-platform-dual-gate-v2	pgaa-cross-platform-matched-controls-v2
lara2023_bone_marrow_crispr	Mouse bone-marrow transplant CRISPR-Cas9	recorded_timepoint_holdout_1_vs_1	Hdac1	Hdac1	0	welch_abs_t	70	4999	0.02	0.0	0.02	0.0810118904453159	0.0125344406699475	pgaa-cross-platform-dual-gate-v2	pgaa-cross-platform-matched-controls-v2
lara2023_bone_marrow_crispr	Mouse bone-marrow transplant CRISPR-Cas9	recorded_timepoint_holdout_1_vs_1	Hdac1	Hdac1	1	pgaa_w	70	4999	0.13	0.05	0.08	0.3353831140777976	0.2256012847707597	pgaa-cross-platform-dual-gate-v2	pgaa-cross-platform-matched-controls-v2
lara2023_bone_marrow_crispr	Mouse bone-marrow transplant CRISPR-Cas9	recorded_timepoint_holdout_1_vs_1	Hdac1	Hdac1	1	pgaa_h	70	4999	0.03	0.02	0.0099999999999999	0.0194552770297823	0.005727383762116	pgaa-cross-platform-dual-gate-v2	pgaa-cross-platform-matched-controls-v2
lara2023_bone_marrow_crispr	Mouse bone-marrow transplant CRISPR-Cas9	recorded_timepoint_holdout_1_vs_1	Hdac1	Hdac1	1	absolute_mean_shift	70	4999	0.09	0.03	0.06	0.1205984458385218	0.0319952862624382	pgaa-cross-platform-dual-gate-v2	pgaa-cross-platform-matched-controls-v2
lara2023_bone_marrow_crispr	Mouse bone-marrow transplant CRISPR-Cas9	recorded_timepoint_holdout_1_vs_1	Hdac1	Hdac1	1	welch_abs_t	70	4999	0.05	0.02	0.03	0.0316861277665301	0.0011519740683107	pgaa-cross-platform-dual-gate-v2	pgaa-cross-platform-matched-controls-v2
lara2023_bone_marrow_crispr	Mouse bone-marrow transplant CRISPR-Cas9	recorded_timepoint_holdout_1_vs_1	Hdac1	Hdac1	2	pgaa_w	70	4999	0.1	0.05	0.05	0.3314645966888456	0.2095080717944309	pgaa-cross-platform-dual-gate-v2	pgaa-cross-platform-matched-controls-v2
lara2023_bone_marrow_crispr	Mouse bone-marrow transplant CRISPR-Cas9	recorded_timepoint_holdout_1_vs_1	Hdac1	Hdac1	2	pgaa_h	70	4999	0.04	0.02	0.02	0.0570041228409468	0.0230010284750048	pgaa-cross-platform-dual-gate-v2	pgaa-cross-platform-matched-controls-v2
lara2023_bone_marrow_crispr	Mouse bone-marrow transplant CRISPR-Cas9	recorded_timepoint_holdout_1_vs_1	Hdac1	Hdac1	2	absolute_mean_shift	70	4999	0.09	0.04	0.0499999999999999	0.131817329999777	0.037154805993887	pgaa-cross-platform-dual-gate-v2	pgaa-cross-platform-matched-controls-v2
lara2023_bone_marrow_crispr	Mouse bone-marrow transplant CRISPR-Cas9	recorded_timepoint_holdout_1_vs_1	Hdac1	Hdac1	2	welch_abs_t	70	4999	0.03	0.02	0.0099999999999999	0.0081355247279948	-0.0177136245020363	pgaa-cross-platform-dual-gate-v2	pgaa-cross-platform-matched-controls-v2
lara2023_bone_marrow_crispr	Mouse bone-marrow transplant CRISPR-Cas9	recorded_timepoint_holdout_1_vs_1	Hdac1	Hdac1	3	pgaa_w	70	4999	0.1	0.06	0.04	0.3565135826685145	0.2348704243609826	pgaa-cross-platform-dual-gate-v2	pgaa-cross-platform-matched-controls-v2
lara2023_bone_marrow_crispr	Mouse bone-marrow transplant CRISPR-Cas9	recorded_timepoint_holdout_1_vs_1	Hdac1	Hdac1	3	pgaa_h	70	4999	0.06	0.02	0.0399999999999999	0.0325589003393541	0.0413702486020939	pgaa-cross-platform-dual-gate-v2	pgaa-cross-platform-matched-controls-v2
lara2023_bone_marrow_crispr	Mouse bone-marrow transplant CRISPR-Cas9	recorded_timepoint_holdout_1_vs_1	Hdac1	Hdac1	3	absolute_mean_shift	70	4999	0.09	0.05	0.0399999999999999	0.1634058567334932	0.0366295354655538	pgaa-cross-platform-dual-gate-v2	pgaa-cross-platform-matched-controls-v2
lara2023_bone_marrow_crispr	Mouse bone-marrow transplant CRISPR-Cas9	recorded_timepoint_holdout_1_vs_1	Hdac1	Hdac1	3	welch_abs_t	70	4999	0.04	0.01	0.03	0.0588367496802802	-0.0141839553028056	pgaa-cross-platform-dual-gate-v2	pgaa-cross-platform-matched-controls-v2
lara2023_bone_marrow_crispr	Mouse bone-marrow transplant CRISPR-Cas9	recorded_timepoint_holdout_1_vs_1	Hdac1	Hdac1	4	pgaa_w	70	4999	0.08	0.02	0.06	0.3628828879428439	0.2496637239572764	pgaa-cross-platform-dual-gate-v2	pgaa-cross-platform-matched-controls-v2
lara2023_bone_marrow_crispr	Mouse bone-marrow transplant CRISPR-Cas9	recorded_timepoint_holdout_1_vs_1	Hdac1	Hdac1	4	pgaa_h	70	4999	0.02	0.02	0.0	0.0580665381107635	-0.0103128562163788	pgaa-cross-platform-dual-gate-v2	pgaa-cross-platform-matched-controls-v2
lara2023_bone_marrow_crispr	Mouse bone-marrow transplant CRISPR-Cas9	recorded_timepoint_holdout_1_vs_1	Hdac1	Hdac1	4	absolute_mean_shift	70	4999	0.08	0.04	0.04	0.1473869917978058	0.052581019687855	pgaa-cross-platform-dual-gate-v2	pgaa-cross-platform-matched-controls-v2
lara2023_bone_marrow_crispr	Mouse bone-marrow transplant CRISPR-Cas9	recorded_timepoint_holdout_1_vs_1	Hdac1	Hdac1	4	welch_abs_t	70	4999	0.02	0.05	-0.03	0.0414491041795741	0.015377996896267	pgaa-cross-platform-dual-gate-v2	pgaa-cross-platform-matched-controls-v2
lara2023_bone_marrow_crispr	Mouse bone-marrow transplant CRISPR-Cas9	recorded_timepoint_holdout_1_vs_1	Hdac3	Hdac3	0	pgaa_w	70	4999	0.16	0.12	0.04	0.3680789367957626	0.2282136680877592	pgaa-cross-platform-dual-gate-v2	pgaa-cross-platform-matched-controls-v2
lara2023_bone_marrow_crispr	Mouse bone-marrow transplant CRISPR-Cas9	recorded_timepoint_holdout_1_vs_1	Hdac3	Hdac3	0	pgaa_h	70	4999	0.04	0.09	-0.0499999999999999	0.0170170080551471	0.0238493073433451	pgaa-cross-platform-dual-gate-v2	pgaa-cross-platform-matched-controls-v2
lara2023_bone_marrow_crispr	Mouse bone-marrow transplant CRISPR-Cas9	recorded_timepoint_holdout_1_vs_1	Hdac3	Hdac3	0	absolute_mean_shift	70	4999	0.17	0.11	0.06	0.1708374569552767	0.0605874665027207	pgaa-cross-platform-dual-gate-v2	pgaa-cross-platform-matched-controls-v2
lara2023_bone_marrow_crispr	Mouse bone-marrow transplant CRISPR-Cas9	recorded_timepoint_holdout_1_vs_1	Hdac3	Hdac3	0	welch_abs_t	70	4999	0.13	0.05	0.08	0.069419702863474	0.0011960377189483	pgaa-cross-platform-dual-gate-v2	pgaa-cross-platform-matched-controls-v2
lara2023_bone_marrow_crispr	Mouse bone-marrow transplant CRISPR-Cas9	recorded_timepoint_holdout_1_vs_1	Hdac3	Hdac3	1	pgaa_w	70	4999	0.15	0.02	0.13	0.3659787711683994	0.2223341216622676	pgaa-cross-platform-dual-gate-v2	pgaa-cross-platform-matched-controls-v2
lara2023_bone_marrow_crispr	Mouse bone-marrow transplant CRISPR-Cas9	recorded_timepoint_holdout_1_vs_1	Hdac3	Hdac3	1	pgaa_h	70	4999	0.07	0.0	0.07	0.033956858519305	0.0118280803392605	pgaa-cross-platform-dual-gate-v2	pgaa-cross-platform-matched-controls-v2
lara2023_bone_marrow_crispr	Mouse bone-marrow transplant CRISPR-Cas9	recorded_timepoint_holdout_1_vs_1	Hdac3	Hdac3	1	absolute_mean_shift	70	4999	0.16	0.02	0.14	0.149244490345812	0.0303521804961232	pgaa-cross-platform-dual-gate-v2	pgaa-cross-platform-matched-controls-v2
lara2023_bone_marrow_crispr	Mouse bone-marrow transplant CRISPR-Cas9	recorded_timepoint_holdout_1_vs_1	Hdac3	Hdac3	1	welch_abs_t	70	4999	0.1	0.01	0.09	0.0272744702121696	-0.0140639363406895	pgaa-cross-platform-dual-gate-v2	pgaa-cross-platform-matched-controls-v2
lara2023_bone_marrow_crispr	Mouse bone-marrow transplant CRISPR-Cas9	recorded_timepoint_holdout_1_vs_1	Hdac3	Hdac3	2	pgaa_w	70	4999	0.22	0.07	0.15	0.3591184611952403	0.2265245831879461	pgaa-cross-platform-dual-gate-v2	pgaa-cross-platform-matched-controls-v2
lara2023_bone_marrow_crispr	Mouse bone-marrow transplant CRISPR-Cas9	recorded_timepoint_holdout_1_vs_1	Hdac3	Hdac3	2	pgaa_h	70	4999	0.02	0.05	-0.03	0.0117707247659097	0.0178156468776448	pgaa-cross-platform-dual-gate-v2	pgaa-cross-platform-matched-controls-v2
lara2023_bone_marrow_crispr	Mouse bone-marrow transplant CRISPR-Cas9	recorded_timepoint_holdout_1_vs_1	Hdac3	Hdac3	2	absolute_mean_shift	70	4999	0.22	0.06	0.16	0.1187316479016073	0.0498232717864058	pgaa-cross-platform-dual-gate-v2	pgaa-cross-platform-matched-controls-v2
lara2023_bone_marrow_crispr	Mouse bone-marrow transplant CRISPR-Cas9	recorded_timepoint_holdout_1_vs_1	Hdac3	Hdac3	2	welch_abs_t	70	4999	0.17	0.02	0.15	0.0011890602370459	0.0070281200537826	pgaa-cross-platform-dual-gate-v2	pgaa-cross-platform-matched-controls-v2
lara2023_bone_marrow_crispr	Mouse bone-marrow transplant CRISPR-Cas9	recorded_timepoint_holdout_1_vs_1	Hdac3	Hdac3	3	pgaa_w	70	4999	0.18	0.11	0.0699999999999999	0.4284914501267601	0.343842861441436	pgaa-cross-platform-dual-gate-v2	pgaa-cross-platform-matched-controls-v2
lara2023_bone_marrow_crispr	Mouse bone-marrow transplant CRISPR-Cas9	recorded_timepoint_holdout_1_vs_1	Hdac3	Hdac3	3	pgaa_h	70	4999	0.02	0.02	0.0	0.0250944405970123	0.0008516631242663	pgaa-cross-platform-dual-gate-v2	pgaa-cross-platform-matched-controls-v2
lara2023_bone_marrow_crispr	Mouse bone-marrow transplant CRISPR-Cas9	recorded_timepoint_holdout_1_vs_1	Hdac3	Hdac3	3	absolute_mean_shift	70	4999	0.24	0.09	0.15	0.2052502067280203	0.1087625163500292	pgaa-cross-platform-dual-gate-v2	pgaa-cross-platform-matched-controls-v2
lara2023_bone_marrow_crispr	Mouse bone-marrow transplant CRISPR-Cas9	recorded_timepoint_holdout_1_vs_1	Hdac3	Hdac3	3	welch_abs_t	70	4999	0.11	0.0	0.11	0.0973472620094247	0.0244091809003915	pgaa-cross-platform-dual-gate-v2	pgaa-cross-platform-matched-controls-v2
lara2023_bone_marrow_crispr	Mouse bone-marrow transplant CRISPR-Cas9	recorded_timepoint_holdout_1_vs_1	Hdac3	Hdac3	4	pgaa_w	70	4999	0.17	0.02	0.15	0.4041604146999868	0.2754585509178667	pgaa-cross-platform-dual-gate-v2	pgaa-cross-platform-matched-controls-v2
lara2023_bone_marrow_crispr	Mouse bone-marrow transplant CRISPR-Cas9	recorded_timepoint_holdout_1_vs_1	Hdac3	Hdac3	4	pgaa_h	70	4999	0.07	0.05	0.02	0.022267042077186	0.0282160759204765	pgaa-cross-platform-dual-gate-v2	pgaa-cross-platform-matched-controls-v2
lara2023_bone_marrow_crispr	Mouse bone-marrow transplant CRISPR-Cas9	recorded_timepoint_holdout_1_vs_1	Hdac3	Hdac3	4	absolute_mean_shift	70	4999	0.19	0.03	0.16	0.1860769495689829	0.0399490966169187	pgaa-cross-platform-dual-gate-v2	pgaa-cross-platform-matched-controls-v2
lara2023_bone_marrow_crispr	Mouse bone-marrow transplant CRISPR-Cas9	recorded_timepoint_holdout_1_vs_1	Hdac3	Hdac3	4	welch_abs_t	70	4999	0.1	0.0	0.1	0.0822971761258516	-0.0191590039985984	pgaa-cross-platform-dual-gate-v2	pgaa-cross-platform-matched-controls-v2
santinha2023_brain_aav_crispr	Mouse in vivo brain AAV CRISPR-Cas9	recorded_sequencing_lane_holdout_6_vs_6	Aifm3	Aifm3	0	pgaa_w	70	4999	0.19	0.09	0.1	0.2646441416974872	0.2563873138613317	pgaa-cross-platform-dual-gate-v2	pgaa-cross-platform-matched-controls-v2
santinha2023_brain_aav_crispr	Mouse in vivo brain AAV CRISPR-Cas9	recorded_sequencing_lane_holdout_6_vs_6	Aifm3	Aifm3	0	pgaa_h	70	4999	0.05	0.06	-0.0099999999999999	0.0960876169681253	0.130373865492187	pgaa-cross-platform-dual-gate-v2	pgaa-cross-platform-matched-controls-v2
santinha2023_brain_aav_crispr	Mouse in vivo brain AAV CRISPR-Cas9	recorded_sequencing_lane_holdout_6_vs_6	Aifm3	Aifm3	0	absolute_mean_shift	70	4999	0.16	0.06	0.1	0.0691889137541209	0.0739253163495586	pgaa-cross-platform-dual-gate-v2	pgaa-cross-platform-matched-controls-v2
santinha2023_brain_aav_crispr	Mouse in vivo brain AAV CRISPR-Cas9	recorded_sequencing_lane_holdout_6_vs_6	Aifm3	Aifm3	0	welch_abs_t	70	4999	0.02	0.02	0.0	0.0016492627697208	7.452016213566844e-05	pgaa-cross-platform-dual-gate-v2	pgaa-cross-platform-matched-controls-v2
santinha2023_brain_aav_crispr	Mouse in vivo brain AAV CRISPR-Cas9	recorded_sequencing_lane_holdout_6_vs_6	Aifm3	Aifm3	1	pgaa_w	70	4999	0.12	0.15	-0.03	0.2474081230651893	0.28008508179427	pgaa-cross-platform-dual-gate-v2	pgaa-cross-platform-matched-controls-v2
santinha2023_brain_aav_crispr	Mouse in vivo brain AAV CRISPR-Cas9	recorded_sequencing_lane_holdout_6_vs_6	Aifm3	Aifm3	1	pgaa_h	70	4999	0.0	0.02	-0.02	0.1230713244642754	0.0807163334194318	pgaa-cross-platform-dual-gate-v2	pgaa-cross-platform-matched-controls-v2
santinha2023_brain_aav_crispr	Mouse in vivo brain AAV CRISPR-Cas9	recorded_sequencing_lane_holdout_6_vs_6	Aifm3	Aifm3	1	absolute_mean_shift	70	4999	0.07	0.11	-0.0399999999999999	0.0340313568140301	0.0749530172114821	pgaa-cross-platform-dual-gate-v2	pgaa-cross-platform-matched-controls-v2
santinha2023_brain_aav_crispr	Mouse in vivo brain AAV CRISPR-Cas9	recorded_sequencing_lane_holdout_6_vs_6	Aifm3	Aifm3	1	welch_abs_t	70	4999	0.02	0.0	0.02	-0.0341030966337325	-0.0079074109179579	pgaa-cross-platform-dual-gate-v2	pgaa-cross-platform-matched-controls-v2
santinha2023_brain_aav_crispr	Mouse in vivo brain AAV CRISPR-Cas9	recorded_sequencing_lane_holdout_6_vs_6	Aifm3	Aifm3	2	pgaa_w	70	4999	0.15	0.13	0.0199999999999999	0.2905312817665574	0.2617469594279	pgaa-cross-platform-dual-gate-v2	pgaa-cross-platform-matched-controls-v2
santinha2023_brain_aav_crispr	Mouse in vivo brain AAV CRISPR-Cas9	recorded_sequencing_lane_holdout_6_vs_6	Aifm3	Aifm3	2	pgaa_h	70	4999	0.03	0.05	-0.02	0.1059491337237461	0.0918458970310743	pgaa-cross-platform-dual-gate-v2	pgaa-cross-platform-matched-controls-v2
santinha2023_brain_aav_crispr	Mouse in vivo brain AAV CRISPR-Cas9	recorded_sequencing_lane_holdout_6_vs_6	Aifm3	Aifm3	2	absolute_mean_shift	70	4999	0.13	0.08	0.05	0.0809454195838875	0.0459035896080878	pgaa-cross-platform-dual-gate-v2	pgaa-cross-platform-matched-controls-v2
santinha2023_brain_aav_crispr	Mouse in vivo brain AAV CRISPR-Cas9	recorded_sequencing_lane_holdout_6_vs_6	Aifm3	Aifm3	2	welch_abs_t	70	4999	0.03	0.01	0.0199999999999999	-0.0041401723805126	-0.0168880018504754	pgaa-cross-platform-dual-gate-v2	pgaa-cross-platform-matched-controls-v2
santinha2023_brain_aav_crispr	Mouse in vivo brain AAV CRISPR-Cas9	recorded_sequencing_lane_holdout_6_vs_6	Aifm3	Aifm3	3	pgaa_w	70	4999	0.21	0.12	0.09	0.259403791250447	0.2652824814182524	pgaa-cross-platform-dual-gate-v2	pgaa-cross-platform-matched-controls-v2
santinha2023_brain_aav_crispr	Mouse in vivo brain AAV CRISPR-Cas9	recorded_sequencing_lane_holdout_6_vs_6	Aifm3	Aifm3	3	pgaa_h	70	4999	0.01	0.0	0.01	0.097422848768603	0.0930589558380315	pgaa-cross-platform-dual-gate-v2	pgaa-cross-platform-matched-controls-v2
santinha2023_brain_aav_crispr	Mouse in vivo brain AAV CRISPR-Cas9	recorded_sequencing_lane_holdout_6_vs_6	Aifm3	Aifm3	3	absolute_mean_shift	70	4999	0.08	0.11	-0.03	0.0606337167146074	0.0482627041614805	pgaa-cross-platform-dual-gate-v2	pgaa-cross-platform-matched-controls-v2
santinha2023_brain_aav_crispr	Mouse in vivo brain AAV CRISPR-Cas9	recorded_sequencing_lane_holdout_6_vs_6	Aifm3	Aifm3	3	welch_abs_t	70	4999	0.0	0.01	-0.01	0.0128510936283979	-0.011733915090341	pgaa-cross-platform-dual-gate-v2	pgaa-cross-platform-matched-controls-v2
santinha2023_brain_aav_crispr	Mouse in vivo brain AAV CRISPR-Cas9	recorded_sequencing_lane_holdout_6_vs_6	Aifm3	Aifm3	4	pgaa_w	70	4999	0.07	0.15	-0.0799999999999999	0.2871278558232655	0.256398825503396	pgaa-cross-platform-dual-gate-v2	pgaa-cross-platform-matched-controls-v2
santinha2023_brain_aav_crispr	Mouse in vivo brain AAV CRISPR-Cas9	recorded_sequencing_lane_holdout_6_vs_6	Aifm3	Aifm3	4	pgaa_h	70	4999	0.02	0.0	0.02	0.1020233604520495	0.1014601626855574	pgaa-cross-platform-dual-gate-v2	pgaa-cross-platform-matched-controls-v2
santinha2023_brain_aav_crispr	Mouse in vivo brain AAV CRISPR-Cas9	recorded_sequencing_lane_holdout_6_vs_6	Aifm3	Aifm3	4	absolute_mean_shift	70	4999	0.03	0.11	-0.08	0.0554681758533766	0.0624908399311899	pgaa-cross-platform-dual-gate-v2	pgaa-cross-platform-matched-controls-v2
santinha2023_brain_aav_crispr	Mouse in vivo brain AAV CRISPR-Cas9	recorded_sequencing_lane_holdout_6_vs_6	Aifm3	Aifm3	4	welch_abs_t	70	4999	0.01	0.03	-0.0199999999999999	-0.0068854722206598	-0.002297020364457	pgaa-cross-platform-dual-gate-v2	pgaa-cross-platform-matched-controls-v2
santinha2023_brain_aav_crispr	Mouse in vivo brain AAV CRISPR-Cas9	recorded_sequencing_lane_holdout_6_vs_6	Arvcf	Arvcf	0	pgaa_w	70	4999	0.19	0.13	0.06	0.2717691187697324	0.283576701606828	pgaa-cross-platform-dual-gate-v2	pgaa-cross-platform-matched-controls-v2
santinha2023_brain_aav_crispr	Mouse in vivo brain AAV CRISPR-Cas9	recorded_sequencing_lane_holdout_6_vs_6	Arvcf	Arvcf	0	pgaa_h	70	4999	0.03	0.01	0.0199999999999999	0.0752848737549697	0.0942904150842546	pgaa-cross-platform-dual-gate-v2	pgaa-cross-platform-matched-controls-v2
santinha2023_brain_aav_crispr	Mouse in vivo brain AAV CRISPR-Cas9	recorded_sequencing_lane_holdout_6_vs_6	Arvcf	Arvcf	0	absolute_mean_shift	70	4999	0.14	0.12	0.02	0.0815086402712964	0.0730993388201168	pgaa-cross-platform-dual-gate-v2	pgaa-cross-platform-matched-controls-v2
santinha2023_brain_aav_crispr	Mouse in vivo brain AAV CRISPR-Cas9	recorded_sequencing_lane_holdout_6_vs_6	Arvcf	Arvcf	0	welch_abs_t	70	4999	0.02	0.01	0.01	0.0207965715121798	0.007548905555602	pgaa-cross-platform-dual-gate-v2	pgaa-cross-platform-matched-controls-v2
santinha2023_brain_aav_crispr	Mouse in vivo brain AAV CRISPR-Cas9	recorded_sequencing_lane_holdout_6_vs_6	Arvcf	Arvcf	1	pgaa_w	70	4999	0.13	0.18	-0.0499999999999999	0.2552601779899798	0.2488225287794654	pgaa-cross-platform-dual-gate-v2	pgaa-cross-platform-matched-controls-v2
santinha2023_brain_aav_crispr	Mouse in vivo brain AAV CRISPR-Cas9	recorded_sequencing_lane_holdout_6_vs_6	Arvcf	Arvcf	1	pgaa_h	70	4999	0.03	0.06	-0.03	0.1074603514970007	0.1222067328885256	pgaa-cross-platform-dual-gate-v2	pgaa-cross-platform-matched-controls-v2
santinha2023_brain_aav_crispr	Mouse in vivo brain AAV CRISPR-Cas9	recorded_sequencing_lane_holdout_6_vs_6	Arvcf	Arvcf	1	absolute_mean_shift	70	4999	0.07	0.16	-0.09	0.0564700053163658	0.0521662431455958	pgaa-cross-platform-dual-gate-v2	pgaa-cross-platform-matched-controls-v2
santinha2023_brain_aav_crispr	Mouse in vivo brain AAV CRISPR-Cas9	recorded_sequencing_lane_holdout_6_vs_6	Arvcf	Arvcf	1	welch_abs_t	70	4999	0.0	0.01	-0.01	0.0086810789294964	-0.0112453658561543	pgaa-cross-platform-dual-gate-v2	pgaa-cross-platform-matched-controls-v2
santinha2023_brain_aav_crispr	Mouse in vivo brain AAV CRISPR-Cas9	recorded_sequencing_lane_holdout_6_vs_6	Arvcf	Arvcf	2	pgaa_w	70	4999	0.16	0.19	-0.03	0.2874689919016217	0.2694896506312067	pgaa-cross-platform-dual-gate-v2	pgaa-cross-platform-matched-controls-v2
santinha2023_brain_aav_crispr	Mouse in vivo brain AAV CRISPR-Cas9	recorded_sequencing_lane_holdout_6_vs_6	Arvcf	Arvcf	2	pgaa_h	70	4999	0.03	0.01	0.0199999999999999	0.1035410539244579	0.0876290098402883	pgaa-cross-platform-dual-gate-v2	pgaa-cross-platform-matched-controls-v2
santinha2023_brain_aav_crispr	Mouse in vivo brain AAV CRISPR-Cas9	recorded_sequencing_lane_holdout_6_vs_6	Arvcf	Arvcf	2	absolute_mean_shift	70	4999	0.17	0.15	0.02	0.1002689712156504	0.0449779786994582	pgaa-cross-platform-dual-gate-v2	pgaa-cross-platform-matched-controls-v2
santinha2023_brain_aav_crispr	Mouse in vivo brain AAV CRISPR-Cas9	recorded_sequencing_lane_holdout_6_vs_6	Arvcf	Arvcf	2	welch_abs_t	70	4999	0.03	0.04	-0.01	0.0191488814454163	-0.0134057870881116	pgaa-cross-platform-dual-gate-v2	pgaa-cross-platform-matched-controls-v2
santinha2023_brain_aav_crispr	Mouse in vivo brain AAV CRISPR-Cas9	recorded_sequencing_lane_holdout_6_vs_6	Arvcf	Arvcf	3	pgaa_w	70	4999	0.12	0.15	-0.03	0.2794210035284368	0.2951945762021553	pgaa-cross-platform-dual-gate-v2	pgaa-cross-platform-matched-controls-v2
santinha2023_brain_aav_crispr	Mouse in vivo brain AAV CRISPR-Cas9	recorded_sequencing_lane_holdout_6_vs_6	Arvcf	Arvcf	3	pgaa_h	70	4999	0.01	0.0	0.01	0.1170229912561172	0.1078193330964755	pgaa-cross-platform-dual-gate-v2	pgaa-cross-platform-matched-controls-v2
santinha2023_brain_aav_crispr	Mouse in vivo brain AAV CRISPR-Cas9	recorded_sequencing_lane_holdout_6_vs_6	Arvcf	Arvcf	3	absolute_mean_shift	70	4999	0.11	0.12	-0.0099999999999999	0.0842530529756736	0.0746498401384286	pgaa-cross-platform-dual-gate-v2	pgaa-cross-platform-matched-controls-v2
santinha2023_brain_aav_crispr	Mouse in vivo brain AAV CRISPR-Cas9	recorded_sequencing_lane_holdout_6_vs_6	Arvcf	Arvcf	3	welch_abs_t	70	4999	0.0	0.03	-0.03	0.0136112738033801	-0.0122144418319438	pgaa-cross-platform-dual-gate-v2	pgaa-cross-platform-matched-controls-v2
santinha2023_brain_aav_crispr	Mouse in vivo brain AAV CRISPR-Cas9	recorded_sequencing_lane_holdout_6_vs_6	Arvcf	Arvcf	4	pgaa_w	70	4999	0.13	0.14	-0.01	0.2823255228716812	0.2847770335819866	pgaa-cross-platform-dual-gate-v2	pgaa-cross-platform-matched-controls-v2
santinha2023_brain_aav_crispr	Mouse in vivo brain AAV CRISPR-Cas9	recorded_sequencing_lane_holdout_6_vs_6	Arvcf	Arvcf	4	pgaa_h	70	4999	0.02	0.01	0.01	0.095791844314818	0.1078628140970097	pgaa-cross-platform-dual-gate-v2	pgaa-cross-platform-matched-controls-v2
santinha2023_brain_aav_crispr	Mouse in vivo brain AAV CRISPR-Cas9	recorded_sequencing_lane_holdout_6_vs_6	Arvcf	Arvcf	4	absolute_mean_shift	70	4999	0.11	0.06	0.05	0.061218416462281	0.0820017571459552	pgaa-cross-platform-dual-gate-v2	pgaa-cross-platform-matched-controls-v2
santinha2023_brain_aav_crispr	Mouse in vivo brain AAV CRISPR-Cas9	recorded_sequencing_lane_holdout_6_vs_6	Arvcf	Arvcf	4	welch_abs_t	70	4999	0.03	0.01	0.0199999999999999	-0.0114833433919188	0.0247280595140571	pgaa-cross-platform-dual-gate-v2	pgaa-cross-platform-matched-controls-v2
santinha2023_brain_aav_crispr	Mouse in vivo brain AAV CRISPR-Cas9	recorded_sequencing_lane_holdout_6_vs_6	Ccdc74a	Ccdc74a	0	pgaa_w	70	4999	0.21	0.15	0.06	0.2587810674259702	0.2950198532383548	pgaa-cross-platform-dual-gate-v2	pgaa-cross-platform-matched-controls-v2
santinha2023_brain_aav_crispr	Mouse in vivo brain AAV CRISPR-Cas9	recorded_sequencing_lane_holdout_6_vs_6	Ccdc74a	Ccdc74a	0	pgaa_h	70	4999	0.03	0.05	-0.02	0.1053273655928637	0.0730379739229624	pgaa-cross-platform-dual-gate-v2	pgaa-cross-platform-matched-controls-v2
santinha2023_brain_aav_crispr	Mouse in vivo brain AAV CRISPR-Cas9	recorded_sequencing_lane_holdout_6_vs_6	Ccdc74a	Ccdc74a	0	absolute_mean_shift	70	4999	0.18	0.09	0.09	0.0667787057099375	0.0757439371704229	pgaa-cross-platform-dual-gate-v2	pgaa-cross-platform-matched-controls-v2
santinha2023_brain_aav_crispr	Mouse in vivo brain AAV CRISPR-Cas9	recorded_sequencing_lane_holdout_6_vs_6	Ccdc74a	Ccdc74a	0	welch_abs_t	70	4999	0.03	0.01	0.0199999999999999	0.0166585488530277	0.0171637155762485	pgaa-cross-platform-dual-gate-v2	pgaa-cross-platform-matched-controls-v2
santinha2023_brain_aav_crispr	Mouse in vivo brain AAV CRISPR-Cas9	recorded_sequencing_lane_holdout_6_vs_6	Ccdc74a	Ccdc74a	1	pgaa_w	70	4999	0.1	0.17	-0.07	0.2325963862640475	0.2381904985078648	pgaa-cross-platform-dual-gate-v2	pgaa-cross-platform-matched-controls-v2
santinha2023_brain_aav_crispr	Mouse in vivo brain AAV CRISPR-Cas9	recorded_sequencing_lane_holdout_6_vs_6	Ccdc74a	Ccdc74a	1	pgaa_h	70	4999	0.03	0.02	0.0099999999999999	0.0924543484257601	0.1085641131670373	pgaa-cross-platform-dual-gate-v2	pgaa-cross-platform-matched-controls-v2
santinha2023_brain_aav_crispr	Mouse in vivo brain AAV CRISPR-Cas9	recorded_sequencing_lane_holdout_6_vs_6	Ccdc74a	Ccdc74a	1	absolute_mean_shift	70	4999	0.08	0.16	-0.08	0.0252995215652277	0.0364386194886036	pgaa-cross-platform-dual-gate-v2	pgaa-cross-platform-matched-controls-v2
santinha2023_brain_aav_crispr	Mouse in vivo brain AAV CRISPR-Cas9	recorded_sequencing_lane_holdout_6_vs_6	Ccdc74a	Ccdc74a	1	welch_abs_t	70	4999	0.01	0.01	0.0	-0.0237942622378017	-0.0058819024309063	pgaa-cross-platform-dual-gate-v2	pgaa-cross-platform-matched-controls-v2
santinha2023_brain_aav_crispr	Mouse in vivo brain AAV CRISPR-Cas9	recorded_sequencing_lane_holdout_6_vs_6	Ccdc74a	Ccdc74a	2	pgaa_w	70	4999	0.23	0.17	0.06	0.2882520597276718	0.2813960121195908	pgaa-cross-platform-dual-gate-v2	pgaa-cross-platform-matched-controls-v2
santinha2023_brain_aav_crispr	Mouse in vivo brain AAV CRISPR-Cas9	recorded_sequencing_lane_holdout_6_vs_6	Ccdc74a	Ccdc74a	2	pgaa_h	70	4999	0.02	0.01	0.01	0.0863822646251241	0.0884638362508671	pgaa-cross-platform-dual-gate-v2	pgaa-cross-platform-matched-controls-v2
santinha2023_brain_aav_crispr	Mouse in vivo brain AAV CRISPR-Cas9	recorded_sequencing_lane_holdout_6_vs_6	Ccdc74a	Ccdc74a	2	absolute_mean_shift	70	4999	0.14	0.15	-0.0099999999999999	0.09041723203086	0.0661239742929405	pgaa-cross-platform-dual-gate-v2	pgaa-cross-platform-matched-controls-v2
santinha2023_brain_aav_crispr	Mouse in vivo brain AAV CRISPR-Cas9	recorded_sequencing_lane_holdout_6_vs_6	Ccdc74a	Ccdc74a	2	welch_abs_t	70	4999	0.01	0.03	-0.0199999999999999	0.0145651660944433	-0.0028595400712795	pgaa-cross-platform-dual-gate-v2	pgaa-cross-platform-matched-controls-v2
santinha2023_brain_aav_crispr	Mouse in vivo brain AAV CRISPR-Cas9	recorded_sequencing_lane_holdout_6_vs_6	Ccdc74a	Ccdc74a	3	pgaa_w	70	4999	0.08	0.17	-0.09	0.2624455594600313	0.3033207342548942	pgaa-cross-platform-dual-gate-v2	pgaa-cross-platform-matched-controls-v2
santinha2023_brain_aav_crispr	Mouse in vivo brain AAV CRISPR-Cas9	recorded_sequencing_lane_holdout_6_vs_6	Ccdc74a	Ccdc74a	3	pgaa_h	70	4999	0.04	0.03	0.01	0.1050893205636195	0.1128184324653477	pgaa-cross-platform-dual-gate-v2	pgaa-cross-platform-matched-controls-v2
santinha2023_brain_aav_crispr	Mouse in vivo brain AAV CRISPR-Cas9	recorded_sequencing_lane_holdout_6_vs_6	Ccdc74a	Ccdc74a	3	absolute_mean_shift	70	4999	0.08	0.15	-0.0699999999999999	0.0312868932054771	0.0764881116106031	pgaa-cross-platform-dual-gate-v2	pgaa-cross-platform-matched-controls-v2
santinha2023_brain_aav_crispr	Mouse in vivo brain AAV CRISPR-Cas9	recorded_sequencing_lane_holdout_6_vs_6	Ccdc74a	Ccdc74a	3	welch_abs_t	70	4999	0.02	0.02	0.0	-0.0211254791654609	0.0013917972069804	pgaa-cross-platform-dual-gate-v2	pgaa-cross-platform-matched-controls-v2
santinha2023_brain_aav_crispr	Mouse in vivo brain AAV CRISPR-Cas9	recorded_sequencing_lane_holdout_6_vs_6	Ccdc74a	Ccdc74a	4	pgaa_w	70	4999	0.12	0.12	0.0	0.2558629568890969	0.2614533257671943	pgaa-cross-platform-dual-gate-v2	pgaa-cross-platform-matched-controls-v2
santinha2023_brain_aav_crispr	Mouse in vivo brain AAV CRISPR-Cas9	recorded_sequencing_lane_holdout_6_vs_6	Ccdc74a	Ccdc74a	4	pgaa_h	70	4999	0.03	0.06	-0.03	0.0910755369465367	0.0987916185525579	pgaa-cross-platform-dual-gate-v2	pgaa-cross-platform-matched-controls-v2
santinha2023_brain_aav_crispr	Mouse in vivo brain AAV CRISPR-Cas9	recorded_sequencing_lane_holdout_6_vs_6	Ccdc74a	Ccdc74a	4	absolute_mean_shift	70	4999	0.06	0.07	-0.01	0.0546545078549757	0.0542662094548881	pgaa-cross-platform-dual-gate-v2	pgaa-cross-platform-matched-controls-v2
santinha2023_brain_aav_crispr	Mouse in vivo brain AAV CRISPR-Cas9	recorded_sequencing_lane_holdout_6_vs_6	Ccdc74a	Ccdc74a	4	welch_abs_t	70	4999	0.02	0.01	0.01	0.0054136638133248	-0.0054284024154376	pgaa-cross-platform-dual-gate-v2	pgaa-cross-platform-matched-controls-v2
santinha2023_brain_aav_crispr	Mouse in vivo brain AAV CRISPR-Cas9	recorded_sequencing_lane_holdout_6_vs_6	Comt	Comt	0	pgaa_w	70	4999	0.24	0.11	0.13	0.2845747174885157	0.2426254205462941	pgaa-cross-platform-dual-gate-v2	pgaa-cross-platform-matched-controls-v2
santinha2023_brain_aav_crispr	Mouse in vivo brain AAV CRISPR-Cas9	recorded_sequencing_lane_holdout_6_vs_6	Comt	Comt	0	pgaa_h	70	4999	0.02	0.04	-0.02	0.1056645786833273	0.0923122226090671	pgaa-cross-platform-dual-gate-v2	pgaa-cross-platform-matched-controls-v2
santinha2023_brain_aav_crispr	Mouse in vivo brain AAV CRISPR-Cas9	recorded_sequencing_lane_holdout_6_vs_6	Comt	Comt	0	absolute_mean_shift	70	4999	0.18	0.05	0.13	0.0797610531969481	0.0619239478192342	pgaa-cross-platform-dual-gate-v2	pgaa-cross-platform-matched-controls-v2
santinha2023_brain_aav_crispr	Mouse in vivo brain AAV CRISPR-Cas9	recorded_sequencing_lane_holdout_6_vs_6	Comt	Comt	0	welch_abs_t	70	4999	0.01	0.02	-0.01	-0.0067196399185412	0.0043508392434789	pgaa-cross-platform-dual-gate-v2	pgaa-cross-platform-matched-controls-v2
santinha2023_brain_aav_crispr	Mouse in vivo brain AAV CRISPR-Cas9	recorded_sequencing_lane_holdout_6_vs_6	Comt	Comt	1	pgaa_w	70	4999	0.16	0.1	0.06	0.2656286062494611	0.2537602261388653	pgaa-cross-platform-dual-gate-v2	pgaa-cross-platform-matched-controls-v2
santinha2023_brain_aav_crispr	Mouse in vivo brain AAV CRISPR-Cas9	recorded_sequencing_lane_holdout_6_vs_6	Comt	Comt	1	pgaa_h	70	4999	0.02	0.04	-0.02	0.0837932362212963	0.0873045474672261	pgaa-cross-platform-dual-gate-v2	pgaa-cross-platform-matched-controls-v2
santinha2023_brain_aav_crispr	Mouse in vivo brain AAV CRISPR-Cas9	recorded_sequencing_lane_holdout_6_vs_6	Comt	Comt	1	absolute_mean_shift	70	4999	0.12	0.06	0.06	0.0509378553815355	0.0572865812085483	pgaa-cross-platform-dual-gate-v2	pgaa-cross-platform-matched-controls-v2
santinha2023_brain_aav_crispr	Mouse in vivo brain AAV CRISPR-Cas9	recorded_sequencing_lane_holdout_6_vs_6	Comt	Comt	1	welch_abs_t	70	4999	0.02	0.0	0.02	-0.0213840037160225	-0.0074596998631418	pgaa-cross-platform-dual-gate-v2	pgaa-cross-platform-matched-controls-v2
santinha2023_brain_aav_crispr	Mouse in vivo brain AAV CRISPR-Cas9	recorded_sequencing_lane_holdout_6_vs_6	Comt	Comt	2	pgaa_w	70	4999	0.15	0.13	0.0199999999999999	0.278165108267752	0.2345319735735863	pgaa-cross-platform-dual-gate-v2	pgaa-cross-platform-matched-controls-v2
santinha2023_brain_aav_crispr	Mouse in vivo brain AAV CRISPR-Cas9	recorded_sequencing_lane_holdout_6_vs_6	Comt	Comt	2	pgaa_h	70	4999	0.02	0.04	-0.02	0.1156473809863034	0.0979670554183556	pgaa-cross-platform-dual-gate-v2	pgaa-cross-platform-matched-controls-v2
santinha2023_brain_aav_crispr	Mouse in vivo brain AAV CRISPR-Cas9	recorded_sequencing_lane_holdout_6_vs_6	Comt	Comt	2	absolute_mean_shift	70	4999	0.12	0.08	0.0399999999999999	0.0688485284124699	0.0245537045974085	pgaa-cross-platform-dual-gate-v2	pgaa-cross-platform-matched-controls-v2
santinha2023_brain_aav_crispr	Mouse in vivo brain AAV CRISPR-Cas9	recorded_sequencing_lane_holdout_6_vs_6	Comt	Comt	2	welch_abs_t	70	4999	0.02	0.02	0.0	0.0065574150125717	-0.0158941537166977	pgaa-cross-platform-dual-gate-v2	pgaa-cross-platform-matched-controls-v2
santinha2023_brain_aav_crispr	Mouse in vivo brain AAV CRISPR-Cas9	recorded_sequencing_lane_holdout_6_vs_6	Comt	Comt	3	pgaa_w	70	4999	0.11	0.21	-0.0999999999999999	0.2770540957651314	0.259591806572599	pgaa-cross-platform-dual-gate-v2	pgaa-cross-platform-matched-controls-v2
santinha2023_brain_aav_crispr	Mouse in vivo brain AAV CRISPR-Cas9	recorded_sequencing_lane_holdout_6_vs_6	Comt	Comt	3	pgaa_h	70	4999	0.04	0.02	0.02	0.162314122043975	0.1375366434242864	pgaa-cross-platform-dual-gate-v2	pgaa-cross-platform-matched-controls-v2
santinha2023_brain_aav_crispr	Mouse in vivo brain AAV CRISPR-Cas9	recorded_sequencing_lane_holdout_6_vs_6	Comt	Comt	3	absolute_mean_shift	70	4999	0.08	0.17	-0.09	0.0822342630949576	0.0598515810753916	pgaa-cross-platform-dual-gate-v2	pgaa-cross-platform-matched-controls-v2
santinha2023_brain_aav_crispr	Mouse in vivo brain AAV CRISPR-Cas9	recorded_sequencing_lane_holdout_6_vs_6	Comt	Comt	3	welch_abs_t	70	4999	0.01	0.04	-0.03	0.0068142142715893	0.0083189934505508	pgaa-cross-platform-dual-gate-v2	pgaa-cross-platform-matched-controls-v2
santinha2023_brain_aav_crispr	Mouse in vivo brain AAV CRISPR-Cas9	recorded_sequencing_lane_holdout_6_vs_6	Comt	Comt	4	pgaa_w	70	4999	0.23	0.19	0.04	0.3262075792829635	0.2716407730045409	pgaa-cross-platform-dual-gate-v2	pgaa-cross-platform-matched-controls-v2
santinha2023_brain_aav_crispr	Mouse in vivo brain AAV CRISPR-Cas9	recorded_sequencing_lane_holdout_6_vs_6	Comt	Comt	4	pgaa_h	70	4999	0.03	0.01	0.0199999999999999	0.107101788294369	0.0862189994405552	pgaa-cross-platform-dual-gate-v2	pgaa-cross-platform-matched-controls-v2
santinha2023_brain_aav_crispr	Mouse in vivo brain AAV CRISPR-Cas9	recorded_sequencing_lane_holdout_6_vs_6	Comt	Comt	4	absolute_mean_shift	70	4999	0.2	0.15	0.05	0.099293809799056	0.0826361002951719	pgaa-cross-platform-dual-gate-v2	pgaa-cross-platform-matched-controls-v2
santinha2023_brain_aav_crispr	Mouse in vivo brain AAV CRISPR-Cas9	recorded_sequencing_lane_holdout_6_vs_6	Comt	Comt	4	welch_abs_t	70	4999	0.03	0.01	0.0199999999999999	0.0134921804048684	-0.010779864833028	pgaa-cross-platform-dual-gate-v2	pgaa-cross-platform-matched-controls-v2
santinha2023_brain_aav_crispr	Mouse in vivo brain AAV CRISPR-Cas9	recorded_sequencing_lane_holdout_6_vs_6	Crkl	Crkl	0	pgaa_w	70	4999	0.17	0.21	-0.0399999999999999	0.288390479920714	0.2833895259243926	pgaa-cross-platform-dual-gate-v2	pgaa-cross-platform-matched-controls-v2
santinha2023_brain_aav_crispr	Mouse in vivo brain AAV CRISPR-Cas9	recorded_sequencing_lane_holdout_6_vs_6	Crkl	Crkl	0	pgaa_h	70	4999	0.0	0.0	0.0	0.1104552048601514	0.1123100965543221	pgaa-cross-platform-dual-gate-v2	pgaa-cross-platform-matched-controls-v2
santinha2023_brain_aav_crispr	Mouse in vivo brain AAV CRISPR-Cas9	recorded_sequencing_lane_holdout_6_vs_6	Crkl	Crkl	0	absolute_mean_shift	70	4999	0.12	0.14	-0.02	0.0755987308032841	0.0794259484904557	pgaa-cross-platform-dual-gate-v2	pgaa-cross-platform-matched-controls-v2
santinha2023_brain_aav_crispr	Mouse in vivo brain AAV CRISPR-Cas9	recorded_sequencing_lane_holdout_6_vs_6	Crkl	Crkl	0	welch_abs_t	70	4999	0.02	0.02	0.0	0.0186960838025948	-0.0004631201390449	pgaa-cross-platform-dual-gate-v2	pgaa-cross-platform-matched-controls-v2
santinha2023_brain_aav_crispr	Mouse in vivo brain AAV CRISPR-Cas9	recorded_sequencing_lane_holdout_6_vs_6	Crkl	Crkl	1	pgaa_w	70	4999	0.26	0.12	0.14	0.2650566625209796	0.2459169649055861	pgaa-cross-platform-dual-gate-v2	pgaa-cross-platform-matched-controls-v2
santinha2023_brain_aav_crispr	Mouse in vivo brain AAV CRISPR-Cas9	recorded_sequencing_lane_holdout_6_vs_6	Crkl	Crkl	1	pgaa_h	70	4999	0.01	0.04	-0.03	0.0840919456640975	0.0977901082227296	pgaa-cross-platform-dual-gate-v2	pgaa-cross-platform-matched-controls-v2
santinha2023_brain_aav_crispr	Mouse in vivo brain AAV CRISPR-Cas9	recorded_sequencing_lane_holdout_6_vs_6	Crkl	Crkl	1	absolute_mean_shift	70	4999	0.25	0.09	0.16	0.0694174955686017	0.0359453407634188	pgaa-cross-platform-dual-gate-v2	pgaa-cross-platform-matched-controls-v2
santinha2023_brain_aav_crispr	Mouse in vivo brain AAV CRISPR-Cas9	recorded_sequencing_lane_holdout_6_vs_6	Crkl	Crkl	1	welch_abs_t	70	4999	0.01	0.02	-0.01	0.0057344127649059	-0.010549852588071	pgaa-cross-platform-dual-gate-v2	pgaa-cross-platform-matched-controls-v2
santinha2023_brain_aav_crispr	Mouse in vivo brain AAV CRISPR-Cas9	recorded_sequencing_lane_holdout_6_vs_6	Crkl	Crkl	2	pgaa_w	70	4999	0.33	0.18	0.15	0.3050687860501272	0.2963768846926649	pgaa-cross-platform-dual-gate-v2	pgaa-cross-platform-matched-controls-v2
santinha2023_brain_aav_crispr	Mouse in vivo brain AAV CRISPR-Cas9	recorded_sequencing_lane_holdout_6_vs_6	Crkl	Crkl	2	pgaa_h	70	4999	0.0	0.01	-0.01	0.0939731879773145	0.0934667519729246	pgaa-cross-platform-dual-gate-v2	pgaa-cross-platform-matched-controls-v2
santinha2023_brain_aav_crispr	Mouse in vivo brain AAV CRISPR-Cas9	recorded_sequencing_lane_holdout_6_vs_6	Crkl	Crkl	2	absolute_mean_shift	70	4999	0.3	0.12	0.18	0.1169546369918587	0.0725797544247259	pgaa-cross-platform-dual-gate-v2	pgaa-cross-platform-matched-controls-v2
santinha2023_brain_aav_crispr	Mouse in vivo brain AAV CRISPR-Cas9	recorded_sequencing_lane_holdout_6_vs_6	Crkl	Crkl	2	welch_abs_t	70	4999	0.04	0.02	0.02	0.0426852680019797	-0.0155344364915128	pgaa-cross-platform-dual-gate-v2	pgaa-cross-platform-matched-controls-v2
santinha2023_brain_aav_crispr	Mouse in vivo brain AAV CRISPR-Cas9	recorded_sequencing_lane_holdout_6_vs_6	Crkl	Crkl	3	pgaa_w	70	4999	0.14	0.1	0.04	0.2759955293819869	0.2822737864259527	pgaa-cross-platform-dual-gate-v2	pgaa-cross-platform-matched-controls-v2
santinha2023_brain_aav_crispr	Mouse in vivo brain AAV CRISPR-Cas9	recorded_sequencing_lane_holdout_6_vs_6	Crkl	Crkl	3	pgaa_h	70	4999	0.02	0.03	-0.0099999999999999	0.084788162279789	0.1040680333566459	pgaa-cross-platform-dual-gate-v2	pgaa-cross-platform-matched-controls-v2
santinha2023_brain_aav_crispr	Mouse in vivo brain AAV CRISPR-Cas9	recorded_sequencing_lane_holdout_6_vs_6	Crkl	Crkl	3	absolute_mean_shift	70	4999	0.09	0.05	0.0399999999999999	0.0437133359946281	0.0612383502013408	pgaa-cross-platform-dual-gate-v2	pgaa-cross-platform-matched-controls-v2
santinha2023_brain_aav_crispr	Mouse in vivo brain AAV CRISPR-Cas9	recorded_sequencing_lane_holdout_6_vs_6	Crkl	Crkl	3	welch_abs_t	70	4999	0.02	0.0	0.02	-0.0285602979899701	-0.0217365121043416	pgaa-cross-platform-dual-gate-v2	pgaa-cross-platform-matched-controls-v2
santinha2023_brain_aav_crispr	Mouse in vivo brain AAV CRISPR-Cas9	recorded_sequencing_lane_holdout_6_vs_6	Crkl	Crkl	4	pgaa_w	70	4999	0.16	0.17	-0.01	0.2677058738518413	0.2394792884147057	pgaa-cross-platform-dual-gate-v2	pgaa-cross-platform-matched-controls-v2
santinha2023_brain_aav_crispr	Mouse in vivo brain AAV CRISPR-Cas9	recorded_sequencing_lane_holdout_6_vs_6	Crkl	Crkl	4	pgaa_h	70	4999	0.03	0.04	-0.01	0.1052781031944566	0.0862667802920618	pgaa-cross-platform-dual-gate-v2	pgaa-cross-platform-matched-controls-v2
santinha2023_brain_aav_crispr	Mouse in vivo brain AAV CRISPR-Cas9	recorded_sequencing_lane_holdout_6_vs_6	Crkl	Crkl	4	absolute_mean_shift	70	4999	0.12	0.1	0.0199999999999999	0.0797597119596269	0.0583422654292765	pgaa-cross-platform-dual-gate-v2	pgaa-cross-platform-matched-controls-v2
santinha2023_brain_aav_crispr	Mouse in vivo brain AAV CRISPR-Cas9	recorded_sequencing_lane_holdout_6_vs_6	Crkl	Crkl	4	welch_abs_t	70	4999	0.01	0.02	-0.01	0.0141936966028066	0.0171513865798369	pgaa-cross-platform-dual-gate-v2	pgaa-cross-platform-matched-controls-v2
santinha2023_brain_aav_crispr	Mouse in vivo brain AAV CRISPR-Cas9	recorded_sequencing_lane_holdout_6_vs_6	Dgcr14	Dgcr14	0	pgaa_w	70	5000	0.14	0.11	0.03	0.2748336989293479	0.2903538836141552	pgaa-cross-platform-dual-gate-v2	pgaa-cross-platform-matched-controls-v2
santinha2023_brain_aav_crispr	Mouse in vivo brain AAV CRISPR-Cas9	recorded_sequencing_lane_holdout_6_vs_6	Dgcr14	Dgcr14	0	pgaa_h	70	5000	0.02	0.03	-0.0099999999999999	0.1245653594922811	0.0906216049198491	pgaa-cross-platform-dual-gate-v2	pgaa-cross-platform-matched-controls-v2
santinha2023_brain_aav_crispr	Mouse in vivo brain AAV CRISPR-Cas9	recorded_sequencing_lane_holdout_6_vs_6	Dgcr14	Dgcr14	0	absolute_mean_shift	70	5000	0.14	0.09	0.05	0.0712361249025739	0.0810398092193171	pgaa-cross-platform-dual-gate-v2	pgaa-cross-platform-matched-controls-v2
santinha2023_brain_aav_crispr	Mouse in vivo brain AAV CRISPR-Cas9	recorded_sequencing_lane_holdout_6_vs_6	Dgcr14	Dgcr14	0	welch_abs_t	70	5000	0.08	0.02	0.06	0.0091291476291659	0.0087472915343115	pgaa-cross-platform-dual-gate-v2	pgaa-cross-platform-matched-controls-v2
santinha2023_brain_aav_crispr	Mouse in vivo brain AAV CRISPR-Cas9	recorded_sequencing_lane_holdout_6_vs_6	Dgcr14	Dgcr14	1	pgaa_w	70	5000	0.14	0.14	0.0	0.2814129723125188	0.2855108853084354	pgaa-cross-platform-dual-gate-v2	pgaa-cross-platform-matched-controls-v2
santinha2023_brain_aav_crispr	Mouse in vivo brain AAV CRISPR-Cas9	recorded_sequencing_lane_holdout_6_vs_6	Dgcr14	Dgcr14	1	pgaa_h	70	5000	0.01	0.05	-0.04	0.0977338997855437	0.0913209194921035	pgaa-cross-platform-dual-gate-v2	pgaa-cross-platform-matched-controls-v2
santinha2023_brain_aav_crispr	Mouse in vivo brain AAV CRISPR-Cas9	recorded_sequencing_lane_holdout_6_vs_6	Dgcr14	Dgcr14	1	absolute_mean_shift	70	5000	0.11	0.09	0.02	0.107675785386784	0.0759684912682093	pgaa-cross-platform-dual-gate-v2	pgaa-cross-platform-matched-controls-v2
santinha2023_brain_aav_crispr	Mouse in vivo brain AAV CRISPR-Cas9	recorded_sequencing_lane_holdout_6_vs_6	Dgcr14	Dgcr14	1	welch_abs_t	70	5000	0.05	0.01	0.04	0.030549242807436	0.0124426252500036	pgaa-cross-platform-dual-gate-v2	pgaa-cross-platform-matched-controls-v2
santinha2023_brain_aav_crispr	Mouse in vivo brain AAV CRISPR-Cas9	recorded_sequencing_lane_holdout_6_vs_6	Dgcr14	Dgcr14	2	pgaa_w	70	5000	0.18	0.14	0.0399999999999999	0.2540036624481465	0.2351921988476879	pgaa-cross-platform-dual-gate-v2	pgaa-cross-platform-matched-controls-v2
santinha2023_brain_aav_crispr	Mouse in vivo brain AAV CRISPR-Cas9	recorded_sequencing_lane_holdout_6_vs_6	Dgcr14	Dgcr14	2	pgaa_h	70	5000	0.04	0.0	0.04	0.1047199862136942	0.115487026092062	pgaa-cross-platform-dual-gate-v2	pgaa-cross-platform-matched-controls-v2
santinha2023_brain_aav_crispr	Mouse in vivo brain AAV CRISPR-Cas9	recorded_sequencing_lane_holdout_6_vs_6	Dgcr14	Dgcr14	2	absolute_mean_shift	70	5000	0.13	0.11	0.02	0.061872833267823	0.0348930030319072	pgaa-cross-platform-dual-gate-v2	pgaa-cross-platform-matched-controls-v2
santinha2023_brain_aav_crispr	Mouse in vivo brain AAV CRISPR-Cas9	recorded_sequencing_lane_holdout_6_vs_6	Dgcr14	Dgcr14	2	welch_abs_t	70	5000	0.04	0.02	0.02	0.0001558471742338	-0.0130090193683607	pgaa-cross-platform-dual-gate-v2	pgaa-cross-platform-matched-controls-v2
santinha2023_brain_aav_crispr	Mouse in vivo brain AAV CRISPR-Cas9	recorded_sequencing_lane_holdout_6_vs_6	Dgcr14	Dgcr14	3	pgaa_w	70	5000	0.17	0.17	0.0	0.2486330746173229	0.2741672934946917	pgaa-cross-platform-dual-gate-v2	pgaa-cross-platform-matched-controls-v2
santinha2023_brain_aav_crispr	Mouse in vivo brain AAV CRISPR-Cas9	recorded_sequencing_lane_holdout_6_vs_6	Dgcr14	Dgcr14	3	pgaa_h	70	5000	0.04	0.05	-0.01	0.1048923141980833	0.093799979399272	pgaa-cross-platform-dual-gate-v2	pgaa-cross-platform-matched-controls-v2
santinha2023_brain_aav_crispr	Mouse in vivo brain AAV CRISPR-Cas9	recorded_sequencing_lane_holdout_6_vs_6	Dgcr14	Dgcr14	3	absolute_mean_shift	70	5000	0.1	0.15	-0.0499999999999999	0.0540635562356249	0.0650992541524692	pgaa-cross-platform-dual-gate-v2	pgaa-cross-platform-matched-controls-v2
santinha2023_brain_aav_crispr	Mouse in vivo brain AAV CRISPR-Cas9	recorded_sequencing_lane_holdout_6_vs_6	Dgcr14	Dgcr14	3	welch_abs_t	70	5000	0.07	0.0	0.07	-0.006517556133015	-0.0008475465939018	pgaa-cross-platform-dual-gate-v2	pgaa-cross-platform-matched-controls-v2
santinha2023_brain_aav_crispr	Mouse in vivo brain AAV CRISPR-Cas9	recorded_sequencing_lane_holdout_6_vs_6	Dgcr14	Dgcr14	4	pgaa_w	70	5000	0.22	0.27	-0.05	0.2870280237691209	0.2721001625640065	pgaa-cross-platform-dual-gate-v2	pgaa-cross-platform-matched-controls-v2
santinha2023_brain_aav_crispr	Mouse in vivo brain AAV CRISPR-Cas9	recorded_sequencing_lane_holdout_6_vs_6	Dgcr14	Dgcr14	4	pgaa_h	70	5000	0.05	0.01	0.04	0.1047009323998349	0.0992842006660541	pgaa-cross-platform-dual-gate-v2	pgaa-cross-platform-matched-controls-v2
santinha2023_brain_aav_crispr	Mouse in vivo brain AAV CRISPR-Cas9	recorded_sequencing_lane_holdout_6_vs_6	Dgcr14	Dgcr14	4	absolute_mean_shift	70	5000	0.16	0.21	-0.0499999999999999	0.0934538504716113	0.0525313013197735	pgaa-cross-platform-dual-gate-v2	pgaa-cross-platform-matched-controls-v2
santinha2023_brain_aav_crispr	Mouse in vivo brain AAV CRISPR-Cas9	recorded_sequencing_lane_holdout_6_vs_6	Dgcr14	Dgcr14	4	welch_abs_t	70	5000	0.07	0.03	0.04	0.0108019088160763	-0.0421331859903386	pgaa-cross-platform-dual-gate-v2	pgaa-cross-platform-matched-controls-v2
santinha2023_brain_aav_crispr	Mouse in vivo brain AAV CRISPR-Cas9	recorded_sequencing_lane_holdout_6_vs_6	Dgcr2	Dgcr2	0	pgaa_w	70	4999	0.2	0.2	0.0	0.2605780714366162	0.2783926137448378	pgaa-cross-platform-dual-gate-v2	pgaa-cross-platform-matched-controls-v2
santinha2023_brain_aav_crispr	Mouse in vivo brain AAV CRISPR-Cas9	recorded_sequencing_lane_holdout_6_vs_6	Dgcr2	Dgcr2	0	pgaa_h	70	4999	0.01	0.02	-0.01	0.0836173643630993	0.1034906612040064	pgaa-cross-platform-dual-gate-v2	pgaa-cross-platform-matched-controls-v2
santinha2023_brain_aav_crispr	Mouse in vivo brain AAV CRISPR-Cas9	recorded_sequencing_lane_holdout_6_vs_6	Dgcr2	Dgcr2	0	absolute_mean_shift	70	4999	0.2	0.15	0.05	0.0804443284451047	0.0639820943377129	pgaa-cross-platform-dual-gate-v2	pgaa-cross-platform-matched-controls-v2
santinha2023_brain_aav_crispr	Mouse in vivo brain AAV CRISPR-Cas9	recorded_sequencing_lane_holdout_6_vs_6	Dgcr2	Dgcr2	0	welch_abs_t	70	4999	0.02	0.01	0.01	0.0189164877397788	-0.0049240980008726	pgaa-cross-platform-dual-gate-v2	pgaa-cross-platform-matched-controls-v2
santinha2023_brain_aav_crispr	Mouse in vivo brain AAV CRISPR-Cas9	recorded_sequencing_lane_holdout_6_vs_6	Dgcr2	Dgcr2	1	pgaa_w	70	4999	0.11	0.1	0.0099999999999999	0.2462938497903662	0.2637801371558826	pgaa-cross-platform-dual-gate-v2	pgaa-cross-platform-matched-controls-v2
santinha2023_brain_aav_crispr	Mouse in vivo brain AAV CRISPR-Cas9	recorded_sequencing_lane_holdout_6_vs_6	Dgcr2	Dgcr2	1	pgaa_h	70	4999	0.03	0.01	0.0199999999999999	0.0776935126621363	0.0992651120010295	pgaa-cross-platform-dual-gate-v2	pgaa-cross-platform-matched-controls-v2
santinha2023_brain_aav_crispr	Mouse in vivo brain AAV CRISPR-Cas9	recorded_sequencing_lane_holdout_6_vs_6	Dgcr2	Dgcr2	1	absolute_mean_shift	70	4999	0.05	0.07	-0.02	0.0524420044746519	0.0413980733791364	pgaa-cross-platform-dual-gate-v2	pgaa-cross-platform-matched-controls-v2
santinha2023_brain_aav_crispr	Mouse in vivo brain AAV CRISPR-Cas9	recorded_sequencing_lane_holdout_6_vs_6	Dgcr2	Dgcr2	1	welch_abs_t	70	4999	0.04	0.02	0.02	0.0059942328443118	0.0088100093968373	pgaa-cross-platform-dual-gate-v2	pgaa-cross-platform-matched-controls-v2
santinha2023_brain_aav_crispr	Mouse in vivo brain AAV CRISPR-Cas9	recorded_sequencing_lane_holdout_6_vs_6	Dgcr2	Dgcr2	2	pgaa_w	70	4999	0.17	0.22	-0.0499999999999999	0.2655619899009814	0.2809544096574418	pgaa-cross-platform-dual-gate-v2	pgaa-cross-platform-matched-controls-v2
santinha2023_brain_aav_crispr	Mouse in vivo brain AAV CRISPR-Cas9	recorded_sequencing_lane_holdout_6_vs_6	Dgcr2	Dgcr2	2	pgaa_h	70	4999	0.05	0.01	0.04	0.0837433629379451	0.0855741741415346	pgaa-cross-platform-dual-gate-v2	pgaa-cross-platform-matched-controls-v2
santinha2023_brain_aav_crispr	Mouse in vivo brain AAV CRISPR-Cas9	recorded_sequencing_lane_holdout_6_vs_6	Dgcr2	Dgcr2	2	absolute_mean_shift	70	4999	0.14	0.17	-0.03	0.0648577728108476	0.0877468786038357	pgaa-cross-platform-dual-gate-v2	pgaa-cross-platform-matched-controls-v2
santinha2023_brain_aav_crispr	Mouse in vivo brain AAV CRISPR-Cas9	recorded_sequencing_lane_holdout_6_vs_6	Dgcr2	Dgcr2	2	welch_abs_t	70	4999	0.01	0.01	0.0	-0.0017639295446124	0.015275143576501	pgaa-cross-platform-dual-gate-v2	pgaa-cross-platform-matched-controls-v2
santinha2023_brain_aav_crispr	Mouse in vivo brain AAV CRISPR-Cas9	recorded_sequencing_lane_holdout_6_vs_6	Dgcr2	Dgcr2	3	pgaa_w	70	4999	0.19	0.16	0.03	0.2628873053362174	0.2713250667420399	pgaa-cross-platform-dual-gate-v2	pgaa-cross-platform-matched-controls-v2
santinha2023_brain_aav_crispr	Mouse in vivo brain AAV CRISPR-Cas9	recorded_sequencing_lane_holdout_6_vs_6	Dgcr2	Dgcr2	3	pgaa_h	70	4999	0.04	0.05	-0.01	0.1120746122705481	0.0997886354824083	pgaa-cross-platform-dual-gate-v2	pgaa-cross-platform-matched-controls-v2
santinha2023_brain_aav_crispr	Mouse in vivo brain AAV CRISPR-Cas9	recorded_sequencing_lane_holdout_6_vs_6	Dgcr2	Dgcr2	3	absolute_mean_shift	70	4999	0.13	0.1	0.03	0.0602931402199159	0.0747828727401934	pgaa-cross-platform-dual-gate-v2	pgaa-cross-platform-matched-controls-v2
santinha2023_brain_aav_crispr	Mouse in vivo brain AAV CRISPR-Cas9	recorded_sequencing_lane_holdout_6_vs_6	Dgcr2	Dgcr2	3	welch_abs_t	70	4999	0.03	0.03	0.0	-0.0265611487256184	0.0211818550990193	pgaa-cross-platform-dual-gate-v2	pgaa-cross-platform-matched-controls-v2
santinha2023_brain_aav_crispr	Mouse in vivo brain AAV CRISPR-Cas9	recorded_sequencing_lane_holdout_6_vs_6	Dgcr2	Dgcr2	4	pgaa_w	70	4999	0.13	0.1	0.03	0.2480940290819268	0.2636286205620476	pgaa-cross-platform-dual-gate-v2	pgaa-cross-platform-matched-controls-v2
santinha2023_brain_aav_crispr	Mouse in vivo brain AAV CRISPR-Cas9	recorded_sequencing_lane_holdout_6_vs_6	Dgcr2	Dgcr2	4	pgaa_h	70	4999	0.01	0.03	-0.0199999999999999	0.1184681613368757	0.0989341198102569	pgaa-cross-platform-dual-gate-v2	pgaa-cross-platform-matched-controls-v2
santinha2023_brain_aav_crispr	Mouse in vivo brain AAV CRISPR-Cas9	recorded_sequencing_lane_holdout_6_vs_6	Dgcr2	Dgcr2	4	absolute_mean_shift	70	4999	0.07	0.07	0.0	0.0432599154696797	0.0620573600493983	pgaa-cross-platform-dual-gate-v2	pgaa-cross-platform-matched-controls-v2
santinha2023_brain_aav_crispr	Mouse in vivo brain AAV CRISPR-Cas9	recorded_sequencing_lane_holdout_6_vs_6	Dgcr2	Dgcr2	4	welch_abs_t	70	4999	0.03	0.02	0.0099999999999999	-0.0158700065106867	0.0047969395080648	pgaa-cross-platform-dual-gate-v2	pgaa-cross-platform-matched-controls-v2
santinha2023_brain_aav_crispr	Mouse in vivo brain AAV CRISPR-Cas9	recorded_sequencing_lane_holdout_6_vs_6	Dgcr6	Dgcr6	0	pgaa_w	70	4999	0.15	0.18	-0.03	0.2708112836012581	0.2797165999346328	pgaa-cross-platform-dual-gate-v2	pgaa-cross-platform-matched-controls-v2
santinha2023_brain_aav_crispr	Mouse in vivo brain AAV CRISPR-Cas9	recorded_sequencing_lane_holdout_6_vs_6	Dgcr6	Dgcr6	0	pgaa_h	70	4999	0.08	0.04	0.04	0.0951904667413306	0.0757699654307667	pgaa-cross-platform-dual-gate-v2	pgaa-cross-platform-matched-controls-v2
santinha2023_brain_aav_crispr	Mouse in vivo brain AAV CRISPR-Cas9	recorded_sequencing_lane_holdout_6_vs_6	Dgcr6	Dgcr6	0	absolute_mean_shift	70	4999	0.14	0.08	0.06	0.0725233885262068	0.0751442114203326	pgaa-cross-platform-dual-gate-v2	pgaa-cross-platform-matched-controls-v2
santinha2023_brain_aav_crispr	Mouse in vivo brain AAV CRISPR-Cas9	recorded_sequencing_lane_holdout_6_vs_6	Dgcr6	Dgcr6	0	welch_abs_t	70	4999	0.01	0.03	-0.0199999999999999	-0.0026548643222041	0.0088461690417315	pgaa-cross-platform-dual-gate-v2	pgaa-cross-platform-matched-controls-v2
santinha2023_brain_aav_crispr	Mouse in vivo brain AAV CRISPR-Cas9	recorded_sequencing_lane_holdout_6_vs_6	Dgcr6	Dgcr6	1	pgaa_w	70	4999	0.12	0.14	-0.02	0.2898949075769536	0.287480260229717	pgaa-cross-platform-dual-gate-v2	pgaa-cross-platform-matched-controls-v2
santinha2023_brain_aav_crispr	Mouse in vivo brain AAV CRISPR-Cas9	recorded_sequencing_lane_holdout_6_vs_6	Dgcr6	Dgcr6	1	pgaa_h	70	4999	0.02	0.02	0.0	0.1086175870505068	0.0765338154523632	pgaa-cross-platform-dual-gate-v2	pgaa-cross-platform-matched-controls-v2
santinha2023_brain_aav_crispr	Mouse in vivo brain AAV CRISPR-Cas9	recorded_sequencing_lane_holdout_6_vs_6	Dgcr6	Dgcr6	1	absolute_mean_shift	70	4999	0.1	0.07	0.03	0.0761712239298005	0.0732698709800322	pgaa-cross-platform-dual-gate-v2	pgaa-cross-platform-matched-controls-v2
santinha2023_brain_aav_crispr	Mouse in vivo brain AAV CRISPR-Cas9	recorded_sequencing_lane_holdout_6_vs_6	Dgcr6	Dgcr6	1	welch_abs_t	70	4999	0.01	0.02	-0.01	0.0038184211152871	0.0039022797598608	pgaa-cross-platform-dual-gate-v2	pgaa-cross-platform-matched-controls-v2
santinha2023_brain_aav_crispr	Mouse in vivo brain AAV CRISPR-Cas9	recorded_sequencing_lane_holdout_6_vs_6	Dgcr6	Dgcr6	2	pgaa_w	70	4999	0.18	0.17	0.0099999999999999	0.2548003314948704	0.2935662037569579	pgaa-cross-platform-dual-gate-v2	pgaa-cross-platform-matched-controls-v2
santinha2023_brain_aav_crispr	Mouse in vivo brain AAV CRISPR-Cas9	recorded_sequencing_lane_holdout_6_vs_6	Dgcr6	Dgcr6	2	pgaa_h	70	4999	0.01	0.05	-0.04	0.072577534791382	0.1049130286517031	pgaa-cross-platform-dual-gate-v2	pgaa-cross-platform-matched-controls-v2
santinha2023_brain_aav_crispr	Mouse in vivo brain AAV CRISPR-Cas9	recorded_sequencing_lane_holdout_6_vs_6	Dgcr6	Dgcr6	2	absolute_mean_shift	70	4999	0.12	0.13	-0.01	0.0631085971457165	0.1083355951032146	pgaa-cross-platform-dual-gate-v2	pgaa-cross-platform-matched-controls-v2
santinha2023_brain_aav_crispr	Mouse in vivo brain AAV CRISPR-Cas9	recorded_sequencing_lane_holdout_6_vs_6	Dgcr6	Dgcr6	2	welch_abs_t	70	4999	0.03	0.04	-0.01	0.0174013162296324	0.01550519832658	pgaa-cross-platform-dual-gate-v2	pgaa-cross-platform-matched-controls-v2
santinha2023_brain_aav_crispr	Mouse in vivo brain AAV CRISPR-Cas9	recorded_sequencing_lane_holdout_6_vs_6	Dgcr6	Dgcr6	3	pgaa_w	70	4999	0.3	0.26	0.0399999999999999	0.3248339049802758	0.3006887164707852	pgaa-cross-platform-dual-gate-v2	pgaa-cross-platform-matched-controls-v2
santinha2023_brain_aav_crispr	Mouse in vivo brain AAV CRISPR-Cas9	recorded_sequencing_lane_holdout_6_vs_6	Dgcr6	Dgcr6	3	pgaa_h	70	4999	0.01	0.03	-0.0199999999999999	0.1076291413274279	0.074889376892456	pgaa-cross-platform-dual-gate-v2	pgaa-cross-platform-matched-controls-v2
santinha2023_brain_aav_crispr	Mouse in vivo brain AAV CRISPR-Cas9	recorded_sequencing_lane_holdout_6_vs_6	Dgcr6	Dgcr6	3	absolute_mean_shift	70	4999	0.24	0.21	0.03	0.113178747984072	0.0884494011908852	pgaa-cross-platform-dual-gate-v2	pgaa-cross-platform-matched-controls-v2
santinha2023_brain_aav_crispr	Mouse in vivo brain AAV CRISPR-Cas9	recorded_sequencing_lane_holdout_6_vs_6	Dgcr6	Dgcr6	3	welch_abs_t	70	4999	0.01	0.02	-0.01	0.0180123864873337	0.0032958655597457	pgaa-cross-platform-dual-gate-v2	pgaa-cross-platform-matched-controls-v2
santinha2023_brain_aav_crispr	Mouse in vivo brain AAV CRISPR-Cas9	recorded_sequencing_lane_holdout_6_vs_6	Dgcr6	Dgcr6	4	pgaa_w	70	4999	0.14	0.23	-0.09	0.2606803434156219	0.2380252570081844	pgaa-cross-platform-dual-gate-v2	pgaa-cross-platform-matched-controls-v2
santinha2023_brain_aav_crispr	Mouse in vivo brain AAV CRISPR-Cas9	recorded_sequencing_lane_holdout_6_vs_6	Dgcr6	Dgcr6	4	pgaa_h	70	4999	0.04	0.02	0.02	0.091810586830105	0.090315273148464	pgaa-cross-platform-dual-gate-v2	pgaa-cross-platform-matched-controls-v2
santinha2023_brain_aav_crispr	Mouse in vivo brain AAV CRISPR-Cas9	recorded_sequencing_lane_holdout_6_vs_6	Dgcr6	Dgcr6	4	absolute_mean_shift	70	4999	0.11	0.12	-0.0099999999999999	0.0483415252101244	0.0501471480394588	pgaa-cross-platform-dual-gate-v2	pgaa-cross-platform-matched-controls-v2
santinha2023_brain_aav_crispr	Mouse in vivo brain AAV CRISPR-Cas9	recorded_sequencing_lane_holdout_6_vs_6	Dgcr6	Dgcr6	4	welch_abs_t	70	4999	0.04	0.01	0.03	-0.0078618418525415	-0.0009377132569596	pgaa-cross-platform-dual-gate-v2	pgaa-cross-platform-matched-controls-v2
santinha2023_brain_aav_crispr	Mouse in vivo brain AAV CRISPR-Cas9	recorded_sequencing_lane_holdout_6_vs_6	Dgcr8	Dgcr8	0	pgaa_w	70	4999	0.25	0.08	0.1699999999999999	0.2594208064181864	0.2669258923573431	pgaa-cross-platform-dual-gate-v2	pgaa-cross-platform-matched-controls-v2
santinha2023_brain_aav_crispr	Mouse in vivo brain AAV CRISPR-Cas9	recorded_sequencing_lane_holdout_6_vs_6	Dgcr8	Dgcr8	0	pgaa_h	70	4999	0.04	0.05	-0.01	0.0826324795147228	0.1276201856580301	pgaa-cross-platform-dual-gate-v2	pgaa-cross-platform-matched-controls-v2
santinha2023_brain_aav_crispr	Mouse in vivo brain AAV CRISPR-Cas9	recorded_sequencing_lane_holdout_6_vs_6	Dgcr8	Dgcr8	0	absolute_mean_shift	70	4999	0.23	0.1	0.13	0.0784042549300261	0.0747929184468147	pgaa-cross-platform-dual-gate-v2	pgaa-cross-platform-matched-controls-v2
santinha2023_brain_aav_crispr	Mouse in vivo brain AAV CRISPR-Cas9	recorded_sequencing_lane_holdout_6_vs_6	Dgcr8	Dgcr8	0	welch_abs_t	70	4999	0.06	0.01	0.0499999999999999	0.0120751734023173	0.0123912037149326	pgaa-cross-platform-dual-gate-v2	pgaa-cross-platform-matched-controls-v2
santinha2023_brain_aav_crispr	Mouse in vivo brain AAV CRISPR-Cas9	recorded_sequencing_lane_holdout_6_vs_6	Dgcr8	Dgcr8	1	pgaa_w	70	4999	0.19	0.12	0.07	0.2679308430233466	0.2750577357728448	pgaa-cross-platform-dual-gate-v2	pgaa-cross-platform-matched-controls-v2
santinha2023_brain_aav_crispr	Mouse in vivo brain AAV CRISPR-Cas9	recorded_sequencing_lane_holdout_6_vs_6	Dgcr8	Dgcr8	1	pgaa_h	70	4999	0.01	0.03	-0.0199999999999999	0.1101561045095583	0.1014625270044803	pgaa-cross-platform-dual-gate-v2	pgaa-cross-platform-matched-controls-v2
santinha2023_brain_aav_crispr	Mouse in vivo brain AAV CRISPR-Cas9	recorded_sequencing_lane_holdout_6_vs_6	Dgcr8	Dgcr8	1	absolute_mean_shift	70	4999	0.15	0.11	0.0399999999999999	0.0555224989335578	0.070855386932231	pgaa-cross-platform-dual-gate-v2	pgaa-cross-platform-matched-controls-v2
santinha2023_brain_aav_crispr	Mouse in vivo brain AAV CRISPR-Cas9	recorded_sequencing_lane_holdout_6_vs_6	Dgcr8	Dgcr8	1	welch_abs_t	70	4999	0.04	0.0	0.04	-0.0094330338816863	-0.0069171872311297	pgaa-cross-platform-dual-gate-v2	pgaa-cross-platform-matched-controls-v2
santinha2023_brain_aav_crispr	Mouse in vivo brain AAV CRISPR-Cas9	recorded_sequencing_lane_holdout_6_vs_6	Dgcr8	Dgcr8	2	pgaa_w	70	4999	0.21	0.22	-0.01	0.3398980407846276	0.2766411492142366	pgaa-cross-platform-dual-gate-v2	pgaa-cross-platform-matched-controls-v2
santinha2023_brain_aav_crispr	Mouse in vivo brain AAV CRISPR-Cas9	recorded_sequencing_lane_holdout_6_vs_6	Dgcr8	Dgcr8	2	pgaa_h	70	4999	0.01	0.04	-0.03	0.0843181349267915	0.0853602667050617	pgaa-cross-platform-dual-gate-v2	pgaa-cross-platform-matched-controls-v2
santinha2023_brain_aav_crispr	Mouse in vivo brain AAV CRISPR-Cas9	recorded_sequencing_lane_holdout_6_vs_6	Dgcr8	Dgcr8	2	absolute_mean_shift	70	4999	0.19	0.14	0.0499999999999999	0.1195487484703974	0.0748117538123245	pgaa-cross-platform-dual-gate-v2	pgaa-cross-platform-matched-controls-v2
santinha2023_brain_aav_crispr	Mouse in vivo brain AAV CRISPR-Cas9	recorded_sequencing_lane_holdout_6_vs_6	Dgcr8	Dgcr8	2	welch_abs_t	70	4999	0.04	0.04	0.0	0.0149605391433609	-0.002309348976638	pgaa-cross-platform-dual-gate-v2	pgaa-cross-platform-matched-controls-v2
santinha2023_brain_aav_crispr	Mouse in vivo brain AAV CRISPR-Cas9	recorded_sequencing_lane_holdout_6_vs_6	Dgcr8	Dgcr8	3	pgaa_w	70	4999	0.17	0.14	0.03	0.2474752168200747	0.2451673656700128	pgaa-cross-platform-dual-gate-v2	pgaa-cross-platform-matched-controls-v2
santinha2023_brain_aav_crispr	Mouse in vivo brain AAV CRISPR-Cas9	recorded_sequencing_lane_holdout_6_vs_6	Dgcr8	Dgcr8	3	pgaa_h	70	4999	0.02	0.02	0.0	0.1113023440645779	0.1014147419291021	pgaa-cross-platform-dual-gate-v2	pgaa-cross-platform-matched-controls-v2
santinha2023_brain_aav_crispr	Mouse in vivo brain AAV CRISPR-Cas9	recorded_sequencing_lane_holdout_6_vs_6	Dgcr8	Dgcr8	3	absolute_mean_shift	70	4999	0.1	0.08	0.02	0.0450661081119048	0.0595727779438035	pgaa-cross-platform-dual-gate-v2	pgaa-cross-platform-matched-controls-v2
santinha2023_brain_aav_crispr	Mouse in vivo brain AAV CRISPR-Cas9	recorded_sequencing_lane_holdout_6_vs_6	Dgcr8	Dgcr8	3	welch_abs_t	70	4999	0.03	0.0	0.03	-0.0080818916246174	0.0010319154347323	pgaa-cross-platform-dual-gate-v2	pgaa-cross-platform-matched-controls-v2
santinha2023_brain_aav_crispr	Mouse in vivo brain AAV CRISPR-Cas9	recorded_sequencing_lane_holdout_6_vs_6	Dgcr8	Dgcr8	4	pgaa_w	70	4999	0.23	0.12	0.11	0.2897996552972059	0.2739021195835806	pgaa-cross-platform-dual-gate-v2	pgaa-cross-platform-matched-controls-v2
santinha2023_brain_aav_crispr	Mouse in vivo brain AAV CRISPR-Cas9	recorded_sequencing_lane_holdout_6_vs_6	Dgcr8	Dgcr8	4	pgaa_h	70	4999	0.0	0.03	-0.03	0.0924084134801926	0.1120968040158982	pgaa-cross-platform-dual-gate-v2	pgaa-cross-platform-matched-controls-v2
santinha2023_brain_aav_crispr	Mouse in vivo brain AAV CRISPR-Cas9	recorded_sequencing_lane_holdout_6_vs_6	Dgcr8	Dgcr8	4	absolute_mean_shift	70	4999	0.23	0.1	0.13	0.0977144430684113	0.0624340213630866	pgaa-cross-platform-dual-gate-v2	pgaa-cross-platform-matched-controls-v2
santinha2023_brain_aav_crispr	Mouse in vivo brain AAV CRISPR-Cas9	recorded_sequencing_lane_holdout_6_vs_6	Dgcr8	Dgcr8	4	welch_abs_t	70	4999	0.06	0.0	0.06	0.0197021252029517	-0.020254788726311	pgaa-cross-platform-dual-gate-v2	pgaa-cross-platform-matched-controls-v2
santinha2023_brain_aav_crispr	Mouse in vivo brain AAV CRISPR-Cas9	recorded_sequencing_lane_holdout_6_vs_6	Gnb1l	Gnb1l	0	pgaa_w	70	4999	0.23	0.15	0.08	0.2659864074615644	0.2480468821735535	pgaa-cross-platform-dual-gate-v2	pgaa-cross-platform-matched-controls-v2
santinha2023_brain_aav_crispr	Mouse in vivo brain AAV CRISPR-Cas9	recorded_sequencing_lane_holdout_6_vs_6	Gnb1l	Gnb1l	0	pgaa_h	70	4999	0.04	0.04	0.0	0.0782444820045055	0.093905345798136	pgaa-cross-platform-dual-gate-v2	pgaa-cross-platform-matched-controls-v2
santinha2023_brain_aav_crispr	Mouse in vivo brain AAV CRISPR-Cas9	recorded_sequencing_lane_holdout_6_vs_6	Gnb1l	Gnb1l	0	absolute_mean_shift	70	4999	0.18	0.1	0.0799999999999999	0.0838559939699652	0.0675334169916256	pgaa-cross-platform-dual-gate-v2	pgaa-cross-platform-matched-controls-v2
santinha2023_brain_aav_crispr	Mouse in vivo brain AAV CRISPR-Cas9	recorded_sequencing_lane_holdout_6_vs_6	Gnb1l	Gnb1l	0	welch_abs_t	70	4999	0.02	0.01	0.01	0.0065128609398476	0.0204368727291781	pgaa-cross-platform-dual-gate-v2	pgaa-cross-platform-matched-controls-v2
santinha2023_brain_aav_crispr	Mouse in vivo brain AAV CRISPR-Cas9	recorded_sequencing_lane_holdout_6_vs_6	Gnb1l	Gnb1l	1	pgaa_w	70	4999	0.34	0.18	0.16	0.3135830873257485	0.2894416201847813	pgaa-cross-platform-dual-gate-v2	pgaa-cross-platform-matched-controls-v2
santinha2023_brain_aav_crispr	Mouse in vivo brain AAV CRISPR-Cas9	recorded_sequencing_lane_holdout_6_vs_6	Gnb1l	Gnb1l	1	pgaa_h	70	4999	0.01	0.0	0.01	0.1009394742828534	0.0828373519527439	pgaa-cross-platform-dual-gate-v2	pgaa-cross-platform-matched-controls-v2
santinha2023_brain_aav_crispr	Mouse in vivo brain AAV CRISPR-Cas9	recorded_sequencing_lane_holdout_6_vs_6	Gnb1l	Gnb1l	1	absolute_mean_shift	70	4999	0.27	0.11	0.16	0.147759802497992	0.0635458434380208	pgaa-cross-platform-dual-gate-v2	pgaa-cross-platform-matched-controls-v2
santinha2023_brain_aav_crispr	Mouse in vivo brain AAV CRISPR-Cas9	recorded_sequencing_lane_holdout_6_vs_6	Gnb1l	Gnb1l	1	welch_abs_t	70	4999	0.08	0.0	0.08	0.0454769634369965	0.0111006599879399	pgaa-cross-platform-dual-gate-v2	pgaa-cross-platform-matched-controls-v2
santinha2023_brain_aav_crispr	Mouse in vivo brain AAV CRISPR-Cas9	recorded_sequencing_lane_holdout_6_vs_6	Gnb1l	Gnb1l	2	pgaa_w	70	4999	0.29	0.15	0.1399999999999999	0.2831262545426252	0.2448672026842343	pgaa-cross-platform-dual-gate-v2	pgaa-cross-platform-matched-controls-v2
santinha2023_brain_aav_crispr	Mouse in vivo brain AAV CRISPR-Cas9	recorded_sequencing_lane_holdout_6_vs_6	Gnb1l	Gnb1l	2	pgaa_h	70	4999	0.02	0.03	-0.0099999999999999	0.1153111957489758	0.0995461987381527	pgaa-cross-platform-dual-gate-v2	pgaa-cross-platform-matched-controls-v2
santinha2023_brain_aav_crispr	Mouse in vivo brain AAV CRISPR-Cas9	recorded_sequencing_lane_holdout_6_vs_6	Gnb1l	Gnb1l	2	absolute_mean_shift	70	4999	0.21	0.1	0.1099999999999999	0.1014480578374664	0.062333577123556	pgaa-cross-platform-dual-gate-v2	pgaa-cross-platform-matched-controls-v2
santinha2023_brain_aav_crispr	Mouse in vivo brain AAV CRISPR-Cas9	recorded_sequencing_lane_holdout_6_vs_6	Gnb1l	Gnb1l	2	welch_abs_t	70	4999	0.07	0.01	0.06	0.0123979706388432	0.0111663869388523	pgaa-cross-platform-dual-gate-v2	pgaa-cross-platform-matched-controls-v2
santinha2023_brain_aav_crispr	Mouse in vivo brain AAV CRISPR-Cas9	recorded_sequencing_lane_holdout_6_vs_6	Gnb1l	Gnb1l	3	pgaa_w	70	4999	0.28	0.11	0.17	0.2611444254757314	0.27431791597215	pgaa-cross-platform-dual-gate-v2	pgaa-cross-platform-matched-controls-v2
santinha2023_brain_aav_crispr	Mouse in vivo brain AAV CRISPR-Cas9	recorded_sequencing_lane_holdout_6_vs_6	Gnb1l	Gnb1l	3	pgaa_h	70	4999	0.02	0.03	-0.0099999999999999	0.1017879536433969	0.0939635122639075	pgaa-cross-platform-dual-gate-v2	pgaa-cross-platform-matched-controls-v2
santinha2023_brain_aav_crispr	Mouse in vivo brain AAV CRISPR-Cas9	recorded_sequencing_lane_holdout_6_vs_6	Gnb1l	Gnb1l	3	absolute_mean_shift	70	4999	0.23	0.11	0.12	0.0888671915500859	0.0736600289654161	pgaa-cross-platform-dual-gate-v2	pgaa-cross-platform-matched-controls-v2
santinha2023_brain_aav_crispr	Mouse in vivo brain AAV CRISPR-Cas9	recorded_sequencing_lane_holdout_6_vs_6	Gnb1l	Gnb1l	3	welch_abs_t	70	4999	0.04	0.02	0.02	0.0124742646488481	0.0061023484408766	pgaa-cross-platform-dual-gate-v2	pgaa-cross-platform-matched-controls-v2
santinha2023_brain_aav_crispr	Mouse in vivo brain AAV CRISPR-Cas9	recorded_sequencing_lane_holdout_6_vs_6	Gnb1l	Gnb1l	4	pgaa_w	70	4999	0.16	0.22	-0.06	0.2865076194110371	0.2807000632779617	pgaa-cross-platform-dual-gate-v2	pgaa-cross-platform-matched-controls-v2
santinha2023_brain_aav_crispr	Mouse in vivo brain AAV CRISPR-Cas9	recorded_sequencing_lane_holdout_6_vs_6	Gnb1l	Gnb1l	4	pgaa_h	70	4999	0.01	0.05	-0.04	0.0781466284150457	0.1081241169048665	pgaa-cross-platform-dual-gate-v2	pgaa-cross-platform-matched-controls-v2
santinha2023_brain_aav_crispr	Mouse in vivo brain AAV CRISPR-Cas9	recorded_sequencing_lane_holdout_6_vs_6	Gnb1l	Gnb1l	4	absolute_mean_shift	70	4999	0.11	0.1	0.0099999999999999	0.0865961317154953	0.0687071244856642	pgaa-cross-platform-dual-gate-v2	pgaa-cross-platform-matched-controls-v2
santinha2023_brain_aav_crispr	Mouse in vivo brain AAV CRISPR-Cas9	recorded_sequencing_lane_holdout_6_vs_6	Gnb1l	Gnb1l	4	welch_abs_t	70	4999	0.01	0.01	0.0	0.0093766721651653	0.0082372248759475	pgaa-cross-platform-dual-gate-v2	pgaa-cross-platform-matched-controls-v2
santinha2023_brain_aav_crispr	Mouse in vivo brain AAV CRISPR-Cas9	recorded_sequencing_lane_holdout_6_vs_6	Hic2	Hic2	0	pgaa_w	70	4999	0.07	0.14	-0.07	0.2771363491425777	0.2874036765576405	pgaa-cross-platform-dual-gate-v2	pgaa-cross-platform-matched-controls-v2
santinha2023_brain_aav_crispr	Mouse in vivo brain AAV CRISPR-Cas9	recorded_sequencing_lane_holdout_6_vs_6	Hic2	Hic2	0	pgaa_h	70	4999	0.02	0.02	0.0	0.0923704707239766	0.0907765825603081	pgaa-cross-platform-dual-gate-v2	pgaa-cross-platform-matched-controls-v2
santinha2023_brain_aav_crispr	Mouse in vivo brain AAV CRISPR-Cas9	recorded_sequencing_lane_holdout_6_vs_6	Hic2	Hic2	0	absolute_mean_shift	70	4999	0.04	0.1	-0.06	0.0506394831561038	0.0776722473001927	pgaa-cross-platform-dual-gate-v2	pgaa-cross-platform-matched-controls-v2
santinha2023_brain_aav_crispr	Mouse in vivo brain AAV CRISPR-Cas9	recorded_sequencing_lane_holdout_6_vs_6	Hic2	Hic2	0	welch_abs_t	70	4999	0.01	0.0	0.01	-0.0123389560027813	0.0002290255890368	pgaa-cross-platform-dual-gate-v2	pgaa-cross-platform-matched-controls-v2
santinha2023_brain_aav_crispr	Mouse in vivo brain AAV CRISPR-Cas9	recorded_sequencing_lane_holdout_6_vs_6	Hic2	Hic2	1	pgaa_w	70	4999	0.14	0.23	-0.09	0.2578745770762796	0.2871256663817758	pgaa-cross-platform-dual-gate-v2	pgaa-cross-platform-matched-controls-v2
santinha2023_brain_aav_crispr	Mouse in vivo brain AAV CRISPR-Cas9	recorded_sequencing_lane_holdout_6_vs_6	Hic2	Hic2	1	pgaa_h	70	4999	0.01	0.02	-0.01	0.1014691056401624	0.1265848663636399	pgaa-cross-platform-dual-gate-v2	pgaa-cross-platform-matched-controls-v2
santinha2023_brain_aav_crispr	Mouse in vivo brain AAV CRISPR-Cas9	recorded_sequencing_lane_holdout_6_vs_6	Hic2	Hic2	1	absolute_mean_shift	70	4999	0.1	0.17	-0.07	0.0608891253968761	0.0963484113024704	pgaa-cross-platform-dual-gate-v2	pgaa-cross-platform-matched-controls-v2
santinha2023_brain_aav_crispr	Mouse in vivo brain AAV CRISPR-Cas9	recorded_sequencing_lane_holdout_6_vs_6	Hic2	Hic2	1	welch_abs_t	70	4999	0.04	0.0	0.04	0.0006306017986461	0.0096915412854479	pgaa-cross-platform-dual-gate-v2	pgaa-cross-platform-matched-controls-v2
santinha2023_brain_aav_crispr	Mouse in vivo brain AAV CRISPR-Cas9	recorded_sequencing_lane_holdout_6_vs_6	Hic2	Hic2	2	pgaa_w	70	4999	0.35	0.22	0.1299999999999999	0.2663337921846074	0.2830092863230509	pgaa-cross-platform-dual-gate-v2	pgaa-cross-platform-matched-controls-v2
santinha2023_brain_aav_crispr	Mouse in vivo brain AAV CRISPR-Cas9	recorded_sequencing_lane_holdout_6_vs_6	Hic2	Hic2	2	pgaa_h	70	4999	0.01	0.02	-0.01	0.1207284329869262	0.0851942217834944	pgaa-cross-platform-dual-gate-v2	pgaa-cross-platform-matched-controls-v2
santinha2023_brain_aav_crispr	Mouse in vivo brain AAV CRISPR-Cas9	recorded_sequencing_lane_holdout_6_vs_6	Hic2	Hic2	2	absolute_mean_shift	70	4999	0.27	0.2	0.07	0.0936297618909776	0.1021213330399209	pgaa-cross-platform-dual-gate-v2	pgaa-cross-platform-matched-controls-v2
santinha2023_brain_aav_crispr	Mouse in vivo brain AAV CRISPR-Cas9	recorded_sequencing_lane_holdout_6_vs_6	Hic2	Hic2	2	welch_abs_t	70	4999	0.02	0.04	-0.02	0.0091579599475515	0.0244585498132039	pgaa-cross-platform-dual-gate-v2	pgaa-cross-platform-matched-controls-v2
santinha2023_brain_aav_crispr	Mouse in vivo brain AAV CRISPR-Cas9	recorded_sequencing_lane_holdout_6_vs_6	Hic2	Hic2	3	pgaa_w	70	4999	0.11	0.17	-0.06	0.2280249411707071	0.2669074235495359	pgaa-cross-platform-dual-gate-v2	pgaa-cross-platform-matched-controls-v2
santinha2023_brain_aav_crispr	Mouse in vivo brain AAV CRISPR-Cas9	recorded_sequencing_lane_holdout_6_vs_6	Hic2	Hic2	3	pgaa_h	70	4999	0.02	0.01	0.01	0.1015859436515435	0.116063202875022	pgaa-cross-platform-dual-gate-v2	pgaa-cross-platform-matched-controls-v2
santinha2023_brain_aav_crispr	Mouse in vivo brain AAV CRISPR-Cas9	recorded_sequencing_lane_holdout_6_vs_6	Hic2	Hic2	3	absolute_mean_shift	70	4999	0.08	0.11	-0.03	0.0471768814781331	0.0491220933297671	pgaa-cross-platform-dual-gate-v2	pgaa-cross-platform-matched-controls-v2
santinha2023_brain_aav_crispr	Mouse in vivo brain AAV CRISPR-Cas9	recorded_sequencing_lane_holdout_6_vs_6	Hic2	Hic2	3	welch_abs_t	70	4999	0.01	0.02	-0.01	-0.0028931572629051	-0.007516372806374	pgaa-cross-platform-dual-gate-v2	pgaa-cross-platform-matched-controls-v2
santinha2023_brain_aav_crispr	Mouse in vivo brain AAV CRISPR-Cas9	recorded_sequencing_lane_holdout_6_vs_6	Hic2	Hic2	4	pgaa_w	70	4999	0.11	0.13	-0.02	0.3051149018759334	0.2577277418508912	pgaa-cross-platform-dual-gate-v2	pgaa-cross-platform-matched-controls-v2
santinha2023_brain_aav_crispr	Mouse in vivo brain AAV CRISPR-Cas9	recorded_sequencing_lane_holdout_6_vs_6	Hic2	Hic2	4	pgaa_h	70	4999	0.03	0.05	-0.02	0.095677230130535	0.1071611471105627	pgaa-cross-platform-dual-gate-v2	pgaa-cross-platform-matched-controls-v2
santinha2023_brain_aav_crispr	Mouse in vivo brain AAV CRISPR-Cas9	recorded_sequencing_lane_holdout_6_vs_6	Hic2	Hic2	4	absolute_mean_shift	70	4999	0.12	0.1	0.0199999999999999	0.0850302938501309	0.0651711050602965	pgaa-cross-platform-dual-gate-v2	pgaa-cross-platform-matched-controls-v2
santinha2023_brain_aav_crispr	Mouse in vivo brain AAV CRISPR-Cas9	recorded_sequencing_lane_holdout_6_vs_6	Hic2	Hic2	4	welch_abs_t	70	4999	0.03	0.01	0.0199999999999999	0.0023543458272051	0.0063617380381892	pgaa-cross-platform-dual-gate-v2	pgaa-cross-platform-matched-controls-v2
santinha2023_brain_aav_crispr	Mouse in vivo brain AAV CRISPR-Cas9	recorded_sequencing_lane_holdout_6_vs_6	Lztr1	Lztr1	0	pgaa_w	70	4999	0.16	0.12	0.04	0.258256455420736	0.2472010919831025	pgaa-cross-platform-dual-gate-v2	pgaa-cross-platform-matched-controls-v2
santinha2023_brain_aav_crispr	Mouse in vivo brain AAV CRISPR-Cas9	recorded_sequencing_lane_holdout_6_vs_6	Lztr1	Lztr1	0	pgaa_h	70	4999	0.04	0.01	0.03	0.1049464392270903	0.0885262232864379	pgaa-cross-platform-dual-gate-v2	pgaa-cross-platform-matched-controls-v2
santinha2023_brain_aav_crispr	Mouse in vivo brain AAV CRISPR-Cas9	recorded_sequencing_lane_holdout_6_vs_6	Lztr1	Lztr1	0	absolute_mean_shift	70	4999	0.13	0.1	0.03	0.0808524089587657	0.0469699904525632	pgaa-cross-platform-dual-gate-v2	pgaa-cross-platform-matched-controls-v2
santinha2023_brain_aav_crispr	Mouse in vivo brain AAV CRISPR-Cas9	recorded_sequencing_lane_holdout_6_vs_6	Lztr1	Lztr1	0	welch_abs_t	70	4999	0.01	0.01	0.0	0.0266084703628172	0.0105799211222796	pgaa-cross-platform-dual-gate-v2	pgaa-cross-platform-matched-controls-v2
santinha2023_brain_aav_crispr	Mouse in vivo brain AAV CRISPR-Cas9	recorded_sequencing_lane_holdout_6_vs_6	Lztr1	Lztr1	1	pgaa_w	70	4999	0.18	0.2	-0.02	0.266240825500034	0.24585440507069	pgaa-cross-platform-dual-gate-v2	pgaa-cross-platform-matched-controls-v2
santinha2023_brain_aav_crispr	Mouse in vivo brain AAV CRISPR-Cas9	recorded_sequencing_lane_holdout_6_vs_6	Lztr1	Lztr1	1	pgaa_h	70	4999	0.03	0.03	0.0	0.0984003606758197	0.1028769156906334	pgaa-cross-platform-dual-gate-v2	pgaa-cross-platform-matched-controls-v2
santinha2023_brain_aav_crispr	Mouse in vivo brain AAV CRISPR-Cas9	recorded_sequencing_lane_holdout_6_vs_6	Lztr1	Lztr1	1	absolute_mean_shift	70	4999	0.11	0.12	-0.0099999999999999	0.0379967202102123	0.0340078820623201	pgaa-cross-platform-dual-gate-v2	pgaa-cross-platform-matched-controls-v2
santinha2023_brain_aav_crispr	Mouse in vivo brain AAV CRISPR-Cas9	recorded_sequencing_lane_holdout_6_vs_6	Lztr1	Lztr1	1	welch_abs_t	70	4999	0.02	0.03	-0.0099999999999999	-0.0185067752566119	-0.0182516307347484	pgaa-cross-platform-dual-gate-v2	pgaa-cross-platform-matched-controls-v2
santinha2023_brain_aav_crispr	Mouse in vivo brain AAV CRISPR-Cas9	recorded_sequencing_lane_holdout_6_vs_6	Lztr1	Lztr1	2	pgaa_w	70	4999	0.17	0.25	-0.0799999999999999	0.2654589123827167	0.2643922214454896	pgaa-cross-platform-dual-gate-v2	pgaa-cross-platform-matched-controls-v2
santinha2023_brain_aav_crispr	Mouse in vivo brain AAV CRISPR-Cas9	recorded_sequencing_lane_holdout_6_vs_6	Lztr1	Lztr1	2	pgaa_h	70	4999	0.0	0.03	-0.03	0.1083543347301282	0.0865009262102862	pgaa-cross-platform-dual-gate-v2	pgaa-cross-platform-matched-controls-v2
santinha2023_brain_aav_crispr	Mouse in vivo brain AAV CRISPR-Cas9	recorded_sequencing_lane_holdout_6_vs_6	Lztr1	Lztr1	2	absolute_mean_shift	70	4999	0.1	0.18	-0.0799999999999999	0.069610892126758	0.0655312474322505	pgaa-cross-platform-dual-gate-v2	pgaa-cross-platform-matched-controls-v2
santinha2023_brain_aav_crispr	Mouse in vivo brain AAV CRISPR-Cas9	recorded_sequencing_lane_holdout_6_vs_6	Lztr1	Lztr1	2	welch_abs_t	70	4999	0.02	0.0	0.02	-0.0018977480010263	-0.0085575165453258	pgaa-cross-platform-dual-gate-v2	pgaa-cross-platform-matched-controls-v2
santinha2023_brain_aav_crispr	Mouse in vivo brain AAV CRISPR-Cas9	recorded_sequencing_lane_holdout_6_vs_6	Lztr1	Lztr1	3	pgaa_w	70	4999	0.15	0.13	0.0199999999999999	0.2573348040076203	0.2674515474523476	pgaa-cross-platform-dual-gate-v2	pgaa-cross-platform-matched-controls-v2
santinha2023_brain_aav_crispr	Mouse in vivo brain AAV CRISPR-Cas9	recorded_sequencing_lane_holdout_6_vs_6	Lztr1	Lztr1	3	pgaa_h	70	4999	0.03	0.02	0.0099999999999999	0.1383877927005737	0.1125757937239097	pgaa-cross-platform-dual-gate-v2	pgaa-cross-platform-matched-controls-v2
santinha2023_brain_aav_crispr	Mouse in vivo brain AAV CRISPR-Cas9	recorded_sequencing_lane_holdout_6_vs_6	Lztr1	Lztr1	3	absolute_mean_shift	70	4999	0.11	0.11	0.0	0.0540226207598324	0.0658645636450219	pgaa-cross-platform-dual-gate-v2	pgaa-cross-platform-matched-controls-v2
santinha2023_brain_aav_crispr	Mouse in vivo brain AAV CRISPR-Cas9	recorded_sequencing_lane_holdout_6_vs_6	Lztr1	Lztr1	3	welch_abs_t	70	4999	0.01	0.0	0.01	0.0015272802459651	0.0180794043575639	pgaa-cross-platform-dual-gate-v2	pgaa-cross-platform-matched-controls-v2
santinha2023_brain_aav_crispr	Mouse in vivo brain AAV CRISPR-Cas9	recorded_sequencing_lane_holdout_6_vs_6	Lztr1	Lztr1	4	pgaa_w	70	4999	0.15	0.11	0.0399999999999999	0.2539847019583989	0.2457846954745091	pgaa-cross-platform-dual-gate-v2	pgaa-cross-platform-matched-controls-v2
santinha2023_brain_aav_crispr	Mouse in vivo brain AAV CRISPR-Cas9	recorded_sequencing_lane_holdout_6_vs_6	Lztr1	Lztr1	4	pgaa_h	70	4999	0.02	0.06	-0.0399999999999999	0.1002746648502532	0.0828340244006466	pgaa-cross-platform-dual-gate-v2	pgaa-cross-platform-matched-controls-v2
santinha2023_brain_aav_crispr	Mouse in vivo brain AAV CRISPR-Cas9	recorded_sequencing_lane_holdout_6_vs_6	Lztr1	Lztr1	4	absolute_mean_shift	70	4999	0.1	0.05	0.05	0.0585283416911754	0.0404268937360306	pgaa-cross-platform-dual-gate-v2	pgaa-cross-platform-matched-controls-v2
santinha2023_brain_aav_crispr	Mouse in vivo brain AAV CRISPR-Cas9	recorded_sequencing_lane_holdout_6_vs_6	Lztr1	Lztr1	4	welch_abs_t	70	4999	0.02	0.01	0.01	0.0121601436253637	0.0017103523465797	pgaa-cross-platform-dual-gate-v2	pgaa-cross-platform-matched-controls-v2
santinha2023_brain_aav_crispr	Mouse in vivo brain AAV CRISPR-Cas9	recorded_sequencing_lane_holdout_6_vs_6	Med15	Med15	0	pgaa_w	70	4999	0.18	0.15	0.03	0.3136148290882667	0.3080966660559003	pgaa-cross-platform-dual-gate-v2	pgaa-cross-platform-matched-controls-v2
santinha2023_brain_aav_crispr	Mouse in vivo brain AAV CRISPR-Cas9	recorded_sequencing_lane_holdout_6_vs_6	Med15	Med15	0	pgaa_h	70	4999	0.0	0.01	-0.01	0.0947766500462053	0.0829551808038816	pgaa-cross-platform-dual-gate-v2	pgaa-cross-platform-matched-controls-v2
santinha2023_brain_aav_crispr	Mouse in vivo brain AAV CRISPR-Cas9	recorded_sequencing_lane_holdout_6_vs_6	Med15	Med15	0	absolute_mean_shift	70	4999	0.17	0.14	0.03	0.0831913170308859	0.08709095909272	pgaa-cross-platform-dual-gate-v2	pgaa-cross-platform-matched-controls-v2
santinha2023_brain_aav_crispr	Mouse in vivo brain AAV CRISPR-Cas9	recorded_sequencing_lane_holdout_6_vs_6	Med15	Med15	0	welch_abs_t	70	4999	0.03	0.05	-0.02	-0.0053315436197763	-0.0096355820508464	pgaa-cross-platform-dual-gate-v2	pgaa-cross-platform-matched-controls-v2
santinha2023_brain_aav_crispr	Mouse in vivo brain AAV CRISPR-Cas9	recorded_sequencing_lane_holdout_6_vs_6	Med15	Med15	1	pgaa_w	70	4999	0.17	0.19	-0.0199999999999999	0.3110169742952192	0.3109356045518828	pgaa-cross-platform-dual-gate-v2	pgaa-cross-platform-matched-controls-v2
santinha2023_brain_aav_crispr	Mouse in vivo brain AAV CRISPR-Cas9	recorded_sequencing_lane_holdout_6_vs_6	Med15	Med15	1	pgaa_h	70	4999	0.02	0.0	0.02	0.1037182172240476	0.0759582751536418	pgaa-cross-platform-dual-gate-v2	pgaa-cross-platform-matched-controls-v2
santinha2023_brain_aav_crispr	Mouse in vivo brain AAV CRISPR-Cas9	recorded_sequencing_lane_holdout_6_vs_6	Med15	Med15	1	absolute_mean_shift	70	4999	0.16	0.17	-0.01	0.1176064213732455	0.1011396003211614	pgaa-cross-platform-dual-gate-v2	pgaa-cross-platform-matched-controls-v2
santinha2023_brain_aav_crispr	Mouse in vivo brain AAV CRISPR-Cas9	recorded_sequencing_lane_holdout_6_vs_6	Med15	Med15	1	welch_abs_t	70	4999	0.02	0.03	-0.0099999999999999	0.0201448947177225	0.0025702543629974	pgaa-cross-platform-dual-gate-v2	pgaa-cross-platform-matched-controls-v2
santinha2023_brain_aav_crispr	Mouse in vivo brain AAV CRISPR-Cas9	recorded_sequencing_lane_holdout_6_vs_6	Med15	Med15	2	pgaa_w	70	4999	0.13	0.12	0.01	0.2695170347394809	0.2762324427430505	pgaa-cross-platform-dual-gate-v2	pgaa-cross-platform-matched-controls-v2
santinha2023_brain_aav_crispr	Mouse in vivo brain AAV CRISPR-Cas9	recorded_sequencing_lane_holdout_6_vs_6	Med15	Med15	2	pgaa_h	70	4999	0.05	0.04	0.01	0.1114947240484698	0.1031724104579295	pgaa-cross-platform-dual-gate-v2	pgaa-cross-platform-matched-controls-v2
santinha2023_brain_aav_crispr	Mouse in vivo brain AAV CRISPR-Cas9	recorded_sequencing_lane_holdout_6_vs_6	Med15	Med15	2	absolute_mean_shift	70	4999	0.12	0.15	-0.03	0.0836599995249542	0.0812906660142081	pgaa-cross-platform-dual-gate-v2	pgaa-cross-platform-matched-controls-v2
santinha2023_brain_aav_crispr	Mouse in vivo brain AAV CRISPR-Cas9	recorded_sequencing_lane_holdout_6_vs_6	Med15	Med15	2	welch_abs_t	70	4999	0.02	0.0	0.02	-0.0039689082595383	0.0070432714153875	pgaa-cross-platform-dual-gate-v2	pgaa-cross-platform-matched-controls-v2
santinha2023_brain_aav_crispr	Mouse in vivo brain AAV CRISPR-Cas9	recorded_sequencing_lane_holdout_6_vs_6	Med15	Med15	3	pgaa_w	70	4999	0.17	0.19	-0.0199999999999999	0.2460668568767775	0.2777455769665338	pgaa-cross-platform-dual-gate-v2	pgaa-cross-platform-matched-controls-v2
santinha2023_brain_aav_crispr	Mouse in vivo brain AAV CRISPR-Cas9	recorded_sequencing_lane_holdout_6_vs_6	Med15	Med15	3	pgaa_h	70	4999	0.01	0.03	-0.0199999999999999	0.0958113422968637	0.1145295191525269	pgaa-cross-platform-dual-gate-v2	pgaa-cross-platform-matched-controls-v2
santinha2023_brain_aav_crispr	Mouse in vivo brain AAV CRISPR-Cas9	recorded_sequencing_lane_holdout_6_vs_6	Med15	Med15	3	absolute_mean_shift	70	4999	0.12	0.13	-0.01	0.0522222570362011	0.1000524884472768	pgaa-cross-platform-dual-gate-v2	pgaa-cross-platform-matched-controls-v2
santinha2023_brain_aav_crispr	Mouse in vivo brain AAV CRISPR-Cas9	recorded_sequencing_lane_holdout_6_vs_6	Med15	Med15	3	welch_abs_t	70	4999	0.01	0.02	-0.01	0.0037855241636562	0.0352301181973544	pgaa-cross-platform-dual-gate-v2	pgaa-cross-platform-matched-controls-v2
santinha2023_brain_aav_crispr	Mouse in vivo brain AAV CRISPR-Cas9	recorded_sequencing_lane_holdout_6_vs_6	Med15	Med15	4	pgaa_w	70	4999	0.11	0.13	-0.02	0.239697888004972	0.2883099256105723	pgaa-cross-platform-dual-gate-v2	pgaa-cross-platform-matched-controls-v2
santinha2023_brain_aav_crispr	Mouse in vivo brain AAV CRISPR-Cas9	recorded_sequencing_lane_holdout_6_vs_6	Med15	Med15	4	pgaa_h	70	4999	0.05	0.02	0.03	0.0840584766004663	0.0788702451387908	pgaa-cross-platform-dual-gate-v2	pgaa-cross-platform-matched-controls-v2
santinha2023_brain_aav_crispr	Mouse in vivo brain AAV CRISPR-Cas9	recorded_sequencing_lane_holdout_6_vs_6	Med15	Med15	4	absolute_mean_shift	70	4999	0.08	0.1	-0.02	0.0311974097603096	0.0861992056597345	pgaa-cross-platform-dual-gate-v2	pgaa-cross-platform-matched-controls-v2
santinha2023_brain_aav_crispr	Mouse in vivo brain AAV CRISPR-Cas9	recorded_sequencing_lane_holdout_6_vs_6	Med15	Med15	4	welch_abs_t	70	4999	0.01	0.04	-0.03	-0.021384004724114	0.024500615177057	pgaa-cross-platform-dual-gate-v2	pgaa-cross-platform-matched-controls-v2
santinha2023_brain_aav_crispr	Mouse in vivo brain AAV CRISPR-Cas9	recorded_sequencing_lane_holdout_6_vs_6	Mrpl40	Mrpl40	0	pgaa_w	70	4999	0.15	0.08	0.0699999999999999	0.2687008697777971	0.2288667174971609	pgaa-cross-platform-dual-gate-v2	pgaa-cross-platform-matched-controls-v2
santinha2023_brain_aav_crispr	Mouse in vivo brain AAV CRISPR-Cas9	recorded_sequencing_lane_holdout_6_vs_6	Mrpl40	Mrpl40	0	pgaa_h	70	4999	0.0	0.02	-0.02	0.1030880837407547	0.1039016216147528	pgaa-cross-platform-dual-gate-v2	pgaa-cross-platform-matched-controls-v2
santinha2023_brain_aav_crispr	Mouse in vivo brain AAV CRISPR-Cas9	recorded_sequencing_lane_holdout_6_vs_6	Mrpl40	Mrpl40	0	absolute_mean_shift	70	4999	0.1	0.08	0.02	0.0505009750089273	0.0236833722114991	pgaa-cross-platform-dual-gate-v2	pgaa-cross-platform-matched-controls-v2
santinha2023_brain_aav_crispr	Mouse in vivo brain AAV CRISPR-Cas9	recorded_sequencing_lane_holdout_6_vs_6	Mrpl40	Mrpl40	0	welch_abs_t	70	4999	0.02	0.01	0.01	-0.0023751720812349	-0.0154284328174158	pgaa-cross-platform-dual-gate-v2	pgaa-cross-platform-matched-controls-v2
santinha2023_brain_aav_crispr	Mouse in vivo brain AAV CRISPR-Cas9	recorded_sequencing_lane_holdout_6_vs_6	Mrpl40	Mrpl40	1	pgaa_w	70	4999	0.24	0.12	0.12	0.2656982982670964	0.2676009568300215	pgaa-cross-platform-dual-gate-v2	pgaa-cross-platform-matched-controls-v2
santinha2023_brain_aav_crispr	Mouse in vivo brain AAV CRISPR-Cas9	recorded_sequencing_lane_holdout_6_vs_6	Mrpl40	Mrpl40	1	pgaa_h	70	4999	0.0	0.02	-0.02	0.0838903538599009	0.0745682307220395	pgaa-cross-platform-dual-gate-v2	pgaa-cross-platform-matched-controls-v2
santinha2023_brain_aav_crispr	Mouse in vivo brain AAV CRISPR-Cas9	recorded_sequencing_lane_holdout_6_vs_6	Mrpl40	Mrpl40	1	absolute_mean_shift	70	4999	0.18	0.08	0.0999999999999999	0.0696028598360251	0.07409286309354	pgaa-cross-platform-dual-gate-v2	pgaa-cross-platform-matched-controls-v2
santinha2023_brain_aav_crispr	Mouse in vivo brain AAV CRISPR-Cas9	recorded_sequencing_lane_holdout_6_vs_6	Mrpl40	Mrpl40	1	welch_abs_t	70	4999	0.03	0.01	0.0199999999999999	0.0119570069601894	0.0084969430860962	pgaa-cross-platform-dual-gate-v2	pgaa-cross-platform-matched-controls-v2
santinha2023_brain_aav_crispr	Mouse in vivo brain AAV CRISPR-Cas9	recorded_sequencing_lane_holdout_6_vs_6	Mrpl40	Mrpl40	2	pgaa_w	70	4999	0.14	0.18	-0.0399999999999999	0.2648886494705904	0.2580164915576152	pgaa-cross-platform-dual-gate-v2	pgaa-cross-platform-matched-controls-v2
santinha2023_brain_aav_crispr	Mouse in vivo brain AAV CRISPR-Cas9	recorded_sequencing_lane_holdout_6_vs_6	Mrpl40	Mrpl40	2	pgaa_h	70	4999	0.04	0.02	0.02	0.1081885548437798	0.0696943306651195	pgaa-cross-platform-dual-gate-v2	pgaa-cross-platform-matched-controls-v2
santinha2023_brain_aav_crispr	Mouse in vivo brain AAV CRISPR-Cas9	recorded_sequencing_lane_holdout_6_vs_6	Mrpl40	Mrpl40	2	absolute_mean_shift	70	4999	0.09	0.16	-0.07	0.0549423916061654	0.0816748347587092	pgaa-cross-platform-dual-gate-v2	pgaa-cross-platform-matched-controls-v2
santinha2023_brain_aav_crispr	Mouse in vivo brain AAV CRISPR-Cas9	recorded_sequencing_lane_holdout_6_vs_6	Mrpl40	Mrpl40	2	welch_abs_t	70	4999	0.0	0.02	-0.02	-0.0095660664915279	0.0228562471683497	pgaa-cross-platform-dual-gate-v2	pgaa-cross-platform-matched-controls-v2
santinha2023_brain_aav_crispr	Mouse in vivo brain AAV CRISPR-Cas9	recorded_sequencing_lane_holdout_6_vs_6	Mrpl40	Mrpl40	3	pgaa_w	70	4999	0.14	0.07	0.07	0.2935009054151767	0.2992843336014142	pgaa-cross-platform-dual-gate-v2	pgaa-cross-platform-matched-controls-v2
santinha2023_brain_aav_crispr	Mouse in vivo brain AAV CRISPR-Cas9	recorded_sequencing_lane_holdout_6_vs_6	Mrpl40	Mrpl40	3	pgaa_h	70	4999	0.03	0.01	0.0199999999999999	0.1264460541611383	0.0887262684037208	pgaa-cross-platform-dual-gate-v2	pgaa-cross-platform-matched-controls-v2
santinha2023_brain_aav_crispr	Mouse in vivo brain AAV CRISPR-Cas9	recorded_sequencing_lane_holdout_6_vs_6	Mrpl40	Mrpl40	3	absolute_mean_shift	70	4999	0.09	0.06	0.03	0.0958270471565289	0.0761003687521802	pgaa-cross-platform-dual-gate-v2	pgaa-cross-platform-matched-controls-v2
santinha2023_brain_aav_crispr	Mouse in vivo brain AAV CRISPR-Cas9	recorded_sequencing_lane_holdout_6_vs_6	Mrpl40	Mrpl40	3	welch_abs_t	70	4999	0.03	0.04	-0.01	0.0263149195511686	-0.0418608302692951	pgaa-cross-platform-dual-gate-v2	pgaa-cross-platform-matched-controls-v2
santinha2023_brain_aav_crispr	Mouse in vivo brain AAV CRISPR-Cas9	recorded_sequencing_lane_holdout_6_vs_6	Mrpl40	Mrpl40	4	pgaa_w	70	4999	0.17	0.13	0.04	0.318548996906224	0.2695065415964345	pgaa-cross-platform-dual-gate-v2	pgaa-cross-platform-matched-controls-v2
santinha2023_brain_aav_crispr	Mouse in vivo brain AAV CRISPR-Cas9	recorded_sequencing_lane_holdout_6_vs_6	Mrpl40	Mrpl40	4	pgaa_h	70	4999	0.06	0.03	0.03	0.0990768207388911	0.0946776920623681	pgaa-cross-platform-dual-gate-v2	pgaa-cross-platform-matched-controls-v2
santinha2023_brain_aav_crispr	Mouse in vivo brain AAV CRISPR-Cas9	recorded_sequencing_lane_holdout_6_vs_6	Mrpl40	Mrpl40	4	absolute_mean_shift	70	4999	0.14	0.08	0.06	0.0819488891834992	0.0521370235731923	pgaa-cross-platform-dual-gate-v2	pgaa-cross-platform-matched-controls-v2
santinha2023_brain_aav_crispr	Mouse in vivo brain AAV CRISPR-Cas9	recorded_sequencing_lane_holdout_6_vs_6	Mrpl40	Mrpl40	4	welch_abs_t	70	4999	0.02	0.02	0.0	-0.011859405494829	-0.0063124663349551	pgaa-cross-platform-dual-gate-v2	pgaa-cross-platform-matched-controls-v2
santinha2023_brain_aav_crispr	Mouse in vivo brain AAV CRISPR-Cas9	recorded_sequencing_lane_holdout_6_vs_6	Pi4ka	Pi4ka	0	pgaa_w	70	4999	0.2	0.16	0.04	0.2837597278879545	0.2879937794041401	pgaa-cross-platform-dual-gate-v2	pgaa-cross-platform-matched-controls-v2
santinha2023_brain_aav_crispr	Mouse in vivo brain AAV CRISPR-Cas9	recorded_sequencing_lane_holdout_6_vs_6	Pi4ka	Pi4ka	0	pgaa_h	70	4999	0.02	0.04	-0.02	0.0974910351625972	0.0787666982094467	pgaa-cross-platform-dual-gate-v2	pgaa-cross-platform-matched-controls-v2
santinha2023_brain_aav_crispr	Mouse in vivo brain AAV CRISPR-Cas9	recorded_sequencing_lane_holdout_6_vs_6	Pi4ka	Pi4ka	0	absolute_mean_shift	70	4999	0.16	0.13	0.03	0.1114466015626071	0.0890913219464148	pgaa-cross-platform-dual-gate-v2	pgaa-cross-platform-matched-controls-v2
santinha2023_brain_aav_crispr	Mouse in vivo brain AAV CRISPR-Cas9	recorded_sequencing_lane_holdout_6_vs_6	Pi4ka	Pi4ka	0	welch_abs_t	70	4999	0.01	0.02	-0.01	0.0450447759670792	0.0106223532341522	pgaa-cross-platform-dual-gate-v2	pgaa-cross-platform-matched-controls-v2
santinha2023_brain_aav_crispr	Mouse in vivo brain AAV CRISPR-Cas9	recorded_sequencing_lane_holdout_6_vs_6	Pi4ka	Pi4ka	1	pgaa_w	70	4999	0.14	0.28	-0.14	0.2620228939905628	0.2716177418436869	pgaa-cross-platform-dual-gate-v2	pgaa-cross-platform-matched-controls-v2
santinha2023_brain_aav_crispr	Mouse in vivo brain AAV CRISPR-Cas9	recorded_sequencing_lane_holdout_6_vs_6	Pi4ka	Pi4ka	1	pgaa_h	70	4999	0.0	0.03	-0.03	0.1042406267825423	0.0998833843373298	pgaa-cross-platform-dual-gate-v2	pgaa-cross-platform-matched-controls-v2
santinha2023_brain_aav_crispr	Mouse in vivo brain AAV CRISPR-Cas9	recorded_sequencing_lane_holdout_6_vs_6	Pi4ka	Pi4ka	1	absolute_mean_shift	70	4999	0.05	0.18	-0.13	0.0486955897658992	0.0768948043741129	pgaa-cross-platform-dual-gate-v2	pgaa-cross-platform-matched-controls-v2
santinha2023_brain_aav_crispr	Mouse in vivo brain AAV CRISPR-Cas9	recorded_sequencing_lane_holdout_6_vs_6	Pi4ka	Pi4ka	1	welch_abs_t	70	4999	0.03	0.03	0.0	-0.0114548762333499	-0.006315031121622	pgaa-cross-platform-dual-gate-v2	pgaa-cross-platform-matched-controls-v2
santinha2023_brain_aav_crispr	Mouse in vivo brain AAV CRISPR-Cas9	recorded_sequencing_lane_holdout_6_vs_6	Pi4ka	Pi4ka	2	pgaa_w	70	4999	0.12	0.13	-0.01	0.2526804917285978	0.2632482934522079	pgaa-cross-platform-dual-gate-v2	pgaa-cross-platform-matched-controls-v2
santinha2023_brain_aav_crispr	Mouse in vivo brain AAV CRISPR-Cas9	recorded_sequencing_lane_holdout_6_vs_6	Pi4ka	Pi4ka	2	pgaa_h	70	4999	0.03	0.03	0.0	0.0953869326548506	0.1190120453365529	pgaa-cross-platform-dual-gate-v2	pgaa-cross-platform-matched-controls-v2
santinha2023_brain_aav_crispr	Mouse in vivo brain AAV CRISPR-Cas9	recorded_sequencing_lane_holdout_6_vs_6	Pi4ka	Pi4ka	2	absolute_mean_shift	70	4999	0.09	0.12	-0.03	0.0508670875424833	0.0467492336950102	pgaa-cross-platform-dual-gate-v2	pgaa-cross-platform-matched-controls-v2
santinha2023_brain_aav_crispr	Mouse in vivo brain AAV CRISPR-Cas9	recorded_sequencing_lane_holdout_6_vs_6	Pi4ka	Pi4ka	2	welch_abs_t	70	4999	0.02	0.03	-0.0099999999999999	0.0043245243526496	-0.0323500693415994	pgaa-cross-platform-dual-gate-v2	pgaa-cross-platform-matched-controls-v2
santinha2023_brain_aav_crispr	Mouse in vivo brain AAV CRISPR-Cas9	recorded_sequencing_lane_holdout_6_vs_6	Pi4ka	Pi4ka	3	pgaa_w	70	4999	0.26	0.14	0.12	0.2691154700567965	0.2432128223483832	pgaa-cross-platform-dual-gate-v2	pgaa-cross-platform-matched-controls-v2
santinha2023_brain_aav_crispr	Mouse in vivo brain AAV CRISPR-Cas9	recorded_sequencing_lane_holdout_6_vs_6	Pi4ka	Pi4ka	3	pgaa_h	70	4999	0.04	0.03	0.01	0.1124514872193412	0.0875736842743548	pgaa-cross-platform-dual-gate-v2	pgaa-cross-platform-matched-controls-v2
santinha2023_brain_aav_crispr	Mouse in vivo brain AAV CRISPR-Cas9	recorded_sequencing_lane_holdout_6_vs_6	Pi4ka	Pi4ka	3	absolute_mean_shift	70	4999	0.17	0.11	0.06	0.0794147525436877	0.0590285448262789	pgaa-cross-platform-dual-gate-v2	pgaa-cross-platform-matched-controls-v2
santinha2023_brain_aav_crispr	Mouse in vivo brain AAV CRISPR-Cas9	recorded_sequencing_lane_holdout_6_vs_6	Pi4ka	Pi4ka	3	welch_abs_t	70	4999	0.0	0.0	0.0	-0.00243459332923	-0.0049456255239016	pgaa-cross-platform-dual-gate-v2	pgaa-cross-platform-matched-controls-v2
santinha2023_brain_aav_crispr	Mouse in vivo brain AAV CRISPR-Cas9	recorded_sequencing_lane_holdout_6_vs_6	Pi4ka	Pi4ka	4	pgaa_w	70	4999	0.21	0.24	-0.03	0.2845775832717564	0.290372379493906	pgaa-cross-platform-dual-gate-v2	pgaa-cross-platform-matched-controls-v2
santinha2023_brain_aav_crispr	Mouse in vivo brain AAV CRISPR-Cas9	recorded_sequencing_lane_holdout_6_vs_6	Pi4ka	Pi4ka	4	pgaa_h	70	4999	0.04	0.06	-0.0199999999999999	0.089975055782287	0.1123538274302255	pgaa-cross-platform-dual-gate-v2	pgaa-cross-platform-matched-controls-v2
santinha2023_brain_aav_crispr	Mouse in vivo brain AAV CRISPR-Cas9	recorded_sequencing_lane_holdout_6_vs_6	Pi4ka	Pi4ka	4	absolute_mean_shift	70	4999	0.15	0.12	0.03	0.0793804599632565	0.0972464746103839	pgaa-cross-platform-dual-gate-v2	pgaa-cross-platform-matched-controls-v2
santinha2023_brain_aav_crispr	Mouse in vivo brain AAV CRISPR-Cas9	recorded_sequencing_lane_holdout_6_vs_6	Pi4ka	Pi4ka	4	welch_abs_t	70	4999	0.02	0.04	-0.02	-0.0031760972123158	0.0131747505803681	pgaa-cross-platform-dual-gate-v2	pgaa-cross-platform-matched-controls-v2
santinha2023_brain_aav_crispr	Mouse in vivo brain AAV CRISPR-Cas9	recorded_sequencing_lane_holdout_6_vs_6	Ranbp1	Ranbp1	0	pgaa_w	70	4999	0.12	0.18	-0.06	0.2606085453345171	0.2789248147828846	pgaa-cross-platform-dual-gate-v2	pgaa-cross-platform-matched-controls-v2
santinha2023_brain_aav_crispr	Mouse in vivo brain AAV CRISPR-Cas9	recorded_sequencing_lane_holdout_6_vs_6	Ranbp1	Ranbp1	0	pgaa_h	70	4999	0.02	0.02	0.0	0.1004754682942391	0.0839865441409178	pgaa-cross-platform-dual-gate-v2	pgaa-cross-platform-matched-controls-v2
santinha2023_brain_aav_crispr	Mouse in vivo brain AAV CRISPR-Cas9	recorded_sequencing_lane_holdout_6_vs_6	Ranbp1	Ranbp1	0	absolute_mean_shift	70	4999	0.05	0.19	-0.14	0.0552068242299418	0.0505824520078924	pgaa-cross-platform-dual-gate-v2	pgaa-cross-platform-matched-controls-v2
santinha2023_brain_aav_crispr	Mouse in vivo brain AAV CRISPR-Cas9	recorded_sequencing_lane_holdout_6_vs_6	Ranbp1	Ranbp1	0	welch_abs_t	70	4999	0.04	0.04	0.0	-0.0009435911192068	-0.0203218677353795	pgaa-cross-platform-dual-gate-v2	pgaa-cross-platform-matched-controls-v2
santinha2023_brain_aav_crispr	Mouse in vivo brain AAV CRISPR-Cas9	recorded_sequencing_lane_holdout_6_vs_6	Ranbp1	Ranbp1	1	pgaa_w	70	4999	0.21	0.14	0.0699999999999999	0.2783777056011443	0.2664862785762435	pgaa-cross-platform-dual-gate-v2	pgaa-cross-platform-matched-controls-v2
santinha2023_brain_aav_crispr	Mouse in vivo brain AAV CRISPR-Cas9	recorded_sequencing_lane_holdout_6_vs_6	Ranbp1	Ranbp1	1	pgaa_h	70	4999	0.03	0.0	0.03	0.0947200244454061	0.1259083974553224	pgaa-cross-platform-dual-gate-v2	pgaa-cross-platform-matched-controls-v2
santinha2023_brain_aav_crispr	Mouse in vivo brain AAV CRISPR-Cas9	recorded_sequencing_lane_holdout_6_vs_6	Ranbp1	Ranbp1	1	absolute_mean_shift	70	4999	0.11	0.09	0.02	0.0419682905158679	0.0488441373819317	pgaa-cross-platform-dual-gate-v2	pgaa-cross-platform-matched-controls-v2
santinha2023_brain_aav_crispr	Mouse in vivo brain AAV CRISPR-Cas9	recorded_sequencing_lane_holdout_6_vs_6	Ranbp1	Ranbp1	1	welch_abs_t	70	4999	0.0	0.01	-0.01	-0.0195859731855035	8.478334322326651e-06	pgaa-cross-platform-dual-gate-v2	pgaa-cross-platform-matched-controls-v2
santinha2023_brain_aav_crispr	Mouse in vivo brain AAV CRISPR-Cas9	recorded_sequencing_lane_holdout_6_vs_6	Ranbp1	Ranbp1	2	pgaa_w	70	4999	0.15	0.13	0.0199999999999999	0.2612787624511697	0.2434516389952661	pgaa-cross-platform-dual-gate-v2	pgaa-cross-platform-matched-controls-v2
santinha2023_brain_aav_crispr	Mouse in vivo brain AAV CRISPR-Cas9	recorded_sequencing_lane_holdout_6_vs_6	Ranbp1	Ranbp1	2	pgaa_h	70	4999	0.02	0.01	0.01	0.0979408755891101	0.0872570110986198	pgaa-cross-platform-dual-gate-v2	pgaa-cross-platform-matched-controls-v2
santinha2023_brain_aav_crispr	Mouse in vivo brain AAV CRISPR-Cas9	recorded_sequencing_lane_holdout_6_vs_6	Ranbp1	Ranbp1	2	absolute_mean_shift	70	4999	0.11	0.08	0.03	0.0677983584313259	0.043863685923723	pgaa-cross-platform-dual-gate-v2	pgaa-cross-platform-matched-controls-v2
santinha2023_brain_aav_crispr	Mouse in vivo brain AAV CRISPR-Cas9	recorded_sequencing_lane_holdout_6_vs_6	Ranbp1	Ranbp1	2	welch_abs_t	70	4999	0.04	0.0	0.04	0.0087479332120926	-0.0223881741534381	pgaa-cross-platform-dual-gate-v2	pgaa-cross-platform-matched-controls-v2
santinha2023_brain_aav_crispr	Mouse in vivo brain AAV CRISPR-Cas9	recorded_sequencing_lane_holdout_6_vs_6	Ranbp1	Ranbp1	3	pgaa_w	70	4999	0.13	0.16	-0.03	0.2829778093914102	0.2784211472786754	pgaa-cross-platform-dual-gate-v2	pgaa-cross-platform-matched-controls-v2
santinha2023_brain_aav_crispr	Mouse in vivo brain AAV CRISPR-Cas9	recorded_sequencing_lane_holdout_6_vs_6	Ranbp1	Ranbp1	3	pgaa_h	70	4999	0.03	0.05	-0.02	0.0743488316718206	0.0993214251874049	pgaa-cross-platform-dual-gate-v2	pgaa-cross-platform-matched-controls-v2
santinha2023_brain_aav_crispr	Mouse in vivo brain AAV CRISPR-Cas9	recorded_sequencing_lane_holdout_6_vs_6	Ranbp1	Ranbp1	3	absolute_mean_shift	70	4999	0.1	0.15	-0.0499999999999999	0.0739638910895186	0.0859120486426549	pgaa-cross-platform-dual-gate-v2	pgaa-cross-platform-matched-controls-v2
santinha2023_brain_aav_crispr	Mouse in vivo brain AAV CRISPR-Cas9	recorded_sequencing_lane_holdout_6_vs_6	Ranbp1	Ranbp1	3	welch_abs_t	70	4999	0.0	0.02	-0.02	-0.0094528864480916	0.0092968365584112	pgaa-cross-platform-dual-gate-v2	pgaa-cross-platform-matched-controls-v2
santinha2023_brain_aav_crispr	Mouse in vivo brain AAV CRISPR-Cas9	recorded_sequencing_lane_holdout_6_vs_6	Ranbp1	Ranbp1	4	pgaa_w	70	4999	0.15	0.13	0.0199999999999999	0.270176468619054	0.2504506677085718	pgaa-cross-platform-dual-gate-v2	pgaa-cross-platform-matched-controls-v2
santinha2023_brain_aav_crispr	Mouse in vivo brain AAV CRISPR-Cas9	recorded_sequencing_lane_holdout_6_vs_6	Ranbp1	Ranbp1	4	pgaa_h	70	4999	0.02	0.05	-0.03	0.1335708158623181	0.0981133430836706	pgaa-cross-platform-dual-gate-v2	pgaa-cross-platform-matched-controls-v2
santinha2023_brain_aav_crispr	Mouse in vivo brain AAV CRISPR-Cas9	recorded_sequencing_lane_holdout_6_vs_6	Ranbp1	Ranbp1	4	absolute_mean_shift	70	4999	0.1	0.1	0.0	0.0428030043494511	0.046037251967515	pgaa-cross-platform-dual-gate-v2	pgaa-cross-platform-matched-controls-v2
santinha2023_brain_aav_crispr	Mouse in vivo brain AAV CRISPR-Cas9	recorded_sequencing_lane_holdout_6_vs_6	Ranbp1	Ranbp1	4	welch_abs_t	70	4999	0.01	0.0	0.01	-0.0128607484285058	-0.0159936427633181	pgaa-cross-platform-dual-gate-v2	pgaa-cross-platform-matched-controls-v2
sunshine2023_calu3_crispri	Human Calu-3 epithelial CRISPRi	recorded_gem_group_holdout_4_vs_4	ACE2	ACE2	0	pgaa_w	70	4999	0.55	0.13	0.42	0.8882243727497001	0.4712286258452171	pgaa-cross-platform-dual-gate-v2	pgaa-cross-platform-matched-controls-v2
sunshine2023_calu3_crispri	Human Calu-3 epithelial CRISPRi	recorded_gem_group_holdout_4_vs_4	ACE2	ACE2	0	pgaa_h	70	4999	0.08	0.04	0.04	0.1222510570386193	0.0271888871376219	pgaa-cross-platform-dual-gate-v2	pgaa-cross-platform-matched-controls-v2
sunshine2023_calu3_crispri	Human Calu-3 epithelial CRISPRi	recorded_gem_group_holdout_4_vs_4	ACE2	ACE2	0	absolute_mean_shift	70	4999	0.44	0.11	0.33	0.6692557278322412	0.149394546376262	pgaa-cross-platform-dual-gate-v2	pgaa-cross-platform-matched-controls-v2
sunshine2023_calu3_crispri	Human Calu-3 epithelial CRISPRi	recorded_gem_group_holdout_4_vs_4	ACE2	ACE2	0	welch_abs_t	70	4999	0.12	0.01	0.11	0.3932334285627762	-0.0054425426261722	pgaa-cross-platform-dual-gate-v2	pgaa-cross-platform-matched-controls-v2
sunshine2023_calu3_crispri	Human Calu-3 epithelial CRISPRi	recorded_gem_group_holdout_4_vs_4	ACE2	ACE2	1	pgaa_w	70	4999	0.36	0.16	0.1999999999999999	0.9059948398803412	0.4122675191460861	pgaa-cross-platform-dual-gate-v2	pgaa-cross-platform-matched-controls-v2
sunshine2023_calu3_crispri	Human Calu-3 epithelial CRISPRi	recorded_gem_group_holdout_4_vs_4	ACE2	ACE2	1	pgaa_h	70	4999	0.0	0.04	-0.04	0.0763929590651012	0.0404768903742207	pgaa-cross-platform-dual-gate-v2	pgaa-cross-platform-matched-controls-v2
sunshine2023_calu3_crispri	Human Calu-3 epithelial CRISPRi	recorded_gem_group_holdout_4_vs_4	ACE2	ACE2	1	absolute_mean_shift	70	4999	0.36	0.13	0.2299999999999999	0.6553246942620372	0.138600572839658	pgaa-cross-platform-dual-gate-v2	pgaa-cross-platform-matched-controls-v2
sunshine2023_calu3_crispri	Human Calu-3 epithelial CRISPRi	recorded_gem_group_holdout_4_vs_4	ACE2	ACE2	1	welch_abs_t	70	4999	0.06	0.0	0.06	0.3239860245758636	0.0043141300532121	pgaa-cross-platform-dual-gate-v2	pgaa-cross-platform-matched-controls-v2
sunshine2023_calu3_crispri	Human Calu-3 epithelial CRISPRi	recorded_gem_group_holdout_4_vs_4	ACE2	ACE2	2	pgaa_w	70	4999	0.33	0.19	0.14	0.8635027622091046	0.424462932922719	pgaa-cross-platform-dual-gate-v2	pgaa-cross-platform-matched-controls-v2
sunshine2023_calu3_crispri	Human Calu-3 epithelial CRISPRi	recorded_gem_group_holdout_4_vs_4	ACE2	ACE2	2	pgaa_h	70	4999	0.03	0.04	-0.01	0.0970260163157466	0.0101181383313681	pgaa-cross-platform-dual-gate-v2	pgaa-cross-platform-matched-controls-v2
sunshine2023_calu3_crispri	Human Calu-3 epithelial CRISPRi	recorded_gem_group_holdout_4_vs_4	ACE2	ACE2	2	absolute_mean_shift	70	4999	0.24	0.17	0.0699999999999999	0.5614449851929917	0.1567704861575806	pgaa-cross-platform-dual-gate-v2	pgaa-cross-platform-matched-controls-v2
sunshine2023_calu3_crispri	Human Calu-3 epithelial CRISPRi	recorded_gem_group_holdout_4_vs_4	ACE2	ACE2	2	welch_abs_t	70	4999	0.06	0.03	0.03	0.2107404989331777	0.009741432944452	pgaa-cross-platform-dual-gate-v2	pgaa-cross-platform-matched-controls-v2
sunshine2023_calu3_crispri	Human Calu-3 epithelial CRISPRi	recorded_gem_group_holdout_4_vs_4	ACE2	ACE2	3	pgaa_w	70	4999	0.39	0.12	0.27	0.9046964943528925	0.390139823883144	pgaa-cross-platform-dual-gate-v2	pgaa-cross-platform-matched-controls-v2
sunshine2023_calu3_crispri	Human Calu-3 epithelial CRISPRi	recorded_gem_group_holdout_4_vs_4	ACE2	ACE2	3	pgaa_h	70	4999	0.04	0.03	0.01	0.0684116286075382	-0.0198605660598628	pgaa-cross-platform-dual-gate-v2	pgaa-cross-platform-matched-controls-v2
sunshine2023_calu3_crispri	Human Calu-3 epithelial CRISPRi	recorded_gem_group_holdout_4_vs_4	ACE2	ACE2	3	absolute_mean_shift	70	4999	0.22	0.09	0.13	0.6318191764314883	0.1216690738868061	pgaa-cross-platform-dual-gate-v2	pgaa-cross-platform-matched-controls-v2
sunshine2023_calu3_crispri	Human Calu-3 epithelial CRISPRi	recorded_gem_group_holdout_4_vs_4	ACE2	ACE2	3	welch_abs_t	70	4999	0.07	0.02	0.05	0.26979504507239	0.0129595879319921	pgaa-cross-platform-dual-gate-v2	pgaa-cross-platform-matched-controls-v2
sunshine2023_calu3_crispri	Human Calu-3 epithelial CRISPRi	recorded_gem_group_holdout_4_vs_4	ACE2	ACE2	4	pgaa_w	70	4999	0.38	0.11	0.27	0.8695122552001399	0.4922873775235239	pgaa-cross-platform-dual-gate-v2	pgaa-cross-platform-matched-controls-v2
sunshine2023_calu3_crispri	Human Calu-3 epithelial CRISPRi	recorded_gem_group_holdout_4_vs_4	ACE2	ACE2	4	pgaa_h	70	4999	0.05	0.03	0.02	0.1274627376229787	0.0553382952831017	pgaa-cross-platform-dual-gate-v2	pgaa-cross-platform-matched-controls-v2
sunshine2023_calu3_crispri	Human Calu-3 epithelial CRISPRi	recorded_gem_group_holdout_4_vs_4	ACE2	ACE2	4	absolute_mean_shift	70	4999	0.33	0.09	0.24	0.6150031381841795	0.1814884722922976	pgaa-cross-platform-dual-gate-v2	pgaa-cross-platform-matched-controls-v2
sunshine2023_calu3_crispri	Human Calu-3 epithelial CRISPRi	recorded_gem_group_holdout_4_vs_4	ACE2	ACE2	4	welch_abs_t	70	4999	0.09	0.01	0.08	0.3527346030155067	0.0245697185061158	pgaa-cross-platform-dual-gate-v2	pgaa-cross-platform-matched-controls-v2
sunshine2023_calu3_crispri	Human Calu-3 epithelial CRISPRi	recorded_gem_group_holdout_4_vs_4	ADCK4	ADCK4	0	pgaa_w	70	5000	0.24	0.08	0.1599999999999999	0.71953400234936	0.4182954690518187	pgaa-cross-platform-dual-gate-v2	pgaa-cross-platform-matched-controls-v2
sunshine2023_calu3_crispri	Human Calu-3 epithelial CRISPRi	recorded_gem_group_holdout_4_vs_4	ADCK4	ADCK4	0	pgaa_h	70	5000	0.05	0.03	0.02	0.0694543568954138	0.0139591644281537	pgaa-cross-platform-dual-gate-v2	pgaa-cross-platform-matched-controls-v2
sunshine2023_calu3_crispri	Human Calu-3 epithelial CRISPRi	recorded_gem_group_holdout_4_vs_4	ADCK4	ADCK4	0	absolute_mean_shift	70	5000	0.19	0.04	0.15	0.3111585155183405	0.1208503623336161	pgaa-cross-platform-dual-gate-v2	pgaa-cross-platform-matched-controls-v2
sunshine2023_calu3_crispri	Human Calu-3 epithelial CRISPRi	recorded_gem_group_holdout_4_vs_4	ADCK4	ADCK4	0	welch_abs_t	70	5000	0.02	0.03	-0.0099999999999999	0.0500133245629336	-0.0116446474420653	pgaa-cross-platform-dual-gate-v2	pgaa-cross-platform-matched-controls-v2
sunshine2023_calu3_crispri	Human Calu-3 epithelial CRISPRi	recorded_gem_group_holdout_4_vs_4	ADCK4	ADCK4	1	pgaa_w	70	5000	0.2	0.12	0.08	0.665112351852494	0.3851738987029559	pgaa-cross-platform-dual-gate-v2	pgaa-cross-platform-matched-controls-v2
sunshine2023_calu3_crispri	Human Calu-3 epithelial CRISPRi	recorded_gem_group_holdout_4_vs_4	ADCK4	ADCK4	1	pgaa_h	70	5000	0.01	0.03	-0.0199999999999999	0.0271206245020126	0.0210883404892073	pgaa-cross-platform-dual-gate-v2	pgaa-cross-platform-matched-controls-v2
sunshine2023_calu3_crispri	Human Calu-3 epithelial CRISPRi	recorded_gem_group_holdout_4_vs_4	ADCK4	ADCK4	1	absolute_mean_shift	70	5000	0.22	0.08	0.14	0.2719742412505518	0.1237634121695068	pgaa-cross-platform-dual-gate-v2	pgaa-cross-platform-matched-controls-v2
sunshine2023_calu3_crispri	Human Calu-3 epithelial CRISPRi	recorded_gem_group_holdout_4_vs_4	ADCK4	ADCK4	1	welch_abs_t	70	5000	0.03	0.03	0.0	0.0463449118377964	0.0129372156854886	pgaa-cross-platform-dual-gate-v2	pgaa-cross-platform-matched-controls-v2
sunshine2023_calu3_crispri	Human Calu-3 epithelial CRISPRi	recorded_gem_group_holdout_4_vs_4	ADCK4	ADCK4	2	pgaa_w	70	5000	0.38	0.07	0.31	0.8106515218340609	0.5590695918667836	pgaa-cross-platform-dual-gate-v2	pgaa-cross-platform-matched-controls-v2
sunshine2023_calu3_crispri	Human Calu-3 epithelial CRISPRi	recorded_gem_group_holdout_4_vs_4	ADCK4	ADCK4	2	pgaa_h	70	5000	0.04	0.03	0.01	0.0933784601543274	0.010390777890428	pgaa-cross-platform-dual-gate-v2	pgaa-cross-platform-matched-controls-v2
sunshine2023_calu3_crispri	Human Calu-3 epithelial CRISPRi	recorded_gem_group_holdout_4_vs_4	ADCK4	ADCK4	2	absolute_mean_shift	70	5000	0.39	0.07	0.32	0.4202119340244772	0.1879907910121434	pgaa-cross-platform-dual-gate-v2	pgaa-cross-platform-matched-controls-v2
sunshine2023_calu3_crispri	Human Calu-3 epithelial CRISPRi	recorded_gem_group_holdout_4_vs_4	ADCK4	ADCK4	2	welch_abs_t	70	5000	0.08	0.02	0.06	0.1269636448255929	0.0073006739565526	pgaa-cross-platform-dual-gate-v2	pgaa-cross-platform-matched-controls-v2
sunshine2023_calu3_crispri	Human Calu-3 epithelial CRISPRi	recorded_gem_group_holdout_4_vs_4	ADCK4	ADCK4	3	pgaa_w	70	5000	0.31	0.1	0.21	0.6732872371714894	0.4213815370152614	pgaa-cross-platform-dual-gate-v2	pgaa-cross-platform-matched-controls-v2
sunshine2023_calu3_crispri	Human Calu-3 epithelial CRISPRi	recorded_gem_group_holdout_4_vs_4	ADCK4	ADCK4	3	pgaa_h	70	5000	0.01	0.06	-0.0499999999999999	0.0257773361044923	-0.0058083492725645	pgaa-cross-platform-dual-gate-v2	pgaa-cross-platform-matched-controls-v2
sunshine2023_calu3_crispri	Human Calu-3 epithelial CRISPRi	recorded_gem_group_holdout_4_vs_4	ADCK4	ADCK4	3	absolute_mean_shift	70	5000	0.19	0.09	0.1	0.2958850968896064	0.1298052566033256	pgaa-cross-platform-dual-gate-v2	pgaa-cross-platform-matched-controls-v2
sunshine2023_calu3_crispri	Human Calu-3 epithelial CRISPRi	recorded_gem_group_holdout_4_vs_4	ADCK4	ADCK4	3	welch_abs_t	70	5000	0.04	0.02	0.02	0.0610712203643145	0.0032229482249179	pgaa-cross-platform-dual-gate-v2	pgaa-cross-platform-matched-controls-v2
sunshine2023_calu3_crispri	Human Calu-3 epithelial CRISPRi	recorded_gem_group_holdout_4_vs_4	ADCK4	ADCK4	4	pgaa_w	70	5000	0.24	0.2	0.0399999999999999	0.7647693883827754	0.3888061426562457	pgaa-cross-platform-dual-gate-v2	pgaa-cross-platform-matched-controls-v2
sunshine2023_calu3_crispri	Human Calu-3 epithelial CRISPRi	recorded_gem_group_holdout_4_vs_4	ADCK4	ADCK4	4	pgaa_h	70	5000	0.03	0.02	0.0099999999999999	0.0568416384754413	0.0367599988411411	pgaa-cross-platform-dual-gate-v2	pgaa-cross-platform-matched-controls-v2
sunshine2023_calu3_crispri	Human Calu-3 epithelial CRISPRi	recorded_gem_group_holdout_4_vs_4	ADCK4	ADCK4	4	absolute_mean_shift	70	5000	0.23	0.18	0.05	0.3538228871618989	0.1188191970784711	pgaa-cross-platform-dual-gate-v2	pgaa-cross-platform-matched-controls-v2
sunshine2023_calu3_crispri	Human Calu-3 epithelial CRISPRi	recorded_gem_group_holdout_4_vs_4	ADCK4	ADCK4	4	welch_abs_t	70	5000	0.04	0.03	0.01	0.0418483714509392	-0.0025412529656501	pgaa-cross-platform-dual-gate-v2	pgaa-cross-platform-matched-controls-v2
sunshine2023_calu3_crispri	Human Calu-3 epithelial CRISPRi	recorded_gem_group_holdout_4_vs_4	ANPEP	ANPEP	0	pgaa_w	70	4999	0.29	0.16	0.1299999999999999	0.7553877946777833	0.4010488928998285	pgaa-cross-platform-dual-gate-v2	pgaa-cross-platform-matched-controls-v2
sunshine2023_calu3_crispri	Human Calu-3 epithelial CRISPRi	recorded_gem_group_holdout_4_vs_4	ANPEP	ANPEP	0	pgaa_h	70	4999	0.04	0.06	-0.0199999999999999	0.0195099860594324	0.0441334556438381	pgaa-cross-platform-dual-gate-v2	pgaa-cross-platform-matched-controls-v2
sunshine2023_calu3_crispri	Human Calu-3 epithelial CRISPRi	recorded_gem_group_holdout_4_vs_4	ANPEP	ANPEP	0	absolute_mean_shift	70	4999	0.3	0.09	0.21	0.3187803256689754	0.1551299540249111	pgaa-cross-platform-dual-gate-v2	pgaa-cross-platform-matched-controls-v2
sunshine2023_calu3_crispri	Human Calu-3 epithelial CRISPRi	recorded_gem_group_holdout_4_vs_4	ANPEP	ANPEP	0	welch_abs_t	70	4999	0.06	0.01	0.0499999999999999	0.0818062849564344	0.0201385327250357	pgaa-cross-platform-dual-gate-v2	pgaa-cross-platform-matched-controls-v2
sunshine2023_calu3_crispri	Human Calu-3 epithelial CRISPRi	recorded_gem_group_holdout_4_vs_4	ANPEP	ANPEP	1	pgaa_w	70	4999	0.27	0.12	0.15	0.779844731107086	0.4077736862138335	pgaa-cross-platform-dual-gate-v2	pgaa-cross-platform-matched-controls-v2
sunshine2023_calu3_crispri	Human Calu-3 epithelial CRISPRi	recorded_gem_group_holdout_4_vs_4	ANPEP	ANPEP	1	pgaa_h	70	4999	0.0	0.04	-0.04	0.0513320122951072	0.0241113383566447	pgaa-cross-platform-dual-gate-v2	pgaa-cross-platform-matched-controls-v2
sunshine2023_calu3_crispri	Human Calu-3 epithelial CRISPRi	recorded_gem_group_holdout_4_vs_4	ANPEP	ANPEP	1	absolute_mean_shift	70	4999	0.24	0.09	0.15	0.3463549925434391	0.1347436971220112	pgaa-cross-platform-dual-gate-v2	pgaa-cross-platform-matched-controls-v2
sunshine2023_calu3_crispri	Human Calu-3 epithelial CRISPRi	recorded_gem_group_holdout_4_vs_4	ANPEP	ANPEP	1	welch_abs_t	70	4999	0.06	0.01	0.0499999999999999	0.0911496384270851	-0.0017800121849527	pgaa-cross-platform-dual-gate-v2	pgaa-cross-platform-matched-controls-v2
sunshine2023_calu3_crispri	Human Calu-3 epithelial CRISPRi	recorded_gem_group_holdout_4_vs_4	ANPEP	ANPEP	2	pgaa_w	70	4999	0.17	0.19	-0.0199999999999999	0.7798832332132695	0.4824170803908682	pgaa-cross-platform-dual-gate-v2	pgaa-cross-platform-matched-controls-v2
sunshine2023_calu3_crispri	Human Calu-3 epithelial CRISPRi	recorded_gem_group_holdout_4_vs_4	ANPEP	ANPEP	2	pgaa_h	70	4999	0.01	0.01	0.0	0.0386036841557386	0.0175376506430028	pgaa-cross-platform-dual-gate-v2	pgaa-cross-platform-matched-controls-v2
sunshine2023_calu3_crispri	Human Calu-3 epithelial CRISPRi	recorded_gem_group_holdout_4_vs_4	ANPEP	ANPEP	2	absolute_mean_shift	70	4999	0.12	0.15	-0.03	0.3470289207901605	0.1734011288212024	pgaa-cross-platform-dual-gate-v2	pgaa-cross-platform-matched-controls-v2
sunshine2023_calu3_crispri	Human Calu-3 epithelial CRISPRi	recorded_gem_group_holdout_4_vs_4	ANPEP	ANPEP	2	welch_abs_t	70	4999	0.01	0.03	-0.0199999999999999	-0.0036888335170921	-0.00042369434271	pgaa-cross-platform-dual-gate-v2	pgaa-cross-platform-matched-controls-v2
sunshine2023_calu3_crispri	Human Calu-3 epithelial CRISPRi	recorded_gem_group_holdout_4_vs_4	ANPEP	ANPEP	3	pgaa_w	70	4999	0.32	0.24	0.08	0.7621017952450035	0.3857542040941202	pgaa-cross-platform-dual-gate-v2	pgaa-cross-platform-matched-controls-v2
sunshine2023_calu3_crispri	Human Calu-3 epithelial CRISPRi	recorded_gem_group_holdout_4_vs_4	ANPEP	ANPEP	3	pgaa_h	70	4999	0.05	0.0	0.05	0.0376594150973921	0.0035702675251518	pgaa-cross-platform-dual-gate-v2	pgaa-cross-platform-matched-controls-v2
sunshine2023_calu3_crispri	Human Calu-3 epithelial CRISPRi	recorded_gem_group_holdout_4_vs_4	ANPEP	ANPEP	3	absolute_mean_shift	70	4999	0.26	0.21	0.05	0.3348887895867235	0.1670184170007609	pgaa-cross-platform-dual-gate-v2	pgaa-cross-platform-matched-controls-v2
sunshine2023_calu3_crispri	Human Calu-3 epithelial CRISPRi	recorded_gem_group_holdout_4_vs_4	ANPEP	ANPEP	3	welch_abs_t	70	4999	0.06	0.03	0.03	0.106381391767102	0.0150559002083756	pgaa-cross-platform-dual-gate-v2	pgaa-cross-platform-matched-controls-v2
sunshine2023_calu3_crispri	Human Calu-3 epithelial CRISPRi	recorded_gem_group_holdout_4_vs_4	ANPEP	ANPEP	4	pgaa_w	70	4999	0.3	0.11	0.19	0.7808901230906448	0.4154952635665189	pgaa-cross-platform-dual-gate-v2	pgaa-cross-platform-matched-controls-v2
sunshine2023_calu3_crispri	Human Calu-3 epithelial CRISPRi	recorded_gem_group_holdout_4_vs_4	ANPEP	ANPEP	4	pgaa_h	70	4999	0.04	0.02	0.02	0.1106446400914665	0.0193360619935966	pgaa-cross-platform-dual-gate-v2	pgaa-cross-platform-matched-controls-v2
sunshine2023_calu3_crispri	Human Calu-3 epithelial CRISPRi	recorded_gem_group_holdout_4_vs_4	ANPEP	ANPEP	4	absolute_mean_shift	70	4999	0.24	0.09	0.15	0.3620826548109642	0.1433307914061401	pgaa-cross-platform-dual-gate-v2	pgaa-cross-platform-matched-controls-v2
sunshine2023_calu3_crispri	Human Calu-3 epithelial CRISPRi	recorded_gem_group_holdout_4_vs_4	ANPEP	ANPEP	4	welch_abs_t	70	4999	0.03	0.03	0.0	0.1022501258019251	0.0152504520591993	pgaa-cross-platform-dual-gate-v2	pgaa-cross-platform-matched-controls-v2
sunshine2023_calu3_crispri	Human Calu-3 epithelial CRISPRi	recorded_gem_group_holdout_4_vs_4	ARFRP1	ARFRP1	0	pgaa_w	70	4999	0.3	0.16	0.1399999999999999	0.8034159987339606	0.4312713907967668	pgaa-cross-platform-dual-gate-v2	pgaa-cross-platform-matched-controls-v2
sunshine2023_calu3_crispri	Human Calu-3 epithelial CRISPRi	recorded_gem_group_holdout_4_vs_4	ARFRP1	ARFRP1	0	pgaa_h	70	4999	0.04	0.07	-0.03	0.0987054364767092	0.0099441846452746	pgaa-cross-platform-dual-gate-v2	pgaa-cross-platform-matched-controls-v2
sunshine2023_calu3_crispri	Human Calu-3 epithelial CRISPRi	recorded_gem_group_holdout_4_vs_4	ARFRP1	ARFRP1	0	absolute_mean_shift	70	4999	0.23	0.15	0.08	0.4485573493305411	0.1270885129818584	pgaa-cross-platform-dual-gate-v2	pgaa-cross-platform-matched-controls-v2
sunshine2023_calu3_crispri	Human Calu-3 epithelial CRISPRi	recorded_gem_group_holdout_4_vs_4	ARFRP1	ARFRP1	0	welch_abs_t	70	4999	0.06	0.02	0.0399999999999999	0.1464367215890446	0.0029519221491357	pgaa-cross-platform-dual-gate-v2	pgaa-cross-platform-matched-controls-v2
sunshine2023_calu3_crispri	Human Calu-3 epithelial CRISPRi	recorded_gem_group_holdout_4_vs_4	ARFRP1	ARFRP1	1	pgaa_w	70	4999	0.36	0.1	0.26	0.8414689936306591	0.4099070812481825	pgaa-cross-platform-dual-gate-v2	pgaa-cross-platform-matched-controls-v2
sunshine2023_calu3_crispri	Human Calu-3 epithelial CRISPRi	recorded_gem_group_holdout_4_vs_4	ARFRP1	ARFRP1	1	pgaa_h	70	4999	0.0	0.01	-0.01	0.0657294763572552	0.0149625157689454	pgaa-cross-platform-dual-gate-v2	pgaa-cross-platform-matched-controls-v2
sunshine2023_calu3_crispri	Human Calu-3 epithelial CRISPRi	recorded_gem_group_holdout_4_vs_4	ARFRP1	ARFRP1	1	absolute_mean_shift	70	4999	0.23	0.08	0.15	0.467481828658649	0.1205639705728001	pgaa-cross-platform-dual-gate-v2	pgaa-cross-platform-matched-controls-v2
sunshine2023_calu3_crispri	Human Calu-3 epithelial CRISPRi	recorded_gem_group_holdout_4_vs_4	ARFRP1	ARFRP1	1	welch_abs_t	70	4999	0.04	0.01	0.03	0.1165183226321135	-0.015134796851327	pgaa-cross-platform-dual-gate-v2	pgaa-cross-platform-matched-controls-v2
sunshine2023_calu3_crispri	Human Calu-3 epithelial CRISPRi	recorded_gem_group_holdout_4_vs_4	ARFRP1	ARFRP1	2	pgaa_w	70	4999	0.27	0.19	0.08	0.8104824517364458	0.3786342261489513	pgaa-cross-platform-dual-gate-v2	pgaa-cross-platform-matched-controls-v2
sunshine2023_calu3_crispri	Human Calu-3 epithelial CRISPRi	recorded_gem_group_holdout_4_vs_4	ARFRP1	ARFRP1	2	pgaa_h	70	4999	0.06	0.02	0.0399999999999999	0.0979437305406056	0.0250369511036054	pgaa-cross-platform-dual-gate-v2	pgaa-cross-platform-matched-controls-v2
sunshine2023_calu3_crispri	Human Calu-3 epithelial CRISPRi	recorded_gem_group_holdout_4_vs_4	ARFRP1	ARFRP1	2	absolute_mean_shift	70	4999	0.23	0.12	0.11	0.4226055300477288	0.1073053827649543	pgaa-cross-platform-dual-gate-v2	pgaa-cross-platform-matched-controls-v2
sunshine2023_calu3_crispri	Human Calu-3 epithelial CRISPRi	recorded_gem_group_holdout_4_vs_4	ARFRP1	ARFRP1	2	welch_abs_t	70	4999	0.02	0.01	0.01	0.0894967052954408	0.0056906228787505	pgaa-cross-platform-dual-gate-v2	pgaa-cross-platform-matched-controls-v2
sunshine2023_calu3_crispri	Human Calu-3 epithelial CRISPRi	recorded_gem_group_holdout_4_vs_4	ARFRP1	ARFRP1	3	pgaa_w	70	4999	0.26	0.14	0.12	0.7576097619523906	0.5020834844519926	pgaa-cross-platform-dual-gate-v2	pgaa-cross-platform-matched-controls-v2
sunshine2023_calu3_crispri	Human Calu-3 epithelial CRISPRi	recorded_gem_group_holdout_4_vs_4	ARFRP1	ARFRP1	3	pgaa_h	70	4999	0.03	0.02	0.0099999999999999	0.0926849940105558	0.0292482171093745	pgaa-cross-platform-dual-gate-v2	pgaa-cross-platform-matched-controls-v2
sunshine2023_calu3_crispri	Human Calu-3 epithelial CRISPRi	recorded_gem_group_holdout_4_vs_4	ARFRP1	ARFRP1	3	absolute_mean_shift	70	4999	0.22	0.12	0.1	0.3553498037593281	0.161925068138764	pgaa-cross-platform-dual-gate-v2	pgaa-cross-platform-matched-controls-v2
sunshine2023_calu3_crispri	Human Calu-3 epithelial CRISPRi	recorded_gem_group_holdout_4_vs_4	ARFRP1	ARFRP1	3	welch_abs_t	70	4999	0.03	0.04	-0.01	0.0689769011665478	0.0097165988786989	pgaa-cross-platform-dual-gate-v2	pgaa-cross-platform-matched-controls-v2
sunshine2023_calu3_crispri	Human Calu-3 epithelial CRISPRi	recorded_gem_group_holdout_4_vs_4	ARFRP1	ARFRP1	4	pgaa_w	70	4999	0.24	0.16	0.0799999999999999	0.8462639436890981	0.4476722849011579	pgaa-cross-platform-dual-gate-v2	pgaa-cross-platform-matched-controls-v2
sunshine2023_calu3_crispri	Human Calu-3 epithelial CRISPRi	recorded_gem_group_holdout_4_vs_4	ARFRP1	ARFRP1	4	pgaa_h	70	4999	0.05	0.02	0.03	0.080057297946447	0.0249234288573378	pgaa-cross-platform-dual-gate-v2	pgaa-cross-platform-matched-controls-v2
sunshine2023_calu3_crispri	Human Calu-3 epithelial CRISPRi	recorded_gem_group_holdout_4_vs_4	ARFRP1	ARFRP1	4	absolute_mean_shift	70	4999	0.17	0.14	0.03	0.517931275631307	0.1526131774290659	pgaa-cross-platform-dual-gate-v2	pgaa-cross-platform-matched-controls-v2
sunshine2023_calu3_crispri	Human Calu-3 epithelial CRISPRi	recorded_gem_group_holdout_4_vs_4	ARFRP1	ARFRP1	4	welch_abs_t	70	4999	0.05	0.02	0.03	0.1612677389739652	0.0172426159189697	pgaa-cross-platform-dual-gate-v2	pgaa-cross-platform-matched-controls-v2
sunshine2023_calu3_crispri	Human Calu-3 epithelial CRISPRi	recorded_gem_group_holdout_4_vs_4	ATF4	ATF4	0	pgaa_w	70	4999	0.21	0.17	0.0399999999999999	0.6279851193287879	0.4612924167546595	pgaa-cross-platform-dual-gate-v2	pgaa-cross-platform-matched-controls-v2
sunshine2023_calu3_crispri	Human Calu-3 epithelial CRISPRi	recorded_gem_group_holdout_4_vs_4	ATF4	ATF4	0	pgaa_h	70	4999	0.0	0.02	-0.02	0.0313461200591655	0.0227436575518521	pgaa-cross-platform-dual-gate-v2	pgaa-cross-platform-matched-controls-v2
sunshine2023_calu3_crispri	Human Calu-3 epithelial CRISPRi	recorded_gem_group_holdout_4_vs_4	ATF4	ATF4	0	absolute_mean_shift	70	4999	0.19	0.12	0.07	0.2258490009220535	0.1495120214510855	pgaa-cross-platform-dual-gate-v2	pgaa-cross-platform-matched-controls-v2
sunshine2023_calu3_crispri	Human Calu-3 epithelial CRISPRi	recorded_gem_group_holdout_4_vs_4	ATF4	ATF4	0	welch_abs_t	70	4999	0.01	0.0	0.01	-0.0104314117570419	0.015865651593704	pgaa-cross-platform-dual-gate-v2	pgaa-cross-platform-matched-controls-v2
sunshine2023_calu3_crispri	Human Calu-3 epithelial CRISPRi	recorded_gem_group_holdout_4_vs_4	ATF4	ATF4	1	pgaa_w	70	4999	0.21	0.08	0.13	0.6149150553279925	0.400170866442196	pgaa-cross-platform-dual-gate-v2	pgaa-cross-platform-matched-controls-v2
sunshine2023_calu3_crispri	Human Calu-3 epithelial CRISPRi	recorded_gem_group_holdout_4_vs_4	ATF4	ATF4	1	pgaa_h	70	4999	0.02	0.04	-0.02	0.0315767574720471	0.0520683856319048	pgaa-cross-platform-dual-gate-v2	pgaa-cross-platform-matched-controls-v2
sunshine2023_calu3_crispri	Human Calu-3 epithelial CRISPRi	recorded_gem_group_holdout_4_vs_4	ATF4	ATF4	1	absolute_mean_shift	70	4999	0.23	0.07	0.16	0.2272860622599258	0.1210639804849836	pgaa-cross-platform-dual-gate-v2	pgaa-cross-platform-matched-controls-v2
sunshine2023_calu3_crispri	Human Calu-3 epithelial CRISPRi	recorded_gem_group_holdout_4_vs_4	ATF4	ATF4	1	welch_abs_t	70	4999	0.03	0.0	0.03	0.0119002166819918	-0.0032652984379172	pgaa-cross-platform-dual-gate-v2	pgaa-cross-platform-matched-controls-v2
sunshine2023_calu3_crispri	Human Calu-3 epithelial CRISPRi	recorded_gem_group_holdout_4_vs_4	ATF4	ATF4	2	pgaa_w	70	4999	0.27	0.09	0.18	0.7918769222271826	0.4117339315161952	pgaa-cross-platform-dual-gate-v2	pgaa-cross-platform-matched-controls-v2
sunshine2023_calu3_crispri	Human Calu-3 epithelial CRISPRi	recorded_gem_group_holdout_4_vs_4	ATF4	ATF4	2	pgaa_h	70	4999	0.05	0.07	-0.02	0.0575131407714881	0.0398375369991885	pgaa-cross-platform-dual-gate-v2	pgaa-cross-platform-matched-controls-v2
sunshine2023_calu3_crispri	Human Calu-3 epithelial CRISPRi	recorded_gem_group_holdout_4_vs_4	ATF4	ATF4	2	absolute_mean_shift	70	4999	0.3	0.07	0.2299999999999999	0.3748157219439086	0.1348638956154943	pgaa-cross-platform-dual-gate-v2	pgaa-cross-platform-matched-controls-v2
sunshine2023_calu3_crispri	Human Calu-3 epithelial CRISPRi	recorded_gem_group_holdout_4_vs_4	ATF4	ATF4	2	welch_abs_t	70	4999	0.05	0.01	0.04	0.1136176844972836	-0.0122967550538821	pgaa-cross-platform-dual-gate-v2	pgaa-cross-platform-matched-controls-v2
sunshine2023_calu3_crispri	Human Calu-3 epithelial CRISPRi	recorded_gem_group_holdout_4_vs_4	ATF4	ATF4	3	pgaa_w	70	4999	0.18	0.32	-0.14	0.7171833580161412	0.4729904369349261	pgaa-cross-platform-dual-gate-v2	pgaa-cross-platform-matched-controls-v2
sunshine2023_calu3_crispri	Human Calu-3 epithelial CRISPRi	recorded_gem_group_holdout_4_vs_4	ATF4	ATF4	3	pgaa_h	70	4999	0.06	0.04	0.0199999999999999	0.0604570814075434	0.0253901800109949	pgaa-cross-platform-dual-gate-v2	pgaa-cross-platform-matched-controls-v2
sunshine2023_calu3_crispri	Human Calu-3 epithelial CRISPRi	recorded_gem_group_holdout_4_vs_4	ATF4	ATF4	3	absolute_mean_shift	70	4999	0.13	0.29	-0.1599999999999999	0.2742283751960105	0.1665298117526634	pgaa-cross-platform-dual-gate-v2	pgaa-cross-platform-matched-controls-v2
sunshine2023_calu3_crispri	Human Calu-3 epithelial CRISPRi	recorded_gem_group_holdout_4_vs_4	ATF4	ATF4	3	welch_abs_t	70	4999	0.04	0.03	0.01	0.0277994024735319	0.0171267996696578	pgaa-cross-platform-dual-gate-v2	pgaa-cross-platform-matched-controls-v2
sunshine2023_calu3_crispri	Human Calu-3 epithelial CRISPRi	recorded_gem_group_holdout_4_vs_4	ATF4	ATF4	4	pgaa_w	70	4999	0.27	0.1	0.17	0.7149803820067736	0.407953838834994	pgaa-cross-platform-dual-gate-v2	pgaa-cross-platform-matched-controls-v2
sunshine2023_calu3_crispri	Human Calu-3 epithelial CRISPRi	recorded_gem_group_holdout_4_vs_4	ATF4	ATF4	4	pgaa_h	70	4999	0.03	0.03	0.0	0.0352904185998802	0.0309324359830303	pgaa-cross-platform-dual-gate-v2	pgaa-cross-platform-matched-controls-v2
sunshine2023_calu3_crispri	Human Calu-3 epithelial CRISPRi	recorded_gem_group_holdout_4_vs_4	ATF4	ATF4	4	absolute_mean_shift	70	4999	0.22	0.11	0.11	0.2840447585383594	0.1259515343225164	pgaa-cross-platform-dual-gate-v2	pgaa-cross-platform-matched-controls-v2
sunshine2023_calu3_crispri	Human Calu-3 epithelial CRISPRi	recorded_gem_group_holdout_4_vs_4	ATF4	ATF4	4	welch_abs_t	70	4999	0.03	0.04	-0.01	0.0286424000773418	-0.0030471040186428	pgaa-cross-platform-dual-gate-v2	pgaa-cross-platform-matched-controls-v2
sunshine2023_calu3_crispri	Human Calu-3 epithelial CRISPRi	recorded_gem_group_holdout_4_vs_4	ATF6	ATF6	0	pgaa_w	70	4999	0.23	0.14	0.09	0.7045358425826823	0.5428975055035017	pgaa-cross-platform-dual-gate-v2	pgaa-cross-platform-matched-controls-v2
sunshine2023_calu3_crispri	Human Calu-3 epithelial CRISPRi	recorded_gem_group_holdout_4_vs_4	ATF6	ATF6	0	pgaa_h	70	4999	0.01	0.03	-0.0199999999999999	0.0181102911224293	0.0278454882145137	pgaa-cross-platform-dual-gate-v2	pgaa-cross-platform-matched-controls-v2
sunshine2023_calu3_crispri	Human Calu-3 epithelial CRISPRi	recorded_gem_group_holdout_4_vs_4	ATF6	ATF6	0	absolute_mean_shift	70	4999	0.25	0.11	0.14	0.2639945228548228	0.1780486087656438	pgaa-cross-platform-dual-gate-v2	pgaa-cross-platform-matched-controls-v2
sunshine2023_calu3_crispri	Human Calu-3 epithelial CRISPRi	recorded_gem_group_holdout_4_vs_4	ATF6	ATF6	0	welch_abs_t	70	4999	0.05	0.04	0.01	0.0387395497845662	-0.0042977529959773	pgaa-cross-platform-dual-gate-v2	pgaa-cross-platform-matched-controls-v2
sunshine2023_calu3_crispri	Human Calu-3 epithelial CRISPRi	recorded_gem_group_holdout_4_vs_4	ATF6	ATF6	1	pgaa_w	70	4999	0.26	0.13	0.13	0.6540620732069584	0.4278530730395779	pgaa-cross-platform-dual-gate-v2	pgaa-cross-platform-matched-controls-v2
sunshine2023_calu3_crispri	Human Calu-3 epithelial CRISPRi	recorded_gem_group_holdout_4_vs_4	ATF6	ATF6	1	pgaa_h	70	4999	0.02	0.05	-0.03	0.0590812212154534	0.0125122041369898	pgaa-cross-platform-dual-gate-v2	pgaa-cross-platform-matched-controls-v2
sunshine2023_calu3_crispri	Human Calu-3 epithelial CRISPRi	recorded_gem_group_holdout_4_vs_4	ATF6	ATF6	1	absolute_mean_shift	70	4999	0.21	0.14	0.0699999999999999	0.2366194207926007	0.154099908869027	pgaa-cross-platform-dual-gate-v2	pgaa-cross-platform-matched-controls-v2
sunshine2023_calu3_crispri	Human Calu-3 epithelial CRISPRi	recorded_gem_group_holdout_4_vs_4	ATF6	ATF6	1	welch_abs_t	70	4999	0.05	0.04	0.01	0.0253061984791989	-0.0103207425165936	pgaa-cross-platform-dual-gate-v2	pgaa-cross-platform-matched-controls-v2
sunshine2023_calu3_crispri	Human Calu-3 epithelial CRISPRi	recorded_gem_group_holdout_4_vs_4	ATF6	ATF6	2	pgaa_w	70	4999	0.34	0.1	0.24	0.7077986751251812	0.3881253870942256	pgaa-cross-platform-dual-gate-v2	pgaa-cross-platform-matched-controls-v2
sunshine2023_calu3_crispri	Human Calu-3 epithelial CRISPRi	recorded_gem_group_holdout_4_vs_4	ATF6	ATF6	2	pgaa_h	70	4999	0.01	0.02	-0.01	0.0604195623066636	0.0233116114904159	pgaa-cross-platform-dual-gate-v2	pgaa-cross-platform-matched-controls-v2
sunshine2023_calu3_crispri	Human Calu-3 epithelial CRISPRi	recorded_gem_group_holdout_4_vs_4	ATF6	ATF6	2	absolute_mean_shift	70	4999	0.39	0.08	0.31	0.2767910830584063	0.1134014344312656	pgaa-cross-platform-dual-gate-v2	pgaa-cross-platform-matched-controls-v2
sunshine2023_calu3_crispri	Human Calu-3 epithelial CRISPRi	recorded_gem_group_holdout_4_vs_4	ATF6	ATF6	2	welch_abs_t	70	4999	0.19	0.01	0.18	0.1100727420394043	-0.0230538448631636	pgaa-cross-platform-dual-gate-v2	pgaa-cross-platform-matched-controls-v2
sunshine2023_calu3_crispri	Human Calu-3 epithelial CRISPRi	recorded_gem_group_holdout_4_vs_4	ATF6	ATF6	3	pgaa_w	70	4999	0.36	0.15	0.21	0.6104779460573989	0.4134436875370272	pgaa-cross-platform-dual-gate-v2	pgaa-cross-platform-matched-controls-v2
sunshine2023_calu3_crispri	Human Calu-3 epithelial CRISPRi	recorded_gem_group_holdout_4_vs_4	ATF6	ATF6	3	pgaa_h	70	4999	0.02	0.03	-0.0099999999999999	0.0602991345219437	0.0100772765855712	pgaa-cross-platform-dual-gate-v2	pgaa-cross-platform-matched-controls-v2
sunshine2023_calu3_crispri	Human Calu-3 epithelial CRISPRi	recorded_gem_group_holdout_4_vs_4	ATF6	ATF6	3	absolute_mean_shift	70	4999	0.41	0.15	0.26	0.2109345057537542	0.1405344388032725	pgaa-cross-platform-dual-gate-v2	pgaa-cross-platform-matched-controls-v2
sunshine2023_calu3_crispri	Human Calu-3 epithelial CRISPRi	recorded_gem_group_holdout_4_vs_4	ATF6	ATF6	3	welch_abs_t	70	4999	0.13	0.02	0.11	0.0714919056800555	-0.0018960638226084	pgaa-cross-platform-dual-gate-v2	pgaa-cross-platform-matched-controls-v2
sunshine2023_calu3_crispri	Human Calu-3 epithelial CRISPRi	recorded_gem_group_holdout_4_vs_4	ATF6	ATF6	4	pgaa_w	70	4999	0.33	0.13	0.2	0.6228993947649074	0.4360842899912516	pgaa-cross-platform-dual-gate-v2	pgaa-cross-platform-matched-controls-v2
sunshine2023_calu3_crispri	Human Calu-3 epithelial CRISPRi	recorded_gem_group_holdout_4_vs_4	ATF6	ATF6	4	pgaa_h	70	4999	0.04	0.01	0.03	0.0255660212546671	0.045522378776143	pgaa-cross-platform-dual-gate-v2	pgaa-cross-platform-matched-controls-v2
sunshine2023_calu3_crispri	Human Calu-3 epithelial CRISPRi	recorded_gem_group_holdout_4_vs_4	ATF6	ATF6	4	absolute_mean_shift	70	4999	0.33	0.12	0.21	0.2103040268608416	0.1461584166193295	pgaa-cross-platform-dual-gate-v2	pgaa-cross-platform-matched-controls-v2
sunshine2023_calu3_crispri	Human Calu-3 epithelial CRISPRi	recorded_gem_group_holdout_4_vs_4	ATF6	ATF6	4	welch_abs_t	70	4999	0.02	0.05	-0.03	0.054804325955227	0.0042912472531551	pgaa-cross-platform-dual-gate-v2	pgaa-cross-platform-matched-controls-v2
sunshine2023_calu3_crispri	Human Calu-3 epithelial CRISPRi	recorded_gem_group_holdout_4_vs_4	ATG14	ATG14	0	pgaa_w	70	4999	0.3	0.15	0.15	0.8814622444296784	0.3855535749646929	pgaa-cross-platform-dual-gate-v2	pgaa-cross-platform-matched-controls-v2
sunshine2023_calu3_crispri	Human Calu-3 epithelial CRISPRi	recorded_gem_group_holdout_4_vs_4	ATG14	ATG14	0	pgaa_h	70	4999	0.04	0.04	0.0	0.09903809184079	0.0257746885309248	pgaa-cross-platform-dual-gate-v2	pgaa-cross-platform-matched-controls-v2
sunshine2023_calu3_crispri	Human Calu-3 epithelial CRISPRi	recorded_gem_group_holdout_4_vs_4	ATG14	ATG14	0	absolute_mean_shift	70	4999	0.18	0.12	0.06	0.5885013153552319	0.1741160879036339	pgaa-cross-platform-dual-gate-v2	pgaa-cross-platform-matched-controls-v2
sunshine2023_calu3_crispri	Human Calu-3 epithelial CRISPRi	recorded_gem_group_holdout_4_vs_4	ATG14	ATG14	0	welch_abs_t	70	4999	0.02	0.02	0.0	0.2380499206798406	0.0280775469386332	pgaa-cross-platform-dual-gate-v2	pgaa-cross-platform-matched-controls-v2
sunshine2023_calu3_crispri	Human Calu-3 epithelial CRISPRi	recorded_gem_group_holdout_4_vs_4	ATG14	ATG14	1	pgaa_w	70	4999	0.29	0.1	0.1899999999999999	0.8686224171124742	0.4012304986807686	pgaa-cross-platform-dual-gate-v2	pgaa-cross-platform-matched-controls-v2
sunshine2023_calu3_crispri	Human Calu-3 epithelial CRISPRi	recorded_gem_group_holdout_4_vs_4	ATG14	ATG14	1	pgaa_h	70	4999	0.02	0.02	0.0	0.1046417506897866	-0.0018829889693314	pgaa-cross-platform-dual-gate-v2	pgaa-cross-platform-matched-controls-v2
sunshine2023_calu3_crispri	Human Calu-3 epithelial CRISPRi	recorded_gem_group_holdout_4_vs_4	ATG14	ATG14	1	absolute_mean_shift	70	4999	0.26	0.11	0.15	0.5701776250224878	0.1351441135798622	pgaa-cross-platform-dual-gate-v2	pgaa-cross-platform-matched-controls-v2
sunshine2023_calu3_crispri	Human Calu-3 epithelial CRISPRi	recorded_gem_group_holdout_4_vs_4	ATG14	ATG14	1	welch_abs_t	70	4999	0.05	0.03	0.02	0.2235572796245577	0.0092480687734185	pgaa-cross-platform-dual-gate-v2	pgaa-cross-platform-matched-controls-v2
sunshine2023_calu3_crispri	Human Calu-3 epithelial CRISPRi	recorded_gem_group_holdout_4_vs_4	ATG14	ATG14	2	pgaa_w	70	4999	0.25	0.17	0.0799999999999999	0.8448955287335981	0.4246232310087468	pgaa-cross-platform-dual-gate-v2	pgaa-cross-platform-matched-controls-v2
sunshine2023_calu3_crispri	Human Calu-3 epithelial CRISPRi	recorded_gem_group_holdout_4_vs_4	ATG14	ATG14	2	pgaa_h	70	4999	0.04	0.0	0.04	0.0978050190708467	0.0080428206479566	pgaa-cross-platform-dual-gate-v2	pgaa-cross-platform-matched-controls-v2
sunshine2023_calu3_crispri	Human Calu-3 epithelial CRISPRi	recorded_gem_group_holdout_4_vs_4	ATG14	ATG14	2	absolute_mean_shift	70	4999	0.25	0.12	0.13	0.5260623509095578	0.1360102395574438	pgaa-cross-platform-dual-gate-v2	pgaa-cross-platform-matched-controls-v2
sunshine2023_calu3_crispri	Human Calu-3 epithelial CRISPRi	recorded_gem_group_holdout_4_vs_4	ATG14	ATG14	2	welch_abs_t	70	4999	0.04	0.01	0.03	0.2040760916266842	-0.0062280697677645	pgaa-cross-platform-dual-gate-v2	pgaa-cross-platform-matched-controls-v2
sunshine2023_calu3_crispri	Human Calu-3 epithelial CRISPRi	recorded_gem_group_holdout_4_vs_4	ATG14	ATG14	3	pgaa_w	70	4999	0.35	0.1	0.2499999999999999	0.8451991502742326	0.4391760158514296	pgaa-cross-platform-dual-gate-v2	pgaa-cross-platform-matched-controls-v2
sunshine2023_calu3_crispri	Human Calu-3 epithelial CRISPRi	recorded_gem_group_holdout_4_vs_4	ATG14	ATG14	3	pgaa_h	70	4999	0.02	0.04	-0.02	0.0680498102485918	-0.0024087558273024	pgaa-cross-platform-dual-gate-v2	pgaa-cross-platform-matched-controls-v2
sunshine2023_calu3_crispri	Human Calu-3 epithelial CRISPRi	recorded_gem_group_holdout_4_vs_4	ATG14	ATG14	3	absolute_mean_shift	70	4999	0.24	0.08	0.1599999999999999	0.4883635636248105	0.1546624410596405	pgaa-cross-platform-dual-gate-v2	pgaa-cross-platform-matched-controls-v2
sunshine2023_calu3_crispri	Human Calu-3 epithelial CRISPRi	recorded_gem_group_holdout_4_vs_4	ATG14	ATG14	3	welch_abs_t	70	4999	0.05	0.02	0.03	0.1637275754830132	-0.0013731425276981	pgaa-cross-platform-dual-gate-v2	pgaa-cross-platform-matched-controls-v2
sunshine2023_calu3_crispri	Human Calu-3 epithelial CRISPRi	recorded_gem_group_holdout_4_vs_4	ATG14	ATG14	4	pgaa_w	70	4999	0.29	0.11	0.18	0.860277813930133	0.3974892961785635	pgaa-cross-platform-dual-gate-v2	pgaa-cross-platform-matched-controls-v2
sunshine2023_calu3_crispri	Human Calu-3 epithelial CRISPRi	recorded_gem_group_holdout_4_vs_4	ATG14	ATG14	4	pgaa_h	70	4999	0.05	0.03	0.02	0.0936000478959672	0.0186940891369702	pgaa-cross-platform-dual-gate-v2	pgaa-cross-platform-matched-controls-v2
sunshine2023_calu3_crispri	Human Calu-3 epithelial CRISPRi	recorded_gem_group_holdout_4_vs_4	ATG14	ATG14	4	absolute_mean_shift	70	4999	0.22	0.09	0.13	0.5503303158723061	0.137657799705807	pgaa-cross-platform-dual-gate-v2	pgaa-cross-platform-matched-controls-v2
sunshine2023_calu3_crispri	Human Calu-3 epithelial CRISPRi	recorded_gem_group_holdout_4_vs_4	ATG14	ATG14	4	welch_abs_t	70	4999	0.06	0.01	0.0499999999999999	0.1983776915382297	0.0010032853149743	pgaa-cross-platform-dual-gate-v2	pgaa-cross-platform-matched-controls-v2
sunshine2023_calu3_crispri	Human Calu-3 epithelial CRISPRi	recorded_gem_group_holdout_4_vs_4	B3GALT6	B3GALT6	0	pgaa_w	70	4999	0.3	0.14	0.1599999999999999	0.7203518228735785	0.4211996464118754	pgaa-cross-platform-dual-gate-v2	pgaa-cross-platform-matched-controls-v2
sunshine2023_calu3_crispri	Human Calu-3 epithelial CRISPRi	recorded_gem_group_holdout_4_vs_4	B3GALT6	B3GALT6	0	pgaa_h	70	4999	0.02	0.01	0.01	0.0144526804041635	0.0625634736576122	pgaa-cross-platform-dual-gate-v2	pgaa-cross-platform-matched-controls-v2
sunshine2023_calu3_crispri	Human Calu-3 epithelial CRISPRi	recorded_gem_group_holdout_4_vs_4	B3GALT6	B3GALT6	0	absolute_mean_shift	70	4999	0.31	0.12	0.19	0.3469774997579823	0.123796668775474	pgaa-cross-platform-dual-gate-v2	pgaa-cross-platform-matched-controls-v2
sunshine2023_calu3_crispri	Human Calu-3 epithelial CRISPRi	recorded_gem_group_holdout_4_vs_4	B3GALT6	B3GALT6	0	welch_abs_t	70	4999	0.09	0.01	0.08	0.159358911882241	-0.0175715723216672	pgaa-cross-platform-dual-gate-v2	pgaa-cross-platform-matched-controls-v2
sunshine2023_calu3_crispri	Human Calu-3 epithelial CRISPRi	recorded_gem_group_holdout_4_vs_4	B3GALT6	B3GALT6	1	pgaa_w	70	4999	0.38	0.16	0.22	0.7274534743683432	0.4027926584116344	pgaa-cross-platform-dual-gate-v2	pgaa-cross-platform-matched-controls-v2
sunshine2023_calu3_crispri	Human Calu-3 epithelial CRISPRi	recorded_gem_group_holdout_4_vs_4	B3GALT6	B3GALT6	1	pgaa_h	70	4999	0.01	0.07	-0.06	0.0443503432066353	0.0321874097720749	pgaa-cross-platform-dual-gate-v2	pgaa-cross-platform-matched-controls-v2
sunshine2023_calu3_crispri	Human Calu-3 epithelial CRISPRi	recorded_gem_group_holdout_4_vs_4	B3GALT6	B3GALT6	1	absolute_mean_shift	70	4999	0.35	0.12	0.2299999999999999	0.3388989437743492	0.1266835880203676	pgaa-cross-platform-dual-gate-v2	pgaa-cross-platform-matched-controls-v2
sunshine2023_calu3_crispri	Human Calu-3 epithelial CRISPRi	recorded_gem_group_holdout_4_vs_4	B3GALT6	B3GALT6	1	welch_abs_t	70	4999	0.08	0.04	0.04	0.1133458474648111	0.0023685473709387	pgaa-cross-platform-dual-gate-v2	pgaa-cross-platform-matched-controls-v2
sunshine2023_calu3_crispri	Human Calu-3 epithelial CRISPRi	recorded_gem_group_holdout_4_vs_4	B3GALT6	B3GALT6	2	pgaa_w	70	4999	0.33	0.16	0.17	0.7975185210391419	0.4106201775289032	pgaa-cross-platform-dual-gate-v2	pgaa-cross-platform-matched-controls-v2
sunshine2023_calu3_crispri	Human Calu-3 epithelial CRISPRi	recorded_gem_group_holdout_4_vs_4	B3GALT6	B3GALT6	2	pgaa_h	70	4999	0.01	0.01	0.0	0.0728311658560993	0.0434445312790157	pgaa-cross-platform-dual-gate-v2	pgaa-cross-platform-matched-controls-v2
sunshine2023_calu3_crispri	Human Calu-3 epithelial CRISPRi	recorded_gem_group_holdout_4_vs_4	B3GALT6	B3GALT6	2	absolute_mean_shift	70	4999	0.35	0.11	0.24	0.4163816166174206	0.1537250520526062	pgaa-cross-platform-dual-gate-v2	pgaa-cross-platform-matched-controls-v2
sunshine2023_calu3_crispri	Human Calu-3 epithelial CRISPRi	recorded_gem_group_holdout_4_vs_4	B3GALT6	B3GALT6	2	welch_abs_t	70	4999	0.08	0.02	0.06	0.1461871931204053	0.0110268667904542	pgaa-cross-platform-dual-gate-v2	pgaa-cross-platform-matched-controls-v2
sunshine2023_calu3_crispri	Human Calu-3 epithelial CRISPRi	recorded_gem_group_holdout_4_vs_4	B3GALT6	B3GALT6	3	pgaa_w	70	4999	0.27	0.14	0.13	0.7878865447038989	0.502786950283214	pgaa-cross-platform-dual-gate-v2	pgaa-cross-platform-matched-controls-v2
sunshine2023_calu3_crispri	Human Calu-3 epithelial CRISPRi	recorded_gem_group_holdout_4_vs_4	B3GALT6	B3GALT6	3	pgaa_h	70	4999	0.05	0.04	0.01	0.0907060221510406	0.0376910816439912	pgaa-cross-platform-dual-gate-v2	pgaa-cross-platform-matched-controls-v2
sunshine2023_calu3_crispri	Human Calu-3 epithelial CRISPRi	recorded_gem_group_holdout_4_vs_4	B3GALT6	B3GALT6	3	absolute_mean_shift	70	4999	0.25	0.1	0.15	0.3924329560938567	0.1068605566062485	pgaa-cross-platform-dual-gate-v2	pgaa-cross-platform-matched-controls-v2
sunshine2023_calu3_crispri	Human Calu-3 epithelial CRISPRi	recorded_gem_group_holdout_4_vs_4	B3GALT6	B3GALT6	3	welch_abs_t	70	4999	0.04	0.0	0.04	0.1416308682144592	-0.0064873007254512	pgaa-cross-platform-dual-gate-v2	pgaa-cross-platform-matched-controls-v2
sunshine2023_calu3_crispri	Human Calu-3 epithelial CRISPRi	recorded_gem_group_holdout_4_vs_4	B3GALT6	B3GALT6	4	pgaa_w	70	4999	0.34	0.22	0.12	0.8327879333369677	0.4149078775178805	pgaa-cross-platform-dual-gate-v2	pgaa-cross-platform-matched-controls-v2
sunshine2023_calu3_crispri	Human Calu-3 epithelial CRISPRi	recorded_gem_group_holdout_4_vs_4	B3GALT6	B3GALT6	4	pgaa_h	70	4999	0.05	0.03	0.02	0.0707377716771273	0.0463849004475878	pgaa-cross-platform-dual-gate-v2	pgaa-cross-platform-matched-controls-v2
sunshine2023_calu3_crispri	Human Calu-3 epithelial CRISPRi	recorded_gem_group_holdout_4_vs_4	B3GALT6	B3GALT6	4	absolute_mean_shift	70	4999	0.36	0.2	0.1599999999999999	0.4352351238179265	0.1212307971347266	pgaa-cross-platform-dual-gate-v2	pgaa-cross-platform-matched-controls-v2
sunshine2023_calu3_crispri	Human Calu-3 epithelial CRISPRi	recorded_gem_group_holdout_4_vs_4	B3GALT6	B3GALT6	4	welch_abs_t	70	4999	0.1	0.01	0.09	0.1920639574299509	-0.0140969473129703	pgaa-cross-platform-dual-gate-v2	pgaa-cross-platform-matched-controls-v2
sunshine2023_calu3_crispri	Human Calu-3 epithelial CRISPRi	recorded_gem_group_holdout_4_vs_4	BAX	BAX	0	pgaa_w	70	4999	0.4	0.14	0.26	0.7914868879177999	0.3865387587001194	pgaa-cross-platform-dual-gate-v2	pgaa-cross-platform-matched-controls-v2
sunshine2023_calu3_crispri	Human Calu-3 epithelial CRISPRi	recorded_gem_group_holdout_4_vs_4	BAX	BAX	0	pgaa_h	70	4999	0.03	0.04	-0.01	0.0724632763673234	0.015958585491627	pgaa-cross-platform-dual-gate-v2	pgaa-cross-platform-matched-controls-v2
sunshine2023_calu3_crispri	Human Calu-3 epithelial CRISPRi	recorded_gem_group_holdout_4_vs_4	BAX	BAX	0	absolute_mean_shift	70	4999	0.4	0.16	0.24	0.3978390024318871	0.1471708670701048	pgaa-cross-platform-dual-gate-v2	pgaa-cross-platform-matched-controls-v2
sunshine2023_calu3_crispri	Human Calu-3 epithelial CRISPRi	recorded_gem_group_holdout_4_vs_4	BAX	BAX	0	welch_abs_t	70	4999	0.07	0.03	0.04	0.1548421908151138	0.0036238527417368	pgaa-cross-platform-dual-gate-v2	pgaa-cross-platform-matched-controls-v2
sunshine2023_calu3_crispri	Human Calu-3 epithelial CRISPRi	recorded_gem_group_holdout_4_vs_4	BAX	BAX	1	pgaa_w	70	4999	0.23	0.18	0.05	0.687277980253914	0.5088362289985008	pgaa-cross-platform-dual-gate-v2	pgaa-cross-platform-matched-controls-v2
sunshine2023_calu3_crispri	Human Calu-3 epithelial CRISPRi	recorded_gem_group_holdout_4_vs_4	BAX	BAX	1	pgaa_h	70	4999	0.01	0.03	-0.0199999999999999	0.0617357433770969	0.0402246780064573	pgaa-cross-platform-dual-gate-v2	pgaa-cross-platform-matched-controls-v2
sunshine2023_calu3_crispri	Human Calu-3 epithelial CRISPRi	recorded_gem_group_holdout_4_vs_4	BAX	BAX	1	absolute_mean_shift	70	4999	0.23	0.18	0.05	0.2804368205070109	0.1556399352566359	pgaa-cross-platform-dual-gate-v2	pgaa-cross-platform-matched-controls-v2
sunshine2023_calu3_crispri	Human Calu-3 epithelial CRISPRi	recorded_gem_group_holdout_4_vs_4	BAX	BAX	1	welch_abs_t	70	4999	0.04	0.01	0.03	0.0554798844522806	0.0270632964060789	pgaa-cross-platform-dual-gate-v2	pgaa-cross-platform-matched-controls-v2
sunshine2023_calu3_crispri	Human Calu-3 epithelial CRISPRi	recorded_gem_group_holdout_4_vs_4	BAX	BAX	2	pgaa_w	70	4999	0.38	0.06	0.32	0.7598139685560164	0.3990142836250324	pgaa-cross-platform-dual-gate-v2	pgaa-cross-platform-matched-controls-v2
sunshine2023_calu3_crispri	Human Calu-3 epithelial CRISPRi	recorded_gem_group_holdout_4_vs_4	BAX	BAX	2	pgaa_h	70	4999	0.01	0.03	-0.0199999999999999	0.0812574977107153	0.0173237642266956	pgaa-cross-platform-dual-gate-v2	pgaa-cross-platform-matched-controls-v2
sunshine2023_calu3_crispri	Human Calu-3 epithelial CRISPRi	recorded_gem_group_holdout_4_vs_4	BAX	BAX	2	absolute_mean_shift	70	4999	0.36	0.06	0.3	0.362022422827903	0.126316475879241	pgaa-cross-platform-dual-gate-v2	pgaa-cross-platform-matched-controls-v2
sunshine2023_calu3_crispri	Human Calu-3 epithelial CRISPRi	recorded_gem_group_holdout_4_vs_4	BAX	BAX	2	welch_abs_t	70	4999	0.04	0.01	0.03	0.1558124521497727	0.0012297805539794	pgaa-cross-platform-dual-gate-v2	pgaa-cross-platform-matched-controls-v2
sunshine2023_calu3_crispri	Human Calu-3 epithelial CRISPRi	recorded_gem_group_holdout_4_vs_4	BAX	BAX	3	pgaa_w	70	4999	0.27	0.11	0.16	0.7537882937932127	0.4704674276511965	pgaa-cross-platform-dual-gate-v2	pgaa-cross-platform-matched-controls-v2
sunshine2023_calu3_crispri	Human Calu-3 epithelial CRISPRi	recorded_gem_group_holdout_4_vs_4	BAX	BAX	3	pgaa_h	70	4999	0.03	0.04	-0.01	0.050938419604536	0.0363456571809496	pgaa-cross-platform-dual-gate-v2	pgaa-cross-platform-matched-controls-v2
sunshine2023_calu3_crispri	Human Calu-3 epithelial CRISPRi	recorded_gem_group_holdout_4_vs_4	BAX	BAX	3	absolute_mean_shift	70	4999	0.22	0.1	0.12	0.2844528541722751	0.1268797355720997	pgaa-cross-platform-dual-gate-v2	pgaa-cross-platform-matched-controls-v2
sunshine2023_calu3_crispri	Human Calu-3 epithelial CRISPRi	recorded_gem_group_holdout_4_vs_4	BAX	BAX	3	welch_abs_t	70	4999	0.02	0.02	0.0	0.0193393092073079	0.0008462984313752	pgaa-cross-platform-dual-gate-v2	pgaa-cross-platform-matched-controls-v2
sunshine2023_calu3_crispri	Human Calu-3 epithelial CRISPRi	recorded_gem_group_holdout_4_vs_4	BAX	BAX	4	pgaa_w	70	4999	0.24	0.18	0.06	0.731219680959001	0.4074953667324102	pgaa-cross-platform-dual-gate-v2	pgaa-cross-platform-matched-controls-v2
sunshine2023_calu3_crispri	Human Calu-3 epithelial CRISPRi	recorded_gem_group_holdout_4_vs_4	BAX	BAX	4	pgaa_h	70	4999	0.03	0.03	0.0	0.054120633691515	0.0191551512380438	pgaa-cross-platform-dual-gate-v2	pgaa-cross-platform-matched-controls-v2
sunshine2023_calu3_crispri	Human Calu-3 epithelial CRISPRi	recorded_gem_group_holdout_4_vs_4	BAX	BAX	4	absolute_mean_shift	70	4999	0.31	0.13	0.18	0.3085434787391702	0.1325996636189278	pgaa-cross-platform-dual-gate-v2	pgaa-cross-platform-matched-controls-v2
sunshine2023_calu3_crispri	Human Calu-3 epithelial CRISPRi	recorded_gem_group_holdout_4_vs_4	BAX	BAX	4	welch_abs_t	70	4999	0.06	0.03	0.03	0.1092833823453594	-0.0253009704948264	pgaa-cross-platform-dual-gate-v2	pgaa-cross-platform-matched-controls-v2
sunshine2023_calu3_crispri	Human Calu-3 epithelial CRISPRi	recorded_gem_group_holdout_4_vs_4	BCKDK	BCKDK	0	pgaa_w	70	4999	0.46	0.2	0.26	0.7906972391837312	0.440561967087295	pgaa-cross-platform-dual-gate-v2	pgaa-cross-platform-matched-controls-v2
sunshine2023_calu3_crispri	Human Calu-3 epithelial CRISPRi	recorded_gem_group_holdout_4_vs_4	BCKDK	BCKDK	0	pgaa_h	70	4999	0.02	0.03	-0.0099999999999999	0.0718040915980967	0.0080455159749713	pgaa-cross-platform-dual-gate-v2	pgaa-cross-platform-matched-controls-v2
sunshine2023_calu3_crispri	Human Calu-3 epithelial CRISPRi	recorded_gem_group_holdout_4_vs_4	BCKDK	BCKDK	0	absolute_mean_shift	70	4999	0.39	0.19	0.2	0.3817727835397888	0.1630422606529239	pgaa-cross-platform-dual-gate-v2	pgaa-cross-platform-matched-controls-v2
sunshine2023_calu3_crispri	Human Calu-3 epithelial CRISPRi	recorded_gem_group_holdout_4_vs_4	BCKDK	BCKDK	0	welch_abs_t	70	4999	0.08	0.04	0.04	0.1153442586744322	0.0086449729801902	pgaa-cross-platform-dual-gate-v2	pgaa-cross-platform-matched-controls-v2
sunshine2023_calu3_crispri	Human Calu-3 epithelial CRISPRi	recorded_gem_group_holdout_4_vs_4	BCKDK	BCKDK	1	pgaa_w	70	4999	0.38	0.1	0.28	0.8122238533661116	0.4658909577833935	pgaa-cross-platform-dual-gate-v2	pgaa-cross-platform-matched-controls-v2
sunshine2023_calu3_crispri	Human Calu-3 epithelial CRISPRi	recorded_gem_group_holdout_4_vs_4	BCKDK	BCKDK	1	pgaa_h	70	4999	0.05	0.03	0.02	0.0875677272293732	0.0229560372023046	pgaa-cross-platform-dual-gate-v2	pgaa-cross-platform-matched-controls-v2
sunshine2023_calu3_crispri	Human Calu-3 epithelial CRISPRi	recorded_gem_group_holdout_4_vs_4	BCKDK	BCKDK	1	absolute_mean_shift	70	4999	0.36	0.08	0.2799999999999999	0.4516466304653883	0.1202075421230954	pgaa-cross-platform-dual-gate-v2	pgaa-cross-platform-matched-controls-v2
sunshine2023_calu3_crispri	Human Calu-3 epithelial CRISPRi	recorded_gem_group_holdout_4_vs_4	BCKDK	BCKDK	1	welch_abs_t	70	4999	0.06	0.0	0.06	0.1669697028521423	-0.0418122633410235	pgaa-cross-platform-dual-gate-v2	pgaa-cross-platform-matched-controls-v2
sunshine2023_calu3_crispri	Human Calu-3 epithelial CRISPRi	recorded_gem_group_holdout_4_vs_4	BCKDK	BCKDK	2	pgaa_w	70	4999	0.39	0.07	0.32	0.7785318357308918	0.3886119295407701	pgaa-cross-platform-dual-gate-v2	pgaa-cross-platform-matched-controls-v2
sunshine2023_calu3_crispri	Human Calu-3 epithelial CRISPRi	recorded_gem_group_holdout_4_vs_4	BCKDK	BCKDK	2	pgaa_h	70	4999	0.03	0.03	0.0	0.055711344831117	0.0191600961975424	pgaa-cross-platform-dual-gate-v2	pgaa-cross-platform-matched-controls-v2
sunshine2023_calu3_crispri	Human Calu-3 epithelial CRISPRi	recorded_gem_group_holdout_4_vs_4	BCKDK	BCKDK	2	absolute_mean_shift	70	4999	0.35	0.07	0.2799999999999999	0.3797018366160483	0.1088983964458364	pgaa-cross-platform-dual-gate-v2	pgaa-cross-platform-matched-controls-v2
sunshine2023_calu3_crispri	Human Calu-3 epithelial CRISPRi	recorded_gem_group_holdout_4_vs_4	BCKDK	BCKDK	2	welch_abs_t	70	4999	0.07	0.03	0.04	0.1025641069174834	0.0013290258531898	pgaa-cross-platform-dual-gate-v2	pgaa-cross-platform-matched-controls-v2
sunshine2023_calu3_crispri	Human Calu-3 epithelial CRISPRi	recorded_gem_group_holdout_4_vs_4	BCKDK	BCKDK	3	pgaa_w	70	4999	0.25	0.24	0.01	0.7908785068418247	0.534023545837619	pgaa-cross-platform-dual-gate-v2	pgaa-cross-platform-matched-controls-v2
sunshine2023_calu3_crispri	Human Calu-3 epithelial CRISPRi	recorded_gem_group_holdout_4_vs_4	BCKDK	BCKDK	3	pgaa_h	70	4999	0.02	0.03	-0.0099999999999999	0.0785612137770718	0.0137133056647204	pgaa-cross-platform-dual-gate-v2	pgaa-cross-platform-matched-controls-v2
sunshine2023_calu3_crispri	Human Calu-3 epithelial CRISPRi	recorded_gem_group_holdout_4_vs_4	BCKDK	BCKDK	3	absolute_mean_shift	70	4999	0.25	0.22	0.03	0.3642945463042189	0.1364189383407634	pgaa-cross-platform-dual-gate-v2	pgaa-cross-platform-matched-controls-v2
sunshine2023_calu3_crispri	Human Calu-3 epithelial CRISPRi	recorded_gem_group_holdout_4_vs_4	BCKDK	BCKDK	3	welch_abs_t	70	4999	0.04	0.01	0.03	0.1016796443586839	-0.0206237055339188	pgaa-cross-platform-dual-gate-v2	pgaa-cross-platform-matched-controls-v2
sunshine2023_calu3_crispri	Human Calu-3 epithelial CRISPRi	recorded_gem_group_holdout_4_vs_4	BCKDK	BCKDK	4	pgaa_w	70	4999	0.24	0.14	0.0999999999999999	0.819583090303535	0.4024077492569343	pgaa-cross-platform-dual-gate-v2	pgaa-cross-platform-matched-controls-v2
sunshine2023_calu3_crispri	Human Calu-3 epithelial CRISPRi	recorded_gem_group_holdout_4_vs_4	BCKDK	BCKDK	4	pgaa_h	70	4999	0.05	0.04	0.01	0.0654809655949626	0.034638277625363	pgaa-cross-platform-dual-gate-v2	pgaa-cross-platform-matched-controls-v2
sunshine2023_calu3_crispri	Human Calu-3 epithelial CRISPRi	recorded_gem_group_holdout_4_vs_4	BCKDK	BCKDK	4	absolute_mean_shift	70	4999	0.2	0.14	0.06	0.4376849719253663	0.1499588186136607	pgaa-cross-platform-dual-gate-v2	pgaa-cross-platform-matched-controls-v2
sunshine2023_calu3_crispri	Human Calu-3 epithelial CRISPRi	recorded_gem_group_holdout_4_vs_4	BCKDK	BCKDK	4	welch_abs_t	70	4999	0.01	0.01	0.0	0.0887529062114944	0.0071489958015612	pgaa-cross-platform-dual-gate-v2	pgaa-cross-platform-matched-controls-v2
sunshine2023_calu3_crispri	Human Calu-3 epithelial CRISPRi	recorded_gem_group_holdout_4_vs_4	BID	BID	0	pgaa_w	70	4999	0.34	0.14	0.2	0.8421155792262895	0.427451254380528	pgaa-cross-platform-dual-gate-v2	pgaa-cross-platform-matched-controls-v2
sunshine2023_calu3_crispri	Human Calu-3 epithelial CRISPRi	recorded_gem_group_holdout_4_vs_4	BID	BID	0	pgaa_h	70	4999	0.02	0.01	0.01	0.1328379206015084	0.0099579651672879	pgaa-cross-platform-dual-gate-v2	pgaa-cross-platform-matched-controls-v2
sunshine2023_calu3_crispri	Human Calu-3 epithelial CRISPRi	recorded_gem_group_holdout_4_vs_4	BID	BID	0	absolute_mean_shift	70	4999	0.37	0.12	0.25	0.4745398030020059	0.1460914659797768	pgaa-cross-platform-dual-gate-v2	pgaa-cross-platform-matched-controls-v2
sunshine2023_calu3_crispri	Human Calu-3 epithelial CRISPRi	recorded_gem_group_holdout_4_vs_4	BID	BID	0	welch_abs_t	70	4999	0.06	0.04	0.0199999999999999	0.1551938377666022	0.0009892008173781	pgaa-cross-platform-dual-gate-v2	pgaa-cross-platform-matched-controls-v2
sunshine2023_calu3_crispri	Human Calu-3 epithelial CRISPRi	recorded_gem_group_holdout_4_vs_4	BID	BID	1	pgaa_w	70	4999	0.43	0.1	0.3299999999999999	0.7881699151835171	0.4040744590694851	pgaa-cross-platform-dual-gate-v2	pgaa-cross-platform-matched-controls-v2
sunshine2023_calu3_crispri	Human Calu-3 epithelial CRISPRi	recorded_gem_group_holdout_4_vs_4	BID	BID	1	pgaa_h	70	4999	0.03	0.04	-0.01	0.065548419922804	0.0291224653892859	pgaa-cross-platform-dual-gate-v2	pgaa-cross-platform-matched-controls-v2
sunshine2023_calu3_crispri	Human Calu-3 epithelial CRISPRi	recorded_gem_group_holdout_4_vs_4	BID	BID	1	absolute_mean_shift	70	4999	0.38	0.06	0.32	0.3956780417307952	0.1369920932565865	pgaa-cross-platform-dual-gate-v2	pgaa-cross-platform-matched-controls-v2
sunshine2023_calu3_crispri	Human Calu-3 epithelial CRISPRi	recorded_gem_group_holdout_4_vs_4	BID	BID	1	welch_abs_t	70	4999	0.07	0.05	0.02	0.1427262391734049	-0.0073330454806447	pgaa-cross-platform-dual-gate-v2	pgaa-cross-platform-matched-controls-v2
sunshine2023_calu3_crispri	Human Calu-3 epithelial CRISPRi	recorded_gem_group_holdout_4_vs_4	BID	BID	2	pgaa_w	70	4999	0.42	0.08	0.3399999999999999	0.7169823468655316	0.4096906835868975	pgaa-cross-platform-dual-gate-v2	pgaa-cross-platform-matched-controls-v2
sunshine2023_calu3_crispri	Human Calu-3 epithelial CRISPRi	recorded_gem_group_holdout_4_vs_4	BID	BID	2	pgaa_h	70	4999	0.01	0.02	-0.01	0.0732701521764598	0.0286927578158215	pgaa-cross-platform-dual-gate-v2	pgaa-cross-platform-matched-controls-v2
sunshine2023_calu3_crispri	Human Calu-3 epithelial CRISPRi	recorded_gem_group_holdout_4_vs_4	BID	BID	2	absolute_mean_shift	70	4999	0.43	0.06	0.37	0.283557487645599	0.129859759421989	pgaa-cross-platform-dual-gate-v2	pgaa-cross-platform-matched-controls-v2
sunshine2023_calu3_crispri	Human Calu-3 epithelial CRISPRi	recorded_gem_group_holdout_4_vs_4	BID	BID	2	welch_abs_t	70	4999	0.18	0.02	0.16	0.1088785705280312	0.0016329047802749	pgaa-cross-platform-dual-gate-v2	pgaa-cross-platform-matched-controls-v2
sunshine2023_calu3_crispri	Human Calu-3 epithelial CRISPRi	recorded_gem_group_holdout_4_vs_4	BID	BID	3	pgaa_w	70	4999	0.34	0.12	0.22	0.7735815843120606	0.4535679536387471	pgaa-cross-platform-dual-gate-v2	pgaa-cross-platform-matched-controls-v2
sunshine2023_calu3_crispri	Human Calu-3 epithelial CRISPRi	recorded_gem_group_holdout_4_vs_4	BID	BID	3	pgaa_h	70	4999	0.04	0.02	0.02	0.058535960050109	-0.0047577522233765	pgaa-cross-platform-dual-gate-v2	pgaa-cross-platform-matched-controls-v2
sunshine2023_calu3_crispri	Human Calu-3 epithelial CRISPRi	recorded_gem_group_holdout_4_vs_4	BID	BID	3	absolute_mean_shift	70	4999	0.36	0.09	0.27	0.3361512863998045	0.1498255818894703	pgaa-cross-platform-dual-gate-v2	pgaa-cross-platform-matched-controls-v2
sunshine2023_calu3_crispri	Human Calu-3 epithelial CRISPRi	recorded_gem_group_holdout_4_vs_4	BID	BID	3	welch_abs_t	70	4999	0.15	0.01	0.1399999999999999	0.1239150032677343	-0.0005271192533951	pgaa-cross-platform-dual-gate-v2	pgaa-cross-platform-matched-controls-v2
sunshine2023_calu3_crispri	Human Calu-3 epithelial CRISPRi	recorded_gem_group_holdout_4_vs_4	BID	BID	4	pgaa_w	70	4999	0.39	0.12	0.27	0.7882608456385155	0.3908690669706571	pgaa-cross-platform-dual-gate-v2	pgaa-cross-platform-matched-controls-v2
sunshine2023_calu3_crispri	Human Calu-3 epithelial CRISPRi	recorded_gem_group_holdout_4_vs_4	BID	BID	4	pgaa_h	70	4999	0.03	0.01	0.0199999999999999	0.088123383597062	0.0224783220948431	pgaa-cross-platform-dual-gate-v2	pgaa-cross-platform-matched-controls-v2
sunshine2023_calu3_crispri	Human Calu-3 epithelial CRISPRi	recorded_gem_group_holdout_4_vs_4	BID	BID	4	absolute_mean_shift	70	4999	0.37	0.11	0.26	0.391711271579447	0.1303750835192338	pgaa-cross-platform-dual-gate-v2	pgaa-cross-platform-matched-controls-v2
sunshine2023_calu3_crispri	Human Calu-3 epithelial CRISPRi	recorded_gem_group_holdout_4_vs_4	BID	BID	4	welch_abs_t	70	4999	0.05	0.03	0.02	0.1262136423443152	0.0018130732028758	pgaa-cross-platform-dual-gate-v2	pgaa-cross-platform-matched-controls-v2
sunshine2023_calu3_crispri	Human Calu-3 epithelial CRISPRi	recorded_gem_group_holdout_4_vs_4	BRD2	BRD2	0	pgaa_w	70	4999	0.29	0.15	0.1399999999999999	0.7792636693004868	0.3887761345786565	pgaa-cross-platform-dual-gate-v2	pgaa-cross-platform-matched-controls-v2
sunshine2023_calu3_crispri	Human Calu-3 epithelial CRISPRi	recorded_gem_group_holdout_4_vs_4	BRD2	BRD2	0	pgaa_h	70	4999	0.02	0.03	-0.0099999999999999	0.0696519926460195	0.0405793142009486	pgaa-cross-platform-dual-gate-v2	pgaa-cross-platform-matched-controls-v2
sunshine2023_calu3_crispri	Human Calu-3 epithelial CRISPRi	recorded_gem_group_holdout_4_vs_4	BRD2	BRD2	0	absolute_mean_shift	70	4999	0.33	0.12	0.21	0.3903101594242092	0.0993605701331575	pgaa-cross-platform-dual-gate-v2	pgaa-cross-platform-matched-controls-v2
sunshine2023_calu3_crispri	Human Calu-3 epithelial CRISPRi	recorded_gem_group_holdout_4_vs_4	BRD2	BRD2	0	welch_abs_t	70	4999	0.13	0.0	0.13	0.1845432320166094	-0.0213334001259155	pgaa-cross-platform-dual-gate-v2	pgaa-cross-platform-matched-controls-v2
sunshine2023_calu3_crispri	Human Calu-3 epithelial CRISPRi	recorded_gem_group_holdout_4_vs_4	BRD2	BRD2	1	pgaa_w	70	4999	0.42	0.18	0.24	0.8670002712187097	0.4441482949170867	pgaa-cross-platform-dual-gate-v2	pgaa-cross-platform-matched-controls-v2
sunshine2023_calu3_crispri	Human Calu-3 epithelial CRISPRi	recorded_gem_group_holdout_4_vs_4	BRD2	BRD2	1	pgaa_h	70	4999	0.02	0.02	0.0	0.1439063347763813	0.0233007085573662	pgaa-cross-platform-dual-gate-v2	pgaa-cross-platform-matched-controls-v2
sunshine2023_calu3_crispri	Human Calu-3 epithelial CRISPRi	recorded_gem_group_holdout_4_vs_4	BRD2	BRD2	1	absolute_mean_shift	70	4999	0.43	0.15	0.28	0.5724691016612078	0.1299704609442875	pgaa-cross-platform-dual-gate-v2	pgaa-cross-platform-matched-controls-v2
sunshine2023_calu3_crispri	Human Calu-3 epithelial CRISPRi	recorded_gem_group_holdout_4_vs_4	BRD2	BRD2	1	welch_abs_t	70	4999	0.16	0.03	0.13	0.3055520422912112	-0.0049730194779645	pgaa-cross-platform-dual-gate-v2	pgaa-cross-platform-matched-controls-v2
sunshine2023_calu3_crispri	Human Calu-3 epithelial CRISPRi	recorded_gem_group_holdout_4_vs_4	BRD2	BRD2	2	pgaa_w	70	4999	0.36	0.14	0.2199999999999999	0.8567250137662588	0.4781380048398636	pgaa-cross-platform-dual-gate-v2	pgaa-cross-platform-matched-controls-v2
sunshine2023_calu3_crispri	Human Calu-3 epithelial CRISPRi	recorded_gem_group_holdout_4_vs_4	BRD2	BRD2	2	pgaa_h	70	4999	0.03	0.02	0.0099999999999999	0.1199510627476798	0.0301556880621823	pgaa-cross-platform-dual-gate-v2	pgaa-cross-platform-matched-controls-v2
sunshine2023_calu3_crispri	Human Calu-3 epithelial CRISPRi	recorded_gem_group_holdout_4_vs_4	BRD2	BRD2	2	absolute_mean_shift	70	4999	0.31	0.15	0.16	0.5226686603838255	0.184012525779298	pgaa-cross-platform-dual-gate-v2	pgaa-cross-platform-matched-controls-v2
sunshine2023_calu3_crispri	Human Calu-3 epithelial CRISPRi	recorded_gem_group_holdout_4_vs_4	BRD2	BRD2	2	welch_abs_t	70	4999	0.1	0.02	0.08	0.2750660704049574	0.0136815117174946	pgaa-cross-platform-dual-gate-v2	pgaa-cross-platform-matched-controls-v2
sunshine2023_calu3_crispri	Human Calu-3 epithelial CRISPRi	recorded_gem_group_holdout_4_vs_4	BRD2	BRD2	3	pgaa_w	70	4999	0.38	0.25	0.13	0.8262557840739818	0.3768482203523538	pgaa-cross-platform-dual-gate-v2	pgaa-cross-platform-matched-controls-v2
sunshine2023_calu3_crispri	Human Calu-3 epithelial CRISPRi	recorded_gem_group_holdout_4_vs_4	BRD2	BRD2	3	pgaa_h	70	4999	0.02	0.01	0.01	0.1023460880284366	0.0224544056117464	pgaa-cross-platform-dual-gate-v2	pgaa-cross-platform-matched-controls-v2
sunshine2023_calu3_crispri	Human Calu-3 epithelial CRISPRi	recorded_gem_group_holdout_4_vs_4	BRD2	BRD2	3	absolute_mean_shift	70	4999	0.36	0.23	0.1299999999999999	0.4868078545360934	0.1504806264050044	pgaa-cross-platform-dual-gate-v2	pgaa-cross-platform-matched-controls-v2
sunshine2023_calu3_crispri	Human Calu-3 epithelial CRISPRi	recorded_gem_group_holdout_4_vs_4	BRD2	BRD2	3	welch_abs_t	70	4999	0.07	0.01	0.06	0.226348501206276	0.0163171214795179	pgaa-cross-platform-dual-gate-v2	pgaa-cross-platform-matched-controls-v2
sunshine2023_calu3_crispri	Human Calu-3 epithelial CRISPRi	recorded_gem_group_holdout_4_vs_4	BRD2	BRD2	4	pgaa_w	70	4999	0.38	0.15	0.23	0.8583927477452276	0.4759103524906662	pgaa-cross-platform-dual-gate-v2	pgaa-cross-platform-matched-controls-v2
sunshine2023_calu3_crispri	Human Calu-3 epithelial CRISPRi	recorded_gem_group_holdout_4_vs_4	BRD2	BRD2	4	pgaa_h	70	4999	0.07	0.02	0.05	0.1315988777407109	0.0513934250306201	pgaa-cross-platform-dual-gate-v2	pgaa-cross-platform-matched-controls-v2
sunshine2023_calu3_crispri	Human Calu-3 epithelial CRISPRi	recorded_gem_group_holdout_4_vs_4	BRD2	BRD2	4	absolute_mean_shift	70	4999	0.31	0.13	0.18	0.5709042824651366	0.1675727900562758	pgaa-cross-platform-dual-gate-v2	pgaa-cross-platform-matched-controls-v2
sunshine2023_calu3_crispri	Human Calu-3 epithelial CRISPRi	recorded_gem_group_holdout_4_vs_4	BRD2	BRD2	4	welch_abs_t	70	4999	0.09	0.0	0.09	0.2950059516825334	0.0077053686369376	pgaa-cross-platform-dual-gate-v2	pgaa-cross-platform-matched-controls-v2
sunshine2023_calu3_crispri	Human Calu-3 epithelial CRISPRi	recorded_gem_group_holdout_4_vs_4	BST2	BST2	0	pgaa_w	70	4999	0.3	0.17	0.1299999999999999	0.7132115250901322	0.4887864943937168	pgaa-cross-platform-dual-gate-v2	pgaa-cross-platform-matched-controls-v2
sunshine2023_calu3_crispri	Human Calu-3 epithelial CRISPRi	recorded_gem_group_holdout_4_vs_4	BST2	BST2	0	pgaa_h	70	4999	0.02	0.05	-0.03	0.0601368078052485	0.0308809981626789	pgaa-cross-platform-dual-gate-v2	pgaa-cross-platform-matched-controls-v2
sunshine2023_calu3_crispri	Human Calu-3 epithelial CRISPRi	recorded_gem_group_holdout_4_vs_4	BST2	BST2	0	absolute_mean_shift	70	4999	0.27	0.13	0.14	0.2819607973449125	0.1840959103313625	pgaa-cross-platform-dual-gate-v2	pgaa-cross-platform-matched-controls-v2
sunshine2023_calu3_crispri	Human Calu-3 epithelial CRISPRi	recorded_gem_group_holdout_4_vs_4	BST2	BST2	0	welch_abs_t	70	4999	0.05	0.0	0.05	0.082788892762533	0.0208815135426068	pgaa-cross-platform-dual-gate-v2	pgaa-cross-platform-matched-controls-v2
sunshine2023_calu3_crispri	Human Calu-3 epithelial CRISPRi	recorded_gem_group_holdout_4_vs_4	BST2	BST2	1	pgaa_w	70	4999	0.35	0.08	0.2699999999999999	0.8071739348590007	0.4000697162241572	pgaa-cross-platform-dual-gate-v2	pgaa-cross-platform-matched-controls-v2
sunshine2023_calu3_crispri	Human Calu-3 epithelial CRISPRi	recorded_gem_group_holdout_4_vs_4	BST2	BST2	1	pgaa_h	70	4999	0.01	0.02	-0.01	0.0885899758465767	0.0186856340037342	pgaa-cross-platform-dual-gate-v2	pgaa-cross-platform-matched-controls-v2
sunshine2023_calu3_crispri	Human Calu-3 epithelial CRISPRi	recorded_gem_group_holdout_4_vs_4	BST2	BST2	1	absolute_mean_shift	70	4999	0.28	0.1	0.18	0.40422898810765	0.1221667157529104	pgaa-cross-platform-dual-gate-v2	pgaa-cross-platform-matched-controls-v2
sunshine2023_calu3_crispri	Human Calu-3 epithelial CRISPRi	recorded_gem_group_holdout_4_vs_4	BST2	BST2	1	welch_abs_t	70	4999	0.07	0.03	0.04	0.0977741205864222	0.0022392335369835	pgaa-cross-platform-dual-gate-v2	pgaa-cross-platform-matched-controls-v2
sunshine2023_calu3_crispri	Human Calu-3 epithelial CRISPRi	recorded_gem_group_holdout_4_vs_4	BST2	BST2	2	pgaa_w	70	4999	0.34	0.11	0.23	0.793042248978007	0.3967442391239352	pgaa-cross-platform-dual-gate-v2	pgaa-cross-platform-matched-controls-v2
sunshine2023_calu3_crispri	Human Calu-3 epithelial CRISPRi	recorded_gem_group_holdout_4_vs_4	BST2	BST2	2	pgaa_h	70	4999	0.05	0.0	0.05	0.0983530004065674	0.0039445276449331	pgaa-cross-platform-dual-gate-v2	pgaa-cross-platform-matched-controls-v2
sunshine2023_calu3_crispri	Human Calu-3 epithelial CRISPRi	recorded_gem_group_holdout_4_vs_4	BST2	BST2	2	absolute_mean_shift	70	4999	0.26	0.08	0.18	0.3914036678445943	0.1315904917452823	pgaa-cross-platform-dual-gate-v2	pgaa-cross-platform-matched-controls-v2
sunshine2023_calu3_crispri	Human Calu-3 epithelial CRISPRi	recorded_gem_group_holdout_4_vs_4	BST2	BST2	2	welch_abs_t	70	4999	0.05	0.0	0.05	0.1038487327717644	-0.0229906914876372	pgaa-cross-platform-dual-gate-v2	pgaa-cross-platform-matched-controls-v2
sunshine2023_calu3_crispri	Human Calu-3 epithelial CRISPRi	recorded_gem_group_holdout_4_vs_4	BST2	BST2	3	pgaa_w	70	4999	0.36	0.14	0.2199999999999999	0.8161214220275029	0.4518172239489915	pgaa-cross-platform-dual-gate-v2	pgaa-cross-platform-matched-controls-v2
sunshine2023_calu3_crispri	Human Calu-3 epithelial CRISPRi	recorded_gem_group_holdout_4_vs_4	BST2	BST2	3	pgaa_h	70	4999	0.05	0.01	0.04	0.1101352245816839	0.0110971572975274	pgaa-cross-platform-dual-gate-v2	pgaa-cross-platform-matched-controls-v2
sunshine2023_calu3_crispri	Human Calu-3 epithelial CRISPRi	recorded_gem_group_holdout_4_vs_4	BST2	BST2	3	absolute_mean_shift	70	4999	0.34	0.12	0.22	0.4188695042830623	0.1374458529259834	pgaa-cross-platform-dual-gate-v2	pgaa-cross-platform-matched-controls-v2
sunshine2023_calu3_crispri	Human Calu-3 epithelial CRISPRi	recorded_gem_group_holdout_4_vs_4	BST2	BST2	3	welch_abs_t	70	4999	0.03	0.0	0.03	0.1464308308515588	-0.0087991855273815	pgaa-cross-platform-dual-gate-v2	pgaa-cross-platform-matched-controls-v2
sunshine2023_calu3_crispri	Human Calu-3 epithelial CRISPRi	recorded_gem_group_holdout_4_vs_4	BST2	BST2	4	pgaa_w	70	4999	0.2	0.15	0.05	0.7683891774753511	0.4070377597248142	pgaa-cross-platform-dual-gate-v2	pgaa-cross-platform-matched-controls-v2
sunshine2023_calu3_crispri	Human Calu-3 epithelial CRISPRi	recorded_gem_group_holdout_4_vs_4	BST2	BST2	4	pgaa_h	70	4999	0.01	0.02	-0.01	0.0617106206675309	0.0447993379683163	pgaa-cross-platform-dual-gate-v2	pgaa-cross-platform-matched-controls-v2
sunshine2023_calu3_crispri	Human Calu-3 epithelial CRISPRi	recorded_gem_group_holdout_4_vs_4	BST2	BST2	4	absolute_mean_shift	70	4999	0.21	0.06	0.15	0.2929928840990287	0.1187028252766376	pgaa-cross-platform-dual-gate-v2	pgaa-cross-platform-matched-controls-v2
sunshine2023_calu3_crispri	Human Calu-3 epithelial CRISPRi	recorded_gem_group_holdout_4_vs_4	BST2	BST2	4	welch_abs_t	70	4999	0.02	0.01	0.01	0.0233441529608045	-0.0026115687483234	pgaa-cross-platform-dual-gate-v2	pgaa-cross-platform-matched-controls-v2
sunshine2023_calu3_crispri	Human Calu-3 epithelial CRISPRi	recorded_gem_group_holdout_4_vs_4	BZW2	BZW2	0	pgaa_w	70	4999	0.32	0.13	0.19	0.665950171931145	0.386239495486132	pgaa-cross-platform-dual-gate-v2	pgaa-cross-platform-matched-controls-v2
sunshine2023_calu3_crispri	Human Calu-3 epithelial CRISPRi	recorded_gem_group_holdout_4_vs_4	BZW2	BZW2	0	pgaa_h	70	4999	0.02	0.01	0.01	0.0663807397892453	0.0253744608121545	pgaa-cross-platform-dual-gate-v2	pgaa-cross-platform-matched-controls-v2
sunshine2023_calu3_crispri	Human Calu-3 epithelial CRISPRi	recorded_gem_group_holdout_4_vs_4	BZW2	BZW2	0	absolute_mean_shift	70	4999	0.34	0.1	0.24	0.2409563729601811	0.1396750362831191	pgaa-cross-platform-dual-gate-v2	pgaa-cross-platform-matched-controls-v2
sunshine2023_calu3_crispri	Human Calu-3 epithelial CRISPRi	recorded_gem_group_holdout_4_vs_4	BZW2	BZW2	0	welch_abs_t	70	4999	0.03	0.02	0.0099999999999999	0.0553659569395447	-0.0015728049331732	pgaa-cross-platform-dual-gate-v2	pgaa-cross-platform-matched-controls-v2
sunshine2023_calu3_crispri	Human Calu-3 epithelial CRISPRi	recorded_gem_group_holdout_4_vs_4	BZW2	BZW2	1	pgaa_w	70	4999	0.3	0.14	0.1599999999999999	0.7349603174896685	0.4110375058445063	pgaa-cross-platform-dual-gate-v2	pgaa-cross-platform-matched-controls-v2
sunshine2023_calu3_crispri	Human Calu-3 epithelial CRISPRi	recorded_gem_group_holdout_4_vs_4	BZW2	BZW2	1	pgaa_h	70	4999	0.03	0.0	0.03	0.0653228196661229	0.0474685184589782	pgaa-cross-platform-dual-gate-v2	pgaa-cross-platform-matched-controls-v2
sunshine2023_calu3_crispri	Human Calu-3 epithelial CRISPRi	recorded_gem_group_holdout_4_vs_4	BZW2	BZW2	1	absolute_mean_shift	70	4999	0.22	0.12	0.1	0.3472352140536151	0.1344530984020202	pgaa-cross-platform-dual-gate-v2	pgaa-cross-platform-matched-controls-v2
sunshine2023_calu3_crispri	Human Calu-3 epithelial CRISPRi	recorded_gem_group_holdout_4_vs_4	BZW2	BZW2	1	welch_abs_t	70	4999	0.08	0.05	0.03	0.0945791564097832	-0.0041108865230429	pgaa-cross-platform-dual-gate-v2	pgaa-cross-platform-matched-controls-v2
sunshine2023_calu3_crispri	Human Calu-3 epithelial CRISPRi	recorded_gem_group_holdout_4_vs_4	BZW2	BZW2	2	pgaa_w	70	4999	0.24	0.12	0.12	0.7574711890277217	0.3958952240868342	pgaa-cross-platform-dual-gate-v2	pgaa-cross-platform-matched-controls-v2
sunshine2023_calu3_crispri	Human Calu-3 epithelial CRISPRi	recorded_gem_group_holdout_4_vs_4	BZW2	BZW2	2	pgaa_h	70	4999	0.04	0.03	0.01	0.0759439176332861	0.0354104831391336	pgaa-cross-platform-dual-gate-v2	pgaa-cross-platform-matched-controls-v2
sunshine2023_calu3_crispri	Human Calu-3 epithelial CRISPRi	recorded_gem_group_holdout_4_vs_4	BZW2	BZW2	2	absolute_mean_shift	70	4999	0.19	0.1	0.09	0.3090263943785156	0.1108467636997804	pgaa-cross-platform-dual-gate-v2	pgaa-cross-platform-matched-controls-v2
sunshine2023_calu3_crispri	Human Calu-3 epithelial CRISPRi	recorded_gem_group_holdout_4_vs_4	BZW2	BZW2	2	welch_abs_t	70	4999	0.02	0.04	-0.02	0.0412984172864631	-0.0145963106666951	pgaa-cross-platform-dual-gate-v2	pgaa-cross-platform-matched-controls-v2
sunshine2023_calu3_crispri	Human Calu-3 epithelial CRISPRi	recorded_gem_group_holdout_4_vs_4	BZW2	BZW2	3	pgaa_w	70	4999	0.15	0.07	0.0799999999999999	0.6468529886529527	0.3697871837512761	pgaa-cross-platform-dual-gate-v2	pgaa-cross-platform-matched-controls-v2
sunshine2023_calu3_crispri	Human Calu-3 epithelial CRISPRi	recorded_gem_group_holdout_4_vs_4	BZW2	BZW2	3	pgaa_h	70	4999	0.0	0.04	-0.04	0.0348023650369855	0.0434491950514212	pgaa-cross-platform-dual-gate-v2	pgaa-cross-platform-matched-controls-v2
sunshine2023_calu3_crispri	Human Calu-3 epithelial CRISPRi	recorded_gem_group_holdout_4_vs_4	BZW2	BZW2	3	absolute_mean_shift	70	4999	0.17	0.07	0.1	0.2237170381548991	0.1075331743496982	pgaa-cross-platform-dual-gate-v2	pgaa-cross-platform-matched-controls-v2
sunshine2023_calu3_crispri	Human Calu-3 epithelial CRISPRi	recorded_gem_group_holdout_4_vs_4	BZW2	BZW2	3	welch_abs_t	70	4999	0.02	0.01	0.01	-0.0150604401326902	-0.0094837886184679	pgaa-cross-platform-dual-gate-v2	pgaa-cross-platform-matched-controls-v2
sunshine2023_calu3_crispri	Human Calu-3 epithelial CRISPRi	recorded_gem_group_holdout_4_vs_4	BZW2	BZW2	4	pgaa_w	70	4999	0.28	0.13	0.15	0.6101811613223006	0.4057807854488065	pgaa-cross-platform-dual-gate-v2	pgaa-cross-platform-matched-controls-v2
sunshine2023_calu3_crispri	Human Calu-3 epithelial CRISPRi	recorded_gem_group_holdout_4_vs_4	BZW2	BZW2	4	pgaa_h	70	4999	0.02	0.03	-0.0099999999999999	0.042089123825133	0.0634130264153364	pgaa-cross-platform-dual-gate-v2	pgaa-cross-platform-matched-controls-v2
sunshine2023_calu3_crispri	Human Calu-3 epithelial CRISPRi	recorded_gem_group_holdout_4_vs_4	BZW2	BZW2	4	absolute_mean_shift	70	4999	0.26	0.1	0.16	0.2189696789778124	0.1254394149898407	pgaa-cross-platform-dual-gate-v2	pgaa-cross-platform-matched-controls-v2
sunshine2023_calu3_crispri	Human Calu-3 epithelial CRISPRi	recorded_gem_group_holdout_4_vs_4	BZW2	BZW2	4	welch_abs_t	70	4999	0.04	0.01	0.03	0.0322893065535625	-0.012469386458324	pgaa-cross-platform-dual-gate-v2	pgaa-cross-platform-matched-controls-v2
sunshine2023_calu3_crispri	Human Calu-3 epithelial CRISPRi	recorded_gem_group_holdout_4_vs_4	C18orf8	C18orf8	0	pgaa_w	70	5000	0.32	0.13	0.19	0.7945306988212278	0.5056336750733469	pgaa-cross-platform-dual-gate-v2	pgaa-cross-platform-matched-controls-v2
sunshine2023_calu3_crispri	Human Calu-3 epithelial CRISPRi	recorded_gem_group_holdout_4_vs_4	C18orf8	C18orf8	0	pgaa_h	70	5000	0.04	0.05	-0.01	0.1054518406069568	0.018796320247303	pgaa-cross-platform-dual-gate-v2	pgaa-cross-platform-matched-controls-v2
sunshine2023_calu3_crispri	Human Calu-3 epithelial CRISPRi	recorded_gem_group_holdout_4_vs_4	C18orf8	C18orf8	0	absolute_mean_shift	70	5000	0.33	0.08	0.25	0.399696190967033	0.1564535380981415	pgaa-cross-platform-dual-gate-v2	pgaa-cross-platform-matched-controls-v2
sunshine2023_calu3_crispri	Human Calu-3 epithelial CRISPRi	recorded_gem_group_holdout_4_vs_4	C18orf8	C18orf8	0	welch_abs_t	70	5000	0.07	0.02	0.05	0.1362622489803008	-0.0044714634589658	pgaa-cross-platform-dual-gate-v2	pgaa-cross-platform-matched-controls-v2
sunshine2023_calu3_crispri	Human Calu-3 epithelial CRISPRi	recorded_gem_group_holdout_4_vs_4	C18orf8	C18orf8	1	pgaa_w	70	5000	0.28	0.1	0.18	0.739199680415987	0.3908479532979181	pgaa-cross-platform-dual-gate-v2	pgaa-cross-platform-matched-controls-v2
sunshine2023_calu3_crispri	Human Calu-3 epithelial CRISPRi	recorded_gem_group_holdout_4_vs_4	C18orf8	C18orf8	1	pgaa_h	70	5000	0.04	0.03	0.01	0.0656596193006278	0.0343317404791179	pgaa-cross-platform-dual-gate-v2	pgaa-cross-platform-matched-controls-v2
sunshine2023_calu3_crispri	Human Calu-3 epithelial CRISPRi	recorded_gem_group_holdout_4_vs_4	C18orf8	C18orf8	1	absolute_mean_shift	70	5000	0.25	0.09	0.16	0.2990752651933663	0.1182577272348236	pgaa-cross-platform-dual-gate-v2	pgaa-cross-platform-matched-controls-v2
sunshine2023_calu3_crispri	Human Calu-3 epithelial CRISPRi	recorded_gem_group_holdout_4_vs_4	C18orf8	C18orf8	1	welch_abs_t	70	5000	0.05	0.04	0.01	0.0689938654797546	-0.0002804997232199	pgaa-cross-platform-dual-gate-v2	pgaa-cross-platform-matched-controls-v2
sunshine2023_calu3_crispri	Human Calu-3 epithelial CRISPRi	recorded_gem_group_holdout_4_vs_4	C18orf8	C18orf8	2	pgaa_w	70	5000	0.39	0.14	0.25	0.783762926646517	0.4430189630967585	pgaa-cross-platform-dual-gate-v2	pgaa-cross-platform-matched-controls-v2
sunshine2023_calu3_crispri	Human Calu-3 epithelial CRISPRi	recorded_gem_group_holdout_4_vs_4	C18orf8	C18orf8	2	pgaa_h	70	5000	0.02	0.06	-0.0399999999999999	0.0974999761668578	0.030912811695937	pgaa-cross-platform-dual-gate-v2	pgaa-cross-platform-matched-controls-v2
sunshine2023_calu3_crispri	Human Calu-3 epithelial CRISPRi	recorded_gem_group_holdout_4_vs_4	C18orf8	C18orf8	2	absolute_mean_shift	70	5000	0.35	0.13	0.2199999999999999	0.3954248139609925	0.1487190724323321	pgaa-cross-platform-dual-gate-v2	pgaa-cross-platform-matched-controls-v2
sunshine2023_calu3_crispri	Human Calu-3 epithelial CRISPRi	recorded_gem_group_holdout_4_vs_4	C18orf8	C18orf8	2	welch_abs_t	70	5000	0.07	0.02	0.05	0.1378727895855295	0.009404707288414	pgaa-cross-platform-dual-gate-v2	pgaa-cross-platform-matched-controls-v2
sunshine2023_calu3_crispri	Human Calu-3 epithelial CRISPRi	recorded_gem_group_holdout_4_vs_4	C18orf8	C18orf8	3	pgaa_w	70	5000	0.39	0.11	0.28	0.7750228880569154	0.383750676374027	pgaa-cross-platform-dual-gate-v2	pgaa-cross-platform-matched-controls-v2
sunshine2023_calu3_crispri	Human Calu-3 epithelial CRISPRi	recorded_gem_group_holdout_4_vs_4	C18orf8	C18orf8	3	pgaa_h	70	5000	0.01	0.02	-0.01	0.1026598509673577	0.0236423558981998	pgaa-cross-platform-dual-gate-v2	pgaa-cross-platform-matched-controls-v2
sunshine2023_calu3_crispri	Human Calu-3 epithelial CRISPRi	recorded_gem_group_holdout_4_vs_4	C18orf8	C18orf8	3	absolute_mean_shift	70	5000	0.3	0.06	0.24	0.3699714720148588	0.1318254156473442	pgaa-cross-platform-dual-gate-v2	pgaa-cross-platform-matched-controls-v2
sunshine2023_calu3_crispri	Human Calu-3 epithelial CRISPRi	recorded_gem_group_holdout_4_vs_4	C18orf8	C18orf8	3	welch_abs_t	70	5000	0.07	0.02	0.05	0.177008788784848	0.0116568642105543	pgaa-cross-platform-dual-gate-v2	pgaa-cross-platform-matched-controls-v2
sunshine2023_calu3_crispri	Human Calu-3 epithelial CRISPRi	recorded_gem_group_holdout_4_vs_4	C18orf8	C18orf8	4	pgaa_w	70	5000	0.34	0.18	0.16	0.7270512898500515	0.401451027674041	pgaa-cross-platform-dual-gate-v2	pgaa-cross-platform-matched-controls-v2
sunshine2023_calu3_crispri	Human Calu-3 epithelial CRISPRi	recorded_gem_group_holdout_4_vs_4	C18orf8	C18orf8	4	pgaa_h	70	5000	0.08	0.0	0.08	0.1006328945096948	0.0302407935241116	pgaa-cross-platform-dual-gate-v2	pgaa-cross-platform-matched-controls-v2
sunshine2023_calu3_crispri	Human Calu-3 epithelial CRISPRi	recorded_gem_group_holdout_4_vs_4	C18orf8	C18orf8	4	absolute_mean_shift	70	5000	0.32	0.15	0.17	0.3158046207517641	0.1117588682517191	pgaa-cross-platform-dual-gate-v2	pgaa-cross-platform-matched-controls-v2
sunshine2023_calu3_crispri	Human Calu-3 epithelial CRISPRi	recorded_gem_group_holdout_4_vs_4	C18orf8	C18orf8	4	welch_abs_t	70	5000	0.06	0.02	0.0399999999999999	0.0888906490617593	-0.0083121630204865	pgaa-cross-platform-dual-gate-v2	pgaa-cross-platform-matched-controls-v2
sunshine2023_calu3_crispri	Human Calu-3 epithelial CRISPRi	recorded_gem_group_holdout_4_vs_4	C19orf66	C19orf66	0	pgaa_w	70	4999	0.38	0.06	0.32	0.806113523881247	0.4012534586629211	pgaa-cross-platform-dual-gate-v2	pgaa-cross-platform-matched-controls-v2
sunshine2023_calu3_crispri	Human Calu-3 epithelial CRISPRi	recorded_gem_group_holdout_4_vs_4	C19orf66	C19orf66	0	pgaa_h	70	4999	0.02	0.03	-0.0099999999999999	0.0715419434085696	0.0164314551739594	pgaa-cross-platform-dual-gate-v2	pgaa-cross-platform-matched-controls-v2
sunshine2023_calu3_crispri	Human Calu-3 epithelial CRISPRi	recorded_gem_group_holdout_4_vs_4	C19orf66	C19orf66	0	absolute_mean_shift	70	4999	0.35	0.06	0.29	0.4213967785735154	0.1398379292319293	pgaa-cross-platform-dual-gate-v2	pgaa-cross-platform-matched-controls-v2
sunshine2023_calu3_crispri	Human Calu-3 epithelial CRISPRi	recorded_gem_group_holdout_4_vs_4	C19orf66	C19orf66	0	welch_abs_t	70	4999	0.09	0.01	0.08	0.1520669673430484	0.0063736259376725	pgaa-cross-platform-dual-gate-v2	pgaa-cross-platform-matched-controls-v2
sunshine2023_calu3_crispri	Human Calu-3 epithelial CRISPRi	recorded_gem_group_holdout_4_vs_4	C19orf66	C19orf66	1	pgaa_w	70	4999	0.4	0.17	0.23	0.7103127599829692	0.3946178466905867	pgaa-cross-platform-dual-gate-v2	pgaa-cross-platform-matched-controls-v2
sunshine2023_calu3_crispri	Human Calu-3 epithelial CRISPRi	recorded_gem_group_holdout_4_vs_4	C19orf66	C19orf66	1	pgaa_h	70	4999	0.01	0.05	-0.04	0.0156272642622389	0.0159962136211634	pgaa-cross-platform-dual-gate-v2	pgaa-cross-platform-matched-controls-v2
sunshine2023_calu3_crispri	Human Calu-3 epithelial CRISPRi	recorded_gem_group_holdout_4_vs_4	C19orf66	C19orf66	1	absolute_mean_shift	70	4999	0.35	0.13	0.2199999999999999	0.3321169170768635	0.0998766999522323	pgaa-cross-platform-dual-gate-v2	pgaa-cross-platform-matched-controls-v2
sunshine2023_calu3_crispri	Human Calu-3 epithelial CRISPRi	recorded_gem_group_holdout_4_vs_4	C19orf66	C19orf66	1	welch_abs_t	70	4999	0.11	0.02	0.09	0.1431534830375439	-0.0120572514022612	pgaa-cross-platform-dual-gate-v2	pgaa-cross-platform-matched-controls-v2
sunshine2023_calu3_crispri	Human Calu-3 epithelial CRISPRi	recorded_gem_group_holdout_4_vs_4	C19orf66	C19orf66	2	pgaa_w	70	4999	0.39	0.18	0.21	0.7344178290640123	0.4974804363033471	pgaa-cross-platform-dual-gate-v2	pgaa-cross-platform-matched-controls-v2
sunshine2023_calu3_crispri	Human Calu-3 epithelial CRISPRi	recorded_gem_group_holdout_4_vs_4	C19orf66	C19orf66	2	pgaa_h	70	4999	0.04	0.03	0.01	0.0622909452155246	0.0184076379253586	pgaa-cross-platform-dual-gate-v2	pgaa-cross-platform-matched-controls-v2
sunshine2023_calu3_crispri	Human Calu-3 epithelial CRISPRi	recorded_gem_group_holdout_4_vs_4	C19orf66	C19orf66	2	absolute_mean_shift	70	4999	0.37	0.15	0.22	0.3585543031467543	0.1960958429380954	pgaa-cross-platform-dual-gate-v2	pgaa-cross-platform-matched-controls-v2
sunshine2023_calu3_crispri	Human Calu-3 epithelial CRISPRi	recorded_gem_group_holdout_4_vs_4	C19orf66	C19orf66	2	welch_abs_t	70	4999	0.15	0.02	0.13	0.1652321166754359	-0.0078101838858917	pgaa-cross-platform-dual-gate-v2	pgaa-cross-platform-matched-controls-v2
sunshine2023_calu3_crispri	Human Calu-3 epithelial CRISPRi	recorded_gem_group_holdout_4_vs_4	C19orf66	C19orf66	3	pgaa_w	70	4999	0.23	0.17	0.06	0.7957172176812314	0.3721557899094825	pgaa-cross-platform-dual-gate-v2	pgaa-cross-platform-matched-controls-v2
sunshine2023_calu3_crispri	Human Calu-3 epithelial CRISPRi	recorded_gem_group_holdout_4_vs_4	C19orf66	C19orf66	3	pgaa_h	70	4999	0.04	0.06	-0.0199999999999999	0.1000869532151618	0.0428852472421602	pgaa-cross-platform-dual-gate-v2	pgaa-cross-platform-matched-controls-v2
sunshine2023_calu3_crispri	Human Calu-3 epithelial CRISPRi	recorded_gem_group_holdout_4_vs_4	C19orf66	C19orf66	3	absolute_mean_shift	70	4999	0.2	0.14	0.06	0.405998033518012	0.1342742027493811	pgaa-cross-platform-dual-gate-v2	pgaa-cross-platform-matched-controls-v2
sunshine2023_calu3_crispri	Human Calu-3 epithelial CRISPRi	recorded_gem_group_holdout_4_vs_4	C19orf66	C19orf66	3	welch_abs_t	70	4999	0.0	0.02	-0.02	0.0950780023974801	0.0152129851660608	pgaa-cross-platform-dual-gate-v2	pgaa-cross-platform-matched-controls-v2
sunshine2023_calu3_crispri	Human Calu-3 epithelial CRISPRi	recorded_gem_group_holdout_4_vs_4	C19orf66	C19orf66	4	pgaa_w	70	4999	0.32	0.19	0.13	0.8515941155097768	0.4338501873724085	pgaa-cross-platform-dual-gate-v2	pgaa-cross-platform-matched-controls-v2
sunshine2023_calu3_crispri	Human Calu-3 epithelial CRISPRi	recorded_gem_group_holdout_4_vs_4	C19orf66	C19orf66	4	pgaa_h	70	4999	0.06	0.04	0.0199999999999999	0.117777044100371	0.0275294351765904	pgaa-cross-platform-dual-gate-v2	pgaa-cross-platform-matched-controls-v2
sunshine2023_calu3_crispri	Human Calu-3 epithelial CRISPRi	recorded_gem_group_holdout_4_vs_4	C19orf66	C19orf66	4	absolute_mean_shift	70	4999	0.37	0.15	0.22	0.454732637390737	0.1593980088733088	pgaa-cross-platform-dual-gate-v2	pgaa-cross-platform-matched-controls-v2
sunshine2023_calu3_crispri	Human Calu-3 epithelial CRISPRi	recorded_gem_group_holdout_4_vs_4	C19orf66	C19orf66	4	welch_abs_t	70	4999	0.13	0.02	0.11	0.1286369398791469	0.0078438495384033	pgaa-cross-platform-dual-gate-v2	pgaa-cross-platform-matched-controls-v2
mcfarland2020_cancer_mixseq_drug	Human multi-lineage cancer Mix-seq drug panel	treatment_time_holdout_1_vs_1	BICR31|Bortezomib|2.5		0	pgaa_w	70	5000	0.1	0.09	0.01	0.3417674441666977	0.3412971943878877	pgaa-cross-platform-dual-gate-v2	pgaa-cross-platform-matched-controls-v2
mcfarland2020_cancer_mixseq_drug	Human multi-lineage cancer Mix-seq drug panel	treatment_time_holdout_1_vs_1	BICR31|Bortezomib|2.5		0	pgaa_h	70	5000	0.03	0.02	0.0099999999999999	0.0996182851789249	0.1069453514048683	pgaa-cross-platform-dual-gate-v2	pgaa-cross-platform-matched-controls-v2
mcfarland2020_cancer_mixseq_drug	Human multi-lineage cancer Mix-seq drug panel	treatment_time_holdout_1_vs_1	BICR31|Bortezomib|2.5		0	absolute_mean_shift	70	5000	0.1	0.05	0.05	0.1621831908151124	0.0638109266050314	pgaa-cross-platform-dual-gate-v2	pgaa-cross-platform-matched-controls-v2
mcfarland2020_cancer_mixseq_drug	Human multi-lineage cancer Mix-seq drug panel	treatment_time_holdout_1_vs_1	BICR31|Bortezomib|2.5		0	welch_abs_t	70	5000	0.09	0.01	0.08	0.0384490875859635	-0.0197505882460235	pgaa-cross-platform-dual-gate-v2	pgaa-cross-platform-matched-controls-v2
mcfarland2020_cancer_mixseq_drug	Human multi-lineage cancer Mix-seq drug panel	treatment_time_holdout_1_vs_1	BICR31|Bortezomib|2.5		1	pgaa_w	70	5000	0.12	0.12	0.0	0.3812094601763783	0.3672260499850419	pgaa-cross-platform-dual-gate-v2	pgaa-cross-platform-matched-controls-v2
mcfarland2020_cancer_mixseq_drug	Human multi-lineage cancer Mix-seq drug panel	treatment_time_holdout_1_vs_1	BICR31|Bortezomib|2.5		1	pgaa_h	70	5000	0.02	0.02	0.0	0.048595831581072	0.0731670942623483	pgaa-cross-platform-dual-gate-v2	pgaa-cross-platform-matched-controls-v2
mcfarland2020_cancer_mixseq_drug	Human multi-lineage cancer Mix-seq drug panel	treatment_time_holdout_1_vs_1	BICR31|Bortezomib|2.5		1	absolute_mean_shift	70	5000	0.12	0.09	0.03	0.168725542237417	0.0943115212305686	pgaa-cross-platform-dual-gate-v2	pgaa-cross-platform-matched-controls-v2
mcfarland2020_cancer_mixseq_drug	Human multi-lineage cancer Mix-seq drug panel	treatment_time_holdout_1_vs_1	BICR31|Bortezomib|2.5		1	welch_abs_t	70	5000	0.05	0.03	0.02	0.0315716175043801	0.0258911818842686	pgaa-cross-platform-dual-gate-v2	pgaa-cross-platform-matched-controls-v2
mcfarland2020_cancer_mixseq_drug	Human multi-lineage cancer Mix-seq drug panel	treatment_time_holdout_1_vs_1	BICR31|Bortezomib|2.5		2	pgaa_w	70	5000	0.14	0.17	-0.03	0.4065583894463355	0.3516205036328201	pgaa-cross-platform-dual-gate-v2	pgaa-cross-platform-matched-controls-v2
mcfarland2020_cancer_mixseq_drug	Human multi-lineage cancer Mix-seq drug panel	treatment_time_holdout_1_vs_1	BICR31|Bortezomib|2.5		2	pgaa_h	70	5000	0.01	0.02	-0.01	0.0798544641856869	0.0921535428048208	pgaa-cross-platform-dual-gate-v2	pgaa-cross-platform-matched-controls-v2
mcfarland2020_cancer_mixseq_drug	Human multi-lineage cancer Mix-seq drug panel	treatment_time_holdout_1_vs_1	BICR31|Bortezomib|2.5		2	absolute_mean_shift	70	5000	0.13	0.08	0.05	0.1813770305830812	0.0815169498285036	pgaa-cross-platform-dual-gate-v2	pgaa-cross-platform-matched-controls-v2
mcfarland2020_cancer_mixseq_drug	Human multi-lineage cancer Mix-seq drug panel	treatment_time_holdout_1_vs_1	BICR31|Bortezomib|2.5		2	welch_abs_t	70	5000	0.08	0.0	0.08	0.0374897277244888	0.0024895726117621	pgaa-cross-platform-dual-gate-v2	pgaa-cross-platform-matched-controls-v2
mcfarland2020_cancer_mixseq_drug	Human multi-lineage cancer Mix-seq drug panel	treatment_time_holdout_1_vs_1	BICR31|Bortezomib|2.5		3	pgaa_w	70	5000	0.1	0.13	-0.03	0.3809548315901932	0.3377869665354785	pgaa-cross-platform-dual-gate-v2	pgaa-cross-platform-matched-controls-v2
mcfarland2020_cancer_mixseq_drug	Human multi-lineage cancer Mix-seq drug panel	treatment_time_holdout_1_vs_1	BICR31|Bortezomib|2.5		3	pgaa_h	70	5000	0.04	0.02	0.02	0.046786817461052	0.0750526935725539	pgaa-cross-platform-dual-gate-v2	pgaa-cross-platform-matched-controls-v2
mcfarland2020_cancer_mixseq_drug	Human multi-lineage cancer Mix-seq drug panel	treatment_time_holdout_1_vs_1	BICR31|Bortezomib|2.5		3	absolute_mean_shift	70	5000	0.11	0.07	0.0399999999999999	0.2086227474219168	0.0836996060560018	pgaa-cross-platform-dual-gate-v2	pgaa-cross-platform-matched-controls-v2
mcfarland2020_cancer_mixseq_drug	Human multi-lineage cancer Mix-seq drug panel	treatment_time_holdout_1_vs_1	BICR31|Bortezomib|2.5		3	welch_abs_t	70	5000	0.04	0.04	0.0	0.0595907731530611	0.0177738297029531	pgaa-cross-platform-dual-gate-v2	pgaa-cross-platform-matched-controls-v2
mcfarland2020_cancer_mixseq_drug	Human multi-lineage cancer Mix-seq drug panel	treatment_time_holdout_1_vs_1	BICR31|Bortezomib|2.5		4	pgaa_w	70	5000	0.08	0.16	-0.08	0.3796991387719655	0.3462156847926274	pgaa-cross-platform-dual-gate-v2	pgaa-cross-platform-matched-controls-v2
mcfarland2020_cancer_mixseq_drug	Human multi-lineage cancer Mix-seq drug panel	treatment_time_holdout_1_vs_1	BICR31|Bortezomib|2.5		4	pgaa_h	70	5000	0.01	0.09	-0.08	0.0553908700647548	0.0870325763011042	pgaa-cross-platform-dual-gate-v2	pgaa-cross-platform-matched-controls-v2
mcfarland2020_cancer_mixseq_drug	Human multi-lineage cancer Mix-seq drug panel	treatment_time_holdout_1_vs_1	BICR31|Bortezomib|2.5		4	absolute_mean_shift	70	5000	0.09	0.1	-0.01	0.1897225608620091	0.0833841719373729	pgaa-cross-platform-dual-gate-v2	pgaa-cross-platform-matched-controls-v2
mcfarland2020_cancer_mixseq_drug	Human multi-lineage cancer Mix-seq drug panel	treatment_time_holdout_1_vs_1	BICR31|Bortezomib|2.5		4	welch_abs_t	70	5000	0.09	0.01	0.08	0.0440833152363906	-0.0131904875996195	pgaa-cross-platform-dual-gate-v2	pgaa-cross-platform-matched-controls-v2
mcfarland2020_cancer_mixseq_drug	Human multi-lineage cancer Mix-seq drug panel	treatment_time_holdout_1_vs_1	BICR31|Idasanutlin|2.5		0	pgaa_w	70	5000	0.38	0.15	0.23	0.5217153879726154	0.3639536604141463	pgaa-cross-platform-dual-gate-v2	pgaa-cross-platform-matched-controls-v2
mcfarland2020_cancer_mixseq_drug	Human multi-lineage cancer Mix-seq drug panel	treatment_time_holdout_1_vs_1	BICR31|Idasanutlin|2.5		0	pgaa_h	70	5000	0.04	0.02	0.02	0.0704742206063336	0.0748894413758582	pgaa-cross-platform-dual-gate-v2	pgaa-cross-platform-matched-controls-v2
mcfarland2020_cancer_mixseq_drug	Human multi-lineage cancer Mix-seq drug panel	treatment_time_holdout_1_vs_1	BICR31|Idasanutlin|2.5		0	absolute_mean_shift	70	5000	0.36	0.06	0.3	0.3989592340542445	0.0733444085905776	pgaa-cross-platform-dual-gate-v2	pgaa-cross-platform-matched-controls-v2
mcfarland2020_cancer_mixseq_drug	Human multi-lineage cancer Mix-seq drug panel	treatment_time_holdout_1_vs_1	BICR31|Idasanutlin|2.5		0	welch_abs_t	70	5000	0.34	0.01	0.33	0.2766546353128251	0.005095004508167	pgaa-cross-platform-dual-gate-v2	pgaa-cross-platform-matched-controls-v2
mcfarland2020_cancer_mixseq_drug	Human multi-lineage cancer Mix-seq drug panel	treatment_time_holdout_1_vs_1	BICR31|Idasanutlin|2.5		1	pgaa_w	70	5000	0.36	0.16	0.1999999999999999	0.5061157826766314	0.3379473929098956	pgaa-cross-platform-dual-gate-v2	pgaa-cross-platform-matched-controls-v2
mcfarland2020_cancer_mixseq_drug	Human multi-lineage cancer Mix-seq drug panel	treatment_time_holdout_1_vs_1	BICR31|Idasanutlin|2.5		1	pgaa_h	70	5000	0.05	0.02	0.03	0.0387709672727838	0.0988991417192651	pgaa-cross-platform-dual-gate-v2	pgaa-cross-platform-matched-controls-v2
mcfarland2020_cancer_mixseq_drug	Human multi-lineage cancer Mix-seq drug panel	treatment_time_holdout_1_vs_1	BICR31|Idasanutlin|2.5		1	absolute_mean_shift	70	5000	0.36	0.1	0.26	0.3942176571985512	0.0653859214361446	pgaa-cross-platform-dual-gate-v2	pgaa-cross-platform-matched-controls-v2
mcfarland2020_cancer_mixseq_drug	Human multi-lineage cancer Mix-seq drug panel	treatment_time_holdout_1_vs_1	BICR31|Idasanutlin|2.5		1	welch_abs_t	70	5000	0.37	0.01	0.36	0.2756182746087309	-0.016262336475274	pgaa-cross-platform-dual-gate-v2	pgaa-cross-platform-matched-controls-v2
mcfarland2020_cancer_mixseq_drug	Human multi-lineage cancer Mix-seq drug panel	treatment_time_holdout_1_vs_1	BICR31|Idasanutlin|2.5		2	pgaa_w	70	5000	0.42	0.09	0.3299999999999999	0.511562673326507	0.3494571113862844	pgaa-cross-platform-dual-gate-v2	pgaa-cross-platform-matched-controls-v2
mcfarland2020_cancer_mixseq_drug	Human multi-lineage cancer Mix-seq drug panel	treatment_time_holdout_1_vs_1	BICR31|Idasanutlin|2.5		2	pgaa_h	70	5000	0.04	0.03	0.01	0.0704588880645274	0.0619251934792098	pgaa-cross-platform-dual-gate-v2	pgaa-cross-platform-matched-controls-v2
mcfarland2020_cancer_mixseq_drug	Human multi-lineage cancer Mix-seq drug panel	treatment_time_holdout_1_vs_1	BICR31|Idasanutlin|2.5		2	absolute_mean_shift	70	5000	0.41	0.04	0.37	0.374639851209594	0.0849455907360171	pgaa-cross-platform-dual-gate-v2	pgaa-cross-platform-matched-controls-v2
mcfarland2020_cancer_mixseq_drug	Human multi-lineage cancer Mix-seq drug panel	treatment_time_holdout_1_vs_1	BICR31|Idasanutlin|2.5		2	welch_abs_t	70	5000	0.36	0.04	0.32	0.2641136152365446	0.0165680584715176	pgaa-cross-platform-dual-gate-v2	pgaa-cross-platform-matched-controls-v2
mcfarland2020_cancer_mixseq_drug	Human multi-lineage cancer Mix-seq drug panel	treatment_time_holdout_1_vs_1	BICR31|Idasanutlin|2.5		3	pgaa_w	70	5000	0.42	0.16	0.26	0.511604578480183	0.3457382575735302	pgaa-cross-platform-dual-gate-v2	pgaa-cross-platform-matched-controls-v2
mcfarland2020_cancer_mixseq_drug	Human multi-lineage cancer Mix-seq drug panel	treatment_time_holdout_1_vs_1	BICR31|Idasanutlin|2.5		3	pgaa_h	70	5000	0.04	0.01	0.03	0.0644595805074999	0.0596011984380916	pgaa-cross-platform-dual-gate-v2	pgaa-cross-platform-matched-controls-v2
mcfarland2020_cancer_mixseq_drug	Human multi-lineage cancer Mix-seq drug panel	treatment_time_holdout_1_vs_1	BICR31|Idasanutlin|2.5		3	absolute_mean_shift	70	5000	0.41	0.1	0.3099999999999999	0.3892230519422876	0.0854523058804482	pgaa-cross-platform-dual-gate-v2	pgaa-cross-platform-matched-controls-v2
mcfarland2020_cancer_mixseq_drug	Human multi-lineage cancer Mix-seq drug panel	treatment_time_holdout_1_vs_1	BICR31|Idasanutlin|2.5		3	welch_abs_t	70	5000	0.35	0.02	0.3299999999999999	0.270700102732004	0.0131896963682209	pgaa-cross-platform-dual-gate-v2	pgaa-cross-platform-matched-controls-v2
mcfarland2020_cancer_mixseq_drug	Human multi-lineage cancer Mix-seq drug panel	treatment_time_holdout_1_vs_1	BICR31|Idasanutlin|2.5		4	pgaa_w	70	5000	0.39	0.21	0.18	0.4908007716960308	0.3590850438354017	pgaa-cross-platform-dual-gate-v2	pgaa-cross-platform-matched-controls-v2
mcfarland2020_cancer_mixseq_drug	Human multi-lineage cancer Mix-seq drug panel	treatment_time_holdout_1_vs_1	BICR31|Idasanutlin|2.5		4	pgaa_h	70	5000	0.02	0.02	0.0	0.0710091891197824	0.0779701694090678	pgaa-cross-platform-dual-gate-v2	pgaa-cross-platform-matched-controls-v2
mcfarland2020_cancer_mixseq_drug	Human multi-lineage cancer Mix-seq drug panel	treatment_time_holdout_1_vs_1	BICR31|Idasanutlin|2.5		4	absolute_mean_shift	70	5000	0.38	0.12	0.26	0.3675597508072114	0.0857706550911771	pgaa-cross-platform-dual-gate-v2	pgaa-cross-platform-matched-controls-v2
mcfarland2020_cancer_mixseq_drug	Human multi-lineage cancer Mix-seq drug panel	treatment_time_holdout_1_vs_1	BICR31|Idasanutlin|2.5		4	welch_abs_t	70	5000	0.38	0.04	0.34	0.248846451137858	-0.0022417488896699	pgaa-cross-platform-dual-gate-v2	pgaa-cross-platform-matched-controls-v2
mcfarland2020_cancer_mixseq_drug	Human multi-lineage cancer Mix-seq drug panel	treatment_time_holdout_1_vs_1	BICR31|Trametinib|0.1		0	pgaa_w	70	5000	0.37	0.1	0.27	0.5325802341992093	0.3533532449501297	pgaa-cross-platform-dual-gate-v2	pgaa-cross-platform-matched-controls-v2
mcfarland2020_cancer_mixseq_drug	Human multi-lineage cancer Mix-seq drug panel	treatment_time_holdout_1_vs_1	BICR31|Trametinib|0.1		0	pgaa_h	70	5000	0.04	0.02	0.02	0.1502791529965046	0.1016347918267118	pgaa-cross-platform-dual-gate-v2	pgaa-cross-platform-matched-controls-v2
mcfarland2020_cancer_mixseq_drug	Human multi-lineage cancer Mix-seq drug panel	treatment_time_holdout_1_vs_1	BICR31|Trametinib|0.1		0	absolute_mean_shift	70	5000	0.36	0.07	0.29	0.2830301857440001	0.0826900485155401	pgaa-cross-platform-dual-gate-v2	pgaa-cross-platform-matched-controls-v2
mcfarland2020_cancer_mixseq_drug	Human multi-lineage cancer Mix-seq drug panel	treatment_time_holdout_1_vs_1	BICR31|Trametinib|0.1		0	welch_abs_t	70	5000	0.3	0.01	0.29	0.1609493125499724	-0.0072648974425958	pgaa-cross-platform-dual-gate-v2	pgaa-cross-platform-matched-controls-v2
mcfarland2020_cancer_mixseq_drug	Human multi-lineage cancer Mix-seq drug panel	treatment_time_holdout_1_vs_1	BICR31|Trametinib|0.1		1	pgaa_w	70	5000	0.43	0.07	0.36	0.5377724647748986	0.3467665416466616	pgaa-cross-platform-dual-gate-v2	pgaa-cross-platform-matched-controls-v2
mcfarland2020_cancer_mixseq_drug	Human multi-lineage cancer Mix-seq drug panel	treatment_time_holdout_1_vs_1	BICR31|Trametinib|0.1		1	pgaa_h	70	5000	0.03	0.01	0.0199999999999999	0.1315692783677414	0.0613665924457461	pgaa-cross-platform-dual-gate-v2	pgaa-cross-platform-matched-controls-v2
mcfarland2020_cancer_mixseq_drug	Human multi-lineage cancer Mix-seq drug panel	treatment_time_holdout_1_vs_1	BICR31|Trametinib|0.1		1	absolute_mean_shift	70	5000	0.42	0.03	0.39	0.2739023895809639	0.0746668039786721	pgaa-cross-platform-dual-gate-v2	pgaa-cross-platform-matched-controls-v2
mcfarland2020_cancer_mixseq_drug	Human multi-lineage cancer Mix-seq drug panel	treatment_time_holdout_1_vs_1	BICR31|Trametinib|0.1		1	welch_abs_t	70	5000	0.35	0.03	0.3199999999999999	0.1469611463815	-0.0022260418490416	pgaa-cross-platform-dual-gate-v2	pgaa-cross-platform-matched-controls-v2
mcfarland2020_cancer_mixseq_drug	Human multi-lineage cancer Mix-seq drug panel	treatment_time_holdout_1_vs_1	BICR31|Trametinib|0.1		2	pgaa_w	70	5000	0.45	0.11	0.34	0.5443739688789586	0.3567854558074182	pgaa-cross-platform-dual-gate-v2	pgaa-cross-platform-matched-controls-v2
mcfarland2020_cancer_mixseq_drug	Human multi-lineage cancer Mix-seq drug panel	treatment_time_holdout_1_vs_1	BICR31|Trametinib|0.1		2	pgaa_h	70	5000	0.01	0.04	-0.03	0.0956954670367661	0.061118792507288	pgaa-cross-platform-dual-gate-v2	pgaa-cross-platform-matched-controls-v2
mcfarland2020_cancer_mixseq_drug	Human multi-lineage cancer Mix-seq drug panel	treatment_time_holdout_1_vs_1	BICR31|Trametinib|0.1		2	absolute_mean_shift	70	5000	0.43	0.1	0.3299999999999999	0.3197567034616165	0.0807252682728855	pgaa-cross-platform-dual-gate-v2	pgaa-cross-platform-matched-controls-v2
mcfarland2020_cancer_mixseq_drug	Human multi-lineage cancer Mix-seq drug panel	treatment_time_holdout_1_vs_1	BICR31|Trametinib|0.1		2	welch_abs_t	70	5000	0.36	0.01	0.35	0.1872891164195646	-0.002322433388953	pgaa-cross-platform-dual-gate-v2	pgaa-cross-platform-matched-controls-v2
mcfarland2020_cancer_mixseq_drug	Human multi-lineage cancer Mix-seq drug panel	treatment_time_holdout_1_vs_1	BICR31|Trametinib|0.1		3	pgaa_w	70	5000	0.31	0.09	0.22	0.5455584544623381	0.374895477619819	pgaa-cross-platform-dual-gate-v2	pgaa-cross-platform-matched-controls-v2
mcfarland2020_cancer_mixseq_drug	Human multi-lineage cancer Mix-seq drug panel	treatment_time_holdout_1_vs_1	BICR31|Trametinib|0.1		3	pgaa_h	70	5000	0.06	0.04	0.0199999999999999	0.1514131914253244	0.0814510990818494	pgaa-cross-platform-dual-gate-v2	pgaa-cross-platform-matched-controls-v2
mcfarland2020_cancer_mixseq_drug	Human multi-lineage cancer Mix-seq drug panel	treatment_time_holdout_1_vs_1	BICR31|Trametinib|0.1		3	absolute_mean_shift	70	5000	0.29	0.07	0.2199999999999999	0.2691979887233018	0.135055283216694	pgaa-cross-platform-dual-gate-v2	pgaa-cross-platform-matched-controls-v2
mcfarland2020_cancer_mixseq_drug	Human multi-lineage cancer Mix-seq drug panel	treatment_time_holdout_1_vs_1	BICR31|Trametinib|0.1		3	welch_abs_t	70	5000	0.3	0.04	0.26	0.1352722009373811	0.0259458106864551	pgaa-cross-platform-dual-gate-v2	pgaa-cross-platform-matched-controls-v2
mcfarland2020_cancer_mixseq_drug	Human multi-lineage cancer Mix-seq drug panel	treatment_time_holdout_1_vs_1	BICR31|Trametinib|0.1		4	pgaa_w	70	5000	0.37	0.1	0.27	0.4996207067688282	0.3547657914066316	pgaa-cross-platform-dual-gate-v2	pgaa-cross-platform-matched-controls-v2
mcfarland2020_cancer_mixseq_drug	Human multi-lineage cancer Mix-seq drug panel	treatment_time_holdout_1_vs_1	BICR31|Trametinib|0.1		4	pgaa_h	70	5000	0.03	0.0	0.03	0.1296789707937548	0.0613162854075831	pgaa-cross-platform-dual-gate-v2	pgaa-cross-platform-matched-controls-v2
mcfarland2020_cancer_mixseq_drug	Human multi-lineage cancer Mix-seq drug panel	treatment_time_holdout_1_vs_1	BICR31|Trametinib|0.1		4	absolute_mean_shift	70	5000	0.38	0.11	0.27	0.2536036283262317	0.0657174227918513	pgaa-cross-platform-dual-gate-v2	pgaa-cross-platform-matched-controls-v2
mcfarland2020_cancer_mixseq_drug	Human multi-lineage cancer Mix-seq drug panel	treatment_time_holdout_1_vs_1	BICR31|Trametinib|0.1		4	welch_abs_t	70	5000	0.29	0.03	0.26	0.1284961093540122	-0.0216152892486115	pgaa-cross-platform-dual-gate-v2	pgaa-cross-platform-matched-controls-v2
mcfarland2020_cancer_mixseq_drug	Human multi-lineage cancer Mix-seq drug panel	treatment_time_holdout_1_vs_1	CAL62|BRD3379|0.0		0	pgaa_w	70	5000	0.21	0.16	0.0499999999999999	0.3669492817819713	0.3879385587495423	pgaa-cross-platform-dual-gate-v2	pgaa-cross-platform-matched-controls-v2
mcfarland2020_cancer_mixseq_drug	Human multi-lineage cancer Mix-seq drug panel	treatment_time_holdout_1_vs_1	CAL62|BRD3379|0.0		0	pgaa_h	70	5000	0.03	0.02	0.0099999999999999	0.0969929651952718	0.0929160100276465	pgaa-cross-platform-dual-gate-v2	pgaa-cross-platform-matched-controls-v2
mcfarland2020_cancer_mixseq_drug	Human multi-lineage cancer Mix-seq drug panel	treatment_time_holdout_1_vs_1	CAL62|BRD3379|0.0		0	absolute_mean_shift	70	5000	0.18	0.08	0.0999999999999999	0.2092922322537352	0.1089815089081848	pgaa-cross-platform-dual-gate-v2	pgaa-cross-platform-matched-controls-v2
mcfarland2020_cancer_mixseq_drug	Human multi-lineage cancer Mix-seq drug panel	treatment_time_holdout_1_vs_1	CAL62|BRD3379|0.0		0	welch_abs_t	70	5000	0.12	0.02	0.0999999999999999	0.0514932637422022	0.0220168595686743	pgaa-cross-platform-dual-gate-v2	pgaa-cross-platform-matched-controls-v2
mcfarland2020_cancer_mixseq_drug	Human multi-lineage cancer Mix-seq drug panel	treatment_time_holdout_1_vs_1	CAL62|BRD3379|0.0		1	pgaa_w	70	5000	0.16	0.15	0.01	0.3468404179696167	0.3767710972788439	pgaa-cross-platform-dual-gate-v2	pgaa-cross-platform-matched-controls-v2
mcfarland2020_cancer_mixseq_drug	Human multi-lineage cancer Mix-seq drug panel	treatment_time_holdout_1_vs_1	CAL62|BRD3379|0.0		1	pgaa_h	70	5000	0.02	0.03	-0.0099999999999999	0.1461836973881395	0.1073740848405138	pgaa-cross-platform-dual-gate-v2	pgaa-cross-platform-matched-controls-v2
mcfarland2020_cancer_mixseq_drug	Human multi-lineage cancer Mix-seq drug panel	treatment_time_holdout_1_vs_1	CAL62|BRD3379|0.0		1	absolute_mean_shift	70	5000	0.13	0.13	0.0	0.1941279331230945	0.0874718793653717	pgaa-cross-platform-dual-gate-v2	pgaa-cross-platform-matched-controls-v2
mcfarland2020_cancer_mixseq_drug	Human multi-lineage cancer Mix-seq drug panel	treatment_time_holdout_1_vs_1	CAL62|BRD3379|0.0		1	welch_abs_t	70	5000	0.08	0.02	0.06	0.0458539474661578	0.0036206819049141	pgaa-cross-platform-dual-gate-v2	pgaa-cross-platform-matched-controls-v2
mcfarland2020_cancer_mixseq_drug	Human multi-lineage cancer Mix-seq drug panel	treatment_time_holdout_1_vs_1	CAL62|BRD3379|0.0		2	pgaa_w	70	5000	0.17	0.16	0.01	0.404422176336887	0.3712474909138996	pgaa-cross-platform-dual-gate-v2	pgaa-cross-platform-matched-controls-v2
mcfarland2020_cancer_mixseq_drug	Human multi-lineage cancer Mix-seq drug panel	treatment_time_holdout_1_vs_1	CAL62|BRD3379|0.0		2	pgaa_h	70	5000	0.03	0.03	0.0	0.138991508831161	0.0861800676310931	pgaa-cross-platform-dual-gate-v2	pgaa-cross-platform-matched-controls-v2
mcfarland2020_cancer_mixseq_drug	Human multi-lineage cancer Mix-seq drug panel	treatment_time_holdout_1_vs_1	CAL62|BRD3379|0.0		2	absolute_mean_shift	70	5000	0.14	0.13	0.01	0.2429182860745614	0.1075793233803367	pgaa-cross-platform-dual-gate-v2	pgaa-cross-platform-matched-controls-v2
mcfarland2020_cancer_mixseq_drug	Human multi-lineage cancer Mix-seq drug panel	treatment_time_holdout_1_vs_1	CAL62|BRD3379|0.0		2	welch_abs_t	70	5000	0.07	0.05	0.02	0.0791620068963801	-0.0079951553598062	pgaa-cross-platform-dual-gate-v2	pgaa-cross-platform-matched-controls-v2
mcfarland2020_cancer_mixseq_drug	Human multi-lineage cancer Mix-seq drug panel	treatment_time_holdout_1_vs_1	CAL62|BRD3379|0.0		3	pgaa_w	70	5000	0.16	0.1	0.06	0.4236794298751771	0.3789697206627888	pgaa-cross-platform-dual-gate-v2	pgaa-cross-platform-matched-controls-v2
mcfarland2020_cancer_mixseq_drug	Human multi-lineage cancer Mix-seq drug panel	treatment_time_holdout_1_vs_1	CAL62|BRD3379|0.0		3	pgaa_h	70	5000	0.02	0.03	-0.0099999999999999	0.1153440476007133	0.0813016909853985	pgaa-cross-platform-dual-gate-v2	pgaa-cross-platform-matched-controls-v2
mcfarland2020_cancer_mixseq_drug	Human multi-lineage cancer Mix-seq drug panel	treatment_time_holdout_1_vs_1	CAL62|BRD3379|0.0		3	absolute_mean_shift	70	5000	0.17	0.1	0.07	0.2688739154974096	0.1072003792077335	pgaa-cross-platform-dual-gate-v2	pgaa-cross-platform-matched-controls-v2
mcfarland2020_cancer_mixseq_drug	Human multi-lineage cancer Mix-seq drug panel	treatment_time_holdout_1_vs_1	CAL62|BRD3379|0.0		3	welch_abs_t	70	5000	0.1	0.01	0.09	0.0915687655871459	-0.0024825309634799	pgaa-cross-platform-dual-gate-v2	pgaa-cross-platform-matched-controls-v2
mcfarland2020_cancer_mixseq_drug	Human multi-lineage cancer Mix-seq drug panel	treatment_time_holdout_1_vs_1	CAL62|BRD3379|0.0		4	pgaa_w	70	5000	0.24	0.09	0.15	0.4024505436180217	0.3467823582232943	pgaa-cross-platform-dual-gate-v2	pgaa-cross-platform-matched-controls-v2
mcfarland2020_cancer_mixseq_drug	Human multi-lineage cancer Mix-seq drug panel	treatment_time_holdout_1_vs_1	CAL62|BRD3379|0.0		4	pgaa_h	70	5000	0.02	0.01	0.01	0.1792933416452639	0.1045743930830135	pgaa-cross-platform-dual-gate-v2	pgaa-cross-platform-matched-controls-v2
mcfarland2020_cancer_mixseq_drug	Human multi-lineage cancer Mix-seq drug panel	treatment_time_holdout_1_vs_1	CAL62|BRD3379|0.0		4	absolute_mean_shift	70	5000	0.2	0.05	0.15	0.277020812892778	0.0828805301851886	pgaa-cross-platform-dual-gate-v2	pgaa-cross-platform-matched-controls-v2
mcfarland2020_cancer_mixseq_drug	Human multi-lineage cancer Mix-seq drug panel	treatment_time_holdout_1_vs_1	CAL62|BRD3379|0.0		4	welch_abs_t	70	5000	0.08	0.01	0.07	0.1175407801896312	-0.0134371199614847	pgaa-cross-platform-dual-gate-v2	pgaa-cross-platform-matched-controls-v2
mcfarland2020_cancer_mixseq_drug	Human multi-lineage cancer Mix-seq drug panel	treatment_time_holdout_1_vs_1	CAOV3|BRD3379|0.0		0	pgaa_w	70	5000	0.16	0.19	-0.03	0.4110984087639363	0.3688185896327435	pgaa-cross-platform-dual-gate-v2	pgaa-cross-platform-matched-controls-v2
mcfarland2020_cancer_mixseq_drug	Human multi-lineage cancer Mix-seq drug panel	treatment_time_holdout_1_vs_1	CAOV3|BRD3379|0.0		0	pgaa_h	70	5000	0.01	0.03	-0.0199999999999999	0.1513798167571012	0.1032974068858094	pgaa-cross-platform-dual-gate-v2	pgaa-cross-platform-matched-controls-v2
mcfarland2020_cancer_mixseq_drug	Human multi-lineage cancer Mix-seq drug panel	treatment_time_holdout_1_vs_1	CAOV3|BRD3379|0.0		0	absolute_mean_shift	70	5000	0.14	0.1	0.04	0.149698329764268	0.0847088134965506	pgaa-cross-platform-dual-gate-v2	pgaa-cross-platform-matched-controls-v2
mcfarland2020_cancer_mixseq_drug	Human multi-lineage cancer Mix-seq drug panel	treatment_time_holdout_1_vs_1	CAOV3|BRD3379|0.0		0	welch_abs_t	70	5000	0.06	0.03	0.03	0.0295430532784311	-0.0131259099813514	pgaa-cross-platform-dual-gate-v2	pgaa-cross-platform-matched-controls-v2
mcfarland2020_cancer_mixseq_drug	Human multi-lineage cancer Mix-seq drug panel	treatment_time_holdout_1_vs_1	CAOV3|BRD3379|0.0		1	pgaa_w	70	5000	0.21	0.17	0.0399999999999999	0.4255414547816581	0.3887890473595618	pgaa-cross-platform-dual-gate-v2	pgaa-cross-platform-matched-controls-v2
mcfarland2020_cancer_mixseq_drug	Human multi-lineage cancer Mix-seq drug panel	treatment_time_holdout_1_vs_1	CAOV3|BRD3379|0.0		1	pgaa_h	70	5000	0.02	0.05	-0.03	0.1185392471821801	0.1225524341549629	pgaa-cross-platform-dual-gate-v2	pgaa-cross-platform-matched-controls-v2
mcfarland2020_cancer_mixseq_drug	Human multi-lineage cancer Mix-seq drug panel	treatment_time_holdout_1_vs_1	CAOV3|BRD3379|0.0		1	absolute_mean_shift	70	5000	0.21	0.07	0.1399999999999999	0.2108729592071622	0.1033715776967867	pgaa-cross-platform-dual-gate-v2	pgaa-cross-platform-matched-controls-v2
mcfarland2020_cancer_mixseq_drug	Human multi-lineage cancer Mix-seq drug panel	treatment_time_holdout_1_vs_1	CAOV3|BRD3379|0.0		1	welch_abs_t	70	5000	0.08	0.03	0.05	0.0639675219507008	-0.0168219043220873	pgaa-cross-platform-dual-gate-v2	pgaa-cross-platform-matched-controls-v2
mcfarland2020_cancer_mixseq_drug	Human multi-lineage cancer Mix-seq drug panel	treatment_time_holdout_1_vs_1	CAOV3|BRD3379|0.0		2	pgaa_w	70	5000	0.14	0.15	-0.0099999999999999	0.4067551551822062	0.3798448100417923	pgaa-cross-platform-dual-gate-v2	pgaa-cross-platform-matched-controls-v2
mcfarland2020_cancer_mixseq_drug	Human multi-lineage cancer Mix-seq drug panel	treatment_time_holdout_1_vs_1	CAOV3|BRD3379|0.0		2	pgaa_h	70	5000	0.04	0.04	0.0	0.1380282054976019	0.0955984428895633	pgaa-cross-platform-dual-gate-v2	pgaa-cross-platform-matched-controls-v2
mcfarland2020_cancer_mixseq_drug	Human multi-lineage cancer Mix-seq drug panel	treatment_time_holdout_1_vs_1	CAOV3|BRD3379|0.0		2	absolute_mean_shift	70	5000	0.16	0.08	0.08	0.1595660618943017	0.0670262560314847	pgaa-cross-platform-dual-gate-v2	pgaa-cross-platform-matched-controls-v2
mcfarland2020_cancer_mixseq_drug	Human multi-lineage cancer Mix-seq drug panel	treatment_time_holdout_1_vs_1	CAOV3|BRD3379|0.0		2	welch_abs_t	70	5000	0.02	0.01	0.01	0.0378968543798741	-0.0064947660197906	pgaa-cross-platform-dual-gate-v2	pgaa-cross-platform-matched-controls-v2
mcfarland2020_cancer_mixseq_drug	Human multi-lineage cancer Mix-seq drug panel	treatment_time_holdout_1_vs_1	CAOV3|BRD3379|0.0		3	pgaa_w	70	5000	0.18	0.2	-0.02	0.3995873995674959	0.3805301500372059	pgaa-cross-platform-dual-gate-v2	pgaa-cross-platform-matched-controls-v2
mcfarland2020_cancer_mixseq_drug	Human multi-lineage cancer Mix-seq drug panel	treatment_time_holdout_1_vs_1	CAOV3|BRD3379|0.0		3	pgaa_h	70	5000	0.06	0.02	0.0399999999999999	0.1374590792190485	0.0911320792969496	pgaa-cross-platform-dual-gate-v2	pgaa-cross-platform-matched-controls-v2
mcfarland2020_cancer_mixseq_drug	Human multi-lineage cancer Mix-seq drug panel	treatment_time_holdout_1_vs_1	CAOV3|BRD3379|0.0		3	absolute_mean_shift	70	5000	0.15	0.09	0.06	0.1640570202260303	0.0915887158367374	pgaa-cross-platform-dual-gate-v2	pgaa-cross-platform-matched-controls-v2
mcfarland2020_cancer_mixseq_drug	Human multi-lineage cancer Mix-seq drug panel	treatment_time_holdout_1_vs_1	CAOV3|BRD3379|0.0		3	welch_abs_t	70	5000	0.04	0.0	0.04	0.0366452939778117	0.0054027399601095	pgaa-cross-platform-dual-gate-v2	pgaa-cross-platform-matched-controls-v2
mcfarland2020_cancer_mixseq_drug	Human multi-lineage cancer Mix-seq drug panel	treatment_time_holdout_1_vs_1	CAOV3|BRD3379|0.0		4	pgaa_w	70	5000	0.21	0.15	0.06	0.420619102392764	0.3673299866931994	pgaa-cross-platform-dual-gate-v2	pgaa-cross-platform-matched-controls-v2
mcfarland2020_cancer_mixseq_drug	Human multi-lineage cancer Mix-seq drug panel	treatment_time_holdout_1_vs_1	CAOV3|BRD3379|0.0		4	pgaa_h	70	5000	0.03	0.02	0.0099999999999999	0.1214653428156579	0.0989698043738117	pgaa-cross-platform-dual-gate-v2	pgaa-cross-platform-matched-controls-v2
mcfarland2020_cancer_mixseq_drug	Human multi-lineage cancer Mix-seq drug panel	treatment_time_holdout_1_vs_1	CAOV3|BRD3379|0.0		4	absolute_mean_shift	70	5000	0.2	0.08	0.12	0.2211601253636363	0.1058237400318075	pgaa-cross-platform-dual-gate-v2	pgaa-cross-platform-matched-controls-v2
mcfarland2020_cancer_mixseq_drug	Human multi-lineage cancer Mix-seq drug panel	treatment_time_holdout_1_vs_1	CAOV3|BRD3379|0.0		4	welch_abs_t	70	5000	0.11	0.0	0.11	0.0831531356801211	0.0060907170756286	pgaa-cross-platform-dual-gate-v2	pgaa-cross-platform-matched-controls-v2
mcfarland2020_cancer_mixseq_drug	Human multi-lineage cancer Mix-seq drug panel	treatment_time_holdout_1_vs_1	CAOV3|Idasanutlin|2.5		0	pgaa_w	70	5000	0.37	0.2	0.1699999999999999	0.5518999563799981	0.3587485056459401	pgaa-cross-platform-dual-gate-v2	pgaa-cross-platform-matched-controls-v2
mcfarland2020_cancer_mixseq_drug	Human multi-lineage cancer Mix-seq drug panel	treatment_time_holdout_1_vs_1	CAOV3|Idasanutlin|2.5		0	pgaa_h	70	5000	0.02	0.02	0.0	0.095606431574116	0.1070997919941407	pgaa-cross-platform-dual-gate-v2	pgaa-cross-platform-matched-controls-v2
mcfarland2020_cancer_mixseq_drug	Human multi-lineage cancer Mix-seq drug panel	treatment_time_holdout_1_vs_1	CAOV3|Idasanutlin|2.5		0	absolute_mean_shift	70	5000	0.33	0.16	0.17	0.3756441988517988	0.0822581746422237	pgaa-cross-platform-dual-gate-v2	pgaa-cross-platform-matched-controls-v2
mcfarland2020_cancer_mixseq_drug	Human multi-lineage cancer Mix-seq drug panel	treatment_time_holdout_1_vs_1	CAOV3|Idasanutlin|2.5		0	welch_abs_t	70	5000	0.24	0.01	0.2299999999999999	0.2333781312287263	-0.0250994383645799	pgaa-cross-platform-dual-gate-v2	pgaa-cross-platform-matched-controls-v2
mcfarland2020_cancer_mixseq_drug	Human multi-lineage cancer Mix-seq drug panel	treatment_time_holdout_1_vs_1	CAOV3|Idasanutlin|2.5		1	pgaa_w	70	5000	0.34	0.15	0.19	0.5270416619136664	0.3898850957234037	pgaa-cross-platform-dual-gate-v2	pgaa-cross-platform-matched-controls-v2
mcfarland2020_cancer_mixseq_drug	Human multi-lineage cancer Mix-seq drug panel	treatment_time_holdout_1_vs_1	CAOV3|Idasanutlin|2.5		1	pgaa_h	70	5000	0.04	0.01	0.03	0.1231519260343121	0.0628173862701092	pgaa-cross-platform-dual-gate-v2	pgaa-cross-platform-matched-controls-v2
mcfarland2020_cancer_mixseq_drug	Human multi-lineage cancer Mix-seq drug panel	treatment_time_holdout_1_vs_1	CAOV3|Idasanutlin|2.5		1	absolute_mean_shift	70	5000	0.34	0.11	0.23	0.3726593206042605	0.1028552460034895	pgaa-cross-platform-dual-gate-v2	pgaa-cross-platform-matched-controls-v2
mcfarland2020_cancer_mixseq_drug	Human multi-lineage cancer Mix-seq drug panel	treatment_time_holdout_1_vs_1	CAOV3|Idasanutlin|2.5		1	welch_abs_t	70	5000	0.23	0.03	0.2	0.2254836174673446	0.0070844445073777	pgaa-cross-platform-dual-gate-v2	pgaa-cross-platform-matched-controls-v2
mcfarland2020_cancer_mixseq_drug	Human multi-lineage cancer Mix-seq drug panel	treatment_time_holdout_1_vs_1	CAOV3|Idasanutlin|2.5		2	pgaa_w	70	5000	0.28	0.12	0.16	0.5137942362317695	0.384586100279444	pgaa-cross-platform-dual-gate-v2	pgaa-cross-platform-matched-controls-v2
mcfarland2020_cancer_mixseq_drug	Human multi-lineage cancer Mix-seq drug panel	treatment_time_holdout_1_vs_1	CAOV3|Idasanutlin|2.5		2	pgaa_h	70	5000	0.07	0.0	0.07	0.0818196093109999	0.121321017540734	pgaa-cross-platform-dual-gate-v2	pgaa-cross-platform-matched-controls-v2
mcfarland2020_cancer_mixseq_drug	Human multi-lineage cancer Mix-seq drug panel	treatment_time_holdout_1_vs_1	CAOV3|Idasanutlin|2.5		2	absolute_mean_shift	70	5000	0.25	0.08	0.1699999999999999	0.3413817620474637	0.1163145320209559	pgaa-cross-platform-dual-gate-v2	pgaa-cross-platform-matched-controls-v2
mcfarland2020_cancer_mixseq_drug	Human multi-lineage cancer Mix-seq drug panel	treatment_time_holdout_1_vs_1	CAOV3|Idasanutlin|2.5		2	welch_abs_t	70	5000	0.21	0.01	0.1999999999999999	0.200470678130827	-0.0044365803216761	pgaa-cross-platform-dual-gate-v2	pgaa-cross-platform-matched-controls-v2
mcfarland2020_cancer_mixseq_drug	Human multi-lineage cancer Mix-seq drug panel	treatment_time_holdout_1_vs_1	CAOV3|Idasanutlin|2.5		3	pgaa_w	70	5000	0.45	0.13	0.32	0.5223951974078078	0.4077021035400841	pgaa-cross-platform-dual-gate-v2	pgaa-cross-platform-matched-controls-v2
mcfarland2020_cancer_mixseq_drug	Human multi-lineage cancer Mix-seq drug panel	treatment_time_holdout_1_vs_1	CAOV3|Idasanutlin|2.5		3	pgaa_h	70	5000	0.01	0.04	-0.03	0.0778897608798518	0.1245962444258476	pgaa-cross-platform-dual-gate-v2	pgaa-cross-platform-matched-controls-v2
mcfarland2020_cancer_mixseq_drug	Human multi-lineage cancer Mix-seq drug panel	treatment_time_holdout_1_vs_1	CAOV3|Idasanutlin|2.5		3	absolute_mean_shift	70	5000	0.44	0.14	0.3	0.3893878184582033	0.1569820605108176	pgaa-cross-platform-dual-gate-v2	pgaa-cross-platform-matched-controls-v2
mcfarland2020_cancer_mixseq_drug	Human multi-lineage cancer Mix-seq drug panel	treatment_time_holdout_1_vs_1	CAOV3|Idasanutlin|2.5		3	welch_abs_t	70	5000	0.27	0.02	0.25	0.2450376352953863	0.0487916975356678	pgaa-cross-platform-dual-gate-v2	pgaa-cross-platform-matched-controls-v2
mcfarland2020_cancer_mixseq_drug	Human multi-lineage cancer Mix-seq drug panel	treatment_time_holdout_1_vs_1	CAOV3|Idasanutlin|2.5		4	pgaa_w	70	5000	0.33	0.19	0.14	0.5248022930560916	0.373822025352881	pgaa-cross-platform-dual-gate-v2	pgaa-cross-platform-matched-controls-v2
mcfarland2020_cancer_mixseq_drug	Human multi-lineage cancer Mix-seq drug panel	treatment_time_holdout_1_vs_1	CAOV3|Idasanutlin|2.5		4	pgaa_h	70	5000	0.02	0.06	-0.0399999999999999	0.0933310963110373	0.0959725114334282	pgaa-cross-platform-dual-gate-v2	pgaa-cross-platform-matched-controls-v2
mcfarland2020_cancer_mixseq_drug	Human multi-lineage cancer Mix-seq drug panel	treatment_time_holdout_1_vs_1	CAOV3|Idasanutlin|2.5		4	absolute_mean_shift	70	5000	0.31	0.15	0.16	0.3388997302922563	0.0554274262210878	pgaa-cross-platform-dual-gate-v2	pgaa-cross-platform-matched-controls-v2
mcfarland2020_cancer_mixseq_drug	Human multi-lineage cancer Mix-seq drug panel	treatment_time_holdout_1_vs_1	CAOV3|Idasanutlin|2.5		4	welch_abs_t	70	5000	0.18	0.01	0.1699999999999999	0.1975037699368909	-0.0059465791178631	pgaa-cross-platform-dual-gate-v2	pgaa-cross-platform-matched-controls-v2
mcfarland2020_cancer_mixseq_drug	Human multi-lineage cancer Mix-seq drug panel	treatment_time_holdout_1_vs_1	CAOV3|Trametinib|0.1		0	pgaa_w	70	5000	0.17	0.18	-0.0099999999999999	0.4066312742812509	0.3802958993718359	pgaa-cross-platform-dual-gate-v2	pgaa-cross-platform-matched-controls-v2
mcfarland2020_cancer_mixseq_drug	Human multi-lineage cancer Mix-seq drug panel	treatment_time_holdout_1_vs_1	CAOV3|Trametinib|0.1		0	pgaa_h	70	5000	0.05	0.03	0.02	0.0952712615910296	0.1253799796540331	pgaa-cross-platform-dual-gate-v2	pgaa-cross-platform-matched-controls-v2
mcfarland2020_cancer_mixseq_drug	Human multi-lineage cancer Mix-seq drug panel	treatment_time_holdout_1_vs_1	CAOV3|Trametinib|0.1		0	absolute_mean_shift	70	5000	0.18	0.1	0.0799999999999999	0.1697656762989989	0.0913290967448909	pgaa-cross-platform-dual-gate-v2	pgaa-cross-platform-matched-controls-v2
mcfarland2020_cancer_mixseq_drug	Human multi-lineage cancer Mix-seq drug panel	treatment_time_holdout_1_vs_1	CAOV3|Trametinib|0.1		0	welch_abs_t	70	5000	0.05	0.0	0.05	0.0252782862271314	-0.0095907184798589	pgaa-cross-platform-dual-gate-v2	pgaa-cross-platform-matched-controls-v2
mcfarland2020_cancer_mixseq_drug	Human multi-lineage cancer Mix-seq drug panel	treatment_time_holdout_1_vs_1	CAOV3|Trametinib|0.1		1	pgaa_w	70	5000	0.21	0.14	0.0699999999999999	0.3688189572167582	0.3760713189788527	pgaa-cross-platform-dual-gate-v2	pgaa-cross-platform-matched-controls-v2
mcfarland2020_cancer_mixseq_drug	Human multi-lineage cancer Mix-seq drug panel	treatment_time_holdout_1_vs_1	CAOV3|Trametinib|0.1		1	pgaa_h	70	5000	0.01	0.01	0.0	0.1263215886634803	0.1327871947163587	pgaa-cross-platform-dual-gate-v2	pgaa-cross-platform-matched-controls-v2
mcfarland2020_cancer_mixseq_drug	Human multi-lineage cancer Mix-seq drug panel	treatment_time_holdout_1_vs_1	CAOV3|Trametinib|0.1		1	absolute_mean_shift	70	5000	0.18	0.09	0.09	0.1503739421501756	0.0808030152355133	pgaa-cross-platform-dual-gate-v2	pgaa-cross-platform-matched-controls-v2
mcfarland2020_cancer_mixseq_drug	Human multi-lineage cancer Mix-seq drug panel	treatment_time_holdout_1_vs_1	CAOV3|Trametinib|0.1		1	welch_abs_t	70	5000	0.06	0.05	0.0099999999999999	0.0116148137125925	-0.0109379578135183	pgaa-cross-platform-dual-gate-v2	pgaa-cross-platform-matched-controls-v2
mcfarland2020_cancer_mixseq_drug	Human multi-lineage cancer Mix-seq drug panel	treatment_time_holdout_1_vs_1	CAOV3|Trametinib|0.1		2	pgaa_w	70	5000	0.17	0.2	-0.03	0.3854183939127357	0.3846116366644654	pgaa-cross-platform-dual-gate-v2	pgaa-cross-platform-matched-controls-v2
mcfarland2020_cancer_mixseq_drug	Human multi-lineage cancer Mix-seq drug panel	treatment_time_holdout_1_vs_1	CAOV3|Trametinib|0.1		2	pgaa_h	70	5000	0.03	0.03	0.0	0.0972060810381014	0.1283580960947506	pgaa-cross-platform-dual-gate-v2	pgaa-cross-platform-matched-controls-v2
mcfarland2020_cancer_mixseq_drug	Human multi-lineage cancer Mix-seq drug panel	treatment_time_holdout_1_vs_1	CAOV3|Trametinib|0.1		2	absolute_mean_shift	70	5000	0.16	0.12	0.04	0.1552243232958744	0.0988108529610343	pgaa-cross-platform-dual-gate-v2	pgaa-cross-platform-matched-controls-v2
mcfarland2020_cancer_mixseq_drug	Human multi-lineage cancer Mix-seq drug panel	treatment_time_holdout_1_vs_1	CAOV3|Trametinib|0.1		2	welch_abs_t	70	5000	0.03	0.02	0.0099999999999999	0.0119869785117668	-0.0127474307342031	pgaa-cross-platform-dual-gate-v2	pgaa-cross-platform-matched-controls-v2
mcfarland2020_cancer_mixseq_drug	Human multi-lineage cancer Mix-seq drug panel	treatment_time_holdout_1_vs_1	CAOV3|Trametinib|0.1		3	pgaa_w	70	5000	0.27	0.17	0.1	0.424172076454883	0.3884192053287681	pgaa-cross-platform-dual-gate-v2	pgaa-cross-platform-matched-controls-v2
mcfarland2020_cancer_mixseq_drug	Human multi-lineage cancer Mix-seq drug panel	treatment_time_holdout_1_vs_1	CAOV3|Trametinib|0.1		3	pgaa_h	70	5000	0.03	0.01	0.0199999999999999	0.1069919660178432	0.0879277149950545	pgaa-cross-platform-dual-gate-v2	pgaa-cross-platform-matched-controls-v2
mcfarland2020_cancer_mixseq_drug	Human multi-lineage cancer Mix-seq drug panel	treatment_time_holdout_1_vs_1	CAOV3|Trametinib|0.1		3	absolute_mean_shift	70	5000	0.23	0.13	0.1	0.1856791005996203	0.1237024959128818	pgaa-cross-platform-dual-gate-v2	pgaa-cross-platform-matched-controls-v2
mcfarland2020_cancer_mixseq_drug	Human multi-lineage cancer Mix-seq drug panel	treatment_time_holdout_1_vs_1	CAOV3|Trametinib|0.1		3	welch_abs_t	70	5000	0.04	0.07	-0.03	0.0422055338482213	0.0223138871325554	pgaa-cross-platform-dual-gate-v2	pgaa-cross-platform-matched-controls-v2
mcfarland2020_cancer_mixseq_drug	Human multi-lineage cancer Mix-seq drug panel	treatment_time_holdout_1_vs_1	CAOV3|Trametinib|0.1		4	pgaa_w	70	5000	0.25	0.18	0.07	0.3982542430021696	0.3913904335756172	pgaa-cross-platform-dual-gate-v2	pgaa-cross-platform-matched-controls-v2
mcfarland2020_cancer_mixseq_drug	Human multi-lineage cancer Mix-seq drug panel	treatment_time_holdout_1_vs_1	CAOV3|Trametinib|0.1		4	pgaa_h	70	5000	0.01	0.04	-0.03	0.1057940641907045	0.1340335924578912	pgaa-cross-platform-dual-gate-v2	pgaa-cross-platform-matched-controls-v2
mcfarland2020_cancer_mixseq_drug	Human multi-lineage cancer Mix-seq drug panel	treatment_time_holdout_1_vs_1	CAOV3|Trametinib|0.1		4	absolute_mean_shift	70	5000	0.2	0.12	0.08	0.191256442475569	0.1209862057892555	pgaa-cross-platform-dual-gate-v2	pgaa-cross-platform-matched-controls-v2
mcfarland2020_cancer_mixseq_drug	Human multi-lineage cancer Mix-seq drug panel	treatment_time_holdout_1_vs_1	CAOV3|Trametinib|0.1		4	welch_abs_t	70	5000	0.06	0.01	0.0499999999999999	0.0377339167413566	0.0137843815433752	pgaa-cross-platform-dual-gate-v2	pgaa-cross-platform-matched-controls-v2
mcfarland2020_cancer_mixseq_drug	Human multi-lineage cancer Mix-seq drug panel	treatment_time_holdout_1_vs_1	COLO680N|BRD3379|0.0		0	pgaa_w	70	5000	0.14	0.18	-0.0399999999999999	0.4066602096424083	0.3940192124327684	pgaa-cross-platform-dual-gate-v2	pgaa-cross-platform-matched-controls-v2
mcfarland2020_cancer_mixseq_drug	Human multi-lineage cancer Mix-seq drug panel	treatment_time_holdout_1_vs_1	COLO680N|BRD3379|0.0		0	pgaa_h	70	5000	0.03	0.06	-0.03	0.1102322215204245	0.132140268506335	pgaa-cross-platform-dual-gate-v2	pgaa-cross-platform-matched-controls-v2
mcfarland2020_cancer_mixseq_drug	Human multi-lineage cancer Mix-seq drug panel	treatment_time_holdout_1_vs_1	COLO680N|BRD3379|0.0		0	absolute_mean_shift	70	5000	0.13	0.08	0.05	0.1531101095951029	0.1120595181411384	pgaa-cross-platform-dual-gate-v2	pgaa-cross-platform-matched-controls-v2
mcfarland2020_cancer_mixseq_drug	Human multi-lineage cancer Mix-seq drug panel	treatment_time_holdout_1_vs_1	COLO680N|BRD3379|0.0		0	welch_abs_t	70	5000	0.01	0.0	0.01	0.0338946977406013	-0.0044996860679874	pgaa-cross-platform-dual-gate-v2	pgaa-cross-platform-matched-controls-v2
mcfarland2020_cancer_mixseq_drug	Human multi-lineage cancer Mix-seq drug panel	treatment_time_holdout_1_vs_1	COLO680N|BRD3379|0.0		1	pgaa_w	70	5000	0.22	0.13	0.09	0.4423063555482541	0.3646892598675703	pgaa-cross-platform-dual-gate-v2	pgaa-cross-platform-matched-controls-v2
mcfarland2020_cancer_mixseq_drug	Human multi-lineage cancer Mix-seq drug panel	treatment_time_holdout_1_vs_1	COLO680N|BRD3379|0.0		1	pgaa_h	70	5000	0.02	0.02	0.0	0.1356207932814949	0.1093232354287324	pgaa-cross-platform-dual-gate-v2	pgaa-cross-platform-matched-controls-v2
mcfarland2020_cancer_mixseq_drug	Human multi-lineage cancer Mix-seq drug panel	treatment_time_holdout_1_vs_1	COLO680N|BRD3379|0.0		1	absolute_mean_shift	70	5000	0.16	0.04	0.12	0.1791461440981452	0.0601497016903188	pgaa-cross-platform-dual-gate-v2	pgaa-cross-platform-matched-controls-v2
mcfarland2020_cancer_mixseq_drug	Human multi-lineage cancer Mix-seq drug panel	treatment_time_holdout_1_vs_1	COLO680N|BRD3379|0.0		1	welch_abs_t	70	5000	0.07	0.03	0.04	0.0443378327996415	-0.0323026057401042	pgaa-cross-platform-dual-gate-v2	pgaa-cross-platform-matched-controls-v2
mcfarland2020_cancer_mixseq_drug	Human multi-lineage cancer Mix-seq drug panel	treatment_time_holdout_1_vs_1	COLO680N|BRD3379|0.0		2	pgaa_w	70	5000	0.13	0.19	-0.06	0.3809140600045623	0.3828883850435353	pgaa-cross-platform-dual-gate-v2	pgaa-cross-platform-matched-controls-v2
mcfarland2020_cancer_mixseq_drug	Human multi-lineage cancer Mix-seq drug panel	treatment_time_holdout_1_vs_1	COLO680N|BRD3379|0.0		2	pgaa_h	70	5000	0.03	0.03	0.0	0.1276652484074479	0.1404023666370976	pgaa-cross-platform-dual-gate-v2	pgaa-cross-platform-matched-controls-v2
mcfarland2020_cancer_mixseq_drug	Human multi-lineage cancer Mix-seq drug panel	treatment_time_holdout_1_vs_1	COLO680N|BRD3379|0.0		2	absolute_mean_shift	70	5000	0.1	0.14	-0.04	0.1423220475853762	0.0981170804235217	pgaa-cross-platform-dual-gate-v2	pgaa-cross-platform-matched-controls-v2
mcfarland2020_cancer_mixseq_drug	Human multi-lineage cancer Mix-seq drug panel	treatment_time_holdout_1_vs_1	COLO680N|BRD3379|0.0		2	welch_abs_t	70	5000	0.06	0.02	0.0399999999999999	0.0298077233683089	0.0098651904110811	pgaa-cross-platform-dual-gate-v2	pgaa-cross-platform-matched-controls-v2
mcfarland2020_cancer_mixseq_drug	Human multi-lineage cancer Mix-seq drug panel	treatment_time_holdout_1_vs_1	COLO680N|BRD3379|0.0		3	pgaa_w	70	5000	0.15	0.06	0.09	0.3961628586305142	0.3606897973715918	pgaa-cross-platform-dual-gate-v2	pgaa-cross-platform-matched-controls-v2
mcfarland2020_cancer_mixseq_drug	Human multi-lineage cancer Mix-seq drug panel	treatment_time_holdout_1_vs_1	COLO680N|BRD3379|0.0		3	pgaa_h	70	5000	0.0	0.04	-0.04	0.1051469991929671	0.1075848316166771	pgaa-cross-platform-dual-gate-v2	pgaa-cross-platform-matched-controls-v2
mcfarland2020_cancer_mixseq_drug	Human multi-lineage cancer Mix-seq drug panel	treatment_time_holdout_1_vs_1	COLO680N|BRD3379|0.0		3	absolute_mean_shift	70	5000	0.14	0.02	0.12	0.1581991568635598	0.0711213895876832	pgaa-cross-platform-dual-gate-v2	pgaa-cross-platform-matched-controls-v2
mcfarland2020_cancer_mixseq_drug	Human multi-lineage cancer Mix-seq drug panel	treatment_time_holdout_1_vs_1	COLO680N|BRD3379|0.0		3	welch_abs_t	70	5000	0.05	0.03	0.02	0.0355735411989416	-0.0199692893107715	pgaa-cross-platform-dual-gate-v2	pgaa-cross-platform-matched-controls-v2
mcfarland2020_cancer_mixseq_drug	Human multi-lineage cancer Mix-seq drug panel	treatment_time_holdout_1_vs_1	COLO680N|BRD3379|0.0		4	pgaa_w	70	5000	0.16	0.16	0.0	0.414491854051674	0.3772367548014702	pgaa-cross-platform-dual-gate-v2	pgaa-cross-platform-matched-controls-v2
mcfarland2020_cancer_mixseq_drug	Human multi-lineage cancer Mix-seq drug panel	treatment_time_holdout_1_vs_1	COLO680N|BRD3379|0.0		4	pgaa_h	70	5000	0.02	0.03	-0.0099999999999999	0.0866004565538751	0.1016834552108184	pgaa-cross-platform-dual-gate-v2	pgaa-cross-platform-matched-controls-v2
mcfarland2020_cancer_mixseq_drug	Human multi-lineage cancer Mix-seq drug panel	treatment_time_holdout_1_vs_1	COLO680N|BRD3379|0.0		4	absolute_mean_shift	70	5000	0.2	0.09	0.11	0.1535439265158674	0.0786815715228162	pgaa-cross-platform-dual-gate-v2	pgaa-cross-platform-matched-controls-v2
mcfarland2020_cancer_mixseq_drug	Human multi-lineage cancer Mix-seq drug panel	treatment_time_holdout_1_vs_1	COLO680N|BRD3379|0.0		4	welch_abs_t	70	5000	0.03	0.04	-0.01	0.0318559446990023	-0.0168631143869292	pgaa-cross-platform-dual-gate-v2	pgaa-cross-platform-matched-controls-v2
mcfarland2020_cancer_mixseq_drug	Human multi-lineage cancer Mix-seq drug panel	treatment_time_holdout_1_vs_1	COLO680N|Bortezomib|2.5		0	pgaa_w	70	5000	0.19	0.1	0.09	0.4644016214880648	0.4072946065637842	pgaa-cross-platform-dual-gate-v2	pgaa-cross-platform-matched-controls-v2
mcfarland2020_cancer_mixseq_drug	Human multi-lineage cancer Mix-seq drug panel	treatment_time_holdout_1_vs_1	COLO680N|Bortezomib|2.5		0	pgaa_h	70	5000	0.0	0.04	-0.04	0.0672541230836476	0.0996202550458747	pgaa-cross-platform-dual-gate-v2	pgaa-cross-platform-matched-controls-v2
mcfarland2020_cancer_mixseq_drug	Human multi-lineage cancer Mix-seq drug panel	treatment_time_holdout_1_vs_1	COLO680N|Bortezomib|2.5		0	absolute_mean_shift	70	5000	0.23	0.06	0.17	0.2502937987177731	0.1066965732541057	pgaa-cross-platform-dual-gate-v2	pgaa-cross-platform-matched-controls-v2
mcfarland2020_cancer_mixseq_drug	Human multi-lineage cancer Mix-seq drug panel	treatment_time_holdout_1_vs_1	COLO680N|Bortezomib|2.5		0	welch_abs_t	70	5000	0.17	0.01	0.16	0.0976726067252484	0.013859800106392	pgaa-cross-platform-dual-gate-v2	pgaa-cross-platform-matched-controls-v2
mcfarland2020_cancer_mixseq_drug	Human multi-lineage cancer Mix-seq drug panel	treatment_time_holdout_1_vs_1	COLO680N|Bortezomib|2.5		1	pgaa_w	70	5000	0.19	0.2	-0.01	0.4316249145449965	0.3592367483214698	pgaa-cross-platform-dual-gate-v2	pgaa-cross-platform-matched-controls-v2
mcfarland2020_cancer_mixseq_drug	Human multi-lineage cancer Mix-seq drug panel	treatment_time_holdout_1_vs_1	COLO680N|Bortezomib|2.5		1	pgaa_h	70	5000	0.02	0.04	-0.02	0.0944038140890153	0.1232025087017818	pgaa-cross-platform-dual-gate-v2	pgaa-cross-platform-matched-controls-v2
mcfarland2020_cancer_mixseq_drug	Human multi-lineage cancer Mix-seq drug panel	treatment_time_holdout_1_vs_1	COLO680N|Bortezomib|2.5		1	absolute_mean_shift	70	5000	0.18	0.15	0.03	0.2516111110525217	0.0728560074704801	pgaa-cross-platform-dual-gate-v2	pgaa-cross-platform-matched-controls-v2
mcfarland2020_cancer_mixseq_drug	Human multi-lineage cancer Mix-seq drug panel	treatment_time_holdout_1_vs_1	COLO680N|Bortezomib|2.5		1	welch_abs_t	70	5000	0.09	0.03	0.06	0.1006059227442369	-0.0138280712411228	pgaa-cross-platform-dual-gate-v2	pgaa-cross-platform-matched-controls-v2
mcfarland2020_cancer_mixseq_drug	Human multi-lineage cancer Mix-seq drug panel	treatment_time_holdout_1_vs_1	COLO680N|Bortezomib|2.5		2	pgaa_w	70	5000	0.28	0.14	0.14	0.5010409564576382	0.3699891428315656	pgaa-cross-platform-dual-gate-v2	pgaa-cross-platform-matched-controls-v2
mcfarland2020_cancer_mixseq_drug	Human multi-lineage cancer Mix-seq drug panel	treatment_time_holdout_1_vs_1	COLO680N|Bortezomib|2.5		2	pgaa_h	70	5000	0.03	0.03	0.0	0.0806982643630035	0.127987375469704	pgaa-cross-platform-dual-gate-v2	pgaa-cross-platform-matched-controls-v2
mcfarland2020_cancer_mixseq_drug	Human multi-lineage cancer Mix-seq drug panel	treatment_time_holdout_1_vs_1	COLO680N|Bortezomib|2.5		2	absolute_mean_shift	70	5000	0.26	0.09	0.17	0.3108247037844479	0.07749650484758	pgaa-cross-platform-dual-gate-v2	pgaa-cross-platform-matched-controls-v2
mcfarland2020_cancer_mixseq_drug	Human multi-lineage cancer Mix-seq drug panel	treatment_time_holdout_1_vs_1	COLO680N|Bortezomib|2.5		2	welch_abs_t	70	5000	0.23	0.02	0.21	0.1726794493391779	-0.0019311812932936	pgaa-cross-platform-dual-gate-v2	pgaa-cross-platform-matched-controls-v2
mcfarland2020_cancer_mixseq_drug	Human multi-lineage cancer Mix-seq drug panel	treatment_time_holdout_1_vs_1	COLO680N|Bortezomib|2.5		3	pgaa_w	70	5000	0.19	0.11	0.08	0.4695134911325396	0.3945573372862934	pgaa-cross-platform-dual-gate-v2	pgaa-cross-platform-matched-controls-v2
mcfarland2020_cancer_mixseq_drug	Human multi-lineage cancer Mix-seq drug panel	treatment_time_holdout_1_vs_1	COLO680N|Bortezomib|2.5		3	pgaa_h	70	5000	0.01	0.01	0.0	0.1073755713255234	0.0958563594172737	pgaa-cross-platform-dual-gate-v2	pgaa-cross-platform-matched-controls-v2
mcfarland2020_cancer_mixseq_drug	Human multi-lineage cancer Mix-seq drug panel	treatment_time_holdout_1_vs_1	COLO680N|Bortezomib|2.5		3	absolute_mean_shift	70	5000	0.16	0.12	0.04	0.2291866426074656	0.1056522501747682	pgaa-cross-platform-dual-gate-v2	pgaa-cross-platform-matched-controls-v2
mcfarland2020_cancer_mixseq_drug	Human multi-lineage cancer Mix-seq drug panel	treatment_time_holdout_1_vs_1	COLO680N|Bortezomib|2.5		3	welch_abs_t	70	5000	0.12	0.02	0.0999999999999999	0.0663471768154794	0.0321676817667072	pgaa-cross-platform-dual-gate-v2	pgaa-cross-platform-matched-controls-v2
mcfarland2020_cancer_mixseq_drug	Human multi-lineage cancer Mix-seq drug panel	treatment_time_holdout_1_vs_1	COLO680N|Bortezomib|2.5		4	pgaa_w	70	5000	0.21	0.23	-0.02	0.484626227513049	0.3677747434789897	pgaa-cross-platform-dual-gate-v2	pgaa-cross-platform-matched-controls-v2
mcfarland2020_cancer_mixseq_drug	Human multi-lineage cancer Mix-seq drug panel	treatment_time_holdout_1_vs_1	COLO680N|Bortezomib|2.5		4	pgaa_h	70	5000	0.0	0.02	-0.02	0.1047241725559132	0.0814426343449501	pgaa-cross-platform-dual-gate-v2	pgaa-cross-platform-matched-controls-v2
mcfarland2020_cancer_mixseq_drug	Human multi-lineage cancer Mix-seq drug panel	treatment_time_holdout_1_vs_1	COLO680N|Bortezomib|2.5		4	absolute_mean_shift	70	5000	0.18	0.16	0.0199999999999999	0.2726904985817982	0.1034373548784591	pgaa-cross-platform-dual-gate-v2	pgaa-cross-platform-matched-controls-v2
mcfarland2020_cancer_mixseq_drug	Human multi-lineage cancer Mix-seq drug panel	treatment_time_holdout_1_vs_1	COLO680N|Bortezomib|2.5		4	welch_abs_t	70	5000	0.15	0.02	0.13	0.1211050934842037	0.0080682285467291	pgaa-cross-platform-dual-gate-v2	pgaa-cross-platform-matched-controls-v2
mcfarland2020_cancer_mixseq_drug	Human multi-lineage cancer Mix-seq drug panel	treatment_time_holdout_1_vs_1	COLO680N|Idasanutlin|2.5		0	pgaa_w	70	5000	0.42	0.16	0.26	0.5018946982197878	0.3703735208949408	pgaa-cross-platform-dual-gate-v2	pgaa-cross-platform-matched-controls-v2
mcfarland2020_cancer_mixseq_drug	Human multi-lineage cancer Mix-seq drug panel	treatment_time_holdout_1_vs_1	COLO680N|Idasanutlin|2.5		0	pgaa_h	70	5000	0.01	0.0	0.01	0.0939135091893972	0.12240630444905	pgaa-cross-platform-dual-gate-v2	pgaa-cross-platform-matched-controls-v2
mcfarland2020_cancer_mixseq_drug	Human multi-lineage cancer Mix-seq drug panel	treatment_time_holdout_1_vs_1	COLO680N|Idasanutlin|2.5		0	absolute_mean_shift	70	5000	0.42	0.07	0.35	0.3610201001074619	0.0731440137665378	pgaa-cross-platform-dual-gate-v2	pgaa-cross-platform-matched-controls-v2
mcfarland2020_cancer_mixseq_drug	Human multi-lineage cancer Mix-seq drug panel	treatment_time_holdout_1_vs_1	COLO680N|Idasanutlin|2.5		0	welch_abs_t	70	5000	0.34	0.01	0.33	0.2335373659070995	-0.006328355053286	pgaa-cross-platform-dual-gate-v2	pgaa-cross-platform-matched-controls-v2
mcfarland2020_cancer_mixseq_drug	Human multi-lineage cancer Mix-seq drug panel	treatment_time_holdout_1_vs_1	COLO680N|Idasanutlin|2.5		1	pgaa_w	70	5000	0.44	0.16	0.28	0.512716052412642	0.4128317540172701	pgaa-cross-platform-dual-gate-v2	pgaa-cross-platform-matched-controls-v2
mcfarland2020_cancer_mixseq_drug	Human multi-lineage cancer Mix-seq drug panel	treatment_time_holdout_1_vs_1	COLO680N|Idasanutlin|2.5		1	pgaa_h	70	5000	0.05	0.0	0.05	0.1141312235579152	0.1107655886362744	pgaa-cross-platform-dual-gate-v2	pgaa-cross-platform-matched-controls-v2
mcfarland2020_cancer_mixseq_drug	Human multi-lineage cancer Mix-seq drug panel	treatment_time_holdout_1_vs_1	COLO680N|Idasanutlin|2.5		1	absolute_mean_shift	70	5000	0.43	0.11	0.32	0.3617120324844812	0.1282712520520856	pgaa-cross-platform-dual-gate-v2	pgaa-cross-platform-matched-controls-v2
mcfarland2020_cancer_mixseq_drug	Human multi-lineage cancer Mix-seq drug panel	treatment_time_holdout_1_vs_1	COLO680N|Idasanutlin|2.5		1	welch_abs_t	70	5000	0.35	0.02	0.3299999999999999	0.2350137286118298	-0.0005040595401623	pgaa-cross-platform-dual-gate-v2	pgaa-cross-platform-matched-controls-v2
mcfarland2020_cancer_mixseq_drug	Human multi-lineage cancer Mix-seq drug panel	treatment_time_holdout_1_vs_1	COLO680N|Idasanutlin|2.5		2	pgaa_w	70	5000	0.4	0.09	0.31	0.4943490334059612	0.3817099404523975	pgaa-cross-platform-dual-gate-v2	pgaa-cross-platform-matched-controls-v2
mcfarland2020_cancer_mixseq_drug	Human multi-lineage cancer Mix-seq drug panel	treatment_time_holdout_1_vs_1	COLO680N|Idasanutlin|2.5		2	pgaa_h	70	5000	0.04	0.03	0.01	0.0796278150441425	0.0960563265985704	pgaa-cross-platform-dual-gate-v2	pgaa-cross-platform-matched-controls-v2
mcfarland2020_cancer_mixseq_drug	Human multi-lineage cancer Mix-seq drug panel	treatment_time_holdout_1_vs_1	COLO680N|Idasanutlin|2.5		2	absolute_mean_shift	70	5000	0.37	0.1	0.27	0.3575491358722902	0.0845751021431233	pgaa-cross-platform-dual-gate-v2	pgaa-cross-platform-matched-controls-v2
mcfarland2020_cancer_mixseq_drug	Human multi-lineage cancer Mix-seq drug panel	treatment_time_holdout_1_vs_1	COLO680N|Idasanutlin|2.5		2	welch_abs_t	70	5000	0.32	0.03	0.29	0.236231872420614	0.0083927362083137	pgaa-cross-platform-dual-gate-v2	pgaa-cross-platform-matched-controls-v2
mcfarland2020_cancer_mixseq_drug	Human multi-lineage cancer Mix-seq drug panel	treatment_time_holdout_1_vs_1	COLO680N|Idasanutlin|2.5		3	pgaa_w	70	5000	0.46	0.18	0.28	0.5197611097504443	0.387604925904197	pgaa-cross-platform-dual-gate-v2	pgaa-cross-platform-matched-controls-v2
mcfarland2020_cancer_mixseq_drug	Human multi-lineage cancer Mix-seq drug panel	treatment_time_holdout_1_vs_1	COLO680N|Idasanutlin|2.5		3	pgaa_h	70	5000	0.04	0.0	0.04	0.0937171914954081	0.1331529736176384	pgaa-cross-platform-dual-gate-v2	pgaa-cross-platform-matched-controls-v2
mcfarland2020_cancer_mixseq_drug	Human multi-lineage cancer Mix-seq drug panel	treatment_time_holdout_1_vs_1	COLO680N|Idasanutlin|2.5		3	absolute_mean_shift	70	5000	0.45	0.11	0.34	0.3724878291164529	0.1048396093311974	pgaa-cross-platform-dual-gate-v2	pgaa-cross-platform-matched-controls-v2
mcfarland2020_cancer_mixseq_drug	Human multi-lineage cancer Mix-seq drug panel	treatment_time_holdout_1_vs_1	COLO680N|Idasanutlin|2.5		3	welch_abs_t	70	5000	0.29	0.02	0.2699999999999999	0.2415971636798865	-0.0003816351512654	pgaa-cross-platform-dual-gate-v2	pgaa-cross-platform-matched-controls-v2
mcfarland2020_cancer_mixseq_drug	Human multi-lineage cancer Mix-seq drug panel	treatment_time_holdout_1_vs_1	COLO680N|Idasanutlin|2.5		4	pgaa_w	70	5000	0.39	0.1	0.29	0.4865373252214929	0.4110421966336878	pgaa-cross-platform-dual-gate-v2	pgaa-cross-platform-matched-controls-v2
mcfarland2020_cancer_mixseq_drug	Human multi-lineage cancer Mix-seq drug panel	treatment_time_holdout_1_vs_1	COLO680N|Idasanutlin|2.5		4	pgaa_h	70	5000	0.03	0.03	0.0	0.109063802621035	0.141847573548702	pgaa-cross-platform-dual-gate-v2	pgaa-cross-platform-matched-controls-v2
mcfarland2020_cancer_mixseq_drug	Human multi-lineage cancer Mix-seq drug panel	treatment_time_holdout_1_vs_1	COLO680N|Idasanutlin|2.5		4	absolute_mean_shift	70	5000	0.38	0.07	0.31	0.3682101342252424	0.1190937237860401	pgaa-cross-platform-dual-gate-v2	pgaa-cross-platform-matched-controls-v2
mcfarland2020_cancer_mixseq_drug	Human multi-lineage cancer Mix-seq drug panel	treatment_time_holdout_1_vs_1	COLO680N|Idasanutlin|2.5		4	welch_abs_t	70	5000	0.24	0.0	0.24	0.2466826504172264	0.0028892587395703	pgaa-cross-platform-dual-gate-v2	pgaa-cross-platform-matched-controls-v2
mcfarland2020_cancer_mixseq_drug	Human multi-lineage cancer Mix-seq drug panel	treatment_time_holdout_1_vs_1	COLO680N|Trametinib|0.1		0	pgaa_w	70	5000	0.2	0.11	0.09	0.3949209208848367	0.3921436593017463	pgaa-cross-platform-dual-gate-v2	pgaa-cross-platform-matched-controls-v2
mcfarland2020_cancer_mixseq_drug	Human multi-lineage cancer Mix-seq drug panel	treatment_time_holdout_1_vs_1	COLO680N|Trametinib|0.1		0	pgaa_h	70	5000	0.02	0.02	0.0	0.0993166070581964	0.0820462792598566	pgaa-cross-platform-dual-gate-v2	pgaa-cross-platform-matched-controls-v2
mcfarland2020_cancer_mixseq_drug	Human multi-lineage cancer Mix-seq drug panel	treatment_time_holdout_1_vs_1	COLO680N|Trametinib|0.1		0	absolute_mean_shift	70	5000	0.17	0.06	0.11	0.1827435304501271	0.0856660223308648	pgaa-cross-platform-dual-gate-v2	pgaa-cross-platform-matched-controls-v2
mcfarland2020_cancer_mixseq_drug	Human multi-lineage cancer Mix-seq drug panel	treatment_time_holdout_1_vs_1	COLO680N|Trametinib|0.1		0	welch_abs_t	70	5000	0.04	0.01	0.03	0.0466742963492122	-0.0100474644658985	pgaa-cross-platform-dual-gate-v2	pgaa-cross-platform-matched-controls-v2
mcfarland2020_cancer_mixseq_drug	Human multi-lineage cancer Mix-seq drug panel	treatment_time_holdout_1_vs_1	COLO680N|Trametinib|0.1		1	pgaa_w	70	5000	0.23	0.1	0.13	0.3764413961136557	0.3788043719841749	pgaa-cross-platform-dual-gate-v2	pgaa-cross-platform-matched-controls-v2
mcfarland2020_cancer_mixseq_drug	Human multi-lineage cancer Mix-seq drug panel	treatment_time_holdout_1_vs_1	COLO680N|Trametinib|0.1		1	pgaa_h	70	5000	0.04	0.02	0.02	0.0913582699339369	0.1363632004766834	pgaa-cross-platform-dual-gate-v2	pgaa-cross-platform-matched-controls-v2
mcfarland2020_cancer_mixseq_drug	Human multi-lineage cancer Mix-seq drug panel	treatment_time_holdout_1_vs_1	COLO680N|Trametinib|0.1		1	absolute_mean_shift	70	5000	0.16	0.06	0.1	0.1303647471728474	0.104132283167288	pgaa-cross-platform-dual-gate-v2	pgaa-cross-platform-matched-controls-v2
mcfarland2020_cancer_mixseq_drug	Human multi-lineage cancer Mix-seq drug panel	treatment_time_holdout_1_vs_1	COLO680N|Trametinib|0.1		1	welch_abs_t	70	5000	0.04	0.04	0.0	-0.008072425762897	0.0034986682039467	pgaa-cross-platform-dual-gate-v2	pgaa-cross-platform-matched-controls-v2
mcfarland2020_cancer_mixseq_drug	Human multi-lineage cancer Mix-seq drug panel	treatment_time_holdout_1_vs_1	COLO680N|Trametinib|0.1		2	pgaa_w	70	5000	0.19	0.14	0.0499999999999999	0.3592477015379079	0.3873125993645039	pgaa-cross-platform-dual-gate-v2	pgaa-cross-platform-matched-controls-v2
mcfarland2020_cancer_mixseq_drug	Human multi-lineage cancer Mix-seq drug panel	treatment_time_holdout_1_vs_1	COLO680N|Trametinib|0.1		2	pgaa_h	70	5000	0.02	0.01	0.01	0.1045939518690284	0.1069084529811746	pgaa-cross-platform-dual-gate-v2	pgaa-cross-platform-matched-controls-v2
mcfarland2020_cancer_mixseq_drug	Human multi-lineage cancer Mix-seq drug panel	treatment_time_holdout_1_vs_1	COLO680N|Trametinib|0.1		2	absolute_mean_shift	70	5000	0.14	0.08	0.06	0.1333677946755151	0.0929062296358574	pgaa-cross-platform-dual-gate-v2	pgaa-cross-platform-matched-controls-v2
mcfarland2020_cancer_mixseq_drug	Human multi-lineage cancer Mix-seq drug panel	treatment_time_holdout_1_vs_1	COLO680N|Trametinib|0.1		2	welch_abs_t	70	5000	0.01	0.01	0.0	0.0038020238000809	-0.0008442042097884	pgaa-cross-platform-dual-gate-v2	pgaa-cross-platform-matched-controls-v2
mcfarland2020_cancer_mixseq_drug	Human multi-lineage cancer Mix-seq drug panel	treatment_time_holdout_1_vs_1	COLO680N|Trametinib|0.1		3	pgaa_w	70	5000	0.21	0.11	0.0999999999999999	0.3743571329262852	0.3911245415009816	pgaa-cross-platform-dual-gate-v2	pgaa-cross-platform-matched-controls-v2
mcfarland2020_cancer_mixseq_drug	Human multi-lineage cancer Mix-seq drug panel	treatment_time_holdout_1_vs_1	COLO680N|Trametinib|0.1		3	pgaa_h	70	5000	0.07	0.04	0.03	0.0495888582808384	0.1286192668241499	pgaa-cross-platform-dual-gate-v2	pgaa-cross-platform-matched-controls-v2
mcfarland2020_cancer_mixseq_drug	Human multi-lineage cancer Mix-seq drug panel	treatment_time_holdout_1_vs_1	COLO680N|Trametinib|0.1		3	absolute_mean_shift	70	5000	0.16	0.12	0.04	0.1531922002654243	0.1011676988021321	pgaa-cross-platform-dual-gate-v2	pgaa-cross-platform-matched-controls-v2
mcfarland2020_cancer_mixseq_drug	Human multi-lineage cancer Mix-seq drug panel	treatment_time_holdout_1_vs_1	COLO680N|Trametinib|0.1		3	welch_abs_t	70	5000	0.05	0.03	0.02	0.0283145161725806	0.0169536491105528	pgaa-cross-platform-dual-gate-v2	pgaa-cross-platform-matched-controls-v2
mcfarland2020_cancer_mixseq_drug	Human multi-lineage cancer Mix-seq drug panel	treatment_time_holdout_1_vs_1	COLO680N|Trametinib|0.1		4	pgaa_w	70	5000	0.23	0.12	0.11	0.3724043414561735	0.3777571284862851	pgaa-cross-platform-dual-gate-v2	pgaa-cross-platform-matched-controls-v2
mcfarland2020_cancer_mixseq_drug	Human multi-lineage cancer Mix-seq drug panel	treatment_time_holdout_1_vs_1	COLO680N|Trametinib|0.1		4	pgaa_h	70	5000	0.01	0.01	0.0	0.1194933585410555	0.0999051571569651	pgaa-cross-platform-dual-gate-v2	pgaa-cross-platform-matched-controls-v2
mcfarland2020_cancer_mixseq_drug	Human multi-lineage cancer Mix-seq drug panel	treatment_time_holdout_1_vs_1	COLO680N|Trametinib|0.1		4	absolute_mean_shift	70	5000	0.16	0.08	0.08	0.120720415339303	0.070746754465266	pgaa-cross-platform-dual-gate-v2	pgaa-cross-platform-matched-controls-v2
mcfarland2020_cancer_mixseq_drug	Human multi-lineage cancer Mix-seq drug panel	treatment_time_holdout_1_vs_1	COLO680N|Trametinib|0.1		4	welch_abs_t	70	5000	0.02	0.02	0.0	-0.0063645096147331	-0.0149414838936593	pgaa-cross-platform-dual-gate-v2	pgaa-cross-platform-matched-controls-v2
mcfarland2020_cancer_mixseq_drug	Human multi-lineage cancer Mix-seq drug panel	treatment_time_holdout_1_vs_1	DKMG|Trametinib|0.1		0	pgaa_w	70	5000	0.25	0.1	0.15	0.4373669549986781	0.3604808256192329	pgaa-cross-platform-dual-gate-v2	pgaa-cross-platform-matched-controls-v2
mcfarland2020_cancer_mixseq_drug	Human multi-lineage cancer Mix-seq drug panel	treatment_time_holdout_1_vs_1	DKMG|Trametinib|0.1		0	pgaa_h	70	5000	0.02	0.03	-0.0099999999999999	0.123110524446868	0.112073805873978	pgaa-cross-platform-dual-gate-v2	pgaa-cross-platform-matched-controls-v2
mcfarland2020_cancer_mixseq_drug	Human multi-lineage cancer Mix-seq drug panel	treatment_time_holdout_1_vs_1	DKMG|Trametinib|0.1		0	absolute_mean_shift	70	5000	0.2	0.06	0.14	0.2003233505873572	0.0865458044342947	pgaa-cross-platform-dual-gate-v2	pgaa-cross-platform-matched-controls-v2
mcfarland2020_cancer_mixseq_drug	Human multi-lineage cancer Mix-seq drug panel	treatment_time_holdout_1_vs_1	DKMG|Trametinib|0.1		0	welch_abs_t	70	5000	0.16	0.02	0.14	0.0501654222158208	0.0220494003545052	pgaa-cross-platform-dual-gate-v2	pgaa-cross-platform-matched-controls-v2
mcfarland2020_cancer_mixseq_drug	Human multi-lineage cancer Mix-seq drug panel	treatment_time_holdout_1_vs_1	DKMG|Trametinib|0.1		1	pgaa_w	70	5000	0.32	0.15	0.17	0.4264730072349202	0.3470367238654689	pgaa-cross-platform-dual-gate-v2	pgaa-cross-platform-matched-controls-v2
mcfarland2020_cancer_mixseq_drug	Human multi-lineage cancer Mix-seq drug panel	treatment_time_holdout_1_vs_1	DKMG|Trametinib|0.1		1	pgaa_h	70	5000	0.04	0.03	0.01	0.1248391257674337	0.1168659981212086	pgaa-cross-platform-dual-gate-v2	pgaa-cross-platform-matched-controls-v2
mcfarland2020_cancer_mixseq_drug	Human multi-lineage cancer Mix-seq drug panel	treatment_time_holdout_1_vs_1	DKMG|Trametinib|0.1		1	absolute_mean_shift	70	5000	0.31	0.09	0.22	0.1811707509762224	0.0489094932434227	pgaa-cross-platform-dual-gate-v2	pgaa-cross-platform-matched-controls-v2
mcfarland2020_cancer_mixseq_drug	Human multi-lineage cancer Mix-seq drug panel	treatment_time_holdout_1_vs_1	DKMG|Trametinib|0.1		1	welch_abs_t	70	5000	0.22	0.01	0.21	0.0490004780571951	-0.0176448340177933	pgaa-cross-platform-dual-gate-v2	pgaa-cross-platform-matched-controls-v2
mcfarland2020_cancer_mixseq_drug	Human multi-lineage cancer Mix-seq drug panel	treatment_time_holdout_1_vs_1	DKMG|Trametinib|0.1		2	pgaa_w	70	5000	0.14	0.08	0.06	0.4166189767287589	0.3703076143963045	pgaa-cross-platform-dual-gate-v2	pgaa-cross-platform-matched-controls-v2
mcfarland2020_cancer_mixseq_drug	Human multi-lineage cancer Mix-seq drug panel	treatment_time_holdout_1_vs_1	DKMG|Trametinib|0.1		2	pgaa_h	70	5000	0.01	0.05	-0.04	0.0995270728185424	0.1092481632615415	pgaa-cross-platform-dual-gate-v2	pgaa-cross-platform-matched-controls-v2
mcfarland2020_cancer_mixseq_drug	Human multi-lineage cancer Mix-seq drug panel	treatment_time_holdout_1_vs_1	DKMG|Trametinib|0.1		2	absolute_mean_shift	70	5000	0.18	0.03	0.15	0.1875205555943237	0.080681440963003	pgaa-cross-platform-dual-gate-v2	pgaa-cross-platform-matched-controls-v2
mcfarland2020_cancer_mixseq_drug	Human multi-lineage cancer Mix-seq drug panel	treatment_time_holdout_1_vs_1	DKMG|Trametinib|0.1		2	welch_abs_t	70	5000	0.07	0.01	0.06	0.0426702485548099	-0.0111323372772934	pgaa-cross-platform-dual-gate-v2	pgaa-cross-platform-matched-controls-v2
mcfarland2020_cancer_mixseq_drug	Human multi-lineage cancer Mix-seq drug panel	treatment_time_holdout_1_vs_1	DKMG|Trametinib|0.1		3	pgaa_w	70	5000	0.25	0.17	0.0799999999999999	0.4425942631117704	0.3711142888925715	pgaa-cross-platform-dual-gate-v2	pgaa-cross-platform-matched-controls-v2
mcfarland2020_cancer_mixseq_drug	Human multi-lineage cancer Mix-seq drug panel	treatment_time_holdout_1_vs_1	DKMG|Trametinib|0.1		3	pgaa_h	70	5000	0.02	0.02	0.0	0.1059510521609296	0.107086162349728	pgaa-cross-platform-dual-gate-v2	pgaa-cross-platform-matched-controls-v2
mcfarland2020_cancer_mixseq_drug	Human multi-lineage cancer Mix-seq drug panel	treatment_time_holdout_1_vs_1	DKMG|Trametinib|0.1		3	absolute_mean_shift	70	5000	0.24	0.11	0.13	0.21730898017479	0.1063474848881087	pgaa-cross-platform-dual-gate-v2	pgaa-cross-platform-matched-controls-v2
mcfarland2020_cancer_mixseq_drug	Human multi-lineage cancer Mix-seq drug panel	treatment_time_holdout_1_vs_1	DKMG|Trametinib|0.1		3	welch_abs_t	70	5000	0.12	0.01	0.11	0.0635885927065959	0.0153597142463885	pgaa-cross-platform-dual-gate-v2	pgaa-cross-platform-matched-controls-v2
mcfarland2020_cancer_mixseq_drug	Human multi-lineage cancer Mix-seq drug panel	treatment_time_holdout_1_vs_1	DKMG|Trametinib|0.1		4	pgaa_w	70	5000	0.31	0.11	0.2	0.4705000470760018	0.3992754705950188	pgaa-cross-platform-dual-gate-v2	pgaa-cross-platform-matched-controls-v2
mcfarland2020_cancer_mixseq_drug	Human multi-lineage cancer Mix-seq drug panel	treatment_time_holdout_1_vs_1	DKMG|Trametinib|0.1		4	pgaa_h	70	5000	0.01	0.01	0.0	0.1068028069291762	0.0867389929449504	pgaa-cross-platform-dual-gate-v2	pgaa-cross-platform-matched-controls-v2
mcfarland2020_cancer_mixseq_drug	Human multi-lineage cancer Mix-seq drug panel	treatment_time_holdout_1_vs_1	DKMG|Trametinib|0.1		4	absolute_mean_shift	70	5000	0.28	0.09	0.19	0.2339809124856987	0.1110180434273794	pgaa-cross-platform-dual-gate-v2	pgaa-cross-platform-matched-controls-v2
mcfarland2020_cancer_mixseq_drug	Human multi-lineage cancer Mix-seq drug panel	treatment_time_holdout_1_vs_1	DKMG|Trametinib|0.1		4	welch_abs_t	70	5000	0.18	0.01	0.1699999999999999	0.0899832492953299	-0.0086654084746163	pgaa-cross-platform-dual-gate-v2	pgaa-cross-platform-matched-controls-v2
mcfarland2020_cancer_mixseq_drug	Human multi-lineage cancer Mix-seq drug panel	treatment_time_holdout_1_vs_1	LNCAPCLONEFGC|BRD3379|0.0		0	pgaa_w	70	5000	0.12	0.09	0.03	0.4039423184936927	0.3793883137995325	pgaa-cross-platform-dual-gate-v2	pgaa-cross-platform-matched-controls-v2
mcfarland2020_cancer_mixseq_drug	Human multi-lineage cancer Mix-seq drug panel	treatment_time_holdout_1_vs_1	LNCAPCLONEFGC|BRD3379|0.0		0	pgaa_h	70	5000	0.05	0.01	0.04	0.1213455573658309	0.0837666777649082	pgaa-cross-platform-dual-gate-v2	pgaa-cross-platform-matched-controls-v2
mcfarland2020_cancer_mixseq_drug	Human multi-lineage cancer Mix-seq drug panel	treatment_time_holdout_1_vs_1	LNCAPCLONEFGC|BRD3379|0.0		0	absolute_mean_shift	70	5000	0.09	0.07	0.0199999999999999	0.1312343143979711	0.0808622442041932	pgaa-cross-platform-dual-gate-v2	pgaa-cross-platform-matched-controls-v2
mcfarland2020_cancer_mixseq_drug	Human multi-lineage cancer Mix-seq drug panel	treatment_time_holdout_1_vs_1	LNCAPCLONEFGC|BRD3379|0.0		0	welch_abs_t	70	5000	0.03	0.02	0.0099999999999999	0.0079970416164574	-0.0053153086286123	pgaa-cross-platform-dual-gate-v2	pgaa-cross-platform-matched-controls-v2
mcfarland2020_cancer_mixseq_drug	Human multi-lineage cancer Mix-seq drug panel	treatment_time_holdout_1_vs_1	LNCAPCLONEFGC|BRD3379|0.0		1	pgaa_w	70	5000	0.11	0.09	0.02	0.4433802824392112	0.3732537001461479	pgaa-cross-platform-dual-gate-v2	pgaa-cross-platform-matched-controls-v2
mcfarland2020_cancer_mixseq_drug	Human multi-lineage cancer Mix-seq drug panel	treatment_time_holdout_1_vs_1	LNCAPCLONEFGC|BRD3379|0.0		1	pgaa_h	70	5000	0.03	0.04	-0.01	0.1398834801233731	0.0960273101546372	pgaa-cross-platform-dual-gate-v2	pgaa-cross-platform-matched-controls-v2
mcfarland2020_cancer_mixseq_drug	Human multi-lineage cancer Mix-seq drug panel	treatment_time_holdout_1_vs_1	LNCAPCLONEFGC|BRD3379|0.0		1	absolute_mean_shift	70	5000	0.09	0.02	0.0699999999999999	0.1662734008348794	0.0703884617646064	pgaa-cross-platform-dual-gate-v2	pgaa-cross-platform-matched-controls-v2
mcfarland2020_cancer_mixseq_drug	Human multi-lineage cancer Mix-seq drug panel	treatment_time_holdout_1_vs_1	LNCAPCLONEFGC|BRD3379|0.0		1	welch_abs_t	70	5000	0.04	0.0	0.04	0.0263065462528932	-0.0135688230870785	pgaa-cross-platform-dual-gate-v2	pgaa-cross-platform-matched-controls-v2
mcfarland2020_cancer_mixseq_drug	Human multi-lineage cancer Mix-seq drug panel	treatment_time_holdout_1_vs_1	LNCAPCLONEFGC|BRD3379|0.0		2	pgaa_w	70	5000	0.19	0.17	0.0199999999999999	0.4221329740693189	0.3518048046321921	pgaa-cross-platform-dual-gate-v2	pgaa-cross-platform-matched-controls-v2
mcfarland2020_cancer_mixseq_drug	Human multi-lineage cancer Mix-seq drug panel	treatment_time_holdout_1_vs_1	LNCAPCLONEFGC|BRD3379|0.0		2	pgaa_h	70	5000	0.01	0.02	-0.01	0.1442719365386674	0.0572683443009308	pgaa-cross-platform-dual-gate-v2	pgaa-cross-platform-matched-controls-v2
mcfarland2020_cancer_mixseq_drug	Human multi-lineage cancer Mix-seq drug panel	treatment_time_holdout_1_vs_1	LNCAPCLONEFGC|BRD3379|0.0		2	absolute_mean_shift	70	5000	0.14	0.13	0.01	0.164792075159593	0.0863608369945788	pgaa-cross-platform-dual-gate-v2	pgaa-cross-platform-matched-controls-v2
mcfarland2020_cancer_mixseq_drug	Human multi-lineage cancer Mix-seq drug panel	treatment_time_holdout_1_vs_1	LNCAPCLONEFGC|BRD3379|0.0		2	welch_abs_t	70	5000	0.04	0.01	0.03	0.033771774920492	0.0010138450005537	pgaa-cross-platform-dual-gate-v2	pgaa-cross-platform-matched-controls-v2
mcfarland2020_cancer_mixseq_drug	Human multi-lineage cancer Mix-seq drug panel	treatment_time_holdout_1_vs_1	LNCAPCLONEFGC|BRD3379|0.0		3	pgaa_w	70	5000	0.19	0.13	0.06	0.437823626440945	0.3356417285616691	pgaa-cross-platform-dual-gate-v2	pgaa-cross-platform-matched-controls-v2
mcfarland2020_cancer_mixseq_drug	Human multi-lineage cancer Mix-seq drug panel	treatment_time_holdout_1_vs_1	LNCAPCLONEFGC|BRD3379|0.0		3	pgaa_h	70	5000	0.04	0.04	0.0	0.155979211267841	0.0785455587576519	pgaa-cross-platform-dual-gate-v2	pgaa-cross-platform-matched-controls-v2
mcfarland2020_cancer_mixseq_drug	Human multi-lineage cancer Mix-seq drug panel	treatment_time_holdout_1_vs_1	LNCAPCLONEFGC|BRD3379|0.0		3	absolute_mean_shift	70	5000	0.14	0.09	0.05	0.1800408467229178	0.0688495900565931	pgaa-cross-platform-dual-gate-v2	pgaa-cross-platform-matched-controls-v2
mcfarland2020_cancer_mixseq_drug	Human multi-lineage cancer Mix-seq drug panel	treatment_time_holdout_1_vs_1	LNCAPCLONEFGC|BRD3379|0.0		3	welch_abs_t	70	5000	0.03	0.01	0.0199999999999999	0.0503930989437239	-0.0201711939273318	pgaa-cross-platform-dual-gate-v2	pgaa-cross-platform-matched-controls-v2
mcfarland2020_cancer_mixseq_drug	Human multi-lineage cancer Mix-seq drug panel	treatment_time_holdout_1_vs_1	LNCAPCLONEFGC|BRD3379|0.0		4	pgaa_w	70	5000	0.15	0.14	0.0099999999999999	0.4057056910122276	0.3734467139138684	pgaa-cross-platform-dual-gate-v2	pgaa-cross-platform-matched-controls-v2
mcfarland2020_cancer_mixseq_drug	Human multi-lineage cancer Mix-seq drug panel	treatment_time_holdout_1_vs_1	LNCAPCLONEFGC|BRD3379|0.0		4	pgaa_h	70	5000	0.01	0.03	-0.0199999999999999	0.1382452668972506	0.090503619615515	pgaa-cross-platform-dual-gate-v2	pgaa-cross-platform-matched-controls-v2
mcfarland2020_cancer_mixseq_drug	Human multi-lineage cancer Mix-seq drug panel	treatment_time_holdout_1_vs_1	LNCAPCLONEFGC|BRD3379|0.0		4	absolute_mean_shift	70	5000	0.14	0.12	0.02	0.1603185404678275	0.0944657470494314	pgaa-cross-platform-dual-gate-v2	pgaa-cross-platform-matched-controls-v2
mcfarland2020_cancer_mixseq_drug	Human multi-lineage cancer Mix-seq drug panel	treatment_time_holdout_1_vs_1	LNCAPCLONEFGC|BRD3379|0.0		4	welch_abs_t	70	5000	0.04	0.03	0.01	0.0282679702353972	-0.009965871806874	pgaa-cross-platform-dual-gate-v2	pgaa-cross-platform-matched-controls-v2
mcfarland2020_cancer_mixseq_drug	Human multi-lineage cancer Mix-seq drug panel	treatment_time_holdout_1_vs_1	LNCAPCLONEFGC|Bortezomib|2.5		0	pgaa_w	70	5000	0.31	0.12	0.19	0.4930986740599469	0.3808213624968544	pgaa-cross-platform-dual-gate-v2	pgaa-cross-platform-matched-controls-v2
mcfarland2020_cancer_mixseq_drug	Human multi-lineage cancer Mix-seq drug panel	treatment_time_holdout_1_vs_1	LNCAPCLONEFGC|Bortezomib|2.5		0	pgaa_h	70	5000	0.05	0.04	0.01	0.0587080632458556	0.1153780081536708	pgaa-cross-platform-dual-gate-v2	pgaa-cross-platform-matched-controls-v2
mcfarland2020_cancer_mixseq_drug	Human multi-lineage cancer Mix-seq drug panel	treatment_time_holdout_1_vs_1	LNCAPCLONEFGC|Bortezomib|2.5		0	absolute_mean_shift	70	5000	0.33	0.1	0.23	0.3011531059733519	0.0969815173468985	pgaa-cross-platform-dual-gate-v2	pgaa-cross-platform-matched-controls-v2
mcfarland2020_cancer_mixseq_drug	Human multi-lineage cancer Mix-seq drug panel	treatment_time_holdout_1_vs_1	LNCAPCLONEFGC|Bortezomib|2.5		0	welch_abs_t	70	5000	0.23	0.02	0.21	0.1638055990322239	0.0010117469204698	pgaa-cross-platform-dual-gate-v2	pgaa-cross-platform-matched-controls-v2
mcfarland2020_cancer_mixseq_drug	Human multi-lineage cancer Mix-seq drug panel	treatment_time_holdout_1_vs_1	LNCAPCLONEFGC|Bortezomib|2.5		1	pgaa_w	70	5000	0.34	0.11	0.23	0.4857479830459192	0.385584801759392	pgaa-cross-platform-dual-gate-v2	pgaa-cross-platform-matched-controls-v2
mcfarland2020_cancer_mixseq_drug	Human multi-lineage cancer Mix-seq drug panel	treatment_time_holdout_1_vs_1	LNCAPCLONEFGC|Bortezomib|2.5		1	pgaa_h	70	5000	0.02	0.04	-0.02	0.0894212302001331	0.0749545938738329	pgaa-cross-platform-dual-gate-v2	pgaa-cross-platform-matched-controls-v2
mcfarland2020_cancer_mixseq_drug	Human multi-lineage cancer Mix-seq drug panel	treatment_time_holdout_1_vs_1	LNCAPCLONEFGC|Bortezomib|2.5		1	absolute_mean_shift	70	5000	0.34	0.05	0.29	0.3442007245293331	0.1074123606562281	pgaa-cross-platform-dual-gate-v2	pgaa-cross-platform-matched-controls-v2
mcfarland2020_cancer_mixseq_drug	Human multi-lineage cancer Mix-seq drug panel	treatment_time_holdout_1_vs_1	LNCAPCLONEFGC|Bortezomib|2.5		1	welch_abs_t	70	5000	0.26	0.01	0.25	0.2183483039604128	0.0227510557905882	pgaa-cross-platform-dual-gate-v2	pgaa-cross-platform-matched-controls-v2
mcfarland2020_cancer_mixseq_drug	Human multi-lineage cancer Mix-seq drug panel	treatment_time_holdout_1_vs_1	LNCAPCLONEFGC|Bortezomib|2.5		2	pgaa_w	70	5000	0.33	0.15	0.18	0.4757543968541758	0.3644086169123446	pgaa-cross-platform-dual-gate-v2	pgaa-cross-platform-matched-controls-v2
mcfarland2020_cancer_mixseq_drug	Human multi-lineage cancer Mix-seq drug panel	treatment_time_holdout_1_vs_1	LNCAPCLONEFGC|Bortezomib|2.5		2	pgaa_h	70	5000	0.01	0.01	0.0	0.0822058678877693	0.0740137405169618	pgaa-cross-platform-dual-gate-v2	pgaa-cross-platform-matched-controls-v2
mcfarland2020_cancer_mixseq_drug	Human multi-lineage cancer Mix-seq drug panel	treatment_time_holdout_1_vs_1	LNCAPCLONEFGC|Bortezomib|2.5		2	absolute_mean_shift	70	5000	0.31	0.1	0.21	0.3379385671819848	0.0895048245924892	pgaa-cross-platform-dual-gate-v2	pgaa-cross-platform-matched-controls-v2
mcfarland2020_cancer_mixseq_drug	Human multi-lineage cancer Mix-seq drug panel	treatment_time_holdout_1_vs_1	LNCAPCLONEFGC|Bortezomib|2.5		2	welch_abs_t	70	5000	0.21	0.01	0.1999999999999999	0.206341569650615	-0.0057563787263933	pgaa-cross-platform-dual-gate-v2	pgaa-cross-platform-matched-controls-v2
mcfarland2020_cancer_mixseq_drug	Human multi-lineage cancer Mix-seq drug panel	treatment_time_holdout_1_vs_1	LNCAPCLONEFGC|Bortezomib|2.5		3	pgaa_w	70	5000	0.3	0.18	0.12	0.490670276298811	0.3993192574447702	pgaa-cross-platform-dual-gate-v2	pgaa-cross-platform-matched-controls-v2
mcfarland2020_cancer_mixseq_drug	Human multi-lineage cancer Mix-seq drug panel	treatment_time_holdout_1_vs_1	LNCAPCLONEFGC|Bortezomib|2.5		3	pgaa_h	70	5000	0.01	0.01	0.0	0.0715253064040999	0.084268163248717	pgaa-cross-platform-dual-gate-v2	pgaa-cross-platform-matched-controls-v2
mcfarland2020_cancer_mixseq_drug	Human multi-lineage cancer Mix-seq drug panel	treatment_time_holdout_1_vs_1	LNCAPCLONEFGC|Bortezomib|2.5		3	absolute_mean_shift	70	5000	0.28	0.14	0.14	0.3286372473133772	0.1357164363951718	pgaa-cross-platform-dual-gate-v2	pgaa-cross-platform-matched-controls-v2
mcfarland2020_cancer_mixseq_drug	Human multi-lineage cancer Mix-seq drug panel	treatment_time_holdout_1_vs_1	LNCAPCLONEFGC|Bortezomib|2.5		3	welch_abs_t	70	5000	0.23	0.01	0.22	0.2018699631467985	0.0205352873819043	pgaa-cross-platform-dual-gate-v2	pgaa-cross-platform-matched-controls-v2
mcfarland2020_cancer_mixseq_drug	Human multi-lineage cancer Mix-seq drug panel	treatment_time_holdout_1_vs_1	LNCAPCLONEFGC|Bortezomib|2.5		4	pgaa_w	70	5000	0.27	0.11	0.16	0.4806849615633983	0.3521385065015402	pgaa-cross-platform-dual-gate-v2	pgaa-cross-platform-matched-controls-v2
mcfarland2020_cancer_mixseq_drug	Human multi-lineage cancer Mix-seq drug panel	treatment_time_holdout_1_vs_1	LNCAPCLONEFGC|Bortezomib|2.5		4	pgaa_h	70	5000	0.06	0.03	0.03	0.080333512615438	0.0961742087560833	pgaa-cross-platform-dual-gate-v2	pgaa-cross-platform-matched-controls-v2
mcfarland2020_cancer_mixseq_drug	Human multi-lineage cancer Mix-seq drug panel	treatment_time_holdout_1_vs_1	LNCAPCLONEFGC|Bortezomib|2.5		4	absolute_mean_shift	70	5000	0.28	0.06	0.22	0.2740088746920836	0.0538435109749094	pgaa-cross-platform-dual-gate-v2	pgaa-cross-platform-matched-controls-v2
mcfarland2020_cancer_mixseq_drug	Human multi-lineage cancer Mix-seq drug panel	treatment_time_holdout_1_vs_1	LNCAPCLONEFGC|Bortezomib|2.5		4	welch_abs_t	70	5000	0.19	0.02	0.17	0.1312722200348887	-0.0167702964468118	pgaa-cross-platform-dual-gate-v2	pgaa-cross-platform-matched-controls-v2
mcfarland2020_cancer_mixseq_drug	Human multi-lineage cancer Mix-seq drug panel	treatment_time_holdout_1_vs_1	LNCAPCLONEFGC|Idasanutlin|2.5		0	pgaa_w	70	5000	0.27	0.13	0.14	0.4577156729006269	0.3543815624312624	pgaa-cross-platform-dual-gate-v2	pgaa-cross-platform-matched-controls-v2
mcfarland2020_cancer_mixseq_drug	Human multi-lineage cancer Mix-seq drug panel	treatment_time_holdout_1_vs_1	LNCAPCLONEFGC|Idasanutlin|2.5		0	pgaa_h	70	5000	0.06	0.06	0.0	0.0632109570749901	0.0900435817485206	pgaa-cross-platform-dual-gate-v2	pgaa-cross-platform-matched-controls-v2
mcfarland2020_cancer_mixseq_drug	Human multi-lineage cancer Mix-seq drug panel	treatment_time_holdout_1_vs_1	LNCAPCLONEFGC|Idasanutlin|2.5		0	absolute_mean_shift	70	5000	0.27	0.09	0.18	0.2719041614332178	0.0736049160267957	pgaa-cross-platform-dual-gate-v2	pgaa-cross-platform-matched-controls-v2
mcfarland2020_cancer_mixseq_drug	Human multi-lineage cancer Mix-seq drug panel	treatment_time_holdout_1_vs_1	LNCAPCLONEFGC|Idasanutlin|2.5		0	welch_abs_t	70	5000	0.2	0.04	0.16	0.1283976912540707	-0.0215219188773932	pgaa-cross-platform-dual-gate-v2	pgaa-cross-platform-matched-controls-v2
mcfarland2020_cancer_mixseq_drug	Human multi-lineage cancer Mix-seq drug panel	treatment_time_holdout_1_vs_1	LNCAPCLONEFGC|Idasanutlin|2.5		1	pgaa_w	70	5000	0.27	0.18	0.09	0.4609355677494226	0.3702036166321446	pgaa-cross-platform-dual-gate-v2	pgaa-cross-platform-matched-controls-v2
mcfarland2020_cancer_mixseq_drug	Human multi-lineage cancer Mix-seq drug panel	treatment_time_holdout_1_vs_1	LNCAPCLONEFGC|Idasanutlin|2.5		1	pgaa_h	70	5000	0.0	0.01	-0.01	0.0905236398525728	0.107968213155379	pgaa-cross-platform-dual-gate-v2	pgaa-cross-platform-matched-controls-v2
mcfarland2020_cancer_mixseq_drug	Human multi-lineage cancer Mix-seq drug panel	treatment_time_holdout_1_vs_1	LNCAPCLONEFGC|Idasanutlin|2.5		1	absolute_mean_shift	70	5000	0.24	0.14	0.0999999999999999	0.2954474490480794	0.1048697396953739	pgaa-cross-platform-dual-gate-v2	pgaa-cross-platform-matched-controls-v2
mcfarland2020_cancer_mixseq_drug	Human multi-lineage cancer Mix-seq drug panel	treatment_time_holdout_1_vs_1	LNCAPCLONEFGC|Idasanutlin|2.5		1	welch_abs_t	70	5000	0.21	0.02	0.19	0.1529441958531091	-0.0100461846420884	pgaa-cross-platform-dual-gate-v2	pgaa-cross-platform-matched-controls-v2
mcfarland2020_cancer_mixseq_drug	Human multi-lineage cancer Mix-seq drug panel	treatment_time_holdout_1_vs_1	LNCAPCLONEFGC|Idasanutlin|2.5		2	pgaa_w	70	5000	0.26	0.18	0.08	0.4490659993066399	0.3940021579360863	pgaa-cross-platform-dual-gate-v2	pgaa-cross-platform-matched-controls-v2
mcfarland2020_cancer_mixseq_drug	Human multi-lineage cancer Mix-seq drug panel	treatment_time_holdout_1_vs_1	LNCAPCLONEFGC|Idasanutlin|2.5		2	pgaa_h	70	5000	0.02	0.05	-0.03	0.086711273196058	0.0751883204951891	pgaa-cross-platform-dual-gate-v2	pgaa-cross-platform-matched-controls-v2
mcfarland2020_cancer_mixseq_drug	Human multi-lineage cancer Mix-seq drug panel	treatment_time_holdout_1_vs_1	LNCAPCLONEFGC|Idasanutlin|2.5		2	absolute_mean_shift	70	5000	0.27	0.1	0.17	0.2577934559081122	0.1185740167760353	pgaa-cross-platform-dual-gate-v2	pgaa-cross-platform-matched-controls-v2
mcfarland2020_cancer_mixseq_drug	Human multi-lineage cancer Mix-seq drug panel	treatment_time_holdout_1_vs_1	LNCAPCLONEFGC|Idasanutlin|2.5		2	welch_abs_t	70	5000	0.19	0.06	0.13	0.1163252549250101	0.0147287042542086	pgaa-cross-platform-dual-gate-v2	pgaa-cross-platform-matched-controls-v2
mcfarland2020_cancer_mixseq_drug	Human multi-lineage cancer Mix-seq drug panel	treatment_time_holdout_1_vs_1	LNCAPCLONEFGC|Idasanutlin|2.5		3	pgaa_w	70	5000	0.31	0.15	0.16	0.4745680905347236	0.4145357844214313	pgaa-cross-platform-dual-gate-v2	pgaa-cross-platform-matched-controls-v2
mcfarland2020_cancer_mixseq_drug	Human multi-lineage cancer Mix-seq drug panel	treatment_time_holdout_1_vs_1	LNCAPCLONEFGC|Idasanutlin|2.5		3	pgaa_h	70	5000	0.02	0.03	-0.0099999999999999	0.0856707980787929	0.0812565193991477	pgaa-cross-platform-dual-gate-v2	pgaa-cross-platform-matched-controls-v2
mcfarland2020_cancer_mixseq_drug	Human multi-lineage cancer Mix-seq drug panel	treatment_time_holdout_1_vs_1	LNCAPCLONEFGC|Idasanutlin|2.5		3	absolute_mean_shift	70	5000	0.3	0.16	0.1399999999999999	0.3138247808080548	0.1412452170267581	pgaa-cross-platform-dual-gate-v2	pgaa-cross-platform-matched-controls-v2
mcfarland2020_cancer_mixseq_drug	Human multi-lineage cancer Mix-seq drug panel	treatment_time_holdout_1_vs_1	LNCAPCLONEFGC|Idasanutlin|2.5		3	welch_abs_t	70	5000	0.23	0.03	0.2	0.1747430768979169	0.0341587231911687	pgaa-cross-platform-dual-gate-v2	pgaa-cross-platform-matched-controls-v2
mcfarland2020_cancer_mixseq_drug	Human multi-lineage cancer Mix-seq drug panel	treatment_time_holdout_1_vs_1	LNCAPCLONEFGC|Idasanutlin|2.5		4	pgaa_w	70	5000	0.35	0.14	0.2099999999999999	0.4676115097764603	0.3906303279132131	pgaa-cross-platform-dual-gate-v2	pgaa-cross-platform-matched-controls-v2
mcfarland2020_cancer_mixseq_drug	Human multi-lineage cancer Mix-seq drug panel	treatment_time_holdout_1_vs_1	LNCAPCLONEFGC|Idasanutlin|2.5		4	pgaa_h	70	5000	0.05	0.03	0.02	0.0845643509411738	0.0797779367383118	pgaa-cross-platform-dual-gate-v2	pgaa-cross-platform-matched-controls-v2
mcfarland2020_cancer_mixseq_drug	Human multi-lineage cancer Mix-seq drug panel	treatment_time_holdout_1_vs_1	LNCAPCLONEFGC|Idasanutlin|2.5		4	absolute_mean_shift	70	5000	0.34	0.1	0.24	0.318713647860195	0.105120382017861	pgaa-cross-platform-dual-gate-v2	pgaa-cross-platform-matched-controls-v2
mcfarland2020_cancer_mixseq_drug	Human multi-lineage cancer Mix-seq drug panel	treatment_time_holdout_1_vs_1	LNCAPCLONEFGC|Idasanutlin|2.5		4	welch_abs_t	70	5000	0.24	0.05	0.19	0.1770287278373978	-0.0098141220570359	pgaa-cross-platform-dual-gate-v2	pgaa-cross-platform-matched-controls-v2
mcfarland2020_cancer_mixseq_drug	Human multi-lineage cancer Mix-seq drug panel	treatment_time_holdout_1_vs_1	LNCAPCLONEFGC|Trametinib|0.1		0	pgaa_w	70	5000	0.15	0.13	0.0199999999999999	0.3853037575241502	0.3762565933222637	pgaa-cross-platform-dual-gate-v2	pgaa-cross-platform-matched-controls-v2
mcfarland2020_cancer_mixseq_drug	Human multi-lineage cancer Mix-seq drug panel	treatment_time_holdout_1_vs_1	LNCAPCLONEFGC|Trametinib|0.1		0	pgaa_h	70	5000	0.03	0.02	0.0099999999999999	0.1226569087434307	0.0750219387944664	pgaa-cross-platform-dual-gate-v2	pgaa-cross-platform-matched-controls-v2
mcfarland2020_cancer_mixseq_drug	Human multi-lineage cancer Mix-seq drug panel	treatment_time_holdout_1_vs_1	LNCAPCLONEFGC|Trametinib|0.1		0	absolute_mean_shift	70	5000	0.09	0.11	-0.02	0.1763133437499228	0.0770013508972942	pgaa-cross-platform-dual-gate-v2	pgaa-cross-platform-matched-controls-v2
mcfarland2020_cancer_mixseq_drug	Human multi-lineage cancer Mix-seq drug panel	treatment_time_holdout_1_vs_1	LNCAPCLONEFGC|Trametinib|0.1		0	welch_abs_t	70	5000	0.06	0.02	0.0399999999999999	0.0372523921487778	-0.0232014771531727	pgaa-cross-platform-dual-gate-v2	pgaa-cross-platform-matched-controls-v2
mcfarland2020_cancer_mixseq_drug	Human multi-lineage cancer Mix-seq drug panel	treatment_time_holdout_1_vs_1	LNCAPCLONEFGC|Trametinib|0.1		1	pgaa_w	70	5000	0.22	0.16	0.06	0.3839850960954037	0.3956843793473751	pgaa-cross-platform-dual-gate-v2	pgaa-cross-platform-matched-controls-v2
mcfarland2020_cancer_mixseq_drug	Human multi-lineage cancer Mix-seq drug panel	treatment_time_holdout_1_vs_1	LNCAPCLONEFGC|Trametinib|0.1		1	pgaa_h	70	5000	0.03	0.03	0.0	0.1228619176769098	0.0934077894344269	pgaa-cross-platform-dual-gate-v2	pgaa-cross-platform-matched-controls-v2
mcfarland2020_cancer_mixseq_drug	Human multi-lineage cancer Mix-seq drug panel	treatment_time_holdout_1_vs_1	LNCAPCLONEFGC|Trametinib|0.1		1	absolute_mean_shift	70	5000	0.14	0.1	0.04	0.1799489039542749	0.1360116657175237	pgaa-cross-platform-dual-gate-v2	pgaa-cross-platform-matched-controls-v2
mcfarland2020_cancer_mixseq_drug	Human multi-lineage cancer Mix-seq drug panel	treatment_time_holdout_1_vs_1	LNCAPCLONEFGC|Trametinib|0.1		1	welch_abs_t	70	5000	0.04	0.04	0.0	0.0503516052460642	0.0211680982867239	pgaa-cross-platform-dual-gate-v2	pgaa-cross-platform-matched-controls-v2
mcfarland2020_cancer_mixseq_drug	Human multi-lineage cancer Mix-seq drug panel	treatment_time_holdout_1_vs_1	LNCAPCLONEFGC|Trametinib|0.1		2	pgaa_w	70	5000	0.15	0.19	-0.04	0.4012799801471991	0.3739324652932985	pgaa-cross-platform-dual-gate-v2	pgaa-cross-platform-matched-controls-v2
mcfarland2020_cancer_mixseq_drug	Human multi-lineage cancer Mix-seq drug panel	treatment_time_holdout_1_vs_1	LNCAPCLONEFGC|Trametinib|0.1		2	pgaa_h	70	5000	0.06	0.01	0.0499999999999999	0.1271713817725655	0.0651788140139502	pgaa-cross-platform-dual-gate-v2	pgaa-cross-platform-matched-controls-v2
mcfarland2020_cancer_mixseq_drug	Human multi-lineage cancer Mix-seq drug panel	treatment_time_holdout_1_vs_1	LNCAPCLONEFGC|Trametinib|0.1		2	absolute_mean_shift	70	5000	0.13	0.14	-0.01	0.1953247095004273	0.0792916746314729	pgaa-cross-platform-dual-gate-v2	pgaa-cross-platform-matched-controls-v2
mcfarland2020_cancer_mixseq_drug	Human multi-lineage cancer Mix-seq drug panel	treatment_time_holdout_1_vs_1	LNCAPCLONEFGC|Trametinib|0.1		2	welch_abs_t	70	5000	0.01	0.04	-0.03	0.0498258200410327	-0.0072195119529537	pgaa-cross-platform-dual-gate-v2	pgaa-cross-platform-matched-controls-v2
mcfarland2020_cancer_mixseq_drug	Human multi-lineage cancer Mix-seq drug panel	treatment_time_holdout_1_vs_1	LNCAPCLONEFGC|Trametinib|0.1		3	pgaa_w	70	5000	0.17	0.12	0.05	0.3737630972865238	0.3906615661224626	pgaa-cross-platform-dual-gate-v2	pgaa-cross-platform-matched-controls-v2
mcfarland2020_cancer_mixseq_drug	Human multi-lineage cancer Mix-seq drug panel	treatment_time_holdout_1_vs_1	LNCAPCLONEFGC|Trametinib|0.1		3	pgaa_h	70	5000	0.01	0.03	-0.0199999999999999	0.1390231486899323	0.0735610214667303	pgaa-cross-platform-dual-gate-v2	pgaa-cross-platform-matched-controls-v2
mcfarland2020_cancer_mixseq_drug	Human multi-lineage cancer Mix-seq drug panel	treatment_time_holdout_1_vs_1	LNCAPCLONEFGC|Trametinib|0.1		3	absolute_mean_shift	70	5000	0.09	0.08	0.0099999999999999	0.1448355907708039	0.0906252963697119	pgaa-cross-platform-dual-gate-v2	pgaa-cross-platform-matched-controls-v2
mcfarland2020_cancer_mixseq_drug	Human multi-lineage cancer Mix-seq drug panel	treatment_time_holdout_1_vs_1	LNCAPCLONEFGC|Trametinib|0.1		3	welch_abs_t	70	5000	0.05	0.0	0.05	0.0174342036262049	0.0103047016131773	pgaa-cross-platform-dual-gate-v2	pgaa-cross-platform-matched-controls-v2
mcfarland2020_cancer_mixseq_drug	Human multi-lineage cancer Mix-seq drug panel	treatment_time_holdout_1_vs_1	LNCAPCLONEFGC|Trametinib|0.1		4	pgaa_w	70	5000	0.16	0.09	0.07	0.4239723475828938	0.352139701701588	pgaa-cross-platform-dual-gate-v2	pgaa-cross-platform-matched-controls-v2
mcfarland2020_cancer_mixseq_drug	Human multi-lineage cancer Mix-seq drug panel	treatment_time_holdout_1_vs_1	LNCAPCLONEFGC|Trametinib|0.1		4	pgaa_h	70	5000	0.03	0.02	0.0099999999999999	0.1295963543310823	0.0860691564446676	pgaa-cross-platform-dual-gate-v2	pgaa-cross-platform-matched-controls-v2
mcfarland2020_cancer_mixseq_drug	Human multi-lineage cancer Mix-seq drug panel	treatment_time_holdout_1_vs_1	LNCAPCLONEFGC|Trametinib|0.1		4	absolute_mean_shift	70	5000	0.13	0.09	0.04	0.1938240807702668	0.0642148096612158	pgaa-cross-platform-dual-gate-v2	pgaa-cross-platform-matched-controls-v2
mcfarland2020_cancer_mixseq_drug	Human multi-lineage cancer Mix-seq drug panel	treatment_time_holdout_1_vs_1	LNCAPCLONEFGC|Trametinib|0.1		4	welch_abs_t	70	5000	0.04	0.02	0.02	0.0582678574375111	-0.0051663738867789	pgaa-cross-platform-dual-gate-v2	pgaa-cross-platform-matched-controls-v2
schiebinger2019_mesc_cytokine	Mouse embryonic stem-cell state transition	biological_replicate_holdout_1_vs_1	2i (LIF+MEKi+GSK3i)|D10		0	pgaa_w	70	5000	0.29	0.16	0.1299999999999999	0.5592790098271603	0.3584468667979291	pgaa-cross-platform-dual-gate-v2	pgaa-cross-platform-matched-controls-v2
schiebinger2019_mesc_cytokine	Mouse embryonic stem-cell state transition	biological_replicate_holdout_1_vs_1	2i (LIF+MEKi+GSK3i)|D10		0	pgaa_h	70	5000	0.01	0.05	-0.04	0.0279304618914725	0.0204722282752014	pgaa-cross-platform-dual-gate-v2	pgaa-cross-platform-matched-controls-v2
schiebinger2019_mesc_cytokine	Mouse embryonic stem-cell state transition	biological_replicate_holdout_1_vs_1	2i (LIF+MEKi+GSK3i)|D10		0	absolute_mean_shift	70	5000	0.29	0.14	0.1499999999999999	0.2325237955681129	0.1515018022113371	pgaa-cross-platform-dual-gate-v2	pgaa-cross-platform-matched-controls-v2
schiebinger2019_mesc_cytokine	Mouse embryonic stem-cell state transition	biological_replicate_holdout_1_vs_1	2i (LIF+MEKi+GSK3i)|D10		0	welch_abs_t	70	5000	0.12	0.01	0.11	0.0548213831394867	0.0075962848996799	pgaa-cross-platform-dual-gate-v2	pgaa-cross-platform-matched-controls-v2
schiebinger2019_mesc_cytokine	Mouse embryonic stem-cell state transition	biological_replicate_holdout_1_vs_1	2i (LIF+MEKi+GSK3i)|D10		1	pgaa_w	70	5000	0.28	0.15	0.13	0.5867377167815087	0.3752494159960365	pgaa-cross-platform-dual-gate-v2	pgaa-cross-platform-matched-controls-v2
schiebinger2019_mesc_cytokine	Mouse embryonic stem-cell state transition	biological_replicate_holdout_1_vs_1	2i (LIF+MEKi+GSK3i)|D10		1	pgaa_h	70	5000	0.01	0.06	-0.0499999999999999	0.0166642053596961	0.0282331306110083	pgaa-cross-platform-dual-gate-v2	pgaa-cross-platform-matched-controls-v2
schiebinger2019_mesc_cytokine	Mouse embryonic stem-cell state transition	biological_replicate_holdout_1_vs_1	2i (LIF+MEKi+GSK3i)|D10		1	absolute_mean_shift	70	5000	0.25	0.13	0.12	0.2089396997386025	0.1162620633907563	pgaa-cross-platform-dual-gate-v2	pgaa-cross-platform-matched-controls-v2
schiebinger2019_mesc_cytokine	Mouse embryonic stem-cell state transition	biological_replicate_holdout_1_vs_1	2i (LIF+MEKi+GSK3i)|D10		1	welch_abs_t	70	5000	0.07	0.01	0.06	0.0222038932081557	-0.0018507908426534	pgaa-cross-platform-dual-gate-v2	pgaa-cross-platform-matched-controls-v2
schiebinger2019_mesc_cytokine	Mouse embryonic stem-cell state transition	biological_replicate_holdout_1_vs_1	2i (LIF+MEKi+GSK3i)|D10		2	pgaa_w	70	5000	0.46	0.08	0.38	0.5373488857819554	0.3483768865556551	pgaa-cross-platform-dual-gate-v2	pgaa-cross-platform-matched-controls-v2
schiebinger2019_mesc_cytokine	Mouse embryonic stem-cell state transition	biological_replicate_holdout_1_vs_1	2i (LIF+MEKi+GSK3i)|D10		2	pgaa_h	70	5000	0.02	0.04	-0.02	0.0050122597031396	0.0507552715996318	pgaa-cross-platform-dual-gate-v2	pgaa-cross-platform-matched-controls-v2
schiebinger2019_mesc_cytokine	Mouse embryonic stem-cell state transition	biological_replicate_holdout_1_vs_1	2i (LIF+MEKi+GSK3i)|D10		2	absolute_mean_shift	70	5000	0.43	0.04	0.39	0.2344522725837177	0.1082805091405455	pgaa-cross-platform-dual-gate-v2	pgaa-cross-platform-matched-controls-v2
schiebinger2019_mesc_cytokine	Mouse embryonic stem-cell state transition	biological_replicate_holdout_1_vs_1	2i (LIF+MEKi+GSK3i)|D10		2	welch_abs_t	70	5000	0.25	0.01	0.24	0.0752006618258313	-0.0108781307225286	pgaa-cross-platform-dual-gate-v2	pgaa-cross-platform-matched-controls-v2
schiebinger2019_mesc_cytokine	Mouse embryonic stem-cell state transition	biological_replicate_holdout_1_vs_1	2i (LIF+MEKi+GSK3i)|D10		3	pgaa_w	70	5000	0.36	0.15	0.21	0.5845243446289737	0.3800011174352449	pgaa-cross-platform-dual-gate-v2	pgaa-cross-platform-matched-controls-v2
schiebinger2019_mesc_cytokine	Mouse embryonic stem-cell state transition	biological_replicate_holdout_1_vs_1	2i (LIF+MEKi+GSK3i)|D10		3	pgaa_h	70	5000	0.05	0.08	-0.03	0.0291199518623562	0.0736615186470185	pgaa-cross-platform-dual-gate-v2	pgaa-cross-platform-matched-controls-v2
schiebinger2019_mesc_cytokine	Mouse embryonic stem-cell state transition	biological_replicate_holdout_1_vs_1	2i (LIF+MEKi+GSK3i)|D10		3	absolute_mean_shift	70	5000	0.38	0.09	0.29	0.248235959567396	0.1326449659487343	pgaa-cross-platform-dual-gate-v2	pgaa-cross-platform-matched-controls-v2
schiebinger2019_mesc_cytokine	Mouse embryonic stem-cell state transition	biological_replicate_holdout_1_vs_1	2i (LIF+MEKi+GSK3i)|D10		3	welch_abs_t	70	5000	0.19	0.03	0.16	0.0672377795535111	0.0215709517005327	pgaa-cross-platform-dual-gate-v2	pgaa-cross-platform-matched-controls-v2
schiebinger2019_mesc_cytokine	Mouse embryonic stem-cell state transition	biological_replicate_holdout_1_vs_1	2i (LIF+MEKi+GSK3i)|D10		4	pgaa_w	70	5000	0.27	0.19	0.08	0.5848551821462072	0.3638909848917738	pgaa-cross-platform-dual-gate-v2	pgaa-cross-platform-matched-controls-v2
schiebinger2019_mesc_cytokine	Mouse embryonic stem-cell state transition	biological_replicate_holdout_1_vs_1	2i (LIF+MEKi+GSK3i)|D10		4	pgaa_h	70	5000	0.02	0.04	-0.02	0.0022180969328147	0.0151475530539162	pgaa-cross-platform-dual-gate-v2	pgaa-cross-platform-matched-controls-v2
schiebinger2019_mesc_cytokine	Mouse embryonic stem-cell state transition	biological_replicate_holdout_1_vs_1	2i (LIF+MEKi+GSK3i)|D10		4	absolute_mean_shift	70	5000	0.27	0.16	0.11	0.2394742847597083	0.1455688320506009	pgaa-cross-platform-dual-gate-v2	pgaa-cross-platform-matched-controls-v2
schiebinger2019_mesc_cytokine	Mouse embryonic stem-cell state transition	biological_replicate_holdout_1_vs_1	2i (LIF+MEKi+GSK3i)|D10		4	welch_abs_t	70	5000	0.13	0.03	0.1	0.0462827337415309	0.0156521026190997	pgaa-cross-platform-dual-gate-v2	pgaa-cross-platform-matched-controls-v2
schiebinger2019_mesc_cytokine	Mouse embryonic stem-cell state transition	biological_replicate_holdout_1_vs_1	2i (LIF+MEKi+GSK3i)|D10.5		0	pgaa_w	70	5000	0.65	0.17	0.48	0.5588274645930985	0.3656244929656296	pgaa-cross-platform-dual-gate-v2	pgaa-cross-platform-matched-controls-v2
schiebinger2019_mesc_cytokine	Mouse embryonic stem-cell state transition	biological_replicate_holdout_1_vs_1	2i (LIF+MEKi+GSK3i)|D10.5		0	pgaa_h	70	5000	0.04	0.06	-0.0199999999999999	0.0772312632835361	0.0711788742571083	pgaa-cross-platform-dual-gate-v2	pgaa-cross-platform-matched-controls-v2
schiebinger2019_mesc_cytokine	Mouse embryonic stem-cell state transition	biological_replicate_holdout_1_vs_1	2i (LIF+MEKi+GSK3i)|D10.5		0	absolute_mean_shift	70	5000	0.65	0.11	0.54	0.3670265209154867	0.1393900328057095	pgaa-cross-platform-dual-gate-v2	pgaa-cross-platform-matched-controls-v2
schiebinger2019_mesc_cytokine	Mouse embryonic stem-cell state transition	biological_replicate_holdout_1_vs_1	2i (LIF+MEKi+GSK3i)|D10.5		0	welch_abs_t	70	5000	0.47	0.02	0.4499999999999999	0.2664894335075773	0.0153324215438727	pgaa-cross-platform-dual-gate-v2	pgaa-cross-platform-matched-controls-v2
schiebinger2019_mesc_cytokine	Mouse embryonic stem-cell state transition	biological_replicate_holdout_1_vs_1	2i (LIF+MEKi+GSK3i)|D10.5		1	pgaa_w	70	5000	0.57	0.16	0.4099999999999999	0.4942471674178866	0.354889024979561	pgaa-cross-platform-dual-gate-v2	pgaa-cross-platform-matched-controls-v2
schiebinger2019_mesc_cytokine	Mouse embryonic stem-cell state transition	biological_replicate_holdout_1_vs_1	2i (LIF+MEKi+GSK3i)|D10.5		1	pgaa_h	70	5000	0.0	0.01	-0.01	0.0754664579507242	0.0602849400785033	pgaa-cross-platform-dual-gate-v2	pgaa-cross-platform-matched-controls-v2
schiebinger2019_mesc_cytokine	Mouse embryonic stem-cell state transition	biological_replicate_holdout_1_vs_1	2i (LIF+MEKi+GSK3i)|D10.5		1	absolute_mean_shift	70	5000	0.57	0.09	0.48	0.3213402848441723	0.1217925067975462	pgaa-cross-platform-dual-gate-v2	pgaa-cross-platform-matched-controls-v2
schiebinger2019_mesc_cytokine	Mouse embryonic stem-cell state transition	biological_replicate_holdout_1_vs_1	2i (LIF+MEKi+GSK3i)|D10.5		1	welch_abs_t	70	5000	0.43	0.04	0.39	0.2079134854685394	0.005308375028335	pgaa-cross-platform-dual-gate-v2	pgaa-cross-platform-matched-controls-v2
schiebinger2019_mesc_cytokine	Mouse embryonic stem-cell state transition	biological_replicate_holdout_1_vs_1	2i (LIF+MEKi+GSK3i)|D10.5		2	pgaa_w	70	5000	0.59	0.1	0.49	0.578529150053166	0.3593913208076527	pgaa-cross-platform-dual-gate-v2	pgaa-cross-platform-matched-controls-v2
schiebinger2019_mesc_cytokine	Mouse embryonic stem-cell state transition	biological_replicate_holdout_1_vs_1	2i (LIF+MEKi+GSK3i)|D10.5		2	pgaa_h	70	5000	0.04	0.02	0.02	0.0768682594160017	0.0601374972032187	pgaa-cross-platform-dual-gate-v2	pgaa-cross-platform-matched-controls-v2
schiebinger2019_mesc_cytokine	Mouse embryonic stem-cell state transition	biological_replicate_holdout_1_vs_1	2i (LIF+MEKi+GSK3i)|D10.5		2	absolute_mean_shift	70	5000	0.58	0.09	0.49	0.363118850812754	0.1049385075625773	pgaa-cross-platform-dual-gate-v2	pgaa-cross-platform-matched-controls-v2
schiebinger2019_mesc_cytokine	Mouse embryonic stem-cell state transition	biological_replicate_holdout_1_vs_1	2i (LIF+MEKi+GSK3i)|D10.5		2	welch_abs_t	70	5000	0.44	0.0	0.44	0.2644156051909702	0.0078217766652465	pgaa-cross-platform-dual-gate-v2	pgaa-cross-platform-matched-controls-v2
schiebinger2019_mesc_cytokine	Mouse embryonic stem-cell state transition	biological_replicate_holdout_1_vs_1	2i (LIF+MEKi+GSK3i)|D10.5		3	pgaa_w	70	5000	0.53	0.15	0.38	0.5126264132730565	0.3151971661101456	pgaa-cross-platform-dual-gate-v2	pgaa-cross-platform-matched-controls-v2
schiebinger2019_mesc_cytokine	Mouse embryonic stem-cell state transition	biological_replicate_holdout_1_vs_1	2i (LIF+MEKi+GSK3i)|D10.5		3	pgaa_h	70	5000	0.02	0.04	-0.02	0.0931586529506595	0.1062734923181879	pgaa-cross-platform-dual-gate-v2	pgaa-cross-platform-matched-controls-v2
schiebinger2019_mesc_cytokine	Mouse embryonic stem-cell state transition	biological_replicate_holdout_1_vs_1	2i (LIF+MEKi+GSK3i)|D10.5		3	absolute_mean_shift	70	5000	0.54	0.12	0.42	0.3222450505372698	0.063898131379593	pgaa-cross-platform-dual-gate-v2	pgaa-cross-platform-matched-controls-v2
schiebinger2019_mesc_cytokine	Mouse embryonic stem-cell state transition	biological_replicate_holdout_1_vs_1	2i (LIF+MEKi+GSK3i)|D10.5		3	welch_abs_t	70	5000	0.46	0.01	0.45	0.2160617656344706	-0.0211444255523143	pgaa-cross-platform-dual-gate-v2	pgaa-cross-platform-matched-controls-v2
schiebinger2019_mesc_cytokine	Mouse embryonic stem-cell state transition	biological_replicate_holdout_1_vs_1	2i (LIF+MEKi+GSK3i)|D10.5		4	pgaa_w	70	5000	0.57	0.12	0.4499999999999999	0.5340810909632435	0.3130648005141055	pgaa-cross-platform-dual-gate-v2	pgaa-cross-platform-matched-controls-v2
schiebinger2019_mesc_cytokine	Mouse embryonic stem-cell state transition	biological_replicate_holdout_1_vs_1	2i (LIF+MEKi+GSK3i)|D10.5		4	pgaa_h	70	5000	0.04	0.02	0.02	0.0592700681854463	0.0737552718941957	pgaa-cross-platform-dual-gate-v2	pgaa-cross-platform-matched-controls-v2
schiebinger2019_mesc_cytokine	Mouse embryonic stem-cell state transition	biological_replicate_holdout_1_vs_1	2i (LIF+MEKi+GSK3i)|D10.5		4	absolute_mean_shift	70	5000	0.58	0.12	0.4599999999999999	0.3270018743996191	0.0806016206174747	pgaa-cross-platform-dual-gate-v2	pgaa-cross-platform-matched-controls-v2
schiebinger2019_mesc_cytokine	Mouse embryonic stem-cell state transition	biological_replicate_holdout_1_vs_1	2i (LIF+MEKi+GSK3i)|D10.5		4	welch_abs_t	70	5000	0.43	0.01	0.42	0.2250151044780045	-0.005686501523733	pgaa-cross-platform-dual-gate-v2	pgaa-cross-platform-matched-controls-v2
schiebinger2019_mesc_cytokine	Mouse embryonic stem-cell state transition	biological_replicate_holdout_1_vs_1	2i (LIF+MEKi+GSK3i)|D11		0	pgaa_w	70	5000	0.56	0.12	0.44	0.6680531048981241	0.3369884682807668	pgaa-cross-platform-dual-gate-v2	pgaa-cross-platform-matched-controls-v2
schiebinger2019_mesc_cytokine	Mouse embryonic stem-cell state transition	biological_replicate_holdout_1_vs_1	2i (LIF+MEKi+GSK3i)|D11		0	pgaa_h	70	5000	0.04	0.06	-0.0199999999999999	0.0767916944771717	0.0912130802187104	pgaa-cross-platform-dual-gate-v2	pgaa-cross-platform-matched-controls-v2
schiebinger2019_mesc_cytokine	Mouse embryonic stem-cell state transition	biological_replicate_holdout_1_vs_1	2i (LIF+MEKi+GSK3i)|D11		0	absolute_mean_shift	70	5000	0.56	0.06	0.5	0.3260257716408555	0.1311153259766678	pgaa-cross-platform-dual-gate-v2	pgaa-cross-platform-matched-controls-v2
schiebinger2019_mesc_cytokine	Mouse embryonic stem-cell state transition	biological_replicate_holdout_1_vs_1	2i (LIF+MEKi+GSK3i)|D11		0	welch_abs_t	70	5000	0.55	0.03	0.52	0.1984649028281224	0.0053571784084728	pgaa-cross-platform-dual-gate-v2	pgaa-cross-platform-matched-controls-v2
schiebinger2019_mesc_cytokine	Mouse embryonic stem-cell state transition	biological_replicate_holdout_1_vs_1	2i (LIF+MEKi+GSK3i)|D11		1	pgaa_w	70	5000	0.63	0.07	0.56	0.657138524813541	0.3319393220374056	pgaa-cross-platform-dual-gate-v2	pgaa-cross-platform-matched-controls-v2
schiebinger2019_mesc_cytokine	Mouse embryonic stem-cell state transition	biological_replicate_holdout_1_vs_1	2i (LIF+MEKi+GSK3i)|D11		1	pgaa_h	70	5000	0.06	0.02	0.0399999999999999	0.1009419883798998	0.0904632405399697	pgaa-cross-platform-dual-gate-v2	pgaa-cross-platform-matched-controls-v2
schiebinger2019_mesc_cytokine	Mouse embryonic stem-cell state transition	biological_replicate_holdout_1_vs_1	2i (LIF+MEKi+GSK3i)|D11		1	absolute_mean_shift	70	5000	0.6	0.07	0.53	0.3556386448495457	0.1044185613732727	pgaa-cross-platform-dual-gate-v2	pgaa-cross-platform-matched-controls-v2
schiebinger2019_mesc_cytokine	Mouse embryonic stem-cell state transition	biological_replicate_holdout_1_vs_1	2i (LIF+MEKi+GSK3i)|D11		1	welch_abs_t	70	5000	0.55	0.03	0.52	0.2393129342125173	-0.0021344917337894	pgaa-cross-platform-dual-gate-v2	pgaa-cross-platform-matched-controls-v2
schiebinger2019_mesc_cytokine	Mouse embryonic stem-cell state transition	biological_replicate_holdout_1_vs_1	2i (LIF+MEKi+GSK3i)|D11		2	pgaa_w	70	5000	0.63	0.15	0.48	0.6780178221298025	0.3319503612849854	pgaa-cross-platform-dual-gate-v2	pgaa-cross-platform-matched-controls-v2
schiebinger2019_mesc_cytokine	Mouse embryonic stem-cell state transition	biological_replicate_holdout_1_vs_1	2i (LIF+MEKi+GSK3i)|D11		2	pgaa_h	70	5000	0.03	0.07	-0.04	0.0951765193448173	0.0721904897163422	pgaa-cross-platform-dual-gate-v2	pgaa-cross-platform-matched-controls-v2
schiebinger2019_mesc_cytokine	Mouse embryonic stem-cell state transition	biological_replicate_holdout_1_vs_1	2i (LIF+MEKi+GSK3i)|D11		2	absolute_mean_shift	70	5000	0.63	0.11	0.52	0.310098465649708	0.1300151079146966	pgaa-cross-platform-dual-gate-v2	pgaa-cross-platform-matched-controls-v2
schiebinger2019_mesc_cytokine	Mouse embryonic stem-cell state transition	biological_replicate_holdout_1_vs_1	2i (LIF+MEKi+GSK3i)|D11		2	welch_abs_t	70	5000	0.54	0.02	0.52	0.1868637750374594	0.019172156083132	pgaa-cross-platform-dual-gate-v2	pgaa-cross-platform-matched-controls-v2
schiebinger2019_mesc_cytokine	Mouse embryonic stem-cell state transition	biological_replicate_holdout_1_vs_1	2i (LIF+MEKi+GSK3i)|D11		3	pgaa_w	70	5000	0.62	0.13	0.49	0.6588584997623399	0.3430762942112855	pgaa-cross-platform-dual-gate-v2	pgaa-cross-platform-matched-controls-v2
schiebinger2019_mesc_cytokine	Mouse embryonic stem-cell state transition	biological_replicate_holdout_1_vs_1	2i (LIF+MEKi+GSK3i)|D11		3	pgaa_h	70	5000	0.04	0.06	-0.0199999999999999	0.0938871710616408	0.0576195692289163	pgaa-cross-platform-dual-gate-v2	pgaa-cross-platform-matched-controls-v2
schiebinger2019_mesc_cytokine	Mouse embryonic stem-cell state transition	biological_replicate_holdout_1_vs_1	2i (LIF+MEKi+GSK3i)|D11		3	absolute_mean_shift	70	5000	0.66	0.15	0.51	0.3457602710630073	0.130981934224708	pgaa-cross-platform-dual-gate-v2	pgaa-cross-platform-matched-controls-v2
schiebinger2019_mesc_cytokine	Mouse embryonic stem-cell state transition	biological_replicate_holdout_1_vs_1	2i (LIF+MEKi+GSK3i)|D11		3	welch_abs_t	70	5000	0.47	0.02	0.4499999999999999	0.2137791657345587	0.0072082065137122	pgaa-cross-platform-dual-gate-v2	pgaa-cross-platform-matched-controls-v2
schiebinger2019_mesc_cytokine	Mouse embryonic stem-cell state transition	biological_replicate_holdout_1_vs_1	2i (LIF+MEKi+GSK3i)|D11		4	pgaa_w	70	5000	0.55	0.17	0.38	0.7027353750534149	0.3675006373621465	pgaa-cross-platform-dual-gate-v2	pgaa-cross-platform-matched-controls-v2
schiebinger2019_mesc_cytokine	Mouse embryonic stem-cell state transition	biological_replicate_holdout_1_vs_1	2i (LIF+MEKi+GSK3i)|D11		4	pgaa_h	70	5000	0.03	0.04	-0.01	0.1262139334267379	0.0858329621997657	pgaa-cross-platform-dual-gate-v2	pgaa-cross-platform-matched-controls-v2
schiebinger2019_mesc_cytokine	Mouse embryonic stem-cell state transition	biological_replicate_holdout_1_vs_1	2i (LIF+MEKi+GSK3i)|D11		4	absolute_mean_shift	70	5000	0.54	0.13	0.41	0.3109057239071525	0.1188350325210441	pgaa-cross-platform-dual-gate-v2	pgaa-cross-platform-matched-controls-v2
schiebinger2019_mesc_cytokine	Mouse embryonic stem-cell state transition	biological_replicate_holdout_1_vs_1	2i (LIF+MEKi+GSK3i)|D11		4	welch_abs_t	70	5000	0.48	0.04	0.44	0.1668897377795895	-0.0120362716065384	pgaa-cross-platform-dual-gate-v2	pgaa-cross-platform-matched-controls-v2
schiebinger2019_mesc_cytokine	Mouse embryonic stem-cell state transition	biological_replicate_holdout_1_vs_1	2i (LIF+MEKi+GSK3i)|D11.5		0	pgaa_w	70	5000	0.47	0.19	0.2799999999999999	0.5241807668552306	0.3379718723909862	pgaa-cross-platform-dual-gate-v2	pgaa-cross-platform-matched-controls-v2
schiebinger2019_mesc_cytokine	Mouse embryonic stem-cell state transition	biological_replicate_holdout_1_vs_1	2i (LIF+MEKi+GSK3i)|D11.5		0	pgaa_h	70	5000	0.03	0.03	0.0	0.0826474871830772	0.0448246426387245	pgaa-cross-platform-dual-gate-v2	pgaa-cross-platform-matched-controls-v2
schiebinger2019_mesc_cytokine	Mouse embryonic stem-cell state transition	biological_replicate_holdout_1_vs_1	2i (LIF+MEKi+GSK3i)|D11.5		0	absolute_mean_shift	70	5000	0.48	0.15	0.3299999999999999	0.2846695443467817	0.1057704645238955	pgaa-cross-platform-dual-gate-v2	pgaa-cross-platform-matched-controls-v2
schiebinger2019_mesc_cytokine	Mouse embryonic stem-cell state transition	biological_replicate_holdout_1_vs_1	2i (LIF+MEKi+GSK3i)|D11.5		0	welch_abs_t	70	5000	0.26	0.03	0.23	0.1375616895217691	-0.0100123516009746	pgaa-cross-platform-dual-gate-v2	pgaa-cross-platform-matched-controls-v2
schiebinger2019_mesc_cytokine	Mouse embryonic stem-cell state transition	biological_replicate_holdout_1_vs_1	2i (LIF+MEKi+GSK3i)|D11.5		1	pgaa_w	70	5000	0.53	0.14	0.39	0.5196611840184473	0.3968052598497337	pgaa-cross-platform-dual-gate-v2	pgaa-cross-platform-matched-controls-v2
schiebinger2019_mesc_cytokine	Mouse embryonic stem-cell state transition	biological_replicate_holdout_1_vs_1	2i (LIF+MEKi+GSK3i)|D11.5		1	pgaa_h	70	5000	0.02	0.03	-0.0099999999999999	0.0982852662153474	0.0228829309744802	pgaa-cross-platform-dual-gate-v2	pgaa-cross-platform-matched-controls-v2
schiebinger2019_mesc_cytokine	Mouse embryonic stem-cell state transition	biological_replicate_holdout_1_vs_1	2i (LIF+MEKi+GSK3i)|D11.5		1	absolute_mean_shift	70	5000	0.53	0.1	0.43	0.3105896680939491	0.1198560690719958	pgaa-cross-platform-dual-gate-v2	pgaa-cross-platform-matched-controls-v2
schiebinger2019_mesc_cytokine	Mouse embryonic stem-cell state transition	biological_replicate_holdout_1_vs_1	2i (LIF+MEKi+GSK3i)|D11.5		1	welch_abs_t	70	5000	0.34	0.02	0.32	0.181582827519313	-0.0118271338973692	pgaa-cross-platform-dual-gate-v2	pgaa-cross-platform-matched-controls-v2
schiebinger2019_mesc_cytokine	Mouse embryonic stem-cell state transition	biological_replicate_holdout_1_vs_1	2i (LIF+MEKi+GSK3i)|D11.5		2	pgaa_w	70	5000	0.43	0.11	0.32	0.5222445914497836	0.381716877892675	pgaa-cross-platform-dual-gate-v2	pgaa-cross-platform-matched-controls-v2
schiebinger2019_mesc_cytokine	Mouse embryonic stem-cell state transition	biological_replicate_holdout_1_vs_1	2i (LIF+MEKi+GSK3i)|D11.5		2	pgaa_h	70	5000	0.01	0.04	-0.03	0.0971068493719236	0.0567188044208394	pgaa-cross-platform-dual-gate-v2	pgaa-cross-platform-matched-controls-v2
schiebinger2019_mesc_cytokine	Mouse embryonic stem-cell state transition	biological_replicate_holdout_1_vs_1	2i (LIF+MEKi+GSK3i)|D11.5		2	absolute_mean_shift	70	5000	0.43	0.12	0.31	0.2856662942015078	0.1425325219264048	pgaa-cross-platform-dual-gate-v2	pgaa-cross-platform-matched-controls-v2
schiebinger2019_mesc_cytokine	Mouse embryonic stem-cell state transition	biological_replicate_holdout_1_vs_1	2i (LIF+MEKi+GSK3i)|D11.5		2	welch_abs_t	70	5000	0.27	0.01	0.26	0.1447376409895056	0.0127409421899434	pgaa-cross-platform-dual-gate-v2	pgaa-cross-platform-matched-controls-v2
schiebinger2019_mesc_cytokine	Mouse embryonic stem-cell state transition	biological_replicate_holdout_1_vs_1	2i (LIF+MEKi+GSK3i)|D11.5		3	pgaa_w	70	5000	0.44	0.11	0.33	0.5508467427378696	0.3456281689931267	pgaa-cross-platform-dual-gate-v2	pgaa-cross-platform-matched-controls-v2
schiebinger2019_mesc_cytokine	Mouse embryonic stem-cell state transition	biological_replicate_holdout_1_vs_1	2i (LIF+MEKi+GSK3i)|D11.5		3	pgaa_h	70	5000	0.02	0.04	-0.02	0.1160702752959173	0.0499813032118481	pgaa-cross-platform-dual-gate-v2	pgaa-cross-platform-matched-controls-v2
schiebinger2019_mesc_cytokine	Mouse embryonic stem-cell state transition	biological_replicate_holdout_1_vs_1	2i (LIF+MEKi+GSK3i)|D11.5		3	absolute_mean_shift	70	5000	0.43	0.05	0.38	0.3027119794350093	0.0774596367236806	pgaa-cross-platform-dual-gate-v2	pgaa-cross-platform-matched-controls-v2
schiebinger2019_mesc_cytokine	Mouse embryonic stem-cell state transition	biological_replicate_holdout_1_vs_1	2i (LIF+MEKi+GSK3i)|D11.5		3	welch_abs_t	70	5000	0.31	0.02	0.29	0.1673627418585598	-0.0108742003712289	pgaa-cross-platform-dual-gate-v2	pgaa-cross-platform-matched-controls-v2
schiebinger2019_mesc_cytokine	Mouse embryonic stem-cell state transition	biological_replicate_holdout_1_vs_1	2i (LIF+MEKi+GSK3i)|D11.5		4	pgaa_w	70	5000	0.44	0.2	0.24	0.5720561289942451	0.3588532585461302	pgaa-cross-platform-dual-gate-v2	pgaa-cross-platform-matched-controls-v2
schiebinger2019_mesc_cytokine	Mouse embryonic stem-cell state transition	biological_replicate_holdout_1_vs_1	2i (LIF+MEKi+GSK3i)|D11.5		4	pgaa_h	70	5000	0.02	0.01	0.01	0.089655842323542	0.0414682801793789	pgaa-cross-platform-dual-gate-v2	pgaa-cross-platform-matched-controls-v2
schiebinger2019_mesc_cytokine	Mouse embryonic stem-cell state transition	biological_replicate_holdout_1_vs_1	2i (LIF+MEKi+GSK3i)|D11.5		4	absolute_mean_shift	70	5000	0.44	0.1	0.3399999999999999	0.2884728182589127	0.1041936257702456	pgaa-cross-platform-dual-gate-v2	pgaa-cross-platform-matched-controls-v2
schiebinger2019_mesc_cytokine	Mouse embryonic stem-cell state transition	biological_replicate_holdout_1_vs_1	2i (LIF+MEKi+GSK3i)|D11.5		4	welch_abs_t	70	5000	0.29	0.0	0.29	0.144397875951915	-0.0012276564011651	pgaa-cross-platform-dual-gate-v2	pgaa-cross-platform-matched-controls-v2
schiebinger2019_mesc_cytokine	Mouse embryonic stem-cell state transition	biological_replicate_holdout_1_vs_1	2i (LIF+MEKi+GSK3i)|D12		0	pgaa_w	70	5000	0.6	0.17	0.4299999999999999	0.5688555613462224	0.3516421817776872	pgaa-cross-platform-dual-gate-v2	pgaa-cross-platform-matched-controls-v2
schiebinger2019_mesc_cytokine	Mouse embryonic stem-cell state transition	biological_replicate_holdout_1_vs_1	2i (LIF+MEKi+GSK3i)|D12		0	pgaa_h	70	5000	0.04	0.06	-0.0199999999999999	0.0529485358159684	0.0763003220286345	pgaa-cross-platform-dual-gate-v2	pgaa-cross-platform-matched-controls-v2
schiebinger2019_mesc_cytokine	Mouse embryonic stem-cell state transition	biological_replicate_holdout_1_vs_1	2i (LIF+MEKi+GSK3i)|D12		0	absolute_mean_shift	70	5000	0.61	0.11	0.5	0.4164011574340399	0.0921464459004923	pgaa-cross-platform-dual-gate-v2	pgaa-cross-platform-matched-controls-v2
schiebinger2019_mesc_cytokine	Mouse embryonic stem-cell state transition	biological_replicate_holdout_1_vs_1	2i (LIF+MEKi+GSK3i)|D12		0	welch_abs_t	70	5000	0.62	0.02	0.6	0.3064346301773851	0.0048809598274726	pgaa-cross-platform-dual-gate-v2	pgaa-cross-platform-matched-controls-v2
schiebinger2019_mesc_cytokine	Mouse embryonic stem-cell state transition	biological_replicate_holdout_1_vs_1	2i (LIF+MEKi+GSK3i)|D12		1	pgaa_w	70	5000	0.63	0.13	0.5	0.5956636932665477	0.363683678739347	pgaa-cross-platform-dual-gate-v2	pgaa-cross-platform-matched-controls-v2
schiebinger2019_mesc_cytokine	Mouse embryonic stem-cell state transition	biological_replicate_holdout_1_vs_1	2i (LIF+MEKi+GSK3i)|D12		1	pgaa_h	70	5000	0.01	0.03	-0.0199999999999999	0.0895620001464116	0.0524375512015062	pgaa-cross-platform-dual-gate-v2	pgaa-cross-platform-matched-controls-v2
schiebinger2019_mesc_cytokine	Mouse embryonic stem-cell state transition	biological_replicate_holdout_1_vs_1	2i (LIF+MEKi+GSK3i)|D12		1	absolute_mean_shift	70	5000	0.65	0.11	0.54	0.446989482466307	0.1287715097103129	pgaa-cross-platform-dual-gate-v2	pgaa-cross-platform-matched-controls-v2
schiebinger2019_mesc_cytokine	Mouse embryonic stem-cell state transition	biological_replicate_holdout_1_vs_1	2i (LIF+MEKi+GSK3i)|D12		1	welch_abs_t	70	5000	0.65	0.03	0.62	0.3441259154290365	0.0328578399551021	pgaa-cross-platform-dual-gate-v2	pgaa-cross-platform-matched-controls-v2
schiebinger2019_mesc_cytokine	Mouse embryonic stem-cell state transition	biological_replicate_holdout_1_vs_1	2i (LIF+MEKi+GSK3i)|D12		2	pgaa_w	70	5000	0.63	0.25	0.38	0.5483071867642875	0.3507416168776646	pgaa-cross-platform-dual-gate-v2	pgaa-cross-platform-matched-controls-v2
schiebinger2019_mesc_cytokine	Mouse embryonic stem-cell state transition	biological_replicate_holdout_1_vs_1	2i (LIF+MEKi+GSK3i)|D12		2	pgaa_h	70	5000	0.02	0.06	-0.0399999999999999	0.0672138424287899	0.075880361674614	pgaa-cross-platform-dual-gate-v2	pgaa-cross-platform-matched-controls-v2
schiebinger2019_mesc_cytokine	Mouse embryonic stem-cell state transition	biological_replicate_holdout_1_vs_1	2i (LIF+MEKi+GSK3i)|D12		2	absolute_mean_shift	70	5000	0.62	0.21	0.41	0.4058337723550909	0.124883156367315	pgaa-cross-platform-dual-gate-v2	pgaa-cross-platform-matched-controls-v2
schiebinger2019_mesc_cytokine	Mouse embryonic stem-cell state transition	biological_replicate_holdout_1_vs_1	2i (LIF+MEKi+GSK3i)|D12		2	welch_abs_t	70	5000	0.58	0.02	0.5599999999999999	0.2976148857677381	0.0088513522262665	pgaa-cross-platform-dual-gate-v2	pgaa-cross-platform-matched-controls-v2
schiebinger2019_mesc_cytokine	Mouse embryonic stem-cell state transition	biological_replicate_holdout_1_vs_1	2i (LIF+MEKi+GSK3i)|D12		3	pgaa_w	70	5000	0.61	0.17	0.4399999999999999	0.5628055396322215	0.3470936421717456	pgaa-cross-platform-dual-gate-v2	pgaa-cross-platform-matched-controls-v2
schiebinger2019_mesc_cytokine	Mouse embryonic stem-cell state transition	biological_replicate_holdout_1_vs_1	2i (LIF+MEKi+GSK3i)|D12		3	pgaa_h	70	5000	0.02	0.03	-0.0099999999999999	0.0590039600605432	0.0735899360303686	pgaa-cross-platform-dual-gate-v2	pgaa-cross-platform-matched-controls-v2
schiebinger2019_mesc_cytokine	Mouse embryonic stem-cell state transition	biological_replicate_holdout_1_vs_1	2i (LIF+MEKi+GSK3i)|D12		3	absolute_mean_shift	70	5000	0.63	0.11	0.52	0.4135530023920454	0.1094510437112954	pgaa-cross-platform-dual-gate-v2	pgaa-cross-platform-matched-controls-v2
schiebinger2019_mesc_cytokine	Mouse embryonic stem-cell state transition	biological_replicate_holdout_1_vs_1	2i (LIF+MEKi+GSK3i)|D12		3	welch_abs_t	70	5000	0.52	0.01	0.51	0.3118102418804096	-0.0048516220820648	pgaa-cross-platform-dual-gate-v2	pgaa-cross-platform-matched-controls-v2
schiebinger2019_mesc_cytokine	Mouse embryonic stem-cell state transition	biological_replicate_holdout_1_vs_1	2i (LIF+MEKi+GSK3i)|D12		4	pgaa_w	70	5000	0.58	0.16	0.4199999999999999	0.5756290766251629	0.3313074444522977	pgaa-cross-platform-dual-gate-v2	pgaa-cross-platform-matched-controls-v2
schiebinger2019_mesc_cytokine	Mouse embryonic stem-cell state transition	biological_replicate_holdout_1_vs_1	2i (LIF+MEKi+GSK3i)|D12		4	pgaa_h	70	5000	0.02	0.03	-0.0099999999999999	0.0940455546729395	0.0817424945389235	pgaa-cross-platform-dual-gate-v2	pgaa-cross-platform-matched-controls-v2
schiebinger2019_mesc_cytokine	Mouse embryonic stem-cell state transition	biological_replicate_holdout_1_vs_1	2i (LIF+MEKi+GSK3i)|D12		4	absolute_mean_shift	70	5000	0.55	0.11	0.44	0.4260058548002341	0.0738043516579453	pgaa-cross-platform-dual-gate-v2	pgaa-cross-platform-matched-controls-v2
schiebinger2019_mesc_cytokine	Mouse embryonic stem-cell state transition	biological_replicate_holdout_1_vs_1	2i (LIF+MEKi+GSK3i)|D12		4	welch_abs_t	70	5000	0.55	0.0	0.55	0.328302620627984	-0.0138000368400014	pgaa-cross-platform-dual-gate-v2	pgaa-cross-platform-matched-controls-v2
schiebinger2019_mesc_cytokine	Mouse embryonic stem-cell state transition	biological_replicate_holdout_1_vs_1	2i (LIF+MEKi+GSK3i)|D12.5		0	pgaa_w	70	5000	0.55	0.21	0.3400000000000001	0.4969207742448309	0.3357462301338491	pgaa-cross-platform-dual-gate-v2	pgaa-cross-platform-matched-controls-v2
schiebinger2019_mesc_cytokine	Mouse embryonic stem-cell state transition	biological_replicate_holdout_1_vs_1	2i (LIF+MEKi+GSK3i)|D12.5		0	pgaa_h	70	5000	0.01	0.01	0.0	0.0662873669187742	0.0775230409825362	pgaa-cross-platform-dual-gate-v2	pgaa-cross-platform-matched-controls-v2
schiebinger2019_mesc_cytokine	Mouse embryonic stem-cell state transition	biological_replicate_holdout_1_vs_1	2i (LIF+MEKi+GSK3i)|D12.5		0	absolute_mean_shift	70	5000	0.55	0.11	0.44	0.3761990472030482	0.0619497753523985	pgaa-cross-platform-dual-gate-v2	pgaa-cross-platform-matched-controls-v2
schiebinger2019_mesc_cytokine	Mouse embryonic stem-cell state transition	biological_replicate_holdout_1_vs_1	2i (LIF+MEKi+GSK3i)|D12.5		0	welch_abs_t	70	5000	0.45	0.0	0.45	0.2752825728259097	-0.0169185850607434	pgaa-cross-platform-dual-gate-v2	pgaa-cross-platform-matched-controls-v2
schiebinger2019_mesc_cytokine	Mouse embryonic stem-cell state transition	biological_replicate_holdout_1_vs_1	2i (LIF+MEKi+GSK3i)|D12.5		1	pgaa_w	70	5000	0.57	0.19	0.3799999999999999	0.501355451798218	0.3477810440552417	pgaa-cross-platform-dual-gate-v2	pgaa-cross-platform-matched-controls-v2
schiebinger2019_mesc_cytokine	Mouse embryonic stem-cell state transition	biological_replicate_holdout_1_vs_1	2i (LIF+MEKi+GSK3i)|D12.5		1	pgaa_h	70	5000	0.02	0.03	-0.0099999999999999	0.071891807475282	0.0933963215370065	pgaa-cross-platform-dual-gate-v2	pgaa-cross-platform-matched-controls-v2
schiebinger2019_mesc_cytokine	Mouse embryonic stem-cell state transition	biological_replicate_holdout_1_vs_1	2i (LIF+MEKi+GSK3i)|D12.5		1	absolute_mean_shift	70	5000	0.58	0.16	0.4199999999999999	0.3786770631150825	0.1004483935587572	pgaa-cross-platform-dual-gate-v2	pgaa-cross-platform-matched-controls-v2
schiebinger2019_mesc_cytokine	Mouse embryonic stem-cell state transition	biological_replicate_holdout_1_vs_1	2i (LIF+MEKi+GSK3i)|D12.5		1	welch_abs_t	70	5000	0.4	0.03	0.37	0.2770708200428328	-0.0030965141079348	pgaa-cross-platform-dual-gate-v2	pgaa-cross-platform-matched-controls-v2
schiebinger2019_mesc_cytokine	Mouse embryonic stem-cell state transition	biological_replicate_holdout_1_vs_1	2i (LIF+MEKi+GSK3i)|D12.5		2	pgaa_w	70	5000	0.66	0.11	0.55	0.5780506210420248	0.3439723945268957	pgaa-cross-platform-dual-gate-v2	pgaa-cross-platform-matched-controls-v2
schiebinger2019_mesc_cytokine	Mouse embryonic stem-cell state transition	biological_replicate_holdout_1_vs_1	2i (LIF+MEKi+GSK3i)|D12.5		2	pgaa_h	70	5000	0.01	0.03	-0.0199999999999999	0.0617894902063599	0.0975180181696458	pgaa-cross-platform-dual-gate-v2	pgaa-cross-platform-matched-controls-v2
schiebinger2019_mesc_cytokine	Mouse embryonic stem-cell state transition	biological_replicate_holdout_1_vs_1	2i (LIF+MEKi+GSK3i)|D12.5		2	absolute_mean_shift	70	5000	0.67	0.04	0.63	0.4790021988310801	0.10137053484612	pgaa-cross-platform-dual-gate-v2	pgaa-cross-platform-matched-controls-v2
schiebinger2019_mesc_cytokine	Mouse embryonic stem-cell state transition	biological_replicate_holdout_1_vs_1	2i (LIF+MEKi+GSK3i)|D12.5		2	welch_abs_t	70	5000	0.54	0.02	0.52	0.3812612067795985	0.0245033910921356	pgaa-cross-platform-dual-gate-v2	pgaa-cross-platform-matched-controls-v2
schiebinger2019_mesc_cytokine	Mouse embryonic stem-cell state transition	biological_replicate_holdout_1_vs_1	2i (LIF+MEKi+GSK3i)|D12.5		3	pgaa_w	70	5000	0.54	0.2	0.34	0.5162273166810927	0.354504526244181	pgaa-cross-platform-dual-gate-v2	pgaa-cross-platform-matched-controls-v2
schiebinger2019_mesc_cytokine	Mouse embryonic stem-cell state transition	biological_replicate_holdout_1_vs_1	2i (LIF+MEKi+GSK3i)|D12.5		3	pgaa_h	70	5000	0.04	0.02	0.02	0.0422628479920304	0.0735133189369645	pgaa-cross-platform-dual-gate-v2	pgaa-cross-platform-matched-controls-v2
schiebinger2019_mesc_cytokine	Mouse embryonic stem-cell state transition	biological_replicate_holdout_1_vs_1	2i (LIF+MEKi+GSK3i)|D12.5		3	absolute_mean_shift	70	5000	0.55	0.15	0.4	0.4186285306312824	0.1000194911879834	pgaa-cross-platform-dual-gate-v2	pgaa-cross-platform-matched-controls-v2
schiebinger2019_mesc_cytokine	Mouse embryonic stem-cell state transition	biological_replicate_holdout_1_vs_1	2i (LIF+MEKi+GSK3i)|D12.5		3	welch_abs_t	70	5000	0.49	0.02	0.47	0.3096422685136907	0.0127064132445614	pgaa-cross-platform-dual-gate-v2	pgaa-cross-platform-matched-controls-v2
schiebinger2019_mesc_cytokine	Mouse embryonic stem-cell state transition	biological_replicate_holdout_1_vs_1	2i (LIF+MEKi+GSK3i)|D12.5		4	pgaa_w	70	5000	0.54	0.28	0.26	0.4892177051367082	0.3683191185087647	pgaa-cross-platform-dual-gate-v2	pgaa-cross-platform-matched-controls-v2
schiebinger2019_mesc_cytokine	Mouse embryonic stem-cell state transition	biological_replicate_holdout_1_vs_1	2i (LIF+MEKi+GSK3i)|D12.5		4	pgaa_h	70	5000	0.01	0.01	0.0	0.0681314175512301	0.0740498327168373	pgaa-cross-platform-dual-gate-v2	pgaa-cross-platform-matched-controls-v2
schiebinger2019_mesc_cytokine	Mouse embryonic stem-cell state transition	biological_replicate_holdout_1_vs_1	2i (LIF+MEKi+GSK3i)|D12.5		4	absolute_mean_shift	70	5000	0.54	0.19	0.35	0.3585133392451379	0.1105889661354834	pgaa-cross-platform-dual-gate-v2	pgaa-cross-platform-matched-controls-v2
schiebinger2019_mesc_cytokine	Mouse embryonic stem-cell state transition	biological_replicate_holdout_1_vs_1	2i (LIF+MEKi+GSK3i)|D12.5		4	welch_abs_t	70	5000	0.39	0.0	0.39	0.2266452137698085	0.0213534897501395	pgaa-cross-platform-dual-gate-v2	pgaa-cross-platform-matched-controls-v2
schiebinger2019_mesc_cytokine	Mouse embryonic stem-cell state transition	biological_replicate_holdout_1_vs_1	2i (LIF+MEKi+GSK3i)|D13		0	pgaa_w	70	5000	0.66	0.21	0.45	0.5318052201202087	0.3498990607479623	pgaa-cross-platform-dual-gate-v2	pgaa-cross-platform-matched-controls-v2
schiebinger2019_mesc_cytokine	Mouse embryonic stem-cell state transition	biological_replicate_holdout_1_vs_1	2i (LIF+MEKi+GSK3i)|D13		0	pgaa_h	70	5000	0.02	0.02	0.0	0.0881513926907427	0.1284932554792953	pgaa-cross-platform-dual-gate-v2	pgaa-cross-platform-matched-controls-v2
schiebinger2019_mesc_cytokine	Mouse embryonic stem-cell state transition	biological_replicate_holdout_1_vs_1	2i (LIF+MEKi+GSK3i)|D13		0	absolute_mean_shift	70	5000	0.64	0.15	0.49	0.4192334770354007	0.0901498995506503	pgaa-cross-platform-dual-gate-v2	pgaa-cross-platform-matched-controls-v2
schiebinger2019_mesc_cytokine	Mouse embryonic stem-cell state transition	biological_replicate_holdout_1_vs_1	2i (LIF+MEKi+GSK3i)|D13		0	welch_abs_t	70	5000	0.49	0.0	0.49	0.3180662386106495	-0.014894789636149	pgaa-cross-platform-dual-gate-v2	pgaa-cross-platform-matched-controls-v2
schiebinger2019_mesc_cytokine	Mouse embryonic stem-cell state transition	biological_replicate_holdout_1_vs_1	2i (LIF+MEKi+GSK3i)|D13		1	pgaa_w	70	5000	0.57	0.14	0.4299999999999999	0.5416655533146221	0.3754284144411365	pgaa-cross-platform-dual-gate-v2	pgaa-cross-platform-matched-controls-v2
schiebinger2019_mesc_cytokine	Mouse embryonic stem-cell state transition	biological_replicate_holdout_1_vs_1	2i (LIF+MEKi+GSK3i)|D13		1	pgaa_h	70	5000	0.02	0.04	-0.02	0.0976930881479583	0.1036657374936561	pgaa-cross-platform-dual-gate-v2	pgaa-cross-platform-matched-controls-v2
schiebinger2019_mesc_cytokine	Mouse embryonic stem-cell state transition	biological_replicate_holdout_1_vs_1	2i (LIF+MEKi+GSK3i)|D13		1	absolute_mean_shift	70	5000	0.56	0.09	0.4700000000000001	0.419946984151958	0.1064129182456245	pgaa-cross-platform-dual-gate-v2	pgaa-cross-platform-matched-controls-v2
schiebinger2019_mesc_cytokine	Mouse embryonic stem-cell state transition	biological_replicate_holdout_1_vs_1	2i (LIF+MEKi+GSK3i)|D13		1	welch_abs_t	70	5000	0.41	0.01	0.3999999999999999	0.3106533600421343	-0.004713426044537	pgaa-cross-platform-dual-gate-v2	pgaa-cross-platform-matched-controls-v2
schiebinger2019_mesc_cytokine	Mouse embryonic stem-cell state transition	biological_replicate_holdout_1_vs_1	2i (LIF+MEKi+GSK3i)|D13		2	pgaa_w	70	5000	0.67	0.2	0.47	0.5873449725817989	0.3680870517474821	pgaa-cross-platform-dual-gate-v2	pgaa-cross-platform-matched-controls-v2
schiebinger2019_mesc_cytokine	Mouse embryonic stem-cell state transition	biological_replicate_holdout_1_vs_1	2i (LIF+MEKi+GSK3i)|D13		2	pgaa_h	70	5000	0.02	0.04	-0.02	0.0623251734383104	0.1016312923588363	pgaa-cross-platform-dual-gate-v2	pgaa-cross-platform-matched-controls-v2
schiebinger2019_mesc_cytokine	Mouse embryonic stem-cell state transition	biological_replicate_holdout_1_vs_1	2i (LIF+MEKi+GSK3i)|D13		2	absolute_mean_shift	70	5000	0.7	0.14	0.5599999999999999	0.4848985527152172	0.0785522641717463	pgaa-cross-platform-dual-gate-v2	pgaa-cross-platform-matched-controls-v2
schiebinger2019_mesc_cytokine	Mouse embryonic stem-cell state transition	biological_replicate_holdout_1_vs_1	2i (LIF+MEKi+GSK3i)|D13		2	welch_abs_t	70	5000	0.52	0.0	0.52	0.3907416778470449	-0.0371503987669075	pgaa-cross-platform-dual-gate-v2	pgaa-cross-platform-matched-controls-v2
schiebinger2019_mesc_cytokine	Mouse embryonic stem-cell state transition	biological_replicate_holdout_1_vs_1	2i (LIF+MEKi+GSK3i)|D13		3	pgaa_w	70	5000	0.58	0.09	0.49	0.505682676931307	0.380206975912279	pgaa-cross-platform-dual-gate-v2	pgaa-cross-platform-matched-controls-v2
schiebinger2019_mesc_cytokine	Mouse embryonic stem-cell state transition	biological_replicate_holdout_1_vs_1	2i (LIF+MEKi+GSK3i)|D13		3	pgaa_h	70	5000	0.01	0.02	-0.01	0.0929001706020797	0.1045180973803434	pgaa-cross-platform-dual-gate-v2	pgaa-cross-platform-matched-controls-v2
schiebinger2019_mesc_cytokine	Mouse embryonic stem-cell state transition	biological_replicate_holdout_1_vs_1	2i (LIF+MEKi+GSK3i)|D13		3	absolute_mean_shift	70	5000	0.56	0.05	0.51	0.3655071896922875	0.1043418608286996	pgaa-cross-platform-dual-gate-v2	pgaa-cross-platform-matched-controls-v2
schiebinger2019_mesc_cytokine	Mouse embryonic stem-cell state transition	biological_replicate_holdout_1_vs_1	2i (LIF+MEKi+GSK3i)|D13		3	welch_abs_t	70	5000	0.37	0.01	0.36	0.2513761174431107	0.0226987351164941	pgaa-cross-platform-dual-gate-v2	pgaa-cross-platform-matched-controls-v2
schiebinger2019_mesc_cytokine	Mouse embryonic stem-cell state transition	biological_replicate_holdout_1_vs_1	2i (LIF+MEKi+GSK3i)|D13		4	pgaa_w	70	5000	0.74	0.15	0.59	0.5718623452104936	0.3670354559934182	pgaa-cross-platform-dual-gate-v2	pgaa-cross-platform-matched-controls-v2
schiebinger2019_mesc_cytokine	Mouse embryonic stem-cell state transition	biological_replicate_holdout_1_vs_1	2i (LIF+MEKi+GSK3i)|D13		4	pgaa_h	70	5000	0.01	0.04	-0.03	0.075282540352136	0.1133708096749078	pgaa-cross-platform-dual-gate-v2	pgaa-cross-platform-matched-controls-v2
schiebinger2019_mesc_cytokine	Mouse embryonic stem-cell state transition	biological_replicate_holdout_1_vs_1	2i (LIF+MEKi+GSK3i)|D13		4	absolute_mean_shift	70	5000	0.74	0.08	0.66	0.4743069175664268	0.0578823568008509	pgaa-cross-platform-dual-gate-v2	pgaa-cross-platform-matched-controls-v2
schiebinger2019_mesc_cytokine	Mouse embryonic stem-cell state transition	biological_replicate_holdout_1_vs_1	2i (LIF+MEKi+GSK3i)|D13		4	welch_abs_t	70	5000	0.57	0.02	0.5499999999999999	0.3728596090903843	-0.0424547637792094	pgaa-cross-platform-dual-gate-v2	pgaa-cross-platform-matched-controls-v2
schiebinger2019_mesc_cytokine	Mouse embryonic stem-cell state transition	biological_replicate_holdout_1_vs_1	2i (LIF+MEKi+GSK3i)|D13.5		0	pgaa_w	70	5000	0.58	0.15	0.4299999999999999	0.5220375982220328	0.335423130689176	pgaa-cross-platform-dual-gate-v2	pgaa-cross-platform-matched-controls-v2
schiebinger2019_mesc_cytokine	Mouse embryonic stem-cell state transition	biological_replicate_holdout_1_vs_1	2i (LIF+MEKi+GSK3i)|D13.5		0	pgaa_h	70	5000	0.02	0.03	-0.0099999999999999	0.0760722638089098	0.0648696100996609	pgaa-cross-platform-dual-gate-v2	pgaa-cross-platform-matched-controls-v2
schiebinger2019_mesc_cytokine	Mouse embryonic stem-cell state transition	biological_replicate_holdout_1_vs_1	2i (LIF+MEKi+GSK3i)|D13.5		0	absolute_mean_shift	70	5000	0.58	0.1	0.48	0.4437943511170762	0.1290918157066546	pgaa-cross-platform-dual-gate-v2	pgaa-cross-platform-matched-controls-v2
schiebinger2019_mesc_cytokine	Mouse embryonic stem-cell state transition	biological_replicate_holdout_1_vs_1	2i (LIF+MEKi+GSK3i)|D13.5		0	welch_abs_t	70	5000	0.42	0.0	0.42	0.3402631459791911	0.0218225191795194	pgaa-cross-platform-dual-gate-v2	pgaa-cross-platform-matched-controls-v2
schiebinger2019_mesc_cytokine	Mouse embryonic stem-cell state transition	biological_replicate_holdout_1_vs_1	2i (LIF+MEKi+GSK3i)|D13.5		1	pgaa_w	70	5000	0.56	0.09	0.4700000000000001	0.5258956202038247	0.3666449486177979	pgaa-cross-platform-dual-gate-v2	pgaa-cross-platform-matched-controls-v2
schiebinger2019_mesc_cytokine	Mouse embryonic stem-cell state transition	biological_replicate_holdout_1_vs_1	2i (LIF+MEKi+GSK3i)|D13.5		1	pgaa_h	70	5000	0.05	0.0	0.05	0.062556475659451	0.0812668908441694	pgaa-cross-platform-dual-gate-v2	pgaa-cross-platform-matched-controls-v2
schiebinger2019_mesc_cytokine	Mouse embryonic stem-cell state transition	biological_replicate_holdout_1_vs_1	2i (LIF+MEKi+GSK3i)|D13.5		1	absolute_mean_shift	70	5000	0.57	0.08	0.4899999999999999	0.4517844117353763	0.1097398739255949	pgaa-cross-platform-dual-gate-v2	pgaa-cross-platform-matched-controls-v2
schiebinger2019_mesc_cytokine	Mouse embryonic stem-cell state transition	biological_replicate_holdout_1_vs_1	2i (LIF+MEKi+GSK3i)|D13.5		1	welch_abs_t	70	5000	0.56	0.03	0.53	0.3474653403709528	-0.0171448070537922	pgaa-cross-platform-dual-gate-v2	pgaa-cross-platform-matched-controls-v2
schiebinger2019_mesc_cytokine	Mouse embryonic stem-cell state transition	biological_replicate_holdout_1_vs_1	2i (LIF+MEKi+GSK3i)|D13.5		2	pgaa_w	70	5000	0.63	0.12	0.51	0.5587306593412263	0.3242812154343796	pgaa-cross-platform-dual-gate-v2	pgaa-cross-platform-matched-controls-v2
schiebinger2019_mesc_cytokine	Mouse embryonic stem-cell state transition	biological_replicate_holdout_1_vs_1	2i (LIF+MEKi+GSK3i)|D13.5		2	pgaa_h	70	5000	0.05	0.02	0.03	0.0491180684563308	0.0286053054922785	pgaa-cross-platform-dual-gate-v2	pgaa-cross-platform-matched-controls-v2
schiebinger2019_mesc_cytokine	Mouse embryonic stem-cell state transition	biological_replicate_holdout_1_vs_1	2i (LIF+MEKi+GSK3i)|D13.5		2	absolute_mean_shift	70	5000	0.63	0.11	0.52	0.479043200409728	0.0959469545969054	pgaa-cross-platform-dual-gate-v2	pgaa-cross-platform-matched-controls-v2
schiebinger2019_mesc_cytokine	Mouse embryonic stem-cell state transition	biological_replicate_holdout_1_vs_1	2i (LIF+MEKi+GSK3i)|D13.5		2	welch_abs_t	70	5000	0.54	0.03	0.51	0.3812885420995416	-0.0183397628317912	pgaa-cross-platform-dual-gate-v2	pgaa-cross-platform-matched-controls-v2
schiebinger2019_mesc_cytokine	Mouse embryonic stem-cell state transition	biological_replicate_holdout_1_vs_1	2i (LIF+MEKi+GSK3i)|D13.5		3	pgaa_w	70	5000	0.56	0.14	0.42	0.5097036561001461	0.3388118749604749	pgaa-cross-platform-dual-gate-v2	pgaa-cross-platform-matched-controls-v2
schiebinger2019_mesc_cytokine	Mouse embryonic stem-cell state transition	biological_replicate_holdout_1_vs_1	2i (LIF+MEKi+GSK3i)|D13.5		3	pgaa_h	70	5000	0.03	0.02	0.0099999999999999	0.0480044003530778	0.0438804695206073	pgaa-cross-platform-dual-gate-v2	pgaa-cross-platform-matched-controls-v2
schiebinger2019_mesc_cytokine	Mouse embryonic stem-cell state transition	biological_replicate_holdout_1_vs_1	2i (LIF+MEKi+GSK3i)|D13.5		3	absolute_mean_shift	70	5000	0.53	0.14	0.39	0.4137442122617684	0.1294798849036254	pgaa-cross-platform-dual-gate-v2	pgaa-cross-platform-matched-controls-v2
schiebinger2019_mesc_cytokine	Mouse embryonic stem-cell state transition	biological_replicate_holdout_1_vs_1	2i (LIF+MEKi+GSK3i)|D13.5		3	welch_abs_t	70	5000	0.45	0.03	0.42	0.2984423599056944	0.0167454082538163	pgaa-cross-platform-dual-gate-v2	pgaa-cross-platform-matched-controls-v2
schiebinger2019_mesc_cytokine	Mouse embryonic stem-cell state transition	biological_replicate_holdout_1_vs_1	2i (LIF+MEKi+GSK3i)|D13.5		4	pgaa_w	70	5000	0.48	0.08	0.3999999999999999	0.5028758263351021	0.3739724930708996	pgaa-cross-platform-dual-gate-v2	pgaa-cross-platform-matched-controls-v2
schiebinger2019_mesc_cytokine	Mouse embryonic stem-cell state transition	biological_replicate_holdout_1_vs_1	2i (LIF+MEKi+GSK3i)|D13.5		4	pgaa_h	70	5000	0.02	0.02	0.0	0.0572695079230355	0.0686283616059026	pgaa-cross-platform-dual-gate-v2	pgaa-cross-platform-matched-controls-v2
schiebinger2019_mesc_cytokine	Mouse embryonic stem-cell state transition	biological_replicate_holdout_1_vs_1	2i (LIF+MEKi+GSK3i)|D13.5		4	absolute_mean_shift	70	5000	0.45	0.09	0.36	0.4077788943085159	0.1147871288557498	pgaa-cross-platform-dual-gate-v2	pgaa-cross-platform-matched-controls-v2
schiebinger2019_mesc_cytokine	Mouse embryonic stem-cell state transition	biological_replicate_holdout_1_vs_1	2i (LIF+MEKi+GSK3i)|D13.5		4	welch_abs_t	70	5000	0.42	0.0	0.42	0.2821315015868024	-0.0101446373502724	pgaa-cross-platform-dual-gate-v2	pgaa-cross-platform-matched-controls-v2
schiebinger2019_mesc_cytokine	Mouse embryonic stem-cell state transition	biological_replicate_holdout_1_vs_1	2i (LIF+MEKi+GSK3i)|D14		0	pgaa_w	70	5000	0.7	0.18	0.52	0.6685338864533553	0.3928004320000172	pgaa-cross-platform-dual-gate-v2	pgaa-cross-platform-matched-controls-v2
schiebinger2019_mesc_cytokine	Mouse embryonic stem-cell state transition	biological_replicate_holdout_1_vs_1	2i (LIF+MEKi+GSK3i)|D14		0	pgaa_h	70	5000	0.05	0.04	0.01	0.1339818249564676	0.0989383591547482	pgaa-cross-platform-dual-gate-v2	pgaa-cross-platform-matched-controls-v2
schiebinger2019_mesc_cytokine	Mouse embryonic stem-cell state transition	biological_replicate_holdout_1_vs_1	2i (LIF+MEKi+GSK3i)|D14		0	absolute_mean_shift	70	5000	0.7	0.16	0.5399999999999999	0.6121734226883977	0.122402974520932	pgaa-cross-platform-dual-gate-v2	pgaa-cross-platform-matched-controls-v2
schiebinger2019_mesc_cytokine	Mouse embryonic stem-cell state transition	biological_replicate_holdout_1_vs_1	2i (LIF+MEKi+GSK3i)|D14		0	welch_abs_t	70	5000	0.39	0.0	0.39	0.5317132953165317	0.0007145051326145	pgaa-cross-platform-dual-gate-v2	pgaa-cross-platform-matched-controls-v2
schiebinger2019_mesc_cytokine	Mouse embryonic stem-cell state transition	biological_replicate_holdout_1_vs_1	2i (LIF+MEKi+GSK3i)|D14		1	pgaa_w	70	5000	0.71	0.15	0.5599999999999999	0.7173423377176934	0.4055361082534442	pgaa-cross-platform-dual-gate-v2	pgaa-cross-platform-matched-controls-v2
schiebinger2019_mesc_cytokine	Mouse embryonic stem-cell state transition	biological_replicate_holdout_1_vs_1	2i (LIF+MEKi+GSK3i)|D14		1	pgaa_h	70	5000	0.04	0.03	0.01	0.1329865623287982	0.074411588737312	pgaa-cross-platform-dual-gate-v2	pgaa-cross-platform-matched-controls-v2
schiebinger2019_mesc_cytokine	Mouse embryonic stem-cell state transition	biological_replicate_holdout_1_vs_1	2i (LIF+MEKi+GSK3i)|D14		1	absolute_mean_shift	70	5000	0.69	0.14	0.5499999999999999	0.6523059953718952	0.1597438694572563	pgaa-cross-platform-dual-gate-v2	pgaa-cross-platform-matched-controls-v2
schiebinger2019_mesc_cytokine	Mouse embryonic stem-cell state transition	biological_replicate_holdout_1_vs_1	2i (LIF+MEKi+GSK3i)|D14		1	welch_abs_t	70	5000	0.52	0.03	0.49	0.5968240103832841	0.0390849017563341	pgaa-cross-platform-dual-gate-v2	pgaa-cross-platform-matched-controls-v2
schiebinger2019_mesc_cytokine	Mouse embryonic stem-cell state transition	biological_replicate_holdout_1_vs_1	2i (LIF+MEKi+GSK3i)|D14		2	pgaa_w	70	5000	0.76	0.17	0.59	0.727164626494585	0.3773614006304559	pgaa-cross-platform-dual-gate-v2	pgaa-cross-platform-matched-controls-v2
schiebinger2019_mesc_cytokine	Mouse embryonic stem-cell state transition	biological_replicate_holdout_1_vs_1	2i (LIF+MEKi+GSK3i)|D14		2	pgaa_h	70	5000	0.03	0.0	0.03	0.0827076439777132	0.0766300433650318	pgaa-cross-platform-dual-gate-v2	pgaa-cross-platform-matched-controls-v2
schiebinger2019_mesc_cytokine	Mouse embryonic stem-cell state transition	biological_replicate_holdout_1_vs_1	2i (LIF+MEKi+GSK3i)|D14		2	absolute_mean_shift	70	5000	0.77	0.09	0.68	0.679203951552158	0.0992399376911245	pgaa-cross-platform-dual-gate-v2	pgaa-cross-platform-matched-controls-v2
schiebinger2019_mesc_cytokine	Mouse embryonic stem-cell state transition	biological_replicate_holdout_1_vs_1	2i (LIF+MEKi+GSK3i)|D14		2	welch_abs_t	70	5000	0.6	0.02	0.58	0.6160076232606575	-0.014758795742706	pgaa-cross-platform-dual-gate-v2	pgaa-cross-platform-matched-controls-v2
schiebinger2019_mesc_cytokine	Mouse embryonic stem-cell state transition	biological_replicate_holdout_1_vs_1	2i (LIF+MEKi+GSK3i)|D14		3	pgaa_w	70	5000	0.65	0.26	0.39	0.700850374370015	0.3757658599266343	pgaa-cross-platform-dual-gate-v2	pgaa-cross-platform-matched-controls-v2
schiebinger2019_mesc_cytokine	Mouse embryonic stem-cell state transition	biological_replicate_holdout_1_vs_1	2i (LIF+MEKi+GSK3i)|D14		3	pgaa_h	70	5000	0.02	0.04	-0.02	0.1103408948755717	0.1050733912313135	pgaa-cross-platform-dual-gate-v2	pgaa-cross-platform-matched-controls-v2
schiebinger2019_mesc_cytokine	Mouse embryonic stem-cell state transition	biological_replicate_holdout_1_vs_1	2i (LIF+MEKi+GSK3i)|D14		3	absolute_mean_shift	70	5000	0.64	0.22	0.42	0.6530931936117277	0.1229858703202897	pgaa-cross-platform-dual-gate-v2	pgaa-cross-platform-matched-controls-v2
schiebinger2019_mesc_cytokine	Mouse embryonic stem-cell state transition	biological_replicate_holdout_1_vs_1	2i (LIF+MEKi+GSK3i)|D14		3	welch_abs_t	70	5000	0.54	0.0	0.54	0.5964021148320846	-0.0105043619881744	pgaa-cross-platform-dual-gate-v2	pgaa-cross-platform-matched-controls-v2
schiebinger2019_mesc_cytokine	Mouse embryonic stem-cell state transition	biological_replicate_holdout_1_vs_1	2i (LIF+MEKi+GSK3i)|D14		4	pgaa_w	70	5000	0.61	0.17	0.4399999999999999	0.636995726055829	0.3524516413300655	pgaa-cross-platform-dual-gate-v2	pgaa-cross-platform-matched-controls-v2
schiebinger2019_mesc_cytokine	Mouse embryonic stem-cell state transition	biological_replicate_holdout_1_vs_1	2i (LIF+MEKi+GSK3i)|D14		4	pgaa_h	70	5000	0.04	0.04	0.0	0.0957105002348755	0.0806367029276218	pgaa-cross-platform-dual-gate-v2	pgaa-cross-platform-matched-controls-v2
schiebinger2019_mesc_cytokine	Mouse embryonic stem-cell state transition	biological_replicate_holdout_1_vs_1	2i (LIF+MEKi+GSK3i)|D14		4	absolute_mean_shift	70	5000	0.6	0.07	0.53	0.5536015068079196	0.1005211728440844	pgaa-cross-platform-dual-gate-v2	pgaa-cross-platform-matched-controls-v2
schiebinger2019_mesc_cytokine	Mouse embryonic stem-cell state transition	biological_replicate_holdout_1_vs_1	2i (LIF+MEKi+GSK3i)|D14		4	welch_abs_t	70	5000	0.46	0.03	0.43	0.464463902354556	-0.0065689017350713	pgaa-cross-platform-dual-gate-v2	pgaa-cross-platform-matched-controls-v2
schiebinger2019_mesc_cytokine	Mouse embryonic stem-cell state transition	biological_replicate_holdout_1_vs_1	2i (LIF+MEKi+GSK3i)|D14.5		0	pgaa_w	70	5000	0.71	0.28	0.4299999999999999	0.6964157876326315	0.3909906646956265	pgaa-cross-platform-dual-gate-v2	pgaa-cross-platform-matched-controls-v2
schiebinger2019_mesc_cytokine	Mouse embryonic stem-cell state transition	biological_replicate_holdout_1_vs_1	2i (LIF+MEKi+GSK3i)|D14.5		0	pgaa_h	70	5000	0.02	0.03	-0.0099999999999999	0.1228222769375312	0.0928931014330408	pgaa-cross-platform-dual-gate-v2	pgaa-cross-platform-matched-controls-v2
schiebinger2019_mesc_cytokine	Mouse embryonic stem-cell state transition	biological_replicate_holdout_1_vs_1	2i (LIF+MEKi+GSK3i)|D14.5		0	absolute_mean_shift	70	5000	0.67	0.12	0.55	0.6358886058020671	0.1093143089351959	pgaa-cross-platform-dual-gate-v2	pgaa-cross-platform-matched-controls-v2
schiebinger2019_mesc_cytokine	Mouse embryonic stem-cell state transition	biological_replicate_holdout_1_vs_1	2i (LIF+MEKi+GSK3i)|D14.5		0	welch_abs_t	70	5000	0.62	0.02	0.6	0.5775612438384496	-0.0065502969340118	pgaa-cross-platform-dual-gate-v2	pgaa-cross-platform-matched-controls-v2
schiebinger2019_mesc_cytokine	Mouse embryonic stem-cell state transition	biological_replicate_holdout_1_vs_1	2i (LIF+MEKi+GSK3i)|D14.5		1	pgaa_w	70	5000	0.71	0.17	0.5399999999999999	0.6843625818385032	0.3251472107018884	pgaa-cross-platform-dual-gate-v2	pgaa-cross-platform-matched-controls-v2
schiebinger2019_mesc_cytokine	Mouse embryonic stem-cell state transition	biological_replicate_holdout_1_vs_1	2i (LIF+MEKi+GSK3i)|D14.5		1	pgaa_h	70	5000	0.04	0.02	0.02	0.0828017612759435	0.0972605403944597	pgaa-cross-platform-dual-gate-v2	pgaa-cross-platform-matched-controls-v2
schiebinger2019_mesc_cytokine	Mouse embryonic stem-cell state transition	biological_replicate_holdout_1_vs_1	2i (LIF+MEKi+GSK3i)|D14.5		1	absolute_mean_shift	70	5000	0.7	0.08	0.62	0.6362560259295111	0.0636801456062624	pgaa-cross-platform-dual-gate-v2	pgaa-cross-platform-matched-controls-v2
schiebinger2019_mesc_cytokine	Mouse embryonic stem-cell state transition	biological_replicate_holdout_1_vs_1	2i (LIF+MEKi+GSK3i)|D14.5		1	welch_abs_t	70	5000	0.65	0.03	0.62	0.5658522748580909	-0.0499410461588404	pgaa-cross-platform-dual-gate-v2	pgaa-cross-platform-matched-controls-v2
schiebinger2019_mesc_cytokine	Mouse embryonic stem-cell state transition	biological_replicate_holdout_1_vs_1	2i (LIF+MEKi+GSK3i)|D14.5		2	pgaa_w	70	5000	0.73	0.21	0.52	0.6693643095265723	0.3768347594893903	pgaa-cross-platform-dual-gate-v2	pgaa-cross-platform-matched-controls-v2
schiebinger2019_mesc_cytokine	Mouse embryonic stem-cell state transition	biological_replicate_holdout_1_vs_1	2i (LIF+MEKi+GSK3i)|D14.5		2	pgaa_h	70	5000	0.05	0.02	0.03	0.0995479522734887	0.0916095415831196	pgaa-cross-platform-dual-gate-v2	pgaa-cross-platform-matched-controls-v2
schiebinger2019_mesc_cytokine	Mouse embryonic stem-cell state transition	biological_replicate_holdout_1_vs_1	2i (LIF+MEKi+GSK3i)|D14.5		2	absolute_mean_shift	70	5000	0.71	0.11	0.6	0.6150558380422334	0.1000047160145893	pgaa-cross-platform-dual-gate-v2	pgaa-cross-platform-matched-controls-v2
schiebinger2019_mesc_cytokine	Mouse embryonic stem-cell state transition	biological_replicate_holdout_1_vs_1	2i (LIF+MEKi+GSK3i)|D14.5		2	welch_abs_t	70	5000	0.62	0.01	0.61	0.5525536423901456	-0.0029413232857235	pgaa-cross-platform-dual-gate-v2	pgaa-cross-platform-matched-controls-v2
schiebinger2019_mesc_cytokine	Mouse embryonic stem-cell state transition	biological_replicate_holdout_1_vs_1	2i (LIF+MEKi+GSK3i)|D14.5		3	pgaa_w	70	5000	0.72	0.11	0.61	0.6288844203873768	0.3538674047466961	pgaa-cross-platform-dual-gate-v2	pgaa-cross-platform-matched-controls-v2
schiebinger2019_mesc_cytokine	Mouse embryonic stem-cell state transition	biological_replicate_holdout_1_vs_1	2i (LIF+MEKi+GSK3i)|D14.5		3	pgaa_h	70	5000	0.03	0.02	0.0099999999999999	0.0688343737923753	0.0888111383539806	pgaa-cross-platform-dual-gate-v2	pgaa-cross-platform-matched-controls-v2
schiebinger2019_mesc_cytokine	Mouse embryonic stem-cell state transition	biological_replicate_holdout_1_vs_1	2i (LIF+MEKi+GSK3i)|D14.5		3	absolute_mean_shift	70	5000	0.7	0.06	0.6399999999999999	0.5821732864668759	0.0990543220629275	pgaa-cross-platform-dual-gate-v2	pgaa-cross-platform-matched-controls-v2
schiebinger2019_mesc_cytokine	Mouse embryonic stem-cell state transition	biological_replicate_holdout_1_vs_1	2i (LIF+MEKi+GSK3i)|D14.5		3	welch_abs_t	70	5000	0.47	0.03	0.4399999999999999	0.501339554005582	0.0024977527719101	pgaa-cross-platform-dual-gate-v2	pgaa-cross-platform-matched-controls-v2
schiebinger2019_mesc_cytokine	Mouse embryonic stem-cell state transition	biological_replicate_holdout_1_vs_1	2i (LIF+MEKi+GSK3i)|D14.5		4	pgaa_w	70	5000	0.72	0.12	0.6	0.6447392813415712	0.350394778271791	pgaa-cross-platform-dual-gate-v2	pgaa-cross-platform-matched-controls-v2
schiebinger2019_mesc_cytokine	Mouse embryonic stem-cell state transition	biological_replicate_holdout_1_vs_1	2i (LIF+MEKi+GSK3i)|D14.5		4	pgaa_h	70	5000	0.02	0.03	-0.0099999999999999	0.0535305377770493	0.0933846372474649	pgaa-cross-platform-dual-gate-v2	pgaa-cross-platform-matched-controls-v2
schiebinger2019_mesc_cytokine	Mouse embryonic stem-cell state transition	biological_replicate_holdout_1_vs_1	2i (LIF+MEKi+GSK3i)|D14.5		4	absolute_mean_shift	70	5000	0.72	0.08	0.64	0.6019767270839639	0.0790926617312993	pgaa-cross-platform-dual-gate-v2	pgaa-cross-platform-matched-controls-v2
schiebinger2019_mesc_cytokine	Mouse embryonic stem-cell state transition	biological_replicate_holdout_1_vs_1	2i (LIF+MEKi+GSK3i)|D14.5		4	welch_abs_t	70	5000	0.63	0.02	0.61	0.5335572477070953	-0.0261536361501454	pgaa-cross-platform-dual-gate-v2	pgaa-cross-platform-matched-controls-v2
schiebinger2019_mesc_cytokine	Mouse embryonic stem-cell state transition	biological_replicate_holdout_1_vs_1	2i (LIF+MEKi+GSK3i)|D15		0	pgaa_w	70	5000	0.61	0.19	0.42	0.6080812311712492	0.3523015093240603	pgaa-cross-platform-dual-gate-v2	pgaa-cross-platform-matched-controls-v2
schiebinger2019_mesc_cytokine	Mouse embryonic stem-cell state transition	biological_replicate_holdout_1_vs_1	2i (LIF+MEKi+GSK3i)|D15		0	pgaa_h	70	5000	0.0	0.01	-0.01	-0.0123501627786443	0.0638183456365433	pgaa-cross-platform-dual-gate-v2	pgaa-cross-platform-matched-controls-v2
schiebinger2019_mesc_cytokine	Mouse embryonic stem-cell state transition	biological_replicate_holdout_1_vs_1	2i (LIF+MEKi+GSK3i)|D15		0	absolute_mean_shift	70	5000	0.59	0.11	0.48	0.524841967002871	0.1354789896016626	pgaa-cross-platform-dual-gate-v2	pgaa-cross-platform-matched-controls-v2
schiebinger2019_mesc_cytokine	Mouse embryonic stem-cell state transition	biological_replicate_holdout_1_vs_1	2i (LIF+MEKi+GSK3i)|D15		0	welch_abs_t	70	5000	0.39	0.02	0.37	0.4358104594164182	0.0243698914707956	pgaa-cross-platform-dual-gate-v2	pgaa-cross-platform-matched-controls-v2
schiebinger2019_mesc_cytokine	Mouse embryonic stem-cell state transition	biological_replicate_holdout_1_vs_1	2i (LIF+MEKi+GSK3i)|D15		1	pgaa_w	70	5000	0.7	0.22	0.48	0.6453295318931812	0.355532825197313	pgaa-cross-platform-dual-gate-v2	pgaa-cross-platform-matched-controls-v2
schiebinger2019_mesc_cytokine	Mouse embryonic stem-cell state transition	biological_replicate_holdout_1_vs_1	2i (LIF+MEKi+GSK3i)|D15		1	pgaa_h	70	5000	0.01	0.02	-0.01	-0.0378213707772577	0.0707284540060608	pgaa-cross-platform-dual-gate-v2	pgaa-cross-platform-matched-controls-v2
schiebinger2019_mesc_cytokine	Mouse embryonic stem-cell state transition	biological_replicate_holdout_1_vs_1	2i (LIF+MEKi+GSK3i)|D15		1	absolute_mean_shift	70	5000	0.68	0.18	0.5	0.5735382400295296	0.1069702877373788	pgaa-cross-platform-dual-gate-v2	pgaa-cross-platform-matched-controls-v2
schiebinger2019_mesc_cytokine	Mouse embryonic stem-cell state transition	biological_replicate_holdout_1_vs_1	2i (LIF+MEKi+GSK3i)|D15		1	welch_abs_t	70	5000	0.46	0.01	0.45	0.4954562978342518	-0.0169995464719818	pgaa-cross-platform-dual-gate-v2	pgaa-cross-platform-matched-controls-v2
schiebinger2019_mesc_cytokine	Mouse embryonic stem-cell state transition	biological_replicate_holdout_1_vs_1	2i (LIF+MEKi+GSK3i)|D15		2	pgaa_w	70	5000	0.66	0.12	0.54	0.6115530109261204	0.33239650305586	pgaa-cross-platform-dual-gate-v2	pgaa-cross-platform-matched-controls-v2
schiebinger2019_mesc_cytokine	Mouse embryonic stem-cell state transition	biological_replicate_holdout_1_vs_1	2i (LIF+MEKi+GSK3i)|D15		2	pgaa_h	70	5000	0.0	0.01	-0.01	0.0215680220668591	0.0441522954975838	pgaa-cross-platform-dual-gate-v2	pgaa-cross-platform-matched-controls-v2
schiebinger2019_mesc_cytokine	Mouse embryonic stem-cell state transition	biological_replicate_holdout_1_vs_1	2i (LIF+MEKi+GSK3i)|D15		2	absolute_mean_shift	70	5000	0.63	0.06	0.5700000000000001	0.5412884282085281	0.0508670693503452	pgaa-cross-platform-dual-gate-v2	pgaa-cross-platform-matched-controls-v2
schiebinger2019_mesc_cytokine	Mouse embryonic stem-cell state transition	biological_replicate_holdout_1_vs_1	2i (LIF+MEKi+GSK3i)|D15		2	welch_abs_t	70	5000	0.44	0.02	0.42	0.4492256680598081	-0.0495849855993994	pgaa-cross-platform-dual-gate-v2	pgaa-cross-platform-matched-controls-v2
schiebinger2019_mesc_cytokine	Mouse embryonic stem-cell state transition	biological_replicate_holdout_1_vs_1	2i (LIF+MEKi+GSK3i)|D15		3	pgaa_w	70	5000	0.6	0.09	0.51	0.6026634014505361	0.3423814946552597	pgaa-cross-platform-dual-gate-v2	pgaa-cross-platform-matched-controls-v2
schiebinger2019_mesc_cytokine	Mouse embryonic stem-cell state transition	biological_replicate_holdout_1_vs_1	2i (LIF+MEKi+GSK3i)|D15		3	pgaa_h	70	5000	0.02	0.02	0.0	-0.0122947796578252	0.0656085857174384	pgaa-cross-platform-dual-gate-v2	pgaa-cross-platform-matched-controls-v2
schiebinger2019_mesc_cytokine	Mouse embryonic stem-cell state transition	biological_replicate_holdout_1_vs_1	2i (LIF+MEKi+GSK3i)|D15		3	absolute_mean_shift	70	5000	0.57	0.06	0.51	0.4973762637469876	0.0887404966120091	pgaa-cross-platform-dual-gate-v2	pgaa-cross-platform-matched-controls-v2
schiebinger2019_mesc_cytokine	Mouse embryonic stem-cell state transition	biological_replicate_holdout_1_vs_1	2i (LIF+MEKi+GSK3i)|D15		3	welch_abs_t	70	5000	0.38	0.03	0.35	0.3939065951162637	-0.0006795636751825	pgaa-cross-platform-dual-gate-v2	pgaa-cross-platform-matched-controls-v2
schiebinger2019_mesc_cytokine	Mouse embryonic stem-cell state transition	biological_replicate_holdout_1_vs_1	2i (LIF+MEKi+GSK3i)|D15		4	pgaa_w	70	5000	0.52	0.17	0.35	0.5780978707079147	0.3424687977307519	pgaa-cross-platform-dual-gate-v2	pgaa-cross-platform-matched-controls-v2
schiebinger2019_mesc_cytokine	Mouse embryonic stem-cell state transition	biological_replicate_holdout_1_vs_1	2i (LIF+MEKi+GSK3i)|D15		4	pgaa_h	70	5000	0.04	0.05	-0.01	-0.0229499963239938	0.0612267344858467	pgaa-cross-platform-dual-gate-v2	pgaa-cross-platform-matched-controls-v2
schiebinger2019_mesc_cytokine	Mouse embryonic stem-cell state transition	biological_replicate_holdout_1_vs_1	2i (LIF+MEKi+GSK3i)|D15		4	absolute_mean_shift	70	5000	0.52	0.11	0.41	0.4644419901248262	0.0860803698674785	pgaa-cross-platform-dual-gate-v2	pgaa-cross-platform-matched-controls-v2
schiebinger2019_mesc_cytokine	Mouse embryonic stem-cell state transition	biological_replicate_holdout_1_vs_1	2i (LIF+MEKi+GSK3i)|D15		4	welch_abs_t	70	5000	0.37	0.01	0.36	0.3515978963039158	-0.0124765940353631	pgaa-cross-platform-dual-gate-v2	pgaa-cross-platform-matched-controls-v2
schiebinger2019_mesc_cytokine	Mouse embryonic stem-cell state transition	biological_replicate_holdout_1_vs_1	2i (LIF+MEKi+GSK3i)|D15.5		0	pgaa_w	70	5000	0.69	0.17	0.5199999999999999	0.7711804939512198	0.3757859990954399	pgaa-cross-platform-dual-gate-v2	pgaa-cross-platform-matched-controls-v2
schiebinger2019_mesc_cytokine	Mouse embryonic stem-cell state transition	biological_replicate_holdout_1_vs_1	2i (LIF+MEKi+GSK3i)|D15.5		0	pgaa_h	70	5000	0.06	0.06	0.0	0.2342063307495705	0.0900108520847752	pgaa-cross-platform-dual-gate-v2	pgaa-cross-platform-matched-controls-v2
schiebinger2019_mesc_cytokine	Mouse embryonic stem-cell state transition	biological_replicate_holdout_1_vs_1	2i (LIF+MEKi+GSK3i)|D15.5		0	absolute_mean_shift	70	5000	0.7	0.1	0.6	0.7300398694911158	0.1200134667029402	pgaa-cross-platform-dual-gate-v2	pgaa-cross-platform-matched-controls-v2
schiebinger2019_mesc_cytokine	Mouse embryonic stem-cell state transition	biological_replicate_holdout_1_vs_1	2i (LIF+MEKi+GSK3i)|D15.5		0	welch_abs_t	70	5000	0.5	0.03	0.47	0.7051945285447058	0.0205227993174045	pgaa-cross-platform-dual-gate-v2	pgaa-cross-platform-matched-controls-v2
schiebinger2019_mesc_cytokine	Mouse embryonic stem-cell state transition	biological_replicate_holdout_1_vs_1	2i (LIF+MEKi+GSK3i)|D15.5		1	pgaa_w	70	5000	0.73	0.22	0.51	0.7756410459056418	0.3614670593866823	pgaa-cross-platform-dual-gate-v2	pgaa-cross-platform-matched-controls-v2
schiebinger2019_mesc_cytokine	Mouse embryonic stem-cell state transition	biological_replicate_holdout_1_vs_1	2i (LIF+MEKi+GSK3i)|D15.5		1	pgaa_h	70	5000	0.05	0.03	0.02	0.1685749173171419	0.1022421186305198	pgaa-cross-platform-dual-gate-v2	pgaa-cross-platform-matched-controls-v2
schiebinger2019_mesc_cytokine	Mouse embryonic stem-cell state transition	biological_replicate_holdout_1_vs_1	2i (LIF+MEKi+GSK3i)|D15.5		1	absolute_mean_shift	70	5000	0.72	0.14	0.58	0.7308896061331255	0.0887807530594915	pgaa-cross-platform-dual-gate-v2	pgaa-cross-platform-matched-controls-v2
schiebinger2019_mesc_cytokine	Mouse embryonic stem-cell state transition	biological_replicate_holdout_1_vs_1	2i (LIF+MEKi+GSK3i)|D15.5		1	welch_abs_t	70	5000	0.46	0.01	0.45	0.6876558567862342	-0.0307100707964028	pgaa-cross-platform-dual-gate-v2	pgaa-cross-platform-matched-controls-v2
schiebinger2019_mesc_cytokine	Mouse embryonic stem-cell state transition	biological_replicate_holdout_1_vs_1	2i (LIF+MEKi+GSK3i)|D15.5		2	pgaa_w	70	5000	0.69	0.27	0.4199999999999999	0.7432385082895402	0.3848147619205904	pgaa-cross-platform-dual-gate-v2	pgaa-cross-platform-matched-controls-v2
schiebinger2019_mesc_cytokine	Mouse embryonic stem-cell state transition	biological_replicate_holdout_1_vs_1	2i (LIF+MEKi+GSK3i)|D15.5		2	pgaa_h	70	5000	0.04	0.01	0.03	0.1819832375476611	0.1163016236469796	pgaa-cross-platform-dual-gate-v2	pgaa-cross-platform-matched-controls-v2
schiebinger2019_mesc_cytokine	Mouse embryonic stem-cell state transition	biological_replicate_holdout_1_vs_1	2i (LIF+MEKi+GSK3i)|D15.5		2	absolute_mean_shift	70	5000	0.69	0.14	0.5499999999999999	0.6906882000624105	0.1113286507144897	pgaa-cross-platform-dual-gate-v2	pgaa-cross-platform-matched-controls-v2
schiebinger2019_mesc_cytokine	Mouse embryonic stem-cell state transition	biological_replicate_holdout_1_vs_1	2i (LIF+MEKi+GSK3i)|D15.5		2	welch_abs_t	70	5000	0.48	0.02	0.4599999999999999	0.6480572309782892	0.0127190351810666	pgaa-cross-platform-dual-gate-v2	pgaa-cross-platform-matched-controls-v2
schiebinger2019_mesc_cytokine	Mouse embryonic stem-cell state transition	biological_replicate_holdout_1_vs_1	2i (LIF+MEKi+GSK3i)|D15.5		3	pgaa_w	70	5000	0.77	0.17	0.6	0.7725650424866015	0.3417392901495715	pgaa-cross-platform-dual-gate-v2	pgaa-cross-platform-matched-controls-v2
schiebinger2019_mesc_cytokine	Mouse embryonic stem-cell state transition	biological_replicate_holdout_1_vs_1	2i (LIF+MEKi+GSK3i)|D15.5		3	pgaa_h	70	5000	0.04	0.05	-0.01	0.2030304289792598	0.1084932547770686	pgaa-cross-platform-dual-gate-v2	pgaa-cross-platform-matched-controls-v2
schiebinger2019_mesc_cytokine	Mouse embryonic stem-cell state transition	biological_replicate_holdout_1_vs_1	2i (LIF+MEKi+GSK3i)|D15.5		3	absolute_mean_shift	70	5000	0.76	0.08	0.68	0.7295774351990972	0.0937861508347003	pgaa-cross-platform-dual-gate-v2	pgaa-cross-platform-matched-controls-v2
schiebinger2019_mesc_cytokine	Mouse embryonic stem-cell state transition	biological_replicate_holdout_1_vs_1	2i (LIF+MEKi+GSK3i)|D15.5		3	welch_abs_t	70	5000	0.58	0.02	0.5599999999999999	0.7010733023797578	0.0164400688659973	pgaa-cross-platform-dual-gate-v2	pgaa-cross-platform-matched-controls-v2
schiebinger2019_mesc_cytokine	Mouse embryonic stem-cell state transition	biological_replicate_holdout_1_vs_1	2i (LIF+MEKi+GSK3i)|D15.5		4	pgaa_w	70	5000	0.73	0.17	0.5599999999999999	0.7738918685236748	0.4016625777945031	pgaa-cross-platform-dual-gate-v2	pgaa-cross-platform-matched-controls-v2
schiebinger2019_mesc_cytokine	Mouse embryonic stem-cell state transition	biological_replicate_holdout_1_vs_1	2i (LIF+MEKi+GSK3i)|D15.5		4	pgaa_h	70	5000	0.05	0.04	0.01	0.262244771690054	0.1339575769182037	pgaa-cross-platform-dual-gate-v2	pgaa-cross-platform-matched-controls-v2
schiebinger2019_mesc_cytokine	Mouse embryonic stem-cell state transition	biological_replicate_holdout_1_vs_1	2i (LIF+MEKi+GSK3i)|D15.5		4	absolute_mean_shift	70	5000	0.72	0.12	0.6	0.7303289334706853	0.0949038549207095	pgaa-cross-platform-dual-gate-v2	pgaa-cross-platform-matched-controls-v2
schiebinger2019_mesc_cytokine	Mouse embryonic stem-cell state transition	biological_replicate_holdout_1_vs_1	2i (LIF+MEKi+GSK3i)|D15.5		4	welch_abs_t	70	5000	0.59	0.04	0.5499999999999999	0.6956930935411169	-0.0403672935676605	pgaa-cross-platform-dual-gate-v2	pgaa-cross-platform-matched-controls-v2
schiebinger2019_mesc_cytokine	Mouse embryonic stem-cell state transition	biological_replicate_holdout_1_vs_1	2i (LIF+MEKi+GSK3i)|D16		0	pgaa_w	70	5000	0.69	0.12	0.57	0.6979714976468598	0.3126931560277262	pgaa-cross-platform-dual-gate-v2	pgaa-cross-platform-matched-controls-v2
schiebinger2019_mesc_cytokine	Mouse embryonic stem-cell state transition	biological_replicate_holdout_1_vs_1	2i (LIF+MEKi+GSK3i)|D16		0	pgaa_h	70	5000	0.06	0.09	-0.03	0.0806875561385529	0.0799210435167355	pgaa-cross-platform-dual-gate-v2	pgaa-cross-platform-matched-controls-v2
schiebinger2019_mesc_cytokine	Mouse embryonic stem-cell state transition	biological_replicate_holdout_1_vs_1	2i (LIF+MEKi+GSK3i)|D16		0	absolute_mean_shift	70	5000	0.69	0.06	0.6299999999999999	0.6513862554947168	0.0854956344598253	pgaa-cross-platform-dual-gate-v2	pgaa-cross-platform-matched-controls-v2
schiebinger2019_mesc_cytokine	Mouse embryonic stem-cell state transition	biological_replicate_holdout_1_vs_1	2i (LIF+MEKi+GSK3i)|D16		0	welch_abs_t	70	5000	0.62	0.06	0.56	0.5936211983368478	-0.0288951648525	pgaa-cross-platform-dual-gate-v2	pgaa-cross-platform-matched-controls-v2
schiebinger2019_mesc_cytokine	Mouse embryonic stem-cell state transition	biological_replicate_holdout_1_vs_1	2i (LIF+MEKi+GSK3i)|D16		1	pgaa_w	70	5000	0.71	0.1	0.61	0.6835432384137294	0.3756235407849415	pgaa-cross-platform-dual-gate-v2	pgaa-cross-platform-matched-controls-v2
schiebinger2019_mesc_cytokine	Mouse embryonic stem-cell state transition	biological_replicate_holdout_1_vs_1	2i (LIF+MEKi+GSK3i)|D16		1	pgaa_h	70	5000	0.05	0.08	-0.03	0.0672533832981347	0.0756998312110032	pgaa-cross-platform-dual-gate-v2	pgaa-cross-platform-matched-controls-v2
schiebinger2019_mesc_cytokine	Mouse embryonic stem-cell state transition	biological_replicate_holdout_1_vs_1	2i (LIF+MEKi+GSK3i)|D16		1	absolute_mean_shift	70	5000	0.7	0.08	0.62	0.6360905740028892	0.1258049193132547	pgaa-cross-platform-dual-gate-v2	pgaa-cross-platform-matched-controls-v2
schiebinger2019_mesc_cytokine	Mouse embryonic stem-cell state transition	biological_replicate_holdout_1_vs_1	2i (LIF+MEKi+GSK3i)|D16		1	welch_abs_t	70	5000	0.62	0.0	0.62	0.570988826103553	-0.0016004156800166	pgaa-cross-platform-dual-gate-v2	pgaa-cross-platform-matched-controls-v2
schiebinger2019_mesc_cytokine	Mouse embryonic stem-cell state transition	biological_replicate_holdout_1_vs_1	2i (LIF+MEKi+GSK3i)|D16		2	pgaa_w	70	5000	0.73	0.15	0.58	0.6828285053291401	0.3330149608085984	pgaa-cross-platform-dual-gate-v2	pgaa-cross-platform-matched-controls-v2
schiebinger2019_mesc_cytokine	Mouse embryonic stem-cell state transition	biological_replicate_holdout_1_vs_1	2i (LIF+MEKi+GSK3i)|D16		2	pgaa_h	70	5000	0.05	0.03	0.02	0.0391330356920184	0.0733579367778093	pgaa-cross-platform-dual-gate-v2	pgaa-cross-platform-matched-controls-v2
schiebinger2019_mesc_cytokine	Mouse embryonic stem-cell state transition	biological_replicate_holdout_1_vs_1	2i (LIF+MEKi+GSK3i)|D16		2	absolute_mean_shift	70	5000	0.74	0.12	0.62	0.6222966320108004	0.1275742594321557	pgaa-cross-platform-dual-gate-v2	pgaa-cross-platform-matched-controls-v2
schiebinger2019_mesc_cytokine	Mouse embryonic stem-cell state transition	biological_replicate_holdout_1_vs_1	2i (LIF+MEKi+GSK3i)|D16		2	welch_abs_t	70	5000	0.67	0.01	0.66	0.5638744539789781	0.0108476344341657	pgaa-cross-platform-dual-gate-v2	pgaa-cross-platform-matched-controls-v2
schiebinger2019_mesc_cytokine	Mouse embryonic stem-cell state transition	biological_replicate_holdout_1_vs_1	2i (LIF+MEKi+GSK3i)|D16		3	pgaa_w	70	5000	0.72	0.09	0.63	0.693129419469812	0.3421531487581259	pgaa-cross-platform-dual-gate-v2	pgaa-cross-platform-matched-controls-v2
schiebinger2019_mesc_cytokine	Mouse embryonic stem-cell state transition	biological_replicate_holdout_1_vs_1	2i (LIF+MEKi+GSK3i)|D16		3	pgaa_h	70	5000	0.05	0.04	0.01	0.0771985587737289	0.090937833712846	pgaa-cross-platform-dual-gate-v2	pgaa-cross-platform-matched-controls-v2
schiebinger2019_mesc_cytokine	Mouse embryonic stem-cell state transition	biological_replicate_holdout_1_vs_1	2i (LIF+MEKi+GSK3i)|D16		3	absolute_mean_shift	70	5000	0.74	0.11	0.63	0.6425269431724984	0.1061730303160175	pgaa-cross-platform-dual-gate-v2	pgaa-cross-platform-matched-controls-v2
schiebinger2019_mesc_cytokine	Mouse embryonic stem-cell state transition	biological_replicate_holdout_1_vs_1	2i (LIF+MEKi+GSK3i)|D16		3	welch_abs_t	70	5000	0.68	0.04	0.64	0.5775726111786278	0.0052489942259597	pgaa-cross-platform-dual-gate-v2	pgaa-cross-platform-matched-controls-v2
schiebinger2019_mesc_cytokine	Mouse embryonic stem-cell state transition	biological_replicate_holdout_1_vs_1	2i (LIF+MEKi+GSK3i)|D16		4	pgaa_w	70	5000	0.8	0.16	0.64	0.6922088745043549	0.3701679430307177	pgaa-cross-platform-dual-gate-v2	pgaa-cross-platform-matched-controls-v2
schiebinger2019_mesc_cytokine	Mouse embryonic stem-cell state transition	biological_replicate_holdout_1_vs_1	2i (LIF+MEKi+GSK3i)|D16		4	pgaa_h	70	5000	0.09	0.06	0.03	0.0958544594937346	0.064144795634041	pgaa-cross-platform-dual-gate-v2	pgaa-cross-platform-matched-controls-v2
schiebinger2019_mesc_cytokine	Mouse embryonic stem-cell state transition	biological_replicate_holdout_1_vs_1	2i (LIF+MEKi+GSK3i)|D16		4	absolute_mean_shift	70	5000	0.79	0.1	0.6900000000000001	0.6421807410792295	0.1369921845328386	pgaa-cross-platform-dual-gate-v2	pgaa-cross-platform-matched-controls-v2
schiebinger2019_mesc_cytokine	Mouse embryonic stem-cell state transition	biological_replicate_holdout_1_vs_1	2i (LIF+MEKi+GSK3i)|D16		4	welch_abs_t	70	5000	0.66	0.0	0.66	0.5812205758867723	-0.0043223277888931	pgaa-cross-platform-dual-gate-v2	pgaa-cross-platform-matched-controls-v2
schiebinger2019_mesc_cytokine	Mouse embryonic stem-cell state transition	biological_replicate_holdout_1_vs_1	2i (LIF+MEKi+GSK3i)|D16.5		0	pgaa_w	70	5000	0.67	0.19	0.48	0.6724338861293554	0.358120152020806	pgaa-cross-platform-dual-gate-v2	pgaa-cross-platform-matched-controls-v2
schiebinger2019_mesc_cytokine	Mouse embryonic stem-cell state transition	biological_replicate_holdout_1_vs_1	2i (LIF+MEKi+GSK3i)|D16.5		0	pgaa_h	70	5000	0.04	0.03	0.01	0.060220052839532	0.0610260347479856	pgaa-cross-platform-dual-gate-v2	pgaa-cross-platform-matched-controls-v2
schiebinger2019_mesc_cytokine	Mouse embryonic stem-cell state transition	biological_replicate_holdout_1_vs_1	2i (LIF+MEKi+GSK3i)|D16.5		0	absolute_mean_shift	70	5000	0.67	0.17	0.5	0.6024300911052035	0.1335609200816422	pgaa-cross-platform-dual-gate-v2	pgaa-cross-platform-matched-controls-v2
schiebinger2019_mesc_cytokine	Mouse embryonic stem-cell state transition	biological_replicate_holdout_1_vs_1	2i (LIF+MEKi+GSK3i)|D16.5		0	welch_abs_t	70	5000	0.47	0.02	0.4499999999999999	0.5573834292154688	0.040919800373774	pgaa-cross-platform-dual-gate-v2	pgaa-cross-platform-matched-controls-v2
schiebinger2019_mesc_cytokine	Mouse embryonic stem-cell state transition	biological_replicate_holdout_1_vs_1	2i (LIF+MEKi+GSK3i)|D16.5		1	pgaa_w	70	5000	0.78	0.13	0.65	0.6441380229495208	0.3185492726139708	pgaa-cross-platform-dual-gate-v2	pgaa-cross-platform-matched-controls-v2
schiebinger2019_mesc_cytokine	Mouse embryonic stem-cell state transition	biological_replicate_holdout_1_vs_1	2i (LIF+MEKi+GSK3i)|D16.5		1	pgaa_h	70	5000	0.04	0.01	0.03	0.055859621152393	0.0654448578890131	pgaa-cross-platform-dual-gate-v2	pgaa-cross-platform-matched-controls-v2
schiebinger2019_mesc_cytokine	Mouse embryonic stem-cell state transition	biological_replicate_holdout_1_vs_1	2i (LIF+MEKi+GSK3i)|D16.5		1	absolute_mean_shift	70	5000	0.76	0.12	0.64	0.577771560996729	0.0768883389210695	pgaa-cross-platform-dual-gate-v2	pgaa-cross-platform-matched-controls-v2
schiebinger2019_mesc_cytokine	Mouse embryonic stem-cell state transition	biological_replicate_holdout_1_vs_1	2i (LIF+MEKi+GSK3i)|D16.5		1	welch_abs_t	70	5000	0.59	0.03	0.5599999999999999	0.5231349996454	-0.013978952143158	pgaa-cross-platform-dual-gate-v2	pgaa-cross-platform-matched-controls-v2
schiebinger2019_mesc_cytokine	Mouse embryonic stem-cell state transition	biological_replicate_holdout_1_vs_1	2i (LIF+MEKi+GSK3i)|D16.5		2	pgaa_w	70	5000	0.73	0.11	0.62	0.6655454374378174	0.3410154601046183	pgaa-cross-platform-dual-gate-v2	pgaa-cross-platform-matched-controls-v2
schiebinger2019_mesc_cytokine	Mouse embryonic stem-cell state transition	biological_replicate_holdout_1_vs_1	2i (LIF+MEKi+GSK3i)|D16.5		2	pgaa_h	70	5000	0.04	0.02	0.02	0.0697608792250902	0.0537180993272995	pgaa-cross-platform-dual-gate-v2	pgaa-cross-platform-matched-controls-v2
schiebinger2019_mesc_cytokine	Mouse embryonic stem-cell state transition	biological_replicate_holdout_1_vs_1	2i (LIF+MEKi+GSK3i)|D16.5		2	absolute_mean_shift	70	5000	0.73	0.11	0.62	0.5885062594762502	0.1047849233559711	pgaa-cross-platform-dual-gate-v2	pgaa-cross-platform-matched-controls-v2
schiebinger2019_mesc_cytokine	Mouse embryonic stem-cell state transition	biological_replicate_holdout_1_vs_1	2i (LIF+MEKi+GSK3i)|D16.5		2	welch_abs_t	70	5000	0.54	0.03	0.51	0.530300192648735	0.0011389501416673	pgaa-cross-platform-dual-gate-v2	pgaa-cross-platform-matched-controls-v2
schiebinger2019_mesc_cytokine	Mouse embryonic stem-cell state transition	biological_replicate_holdout_1_vs_1	2i (LIF+MEKi+GSK3i)|D16.5		3	pgaa_w	70	5000	0.68	0.1	0.5800000000000001	0.6507266868610674	0.3488694648347785	pgaa-cross-platform-dual-gate-v2	pgaa-cross-platform-matched-controls-v2
schiebinger2019_mesc_cytokine	Mouse embryonic stem-cell state transition	biological_replicate_holdout_1_vs_1	2i (LIF+MEKi+GSK3i)|D16.5		3	pgaa_h	70	5000	0.05	0.06	-0.0099999999999999	0.076027786844908	0.0817757026141449	pgaa-cross-platform-dual-gate-v2	pgaa-cross-platform-matched-controls-v2
schiebinger2019_mesc_cytokine	Mouse embryonic stem-cell state transition	biological_replicate_holdout_1_vs_1	2i (LIF+MEKi+GSK3i)|D16.5		3	absolute_mean_shift	70	5000	0.69	0.07	0.6199999999999999	0.5874084398784354	0.123727793353898	pgaa-cross-platform-dual-gate-v2	pgaa-cross-platform-matched-controls-v2
schiebinger2019_mesc_cytokine	Mouse embryonic stem-cell state transition	biological_replicate_holdout_1_vs_1	2i (LIF+MEKi+GSK3i)|D16.5		3	welch_abs_t	70	5000	0.58	0.0	0.58	0.542538203826549	0.0057537775101511	pgaa-cross-platform-dual-gate-v2	pgaa-cross-platform-matched-controls-v2
schiebinger2019_mesc_cytokine	Mouse embryonic stem-cell state transition	biological_replicate_holdout_1_vs_1	2i (LIF+MEKi+GSK3i)|D16.5		4	pgaa_w	70	5000	0.73	0.12	0.61	0.6622815222672608	0.3401989539599581	pgaa-cross-platform-dual-gate-v2	pgaa-cross-platform-matched-controls-v2
schiebinger2019_mesc_cytokine	Mouse embryonic stem-cell state transition	biological_replicate_holdout_1_vs_1	2i (LIF+MEKi+GSK3i)|D16.5		4	pgaa_h	70	5000	0.06	0.01	0.0499999999999999	0.0709842633458613	0.0739033005824052	pgaa-cross-platform-dual-gate-v2	pgaa-cross-platform-matched-controls-v2
schiebinger2019_mesc_cytokine	Mouse embryonic stem-cell state transition	biological_replicate_holdout_1_vs_1	2i (LIF+MEKi+GSK3i)|D16.5		4	absolute_mean_shift	70	5000	0.73	0.08	0.65	0.6087306414372256	0.0878841971259139	pgaa-cross-platform-dual-gate-v2	pgaa-cross-platform-matched-controls-v2
schiebinger2019_mesc_cytokine	Mouse embryonic stem-cell state transition	biological_replicate_holdout_1_vs_1	2i (LIF+MEKi+GSK3i)|D16.5		4	welch_abs_t	70	5000	0.62	0.01	0.61	0.5618562549357348	0.0026640010666879	pgaa-cross-platform-dual-gate-v2	pgaa-cross-platform-matched-controls-v2
schiebinger2019_mesc_cytokine	Mouse embryonic stem-cell state transition	biological_replicate_holdout_1_vs_1	2i (LIF+MEKi+GSK3i)|D17		0	pgaa_w	70	5000	0.67	0.16	0.51	0.6192059610870994	0.340078877251155	pgaa-cross-platform-dual-gate-v2	pgaa-cross-platform-matched-controls-v2
schiebinger2019_mesc_cytokine	Mouse embryonic stem-cell state transition	biological_replicate_holdout_1_vs_1	2i (LIF+MEKi+GSK3i)|D17		0	pgaa_h	70	5000	0.05	0.05	0.0	0.1196318909581093	0.1406076015825429	pgaa-cross-platform-dual-gate-v2	pgaa-cross-platform-matched-controls-v2
schiebinger2019_mesc_cytokine	Mouse embryonic stem-cell state transition	biological_replicate_holdout_1_vs_1	2i (LIF+MEKi+GSK3i)|D17		0	absolute_mean_shift	70	5000	0.68	0.09	0.5900000000000001	0.5634133929771016	0.0838347197274248	pgaa-cross-platform-dual-gate-v2	pgaa-cross-platform-matched-controls-v2
schiebinger2019_mesc_cytokine	Mouse embryonic stem-cell state transition	biological_replicate_holdout_1_vs_1	2i (LIF+MEKi+GSK3i)|D17		0	welch_abs_t	70	5000	0.49	0.03	0.4599999999999999	0.5035545975423544	-0.0054370547776126	pgaa-cross-platform-dual-gate-v2	pgaa-cross-platform-matched-controls-v2
schiebinger2019_mesc_cytokine	Mouse embryonic stem-cell state transition	biological_replicate_holdout_1_vs_1	2i (LIF+MEKi+GSK3i)|D17		1	pgaa_w	70	5000	0.69	0.21	0.48	0.6011257977090319	0.3476636685945466	pgaa-cross-platform-dual-gate-v2	pgaa-cross-platform-matched-controls-v2
schiebinger2019_mesc_cytokine	Mouse embryonic stem-cell state transition	biological_replicate_holdout_1_vs_1	2i (LIF+MEKi+GSK3i)|D17		1	pgaa_h	70	5000	0.01	0.03	-0.0199999999999999	0.0839371675224131	0.1011749857764851	pgaa-cross-platform-dual-gate-v2	pgaa-cross-platform-matched-controls-v2
schiebinger2019_mesc_cytokine	Mouse embryonic stem-cell state transition	biological_replicate_holdout_1_vs_1	2i (LIF+MEKi+GSK3i)|D17		1	absolute_mean_shift	70	5000	0.69	0.13	0.5599999999999999	0.5376696998815002	0.1217717848607164	pgaa-cross-platform-dual-gate-v2	pgaa-cross-platform-matched-controls-v2
schiebinger2019_mesc_cytokine	Mouse embryonic stem-cell state transition	biological_replicate_holdout_1_vs_1	2i (LIF+MEKi+GSK3i)|D17		1	welch_abs_t	70	5000	0.5	0.01	0.49	0.4596848923713957	0.0169904963596198	pgaa-cross-platform-dual-gate-v2	pgaa-cross-platform-matched-controls-v2
schiebinger2019_mesc_cytokine	Mouse embryonic stem-cell state transition	biological_replicate_holdout_1_vs_1	2i (LIF+MEKi+GSK3i)|D17		2	pgaa_w	70	5000	0.7	0.17	0.5299999999999999	0.6326850400914016	0.3195528993741159	pgaa-cross-platform-dual-gate-v2	pgaa-cross-platform-matched-controls-v2
schiebinger2019_mesc_cytokine	Mouse embryonic stem-cell state transition	biological_replicate_holdout_1_vs_1	2i (LIF+MEKi+GSK3i)|D17		2	pgaa_h	70	5000	0.05	0.01	0.04	0.1033418536924099	0.1319243944176156	pgaa-cross-platform-dual-gate-v2	pgaa-cross-platform-matched-controls-v2
schiebinger2019_mesc_cytokine	Mouse embryonic stem-cell state transition	biological_replicate_holdout_1_vs_1	2i (LIF+MEKi+GSK3i)|D17		2	absolute_mean_shift	70	5000	0.71	0.14	0.57	0.5678165464886619	0.0672752719806985	pgaa-cross-platform-dual-gate-v2	pgaa-cross-platform-matched-controls-v2
schiebinger2019_mesc_cytokine	Mouse embryonic stem-cell state transition	biological_replicate_holdout_1_vs_1	2i (LIF+MEKi+GSK3i)|D17		2	welch_abs_t	70	5000	0.52	0.01	0.51	0.5056341859136378	-0.0139196460294539	pgaa-cross-platform-dual-gate-v2	pgaa-cross-platform-matched-controls-v2
schiebinger2019_mesc_cytokine	Mouse embryonic stem-cell state transition	biological_replicate_holdout_1_vs_1	2i (LIF+MEKi+GSK3i)|D17		3	pgaa_w	70	5000	0.8	0.21	0.5900000000000001	0.64475650393426	0.339995902431836	pgaa-cross-platform-dual-gate-v2	pgaa-cross-platform-matched-controls-v2
schiebinger2019_mesc_cytokine	Mouse embryonic stem-cell state transition	biological_replicate_holdout_1_vs_1	2i (LIF+MEKi+GSK3i)|D17		3	pgaa_h	70	5000	0.04	0.05	-0.01	0.1166021440724757	0.1230242429447635	pgaa-cross-platform-dual-gate-v2	pgaa-cross-platform-matched-controls-v2
schiebinger2019_mesc_cytokine	Mouse embryonic stem-cell state transition	biological_replicate_holdout_1_vs_1	2i (LIF+MEKi+GSK3i)|D17		3	absolute_mean_shift	70	5000	0.8	0.09	0.7100000000000001	0.5898512851885208	0.0852555759504998	pgaa-cross-platform-dual-gate-v2	pgaa-cross-platform-matched-controls-v2
schiebinger2019_mesc_cytokine	Mouse embryonic stem-cell state transition	biological_replicate_holdout_1_vs_1	2i (LIF+MEKi+GSK3i)|D17		3	welch_abs_t	70	5000	0.55	0.03	0.52	0.526295824251833	-0.0055317305572692	pgaa-cross-platform-dual-gate-v2	pgaa-cross-platform-matched-controls-v2
schiebinger2019_mesc_cytokine	Mouse embryonic stem-cell state transition	biological_replicate_holdout_1_vs_1	2i (LIF+MEKi+GSK3i)|D17		4	pgaa_w	70	5000	0.64	0.24	0.4	0.5718987870039514	0.3726218469368738	pgaa-cross-platform-dual-gate-v2	pgaa-cross-platform-matched-controls-v2
schiebinger2019_mesc_cytokine	Mouse embryonic stem-cell state transition	biological_replicate_holdout_1_vs_1	2i (LIF+MEKi+GSK3i)|D17		4	pgaa_h	70	5000	0.05	0.02	0.03	0.0991332844385939	0.1227718813465941	pgaa-cross-platform-dual-gate-v2	pgaa-cross-platform-matched-controls-v2
schiebinger2019_mesc_cytokine	Mouse embryonic stem-cell state transition	biological_replicate_holdout_1_vs_1	2i (LIF+MEKi+GSK3i)|D17		4	absolute_mean_shift	70	5000	0.63	0.17	0.4599999999999999	0.51222474574187	0.116434596687356	pgaa-cross-platform-dual-gate-v2	pgaa-cross-platform-matched-controls-v2
schiebinger2019_mesc_cytokine	Mouse embryonic stem-cell state transition	biological_replicate_holdout_1_vs_1	2i (LIF+MEKi+GSK3i)|D17		4	welch_abs_t	70	5000	0.57	0.0	0.57	0.4513274007039279	0.0058509053221766	pgaa-cross-platform-dual-gate-v2	pgaa-cross-platform-matched-controls-v2
schiebinger2019_mesc_cytokine	Mouse embryonic stem-cell state transition	biological_replicate_holdout_1_vs_1	2i (LIF+MEKi+GSK3i)|D17.5		0	pgaa_w	70	5000	0.66	0.13	0.53	0.6763439705097588	0.322363375134535	pgaa-cross-platform-dual-gate-v2	pgaa-cross-platform-matched-controls-v2
schiebinger2019_mesc_cytokine	Mouse embryonic stem-cell state transition	biological_replicate_holdout_1_vs_1	2i (LIF+MEKi+GSK3i)|D17.5		0	pgaa_h	70	5000	0.01	0.02	-0.01	0.0573189670946678	0.1056659336928308	pgaa-cross-platform-dual-gate-v2	pgaa-cross-platform-matched-controls-v2
schiebinger2019_mesc_cytokine	Mouse embryonic stem-cell state transition	biological_replicate_holdout_1_vs_1	2i (LIF+MEKi+GSK3i)|D17.5		0	absolute_mean_shift	70	5000	0.64	0.06	0.5800000000000001	0.621008715462157	0.0684800957857779	pgaa-cross-platform-dual-gate-v2	pgaa-cross-platform-matched-controls-v2
schiebinger2019_mesc_cytokine	Mouse embryonic stem-cell state transition	biological_replicate_holdout_1_vs_1	2i (LIF+MEKi+GSK3i)|D17.5		0	welch_abs_t	70	5000	0.54	0.0	0.54	0.5752587647499628	-0.0083642743189724	pgaa-cross-platform-dual-gate-v2	pgaa-cross-platform-matched-controls-v2
schiebinger2019_mesc_cytokine	Mouse embryonic stem-cell state transition	biological_replicate_holdout_1_vs_1	2i (LIF+MEKi+GSK3i)|D17.5		1	pgaa_w	70	5000	0.67	0.11	0.56	0.6812239887209595	0.3100797465791898	pgaa-cross-platform-dual-gate-v2	pgaa-cross-platform-matched-controls-v2
schiebinger2019_mesc_cytokine	Mouse embryonic stem-cell state transition	biological_replicate_holdout_1_vs_1	2i (LIF+MEKi+GSK3i)|D17.5		1	pgaa_h	70	5000	0.02	0.01	0.01	0.0426982919406882	0.1080419782805478	pgaa-cross-platform-dual-gate-v2	pgaa-cross-platform-matched-controls-v2
schiebinger2019_mesc_cytokine	Mouse embryonic stem-cell state transition	biological_replicate_holdout_1_vs_1	2i (LIF+MEKi+GSK3i)|D17.5		1	absolute_mean_shift	70	5000	0.66	0.11	0.55	0.6327486831323194	0.0567547344662757	pgaa-cross-platform-dual-gate-v2	pgaa-cross-platform-matched-controls-v2
schiebinger2019_mesc_cytokine	Mouse embryonic stem-cell state transition	biological_replicate_holdout_1_vs_1	2i (LIF+MEKi+GSK3i)|D17.5		1	welch_abs_t	70	5000	0.55	0.01	0.54	0.5735424479016978	-0.0322847335153893	pgaa-cross-platform-dual-gate-v2	pgaa-cross-platform-matched-controls-v2
schiebinger2019_mesc_cytokine	Mouse embryonic stem-cell state transition	biological_replicate_holdout_1_vs_1	2i (LIF+MEKi+GSK3i)|D17.5		2	pgaa_w	70	5000	0.69	0.07	0.6199999999999999	0.6863615222384608	0.3548357586094303	pgaa-cross-platform-dual-gate-v2	pgaa-cross-platform-matched-controls-v2
schiebinger2019_mesc_cytokine	Mouse embryonic stem-cell state transition	biological_replicate_holdout_1_vs_1	2i (LIF+MEKi+GSK3i)|D17.5		2	pgaa_h	70	5000	0.02	0.03	-0.0099999999999999	0.0741997427602548	0.0685233156031512	pgaa-cross-platform-dual-gate-v2	pgaa-cross-platform-matched-controls-v2
schiebinger2019_mesc_cytokine	Mouse embryonic stem-cell state transition	biological_replicate_holdout_1_vs_1	2i (LIF+MEKi+GSK3i)|D17.5		2	absolute_mean_shift	70	5000	0.71	0.04	0.6699999999999999	0.6407179488927178	0.0937091611768645	pgaa-cross-platform-dual-gate-v2	pgaa-cross-platform-matched-controls-v2
schiebinger2019_mesc_cytokine	Mouse embryonic stem-cell state transition	biological_replicate_holdout_1_vs_1	2i (LIF+MEKi+GSK3i)|D17.5		2	welch_abs_t	70	5000	0.56	0.02	0.54	0.5962592470503698	0.009350716550253	pgaa-cross-platform-dual-gate-v2	pgaa-cross-platform-matched-controls-v2
schiebinger2019_mesc_cytokine	Mouse embryonic stem-cell state transition	biological_replicate_holdout_1_vs_1	2i (LIF+MEKi+GSK3i)|D17.5		3	pgaa_w	70	5000	0.68	0.16	0.52	0.692665175674607	0.3441472879098914	pgaa-cross-platform-dual-gate-v2	pgaa-cross-platform-matched-controls-v2
schiebinger2019_mesc_cytokine	Mouse embryonic stem-cell state transition	biological_replicate_holdout_1_vs_1	2i (LIF+MEKi+GSK3i)|D17.5		3	pgaa_h	70	5000	0.03	0.02	0.0099999999999999	0.0725655110844485	0.076361014856399	pgaa-cross-platform-dual-gate-v2	pgaa-cross-platform-matched-controls-v2
schiebinger2019_mesc_cytokine	Mouse embryonic stem-cell state transition	biological_replicate_holdout_1_vs_1	2i (LIF+MEKi+GSK3i)|D17.5		3	absolute_mean_shift	70	5000	0.68	0.1	0.5800000000000001	0.6444348329757926	0.0767793258342292	pgaa-cross-platform-dual-gate-v2	pgaa-cross-platform-matched-controls-v2
schiebinger2019_mesc_cytokine	Mouse embryonic stem-cell state transition	biological_replicate_holdout_1_vs_1	2i (LIF+MEKi+GSK3i)|D17.5		3	welch_abs_t	70	5000	0.52	0.02	0.5	0.6014522410325245	-0.0080427396817095	pgaa-cross-platform-dual-gate-v2	pgaa-cross-platform-matched-controls-v2
schiebinger2019_mesc_cytokine	Mouse embryonic stem-cell state transition	biological_replicate_holdout_1_vs_1	2i (LIF+MEKi+GSK3i)|D17.5		4	pgaa_w	70	5000	0.72	0.13	0.59	0.7031825524793021	0.364076801347072	pgaa-cross-platform-dual-gate-v2	pgaa-cross-platform-matched-controls-v2
schiebinger2019_mesc_cytokine	Mouse embryonic stem-cell state transition	biological_replicate_holdout_1_vs_1	2i (LIF+MEKi+GSK3i)|D17.5		4	pgaa_h	70	5000	0.02	0.01	0.01	0.0653961005956637	0.084128823396953	pgaa-cross-platform-dual-gate-v2	pgaa-cross-platform-matched-controls-v2
schiebinger2019_mesc_cytokine	Mouse embryonic stem-cell state transition	biological_replicate_holdout_1_vs_1	2i (LIF+MEKi+GSK3i)|D17.5		4	absolute_mean_shift	70	5000	0.73	0.08	0.65	0.6480713166099602	0.1234865241584246	pgaa-cross-platform-dual-gate-v2	pgaa-cross-platform-matched-controls-v2
schiebinger2019_mesc_cytokine	Mouse embryonic stem-cell state transition	biological_replicate_holdout_1_vs_1	2i (LIF+MEKi+GSK3i)|D17.5		4	welch_abs_t	70	5000	0.57	0.03	0.5399999999999999	0.59526334048082	0.0126598554503942	pgaa-cross-platform-dual-gate-v2	pgaa-cross-platform-matched-controls-v2
