gene,S2,n_peaks_on
GBP1,0.9460066489180811,5
CEACAM5,0.8450158629896375,6
RP11-16E23.4,0.8331490375722329,3
UCP2,0.7465450579084657,5
RP11-147I3.1,0.7172250470943983,4
RNU2-59P,0.7149333321714674,5
SLCO1B3,0.705470827519207,5
ZNF785,0.6849051687484302,6
GXYLT2,0.6837179252791393,5
TMEM128,0.6759902896931372,5
PSMB9,0.674619231407536,4
MUC20,0.6738384345179262,6
RPL17P50,0.6618065452799813,6
RP11-33B1.1,0.657917247935405,7
ARHGAP26-IT1,0.6511094716169055,4
RNU6-125P,0.6505360623597256,3
GLB1,0.647289825268085,3
BMP1,0.6404210879292698,5
RNFT2,0.6391641103421473,4
TBC1D32,0.6345557698969482,5
RP11-213H15.4,0.6116176894454405,5
CTD-2002H8.2,0.611526198015773,3
RP11-66B24.2,0.6111503610446571,5
C1S,0.6083192273838902,3
ZFYVE19,0.5863312346872879,7
ASS1,0.5826116971833527,4
CXorf23,0.5822798195929455,4
MIR616,0.5796271166897498,5
RNF144B,0.5776961623032534,5
FAM117B,0.5644935968123114,7
SMIM19,0.5590238277437026,7
CTB-13F3.1,0.5462940349075602,7
RP11-7F17.1,0.532225608338723,5
SNORA7,0.5297962942050024,6
UGT1A7,0.5281216068369643,6
RP11-363E7.4,0.5244351118002867,5
ACAD10,0.5240531049583114,7
JAK3,0.5235453962571379,2
HDHD2,0.5231950189114636,4
ZNF2,0.5123037650627872,3
SLC25A27,0.5049535076854744,6
ZNF550,0.5047868913982178,6
RP11-152P17.2,0.5028436909708011,5
ALG6,0.49969500729530836,6
RN7SL56P,0.4978195525798088,6
ARSG,0.49367742453390295,5
CTC-338M12.4,0.4924653064268739,6
CCDC121,0.4903334994824813,6
HNRNPA1P33,0.4895515757923986,5
C2ORF15,0.4880200031920892,7
PLCD4,0.4874539096701404,5
TTI2,0.484406260691179,5
RP11-690G19.3,0.4785358934645309,4
RANBP17,0.4681474371892215,7
CTD-3074O7.12,0.46352184278200304,7
MFSD1,0.4629367667458107,4
SP140L,0.45728023861517286,4
CA2,0.45464496495801576,6
ZBED5-AS1,0.45418210637814055,4
AC002558.1,0.45106734456630154,4
BIRC3,0.4416345818956222,2
SLC20A2,0.44005012230390966,5
PARP14,0.4399820066535665,7
RP11-1094M14.11,0.4394942894215773,6
FAM219B,0.4384714245872898,6
RP11-1035H13.3,0.4382967601029522,5
MORC2-AS1,0.43825176118695824,7
AC091038.1,0.43818422669676016,4
NIT1,0.43761471564146354,6
RP3-406A7.7,0.4355125348852554,6
CTD-2325M2.1,0.4330574128977008,7
RP11-818F20.5,0.43135747018193515,3
SGK1,0.4286577287811969,5
SNORD69,0.423012356744978,2
NFX1,0.4215976324807421,5
PIGC,0.4180904970464738,3
KIF11,0.417388582041234,7
LTBP1,0.41450742224768805,5
TMEM184C,0.4133380313783339,6
KRCC1,0.41282978481768606,5
IMMP2L,0.41259192003089334,5
AC008391.1,0.4109110327328281,4
AGPAT6,0.40830340310445085,6
INTS2,0.4081422861772678,5
LINC00511,0.40763989908908943,6
G0S2,0.406111198398728,5
C22orf29,0.4047734596374497,4
RP4-740C4.7,0.40423130212826613,5
NR2F6,0.40286746820674163,6
RP11-403P17.3,0.40201483856599207,6
P2RX4,0.39712805437278753,6
TRIM5,0.3955406656691074,6
TSPAN15,0.39501055499357246,4
RPS14P4,0.3944049060267937,3
RNPC3,0.3937288202879772,5
AP000936.1,0.3925050212796525,6
CAP2,0.3893655980571046,4
SNORA66,0.38722256085436485,5
PEX11B,0.3858923553413861,6
C6orf211,0.38549282264472146,5
PFAS,0.3854200252651911,5
RP11-472I20.1,0.3849379718455879,3
GALM,0.3848042332625058,4
RPL32P3,0.38413837791340816,5
DEPDC1,0.38404375737026225,5
FN1,0.38384737886248405,4
CYBRD1,0.3825915743221336,5
SNX24,0.38181297686510807,5
BTBD10,0.3818119895702637,3
TPRN,0.38100623276991363,6
SNORD3A,0.3810040398565283,5
ZNF226,0.3808459472210158,5
TXNL4B,0.38084317013111757,7
AC090673.2,0.38046803110417365,6
CCDC150,0.3782163869494,5
C1orf210,0.37730734740895755,6
PDLIM7,0.37677941115469266,6
RP3-363L9.1,0.37626554965243886,4
SDHAP1,0.3760682483556831,4
CLEC2D,0.37450543779223544,4
KIAA1737,0.3719181652871085,6
RP11-20I23.7,0.3696092044661604,4
HMMR,0.36943283849759784,5
RNVU1-13,0.36903772359814047,5
RP11-658F2.8,0.3669960964935591,5
HMG20A,0.36523986889479,5
VPS52,0.3632172234408675,6
TAF12,0.36209301240392044,4
SLC39A7,0.36188028455758314,6
ZNF761,0.3580427246658992,7
SWAP70,0.35738445900333826,5
APCDD1L-AS1,0.3567421762061901,4
KIN,0.35565112479641064,7
RNVU1-14,0.355507353938488,5
FAM69A,0.3551315140254743,3
RP11-75L1.2,0.3540564353843182,6
NEDD9,0.35256829478164636,7
AC007308.7,0.35247838153939676,3
FP15737,0.3502915080950613,6
AL139819.1,0.3493268989892353,7
ANKRD13D,0.34828148648945595,7
RP4-717I23.3,0.3480519085731562,4
RNU2-2P,0.34799855450151423,3
WDR19,0.3473719832766366,4
TPM3P9,0.3467210045273547,6
CASC5,0.34668061785317555,5
BPGM,0.34446702403801777,7
FAAH2,0.34268480966935483,5
C3orf58,0.34175659439241196,4
DDIT3,0.34157032285964994,6
RP11-27M24.1,0.3408590593689436,6
CYP24A1,0.340241518354099,5
TATDN3,0.338348296308203,5
TMEM161B-AS1,0.33785470850861377,5
ZDHHC16,0.3377724756501788,4
SMAD4,0.33764518643765884,6
CD163L1,0.3356432985681512,7
COG1,0.33203494448970217,4
CP,0.33179831377445834,5
RCHY1,0.3310641092593902,6
CALB1,0.328896844862624,6
KIF4A,0.32863912198116724,5
CCNF,0.32838684596830775,6
ZNRF1,0.32805024304954006,7
USP54,0.3277694476797067,4
RASGEF1A,0.3262338891237744,5
THAP9-AS1,0.3258070326309204,5
HAUS5,0.3251034048436539,4
U91328.20,0.32476702999790574,5
NIPSNAP3A,0.32422755710855067,3
RP4-635E18.8,0.3236615295216639,4
AC006262.5,0.32280551803319196,6
AFAP1L1,0.3226133234943143,5
C15orf57,0.3225071481077404,3
TMEM99,0.3224841907522144,5
GABPB2,0.3224237313149124,7
KDM5B,0.3213617634127471,5
ZNF581,0.32126129376105367,4
TAF15,0.32095410859508033,4
CCDC126,0.32000205791804365,5
CTB-25J19.9,0.3195355451444493,7
USP4,0.31902138689311693,4
FBXL19-AS1,0.3189289727777633,6
AURKB,0.31577832183130794,6
TGDS,0.31424880702742786,4
ZNF765,0.3139542663249707,6
HSCB,0.31231397594650007,6
COMMD7,0.31222806366269445,4
ALDH3A1,0.3117748891209025,2
HCG25,0.3107413040155553,5
CTNNA1,0.31043863376050845,7
IFITM3,0.31014828464429334,4
AC105399.2,0.3088706701553288,6
SLC25A1,0.30883337745050304,5
LRR1,0.30808508919847144,5
SSH3,0.3071009391678462,7
MANEAL,0.30623603021919577,7
TRIM47,0.30591215995459026,4
CDCA3,0.3056868067768641,5
CTH,0.30566888855347857,3
CENPO,0.3055105917313666,6
EPHA1,0.30531760256493506,5
SAA1,0.3049576045791734,4
BBS2,0.3039266959996377,6
ZBTB25,0.3019784209099227,5
SCO2,0.30165423514178535,5
LLGL2,0.30095840081749153,6
C12orf73,0.2987390399523758,4
KIF15,0.2984033524395054,6
SUCLG2,0.2982913728192466,5
RP4-742C19.12,0.29750941524767327,4
PRKCH,0.29738015878171553,6
DLGAP5,0.2970298181108914,4
ALOX5,0.296373991295747,7
C2CD3,0.29598344806810933,7
QPRT,0.2959711775870268,6
MMAB,0.29499687605820396,6
MOSPD1,0.29373806593084795,5
STEAP2,0.2935527375963722,6
NPHP1,0.2931468602648727,4
COMMD3-BMI1,0.29310363222634217,6
UBE2L6,0.29228051688862167,7
ACVR2A,0.2919811853899848,5
TTC22,0.29125030543369473,5
SLC41A2,0.29048934711777513,4
ANKRD20A5P,0.2897936847621811,7
NIPAL3,0.28877443915309936,5
SPRR1B,0.28860695241092477,4
ABCA9,0.28837352222292745,3
RP11-286N22.8,0.28775684802929613,5
NDC80,0.2875089766576116,5
PLOD1,0.2860786859699691,4
NDUFA9P1,0.2849803420689244,3
MTRF1,0.2848602530048183,5
AF001548.5,0.2840252630874076,5
TMEM106B,0.2838537995972873,6
ZBTB21,0.2837319785629032,5
RABEP1,0.2836059173860339,8
PTGR2,0.282928309453436,6
PRIMPOL,0.2829238831566985,4
H6PD,0.28259509548714673,5
SMIM20,0.2824229871342702,5
WHAMM,0.2815518039655636,3
ACOT7,0.2815335263015878,6
PPAP2B,0.2808532274566049,4
CTA-228A9.3,0.2795230544736117,6
CLPP,0.2790158723953065,5
SERINC5,0.2788160935768571,3
NAV2,0.278684926662545,8
FAM104B,0.27808983000139953,7
CPEB4,0.27735560775626966,6
CNPY3,0.27725089151894167,6
ETV6,0.27673671686075785,6
MEX3C,0.2765174790012507,5
DHX38,0.27577806580613706,3
GRHL1,0.2757706828864483,3
NNT-AS1,0.2755110573873963,4
RAB7L1,0.2752446636772731,6
TRAPPC13,0.27479269868224115,6
FRMD8,0.27476727121409,3
CES2,0.27433950721026057,5
RP5-1024G6.2,0.2742895884997093,6
PSD4,0.2741420061426643,6
TERF2,0.2740896064365194,4
METTL6,0.273547257648135,5
ANKRD36B,0.2733690990149598,6
TMEM17,0.273296207532611,5
WHSC1,0.27318930881863746,5
DYNC2LI1,0.27297735791046895,7
SULT1A2,0.2726950461237365,7
PTRH1,0.27121951560577684,6
FAR2,0.2700051651358951,6
MPRIP-AS1,0.26901003018561476,2
ZNF394,0.2689750085945471,4
PHF19,0.26867375777456226,4
RP11-247L20.4,0.2684379197027197,6
RP11-667K14.4,0.26804017090327265,5
LCLAT1,0.26797958892007734,5
RP11-379K17.12,0.26736681828519604,6
GTPBP10,0.2670960950965147,6
TPMT,0.2662596306595467,5
SPNS1,0.26390773875802404,7
SP4,0.26276018801231893,5
TPCN1,0.2624665692146982,3
HSF2,0.2608781860048115,6
HIST1H2BK,0.260267266457662,4
RP11-333E13.2,0.25942021477570687,5
MAP3K1,0.25888391956331336,5
ZNF480,0.25802802919044765,6
CYB561A3,0.2578620830063981,6
TCEAL1,0.2573046791024486,8
MICU2,0.2571396829227741,3
MAP2K3,0.2564746740862393,5
STAG3L4,0.2564088689935965,7
RP4-622L5.2,0.25541625453159855,6
CTD-2035E11.5,0.25350001293055924,6
RP3-449O17.1,0.253498448663516,5
RP11-500M8.7,0.25191856243028027,4
SLC41A1,0.25150659023622257,5
RAD17,0.2514993352468627,3
RTN4IP1,0.25149548442025227,5
DUS1L,0.2513627154582911,5
TRIB2,0.2512942123040601,3
HSD17B7,0.25036315857894476,5
FANCA,0.24987722195931042,6
CDCA8,0.2494048317860101,6
CCDC34,0.24938175078277566,6
PTS,0.248914025790863,6
BRAF,0.2478152348665521,6
AC017104.2,0.24691859322211918,6
ZMYM5,0.2459183635506431,5
RACGAP1,0.24584224391460133,5
AURKA,0.2453710622111874,5
ZIC2,0.2440234414184687,4
OPTN,0.2439098566676744,5
SLC25A43,0.24367834638471852,6
PLK3,0.24318928601958403,6
GDPD3,0.24286364541520797,5
RUSC1,0.2421352327186533,5
POLRMT,0.24063313316394885,7
ZNF347,0.24038147826493397,7
FBLN1,0.23961026021094953,7
ANK3,0.2388569971306046,6
C15orf40,0.23852591156862016,5
BUB1B,0.23837399187096492,3
RP11-283I3.6,0.23812210389080934,3
GBA,0.23790235504555288,3
FAM206A,0.23777014769897017,6
STX8,0.23700539217204858,5
RP11-584P21.2,0.2369548288871842,4
RAB33B,0.2366190009034899,6
CLMN,0.23661163696779114,3
CENPE,0.2361202203679123,5
ACYP2,0.23552418666014774,7
DHCR7,0.23517853757616358,4
ZDHHC12,0.23449589748194913,5
TNFAIP8,0.233607804523573,4
SNX17,0.23353595085355436,6
RP11-611O2.3,0.23341403680962095,4
RP1-27K12.2,0.23324335638026078,6
ATP8B1,0.2331780393411395,4
ZNF83,0.23200309251479548,8
EIF2B5,0.2317173583459392,5
NCAPG2,0.2314926159452137,5
FTO,0.2314498533396761,5
SKA3,0.23139307395235686,6
CLSPN,0.23104909896050993,7
TRAF3IP2,0.2306479693295556,4
DDT,0.23033825909845485,4
RN7SL490P,0.2295573714175048,3
SLC25A36,0.22897127094096753,5
CEP41,0.22845039814229595,5
MCOLN3,0.2282735014105506,4
SRGAP1,0.22811362058557275,4
PIGW,0.2270258898557547,6
RP11-244F12.2,0.22624164069637717,5
DCXR,0.22491105416503931,5
ZMYM4,0.22489816940786367,5
RP4-593C16.3,0.22476013664820574,6
PNPT1,0.22473226097219445,1
AFAP1L2,0.2246449622085682,6
C1QTNF6,0.22448067364457733,4
ACAT2,0.22438586218902434,4
GNPDA1,0.223552199698175,3
UBAC2,0.22305373701748643,5
RFX2,0.2228249972242713,5
APOBEC3F,0.22278870442669788,5
CLU,0.22261533167794298,5
PWWP2A,0.2225269375841998,7
CFLAR-AS1,0.2223949428048102,3
ARHGAP11A,0.22236229266876675,4
DCUN1D2,0.22123592062826533,4
GGA1,0.22114153495382877,5
KIF21A,0.22110470897986864,5
SATB1,0.22097417068501848,5
ITGA6,0.2206453357311222,3
ASPM,0.22060034700343004,6
DCBLD2,0.22048601696832545,5
CDK1,0.21979851028036568,3
BLZF1,0.21972354493595062,7
LIN52,0.21931403708613023,4
CCNB2,0.21750976782266565,6
RNU6-118P,0.21746332315243017,4
SLC52A2,0.21629865365790696,6
SEL1L3,0.21569244518786476,7
KIF20B,0.21566736242162285,6
MRPL27,0.21466300521249895,4
DHX8,0.21431247424173372,4
PRSS3,0.21421491831943343,4
UBE2W,0.21365231880576968,3
TBK1,0.2119516365592258,5
ZNF766,0.2112340655016853,3
CPT1B,0.21112463266304582,5
GPR125,0.2108798285770291,6
SFI1,0.21038023287077795,6
STT3B,0.2102650812342851,6
STMN1,0.21003918111094003,5
TPRG1L,0.20968384007196786,5
SCP2,0.20938186240167833,6
PEX2,0.20926436375009155,6
HCAR1,0.20897664916405423,4
TUBA4A,0.20853942000089873,4
ARRDC3,0.20835216713861615,6
BUB1,0.2079207386235021,4
RAB11B-AS1,0.20758122367101073,6
SLC5A6,0.20745184696760546,5
SOX9,0.20737629121766699,6
BRCC3,0.2069177543116558,5
SCARNA22,0.20685953364387605,4
RP11-366L20.2,0.20599853428222642,4
HJURP,0.2059841275900637,4
GTPBP3,0.2058709329676455,5
EGFR,0.20580604484580245,5
VASP,0.20546838935600156,4
VPS51,0.20525499034275047,5
TAF8,0.20519889246062398,6
HBP1,0.2051385841271143,7
ZBTB8OS,0.2049463765156615,3
AP001628.6,0.204569857108373,5
IFT57,0.2039017072826529,3
GTF2H2,0.20387430569857642,5
SRSF6,0.20348704546774862,3
AUH,0.203257841360055,6
WDHD1,0.20303478762156346,7
STRIP1,0.20257903936289914,6
CNEP1R1,0.20232167334406073,5
NFKBIZ,0.20186865196785972,6
CXorf40B,0.20160338120142426,5
CCRN4L,0.2013121686976863,4
PLK1,0.20113831259073733,6
FOXA1,0.20036989153177287,5
RP11-360L9.7,0.2001284109945649,8
DENR,0.19992113269915254,4
RNF187,0.1997588137110174,7
MAD2L1,0.19938798971954697,6
CSTF1,0.19924757714454155,4
HERPUD1,0.1992195707235542,6
RP3-460G2.2,0.19905671792283386,5
BLM,0.19903197264516026,4
SLC38A7,0.1987667516919822,5
CLN3,0.1975651426038216,3
ATG12,0.19752880651095625,4
FAM76A,0.19741688248875838,4
TNKS1BP1,0.197309208594958,3
HMGCL,0.1972385059281188,4
TXNRD3,0.1965421894345014,4
LINC00470,0.19647702781797166,6
DHX35,0.19633448916584698,5
SIVA1,0.19617569537615845,3
MTHFS,0.1960192819604332,6
CLPX,0.1957669639233582,4
CCPG1,0.1956678414106747,6
PDE4DIP,0.19562121009401684,6
FHOD1,0.19553649685596677,6
NFE2L3,0.1951678666214182,5
SKP2,0.19468754195867005,5
AC005253.4,0.19336927300989984,5
IQCK,0.1927033686456233,8
TUBA1A,0.1918865121872672,2
RAB3D,0.19176918283992883,4
ITM2B,0.19140069094945059,4
UBE2J2,0.19129658757117693,6
ZNF611,0.19124109164586747,6
ESD,0.19106733323316766,4
GNAI1,0.1909850440133368,4
ADPGK,0.1909131262851027,5
GABRE,0.19064291537277653,6
RBBP8,0.19031198091722049,4
KIAA0232,0.19026122263973297,4
CASP6,0.19016873376085966,7
AC090186.1,0.19007510495722887,4
CTD-2033A16.1,0.18987486603990886,5
DCAF10,0.1898230082494612,6
MIER1,0.18951798805594955,2
RP11-805J14.5,0.1893626286726888,5
TRPC4AP,0.18930256712949864,5
CPT2,0.18905248200300673,5
GEMIN6,0.1889520612189436,2
ID3,0.18881732882610028,6
FTSJ3,0.18878078218493402,7
ATAD1,0.1887150336775756,6
C2orf74,0.1885944956439932,5
RNF168,0.18859383087930845,3
PGGT1B,0.18804680277306024,5
RHOT2,0.1878743243549152,5
KRT16,0.18785659645764924,3
MB,0.1877144812408939,6
SMUG1,0.1876980423767898,4
TRAP1,0.18753178855939323,4
NPC1,0.18746777616309765,4
PIAS3,0.1871034826786953,5
RP11-386G11.10,0.1869209307320765,1
MLF1,0.18689334730099194,6
RP11-525A16.4,0.18659461607518282,5
KRI1,0.18625066982936114,4
ANKIB1,0.18587754394121464,4
THYN1,0.18581501808524153,4
NPTN,0.185466370839175,5
BBIP1,0.1854275089577785,6
AMOTL1,0.18527772765055545,4
TBC1D24,0.18525362346011934,5
TRIAP1,0.18502297990094838,3
HADHB,0.1849947058665777,2
EIF1B,0.1849722935954289,3
CORO2A,0.1843346405465088,5
CXXC1,0.18413157607879857,4
LSM6,0.1841124681990925,5
RELA,0.1835420897519365,7
SKIV2L,0.18346554058687872,3
CRKL,0.1833513606129624,5
TIMM10,0.18311958792713082,4
MAST4,0.18278229273509597,6
ZBTB43,0.18241769320631177,5
TUBE1,0.18234415229363107,5
CD82,0.1818746603859254,5
NADK2,0.18106278133620093,7
NELFA,0.18090153826644742,6
RP11-1149O23.3,0.18046920356786733,5
NDUFAF6,0.1804602188651173,5
MCAM,0.18018463368390425,5
MAGED1,0.18003481780201566,4
SLC1A5,0.1799239620061136,3
PSMG1,0.1797555269243228,5
PAPSS1,0.17966842452087115,5
LRRC1,0.17915062221211775,4
PHLDA1,0.1788414973642555,6
U2AF1L4,0.1788215171939324,6
TRAPPC5,0.17815752378080896,4
TCOF1,0.1776336548872981,4
C1orf106,0.17757760759956662,6
PLEKHA2,0.17753590469359284,6
TTC9C,0.17725699424416885,5
ACTR6,0.17706813423996956,4
ZC3H14,0.17660698340382947,5
HHLA3,0.17659152156605817,4
ADORA2B,0.17645469373390993,6
PDIA5,0.17606132032873198,5
KIAA0226,0.1758659710340441,3
ATR,0.1757808797295834,4
INHBB,0.17570502519713152,6
RNF24,0.17561291618556465,6
IRAK2,0.17529978364286583,4
COQ7,0.1751189013630132,4
RP11-1017G21.4,0.17501986419288057,7
POLR3G,0.17481643242835193,5
ZFAND5,0.17469641590578885,4
POLD4,0.17425676336162185,5
TIMM10B,0.174190899507612,3
DHRS7B,0.17390395604313158,3
LMBRD1,0.1733957413962364,4
FAF1,0.17307778319412565,5
MRPS14,0.1729311198086891,2
KAT7,0.17288092876828126,6
AHCY,0.1728660622908615,4
TRAPPC2P1,0.1724836810573054,4
AL035252.1,0.17219883785771403,4
LSM10,0.17190524841191457,6
RP11-395B7.7,0.1718737288028228,5
CNN3,0.17164192343707857,7
DCLRE1C,0.17146067416033264,4
EBAG9,0.17136082576029066,5
GART,0.17135143154746524,2
ARL17B,0.1713391456182516,5
RP11-31F15.2,0.17104715463189632,4
CD2BP2,0.170943711830928,7
MTFMT,0.17090449606975816,6
SLC37A2,0.17083443052990632,5
PIF1,0.17037991200503305,6
CTSD,0.17010554850376114,4
PIR,0.17007010203666584,1
LRRC42,0.1699886092108855,6
JKAMP,0.16963999387454468,4
MED29,0.1696061840343873,4
CISD3,0.1694930756976295,4
DFNA5,0.16943722876369752,5
CCDC167,0.1692656879254451,3
RPF2,0.1691571377591784,3
FANCD2,0.16865670625550236,4
COG4,0.16848675507420927,5
RP11-316M1.12,0.16822516563074835,5
HLA-A,0.16822353596400821,4
NUSAP1,0.16811310366672322,6
NSMCE2,0.1679756780205819,4
LAS1L,0.1679429178790907,4
EPB41L4A-AS1,0.16786302185100288,4
ME2,0.16782658487257715,4
RNH1,0.16768328783934497,6
PLEKHB2,0.1676454759847286,3
TTN-AS1,0.1675712897469395,6
P4HA2,0.16753490292762752,6
RP11-488L18.10,0.16737523730884302,5
TGIF2,0.16704060263468887,5
NUF2,0.1669922502262026,7
MROH6,0.16681539384620653,4
NXN,0.16676458344126444,5
UCKL1,0.16672762929186574,5
RP11-802E16.3,0.1664692836506926,6
CETN3,0.1662085791126254,6
TM2D3,0.166082538831734,6
DAPK1,0.1659801093456409,3
ABCD4,0.16597580445989332,5
LUZP6,0.16578580293632844,3
TBCB,0.16568852882526433,4
ECSIT,0.16535759096056515,6
ALDH7A1,0.16521141428487496,5
ERVK3-1,0.16511641140462396,6
ABR,0.16484048949882957,5
LCOR,0.16453664310518215,4
RABEPK,0.1642933065798883,6
CASP3,0.16422261981159364,5
MYCBP,0.16422144698335445,3
ATG3,0.16397209549132633,6
IFNAR1,0.16394796576657858,5
CREB3,0.16390933687396514,5
CYSTM1,0.16360740058897938,4
CKS1B,0.16332066897363604,4
FAM50A,0.16329205701105934,4
SNX8,0.16319154369716973,6
ARIH1,0.16316767344847646,5
SMC4,0.1629224951423089,2
NEK2,0.1626926922941563,6
TROAP,0.16250186462650218,5
UQCRFS1,0.1622409047109176,7
AC061975.1,0.16216044632102522,4
TSEN34,0.1620530420610797,6
HRSP12,0.16204802033017351,3
CDK2AP1,0.1620406200435274,4
TLK2,0.16144863813557694,4
SFXN4,0.16112484955612702,5
FANCI,0.16112072127045174,4
ZNF587B,0.16075190859110686,5
POLE4,0.16042225985841443,6
NT5C3A,0.16009311523541142,4
OSTM1,0.15988495970055783,4
TOM1L1,0.15981372216133,5
DDRGK1,0.15980270385248693,5
EXOC6,0.15971748739444375,4
UPF3A,0.15971370351778258,6
CCDC58,0.15965566666563363,5
SHKBP1,0.15965349510173393,5
ACSL5,0.15946262615967324,4
TEX30,0.1594191098967772,6
BAG6,0.15933715828850595,7
KCTD10,0.15902072150069563,5
CDK7,0.15888622268819289,2
C4orf27,0.15821936361122146,1
NPAS2,0.1581351294803806,6
RNF14,0.1580342005777136,6
MSRB1,0.15791812842882633,6
ALG8,0.1576798511644394,4
HDGFRP3,0.1571954719317257,5
TAMM41,0.15714416291615116,5
CIDECP,0.15683118777719893,6
FTSJ2,0.15680931109170138,6
EPS15,0.1567653834671862,5
RWDD2B,0.15667243456395666,5
MPP3,0.15657655540888002,5
ZSWIM7,0.15647612133783376,7
MZT2A,0.15638798218804173,6
RAC2,0.15638542535562594,5
IFT27,0.15597384869484524,8
PEF1,0.15580795135037423,5
B3GNT7,0.15580626433253456,5
RFC4,0.15558895969998388,4
ZC3H18,0.15553257821831204,6
FIG4,0.1554760620758113,6
POLG,0.1554348156420415,5
TM4SF1,0.15538748091431584,5
SAFB2,0.15526512536742693,3
MAPKAPK3,0.15461836623987613,6
RP5-1113E3.3,0.15454844363069262,6
USP24,0.15452253695222687,7
PAPD4,0.1544200538022813,6
CHD9,0.15432211772808613,5
RIT1,0.1542317380775959,5
VPS28,0.15418524886729806,3
CFLAR,0.15402158292400972,5
TBRG4,0.15395686434509093,4
EPS8,0.1538910712254361,4
CYB5D2,0.15363319009382898,8
ZNF160,0.1535776532726415,6
RP11-473I1.10,0.15354863483492698,7
PDXDC1,0.15350094906314896,4
ENPP1,0.15344448021939344,4
EAF1,0.15339933797509928,4
EXOC3,0.15328388242410335,4
ADAM19,0.15295907043163473,6
BHLHE41,0.15254594496294097,5
ARF5,0.15228382489268594,4
TTK,0.15219313578224497,5
POLDIP2,0.15202750350734667,3
AGO1,0.15200561355587153,6
RPAP2,0.1519396596755869,4
GADD45GIP1,0.15189518955774267,3
NUPL2,0.15187486046818133,3
TCF12,0.15184013854666106,6
IFRD1,0.1517684343462826,6
LYRM7,0.1516512286520532,7
CALM3,0.1515218192897905,6
ZNF284,0.15097665738185387,3
SURF1,0.15095996814094395,5
HKDC1,0.15044869087137586,6
MMS22L,0.150132450898857,5
CARS,0.15004591626054486,6
NT5DC2,0.14983267765671388,5
FAM98A,0.1496927879193182,4
DDX39A,0.14952525336856867,5
PRPF38A,0.14950089721544774,3
TBCD,0.14940595235892784,6
AC119673.1,0.1490495590464094,4
MTF2,0.14900668664109032,4
RNU4ATAC,0.1489387438978044,5
RNF13,0.14892605942465734,8
NFATC2IP,0.1488870868837136,5
ARSB,0.14884509745966656,5
LINC00998,0.14881388186814948,8
ITFG1,0.14864603885659555,6
CD58,0.14863203348390658,5
ABCA1,0.1485351660291774,4
PRPF31,0.1483853120669355,3
TM4SF19,0.14808192137972398,7
FAM64A,0.1480657173199983,3
ID1,0.14781004344942902,5
EIF2B3,0.1477099393275156,3
HACL1,0.14764398869601883,6
PVT1,0.14741040847073233,5
SPAG5,0.1473103835702631,5
TNFAIP2,0.1472079291523595,1
KRT81,0.14709702430602278,5
LPIN1,0.14678357471931278,4
INSR,0.14666579616022726,5
MBP,0.14653826234289183,6
HUS1,0.14646599088290563,5
DDAH1,0.14628481502026924,7
TULP4,0.14621554133505515,6
PPM1A,0.14594745924817606,3
ABLIM1,0.1457225854410556,4
APITD1,0.14561017694919998,5
OXA1L,0.14553504363633304,6
SPR,0.14532546836561083,5
SLC16A4,0.14526404665519155,5
IRF6,0.14491325228625768,4
TSKU,0.14488583598526578,6
NFYC,0.14487840719229278,6
PKN1,0.14482763553867928,4
RP1-313I6.12,0.14471976568979833,3
CTB-12A17.3,0.1446670755482887,5
ZNF286A,0.1446316125380621,4
GRAMD3,0.14459971778725889,4
MRPL17,0.1443754349320004,5
GM2A,0.1442345826304751,3
GSK3B,0.1441859448126203,5
CTB-43P18.1,0.14337322327038776,5
HYI,0.14325612608772129,7
PLSCR1,0.14318690405222192,5
TRIM26,0.14305549084646105,5
GLUL,0.14294901622513928,4
DTWD1,0.1428791312629689,3
ASNS,0.14285399168465227,4
SRPR,0.1424584362462168,4
CHEK1,0.14218706042723683,6
ILK,0.1421837780814342,4
DBNDD2,0.14208340259411345,2
RBM22,0.1418930493729331,6
TUFT1,0.14188704955751247,7
C19orf10,0.1418328213221986,4
AKAP10,0.1418156252656837,6
TOP2A,0.14180464390448325,3
RFC2,0.1417406915468155,2
AC139149.1,0.14168641338117868,5
GOLT1B,0.14146789800753737,3
PIGF,0.14144295795875692,4
TNFRSF10B,0.14142028725725028,5
PARN,0.14141309233133742,6
FBXO32,0.14133321071959182,4
AGFG1,0.1411668324190103,5
HBEGF,0.14115779099491782,5
ZNF587,0.14106953988143708,5
MIR3198-2,0.1410546170028811,4
ZNF562,0.1410429881130038,6
SLC25A32,0.14100481811628332,6
ARPC5L,0.14093690226216557,9
UBE4B,0.1409341226672753,6
DIABLO,0.14075436799188995,6
ECE2,0.14053590710748134,3
TBP,0.14053404181196552,3
KBTBD2,0.14049104430028372,6
ERCC4,0.14044505080480052,4
TRAM1,0.14031144212168908,3
OMA1,0.14010858647523494,5
TRIM59,0.13988270406210795,4
HMGA2,0.13966022516448903,4
CYP27C1,0.1395799032256668,6
SLC12A8,0.13952394480797659,5
SLMAP,0.13951207310349173,3
TBC1D15,0.1394074898942324,7
SLPI,0.13929556095935114,3
CCDC84,0.1392278684284924,5
UBE3A,0.1388080146690236,6
PYURF,0.1387974723950039,4
CTD-2301A4.3,0.13878897916241426,4
NARF,0.13865614343441443,5
ISYNA1,0.13859361229098305,4
PPP2R5A,0.13853855366052795,7
FBXL18,0.1385367171634634,5
CTCF,0.13845446257815613,6
TDP2,0.13841027230032793,5
NGDN,0.13840646995471315,4
TRMT61B,0.1382939778681306,4
ABL2,0.1382877782627647,4
FBXO21,0.1381723876673198,4
KIAA1524,0.13814319676857972,4
WRB,0.13788998397302274,4
SGCE,0.13786567913760553,6
STXBP3,0.13778313893013727,5
ATP5S,0.1375821136432171,6
EIF3J,0.13747264276737217,5
CPSF1,0.13724217847765083,6
UBE2K,0.13719053792478234,3
ADD1,0.13717605907496166,4
SCFD1,0.13690457819019297,4
UROS,0.13687965063896781,6
SLC30A7,0.13681064577489266,4
ITGB4,0.13673805573725126,5
MCM9,0.13654287906193321,5
FAF2,0.13644919870346955,4
PFN2,0.1363556953226071,5
PRKAG1,0.1363034812074407,4
ZNF330,0.13611143439972617,3
NOC2L,0.13609814772551174,5
MED13,0.13604980326217087,5
PIGK,0.1360036516920527,4
CREBZF,0.13595031038347483,3
TMEM256,0.13593656542454968,3
OVCA2,0.13590323507779686,5
MYL6B,0.13581279966148355,4
ARL4A,0.13570478530347213,4
IL10RB,0.1356879028114074,5
NCAPH,0.13561221530332718,5
USP48,0.13539338425669883,6
JMJD1C,0.13538082475106028,5
LRCH3,0.13536010631387896,4
ANKRD39,0.13529278493858884,6
TUSC3,0.1352827033363532,4
FOPNL,0.13523059312309735,5
STXBP2,0.13512090125366058,5
RP11-532F12.5,0.13496875466040142,5
DDX24,0.13490240839885556,4
EAF1-AS1,0.13484449744016114,2
MED21,0.13483587423812826,5
AF129408.17,0.13462262956418775,4
DUSP10,0.1345973438722902,5
FBXO5,0.1345060123250662,5
SESTD1,0.134412413741384,5
CCNH,0.13438609506580795,4
CCDC18,0.13432689667393402,7
CHMP4A,0.13425905249786202,4
MYO5A,0.13420040774206402,4
MYO9B,0.13405586798801575,6
KRT6B,0.1339775981774659,4
VKORC1L1,0.133917388909538,5
CCDC25,0.1338810077170066,6
UBE2J1,0.13368308261902875,8
ICT1,0.1336415014607374,6
TBC1D9B,0.1335297021008417,6
PCCB,0.13348697546207372,4
DHX29,0.13343496391183757,4
CCDC91,0.13339212370053544,3
PSMD5,0.13318370726191478,2
C5orf22,0.13299584620295896,6
C17orf75,0.13281545987169838,2
WDR53,0.13279622161243732,7
CPNE8,0.1327565859861522,4
PSMB8,0.1325869123175463,4
FOXRED1,0.1325216473001731,5
NABP2,0.1325016661509849,4
ATP6V1C1,0.13245536907869992,3
BCAP29,0.13242500183992933,4
CHP1,0.13237718419027494,4
NIF3L1,0.13218795390006993,5
COMMD2,0.1321549143044556,5
TRIM29,0.13202946152822098,2
SLC39A6,0.13160434842358557,6
RCE1,0.13159728271594467,6
DLAT,0.1313564443783084,6
PIGU,0.13129772836937836,7
RAD51AP1,0.13124656112079103,5
CBY1,0.1311207229078954,6
MAPK3,0.13072524300105456,6
SLC2A1,0.13067304628162787,5
MCM3,0.13062705197073676,3
CTB-191K22.5,0.13051276026111458,5
SH3YL1,0.13041760078169473,4
SLC39A1,0.1302696926544135,6
MYNN,0.13021222215935133,4
POLR1C,0.13014634389644897,3
MTFR2,0.12993658180612322,5
GSE1,0.12968787617512584,6
ESCO1,0.12960231991029644,5
VSIG10,0.12958390433450437,4
CERS5,0.1295723725829304,6
TUBA1B,0.1295484879238891,4
EXOSC4,0.12937592411852364,5
KIAA1191,0.12937543189492334,5
ANKLE2,0.12935500035113753,5
RP11-488P3.1,0.1293317144616957,5
APOO,0.1293295648443917,8
CHRNB1,0.1292968712484349,5
RNF8,0.1292470421109062,5
ANKRD10,0.12924588333333606,6
SNX4,0.1291929843692178,9
RPP38,0.12906327111778168,4
MRPL9,0.1290145473012902,5
FAM120AOS,0.12888463790237487,6
CWC27,0.12873664417116726,4
SOX15,0.1286411355633251,8
PSMD10,0.12852966008449132,1
AL358113.1,0.12843115248389897,2
CHORDC1,0.1284311385682956,4
RPS6KA3,0.12842715064385268,6
TTC17,0.1283570719978456,3
MIS18A,0.12827441911004042,4
HERPUD2,0.12822126304622417,6
MAN1A2,0.12811019207250524,4
PRSS23,0.12800196208485734,5
DDX50,0.1275747380875706,6
SLC38A6,0.1274832319381197,4
NT5DC3,0.12746195500831523,4
EXOSC7,0.12725805774288815,6
ST3GAL6,0.1270407197500349,6
GLRX,0.12698567203241662,3
C8orf33,0.12690511122435896,4
MBNL1,0.12680586215112571,6
TMEM214,0.126794575723959,5
SEC61A1,0.12663532553438947,5
GAN,0.1266252452041225,5
RP11-626G11.3,0.1265956606561818,6
PDGFC,0.1265778790259524,4
PTP4A1,0.12645957743875547,4
RBPJ,0.12636464178617499,4
ARFGEF1,0.12634450165862418,5
STK17A,0.12621059515135183,6
RALGPS2,0.1261533449880016,7
IL8,0.12606168799235004,6
GCDH,0.12606077357530124,6
RP11-63M22.2,0.12603926899760895,6
RHNO1,0.12595819806968267,5
CTD-2328D6.1,0.12590463259053142,4
CAMTA1,0.12583755636584018,4
C19orf33,0.12582519365362632,3
RP5-821D11.7,0.12573311388972142,3
ACAA2,0.12571206365213272,6
ARAP1-AS1,0.1256635003046288,5
SAV1,0.12551567871801514,6
KIAA1841,0.12548259463056424,5
TEX10,0.12540376824018068,6
LTBP2,0.12532293503562428,6
STRA6,0.1253186914195083,4
OCLN,0.12524887791397232,5
WDR43,0.12520849772501105,5
RP11-1100L3.7,0.1250274197300722,5
GRPEL1,0.12500283164350434,4
CRYZ,0.12483812966016272,3
MECOM,0.1248230251219035,4
RP5-1085F17.3,0.12477409900496358,5
RPL23AP7,0.12468743313767681,5
EFTUD2,0.12458443418132838,4
SGOL2,0.12458103198909859,5
NABP1,0.1244649410502469,6
CDK5RAP1,0.1242944478280153,5
DMD,0.12429410089398821,6
SNAP23,0.12424277233040863,5
VPS8,0.1242380018825428,7
PTTG1IP,0.124021844404073,6
HPCAL1,0.12393198073786552,3
SPTY2D1,0.1238720715131586,3
RBM48,0.12356858431888264,4
CRISPLD2,0.1235160410273648,5
MOSPD2,0.12345394721019269,5
HMGN4,0.123421081703306,6
PPIL2,0.12327303718953389,5
SKIV2L2,0.12310288568017853,5
FAM84B,0.12303454069646926,5
NSUN2,0.12299168804609183,4
TSNAX,0.12287542726747988,4
ODC1,0.12270086975063388,5
SLC43A3,0.1225887299505784,6
NGLY1,0.12252641911645953,6
STAT2,0.12248218172363583,3
WDR82,0.12240851213327802,5
KMT2E,0.12233892295255314,7
DPYSL2,0.12232815999521403,3
WDFY1,0.1222517940998421,5
CTSB,0.12183705199457791,4
CTC-365E16.1,0.12168253505423789,6
EHMT2,0.12160215344388098,5
FAM73A,0.12155420304688114,4
ALDH6A1,0.12153727381302382,4
FAM104A,0.12149388335843168,5
TCF3,0.12142206213799528,5
RP11-611O2.5,0.12135964743618301,6
MAP2K1,0.12133897415525648,3
TMEM63A,0.12130093904573504,5
POLR2C,0.12116639036573072,5
EXOSC8,0.1209848750382898,2
PHKB,0.12089492668190971,7
NELFE,0.12088820981308036,4
MIS18BP1,0.12068565692049439,7
POLR2B,0.12067532040000145,4
SKA2,0.12060400034342031,4
MRPL10,0.12049941591745301,5
SNX29,0.12047845051647948,6
C6orf132,0.12044091955568817,5
COMMD3,0.120410068109688,4
MLLT6,0.12025874684438877,6
SH3KBP1,0.12007492166726175,5
VRK3,0.12004358627936723,4
NSRP1,0.12002215072525499,3
PRKCA,0.11997696589472304,5
LAMTOR3,0.1198705871575942,5
ACOT9,0.11979480389083881,2
RABL5,0.11969638996128311,5
RFC5,0.11964871054334712,4
AP1S3,0.11960728111108769,2
RRM2,0.1195442949572023,4
LYRM2,0.11936622114796562,5
PARG,0.11935134965005641,4
GMFB,0.1193338893238422,1
COL18A1,0.11931736733866342,4
ZFAND1,0.11920519669639211,5
ATL3,0.11910955137582874,5
HECTD1,0.11907449205886533,5
DCTN1,0.11894988984660781,5
RBM41,0.11887400935934442,3
ENOPH1,0.1188536480421307,6
VPS36,0.11875806584454648,3
SNAPC1,0.11872792456164556,5
TFB1M,0.11857175076359969,4
PIK3R3,0.11856587606958029,5
RMDN1,0.11851857371966994,4
NUTM2A-AS1,0.11848153779247411,5
DAK,0.1184137588370649,4
LPCAT3,0.11841306613076132,3
MAP7D1,0.11833400014134968,3
CRYZL1,0.11829203593727101,6
CLK2,0.11826298619966,8
RP11-325O24.2,0.11813022478891051,4
CD320,0.11812520934818042,3
ERCC3,0.11797493839267195,5
AC104841.2,0.11776657006619917,4
FOSL1,0.11761658708403676,4
C19orf60,0.1175603209013766,4
NKTR,0.11748193299196454,4
LPIN3,0.11737672266344702,3
RP11-334E6.10,0.1173169605696104,6
TMEM219,0.11731070054535353,4
SHOC2,0.11725122728444566,3
EEA1,0.1171885435171912,6
KYNU,0.11713736789196051,2
DHX16,0.11697697508790178,5
DEF8,0.11685066446710539,5
MYO19,0.11682679439977285,5
ZNF292,0.11681223194342447,6
GALNT10,0.11664350099053718,4
C19orf48,0.11660948830802673,6
PSPH,0.11656802019684773,3
THUMPD1,0.11655587514543049,3
SLC35G2,0.11643008896237306,6
EXOSC3,0.11630365297652505,4
F2RL1,0.11626867869759977,5
TUBB6,0.11614192299836333,4
FLOT2,0.11609012159093468,4
LAP3,0.11606119451677448,7
GDF15,0.1159604469718857,4
SHARPIN,0.11593613303275796,5
TJP1,0.11590970932464198,3
CCNDBP1,0.11590671556972047,4
C9orf114,0.11582582981507987,6
SMIM11,0.11581468165370508,4
DBF4,0.1158125847890155,6
PVRL2,0.11581165348126275,4
STEAP3,0.11580976707345907,4
ZNF783,0.11577190455663183,3
AIG1,0.11576727494706257,3
UBE2F,0.11570082237031429,4
INPP5B,0.11562940141323001,5
RP11-303E16.2,0.11562571125430633,5
CHAC2,0.1156150301928977,6
TMEM106C,0.11556852907070092,4
RP11-138A9.2,0.11556423649658257,4
NUDT3,0.11554032744982683,4
BLOC1S1,0.11553114212723568,5
ITFG2,0.11552931785504475,3
TSPAN31,0.11552398399167006,4
DOCK9,0.11543375141883674,6
PHC2,0.11538566546745263,7
THG1L,0.11519708890691685,6
DDX19B,0.11503181070139577,5
FECH,0.11488098687273576,6
ZNF7,0.11481531828986981,5
CKS2,0.11472906897350904,3
C15orf48,0.11468868397808371,5
KLF10,0.11468628887766968,4
MRPL47,0.11455169361641664,4
FADS1,0.11453939690431575,4
FAM114A1,0.11441616496547108,7
DCAF13,0.11440930651345256,4
PARD3,0.1143677809615512,5
FBXO45,0.11435292545474042,6
MAPKAP1,0.11433951115789902,7
CKAP2,0.11429315351964071,4
PDCD4,0.114265601505612,5
ANLN,0.11420921443387207,5
ACAA1,0.1141999139888344,5
COX11,0.11417851519228953,5
MZT1,0.1141136667951275,4
GPRC5B,0.1139584262715613,4
PPME1,0.11385058127210512,5
ZFP91,0.11360198476798607,4
EARS2,0.11357240868163057,5
ENTPD6,0.1135320289285701,6
NECAP1,0.11352742351110744,5
ASNSD1,0.11350560799403185,6
RNPEP,0.11349213083105562,4
CASC4,0.11346214345265461,5
ZMYM6NB,0.113365878422637,3
NKX3-1,0.1131866250375621,5
ORAOV1,0.11313369078911671,6
LETM1,0.1131313777137947,3
OFD1,0.11304114817136171,5
VPS33A,0.1129830073181459,6
DCUN1D4,0.11274959893333807,5
UTP18,0.11271583553853012,6
CTTNBP2NL,0.11266790485921205,6
AHI1,0.11261736124375053,4
TUBG1,0.11260359846196673,5
SOX7,0.11252310298980735,4
IST1,0.1125212521975613,5
CENPA,0.11239407821180451,5
CDCA5,0.11235223827308258,5
AC004447.2,0.11217653115762403,4
GPN3,0.11213689357844522,4
TMEM66,0.1121223438593825,5
CD68,0.1120206282813765,5
PPIE,0.11197016689515821,3
MAPK12,0.11195813836319726,5
CHCHD7,0.11191637542241918,6
AC004257.3,0.11186066556252401,6
MRFAP1,0.11183584195930477,6
PPP2R2A,0.11175541809044598,6
PBK,0.1117529163026725,5
AAED1,0.11170951763572544,3
PMM1,0.11170724912873582,3
PPIL4,0.11160415844619627,5
HMBS,0.11159810552989247,6
NADSYN1,0.11158264810093213,4
ZNF720,0.11155485583022935,5
SUGP2,0.1115333047088152,6
RP11-296I10.3,0.11151982743331935,3
SFSWAP,0.11145181449111827,6
ACBD3,0.11144045926135619,5
AC011558.5,0.1114083723496392,4
LSM1,0.1113383596982605,4
AL590762.1,0.1112262353765542,4
CKLF,0.11108670132819806,6
RP11-256P1.1,0.11095118447772048,5
SNUPN,0.11091749937281653,5
UBE2E1,0.11090980942540114,5
TLE1,0.11082921879821514,6
GNL2,0.1108152768406147,4
UFD1L,0.11076734739173524,6
RC3H2,0.11056191663060373,5
ASCC3,0.11053670329328806,2
PSMD9,0.11052337510690718,2
ANAPC15,0.11050848437654927,5
KANSL1,0.11032764231167112,5
CENPF,0.11028621694210838,4
RAD54B,0.11024727853442859,6
RNASEH2A,0.11021931772833388,5
SKA1,0.11021110220301318,5
YIPF4,0.11012037454540273,3
WDR77,0.11007723888832013,3
SMIM14,0.11002392647608866,6
NME2,0.1100150080746498,4
NOL10,0.10997970425294161,3
ACACA,0.10993498969264001,5
KLC1,0.1099242502897103,5
EIF2AK2,0.10990649653778176,5
TERF1,0.10989454760585161,1
SMAGP,0.10987473132092622,4
TANK,0.10982074928553107,4
ZNHIT3,0.10981996361307993,5
SYNGR2,0.10975479924049428,4
TMEM192,0.10972482297156765,5
SLC20A1,0.10971302640139302,3
HMGN3,0.10960688977602769,3
PPID,0.10955820793890253,3
GTF2A2,0.10951765445700848,3
CLDN12,0.10949928525700182,3
GALE,0.10949899860385706,3
WRNIP1,0.10948078358696871,6
AC008865.1,0.10944841656813974,3
TMEM139,0.10941462653753517,6
NUPL1,0.10923376321412284,5
TFDP1,0.10922734934611979,6
NCAPD2,0.10907049213141501,4
HLTF,0.10906773902268488,4
PPIL1,0.10905987825017485,4
CDC23,0.10898488301162808,6
PAM,0.108957965633083,5
SNRNP35,0.10893440467908093,3
EPHX3,0.10890410354385147,4
KIAA1598,0.1088579487031459,3
MRPS34,0.1087657227265965,5
MMS19,0.10866535234455489,4
GOLM1,0.10864027252875118,4
ZCCHC6,0.10861443598099972,4
AP3D1,0.10858893204850915,5
CEPT1,0.10848548981064468,6
FBXO11,0.1084083915826082,5
EPB41L2,0.10840335075319862,5
CUL1,0.1083570345975917,5
DPM2,0.10834740699384467,5
SFT2D1,0.10828351247039601,5
ARHGAP17,0.10825436578875298,6
SUCLA2,0.1082128949413091,4
CENPV,0.10814498189180793,4
MPC2,0.10807970709149842,5
SPRR1A,0.10806616289931043,5
URI1,0.108002132223029,5
ABCB7,0.10795111702492735,2
ARL6IP4,0.10791012618993549,6
TBC1D7,0.10782579921579699,3
HDAC9,0.1078181471083134,3
HIF1A,0.10781254059062038,3
C16orf13,0.10776724250728024,5
DHX30,0.10771477171842474,4
DDX56,0.10761512229517255,6
CPSF3L,0.10760031166020503,5
PPARG,0.10759646928921321,5
RPA3-AS1,0.10739976462885145,4
WDR4,0.10737648537150843,5
PSMC1,0.10731650254640687,5
SNX14,0.10725324930325368,4
MPHOSPH10,0.10721081481115873,5
FLII,0.10719629294246025,5
PADI4,0.10709084211991934,4
SNX2,0.10705668047306666,5
CLK1,0.10699376944779268,5
CEP250,0.10686819409297964,6
ATP1B3,0.10684827142632378,4
RSU1,0.10676750458998556,6
HEATR5A,0.1067357203350827,4
ZFP36L2,0.10660035892815285,5
FOXQ1,0.10655107195133012,3
FERMT1,0.10646376373832402,4
HCG18,0.10640777589980205,6
CNOT11,0.10640673259321891,5
ERCC5,0.10640612997518131,5
MRPL38,0.10638732671253492,6
SMEK1,0.10623705711988157,7
PSIP1,0.10612795731412886,6
C12orf57,0.10612700602424009,5
ADRM1,0.10612014350653597,5
PCYT1A,0.10607201330692588,4
DALRD3,0.10606226770080092,5
NHSL1,0.10604019591057408,5
HEXB,0.10601621997255326,5
TM9SF3,0.10589827289576303,6
C9orf78,0.10585597463023041,6
RAB3GAP1,0.10582390991180217,2
INTS7,0.10580113279438827,5
MKI67,0.10577728295446094,3
CEP350,0.10576991466552894,5
GUK1,0.1057044442913826,4
F3,0.10570279192462385,2
ZNF791,0.10565861591648248,5
SNX5,0.10556242845867769,3
MAOA,0.10555786144335504,6
HSPE1-MOB4,0.10553947817078133,6
DNMBP,0.10552422481465944,6
RAB25,0.10536176362740858,5
THBD,0.10531092985155646,5
TMEM138,0.10529463924616046,4
AKR1A1,0.10527186461673257,4
EHF,0.10526441481317239,4
SMCHD1,0.10516000112356988,4
IDH3B,0.10515105129873834,5
FSTL1,0.10512715860513816,3
RFXANK,0.10512019173970195,5
RP11-110I1.6,0.10510967683256442,4
MCM5,0.10503079932963083,5
SUPT5H,0.10496582194352823,7
C16orf80,0.1049037557488157,5
TRUB2,0.10485291878097139,6
C5orf28,0.10479359963025896,5
WIPI2,0.1047416718503501,5
PTGIS,0.10472795278702252,4
CHCHD10,0.10472123013974136,5
LYRM1,0.10470365963601912,5
C5orf45,0.10461415234110433,5
CTD-2510F5.4,0.1045719859523711,4
FBXO7,0.10454661336373001,6
EIF2B4,0.10450079374142292,5
PDCD11,0.10449838430291988,7
NAA10,0.10447820461907628,5
SMIM15,0.10441020524198101,7
ATP2C2,0.10440482013907187,6
HM13,0.10438356515695717,6
NUBP2,0.1043833243960278,5
SHMT2,0.10438071487510106,4
ZNF511,0.10437408643204633,6
SLC48A1,0.10432653241709329,3
RRM1,0.10430763052021604,3
SNAPC5,0.10428519787933634,7
KRT15,0.10425694729882456,4
NETO2,0.10424959517785007,5
MEAF6,0.10420754094181457,6
GABPB1,0.10418894362815778,5
YPEL5,0.1041600129006714,5
RNF26,0.10415915613002281,4
EXOSC10,0.10412833074006425,7
DPP8,0.10410359924926307,6
DUSP6,0.10403595531094006,6
POLR3H,0.10392825827361762,5
KRIT1,0.10392034319027696,6
DENND4C,0.10384190599449984,7
SPDL1,0.10374048330279464,3
PLOD3,0.10365581131925004,6
EAPP,0.10364524135952274,7
SOX4,0.10364245951575259,5
SOAT1,0.10357122761119159,6
TUBB4B,0.10350813882697674,4
SFXN1,0.10349806372321987,4
NFYB,0.10341584871707787,5
SAP30L,0.10332873874019069,5
MAL2,0.10313015874508703,5
UBE2D4,0.10301582635265258,4
FAM136A,0.10293309275113821,5
NDUFAF4,0.10291912164593904,5
RAB21,0.10291681483821409,5
ACD,0.1028338817140098,4
MBD2,0.1028197075976956,6
NDFIP2,0.10280900451474514,4
HS6ST2,0.10275171626007161,5
MPHOSPH6,0.1027365483229804,3
ZNF267,0.10265627184447103,5
CIZ1,0.10256840222019414,5
CNDP2,0.102440195532762,5
BBS7,0.10229295347877483,5
PGRMC1,0.10225287705426957,5
CBR1,0.10222746392022432,4
THUMPD3,0.1022109060606153,6
ETHE1,0.10217796713610854,7
PTRHD1,0.10208688561716456,4
RSPH3,0.10207323586115573,5
LAMA3,0.10205257857859835,6
ATAD5,0.10200095961978363,5
CWF19L1,0.10194750815982287,5
KRTCAP3,0.10193277235237214,5
IDH3G,0.1017197611952381,5
C11orf24,0.10171229567388607,5
TIAL1,0.10166100854893453,6
C3orf14,0.10166029731377002,5
PAFAH1B1,0.10162442551462673,5
RPA1,0.1015929817835705,4
VANGL1,0.10158843706411086,4
MUC16,0.10154374276150337,5
IP6K2,0.10151390508179538,4
MELK,0.10150489075028303,5
CHMP4C,0.10142699834930716,4
C6orf62,0.10138641897208749,3
PHF23,0.10129052250639717,5
KIF22,0.10098395110643696,3
PPP2R3A,0.1008815645991872,7
SGMS1,0.10088049541945256,3
PSRC1,0.10084467064162185,6
PAPL,0.10080052076770568,5
HBS1L,0.10070476709916917,3
NCAPD3,0.10066179788469908,5
DYRK4,0.10053624103014204,7
LDLR,0.10047054799707379,3
NCAPG,0.10039146689499628,5
COPG1,0.10038998019859524,5
ITPA,0.1003406605587923,5
SLC15A1,0.10030789701422602,4
ZWINT,0.10030759519712047,4
COPS4,0.10028751328326892,3
GALK2,0.10023923153574547,5
ING5,0.10020115036462175,5
PER2,0.10016886450596668,6
NME4,0.10016669982625426,5
TMEM50B,0.09999080816998482,5
CDC123,0.09997434282950299,4
SOWAHC,0.09988239965543405,5
WARS,0.09984815244686109,5
PSAT1,0.09983030618435629,7
ZFX,0.09973822374680343,6
ARAP1,0.09970354526891029,6
PPIH,0.0997008021342748,5
ARHGAP27,0.09955606582180347,5
SPP1,0.09950718140082951,3
PMS1,0.09928775821849246,5
LRRFIP2,0.09925356740874686,5
VRK2,0.0992444528577436,5
DNAJC25,0.09922765209428426,7
PI4KB,0.09919809928814019,5
PEX19,0.0991729198797365,8
EMC2,0.09905771010923539,4
LBR,0.09903190178458866,5
FAM171B,0.09887966102742464,4
AKR1C1,0.09868691664162076,4
AP3S2,0.09866717536972341,5
WBP2,0.09865334388082181,4
CENPN,0.09862811847316488,5
SRPRB,0.098598189550882,4
MTG1,0.09846920886488836,4
LUCAT1,0.09843758369262982,5
CCDC41,0.09842612707090916,6
BCAT1,0.09840188962471917,5
LSM7,0.09838981670189063,5
CEP63,0.09836691179262183,4
POU2F1,0.09834999974686293,5
PRMT2,0.09833499898146543,3
IFNGR2,0.0982850521703888,7
LRP8,0.0982751558401525,6
COMT,0.09823688280868079,6
SERPINE1,0.0982217960314482,4
LEPREL4,0.09820242456222596,4
NTN4,0.09820075023033498,3
EI24,0.09815893331943368,4
MRI1,0.09814866548507059,4
RANBP1,0.0980297143287628,4
ELP3,0.09799550970272194,5
NUDT5,0.09794218488943905,5
NCF2,0.09791640521061835,5
ORAI2,0.09781191936538924,4
CCDC59,0.09780984280994164,3
TMEM41B,0.09769754654966209,3
PPFIBP1,0.09768697325269023,4
MRPL53,0.0976501477308351,3
SIPA1L1,0.097615237347751,5
TOP3A,0.0975685757540579,5
TM2D2,0.0975359235411082,4
TMEM109,0.09741162893868713,4
CDC6,0.0973765280602132,6
RP11-96D1.10,0.09735135549305723,6
TCEA2,0.09734775627417586,5
HLA-E,0.09733407796802912,4
NIP7,0.09728363716836846,5
TSPAN1,0.09721072983248168,5
OTUD6B,0.09715118408558883,5
AL358781.1,0.0969962098988568,7
MAP3K11,0.0969221952990513,6
RAMP1,0.09677469696833921,5
NFKBIB,0.09674941378322122,6
CMSS1,0.09670498480948694,4
SLC11A2,0.09655188151957597,4
LCMT1,0.09654313746697467,5
SAT2,0.09645887634706973,1
TAOK3,0.09644609637442747,6
OIP5,0.09639345530954228,4
ANKRD17,0.09630988642338333,6
PON2,0.09629035823069551,5
IL20RA,0.09628889014533833,4
MRPS18A,0.09627135787937156,5
RP3-508I15.18,0.09626276366735159,6
PIP4K2C,0.09623985306331787,7
TRIM13,0.09621435195521115,4
NUP85,0.09620468708220742,5
ADPRHL2,0.09618333664867605,6
CEP97,0.0961769881552902,5
DCP1A,0.09609910020658059,6
PTPMT1,0.0960890160595914,5
ALG14,0.09603461941322852,3
DUSP11,0.0960273188992696,3
DANCR,0.09598430131100007,4
RP11-386I14.4,0.09597173091788166,4
RP11-120K9.2,0.09596697532451166,6
DKK1,0.09586278722435489,4
PPAPDC1B,0.09583810865193299,3
THAP4,0.09581792606397385,6
BLOC1S2,0.09580368400699261,4
CLTB,0.09578431532918813,5
MAT2B,0.09576019670554285,5
FEN1,0.09575021740622067,4
HARS,0.09556075595916921,5
TARS2,0.0955460488425663,4
PIGH,0.09540965363562251,6
ITGA2,0.09530717531290883,4
CDC25C,0.09530145924468603,6
ARHGAP12,0.09526643195079192,2
PCM1,0.0952630090995452,5
BORA,0.09524061676744751,5
NMRAL1,0.0952376041296572,5
NUP88,0.09522994483371537,6
NOL11,0.09521869905279529,3
CDK13,0.09514132855577707,6
MAPRE1,0.09507158363306653,6
PISD,0.0950395727917724,4
REV1,0.09489415546943934,6
MSH6,0.09483319059215643,5
KIAA1429,0.09482133766890476,4
GCFC2,0.09477406975310661,5
PRPF4B,0.09477368307202244,4
CEP70,0.09476688497198692,3
ANKRD49,0.09472096209560676,5
TTC39C,0.09466591317169543,3
CCDC14,0.09463122174909984,7
PTPN4,0.0946298158252041,5
ODF2L,0.09460535674912063,2
UBE2D2,0.09448472226711807,6
RMND1,0.09446500700507626,5
ZBED5,0.09442990553553947,5
MEST,0.09441401301395316,4
CHCHD3,0.09431464643852525,4
NOL8,0.09427320992801061,4
RIMKLB,0.09426246646244975,4
MYO5C,0.0942059401386134,4
FBXO27,0.09418415049539813,5
PAAF1,0.09417692885429689,3
RNF7,0.09416391545487539,7
NEK9,0.0941373773823524,3
GMPPA,0.09411420032858717,5
ARAF,0.09407406949375906,5
TMEM54,0.09404146014070687,5
APMAP,0.0938751197721564,6
NPRL2,0.09380027017123224,6
NCBP1,0.09371854150339745,3
NOG,0.09369610175359584,6
BIRC2,0.09364565753256555,7
RSPRY1,0.09359539526349113,5
NDUFAF3,0.0935551625863404,3
SPOP,0.0935393272050691,5
DESI1,0.09345947640508077,5
TTC12,0.09343499380389783,7
HM13-IT1,0.09342240546509738,5
HECTD4,0.09336773122411333,4
SMC1A,0.0933050038930858,5
TOPBP1,0.09326327456041518,5
CENPK,0.09321629894511911,2
POLD3,0.0931792177918397,5
WDR3,0.09317349099862962,5
NUP214,0.09316922261973679,4
PARP6,0.09313920637292429,5
RAD51C,0.09311791163492883,5
IMP4,0.093089928669012,5
ILF3-AS1,0.0930376134536517,5
VPS4A,0.09301179353575934,7
MFSD5,0.09294100674118856,2
YES1,0.09284008558387694,3
KIF2C,0.09283010751999793,4
GNPAT,0.09280224872570336,4
LEPROTL1,0.09280208154727412,5
SENP2,0.09278953651108404,4
NUDT9,0.09277792266363297,5
FAT1,0.09266511825582671,5
ZNF165,0.09258440056521824,7
RPP30,0.09257338393950473,5
CAV1,0.0925390545552016,4
RP13-39P12.3,0.0925320781162036,4
AARSD1,0.09247530683355458,5
TRMT11,0.09242700308001474,4
ORC3,0.09238472959405875,7
SDCCAG3,0.09234355268668563,6
CHTOP,0.09226124360725432,6
SLCO4A1,0.09220906715230352,4
DCUN1D5,0.09218548450767707,5
PVR,0.09216084012964534,4
RPP21,0.09214324224009618,4
MDK,0.09209328625142192,4
TNFAIP1,0.09208822230384432,4
GOLPH3L,0.09198860081069023,6
PPAP2C,0.09198463014846937,6
SNHG7,0.09193338104294972,7
KIAA1033,0.09190540296909772,4
RAB22A,0.091889902395186,3
PARPBP,0.09186965030104129,4
CASP2,0.09175024418865367,4
EMC4,0.09173973671196516,5
AKAP1,0.09173842938306,6
ALG9,0.09171397204216471,6
STX7,0.09168113087480952,4
TTC32,0.09166526450748273,3
PPP4R1L,0.09160220706480002,7
IDH2,0.09156944837530893,5
VPS72,0.09156511107991132,4
ARL14EP,0.09154327368977798,5
ISY1,0.09152148409895858,5
MRPS6,0.09147845260506726,5
S100PBP,0.09146420187216865,3
UHRF2,0.09142093662820722,6
BRD3,0.09136461267342559,6
FAM127B,0.09128304343060625,3
UBE2E3,0.0912645765199285,4
ZNF252P,0.09125766515377871,6
PQBP1,0.09125295123598645,3
FAM134A,0.09116348639949469,5
ACADVL,0.09114312681477116,5
STAM,0.09114269929498423,6
PLS1,0.09100982935276326,4
HYPK,0.09097532064557191,8
DTX3L,0.09095622675174311,6
PTRH2,0.09094552892578904,6
KDM3B,0.09093286777666848,4
TOB1,0.09089000883632406,7
IPO9,0.09079306139434394,4
NUMA1,0.09078971287283097,6
ACTR10,0.09077747669104966,4
TNRC6A,0.09075701175670255,4
TMPO,0.090675499285271,4
PITPNB,0.09055246888230949,3
NFIA,0.09053777481140163,4
PPT1,0.09053443743950897,5
IWS1,0.09032446963298683,5
FAM126A,0.09027669307269076,3
WDR46,0.09025540476848722,3
LIPA,0.09023421771447754,4
BAP1,0.09021167612942006,5
HN1,0.09018947750843943,4
PLRG1,0.09017483723783207,4
VRK1,0.09014505346813986,5
CPSF2,0.09009207029558194,7
TRA2B,0.09006472485108136,6
ENOSF1,0.09005005492867807,3
BRCA1,0.09002730014957196,6
ARL6IP5,0.09001847439342293,5
SRRT,0.09001234563292042,5
ATPAF2,0.08995644594524291,4
TBPL1,0.0899503653814615,3
HMOX2,0.08984213029029617,3
ZNF148,0.08976259365329256,4
DNAJC13,0.0897252207982314,5
MRPL49,0.08967299216857906,2
RCN2,0.08966079922164075,6
BARD1,0.08963721907422302,4
RPUSD4,0.08956576766499076,7
PIGX,0.08955778506529437,6
USP40,0.08953974464972901,4
GDA,0.08948614185908854,2
C3,0.08945846813071706,3
FIP1L1,0.08937699356866728,5
TIAM1,0.08935125003894369,4
MOB3A,0.089324618013511,6
SEMA4B,0.08931698482095606,4
NUBPL,0.08931489319739586,5
OXR1,0.08931174287449553,5
CBLL1,0.08924744391819331,5
AP3S1,0.08923683540539504,4
MYO5B,0.08916836749874257,7
PSMB10,0.08915173951837695,4
CAPRIN1,0.08914238521687559,2
TCF7L2,0.08911699905479778,7
MTPAP,0.08905555462985566,6
NAA25,0.08901070201427028,6
FARSB,0.08899921790714559,4
ADRB2,0.08899134291133001,6
BIRC5,0.08898817941275945,4
PIK3R4,0.08895382389974053,7
DSN1,0.08889534982143774,6
HIST1H1C,0.08882811549905785,5
SLC35B1,0.08877065295654377,1
UBLCP1,0.0887693712347224,5
PSMD3,0.0887000732911113,3
TIPARP,0.08866421439724007,4
CEP128,0.08866203898803521,7
SDHAF2,0.08864489959503598,4
R3HDM1,0.08862252347750785,5
KIF23,0.08860918308839451,6
GDAP2,0.08860228283441268,6
EIF2D,0.08859599234000047,3
CDKN3,0.08859416582221254,6
VBP1,0.08850165749322894,6
THADA,0.08846226340262714,6
PPP4R1,0.08842476173591123,5
MAGOHB,0.08841508720671909,3
TMCO1,0.08836070395698156,4
CCNG1,0.08834992157405933,4
FARP2,0.08826567715529539,4
ACP6,0.08824561183742088,6
IDH1,0.08813785083537884,4
KIAA0100,0.08812714288167162,4
AP5S1,0.08800624719554695,5
B3GNT3,0.08798705925233628,7
RP11-101E13.5,0.08796863095138599,6
TMEM33,0.08788324827524137,5
SERPINB6,0.08784244390878389,4
ST7,0.0878203459958827,4
SMARCA2,0.08781630138678564,5
C17orf49,0.08780385244734039,5
HINFP,0.0877970464999213,6
HGS,0.08775027403613667,6
PPIL3,0.08772655360491219,5
ZNF518A,0.08770748383072381,6
NRBF2,0.08768051106417699,6
MPZL1,0.08764215133095195,3
KIAA2018,0.08754570496209906,7
RNF19A,0.08744173279469987,3
SLC25A17,0.08742525624217924,4
POMT2,0.0873814432263747,8
MAP4K5,0.08732822682823521,4
PSMF1,0.08725955234360319,5
SYK,0.08708128386448478,3
GPX3,0.08707948499771438,5
KPNA2,0.08700322235569768,4
SNX10,0.08699570427730106,6
STAG1,0.08698553085282135,5
TRAF3IP1,0.0869827674050836,3
PTAFR,0.08683477058094292,5
AL353629.1,0.08676763562883884,6
CNOT7,0.08675883175551245,5
PPP1R10,0.08672270052233634,3
PHAX,0.08669437378928051,4
C1orf52,0.08668242835101503,5
RYK,0.08659701928466843,4
PMAIP1,0.0865896070087327,5
MON1B,0.08654942045875146,5
CEACAM6,0.08648675684927422,5
NR3C1,0.08637051033251857,6
TVP23B,0.08635459240497351,4
HN1L,0.08630051558929441,3
SFRP1,0.08629221364516715,4
CHMP1B,0.08624783853394026,5
CAB39,0.08624385084492635,4
DCP2,0.08622639679871195,3
RNF10,0.0862115442576602,4
ZCCHC17,0.08620054825236799,4
FYB,0.08608692542905759,6
DEGS1,0.08603357815988812,3
MCTP1,0.08596437053200764,6
TCF25,0.08589939028135295,4
TOMM34,0.08586112109625255,4
TOP1MT,0.08584698344653535,2
ZC3H8,0.0858443021866908,2
TOX2,0.08583714677654464,5
GLE1,0.08582074540761465,5
VWA9,0.08578901768342408,3
MFSD11,0.08572039493273703,4
TST,0.08570511591641009,8
AAAS,0.08568263940144191,6
RP11-18I14.10,0.08556440289748367,5
GINS2,0.08553591634792836,7
SMYD3,0.08552491520057764,6
NOL3,0.08545840292749682,4
PRPF3,0.08543330454349805,5
GGH,0.08542132611050585,5
FHL2,0.08541554235098393,6
UBE2T,0.08541103156509891,4
PAWR,0.08539513381911026,5
ELP4,0.08538171871367116,4
ZMYM1,0.08527441158070098,5
CCNB1,0.08521279023224733,5
RHOF,0.08521146840719847,3
KDSR,0.08520476049541799,5
ITGB1BP1,0.08518673153263374,5
TAF11,0.08518657779548848,6
MRE11A,0.08518581223247661,5
TOX4,0.08514647688192763,4
AC011933.1,0.08512592929208361,5
CTD-2369P2.2,0.08511735335431311,3
TLN1,0.08509944099303435,6
EID1,0.08498506054701226,4
SPPL3,0.08491144170796898,5
APP,0.08489914410414579,6
USP8,0.08488574412422693,6
GCA,0.08485943547574253,4
INTS3,0.08483938042529729,5
GPX2,0.08480461139962579,4
PLEK2,0.08480213179980609,4
SMYD2,0.08480080238669106,3
ZBTB1,0.08472392475967659,2
NOB1,0.08470729528229344,4
FARP1,0.08470256566562524,6
IL1RL1,0.08459492991849757,4
ATP2B4,0.08434419164596475,3
ATF1,0.0843401538832036,5
TOMM70A,0.08431770711797319,5
TNNT1,0.0843059117352257,5
TAF1B,0.08429865566775059,5
DSCR3,0.08427560939326327,5
QKI,0.08425180897271038,4
PRSS21,0.08425007085246912,4
APOBEC3B,0.08422977425387854,4
INSIG2,0.08421610727855454,5
QRICH1,0.0841914183419122,6
NR2C2AP,0.08417599768036009,3
MAN1A1,0.08415670946544539,5
LLPH,0.08413384946885676,4
TBC1D5,0.08406280940849044,7
TMEM141,0.08404997754999341,5
ACER3,0.08396764687359959,5
COMMD10,0.08395989824190282,4
TRAPPC2L,0.08394716404412657,3
ZWILCH,0.08386144243016305,4
ARL16,0.08385283973566994,4
IFT20,0.08380206246585817,7
AFTPH,0.0838004798335677,4
TIMM9,0.08373182384672903,5
WDR92,0.08362774546895281,5
QRSL1,0.08360979377581915,5
FAM122B,0.08355843055015394,6
VAC14,0.08355741430032654,5
CREB1,0.08354870251075903,6
GGA2,0.08352805975317484,5
TATDN1,0.08349124602415031,4
WEE1,0.08348570722650966,6
POLR3K,0.0834317428741253,4
EFCAB11,0.0834204101651505,4
HMGB2,0.08338540971548647,5
CD81,0.08332094152277894,5
FGF12,0.08331837959132257,4
SRSF8,0.08328655222607201,7
RP11-867G23.4,0.08324510389840678,5
MBTPS1,0.08321480256930562,6
GSTZ1,0.08319238021786851,5
RN7SL368P,0.08318161871907857,5
EXO1,0.08314780496819152,5
C12orf29,0.08314025563674159,4
TIMELESS,0.0831351026531069,4
PPIP5K2,0.08308521867086852,5
CTB-5E10.3,0.08307870860552459,4
TSTD1,0.08298371317394444,3
PLAU,0.08296514492081716,6
CMC2,0.08293861337600306,1
SRSF4,0.08292231569246823,4
MKRN1,0.0829221713322889,5
RP11-982M15.2,0.08287266792791723,5
USP10,0.08286871447020155,5
C12orf45,0.0828251418785438,3
PRRG4,0.08281683763555782,5
PARL,0.082799326626175,4
GRN,0.0827131002513011,4
CREG2,0.08263766848549312,6
LRRC47,0.08244325415894874,4
JOSD1,0.08233931680688017,6
TNFAIP3,0.0823318180661024,4
GSS,0.08232248705413986,5
IFT74,0.08229497705923881,3
EFNB2,0.08226344092919197,5
AKIP1,0.08219956644699378,6
RPL39L,0.08219127245537147,5
EVI5,0.08219103009182795,5
NUBP1,0.08217702643944218,3
PPP2R5E,0.0820765078063338,4
MIR4647,0.082013014752198,5
SLC25A39,0.08198395644280371,6
ADCY3,0.08184897584706045,4
COPS2,0.08170925558454453,3
C6orf89,0.08165201179921196,5
CASC3,0.08163990883756007,4
SNAP47,0.08159848131871006,4
PPCDC,0.08156201717804287,4
ARID4B,0.0815077942577027,3
MAVS,0.0814762760750623,5
PKP4,0.08144407228937957,6
MIS12,0.08139982003348686,5
UGGT2,0.08138381213195028,5
ATP6V1D,0.0813747767886329,5
PIGS,0.08135746988034692,5
DROSHA,0.08125851053329536,6
PAICS,0.08125000241171489,6
HDAC3,0.08124061787517008,4
UBE2N,0.0812005413458216,4
USP34,0.08116592915414411,5
TMTC3,0.08108444446568132,5
KHDC1,0.08099613390836341,5
DDIT4,0.08097363379731637,5
AP001615.9,0.08096949443997238,5
FANCL,0.08091587200127535,5
UBE2C,0.08082481509249635,4
EYA3,0.0808239669601961,3
COLGALT1,0.08080861616605678,7
TUBD1,0.0807688911965829,3
SQRDL,0.08075696486712934,4
PIGT,0.08074992631027364,5
C11orf31,0.08071763234381504,5
FAM213A,0.08059253111640292,4
SLC25A13,0.08056903239624022,4
PRKCI,0.08052956172791412,5
SPC24,0.08050196916249776,6
SEC11C,0.08045850307559566,5
APH1A,0.08043872221320056,5
AMD1,0.08039671756061341,3
CTR9,0.0803448337640718,4
SPG20,0.08031855395208123,4
IGFBP6,0.08026502218635166,6
TRAPPC2,0.080260421073868,4
SDF2,0.08023884045241443,2
COASY,0.08023352794622933,2
TBCCD1,0.08022271190129918,4
RP1-56K13.3,0.08021863514056357,4
CELF1,0.080204993145697,5
PYGL,0.08019410223506769,4
RP11-618G20.1,0.08018115913969057,3
GALNT7,0.0801469863497164,5
MAPK1IP1L,0.08013596845497174,3
RPS6KB1,0.08013165716736893,5
RP11-395P17.3,0.08007423301132392,5
RNU1-60P,0.08006217716881547,5
PIP4K2A,0.08005837022437076,3
DIAPH3,0.08005399721152966,6
MAGEA12,0.08003819096149256,6
FIS1,0.07993010827695886,5
METTL1,0.07992407554472906,2
C1orf109,0.07989648378404227,5
GTF2H1,0.07986974540591378,7
TWISTNB,0.07985598954624819,4
TMEM170A,0.07984611488928607,4
RP11-770J1.5,0.0798362297710694,5
MALSU1,0.07982273858789075,4
AUNIP,0.07977767914739041,3
SNHG8,0.07974482219848368,5
CSE1L,0.07971325950622601,6
PHF20L1,0.07971066471151723,4
HLA-B,0.07970419304897088,3
HSD17B10,0.07968575980312753,6
NIPSNAP1,0.0796603922626565,5
ASH1L,0.0796388509983424,5
NOP16,0.07962030828831669,6
ERCC6,0.07961829316638003,6
ANXA1,0.07954044307084492,4
KIAA0196,0.07952665795969237,6
C14orf119,0.07951962793169082,6
WDR74,0.07947607222034223,4
YEATS4,0.07947275076514561,6
UGT1A6,0.0794371138656471,5
KIAA1279,0.07935651562526265,5
G6PC3,0.0793306498919602,6
CLMP,0.07932699658766584,1
PAQR7,0.0793153346350189,4
UGCG,0.07928200161394924,6
PTPN9,0.07927299323796734,5
HPS4,0.07926169130626803,3
RP11-1079K10.4,0.07924696000620464,2
MLLT4,0.07924685247247044,4
RECQL,0.07924543303126298,6
SLC4A7,0.07923729774888016,7
IMP3,0.0791535097129501,4
ANKHD1,0.0791378753392908,4
BLOC1S3,0.0791279974137262,4
SMC5,0.07910998473387826,5
BACH1,0.07903581261736892,4
TMED8,0.07903579678134827,5
PEA15,0.07901985912645498,5
CYP20A1,0.07898847173787563,3
POFUT1,0.07896550791550587,5
ZNF22,0.07894212879511599,3
ZNF259,0.07886629720926464,6
ELP6,0.07878955186310105,4
PDHA1,0.0787135044239448,3
TMF1,0.0786979349931081,2
TMED4,0.07869095394688636,4
NCOA1,0.07868460139582573,6
SCAMP3,0.0786810083308672,3
NAV1,0.07866329911906442,4
BCKDHA,0.07861741022234324,5
COL4A5,0.07860367545018114,5
LSG1,0.07858293799821287,6
NMT1,0.07856199545097074,5
MED11,0.07853624068226692,6
UROD,0.07853272331271538,4
LACTB2,0.07852757239994365,4
UBR4,0.0784991915211777,5
ENO2,0.07849382897660849,5
RP11-838N2.3,0.07844436186916638,5
SMAD5,0.07843191812774797,4
SCPEP1,0.0783780949093706,2
N4BP1,0.07836284413368724,5
SLC4A2,0.07833751281149956,4
SEC24C,0.07831180069693545,5
CCNA2,0.07830477845678264,5
ALDH9A1,0.07828624688012324,4
DCTN3,0.07827828873155004,5
NCLN,0.07817605670734874,4
AKT3,0.07816440445729961,5
AGPAT9,0.07814159968262417,6
MRPL55,0.0781310984343368,6
DIS3L2,0.07810591683612626,4
PLD1,0.07806445282842236,6
CEP290,0.0780552500404106,5
BRMS1,0.07800025626950455,6
EREG,0.0779641929285607,5
STK3,0.0778548394877809,6
MOB4,0.07777143093570082,5
ACTL6A,0.07774795098597087,2
TMEM165,0.07770860017574827,4
EXOC7,0.07770296209799728,6
NUP205,0.07769400503212875,4
OBFC1,0.07767432136567276,6
LAMB2,0.07766158437210946,5
RIPK4,0.07763183338969125,5
TANGO2,0.07756696031296549,5
WSB2,0.07756306065118082,3
TCTN3,0.07752369086013451,5
MOV10,0.07750074275922232,3
SAMD4A,0.07749258682766609,5
TRIP4,0.07746672145527397,6
SRPX2,0.07746303672135586,6
MCMBP,0.07741312952545791,3
RAB34,0.07732602717646225,4
COQ3,0.07729031103846486,3
C10orf32,0.0772685996984393,4
NBAS,0.07725744109351378,4
PNPO,0.0772496353409615,5
CCNE2,0.07722660147316822,5
PEX3,0.07721895974548248,6
ZNF451,0.07714072853740062,5
PMPCA,0.07709890797519386,4
RPE,0.07709336446367712,5
DNAJC9-AS1,0.07707845568390824,5
CEP104,0.07703813046564126,3
RP1-20B21.4,0.0770100616731685,5
CSAG4,0.07696301979142643,4
IREB2,0.07696086636645787,6
MT1X,0.07692992755134744,4
MKKS,0.07691270045408609,4
SND1,0.07691165058411592,3
NDUFAF2,0.07689925643738772,7
IRF2,0.07688309288186457,4
NDUFA9,0.0768663741948537,6
RARS2,0.07684498692522367,5
CALHM2,0.07683965494485777,3
HOOK2,0.07680731710813249,4
RBM23,0.07677980974575908,5
NR2C2,0.07676659523182677,5
PCMTD2,0.07675546359760202,5
MUTYH,0.0767540676242754,3
SLC39A9,0.07674810876236562,5
SAP30L-AS1,0.07663767566788349,6
ALG13,0.07662152536092724,4
GMNN,0.07658815662703373,3
CTDNEP1,0.07657841512315215,5
SS18,0.07657620772877448,6
ETV5,0.07655500878683376,6
DUT,0.07654175647847568,4
UFSP2,0.07653495521858152,5
CPSF6,0.07640839451563414,5
LPHN2,0.07637786509859609,5
AIP,0.07628257059978363,3
DPY19L4,0.07621406358964837,6
PGLS,0.07620104772573023,5
CHRAC1,0.07615474385369048,7
IRF3,0.07607162497385318,3
NSUN4,0.07605942331303117,3
EIF2B2,0.07605184606068391,3
MDM2,0.075971332754407,4
MTX2,0.07596655929325055,5
GPSM2,0.07596335968809921,6
IQCB1,0.07596000978443614,5
FTSJ1,0.07594655917987465,6
PABPC1L,0.07589561780104843,6
AC010761.8,0.07587870513590075,6
TMEM237,0.07585861783442577,6
DRAM1,0.07585038208025623,6
NCSTN,0.07581576596353035,4
ZNF395,0.07580559696204399,4
HNRNPAB,0.0757802975566906,4
TM9SF1,0.07566103121191978,5
GPAA1,0.0756303457659824,4
DSE,0.07562494951425673,4
TCEB3,0.0756150399030456,6
SNX15,0.07561275001144274,4
CTD-2517M22.16,0.07561241551229375,4
PDLIM1,0.07550238993138943,4
CTC-490G23.2,0.07544951444655666,6
CHMP5,0.07541559984321178,4
CNPPD1,0.07540872663025475,4
MSL3,0.07538822623732547,5
ABHD3,0.07536136708471704,5
CLIP1,0.07534938803200512,3
DYNLRB1,0.07533752991281682,4
SNHG5,0.07530507429974985,5
PET117,0.07529747137909289,5
CDK5RAP3,0.07525229861066979,3
DPH6,0.07520757050021973,6
CTC-459F4.3,0.07519669266443019,6
ZDHHC9,0.07516020849211746,7
ATF7IP,0.07514725650112263,5
MGME1,0.07509163965742698,3
NLN,0.07508051288474657,5
CAPRIN2,0.07506258556904337,6
CDH3,0.07502808856416489,2
CALCOCO2,0.07502510941252215,6
RFC3,0.07493542398699492,5
AC002055.4,0.07493312504577179,4
ZNF652,0.0749104743876224,5
NUDCD1,0.07486915518636834,5
NUDT1,0.07480717828098998,5
CAMLG,0.0747650059814749,5
ACADM,0.07476443546117678,4
MRPL43,0.07467567545623399,7
NRP1,0.07465958396670884,5
GTF2H3,0.07462097170506928,4
CSTF2,0.07443047896972779,6
NUP107,0.0743782553190142,5
SNHG17,0.07436715224352923,5
RPS19BP1,0.07432521997277344,6
TASP1,0.07429726915266588,6
SLC38A9,0.07429299099533779,5
RAB15,0.07426861545281795,5
TTC19,0.0742328998311404,4
OAZ2,0.07423274662727655,5
NAE1,0.07421998237296924,4
FRYL,0.07419760563027426,4
TSEN15,0.07417715418479028,3
PAK1IP1,0.07415024491548569,6
PLP2,0.07414753756408556,4
RBM17,0.07413609053944968,7
CAPN8,0.07412222749929388,6
TPX2,0.07408442794797207,4
HIAT1,0.07405293355739823,4
SLC30A5,0.0740492888466881,3
TNIP1,0.07400174760676004,7
MRPS30,0.07396097655019927,7
ASF1B,0.07395837058263605,3
NAT1,0.07394172665048666,5
ITSN2,0.07391807752524206,4
DUSP12,0.07385704786318285,5
ETV4,0.07377501766347362,5
FBXO3,0.07375958254777912,5
UBL4A,0.07369986094226143,5
CDC7,0.07367635183221126,6
ANKRA2,0.07365573659454586,5
C3orf17,0.07363235712583781,5
RABGGTA,0.0735994344472785,6
TMUB2,0.07359558364485114,6
PAK1,0.07355723941821987,4
GCAT,0.0735480597703723,6
GPATCH8,0.07353310886032365,3
ATG10,0.07347851715451056,6
RNF4,0.07347768404493119,4
LEPROT,0.07342835206029026,6
OSBPL9,0.07342654772226617,4
CTSA,0.0734031160545347,5
ADI1,0.07340157539554391,5
LDOC1,0.07339389618407233,6
AC006011.4,0.07337005140681524,5
ALKBH5,0.07331783297749125,6
IDH3A,0.07329953366176697,4
RRAS2,0.07329413491193064,6
DHX32,0.07324799647550558,7
AC034102.1,0.0732451668162487,4
POC1B,0.07320638945319147,6
LEO1,0.0732061675294842,6
PTRF,0.07318391833171865,6
USP45,0.07315092661751066,4
OPN3,0.07313995222090953,6
RBM4,0.07311861697848088,6
CREBBP,0.07311403532346351,7
NUDT15,0.07310553222716777,6
METTL9,0.07304697700250674,4
ARHGAP21,0.07304339770311027,5
HOXB7,0.0729975111678569,4
NFRKB,0.07298241187450383,5
KIF20A,0.07298173681688616,6
DEDD,0.07298169590358412,5
TSR1,0.07297988583468289,4
DPH2,0.07297518346936988,6
ECI2,0.07296103654517398,4
AC005682.5,0.07290303155145489,4
RANGAP1,0.07287414298118952,5
AKIRIN1,0.07285488291848195,2
MED6,0.07284185787148423,5
CCDC47,0.07283007662606424,4
OSGEP,0.07281545026172863,5
RP11-552M11.4,0.07280570686169924,3
PARD6B,0.07280423138083138,2
SH2D4A,0.07279077270936947,5
PTPN3,0.07278347556963374,4
TMEM69,0.07275946372206046,6
CEP89,0.07267346975414532,4
DHX15,0.07266212811906901,5
USP36,0.07265949552159508,5
FARSA,0.07264223017851307,7
RFT1,0.0725942166015405,6
TADA2A,0.07258601801794332,4
SYNJ2BP,0.07254924699443308,3
SLC37A4,0.07249040020628955,6
CACUL1,0.0724779296131705,5
SLC35E1,0.07244465207837586,5
GAR1,0.07242762797675543,6
PARP1,0.07242516554713399,4
SERPINH1,0.07240482550425523,3
LGALS3,0.07239093884120973,2
USP47,0.07236579585301503,3
ATG13,0.07234172874849093,6
GMCL1,0.07227902091048806,5
FH,0.07227403662090022,4
NDUFAF7,0.07226671901407823,5
PDCD7,0.07225799438936979,4
AC007246.3,0.07219637270522801,4
KIAA1715,0.07215289707735163,4
CCDC82,0.07214561475865028,5
MRPL50,0.07212308739984484,5
TBCE,0.07212258108674219,5
MRPL42,0.07211142834942985,4
FGFR1OP2,0.07205035880374598,6
AP006216.11,0.0719334958544099,4
ATP11C,0.07193248285028371,2
KIAA0101,0.07188625282703387,4
AIFM2,0.07187551093845604,4
NPAT,0.0718287242693497,4
ST3GAL1,0.07179582469507229,5
NME7,0.07176414848138671,4
RAB2A,0.07173870583990696,5
CHURC1-FNTB,0.07163195673887517,3
WDR12,0.07162710940550542,5
MSANTD3,0.07161817034610317,2
GALNT3,0.07159420633703541,4
KIDINS220,0.07158601257966998,5
NR6A1,0.07156475208604261,2
ZC3HAV1,0.07150992003871734,4
AGAP1,0.07148681985619118,7
SVIL,0.07142468373981274,4
ATF7,0.07141404107711595,5
LINC00635,0.07136906345078374,6
FBP1,0.07135709420730317,6
UGGT1,0.07134844321700173,6
TRMT10C,0.07131729701993027,3
NHLRC3,0.07129938842492467,3
ZNF493,0.0712804112997326,3
SCNM1,0.0712265356347858,4
CDADC1,0.07122464349640589,6
TIMM50,0.07113130658286962,6
NMRK1,0.07111796856765347,5
PPP1R7,0.0710696566917624,3
LIPH,0.07106135211822942,4
ZNF106,0.07105846875934219,5
SEH1L,0.07104542592514258,6
CTD-2015H6.3,0.07102941445215577,5
KCTD20,0.07102489981947369,3
ARMCX3,0.07098103204242047,5
UGDH,0.07093378668805547,4
ACOX1,0.07087353351669293,2
ZKSCAN1,0.0708684133535987,5
ARL6,0.07085825168620838,4
NSL1,0.070856111323315,4
KLHL7,0.07085116534045588,4
ATXN10,0.07083814995511198,4
RNF145,0.07081178333425547,5
TRAPPC12,0.07079931382774632,5
SNRNP40,0.07076437022729833,3
SNHG3,0.07076216513762945,6
HIBADH,0.0707441985089045,5
SHROOM1,0.07070338967139768,4
PAXBP1,0.0706903061542548,4
IFT122,0.0705691250534894,5
TMEM97,0.07049080446941973,7
PGAM5,0.07043058819362484,6
CARHSP1,0.07043019006105357,4
TRNAU1AP,0.07035874299027256,5
RP11-545E17.3,0.07033369592045983,5
ELOVL5,0.07031001117933137,5
SPTLC1,0.07030790201542132,5
CD24P4,0.07024456095118031,3
LANCL2,0.07013155104692373,4
UBASH3B,0.07001968729779944,6
NUDCD2,0.06998371436698192,2
RGL3,0.06995191336497562,3
MPZL2,0.0699292660963392,4
FAM168B,0.06981999257794642,4
DHDDS,0.06981306033517039,2
TSFM,0.06979058066307875,4
SLC12A2,0.069789261421706,4
TTC8,0.06978618295956401,5
EED,0.06978585801434439,3
RAB32,0.06972014649618133,4
EIF1AD,0.06971471715320532,5
SSFA2,0.06971000020148405,5
CMC1,0.06967658884864313,6
N4BP2L2,0.06967537778665091,6
NXF1,0.06966276102707065,5
SPAG7,0.06966163455215303,5
DAP,0.06960496066074545,6
SLC35D2,0.0695854534359492,4
OARD1,0.06957744673513344,6
APIP,0.06955583889692084,4
IFRD2,0.06948829972651657,4
MTR,0.0694814489071628,5
SENP6,0.06948050010242361,6
SCEL,0.06946874362333713,5
MTIF2,0.06946008286938214,4
CTNNAL1,0.06944005427928715,3
ZFP36,0.06940816208619718,4
MRPL28,0.0693383625827647,4
ZBTB44,0.06933050973086037,4
TMEM5,0.06930498595395172,4
FAHD1,0.06927119307412018,3
LY6K,0.06926534974500412,5
STAT3,0.06924411330672145,3
POGLUT1,0.06922862669122165,5
UBE2H,0.06920735215435926,3
KIAA1522,0.06919547326917883,3
SMC6,0.0691900275025167,6
SNHG12,0.06916670147527558,6
ERLIN1,0.069148668753124,4
C6orf48,0.06913308122193924,5
PCMT1,0.06910990850632778,4
APEH,0.06910823942815686,6
ATPAF1,0.0690988904537616,7
AK3,0.06908741054085119,3
FAM83H-AS1,0.06907638265430627,4
LONP1,0.06906217023211945,4
METTL16,0.06905561700807386,4
RNF170,0.06904109440884558,5
FAM60A,0.06903492083942184,3
ATL2,0.06900991088573219,5
RPS12P26,0.06898803483087358,7
DCAF16,0.06898454290927433,6
BROX,0.06896763270702959,4
CUTC,0.06886485417832977,5
ATP5SL,0.06884427158652583,3
EML6,0.06882021063593141,5
TSPAN6,0.06881137003877222,6
TRAPPC4,0.0688018104752578,2
ZNF468,0.06878504888215614,6
PPP6C,0.06878419325071737,4
SLC25A11,0.06878300305141094,6
RPAP1,0.06877413492736253,4
EBPL,0.06875405383058134,6
KCTD3,0.0686750697848994,4
CHTF8,0.06865815309635995,4
HDAC1,0.06861080117050858,5
NTPCR,0.06859887064401915,3
HS3ST1,0.06859284612791147,4
C7orf49,0.06858726391207692,7
GCLC,0.06856741229786703,4
PHF21A,0.06853666005306672,4
SENP1,0.06853479548274824,4
RP11-379B18.5,0.06852970508558776,5
GNPNAT1,0.06852194400720263,3
L3MBTL3,0.06846110106271373,6
PALLD,0.06833817843797146,3
NUDCD3,0.06833361186547869,4
SUPT20H,0.06833030701698589,5
RECQL4,0.06832680502715058,4
DHRS2,0.06832519297867455,6
DNAJC21,0.06827066669140003,5
FRMD6,0.06824694825036619,4
SIKE1,0.06820143779007046,2
RBMX2,0.06819977199569348,2
VPS45,0.06813691196406976,4
CREB3L4,0.06810316640186773,6
LETMD1,0.06808886572275957,5
TSPAN13,0.06804446551809018,5
SEC22A,0.06786295156154443,5
EMC1,0.06784630806906955,5
BECN1,0.06781316151796385,4
AC090673.1,0.06780995667553277,3
PPP4R2,0.06780341307180945,5
SWI5,0.06779910581417854,5
MTO1,0.06772028618966153,6
PRELID1,0.0676919621577849,5
LIMA1,0.06768280428055146,5
PIH1D1,0.06766843810362995,5
METAP1,0.06766764596972498,4
FOXM1,0.06766266615475075,4
ITGB6,0.06761451576359065,4
C12orf23,0.06759306054172824,4
TEX264,0.06759237395238084,6
MRPL39,0.06758173898384476,3
KDM5A,0.06754079333180553,5
GLUD1,0.06753741588408234,3
EXOSC5,0.06751170615418639,5
EP300,0.06750172431690664,4
RNMTL1,0.0674651470492419,5
CNOT8,0.06741556460464175,3
HSPA14,0.06736132864476091,5
ARHGAP32,0.06735805135456945,6
BSDC1,0.0673059122356387,6
UIMC1,0.06723917195427896,5
VEGFB,0.06723628431911788,4
COX5A,0.06723253961797612,4
MAP9,0.06723199621961826,2
PLEKHA3,0.0672200410567587,4
GPR110,0.06719055416836078,4
NDRG3,0.06718387220080178,6
SUPT6H,0.06715730239787993,6
PCSK5,0.06711518631055079,6
SHMT1,0.0671131781596778,5
WDR90,0.067104537557868,4
GPR75-ASB3,0.0670912624884688,4
B9D1,0.0670822939214701,5
PCBD2,0.06706806632719076,7
DNMT3A,0.06705567701949572,5
ORC4,0.06703435845723811,4
C8orf4,0.06703278589413864,4
C1orf63,0.06701811340322515,7
MPRIP,0.06700417063922517,4
SMARCA5,0.06699046289421877,5
RNF20,0.06697333509876467,3
CLUHP3,0.06692373919197457,5
RRNAD1,0.06689031333161015,5
MIR614,0.06688554358791675,4
ERAL1,0.06688123404195298,5
PREP,0.06686439394517911,3
AGPAT1,0.06685233382239832,4
RABL3,0.06684185792888539,5
CBR4,0.0668187725336704,5
RAP1GDS1,0.0667576615892282,7
TPM1,0.06673444428617666,3
RP11-325O24.5,0.06671446033009874,4
ZC3H7A,0.06670454539093335,5
TMBIM4,0.06664810292429782,4
IARS,0.06660838189158504,5
MYO1B,0.06657865363070578,6
RBM19,0.06655663358467448,6
UFC1,0.06650416825305674,4
ECE1,0.06649747729557441,5
BNIP3L,0.06649046399857003,4
P4HB,0.0664810701158236,7
TGIF1,0.06644582023742496,4
STUB1,0.06642048664445731,3
IFT88,0.06641366170146196,5
RP11-589M4.1,0.06634171349308776,2
LMAN2L,0.06632474108815438,4
ZNF277,0.06629847271649258,5
COPS8,0.06628496674972863,5
CTA-363E6.7,0.06625899174330362,3
BIN3,0.06621710789117342,5
NDUFS7,0.06621650904877062,5
ARL1,0.06611833149847617,4
CTNNBL1,0.06611707596431998,4
EXOSC2,0.06611463376066662,5
FAM208A,0.0661016982340918,6
ZNF185,0.06609627253461715,7
CST3,0.06608605738370037,5
VIMP,0.06607759837050217,4
MAP1LC3B,0.06607693350959755,7
VEZT,0.06605917893467478,5
VTRNA1-3,0.06605490119121538,3
GLMN,0.0660392880897785,4
MRPS9,0.06603632156871644,3
TYMS,0.06603431927849024,6
RFWD3,0.0660048901918342,7
S100A9,0.06597551171189676,3
PDCD6IP,0.0659688384567342,3
TOR4A,0.06595757031311278,5
HMCES,0.06594250257131487,3
SIN3A,0.06592774237136202,5
GPATCH4,0.06590658688544165,5
EFHC1,0.06590101529659671,2
RBFA,0.06589940014572392,6
GPR56,0.06589661746427385,4
ZNF880,0.06588892091062773,4
EGLN2,0.065843713314104,4
ABI2,0.06582029743955325,4
LAMA5,0.06578642072516504,4
WWP1,0.06577398135708772,2
SPG21,0.06575961401254296,3
NOM1,0.06571928984850064,5
RNF11,0.0657068546822178,5
UPK2,0.06569489131290249,4
VPS13C,0.06564502943669985,5
BTG3,0.06563908556586744,4
TEN1,0.06555330424656729,6
CENPJ,0.0655348715576647,5
PIGG,0.0655281709690344,5
POC5,0.06552398214022756,4
ZCCHC11,0.06552271157991092,4
MCM6,0.0655014134355641,6
RANBP9,0.06547279336205339,5
PILRB,0.06546391706307945,4
SMAP1,0.06544555008516592,4
ZNF814,0.06537521308000072,6
FAM127A,0.06537342775967164,7
TBC1D23,0.0653715803438474,3
RP11-267A15.1,0.06536566906614244,2
DDX42,0.06536171066935292,5
CCNL2,0.06533146981061493,4
LIN7C,0.06530416198411229,6
ASAH1,0.06529138390225143,4
SERPINE2,0.065287927641033,6
MND1,0.06524472232569976,4
CYP51A1,0.06524321711778057,4
KIF3A,0.06522533875132532,3
TCEAL8,0.06520895052463135,6
PRRC1,0.06520236602517082,3
GNPTAB,0.06518708209131252,4
TIPIN,0.06517949353881866,5
EIF4EBP1,0.06516803791014973,3
MAP4,0.06516060381045595,6
ME1,0.0651166092042073,5
TRIT1,0.06511121107111782,4
MRPS36,0.06507558220713633,5
USP3,0.06506512782752613,2
C11orf57,0.0650643005656175,5
MBD4,0.06501281493957164,5
RP11-538P18.2,0.06500566722823609,4
ZDHHC13,0.06497301405236344,3
ARL2BP,0.06496005054853318,5
UEVLD,0.06494203203357227,5
INTS4,0.06493152669136638,6
GOSR2,0.06489042360028321,2
U3,0.06488327771664823,4
TMPRSS13,0.06487982530099191,6
RBCK1,0.06484811598380968,6
CYFIP1,0.06480124473199388,3
MRPL45,0.06476634206801977,3
KBTBD3,0.06476623813244105,4
PHACTR2,0.06476403611404108,4
CALB2,0.06475917058151726,5
PKIB,0.06475480511192849,4
TIMM8A,0.06474569002098028,5
MDM4,0.06474529713686261,3
RAP1B,0.06472767258665843,5
SNORA33,0.06472302313715927,3
ELAVL1,0.06471949206681173,4
ZDHHC4,0.06467839673547973,8
NCAPH2,0.06464694420806132,4
CLP1,0.06460146438468871,3
RRP15,0.06457846904495067,4
OS9,0.06457702174360568,5
AMIGO2,0.06455352599694908,5
C8orf76,0.06453419912616237,4
PPAT,0.06443356222547847,5
PPP1R21,0.06437831690587952,6
DIDO1,0.06431049447271986,4
CREB5,0.06430150273210546,6
NDUFS1,0.06430060291156946,5
MAGEC1,0.0642961939439804,3
SEC23IP,0.06428438710918861,5
CTC-429P9.5,0.06425306740683917,5
AKR1B10,0.06423345068958387,5
KATNBL1,0.0642103147575168,3
HFE,0.06420284414358043,5
GALNT6,0.06417726220124154,5
VPS25,0.06416814068923336,4
C21orf59,0.06414551220683086,4
RBPMS,0.06410001560509049,6
SLC35F6,0.06408338752732888,4
PHTF1,0.0640671563268802,5
DCTPP1,0.06401511334789858,4
TMEM39A,0.06394713939788016,4
MED4,0.06393790154130183,4
CSTF3,0.06392745308373846,6
PGM2,0.06392308927776864,5
PDLIM5,0.0639171233573196,2
CHID1,0.0639151029926574,5
C1GALT1C1,0.06390300537822338,2
IFT52,0.06386442626386425,3
RN7SL349P,0.0637930841146704,5
RNF41,0.0637790713397229,4
NCOA7,0.06374655183549163,3
TAF9B,0.06369662232178976,5
CHD1,0.0636526977084031,5
ERAP2,0.06359738460442721,6
CKAP5,0.0635891221398214,4
CPD,0.0635030645325819,4
CHSY1,0.06349882926571417,3
ABCC2,0.06349144672071287,3
EDN1,0.0634736637782296,6
ANKRD22,0.06346331959508345,5
HIP1,0.06344631048840742,5
SYMPK,0.06340641884714229,6
STEAP1,0.06338688326003164,3
PPP2CA,0.06338574191987996,3
CYLD,0.06335669501674096,4
WFDC2,0.06334051631416981,2
PLEKHA5,0.06327750918605668,4
SLC35A1,0.06324315594931709,4
ZMYM2,0.06323409539249546,3
PREB,0.0631942354795744,8
XYLT2,0.06317169582391106,5
MIR24-2,0.0631325123079108,4
SLC35A3,0.06310755866058515,7
TMX2,0.06308037644737918,6
HDAC8,0.06307441414183045,3
EXTL2,0.0630660717599571,5
CAV2,0.06305052811448685,5
PPP2R2D,0.06303264953979813,3
ENOX2,0.0630307607227633,5
SEPT7P2,0.06302614973774631,3
BPNT1,0.06301260364674723,4
RNF216P1,0.06300995489183236,4
UCHL5,0.06297815170978606,4
OGFOD1,0.06295494628323996,6
GTF2B,0.06293768160886305,5
RFK,0.06290680985810154,6
SLC25A26,0.06285923612507513,3
AC104534.3,0.06281428835370606,4
NT5E,0.06280917166804784,6
PRR11,0.06277996634548971,5
SCYL2,0.06275406292234076,4
ATG7,0.06272469259701925,5
PNO1,0.06270696892889027,5
NR2C1,0.06270417128505494,6
HELLS,0.06263147084591277,5
GINM1,0.06263093719097938,7
FYTTD1,0.06262902099486722,6
EXPH5,0.0625954037707771,4
PSCA,0.06258996504831266,4
MRPS12,0.06251685357018745,5
ALAS1,0.062468434549378574,5
RBM6,0.06245191969886357,2
ETNK1,0.062437257589341474,4
RAB9A,0.06243335143222582,5
SNORA48,0.06243333195186784,3
LYRM4,0.06242843435219033,4
ITGB5,0.06241966208811784,5
B4GALT3,0.06237667844182216,5
CEP57,0.06237561002011424,4
SEPN1,0.06236510595985951,5
EMC7,0.06230795284113682,4
DHFRL1,0.06229772476724457,5
PPFIA1,0.06229628551736479,5
CDC40,0.06227687844851934,5
QSOX1,0.06224415337672466,7
ZZZ3,0.06216385224039508,8
ZFYVE20,0.062160950074800145,3
PDK1,0.062159363882072716,5
TRIM56,0.06212230163673102,4
SEPT10,0.061993856964107266,5
CASP4,0.06191245515840352,3
FAM173B,0.06190018591874895,3
SERPINB1,0.061840662556973784,5
SCAPER,0.061836692398086146,5
GINS1,0.06183075204894445,6
BBS4,0.06179993863562827,5
TRIM33,0.061789707585327064,4
DNTTIP1,0.06175457502186563,6
MRPL35,0.06175337957942017,4
TAF7,0.06173432809671009,6
PHACTR4,0.06172736445432797,2
PSD3,0.06172029816730677,5
AKAP2,0.06171888075729476,6
SCAMP1,0.061718566037657234,5
CARS2,0.06170143742808062,4
KIAA1467,0.06168676608480358,3
RP11-856F16.2,0.06166018404798966,4
EIF2A,0.061658687359886215,4
MAF1,0.061652158895465714,5
EEF1E1,0.06163278792492405,6
TMEM179B,0.06162311010228372,2
CDCA2,0.061606347749713276,6
SDHC,0.06158412672418061,4
FAM172A,0.061575614796790516,7
M6PR,0.06156833380418051,5
TMEM45B,0.06155824477554167,6
C2orf76,0.0615438481734274,2
PNPLA8,0.06153080923185841,5
RIOK2,0.061519335956146316,5
URGCP,0.061487103270275435,5
FBLIM1,0.06147949296257689,5
CKMT2-AS1,0.06143405212979693,3
AK9,0.06139943621506656,2
RP11-6N17.6,0.06139246087884789,7
YWHAH,0.061392303190501034,6
CD3EAP,0.06138507721615955,4
NUP93,0.06134155667900248,4
RBMS1,0.061331507323549805,4
RNASEH2B,0.061231182521886876,5
PAFAH1B3,0.061228850578066485,4
COMMD5,0.061215957507494596,5
SLC35F5,0.06121027507154079,4
SNHG1,0.0611310644067272,5
GBP3,0.061115494472821406,5
POLH,0.06111305042913224,4
MRPL16,0.0610763216459914,3
C6orf1,0.06104834840640116,3
EXT2,0.06104626218741447,5
MIF4GD,0.06103146552888449,4
TRIM16,0.061019021328800487,2
SAMD8,0.06101246526950905,4
QSOX2,0.06098783503599305,4
SUGT1,0.0609186065178434,4
PHLDB2,0.06086293579976975,5
SIRT2,0.06085706620423148,6
ABLIM3,0.060808207008981874,3
ATG4A,0.06079247419968276,5
ANP32E,0.0607845333558078,3
WDR60,0.06077056582497294,3
BRCA2,0.0607256243820676,6
CNOT2,0.06069531088236023,4
THOC1,0.06068571448465662,5
ACLY,0.060685656702104504,3
MAK16,0.06067037071320528,3
C15orf38-AP3S2,0.06065037856003959,6
RIOK3,0.06060609277082306,5
TUBGCP4,0.06060103273002187,4
ATP6V1B2,0.06056255915206072,6
XPNPEP3,0.06049933158443536,5
PHF20,0.060456809218274565,4
CENPW,0.06044880511546364,3
RP5-1158E12.3,0.0603965828734247,5
TPGS2,0.06038965222878234,5
ECD,0.060385905199885945,3
PITPNA-AS1,0.06032625206730709,6
RP11-452F19.3,0.0602965176525503,3
MLX,0.0601849191958103,4
RBBP5,0.060156314605123294,4
ERMARD,0.06014049195131112,5
EPN2,0.060134588858243694,5
CCND3,0.060128825715417555,6
TM9SF4,0.06012297156998526,3
ZNF717,0.060076241167665356,5
ANKRD32,0.06006775368280863,4
SMYD4,0.06006159149351122,4
PLD3,0.06002493531444357,5
SGOL1,0.05998967673905474,4
FLJ20373,0.05996759431407267,5
TUBGCP3,0.05995274753013726,6
TRMT6,0.059929583449103596,5
RP11-746M1.1,0.05991570856323453,5
C11orf1,0.059901860758929226,4
BRI3,0.05986886777599471,5
C12orf5,0.05985586875126337,4
SCLY,0.05984805430584113,7
THAP6,0.05984763581730208,5
AP4B1,0.05983960301488245,7
CSAD,0.0598302631053824,4
ELOVL6,0.05981141340961484,5
ZNF585A,0.05981079783126119,1
NCOA6,0.059770396108811366,6
ZNF714,0.059701613472491616,4
NEU1,0.05967271775433996,2
TMEM161B,0.059649841161535044,5
BOD1,0.05964966092585882,5
IKBKAP,0.05964092651644809,6
AIMP2,0.05963231393362451,3
AC006042.8,0.05962837780695543,6
RNVU1-6,0.059611548168985076,4
EMP2,0.059601924772544466,4
EBP,0.059556350237839506,5
NOL7,0.05955311640235786,6
JAK1,0.059524478265509606,5
TSG101,0.05948041863065162,3
CYP1B1,0.059468095506475124,4
C11orf82,0.05944495527089408,4
MBOAT1,0.05937668205061512,3
SEC23A,0.05934507041992574,6
PBX1,0.059344058370833,5
PRELID2,0.059312302203177195,6
AKTIP,0.05929234013796014,3
TIMMDC1,0.05929134861120259,3
MAN2C1,0.05925015488273828,6
ZNF146,0.05924948411508015,5
SP3,0.05923040232624818,5
ICMT,0.059229900767906615,4
ARFGAP3,0.059216842969328595,4
GNG4,0.059178600277588755,6
MSH2,0.05917604357518609,6
DRG1,0.059155047998129144,3
ELMO2,0.05913063362273005,4
AFMID,0.05912560347248347,2
SIRT7,0.059102345044643755,6
ARHGAP1,0.059064041697507313,3
GTSE1,0.05906082051638002,5
EPAS1,0.05905646153145948,2
NSMCE4A,0.05902776357493052,6
COQ6,0.05902364382465966,5
TNFRSF1A,0.05901930584610129,3
DNAJC14,0.05900425016184966,5
YIPF3,0.05899351641652291,5
HDHD1,0.05896653737412639,3
AK1,0.0589623577831043,5
UBE2E2,0.05896176202700746,2
AXL,0.05895541446664186,4
FBXO22,0.0589405564870254,6
DNASE2,0.05891243791573129,3
SOD2,0.05888093260099755,5
ARHGAP26,0.05886949155565629,5
SLC50A1,0.05886332649981698,6
L3HYPDH,0.05885041210196441,4
SEC63,0.05883158607932801,5
FBL,0.058824821404070665,2
AGPAT5,0.058807704762984164,5
COQ10B,0.05880112253871398,6
CLTA,0.05878511341966509,3
NOP2,0.05878325968791699,2
USP7,0.05876412571101317,7
WAPAL,0.058738171970808044,4
IL1RAP,0.05872745604088298,5
WIBG,0.05867212705196959,4
RMND5A,0.05865819143192341,5
APOBEC3C,0.058607772270782524,4
SIM2,0.058594121144467284,3
MAFF,0.05857987997188151,6
RER1,0.05854495693987485,4
CTSH,0.05853642575043261,3
MPC1,0.058506537144056306,6
CTA-217C2.1,0.0584857787062585,1
HAUS2,0.05842997365374688,5
ACOT13,0.058425514360003414,3
SPRYD7,0.058409699195116245,4
HDDC3,0.05838903181983275,4
PXN,0.058373511398904815,4
CIAPIN1,0.05837240445319412,3
RND3,0.058303136558321235,4
FNBP4,0.05828030764434035,4
RUFY2,0.05827024591951609,7
GEMIN8,0.058259885945073656,5
FAM86B3P,0.058242688552095176,5
UBXN2A,0.05820646769859338,3
BTBD19,0.05819355169608241,5
COPS5,0.05813968119307102,4
MAPK14,0.05812698162027019,5
IL13RA1,0.05808651725488811,5
AC007347.1,0.05808361466258423,5
STRA13,0.05807025815953996,5
HEXA,0.058056030398064555,5
RP11-111M22.3,0.0580498448832062,3
BLVRA,0.058006141145618265,4
GSKIP,0.058000499113885495,3
PHLDB1,0.05796119845950391,5
HECA,0.05792679666898388,6
BAD,0.05791510009177284,6
IFNGR1,0.057900990831507806,2
BID,0.05787599025416305,5
SNHG15,0.05787508417207692,3
MTCP1,0.0578317403325323,5
POMGNT1,0.05780073073698174,8
KIF18B,0.05778492704310774,4
ADAT1,0.05776311181986795,3
SEC22C,0.0577563192744766,6
FER1L4,0.05774424479052922,2
NSUN3,0.05771979067046051,3
STRN3,0.05771681093372039,3
MBNL2,0.05771315441981314,6
GTPBP8,0.05771250022710939,5
BRE,0.05767135699304745,6
CCDC53,0.05764777015234973,5
C1orf27,0.057626106585993535,6
RRAGC,0.05760199683508085,5
GPRC5A,0.05758805311389519,3
MANSC1,0.057578247755035034,4
MBOAT2,0.057563080735501225,5
DDX6,0.05753552314415486,6
ORMDL2,0.057516166281951796,4
RP11-311C24.1,0.05745341550687147,5
TMEM126A,0.05744555793660644,3
ATG4C,0.05742010609364041,3
MCRS1,0.0573296358677749,4
DCTN2,0.05729096365468033,5
METTL10,0.05728294269808233,4
LIAS,0.057281275159695305,2
CBX1,0.0572512943700688,4
LAMB1,0.05724004320754612,5
RP4-781K5.2,0.057214810940302084,6
NVL,0.057131740444117944,6
TROVE2,0.057130283977191824,3
PGM3,0.05712595568776089,2
USP1,0.05712246319286622,5
ACYP1,0.057120001779117496,4
OSER1,0.057105016455175864,4
C7orf55-LUC7L2,0.057028274187699186,5
NAPG,0.05702067297914841,6
TIMM21,0.05699218858453039,4
SHC1,0.056973419243412524,5
IPO11,0.056957075422294064,7
NUB1,0.05691282556292789,3
CYB5B,0.056910148786682685,3
MT2A,0.05687637443795464,3
ABCF3,0.05684843886753377,4
SERPINB3,0.05683737739472854,3
ERI3,0.056791264983622615,4
EIF3B,0.05678526700153232,3
SLU7,0.0567620066127392,6
CAPZA2,0.05675688857637246,5
ABT1,0.05674419545089897,4
PPP1R14B,0.05673218849449118,4
TPP2,0.05667131945967205,4
FABP5,0.05655676748994327,2
ATP6V1A,0.05654939115272108,6
PITPNA,0.0565419303245292,4
ATG16L1,0.05652624504871284,4
CDC16,0.056524218353419343,5
SMAD2,0.056506474740235894,5
CTB-89H12.4,0.056504894101675196,6
GMPS,0.0564457087416755,3
S100P,0.0564409272067309,3
G3BP2,0.05642467502624298,4
KRBOX4,0.05641043410049377,3
LAD1,0.05640422333588694,5
CHCHD6,0.05640320175831862,4
APEX1,0.05640263418831918,4
FAM58A,0.056315339578013074,5
FAM83D,0.05631399744505398,5
CEP170,0.056310112982241936,4
ABCE1,0.056273876749363655,4
ATF6B,0.056265873285090286,5
NR1H2,0.056226845052042854,4
IQGAP3,0.05622528774412293,3
BNIP2,0.05620885637424426,7
WBP5,0.05615924709948916,3
PHC3,0.056154392730661654,4
CNOT4,0.056065094456772394,5
YIPF6,0.05605733730435599,7
CDKN2AIPNL,0.05602083883504588,7
SHPRH,0.0560145220255778,4
CPSF3,0.0559578920253993,5
HIRIP3,0.055956526787095125,1
TBC1D31,0.05593803796584127,5
RAD18,0.05593470449764787,4
FXN,0.055921829822374716,6
C11orf54,0.05587251450583341,5
RP11-139H15.1,0.05587080275100384,4
RP11-349A22.5,0.05586921001284083,5
RBM47,0.055859917228533056,6
TFIP11,0.055857601960565155,5
VPS41,0.05583861186463124,5
ATP6AP2,0.05582963651064886,4
DTL,0.055811731043191135,7
CLK3,0.0558089786275959,5
SERGEF,0.05575287253212797,7
MKNK1,0.055745826866435665,5
ANKZF1,0.055637525269654306,5
GORASP2,0.05563075272329918,3
SYCP2,0.05561784081294778,5
CTD-2636A23.2,0.05561319963675495,3
SIGMAR1,0.05554500920977532,7
ENC1,0.05553965191931614,4
DLD,0.05552271523959877,1
TCAIM,0.05551427778415185,4
SNORD118,0.055476769913192024,2
ZNF12,0.05547298286567448,5
TXNL4A,0.05544535696138634,5
WDR6,0.05540645683262754,5
MOK,0.055385930131625065,5
POP5,0.055381167821819476,3
RP11-631F7.2,0.05536313154759704,5
UCK2,0.05536097989136771,5
NAGK,0.05533311503242418,4
MIR29B1,0.05531041937073837,5
TXLNA,0.05527515634909267,3
MTERFD1,0.055226329340725834,4
KNSTRN,0.055222746221853566,3
ANKRD13C,0.055197493670515164,5
TMEM251,0.055170243493682554,5
NFKBIA,0.05516186904867359,3
CDS1,0.0551570949780745,5
DPCD,0.05515266190842704,3
PCGF5,0.055144730195889266,4
CCDC12,0.0551085031969695,6
PTCD3,0.055091651232909856,4
ALDH1B1,0.055090356210131336,4
ZNF576,0.05505645204124353,5
BAG3,0.0550535434031238,6
MRPL48,0.055043953613305587,4
PLEKHG6,0.05503016229810181,5
RPAP3,0.05498244293439944,4
PRMT3,0.05496316229524513,5
NUP43,0.05494986746427284,7
NOP14,0.05494301271534616,2
FMR1,0.054929652569726026,7
Z82188.1,0.054928048925465406,3
UQCC1,0.05490321701261948,6
GRB2,0.054892961731126885,5
U91328.21,0.05487917238788123,5
WWOX,0.054878217354998184,4
OSBPL3,0.05482214741077711,4
INTS10,0.05482040401027082,5
PSMG3,0.05482013931671475,3
PFKM,0.05478038634161641,3
SETD5-AS1,0.05473416558276174,5
ZNF430,0.05471099701393989,6
KIAA0319L,0.0547003936888262,3
COQ9,0.05469510484767432,4
PRCP,0.05467431723181591,5
STAT6,0.054661239605333346,5
HKR1,0.05464027431732585,4
PPIC,0.05457164455216512,4
RP11-83A24.2,0.054571134842426,7
DDX49,0.05457047839853982,7
ATXN2,0.054547359659973864,5
XRCC2,0.05454368110604597,4
snoU13,0.05452614833704353,2
FBXW4,0.05447330367597146,2
PEPD,0.05441713111184959,6
TTC37,0.054376753542049516,3
MAP4K3,0.054373866557472596,4
DDX19A,0.054372681493153836,7
TRIP11,0.054335063824133036,5
NUDT19,0.05431743714873169,3
MED31,0.054266235113625313,5
SSU72,0.054247430128303686,5
CTD-3131K8.2,0.054238210808477946,2
HNRNPM,0.0542374489234005,5
UBR5,0.054234322339852085,5
CTD-2545M3.2,0.0542042185196384,5
RNF141,0.05418393833921698,4
MED27,0.05416273493779599,3
VPS53,0.05416212200169843,7
IGF2BP3,0.05415624241244132,4
SRPK2,0.054146397868312546,4
RP11-109M17.2,0.05412476780273435,4
MTMR12,0.05412056840017252,5
RP11-488C13.5,0.05410909138493164,5
DHX57,0.05410242282711135,6
AARS,0.054090999446937356,4
RPF1,0.05407462632550126,6
GPS2,0.0540616307137788,3
MAGOH,0.054055577542042314,4
RNFT1,0.05404580673473166,4
CARD8,0.05404334504602729,4
DHCR24,0.05402240027880823,5
DNAH14,0.05399360596554996,5
NFU1,0.05398840390610335,5
BET1,0.05397986854575807,5
CARD10,0.05396894513765985,5
DUSP1,0.05395835039265795,5
SEC31A,0.05391196945070533,4
TMCO3,0.05390133880404286,5
ARHGAP8,0.05389935866414474,6
MTFR1L,0.05387444751909295,6
ZNF16,0.0538535298015477,5
PRMT1,0.053853413242370765,4
AC009948.5,0.05381948059389878,3
SYF2,0.05380923430209269,3
GPR160,0.053806112569665825,3
AC019205.2,0.05377134559465792,2
DNM1L,0.053723576487543945,5
RDH14,0.05368960404085911,6
GPBP1,0.053669173290724105,5
TMEM206,0.053658494115120706,4
HMGCS1,0.05348965373235582,3
ABHD10,0.05346871544279818,4
OSMR,0.053431924581161076,5
ZC3HC1,0.053431085854827975,6
ZNF426,0.0533773699094541,4
MYBL2,0.05337411877436784,7
LYPLA1,0.0533500565655932,4
HIBCH,0.05332042076426763,4
ZSWIM8,0.053311051493212566,8
IPO5,0.05330432306407431,6
CLDN1,0.05328461637172219,5
RP11-299J3.8,0.053279444863373784,5
GLG1,0.05326338951765994,5
DONSON,0.053225258140693656,3
ALKBH3,0.05321811277424996,6
UBA2,0.05318736534732006,4
CASP14,0.05311006997294587,3
SLC18B1,0.053104399715659965,4
PPP1R11,0.05307297925873528,7
L3MBTL2,0.05304060533949925,6
PEX11A,0.053031528796324105,5
RNF216,0.05301733426728547,4
INO80,0.053007572034038664,4
CDC27,0.05298529991781922,4
NDUFV3,0.052972275654181195,5
MDN1,0.05293453737451991,3
MCEE,0.05293452936757037,4
RPS6KA1,0.05293256037845909,5
IDE,0.052915556656778065,4
MLST8,0.05289477693410603,5
CSNK1G3,0.052881651900909384,5
C1orf198,0.05287558333173505,3
GLRX3,0.052864189376586344,6
GBP2,0.052863287423898134,3
ACY1,0.05284339475549915,4
YAE1D1,0.05283810350323815,4
KDM2A,0.05283445085974866,6
NT5C2,0.052833233025373946,6
C2orf15,0.05282360410634316,4
PITRM1,0.05278036199111079,5
GTF2F1,0.05275338871373048,4
PPP2CB,0.05273651619499062,6
SDCCAG8,0.052719469193087024,5
NLRC5,0.05261885121710936,4
MROH1,0.05257173655009188,5
ANKRD28,0.05253738613973759,5
TMEM38B,0.05252647012405636,3
UBE2V2,0.052525098339133616,5
PTDSS1,0.052518875554752494,5
DNASE1,0.052473779809537054,5
MAGED2,0.052466691675511545,4
ZNF544,0.052463058810543785,4
COQ5,0.05240554576155557,5
ZNF3,0.05238841963506195,6
TMEM120B,0.052372195050411754,4
TOM1,0.05236720235272788,5
EZH2,0.05235854602655137,4
JAGN1,0.05235479965049032,4
TACC3,0.052326432783869344,5
UBE2L3,0.05228550298194954,3
PMS2P1,0.0522772698248608,4
IQCC,0.052272767175698585,3
RNF121,0.05226187686033028,5
REXO2,0.05224462416237683,5
GAS5,0.052172611697605946,3
NF1,0.05216843970630818,2
PTAR1,0.05215029352146117,6
HDAC2,0.052119696505567185,2
TMEM101,0.052108322265305436,6
PRR4,0.05210355635813239,7
N6AMT2,0.0520802781814569,5
GATAD1,0.05202742185239008,4
GJB3,0.051988034870636045,4
USO1,0.051975208601376534,5
VAMP3,0.051968892357763766,4
PKMYT1,0.051964607248200984,6
NFXL1,0.05196350838611316,4
UNG,0.05193875485286135,3
TARBP1,0.051928596159173696,7
INTS8,0.05188432098943489,5
MACF1,0.05186720126143973,3
RFWD2,0.05181498740146753,4
SEC14L2,0.051798424154105585,4
OSTF1,0.05179670225207202,3
APPL2,0.05178272441725392,5
EMC6,0.05170679430232943,5
RAB27A,0.051694192670132706,5
RAD54L,0.0516930824732626,7
ERC1,0.05168454857158327,4
RPA2,0.05164118846472602,5
HDAC6,0.05156631821558656,5
KIF18A,0.05155859207337512,4
MGEA5,0.051469975288963944,3
SCOC,0.05145102221505941,3
CRYGS,0.05137016913700574,4
CMBL,0.051340963290332955,6
AC023590.1,0.05131259937821491,4
RP11-220I1.1,0.051305313835424436,2
PTPRE,0.05129313863432783,5
NPLOC4,0.051287994993085916,6
MGLL,0.05127179363712967,4
ZCCHC10,0.05121760632351452,4
HMGCR,0.051212697594369486,6
TOR1AIP1,0.05120732582108837,4
LYPLA2,0.0511858073532316,5
CDK2AP2,0.051177789338146956,5
EIF5A2,0.05115629648501672,7
C6orf203,0.051068397436390266,4
TMEM18,0.051025425337551875,3
DPH3,0.05102376692022765,4
ABHD4,0.050983419684309736,3
MLK4,0.050953735212016196,3
BCKDK,0.05093914938025465,4
TTF2,0.05093761091387189,5
AL021707.1,0.05093741804293257,6
UGP2,0.05093497981151402,5
RTCA,0.050929953238200466,6
AC015849.19,0.05092962615165481,4
DYNC1LI2,0.0508958624359459,4
C1orf112,0.0508843683562002,4
MOCS2,0.05087922706586437,4
RP11-161H23.5,0.05086108084159676,2
GON4L,0.05086093011923619,2
SRM,0.05084272523667112,7
PCSK7,0.05081165796846375,4
NARS2,0.05078118783877684,5
MAPKAPK5-AS1,0.05077426302300933,5
SPCS3,0.05070848482870932,1
NUP160,0.0506989053785347,4
FAM65A,0.05064725677070156,3
GINS3,0.05064668559837768,4
PCID2,0.05064480163892722,5
YAP1,0.05062426865920868,5
UBE2G1,0.05061080177469348,3
HNRNPA0,0.050608653639327116,5
DBT,0.050601650011143584,5
FOXJ3,0.05059765083026011,5
VDAC3,0.05059063492716752,2
COPS7A,0.05058530768380625,4
MRS2,0.05057941570634196,4
BABAM1,0.05054054929309588,5
POP4,0.05053511174733716,5
KIAA1430,0.05052188773309085,4
ZNF34,0.05051901980571647,3
UQCRC1,0.05045870815516637,5
LRRC8B,0.05043744741803116,4
FAM149B1,0.050429688582985265,6
MRPL37,0.05040085880575394,5
HARS2,0.05039712833392327,6
LGALS3BP,0.05038710180625903,2
MRPL2,0.05035608920055873,5
DCAF8,0.0503538113043928,5
FXYD3,0.05032088443153766,5
NR1H3,0.05030246440543048,6
ARIH2,0.05028930645546629,4
WDR61,0.05028745947104059,3
DNAJB11,0.05027089751354528,5
C5orf30,0.0502594900777004,5
SLC35B2,0.0502522422183775,6
AKR1B15,0.05023020735133246,4
PLA2G16,0.05020765303820177,5
SH3GLB1,0.05020140851851968,2
NANS,0.050184200889750015,3
GARS,0.05017607127237468,3
C9orf156,0.05015574437158567,4
STRADB,0.05010824875271977,4
SART1,0.050086842142929626,5
KANK2,0.05007787249303982,5
TMEM209,0.05006616832805688,6
PDCL,0.05006215113678698,7
APEX2,0.050019005447892756,3
AC040173.1,0.049984943617998004,4
AD000090.2,0.049980332214168886,6
AC108488.3,0.04992585844499581,6
C1GALT1,0.04991248502178041,4
ARPP19,0.04989397526427225,4
STK10,0.049880481118928316,4
ZNF133,0.04988017051741549,6
NTMT1,0.049877461837078585,5
LYPLAL1,0.04980517240024664,3
IER5,0.04977315164783365,7
SREBF2,0.04976197577145849,5
CDCA7L,0.049746565565305746,2
CXorf56,0.04973347656710618,5
SUPT7L,0.04971266209006134,3
RP11-498C9.13,0.04970105080891563,3
LIPT1,0.049643951533165684,4
ZSCAN32,0.04957280545191546,4
RP5-1050D4.3,0.049568079748366974,6
EFNA5,0.04955008316557726,3
ZNF410,0.0495100234440802,5
PIEZO1,0.04940285343731081,6
GPBP1L1,0.049386848000526555,5
HMGB3,0.04938655930291696,3
ECH1,0.04935358544082938,6
C14orf142,0.049346333887570794,5
TMEM67,0.0493141486472258,6
JPX,0.049309269356308506,5
LTV1,0.049253307939955644,4
BLMH,0.049222591472076124,6
ALDH3B1,0.049219834104440294,6
XPO5,0.04921890880938128,4
MRPS28,0.049212861346185494,3
STX3,0.04917357613367005,6
GYG1,0.04914926015363575,6
KIAA0368,0.04910498729949567,7
NME6,0.049079161397749704,3
SLC3A2,0.04906802640586775,4
RP11-894P9.1,0.04906670907850509,6
MRPS27,0.0490533730622084,4
GALT,0.0490406479738504,2
METTL13,0.049023982352697504,5
CRNKL1,0.048966794839777505,5
TRIM28,0.048965918191700604,3
SENP5,0.04896069597672657,5
MINA,0.04891701409132196,5
APOL2,0.048901502763085546,4
SRP19,0.04889489772537659,4
PPIAP16,0.04887542127772866,5
AP1G2,0.04884498205335761,5
MANF,0.04880986980840251,7
ARMC1,0.048796159087749896,3
SYTL2,0.04878464239930893,2
SLC30A9,0.04877511296757756,3
GGPS1,0.04876677196840216,3
PRKAA1,0.04875534238172192,6
MRPL44,0.048747084447663215,5
ESCO2,0.04873882857552396,4
MMD,0.048722401469879675,5
CCSER2,0.04872163136322146,5
TK1,0.048712991791240286,4
YY1,0.04869023731171537,3
SDR39U1,0.04868697119960632,4
DDX59,0.0486608888164382,5
CCBL2,0.048635537834430184,5
MRFAP1L1,0.04861788088009441,5
CDK5RAP2,0.04859647391854188,5
KLK7,0.0485917242647512,4
TM7SF3,0.048566554423277966,6
TYK2,0.048532207293475654,4
R3HDM2,0.048507506402046194,4
LEPREL1,0.04846966858263649,5
C9orf89,0.04846622685397313,5
MORN2,0.048464894392485115,3
SLC35C2,0.04842460407341646,4
GNB1,0.04840472833623647,6
BCS1L,0.048402099617110624,5
CCDC93,0.04837266845891363,4
C1orf43,0.04836209418284775,3
PCNA,0.04836035117628563,5
DMAP1,0.04835695603431332,6
RAP2C,0.048335690040527034,5
TBC1D1,0.04832404544662516,4
GPHN,0.04828980433150917,4
AC040977.1,0.04826117276540583,3
LAPTM5,0.04824956422654488,4
TPD52,0.048222680512521,3
BMI1,0.048178268438245755,6
MLH3,0.048169164583800377,6
TMEM189,0.048165325328405346,6
KCTD6,0.04815690771453832,7
SNORA8,0.048139439753659016,3
BCL7B,0.04807093115260458,5
PARP2,0.04805585607598377,5
UACA,0.04805456139805415,3
DCTN4,0.04805435416267455,4
NQO2,0.048036368651759205,4
ZNF331,0.04803525661697721,5
ITFG3,0.04801502173824467,6
ZNF271,0.04798637391817836,6
LSM4,0.047985001958354374,4
PCED1A,0.04798448918628632,5
SYS1,0.04798066307793453,6
MTHFD1L,0.04793022939997321,7
CEP95,0.047864955106844354,3
AMZ2,0.047838423231605316,4
AASDHPPT,0.04783021372131538,5
LRRC58,0.047797305742008814,6
MED7,0.04777510469453547,3
TIA1,0.047752735169338964,4
BBS1,0.047685993380070346,5
AAR2,0.047672733001723484,4
CDK16,0.04765288451757173,6
RP11-295G20.2,0.047642863837417095,5
SAMD4B,0.047594381884138066,4
GRB10,0.04757368086245728,3
USP15,0.047532172772893,5
BAZ1A,0.047522371350972356,4
C5orf34,0.04751638433042906,7
ALG3,0.047422737291209195,4
MSMO1,0.04741401835188822,5
POLE2,0.047351026856532565,4
C5orf24,0.04732668310589626,6
GMPR2,0.04731271253373607,4
SPTLC2,0.047302662210155035,5
OAF,0.04728285761425157,6
TAB2,0.04724460857944016,4
CEP152,0.047226264761190594,3
C1orf174,0.04721377246850058,3
TAF13,0.04720908923087361,4
CLIP4,0.04720197658275552,4
ATP2C1,0.047192535329506465,4
INIP,0.04716906852233619,4
PDP1,0.047168916206991554,4
ORC6,0.04716631460469487,2
C2orf49,0.047144317055311157,4
THAP5,0.047136620355087824,4
ABHD16A,0.04711611870978268,6
UXS1,0.047083776941640905,6
TBRG1,0.047078559169809735,5
ACBD6,0.04699176249043331,2
GLTSCR2,0.04692408931311486,5
PDHB,0.04689328800118044,4
ZNF28,0.04688702542508781,5
EXOC4,0.046876209048923784,4
DERA,0.046854453937414206,6
RRP36,0.04683328840488588,6
METTL5,0.04683237901838827,5
GAPVD1,0.046822934202753616,5
LDHAP4,0.046779779327128686,1
SLC35F2,0.04676631294440803,3
TNS3,0.046747718410063456,3
EDC3,0.046741314327600134,5
CDC20,0.046720948543402786,4
ANKRD10-IT1,0.0466934372272031,5
MEMO1,0.04668941599165404,5
RP11-841O20.2,0.046681180760426266,3
MLF1IP,0.04665839482404581,5
RNF34,0.04664601152573182,6
XXbac-BPG252P9.10,0.04664103790929886,3
MRPL40,0.04657451681630806,4
AP001877.1,0.04653848206341101,6
NET1,0.04652226862105718,5
SLC35A5,0.046521861887485645,4
RP11-804A23.4,0.04650163984824345,4
CLPTM1L,0.046485063470697544,5
FAM96A,0.046482921290980535,5
UBXN7,0.046474971471255254,5
C11orf49,0.04647106984873984,5
RBM7,0.04644819980907047,5
PSEN2,0.04643988894856048,7
WAC-AS1,0.04642710011582587,6
ARL6IP6,0.04635595566537311,6
JTB,0.0463261049006022,6
BRI3BP,0.04630974760195599,8
PPP1R13L,0.04628013061734345,5
HIST1H4C,0.046260442922146545,3
KLHL12,0.046257061073389436,4
SECISBP2,0.046243899275435346,6
CEP78,0.0461759983116218,6
RDH11,0.04617204896501588,5
CCND1,0.046152440396655545,8
FOXP1,0.04613613865634276,3
NSMCE1,0.046099255513106,6
RP3-523K23.2,0.046096950978809476,5
LINC00116,0.046092423723951705,4
SCRN3,0.04608221468633107,6
INPP4B,0.046060312001241756,3
C9orf85,0.04605337126927287,4
ELOVL1,0.046045242468811684,5
SNX27,0.0460355008719443,3
ZNF738,0.046008995354015,4
AC016747.3,0.046004139738703625,5
GEMIN7,0.045967250699734924,4
RAE1,0.04596657977581189,5
LARP1B,0.04593708110452755,6
FLAD1,0.0459181991426718,5
CDC42SE2,0.04591403775117181,6
MPI,0.04587258000744305,4
MLEC,0.045842077329152735,6
PM20D2,0.04583958376979534,5
FLOT1,0.04582947288965589,4
NDC1,0.04580274193000257,6
PRMT5,0.04578493049408687,5
TMEM134,0.04577166132733933,4
TRIM44,0.045708317011685866,6
RARG,0.04570469834663498,7
FBXO9,0.045703925776355195,7
NUDT2,0.045672563536678465,4
VPS33B,0.04566622881152743,3
DLEU2,0.04564354164258338,5
RCAN1,0.04564353147869472,5
GPR116,0.04562173989785057,5
POLR3C,0.04559301776140218,5
DDX10,0.04557319963522941,4
KIAA1143,0.04556077030029882,6
LARP4B,0.04554190918198755,3
PAF1,0.04554186827440596,4
CD55,0.04554023898826959,5
G2E3,0.04552064448917032,7
YY1AP1,0.045476666511536507,4
KATNA1,0.0454638780858114,6
RUFY1,0.04543755777848591,3
SAT1,0.04542596491283289,5
MCM7,0.045354532004889106,5
MRTO4,0.04534852672700126,5
TNPO1,0.045341176833298,4
RP11-21J18.1,0.04530126298552156,5
SPATA13,0.04528121047414904,4
EID3,0.04525927147287173,4
ARV1,0.04525085436902584,5
PLOD2,0.04520002761318384,4
MRPL52,0.045192845267380426,3
ZNFX1,0.04518651900205145,3
AC007382.1,0.04518155584245121,4
PAM16,0.045166792362252906,5
PTX3,0.045127208970723746,6
FGD6,0.04511733160955267,6
COMMD9,0.04511060041706107,4
AP003419.11,0.045103150550288754,7
LINC00969,0.04508519039622609,5
UBA5,0.04508493779809619,6
C1orf131,0.04503038681928314,5
THOC5,0.045023776191337087,3
LAMC1,0.04500068576540874,4
UBA1,0.04499155585080386,5
COX6B2,0.044990646474414774,5
STARD10,0.04498979885933318,5
ALG5,0.044988586952611896,3
RP11-443P15.2,0.04497714409077052,5
SYNJ2BP-COX16,0.044929535533796104,2
RAB30-AS1,0.04489806534854925,5
PIAS1,0.044884915679878436,5
RABAC1,0.04488213234950044,1
MTFP1,0.04487415545468609,6
MRPS31,0.04487216243195613,4
POP7,0.044870073555814995,3
COA6,0.04486409837577381,2
CAPN12,0.04480491033761523,5
ACAP2,0.04479004246110971,4
RP11-465B22.3,0.044782406321604025,3
LGMN,0.04473553216103797,6
PLGRKT,0.04469507259496106,4
USE1,0.04468627558188252,4
PLTP,0.04466413993663539,3
OGT,0.04466068473893884,4
RPP14,0.04465933570864069,4
UBAP2L,0.04461793628961388,2
CTD-2196E14.4,0.04457891960373566,7
TMEM218,0.044566773911279924,3
PRPF39,0.044559589242998424,3
SNORA31,0.044554552034811234,4
RP11-66B24.4,0.04453055165285232,4
UTP3,0.044527632639542875,4
GSAP,0.04452563138689285,4
YARS,0.04451681773547549,4
RBP1,0.04448998564913859,3
SULT1A1,0.04445255658312185,4
SEPT6,0.044415688242975475,6
CMTM6,0.04439712948261133,4
HAUS1,0.04439432550516221,4
CDS2,0.044334646877605764,3
PEX13,0.04433354514039544,5
FAM49B,0.04431026351455963,6
SSNA1,0.04430078611368197,3
NDUFAF5,0.044277774786121354,5
RRP7A,0.04425196541889267,5
PI3,0.044250906165339284,3
TACC1,0.04424956028892473,5
GFM1,0.044247934863127586,6
POLA2,0.04424610589680497,6
TYW3,0.044231801937816395,4
EIF2AK1,0.044193657529436534,4
STK38L,0.044177700739347806,6
YTHDC1,0.044162751467008626,7
TOP2B,0.04415542838561645,3
POLR3E,0.044132749979552056,5
AC009403.2,0.04413194805841908,4
GPX8,0.04412590122428739,5
ISCU,0.04412467745869119,4
TFDP2,0.04407171943721939,5
TIPRL,0.04396878212101398,4
TMC4,0.04395953563250554,3
YARS2,0.043929612746942584,7
TMEM19,0.04392405418576006,1
ADH5,0.0439198976516714,5
IDI1,0.043884080067071486,5
SLC31A1,0.04386708505940206,5
WDR89,0.04384809154342341,5
RP11-264B17.2,0.043814404324236854,6
PCF11,0.04380853498056414,4
TP53I3,0.04378593897800795,6
KANSL3,0.043776746316578984,5
LIMS1,0.04371926089413288,4
CC2D1A,0.04368809283226206,5
LINC00221,0.04361992175008495,3
SSX2IP,0.0436149168306317,7
SMAD1,0.043602723378610965,3
PRC1,0.04360046474663398,4
TMEM241,0.04353161157710018,6
STAMBP,0.043523932553868834,2
APTX,0.04351690941358884,3
DTD1,0.0435156413381999,8
AMFR,0.043479001719867814,2
UMPS,0.0434723191302689,4
DNAJB12,0.04345465313548775,5
CSNK1E,0.04342303216422085,4
LYRM5,0.04340449183244066,5
AGR2,0.04339132871771495,4
B4GALT4,0.04336923286512232,4
CNN2,0.04335503974611524,5
RBM18,0.043325299608233024,4
CFL2,0.043322590127736045,7
DNAJC24,0.043318153839008874,5
GALNT1,0.04330303010157845,5
GNG12,0.04328986835621776,5
CRLS1,0.04325463700085845,5
ZCCHC7,0.04324663987993315,4
RAF1,0.043246092851024695,4
RP11-137L10.6,0.04324524279290928,6
HES1,0.04324465023081565,6
ABHD17C,0.043239734896521484,3
CD276,0.04322055652830758,5
IMMP1L,0.043214550418567414,6
AKAP13,0.043209593697092194,5
PMM2,0.04318212643567359,7
HILPDA,0.043158987224512405,5
RMDN3,0.04314516380253493,2
C1orf172,0.04312933187252029,6
NMT2,0.04311358302614776,6
RP11-138A9.1,0.0431105612337463,6
STARD3NL,0.04307911552897546,4
DYM,0.04306899942956192,4
PRKDC,0.04305423050151327,3
ADNP2,0.04303070807072327,5
TTC26,0.043019605370396334,4
PPIAP2,0.04301446084666451,3
OSBPL2,0.043010326565695936,3
LRP6,0.042986876435576825,6
PIK3CB,0.042956423511538035,4
CENPM,0.04294845093348128,5
ASUN,0.04293041374283819,5
SLC25A46,0.04292802946154937,5
AC004510.3,0.04291932970253763,5
CHKB,0.042884954451062794,4
SCMH1,0.04288351715047803,4
SPAG16,0.042879889664544056,5
NBN,0.04287711014203412,2
TCTA,0.04286890076476508,5
DIMT1,0.042863344996212645,5
NUDT22,0.04285764850593639,4
PTTG1,0.04285220712693004,6
FKBP11,0.04284310121581701,6
RBM28,0.04281226054309497,3
CKAP2L,0.04278731982187961,4
METTL8,0.04278611669807103,2
STAU2,0.04277892341220737,4
ECT2,0.042769167792632054,4
RP11-469M7.1,0.04276620614788695,4
SNORA28,0.04276038243917188,5
CSNK1D,0.042739773376789886,5
WWC1,0.042658664263013936,5
MCCC2,0.04263775067239471,6
HSDL1,0.04261367517456103,6
INTS9,0.04259903079876135,4
EFTUD1,0.0425527628273385,3
PIK3C2B,0.04253035104111236,3
ELP2,0.04252555324211164,6
CDCA7,0.04251386685988071,7
MAP2K2,0.04249060713547244,3
SLC39A11,0.042483374124117436,3
GMEB1,0.0424457283891202,3
MRPL3,0.042440513282194954,5
ZNF700,0.0424320685265825,6
C2orf43,0.04241869192612275,4
AP006216.10,0.04240554320929041,5
SLC29A3,0.04239180315690299,3
CBFB,0.04237728658392928,4
RP3-340N1.2,0.042366541572385535,7
NAT10,0.04234256311411795,6
TOPORS,0.042340508677658505,4
ACTR1A,0.04230939679165315,3
SF3A3,0.0423057178933852,2
SELK,0.04228253931401997,4
COA5,0.04227648533194908,3
AC083799.1,0.042275805814625075,5
POLG2,0.042273328861151274,6
GGNBP2,0.042261682129975775,5
ACO2,0.04225924033973808,3
VPS13A,0.042258432970192175,5
IL6ST,0.04223018859431604,3
MCCC1,0.042227699171212434,4
RABL2B,0.04222612360971215,3
POPDC3,0.042219829636576535,3
SLCO3A1,0.04221970981692959,5
STK38,0.04216950297537637,5
SLC19A1,0.04215815374248631,6
PPCS,0.042139015087039974,3
SNX7,0.04208249056842205,3
NEDD4L,0.04205598801722716,7
NEDD1,0.04201448442832124,3
C9orf3,0.04196944000016105,4
TMEM127,0.04193836466932552,6
DNAJC7,0.04192464794109668,5
RP11-513I15.6,0.04191516952067324,4
DAPP1,0.041908989779361784,5
UBE2B,0.041866541817353914,3
DHX33,0.041856717073436515,6
SAP30BP,0.041847257926590276,5
C11orf83,0.041842556084568064,4
P4HA1,0.04183992790064425,5
NINJ1,0.04181649806038002,5
SNORA25,0.04173987874385157,4
RHOBTB3,0.041671955557153306,5
ITGA5,0.041667636717532895,5
OIP5-AS1,0.041665326114413384,4
METAP1D,0.041610536760104885,4
FAM208B,0.041527758268662694,2
MRPL34,0.041520494388317744,4
CNOT1,0.04151472242571555,7
ZNF721,0.04151210892454847,4
DCK,0.04149841617131265,4
GPALPP1,0.04149836836523907,5
RP11-580I16.2,0.04149668573631926,4
PLIN3,0.041459171356446355,5
RP11-498C9.2,0.04145127687142256,5
NAA35,0.04144982676088041,6
SAP130,0.04144644112501841,6
AC015987.2,0.04143987426874941,5
BAZ2A,0.04143793599211315,4
QARS,0.0413780563729013,6
TAF2,0.04128048132705432,3
NDUFA5,0.04126778781527446,5
WBP1L,0.04126086882510069,6
JUP,0.04125778736576476,3
DYNC1LI1,0.04125347717055285,6
KNTC1,0.04118879733385503,5
MAP7D3,0.041164202578650486,6
AIF1L,0.04105660473821888,6
DHRS1,0.04104300829024427,4
HENMT1,0.041042730535782376,6
CDK4,0.041030980921707184,4
CTDSP2,0.04099270946932412,5
GTF3C2,0.04097487791685047,4
CLUAP1,0.04097351363442136,6
GLA,0.04094938058289667,3
KIAA0141,0.040908472167505885,2
ORC5,0.040852629744016315,5
TMOD1,0.04083854708601383,7
HEATR2,0.04082824016396099,3
SPIDR,0.04081594857122128,6
DECR1,0.04080879796936403,5
WDR73,0.04079819578837829,4
LIG1,0.04079800025926345,5
MTA3,0.04078436895377337,4
PTPRK,0.04075510672707535,5
DGAT2,0.04074903011217923,4
PGRMC2,0.04072552435961731,6
ITGB3BP,0.0407035679959531,4
ANAPC7,0.040680563579322045,4
AIFM1,0.04067595282637879,2
MIR3918,0.04067506393370651,4
DHRS4-AS1,0.040655791887074695,5
VHL,0.04064289362033233,4
WBSCR22,0.0406393872695584,2
STC1,0.04063507655589922,4
STK25,0.040619377995556406,4
CAD,0.040618950351671776,6
GTF2E1,0.04054756344502795,5
VTA1,0.04051080182647887,3
RDH13,0.04050530576373424,5
UNC45A,0.040500904495164004,6
ANKRD42,0.04049955816497473,4
GUCD1,0.040496074508709116,3
GFM2,0.040464672048518606,2
ENDOV,0.040456328118153154,5
PXN-AS1,0.04042698629501021,2
CINP,0.040424126622379,3
PDGFA,0.04041979507369196,7
OPA1,0.04041125297720283,3
GEN1,0.040410225779171006,6
ATP6V0A1,0.04039885151220006,6
CGRRF1,0.040343560756546396,5
ING3,0.04031519898967007,6
LRP12,0.04029046009075936,7
MET,0.040224597628624764,3
GTF2E2,0.04018978248794605,4
ZBTB38,0.040165357589432404,5
DENND4B,0.04016444351279399,6
NTAN1,0.040146749472259276,2
SLC39A10,0.04013904218904099,5
TSPAN2,0.040138688922662695,5
DEFB1,0.04011223325844962,4
C19orf54,0.04010968279839902,3
PTPN2,0.04010853054546805,3
TMEM60,0.0400716035902989,4
FAH,0.040059575198573213,2
LOXL2,0.04000140303293768,4
ZYG11B,0.03998777213434263,5
TMED1,0.039962895503097985,4
ACOT8,0.03994060818012101,4
ZNF131,0.03992957159671353,4
ARID2,0.039912232300912155,5
HINT3,0.03990788285785068,4
INO80C,0.03989813089420931,5
LYPD3,0.03987306971903178,4
RAB18,0.03986347851264421,5
SRP68,0.03985525246268706,4
VGLL1,0.03985097906650934,4
ACSF2,0.039847325013851465,6
SH3BP5,0.03976142774650298,4
CHCHD5,0.039751044057383514,6
TXNIP,0.03974923484414179,5
AASDH,0.0397348012451777,5
CMTR2,0.03972817642727173,2
DDX41,0.039727105491809446,5
FKBP14,0.03970858680894248,5
POLR2D,0.03969365875673133,4
KDELC2,0.03967378621971019,3
ESYT2,0.03961256824540515,4
SNF8,0.039609912183519294,4
SLC41A3,0.03960636545124857,6
SMIM12,0.03960597187152468,4
ELF4,0.03959545699325703,5
GTF3C3,0.0395847689425604,4
C12orf65,0.0395838927381865,3
SFR1,0.03958333141996324,6
SNAP29,0.03956999923813411,6
NF2,0.03956691181128484,3
TRIP13,0.03954806443156811,5
AGGF1,0.0395298961592228,4
SMU1,0.039521357780719864,2
NMD3,0.03951119331369733,4
KIAA2026,0.039509512225865906,4
APPL1,0.03946678919342296,2
NUMB,0.03946199037234517,5
SC5D,0.039448523384455494,3
CHM,0.03942916640661189,4
PCNT,0.03942210160935151,5
CFB,0.039418934916835596,3
EML4,0.039416624340789644,7
GFPT2,0.03941132762372907,7
SLC25A14,0.03940598460808933,5
MYD88,0.03932286419592649,3
FEZ2,0.03930585571923011,4
MAL,0.03929927084542093,4
PLEKHA1,0.03929199358080333,4
PHF14,0.03926158690608704,6
LIMCH1,0.03924338124611617,4
GLCCI1,0.0392029902813266,5
TRIM45,0.03919676471846853,5
ARFIP2,0.039194792861116885,4
KIAA0586,0.03917108666810539,6
FANCM,0.039152681060208264,4
LPCAT2,0.03914527352178601,4
ATAD2,0.03913378534390766,4
PIK3R2,0.039120361642352657,4
RP11-307P5.1,0.039115331253606216,4
MRPS2,0.039097692223429986,5
AAMDC,0.03903399151102448,4
LRP11,0.039016203838354614,5
AC120194.1,0.03901421773112314,3
TBC1D8,0.0389777576999144,6
NKIRAS1,0.038975842692846416,5
FBXO38,0.03896512468359452,5
THUMPD2,0.03893455784281602,5
DVL3,0.038910136741220985,4
GEMIN2,0.03890526866800375,4
SOS1,0.03890376585070565,4
MZT2B,0.038869377784610054,3
LINC00888,0.038862005195732276,3
ABHD14B,0.03884430636837141,6
CDC73,0.03880195876348636,5
CRBN,0.038796752652547166,3
PCNXL4,0.03878945772993858,5
PTBP2,0.03878744005101195,5
TMBIM1,0.03876006351047528,4
MAP3K13,0.03873470749492063,6
TP53BP1,0.038725290895323165,5
COG7,0.03871921716083332,4
ARMC6,0.0387183768797908,5
CRHR1-IT1,0.03871818205926056,3
DHX36,0.03869344594852577,4
PINK1,0.038691619962657575,7
CTAGE5,0.038656765048386124,5
DBR1,0.03863070613552137,4
LAMA4,0.038624363459574575,4
EXOSC9,0.03858448081969993,3
ALKBH4,0.0385553906155112,5
ARL13B,0.03855401763170823,5
RNU6-26P,0.03852660837761866,3
TSPAN3,0.03852657118406802,5
PET112,0.03846532311642671,5
TXLNG,0.038460179223707446,3
PVRL4,0.03843667405256818,4
GCC2,0.038436415553302544,6
RP11-1149O23.4,0.03842511203891014,5
KLHL5,0.038409387498461435,5
RAB5A,0.03837499889565569,4
ICA1,0.038373429951415065,4
TMEM30A,0.038354869595054936,4
TNFRSF10A,0.03834816408777759,5
ZNF789,0.038311349090408876,4
NDUFS3,0.03828073613105106,5
ALOX5AP,0.03826331937519813,4
HMBOX1,0.03825399559775734,5
PHKG2,0.038232689975691965,4
LRIF1,0.0382264459197125,4
SERP1,0.038197605983107286,5
CRCP,0.038131131680306914,5
C15orf52,0.0380510099829484,6
PDZD11,0.03804982863652299,5
PTPRM,0.038040102736390774,4
MICU1,0.038028571964626834,3
AK4,0.03794617153688402,5
COX5BP6,0.037874621632036164,4
RBM5,0.037860727391165,6
COL7A1,0.03785492742163523,5
ERBB2IP,0.03784840223096316,4
SLC35E3,0.03780472694168468,3
PAFAH2,0.03780262094319209,6
WDR44,0.037790023293272614,4
PPWD1,0.03776650265978377,5
TAF1,0.03772986169787976,6
NIN,0.037718368524790796,4
GALNT12,0.03768156147741135,5
SPATS2,0.037666451177010334,2
NOL12,0.03764893315021745,2
MAPK13,0.03763945894157102,2
CERS2,0.03760607200405703,5
TMEM222,0.037604964081293935,4
RNF113A,0.037601447519043964,5
TXNDC12,0.03759197347105915,4
RRP7B,0.03755077362091867,4
PTPLAD1,0.03754601589901656,5
NUP37,0.03754294987609023,1
RP11-169F17.1,0.0375207244075427,6
EXOSC1,0.03750008408289151,5
C9orf38,0.03749239490604996,6
MAN1B1,0.03747419522073451,4
C12orf43,0.037435400375528755,5
PRR14L,0.03741268181995718,4
SRP54,0.03740767298065221,4
INHBA,0.03740496097708048,4
TMEM245,0.03735667803293222,5
RPUSD3,0.03731237508450302,6
TRAPPC6A,0.037288157240943656,5
FKBP2,0.037270938081012825,2
UTP6,0.037239914009053264,4
SLC44A2,0.03718650881211442,4
MARVELD3,0.037082623674457596,4
ASAP2,0.03707617821229085,2
XIAP,0.037069265063884305,7
RP6-65G23.3,0.037017203136978864,2
ZFAND2B,0.03701003778269938,7
COMMD1,0.036992318800520174,4
RBBP6,0.036986423287026754,5
MIR205HG,0.03697464295075197,4
DSTYK,0.03693842301611241,5
SPC25,0.0369194951259075,2
TSPO,0.03691921617951083,5
COPS3,0.03690782313022394,3
HSDL2,0.036904217163799526,5
LRRC8A,0.03689819472996673,6
TTC4,0.03689682170281389,4
ASH2L,0.036894967100594984,3
RUNDC1,0.036876793754708335,5
UBR7,0.036828252714375856,6
SP100,0.036795762144779774,4
DSTNP2,0.036777172863346745,6
TBC1D17,0.03676156573680052,5
CAPZB,0.03674438077924873,4
NOTCH2NL,0.03674351719228019,3
ORC1,0.036736162396663205,3
KRT17,0.03670433509044993,1
RPS19P3,0.03668144020779242,4
DENND2A,0.03667421532533056,3
ANKS6,0.03666339887435684,4
KIAA0907,0.03665676626636808,4
PAPOLA,0.03665493318568507,7
PBDC1,0.03664771073250902,2
UBL7,0.03664146666734914,6
ERBB3,0.036625873886015195,4
TGFBI,0.036619950036082885,3
PLEKHJ1,0.03661812593826547,3
C19orf40,0.036577522511402845,2
ZNF350,0.03657405077996177,6
XPNPEP1,0.03656691540858727,2
COMMD4,0.03655558790114055,6
GRSF1,0.036551075320018216,4
RNF217,0.036509070223206604,5
MTRR,0.036499975742584116,3
CTD-2228K2.5,0.036498778028482025,6
YIPF5,0.03649524482863799,2
KEAP1,0.03647322493926087,6
UBE2G2,0.036471299352376176,5
XBP1,0.036461455905266046,5
MORC2,0.03646085412183708,6
NUP98,0.03645390560120016,3
PPOX,0.0364415004715818,4
RP11-294J22.6,0.0364383677088855,4
HCCS,0.03636884858723526,6
AGTRAP,0.03635806860614767,7
NUP54,0.03633808720077709,6
RBM4B,0.03632606676596189,6
CTC-359D24.3,0.03631849553678534,6
SAAL1,0.036304298447224215,6
CAMTA2,0.03629486359725771,7
MARVELD2,0.036282994085488546,3
DERL2,0.03621209961133985,4
TSEN2,0.036196689556679894,5
NUP35,0.03616942901314139,7
TMED3,0.03609018645205327,4
ARNTL2,0.036035863966055084,4
RP5-930J4.4,0.035993368968335306,4
USP9X,0.03597566671049534,3
ALDH2,0.035940367112250016,4
USP16,0.035936193108107355,2
TLDC1,0.035918755483643344,7
MRPS11,0.03589752713337018,3
SIL1,0.03585136099802381,4
NKIRAS2,0.0358305979272932,4
FBXO46,0.03580569183871603,4
RNF31,0.03578900489787744,3
BCR,0.03578078416960796,6
NDE1,0.035751535979863996,5
RP11-452L6.1,0.03570326075188656,5
ZNF561,0.035667672225599203,1
LMO7,0.035652117803846944,4
MPHOSPH9,0.035650486337759774,5
METTL18,0.03564662581167458,3
ZNRD1,0.035629073384492824,4
PIK3C3,0.0356177769375492,7
USP14,0.03559470593350884,6
RNF139,0.03559288297734264,4
SGPL1,0.035553853332487,3
DNAJA3,0.035550761288282405,4
TIMP1,0.03551155687615746,3
FAM107B,0.0354871861488177,5
PAN3,0.03548356329555867,5
PSMD6,0.03546233392165596,7
ST6GAL1,0.035454264845780806,6
POLR1B,0.035443160613215965,4
SS18L2,0.0354378001475571,5
ITSN1,0.03543581446717813,6
TWF1,0.035411233535070044,6
MTAP,0.0353846386908123,2
CCNE1,0.03537854320708164,2
CTD-3222D19.11,0.03536507770382014,3
C9orf41,0.03532175754802476,4
MAP3K4,0.035317453979316585,6
LGALS1,0.03527906356674477,4
AMPD2,0.03527721433259262,5
TGFBR1,0.03526824010480886,5
MPPE1,0.035242143068537485,3
STIL,0.035222851737987816,5
TRPV1,0.035210884803352514,5
ALKBH1,0.03517151117309866,5
GTF3C6,0.035164120355002285,6
TPD52L2,0.03512677737582435,4
KRAS,0.0351183731602645,4
RP4-814D15.2,0.035117653156172615,6
ZFYVE21,0.03509797666928973,4
MYOF,0.03508195589175888,4
FASTKD5,0.035048823090794476,5
ANPEP,0.034969912655308126,5
ERCC8,0.034956798639456124,5
EGR1,0.03495127622675391,5
GINS4,0.03494803330405454,3
TSTA3,0.034924259663955404,5
CTD-2583A14.11,0.03488006192552071,4
MRRF,0.03487078068189664,3
FUNDC2,0.03486586590680525,3
SPINT1,0.034850102471393245,7
HSPA4,0.034844531265712346,6
TULP3,0.03483379705254877,4
ISG20L2,0.034832312455972396,4
CTC-444N24.11,0.03479627192939822,5
MBIP,0.03476629152879148,5
NGRN,0.03474230589834662,6
COX7B2,0.03474055189857046,4
ELF3,0.03473100160026816,6
MARCH9,0.03473021663074251,3
STK17B,0.03470356424733244,4
EIF2S1,0.03469349886611253,4
PTPN6,0.034676294445324655,3
TMX3,0.03467616580274531,6
SIRT5,0.03466531443277472,3
C18orf32,0.034650675751068595,7
ZDHHC5,0.03462130400084278,6
CTD-2349P21.10,0.03460987495462995,5
EDEM3,0.034604467557201826,4
SLC25A16,0.034596043544836017,5
GOLGA7,0.03454977057297677,5
TARBP2,0.03454921306945032,5
KRR1,0.03450861312888352,6
HYOU1,0.034470398889058534,6
GTPBP4,0.03440826598790406,5
SLAIN2,0.03439466751205738,4
ATP10D,0.03437315527635682,6
KPNA3,0.034368402221246507,6
BCKDHB,0.03435929456084212,7
CRLF3,0.034349670101027636,8
SLC39A8,0.034343998765727066,6
CCDC66,0.03433829421811128,3
MAD2L1BP,0.0343341696490013,4
ISOC1,0.034333358119886866,4
METTL3,0.034332722222166254,2
SRGN,0.03431950735855228,6
TMEM156,0.03431876145362465,4
WDR11,0.034302883675972624,5
CCDC69,0.03429713349868983,4
TXNDC15,0.03428705406213382,5
KLHL28,0.0342700530361903,3
PDE8A,0.03424970791126362,3
MTIF3,0.03421592645409674,7
IMPA1,0.03421436168498674,2
TSR2,0.03419341203705606,5
AC107016.1,0.03419095467967653,4
NUDT21,0.03417586175427405,6
WDR45,0.034162884435034666,4
TMEM261,0.03414690242494916,4
RNF220,0.03414453845893692,5
TAF1A,0.034134201057751015,4
PLD2,0.034127810373667584,6
IVD,0.0341148995139637,4
YTHDF1,0.03409889974411431,5
IMPACT,0.034084084716210515,4
ZNF266,0.034082020931042144,3
YME1L1,0.034027548300448816,5
ZNF121,0.03402721508052673,6
GNS,0.03397795042590396,6
RP11-473M20.14,0.0339698556282926,2
DPH5,0.033929715582356385,5
MIPEP,0.03391253742822541,6
ZFYVE16,0.033905668285308284,5
E2F8,0.033889275618311725,5
NSDHL,0.03388700457929171,4
ZFAND6,0.033886900714449546,4
TMEM254,0.033879170685431455,1
SPAG9,0.033860494359662735,4
ARMC8,0.03384998880599053,5
MED24,0.03384839255923491,6
TPRA1,0.03383241940064321,2
MST4,0.03381409693959018,4
SLBP,0.03380810420581377,5
TMEM11,0.033792091329941626,4
SMTN,0.03378622321243717,6
PBRM1,0.033737753121479246,4
BAG4,0.033732390292243855,6
ATM,0.033731754247239426,6
RP11-438N16.1,0.03372371227637464,4
STRBP,0.033715533329129264,4
NMNAT1,0.033695837168491484,3
LCN2,0.0336869927901113,4
TIMP2,0.033678066177253496,4
SLC35A4,0.03362872251868665,3
USP32,0.033616349533849524,5
WHSC1L1,0.03360613425207312,3
PCDH7,0.03359203397450297,4
STK4,0.033582606353919534,5
RPP40,0.0335740998500908,5
ABCC5,0.033542787856835,3
CNP,0.03352432895319651,4
EPDR1,0.03352294737798499,5
ZCCHC2,0.03348979501887047,4
MXD1,0.03347948750289686,4
BRD8,0.033474659618259635,6
ZNF839,0.033461592648567774,5
KDELR3,0.03344463151815878,6
ALMS1,0.03343487361387479,4
ERAP1,0.0334006889601932,5
NASP,0.03337105687385748,4
BTG1,0.03336032101238064,6
BLCAP,0.033353902130017966,3
IPP,0.03335297699242225,4
MFAP1,0.033305699462164995,6
EIF4A3,0.03329260492310945,5
PRIM1,0.033289800952378365,4
FNTB,0.03327085328079076,4
FDFT1,0.033241839329656075,3
RP11-1149O23.2,0.03323221497491531,5
FAM118A,0.03318009761857207,3
ZCCHC9,0.0331500330230581,3
AFG3L1P,0.033083812336953976,2
ATF2,0.0330718917314187,4
DENND2D,0.033070378321538176,3
KLK6,0.03305120432265237,6
HAX1,0.03304432041582716,2
SLC25A51,0.033021032424013615,4
SNORD14E,0.03301486893471935,2
USB1,0.03299817684032664,5
RP11-203J24.8,0.032997321578756185,5
AF127577.10,0.03294143688525925,5
CUEDC2,0.03290974154056048,3
CCDC142,0.032814323307439434,6
UTP23,0.032793682693876974,4
DCTN5,0.0327643649448869,5
SEC23B,0.03276210899623856,5
AACS,0.03275532258406616,5
ASCC2,0.032739853593831296,5
TXNDC5,0.03271459730650335,3
ANAPC13,0.03267401065705341,4
RP11-74C1.2,0.03264648425009247,5
MARCH7,0.032546781705522755,5
PNP,0.03250082912560682,4
MUC4,0.03248658457950295,3
EIF4G3,0.03247740319677243,5
LINC00941,0.03245398384691803,5
SNX11,0.032445889645756766,5
IL18,0.03242774799985225,4
FAIM,0.03241544855372918,3
DIP2A,0.03240984445893038,5
CAPN7,0.03239904758657258,5
ANKRD36C,0.03237061590526795,4
NOSIP,0.03236927068376958,4
DHTKD1,0.032362461890362,5
KANSL2,0.032342696117347705,5
OSBPL1A,0.03233845436831737,3
SDC1,0.032323936684836546,4
P2RX5,0.03231678485113984,6
PHTF2,0.03227883524334685,4
TMEM177,0.03222547991852754,3
SCARB2,0.03216877656175176,4
ZFP64,0.0321351889380383,3
WDR13,0.032084392669913614,5
PDHX,0.0320328441808164,3
AFF4,0.03199052034993366,4
VPS11,0.03199020348564297,4
VAT1,0.031970719854174,5
CASP8,0.03195935762769796,3
YTHDF3,0.03195932000182741,1
PLK2,0.03194126463342749,7
RICTOR,0.031872833616075076,5
DHPS,0.03183486240632637,2
REEP3,0.03180643983319327,5
ZNF689,0.03180202590138866,5
DCAF6,0.031799828771940264,6
CENPL,0.03177501943267538,3
BAG2,0.03175167040652728,4
KIFAP3,0.03170587104120099,4
GOPC,0.03169516365362383,7
MCM10,0.03168890586462481,3
SPTAN1,0.03167146076115957,5
C7orf55,0.03166840389833091,4
CXCL16,0.03166018234216303,4
TTF1,0.031658938346130955,4
SMARCA4,0.03165874208400872,6
HERC3,0.03162830637982112,4
TRMU,0.03162506226539774,7
MRPL24,0.03161889263083127,6
PIM1,0.03159629120740246,5
NSMAF,0.031488851067918586,7
RP11-138C9.1,0.03148134873337375,4
MFF,0.031452114585811534,4
ZNF517,0.03144812845755664,6
RP4-607J23.2,0.03142718110839465,5
MXI1,0.03142159013666614,5
PRPF4,0.03140380972851524,4
ANXA4,0.031393164828448276,4
SCD,0.0312930436656605,5
PTOV1,0.031281201692101315,5
GHRLOS,0.031277228212900805,4
RAB31,0.03125470302578772,5
MYO1E,0.031246733921529043,2
MID1,0.03121008876499652,3
HSD17B4,0.03120644026189024,4
ESRP2,0.031180038794658912,2
KIF13B,0.031172756691291048,3
VMP1,0.031172552989882998,3
ATP11B,0.03116911805519794,5
FASTKD3,0.031164709868592377,3
ACKR2,0.031135792157866694,5
DEPDC5,0.031118606723359223,6
MICALL1,0.03111493819844358,5
WDR55,0.031073376700963024,5
FAM105B,0.031056445026857983,5
LARP4,0.031029585982093398,5
MVP,0.031009773306714897,4
CCDC43,0.031006490935746346,4
DARS2,0.030991949071556738,7
AC093673.5,0.03095867007324766,3
MTG2,0.03095182431744471,4
ZNF600,0.030918778451957642,5
TMCC1,0.030916429219056844,6
PRKACB,0.030916148976945022,4
MGST2,0.030880104353034857,4
AL353898.3,0.030856854455677932,4
RPL32P26,0.03084421612766867,4
RIN2,0.03082056637111454,3
USP33,0.03080814668009874,7
BIVM,0.030797861529197865,3
CTC-429P9.3,0.030786872630299177,4
KLHDC2,0.030753490211022368,5
ZNF136,0.030701642860831217,6
PPIAP19,0.030655081587983277,4
ZNF280B,0.03059009381933827,5
ASCC1,0.03056064627832346,7
PCYOX1,0.030539534955734842,5
MCM4,0.030525591905955492,6
CLASP1,0.03051976071940638,3
CCNL1,0.030501091715797315,5
CPPED1,0.030496733279544292,6
QTRTD1,0.03049401246025152,4
COG6,0.030455524647889972,5
PROSER1,0.030449997951959795,4
LANCL1,0.03044867915710047,5
HUWE1,0.030412276214605877,7
C16orf70,0.03039499428516096,6
BANF1P1,0.0303876073421104,5
LPCAT4,0.030379052393934354,6
MTERFD2,0.030283204028937652,4
ANXA11,0.030275639436087534,4
LRP10,0.030273722377973242,7
YIPF1,0.03025428878056222,7
KIAA0020,0.030249212334727167,3
ZNF333,0.030232839361326917,5
CTC-518P12.6,0.030218993171291425,4
CCNB1IP1,0.030205123080118825,6
STX4,0.030182182330502166,6
ACN9,0.030181643729919234,2
RPSAP6,0.030121188993824266,4
ZNF75A,0.030121107471832487,5
MCM2,0.030077829535276063,3
LTBR,0.03006878619295507,6
LMNA,0.030061956119170424,6
EEF1A1P3,0.030015270737979945,5
EDC4,0.03000681753683037,5
UPF3B,0.02999250464901314,5
PPP1R2,0.02987375662877531,4
NLRP2,0.02978546505635334,2
RP11-357N13.3,0.02978084380576222,4
RSBN1L-AS1,0.029717147864564798,4
SAA2,0.02964895376895651,2
CLCC1,0.029644605622455876,5
CCDC80,0.02964212430136584,6
DMTF1,0.029626116275115837,4
SLC25A28,0.029620274975355264,6
CAMK2N1,0.029597299772098833,7
TREX1,0.029594992617591076,5
DNAJB4,0.029558803025596374,4
TSSC1,0.029553514978096017,2
GPS1,0.029538218678618354,2
GPD2,0.02952656189683948,6
CYB561,0.029508178472229345,5
RAP1A,0.02948673376377636,5
MOCS3,0.02946796809657255,3
NCK1,0.02943604453525819,3
C2orf47,0.029426917830665887,4
C19orf12,0.029377635058171973,5
CCNI,0.029363722108189,2
NCOA5,0.029361325061319048,4
TMEM126B,0.029339904905425863,6
SEC24D,0.029333934479387924,4
PUS7L,0.029312475947452676,3
IFI30,0.029310568939802474,2
AHR,0.029301931217552667,2
TTC14,0.029287028323688014,6
SACM1L,0.029263811800000563,7
EFNA1,0.02919421993334959,4
NOL9,0.02918752965690216,4
CHEK2,0.02917868856976097,5
SNRNP25,0.02915290738555019,4
CHD6,0.02910978705796763,4
CKB,0.02902412675404576,6
CNIH1,0.02898076058046998,4
SRA1,0.028976485848668476,5
XPO6,0.028944385649700297,4
KCTD9,0.028921925523111517,5
DDB2,0.028917362899576124,4
MED19,0.028912027951387594,6
NUDT4,0.02890989111739156,5
EMC8,0.028904009598822774,4
TIMP3,0.02887896105834816,2
PREPL,0.028872297562726065,3
TGM2,0.028871671252367673,4
ZNF317,0.028863646418990918,4
WIPI1,0.028846233996821014,5
FNIP1,0.028814340942816312,3
DCTD,0.028787644456776184,5
HTATIP2,0.02870138151891708,5
NT5DC1,0.02869756907370124,5
COL4A3BP,0.028677636035012014,5
ANKRD46,0.02867199483184298,4
IARS2,0.02866376953943824,4
LRPAP1,0.028641423899748896,4
DRG2,0.02863035636645466,5
C15orf41,0.02861881610530178,5
IL1B,0.028609336032308537,4
DUSP14,0.028606098923672437,4
UNC50,0.028564889910297857,5
RP4-605O3.4,0.02851193634189401,3
METTL21A,0.02848519776747635,4
SNX12,0.02845516563586085,5
ASF1A,0.028410196248473494,2
USP28,0.02839959097182725,5
HAUS7,0.028394580919237817,2
PTPLB,0.02836450458943921,3
TMEM256-PLSCR3,0.02835898703168476,4
HIATL2,0.02833665203277782,6
RP11-110G21.2,0.02833446862464342,4
ZNF639,0.02833339797353105,4
DUS2,0.02829197325676798,5
DNAJC9,0.028284179101070568,3
RP3-430N8.10,0.028264422141033686,4
SH3D19,0.02825605842122868,4
SAR1B,0.028242198869007844,5
XRCC4,0.02819899346251447,6
RPS27L,0.028179475638369103,3
RPL5P9,0.028176979628119443,3
CDKN2A,0.0281490062426435,5
SLC37A3,0.02812540334395269,4
CTPS1,0.02810492148245495,5
SF3B3,0.02808680806608209,4
NXT2,0.028079260584627914,5
SLC2A8,0.028076588241557832,5
RUSC1-AS1,0.028045585860941975,4
EZH1,0.028022760735753757,4
CTC-510F12.6,0.027978146702970556,8
PSMD13,0.027971967825921033,3
ESRP1,0.027930457790255308,4
SSSCA1,0.027923055296257118,4
MEGF9,0.027904830348220156,4
MLPH,0.027881297998107932,3
MTHFD2,0.0278754672251408,4
ZDHHC6,0.027827627845246613,5
MCC,0.02782489435466821,6
NELFCD,0.027808851599869566,5
SMURF2,0.027793360498319018,6
ERCC6L2,0.027781770017873526,4
IRF1,0.02778148440944128,4
C6orf136,0.02777745221473652,5
VPS16,0.02777544581499933,2
ZFAND2A,0.027741208978617454,4
WDR48,0.027719904894241896,4
OLFML3,0.02769493396496394,3
EXT1,0.027631140986458438,4
SEPT11,0.02760270344839897,4
SNORA73B,0.02757003325878977,5
FAM210A,0.027549357866619863,3
IVNS1ABP,0.02751462871393629,5
PPP1CC,0.02749003072795246,7
RP11-810M2.2,0.027461274117281803,6
CCDC101,0.027451422618541138,4
CTD-2037K23.2,0.027393252551517096,6
DTYMK,0.0273769727839548,3
RP11-324E6.9,0.027362129881881993,5
TNIK,0.027360356334406623,3
FTLP14,0.02733879863679932,3
CHUK,0.027277819940507434,6
TJP3,0.027272169499646424,3
COQ4,0.027209738152035985,4
UBE2Q1,0.02715699518811046,5
DDX23,0.027129568301458,6
UBN1,0.02703644222201688,3
RAB11FIP1,0.026983047810193592,8
C12orf10,0.026978659360736665,7
PTK2B,0.026962491960312234,3
TINF2,0.026942494628389938,5
UTP15,0.0268754886884732,6
DMPK,0.026766325406986948,4
SELT,0.026744041333373773,4
KANK1,0.026730800578727155,5
METTL23,0.026719898048167517,4
MIEN1,0.026719012730015132,6
PAN2,0.02670919794012807,5
FAM177A1,0.026602315927647186,3
TEAD3,0.026593235860361074,4
RP11-265D17.2,0.02658778022294592,3
CTDSPL,0.02657067517522063,5
ARMC9,0.026506327407080706,4
C22orf46,0.026504586159581543,4
TMEM87B,0.026501891454112567,6
ZNHIT6,0.026499512115531847,5
COX15,0.02642745384748056,3
PLAA,0.026417131734792508,5
CXADR,0.026415843662094134,4
PAXIP1,0.026382752312995965,4
SNRNP27,0.02637477014608031,5
ZNF224,0.026353880749868986,6
CRTAP,0.02632662667908208,5
THEM4,0.02632149541905233,3
DDX55,0.02628776681048217,3
CDC45,0.026274956500468873,4
AC009120.3,0.026270334768761422,4
IFT80,0.02625550820691082,6
DLEU1,0.026214395127502562,3
IRGQ,0.026203739361305326,6
AGK,0.026188200172108968,2
TSC22D2,0.026159033433203856,6
SPG7,0.026116624560241587,5
COL13A1,0.02610783838931845,6
MYH16,0.02610421214981693,4
ZNF644,0.026008931923210327,5
LOXL1-AS1,0.025999435183594478,5
PUS10,0.02599737884696988,4
MRPL15,0.025982548889154806,3
NARG2,0.025965355425367872,5
ZNF623,0.025962038672918925,6
ITGAV,0.02593706365961978,6
TRIM27,0.02593037030219013,5
MRPL30,0.0259191226395854,5
SRR,0.025916798999447096,4
AC002117.1,0.02591490937797203,5
GDE1,0.025902895910711588,4
ERRFI1,0.025877643300511368,5
CENPH,0.025869674925556155,5
TADA1,0.025846262006393173,5
UCA1,0.0258375822083189,6
UBA3,0.025826211429247195,7
BCL2L13,0.025757974668170848,5
WSB1,0.025742158276635306,3
MYO10,0.025729911015355166,6
PRRG1,0.025717314704189677,6
DDHD1,0.025698095748868947,4
RP11-262H14.3,0.025671323279320982,6
ATP6V1H,0.025670956468650356,2
SMC2,0.025667136577310644,5
TMEM9,0.025656464709439657,5
ZNF431,0.02564518847609351,4
ERCC1,0.025636173642298362,5
MB21D1,0.025618678455827593,5
RABGAP1L,0.025574960535367203,6
FYN,0.025569735393648988,6
UBE2D1,0.025545769162511677,4
KRT80,0.02552014094123775,4
ARFGAP2,0.02552000702929633,6
HSD17B12,0.025470913157837692,5
MDC1,0.02545340168112981,4
NRBP1,0.025452255325681385,4
GOSR1,0.025391143145858084,2
ARFIP1,0.025370261539984878,5
PPP2R5D,0.025365475572752257,4
BLOC1S6,0.02532613707962124,4
HMGB1P21,0.025320524052256262,5
PIGP,0.02530798879616572,2
RAD51B,0.02530597218435918,5
ATP6V0D1,0.025293274890151873,5
SLC33A1,0.025277619184855764,4
RB1CC1,0.025238489544934364,4
SART3,0.02523337885143355,5
HPRT1,0.025104861613129668,5
CXXC5,0.025095080092809023,5
DRAM2,0.02508587875926487,2
TCTN1,0.025085255201602565,4
RNF207,0.02505767296691553,3
PJA1,0.025051698775399995,4
TMED7,0.024989999766077912,5
CHCHD4,0.024976905994765326,5
TRIB1,0.024839204290984657,2
ELOF1,0.024838905603487126,3
ZFP69,0.024836762034171657,5
REPS1,0.02479340360401284,5
AC122129.1,0.02478228680201128,3
PPA2,0.0247604284784782,3
RNF111,0.024738275541631046,5
CIR1,0.02472329651396605,4
FAM53C,0.024720550219042528,4
HOMER1,0.024717756568104814,4
NAA40,0.0247072381663761,3
ACAT1,0.024692882095946753,4
ACSS2,0.024687105556368442,4
POGZ,0.024665454020143997,6
SLC2A6,0.024650280556091024,4
RP11-73M18.10,0.024636179242462523,5
WDR59,0.024609753575437522,4
SLC25A37,0.024608860300989174,4
RARRES1,0.024605077827629305,6
ZUFSP,0.0245732559917245,1
NUP62CL,0.024555140216465234,2
KDM3A,0.024538423126840864,4
C5orf15,0.024523787686484656,4
KLK8,0.024520595527246013,4
ABHD11,0.024501565990747688,4
SPAST,0.02449924695876716,5
ING4,0.024497289635902572,5
SYAP1,0.024461271798075907,5
TEFM,0.024445115142073537,3
PALB2,0.02442990925811254,4
TRMT10B,0.024390565302599594,6
PIGL,0.024354732845467023,6
ATXN3,0.024353630124017093,3
MRPS23,0.024341331091025535,4
REL,0.02432865807187183,5
C10orf54,0.02431143276731048,7
HECTD3,0.024300050446206527,6
METTL22,0.024266048300437333,5
SDAD1,0.024251586574280188,5
UBE2R2,0.024221305363659143,5
SMG9,0.024220627329018713,4
SLC25A12,0.024217270948603962,7
HRH1,0.02421709603034614,4
PDRG1,0.024204961051164098,5
MIR22HG,0.02415929612563189,5
AGO2,0.024132637651198493,6
WFDC3,0.02412235391322103,5
MSL3P1,0.02412120628853398,4
DNER,0.024118555823211867,4
CORO1C,0.02401889887961931,4
FOS,0.02400568815046918,4
RAD1,0.023989428731789737,4
TTC5,0.023988256786104264,3
EIF2B1,0.023987179012491075,3
TSC2,0.02398448489107708,5
FASTKD1,0.02397029991036644,5
TMEM147,0.023949628901449513,5
C2orf68,0.023941198177802367,7
ICAM1,0.023923765443210752,4
SUPV3L1,0.02391350324307939,5
NRD1,0.023771149636562707,4
PSEN1,0.023748125070417993,5
C1orf123,0.023732341388012005,3
HMGB1P3,0.023714001871784456,3
GOT1,0.023704669724654428,6
DNA2,0.02370015287323953,4
CTD-2270L9.4,0.02367336062122829,3
TCF7,0.02366245908904293,5
LRTOMT,0.023622451572509914,3
FGFR1,0.023585120208932744,6
RNU6-1226P,0.023532115822234807,3
PDIA3,0.023520403140207796,3
VKORC1,0.02350661936522867,5
NBR1,0.023455414229541355,6
BNIP1,0.02344371909796006,4
STOM,0.02343733426018503,2
PPP2R1B,0.023385896276065406,5
CEP57L1,0.023381537015597097,6
SNORA77,0.023361972702430733,5
PDCD2,0.023330533154584755,5
SLC30A6,0.023326662202808768,6
RP11-356M20.3,0.023309169976821704,3
COMMD8,0.02329342751776248,3
THOC7,0.023261986942393904,5
FAM217B,0.02322148555630023,4
PPP2R3C,0.02321306519535648,6
RN7SL473P,0.023209892380155743,4
ELL,0.023195442346170984,5
OPA3,0.02318366998249031,6
BAG1,0.023152684265045638,6
ALG11,0.023107494947763887,6
ANGEL2,0.023082691868328085,5
NEMF,0.023045784196524435,4
E2F4,0.02304185168267006,5
AJUBA,0.023035208210870274,4
ATP6V1E1,0.022949734195228964,4
EDEM2,0.022946392270506502,4
DIS3L,0.022874672811959203,5
EHMT1,0.022817597137610043,4
PDS5A,0.02281687706696632,6
EXO5,0.022789773001943417,5
IGF1R,0.022786004308078422,6
C6orf106,0.022750164546456498,5
AL353354.2,0.022745646180549244,7
AZI2,0.022657954717369234,5
METTL17,0.022597152536755226,4
C5orf42,0.022583582336776514,4
CIRH1A,0.022573423023785663,4
RP11-434H6.7,0.0225704846080973,5
USP39,0.02247917146439628,5
ETFDH,0.022473473895126616,3
PCCA,0.022438797866817947,4
IPO4,0.022426497268586282,3
ZNF622,0.022426414975481566,5
RNU6-748P,0.022367366311591638,4
CYP4F3,0.02234347104265929,4
PPP1R12B,0.022320453306019644,6
PIGN,0.02225464119159562,5
EFCAB2,0.022251647108751788,4
LRRC16A,0.022242374051234765,4
AC008964.1,0.022233480497144662,5
TTLL7,0.022224050355899704,6
GJC1,0.022209629847983723,6
PDE6D,0.022201621509927463,2
ELMOD3,0.022194926080010814,3
GLT8D1,0.022193148033512244,5
MTMR14,0.022189916333983935,6
TRIM31,0.022171268954038204,5
NUCB2,0.02215449823224121,5
ST5,0.02209692956897054,4
RP11-649E7.5,0.022095651911214462,2
KAT5,0.022015576608264184,5
FBXW7,0.02199101126524106,4
SF3B1,0.02198113539405813,4
KCTD21,0.021964992841485353,6
GALNT14,0.021964194263825308,5
POLR3GL,0.021907911404522355,5
TRIO,0.021895021659848274,4
MOCOS,0.021891830571687393,3
DGAT1,0.021836158021761518,6
RP11-91P24.1,0.021814380292482633,5
RP11-427H3.3,0.02176422965394766,6
NRCAM,0.02176110197164997,5
MPV17,0.021760685066623518,3
CASP8AP2,0.021722554235111532,3
MPP6,0.021704001606057347,6
MECR,0.021686252898793727,3
SLC25A4,0.021668401596067362,3
MEF2A,0.021665893019992763,6
PHGDH,0.021636903612618195,2
HERC4,0.02163386483848084,4
CNPY2,0.021585428295529462,3
RP11-622K12.1,0.021559562558032364,6
ATRX,0.02155546349356551,4
HERC1,0.021532576992818128,4
CYR61,0.021463235307297428,6
RP11-186N15.3,0.021463073592497734,4
GNL1,0.02145515392212806,5
LUZP1,0.02143112400259194,7
TMOD3,0.021296246276158608,5
LOXL1,0.021267604840118248,4
FNTA,0.021240355499877663,6
ELP5,0.021221819898595704,3
FAM134C,0.021204421384850906,6
SRSF2,0.0211338046386091,5
CUL4A,0.021097828120094426,4
GPR108,0.021067435889839267,5
SERPINB5,0.021033834539016718,3
RP11-78A19.3,0.021015578339928214,3
C3orf62,0.020984829830296946,2
B3GAT3,0.020952832605806618,3
PACS1,0.02091663697382171,4
ELMOD2,0.02090289859845175,4
FAM63B,0.020899232117537643,3
BCAM,0.020895781722475755,3
TRMT13,0.020895762819212016,5
ORMDL1,0.0208122020128239,3
AC008982.2,0.020773674558610324,6
PSMG2,0.020707425938948303,3
RHPN2,0.02069538307921322,3
PRMT7,0.0206876450686287,4
WDR54,0.020676932809430927,4
MAPK9,0.02060993761320247,6
HEATR6,0.020584016878292085,3
DPAGT1,0.020516731201576644,3
ZDHHC3,0.020501881256212027,4
AC005037.3,0.02050187376550981,4
IFT43,0.020499489345976472,5
AL136115.1,0.02045340313369364,4
AC016683.6,0.020451839239034066,6
ZHX3,0.02044211849580015,5
HPS1,0.020440984205896035,4
MYO1C,0.020383871646039515,5
SAE1,0.020348756250100818,3
GPN1,0.020344964476154272,4
SLC5A2,0.02026263996938197,4
AKAP9,0.020207987193787455,4
MYCBP2,0.020145754760704772,5
RP11-31F15.1,0.02009252322034927,6
TTLL5,0.020090972363700523,6
TP53TG1,0.02008618106972412,3
ZNF195,0.020052021805005205,5
SNORA70,0.020050106648627455,4
Z98256.1,0.02002067522154332,5
GUF1,0.019993327569107114,4
RABGAP1,0.019805794203228727,5
DCBLD1,0.019793252882099183,3
NAA15,0.019769952208791568,4
RP4-657E11.10,0.019769378045530726,4
SLC2A3,0.019765328208709763,4
MIEF1,0.019718406646665635,7
GNE,0.01969178871478865,3
ST7L,0.01967816492659898,5
WDR41,0.01967393429984425,5
MED17,0.019651404080782742,3
MTHFD1,0.019585343848710073,4
SHISA5,0.019583637745323935,6
RNF6,0.019557445043946884,4
NUP133,0.019553178787180766,5
APPBP2,0.01950033505927583,6
WDR26,0.019461878052155584,6
PRKD3,0.019389558783811076,5
R3HCC1,0.01925988287219676,3
LGALS8,0.019229850479172736,6
RAD50,0.019220030795569706,4
RP11-783K16.5,0.019219954138936488,3
LRG1,0.019211869278421743,5
FMNL2,0.019196304659874937,5
KAT8,0.01918658040713269,6
ZFP62,0.0191856163690927,5
PPP1R15B,0.019183190131433967,5
TRMT1,0.019165912327120886,1
ZCCHC4,0.01909257385875625,3
MVB12A,0.019088303898086547,5
DGKA,0.019066392543401606,6
C1RL,0.019063144304748855,4
TAPBP,0.01905322906991543,3
EIF2AK4,0.019033791825474027,3
RBM34,0.01903371067474957,2
ADIPOR2,0.019016286142241105,6
MPP5,0.01900207066723439,5
MPZL3,0.01900080705661727,6
RIOK1,0.018990329460668826,4
PPRC1,0.018847250462726506,6
DAPK1-IT1,0.018844632643630874,5
RWDD3,0.01883485106820128,3
PGAP2,0.018776064530215082,5
RP3-508I15.22,0.01877488999928501,4
AC005944.2,0.01877228988168942,4
CDC42BPA,0.018718270512824885,3
KIAA0195,0.01867631155028114,5
MIA3,0.018668387676958477,3
SLC44A3,0.01865083684927809,7
UPP1,0.01860948185570517,5
SQLE,0.018518476490537717,5
ADD3,0.018497758222062052,6
GRHPR,0.01847291990216876,7
AFAP1-AS1,0.01843553371744477,5
YIF1A,0.018434177586593752,5
EMC3,0.0184222205385508,3
RP11-845C23.2,0.01834149576533628,5
PRUNE,0.018324959820751163,3
LRRC14,0.018284675907676715,5
FAM120B,0.018282760054599376,3
WDYHV1,0.018274934048454518,5
PPM1B,0.01825632132790738,2
ACPL2,0.01821668284702338,3
POT1,0.018195634064727195,4
FILIP1L,0.01813481971223184,4
PROM2,0.01812734081019646,3
YAF2,0.01811096010948256,3
REV3L,0.018110596508594055,6
TTPAL,0.018109481633800145,4
KLF5,0.018087382121920043,4
SLC25A45,0.018077263545942843,5
SLC36A4,0.018059025261296033,3
ELK4,0.018006681213706653,6
SEMA4F,0.01791612111673724,3
RNF40,0.01791086087461188,5
MTUS1,0.01787497124763397,4
PABPC4,0.017860013150747808,3
HARBI1,0.017857717525243302,4
DNPEP,0.017852174328948044,3
RHOT1,0.01784382918782229,5
IGFBP3,0.017801314944302996,6
BAZ2B,0.01778138414631469,4
RP11-498C9.15,0.017779695905329154,6
ANKRD26,0.01775891861153543,4
GADD45A,0.017749947608752596,4
TRPT1,0.017721767176529703,5
HEBP1,0.017699689150744543,4
GRB14,0.01760726612932356,4
SCNN1A,0.017546596595658104,7
CPNE1,0.017474197384078082,2
PPP1R18,0.01746139130158777,6
TMEM216,0.017398021625393417,2
HLA-C,0.017394351616527456,5
LUC7L,0.017356359750575222,5
GJB5,0.01735384347352442,1
STYXL1,0.017343845970515213,4
RAD52,0.017342728045369456,4
KDM1A,0.01732278376372184,5
AP3B1,0.01730382265432235,7
MRPL1,0.017263889683750686,5
LRRC41,0.017221033723284658,6
RHOG,0.017209810865958963,5
PRCC,0.017202695087777334,5
CAT,0.01717200069371282,5
BSCL2,0.017098027212402313,5
ISCA2,0.017063498270982226,5
RDH10,0.017022831776595266,4
DHRS3,0.01691360395435779,4
NFAT5,0.016855384805327125,5
TMEM44-AS1,0.016830558486100797,6
TRBC2,0.016786505643407595,4
RHBDD2,0.016759319223732645,4
DUS4L,0.016703921824695135,1
PRKAG2,0.016696274098474666,4
GBA2,0.016625817547905028,4
HAUS8,0.016622377472183113,3
ELL2,0.016556665948894454,5
MYCBP2-AS1,0.01652137953299282,6
SORT1,0.016507260214628488,5
RP11-485G4.2,0.01645439332403241,4
ABCB8,0.01642623731777163,3
OXSM,0.0164020515277486,4
PLAUR,0.016313197108104083,6
ELMSAN1,0.016311967051881097,4
TNFRSF12A,0.01631150671771495,5
AL356740.1,0.016292189670155464,3
C19orf55,0.01628370113207826,3
PCGF1,0.016267466372038155,4
GTF2F2,0.01626064096016342,4
VN1R81P,0.01624965253542957,3
ESYT1,0.01623745084624065,6
MILR1,0.016214504253644398,5
CEP19,0.016107433933230404,3
PCBP1-AS1,0.01610683014619263,6
CDH1,0.016058135099422288,6
CHD1L,0.015986213254870096,4
RAP2B,0.015958133279774973,3
GUSB,0.01593240186684125,5
GBE1,0.015890390382502118,2
EIF3F,0.01587610421739192,3
TMEM159,0.015870426337058013,4
ARID4A,0.015862506798640326,4
NMNAT2,0.015805389270639802,3
RP11-49C24.1,0.01574549756865934,7
XRRA1,0.015707529179600437,6
MARS,0.01553523947350763,5
EXOC2,0.015490535899436702,5
ZNF143,0.015477096984085436,4
CHKA,0.015344197218431827,3
SUZ12P,0.015326356214922664,6
HNRNPLL,0.015321150363556264,2
CCDC90B,0.015319757195653013,3
SPG11,0.015312944922233602,8
CDKAL1,0.015247866017188983,4
RP11-429D19.1,0.015245465009133726,5
CCDC122,0.01521517366824399,6
FASTKD2,0.015132021343578161,4
UAP1,0.015092308215496937,3
FGD4,0.015071220461243864,4
AP5M1,0.015025212282475197,3
RP11-680A11.5,0.014969826617317473,5
YIF1B,0.014952655924449831,5
FAM192A,0.014944002554166193,3
NCOR1,0.014934347829378936,4
MED18,0.014907982784014841,5
EPHA4,0.014894376312230187,3
SLC1A6,0.014756089277709482,6
RUVBL1,0.01464107614925252,5
FNBP1,0.014627426891604945,3
RFFL,0.014575530614169212,6
RP11-61A14.3,0.014553358059886565,3
S100A8,0.014552353567481385,4
AC034193.5,0.014520143393281892,6
KIAA0391,0.01451735607636286,4
RP11-305K5.1,0.014428883600951393,4
GOLGA5,0.01441555597048323,5
PRKRA,0.014330908043915078,6
ZYX,0.01423500593121082,4
RAB3IP,0.014229952853386234,6
TMEM41A,0.014227646110986487,4
SBDSP1,0.014210535026730064,3
MYO9A,0.014194178789415262,4
EXOC1,0.01419098218586582,4
ARL6IP1,0.014151492284004226,5
SLC35B4,0.014050060805106374,4
TMEM208,0.014036213878714432,3
LIF,0.014019938032300996,4
ARHGEF3,0.013995611895140633,6
CTC-308K20.1,0.01399395837643203,4
PRDM4,0.01396332984337466,5
RUFY3,0.01395040998278088,4
ZFC3H1,0.013860949999179917,4
WDR70,0.01385844154948297,4
RBBP7,0.01381991689435269,2
CENPQ,0.013797936013663727,5
WDR20,0.01368455478373668,4
AATF,0.013600780469493283,4
USP21,0.013573856532365078,6
PLCE1,0.013573813765912917,5
STX17,0.013566348939111754,4
PPAP2A,0.013481470870070896,4
AL132780.1,0.013470077224583132,5
RNMT,0.013452885718304565,4
TRIB3,0.013402812432623914,3
ANKRD54,0.01328452991809777,4
PIGY,0.013282728725429517,4
GAPDHP62,0.013278488700747881,5
TRAFD1,0.013165353557468493,7
DCTN6,0.013162085393800422,4
UNC119,0.01313580110067644,4
AIDA,0.013135134972396849,4
AL590369.1,0.012944787776775124,2
RP11-252A24.7,0.012920847236130559,2
ASB8,0.012907880998476864,4
PTEN,0.0128930569556643,5
GFOD2,0.012793408058270903,6
RP11-35G22.1,0.012763160092698131,2
GALNT11,0.012746376414841734,5
CTSC,0.01271544716154237,4
TMEM87A,0.01270491244591563,5
RP11-807G9.2,0.012651453446370309,6
PAPD5,0.012641559284014794,7
KMT2D,0.012538784267674314,4
TUBGCP2,0.012530589610742878,4
SERPINB8,0.012501817327563242,4
RP1-3J17.3,0.012500137047087122,5
CNOT10,0.01247815716084376,4
PMF1,0.01239889344636053,5
MUC1,0.012394607837963572,5
SMARCC2,0.01237074603396046,5
YEATS2,0.012369534330507675,4
POP1,0.012353008569853528,4
SPOCD1,0.012272696848498901,5
SMDT1,0.012191123392423541,6
CD22,0.01215849024986218,6
PECR,0.012124860605408475,7
ZFPL1,0.012092515949378666,4
IGBP1,0.012089551427007104,3
UBXN2B,0.012067506339904742,3
LACTB,0.012032621878936653,4
PNKP,0.012019344927607341,6
ALPP,0.012002228584003677,2
GTPBP2,0.011925207537204203,4
AC005154.6,0.011877153804483408,6
TMC5,0.011856688669948656,3
AC005519.4,0.011845311098778422,5
MRPL46,0.011810405327186834,2
MED8,0.011740422134716133,4
RANGRF,0.01172210247986117,6
VIPAS39,0.011691335658049327,5
RP11-107F6.3,0.011558193322344267,3
LRRC57,0.011478195328844453,6
RP11-69H7.3,0.011475451474103572,5
FMR1-IT1,0.01138446443214602,2
AHSA2,0.011369640758329781,5
TMEM53,0.011342879499123574,5
RP11-385D13.3,0.011336760462499512,3
C18orf8,0.011297417511139617,4
ABI1,0.011267909244878686,3
SLC25A19,0.011214685491702474,4
CAMK2G,0.011194448046248192,4
ALG2,0.011156355040047574,4
AP001024.2,0.011042151218036823,6
MICAL2,0.010984703260669915,7
RP11-499E18.1,0.010943935575747509,3
OCEL1,0.01092631046640723,5
B3GNT2,0.010900295175572512,5
C11orf30,0.010833780402314905,5
ORC2,0.010829966102348446,3
SEC16A,0.010825940852675839,6
NTHL1,0.01082275105351554,4
BRPF3,0.010714790467981454,5
RNF167,0.01058940310773165,3
LPAR2,0.01055972830963634,4
CCNT2,0.010548907386189115,5
FBXO18,0.010427906358405912,4
MEGF8,0.01032055956796981,3
RP11-635N19.3,0.0103046658572677,5
METTL2B,0.010259495927710072,4
DXO,0.010192770021310206,5
RPL13P5,0.010130213697648915,5
OSER1-AS1,0.010092864068947782,3
RP11-260M2.1,0.009977971395576513,4
CMAS,0.009967080499994799,3
FBXO44,0.009940519140290266,5
POLB,0.009618816848551152,5
ARL8B,0.009595703768871908,6
DOCK6,0.00955447709813348,4
NDUFA10,0.009353462890360487,3
TBC1D20,0.00927469927280132,6
AC010761.6,0.009202633404874077,7
C6orf141,0.008928454178494477,4
RP5-935K16.1,0.008896267545029974,8
DCAKD,0.00889388989660682,6
HP1BP3,0.008841886875140082,3
ZBTB3,0.008830702075528437,4
PURA,0.008746488257095234,4
RP11-304L19.11,0.008644445348363441,4
FRA10AC1,0.008420314964822975,4
HADH,0.008373361798515628,2
NUDC,0.008371215912339594,3
PEMT,0.00810193440443772,3
MNAT1,0.008026120862915357,5
RN7SL329P,0.008022045000612509,2
BRD9,0.008013660684497876,4
LZIC,0.008005115515990214,3
CHD7,0.007857754338705787,6
RP11-983P16.2,0.007813454455844953,3
KIAA0430,0.007736466486080447,6
VPS37A,0.007726482651805268,5
DPH3P1,0.007657393952824054,3
ELK3,0.007510778870925577,6
BNIP3,0.007375286392002596,5
EXOSC6,0.00727075671393676,5
DTX2,0.007132265201838284,6
CLHC1,0.006929618903018856,5
PRPS2,0.006915378564486368,4
ZNF91,0.006899623653485054,5
S1PR3,0.006889743733173167,4
NFS1,0.006358569278027519,5
PABPC1P3,0.006332673711945877,4
TM2D1,0.0058756167500051675,3
MLLT3,0.005874808315348606,3
PPHLN1,0.005848006015847236,6
XRN1,0.005736635277096754,6
LINC00963,0.005690256444789541,5
GSDMD,0.005587826414515521,4
AL133245.2,0.005283789114237631,5
AEBP2,0.00524610528616406,4
AQR,0.004918024892206171,4
DAXX,0.004802777332679988,4
SNORA72,0.004589335723858354,4
CRK,0.004431934838144271,5
CUL9,0.004185686151582498,5
DNAJC16,0.003941372736480264,4
TTLL4,0.003863867506758862,4
DPM1,0.003797525736812976,6
USP11,0.0037435288992125775,4
CEP192,0.0037160295028032466,5
PRPSAP1,0.003232700899141976,4
WDR76,0.0017686776188701612,6
MRPS22,0.0006640529704725204,1
