gene,W_observed,W_std_observed,W_null_mean,W_null_std,z_score,p_value_perm
AC139149.1,0.41305130838672977,5.159009188221934,,,,
MIR24-2,0.6201704708335303,7.7459266980423775,,,,
AP006216.11,0.6662294430214967,8.321203076286652,,,,
CTD-2369P2.2,0.7989409234530511,9.978768935605745,,,,
MIR614,0.39877240055771235,4.980665686598876,,,,
CTD-2301A4.3,0.38207105123473484,4.772065900413782,,,,
AXL,0.7214948921447182,9.011468314596867,,,,
AAED1,0.5730714597862929,7.157660238609295,,,,
RP11-303E16.2,0.8400627869594737,10.492380846181787,,,,
DUSP6,2.100941776488472,26.240754377844166,,,,
TERF2,0.1986060517723579,2.4805887915763676,,,,
MIR3198-2,0.10917458396984474,1.3635901167353166,,,,
CCNB1,1.2089792520982015,15.100146018916922,,,,
SLC48A1,0.317022672608428,3.959611911773087,,,,
AC007347.1,0.411641574120381,5.14140161287869,,,,
TOP2A,1.2502512607756398,15.61563324207789,,,,
RP11-1149O23.3,0.7291680395017787,9.107305894369384,,,,
WDR76,0.5792560262839973,7.234905449407546,,,,
CDK1,0.9433551626360498,11.782502204881853,,,,
NXN,0.17729422236462367,2.2144041275893507,,,,
IGFBP3,1.6701692642957144,20.860407425026523,,,,
MCM4,0.8621987487665608,10.768858920537552,,,,
SNORD69,0.1462839618676032,1.8270860981219392,,,,
DHRS2,0.3113643888515526,3.888939970300973,,,,
AC034193.5,0.22396334537864845,2.7973012872085374,,,,
PRMT5,0.4705122462001771,5.876696071484081,,,,
AKR1B10,1.1993947225541126,14.980435283280071,,,,
CTA-228A9.3,0.925176154376546,11.555446464494915,,,,
ALDH7A1,0.435962220039761,5.445166383051259,,,,
GPX2,1.0177529606281688,12.711730403973915,,,,
SLC38A9,0.25885023556551057,3.2330384059831347,,,,
BLOC1S3,0.5925828269428429,7.401357136286637,,,,
NDUFA9P1,0.23187062309777476,2.8960631542659856,,,,
TRIM59,0.9195738507530555,11.485473714664678,,,,
MOB3A,1.0410151575223303,13.002275150058692,,,,
RP5-1113E3.3,0.20374721411140206,2.5448018886099115,,,,
TRAPPC2,0.156980000865267,1.9606795823843426,,,,
CDKN3,1.3161066593644373,16.438166906819426,,,,
CEACAM6,0.387060135529942,4.834379543288601,,,,
VANGL1,0.2687246418875169,3.3563697014157388,,,,
RP4-593C16.3,0.29621692097657926,3.699748157180948,,,,
CTB-25J19.9,0.20434199858638624,2.5522307443214207,,,,
RP11-18I14.10,0.43233596344189135,5.399874452660509,,,,
KIAA1467,0.8550902540282074,10.680073849712265,,,,
ZNF783,0.14095818892789339,1.7605672154251149,,,,
MXD1,0.15025160611273528,1.8766419588603527,,,,
AC091038.1,0.13627115738533843,1.7020262102217432,,,,
CCDC80,1.4943864581509363,18.66488087997254,,,,
HERPUD1,0.6690886535522063,8.356914604369216,,,,
LPIN3,0.2446192659101877,3.0552936519576157,,,,
RFC2,0.583874775039872,7.292593602878631,,,,
SNORA66,0.8942732239596314,11.16946898729836,,,,
AC006262.5,1.2848287719998404,16.04750621884735,,,,
SNORA25,0.094404883285319,1.1791166143117031,,,,
AC017104.2,0.13640876011633507,1.7037448677810396,,,,
SAT1,0.4776283602508709,5.965576307489996,,,,
FOS,1.25788474094721,15.710975378862429,,,,
HILPDA,0.3460546956000646,4.3222217627175405,,,,
CFB,1.5709608425300887,19.62129463432533,,,,
TSPAN31,0.21844201980842184,2.7283399529393955,,,,
LDOC1,0.19077069024411028,2.382725157455099,,,,
FN1,1.4485049389587885,18.091820888935658,,,,
RP11-513I15.6,0.49796227424602046,6.219546811888624,,,,
RP5-821D11.7,0.33721231806108487,4.211780502653518,,,,
PNPO,0.48075520156682955,6.004630543008938,,,,
RAD51AP1,0.9928993916501102,12.401309426931851,,,,
RRM2,1.0299969362124481,12.864657610006443,,,,
APOL2,0.4139022082412969,5.169636923999152,,,,
PDCD4,0.3605125360252051,4.502800131749873,,,,
ABCD4,0.8452849238449396,10.55760531497598,,,,
ENPP1,1.2744630620764121,15.918038543399774,,,,
UBE2C,0.6100912034507949,7.620036688781369,,,,
PTTG1,1.4120685410265341,17.636730424624105,,,,
RP11-589M4.1,0.6077613505176368,7.590936834973099,,,,
PRR11,0.8825652945278813,11.023236995565023,,,,
NME6,0.09574854912040084,1.195898995212908,,,,
EGR1,0.41877843460367853,5.230540971744774,,,,
RP11-379K17.12,0.15840016762766518,1.9784174595614796,,,,
ASNS,0.182605759709175,2.2807452077596335,,,,
PARD6B,0.3735323513586612,4.665417573143773,,,,
ZFPL1,0.15679774880503425,1.9584032548816275,,,,
PIGU,0.29539756548318685,3.6895144103485236,,,,
RP11-139H15.1,0.23329392873474614,2.9138402359739763,,,,
NDC80,0.6549350504063869,8.18013615773768,,,,
CARD10,0.12347064582322212,1.5421478720539594,,,,
TUFT1,0.6055596029723442,7.563437016946437,,,,
HEATR6,0.262140547028878,3.2741343829888088,,,,
MSMO1,0.14360125204989896,1.7935790632382458,,,,
NUSAP1,0.8062792737243005,10.070424901116743,,,,
GRAMD3,0.5253870403804862,6.56208203112119,,,,
PTAR1,0.9265697887249307,11.572852951927239,,,,
RP1-313I6.12,0.1790084932017435,2.235815363482403,,,,
CTD-3222D19.11,0.2194451913570188,2.7408695615654715,,,,
RIPK4,0.34165197796877006,4.267231837127645,,,,
RNU1-60P,0.15967648807903745,1.994358696889749,,,,
RP11-841O20.2,0.8154529564887161,10.185004162120176,,,,
RP11-111M22.3,0.24359348820778767,3.0424816925610356,,,,
RP11-27M24.1,0.1658183239084865,2.071070201812551,,,,
TRIM5,0.4843729247234629,6.049815890752807,,,,
FLJ20373,0.8350643522099246,10.429950416169667,,,,
Z82188.1,0.31544561501820073,3.9399144687844307,,,,
ZNF136,0.4505782735205751,5.627720832515595,,,,
RARRES1,1.0980518446812926,13.714663144344682,,,,
TYMS,0.655542432461487,8.187722357174408,,,,
AURKA,0.7378067164459642,9.215202934819882,,,,
TMEM41B,0.27827370027723747,3.4756374024765275,,,,
PLAU,0.9214352893742312,11.508723075591446,,,,
RP11-74C1.2,0.4411293457311889,5.50970376225214,,,,
CKB,0.0950943795956903,1.1877284204680467,,,,
WDR12,0.6459299057021495,8.067661936431179,,,,
STARD3NL,0.5154477030435208,6.437939747571679,,,,
RP5-1085F17.3,0.2195983279084168,2.742782236479396,,,,
BRCA1,0.7707790483667569,9.627027228515638,,,,
RNVU1-13,0.7603497939861086,9.496765883051765,,,,
RWDD2B,0.23347710834999622,2.9161281486351447,,,,
CTD-2015H6.3,0.5191441136592936,6.484107901365198,,,,
Z98256.1,0.23791226452492426,2.9715232315051643,,,,
ING3,0.4037729517215478,5.043122550616959,,,,
DAPP1,0.1743782571626765,2.177983733890232,,,,
AF001548.5,0.4291643601994135,5.360261140858533,,,,
RN7SL56P,0.21332745266650432,2.664459029811497,,,,
MKI67,0.8502197591279609,10.619241387905769,,,,
IRF6,0.1928310887051336,2.4084595259850867,,,,
ATF6B,0.16436070116338017,2.0528644995613328,,,,
ARL16,0.1776231777249224,2.2185127787226064,,,,
IL8,0.26115990521587445,3.261886170670103,,,,
AC004257.3,0.2017043424519903,2.519286429761889,,,,
ORC6,0.9368959428833296,11.701826576027946,,,,
AC090673.2,0.3651866370503783,4.56117963484291,,,,
AP001615.9,0.32406877359771835,4.04761768492235,,,,
LUZP6,0.214452763566274,2.6785141584447723,,,,
CNEP1R1,0.35383806534907364,4.4194360197242535,,,,
RP11-7F17.1,0.18579004914155148,2.320516970022658,,,,
RHNO1,0.31131818078682655,3.888362831757525,,,,
SPRR1A,1.1761024168840248,14.689514478704508,,,,
ITGA5,0.4046091957372835,5.0535672350258425,,,,
BANF1P1,0.13897969379009337,1.7358558190743107,,,,
C1orf210,0.6346482367840792,7.926753936807295,,,,
KIF23,0.49977235161895317,6.2421546710304465,,,,
MT2A,1.368588263707088,17.093661934964608,,,,
CXCL16,0.1357508197751895,1.695527195554,,,,
RPP14,0.3835690181556541,4.7907755012593976,,,,
SPAG5,0.8863473365808485,11.070474685666301,,,,
G6PC3,0.24941473136781347,3.1151889963261388,,,,
ALDH1B1,0.2157037895907479,2.69413946848234,,,,
RP4-814D15.2,0.375627285151237,4.691583287826599,,,,
ADAT1,0.13200562578529462,1.6487497376129858,,,,
RDH10,0.11072679544461173,1.3829772318413383,,,,
TMEM41A,0.1894576858480311,2.3663257378042934,,,,
AP000936.1,0.3064501374015978,3.827560989363785,,,,
SMIM11,0.2659798574940879,3.3220873553297405,,,,
C19orf40,0.2837255691400768,3.543731222748452,,,,
SPC24,0.9498350847278301,11.863436405867743,,,,
JPX,0.15246310916963352,1.9042636231879155,,,,
SLCO4A1,1.6430101654771518,20.521190389506067,,,,
CTC-518P12.6,0.44829406347741446,5.599191058220676,,,,
PTRH1,0.40880567662864337,5.105981264559562,,,,
CDCA3,0.9081718592531939,11.343062886475895,,,,
HMGB2,1.318944966099767,16.473617346581378,,,,
AF129408.17,0.5839836256486707,7.293953146546776,,,,
TTC39C,0.1846822935072804,2.3066811065851835,,,,
KNTC1,0.42324765797933367,5.286361553815497,,,,
ELOVL6,0.23824292489952492,2.975653178260226,,,,
KPNA2,0.7162916435819193,8.94647976087717,,,,
RP11-264B17.2,0.26499511694281064,3.309787949786404,,,,
RP11-363E7.4,0.6603142593970159,8.24732245649657,,,,
FBXO27,0.9466066640548424,11.823113444586152,,,,
SFR1,0.5360019158456018,6.694661783186979,,,,
S100P,1.2435609000299974,15.532070663147689,,,,
ZNF430,0.20989589162543626,2.621598846145793,,,,
CREG2,1.1200485601240258,13.989402032167098,,,,
POLR3E,0.3312465601828861,4.1372682106369565,,,,
STAT2,0.5140910899584517,6.420995655569963,,,,
NUDT19,0.7517012755872446,9.388745922871731,,,,
CD3EAP,0.4865279221024674,6.076731799389682,,,,
C15orf40,0.24172098390906077,3.019094121365952,,,,
TRIM29,1.4397250787925222,17.982160470606555,,,,
PER2,0.6621830356220403,8.270663464066034,,,,
RP4-635E18.8,0.2891434625020393,3.6114006891504356,,,,
FOSL1,1.160437930617222,14.49386510794026,,,,
CCNB2,0.8399976704452786,10.491567541180165,,,,
ANKRD10-IT1,0.24916120161497107,3.112022410728068,,,,
CDC20,1.0554816608066835,13.182961718167912,,,,
C9orf85,0.2200881062496218,2.748899566000364,,,,
TPX2,0.5872906082761421,7.3352573463253705,,,,
CD68,0.418840134431135,5.231311602342708,,,,
PRC1,0.5922642247050044,7.3973777956114635,,,,
AC015849.19,0.2873565598247587,3.5890822818645356,,,,
SLC15A1,0.5862259899166297,7.3219602672769435,,,,
TAF9B,0.33692940322324655,4.208246897461483,,,,
ANKRD54,0.18596821113186315,2.322742212568432,,,,
RP11-488L18.10,0.47553074700830794,5.939377126487557,,,,
CHMP1B,0.1846018739997944,2.305676667258619,,,,
snoU13,0.25739913937962816,3.2149142204304963,,,,
SMC4,0.924608631084238,11.548358100845899,,,,
ZNF165,0.36979523486921345,4.618741003151007,,,,
SPP1,0.7622913667042737,9.521016118529136,,,,
CDKN2AIPNL,0.4072021444889757,5.085953154554377,,,,
AURKB,0.7538700161838339,9.41583348424122,,,,
BLCAP,0.5310180906813585,6.632413826836847,,,,
NKIRAS2,0.2629314432634834,3.2840126737929114,,,,
SCAPER,0.10024679749390189,1.2520820993905337,,,,
CTC-429P9.3,0.12999289600366384,1.6236107506977837,,,,
AL590762.1,0.7643481655490914,9.546705527867125,,,,
TOB1,0.44925437606777985,5.611185358630013,,,,
MIR616,0.2671123827452579,3.336232591183125,,,,
TSEN2,0.3128441132353222,3.9074217219306178,,,,
AL353354.2,0.14935090410380927,1.8653921943745602,,,,
ANAPC7,0.5206479926233258,6.5028913436056275,,,,
RABGAP1,0.2841710730666979,3.549295565008507,,,,
CERS5,0.24748078268240709,3.0910339849874027,,,,
CTA-363E6.7,0.17707720305828117,2.2116935573219054,,,,
NF2,0.41248440730918207,5.151928596032783,,,,
ANLN,0.7565397661819667,9.44917865103035,,,,
DEPDC1,0.8141306731749296,10.168488848824351,,,,
AC011558.5,0.4601037897648439,5.746694492273935,,,,
TTC22,0.1261702843565766,1.575866346528355,,,,
IL18,0.2974713390683828,3.7154158341258836,,,,
ZWINT,0.7072206932858591,8.833183627992236,,,,
GFPT2,0.6073308694180202,7.58556012776219,,,,
BBIP1,0.3847359403816112,4.805350355190175,,,,
VGLL1,1.3256854094553139,16.557805457108792,,,,
CASP14,0.6442210244756308,8.04631801675296,,,,
COQ4,0.24213275607290188,3.0242371540439197,,,,
RP11-658F2.8,0.11077101255856185,1.3835295034175652,,,,
RNVU1-14,0.5502642357589876,6.872798101810204,,,,
GUCD1,0.5357948709589672,6.692075793381756,,,,
PTGIS,0.8997689216740344,11.23811022975086,,,,
AC011933.1,0.21227405250803,2.6513020660491278,,,,
CASP6,0.16723342957126658,2.0887448658757184,,,,
LYPLAL1,0.1947533888038756,2.4324690465230163,,,,
AC090186.1,0.20674170641838996,2.582203085536629,,,,
RBBP5,0.34007268331894375,4.2475064532735525,,,,
FAM83H-AS1,0.27861389725063596,3.479886461312397,,,,
NUDT3,0.23182635838043242,2.8955102881235804,,,,
C15orf38-AP3S2,0.17820618736504037,2.225794566793774,,,,
TRIM13,0.16976972436810533,2.1204231777349314,,,,
RP11-6N17.6,0.22972431485839606,2.8692557729482537,,,,
MED6,0.147839996122638,1.8465209597382026,,,,
HMMR,0.7394902849327678,9.236230698480393,,,,
NABP1,0.2622104815495732,3.2750078648723298,,,,
RPS14P4,0.148621692562231,1.8562843451394295,,,,
AL139819.1,0.17464976218707734,2.1813748305581084,,,,
RP11-770J1.5,0.2536605899759514,3.1682197533447467,,,,
PREB,0.3138898586390647,3.9204830778370305,,,,
NT5DC3,0.30993138344802895,3.8710417385475746,,,,
KIAA1279,0.40856651041703024,5.102994079533945,,,,
RNF40,0.19960412457356724,2.493054716867984,,,,
LRP8,0.5662145881410676,7.072017939209881,,,,
NFKBIZ,0.2668629452249635,3.333117117553197,,,,
PON2,0.19515572365987172,2.4374942072637795,,,,
SNAP23,0.36892765451810045,4.607904928038706,,,,
ALDH3A1,0.5796128621626985,7.239362328104037,,,,
UTP18,0.2883121094023821,3.6010170922637927,,,,
HLA-B,0.36456069497933896,4.553361620881402,,,,
CKAP2,0.6185176225428781,7.72528262950882,,,,
MT1X,1.450779780441346,18.120233649946147,,,,
RP11-283I3.6,0.3103314360120128,3.876038393470241,,,,
MBOAT1,0.4974151110656295,6.212712745955947,,,,
FAM127A,0.46498640760446946,5.807678369544747,,,,
ALDH6A1,0.17423755608817632,2.1762263780329794,,,,
RP11-611O2.3,0.2950195588274862,3.68479310873206,,,,
HSCB,0.5762781103755185,7.197711291631848,,,,
ITGB4,0.3397034119322366,4.242894255131848,,,,
TNFRSF10B,0.22509085736963866,2.8113839074623455,,,,
WDR59,0.2747086390426748,3.4311098019285042,,,,
TADA2A,0.2515293460511241,3.141600525255456,,,,
ZNF587,0.16445690312629005,2.054066061692961,,,,
B3GNT7,0.39864533644177635,4.979078656299499,,,,
KIF18B,0.38464162806670044,4.804172394754491,,,,
RNF168,0.7042106841959026,8.795588626508357,,,,
MAD2L1,0.9939000908114713,12.41380815545125,,,,
RAB3D,0.20311108071240042,2.536856585002952,,,,
SRPX2,0.28511810608088295,3.5611240035645126,,,,
ISY1,0.19467705529716262,2.43151564132975,,,,
SLC25A27,0.12090843823955956,1.5101459095910517,,,,
CHRNB1,0.39504679583821406,4.934132898566695,,,,
MARVELD2,0.19392769886832242,2.4221561825333615,,,,
PAM,0.3058697648762419,3.8203121388454386,,,,
KYNU,0.5160133647070719,6.445004859484974,,,,
ZNF284,0.2118318587131269,2.6457790673209796,,,,
HERPUD2,0.3984215869004227,4.976284025423706,,,,
ANXA1,0.5755301903362986,7.188369773336068,,,,
DLGAP5,0.6377918093828865,7.966017145982038,,,,
SENP5,0.3548281792907539,4.431802538892212,,,,
MRPS27,0.1368745468599423,1.7095625423440548,,,,
FXYD3,0.603887564592072,7.542553264270347,,,,
RP11-488P3.1,1.3957084027120839,17.43239236256958,,,,
ZNRF1,0.22784179962053053,2.845743165163404,,,,
AC104534.3,0.2066036732621721,2.580479051968043,,,,
CTD-2196E14.4,0.5538891178218105,6.918072864263722,,,,
VTRNA1-3,0.23983746678437273,2.9955690000187003,,,,
RP11-1035H13.3,0.346302600223527,4.325318090472174,,,,
THAP4,0.30745175140231207,3.8400711442230415,,,,
CRTAP,0.18332773370000022,2.2897626600148318,,,,
YY1AP1,0.10368845586868147,1.295068398713873,,,,
SMDT1,0.45153919916435376,5.63972278995961,,,,
FRMD8,0.09775098338179108,1.2209093911215207,,,,
LEPREL4,0.19722516992258132,2.463341582800609,,,,
PRKCA,0.15851599362380303,1.9798641257895664,,,,
RP11-356M20.3,0.3402676674824018,4.249941804694582,,,,
U2AF1L4,0.4122854421884946,5.149443522471895,,,,
TBC1D24,0.3754353619193872,4.689186167429103,,,,
EYA3,0.3878302640053756,4.843998444863787,,,,
CD82,0.9316303277681748,11.63605906431899,,,,
ZNF7,0.09466551460239073,1.182371898418569,,,,
UBE2D4,0.33769518757433126,4.217811540940941,,,,
INPP5B,0.16516568187668382,2.062918705447994,,,,
TMEM45B,0.32428953755224293,4.050375025830599,,,,
SOX7,0.8465724141668262,10.573686063942258,,,,
CENPK,0.9355237757443625,11.684688213955312,,,,
MTFMT,0.28014055052230746,3.498954354564071,,,,
ZSWIM8,0.30388489714194733,3.7955211487899283,,,,
CTB-5E10.3,0.27603675027318963,3.4476979058809354,,,,
EREG,0.3722184434622062,4.64900686877689,,,,
TAPBP,0.17374381132841454,2.1700595079601155,,,,
PURA,0.12569780731167485,1.569965110128954,,,,
TRMT10B,0.08516445431541762,1.0637036934689499,,,,
NR1H2,0.15728990226002149,1.9645502495642277,,,,
SCPEP1,0.28858178591894357,3.6043853508760755,,,,
EXOSC6,0.4895199296145738,6.114101961238276,,,,
PSAT1,0.262290413898518,3.2760062195906645,,,,
CENPF,0.8743283411778456,10.920357481197275,,,,
SNHG12,0.23665416622680083,2.955809588798026,,,,
AC105399.2,0.3159859333416339,3.9466630424811067,,,,
SNORA8,0.35090920941839276,4.382854620874855,,,,
U3,0.23155117015608057,2.89207318830306,,,,
SLC25A32,0.3497255905379127,4.3680712257959255,,,,
FAM114A1,0.6879750238267325,8.59280529349207,,,,
RP3-460G2.2,0.3038293872851948,3.794827830901307,,,,
CEP57L1,0.25116485893221085,3.1370480825993456,,,,
CRKL,0.6227644108619979,7.7783249986138685,,,,
SGOL1,0.9560428413350105,11.940971261040517,,,,
LMO7,0.6306425246052785,7.876722607729754,,,,
RP11-1094M14.11,0.12217015016053367,1.5259046864331292,,,,
PHLDA1,1.091937328862355,13.638292866243802,,,,
AEBP2,0.6031865193305801,7.533797211760739,,,,
STK17B,0.14167847297470873,1.7695635602863953,,,,
AC008391.1,0.6649640278246312,8.305398045543518,,,,
NPRL2,0.44806581970520654,5.596340294419504,,,,
ABHD4,0.8294893441431426,10.36031858773345,,,,
COQ7,0.3046896356378744,3.8055723293825254,,,,
RTCA,0.29181667795613436,3.6447891394706584,,,,
RAB11B-AS1,0.19734715591835844,2.46486518739953,,,,
CTB-13F3.1,0.2353377555370229,2.9393676245525593,,,,
WEE1,0.13924404431983525,1.739157556132538,,,,
TARS2,0.17298407378181307,2.160570389044447,,,,
BUB1,0.9058673625241956,11.314279731556075,,,,
RP11-983P16.2,0.19514729889339702,2.437388981964237,,,,
HJURP,0.5910694900293956,7.382455564295875,,,,
HDHD2,0.20714589494591942,2.5872513986274233,,,,
MRPL9,0.4010856508931755,5.0095581740284,,,,
PGAM5,0.5337339570946419,6.66633498746659,,,,
CNN2,0.354662970364887,4.429739080069499,,,,
NR6A1,0.20231427584790526,2.5269044954351796,,,,
DEGS1,0.34338183496520425,4.28883774408814,,,,
HIST1H4C,0.6516050927132504,8.138544999480903,,,,
PPID,0.4579863313549465,5.720247445210933,,,,
DUSP1,0.6729441172057217,8.405069329967418,,,,
NUP85,0.5271778511435519,6.5844492503829,,,,
RP11-538P18.2,0.20264895581435097,2.5310846468762946,,,,
CLK1,0.13805601233667353,1.7243190414187815,,,,
IMMP1L,0.6028050665060097,7.529032867508889,,,,
NABP2,0.2636326500060493,3.292770743200487,,,,
PLK3,0.18632021103962526,2.3271386900072537,,,,
FAM208A,0.2338010035425221,2.9201735982931747,,,,
SFI1,0.22716341735164855,2.8372701733407704,,,,
FBXO38,0.2505644647221105,3.1295491613186925,,,,
ZNF286A,0.2973169129182846,3.7134870521293566,,,,
HAUS5,0.6109338994956905,7.630561959008632,,,,
TRBC2,0.28924691170408606,3.6126927692698714,,,,
CTC-365E16.1,0.19066285854198878,2.3813783399272737,,,,
RP4-717I23.3,0.8033495312204534,10.033832428972046,,,,
RP11-357N13.3,0.1537754041183337,1.9206541818437977,,,,
PSCA,0.7121035082018025,8.894169966745467,,,,
GATAD1,0.14387767050773695,1.797031528670083,,,,
MIR29B1,0.523794875719733,6.542195900882142,,,,
FLOT2,0.47911796089838976,5.9841814136143325,,,,
SLC50A1,0.4890464239618315,6.108187877531065,,,,
BAG4,0.9231559944633569,11.530214675266294,,,,
PTAFR,0.16589273312196987,2.071999572591083,,,,
ABHD11,0.1914522513972933,2.391237853529927,,,,
ELF3,1.1179754939139006,13.96350944350154,,,,
AC007308.7,0.522126578681127,6.521358877548484,,,,
TBCCD1,0.5917936560819618,7.391500395393443,,,,
STEAP2,0.3945165171813171,4.927509720264865,,,,
SAAL1,0.8544742263901287,10.672379666978747,,,,
SLC12A8,0.22924465037299302,2.863264765445764,,,,
MUC16,0.5996693453167842,7.48986772240839,,,,
FLAD1,0.3435744377330956,4.291243351888074,,,,
RP11-626G11.3,0.3486036806416181,4.354058575682439,,,,
ARSG,0.26548056961754535,3.3158512517504746,,,,
RPL32P3,0.1761660508798657,2.2003132702610233,,,,
FANCD2,0.9342779833306686,11.669128271695435,,,,
AP1G2,0.2348232157370687,2.9329410245109386,,,,
PXN-AS1,0.42510522601211476,5.309562571108711,,,,
IVD,0.1619847685318446,2.0231891105047946,,,,
CFL2,0.16480501414974114,2.058413966982306,,,,
C3,0.31310595061783464,3.9106920697900103,,,,
ARRDC3,0.23681924311125155,2.957871398423979,,,,
SNX11,0.21391470951347555,2.671793865479259,,,,
GABRE,0.7077763803983347,8.840124157802526,,,,
CPNE8,0.40714708375233516,5.085265446174156,,,,
RP5-930J4.4,0.10795857344413644,1.348402150137157,,,,
TRAF3IP1,0.13830788640985237,1.727464947584482,,,,
IFRD2,0.13884872130501907,1.7342199732600423,,,,
SLC30A5,0.2885696786004625,3.604234130516715,,,,
ORC4,0.6198095223211777,7.741418452568044,,,,
GLA,0.8778759621515085,10.964667252956477,,,,
SLBP,0.41521474827556765,5.186030543772829,,,,
AKR1A1,0.34323696728360503,4.2870283473249,,,,
NEK2,0.7549735108102733,9.429616127707936,,,,
AC015987.2,0.13589862177309295,1.697373241916133,,,,
ATP1B3,0.43842540241643174,5.475931521075257,,,,
GTF3C2,0.24113281448804527,3.01174788765203,,,,
TUBA1B,0.9592541766686872,11.98108082650251,,,,
TMEM139,1.0579212835544929,13.213432596521745,,,,
CRYZL1,0.3468286011649247,4.331887840124542,,,,
RP11-101E13.5,0.41030732736070746,5.124736876191629,,,,
S100A9,0.3096645930690017,3.86770952778154,,,,
C1orf63,0.4466678894872644,5.578880151593606,,,,
RP11-366L20.2,0.9532155197567166,11.905658025845968,,,,
SP100,0.2321106846636215,2.899061522262396,,,,
SNORA70,0.1041255016050692,1.3005270982117727,,,,
SKA1,0.6202842121655537,7.747347326824021,,,,
TUBGCP4,0.298838080361617,3.732486427407036,,,,
BARD1,0.8517104689114142,10.637860347133486,,,,
CTC-459F4.3,0.35315520447397,4.410907090127839,,,,
ZNF91,0.32240529430747256,4.026840835246425,,,,
FEN1,0.5034842246164434,6.2885159499097165,,,,
RNU6-125P,0.19467147165012197,2.4314459016005645,,,,
LUCAT1,0.24817064879467507,3.099650409967955,,,,
ZNF814,0.31733153551258747,3.963469608209598,,,,
ZNF766,0.3839931536232981,4.796072951552371,,,,
OGFOD1,0.18863801856735915,2.3560880967499958,,,,
UBE2E1,0.234239399972994,2.925649167954779,,,,
MTPAP,0.7745485175106291,9.67410788303265,,,,
KNSTRN,0.8001684629655144,9.994100899202321,,,,
RP11-472I20.1,0.20339070084811112,2.5403490393786026,,,,
SNHG3,0.19347685756463576,2.4165251764551248,,,,
CYP1B1,0.6104032313152821,7.623933915559702,,,,
ILF3-AS1,0.3125532208640861,3.9037884773783804,,,,
NLN,0.24903330756487407,3.1104250145543424,,,,
CCDC41,0.4801394687933726,5.996940043133364,,,,
TMEM120B,0.7785263397649128,9.723790867064624,,,,
CD24P4,0.9676508747912792,12.085955552439996,,,,
TEX30,1.0975408908183282,13.70828133264171,,,,
PCNA,0.5912621386064847,7.384861744252507,,,,
UGT1A6,1.2740540538954284,15.91293003285663,,,,
TMC4,0.6858414415404575,8.566156859277658,,,,
UCA1,0.2474873515121787,3.0911160296449536,,,,
ALKBH3,0.12227981325646865,1.5272743780623534,,,,
RBM18,0.4425644628053717,5.527628368763617,,,,
TARBP2,0.23762937952410274,2.96798999897735,,,,
EID3,0.4149038507566467,5.182147435006093,,,,
SURF1,0.2982694802393676,3.7253846141563627,,,,
LRRC47,0.13604437385814602,1.6991936848749707,,,,
GXYLT2,0.1173821354660476,1.4661024020663938,,,,
C1RL,0.6453906180373394,8.06092623565658,,,,
FP15737,0.22037958919146627,2.752540186777136,,,,
RP11-138C9.1,0.12771671582333835,1.59518126935753,,,,
RBM5,0.2088674559268082,2.6087536883869658,,,,
EXOC1,0.4171675153481299,5.210420596691809,,,,
ORAI2,0.21100526676365475,2.635454937181088,,,,
TUBA4A,0.5990743656631852,7.482436428916763,,,,
C1orf109,0.36396482883610304,4.5459192551377585,,,,
INSIG2,0.2930805112553829,3.660574412318891,,,,
EIF1AD,0.562281030669107,7.022887822131922,,,,
FANCA,0.7392576402476145,9.233324967294152,,,,
RP11-429D19.1,0.36070892318910397,4.505253006640792,,,,
FLII,0.3501664202475821,4.373577187104965,,,,
STAT3,0.3149784371338114,3.934079418878616,,,,
FTSJ1,0.5639976006801488,7.044327774698057,,,,
NR2C1,0.1715456747252052,2.1426047905856187,,,,
C2orf68,0.5356699033366574,6.690514948279378,,,,
RP11-169F17.1,0.19872169171193413,2.4820331339587445,,,,
ZNF121,0.7967277147264973,9.951125967471011,,,,
TBCD,0.2546617437279913,3.1807241596999027,,,,
QPRT,0.3072568168686766,3.8376364126782976,,,,
RP11-152P17.2,0.15441010300910565,1.9285815684487106,,,,
HBEGF,0.5999718383270327,7.493645858895453,,,,
SPRR1B,1.1525483385589603,14.395324134716214,,,,
NDRG3,0.15593471853924987,1.947624010316866,,,,
NOL9,0.26761042517754574,3.342453139168635,,,,
XRN1,0.31501922352128153,3.9345888406948415,,,,
ATPAF2,0.14786870744250177,1.8468795640083637,,,,
FAHD1,0.16966923374781073,2.119168050289736,,,,
GMNN,0.6698177824388953,8.36602142124511,,,,
DIS3L,0.1710022252645066,2.1358171089970313,,,,
RP11-611O2.5,0.37656972269986994,4.703354329036255,,,,
RP11-78A19.3,0.3427811457838275,4.2813351386174245,,,,
SP4,0.6518834632022615,8.142021845774279,,,,
BCS1L,0.21769545954321465,2.71901541821559,,,,
BLOC1S6,0.10888263187267254,1.3599436362103794,,,,
AKIP1,0.29244912876726886,3.652688447569899,,,,
PLEK2,0.6214893645933236,7.7623996758223965,,,,
NAE1,0.21050680950741832,2.629229208046121,,,,
UCK2,0.48334061415696716,6.036922335909825,,,,
WWP1,0.1566245749813459,1.9562403145170102,,,,
HHLA3,0.18409799522926995,2.2993832234318976,,,,
CDCA7,0.4276294104859522,5.341089625082117,,,,
SLC43A3,0.7863966363968348,9.822090840490933,,,,
ARHGAP8,0.6132870322269853,7.659952577402435,,,,
RP11-349A22.5,0.1197669066245218,1.495888184289013,,,,
CWF19L1,0.4436611080501742,5.541325463481107,,,,
RP11-325O24.2,0.3658653765349284,4.5696570882878085,,,,
LIN52,0.2736052964094753,3.4173290568567474,,,,
TMEM67,0.35188675315859025,4.395064138276615,,,,
ELP2,0.29269132602411346,3.6557134903383233,,,,
MAN2C1,0.1589120257498621,1.9848105654586472,,,,
PI3,0.18412257931144707,2.2996902785198747,,,,
MXI1,0.10267130491804254,1.2823641874122544,,,,
GALNT14,0.5653300978005842,7.060970658398038,,,,
ST3GAL6,1.0599555265702378,13.238840283644912,,,,
TMEM156,0.3718624296823701,4.644560258091933,,,,
CDC6,0.6039308939706208,7.543094448034965,,,,
AP5S1,0.13316791603399233,1.6632667381663362,,,,
EXOSC2,0.3929925944247137,4.908475931135461,,,,
CHRAC1,0.4058713922719894,5.06933206469149,,,,
RP11-500M8.7,0.19581495801968735,2.445728041778828,,,,
ACAT2,0.4089615136321734,5.107927668109805,,,,
BAZ2A,0.15276065551391557,1.90797997583686,,,,
DNAJC14,0.15284418059826216,1.909023203805981,,,,
CENPE,0.6621687640767832,8.270485212522905,,,,
TBP,0.14034563833243224,1.7529164609399697,,,,
DDAH1,0.37331634289252585,4.662719628266468,,,,
YAF2,0.28562177703449704,3.5674148517588553,,,,
RP11-307P5.1,0.2449017529288144,3.05882191368941,,,,
CRISPLD2,0.1637598990412558,2.0453604834611325,,,,
STMN1,0.766482576335937,9.573364310050348,,,,
METTL1,0.20049769979374968,2.504215467790899,,,,
PDLIM5,0.7514484178418177,9.38558773064359,,,,
RAD51C,0.610421774019377,7.624165513859618,,,,
GGH,0.31297070933048127,3.909002906652365,,,,
CLUAP1,0.1665456048628771,2.0801539380214358,,,,
TMEM138,0.42351440382111755,5.28969320831154,,,,
VN1R81P,0.4857478261892353,6.0669884045562945,,,,
ANXA4,0.1855461298565763,2.3174704191297764,,,,
DGKA,0.41699993049025874,5.208327462487874,,,,
SAA1,0.7693701187742279,9.609429703545182,,,,
CTSH,1.2764352370794554,15.942671001292767,,,,
ANKRD32,0.713504978413786,8.911674324082773,,,,
ATP6V1H,0.3953575976450756,4.938014811890193,,,,
MEST,0.23983889996595079,2.995586900450873,,,,
RIMKLB,0.4745386076678557,5.926985310097043,,,,
C15orf52,0.25805552844596646,3.223112517241403,,,,
DROSHA,0.15328527687850602,1.9145324945804287,,,,
AGR2,1.0405207084889094,12.996099483610646,,,,
TERF1,0.7731847130382408,9.657073970632107,,,,
NUP35,0.17537418848954583,2.1904229121759142,,,,
PIGL,0.06706965093684719,0.8376996717077799,,,,
FAM210A,0.699080842431017,8.731516923400735,,,,
SLC38A6,0.11403289822151512,1.4242704422898604,,,,
EDC4,0.2516695531516212,3.1433517113793874,,,,
CAMLG,0.26918807957368873,3.36215803626079,,,,
PNO1,0.5849065511627088,7.305480482522454,,,,
CLSPN,0.5618994247723539,7.018121566009123,,,,
JKAMP,0.33565231323433253,4.1922960486123975,,,,
SPAG7,0.26124433574667866,3.262940707661855,,,,
MPV17,0.30611502166048776,3.8233753950988567,,,,
AP001628.6,0.18365827024255532,2.29389106010814,,,,
HRSP12,0.22030798608559343,2.7516458642714263,,,,
LRTOMT,0.1878985166964364,2.3468517213425466,,,,
CYP24A1,0.6242270406884113,7.796593239290568,,,,
CAD,0.29213414350332795,3.648754282884227,,,,
GTPBP2,0.10789571167174804,1.3476170068516744,,,,
DYRK4,0.5793991463473236,7.236693018425553,,,,
RP11-395B7.7,0.29440153754811016,3.677074025426718,,,,
DPAGT1,0.5285996944761986,6.60220806791573,,,,
NOL3,0.12870522367788384,1.6075277285036054,,,,
RASGEF1A,0.28577478190607797,3.5693258819923916,,,,
SNHG1,0.26469653052789965,3.3060586066594677,,,,
C19orf54,0.10634770604632486,1.32828242278712,,,,
C6orf203,0.1272481869955041,1.5893293461734965,,,,
VSIG10,0.28617611622656564,3.5743385460486596,,,,
TYK2,0.2493825379254155,3.114786900359465,,,,
ZFC3H1,0.22289248624478783,2.783926260913485,,,,
ASUN,0.3206249743042394,4.004604645533026,,,,
ZNF410,0.2103547702552705,2.6273302383954382,,,,
ACOT13,0.16352864669810935,2.0424721426209835,,,,
CTD-2033A16.1,0.28673242264443755,3.581286810980872,,,,
LAMB2,0.6537765752079804,8.165666807147195,,,,
NIF3L1,0.5304762465873337,6.625646196271589,,,,
GMPR2,0.44260783077018134,5.528170034470479,,,,
MANSC1,0.0968941929725708,1.2102080823402657,,,,
RNU2-2P,0.14496706502046533,1.810638061772993,,,,
RP11-805J14.5,0.3071222839717492,3.835956097334236,,,,
FANCI,0.7428957748405106,9.278765253795232,,,,
UBE2T,0.626509537683531,7.825101617622314,,,,
AC016683.6,0.2583090963208023,3.2262795789830188,,,,
HKR1,0.1842107157063012,2.300791101738775,,,,
RAB33B,0.2067608572380719,2.582442279197792,,,,
CTD-2325M2.1,0.15030757122769245,1.877340962922128,,,,
BAG3,0.8878298379009636,11.088991121219784,,,,
PPAP2A,0.10198135510135167,1.273746716963795,,,,
HCAR1,0.1997797970849687,2.4952488658321355,,,,
IQCK,0.25104208804344597,3.135514674690149,,,,
MOV10,0.5054753972695976,6.313385688376544,,,,
SUPT5H,0.4087832430141869,5.105701068804806,,,,
RP11-498C9.13,0.11739913751919022,1.4663147576420825,,,,
PLK1,0.5154724254088746,6.438248529815979,,,,
TNFRSF10A,0.6264384366011024,7.824213565387414,,,,
RMND1,0.12929578175565173,1.6149037965308024,,,,
SKIV2L,0.28755563351560376,3.5915687114662576,,,,
NARF,0.34686019480228025,4.332282444528637,,,,
LYRM4,0.20921617090896114,2.613109137118079,,,,
AC008982.2,0.3111356122129975,3.8860825510012593,,,,
POMGNT1,0.2634749584235036,3.2908011759657625,,,,
ZNF3,0.3065788038379275,3.829168032638465,,,,
NXF1,0.15582604111920498,1.946266629775563,,,,
SQLE,0.23861522982719835,2.980303265316455,,,,
FBLIM1,0.6128923027427613,7.655022407724659,,,,
RP11-360L9.7,0.374233550690386,4.674175549989972,,,,
SLC1A6,0.2596739531304509,3.2433266350717305,,,,
PYGL,0.28271139781108157,3.5310642269092356,,,,
L3HYPDH,0.2857778400783618,3.5693640785519745,,,,
MAPKAPK3,0.45115249569817434,5.634892865215082,,,,
GEMIN7,0.289520588276799,3.616110988567473,,,,
RRM1,0.7161143408690097,8.944265250702708,,,,
CMBL,0.39590691962198327,4.944875841182722,,,,
AC104841.2,0.1789173006714303,2.234676369143853,,,,
RBM48,0.16233000553288227,2.0275011192657013,,,,
LIN7C,0.17775798976734836,2.2201965805928268,,,,
RP11-386I14.4,0.4068137945462007,5.081102665323761,,,,
HLA-E,0.5756857715443207,7.190312982001441,,,,
WDR90,0.26640867510009253,3.327443285512094,,,,
KIAA0196,0.16506768050346088,2.061694668688759,,,,
NDUFAF7,0.3516574935250809,4.392200686371856,,,,
CAPRIN2,0.0922909597647102,1.1527137180017646,,,,
HDHD1,0.2668213460967056,3.3325975446077853,,,,
ZNF765,0.2910059445815361,3.6346630828674567,,,,
SRM,0.3030024125465413,3.7844989197260723,,,,
ZNF426,0.17907931516937675,2.2366999295746273,,,,
PROSER1,0.26725176870572315,3.3379735212713455,,,,
DCLRE1C,0.33345290103380976,4.164825399032562,,,,
TMED3,0.15270065545726635,1.9072305753695036,,,,
SUCLA2,0.2783191258239898,3.4762047673736167,,,,
AC019205.2,0.2900534566754509,3.6227665127334547,,,,
CENPL,0.11549639945088438,1.4425495667859898,,,,
CLU,0.3201661045348169,3.998873363949888,,,,
COMMD10,0.5268747298160625,6.580663266216015,,,,
ASB8,0.11819672196760635,1.4762765842099073,,,,
EFNA1,0.7234426520246493,9.035795827699928,,,,
GLCCI1,0.45509893569516197,5.684183884979055,,,,
SPG7,0.12305741454122229,1.5369866149960303,,,,
GGPS1,0.15327316932800236,1.914381271323107,,,,
FOXM1,0.8123680405600678,10.146473574520906,,,,
TMEM54,0.3040981563657245,3.7981847556411856,,,,
RP11-631F7.2,0.09543761552467736,1.192015435847052,,,,
DDIT3,0.12664225501083498,1.581761258110648,,,,
RCN2,0.14399696675388912,1.7985215383069566,,,,
KLK8,0.4468617153995833,5.581301036462545,,,,
PRPF3,0.22774707426909263,2.8445600459031497,,,,
ARID4A,0.08597431364425971,1.073818833244156,,,,
ASS1,0.8468487894304138,10.57713798987808,,,,
RP3-363L9.1,0.1662602739215565,2.0765901557065796,,,,
RP11-324E6.9,0.08729056750818265,1.0902588387353218,,,,
IL10RB,0.29036589581279265,3.626668876308096,,,,
C1orf174,0.7749800150895112,9.679497286065516,,,,
SNORA28,0.07936327620745393,0.991247002123778,,,,
CTC-510F12.6,0.07833901669225486,0.9784540048792607,,,,
NVL,0.2911042409533852,3.6358908041583513,,,,
DECR1,0.33952605789229906,4.2406791038830125,,,,
PPOX,0.11847871541908846,1.4797986812900417,,,,
AC040977.1,0.24160296490890837,3.0176200645265023,,,,
ZNF146,0.27370693308965816,3.418598498585359,,,,
ST7,0.3141211068249603,3.923371366753133,,,,
NPC1,0.13252103557867384,1.655187203869002,,,,
RND3,0.1718778814558813,2.1467540513218717,,,,
ELP6,0.26955031371273297,3.3666823392073555,,,,
XBP1,0.7110865364575046,8.881467993730332,,,,
HNRNPA1P33,0.3266829338287571,4.080268535743009,,,,
LIMCH1,0.39521768030886756,4.936267244921072,,,,
FAM83D,0.302247190319746,3.775066197136707,,,,
ACSF2,0.29860907704927436,3.729626176952623,,,,
BAZ1A,0.13887230045761997,1.7345144767816354,,,,
QRICH1,0.22651573528714086,2.8291806269478723,,,,
MPRIP-AS1,0.5723521346715914,7.148675870806278,,,,
NUP88,0.26439910147429135,3.302343718970569,,,,
PPIP5K2,0.14856395544399656,1.8555632087638148,,,,
SKA2,0.9314980799077563,11.63440728907178,,,,
TOP3A,0.23477008837165367,2.9322774639295845,,,,
CDCA8,0.5496506887048981,6.865134901560779,,,,
PDLIM1,1.04839055951453,13.094393891416033,,,,
LIG1,0.20592062541239903,2.5719477870587566,,,,
STIL,0.24982405274494404,3.120301418687903,,,,
EDN1,0.256306131601976,3.2012625576631533,,,,
PRELID2,0.08096198808276384,1.0112149070464302,,,,
SLC20A1,1.1255478524984062,14.058088171908324,,,,
ESYT1,0.21005269803742294,2.623557357603779,,,,
MARS,0.09874503009248597,1.233325030558729,,,,
RNF10,0.1339334165073665,1.6728278360143256,,,,
FBXO32,0.6979788072918157,8.71775250892378,,,,
C8orf4,0.6576376507072801,8.213891624676778,,,,
INTS10,0.12083221847030268,1.5091939249781563,,,,
APEH,0.14912943275577348,1.8626260181241878,,,,
RPUSD3,0.09519398374307984,1.1889724758702065,,,,
C17orf75,0.8901168872044558,11.11755635786488,,,,
CCDC18,0.22188475522288226,2.7713397044840367,,,,
STXBP3,0.45258509609513137,5.652786038438085,,,,
CTD-3074O7.12,0.47999821166772294,5.995175742199481,,,,
HSD17B4,0.2310366271041081,2.8856465476437445,,,,
USP39,0.12976632494522466,1.6207808790848883,,,,
DMD,0.3247337410019485,4.055923125139185,,,,
EEF1E1,0.7070544653872707,8.83110744220431,,,,
KIF22,0.47242914135161224,5.900638084251785,,,,
MPRIP,0.12442414983816617,1.5540571333835402,,,,
UTP6,0.4519761901088098,5.645180805106502,,,,
SNORD3A,0.32598236030121847,4.07151837518859,,,,
APOBEC3B,0.9344310044384975,11.671039504719642,,,,
MAGED1,0.6884480606564625,8.598713521601734,,,,
MPHOSPH6,1.0306900148645763,12.873314159596989,,,,
FAM134C,0.12517668076486874,1.563456241645521,,,,
TBPL1,0.2827455634140814,3.5314909551539317,,,,
PPIL3,0.43520434593817403,5.435700538556362,,,,
ITGAV,0.4342066391851683,5.423239185205343,,,,
MRRF,0.33513058797962814,4.185779702269712,,,,
LRP10,0.3623489918962869,4.525737458227978,,,,
PBK,0.7913732555716096,9.884248794061453,,,,
TTLL5,0.11501147082998643,1.436492810252242,,,,
TXNIP,0.7045582520792643,8.799929747980158,,,,
BUB1B,0.48580480013818345,6.067700008950579,,,,
TCEAL1,0.6333999462234351,7.911162792702011,,,,
ZDHHC4,0.11991385178508857,1.4977235287562405,,,,
WRB,0.14781741367912446,1.8462389051091206,,,,
TRMT61B,0.28235595719490186,3.5266247750360518,,,,
BAZ2B,0.14462533174162193,1.8063698144882665,,,,
COPG1,0.5123796620974544,6.399619928437302,,,,
FBXO9,0.14652723296362818,1.8301245531374277,,,,
HDAC9,0.20855270436773984,2.6048224426742164,,,,
CENPH,0.4115795733543646,5.140627223559347,,,,
MYO1E,0.154702434046187,1.932232781931596,,,,
NLRC5,0.49171647690015613,6.141536828041975,,,,
DGAT1,0.2333393657679043,2.914407744336228,,,,
CTD-2349P21.10,0.09633701516423725,1.2032489337446755,,,,
KRIT1,0.0979164214914924,1.222975712449408,,,,
AC008865.1,0.2149807591448212,2.685108821107153,,,,
IMMP2L,0.20624887692770597,2.5760476471708826,,,,
KIAA1524,1.046142412055051,13.066314538646933,,,,
MMS22L,0.7589808908922433,9.479668288889386,,,,
RP11-138A9.2,0.1898620659743798,2.3713764439635727,,,,
PPP1R11,0.3766912716802937,4.704872475315163,,,,
ABCA1,0.2724945185736416,3.403455446133854,,,,
SENP2,0.18772037196415053,2.344626694349446,,,,
PARL,0.2084159983331037,2.6031149848488733,,,,
CTPS1,0.49883446808038356,6.2304405093882504,,,,
TXLNA,0.4180740808527306,5.221743596215106,,,,
NUF2,0.6247597162465066,7.8032463548787705,,,,
PIK3C3,0.251281389465545,3.138503548494194,,,,
TAF11,0.3080044008092258,3.8469737331030265,,,,
RFC4,0.7057273310606159,8.81453153977718,,,,
CHEK1,0.21010669491070966,2.6242317783349693,,,,
LIAS,0.2987442364141672,3.731314316879064,,,,
AP1S3,0.18951110044856667,2.3669928859511535,,,,
LCMT1,0.2584768282198659,3.2283745497308582,,,,
CASC4,0.14707808309694304,1.8370046690973652,,,,
THAP5,0.7597663171192952,9.489478259321043,,,,
SETD5-AS1,0.3195210337411087,3.9908164323188218,,,,
DHRS3,0.1795873795302378,2.243045651407897,,,,
RBM19,0.109824118886263,1.3717028052411604,,,,
NT5DC1,0.19302810073871537,2.410920205495844,,,,
PIGH,0.09067787212898618,1.132566259889089,,,,
MB21D1,0.32345468063336674,4.039947666255937,,,,
TTPAL,0.27067483013900795,3.3807275448698624,,,,
IDH1,0.9608097756762929,12.000510251880126,,,,
TOX4,0.18487804112122083,2.309125993499682,,,,
UHRF2,0.39946110499259185,4.989267602233497,,,,
TTC9C,0.2836590793145093,3.542900765093286,,,,
ZNF252P,0.14134158338087335,1.765355810608029,,,,
SEC11C,0.17579493928122825,2.195678087879677,,,,
KANSL2,0.16389630353981144,2.0470641751020375,,,,
AARSD1,0.21360965182318783,2.6679836961487737,,,,
RP11-488C13.5,0.16078640976658656,2.0082216143239955,,,,
KDM2A,0.39754372868259025,4.965319579797224,,,,
AZI2,0.2531907267676363,3.1623511637538493,,,,
GCLC,0.2237154730540581,2.794205362866687,,,,
PSMG1,0.37538636181385004,4.688574156307101,,,,
STK25,0.1399011825230228,1.7473652096596928,,,,
TRMT11,0.6114338754469416,7.636806656638252,,,,
C12orf65,0.30837444712854334,3.8515956101499316,,,,
BLM,0.5151728529103259,6.434506870508355,,,,
LPCAT3,0.24889702649500564,3.108722864537247,,,,
SLC44A2,0.7024689318109322,8.773834146192664,,,,
COQ3,0.6176727003074409,7.714729554170605,,,,
MST4,0.16983079302484091,2.1211859250130884,,,,
NLRP2,0.6411457627540682,8.007908010161541,,,,
RNU6-1226P,0.39574911553451725,4.942904868761993,,,,
PIK3R4,0.14704991875313242,1.8366528965559181,,,,
PEMT,0.2243963460012926,2.8027094632519733,,,,
ADORA2B,0.3926654299577795,4.904389648253159,,,,
ZMYM6NB,0.3525010093867118,4.4027361961068605,,,,
MAPKAPK5-AS1,0.1767122610692401,2.2071354333397193,,,,
COLGALT1,0.3171542420682826,3.9612552137999715,,,,
TMEM17,0.23702959476933447,2.9604986897913546,,,,
ERAP2,0.21514517960132074,2.687162431950624,,,,
TTLL4,0.12045881474417236,1.5045301139335998,,,,
PFKM,0.23083954403061197,2.8831849808447414,,,,
EEF1A1P3,0.0943893210001087,1.1789222414317255,,,,
CKAP2L,0.4878511939608749,6.093259459603865,,,,
ERAL1,0.6725988248885493,8.40075663030821,,,,
VPS33A,0.1343924124046179,1.678560692933542,,,,
SNX14,0.17656538393094348,2.2053009384703737,,,,
IFNGR2,0.29875194572142255,3.7314106060958214,,,,
TM4SF19,0.7599284996414919,9.491503918374029,,,,
KIF2C,0.20168858609769091,2.5190896329597656,,,,
SLCO3A1,0.2808960280920303,3.508390266385579,,,,
IDH3A,0.4207156581810788,5.254736886471404,,,,
EIF5A2,0.6070809676549659,7.5824388557420495,,,,
SMIM14,0.5215585070623239,6.514263665303739,,,,
ATP6V1A,0.22813290248916704,2.84937903882733,,,,
C9orf38,0.27722886914122524,3.4625874657704063,,,,
ZNF292,0.18816963785741875,2.3502380235578633,,,,
FOPNL,0.42093267882734203,5.257447473474453,,,,
SNORA77,0.21706385171131135,2.711126638923572,,,,
AKAP10,0.18449979554568394,2.30440170777542,,,,
NUBP1,0.1238733696681794,1.5471778912652905,,,,
ZNF587B,0.1250005626606698,1.561256527229113,,,,
RP11-110G21.2,0.1633416176227286,2.0401361502181934,,,,
B9D1,0.21197319554435992,2.64754436377728,,,,
RAB18,0.15565530141483047,1.9441340915514314,,,,
CDH3,0.5436278446894866,6.789909603918957,,,,
NCAPG,0.5222400877986144,6.522776605971502,,,,
EGLN2,0.4422260877056529,5.523402065122714,,,,
RP11-294J22.6,0.7668838662819867,9.578376419870063,,,,
GTF2E1,0.10260249869263158,1.2815047979323169,,,,
ARSB,0.14541129534323968,1.8161864967261003,,,,
ALKBH4,0.11304866998142046,1.4119774355111439,,,,
CCNF,0.5621225595814018,7.020908518880877,,,,
KIN,0.30603875403343594,3.8224228127422943,,,,
FILIP1L,0.23154782803107704,2.8920314451751454,,,,
MTFR2,0.4087232329402152,5.104951543221132,,,,
CLTA,0.18275903099458654,2.2826595655008477,,,,
INTS8,0.2545193317369202,3.178945434501529,,,,
SMAGP,0.16681877647274013,2.083565850335064,,,,
COG1,0.13641875750064594,1.7038697350710608,,,,
PPAPDC1B,0.1566310221408575,1.9563208395135006,,,,
RP11-690G19.3,0.29991962942764755,3.7459949709120965,,,,
AC004447.2,0.09903955194987321,1.2370036073784647,,,,
UCHL5,0.668513986250576,8.349737012072364,,,,
RP11-395P17.3,0.18841845923487774,2.353345801566243,,,,
IFT74,0.30247758295184424,3.7779438001893055,,,,
ECT2,0.6493175224665543,8.109973256257277,,,,
IFRD1,0.2824009335952777,3.5271865300966962,,,,
RP4-605O3.4,0.2807381529080311,3.5064184059694354,,,,
RP11-203J24.8,0.34791849361667393,4.3455005924838295,,,,
FBXW7,0.094264272875289,1.1773603908533206,,,,
C10orf32,0.4953858661973626,6.1873674856747725,,,,
EFCAB2,0.13717861595507805,1.7133603641250499,,,,
DRAM2,0.33139064398891505,4.1390678167974615,,,,
ZNF143,0.27420402776351965,3.424807209071918,,,,
SGCE,0.15980114453342426,1.9959156555060154,,,,
CDK5RAP1,0.13958083054151701,1.7433640146931195,,,,
PKMYT1,0.2574292401671553,3.2152901791462107,,,,
SLC41A2,0.22723490444909605,2.8381630469017125,,,,
HIBCH,0.1561707253382033,1.9505717342910114,,,,
HAUS8,0.4131991905778589,5.160856236197135,,,,
NUDT15,0.46118826378008426,5.760239568382917,,,,
PSD4,0.1479153580674166,1.847462230126798,,,,
SMYD3,0.2103668139888805,2.6274806645800135,,,,
SPTLC1,0.23494686094892442,2.9344853527120396,,,,
BIRC2,0.09212336593460117,1.1506204717346151,,,,
GDA,0.4210219763487982,5.258562799159964,,,,
CRYZ,0.5850075170469203,7.306741546012069,,,,
GTF2E2,0.13105057688882912,1.6368211807193866,,,,
GALE,0.12967851448167425,1.6196841267466668,,,,
YAE1D1,0.27387610043037275,3.420711397993673,,,,
NME2,0.27325319830052447,3.412931352885472,,,,
XPNPEP1,0.12277928367317864,1.5335127615675794,,,,
PABPC1L,0.1454929520131237,1.8172063882060636,,,,
AC006011.4,0.13174287677892435,1.6454680035752587,,,,
STAT6,0.15869243825003435,1.9820679184648518,,,,
GNS,0.34874874062714367,4.355870374320949,,,,
SHMT2,0.3003553529560558,3.751437156037626,,,,
VPS25,0.25605280847577755,3.1980985528310386,,,,
ERCC8,0.21392995268401083,2.6719842526182234,,,,
HP1BP3,0.17056652817567652,2.130375254101728,,,,
SPINT1,0.48756351457902936,6.089666345276253,,,,
TRIM45,0.17274456965245696,2.1575789834275727,,,,
ABL2,0.08964883852522879,1.11971363429759,,,,
RIT1,0.15637633970056006,1.953139856853731,,,,
CSTF2,0.5047314776264531,6.304094135011731,,,,
MCAM,1.160698956426995,14.497125319259386,,,,
DDX42,0.4954016864799099,6.187565080940456,,,,
FBXO22,0.25343543228961385,3.1654075347437427,,,,
RBM4B,0.09412553401900091,1.175627543093682,,,,
ZNF791,0.3595460929404506,4.490729261490157,,,,
REV1,0.6507422928416565,8.12776863253866,,,,
SAMD8,0.23555153825985004,2.9420377699048545,,,,
DNPEP,0.11067250938485877,1.382299199172342,,,,
ECE1,0.26161778297943655,3.267605062104016,,,,
TMEM237,0.31433759792121313,3.926075339678673,,,,
DSTNP2,0.2623207603663841,3.2763852468528287,,,,
XRRA1,0.178089170353874,2.224333024792749,,,,
EIF4A3,0.09658452435137477,1.2063403225011935,,,,
PCMTD2,0.16039991194038355,2.0033942580219493,,,,
CRBN,0.6095323107235129,7.613056120854977,,,,
DAPK1,0.7040937665650435,8.794128325766971,,,,
LDLR,0.24213580945962404,3.024275290831856,,,,
ARHGAP26-IT1,0.2859286133555205,3.57124723618011,,,,
MRFAP1L1,0.19496572958849281,2.4351211820728422,,,,
RPP30,0.571289267998205,7.135400670310553,,,,
MAGOH,0.3938187205877492,4.918794243604624,,,,
ZNF431,0.18306165194817692,2.286439299999738,,,,
HLA-C,0.7842826547862112,9.795687218636942,,,,
GPRC5B,0.4428158323887417,5.530767973853625,,,,
TARBP1,0.2535639872267471,3.1670131853939054,,,,
SRR,0.6123125727674911,7.647781582654311,,,,
TAOK3,0.17323423819722553,2.1636949415914897,,,,
MDM2,0.20570007404145507,2.5691931013185787,,,,
MPZL2,0.23530107933741326,2.938909538966257,,,,
TRMT6,0.2596928171172212,3.2435622461909754,,,,
RP1-20B21.4,0.25168635634752873,3.143561583229006,,,,
CPSF1,0.23134648292634563,2.8895166456230754,,,,
MORN2,0.3578220136450126,4.4691955179919765,,,,
MAGED2,0.6403324392584242,7.997749602956846,,,,
RP11-584P21.2,0.283006790780637,3.5347536839164646,,,,
CETN3,0.9135228739779123,11.40989703896643,,,,
CAMTA2,0.08600378241350974,1.0741868980541194,,,,
CCDC121,0.15729814024178895,1.9646531419235251,,,,
RP11-810M2.2,0.0657642160772622,0.8213947955374844,,,,
SART3,0.3525339745007345,4.4031479302490375,,,,
SMU1,0.6134761712459154,7.662314922991709,,,,
LTV1,0.20491387591267962,2.559373489837484,,,,
FTSJ3,0.5145399313324804,6.42660168253478,,,,
BNIP3,0.5743148743663995,7.173190481737185,,,,
WBP5,0.19385390178053924,2.4212344572023743,,,,
IL1B,0.7292977585044691,9.108926084193696,,,,
NCAPH,0.6114772388795673,7.6373482657381535,,,,
GINS4,0.3747762510613356,4.680953875450593,,,,
PDRG1,0.2290832115521332,2.8612483952194974,,,,
RP11-498C9.15,0.15552580894851162,1.9425167311654936,,,,
SLC44A3,0.2455241077348757,3.066595122725703,,,,
PAPD4,0.2256050460463582,2.817806121976171,,,,
ACER3,0.9173996439317064,11.458317880169819,,,,
HELLS,0.39055952791595655,4.878086940181144,,,,
ZNF2,0.15688931915544552,1.9595469681916895,,,,
TBC1D8,0.7735780594934263,9.661986866282728,,,,
CTD-2002H8.2,0.2578262956036604,3.2202493999586657,,,,
CCDC66,0.1503265886354984,1.8775784902694936,,,,
U91328.21,0.1005003505087279,1.2552489755306864,,,,
EXOSC10,0.22669179347261703,2.831379592979673,,,,
COMMD4,0.27223061050931874,3.4001592354669388,,,,
COMMD3,0.4936529567843702,6.165723454043686,,,,
MLPH,0.36055749573012913,4.503361678284391,,,,
ZNF12,0.09161078055886454,1.144218282443648,,,,
TTC32,0.15159492661597188,1.8934200265681929,,,,
RP11-299J3.8,0.11703256569745431,1.4617362770560625,,,,
EIF2B4,0.32177232794671484,4.018935087934454,,,,
TMEM170A,0.6189333639588912,7.730475238130526,,,,
TMEM109,0.21015239069061048,2.6248025184430013,,,,
PTOV1,0.22365269310078983,2.7934212415016875,,,,
RUFY3,0.30117602061811666,3.7616872918514663,,,,
TRIM26,0.1742641621648754,2.1765586878244414,,,,
FTO,0.197990136007398,2.4728960061376544,,,,
FERMT1,0.7566006037999672,9.44993851263563,,,,
PDHA1,0.3366415586904868,4.204651720399614,,,,
ARFIP1,0.10862571717129126,1.3567347726186088,,,,
ATP5S,0.18415051086278417,2.300039143484259,,,,
TCEAL8,0.3198610748018776,3.995063543806572,,,,
MRPS12,0.2358157071579421,2.9453372383845022,,,,
RAC2,0.29906662119555466,3.735340901508022,,,,
HUS1,0.4810837315853085,6.0087338816245675,,,,
ARIH2,0.201430704098111,2.5158686878173664,,,,
TMEM177,0.33172360376039006,4.143226483010278,,,,
PARP2,0.4163134157666924,5.199752896338788,,,,
C15orf48,0.1305928464250957,1.6311041290597441,,,,
RNF207,0.2721761861112148,3.399479474952493,,,,
RAB22A,0.33241120959424947,4.151814677122557,,,,
RBBP8,0.3316525760804749,4.142339347572476,,,,
ABCA9,0.38446587549379374,4.801977245822459,,,,
CLCC1,0.2052509251133166,2.5635832330041635,,,,
IMP4,0.17343256935347098,2.1661720969390355,,,,
HERC4,0.3653331316851894,4.563009352245253,,,,
C18orf32,0.11496320791901184,1.4358900066873757,,,,
TRNAU1AP,0.07070525981075507,0.8831084119888082,,,,
KLK7,0.39294888724928084,4.9079300286892735,,,,
JAK3,0.5557129065092644,6.940851977669025,,,,
GLRX,0.16914504445743336,2.112620928151359,,,,
C3orf14,0.5802069081035922,7.246781959527714,,,,
ARMC8,0.10758505510327247,1.343736907555036,,,,
MRPS22,0.11644487145731142,1.4543959783493372,,,,
CCDC84,0.13858277449761858,1.7308982987002492,,,,
LANCL2,0.47729957049018834,5.961469724695283,,,,
FTLP14,0.17278904588310695,2.158134491370344,,,,
AC005154.6,0.11815116831307662,1.4757076192471916,,,,
TIPIN,0.36251597202345726,4.52782303934788,,,,
YIPF3,0.4197784092267806,5.243030650784218,,,,
TRAFD1,0.8007476017706067,10.001334340559513,,,,
TRAPPC13,0.38161582870979976,4.766380172899691,,,,
HOOK2,0.1649869692158513,2.060686585029619,,,,
UBE2J1,0.22114825397736368,2.7621408068758737,,,,
TYW3,0.23297914745845397,2.9099086190932204,,,,
AIFM2,0.12003765997140149,1.4992698925076597,,,,
FNTA,0.18461445859131215,2.3058338487562966,,,,
EMC2,0.5505480892583008,6.876343430880302,,,,
RP11-845C23.2,0.21301940746734654,2.660611546507184,,,,
PHKG2,0.18325476756665596,2.2888513133014605,,,,
AL353629.1,0.25955678163504103,3.241863163563123,,,,
LRG1,0.6843717009294167,8.54779980492943,,,,
UBE2D1,0.3342285785099879,4.174513607604832,,,,
WDR55,0.13863464985662924,1.7315462217266249,,,,
SMG9,0.20975281795111658,2.6198118565262933,,,,
SIPA1L1,0.4930593194150591,6.158308925677441,,,,
CNP,0.1372007048782658,1.7136362546872386,,,,
SLC2A3,0.42816188071812966,5.347740176150427,,,,
EI24,0.3255109814043838,4.06563085465415,,,,
ADD1,0.20015155407258955,2.499892109119301,,,,
HAUS2,0.3436339588543277,4.291986770453988,,,,
RSPRY1,0.21856190712325546,2.729837345021734,,,,
AMIGO2,0.7321917786943606,9.14507238478009,,,,
ICT1,0.10433656663514729,1.3031632995925118,,,,
RIOK2,0.3695669853402827,4.615890167448391,,,,
SNX12,0.183686168162152,2.2942395050122215,,,,
MIEN1,0.3511188322203749,4.385472808832448,,,,
PSEN2,0.10759259322747086,1.343831058696097,,,,
POLD3,0.42949061753061757,5.3643360936191975,,,,
PCED1A,0.24052988992910368,3.004217362324479,,,,
PIGG,0.12174874798575101,1.5206413749570522,,,,
TRAPPC12,0.10586522192342603,1.3222561980235956,,,,
USP15,0.12984534783984053,1.6217678747222959,,,,
CYP51A1,0.36003278346058887,4.496808024138363,,,,
AMZ2,0.13573879449800064,1.695376999890051,,,,
SNHG17,0.07529035968376381,0.9403762910476009,,,,
FAM53C,0.3611714999762811,4.511030588860845,,,,
MORC2-AS1,0.19223835171871542,2.40105624339757,,,,
ELF4,0.188138559173312,2.349849850917784,,,,
STRIP1,0.16633625411093472,2.0775391479677494,,,,
C6orf48,0.1613929484733562,2.0157972803434507,,,,
ORMDL1,0.20091597582737902,2.5094397337764858,,,,
TMEM165,0.2545969798131563,3.179915258662877,,,,
CP,0.41927752837599636,5.23677465096305,,,,
HDAC8,0.1552482466705714,1.9390499794251586,,,,
NFE2L3,0.7780962194481912,9.71841866603063,,,,
SLC25A19,0.46110580166611664,5.759209616909574,,,,
WDR54,0.46164070341275504,5.7658905375837675,,,,
EIF2B5,0.4581852347472541,5.7227317477846045,,,,
C1S,0.9478683616469216,11.83887204246039,,,,
PFAS,0.46610667050905047,5.821670448738324,,,,
NR2C2,0.3750234863428565,4.684041843127056,,,,
SAP30BP,0.2692880056846364,3.363406112986502,,,,
SPTAN1,0.27054021278946083,3.3790461747129195,,,,
COQ9,0.21608708566321305,2.6989268348930175,,,,
SDF2,0.21178992593396376,2.6452553270770975,,,,
RDH13,0.15952912611370237,1.992518146532634,,,,
NUP98,0.17467814187214503,2.1817292927109944,,,,
FAIM,0.2496477764606776,3.118099728603085,,,,
USB1,0.1908451466620913,2.383655117817618,,,,
MELK,0.545215650648396,6.809741293989427,,,,
TIMM10B,0.12877566041060812,1.608407483013359,,,,
FBXW4,0.0895870564251593,1.1189419761150483,,,,
MCC,0.16098798857741742,2.010739332864312,,,,
LRRC42,0.21604897933909156,2.6984508870572874,,,,
PLRG1,0.25861772913048714,3.2301344015404627,,,,
NUPL2,0.49006735102623883,6.120939252478533,,,,
NEDD9,1.125034998132493,14.051682622931128,,,,
BIRC5,0.8053460914396352,10.058769458116991,,,,
GINM1,0.11101899636569242,1.3866268201758964,,,,
EPHX3,0.33861194834049674,4.229261879240368,,,,
DAXX,0.11519554763971811,1.4387919288688937,,,,
UMPS,0.25599722824450266,3.197404355964914,,,,
RP11-325O24.5,0.24152159206355234,3.0166037180137577,,,,
STYXL1,0.23289099696252627,2.908807619751968,,,,
ZNF83,0.1808752487897591,2.259131133303716,,,,
CD276,0.2862142033836603,3.5748142544883015,,,,
EXPH5,0.3710212541175969,4.634053978655312,,,,
TMEM219,0.2614234631882541,3.2651780086900484,,,,
CDK5RAP2,0.12780791128008956,1.5963203002472788,,,,
MVP,0.21969966745584474,2.744047967021088,,,,
SCARB2,0.5496772169608052,6.8654662393708605,,,,
MCM6,0.5049198516838928,6.306446926235052,,,,
INHBA,0.45444383223536,5.6760016453886415,,,,
MLH3,0.24597547788140017,3.072232734048867,,,,
NMRAL1,0.1131400688819897,1.4131190074133653,,,,
SPDL1,0.674456297483677,8.423956455585515,,,,
RCHY1,0.18171120148511166,2.269572179122181,,,,
OMA1,0.2317800290353904,2.8949316347894714,,,,
DBNDD2,0.14237138767056423,1.778218062063752,,,,
RIOK3,0.9165437876629042,11.447628238798647,,,,
PCYOX1,0.1388916112696417,1.7347556687464816,,,,
LYRM2,0.23231439465800144,2.901605859276709,,,,
TMEM241,0.21401833078873508,2.673088094792434,,,,
USP48,0.1308996546564089,1.6349361626406305,,,,
DCAF10,0.21253035540482362,2.6545032882040474,,,,
DCTN6,0.1826220069828724,2.280948136143073,,,,
HMBS,0.5650340599155412,7.057273146398951,,,,
AL358113.1,0.33649322022712436,4.202798973586046,,,,
ARL8B,0.07515538928180954,0.938690511267506,,,,
NME7,0.23615535896573056,2.949579488104085,,,,
SDAD1,0.26539737539471847,3.3148121562404103,,,,
NOG,1.403390895858169,17.5283466712096,,,,
TRIP13,0.24536350890315475,3.064589243960418,,,,
ALG9,0.13741227541549939,1.7162787698503261,,,,
SCFD1,0.17353976766840276,2.1675110034633964,,,,
SYNJ2BP,0.19134190514087224,2.3898596292289667,,,,
GALK2,0.2875002253071621,3.590876663164632,,,,
USP32,0.07927909092177139,0.9901955282426139,,,,
PPP2CB,0.12760693618116262,1.5938101220662253,,,,
HPRT1,0.8292859300611118,10.357777946663195,,,,
QARS,0.31797332827613756,3.9714855972571117,,,,
RP11-746M1.1,0.32581397086511615,4.069415191805769,,,,
PRIM1,0.5453654860214846,6.811612737199482,,,,
CYR61,0.1350964249118356,1.6873538063303857,,,,
LIPT1,0.17077169493971872,2.1329377861632905,,,,
NT5C3A,0.2623817519154297,3.2771470310562467,,,,
ZNF511,0.2983108500407079,3.725901322809491,,,,
PRKAA1,0.17624702920604252,2.201324689230799,,,,
TMEM97,0.27356061557833394,3.416770993454658,,,,
THBD,1.2729362494684537,15.898968660038516,,,,
PLD1,0.6230745015685407,7.782198030297233,,,,
TMUB2,0.14839385234281338,1.8534386217109942,,,,
ICAM1,0.45467994064539874,5.678950638484835,,,,
SELT,0.2255574438775412,2.8172115710782077,,,,
DHRS4-AS1,0.07052152792542939,0.8808136014766066,,,,
OAF,0.07810687115366337,0.9755545080315786,,,,
ZZZ3,0.1671932160696273,2.088242599401227,,,,
NMT2,0.18977644312330658,2.3703070148964343,,,,
DCTN2,0.6238995567494712,7.792502966204191,,,,
CTD-2583A14.11,0.21358770939807142,2.6677096353469096,,,,
G2E3,0.11157111747291537,1.393522810594858,,,,
TTC19,0.11240696784670282,1.4039625784173844,,,,
DHX32,0.122406981331922,1.528862706815686,,,,
UBE2B,0.4096079345582534,5.116001462888789,,,,
MAP7D3,0.6245398902725352,7.8005007293438755,,,,
LAMTOR3,0.16328845259401448,2.0394721192223844,,,,
PRSS3,0.21246823316161237,2.653727381635027,,,,
ALDH9A1,0.16824480694761226,2.101376965257527,,,,
ZC3HAV1,0.2135963547232562,2.6678176154238584,,,,
ZWILCH,0.548247242196515,6.847605860289356,,,,
WDR74,0.23582957996386503,2.945510509674944,,,,
CENPM,0.3368282777257676,4.206983840402797,,,,
CLEC2D,0.38518619645056185,4.810974051688902,,,,
SMYD2,0.3683925076554749,4.601220945866815,,,,
LMBRD1,0.1924567706238048,2.403784294647761,,,,
ARL6IP1,0.36418602882408985,4.548682042102205,,,,
RIOK1,0.22966680820081306,2.868537515025253,,,,
RP11-66B24.4,0.1181732637896691,1.4759835916613788,,,,
MRTO4,0.18039978372123489,2.2531925765012315,,,,
MYBL2,0.5331850236493483,6.659478810932366,,,,
MRPL1,0.4409462776687671,5.507417242885349,,,,
CSAG4,0.10957797391254669,1.3686284555048118,,,,
SENP6,0.36169357003973124,4.5175512418633845,,,,
RNF170,0.3460930296913467,4.322700555364195,,,,
XPO5,0.2287755884830891,2.8574061843186143,,,,
NKX3-1,0.9070311733114303,11.328815723629667,,,,
SUZ12P,0.341326975763248,4.263172560881725,,,,
ERCC4,0.1425307832704777,1.7802089124685783,,,,
ALDH3B1,0.834434753093965,10.422086725731745,,,,
PGM3,0.3389766176639251,4.233816597630143,,,,
GRN,0.41310704475068155,5.159705335184568,,,,
MARVELD3,0.13510442082851096,1.6874536752976517,,,,
ST7L,0.11091235364582858,1.3852948530317095,,,,
NUP160,0.3692380569987322,4.611781853779193,,,,
RNF145,0.2314446010359286,2.89074214041898,,,,
HCG25,0.1943167472199681,2.427015394887977,,,,
C5orf28,0.2491018575089504,3.1112812030814365,,,,
IFT52,0.18397522343962983,2.297849804270773,,,,
ARMC6,0.11657816227468615,1.4560607801247574,,,,
RP11-20I23.7,0.17787832540932708,2.2216995722794133,,,,
CGRRF1,0.17477247994055156,2.1829075748077376,,,,
EIF4EBP1,0.9049051033631828,11.302261118487143,,,,
PPRC1,0.2058864180810216,2.571520537626791,,,,
ITGB6,0.9902786285409303,12.368576106189641,,,,
TWISTNB,0.697231116354733,8.708413852112777,,,,
ZNF761,0.19639570805870102,2.4529816074412483,,,,
GTPBP3,0.2510521318034702,3.1356401212126443,,,,
ALKBH1,0.10603937480318466,1.3244313667946115,,,,
C12orf29,0.5270330978254256,6.58264128201898,,,,
ASPM,0.5871251060733622,7.333190224475189,,,,
FHOD1,0.24153039218906305,3.016713631546158,,,,
HGS,0.25987099671793945,3.2457877086906572,,,,
SNORA33,0.20502528660082442,2.560765008886413,,,,
RP11-473M20.14,0.2391363464458775,2.986812009797622,,,,
CCDC53,0.13775557141244282,1.720566535477866,,,,
CKS2,0.670479824848328,8.374290328288634,,,,
ACYP1,0.2740399491477502,3.422757867817798,,,,
ZNF562,0.13431479589865625,1.6775912630847953,,,,
SH3BP5,0.28989746725459553,3.6208182054914286,,,,
EIF2B2,0.3536818027774329,4.417484300830011,,,,
SLC37A3,0.12677736088588332,1.5834487299491453,,,,
WAPAL,0.37464665228422633,4.679335187243308,,,,
CAPN12,0.4245876374168293,5.303097891625608,,,,
CHKB,0.14843677857699272,1.8539747702040517,,,,
UROS,0.18757087863835534,2.342759523308716,,,,
EIF2D,0.2195523311782993,2.742207737504363,,,,
METTL13,0.3031866295080634,3.7867997888380254,,,,
HMOX2,0.514289625344489,6.4234753617467915,,,,
ATR,0.09264490966088444,1.1571345507880475,,,,
TUBB6,0.18019469457955925,2.2506310139427166,,,,
UBL7,0.12676780258528234,1.583329346812903,,,,
TRIP11,0.2355322965738919,2.941797441324266,,,,
CDCA5,0.5094640185249562,6.363203551888711,,,,
SF3B3,0.12592788326053844,1.5728387578092196,,,,
TUBD1,0.30111392885423005,3.7609117659690887,,,,
AC093673.5,0.22356434458663055,2.7923177689135152,,,,
QTRTD1,0.11034898815012162,1.378258420245596,,,,
ANKZF1,0.35767457122349056,4.467353962737408,,,,
DMTF1,0.20410333211456483,2.5492498010438016,,,,
SCOC,0.38258093106406205,4.778434297440926,,,,
ZC3H7A,0.1405438420056263,1.755392024024714,,,,
PHKB,0.33661265411027763,4.204290702308512,,,,
LLPH,0.20271112468310942,2.531861135798213,,,,
VRK1,0.5593617492107292,6.986426008403262,,,,
DUSP10,0.2938676199704341,3.670405397018924,,,,
ZNF714,0.46533768212537757,5.812065786904666,,,,
POP5,0.4440206570822681,5.545816229452612,,,,
C12orf23,0.32445634942803475,4.052458505491456,,,,
LINC00470,0.2721085112690411,3.3986342164446595,,,,
CCNH,0.46748114230216165,5.8388375959319925,,,,
PSMG3,0.48631376412745025,6.074056967139035,,,,
METTL17,0.09917548359897214,1.2387013931315485,,,,
NSMAF,0.23529149245202935,2.9387897988061904,,,,
CD58,0.677283976661742,8.459274157199772,,,,
IFITM3,0.5700010451165901,7.119310771676201,,,,
PRKAG1,0.12267100324325458,1.5321603394312966,,,,
DBT,0.09644151113735044,1.2045540880305408,,,,
TMEM106C,0.5097927341228333,6.367309208390282,,,,
HOMER1,0.08531061880675125,1.0655292873805806,,,,
RBP1,0.44836059744358564,5.600022067191805,,,,
CCBL2,0.22127756477147958,2.763755898176724,,,,
LPIN1,0.40149028073162724,5.014611999090846,,,,
RP11-286N22.8,0.21514801563337382,2.6871978539796135,,,,
SNX24,0.213539177525954,2.667103472458446,,,,
CRCP,0.09368220250602372,1.1700903342713431,,,,
FAM219B,0.1999653640860515,2.4975665969327974,,,,
SERPINB5,0.1390061897061898,1.7361867529602868,,,,
ACTL6A,0.5075191019908212,6.338911552163261,,,,
EIF2A,0.23031437874361077,2.87662566851244,,,,
C16orf70,0.26634091307195346,3.3265969380519023,,,,
KANK1,0.31584906259923756,3.944953527456498,,,,
BCAP29,0.41179430446365467,5.143309214254768,,,,
PPP2R5D,0.21612532724708838,2.6994044721225317,,,,
EAF1-AS1,0.35558864217759006,4.441300717304508,,,,
GOLGA7,0.5464408816501752,6.8250444242968005,,,,
OSMR,0.23116822474346552,2.8872902016325064,,,,
MRPS18A,0.23284699487002375,2.908258033792761,,,,
ELOVL1,0.07930120011987485,0.9904716720384185,,,,
AC002055.4,0.2721184805328973,3.398758732510314,,,,
UEVLD,0.18097917417892162,2.260429160998321,,,,
DSE,0.16405770529158425,2.049080082335556,,,,
EML6,0.19178875119475094,2.395440734653096,,,,
AC002558.1,0.21403180345355838,2.673256368322143,,,,
ACOX1,0.3359167721267101,4.195599139119511,,,,
ZFYVE19,0.2571951153181071,3.2123659607188486,,,,
NADK2,0.3320911146870626,4.147816693013198,,,,
HMGN4,0.22480458344008283,2.807808347228206,,,,
OFD1,0.28529638345938796,3.5633506873083594,,,,
PVRL2,0.10472037655024623,1.3079570838956285,,,,
PAPL,0.5137614665238566,6.41687866019142,,,,
RAB7L1,0.15540433792557237,1.9409995585752555,,,,
PEPD,0.6436050437224191,8.038624419611242,,,,
HARBI1,0.2982871345407773,3.7256051163102963,,,,
ZNF317,0.12338485306628601,1.5410763208632732,,,,
NARS2,0.18368666243162468,2.294245678435957,,,,
TM2D1,0.17099332617643684,2.135705959422665,,,,
C22orf46,0.1426651835640524,1.7818875715972944,,,,
NINJ1,0.6633163390329591,8.284818419131565,,,,
SERGEF,0.19280396626499685,2.408120766816355,,,,
NCSTN,0.19129951643431625,2.389330194453773,,,,
CEP95,0.15650570913695538,1.9547556805964166,,,,
SLC4A2,0.4926420486772705,6.153097215832881,,,,
SHISA5,0.27555106986488953,3.441631759525545,,,,
COMMD9,0.1065502579023708,1.3308122946582774,,,,
LBR,0.4406309475041309,5.503478770391374,,,,
SMUG1,0.43012687224867646,5.372282912500697,,,,
DDX39A,0.7892146237836386,9.857287491671135,,,,
RBMS1,0.1533595303276898,1.9154599198634827,,,,
PDE4DIP,0.39721367931644314,4.9611972645353015,,,,
CHD9,0.23458580262158407,2.9299757356489486,,,,
ETV5,0.6642203960959885,8.296110088229678,,,,
DEPDC5,0.3884076224143001,4.85120964907997,,,,
PHF20,0.155224601286887,1.9387546486775975,,,,
NUP54,0.29542393503610737,3.689843765958938,,,,
P2RX4,0.6715916219359029,8.388176669461695,,,,
MPPE1,0.2900384780992294,3.6225794303764105,,,,
SPG21,0.19020316719673855,2.3756367968653365,,,,
RPP40,0.31362472744156716,3.91717159024166,,,,
CKAP5,0.45550870130707566,5.6893018558314825,,,,
TMPO,0.7021830354515914,8.770263301809,,,,
PLSCR1,0.17551396269483877,2.1921686914404783,,,,
SEC31A,0.3320440164679939,4.147228436445574,,,,
SIGMAR1,0.11258534385048705,1.406190493990574,,,,
NTN4,0.5399360242205627,6.743798781041207,,,,
RHBDD2,0.24917307063745975,3.112170654771438,,,,
BOD1,0.1210188665679321,1.5115251589703578,,,,
PIGP,0.17924913012281754,2.238820917663299,,,,
G0S2,0.2838691709714282,3.545524809047164,,,,
PPP1R21,0.2849873895650909,3.5594913548055547,,,,
LGALS3,0.8236384210090286,10.287240581210803,,,,
CHID1,0.30455009174705383,3.8038294267447994,,,,
ERCC6,0.1180530641057146,1.474482298089971,,,,
RUNDC1,0.1108848795561271,1.3849517017613224,,,,
CHD1,0.5137918698984679,6.417258398218605,,,,
SOWAHC,0.22010620342224835,2.749125599614023,,,,
ALOX5,0.17967962251892441,2.2441977659673253,,,,
RP11-618G20.1,0.49290810347267894,6.156420239162461,,,,
METTL22,0.09921321758111204,1.239172690417419,,,,
ZMYM2,0.28649404171665643,3.5783094341471733,,,,
SNX7,0.22925783237459668,2.8634294085930234,,,,
MIA3,0.24677188061530209,3.08217980100714,,,,
NAA15,0.2634923524324084,3.291018427067352,,,,
WDR92,0.3565484478451666,4.453288686250242,,,,
EFTUD2,0.4255261668285973,5.314820120221466,,,,
RNF220,0.15398846847875694,1.923315354852544,,,,
TANGO2,0.12351873396256989,1.5427484927219064,,,,
FIP1L1,0.10047357131379467,1.2549145034931728,,,,
SRGN,0.11237372984886006,1.4035474359573867,,,,
NCAPH2,0.20594772852167645,2.5722863047851323,,,,
TMEM50B,0.2527019240765511,3.1562460200989717,,,,
AMD1,0.14662361344439304,1.83132834495635,,,,
MIR205HG,0.3966362279690107,4.9539848995175255,,,,
C5orf42,0.16100230956909103,2.0109182019929857,,,,
PEX3,0.21795879342088054,2.722304457293458,,,,
USP36,0.08208459694634299,1.0252362872585024,,,,
WARS,0.13461559318162725,1.6813482199449505,,,,
GRB2,0.222219534592526,2.7755210974706968,,,,
TK1,0.447985421054981,5.59533611560004,,,,
PIGF,0.2972518113899781,3.7126739343014226,,,,
POLDIP2,0.4212494624494279,5.261404099646157,,,,
IGFBP6,0.20939297437441373,2.615317411693802,,,,
HBP1,0.38858628773078796,4.85344117816767,,,,
DDX55,0.18745771415162096,2.341346099322424,,,,
WDR53,0.3717287473418442,4.6428905661939215,,,,
RP6-65G23.3,0.13803187851132223,1.7240176100367564,,,,
STRA6,0.5632468005568895,7.034950284164153,,,,
NGDN,0.16312940001752319,2.037485553178728,,,,
IDH3B,0.12206955995192685,1.524648315130313,,,,
BNIP2,0.14818042010032592,1.8507728538567383,,,,
RAB34,0.18770622826674538,2.3444500396254755,,,,
POLG2,0.16859156910145143,2.105708023170819,,,,
AIMP2,0.48407930224264945,6.046148547142878,,,,
PBX1,0.7630656944983798,9.530687469577732,,,,
MAD2L1BP,0.12931085927045533,1.615092114630341,,,,
TAF2,0.31457918921501643,3.9290928139711374,,,,
C16orf80,0.3402667645379722,4.249930526922271,,,,
FAM171B,0.2706102045694232,3.3799203717644577,,,,
SLC25A14,0.20169095098977116,2.5191191704523805,,,,
ORC3,0.6605425469977774,8.250173767716198,,,,
RP3-523K23.2,0.3156327565079439,3.9422518652421576,,,,
S100A8,0.4153097434045873,5.187217032554001,,,,
TM2D3,0.17634576577125824,2.202557908535081,,,,
METTL6,0.18134213411647776,2.264962529165395,,,,
MECOM,0.1383581533569855,1.7280927815529463,,,,
MSRB1,0.5709188425637842,7.130774058117526,,,,
PPP1R13L,0.14247124728020027,1.779465308188348,,,,
ASAP2,0.15555863182929733,1.9429266888151104,,,,
UBE2K,0.43275861555573975,5.405153375870514,,,,
GTF2A2,0.7265291385812948,9.074346032436596,,,,
SLC38A7,0.296987412518944,3.7093715934606495,,,,
RABAC1,0.23721186858615292,2.962775289033738,,,,
C22orf29,0.5813299042463664,7.260808176855382,,,,
MMS19,0.14076442895946273,1.7581471541950766,,,,
CAT,0.25706864445774136,3.2107863401791685,,,,
FEZ2,0.22508228305458108,2.811276814301601,,,,
ERCC1,0.11906576705542947,1.4871309538778539,,,,
NUCB2,0.37101245399180294,4.633944065119374,,,,
ARIH1,0.1444132421862756,1.8037208167910286,,,,
AFMID,0.5886716266714799,7.352506260554642,,,,
SPG11,0.18472836424712932,2.3072565299414656,,,,
HADH,0.582004752154106,7.2692370245214954,,,,
CTD-2636A23.2,0.21472461860554623,2.6819096267969913,,,,
AP003419.11,0.3291526861896424,4.111115732843546,,,,
EXOSC7,0.5375292013390981,6.713737572886714,,,,
POC1B,0.101323222101823,1.265526638434322,,,,
FAM76A,0.2359959559270753,2.947588544789404,,,,
INHBB,0.11961077690115167,1.493938124669139,,,,
AC119673.1,0.3392587383989012,4.237340284480608,,,,
COG7,0.4124536204847229,5.151544068718534,,,,
SGPL1,0.19538836124297243,2.440399849745412,,,,
EBAG9,0.35814389851086437,4.473215858677894,,,,
ACN9,0.38213200535675557,4.772827217153809,,,,
SNX27,0.312674691438559,3.905305644367276,,,,
NOL11,0.41926282833788,5.236591047545823,,,,
RPE,0.31641223598014107,3.9519875607294854,,,,
XRCC2,0.3741288876914871,4.672868309552713,,,,
FAM107B,0.23487179100216912,2.9335477293775862,,,,
HSD17B7,0.47189850350121093,5.894010419624523,,,,
TBC1D1,0.07850749524441562,0.9805583013212947,,,,
THEM4,0.40336393594695624,5.038013945229683,,,,
SYMPK,0.2805797250244196,3.5044396423373465,,,,
FBXO44,0.2678676332074339,3.345665666432282,,,,
CCNG1,0.25327659114306067,3.1634236094591666,,,,
C1orf106,0.12578122700530722,1.5710070217684764,,,,
CTD-2037K23.2,0.051373049213730614,0.6416491790227402,,,,
SGK1,0.6226166812275604,7.776479856071137,,,,
GPX8,0.1589387141074571,1.98514390293817,,,,
TSFM,0.16526708910797008,2.064185281360806,,,,
SKP2,0.4781619514407852,5.972240859315952,,,,
TIMM21,0.4608725062218203,5.756295757744242,,,,
RRNAD1,0.20793942524376774,2.597162588870886,,,,
SNUPN,0.2292400309850087,2.8632070693083325,,,,
AC009948.5,0.14558782875258597,1.8183913983021363,,,,
COX15,0.33389550183867034,4.17035348131345,,,,
PLOD1,0.3316204263943319,4.141937798121252,,,,
ITFG2,0.4068645505663256,5.081736607811934,,,,
CENPN,0.9967589057664876,12.449514742794985,,,,
MTERFD1,0.319481106776954,3.9903177446963656,,,,
DCP1A,0.20866699176591638,2.606249891819926,,,,
KRT6B,0.7892244486034231,9.857410203630915,,,,
TPMT,0.23281331374692565,2.907837356700098,,,,
ZNF160,0.09825490619726196,1.2272033850694466,,,,
LETMD1,0.6076494203878521,7.589538828100166,,,,
CLN3,0.0861758011766117,1.0763354117166368,,,,
HYOU1,0.15579101165235987,1.9458291118748978,,,,
PNPLA8,0.14071735212795974,1.7575591647580624,,,,
CCNDBP1,0.32757326013353794,4.091388707725565,,,,
NUP214,0.1847168492540869,2.3071127077244626,,,,
CCDC82,0.12363010267964732,1.544139487552372,,,,
MCM5,0.18694340166178514,2.334922338383272,,,,
MYO10,0.12274084848925652,1.5330327062742561,,,,
RP11-434H6.7,0.09886518855597286,1.2348258092866615,,,,
UTP23,0.5099750550975933,6.3695863966351665,,,,
ANKRD46,0.10118965615582944,1.263858400303554,,,,
PHTF1,0.15854014119046334,1.980165728800486,,,,
RP11-667K14.4,0.3364837790754906,4.202681053639935,,,,
ZNHIT3,0.1892553222466389,2.3637982172330076,,,,
SWI5,0.2214101825020081,2.7654122931001295,,,,
TUBE1,0.15434764008942548,1.9278014068319569,,,,
RP11-804A23.4,0.4061432704965939,5.0727278226284165,,,,
MAGEC1,0.49679476890756313,6.204964674885053,,,,
C2orf15,0.2779343088610083,3.471398405046478,,,,
NOL8,0.6760585008905344,8.443967969723218,,,,
OPTN,0.4205774615846425,5.253010811535143,,,,
TSPAN13,0.1191765953275163,1.4885151985525504,,,,
LCOR,0.1812611525729283,2.263951070010648,,,,
BRD8,0.4322346351467899,5.39860886266033,,,,
AGPAT9,0.3223050021617041,4.025588186747267,,,,
ICA1,0.2815480353869396,3.516533834888879,,,,
ACTR6,0.2150133664050739,2.685516085657176,,,,
IMPACT,0.273882253399748,3.420788248556538,,,,
ALAS1,0.2785391028911129,3.478952280061371,,,,
CALCOCO2,0.21052582264432534,2.629466682049976,,,,
TIA1,0.1285986408937755,1.606196509956765,,,,
NDUFS3,0.19137640795489266,2.39029056923796,,,,
SKA3,0.5663459411993002,7.073658538381373,,,,
PAK1IP1,0.36955559583678227,4.615747912595266,,,,
MOSPD1,0.28505637065107314,3.5603529282933275,,,,
NFKBIB,0.20684726147562155,2.5835214677788936,,,,
CLHC1,0.3066383885079013,3.8299122449279084,,,,
SDCCAG8,0.09072569934178146,1.1331636215854402,,,,
CUEDC2,0.15621386082242755,1.9511104963162922,,,,
SGOL2,0.6873959513361507,8.585572680402848,,,,
KIAA1033,0.14620357710286053,1.8260820927320998,,,,
KIAA0319L,0.15786737379196467,1.9717628666864622,,,,
RBPMS,0.5829929481300238,7.281579588304759,,,,
POLR3G,0.8802437111527117,10.994240428502925,,,,
NOC2L,0.2644551218562564,3.303043413317052,,,,
TSC2,0.24811193814529112,3.0989171141921803,,,,
MED17,0.27581779175430654,3.444963114856621,,,,
NAGK,0.37641785277331463,4.701457474261546,,,,
ACOT9,0.2848334252571035,3.557568341215142,,,,
SC5D,0.136054510410481,1.6993202903730558,,,,
RAB30-AS1,0.1398526841194586,1.7467594647933247,,,,
TMEM87A,0.11736615614017822,1.4659028203502538,,,,
GPR110,0.6993497226026022,8.734875235667452,,,,
UBA3,0.19167966094857475,2.394078197915066,,,,
ZMYM5,0.2306850070817842,2.8812548149725252,,,,
ZC3H8,0.22951171725731798,2.86660042976186,,,,
CEPT1,0.16145416983888053,2.016561934953768,,,,
MAT2B,0.2719164783435769,3.3962357259743583,,,,
KIF3A,0.17788888624584503,2.2218314770852454,,,,
FAM192A,0.12105119437882242,1.511928933198963,,,,
EIF3J,0.3558344435780737,4.444370775812556,,,,
CHEK2,0.12960488242554893,1.6187644626604256,,,,
FYB,0.7983700123041447,9.971638257641377,,,,
CERS2,0.26457354725423216,3.3045225460636876,,,,
PAAF1,0.3132636425085693,3.9126616408740134,,,,
KIAA0907,0.133808849100439,1.6712719896004697,,,,
ZMYM1,0.20377811290266243,2.545187814389059,,,,
FNIP1,0.2979112984124665,3.7209109245722423,,,,
MYH16,0.14777133208192642,1.845663346144591,,,,
CTNNA1,0.18285041924222856,2.283801004348051,,,,
ZNF544,0.17433228069245948,2.1774094879612744,,,,
ASAH1,0.46478376930003007,5.805147417933502,,,,
EIF2AK4,0.10262964658284802,1.281843874972442,,,,
ANKRD20A5P,0.2066777629586435,2.5814044319803746,,,,
BBS2,0.19537839954414007,2.4402754281668746,,,,
YEATS4,0.27506396443456016,3.435547814650713,,,,
CD55,0.1826316134517319,2.2810681209006716,,,,
PCBD2,0.24724850648338376,3.08813285619145,,,,
MCM7,0.43664131976463916,5.453648335896413,,,,
PDCD7,0.19769177908908966,2.469169529422367,,,,
ASCC1,0.20216644502809625,2.525058089087562,,,,
ZC3H14,0.17901854293082628,2.2359408845584157,,,,
RP11-452F19.3,0.1339556814798784,1.673105925431868,,,,
FRA10AC1,0.09117315808160247,1.1387523794545362,,,,
KLC1,0.12353705490303199,1.5429773211949356,,,,
AC040173.1,0.24398953108001978,3.0474282664497747,,,,
COPS5,0.16384858879471667,2.0464682181268157,,,,
METTL2B,0.2162101501411438,2.7004639097297205,,,,
SS18,0.3494885483075301,4.365110569287375,,,,
ZFAND2A,0.181977985466024,2.2729043099757855,,,,
POP4,0.18312141187676684,2.287185701268595,,,,
USP33,0.13724243949066628,1.7141575198290484,,,,
COQ6,0.08360727224014905,1.0442544955825617,,,,
SNAP29,0.7150389414113832,8.930833515781996,,,,
RP11-802E16.3,0.5361159456243757,6.696086014667381,,,,
POPDC3,0.5348879991383835,6.680748967973058,,,,
GGNBP2,0.20853184080033654,2.60456185680087,,,,
RUSC1-AS1,0.11864745191528546,1.4819061994520557,,,,
GMPPA,0.25638741525101527,3.2022777901142585,,,,
EID1,0.23773125224806657,2.969262388891841,,,,
MLLT3,0.24145809736737675,3.0158106695127067,,,,
TEFM,0.12327111595817156,1.5396557448382364,,,,
MTA3,0.3505449312574927,4.378304788103492,,,,
ST5,0.3012445876522294,3.762543693833047,,,,
TMEM216,0.1921835233936717,2.400371437837263,,,,
NT5DC2,0.3439988470653314,4.296544222748703,,,,
CDK2AP1,0.43326070316601284,5.411424448112865,,,,
PEX11B,0.1448302608417718,1.8089293781287656,,,,
KIF11,0.3811697120574734,4.76080817769803,,,,
ATXN2,0.35588673375014096,4.445023879852348,,,,
CTD-2545M3.2,0.25175648991345945,3.1444375511867215,,,,
PCID2,0.4316723474733581,5.391585891870118,,,,
SLC20A2,0.5576448940396634,6.96498249418957,,,,
AC016747.3,0.23988920911113928,2.996215261472879,,,,
RP11-110I1.6,0.17696150562102242,2.210248496793704,,,,
ELMSAN1,0.535183273378357,6.6844369420482845,,,,
RIN2,0.43894359865186705,5.482403789981399,,,,
PLEKHA1,0.24437508103246952,3.052243783812437,,,,
C11orf30,0.13070551823577622,1.6325113995240959,,,,
MIR4647,0.14554128047327525,1.8178100104798876,,,,
CEP290,0.33637915819823355,4.201374339301814,,,,
MTCP1,0.45193877599303556,5.644713502950259,,,,
PARP6,0.3958560272071068,4.944240195124648,,,,
ADRB2,0.2637757140648936,3.294557612722737,,,,
PPIL1,0.26714651015546437,3.336658842399985,,,,
SMIM20,0.3417554196058393,4.2685238227605415,,,,
WDR43,0.725837848979168,9.065711828073406,,,,
RNF13,0.10456612786052039,1.3060305183784415,,,,
AACS,0.08883444850489108,1.1095419062037408,,,,
PEX2,0.15307131270306526,1.9118600828857157,,,,
ELP5,0.3977219378737169,4.967545411880988,,,,
INTS4,0.18489448917350274,2.309331429606838,,,,
ABCC5,0.5379262576378194,6.718696804468247,,,,
LCLAT1,0.6534658767614344,8.161786184793625,,,,
CRYGS,0.2399631387427733,2.997138642276033,,,,
KLHL12,0.07206758807138948,0.9001238865104552,,,,
TANK,0.2268466194325109,2.8333133685989473,,,,
DBF4,0.37320336385229635,4.66130852050628,,,,
GUK1,0.4011068134066623,5.009822493737132,,,,
CEACAM5,0.7132260713680821,8.908190776198452,,,,
SLPI,0.6428575224161864,8.029287881488875,,,,
MCM3,0.304381866193632,3.8017282902560017,,,,
NUP37,0.5826424250496821,7.277201556434507,,,,
ID3,0.29859981255284396,3.729510463429295,,,,
ARL2BP,0.1890457067229607,2.3611801201814004,,,,
ADPRHL2,0.1339199403029506,1.672659518275119,,,,
DDX41,0.19255906529588776,2.405061954692571,,,,
TCEA2,0.183285239150347,2.2892319032597777,,,,
PPP6C,0.19889691302112986,2.4842216474091527,,,,
CEP104,0.15491143036221372,1.934843145082115,,,,
PRSS23,0.4694375749282247,5.863273431599523,,,,
DHTKD1,0.34693825437068676,4.333257408225546,,,,
PARN,0.18477188816454293,2.3078001434957267,,,,
FKBP11,0.1574451392287029,1.9664891586816136,,,,
PRMT2,0.25918323065907944,3.237197513368763,,,,
PAK1,0.28907744752463505,3.610576162346928,,,,
FAM127B,0.1582027404792382,1.9759515952679678,,,,
CDKAL1,0.16404627956065918,2.0489373750020414,,,,
ZBTB8OS,0.3014978147315456,3.7657064990399864,,,,
HACL1,0.21653665608850955,2.704541967705249,,,,
NMRK1,0.36531257202599643,4.562752562184237,,,,
ANKRA2,0.13797728299752862,1.7233357122880313,,,,
HEXB,0.20004448853712387,2.4985548610099397,,,,
NARG2,0.09886445482228139,1.2348166449557922,,,,
METTL23,0.0713724165785408,0.891441197347688,,,,
USP7,0.11266584024268422,1.4071958936068734,,,,
SQRDL,0.3063740631158179,3.8266108218389343,,,,
IFNGR1,0.5301951355929327,6.622135121076865,,,,
ATG3,0.3917246679602128,4.8926395346696125,,,,
RBM23,0.18634747672581092,2.3274792383185625,,,,
RAP1GDS1,0.6030047191978009,7.531526528830109,,,,
MRPL55,0.19940892979552477,2.490616734871638,,,,
UBR5,0.3321552343903957,4.148617547851144,,,,
TXNL4A,0.23416004764980738,2.9246580577558414,,,,
CEP41,0.28397840446143724,3.5468891349000926,,,,
TMEM159,0.308728187634321,3.856013827651,,,,
DPCD,0.23277688391093124,2.9073823481943637,,,,
EZH2,0.17740785500831838,2.215823398854203,,,,
COMMD2,0.087790713068862,1.0965056547860226,,,,
COQ10B,0.08140199386762474,1.0167105775379104,,,,
FAM217B,0.29393407185623505,3.6712353808065576,,,,
METTL9,0.2056196864902913,2.568189061126351,,,,
COPS3,0.5446481091028077,6.802652702357013,,,,
FAM168B,0.1562909070538753,1.9520728034386428,,,,
EBP,0.5078396152829676,6.342914761899091,,,,
SPATS2,0.13056885701223045,1.6308045013890917,,,,
MPHOSPH9,0.28016969004237524,3.4993183070530662,,,,
CMAS,0.15447630470006957,1.929408427303831,,,,
TRAF3IP2,0.3988442957484875,4.981563657243846,,,,
LYRM1,0.5506279426600972,6.87734079954907,,,,
TMF1,0.30269075227734354,3.780606284211432,,,,
RP11-138A9.1,0.11782822209205755,1.4716740222394826,,,,
PRCP,0.21863464163655177,2.730745798801634,,,,
KLHDC2,0.14377088847653818,1.7956978215278807,,,,
PFN2,0.0825419542215777,1.0309486777952899,,,,
WDR11,0.0896986215793445,1.1203354244442034,,,,
DESI1,0.1772256919090399,2.213548182473451,,,,
SESTD1,0.3688024951363606,4.606341687861814,,,,
CDC23,0.29770758061098807,3.7183664900473006,,,,
LIPH,0.16832833116234958,2.1024201823652318,,,,
FAM73A,0.22952570358899188,2.866775118988477,,,,
SLC25A1,0.857088864201778,10.70503648277932,,,,
AGTRAP,0.14640829064316588,1.8286389640310037,,,,
MRPL34,0.1001416304517897,1.2507685634555574,,,,
GDF15,0.160035843347321,1.9988470427520384,,,,
PCBP1-AS1,0.18083630140121396,2.258644680576701,,,,
KIAA0101,0.5006740206468644,6.253416513579493,,,,
LRR1,0.6793711494575665,8.485342937064244,,,,
RP3-449O17.1,0.29056779493493723,3.6291905955354387,,,,
DRAM1,0.25625596768822595,3.2006360105812313,,,,
TPCN1,0.3531252514849716,4.410532977415158,,,,
CHD1L,0.21952385666330634,2.74185209092609,,,,
C12orf10,0.3402506931947589,4.249729795909874,,,,
COPS4,0.1250026710075852,1.561282860473646,,,,
CCDC14,0.20997290043291408,2.622560685842909,,,,
ATP6V0D1,0.43504285149812477,5.433683473646641,,,,
NIP7,0.21864128733328336,2.7308288035272072,,,,
ATG4A,0.08564354706612577,1.069687560007389,,,,
RHOBTB3,0.16230783827559295,2.0272242503108977,,,,
OSGEP,0.3729322227371967,4.657921969064118,,,,
UNG,0.10356217492901998,1.293491150283029,,,,
GNE,0.3727913059776966,4.656161919302081,,,,
AL035252.1,0.13767525857587237,1.7195634284706098,,,,
RP11-473I1.10,0.07467942816958115,0.9327457588811424,,,,
NT5C2,0.30323279129976805,3.7873763494316215,,,,
SYNGR2,0.38409912975201455,4.797396592975795,,,,
FBXO11,0.270878583651101,3.383272425420238,,,,
CCNB1IP1,0.13169101600493907,1.644820262715792,,,,
DENND4B,0.26061783673666833,3.2551157375348287,,,,
DCBLD1,0.39016430774524635,4.873150641831121,,,,
MAGEA12,0.18884510671176444,2.3586746268446017,,,,
PLEKHA5,0.16265612101834515,2.031574300373626,,,,
CRHR1-IT1,0.17762503454384104,2.2185359703834675,,,,
LYPLA2,0.11147892936758336,1.392371381528309,,,,
TMEM256-PLSCR3,0.16957618038038158,2.1180058141030575,,,,
RABL5,0.24423647792085199,3.0505126315031905,,,,
MRPS34,0.2014393830346813,2.515977087700386,,,,
NCK1,0.20706987717730455,2.586301937001738,,,,
PET117,0.13744840987453752,1.7167300890990589,,,,
TMEM184C,0.23320588354682245,2.9127405519292724,,,,
GTPBP10,0.2310622759856622,2.8859669020716776,,,,
AGO2,0.15855888131944768,1.9803997929364798,,,,
ITFG1,0.07350577570805471,0.9180868443350465,,,,
IRGQ,0.2411525408079404,3.011994269308552,,,,
LZIC,0.33323244147065173,4.162071859971263,,,,
SLC25A28,0.13058755952829615,1.6310380957398822,,,,
AGK,0.12849861890675496,1.6049472357392867,,,,
MRPL15,0.18292662174402355,2.284752773290416,,,,
VHL,0.1646427433787983,2.056387205702833,,,,
PDZD11,0.24834732590217148,3.1018571063333114,,,,
BRI3BP,0.45649402851776555,5.701608588748535,,,,
RP11-1017G21.4,0.2910293080400002,3.6349548923701445,,,,
USP47,0.1587323075233933,1.9825658855295003,,,,
TBRG4,0.19573883963883726,2.4447773235067274,,,,
VAC14,0.16235784831031763,2.0278488754444086,,,,
AC120194.1,0.27998331399286647,3.4969904709408026,,,,
NCOR1,0.15342611413575108,1.9162915513596195,,,,
SYTL2,0.6395815401163836,7.98837087567876,,,,
YPEL5,0.46186387577936233,5.768677959549288,,,,
NUP205,0.25382212383176206,3.170237310557169,,,,
STK3,0.1265889357736949,1.5810953010522162,,,,
ABCC2,0.11380419776422629,1.4214139744938572,,,,
TRIB3,0.1163480021154928,1.4531860806578103,,,,
SFXN1,0.27991897308495833,3.4961868532586,,,,
PSEN1,0.29937588090054984,3.739203553985382,,,,
METTL5,0.3843481673106305,4.80050707108596,,,,
YWHAH,0.2650357496860634,3.31029545258697,,,,
GDAP2,0.09914573635614783,1.238329850187757,,,,
UAP1,0.2658092791018546,3.3199568318936064,,,,
GON4L,0.09028829723201841,1.1277004709855092,,,,
RFC5,0.6390408956274011,7.981618228175679,,,,
STEAP1,0.25824756408284644,3.2255110415772763,,,,
ITGA6,0.8670807324394,10.82983487706774,,,,
P4HA2,0.15572619336481203,1.945019531722906,,,,
DIABLO,0.13399357748771148,1.6735792464179977,,,,
FHL2,0.126121804598664,1.5752608345461012,,,,
SLC35B1,0.15196679508939542,1.8980646623125879,,,,
STX17,0.24144522793668763,3.0156499303749187,,,,
TIMM50,0.1707811511541045,2.133055894243114,,,,
YTHDF1,0.18913685409402095,2.3623185504810613,,,,
PPHLN1,0.12948425123911914,1.6172577796248286,,,,
RP11-63M22.2,0.07608416473455663,0.9502909129542404,,,,
MLST8,0.07940686526825103,0.991791429318638,,,,
RRP36,0.12822400528163913,1.6015173126609241,,,,
RP11-96D1.10,0.18156972356643233,2.267805120484241,,,,
VEGFB,0.10510208126304581,1.3127245742304536,,,,
ACOT8,0.1552782378293082,1.9394245688777203,,,,
PCNXL4,0.2889501867115607,3.60898667530108,,,,
SUGP2,0.17529331478187182,2.1894127998908197,,,,
SNORA73B,0.45818219117316156,5.722693733556373,,,,
S100PBP,0.1708551500231673,2.133980139821476,,,,
GPX3,0.31679724813762183,3.956796361035138,,,,
RPUSD4,0.26351595049344645,3.291313166755249,,,,
EED,0.1745378413797319,2.179976940122406,,,,
UBE2L6,0.2894867559374553,3.6156884227845083,,,,
CASP2,0.34486319911037067,4.3073399763310665,,,,
UIMC1,0.08676600893151881,1.083707104212705,,,,
GPN3,0.4903180455268332,6.124070425787377,,,,
RP11-438N16.1,0.07787323731669243,0.9726364223430954,,,,
KEAP1,0.23140093789350807,2.89019678794494,,,,
MIR22HG,0.36333866378639923,4.538098456173624,,,,
SEPT7P2,0.12042011860275494,1.5040467992822046,,,,
GPATCH4,0.3875068152909316,4.839958571715211,,,,
SLC35F6,0.4397530969585232,5.492514420590949,,,,
DNAJA3,0.1558876605755089,1.947036256538124,,,,
TNFAIP1,0.3529650742489332,4.40853236437826,,,,
CTB-191K22.5,0.7612660511129871,9.508209930898515,,,,
PRRG4,0.24845044891899284,3.1031451124005875,,,,
DUSP12,0.3059170955044811,3.8209032982026723,,,,
PNKP,0.10661180049403299,1.3315809613817708,,,,
RP11-622K12.1,0.15957824386536576,1.9931316270542814,,,,
NEDD4L,0.30804014321997514,3.8474201556702012,,,,
ITGB3BP,0.4838536003131565,6.043329530947042,,,,
MICU2,0.14184058723903348,1.771588366798835,,,,
TTN-AS1,0.1242980542794577,1.5524822003600576,,,,
PHF19,0.5513465892149256,6.886316692141989,,,,
GBP3,0.47667192513715606,5.953630436748502,,,,
USP8,0.22648046872502997,2.8287401477282863,,,,
C1orf131,0.23497955206234225,2.9348936645877592,,,,
SRRT,0.1329200900119692,1.6601713921433652,,,,
ELP3,0.11877058445766445,1.4834441244134449,,,,
RAB11FIP1,0.1020325409433829,1.2743860279258576,,,,
TSNAX,0.4998636591121052,6.243295101254392,,,,
NSDHL,0.22953279340648572,2.866863670780593,,,,
GHRLOS,0.09540916716672555,1.1916601159701186,,,,
MCEE,0.4328019414717586,5.405694516388146,,,,
STX8,0.13983042643417876,1.7464814663932817,,,,
LAMA3,0.3977189988867978,4.967508703946134,,,,
ATP6V0A1,0.1029625685303583,1.286002068764091,,,,
PIP4K2A,0.5371441931058262,6.708928821594414,,,,
CCDC93,0.18491026289542048,2.309528443330445,,,,
BLVRA,0.41513217876683745,5.184999250939332,,,,
PDHX,0.15892792704985156,1.9850091726318593,,,,
CYSTM1,0.3279326341819437,4.095877288151505,,,,
CCPG1,0.5191063429748263,6.483636145667405,,,,
RICTOR,0.2119567418816388,2.6473388575957606,,,,
AC007246.3,0.32140937710952405,4.014401833430908,,,,
PKIB,0.45421718789526394,5.673170858488145,,,,
PQBP1,0.27211371750733,3.398699242340046,,,,
PGM2,0.25214533635321573,3.149294241662646,,,,
RP11-469M7.1,0.27172593367899384,3.393855823876505,,,,
PSMB8,0.284685389232305,3.5557193718580278,,,,
NFAT5,0.19249571624387954,2.4042707252865876,,,,
VPS11,0.3525980059540051,4.4039476828440565,,,,
MED21,0.1119249238153397,1.3979418503953793,,,,
DCTN1,0.18310243186220065,2.2869486409626445,,,,
ATG7,0.11175887802182853,1.3958679390991398,,,,
WDR46,0.21892807788645033,2.734410816388182,,,,
CCSER2,0.13240605310835057,1.6537510732749627,,,,
HCG18,0.15883764696101346,1.983881574683681,,,,
PISD,0.5400992523735669,6.745837500018793,,,,
STT3B,0.11575852756652578,1.4458235459009987,,,,
ACBD6,0.2288365415972321,2.8581674884702526,,,,
MRPL30,0.2529425156356334,3.1592510077087725,,,,
APOO,0.2477213804508919,3.094039050152616,,,,
DNTTIP1,0.17273973536539464,2.1575186032015172,,,,
TOM1,0.45676193536905557,5.704954744248662,,,,
C9orf156,0.11317326499167296,1.4135336266904184,,,,
F2RL1,0.3944752802105744,4.926994670665368,,,,
MON1B,0.21508602407719735,2.686423579691134,,,,
BRCA2,0.6168051768730122,7.703894189947462,,,,
MUC20,0.7716076284296799,9.637376190184572,,,,
LIMS1,0.14119622865324666,1.763540330641856,,,,
HDAC3,0.1320321657676255,1.6490812218860535,,,,
DUSP11,0.4310272322589549,5.38352840542475,,,,
CKMT2-AS1,0.15133176707865997,1.8901331650006483,,,,
FUNDC2,0.31759788683364254,3.9667963351433175,,,,
KAT5,0.07290209511913316,0.9105468761960724,,,,
LRP6,0.18171127150799857,2.269573053707758,,,,
PTPN4,0.5484469696496742,6.850100455379765,,,,
NCAPD2,0.3360755912744861,4.197582789639448,,,,
HINT3,0.4235075038004943,5.289607027081578,,,,
NRCAM,0.5930912744834593,7.4077076440335174,,,,
C1QTNF6,0.704540342892553,8.799706062309829,,,,
TXNL4B,0.13232290201863142,1.6527125164972412,,,,
HPS1,0.11426030011437427,1.4271106910213351,,,,
C12orf73,0.15990020021303433,1.997152860547805,,,,
AIDA,0.214471328138405,2.6787460298763706,,,,
TRPT1,0.25133502241796696,3.1391734238552402,,,,
RAB3IP,0.18466639138228944,2.3064824891077054,,,,
HAUS1,0.6319808192229727,7.893437902147289,,,,
ALG8,0.1297966804304608,1.6211600189739686,,,,
NDUFAF2,0.36828251029186504,4.599847079235669,,,,
TMEM251,0.15702922534787817,1.9612943959751004,,,,
SPC25,0.6598624319402888,8.241679133370805,,,,
SDHC,0.07588566486388815,0.9478116503642263,,,,
PSPH,0.4419491439171777,5.519943038313321,,,,
TMEM69,0.160037882430055,1.9988725108872234,,,,
MYCBP,0.19637220454885668,2.4526880486973814,,,,
SHC1,0.16396553564272323,2.047928883790256,,,,
PTPN6,0.3298400487204364,4.1197008881015105,,,,
RABEPK,0.3993048193301124,4.987315594934772,,,,
RP1-27K12.2,0.546242521579619,6.8225669078096285,,,,
KIAA1841,0.3945855232794533,4.92837160615434,,,,
SYNJ2BP-COX16,0.11918940353959066,1.4886751730700853,,,,
KCTD10,0.21061615937114747,2.630594987406348,,,,
LAMB1,0.21386153542609937,2.6711297213407974,,,,
HEXA,0.46009067420222033,5.746530678949271,,,,
PPP1R18,0.38592725240171194,4.820229837552169,,,,
TNS3,0.380819145186349,4.756429598881077,,,,
WDR41,0.33933092957601374,4.238241951993747,,,,
ATP6V1E1,0.48460166284627954,6.052672828991103,,,,
TPM3P9,0.07480427723894223,0.9343051232576661,,,,
IFI30,0.11146026893799266,1.3921383128374227,,,,
PEF1,0.2084674651735292,2.6037578054797557,,,,
XXbac-BPG252P9.10,0.30398275624381493,3.7967434085805047,,,,
HARS,0.13265575996920642,1.656869910967425,,,,
OARD1,0.19964894706758857,2.4936145496388766,,,,
FAM126A,0.36773766674418445,4.593041985506258,,,,
RNU4ATAC,0.5090272427589687,6.35774822432003,,,,
XPO6,0.36332453281607185,4.537921960410804,,,,
WDR19,0.11790206340861745,1.472596299987714,,,,
SNHG15,0.4950194600058547,6.1827910738096366,,,,
SNX8,0.2472874687278385,3.0886194944687158,,,,
CTNNAL1,0.6614712072868701,8.261772731009351,,,,
CSAD,0.3161030764953851,3.9481261600025115,,,,
THOC1,0.29489654420560674,3.6832566565972376,,,,
SNORA72,0.1028090108167296,1.2840841335355913,,,,
PIGS,0.3605229487807226,4.502930187024602,,,,
GTF3C3,0.0993213941115766,1.2405238148498687,,,,
CHCHD4,0.47699972915806216,5.957724707657353,,,,
KLF10,0.25330254020435194,3.1637477131308156,,,,
MRPL39,0.7460990395303458,9.318774016947954,,,,
DTL,0.09178090689837773,1.1463431597431173,,,,
SERP1,0.31184019666910306,3.894882808037423,,,,
VPS28,0.2637155752518409,3.2938064791884574,,,,
TAF13,0.11601780343223562,1.4490619004257805,,,,
TMEM39A,0.2970127729891832,3.709688345632414,,,,
AMPD2,0.265919605743792,3.321334811209744,,,,
TRIAP1,0.543980660431525,6.794316271124625,,,,
RAB21,0.1831603940245955,2.2876725881389217,,,,
RPA2,0.32613841308375885,4.073467473817808,,,,
NUMB,0.0955306447753319,1.1931773708153122,,,,
ACYP2,0.3830573785036,4.784385124053439,,,,
RBPJ,0.6774126568142225,8.460881371789121,,,,
CSE1L,0.4841026366807376,6.046439994181187,,,,
CYP27C1,0.23371715062789375,2.919126275725147,,,,
ETHE1,0.2191066603212236,2.7366413102835985,,,,
PRKRA,0.15005239333501943,1.874153792064171,,,,
TM4SF1,0.3284506616481629,4.102347449130813,,,,
DBR1,0.1111983825971858,1.3888673534891292,,,,
IRAK2,0.09260231329151075,1.156602522305092,,,,
PIF1,0.2708579482422113,3.3830146892458135,,,,
MCCC1,0.09517598406261105,1.1887476599332076,,,,
POLR1B,0.22892232754128494,2.859238954568054,,,,
ABHD10,0.3241638583058916,4.04880529254679,,,,
CTB-43P18.1,0.12736304721928107,1.5907639499086619,,,,
RP1-56K13.3,0.3192055136531705,3.986875587683565,,,,
TPGS2,0.17331920439047724,2.1647561690050665,,,,
ARHGAP11A,0.5971767479019955,7.4587351906760535,,,,
CD81,0.5560265553674762,6.94476945065249,,,,
TM2D2,0.9075387024298963,11.335154760287564,,,,
SCD,0.3066591407577101,3.8301714404449445,,,,
TRPV1,0.22321662253635588,2.7879747218975868,,,,
STAM,0.3234510060485006,4.039901770705669,,,,
GGA1,0.38684518578660754,4.831694821854841,,,,
NCF2,0.22441650103146157,2.802961199498099,,,,
RP11-21J18.1,0.15963668052803517,1.9938615007370886,,,,
GFM2,0.2050419961349445,2.560973710900681,,,,
REL,0.500655449829264,6.253184564142007,,,,
OAZ2,0.12678782550900716,1.5835794330500703,,,,
RANBP9,0.09742139956846155,1.216792890612426,,,,
FYN,0.25989151520871906,3.2460439845583546,,,,
QRSL1,0.18854440520319615,2.354918866206353,,,,
SRP19,0.6256790750875503,7.814729143123025,,,,
ERAP1,0.19901304404249912,2.4856721234011587,,,,
CCNL2,0.1320333344308429,1.6490958184849605,,,,
LSM10,0.3079310558980458,3.846057655456003,,,,
TTC17,0.23348784762645808,2.916262282155162,,,,
PCM1,0.13001162694494622,1.623844700079417,,,,
STUB1,0.21033306400329999,2.627059127395221,,,,
DDT,0.9963979239644497,12.445006081532616,,,,
LINC00511,0.20272519293010158,2.532036848146827,,,,
MAFF,0.21882853863399634,2.7331675715235075,,,,
ALG5,0.23502318323537585,2.9354386177642846,,,,
PLEKHB2,0.13476528626229994,1.6832178859233007,,,,
MTERFD2,0.2426013602710221,3.0300900186025235,,,,
HIF1A,0.40993217797961223,5.120051261923549,,,,
RP3-340N1.2,0.4078145346726987,5.093601905497555,,,,
DHX8,0.3030525519583218,3.7851251607784926,,,,
NDUFAF4,0.5614327633957121,7.012292967283008,,,,
RABGGTA,0.35201100222266335,4.396616008589493,,,,
AC061975.1,0.1677538991980304,2.095245529430453,,,,
SAMD4B,0.2853120155799232,3.563545932431266,,,,
NFX1,0.3281776234302365,4.09893720288194,,,,
RNASEH2A,0.5017929882746204,6.26739241477071,,,,
L3MBTL3,0.2859960186451309,3.572089127977507,,,,
THOC5,0.29445234055513836,3.677708554781125,,,,
TRIB1,0.29521000407655146,3.6871717691304937,,,,
SEC23A,0.1739851042297171,2.17307325533144,,,,
ELL,0.08947220430919306,1.1175074736464063,,,,
PTRF,0.2896768400554286,3.618062572657049,,,,
FAM172A,0.17050573573848676,2.1296159568045923,,,,
GPHN,0.12981490335177653,1.621387623188252,,,,
DAPK1-IT1,0.4392173323394885,5.48582272264398,,,,
PIP4K2C,0.19294599915454785,2.409894757038261,,,,
MRPS6,0.474967596126816,5.932343374232129,,,,
MARCH7,0.11564727354919926,1.444433983669963,,,,
RP4-781K5.2,0.09212665684024939,1.150661575132987,,,,
BRE,0.22689747767772303,2.833948587878051,,,,
ACSL5,0.48318779680339946,6.035013647775523,,,,
LRRC57,0.1508176177482594,1.8837114419221896,,,,
BET1,0.17654628499148187,2.205062392792955,,,,
RNF111,0.25973222938183455,3.244054505218221,,,,
CCNE1,0.3010697171528441,3.7603595619957666,,,,
MRPL44,0.2534101915343005,3.1650922778109227,,,,
DNAJC7,0.2787295181178179,3.4813305654806457,,,,
SIRT7,0.3087378160949555,3.8561340870857794,,,,
RP11-91P24.1,0.17446360576262457,2.1790497375619156,,,,
KIF20B,0.5183704231423919,6.474444509906337,,,,
CBFB,0.13446698169799282,1.6794920631092785,,,,
FAM206A,0.2166676940560454,2.7061786313952,,,,
MCCC2,0.20462535115189415,2.5557698167302965,,,,
NRP1,0.39622808037671625,4.948887137723665,,,,
CSTF1,0.3782791971108723,4.724705657586302,,,,
ZCCHC11,0.13438625978464694,1.6784838467347345,,,,
IQGAP3,0.5329953193769836,6.6571094053299555,,,,
CHMP4A,0.3168662078713767,3.9576576678336766,,,,
RHOT1,0.19598311246407313,2.4478282901160497,,,,
EPB41L2,0.38042692565988795,4.751530778565713,,,,
TUBG1,0.8100414656571172,10.117414663296804,,,,
HM13,0.34297692940592855,4.283780475273705,,,,
TMEM214,0.15703857007251673,1.9614111115484272,,,,
TAF8,0.17156731584776452,2.1428750881197507,,,,
RNPEP,0.5499451182999602,6.868812326024443,,,,
BHLHE41,0.1422402453065361,1.77658009446203,,,,
KATNA1,0.3018789601289179,3.7704670035273646,,,,
YARS2,0.18815991538327323,2.3501165898947067,,,,
NT5E,0.526136686372101,6.571445106555473,,,,
AGFG1,0.33515304351478664,4.186060171813947,,,,
DTX2,0.09741257202653629,1.216682634649118,,,,
MYO5C,0.1255158964992858,1.5676930448104407,,,,
STRN3,0.7477203514483042,9.339024196312813,,,,
THYN1,0.4470159700757836,5.583227676750774,,,,
C5orf34,0.41321636765008607,5.1610707777604885,,,,
VPS52,0.12730235717757526,1.590005931530711,,,,
LEPROT,0.09129643159088707,1.140292065092012,,,,
TRIO,0.18327741186573407,2.289134140506296,,,,
KIAA1191,0.13891264740105636,1.7350184099436388,,,,
SAA2,0.576098731263926,7.195470847246149,,,,
MTO1,0.21469465813001168,2.681535420577503,,,,
FAM177A1,0.16112882578060347,2.012498388968306,,,,
TOM1L1,0.2525309622347046,3.154110707378704,,,,
TAMM41,0.1825712868368089,2.280314641721783,,,,
MED31,0.059786440460445595,0.7467324020136955,,,,
RAP2C,0.47269242175804804,5.9039264554742035,,,,
NPAT,0.09936473034971045,1.2410650842906767,,,,
SIN3A,0.13304219101862014,1.6616964332276403,,,,
ENC1,0.3698751890862152,4.619739631001286,,,,
GPALPP1,0.28944421071806736,3.6151570331646696,,,,
MTFP1,0.15485159470795495,1.9340957979999573,,,,
SELK,0.3233326398015574,4.038423376755192,,,,
ZSWIM7,0.09773965743661837,1.2207679301116539,,,,
TMEM161B-AS1,0.12682791871460722,1.5840801970275138,,,,
TSPO,0.19818547666770744,2.475335810202931,,,,
ATP6AP2,0.5374357096772112,6.712569862404013,,,,
FGD4,0.3310730269841966,4.135100781680014,,,,
ARL1,0.11099752561883565,1.3863586506336072,,,,
LSM6,0.5945990699510506,7.4265400033877205,,,,
C18orf8,0.42671860973800235,5.329713727386344,,,,
EMC8,0.1381194608920839,1.7251115136218598,,,,
HN1,0.5349414753594223,6.681416885759757,,,,
TTF1,0.3773851319015978,4.713538786701587,,,,
POLE4,0.41241391667511057,5.151048168295419,,,,
MMD,0.27818863270799155,3.4745749088771887,,,,
ITGB1BP1,0.19882678513058066,2.4833457503369294,,,,
SCNM1,0.2835954041178362,3.542105462141744,,,,
SFXN4,0.2070324920853461,2.5858349973528374,,,,
GOSR2,0.10584527365329212,1.32200704420948,,,,
PVRL4,0.7937213840541248,9.913576909408032,,,,
RAMP1,0.14934697211868214,1.8653430838960627,,,,
MED13,0.13654085926057888,1.705394785563825,,,,
BSCL2,0.22267424989899565,2.7812004898281852,,,,
ATAD2,0.27935482615843327,3.4891406604046966,,,,
SATB1,0.14204585279756166,1.7741521328031322,,,,
NELFE,0.13778558122033158,1.7209413578582613,,,,
REPS1,0.21624029640549725,2.700840436450813,,,,
C6orf132,0.6665827527663655,8.325615913585693,,,,
DPYSL2,0.7102636846344232,8.871190577754088,,,,
ENOPH1,0.1300772432759124,1.624664247790509,,,,
SUPT20H,0.3194706188758359,3.9901867508533853,,,,
DEDD,0.21537437684978875,2.690025104666466,,,,
SLC35F2,0.9569957435942072,11.952873006443221,,,,
MDC1,0.17239945591370937,2.1532685142121757,,,,
KRT16,0.8249144538526466,10.303178226319371,,,,
ZNF224,0.09580559426194356,1.196611488802413,,,,
YES1,0.4295189350185814,5.364689778930505,,,,
WHSC1,0.45775699203617914,5.71738299803762,,,,
PPIL4,0.112468599632464,1.404732359174817,,,,
HECTD1,0.5038721429932457,6.293361048883061,,,,
MTHFD2,0.5008368679203413,6.255450475373309,,,,
ZCCHC7,0.23260962890718392,2.9052933338671156,,,,
SLC30A6,0.17847665716944283,2.2291727335680154,,,,
DSCR3,0.2109046684595362,2.6341984647653627,,,,
TNFAIP3,0.16310313249957,2.037157471984647,,,,
ANGEL2,0.23752357845745198,2.966668544078425,,,,
ZCCHC10,0.2174030741948578,2.715363526385091,,,,
ZNF330,0.15648207909857859,1.9544605415116862,,,,
ORAOV1,0.10347678683272094,1.29242465330208,,,,
DHCR7,0.11274662451147388,1.4082048888006604,,,,
CAPZA2,0.09355720328525911,1.1685290945043905,,,,
POLB,0.10490303650798274,1.3102385060365327,,,,
CREB1,0.1335958883235082,1.6686121103491292,,,,
NFKBIA,0.3384503162235252,4.22724309474644,,,,
BID,0.601158395378895,7.508465951723185,,,,
AKR1B15,0.6412124751687784,8.008741247954209,,,,
SEL1L3,0.1577995764736796,1.9709160784524882,,,,
ZNFX1,0.28469851158614495,3.5558832700049567,,,,
ATG10,0.4104442302474858,5.12644679269944,,,,
BAG2,0.28355931085539554,3.541654657438349,,,,
C21orf59,0.10970805419152539,1.3702531576685182,,,,
MIS18BP1,0.3872297740017368,4.836498327122221,,,,
ZNF185,0.15824702598712767,1.9765047210842233,,,,
UBE2G2,0.11951857897752667,1.49278657297215,,,,
ZNF394,0.19398384573937272,2.422857456728013,,,,
PDCL,0.13574870686464063,1.6955008053097034,,,,
BROX,0.4559578312875409,5.694911487489535,,,,
C5orf45,0.19682754030625307,2.458375190484461,,,,
ARFIP2,0.1977542859304838,2.4699502396211517,,,,
CA2,0.46506698135582086,5.808684735376573,,,,
USP40,0.21600054182393486,2.6978459026868853,,,,
VDAC3,0.20166862854085343,2.5188403631547596,,,,
FMNL2,0.40236809101439613,5.025575846008577,,,,
BRMS1,0.1417986387891223,1.7710644308273724,,,,
TIMM9,0.19501456935162004,2.4357311905187857,,,,
SRGAP1,0.2805360306931965,3.5038939003152874,,,,
PPWD1,0.11044384815417806,1.3794432213165173,,,,
MSL3P1,0.35515196973969676,4.435846680303309,,,,
BCKDHA,0.19631129840238826,2.451927331171811,,,,
TMEM209,0.4492978659527732,5.6117285471194815,,,,
NCLN,0.16435446288735128,2.052786583518705,,,,
LINC00969,0.6153598816323974,7.685842458177994,,,,
LGMN,0.21061646438865822,2.6305987970738363,,,,
NUP43,0.6815537097125488,8.51260310591174,,,,
TGIF2,0.1597522054081415,1.995304406027147,,,,
ITGA2,1.111139170966205,13.878123797252012,,,,
YME1L1,0.08320120872404003,1.0391827638919147,,,,
CPSF2,0.426503636774032,5.327028715926935,,,,
ZNHIT6,0.26861354701399964,3.3549821268902438,,,,
MEGF8,0.42169579203033436,5.2669787543249305,,,,
PTGR2,0.2138436716709321,2.6709066031102706,,,,
HDGFRP3,0.4271218590611239,5.334750309817843,,,,
GMEB1,0.17950576123891157,2.242026239275967,,,,
POLR1C,0.27979052339579064,3.4945825171551057,,,,
RNF14,0.09559154587843186,1.193938025349231,,,,
TM7SF3,0.14614584999912328,1.825361081437515,,,,
NFS1,0.13432187479890054,1.6776796785205081,,,,
CCNA2,0.5827363183980393,7.278374283979614,,,,
CHMP4C,0.23372525740465455,2.919227529334436,,,,
SYS1,0.18858336711648943,2.3554055003474135,,,,
PWWP2A,0.1742232528919716,2.1760477311696413,,,,
KRT17,0.850316475061162,10.620449369524277,,,,
DHPS,0.22526596683300631,2.8135710239588088,,,,
RACGAP1,0.35052866420206524,4.378101612646324,,,,
LOXL1-AS1,0.2986024295232183,3.7295431493787943,,,,
NUP107,0.7978780367307337,9.965493484698952,,,,
ZNF34,0.21989537301525913,2.7464923286747247,,,,
TDP2,0.5451025335841628,6.808328462309985,,,,
KLHL7,0.21819365001336055,2.7252378151933545,,,,
MECR,0.14619908226959416,1.8260259522825966,,,,
MBD2,0.24826050842020073,3.1007727563310445,,,,
GTF2F1,0.3751299781583107,4.68537192547577,,,,
ZDHHC6,0.15811142083637303,1.9748110132941528,,,,
CYB5D2,0.12851075639526371,1.605098832922172,,,,
NR2F6,0.5764808686320435,7.200243741444163,,,,
ADH5,0.15278725574542967,1.908312212621985,,,,
DCUN1D4,0.3041439796145177,3.798757087835173,,,,
MAPK3,0.23589028330584982,2.9462686941733267,,,,
DCTN3,0.061789047925358616,0.7717449612336145,,,,
SLC41A3,0.11322060920528879,1.4141249557289515,,,,
TBRG1,0.13570954722552508,1.6950117015739141,,,,
JOSD1,0.173625791446994,2.1685854401136306,,,,
CPNE1,0.39856266764580883,4.978046123368804,,,,
AC010761.8,0.604228602706811,7.546812828958191,,,,
HEATR5A,0.09157125704336767,1.1437246338933127,,,,
SERPINB1,0.19994870406232385,2.497358513303132,,,,
PDCD6IP,0.25299857090994476,3.1599511378605207,,,,
C1orf52,0.1854635682886878,2.31643922547736,,,,
WDYHV1,0.1112566846316813,1.3895955456665832,,,,
MRS2,0.19568439834835552,2.4440973520065503,,,,
FRYL,0.10779562887918034,1.3463669731731556,,,,
MTX2,0.1923056060408295,2.4018962496115424,,,,
OVCA2,0.13666023879284278,1.7068858354439007,,,,
ZNF277,0.1501507952163502,1.8753828311680696,,,,
RBM7,0.06967715507145236,0.8702673879106296,,,,
SLC35B2,0.1264165773235601,1.5789425447000183,,,,
PPAP2C,0.07799091267601664,0.9741061871099764,,,,
SPOCD1,0.5194277747838618,6.487650827675502,,,,
C16orf13,0.176264181797122,2.2015389250247166,,,,
GLTSCR2,0.38018044051941463,4.748452180147932,,,,
PPIE,0.4396069772257683,5.490689385713787,,,,
NGLY1,0.0951301089056175,1.188174679406006,,,,
DRG2,0.28631134931199703,3.5760276067443324,,,,
ENTPD6,0.13207318421134506,1.6495935420839056,,,,
UBLCP1,0.14890276982813502,1.8597949990653613,,,,
RP5-1050D4.3,0.14489657573533546,1.8097576508839037,,,,
SIL1,0.3130603393312394,3.9101223850030267,,,,
SMEK1,0.3080780434832762,3.8478935298071093,,,,
VPS72,0.08749225853385516,1.0927779588385613,,,,
CBR1,0.17822866448647737,2.2260753059505416,,,,
MYO1B,0.287050891094885,3.585264480652067,,,,
C2ORF15,0.1754190946905075,2.190983790446157,,,,
EIF2B3,0.4318528811001934,5.393840756146578,,,,
YIF1A,0.36726492785365084,4.587137478655963,,,,
RP11-107F6.3,0.21839352606424242,2.7277342662687247,,,,
TCTN1,0.07705610309435053,0.9624304191771994,,,,
NXT2,0.09881535805020979,1.2342034264691624,,,,
PRSS21,0.3536452265768515,4.417027464231171,,,,
MOB4,0.240329158751417,3.00171023071874,,,,
LTBP1,0.11643732381550728,1.4543017083334182,,,,
PTPMT1,0.19882289960315486,2.4832972201149355,,,,
CASP8AP2,0.19633905793455556,2.452274047617453,,,,
ASCC2,0.5348877543420101,6.680745910467334,,,,
DAK,0.09594046071678913,1.1982959702835365,,,,
RN7SL349P,0.31681815830604126,3.957057528954989,,,,
DPH5,0.1128462638928589,1.4094493842752827,,,,
ANKS6,0.2651500022933272,3.311722467194318,,,,
DLEU1,0.3143310734528331,3.9259938490947257,,,,
DLEU2,0.7503646005263838,9.37205085671256,,,,
MAP4K3,0.1154000252937688,1.4413458539494215,,,,
AAMDC,0.1616544193440437,2.0190630504716167,,,,
FGFR1,0.4738899979445507,5.918884177249481,,,,
ACAP2,0.3666047614861519,4.578892003368682,,,,
PEX11A,0.10045991804368216,1.2547439742041244,,,,
DDX19A,0.28926170016945457,3.612877477143123,,,,
NDE1,0.23613325730936208,2.9493034385045203,,,,
TOMM70A,0.48677458947392344,6.079812673871708,,,,
CNOT2,0.08548275502317551,1.0676792680346234,,,,
ACLY,0.6246307153446313,7.801635134130764,,,,
RABL3,0.1476704795830111,1.8444036988368717,,,,
SCAMP1,0.2232745501183261,2.7886982371644984,,,,
C1orf27,0.13667942174476272,1.7071254304365875,,,,
PVT1,0.12699230193105132,1.586133342742841,,,,
ABCE1,0.1109808560136506,1.3861504473315776,,,,
STX4,0.0760655739858735,0.9500587145776106,,,,
PRKAG2,0.21507281275425466,2.6862585703204678,,,,
ZNF652,0.1775790195635835,2.217961243464258,,,,
SMARCA5,0.22583302855625542,2.820653622612127,,,,
CPSF3L,0.1688217816418775,2.108583376879153,,,,
LRRC8A,0.4982558260121417,6.223213272272331,,,,
DHX33,0.49436960641588124,6.1746744050723645,,,,
TCTN3,0.0841686201312732,1.0512657284955125,,,,
HFE,0.32833099901905755,4.100852863372322,,,,
POT1,0.16626459109540023,2.0766440771906054,,,,
STK17A,0.6711293481052027,8.382402871166827,,,,
MYO19,0.28702228082743,3.5849071385260864,,,,
RWDD3,0.15864089111639038,1.9814240949719923,,,,
SMAD2,0.14826198295289497,1.851791573558813,,,,
UGGT2,0.1418538484192964,1.7717539988872317,,,,
ISG20L2,0.1813513312923156,2.2650774018547915,,,,
C11orf49,0.08431997371160933,1.0531561341080118,,,,
GEMIN6,0.5852964471112163,7.310350281358479,,,,
EXOC7,0.35781352181324566,4.469089455047202,,,,
GOLGA5,0.24744448827524332,3.0905806679872208,,,,
VKORC1L1,0.239939736560145,2.996846349108689,,,,
ST3GAL1,0.22674282520024588,2.832016979053467,,,,
RHOF,0.7023836902654809,8.772769479631217,,,,
HSDL2,0.09152629299437942,1.1431630331014497,,,,
KLK6,1.123031635016733,14.026660625635158,,,,
RAD54L,0.21993600383946993,2.746999807506464,,,,
NADSYN1,0.34390898844304885,4.295421888916116,,,,
FASTKD3,0.14696187388222504,1.8355532164707464,,,,
RHPN2,0.15677195819913567,1.9580811303171992,,,,
CRLS1,0.24008603665464323,2.998673636703303,,,,
ZFP69,0.1953231520089037,2.4395853866729396,,,,
DEF8,0.10305433035598408,1.2871481735988157,,,,
TPRG1L,0.22591537444543433,2.821682122438324,,,,
CTA-217C2.1,0.3962486050539127,4.949143490859685,,,,
UBE2F,0.7772804738770356,9.708230007112492,,,,
TMCO3,0.2656519667965892,3.3179920018305946,,,,
IL1RAP,0.0967417280697229,1.2083037963140433,,,,
RBM17,0.12311879708245346,1.5377532826902809,,,,
ORC5,0.2853664331991122,3.564225608277092,,,,
GJB3,0.5368751635124704,6.705568643050381,,,,
WDR6,0.21946158873887242,2.7410743647991813,,,,
IDH3G,0.16005178591634117,1.9990461653752791,,,,
TTC37,0.27716081085200134,3.461737418010451,,,,
METTL21A,0.1257628711004105,1.570777756589799,,,,
CAMK2N1,0.5321878441048494,6.647024042413487,,,,
TMEM66,0.13232810275371723,1.6527774736576433,,,,
COL4A5,0.3843824535519752,4.800935306103101,,,,
UBXN2A,0.08502632117929486,1.0619784111517514,,,,
AL590369.1,0.274810789801194,3.432385664493479,,,,
MED11,0.12495941383115745,1.560742578513231,,,,
GTF2H3,0.10526568843071413,1.3147680270996782,,,,
ENOSF1,0.2115294959551258,2.6420025576839654,,,,
RAB31,0.19321486281301015,2.413252863056139,,,,
ELMO2,0.1834051053249846,2.2907290313011526,,,,
POLE2,0.35150928516425733,4.390349564538478,,,,
POLR3C,0.3292061593165652,4.111783611984748,,,,
PDE8A,0.20746388074092445,2.5912230399340745,,,,
NR1H3,0.09997891711030395,1.2487362744717752,,,,
TBC1D15,0.13688844346572882,1.7097361108946976,,,,
TM9SF1,0.2058489094911756,2.571052055489769,,,,
AP001024.2,0.290016669388982,3.6223070396727253,,,,
ACAA2,0.18617461809230607,2.3253202346780752,,,,
CEP70,0.253870519611783,3.170841773655892,,,,
TRIM28,0.17896485872344375,2.235270369023117,,,,
FBXO7,0.4450975178994948,5.559266216748881,,,,
OSER1,0.08132906778369416,1.0157997310415554,,,,
CHAC2,0.5750887286045197,7.18285591807341,,,,
PAQR7,0.20086744037503254,2.5088335261709758,,,,
DDX59,0.11274039669762372,1.408127103430603,,,,
PMAIP1,0.09057299453794733,1.1312563391968602,,,,
FARP1,0.1567785813985966,1.9581638540519524,,,,
ARAP1-AS1,0.5560082871519101,6.9445412807132,,,,
PLK2,0.31873984948170825,3.9810594440461498,,,,
DHRS1,0.32931663424491897,4.1131634433976325,,,,
HSF2,0.307009559097287,3.834548164103464,,,,
WDR82,0.2896530224341433,3.6177650906625427,,,,
CLPX,0.17650607538711827,2.2045601749954207,,,,
CBY1,0.2137908334140072,2.670246653492801,,,,
TFB1M,0.1796190103222011,2.2434407198728943,,,,
LEPREL1,0.41656369530722,5.202878886798058,,,,
DDX19B,0.11623697771934091,1.4517993863943264,,,,
AKAP13,0.13336439237923378,1.6657207269318672,,,,
BBS7,0.5001002455965581,6.2462500654981055,,,,
CDC27,0.19152629345533365,2.3921626385384456,,,,
NUDT21,0.12960590288351703,1.618777208176362,,,,
TMEM261,0.19332650782940594,2.4146473088639846,,,,
RP11-295G20.2,0.3488276489911914,4.356855939472019,,,,
SLC35B4,0.22427049412372033,2.8011375738049065,,,,
ZFYVE21,0.245758963602424,3.0695284715712052,,,,
IDI1,0.12364920339463657,1.5443780554061237,,,,
SRPK2,0.26118045789634947,3.262142873566959,,,,
UBE2G1,0.3530010166912482,4.408981285338889,,,,
PGAP2,0.3278958179577671,4.095417453658922,,,,
MYO1C,0.24674449881468322,3.0818378024270254,,,,
PCDH7,0.6612797697875928,8.259381677409742,,,,
POLR2C,0.18633035156884623,2.327265345176629,,,,
PKP4,0.28872599969163093,3.6061865803196236,,,,
RP11-680A11.5,0.1002355059333925,1.2519410678449738,,,,
RALGPS2,0.11626339608449977,1.4521293516694025,,,,
PHF20L1,0.45360189219153035,5.665485817611666,,,,
CALHM2,0.19521340631016143,2.438214663334983,,,,
RRP7A,0.2445602052604384,3.0545559846786783,,,,
MTHFD1,0.28309431661307594,3.5358468812132435,,,,
EAPP,0.13740215959056856,1.7161524232374359,,,,
COMMD8,0.22652907737807265,2.8293472696101993,,,,
SERPINB3,0.4882099141427873,6.097739873239921,,,,
APTX,0.26707685373196605,3.3357888339493393,,,,
KATNBL1,0.0836457467023163,1.0447350414610095,,,,
ZNF738,0.45715574086550914,5.709873373322883,,,,
STAG3L4,0.20114878854662802,2.5123475637079093,,,,
CEP97,0.11435145125069127,1.428249168349038,,,,
CLP1,0.10510268260720598,1.312732085016607,,,,
RPS6KB1,0.14827333736009377,1.851933390059272,,,,
ANAPC15,0.27390582118797757,3.421082610137179,,,,
C12orf5,0.32621412938708205,4.074413170143207,,,,
RSBN1L-AS1,0.11364554572611713,1.4194324111729901,,,,
MPI,0.17577521719575784,2.195431759111103,,,,
GFM1,0.1548196053188743,1.9336962506584,,,,
SLC35E3,0.14492064799179347,1.8100583132706982,,,,
NSL1,0.4247460938491412,5.30507701183085,,,,
SMC2,0.43593255830869093,5.444795908148936,,,,
ITPA,0.13724650511704323,1.7142082994862209,,,,
SNX29,0.13440246291051128,1.6786862237119158,,,,
CEP63,0.18899875965818788,2.3605937515303266,,,,
IARS,0.3389119912638189,4.233009414151529,,,,
S1PR3,0.398998266948301,4.9834867569131385,,,,
CENPJ,0.20539576505325283,2.5653922832741434,,,,
PPP2R3A,0.10819998661193318,1.3514173996365124,,,,
KIAA1429,0.17384170270243454,2.1712821708297465,,,,
ZDHHC3,0.10630249466256758,1.3277177327849818,,,,
RNU6-118P,0.27853224445159275,3.4788666181792203,,,,
GBA,0.3222115451278262,4.024420908768259,,,,
TNFAIP8,0.11563544633640029,1.4442862618294503,,,,
C15orf41,0.08118357707354157,1.0139825526541784,,,,
DDX56,0.28274695791500143,3.5315083724648404,,,,
RPL17P50,0.11940129868607612,1.4913217426014294,,,,
PIGX,0.5187036386451512,6.478606370201871,,,,
AKIRIN1,0.3232414267792963,4.037284126472295,,,,
ANPEP,0.18105106751586778,2.2613271084889752,,,,
NQO2,0.24028674040221082,3.001180425706964,,,,
ISCA2,0.057557311796993665,0.7188905939308359,,,,
DNAJC9-AS1,0.20494181366212158,2.559722432216174,,,,
PSMD13,0.2454587664575411,3.0657790104333684,,,,
NAV2,0.21624352326028812,2.7008807398542336,,,,
PITRM1,0.15180596238552777,1.896055862485127,,,,
DALRD3,0.1293633113742416,1.615747241196655,,,,
C5orf22,0.12183728396038618,1.5217471889258178,,,,
PLCE1,0.6289252366517363,7.855273688064664,,,,
KCTD20,0.2501961656494747,3.1249491073758473,,,,
GLMN,0.14500090153330028,1.811060679682847,,,,
C11orf24,0.33920944285517624,4.236724583336823,,,,
NCOA1,0.28299041786626383,3.5345491862814877,,,,
ZC3HC1,0.14820529010678535,1.8510834801378568,,,,
ACVR2A,0.5316504523872174,6.6403120220115515,,,,
GOLPH3L,0.30831852763279816,3.8508971758719315,,,,
MINA,0.2166064713518974,2.7054139600654783,,,,
TMEM254,0.17263568140115784,2.1562189696047485,,,,
ANKRD13C,0.15837279858047731,1.978075620271667,,,,
FAM49B,0.20058087356953605,2.5052543079175096,,,,
PIK3R3,0.14811935064275006,1.8500100965760893,,,,
RP3-430N8.10,0.20053353695119128,2.5046630737438815,,,,
FARSA,0.18871037630266266,2.3569918445742735,,,,
AP3S1,0.1922616130973803,2.4013467779239743,,,,
DIS3L2,0.26194694723995604,3.271716322400193,,,,
TOMM34,0.32919784451370177,4.1116797601302695,,,,
ZNF518A,0.2339680139508076,2.922259557624084,,,,
ECI2,0.21985515754174323,2.745990037571502,,,,
GNPDA1,0.32684301449444125,4.082267942616569,,,,
HMGB3,0.546736509260346,6.828736811964376,,,,
ACOT7,0.53612953316462,6.696255722990639,,,,
C1GALT1,0.2886649429613873,3.6054239820033027,,,,
NKTR,0.1381048575294459,1.7249291176809713,,,,
NR3C1,0.0712866937835943,0.8903705199819719,,,,
RP11-147I3.1,0.3105687533412933,3.8790024859629253,,,,
SMYD4,0.25591956598250704,3.1964343546234866,,,,
TBC1D17,0.10775779605577639,1.3458944413602927,,,,
NFXL1,0.19536827853517175,2.4401490168053765,,,,
NFU1,0.29655603512876827,3.703983691584246,,,,
CTD-2510F5.4,0.37027488911167833,4.6247318827192405,,,,
KIF4A,0.6310987891598879,7.882421350190306,,,,
HAUS7,0.19108405541563733,2.3866390871930077,,,,
NIPSNAP3A,0.08997135880292961,1.1237419112749591,,,,
CLPP,0.2327531846456375,2.907086344465718,,,,
RBFA,0.263414011827806,3.290039953229481,,,,
TMEM147,0.19505893860984375,2.4362853623763807,,,,
KCTD9,0.2629452478048716,3.284185092459588,,,,
APOBEC3F,0.9149314166708727,11.427489731562822,,,,
SMIM15,0.1756188572961231,2.1934788245906054,,,,
VPS4A,0.1336000294106984,1.6686638325115573,,,,
VPS45,0.14057899688604997,1.7558311083404734,,,,
MRPS11,0.2022997152614562,2.52672263376872,,,,
CASC3,0.2767764745891087,3.456937059625498,,,,
TIMELESS,0.20949011514875351,2.6165306995764315,,,,
RP11-635N19.3,0.18381825278041514,2.2958892413655665,,,,
ZIC2,0.578107593424379,7.220561527588324,,,,
TMBIM4,0.1849407933337443,2.30990976838289,,,,
NFYB,0.1859181137519959,2.3221164964944405,,,,
KCTD3,0.3195350005066051,3.99099087716396,,,,
VTA1,0.31308235530801215,3.9103973644647843,,,,
PPP2R1B,0.1992985165456295,2.4892376738224526,,,,
CYB561A3,0.11160844621460231,1.3939890464290934,,,,
PLGRKT,0.10088638598826181,1.2600705571246864,,,,
ACADVL,0.70765094662406,8.838557490463973,,,,
LAMC1,0.14424173305729934,1.801578668456701,,,,
UFSP2,0.1904757037921243,2.379040777850685,,,,
ORC1,0.10849837310640364,1.3551442457579468,,,,
GTPBP8,0.22256078216432126,2.7797832782763363,,,,
CCNE2,0.2174521777530283,2.715976829630069,,,,
MTUS1,0.7614382543114206,9.510360748157584,,,,
CFLAR,0.12382244222271181,1.5465418076752733,,,,
EMC7,0.20754074495991934,2.5921830737216176,,,,
VAMP3,0.17376361600262466,2.1703068682617177,,,,
GLUL,0.2387468298154436,2.9819469486428165,,,,
UGP2,0.17791530147266632,2.2221614031624974,,,,
C6orf106,0.26650548912290506,3.3286524922694563,,,,
NUDCD2,0.47344558197878367,5.9133334236161375,,,,
MLF1IP,0.2925888620563756,3.6544337157914613,,,,
CTSB,0.141870551204326,1.7719626166053868,,,,
EXOSC5,0.2552235346104976,3.187740925573444,,,,
ATG13,0.4533769944684111,5.662676845950219,,,,
MYO5B,0.21492897872393865,2.6844620838576176,,,,
YY1,0.30758687863258183,3.8417588827881692,,,,
SKIV2L2,0.18314811080155127,2.2875191707322715,,,,
PLEKHA2,0.38503323964962427,4.809063621857509,,,,
ARHGAP1,0.11598290380963704,1.4486260042792345,,,,
RP11-386G11.10,0.6834629802414652,8.536449887174708,,,,
RPL13P5,0.31670426341178487,3.9556349821816714,,,,
IL1RL1,0.3976647904639668,4.966831640961982,,,,
IGF2BP3,0.19256899771937172,2.405186010622124,,,,
RAB2A,0.16592883972431047,2.072450543909775,,,,
TOPBP1,0.12379372959601119,1.546183187082725,,,,
MEGF9,0.3478495772415389,4.344639827234279,,,,
CTR9,0.09981644734546412,1.246707027759325,,,,
FOXJ3,0.2487517059971439,3.106907812100701,,,,
COPS2,0.07407421809940642,0.925186687527439,,,,
ANK3,0.36959759866224884,4.616272527717197,,,,
RP5-1158E12.3,0.1770071978325207,2.2108191923324023,,,,
USP54,0.41518318244831454,5.185636286716803,,,,
C2orf43,0.21018078923863667,2.625157216194163,,,,
B3GNT3,0.272314001170625,3.4012007844928243,,,,
MTG2,0.19529513335547397,2.4392354338037663,,,,
LRRC8B,0.19397579178802163,2.422756862907879,,,,
PSMD10,0.33661293401489767,4.204294198316096,,,,
CIDECP,0.17521322064785858,2.1884124244776273,,,,
SFRP1,0.7078896441566068,8.841538821689928,,,,
ZNF581,0.28499896214829895,3.5596358963234955,,,,
TIMP3,0.24880519022197467,3.107575829854729,,,,
RARS2,0.1823443748281492,2.277480511641998,,,,
THUMPD3,0.18066142339751895,2.2564604550106226,,,,
COL4A3BP,0.07254978213577057,0.9061464884442542,,,,
GGA2,0.1531563424559232,1.9129221041585198,,,,
OBFC1,0.46317130495125547,5.785007744672329,,,,
WBSCR22,0.09502120438363477,1.1868144623624086,,,,
OXA1L,0.25479735786314184,3.1824179797050425,,,,
SEH1L,0.33560357069015445,4.1916872544307395,,,,
NAA10,0.17420328813960165,2.1757983714924634,,,,
SULT1A1,0.26985799499532614,3.3705252771952336,,,,
KIF18A,0.22770350833692085,2.8440159075847276,,,,
AATF,0.3837120049327892,4.79256140553341,,,,
TXNDC15,0.07648853088634174,0.9553414445712765,,,,
MAK16,0.5487598158658596,6.854007903367534,,,,
RECQL4,0.25021926124252014,3.1252375712405285,,,,
H6PD,0.23729340293921006,2.963793652777023,,,,
KIF20A,0.23405668852651115,2.923367102719639,,,,
NTPCR,0.19375956129347277,2.4200561448965785,,,,
AFAP1L2,0.1254749858267551,1.5671820706743058,,,,
OSBPL1A,0.42815147121541786,5.347610161503228,,,,
SNORA48,0.3072413389653466,3.837443093727667,,,,
LACTB2,0.23989990970813388,2.996348911886505,,,,
SEC22A,0.3021945259302567,3.7744084191228118,,,,
RAB5A,0.13333569683802912,1.665362319737095,,,,
MRPS28,0.36144791872742715,4.514483057956099,,,,
ZNF280B,0.47410183984422927,5.921530081728419,,,,
BAG6,0.2500848631590312,3.1235589397157746,,,,
SNRNP27,0.53956494173895,6.739163962331382,,,,
MGEA5,0.08340988552293657,1.0417891362747569,,,,
DCTD,0.11713289430628161,1.4629893809786796,,,,
CAMK2G,0.515866875360082,6.443175208127497,,,,
GINS2,0.41774289057675273,5.217607030993964,,,,
GALM,0.20250775945253977,2.52932110488251,,,,
SH3YL1,0.3076590715500426,3.842660572038251,,,,
MFSD1,0.6998861741949214,8.741575513907993,,,,
SPATA13,0.4123811328765318,5.1506386987824095,,,,
PDGFC,0.12392920541175405,1.547875279479016,,,,
PLD2,0.44575666884200765,5.567499009382151,,,,
CRLF3,0.2443582643415816,3.0520337434105675,,,,
KRTCAP3,0.33767424727961215,4.2175499967437275,,,,
SLC25A51,0.06899493459034745,0.8617464568326965,,,,
C11orf57,0.12063471914708973,1.5067271592218565,,,,
SCO2,0.212037972568917,2.648353428554682,,,,
LUZP1,0.22792087590967727,2.8467308276982886,,,,
PMM1,0.17548167117806346,2.1917653705252245,,,,
RP5-1024G6.2,0.10513100317230904,1.3130858087613713,,,,
ATL2,0.1810443317863995,2.261242979254881,,,,
TTC14,0.07891990277323013,0.9857092697052368,,,,
C8orf33,0.2501479531318942,3.1243469332242713,,,,
PPP1R2,0.21901106425103736,2.7354473157496626,,,,
SLU7,0.1195243531073346,1.492858691830336,,,,
AP5M1,0.17549379925292838,2.191916850131736,,,,
UBR4,0.15871178360582147,1.9823095418811896,,,,
GALNT12,0.2609619269485207,3.259413422903402,,,,
CXorf56,0.09693726297311443,1.2107460264746377,,,,
SCAMP3,0.09701593688792659,1.2117286633556938,,,,
ABHD14B,0.2146524939812937,2.681008790528807,,,,
TIPARP,0.33590619626978363,4.195467046708837,,,,
GTF3C6,0.11209403361788976,1.4000540311522487,,,,
DCTN5,0.16733045873690097,2.0899567597660647,,,,
CASP4,0.2991988251625064,3.7369921285260097,,,,
IST1,0.13281265718564114,1.6588295565726032,,,,
RFX2,0.22393992959200668,2.79700882412712,,,,
PDK1,0.35952433009331347,4.490457443616536,,,,
PROM2,0.6054602705834466,7.562196355806754,,,,
CENPO,0.5729811506947725,7.156532278417731,,,,
CDC123,0.5848193856134761,7.304391785161479,,,,
USE1,0.10708908472263833,1.3375422394863856,,,,
APEX2,0.22779463544928918,2.8451540848534074,,,,
BABAM1,0.24724530003438114,3.0880928076562433,,,,
PPP2R2D,0.18233515919147875,2.277365408376876,,,,
FBXO3,0.2674173779926045,3.340041980601526,,,,
LAS1L,0.1898847456166006,2.3716597126041195,,,,
MYOF,0.4326021702314194,5.403199374396035,,,,
ZNF133,0.265390600049348,3.314727532203856,,,,
FTSJ2,0.38188724964264803,4.769770219264413,,,,
ZFYVE20,0.1429376359518102,1.785290500829707,,,,
ATL3,0.3017507704514933,3.7688659149695,,,,
SLC31A1,0.1194435268642642,1.4918491723779503,,,,
RPSAP6,0.26479444450311274,3.3072815518179097,,,,
FH,0.17657267935355733,2.2053920582696156,,,,
SART1,0.24610349138157067,3.0738316221535325,,,,
CHURC1-FNTB,0.13561629577228376,1.6938469912962346,,,,
ARL6IP4,0.10277895443683982,1.2837087294710896,,,,
TMEM101,0.11328210735076914,1.4148930673198115,,,,
EXOC4,0.2988103990503799,3.7321406879404986,,,,
DPY19L4,0.24105325646505196,3.0107542082633305,,,,
MLK4,0.4072834330033432,5.086968447773413,,,,
PEX19,0.21428901272959103,2.67646891115013,,,,
VBP1,0.3143221865312344,3.9258828514795336,,,,
QSOX1,0.5288329039391517,6.60512085317443,,,,
DCAF13,0.6441764385772187,8.04576113906028,,,,
SAP30L-AS1,0.2303146271859977,2.876628771556858,,,,
ZUFSP,0.20718338006292436,2.5877195875887544,,,,
GNPNAT1,0.2294231243627867,2.8654939048638193,,,,
KIAA0226,0.15749101140906638,1.9670621020307177,,,,
PPM1A,0.1313725695117352,1.6408428672904816,,,,
C12orf45,0.2612832329494198,3.2634265335683783,,,,
USP34,0.5185353592992699,6.476504561845469,,,,
EFCAB11,0.213100369826613,2.6616227660503133,,,,
WWC1,0.43096256866537314,5.382720757399775,,,,
TSR2,0.07831314085277785,0.978130815747779,,,,
ACTR10,0.22629387044114532,2.826409535909558,,,,
CSTF3,0.0761037769027906,0.9505358688569712,,,,
KRT15,0.24677026762957613,3.08215965482188,,,,
DFNA5,0.4518424896553446,5.6435108869779524,,,,
RP11-1149O23.4,0.189030949355611,2.360995800722279,,,,
SLC25A17,0.2823411308790098,3.5264395944099127,,,,
RSPH3,0.19235666273792726,2.402533947553903,,,,
XIAP,0.10668133577035654,1.332449456704688,,,,
ADAM19,1.0827080325873881,13.523018992716214,,,,
ARF5,0.5670083304049199,7.081931776907886,,,,
PAFAH1B3,0.23293625099801218,2.909372842474026,,,,
DCAF16,0.4749549832993221,5.9321858400672225,,,,
RP11-894P9.1,0.10173870030261964,1.2707159594990283,,,,
PHGDH,0.24564528690429902,3.068108650066695,,,,
GCFC2,0.15587923742718857,1.9469310514493225,,,,
DDX49,0.17431681441864177,2.1772163142632057,,,,
CEP350,0.22939520981083206,2.865145252221654,,,,
ACAT1,0.20287903381588573,2.5339583201944147,,,,
ARID4B,0.15092245978985447,1.8850209186020077,,,,
CNOT7,0.26866779889557024,3.355659732673879,,,,
PDCD2,0.16260559815337833,2.0309432699924437,,,,
AHSA2,0.10893488099755158,1.3605962275709547,,,,
UFD1L,0.3638120146905647,4.54401060707173,,,,
ABI2,0.10922498847176354,1.3642196687625028,,,,
QKI,0.18556770598570482,2.3177399048962184,,,,
SLC25A46,0.16086381495436958,2.0091884048095365,,,,
KANSL3,0.10586649509474276,1.3222720999282447,,,,
C19orf55,0.09947663076202495,1.2424627199925247,,,,
SNF8,0.13527214246036207,1.6895485178080483,,,,
UBA5,0.1434466438402539,1.791648007318707,,,,
CLK3,0.12777918817467582,1.5959615487756456,,,,
CXXC5,0.7176490156820462,8.963433332973919,,,,
SMCHD1,0.18623679252793995,2.3260967931302456,,,,
MDK,0.32455457717840813,4.0536853697003945,,,,
LYRM7,0.5367655818714545,6.7041999687927705,,,,
UBE2E3,0.5580646192380839,6.970224860237597,,,,
AL353898.3,0.1139698881017639,1.4234834461464099,,,,
GM2A,0.15440370189236977,1.9285016185263044,,,,
B4GALT3,0.1303103382421496,1.6275756029856852,,,,
CDC40,0.10767639380393393,1.3448777275606503,,,,
ZCCHC17,0.08500827890104688,1.0617530631686611,,,,
RAD17,0.0969802332649668,1.2112827252478549,,,,
TSTD1,0.49837274743196774,6.2246736203378985,,,,
ZNF517,0.13384445843610573,1.6717167500603958,,,,
CHCHD10,0.5536432580537172,6.9150020767444635,,,,
E2F4,0.1504694611602277,1.879362967531415,,,,
GLUD1,0.3255449567730852,4.06605520687322,,,,
URGCP,0.10866070796887292,1.3571718075403285,,,,
CTC-490G23.2,1.1112023485384028,13.87891288487585,,,,
CDC45,0.12317082707631262,1.538403137105295,,,,
ZFAND1,0.20304096977848377,2.5359808997190014,,,,
PPP4R1,0.2278272899329437,2.84556193922353,,,,
WDR26,0.19887808771805957,2.483986519449166,,,,
SIRT5,0.4421393972518171,5.522319301701344,,,,
GPN1,0.12452194453060957,1.5552785887006662,,,,
IFT80,0.0983478964392688,1.2283648328198533,,,,
PPCS,0.14349219868781704,1.7922169871824054,,,,
MKNK1,0.14417334493695325,1.8007245011073498,,,,
KDM1A,0.27077868726388393,3.3820247199438023,,,,
GOLT1B,0.123342797111722,1.5405510421591273,,,,
ELAVL1,0.2371150806091725,2.9615664075887143,,,,
RFC3,0.43043570384735064,5.376140217931821,,,,
RMDN1,0.32886189635594837,4.107483768984798,,,,
PLOD3,0.09437022611977897,1.1786837464528477,,,,
EXO1,0.2764591525283755,3.452973708357245,,,,
PPFIA1,0.3894326520029868,4.864012264539266,,,,
AP3B1,0.14142258539282337,1.7663675254130171,,,,
FAM122B,0.37943379260857185,4.7391265507304885,,,,
GTSE1,0.1837433059504873,2.2949531557597953,,,,
LPCAT2,0.4752610432858066,5.936008528073193,,,,
SNORA7,0.1420405481494347,1.774085877769262,,,,
HSPE1-MOB4,0.3945570836832896,4.928016395712106,,,,
FAM96A,0.2101826142699847,2.625180010828394,,,,
CNOT1,0.15988029725605898,1.9969042726948585,,,,
NCOA7,0.5675239799977254,7.088372238257776,,,,
MPC1,0.2726029141121265,3.404809305975601,,,,
BLZF1,0.12413368342527513,1.5504292090493272,,,,
MAP4K5,0.300974001094254,3.759164068807147,,,,
TBC1D31,0.2570689010979068,3.2107895456138076,,,,
DNAH14,0.3488984935301588,4.357740787480116,,,,
ABR,0.10652826453010177,1.3305375975266813,,,,
GAPDHP62,0.0784550631642996,0.9799034248505417,,,,
SMURF2,0.8089713983444681,10.104049526845513,,,,
BAP1,0.2739960894786779,3.4222100607266634,,,,
GTF2B,0.1725545940319784,2.1552061886883065,,,,
ANKRD26,0.23078894473494024,2.8825529958443608,,,,
MRPS2,0.21092153779089493,2.634409162646502,,,,
HN1L,0.2524208109803864,3.152734918653227,,,,
RPL39L,0.3009918103954524,3.759386506907821,,,,
MRPS31,0.26882456114714437,3.3576176925684886,,,,
EXO5,0.1987271777877465,2.4821016550236794,,,,
SNRNP25,0.19487898420453084,2.4340377325744162,,,,
TGIF1,0.133366855635667,1.6657514929948571,,,,
SUPV3L1,0.21083500405069538,2.6333283565778216,,,,
KIAA0232,0.16643720199726147,2.0787999866638556,,,,
ARID2,0.27799164451794517,3.4721145271720935,,,,
TROAP,0.5468553824925922,6.830221538159258,,,,
MILR1,0.14722149253181713,1.8387958523648453,,,,
AL358781.1,0.1870885594561042,2.336735358653221,,,,
LAP3,0.26042869636834803,3.2527533750916753,,,,
GPRC5A,0.207907980071473,2.5967698387948057,,,,
DDX6,0.1626411508895528,2.0313873235249384,,,,
KIAA0141,0.16654714804726617,2.080173212388278,,,,
KIF15,0.4227775262933768,5.280489610939928,,,,
SAR1B,0.21624770560419243,2.700932977312856,,,,
UNC50,0.17064248505971516,2.1313239552792997,,,,
NUBPL,0.2776011266337767,3.4672369603621513,,,,
SLC11A2,0.16209895068658217,2.0246152451603727,,,,
KBTBD2,0.24247550717244482,3.0285181139051085,,,,
MTAP,0.490130666976634,6.121730068445502,,,,
TUBB4B,0.5281246189862454,6.596274376948038,,,,
DERL2,0.4682885227784647,5.84892177484891,,,,
LRRFIP2,0.21687265595536045,2.708738604697141,,,,
ERRFI1,0.21534448556902733,2.689651762689417,,,,
CXADR,0.08766110196869689,1.09488681266382,,,,
PITPNA,0.12666241605726727,1.5820130694998786,,,,
CDCA7L,0.7751240257020536,9.681295978039667,,,,
GAR1,0.22018551473304065,2.7501161975683197,,,,
ZNF226,0.3533148116926483,4.412900583650191,,,,
FBXO45,0.3349475620400892,4.183493709017561,,,,
ATP5SL,0.24268711727041528,3.0311611231816418,,,,
SNX4,0.13873511728318869,1.7328010594821608,,,,
PIK3C2B,0.4510263900246918,5.633317805858112,,,,
LEO1,0.27487907464979494,3.4332385419791467,,,,
UROD,0.17603679166435388,2.1986988231767315,,,,
PPCDC,0.11571634617481039,1.445296700487334,,,,
KRAS,0.2270050621037394,2.8352923169283133,,,,
SOX9,0.3137586348799093,3.918844093610495,,,,
APH1A,0.12264799305990032,1.5318729423333162,,,,
AC010761.6,0.17399616373669882,2.1732113885293685,,,,
COMMD1,0.23677609287498996,2.957332452145811,,,,
OSBPL9,0.4654473067983348,5.813434998631052,,,,
YARS,0.12953939706788453,1.6179465508053485,,,,
CHCHD7,0.15860034921346278,1.980917726766724,,,,
NDFIP2,0.5685333506880509,7.100979274139225,,,,
SHPRH,0.08418706990601553,1.051496166108186,,,,
KMT2D,0.08905529558356257,1.112300285332252,,,,
MRPL24,0.18995238347679455,2.372504509207174,,,,
CYBRD1,0.49478630115618655,6.179878920710665,,,,
PXN,0.6045685119129937,7.551058293582687,,,,
DERA,0.15936977670596608,1.9905278730679157,,,,
DYNC2LI1,0.2938020565823498,3.669586510564215,,,,
IFT20,0.14017529343930482,1.7507888539067336,,,,
SNX10,1.0554489700153773,13.182553410315364,,,,
WDR20,0.13143498104204335,1.6416223870541842,,,,
VEZT,0.1429789119761616,1.78580603820862,,,,
RP11-66B24.2,0.26186221072517935,3.270657963669849,,,,
C11orf1,0.35744569073775395,4.464495246386813,,,,
ARHGAP12,0.10146797245302076,1.267334569741317,,,,
ATF1,0.2889267365275684,3.608693782596892,,,,
SLC25A43,0.07894614836528872,0.9860370770449821,,,,
SLC35A3,0.20024087316720177,2.5010077042534453,,,,
MRPS9,0.0634474119324756,0.7924579210437376,,,,
TMEM126B,0.3138328122121058,3.919770568192682,,,,
SEPN1,0.17621916024516393,2.2009766060209905,,,,
RP11-252A24.7,0.17631609673843673,2.2021873424339113,,,,
SMARCC2,0.1170281291152377,1.4616808641619377,,,,
MGME1,0.4594331414511123,5.738318097520169,,,,
KMT2E,0.3919251853926852,4.895143996598481,,,,
ATXN3,0.17311854533702234,2.1622499382306937,,,,
PPP2R3C,0.09118247611617568,1.1388687616690538,,,,
RBM41,0.11257947792145843,1.4061172285604893,,,,
MRPL48,0.400462275936783,5.001772223318554,,,,
PAFAH2,0.21699552038545913,2.7102731809372225,,,,
CD320,0.08547082520685528,1.0675302646765412,,,,
MANF,0.1898998221595093,2.3718480185646946,,,,
PGLS,0.2195179929441289,2.7417788530970375,,,,
METAP1D,0.12329278050998377,1.5399263350036434,,,,
TAF1B,0.19115432588132356,2.3875167650281215,,,,
NOP2,0.287650361027743,3.5927518577136635,,,,
CHMP5,0.18995831614821507,2.3725786082494666,,,,
NGRN,0.21426023232878616,2.6761094440592905,,,,
WAC-AS1,0.09483515786718058,1.1844907421166777,,,,
LINC00941,0.2534990917867685,3.166202641608362,,,,
CCDC25,0.24208131602956184,3.0235946681085277,,,,
ARFGAP3,0.5815550711836445,7.263620511000595,,,,
WIPI2,0.35309990278549314,4.410216372260147,,,,
NR2C2AP,0.18811366562437493,2.349538930591214,,,,
PIK3R2,0.46768060459176314,5.841328879130627,,,,
INIP,0.3147446571958261,3.9311595083890483,,,,
WDR3,0.46169059362940695,5.766513666190029,,,,
DPH2,0.19937246474736053,2.4901612865660434,,,,
COL7A1,0.285928764285093,3.5712491212898665,,,,
HSD17B10,0.08610360321559626,1.075433659472577,,,,
CAMTA1,0.15474550674363333,1.932770759750272,,,,
MORC2,0.30081828634855545,3.75721919225673,,,,
YAP1,0.24423402034012553,3.0504819363297555,,,,
MRPL37,0.1342284934904376,1.6765133463516306,,,,
DPH6,0.08280614097317708,1.034248369265173,,,,
ETV4,0.6474858925161252,8.087096205508805,,,,
TRAPPC2P1,0.08838227603714512,1.103894273891732,,,,
GPR108,0.2422631619449128,3.0258659228632947,,,,
SNORA31,0.2063973675291239,2.5779022941881546,,,,
SIM2,0.2493737232866768,3.1146768055569054,,,,
MRPL46,0.17390143514525197,2.1720282288014148,,,,
GPR160,0.42446086541787736,5.301514509866192,,,,
SLC30A7,0.15058368109896947,1.8807895741090541,,,,
TMX2,0.13946942841852578,1.7419726026229243,,,,
MAP1LC3B,0.2655260555279912,3.3164193705898537,,,,
ZNF600,0.10093968645005712,1.2607362796791373,,,,
PACS1,0.4851348928315872,6.059332869372967,,,,
C9orf78,0.14850774070900408,1.8548610869487976,,,,
ZHX3,0.09647822409237714,1.2050126326918547,,,,
IRF3,0.24637114633762178,3.0771746314831336,,,,
MTG1,0.19959665799302337,2.492961459306881,,,,
USP3,0.2368857604769318,2.958702200055043,,,,
TMEM106B,0.16569293318337153,2.0695040721578293,,,,
FANCL,0.3320993201065153,4.147919178669314,,,,
HSPA14,0.2845306741246923,3.5537869807833005,,,,
SLC35F5,0.16690172841432419,2.0846019197533754,,,,
PSD3,0.08004931868441818,0.9998156699146942,,,,
FBXO18,0.20190499471016612,2.521792575663253,,,,
VRK3,0.12895982234351125,1.6107076648180816,,,,
ZYG11B,0.06905575515950109,0.8625061054979484,,,,
SCRN3,0.25707201897943943,3.2108284879416686,,,,
FAH,0.22948163495842486,2.8662247019691103,,,,
AUH,0.0854734745719229,1.0675633552356298,,,,
ACP6,0.2625208241327006,3.2788840424932264,,,,
UBE2E2,0.15162277265413748,1.8937678234734079,,,,
METTL8,0.21422782921783493,2.675704729333226,,,,
PRUNE,0.11431827357419183,1.427834779302377,,,,
PPP2R2A,0.18937345590190738,2.365273706114398,,,,
DCAF8,0.5907127754694919,7.378000200870678,,,,
TMEM189,0.11296141992954645,1.410887682712517,,,,
HMGCL,0.43991215861616056,5.494501100058083,,,,
MLF1,0.14879162803535043,1.858406838518405,,,,
AC083799.1,0.10113818352031372,1.2632155072920181,,,,
REEP3,0.07988781420897159,0.9977984796629015,,,,
WDR73,0.14158638860099712,1.7684134268273697,,,,
WHAMM,0.22408035963579745,2.7987627948118967,,,,
WDR45,0.05176056042764277,0.6464891925332169,,,,
DHX36,0.21652195728188542,2.704358379669356,,,,
SGMS1,0.13292562080587275,1.6602404717370796,,,,
RER1,0.09582930467371617,1.1969076317505356,,,,
GNAI1,0.10727726235807107,1.3398925773996273,,,,
RNF7,0.1600507617750029,1.999033373854064,,,,
DHX29,0.2583503714961922,3.226795105758406,,,,
GSTZ1,0.1435561419431314,1.793015638185304,,,,
RFK,0.24896708415448862,3.109597884423734,,,,
CTAGE5,0.3553771804097873,4.438659560671176,,,,
TACC3,0.11902381952640806,1.4866070294083011,,,,
ILK,0.1582977003482869,1.9771376436522423,,,,
CKLF,0.4647303011936033,5.804479601498275,,,,
MSANTD3,0.2887049211636641,3.605923309589699,,,,
CTB-89H12.4,0.1269430225935626,1.5855178440148823,,,,
WHSC1L1,0.4734353154146368,5.913205194271042,,,,
UPK2,0.8233271404321983,10.283352688052311,,,,
FAM213A,0.2100684167021778,2.623753683663642,,,,
ACSS2,0.09761914253155397,1.219262699429845,,,,
PINK1,0.14610200073702706,1.8248134043294706,,,,
UBR7,0.5041195973151414,6.2964517523729295,,,,
SUPT7L,0.20801931775679922,2.598160446038823,,,,
RP11-838N2.3,0.11060414792181084,1.381445364772538,,,,
ACD,0.06143623857528971,0.7673383738636214,,,,
BCAT1,0.09149650043958805,1.1427909242113712,,,,
BTBD10,0.09428545394862026,1.1776249423744358,,,,
PAICS,0.5623749299367642,7.0240606236090635,,,,
ZFAND2B,0.23006324815042747,2.8734890484089073,,,,
PPME1,0.21330130401583725,2.6641324332693435,,,,
RNF24,0.19757321362243052,2.4676886472184356,,,,
LYRM5,0.07128617011991772,0.8903639794247478,,,,
VIPAS39,0.20496434443088304,2.5600038414278092,,,,
RNF144B,0.8742785235393534,10.919735259091938,,,,
MRPL49,0.24948891931211775,3.1161156034535096,,,,
ABLIM3,0.13201834233793266,1.648908567304528,,,,
TNFRSF12A,0.1299261314192845,1.622776861306158,,,,
KDELC2,0.5289135762500209,6.606128450014238,,,,
CYLD,0.2942567165052899,3.6752652111816406,,,,
CYP4F3,0.5194799122316341,6.488302024189462,,,,
MED29,0.1460750694945742,1.8244770332190454,,,,
KLF5,0.518121405289974,6.4713342779265055,,,,
ZFP36L2,0.13210361856774094,1.6499736670734553,,,,
ETNK1,0.589469241420997,7.362468465583097,,,,
TIAL1,0.1366482796390676,1.7067364656611235,,,,
MAP3K4,0.3620227196759813,4.521662319502496,,,,
CARS2,0.111218696287964,1.3891210714056292,,,,
TMEM208,0.37473643286030517,4.680456546279123,,,,
CTC-359D24.3,0.2368284746778835,2.9579867006542564,,,,
UACA,0.18227848167379215,2.2766575064078625,,,,
PBRM1,0.1380962141157694,1.724821161478753,,,,
TMEM161B,0.21131160356748396,2.6392810826345863,,,,
GJC1,0.43509928136702064,5.434388282483251,,,,
KDELR3,0.12970656472372682,1.6200344741576127,,,,
RP4-622L5.2,0.09123128994260389,1.1394784461657304,,,,
RAD51B,0.17830034480981038,2.22697059290202,,,,
BRCC3,0.17739016665158217,2.215602471349378,,,,
METTL10,0.2659299039071307,3.3214634352286194,,,,
POLR2D,0.3592640377612333,4.487206393430857,,,,
RPAP2,0.11748918315157296,1.467439427230072,,,,
DDHD1,0.2519811173948138,3.1472431475296085,,,,
SNRNP40,0.524838769693969,6.555234132441429,,,,
NSUN4,0.13832315345073953,1.7276556328640458,,,,
PHC3,0.15382043288526945,1.9212165909625658,,,,
RFWD3,0.14167008297828917,1.7694587692647017,,,,
SOS1,0.11250809342172331,1.405225636444564,,,,
BRI3,0.3297490717279613,4.118564585829697,,,,
HM13-IT1,0.10454430302205102,1.3057579262333285,,,,
NUDT9,0.128573101058976,1.6058775175223603,,,,
SERPINE2,0.27226515562003956,3.400590703761551,,,,
DOCK9,0.07829799929755653,0.9779416977836795,,,,
PRRC1,0.19763726321123992,2.4684886263262613,,,,
SLC2A6,0.43497516141473425,5.432838024776071,,,,
ADPGK,0.17088129054418524,2.134306634824344,,,,
CASP8,0.15994598634504822,1.9977247291533675,,,,
PAPOLA,0.2334271877032637,2.915504639957298,,,,
RAP1A,0.11220141763598954,1.4013952571084347,,,,
UBA2,0.11096251567149122,1.385921376531427,,,,
BLOC1S2,0.4760290309253238,5.945600690616352,,,,
PPP1CC,0.16857646485086764,2.105519371141493,,,,
SLC25A45,0.07575755714875064,0.9462115855150001,,,,
SNRNP35,0.23990156245458494,2.9963695546830627,,,,
NAA40,0.18725521745816862,2.3388169164318398,,,,
FAM117B,0.35250227907702913,4.402752054533841,,,,
EAF1,0.43023298315044883,5.37360823723905,,,,
PPP2CA,0.0726528712338509,0.9074340708665909,,,,
SOD2,0.5309410181147758,6.631451190788765,,,,
DHX16,0.20954304708740806,2.6171918192783292,,,,
SAP130,0.11846469172203186,1.4796235253699446,,,,
SLC25A13,0.43096803726186483,5.382789060148064,,,,
C3orf58,0.21376884232166965,2.6699719848375394,,,,
SLC25A11,0.09199272995315227,1.1489888288492807,,,,
CC2D1A,0.05649725829128185,0.705650529888105,,,,
CREBBP,0.15374820258749916,1.9203144348325674,,,,
KIAA1430,0.4230150543206419,5.283456335049597,,,,
UBE2Q1,0.1297929836770914,1.6211138465391837,,,,
SLC39A11,0.14314234011805824,1.7878472550466729,,,,
TMEM60,0.3363371414960374,4.2008495508595844,,,,
SEPT10,0.16872682315650658,2.107397345777008,,,,
LAMA4,0.4658995502656662,5.819083517727599,,,,
ELOVL5,0.13121465450330988,1.6388705094674152,,,,
SWAP70,0.12439293424683298,1.5536672507727511,,,,
FAM69A,0.4200760858828521,5.2467486310268905,,,,
CRNKL1,0.21981271566164515,2.74545993865898,,,,
PMS1,0.1502108134828238,1.8761324590760597,,,,
C6orf1,0.22714749038711288,2.8370712456174787,,,,
MICAL2,0.16012666742069395,1.9999814350648795,,,,
CHUK,0.12358283643192983,1.543549132307597,,,,
TTF2,0.4527964721365756,5.655426124349542,,,,
SMARCA4,0.1434332870630184,1.7914811812245055,,,,
LPAR2,0.13043539703366047,1.62913758679102,,,,
CIRH1A,0.2932381910159476,3.66254383189712,,,,
PCGF1,0.16437029618099405,2.0529843412929196,,,,
FECH,0.1339172606751836,1.6726260497350365,,,,
UBAC2,0.21255718538018042,2.654838394488848,,,,
RAD1,0.39301745811185607,4.908786478488335,,,,
C3orf17,0.11977357669825854,1.4959714934832833,,,,
NOSIP,0.16217760582859644,2.0255976475692585,,,,
CCDC167,0.271329042051328,3.388898649035797,,,,
C1orf123,0.467815291689466,5.843011120441756,,,,
CNOT8,0.09413566231721625,1.175754045497846,,,,
NOP16,0.3975275107511622,4.965117017898612,,,,
RANBP1,0.2935114376215142,3.665956680906785,,,,
MIEF1,0.2909341502938735,3.6337663725019573,,,,
TROVE2,0.2583947482146739,3.227349370794593,,,,
CDC16,0.29331170660968103,3.6634620413685526,,,,
TOR1AIP1,0.13171108602587567,1.6450709371969456,,,,
USP1,0.4224108348258116,5.27590963597798,,,,
PREP,0.2580866107070128,3.223500734557443,,,,
MCMBP,0.4441331859586901,5.547221714668646,,,,
RP11-247L20.4,0.18708135544622487,2.336645380598667,,,,
SDHAF2,0.2102612054335638,2.6261616141468807,,,,
SP140L,0.27175167922059185,3.3941773855879993,,,,
ZFP62,0.16126399888273735,2.0141867004728327,,,,
CTD-2517M22.16,0.26328640428953903,3.2884461355873653,,,,
MDN1,0.12121253572763051,1.5139440859996938,,,,
AIG1,0.12267695937011266,1.5322347314319105,,,,
CLMP,0.15191596691812012,1.8974298186568348,,,,
SMAD1,0.22109173613427865,2.761434899241994,,,,
AMFR,0.49131684088280925,6.136545375785136,,,,
CAB39,0.5182041984172329,6.472368363754532,,,,
ODC1,0.5927060989158238,7.402896802735686,,,,
PLD3,0.33939862545853505,4.239087473295438,,,,
WIBG,0.2535460284260778,3.1667888800454387,,,,
LCN2,0.44118247687705225,5.510367370051278,,,,
CSNK1E,0.14354932327028994,1.7929304729888105,,,,
TATDN1,0.3416136022231345,4.266752524218283,,,,
COA5,0.23973328394166538,2.99426775673035,,,,
RPA1,0.27649865448078975,3.4534670875847646,,,,
ISCU,0.11029659804527421,1.3776040680457802,,,,
VRK2,0.5371086856818985,6.708485334011701,,,,
HCCS,0.15618880673365107,1.9507975708477705,,,,
NUDT22,0.1256297253316889,1.5691147664714755,,,,
NPLOC4,0.4132549264823862,5.161552377421558,,,,
UPP1,0.1580186608395749,1.973652441305481,,,,
ORC2,0.12340098070977522,1.5412777550658912,,,,
SRSF6,0.7947624376893666,9.926579665144653,,,,
TOX2,0.7647346242909622,9.551532396006019,,,,
TTK,0.3447446157363189,4.305858870463873,,,,
MROH6,0.17104458028209352,2.136346122997136,,,,
ARAP1,0.1700887337453803,2.1244076035800363,,,,
RP11-807G9.2,0.12063965459203971,1.5067888029095242,,,,
NUPL1,0.13629428717102993,1.7023151011524367,,,,
TRAPPC6A,0.4100985941471213,5.12212979918954,,,,
HMCES,0.08437164715887685,1.0538015352575236,,,,
VKORC1,0.1878310010231605,2.3460084508536094,,,,
RPAP1,0.30456839799125357,3.8040580716615704,,,,
HAX1,0.08720786479239659,1.0892258821462297,,,,
TTC4,0.1195483249051393,1.4931580994889526,,,,
POLA2,0.21991453402000632,2.746731649547312,,,,
RP11-1100L3.7,0.13329452240215614,1.6648480511978712,,,,
TMEM9,0.10180771935334357,1.271578007166273,,,,
NSRP1,0.3249967102457627,4.059207609941705,,,,
RP11-334E6.10,0.17953002012499936,2.24232923266609,,,,
EXOSC1,0.24308579335798308,3.036140585919382,,,,
DNAJC9,0.2758997179453477,3.4459863726547577,,,,
TTC12,0.1313263377589671,1.6402654328834831,,,,
EXTL2,0.13156206217681063,1.643209629918696,,,,
JUP,0.4219458141933483,5.270101530140085,,,,
FBLN1,0.6482073177027955,8.096106803202305,,,,
KRCC1,0.4968038140751314,6.205077648991772,,,,
CTDSPL,0.3508687085895854,4.382348765685183,,,,
EXOSC8,0.49063373463890064,6.12801338153333,,,,
CES2,0.3300336156551837,4.122118538341617,,,,
R3HDM1,0.35255470697076957,4.40340687871678,,,,
RFWD2,0.232559386217675,2.9046658028762806,,,,
IL20RA,0.11951756597006762,1.4927739205130415,,,,
EPS15,0.10544294409506032,1.3169819496377717,,,,
ARHGAP26,0.12432751913188418,1.5528502162489106,,,,
CUTC,0.38640814498043896,4.826236183935359,,,,
ERC1,0.41061184583565213,5.128540310724638,,,,
PTCD3,0.20576682484238848,2.5700268185550197,,,,
TRIM56,0.21464240840475635,2.68088282171823,,,,
R3HDM2,0.13376875100049931,1.6707711644927439,,,,
TRAP1,0.18586545775886767,2.3214588233510614,,,,
RP11-485G4.2,0.3824501280242606,4.776800567997437,,,,
ZNF75A,0.20205060278435347,2.5236112199269547,,,,
MCM10,0.39006983703001585,4.871970702976077,,,,
AL133245.2,0.32818683143016275,4.099052210764158,,,,
B3GAT3,0.10113701605500454,1.26320092565498,,,,
ACBD3,0.16583721242929111,2.071306119361786,,,,
NSMCE4A,0.24723122864717145,3.087917056086325,,,,
KIAA0368,0.14599811990735706,1.8235159331827484,,,,
MCRS1,0.10940846296541555,1.3665112644537307,,,,
PLTP,0.17203452173942363,2.1487104878362526,,,,
HMGCS1,0.2966476386562827,3.7051278192761936,,,,
ARL6,0.17662872029825566,2.2060920094445544,,,,
AARS,0.19461716511531346,2.4307676131982063,,,,
LRCH3,0.1441831482425704,1.8008469443552633,,,,
KIAA2026,0.19347757043739255,2.4165340802330033,,,,
WDR77,0.30828908586524556,3.8505294483130608,,,,
NUP62CL,0.12396410075644985,1.5483111221945733,,,,
MSH2,0.29819761870893907,3.7244870639289864,,,,
RBM22,0.24720111715092213,3.0875409636187134,,,,
HMG20A,0.13205553582779744,1.649373113844046,,,,
ZBTB21,0.15980499574614165,1.9959637571374385,,,,
ATP2C1,0.12648028121191138,1.5797382060105063,,,,
TAF15,0.09578100394632712,1.1963043558588038,,,,
HBS1L,0.31904305029722524,3.984846421018182,,,,
C9orf41,0.07228279300253895,0.902811795239003,,,,
ZBTB25,0.1309640752253106,1.6357407752883237,,,,
GLT8D1,0.1548066913296396,1.9335349549845557,,,,
WDR70,0.20547556759917288,2.566389016753219,,,,
MED8,0.23132016362442812,2.889187917647487,,,,
KDM3B,0.15998333051420394,1.998191157676626,,,,
SPNS1,0.14814377299713163,1.8503151316845474,,,,
NUP133,0.2031224472053951,2.5369985524549534,,,,
CENPA,0.18576675759560393,2.320226058707014,,,,
GRHPR,0.19732364868187313,2.464571582109933,,,,
SEC24D,0.361276946259102,4.512347612511156,,,,
KIAA1737,0.13128259953010452,1.6397191425800823,,,,
ZNRD1,0.1529941369160719,1.9108961576151189,,,,
NPTN,0.2046682649790373,2.556305810259522,,,,
TTLL7,0.11383155795610504,1.4217557031808945,,,,
CALB1,0.40389303320737435,5.044622367894221,,,,
TCF25,0.4555357804075151,5.689640073687568,,,,
ARFGAP2,0.06390529699441512,0.7981769036343552,,,,
HEBP1,0.16090194932576113,2.0096647029555577,,,,
SLC39A1,0.09033841727440958,1.1283264701143343,,,,
NUP93,0.2688601415314455,3.3580620914259742,,,,
VPS13A,0.15463945560114062,1.9314461814050823,,,,
PRPSAP1,0.06114421647608437,0.7636910190135705,,,,
DCTPP1,0.35374419706327687,4.418263605210425,,,,
RAD54B,0.1356108968953944,1.6937795593454992,,,,
PIAS1,0.1959498772635705,2.447413182594819,,,,
TMEM126A,0.3120412172428834,3.8973935541992133,,,,
CLK2,0.13007368892055654,1.624619853906343,,,,
PRKCI,0.24335753695771367,3.0395346623921724,,,,
HIST1H2BK,0.30019284797804807,3.7494074695128496,,,,
PDP1,0.19306616074078983,2.411395574769392,,,,
HYPK,0.17052881998258315,2.1299042789209452,,,,
TMEM11,0.2403604278840682,3.002100782060377,,,,
AGPAT5,0.24988338913809996,3.1210425300008846,,,,
RNF34,0.2790573073839635,3.4854246521025973,,,,
INTS7,0.3930905626411122,4.9096995537660915,,,,
LRP11,0.3539051320140052,4.420273682100767,,,,
GYG1,0.1069324703462388,1.3355861265521147,,,,
ANP32E,0.7734222996514852,9.660041426480422,,,,
DXO,0.08166404335127814,1.019983574539704,,,,
GLB1,0.22417485532487447,2.799943045590183,,,,
NAV1,0.504360027965512,6.299454730233566,,,,
ACKR2,0.3274230160534468,4.089512159766684,,,,
CAPZB,0.1942957060786049,2.4267525911165824,,,,
SLC33A1,0.2321754148490324,2.89987000201905,,,,
SNHG8,0.34541085280012157,4.314180168723686,,,,
SNX17,0.16345140576830308,2.0415074037169143,,,,
COPS7A,0.1927167569092689,2.40703152231243,,,,
LRP12,0.13804020916280418,1.7241216598404168,,,,
C9orf3,0.2722817531174301,3.4007980064375154,,,,
AP001877.1,0.308253489170778,3.850084845741662,,,,
LOXL1,0.20028534120109606,2.5015631098187705,,,,
ERBB2IP,0.12506931732035584,1.5621152726533527,,,,
FANCM,0.29625901392428144,3.7002738979292418,,,,
ALPP,0.7011502788918477,8.757364176512136,,,,
SSX2IP,0.2897363931992526,3.6188063911850077,,,,
ASCC3,0.2127575957477309,2.6573415191772702,,,,
MAP3K13,0.22414389397161952,2.7995563384119735,,,,
NRBP1,0.12062195663762451,1.506567755529727,,,,
TMX3,0.06390772312268188,0.7982072059666947,,,,
PMPCA,0.1918349128092859,2.3960172930338435,,,,
PYURF,0.20413762296141877,2.549678093583734,,,,
RP11-296I10.3,0.2961009514147978,3.6982996978185474,,,,
HMGB1P3,0.2293157212212752,2.8641524400562974,,,,
RANBP17,0.12613966175693064,1.5754838703813656,,,,
DDX23,0.28747769684526336,3.5905952827657024,,,,
TCF12,0.24209915261163817,3.0238174469472576,,,,
TRIM27,0.21586552241933032,2.6961595108638847,,,,
SCYL2,0.16658013715783435,2.080585246247212,,,,
PRELID1,0.37317632813256923,4.660970844475117,,,,
CTSA,0.37511797366523447,4.685221989405305,,,,
CORO2A,0.385938096501133,4.820365280310527,,,,
ABI1,0.2221630700996162,2.7748158561802923,,,,
GLG1,0.22906713388291775,2.8610475851953585,,,,
C6orf89,0.19088755196913046,2.38418475993278,,,,
PAXIP1,0.10231487022105358,1.277912319473743,,,,
MB,0.8975313883274735,11.210163447209615,,,,
UCP2,0.4878027171097174,6.09265398392697,,,,
NOL10,0.32191410751219895,4.0207059141397785,,,,
UBA1,0.14627117252955132,1.8269263593408696,,,,
TOP2B,0.20643385028564587,2.578357963671066,,,,
R3HCC1,0.3128835824095386,3.907914691758578,,,,
ALKBH5,0.13860853617654273,1.7312200619668827,,,,
FAM136A,0.6725504382224903,8.400152281042836,,,,
PTK2B,0.29415981249752704,3.674054880512609,,,,
UQCRC1,0.2620377642107298,3.2728506260015977,,,,
LRRC16A,0.38259449228416975,4.778603677025783,,,,
NFYC,0.09804266737921018,1.224552523081615,,,,
GPAA1,0.2125450086854964,2.6546863076209903,,,,
ZFP91,0.4186721337964093,5.229213275087525,,,,
BPGM,0.17802059085552882,2.223476467132955,,,,
SS18L2,0.3396669363254729,4.242438674949389,,,,
RELA,0.1145934289443069,1.4312714687736112,,,,
PDIA5,0.27479997394385897,3.4322505744786627,,,,
ABCB7,0.19738347578869384,2.4653188224346234,,,,
VPS13C,0.05553067180099848,0.6935778684939078,,,,
WFDC3,0.3300183843968999,4.121928299986626,,,,
GALNT3,0.18256387795565893,2.280222104825879,,,,
MZT2A,0.35915492065355226,4.485843521192739,,,,
MRI1,0.41047055639203617,5.126775606139486,,,,
STXBP2,0.24919425004836113,3.1124351855288106,,,,
CCDC91,0.0698420097257957,0.8723264218834312,,,,
GNPTAB,0.11757166333977834,1.468469604450572,,,,
APPL2,0.10913893362792905,1.3631448441075051,,,,
TRAPPC4,0.3725642071403417,4.653325455732641,,,,
CDS2,0.4927403064888424,6.154324455506067,,,,
UBE2J2,0.17102714295296942,2.1361283308261814,,,,
COMT,0.7660058362808541,9.567409828670849,,,,
TRIM47,0.20547598052138089,2.5663941741499436,,,,
RP5-935K16.1,0.46267924447040226,5.778861911236291,,,,
AD000090.2,0.1567554661205179,1.9578751443212845,,,,
NSMCE2,0.10753554268115441,1.3431184976009896,,,,
LAMA5,0.29885475980775345,3.732694753622509,,,,
CTSD,0.7001900002406636,8.745370300003037,,,,
METTL16,0.21974336763936747,2.7445937821383466,,,,
GOSR1,0.1123796785824906,1.4036217356166183,,,,
PRRG1,0.13012056441844852,1.6252053286873618,,,,
ZNF639,0.08931960193877726,1.1156014706508115,,,,
U91328.20,0.15387373113323705,1.9218822858663174,,,,
HMGN3,0.2122214847619337,2.6506454951108243,,,,
LSM1,0.6076001750774717,7.588923754370653,,,,
PTX3,0.4670738975516819,5.833751110628784,,,,
NUDT4,0.15643273265076832,1.9538442045760798,,,,
DCP2,0.15753578518818268,1.9676213263526416,,,,
RTN4IP1,0.12850153131990774,1.604983611767906,,,,
MUC4,0.9070291967590521,11.328791036498375,,,,
HMGCR,0.28250307248446127,3.5284622444137166,,,,
AL136115.1,0.1879653588860962,2.3476865800238147,,,,
LPHN2,0.13115664357056353,1.6381459531496427,,,,
UXS1,0.14434133180393538,1.802822656403471,,,,
UBE2D2,0.1671791225656248,2.088066571592655,,,,
RNVU1-6,0.5413515844219258,6.761479122289456,,,,
PHACTR4,0.11567100859330655,1.4447304342758467,,,,
RP11-73M18.10,0.12502188176756526,1.5615228027888925,,,,
ARV1,0.12659576482544593,1.5811805958812484,,,,
SLC25A37,0.5542727720571992,6.922864704127881,,,,
MOCS2,0.531430939287088,6.63757030426969,,,,
BECN1,0.30744194775536293,3.8399486967118928,,,,
PHTF2,0.17562440574395627,2.19354812468183,,,,
PNPT1,0.6824899007169106,8.524296127808457,,,,
ELP4,0.33499922581896974,4.184138989408958,,,,
RPF1,0.60435163415664,7.548349491274035,,,,
RP11-580I16.2,0.1395724376063303,1.7432591869662364,,,,
ZNF451,0.1632050383480883,2.0384302756246906,,,,
STAMBP,0.14034874445203208,1.7529552563613373,,,,
RP11-856F16.2,0.11516449307169425,1.4384040574385937,,,,
DYNC1LI2,0.09802929037826529,1.2243854443933642,,,,
NMD3,0.1279344054059093,1.5979002113723857,,,,
CARD8,0.06821836886500637,0.8520471540319369,,,,
ZNF721,0.18913245159148007,2.36226356324195,,,,
STAU2,0.1637205506044079,2.044869021642422,,,,
EZH1,0.09864885515727362,1.2321238060029345,,,,
SNX2,0.2097201026290905,2.6194032422851534,,,,
ZNF700,0.10711640023477087,1.3378834101235717,,,,
POLR2B,0.14065074895184174,1.7567272913549745,,,,
P2RX5,0.3750793015371099,4.684738974679841,,,,
CPSF3,0.14296701041414475,1.785657387746674,,,,
NEK9,0.23294840998097435,2.909524708122549,,,,
SHARPIN,0.19507835101828475,2.436527823280097,,,,
MRPL43,0.13510814411773334,1.687500179165134,,,,
TMEM33,0.39624746829002644,4.9491292926832955,,,,
CTNNBL1,0.1937644481878948,2.420117182188346,,,,
APP,0.10784337821356738,1.3469633621684993,,,,
WRNIP1,0.15067833826704224,1.8819718417593512,,,,
PPP1R7,0.25642303369545255,3.2027226643426925,,,,
RP3-508I15.22,0.10387616493682927,1.2974128842236015,,,,
KIAA0430,0.20922165262546966,2.613177603735326,,,,
METAP1,0.17230686544932897,2.152112059682723,,,,
YTHDC1,0.17407889776965105,2.1742447362697406,,,,
CIAPIN1,0.2675159960031898,3.3412737191589486,,,,
CRK,0.20842471389471348,2.603223842178489,,,,
ESRP1,0.1380084293699558,1.7237247303549614,,,,
TSSC1,0.20414880409770145,2.5498177459311444,,,,
DCUN1D5,0.18138530354369586,2.2655017151385333,,,,
RPP38,0.2668910499118992,3.333468144980515,,,,
IMPA1,0.5810156289307231,7.256882879421105,,,,
EARS2,0.16625448939460075,2.076517906988059,,,,
RNASEH2B,0.39325426098835203,4.911744145467799,,,,
CYB5B,0.13227603276337374,1.6521271196867,,,,
CHTF8,0.23292808209689914,2.9092708129318257,,,,
GINS1,0.1906754368938909,2.3815354434921776,,,,
CHP1,0.3074926352723852,3.8405817835965883,,,,
KAT8,0.3599992800373468,4.496389566516191,,,,
RAB32,0.25629629903452456,3.2011397489350464,,,,
PIGK,0.45211060852937135,5.646859690641212,,,,
RAD18,0.24103337057986315,3.0105058336369295,,,,
NOL12,0.14384581058215123,1.7966335983270592,,,,
USP4,0.2868734519369648,3.5830482662799685,,,,
MED7,0.11807737732259281,1.474785970071449,,,,
DONSON,0.11853409743741783,1.48049040247727,,,,
TXNDC5,0.04196403440306603,0.5241306217037378,,,,
PCYT1A,0.1343851307135447,1.6784697446411874,,,,
TNKS1BP1,0.761546180381306,9.511708744338403,,,,
PHAX,0.1672002783595102,2.0883308073735924,,,,
GLE1,0.14255014338336205,1.7804507202010014,,,,
DNAJB11,0.35388317682187254,4.419999461838921,,,,
PSMD5,0.12389336959916268,1.5474276903232078,,,,
MPHOSPH10,0.5398556528746296,6.742794943252244,,,,
AKTIP,0.0775726305423513,0.9688818449349648,,,,
CLIP4,0.25115068290170955,3.136871024035134,,,,
ZFP36,0.19198177877542089,2.397851648362935,,,,
PEX13,0.30587681159665686,3.8204001523552122,,,,
TRMT13,0.2239846684522272,2.7975676123121755,,,,
LARP1B,0.11167590674593475,1.3948316281953774,,,,
NPHP1,0.17004326215047114,2.1238396635416525,,,,
MEX3C,0.49445071900925175,6.175687501038852,,,,
APEX1,0.09319933796345616,1.164059358067679,,,,
SUPT6H,0.18802826468071923,2.3484722731468315,,,,
DHX38,0.21279169917426127,2.6577674708381114,,,,
CARS,0.1693490590577745,2.1151690696929077,,,,
DDX10,0.11793514360796638,1.4730094715451554,,,,
SAE1,0.4022659357170861,5.024299926754122,,,,
ARL14EP,0.185905102123154,2.3219539813022934,,,,
PAFAH1B1,0.11652203607401412,1.4553597641030482,,,,
CREB5,0.8784502945752123,10.971840662629369,,,,
ZNF106,0.14681853745718296,1.8337629450957758,,,,
ACY1,0.25643627320856915,3.202888025808518,,,,
SEC14L2,0.41139156423321194,5.138278990388789,,,,
SRP54,0.3279059165902183,4.09554358553781,,,,
TMEM206,0.1860082188423925,2.323241908712785,,,,
BSDC1,0.15270885294140765,1.9073329619136123,,,,
CHKA,0.2482522649872298,3.1006697958862377,,,,
FASTKD2,0.21657352859260112,2.7050025051337445,,,,
MBD4,0.17239958157082816,2.1532700836690863,,,,
ANKRD17,0.16273426061780913,2.0325502636581225,,,,
B3GNT2,0.16006168079187555,1.9991697523310923,,,,
TAF1A,0.21878448407609177,2.732617330271639,,,,
TRAM1,0.22200840661493765,2.7728841098758066,,,,
HUWE1,0.1958604111367067,2.4462957510284418,,,,
COL18A1,0.49115987100678704,6.134584822662001,,,,
OXR1,0.1385360726944652,1.7303149933658202,,,,
DIDO1,0.2241452175103094,2.799572869404912,,,,
USP16,0.08981877619284903,1.1218361550858718,,,,
PPIL2,0.669087801924819,8.356903967546558,,,,
LRIF1,0.33165793356419376,4.142406262522678,,,,
DTX3L,0.393874714760618,4.919493610599599,,,,
KDM3A,0.1168981118903621,1.4600569495437268,,,,
BTG1,0.18348974878216273,2.2917862277424623,,,,
RPS12P26,0.46032282861023893,5.749430286576062,,,,
CLDN1,0.300424461906016,3.7523003265459716,,,,
G3BP2,0.1197373048307346,1.495518458003113,,,,
RNF26,0.3800307897596967,4.746583042758137,,,,
C2orf74,0.20084935213412794,2.5086076041144882,,,,
PLAUR,0.5091214889001661,6.358925358246299,,,,
EPS8,0.3261148294896479,4.073172914821772,,,,
PPP1R12B,0.36632188358237777,4.575358859482961,,,,
RP11-532F12.5,0.23777561604620978,2.9698164925530524,,,,
P4HB,0.5913526461168356,7.385992182694469,,,,
TGDS,0.11809613685487902,1.4750202765546057,,,,
EHMT1,0.13788530778715263,1.7221869422786305,,,,
RP11-443P15.2,0.30403532311476933,3.7973999685882895,,,,
PRR4,0.14200409708902204,1.773630604170629,,,,
PCCA,0.06354852412491604,0.7937208119225461,,,,
ATP6V1C1,0.0697482096989648,0.8711548599238138,,,,
HMGA2,0.781837057093547,9.765141713245791,,,,
TUBA1A,0.6598026971945598,8.24093304663578,,,,
MRPS30,0.2716269574293966,3.3926196109152573,,,,
SLC19A1,0.35040082287458174,4.3765048749778295,,,,
SSSCA1,0.07840763408249522,0.9793110358086734,,,,
RNF141,0.32724944540649203,4.087344263081057,,,,
SRSF2,0.3585499782423783,4.478287792898883,,,,
NCAPG2,0.27463881148297525,3.430237655987391,,,,
HLA-A,0.849817737615434,10.614220140823681,,,,
HIP1,0.09445049841942335,1.1796863471540597,,,,
RAB25,0.5025913375898632,6.277363794522138,,,,
FOXRED1,0.3898217091886471,4.868871587230688,,,,
IMP3,0.15368449952355412,1.91951878381891,,,,
GAPVD1,0.1182779634527792,1.4772912900344901,,,,
PAWR,0.2101106944999022,2.624281733187973,,,,
FKBP14,0.11744177629014158,1.4668473157205733,,,,
FAM134A,0.21644177579215187,2.703356913183567,,,,
C2orf47,0.09492674552930935,1.1856346716500221,,,,
RUFY1,0.1248220758659486,1.559027227877564,,,,
CHORDC1,0.542818525800915,6.7798012142405675,,,,
GALNT1,0.14836996555037188,1.8531402757690234,,,,
STRA13,0.38681173131771884,4.831276975672346,,,,
ZSCAN32,0.1527271193205971,1.9075611089165645,,,,
SLC35A5,0.0993970790116405,1.2414691189486846,,,,
TULP3,0.3147055098861722,3.930670558648185,,,,
IFNAR1,0.1631512823412893,2.0377588633149673,,,,
PAN3,0.4321992188732971,5.398166513546183,,,,
CAPRIN1,0.1774186133008697,2.2159577698851014,,,,
GRSF1,0.09547201509590458,1.1924450863539715,,,,
SNX15,0.26772034477040463,3.343826034443412,,,,
FGD6,0.17498984496273756,2.1856224630646843,,,,
NHLRC3,0.5470406791617216,6.832535892814904,,,,
INPP4B,0.35452283784563504,4.427988825465022,,,,
TASP1,0.11300668252279794,1.4114530123210327,,,,
SRPRB,0.14304523789911402,1.7866344487207795,,,,
PLCD4,0.5734398347052783,7.162261239872742,,,,
WIPI1,0.6242983481403771,7.797483869080163,,,,
USP10,0.15308806776485642,1.9120693535404134,,,,
POMT2,0.26364118434556527,3.2928773370668765,,,,
PTS,0.43286321752926593,5.406459854101112,,,,
KRI1,0.21829147289953021,2.7264596226500086,,,,
IPO5,0.11281324128426284,1.409036932026114,,,,
AAAS,0.2742425644617692,3.4252885322787847,,,,
TTC8,0.09179080153541969,1.1464667437201612,,,,
CTC-429P9.5,0.2701287862773184,3.3739074592232843,,,,
LUC7L,0.17503281061483564,2.186159103887389,,,,
VPS8,0.1481105653031349,1.8499003677194654,,,,
GRPEL1,0.3349468420320386,4.183484716119891,,,,
HIBADH,0.5026675737452672,6.278315983797945,,,,
SMIM19,0.3760408712921874,4.6967489770714,,,,
PALLD,0.23104778770810683,2.88578594354301,,,,
CAPN7,0.0935765658191399,1.1687709324750493,,,,
MZT1,0.43988205440230405,5.494125098547528,,,,
PGRMC2,0.21261488820854085,2.655559102584074,,,,
PDCD11,0.27993022629875597,3.4963274058538834,,,,
LMAN2L,0.16061350044941394,2.0060619776447006,,,,
TMEM44-AS1,0.25942127728188763,3.2401707147346883,,,,
TIMP1,0.09438403479745892,1.1788562167817915,,,,
ATRX,0.21348451692431453,2.666420761762786,,,,
YIF1B,0.18960337824133108,2.368145435213374,,,,
MOK,0.1511180224387306,1.8874634953035936,,,,
LRRC1,0.35307799834402986,4.409942785873959,,,,
TMEM38B,0.39067135244983764,4.879483628161663,,,,
CTC-444N24.11,0.3016045608368372,3.767039757467752,,,,
SLC41A1,0.18559041865882472,2.318023586092562,,,,
NDUFAF3,0.19438242465631145,2.427835705804985,,,,
ECSIT,0.18286509591609565,2.283984315945897,,,,
ATP10D,0.1749083404177481,2.1846044716240454,,,,
GADD45GIP1,0.27019428651881183,3.3747255569773267,,,,
CUL9,0.10987232428530076,1.372304890482166,,,,
IFT88,0.15179166798610316,1.895877325493537,,,,
EVI5,0.15063328473204035,1.881409123287536,,,,
USP45,0.35686698773495107,4.4572672481984705,,,,
MTFR1L,0.1362237765247228,1.7014344234623293,,,,
PAM16,0.1331663617737287,1.6632473254618654,,,,
AKAP1,0.21406882576599195,2.6737187768562305,,,,
PPAP2B,0.4698163316135606,5.8680041010831285,,,,
ENO2,0.38548723920496253,4.814734074486231,,,,
MUC1,0.5419982429958583,6.769555885289168,,,,
KIAA0100,0.2389518431969294,2.9845075649568638,,,,
GAN,0.1756577967305328,2.1939651779705,,,,
PPFIBP1,0.10773977915658642,1.3456694103615354,,,,
HLTF,0.4963276704417841,6.199130616917364,,,,
ZNF131,0.22897254278499055,2.8598661427609153,,,,
SPIDR,0.0631130344253272,0.7882815473180351,,,,
ZDHHC5,0.09860838661639247,1.2316183540893328,,,,
BCKDHB,0.10008676252854126,1.250083263313832,,,,
TSC22D2,0.27584170260793983,3.445261761322781,,,,
CCDC12,0.11849096282644414,1.4799516513588853,,,,
PIGT,0.10409158461193778,1.3001034751033378,,,,
MRPL35,0.16200406564538003,2.0234301313756022,,,,
LPCAT4,0.13402407574491004,1.673960169528317,,,,
ECD,0.09966340402910684,1.2447955173506862,,,,
SLC25A12,0.2222474382892193,2.7758696145306923,,,,
FSTL1,0.28073130592894774,3.506332887228094,,,,
GABPB1,0.23348311155267082,2.9162031286125183,,,,
SEC23B,0.12895417295612596,1.610637103992255,,,,
DIP2A,0.08358952382696026,1.0440328179728842,,,,
AFG3L1P,0.09491449461284567,1.1854816577524334,,,,
FXN,0.44164305487140654,5.5161199873569755,,,,
BCKDK,0.13761157772905366,1.7187680549487714,,,,
CPEB4,0.3302547715627252,4.124880774741478,,,,
GALT,0.1625191293564245,2.029863275064643,,,,
FER1L4,0.5240421950925883,6.545284918859034,,,,
ZNF16,0.16514954251297775,2.0627171248599145,,,,
RHOG,0.14053592039186316,1.7552930831005242,,,,
SDC1,0.44480477234091714,5.555609825894166,,,,
EXOSC9,0.3448057747697055,4.306622746546039,,,,
TBC1D32,0.2846095861528835,3.554772591699508,,,,
RFXANK,0.2404004917862866,3.002601180038701,,,,
ZNF347,0.17956284784990317,2.242739250818723,,,,
DNM1L,0.2097759811850439,2.6201011652253183,,,,
TRIT1,0.0686531566236664,0.8574776513970569,,,,
E2F8,0.0715279776281006,0.8933841542339473,,,,
MYD88,0.13774444086028478,1.72042751492597,,,,
C11orf54,0.300309428216501,3.750863556224432,,,,
NPAS2,0.5636584921071377,7.040092309978669,,,,
HEATR2,0.2251130440320404,2.8116610187869258,,,,
RP13-39P12.3,0.4604904243205857,5.751523556327373,,,,
MVB12A,0.18414816763503936,2.300009876579107,,,,
EDEM2,0.31088257557432963,3.882922124397255,,,,
PITPNB,0.19768294110320148,2.4690591430140034,,,,
GNG4,0.32656535149216065,4.078799932829625,,,,
MAP3K1,0.235580086981356,2.9423943433221775,,,,
AK1,0.06412252402618314,0.8008900683915339,,,,
ZFP64,0.3238460401032011,4.044835744467477,,,,
MOCS3,0.11206036896235012,1.399633559739325,,,,
AF127577.10,0.1476725366392922,1.844429391461588,,,,
CNPPD1,0.11129520811935811,1.3900767038734492,,,,
FABP5,1.0431392132039414,13.028804597018988,,,,
LANCL1,0.08094005290469607,1.0109409367601747,,,,
RCE1,0.1521652079604904,1.9005428382782772,,,,
POLD4,0.2962239385003666,3.6998358060249594,,,,
CLPTM1L,0.2665266994495598,3.328917409164465,,,,
CKS1B,0.7675948759593625,9.58725692789417,,,,
TXNDC12,0.2639570538845134,3.296822546343849,,,,
RNU6-26P,0.4450819480118821,5.559071748914928,,,,
GARS,0.1732222548318482,2.1635452694058985,,,,
FASTKD5,0.10151902417530599,1.2679722055482892,,,,
FBL,0.21133009198952488,2.6395120029518644,,,,
PCNT,0.4080998047429302,5.097164927532752,,,,
LTBR,0.09341207510433536,1.1667164441056304,,,,
ZCCHC6,0.12173925384679958,1.5205227931995557,,,,
MPZL1,0.14597125949900439,1.823180446789951,,,,
BAG1,0.22610956725409762,2.824107589841135,,,,
PCGF5,0.11451627635809174,1.4303078332806414,,,,
FDFT1,0.24960878827941876,3.1176127663752395,,,,
ADI1,0.2012932939060989,2.5141524350692164,,,,
RC3H2,0.19987110230697688,2.496389267689504,,,,
IP6K2,0.2073415162217843,2.5896947075798638,,,,
TMEM256,0.2681448339970544,3.349127903184951,,,,
CCDC90B,0.4078965476710966,5.094626247519231,,,,
NUDCD3,0.2032027232767497,2.538001200264811,,,,
RP11-867G23.4,0.26385662508848096,3.2955681910834405,,,,
SOX4,0.2416429180664653,3.018119079304448,,,,
PTPN2,0.2572547999411852,3.2131114214221643,,,,
TRMT1,0.1773680044992702,2.2153256661557212,,,,
HECTD4,0.36006419312195403,4.497200330683075,,,,
SEC22C,0.17500531543244638,2.185815689169416,,,,
ATXN10,0.4257799935037503,5.3179904143780075,,,,
FAM98A,0.12301671074137527,1.5364782246988866,,,,
C8orf76,0.28188564835654245,3.5207506195276848,,,,
C7orf49,0.12449246932678744,1.554910443522923,,,,
C6orf62,0.5509892769288464,6.881853863119253,,,,
TST,0.2578602573659674,3.2206735822339247,,,,
CTD-3131K8.2,0.16781927655942278,2.096062092412525,,,,
RNFT2,0.2744286816402205,3.4276131350925767,,,,
AKR1C1,0.2788065192174006,3.482292308906182,,,,
COG4,0.1445602356271679,1.8055567642793289,,,,
SLC25A39,0.5394781370976991,6.738079772709655,,,,
SBDSP1,0.18057144741291548,2.255336655323118,,,,
CDC25C,0.37528572091458245,4.687317151878135,,,,
TRIM33,0.20431473701817207,2.5518902474435596,,,,
TUBGCP2,0.1104664494719494,1.3797255116850036,,,,
FBXL19-AS1,0.10125188834416889,1.2646356800867857,,,,
CEP57,0.11649359866755776,1.455004581010249,,,,
CDC42SE2,0.19727341416527516,2.463944153198723,,,,
UNC119,0.16995209793722535,2.1227010228831618,,,,
LINC00963,0.17840021562117625,2.228217978936177,,,,
PLAA,0.12515418719918414,1.563175297100167,,,,
XRCC4,0.40440826954586495,5.051057667699373,,,,
RNF113A,0.06658976632909147,0.8317059148779866,,,,
C9orf114,0.09866370054786178,1.2323092248719516,,,,
CNOT11,0.10062441013089338,1.2567984797148972,,,,
AKAP2,0.3751995195074753,4.686240496648448,,,,
RP11-265D17.2,0.10036977243430864,1.2536180559039203,,,,
ZNF839,0.3834866129045516,4.789746260003012,,,,
ICMT,0.10733737497427016,1.3406433837353111,,,,
GPATCH8,0.10391227509061664,1.2978638998998493,,,,
CHM,0.0940943086013482,1.1752375377522013,,,,
MEMO1,0.25104770693440126,3.1355848546156873,,,,
NIPAL3,0.16002702566012017,1.9987369098741992,,,,
AC090673.1,0.4512811315622194,5.636499526642049,,,,
EMC1,0.20700803072402088,2.5855294750478093,,,,
SSFA2,0.3681190952061398,4.597806025469144,,,,
GOLM1,0.13704738776846587,1.711721324599597,,,,
KRR1,0.13017268331957954,1.6258562935538456,,,,
IL13RA1,0.3482721085791512,4.349917241949577,,,,
MBIP,0.13693977847714442,1.710377284981774,,,,
ARPP19,0.3071812104068777,3.8366920882730966,,,,
MFSD11,0.08990212808759496,1.1228772199175738,,,,
AC107016.1,0.1397338484357326,1.7452752075793105,,,,
CLDN12,0.06477409847673403,0.8090282306705295,,,,
MSH6,0.3794747089742381,4.739637595973863,,,,
KRBOX4,0.08367959604382197,1.0451578196009095,,,,
UPF3A,0.22436177237287938,2.8022776387714976,,,,
YTHDF3,0.16634131985501444,2.0776024190910256,,,,
PARP1,0.5352367418231708,6.6851047627099645,,,,
RNH1,0.20914243457400344,2.612188170589639,,,,
PSMF1,0.4226117611609321,5.2784192050992855,,,,
CCDC59,0.128429596602299,1.6040851474329418,,,,
ADD3,0.21170281908124902,2.6441673628353968,,,,
SCEL,0.49085413226476304,6.130766146998056,,,,
FAM118A,0.3220296261952662,4.022148742028843,,,,
LRRC41,0.09744332412785109,1.2170667282714327,,,,
DTYMK,0.23687555472839933,2.958574730296728,,,,
ATP6V1B2,0.12355645535752514,1.5432196327938912,,,,
COQ5,0.13205795994164804,1.6494033910163357,,,,
SCMH1,0.16819566503912292,2.10076318301722,,,,
CDK4,0.13975569350727177,1.7455480524353844,,,,
TUBGCP3,0.26970022019766643,3.3685546706040683,,,,
EIF2AK1,0.08830154317799192,1.1028859208040986,,,,
GPBP1L1,0.35762373899086214,4.466719068355371,,,,
NECAP1,0.11294278147914938,1.4106548885416712,,,,
MPP6,0.4842259008832911,6.047979563577628,,,,
CDC42BPA,0.22553612487156294,2.8169452967788837,,,,
TIMMDC1,0.2648354820197611,3.307794110236566,,,,
CDCA2,0.290440184837714,3.6275967459319696,,,,
RNF11,0.1284038008284807,1.6037629583212174,,,,
ABHD3,0.18961037661470165,2.3682328448687566,,,,
B4GALT4,0.4464547645810271,5.576218222367885,,,,
RNF216P1,0.423520462985811,5.289768887254305,,,,
FAT1,0.16863595906975945,2.106262453697284,,,,
RP11-244F12.2,0.1388530936331604,1.734274583621024,,,,
NUDT5,0.34802081980227345,4.346778646132335,,,,
TNNT1,0.23673951949098174,2.956875650725959,,,,
NUTM2A-AS1,0.11534718585579726,1.4406858895806838,,,,
IREB2,0.24306208375851152,3.0358444531168964,,,,
TATDN3,0.14525902285161058,1.8142846139152304,,,,
SLC25A36,0.09503715283986629,1.1870136585168953,,,,
N4BP2L2,0.18096506663094375,2.260252957780553,,,,
DUS1L,0.18844381764002366,2.353662527945001,,,,
NBAS,0.14144599410894357,1.7666599001836485,,,,
RPL32P26,0.09775231665672422,1.2209260437200984,,,,
URI1,0.12954937840215924,1.6180712176304823,,,,
PGRMC1,0.16015703753988045,2.000360757731941,,,,
ANKRD10,0.4436557770129354,5.541258878847335,,,,
RAB15,0.3798280369219581,4.744050660626443,,,,
ETV6,0.2506284239501956,3.1303480118214333,,,,
RP11-213H15.4,0.15817529236045816,1.9756087683742853,,,,
RP11-61A14.3,0.2476026654969161,3.0925563008526984,,,,
RAD52,0.19273699041180367,2.4072842386780904,,,,
USP11,0.16574524484357514,2.0701574445843582,,,,
XYLT2,0.6204035024907399,7.7488372625080535,,,,
SLC2A1,0.16220896102636828,2.0259892738639076,,,,
RYK,0.16429812261581234,2.052082893752725,,,,
MGST2,0.37846173359733526,4.726985537571493,,,,
SH3GLB1,0.24528981471745737,3.0636688038760704,,,,
RNF217,0.19963589020156786,2.4934514694345475,,,,
SEPT11,0.1101443968026707,1.3757030751349548,,,,
FRMD6,0.10287560727773196,1.2849159230669116,,,,
PNP,0.13680922758930716,1.7087467049153084,,,,
ERI3,0.12276016080276315,1.5332739169926428,,,,
GTF2H2,0.355073146283725,4.434862175653769,,,,
NUDT1,0.5574669857536201,6.962760420409092,,,,
APPL1,0.11465404925088543,1.4320286161601017,,,,
NETO2,0.17048097522153657,2.1293066980470057,,,,
UBE2V2,0.5926127385553237,7.401730732206779,,,,
FMR1-IT1,0.11710430228333929,1.4626322667265896,,,,
DCXR,0.09258357027927544,1.1563684221573052,,,,
EPB41L4A-AS1,0.13334591664982137,1.6654899651454682,,,,
CNIH1,0.12322291520218695,1.539053717588946,,,,
CASP3,0.14983887360056095,1.8714869314355473,,,,
PIEZO1,0.21218257456611367,2.6501595069207977,,,,
FAM104B,0.136036997971489,1.6991015600801516,,,,
PILRB,0.30618777314610246,3.8242840608629454,,,,
CCDC142,0.2772492786817771,3.4628423808501956,,,,
SDCCAG3,0.21670549336274403,2.7066507445845476,,,,
BORA,0.1782791913060665,2.226706385724941,,,,
MRPL16,0.3109069748995557,3.883226871871653,,,,
PRMT7,0.16732168848972237,2.089847219413913,,,,
NELFCD,0.2576821212344092,3.2184486626638775,,,,
UGT1A7,0.42702266124186794,5.333511329452445,,,,
KLHL5,0.11693977234159933,1.4605772884129045,,,,
GBP2,0.8024388294394768,10.022457767373371,,,,
CTD-2035E11.5,0.4528566803649569,5.656178124880999,,,,
TJP1,0.2441124267326432,3.0489632326590645,,,,
GART,0.21012634653629642,2.6244772270598786,,,,
ARL4A,0.14346230439158242,1.7918436075421078,,,,
MAP7D1,0.08625167570360558,1.0772830842550492,,,,
MET,0.4129934668763443,5.158286747988771,,,,
UBAP2L,0.13083380568356684,1.63411370923344,,,,
ATP2B4,0.5752053102423561,7.1843120222632875,,,,
SND1,0.2317658245602218,2.8947542209514787,,,,
MRPL38,0.11386212269118053,1.4221374565996305,,,,
ARL6IP5,0.5232498686562947,6.535388764841571,,,,
HS3ST1,0.3727004159755804,4.6550267035395,,,,
PHF14,0.34333026360662305,4.288193618025911,,,,
OPA1,0.235705389385692,2.9439593698507234,,,,
RPA3-AS1,0.24551494241436259,3.066480647909185,,,,
MAPK13,0.183032022524338,2.2860692286146027,,,,
CBR4,0.33224160652818757,4.149696335506399,,,,
STK10,0.10097462851629255,1.2611727059465376,,,,
MTRR,0.21050276510082666,2.6291786934239814,,,,
DNA2,0.37994263706542647,4.7454820159595945,,,,
STX7,0.08301951712170169,1.0369134365060573,,,,
MGLL,0.4555015506591569,5.689212544267603,,,,
MRPL28,0.13974408349134243,1.7454030433829042,,,,
GCA,0.36755770691845785,4.590794288003349,,,,
IFT27,0.12219047820926301,1.5261585836803813,,,,
MRPL27,0.36794437604227875,4.5956237838119565,,,,
FBXO21,0.3257642025441511,4.068793585676148,,,,
BIVM,0.1374050046287915,1.716187957753451,,,,
PALB2,0.3188745655191561,3.9827420468145776,,,,
EEA1,0.2696451783382863,3.367867198000754,,,,
TBC1D23,0.23182181111587422,2.895453492807452,,,,
SULT1A2,0.30988665557192785,3.8704830875541267,,,,
FNTB,0.09248797158008801,1.1551743947871551,,,,
PPIC,0.13158659910279336,1.643516096025994,,,,
SDR39U1,0.18956017126304098,2.367605780227497,,,,
TEX264,0.11819366207789381,1.476238366199647,,,,
AL356740.1,0.17346148663322736,2.1665332736474308,,,,
TP53I3,0.351288475787575,4.38759165630766,,,,
GRHL1,0.5705204127957774,7.1257976719101155,,,,
THADA,0.2879958751898135,3.5970673282147607,,,,
ASH2L,0.256171854847701,3.1995854415397953,,,,
WDFY1,0.13162052884665498,1.643939878390998,,,,
PPA2,0.274976022882124,3.4344494250128332,,,,
C2orf49,0.10437968842839287,1.303701890617524,,,,
SPG20,0.07720956629730431,0.9643471739677477,,,,
MTIF3,0.09639449570856351,1.2039668655132043,,,,
DHRS7B,0.14127180168362224,1.7644842374887129,,,,
FNBP4,0.13775593631052216,1.7205710930534162,,,,
MRPL2,0.24220219140893873,3.0251044011130563,,,,
ATP6V1D,0.16493035635162184,2.059979490582026,,,,
NDUFAF5,0.06743704382397883,0.8422884073973057,,,,
LDHAP4,0.3630138547699707,4.534041592858708,,,,
ZCCHC9,0.19156638879374455,2.392663429154688,,,,
C1GALT1C1,0.489933205596155,6.119263776593797,,,,
WWOX,0.1312395800709239,1.639181829707132,,,,
SERINC5,0.5463224135612497,6.823564758340372,,,,
DMAP1,0.21166355892644076,2.643677003659008,,,,
MRPL45,0.4416913316632639,5.516722964294012,,,,
STEAP3,0.14550797636173235,1.8173940422600399,,,,
JAK1,0.23275153874566704,2.9070657871816756,,,,
MAPKAP1,0.1605430569117418,2.0051821381411754,,,,
OSTM1,0.09184272920767907,1.1471153201388038,,,,
SNORD118,0.10711112514497147,1.3378175242730943,,,,
MYO9B,0.26309563067735037,3.2860633739348346,,,,
ZNF468,0.28748663425050797,3.5907069109214294,,,,
SEMA4F,0.14889751088707148,1.8597293149125302,,,,
ESCO2,0.35645378274926554,4.452106319581402,,,,
NOM1,0.15913849638592417,1.9876391827964544,,,,
HNRNPM,0.24390947648702313,3.0464283849037215,,,,
BTG3,0.055238643057940996,0.6899304306621702,,,,
MBTPS1,0.3428582524417282,4.282298200465931,,,,
PSMD9,0.1854763830405282,2.316599281676546,,,,
PRCC,0.08503728168464385,1.0621153078196832,,,,
HNRNPAB,0.22427326966189337,2.8011722402655765,,,,
ZBTB43,0.07836738880522232,0.9788083724566449,,,,
C5orf15,0.2986629230864311,3.730298713741154,,,,
ZCCHC4,0.10003633834899084,1.2494534655131055,,,,
TSPAN1,0.3171623319374725,3.9613562562337683,,,,
GSDMD,0.21572370711001182,2.6943882382182123,,,,
DNAJC13,0.21829484116913903,2.726501692323939,,,,
NMT1,0.1675231574982477,2.092363566523873,,,,
NDUFS1,0.20057045591963923,2.5051241915120026,,,,
HARS2,0.14989126983574344,1.872141360203224,,,,
RP11-783K16.5,0.11633408994122145,1.4530123176568543,,,,
BMI1,0.0914586318857576,1.1423179461256243,,,,
BBS4,0.2191299266494601,2.7369319066301325,,,,
RAF1,0.13723956295833462,1.7141215919517412,,,,
C19orf60,0.1072252594144603,1.3392430608421073,,,,
TMEM128,0.12453417811485987,1.555431386118979,,,,
PPP1R10,0.3150116077846759,3.9344937201751247,,,,
SH2D4A,0.11030701575628729,1.3777341852146294,,,,
RP11-403P17.3,0.14231204097033018,1.7774768220154056,,,,
DCBLD2,1.2855650018381835,16.05670172658098,,,,
ARPC5L,0.14235459075375909,1.7780082686400973,,,,
HDAC1,0.14036866724761465,1.7532040919984087,,,,
CLUHP3,0.11914106508936725,1.4880714260203036,,,,
C2CD3,0.0882560020174253,1.102317111890932,,,,
RNF4,0.1310746807276947,1.6371222375703252,,,,
ELL2,0.1062886303745423,1.3275445678830478,,,,
SHOC2,0.19467201516268823,2.431452690070341,,,,
C6orf136,0.21142365084809805,2.6406805527209083,,,,
FAM120AOS,0.12618494147440645,1.5760494138713748,,,,
CREB3,0.10576748032702878,1.3210354058758733,,,,
DKK1,0.25904256461895925,3.2354405950907763,,,,
CHD7,0.08099280863938992,1.011599855675309,,,,
ARMC9,0.07453360045281127,0.9309243712824646,,,,
DENND4C,0.2843669035282901,3.551741486689844,,,,
MBOAT2,0.15182216576491578,1.8962582426288177,,,,
MLX,0.264453439515898,3.30302240089271,,,,
TMEM222,0.13725371532161074,1.7142983549124053,,,,
SIVA1,0.18581959192432299,2.3208859592612083,,,,
DNMT3A,0.14330525348815332,1.789882042386985,,,,
SERPINB8,0.4566967454294904,5.704140522164461,,,,
MIPEP,0.1587188517813613,1.9823978233653867,,,,
SMAD5,0.21170475172605113,2.6441915015612385,,,,
TRMU,0.12750722753451604,1.5925647614687637,,,,
SNHG5,0.25249461007323093,3.1536566690274226,,,,
NANS,0.1863582119408075,2.3276133211108947,,,,
C6orf211,0.14256976290893833,1.7806957679969082,,,,
MTIF2,0.11345898583524494,1.4171022788828338,,,,
VASP,0.2766445417217181,3.4552892186399435,,,,
MAGOHB,0.4752168257033452,5.935456250645263,,,,
SRP68,0.12163544722621646,1.5192262489240316,,,,
RPS19P3,0.0660178267714139,0.8245623920921841,,,,
GTF2H1,0.10621112427788483,1.3265765170460686,,,,
DGAT2,0.15919585577802797,1.9883556013742096,,,,
POP7,0.09005652362409482,1.1248056195503804,,,,
AKAP9,0.14218028258863885,1.7758311603555366,,,,
PIGC,0.2015576019420168,2.517453641379752,,,,
FAM120B,0.14439622250130416,1.8035082409938685,,,,
PTPRK,0.40340811125530013,5.038565694654055,,,,
GPR75-ASB3,0.2007484179475307,2.5073469365279486,,,,
PUS7L,0.1350519674439818,1.6867985327348638,,,,
RN7SL473P,0.20350999574389758,2.5418390321494138,,,,
SPTLC2,0.11297003995652992,1.410995346815033,,,,
SIKE1,0.24454360968447805,3.0543487060013694,,,,
ARL6IP6,0.3109702745507026,3.884017484261076,,,,
ETFDH,0.23114135339382577,2.8869545785830777,,,,
SAV1,0.12388076579059318,1.5472702688046303,,,,
SEC16A,0.11512364243079261,1.4378938330972655,,,,
TMEM245,0.16450782359169358,2.0547020581020066,,,,
GPS1,0.13363477712015884,1.669097831263616,,,,
ADIPOR2,0.1413783678602609,1.7658152486083234,,,,
CNOT10,0.1366338972913117,1.7065568301952279,,,,
CNPY2,0.10407987851883374,1.2999572660473304,,,,
TPM1,0.5785134606099638,7.225630807111509,,,,
SPPL3,0.2203457118574349,2.7521170590107022,,,,
AUNIP,0.3232530902947447,4.037429803733555,,,,
MMAB,0.11254928840729428,1.4057401616494336,,,,
INSR,0.3422696249522568,4.274946245478828,,,,
AK3,0.12338472768642704,1.5410747548693366,,,,
ANAPC13,0.10412666745367087,1.3005416596561405,,,,
LETM1,0.42131112617201666,5.262174279294438,,,,
BBS1,0.21876025351841885,2.732314690703304,,,,
PRKCH,0.48791905279967485,6.094107016228824,,,,
STC1,0.7102576685392832,8.871115436749873,,,,
ORMDL2,0.15868049947362795,1.9819188031953292,,,,
LTBP2,0.4594961174487969,5.739104667479144,,,,
CCDC47,0.07532342066482715,0.9407892225687322,,,,
ZCCHC2,0.12090089493110093,1.5100516936986006,,,,
DTWD1,0.5519571908380142,6.8939431039700025,,,,
PTP4A1,0.3060977584038226,3.823159777092217,,,,
MND1,0.42995541094154677,5.370141361461041,,,,
DYM,0.18403814528961196,2.2986356979251608,,,,
BIN3,0.1379543247484767,1.723048963849279,,,,
MYCBP2,0.22355079886271167,2.7921485828759947,,,,
RBM28,0.23198383616457582,2.897477185017116,,,,
VMP1,0.2452366175713918,3.063004371734671,,,,
NOB1,0.142373445378012,1.7782437628215373,,,,
TEAD3,0.2511715685113685,3.137131885216165,,,,
APOBEC3C,1.122398726244259,14.018755597600618,,,,
RP11-311C24.1,0.13393396385346232,1.6728346723648713,,,,
MLEC,0.13475287388563406,1.683062855388433,,,,
KANK2,0.12545978967370408,1.566992270783532,,,,
FIS1,0.35993423237503863,4.49557712147436,,,,
UTP15,0.14953322881972664,1.867669429346485,,,,
MAP3K11,0.4449610776986082,5.557562079186005,,,,
GPSM2,0.2893548693547858,3.614041159894935,,,,
NTMT1,0.08370504967729615,1.045475735381106,,,,
WDR48,0.1446431975759577,1.8065929586875997,,,,
AGPAT1,0.07262412553044181,0.9070750371460863,,,,
RPL5P9,0.16513634104323044,2.0625522385556185,,,,
SLC35D2,0.1643137424985962,2.052277986026166,,,,
NFRKB,0.16472807255216784,2.0574529667366286,,,,
RPAP3,0.3100804905585886,3.8729040857615584,,,,
HNRNPLL,0.29215244441125626,3.6489828611509894,,,,
STRBP,0.11873097362221187,1.4829493852372122,,,,
PI4KB,0.30917960489548735,3.861652027435852,,,,
CYFIP1,0.13498632216404674,1.6859786234512666,,,,
PRKDC,0.3137737492276453,3.9190328717532115,,,,
HIAT1,0.16313765895893156,2.0375887073238563,,,,
ABHD17C,0.16639641749984257,2.078290588454362,,,,
ANKLE2,0.17117717409591093,2.138002219200916,,,,
COX5A,0.13298998572959508,1.6610443893767057,,,,
RANGAP1,0.12968998956003613,1.6198274504294696,,,,
VPS37A,0.11681095896332082,1.458968409833872,,,,
PRPS2,0.7482272233893486,9.345355024827345,,,,
ERCC5,0.10327339616024482,1.2898843046170674,,,,
POC5,0.484234157797881,6.048082692407802,,,,
ARMC1,0.27273689750833713,3.406482758057909,,,,
EML4,0.42256732836210825,5.277864239619849,,,,
CPT1B,0.2966544899221599,3.7052133915595733,,,,
CCNI,0.3507496673325963,4.380861940861936,,,,
USP9X,0.4219957692548503,5.270725468658265,,,,
DYNC1LI1,0.215122662724469,2.686881196248885,,,,
SPAG16,0.18504737469105298,2.311240969109009,,,,
EXOSC3,0.4538796762383343,5.668955339244222,,,,
GSKIP,0.10490526875944647,1.3102663868483786,,,,
ZBTB44,0.30903466988694567,3.859841789759371,,,,
TNFRSF1A,0.18153616646646936,2.267385992440039,,,,
NTHL1,0.2703070248584453,3.376133658388034,,,,
TMOD3,0.09166167540622643,1.1448539588834554,,,,
CLIP1,0.16981714516753404,2.1210154633299605,,,,
RP11-256P1.1,0.3190844827572381,3.9853639122778803,,,,
GADD45A,0.1250356738720542,1.5616950661187468,,,,
GSS,0.1511307255840413,1.8876221575376713,,,,
PRPF39,0.17196957288414097,2.1478992768937757,,,,
ATG4C,0.09560719890024158,1.1941335315289725,,,,
SYK,0.11163473081135787,1.3943173409373477,,,,
TMOD1,0.31606579292172793,3.947660488316787,,,,
CCDC101,0.11303534597692956,1.411811018748391,,,,
ZNF333,0.08476473560092514,1.0587112083250938,,,,
CHCHD3,0.1329873420216984,1.6610113694756594,,,,
ARHGAP21,0.27552859952351105,3.4413511050516807,,,,
RP11-427H3.3,0.3044271467487165,3.8022938442077403,,,,
PSMB10,0.35500003412679876,4.4339490051064425,,,,
ID1,0.5606195482676027,7.002135913588387,,,,
NSMCE1,0.17197050585020324,2.1479109296361587,,,,
RAE1,0.44737238007386954,5.587679236200086,,,,
GJB5,0.1782758686714859,2.22666488603233,,,,
OCLN,0.08745204077184439,1.0922756391520467,,,,
ZNF585A,0.36473470476373904,4.555535002391962,,,,
TAB2,0.522383193230595,6.524563992244059,,,,
RNF139,0.238173141028837,2.974781577994693,,,,
HTATIP2,0.11071165418200561,1.3827881175320014,,,,
PSMD6,0.25933435255870224,3.23908502529008,,,,
AASDHPPT,0.3556603123420556,4.4421958773717725,,,,
GMCL1,0.25029476676775914,3.1261806349484993,,,,
PTRHD1,0.0801117532547974,1.0005954774487922,,,,
CEP250,0.21736782888522346,2.7149233126088523,,,,
PTTG1IP,0.27820093182582967,3.474728524809751,,,,
RAB9A,0.32463574112412014,4.054699107057422,,,,
TIPRL,0.17477168421595934,2.182897636210766,,,,
MALSU1,0.2372121316877267,2.962778575171341,,,,
MIF4GD,0.20662936645644078,2.580799959861604,,,,
PDE6D,0.39781080896129084,4.968655411409018,,,,
PPM1B,0.15869593841752547,1.9821116355428041,,,,
RP11-137L10.6,0.32747360297759626,4.0901439902468,,,,
CDK13,0.37640815524559346,4.70133635217913,,,,
LGALS3BP,0.13623680739781932,1.7015971790151396,,,,
NUB1,0.15903934375210202,1.9864007667969439,,,,
ZBTB1,0.19508992203013117,2.4366723451717376,,,,
ANKRD39,0.31949205762959537,3.9904545208020177,,,,
COX5BP6,0.1739658948126357,2.1728333297889924,,,,
TFDP2,0.11279349333390085,1.4087902802051477,,,,
SLC39A9,0.1013210510391576,1.2654995218703224,,,,
PDIA3,0.09935189584576072,1.2409047813877236,,,,
NAA35,0.4068330079474093,5.081342640627941,,,,
ANKRD49,0.0988934714133448,1.2351790620620149,,,,
YIPF6,0.08353452667818499,1.0433459038048458,,,,
OSTF1,0.22535240704315707,2.814650661837554,,,,
MRE11A,0.1774112296998988,2.2158655487385333,,,,
MAOA,0.320807607922298,4.006885738691459,,,,
KIAA0586,0.11660413262711841,1.4563851497226716,,,,
CHTOP,0.12030580140395823,1.5026189779268688,,,,
NIT1,0.2142014417232431,2.6753751496314084,,,,
C1orf112,0.21346151528098747,2.6661334713297116,,,,
RP11-498C9.2,0.2827585219050765,3.5316528066545847,,,,
SLC52A2,0.15949239761797857,1.9920594077680753,,,,
MSL3,0.19590320684768708,2.4468302692872665,,,,
EHF,0.1563592572988482,1.9529264977247343,,,,
CTC-308K20.1,0.2681752331952303,3.3495075890484736,,,,
POFUT1,0.053077959866635493,0.6629435062524184,,,,
SECISBP2,0.15339981144900816,1.9159630309074953,,,,
KRT80,0.46082473018660464,5.755699035255656,,,,
FAM64A,0.3539936666068966,4.421379478811558,,,,
RP4-740C4.7,0.22926783479345011,2.863554338764461,,,,
TMEM18,0.2885408483253331,3.603874040495762,,,,
CISD3,0.3698234667331086,4.61909361901804,,,,
RPS6KA3,0.2574999345551935,3.216173151769804,,,,
NAA25,0.2026357114225274,2.530919224475438,,,,
UBE2R2,0.09867551100249713,1.2324567374030675,,,,
CDK7,0.2516707469980813,3.143366622516895,,,,
CYP20A1,0.22069669022237356,2.7565007773837484,,,,
CPD,0.1518798172207924,1.8969783090819263,,,,
LAPTM5,0.21605973529601993,2.6985852289162646,,,,
UBXN7,0.14391359860759453,1.7974802704934767,,,,
CAV2,0.12797990208673019,1.598468464733706,,,,
RNF20,0.1707044176391536,2.132097492948557,,,,
C2orf76,0.17751685133384917,2.217184762523748,,,,
DDIT4,0.1692031500958055,2.113346667342018,,,,
NDUFAF6,0.12027590423997933,1.5022455624684568,,,,
FIG4,0.22106412845937212,2.7610900794929307,,,,
IPO9,0.1241481456574146,1.5506098422708539,,,,
NDUFA5,0.4658043741738217,5.81789476872147,,,,
WDHD1,0.40522718810291863,5.061285957198677,,,,
NDUFA9,0.23047481239250417,2.8786294841448696,,,,
ESYT2,0.3664522145498535,4.576986692744991,,,,
ZDHHC12,0.07178730938824693,0.8966232068800172,,,,
HINFP,0.12378632602605578,1.54609071652362,,,,
SMC1A,0.43371604522454515,5.417111668601107,,,,
COPS8,0.6430685440539187,8.031923540899388,,,,
ZFAND5,0.18675459161567956,2.3325641016632583,,,,
LGALS8,0.3721057359643535,4.6475991525799,,,,
PARPBP,0.5675384963057075,7.08855354688636,,,,
C19orf12,0.40270474087558855,5.029780601427192,,,,
CPSF6,0.19348422897157122,2.4166172452982395,,,,
SMIM12,0.16519852903419055,2.0633289663137595,,,,
STX3,0.153596210151203,1.9184160499116851,,,,
SEC23IP,0.23858217636848117,2.979890427749397,,,,
ZNF493,0.164843854726246,2.058899085627365,,,,
HOXB7,0.11007477852813326,1.3748335431646783,,,,
PSIP1,0.28035071298363057,3.5015792828646735,,,,
RP11-75L1.2,0.18433911789777513,2.302394844596264,,,,
PRMT3,0.5146900160661569,6.428476240257579,,,,
PLIN3,0.13970249738186652,1.7448836330420279,,,,
BACH1,0.3700498644672395,4.6219213258110186,,,,
MPP3,0.22592821171102268,2.8218424598341323,,,,
PHC2,0.5223324826711018,6.523930617558993,,,,
ITGB5,0.39493762511268454,4.932769356641864,,,,
NEU1,0.4637547863993813,5.792295425623625,,,,
WDR44,0.17588089739896345,2.196751704426082,,,,
MAPK9,0.21851466865399677,2.7292473367297982,,,,
ME2,0.30938549449084,3.864223587657589,,,,
MAST4,0.2163218934580904,2.701859583311052,,,,
MDM4,0.12733475993934473,1.5904106418954969,,,,
IGF1R,0.2034246432216611,2.540772979488364,,,,
TINF2,0.11125993392775886,1.3896361293615842,,,,
PTRH2,0.5889507522008994,7.355992537299696,,,,
OPN3,0.2814360616340218,3.515135283163189,,,,
CCDC150,0.1372026426117785,1.7136604569710552,,,,
FYTTD1,0.12691947945276966,1.5852237902806263,,,,
HSD17B12,0.16887258511582667,2.1092179120654015,,,,
ING4,0.18171929041534585,2.269673209828424,,,,
DYNLRB1,0.25833836725701903,3.2266451728591883,,,,
PMS2P1,0.11307468840781566,1.4123024055526627,,,,
FAM84B,0.398430137062197,4.9763908169100395,,,,
NDC1,0.3088703626764984,3.85778959335864,,,,
LINC00635,0.2527536783468449,3.1568924307277584,,,,
ECH1,0.2838688858498734,3.5455212478800857,,,,
ERBB3,0.242656516451192,3.030778919072044,,,,
CAPN8,0.23001500354474613,2.87288647347708,,,,
DPM1,0.1410279829339029,1.7614389422807741,,,,
MRPL53,0.3683908412881778,4.601200132945944,,,,
USP14,0.15821606876930175,1.9761180655575055,,,,
TUSC3,0.18957147607272823,2.3677469772552353,,,,
PRIMPOL,0.10728473300569404,1.3399858857585316,,,,
SLMAP,0.18722517056640264,2.3384416308739664,,,,
NKIRAS1,0.15723837945269328,1.9639067299069548,,,,
EDC3,0.08365806243606959,1.0448888649262855,,,,
TBK1,0.09381250827111222,1.171717852755658,,,,
PIR,0.1003846684893269,1.2538041075714665,,,,
ZNF785,0.3764099693381418,4.7013590101877964,,,,
NRBF2,0.10328519607796204,1.2900316855421181,,,,
GMPS,0.21217999499322598,2.650127288065757,,,,
CPT2,0.09613549100784129,1.2007318978380321,,,,
METTL18,0.12063762417905492,1.5067634430594725,,,,
SLC35A4,0.20883202730966308,2.6083111851006513,,,,
PPARG,0.3295106252286129,4.115586390007385,,,,
GEMIN2,0.2361189151736349,2.9491243052867024,,,,
TNFAIP2,0.5263277226926315,6.573831149434142,,,,
RP11-220I1.1,0.10560620331492056,1.3190210566402663,,,,
CHD6,0.22101267453124082,2.760447420136551,,,,
MED19,0.0839591316012877,1.048649217594619,,,,
DNAJB4,0.09669037579555077,1.207662406615207,,,,
PUS10,0.21737926951618583,2.715066206043773,,,,
DENND2A,0.1232918682780489,1.5399149412304287,,,,
RABL2B,0.16982855473300748,2.121157968757049,,,,
SORT1,0.6476361028292389,8.088972331718272,,,,
DHX35,0.08740858808331776,1.0917329152462991,,,,
ATP2C2,0.5440481318243356,6.795158988550728,,,,
EXOSC4,0.0870334047617654,1.087046877062045,,,,
NCOA6,0.21126068156936936,2.638645067081986,,,,
TGFBR1,0.2254193281433669,2.815486506111276,,,,
CACUL1,0.23164773805578665,2.893279320983808,,,,
SH3D19,0.1947530488497716,2.4324648004976184,,,,
EFNB2,0.2975257767648426,3.7160957607367413,,,,
GPR125,0.21528470991875956,2.6889051650568665,,,,
DNMBP,0.36407391525425425,4.547281744063771,,,,
PPP1R15B,0.17823961373217828,2.226212061985514,,,,
C7orf55,0.1914491565640294,2.3911991990748502,,,,
ATG12,0.1196233975607061,1.4940957566564508,,,,
AIP,0.23636922718956643,2.952250701363637,,,,
ZYX,0.3719932197502644,4.646193825516353,,,,
C6orf141,0.30091051959681103,3.758371185158214,,,,
AL021707.1,0.16906563946008046,2.1116291600522956,,,,
SPCS3,0.30978540882461847,3.8692185160855437,,,,
DHCR24,0.11734710962333211,1.4656649294310928,,,,
YIPF4,0.10630500390042871,1.3277490731558226,,,,
TMEM19,0.1499327463032889,1.872659401116828,,,,
AC023590.1,0.2590636972879965,3.2357045420424533,,,,
SNAPC1,0.3012247996503719,3.762296541769062,,,,
TNIP1,0.23770385656045287,2.9689202168632165,,,,
POLRMT,0.12796094824839535,1.59823173136878,,,,
NDUFS7,0.09916728946877189,1.23859904847815,,,,
CEP192,0.15826097735299474,1.9766789735880528,,,,
FGFR1OP2,0.09976321717598415,1.2460421831556114,,,,
ERMARD,0.1807011960219813,2.2569572149309396,,,,
TMED8,0.06980811741983182,0.8719031071176202,,,,
DCAKD,0.14455218214613566,1.8054561763334758,,,,
C7orf55-LUC7L2,0.16031056025849938,2.002278255872909,,,,
MRPL10,0.13792635823907975,1.722699662258867,,,,
DENR,0.23238964040025323,2.90254567829621,,,,
GNPAT,0.2473084400139865,3.088881425748752,,,,
ZNF28,0.15561994291660455,1.943692464050137,,,,
PABPC4,0.32399081908358324,4.0466440333528695,,,,
HPS4,0.41409982241870924,5.172105124283942,,,,
CENPQ,0.4789889589337219,5.982570179592051,,,,
ITSN2,0.2625696153393759,3.2794934444692796,,,,
OS9,0.3067166745436757,3.830890037201335,,,,
JMJD1C,0.08628298599270585,1.0776741496405702,,,,
RBBP7,0.1728427349679111,2.1588050678246193,,,,
SFT2D1,0.49597295226561455,6.1947001883170145,,,,
MROH1,0.41202058722200313,5.146135485000684,,,,
CTDSP2,0.19550648998165063,2.4418752772186094,,,,
AC005944.2,0.3102041279641131,3.874448316461614,,,,
ANKIB1,0.13344193064885349,1.6666891796090157,,,,
GSK3B,0.11296288983365801,1.4109060418089863,,,,
CCRN4L,0.15838972889890565,1.9782870798810614,,,,
PARP14,0.2535379341796235,3.1666877829396274,,,,
SNAP47,0.04159977446145102,0.5195810164911728,,,,
ALOX5AP,0.26259955813645086,3.279867429884879,,,,
TAF7,0.10837327601926881,1.3535817836404218,,,,
SLAIN2,0.12386449813769616,1.5470670858850692,,,,
MAPK12,0.3644358974969511,4.551802900825967,,,,
FAM60A,0.20165585515190915,2.51868082357798,,,,
IDE,0.13305861221129403,1.6619015338583998,,,,
DNAJC24,0.49628022444835307,6.198538016649345,,,,
RN7SL329P,0.17032323912598668,2.127336574845037,,,,
GOT1,0.14569531256717982,1.8197338707161341,,,,
ZNF717,0.06901837367567554,0.8620392109146129,,,,
LINC00221,0.1189574003880342,1.485777454635901,,,,
CTB-12A17.3,0.26692461695946,3.333887397270174,,,,
RP11-305K5.1,0.19010140349405957,2.3743657686262565,,,,
FAR2,0.27334622481870113,3.4140932537250945,,,,
ZNF623,0.2006648611098337,2.506303311959608,,,,
AFF4,0.10564699644931962,1.3195305627256073,,,,
ABLIM1,0.5014072284094105,6.2625742755985145,,,,
SMC6,0.4328222333088859,5.405947961352634,,,,
TRIM31,0.6141687976827852,7.670965824415489,,,,
RCAN1,0.5075260603714561,6.338998462309536,,,,
APIP,0.18661162756808133,2.3307784812810706,,,,
TRIM16,0.5905324120116776,7.37574746200461,,,,
NOTCH2NL,0.42060839745895723,5.2533972004814915,,,,
PDHB,0.28357646556016897,3.541868919632295,,,,
PCSK7,0.2281135393786908,2.8491371936549967,,,,
CTD-2228K2.5,0.13497745969603664,1.6858679312612985,,,,
TIAM1,0.23598018706519547,2.9473915917676505,,,,
BNIP3L,0.26062559263404345,3.2552126086619952,,,,
RFT1,0.08112501848114383,1.0132511560695525,,,,
MAN1A1,0.2528894086188005,3.1585877012811276,,,,
MRPL40,0.1484152801282259,1.8537062546650167,,,,
VPS33B,0.12648757828011697,1.5798293463631825,,,,
BPNT1,0.17466703371570502,2.1815905518815266,,,,
PPAT,0.42253360487221975,5.277443033366144,,,,
CLTB,0.643734355471184,8.040239522835654,,,,
ADCY3,0.2053532837104212,2.5648616914722373,,,,
BCAM,0.3795487644918507,4.7405625490923855,,,,
THUMPD1,0.4692166098524418,5.860513578687562,,,,
SYCP2,0.12589641193325918,1.5724456810574876,,,,
FAM149B1,0.13670955174301166,1.7075017539941002,,,,
TMEM127,0.21659107638272823,2.705221676962185,,,,
KLHL28,0.1897790723644047,2.370339854107224,,,,
GABPB2,0.15875270450700774,1.9828206437731914,,,,
TULP4,0.10555227115718568,1.3183474442060592,,,,
TFDP1,0.38101012842039356,4.758814978709749,,,,
FOXA1,0.30777897764260875,3.844158198654394,,,,
ZNF195,0.06462753547665742,0.8071976593862942,,,,
RRP7B,0.11655744868425223,1.4558020674631584,,,,
OIP5-AS1,0.10985493692634374,1.3720877224383978,,,,
LGALS1,0.36745032658482824,4.58945310806618,,,,
TMTC3,0.6701849328692069,8.370607128649924,,,,
RPP21,0.18666960599662488,2.33150263162148,,,,
WDR60,0.2530351744585204,3.1604083160356993,,,,
RNF6,0.141627139587425,1.7689224064847195,,,,
MLLT4,0.41429275872766314,5.174514898010414,,,,
ANKHD1,0.11128974317499371,1.390008446740215,,,,
HSPA4,0.314330702474208,3.9259892155731833,,,,
MRPL52,0.15805288862372716,1.974079946192522,,,,
C17orf49,0.11503484029514113,1.4367846947784715,,,,
PAPSS1,0.19727010203989673,2.4639027847660055,,,,
MAPK14,0.17163014910679641,2.1436598752735243,,,,
SEC24C,0.3344324270071811,4.177059674518729,,,,
CINP,0.2693646127898854,3.3643629354243876,,,,
NOL7,0.24400131021663263,3.047575387818915,,,,
CLASP1,0.23135627452473945,2.8896389426478164,,,,
RP11-83A24.2,0.1473801244428723,1.8407771642988886,,,,
BMP1,0.48264881285669387,6.028281740438833,,,,
DIAPH3,0.5876359326802109,7.339570446749786,,,,
RMND5A,0.31042975670418116,3.877266418521826,,,,
ARL13B,0.6670445159725402,8.331383334182284,,,,
PRPF4,0.2588786682561813,3.23339353017579,,,,
TSKU,0.4077080719827846,5.09227218692672,,,,
ZNF561,0.12504989179088194,1.561872647867988,,,,
SPAG9,0.10469898235633927,1.307689870499376,,,,
TMEM5,0.1938414919899529,2.42107945896763,,,,
AP3S2,0.1397690467243621,1.7457148340633872,,,,
MICALL1,0.2619273642154718,3.271471730502779,,,,
RNF121,0.3013005826514279,3.7632430711488767,,,,
GEN1,0.250116957714197,3.1239598005813143,,,,
NUDCD1,0.38643517878138506,4.826573836000954,,,,
ERCC6L2,0.14487100089809035,1.8094382212690936,,,,
UBL4A,0.06647548574327025,0.8302785508185679,,,,
C14orf142,0.09085067554584193,1.1347245738738503,,,,
PIGN,0.18687679137200308,2.3340903761305487,,,,
NUMA1,0.10489633386636123,1.310154790069512,,,,
DHX15,0.14005893531220495,1.7493355413650613,,,,
IDH2,0.2843220831417952,3.551181680241948,,,,
CMC1,0.44819462027045365,5.597949012963826,,,,
SLC35E1,0.12336307123379059,1.5408042658626024,,,,
GALNT6,0.08129489318306231,1.0153728904164714,,,,
CMTM6,0.156331808536327,1.9525836627907276,,,,
WDR89,0.20637069988354362,2.577569215401613,,,,
EFNA5,0.2903224920610276,3.6261267636223047,,,,
PDGFA,0.7009379840100981,8.754712614288943,,,,
HERC1,0.15486969949763363,1.934321926750567,,,,
PECR,0.19774234312501177,2.4698010740286156,,,,
LONP1,0.19155492703229737,2.392520271800097,,,,
SLC5A6,0.34586319476159516,4.319829918011674,,,,
RP11-31F15.2,0.1052465108351061,1.3145284990073058,,,,
KIAA0020,0.20553006997253367,2.567069751178311,,,,
JTB,0.24361771148274136,3.0427842411682366,,,,
ZNF622,0.3000032753546725,3.747039708205787,,,,
PPIAP16,0.23929681158539617,2.9888162187478353,,,,
GINS3,0.31177902814789604,3.894118813452417,,,,
ME1,0.3985399748672904,4.977762690655953,,,,
HMGB1P21,0.14555431377668807,1.8179727963873387,,,,
MAVS,0.12499828391258984,1.5612280656747166,,,,
CCDC122,0.11244005437237754,1.4043758289906096,,,,
TGFBI,0.5109665887329508,6.38197064777147,,,,
ZBTB38,0.21507107899088507,2.686236915622922,,,,
RPL23AP7,0.10933346102563697,1.3655744905261444,,,,
EBPL,0.2918774718696054,3.6455484552065407,,,,
CEP78,0.38230603576932465,4.775000856310117,,,,
AC005682.5,0.34486278356866773,4.30733478621686,,,,
IARS2,0.16896220206475576,2.110337227398771,,,,
WBP2,0.31307462403635167,3.9103008009126943,,,,
HDDC3,0.14079233627194548,1.7584957164162676,,,,
FGF12,0.3637199514282152,4.542860737293534,,,,
COX7B2,0.19173148203512794,2.3947254430786646,,,,
MZT2B,0.26887734014780973,3.3582769020755143,,,,
TLK2,0.17795872128143067,2.222703716400146,,,,
RNU6-748P,0.24564552632814915,3.068111640469625,,,,
ZNF148,0.1516644946824902,1.8942889314405116,,,,
NFIA,0.13715651149287544,1.713084279480628,,,,
POLR3H,0.1756082728273407,2.193346624617885,,,,
MED18,0.08052042629283936,1.005699802057935,,,,
TSPAN6,0.12496148310575285,1.5607684237446435,,,,
MYNN,0.1142611488549435,1.4271212917876472,,,,
AHR,0.07306389851998685,0.9125678000250032,,,,
NMNAT2,0.6592771896316707,8.23436945927901,,,,
CMC2,0.41450022750898896,5.177106182258633,,,,
IL6ST,0.1621955729177269,2.025822056440572,,,,
MKKS,0.44637784524979107,5.575257500228671,,,,
EMC6,0.1277746063170456,1.5959043213921862,,,,
TSPAN15,0.5291184548110568,6.608687382421406,,,,
MAP2K1,0.13292188661974222,1.660193831767258,,,,
DUSP14,0.11466381493458049,1.432150589510359,,,,
IQCB1,0.07993644010579606,0.9984058169195797,,,,
RP11-120K9.2,0.1737153748520157,2.1697043364837314,,,,
TEX10,0.1469719172210246,1.8356786577321473,,,,
ZNF576,0.08536742563623254,1.0662388044533926,,,,
TNRC6A,0.14711453739817906,1.8374599831738692,,,,
CTC-338M12.4,0.23918865458557204,2.9874653382530063,,,,
ATG16L1,0.37758517931026914,4.716037378035062,,,,
SLC5A2,0.06790070884851379,0.8480795816976021,,,,
DOCK6,0.2116244304903314,2.643188289648641,,,,
XPNPEP3,0.2247186145973886,2.8067345967271056,,,,
PSMD3,0.17660937956361616,2.205850443746332,,,,
METTL3,0.16330944902533065,2.0397343645654704,,,,
TSEN34,0.11633310908251632,1.4530000667355538,,,,
KIAA0391,0.07049581422596604,0.8804924374732466,,,,
BRD3,0.18880660493576149,2.358193739816455,,,,
TRIB2,0.48896867489046286,6.107216791940916,,,,
MBNL1,0.5639804166554243,7.044113146298039,,,,
TEN1,0.45783768563024063,5.718390860704416,,,,
NET1,0.1336138064032157,1.6688359070929464,,,,
MAL,0.5426120801951266,6.777222709450714,,,,
GORASP2,0.10169377326471277,1.2701548209754236,,,,
ITFG3,0.20873231231092138,2.6070657451655466,,,,
SRA1,0.3101605940480044,3.873904578023691,,,,
RBM34,0.1259535020010546,1.5731587357757093,,,,
AC009403.2,0.17320336044124404,2.163309278542891,,,,
RBBP6,0.22596772814913527,2.8223360199879663,,,,
CMSS1,0.6526404667276923,8.15147681677647,,,,
PCCB,0.20048117838193505,2.5040091154234734,,,,
TOR4A,0.12308574444040117,1.5373404553233643,,,,
MYO5A,0.2930549863175879,3.660255605948013,,,,
IQCC,0.18333142258719642,2.289808734201145,,,,
CEP170,0.4001187918068485,4.997482107910709,,,,
TWF1,0.2286480223577706,2.855812883924059,,,,
FLOT1,0.16312139902276349,2.0373856207862087,,,,
UBXN2B,0.09395428032938326,1.173488585195921,,,,
PLS1,0.21130305575677685,2.639174320513073,,,,
TMEM53,0.3362641158547142,4.199937460891795,,,,
TGM2,0.0845635556155979,1.0561984711137211,,,,
PRR14L,0.10916982692613571,1.3635307012784341,,,,
ZNF350,0.10799059391083173,1.3488020856379968,,,,
TRUB2,0.12915625002632428,1.6131610457900765,,,,
NASP,0.3646008700130169,4.55386340689121,,,,
BAD,0.1612105723005747,2.0135194026754983,,,,
ANKRD42,0.061599867908837,0.7693821035845856,,,,
IPO11,0.0943765350215095,1.1787625446102064,,,,
PREPL,0.21048109670952908,2.6289080553034174,,,,
IFT43,0.16507176079739178,2.0617456315436216,,,,
RP1-3J17.3,0.12510127467037604,1.5625144198271732,,,,
PDXDC1,0.33356298618804936,4.166200362168322,,,,
EXOC2,0.08481159516132317,1.0592964840468768,,,,
STK38L,0.2232890917803494,2.7888798624649564,,,,
ABCF3,0.18311697889826498,2.287130333384853,,,,
NBN,0.12097441847571754,1.5109700024765325,,,,
WDR4,0.09285514869941495,1.159760435537664,,,,
PDS5A,0.20102143097122163,2.5107568681009216,,,,
IFT122,0.09864241822627834,1.2320434087605718,,,,
AP006216.10,0.3459987524412212,4.321523032887539,,,,
ATAD1,0.16979075129067445,2.1206858039136445,,,,
WSB2,0.21606580768745628,2.6986610730609955,,,,
DVL3,0.2814242707082271,3.5149880145472148,,,,
ASH1L,0.13448327782905262,1.6796956017209785,,,,
ATAD5,0.229726765317447,2.8692863791719905,,,,
AC009120.3,0.38856336465924346,4.853154869095845,,,,
C5orf24,0.46601802311686,5.820563243164739,,,,
ARFGEF1,0.1527481027871598,1.9078231923299316,,,,
EIF2B1,0.0829935288353352,1.0365888429133763,,,,
GRB14,0.19990111530901294,2.4967641299647867,,,,
BCR,0.4964182938446169,6.200262502855961,,,,
UQCC1,0.09762595424087218,1.2193477776519608,,,,
TMED1,0.291889280727934,3.6456959477997923,,,,
CD22,0.1911668646879047,2.3876733746721244,,,,
ACTR1A,0.2372379224400965,2.9631007015651942,,,,
PHF23,0.17430656719289697,2.177088326454675,,,,
DENND2D,0.11190851410281462,1.3977368931516325,,,,
AKT3,0.30838401659911835,3.851715132799105,,,,
PIH1D1,0.12386724711768443,1.547101420634118,,,,
CELF1,0.36279759597809885,4.531340521413957,,,,
INTS3,0.18661146631321757,2.3307764672084677,,,,
NSUN2,0.36487876970881494,4.557334372979239,,,,
MTF2,0.13173307560153166,1.6453455869088602,,,,
EPHA4,0.37295032999395733,4.6581481286285715,,,,
RP11-16E23.4,0.09469576903891232,1.1827497762096089,,,,
CNPY3,0.19537042785630776,2.440175861817761,,,,
ATP8B1,0.6540862612312915,8.169534784338616,,,,
ITSN1,0.18626786545882404,2.3264848939125966,,,,
RNU2-59P,0.2657546666677978,3.3192747228108614,,,,
PTDSS1,0.0969562689799773,1.21098341142427,,,,
SYF2,0.16427305165317294,2.0517697575297236,,,,
CIZ1,0.25131053894084754,3.138867625324031,,,,
RAP2B,1.1088584144091238,13.8496371569844,,,,
CCND1,0.4310808526900815,5.384198124394867,,,,
SEC63,0.18953800042229202,2.367328866515297,,,,
CPPED1,0.20237673697714376,2.5276846346893236,,,,
SNORD14E,0.3016930490161372,3.7681449744729734,,,,
REXO2,0.6511590806468883,8.132974310557518,,,,
TBC1D9B,0.1499674369715223,1.8730926874241893,,,,
TADA1,0.15510704974142542,1.9372864303453652,,,,
CCDC34,0.31925928180658625,3.9875471517044825,,,,
SFSWAP,0.09580358206725349,1.1965863564987895,,,,
L3MBTL2,0.45658500713957617,5.702744911370743,,,,
YIPF1,0.22288480216788847,2.783830286823773,,,,
OLFML3,0.5638170942338679,7.042073249906613,,,,
WFDC2,0.6954315801621059,8.685937652270773,,,,
SNX5,0.18207733070156207,2.2741451315699566,,,,
COMMD5,0.18549862564238592,2.3168770916847077,,,,
TRPC4AP,0.26940611004207626,3.36488123593813,,,,
ASF1A,0.2347816546399064,2.932421926573759,,,,
HSDL1,0.1827178711830445,2.2821454796194587,,,,
AC122129.1,0.1287831121583303,1.6085005553125782,,,,
TSTA3,0.15807352009213727,1.9743376331503724,,,,
NCOA5,0.2638290327422143,3.295223562789028,,,,
C15orf57,0.17695749897892393,2.2101984538499333,,,,
YIPF5,0.2785639170271946,3.4792622085216953,,,,
ANKRD36B,0.11511394533106131,1.437772716360441,,,,
DCTN4,0.10811769731478205,1.3503896066445156,,,,
SMARCA2,0.09839938519475623,1.2290079271697714,,,,
EXT1,0.48888159608327764,6.106129177987766,,,,
RNFT1,0.251787572372679,3.1448257709779446,,,,
RP11-267A15.1,0.19717148070932913,2.4626710047420177,,,,
NIPSNAP1,0.40292388893585684,5.032517759822649,,,,
PRPF4B,0.19374858452592023,2.4199190451137893,,,,
MPP5,0.05706928599345804,0.7127951535983424,,,,
RUSC1,0.29219247174845653,3.649482802432383,,,,
ANKRD28,0.1308408427896833,1.6342016026606634,,,,
SAFB2,0.08981833582064805,1.1218306548388444,,,,
ATF7IP,0.18268607566629827,2.2817483537425822,,,,
KHDC1,0.24654906256021378,3.079396804391073,,,,
ANKRD36C,0.06804402033706498,0.8498695416159014,,,,
COASY,0.11991962225525044,1.497795601905462,,,,
ZBED5-AS1,0.16854523229332632,2.105129276622832,,,,
POGZ,0.13623312766424353,1.7015512191575086,,,,
MPZL3,0.3511206413940056,4.385495405403854,,,,
PMF1,0.18278646170932064,2.2830021750180656,,,,
NF1,0.10998379623001496,1.3736971746254014,,,,
CTD-2270L9.4,0.16918894231821752,2.113169212256821,,,,
PARD3,0.4049078379336813,5.057297274863325,,,,
TOP1MT,0.23577887431305272,2.9448771962992835,,,,
UGCG,0.3018611658996765,3.770244753675373,,,,
CDH1,0.08743057023659635,1.0920074722527495,,,,
CDADC1,0.23723641799644524,2.9630819110700126,,,,
RGL3,0.11595408755390314,1.4482660893604755,,,,
EPN2,0.12393090774895199,1.5478965416638035,,,,
KCTD21,0.3212500311244808,4.012411602715612,,,,
STK38,0.4532372865005015,5.660931893990306,,,,
DNAJC16,0.10356510774096307,1.2935277810924577,,,,
C19orf33,0.13224945371311586,1.6517951474553803,,,,
HENMT1,0.17367632601893243,2.1692166167148415,,,,
ACAD10,0.20624292716657602,2.5759733346781877,,,,
TCF7L2,0.10480764849201238,1.3090471100989205,,,,
KIF13B,0.20743118811532482,2.59081470917121,,,,
HNRNPA0,0.14126560525447335,1.7644068441134486,,,,
RNF167,0.2248078088523067,2.80784863261397,,,,
SLC39A10,0.25896148803026076,3.2344279488224985,,,,
TSPAN2,0.46575509069900783,5.817279218318337,,,,
DPM2,0.3388471836550006,4.232199967376826,,,,
OSBPL2,0.1450493253041885,1.8116654923873905,,,,
PABPC1P3,0.08013221006180736,1.000850982886454,,,,
FAM208B,0.1420742516779266,1.7745068347052038,,,,
RP11-262H14.3,0.08152416739765243,1.018236524438871,,,,
POLG,0.13159977198970482,1.6436806253307845,,,,
BRD9,0.1580818803867367,1.9744420531964515,,,,
AP4B1,0.13876321795720684,1.7331520367881548,,,,
PM20D2,0.5354240731192006,6.6874445298474505,,,,
MED27,0.19422629424387602,2.425885637578688,,,,
FBP1,0.18046851483703683,2.2540510278624533,,,,
IFT57,0.37122972820322214,4.636657819150208,,,,
RAP1B,0.13718041205795317,1.7133827974427702,,,,
SLC18B1,0.6437069669616124,8.039897440460747,,,,
RRAS2,0.11742844467728808,1.4666808039294021,,,,
ZKSCAN1,0.3037705326931491,3.7940927372822624,,,,
FAM63B,0.3517832518282555,4.393771407075071,,,,
HECA,0.11572578267984117,1.4454145623973922,,,,
PIAS3,0.10760410406088755,1.3439748289593914,,,,
TVP23B,0.29905059793743005,3.7351407710781896,,,,
AP3D1,0.11267852793657648,1.4073543628527962,,,,
CWC27,0.4245812968084021,5.303018697451735,,,,
SAMD4A,0.36197990316391065,4.521127541438136,,,,
CDK5RAP3,0.1521335602722792,1.9001475587792114,,,,
TCF7,0.09479231214813996,1.1839555992573805,,,,
DHX57,0.07370960631416115,0.9206326877893407,,,,
MAN1B1,0.4233181524741888,5.287242029774034,,,,
BLOC1S1,0.115334660921652,1.4405294532033495,,,,
DNASE1,0.2860898463356665,3.573261035456685,,,,
NAPG,0.369476515028449,4.614760193615759,,,,
HADHB,0.08840998897176931,1.1042404083342476,,,,
RNF31,0.13346233206075248,1.6669439931619632,,,,
PCF11,0.1682036205869889,2.1008625477782186,,,,
TLN1,0.1517095675956455,1.8948518919453852,,,,
VIMP,0.22165811483520537,2.7685089669492395,,,,
AFAP1-AS1,0.13977581977037445,1.7457994293809675,,,,
CSNK1G3,0.12433930536525711,1.5529974262565558,,,,
POP1,0.08158615765863891,1.0190107825504324,,,,
PHACTR2,0.07828054387758539,0.9777236796581175,,,,
ERCC3,0.42646516023378056,5.326548144093223,,,,
RARG,0.6180247064386903,7.719126109340758,,,,
CYB561,0.21464590091863334,2.6809264432025723,,,,
ZFAND6,0.11416897614678134,1.4259700550316878,,,,
RPS6KA1,0.12108940406237362,1.5124061719935562,,,,
ISOC1,0.281350285386879,3.514063938179755,,,,
MTR,0.2861498545577866,3.57401053791074,,,,
DHX30,0.13513030930928138,1.6877770223188373,,,,
AIFM1,0.14683920445187965,1.8340210757768032,,,,
THUMPD2,0.18330904006337548,2.2895291765682235,,,,
CAV1,0.2694094291318883,3.3649226913565955,,,,
MRPL3,0.36032509251659384,4.500458963077692,,,,
GDE1,0.16811499684635725,2.099755637612508,,,,
NDUFV3,0.14368768841641427,1.7946586531099997,,,,
RN7SL490P,0.10876236038186023,1.3584414457716047,,,,
ALMS1,0.16047470397025085,2.0043284101755843,,,,
TMED4,0.868658662691258,10.849543219596672,,,,
NCAPD3,0.37619135405706494,4.698628506202308,,,,
PRPF31,0.16769932701395132,2.094563923069769,,,,
RP3-508I15.18,0.6322186329633488,7.89640819481257,,,,
TBC1D5,0.23961254300213236,2.9927597028789337,,,,
C1orf172,0.2353822726794357,2.939923643483084,,,,
SCARNA22,0.17523860575079567,2.18872948431169,,,,
SLC37A4,0.3646895168847916,4.554970605964805,,,,
NSUN3,0.11378128828733335,1.4211278352191756,,,,
ZDHHC16,0.15082647419044642,1.8838220588496513,,,,
PHLDB2,0.8499296584917448,10.61561803212076,,,,
WSB1,0.164423043096302,2.053643150053959,,,,
NNT-AS1,0.11061949751943341,1.3816370811853964,,,,
PITPNA-AS1,0.157290138534553,1.9645532006321806,,,,
RNF19A,0.08779295941434775,1.0965337116321472,,,,
DNASE2,0.49464767792115516,6.178147517060059,,,,
SAT2,0.14692495233279934,1.835092066466224,,,,
CDC7,0.36058064476816176,4.503650809676748,,,,
RAD50,0.3302622997060876,4.1249748012219385,,,,
ERVK3-1,0.2178587300692004,2.721054666431547,,,,
KPNA3,0.25274074960083176,3.15673095074181,,,,
FASTKD1,0.15607019592860702,1.9493161223675934,,,,
SLC37A2,0.1639285331282454,2.047466722532556,,,,
USP24,0.3877368307070834,4.842831463342149,,,,
MFSD5,0.1376176787936951,1.7188442572217193,,,,
ZNF266,0.18062390747559134,2.2559918812959308,,,,
RUVBL1,0.4734959687040361,5.913962753612832,,,,
MCOLN3,0.23151390976624034,2.8916078061831167,,,,
CBLL1,0.16901627091956908,2.1110125471789405,,,,
EIF2AK2,0.24915494395245694,3.111944252548317,,,,
RP11-499E18.1,0.4606524909944403,5.753547768435031,,,,
TMEM192,0.15123102845277006,1.8888749399665605,,,,
KBTBD3,0.14820963701643403,1.8511377730219674,,,,
FAM173B,0.27197714335976425,3.396993431783684,,,,
TCEB3,0.4258138096813504,5.31841277830086,,,,
CXXC1,0.12955780793554142,1.6181765024686805,,,,
C1orf198,0.35484510439942635,4.432013933431777,,,,
TRIM44,0.1857988503794991,2.3206268974493907,,,,
SERPINH1,0.7948077198334454,9.927145238942924,,,,
FMR1,0.2677859113945229,3.3446449613161726,,,,
CTH,0.3866187883986053,4.828867119385008,,,,
TSG101,0.11442881716429598,1.4292154683002494,,,,
HPCAL1,0.605028610651393,7.556804924983426,,,,
PIGY,0.11522425354757146,1.4391504655430667,,,,
ALG2,0.23054345211262153,2.879486793974357,,,,
PTBP2,0.3034165084060467,3.789670975353585,,,,
GLRX3,0.2647875903447831,3.307195943407811,,,,
THG1L,0.07527901757896334,0.9402346282040478,,,,
RP11-1079K10.4,0.2524920984803076,3.153625299241865,,,,
ZNF267,0.3196713773285651,3.992694223124296,,,,
SLC39A8,0.5863074057651319,7.3229771508988115,,,,
NUBP2,0.2010411874474122,2.511003626409453,,,,
FBXO5,0.46997436769005213,5.869977971045857,,,,
OCEL1,0.226627644709595,2.8305783751863283,,,,
EXOC6,0.17974253797162398,2.2449835797196798,,,,
RP11-452L6.1,0.1360535811741768,1.6993086842153362,,,,
SF3A3,0.2699609871208364,3.371811648430558,,,,
UCKL1,0.0994207938738312,1.2417653174825112,,,,
RNF8,0.15006702869812152,1.8743365876907279,,,,
AC004510.3,0.1541324306184316,1.9251134414007707,,,,
CXorf23,0.18413660656449446,2.2998654788542825,,,,
KIAA2018,0.1615609356765961,2.01789543983943,,,,
NOP14,0.13307902277013373,1.6621564616566,,,,
SLCO1B3,0.09754147539100942,1.2182926371553608,,,,
RP11-31F15.1,0.08293095355891315,1.0358072779613663,,,,
MAP2K3,0.4000174378979111,4.996216197993821,,,,
TTI2,0.20167050360257013,2.518863782668095,,,,
MED4,0.15712050436459343,1.9624344705284655,,,,
CHCHD6,0.1540569179277388,1.92417028819631,,,,
MRPL50,0.5575683356848469,6.96402628064439,,,,
MIR3918,0.360892415075655,4.507544819569259,,,,
C11orf83,0.12274223377341087,1.5330500084677983,,,,
CALM3,0.15709699980776023,1.9621408987077125,,,,
ATPAF1,0.07219327598934441,0.901693728102558,,,,
ELMOD2,0.08576137507252783,1.0711592313356613,,,,
GCC2,0.1337135482885198,1.6700816828411076,,,,
MKRN1,0.15858584295745481,1.9807365436872562,,,,
AC002117.1,0.11194620005197428,1.398207590505772,,,,
PLOD2,0.41752009894023145,5.214824364345693,,,,
EIF3F,0.40866756741434507,5.1042562810258545,,,,
TBCB,0.0844876806186844,1.0552507927060144,,,,
GPD2,0.0769078725731852,0.9605790205612412,,,,
PLEKHJ1,0.2245260331605926,2.8043292553524664,,,,
CDK16,0.14390483816957414,1.797370852657672,,,,
FADS1,0.16280254645116224,2.033403153443341,,,,
TMED7,0.0876678872778651,1.094971561148168,,,,
TSPAN3,0.12033668268988397,1.5030046850644572,,,,
UFC1,0.3231081107233159,4.035619009466791,,,,
ARL17B,0.09821218464983389,1.226669793113093,,,,
CENPW,0.6387952855527926,7.978550559327046,,,,
VAT1,0.1486482728028239,1.8566163322380285,,,,
NAT10,0.13294623141147624,1.6604978981185587,,,,
OPA3,0.12204227760450642,1.5243075587202486,,,,
LIMA1,0.5422372764542401,6.772541412227457,,,,
BCL2L13,0.4557388849914178,5.692176849127444,,,,
ALG13,0.07594513038004104,0.9485543744229233,,,,
CARHSP1,0.2595212527013186,3.2414194073231593,,,,
RNF187,0.38231326267299887,4.775091120308078,,,,
ARMCX3,0.3674261012316472,4.589150533501928,,,,
RP11-818F20.5,0.3637635057924659,4.543404731128668,,,,
RDH11,0.12035368325863338,1.5032170221000807,,,,
C14orf119,0.148922322584484,1.8600392129138865,,,,
CREBZF,0.15507686772081605,1.9369094570287788,,,,
INTS9,0.12054629094959741,1.5056226913891737,,,,
ARNTL2,0.11992344488614846,1.4978433465500756,,,,
TMEM134,0.28046791240412805,3.503043103157514,,,,
SLC30A9,0.11418859744444501,1.4262151249609591,,,,
ACADM,0.2161536435850654,2.6997581430705084,,,,
SLC3A2,0.31342295782739255,3.914651488568344,,,,
MUTYH,0.09496916135122387,1.1861644450959352,,,,
EIF4G3,0.10994303468287484,1.3731880630647981,,,,
LIF,0.10474397228042308,1.308251794471079,,,,
GDPD3,0.6460123242383362,8.068691343618214,,,,
TTC26,0.2531885437327616,3.162323897657003,,,,
N4BP1,0.23910468036492433,2.9864165005732826,,,,
TIMM8A,0.34167849576915965,4.267563044348355,,,,
TACC1,0.12346066931362865,1.5420232654890749,,,,
IPO4,0.11469468546646311,1.432536162329992,,,,
MACF1,0.06762861860872066,0.8446811756918183,,,,
RBM6,0.07804038607746752,0.9747241096960458,,,,
TLDC1,0.0820294175282366,1.024547096547248,,,,
PTPLAD1,0.1118186002486763,1.3966138694733883,,,,
KANSL1,0.2963401621366392,3.7012874387767374,,,,
N6AMT2,0.48294999383028686,6.03204348959332,,,,
RP11-260M2.1,0.08454346808398155,1.0559475779242473,,,,
TNPO1,0.1551966046710184,1.938404971057475,,,,
GPS2,0.15104604078932418,1.8865644447906647,,,,
MRPL17,0.245491616930242,3.066189312705895,,,,
PHF21A,0.495891948658903,6.193688453593461,,,,
ZNF259,0.20673922753568433,2.582172124301559,,,,
MIS18A,0.13158664277897444,1.643516641541321,,,,
SLC25A26,0.2554981738789271,3.191171168936691,,,,
RB1CC1,0.12147779164580227,1.5172571313557857,,,,
GEMIN8,0.10383660775908987,1.2969188152319917,,,,
ARHGAP17,0.19929994962325942,2.4892555729563135,,,,
RNMTL1,0.15810473260806887,1.9747274773494081,,,,
GNB1,0.10348918671204474,1.292579527745195,,,,
GALNT7,0.11290455252729979,1.4101774090861081,,,,
IGBP1,0.3244635841482754,4.0525488671183005,,,,
LINC00116,0.3706485214713441,4.629398549395739,,,,
AIF1L,0.18604921820984155,2.3237539906480946,,,,
FAM105B,0.18578807388599325,2.320492299088643,,,,
IVNS1ABP,0.18882080460823455,2.3583710936688,,,,
HIRIP3,0.17884821157747643,2.233813446636947,,,,
CASC5,0.5500281170185735,6.869848979687663,,,,
GPR116,0.16389685451625424,2.0470710567956023,,,,
STOM,0.3371813888700072,4.211394197180774,,,,
VWA9,0.1839206977539009,2.297168778674296,,,,
CTTNBP2NL,0.16272274050908847,2.032406377546319,,,,
PRKACB,0.24776588342399194,3.094594892108481,,,,
AC006042.8,0.10540754472947789,1.316539811703358,,,,
LYPLA1,0.3296384590222867,4.117183033578626,,,,
PDLIM7,0.26808670670259205,3.3484018935098114,,,,
ZNF480,0.06942154338743124,0.8670747990004714,,,,
DSN1,0.19032536134145137,2.3771630012436313,,,,
PPP4R1L,0.13819201199765785,1.7260176766400415,,,,
TNIK,0.17402870372055426,2.1736178127974584,,,,
TRAPPC5,0.4303901722702638,5.375571528716279,,,,
MBP,0.37443231049079606,4.676658059101418,,,,
SLC35C2,0.16370336652950715,2.044654392615703,,,,
RBM47,0.49982667236278616,6.242833136903463,,,,
SMAP1,0.11901128179973222,1.486450433252311,,,,
FAAH2,0.21417454173571226,2.6750391688948345,,,,
SF3B1,0.2793818448781434,3.4894781241057147,,,,
DNER,0.20292509618968868,2.5345336390588167,,,,
PSRC1,0.18199318391759456,2.2730941385750594,,,,
SPRYD7,0.14730851191049918,1.8398827240562279,,,,
KIAA0195,0.2120881751229249,2.64898045825327,,,,
CUL4A,0.20945840491825654,2.616134638924467,,,,
RP4-742C19.12,1.032439637833892,12.895166943479646,,,,
CXorf40B,0.11458503774993502,1.4311666627894981,,,,
SCLY,0.15167788234877816,1.8944561433388547,,,,
PET112,0.3331777688543693,4.161388999212761,,,,
RP11-316M1.12,0.20948096184133413,2.6164163748034057,,,,
OXSM,0.09570284377794003,1.1953281356685401,,,,
CSNK1D,0.31645639081664073,3.952539054460605,,,,
PLA2G16,0.363418510635239,4.539095742995989,,,,
ODF2L,0.20575460637280313,2.5698742099188117,,,,
OIP5,0.5393404345098299,6.736359867938421,,,,
C3orf62,0.18712463550569225,2.337185948368156,,,,
POLR3K,0.3311872323705368,4.136527206498215,,,,
CST3,0.11525790774523184,1.4395708063371202,,,,
SVIL,0.4981406110601781,6.221774237983534,,,,
RRP15,0.38031142199760426,4.750088138286174,,,,
NELFA,0.07990366995152372,0.9979965178239038,,,,
SUGT1,0.3256097538172155,4.066864521695012,,,,
PLP2,0.08413738998920489,1.0508756641461,,,,
TBC1D7,0.1619850351145619,2.0231924401218664,,,,
ASNSD1,0.2664085972173589,3.3274423127570625,,,,
EP300,0.42636930553262253,5.325350919259486,,,,
TCTA,0.2747945056735517,3.432182275804415,,,,
RP11-186N15.3,0.2793449769780302,3.4890176441808904,,,,
AGAP1,0.15263006321526643,1.9063488785495197,,,,
DPH3P1,0.20519272357295784,2.562856295998075,,,,
COL13A1,0.7067593891536035,8.827421941227056,,,,
PTPRM,0.10322398276660792,1.2892671315283544,,,,
TMBIM1,0.4831522246205932,6.034569351354675,,,,
SLC12A2,0.14207339296508778,1.7744961093852845,,,,
COG6,0.3469507802322872,4.333413856186793,,,,
AGGF1,0.14969849624170165,1.869733618785354,,,,
ARAF,0.1353527486961092,1.6905552893698466,,,,
SLC25A4,0.17865434228201202,2.2313920199126946,,,,
CTCF,0.159629706465264,1.9937743947209952,,,,
LSM4,0.14078786155844425,1.7584398272625503,,,,
FAM50A,0.10428299644995567,1.3024942081939208,,,,
DRG1,0.10847717815421448,1.3548795208899518,,,,
MAP4,0.16127767861137648,2.0143575602287727,,,,
M6PR,0.23892541186960323,2.98417743778437,,,,
RSU1,0.1594240922407407,1.9912062738798144,,,,
TREX1,0.13295335955865856,1.6605869286483306,,,,
KDM5A,0.2085932294036925,2.605328600211035,,,,
KIAA1715,0.2168816018957778,2.708850339457141,,,,
NME4,0.20627996329597129,2.5764359157860715,,,,
C9orf89,0.3153113425662102,3.9382374063965884,,,,
RECQL,0.3001905891798361,3.7493792571322246,,,,
RP11-109M17.2,0.22499442911770898,2.8101795189817658,,,,
SLC16A4,0.11788238225251685,1.4723504824268052,,,,
PAPD5,0.14033315661993156,1.752760564400803,,,,
TMCC1,0.11785222739025267,1.4719738483178415,,,,
SLC4A7,0.4183488663221115,5.225175665627651,,,,
PPP4R2,0.19077243366823066,2.382746932815383,,,,
CEP19,0.2144477112775684,2.6784510553790644,,,,
HERC3,0.18663364021259207,2.3310534191228887,,,,
MFF,0.07828109828739507,0.977730604234421,,,,
MTMR12,0.18520790549771296,2.313245998241554,,,,
PSMC1,0.13994318864887187,1.7478898660033886,,,,
NTAN1,0.23839919470298943,2.977604987479918,,,,
LARP4B,0.0758563784453592,0.9474458631140392,,,,
LINC00998,0.15035832025512572,1.877974818071611,,,,
DUS2,0.10181119312103153,1.2716213945107893,,,,
DHFRL1,0.2963471640517536,3.701374892668486,,,,
PTPN3,0.14330670708298918,1.789900197780666,,,,
RP11-552M11.4,0.1645465512859494,2.0551857668482265,,,,
SLC39A6,0.18872379165423814,2.3571594022617472,,,,
AK4,0.18242031130357658,2.278428957916097,,,,
ZBED5,0.1637385905052205,2.045094339931354,,,,
SIRT2,0.23081674039394234,2.8829001635140252,,,,
HDAC6,0.08907228081023326,1.1125124307453735,,,,
ZNF644,0.23954882126337398,2.9919638186169326,,,,
NIN,0.4055210273950936,5.064956008781643,,,,
RMDN3,0.22007071870003556,2.748682395575638,,,,
TRIP4,0.16853711768562252,2.105027925205096,,,,
UBE2N,0.47768993128918913,5.966345329512109,,,,
AC108488.3,0.37767340422183393,4.717139306827324,,,,
VPS36,0.09960812511233537,1.2441050839015033,,,,
MID1,0.26129483987908075,3.2635715040733784,,,,
TOPORS,0.10591665029001023,1.322898538116354,,,,
SCP2,0.12077183327415492,1.508439714120005,,,,
ALG6,0.09982141286838861,1.246769047120774,,,,
LSG1,0.2190342628221231,2.735737065809655,,,,
BNIP1,0.23308185942313842,2.9111914911209524,,,,
KDSR,0.22679865680775635,2.832714315607767,,,,
SNAPC5,0.11506178635327823,1.4371212509367333,,,,
KIAA1522,0.28870581260638584,3.605934443705725,,,,
ATP11C,0.2872273843060152,3.587468880152545,,,,
ARHGEF3,0.21634521446574237,2.7021508626032666,,,,
ARHGAP27,0.15484020321493344,1.9339535182977212,,,,
MTRF1,0.10761311471849636,1.344087372036854,,,,
C19orf10,0.13936868446789008,1.740714311082783,,,,
C11orf82,0.494426038227788,6.175379238177173,,,,
ING5,0.2461254748318985,3.074106195360123,,,,
PTEN,0.3025655258503191,3.779042206639203,,,,
TM9SF3,0.22624151858141922,2.8257556613911543,,,,
TP53BP1,0.097015521134981,1.2117234706030677,,,,
RP11-69H7.3,0.07838755958644339,0.9790603054333483,,,,
EIF1B,0.13371062236717254,1.6700451380951933,,,,
NMNAT1,0.12762557161508722,1.5940428785613423,,,,
CHSY1,0.39350355292114353,4.914857800710399,,,,
CBX1,0.473906474564356,5.919089970164889,,,,
EFHC1,0.2426592940902539,3.0308136117728077,,,,
MTHFS,0.3498228973984884,4.369286588094976,,,,
DLAT,0.2710578102788326,3.3855109652831246,,,,
PRPF38A,0.3297823433837489,4.118980148677291,,,,
FAM86B3P,0.33664294288192254,4.204669008945105,,,,
POLH,0.10304801922770472,1.2870693476318713,,,,
SHMT1,0.11164660367383943,1.394465632942213,,,,
CDC73,0.15304796270616214,1.9115684415178706,,,,
TP53TG1,0.24113662017758158,3.0117954206991038,,,,
PIM1,0.2826539981233986,3.5303473050398577,,,,
MRPL42,0.5237700230720671,6.541885491412284,,,,
STK4,0.42464227192701953,5.303780276439171,,,,
EMC3,0.1531488988890651,1.9128291340382606,,,,
CDK2AP2,0.17068770610050865,2.131888765897781,,,,
CAP2,0.1168367014746461,1.4592899336972722,,,,
RFFL,0.27546358542073296,3.4405390791682473,,,,
PADI4,0.2690231442072329,3.3600979941940263,,,,
ACO2,0.34460529488673003,4.304118753610238,,,,
RP3-406A7.7,0.15086145277295107,1.8842589412051078,,,,
LINC00888,0.10953839599295706,1.368134127447576,,,,
RNF41,0.09858919688489699,1.2313786744197746,,,,
NEDD1,0.21991153628253712,2.7466942078183223,,,,
KCTD6,0.1010926334372536,1.2626465869369434,,,,
NFATC2IP,0.1286326672959597,1.606621499583831,,,,
SSNA1,0.09671644384700913,1.2079879964735663,,,,
PEA15,0.11181714013990741,1.39659563272071,,,,
TLE1,0.23074965017881888,2.882062206995709,,,,
UNC45A,0.270507161293237,3.3786333616573954,,,,
PPIAP2,0.20779430334299998,2.595350016911249,,,,
SERPINB6,0.3253372251564932,4.063460639813578,,,,
SPR,0.2480703849830259,3.0983981153618334,,,,
RP11-465B22.3,0.10773676088244366,1.345631712129575,,,,
COX11,0.3561308879711603,4.448073365095481,,,,
GAS5,0.1675245669776575,2.092381170916059,,,,
RP11-33B1.1,0.16480598087948933,2.058426041432991,,,,
TMEM99,0.15073067337520576,1.8826255070508056,,,,
MICU1,0.1799995747251231,2.2481939677419134,,,,
TBC1D20,0.1149234427700725,1.4353933401363113,,,,
PJA1,0.20201890419788318,2.5232153047088364,,,,
OGT,0.2887043255201418,3.60591587000449,,,,
GTF2F2,0.236510669555445,2.954017315947238,,,,
PLEKHG6,0.1529524763067788,1.910375816771824,,,,
NHSL1,0.45769665322714115,5.716629366554285,,,,
NAT1,0.6790319834694416,8.481106755230314,,,,
APMAP,0.3061479318981366,3.8237864438353446,,,,
MEAF6,0.18406830218454756,2.299012357422182,,,,
NUDT2,0.15043452472617969,1.878926611610013,,,,
C19orf48,0.19415196327523693,2.424957244077948,,,,
TSR1,0.21091372344375214,2.634311561481971,,,,
JAGN1,0.2054479651717669,2.5660442625454163,,,,
C1orf43,0.23961844356545275,2.992833400891184,,,,
SSU72,0.2955257977882455,3.691116031325366,,,,
RP11-385D13.3,0.16383791200885697,2.0463348651141695,,,,
ACACA,0.12425834588359215,1.5519862426546576,,,,
TRAPPC2L,0.23986047694346121,2.995856396813601,,,,
PVR,0.10393125409769191,1.2981009476222427,,,,
RBM4,0.12352818973633566,1.5428665952983875,,,,
AC008964.1,0.36068625759282813,4.504969913434041,,,,
ABHD16A,0.39982071327907853,4.993759108292131,,,,
MYL6B,0.24429412117495947,3.051232595516235,,,,
FAM65A,0.1312148940340338,1.638873501205198,,,,
NEMF,0.1865670840798551,2.3302221332914415,,,,
POGLUT1,0.11632455081782617,1.4528931740438344,,,,
EPHA1,0.20088771866966285,2.50908680198973,,,,
ESRP2,0.0941954925640591,1.1765013250414005,,,,
ALG11,0.08343584414236112,1.0421133593274519,,,,
RABGAP1L,0.11179546439540287,1.3963249027586206,,,,
COX6B2,0.08131660030676824,1.0156440123046604,,,,
CREB3L4,0.28050715599963216,3.5035332555082603,,,,
ZMYM4,0.3407127246363752,4.255500566766056,,,,
UBE2H,0.3332539752923318,4.162340817317843,,,,
ZFYVE16,0.11323941301458483,1.4143598152317836,,,,
PTPRE,0.33087751347637284,4.132658818749975,,,,
ELK4,0.2810599787776283,3.5104380097923698,,,,
SLC35G2,0.06652889787396091,0.8309456681170746,,,,
TPRN,0.33092323137922347,4.1332298351735615,,,,
ESD,0.31540536102891464,3.939411696619392,,,,
FARSB,0.6546287679792121,8.176310691448379,,,,
FAM58A,0.11213186647098856,1.400526563336,,,,
ANXA11,0.4115523347815689,5.14028701389417,,,,
DCAF6,0.3070099982410668,3.834553649007516,,,,
MAP9,0.10162177812991965,1.2692556020300687,,,,
PAF1,0.19155500831099803,2.3925212869707426,,,,
CTSC,0.09334495799131551,1.165878151632696,,,,
SERPINE1,0.8467134716525856,10.575447871374712,,,,
MCTP1,0.42623543231070393,5.323678843253644,,,,
NBR1,0.37715923362460674,4.710717318126286,,,,
BRPF3,0.22438148677760328,2.8025238716075784,,,,
MARCH9,0.13432166212557192,1.6776770222314852,,,,
SEC61A1,0.07894488047052743,0.9860212410444892,,,,
ZNF689,0.13301105681904868,1.6613075671996294,,,,
MLLT6,0.15756816315725886,1.9680257270567876,,,,
AAR2,0.22719685293551595,2.8376877836494248,,,,
MFAP1,0.11775393505783291,1.470746177479403,,,,
RABEP1,0.21289465084728723,2.6590533368220695,,,,
MRFAP1,0.1450512227679033,1.8116891917015927,,,,
PLEKHA3,0.21472672534857748,2.681935940009018,,,,
KIF21A,0.48971253429550365,6.116507592932055,,,,
C12orf43,0.25575311581462334,3.194355392692953,,,,
MNAT1,0.19200166866157534,2.398100072961381,,,,
ANKRD22,0.28630499851750363,3.575948285346533,,,,
TFIP11,0.212806428415904,2.657951439007265,,,,
PGGT1B,0.22250065145677003,2.779032245979737,,,,
INO80,0.14313244337170644,1.7877236447243576,,,,
TAF12,0.3625852126958216,4.528687855068527,,,,
SDHAP1,0.3038355025397705,3.794904210406476,,,,
MANEAL,0.12012161677925383,1.5003185127016392,,,,
ZNF22,0.11017161483851429,1.376043028293682,,,,
AC007382.1,0.3095949781997934,3.8668400383438115,,,,
USP21,0.18514088003958432,2.312408850537844,,,,
LRRC58,0.3964458127649111,4.951606614380592,,,,
RPS19BP1,0.10398266014070276,1.2987430088936593,,,,
DCK,0.3051682969595224,3.811550807373731,,,,
FARP2,0.12289285803927744,1.5349313049454922,,,,
RP11-49C24.1,0.08575654369716355,1.0710988874767025,,,,
MEF2A,0.19405850345851733,2.4237899313412585,,,,
ARHGAP32,0.24559825533030183,3.067521225895747,,,,
MCM9,0.1134961243476785,1.4175661387544558,,,,
MTHFD1L,0.13788159591082866,1.7221405809582035,,,,
RP11-379B18.5,0.2195464857796274,2.742134728498351,,,,
COMMD7,0.2196610307209649,2.74356539435711,,,,
EXT2,0.13989669810209282,1.7473091992602294,,,,
BCL7B,0.10033166054328917,1.2531420385376568,,,,
TCOF1,0.4922006809388734,6.147584534547186,,,,
DNAJC25,0.13811610711020542,1.7250696248996231,,,,
CFLAR-AS1,0.21353732667330244,2.667080355316237,,,,
SRSF8,0.28903162256442794,3.6100038087773876,,,,
MRPS36,0.19640187891775768,2.4530586814461626,,,,
RP11-1149O23.2,0.34031269926203783,4.250504251441964,,,,
MED24,0.1475215813580611,1.842543960603316,,,,
RBMX2,0.20507970230996722,2.5614446608757695,,,,
EPAS1,0.11201141304993573,1.3990221005892496,,,,
ADRM1,0.4032541145389459,5.036642276283271,,,,
DDX50,0.3622807273030277,4.524884833731448,,,,
EMC4,0.10837520353030557,1.3536058582455546,,,,
EDEM3,0.17633274833312915,2.20239532078496,,,,
C12orf57,0.1693462971542774,2.1151345735292857,,,,
ENDOV,0.26033700162488027,3.2516081081128356,,,,
TXLNG,0.31711282636515825,3.9607379318337443,,,,
GBE1,0.17329287963009557,2.164427372853283,,,,
KIFAP3,0.13097270947663067,1.6358486170527469,,,,
BTBD19,0.37965730542774373,4.741918224947178,,,,
ANKRD13D,0.10755076944792678,1.3433086798570208,,,,
MAL2,0.46551022678487314,5.814220869011034,,,,
MOCOS,0.5088435129385961,6.355453439599084,,,,
FBXO46,0.06637034891465254,0.8289653922500169,,,,
BLMH,0.38700472098979144,4.833687415903956,,,,
APCDD1L-AS1,0.3472303117209658,4.336905203361367,,,,
ZNF550,0.09067406238242211,1.1325186761697552,,,,
TMEM179B,0.1538028232484069,1.9209966466686477,,,,
CEP152,0.2924514565102237,3.6527175210700866,,,,
PPIH,0.4788332678325665,5.980625598361884,,,,
DIMT1,0.17825928312010542,2.2264577325619834,,,,
TCAIM,0.10687924862652341,1.334921387485927,,,,
IRF2,0.29094727220136996,3.6339302650740586,,,,
CENPV,0.13233798156552376,1.65290085997756,,,,
INTS2,0.42531226174546927,5.312148446589503,,,,
DAP,0.12443010741408804,1.554131543482955,,,,
KDM5B,0.3722930895669542,4.649939198326369,,,,
GMFB,0.1196006776513396,1.4938119850794156,,,,
EMP2,0.14837843618214433,1.8532460739259518,,,,
LLGL2,0.29687825792507067,3.7080082530201395,,,,
PPP1R14B,0.18210446925059506,2.2744840919387377,,,,
SLC36A4,0.5914471164010933,7.3871721161666635,,,,
CNDP2,0.19503722965562462,2.4360142176250887,,,,
FBXL18,0.2768784440622969,3.458210657937414,,,,
PMM2,0.20248095057757007,2.5289862621414603,,,,
ST6GAL1,0.20235914129903457,2.527464864740179,,,,
GTPBP4,0.33753825767293566,4.215851487100732,,,,
MYCBP2-AS1,0.25224941730042033,3.1505942122765744,,,,
REV3L,0.182391997371189,2.2780753170139225,,,,
DARS2,0.0872937040123891,1.0902980136603044,,,,
LACTB,0.4268561467026172,5.331431563523795,,,,
GPBP1,0.10455025167225239,1.3058322248505299,,,,
DNAJB12,0.22251212744197288,2.77917558098898,,,,
SAP30L,0.1326853210143741,1.6572391283032304,,,,
PSMB9,0.13394279166331433,1.6729449316745832,,,,
SLC25A16,0.10552916132964772,1.3180588025526234,,,,
EHMT2,0.33187539915335257,4.145122406860713,,,,
CEP128,0.18905225791896407,2.361261944593257,,,,
KAT7,0.14360555014509793,1.7936327464300748,,,,
HES1,0.27843916618586567,3.4777040710129,,,,
APITD1,0.2873342662563771,3.5888038352846947,,,,
SOAT1,0.13777719005741562,1.7208365522670326,,,,
RBCK1,0.12923844029910814,1.6141876019681225,,,,
RAB3GAP1,0.31240012039872406,3.9018762531789006,,,,
LMNA,0.41099109539319106,5.133277136180086,,,,
STARD10,0.09749110289202374,1.2176634848446812,,,,
TSEN15,0.21249471956486124,2.654058196705575,,,,
TMEM30A,0.1535599331371033,1.9179629501508042,,,,
ISYNA1,0.14443239825274734,1.8039600759845749,,,,
ATP11B,0.11915061264726379,1.4881906749802105,,,,
DPH3,0.36430825833639535,4.550208688221591,,,,
LOXL2,0.0900701089619147,1.1249753003653657,,,,
VPS51,0.18106201404288105,2.26146383056755,,,,
MAP2K2,0.34701789900725244,4.334252169417418,,,,
PSMG2,0.23528134339016316,2.9386630370641105,,,,
PAXBP1,0.13813047471076925,1.7252490761731492,,,,
ENOX2,0.10219840932137089,1.2764577233029228,,,,
UTP3,0.08353465108122,1.043347457598255,,,,
GNG12,0.08049969913877891,1.0054409199866952,,,,
CDKN2A,0.13784407784904368,1.7216719805167016,,,,
HMBOX1,0.10910349054912576,1.362702160195138,,,,
LRPAP1,0.09175012576118893,1.1459587034628524,,,,
TPD52,0.15728748615135216,1.96452007237662,,,,
UPF3B,0.5274824947835289,6.588254248226663,,,,
PPP2R5E,0.09349061913526675,1.1676974587375357,,,,
SRSF4,0.1921519895108011,2.3999775797664458,,,,
ECE2,0.10485333280269292,1.3096177069564368,,,,
GNL2,0.19401870712898509,2.4232928753447136,,,,
MOSPD2,0.12160656520630882,1.5188655126110058,,,,
PRDM4,0.23680511873909624,2.957694985072302,,,,
ITM2B,0.19790314376420215,2.4718094733683857,,,,
COA6,0.3621153251107423,4.522818961011942,,,,
PBDC1,0.24375280877085417,3.0444716057559438,,,,
SLC35A1,0.1968620791714765,2.4588065807728356,,,,
CD163L1,0.13982512100284955,1.7464152015772185,,,,
VPS41,0.1276411712640524,1.5942377181144687,,,,
PTPLB,0.17828840048497965,2.2268214083327,,,,
SMAD4,0.16813296521361965,2.0999800624476843,,,,
OSER1-AS1,0.47471094548585824,5.929137808753992,,,,
AASDH,0.1500220836362757,1.8737752240481977,,,,
ASF1B,0.21017275111788808,2.6250568200981914,,,,
EPDR1,0.2810304877619366,3.5100696671244394,,,,
GOPC,0.18135491184002547,2.2651221228813543,,,,
TBCE,0.11855886876601833,1.4807997962723256,,,,
GFOD2,0.08559746933514423,1.069112049331888,,,,
CDS1,0.1302601255862351,1.6269484471143243,,,,
VPS16,0.07825374468686896,0.977388957873352,,,,
IWS1,0.13324925076415906,1.6642826086205191,,,,
RP4-657E11.10,0.06469094047431975,0.8079895875532735,,,,
ZBTB3,0.05992121564032665,0.7484157434708775,,,,
USP28,0.12014453892980628,1.5006048102702774,,,,
ZNF395,0.17954385084081018,2.2425019782512003,,,,
AC005519.4,0.05754814549409543,0.7187761068443316,,,,
CALB2,0.46131570273289246,5.761831280393328,,,,
RNPC3,0.24722889462774625,3.087887904193048,,,,
IKBKAP,0.12466292172944207,1.557039393349724,,,,
CLMN,0.24745366780315456,3.0906953202540848,,,,
RRAGC,0.10659113298570537,1.331322824285495,,,,
ZNF880,0.07798631194171173,0.9740487239569257,,,,
ZNF611,0.0926138374171584,1.1567464585882978,,,,
AGO1,0.10653534490627606,1.330626031396754,,,,
IRF1,0.45149914479755593,5.639222511078651,,,,
ATF2,0.11200377594394964,1.3989267131660563,,,,
TMEM63A,0.0896853170524545,1.1201692509566081,,,,
FAF2,0.3994039467348168,4.988553695822702,,,,
HS6ST2,0.2584362591913554,3.227867842727168,,,,
UBN1,0.10707439843083842,1.3373588077605971,,,,
SRPR,0.10769733062505193,1.3451392283725998,,,,
AFAP1L1,0.11905026014607573,1.486937272642103,,,,
SLC39A7,0.3696240985322139,4.616603510986976,,,,
C11orf31,0.43533245594199654,5.4373006319912545,,,,
SP3,0.21018594946251204,2.625221667369709,,,,
CORO1C,0.12740634372796916,1.5913047231288515,,,,
KRT81,0.25219432490801696,3.1499061085160025,,,,
WDR61,0.15760397527826786,1.9684730203048268,,,,
ZDHHC13,0.09680193896141265,1.209055830110212,,,,
FAM104A,0.1979528985768822,2.4724309107795808,,,,
UGGT1,0.15876117287637842,1.9829264136727307,,,,
PHLDB1,0.09229640671535025,1.1527817503934537,,,,
LSM7,0.19884003933516867,2.483511295299174,,,,
CIR1,0.291809580572482,3.6447004931772526,,,,
AFTPH,0.2782429273497984,3.4752530487360036,,,,
CNOT4,0.08097229307022527,1.0113436162985707,,,,
AQR,0.17117311211708683,2.137951485101664,,,,
RUFY2,0.1717427835561582,2.1450666790951547,,,,
ALG3,0.10182372628918956,1.2717779337309103,,,,
DDRGK1,0.09130246133166545,1.1403673765301958,,,,
SYAP1,0.17383502928966574,2.171198819930979,,,,
LY6K,0.08533241672405345,1.0658015432804235,,,,
SSH3,0.43028420272454887,5.374247969514517,,,,
SPOP,0.4170871433461707,5.209416750709083,,,,
OTUD6B,0.23618704289660614,2.949975220273884,,,,
SLC1A5,0.273689964352348,3.4183865591242846,,,,
THAP9-AS1,0.16059969656418646,2.0058895671734693,,,,
ELMOD3,0.14982109763135654,1.8712649096513452,,,,
MYO9A,0.09090339173986223,1.1353829989261301,,,,
LRRC14,0.09102378247847116,1.1368866787694072,,,,
ATM,0.15370504735136087,1.9197754261059594,,,,
GBA2,0.12679143001807613,1.583624453353912,,,,
DNAJC21,0.1304504442751071,1.6293255267764513,,,,
CUL1,0.14017593112620874,1.7507968186136107,,,,
DDB2,0.10213671202114726,1.2756871242701164,,,,
LAD1,0.20569925978721648,2.5691829312863983,,,,
GRB10,0.2516381503981318,3.1429594911140164,,,,
RAB27A,0.26606034398649997,3.3230926312977633,,,,
GALNT10,0.5164656332884542,6.450653692255915,,,,
UBE4B,0.15995708928690766,1.9978634048527444,,,,
YEATS2,0.3158153083663206,3.9445319372224903,,,,
ABCB8,0.23548002470048882,2.941144565834716,,,,
PPT1,0.25594611645763005,3.196765969951486,,,,
CEP89,0.14170651559477349,1.7699138124987437,,,,
POLR3GL,0.10170169044407287,1.2702537065139372,,,,
LEPROTL1,0.10652179412142955,1.3304567821482676,,,,
DDX24,0.19673706841049493,2.457245196868619,,,,
CCND3,0.11575412767193329,1.4457685912351521,,,,
SLC2A8,0.08553381161115481,1.0683169646140949,,,,
STAG1,0.2019619177253621,2.5225035438951764,,,,
TMPRSS13,0.5054323266137917,6.312847736057949,,,,
ELOF1,0.1818534118153611,2.2713483855776997,,,,
TXNRD3,0.2512603971697789,3.1382413548041113,,,,
C4orf27,0.3891528848626095,4.8605179740759175,,,,
RP11-333E13.2,0.2346479440267986,2.930751881551313,,,,
RN7SL368P,0.09482517562268178,1.1843660639228486,,,,
DPP8,0.12811076829690052,1.6001029831748494,,,,
POU2F1,0.33157560963039945,4.141378036919146,,,,
AK9,0.12323442394900083,1.5391974617905797,,,,
NCBP1,0.14303626780019893,1.786522412221239,,,,
FKBP2,0.22697363662042283,2.834899812767492,,,,
EFTUD1,0.20771902121984562,2.5944097434944204,,,,
ADNP2,0.35523526728506866,4.436887066311548,,,,
RP11-525A16.4,0.15142802597746102,1.8913354382613294,,,,
RP11-545E17.3,0.1568242256899449,1.958733951068169,,,,
SREBF2,0.3263515613772819,4.076129695150635,,,,
AHI1,0.09617267772627042,1.2011963598023458,,,,
TPP2,0.13542896101062574,1.6915071808730648,,,,
RANGRF,0.0898136369550273,1.1217719660260517,,,,
PCMT1,0.24663965395565488,3.0805282905574765,,,,
LYPD3,0.08641958057994147,1.0793802154883272,,,,
ZNF331,0.1734270807133038,2.166103543845319,,,,
PCSK5,0.32561751153682306,4.066961415581854,,,,
TIMP2,0.4038542777533718,5.044138312428875,,,,
SMC5,0.10304856627470138,1.2870761802466697,,,,
CCNT2,0.1790789727838277,2.2366956531804907,,,,
C10orf54,0.6198743252233678,7.742227840556979,,,,
ERLIN1,0.19469784611081556,2.431775318509045,,,,
SPTY2D1,0.12070542005805919,1.507610213316835,,,,
TRA2B,0.5053516745468564,6.311840392064793,,,,
ZFX,0.3570749390574697,4.459864559384257,,,,
CNN3,0.23703090545384206,2.960515060235607,,,,
UBASH3B,0.15745501662026726,1.966612527262711,,,,
AL132780.1,0.20714307527344378,2.5872161809294902,,,,
DSTYK,0.08759686630851873,1.094084509525343,,,,
GCDH,0.21241486203659316,2.6530607764971923,,,,
IPP,0.09240447054119691,1.1541314671456768,,,,
TTC5,0.10714216495250062,1.3382052113448748,,,,
CTDNEP1,0.19341828250701645,2.4157935742199474,,,,
HRH1,0.08060434028020962,1.0067478874242648,,,,
RP11-304L19.11,0.04436609753359877,0.5541323805881448,,,,
AGPAT6,0.08414953300228313,1.0510273303308362,,,,
RP11-161H23.5,0.5497389746157425,6.8662375922338,,,,
HKDC1,0.27503032758514995,3.4351276905362345,,,,
PRKD3,0.4291342210366617,5.359884702836417,,,,
GNL1,0.35196705709723813,4.396067134148854,,,,
TIMM10,0.3518570871602424,4.394693610076009,,,,
PPIAP19,0.19330118746970465,2.414331057672678,,,,
UGDH,0.19426743916294062,2.4263995374530936,,,,
LARP4,0.11759274102889669,1.468732864703282,,,,
TMCO1,0.15474596686677555,1.9327765066864764,,,,
FOXP1,0.08874301964236062,1.1083999600767436,,,,
ALDH2,0.0915680477852056,1.1436845502717157,,,,
NUDC,0.2676917106499774,3.343468394393904,,,,
TAF1,0.10074075726276607,1.2582516549262261,,,,
MRPS23,0.23887126809134102,2.983501182210624,,,,
AMOTL1,0.1642796130438285,2.0518517092727446,,,,
PPP2R5A,0.13600494205180094,1.698701181771574,,,,
RPF2,0.44538323419487374,5.562834812134383,,,,
GUSB,0.0866015400958346,1.0816528891134114,,,,
FNBP1,0.19957712996025812,2.492717554255818,,,,
EXOC3,0.4311523669455002,5.3850913371587605,,,,
UBE2W,0.3208102948900722,4.006919298908201,,,,
RP4-607J23.2,0.17708645549714097,2.2118091202462247,,,,
NDUFA10,0.5267348434835559,6.578916086483001,,,,
ELK3,0.22441489534960157,2.802941144538096,,,,
SHKBP1,0.2269817663194331,2.8350013526755853,,,,
RP11-982M15.2,0.12632975068751864,1.5778580803634452,,,,
MIS12,0.14972776212906605,1.870099149601378,,,,
NRD1,0.1697025742608684,2.1195844731643576,,,,
AC034102.1,0.12603739045495038,1.574206502229045,,,,
TMEM218,0.07853437228212963,0.9808939954147484,,,,
HECTD3,0.16875724173605086,2.1077772737137446,,,,
MPC2,0.15993345452671923,1.9975682067926057,,,,
RNF216,0.13777020158265474,1.7207492662452455,,,,
MAF1,0.14132531283945352,1.7651525916108293,,,,
MAPK1IP1L,0.402643835867764,5.029019898123279,,,,
TPD52L2,0.2078783567199509,2.596399843252883,,,,
DHDDS,0.3724746385287427,4.65220674413233,,,,
PIK3CB,0.23152812589908905,2.891785365625487,,,,
ZC3H18,0.15585477467016937,1.946625511712082,,,,
ZNF789,0.12294292212688171,1.5355566051992529,,,,
QSOX2,0.17635121919948973,2.202626021831861,,,,
UBE3A,0.2581715102551134,3.22456112957335,,,,
SOX15,0.20447301346397115,2.553867119617977,,,,
MRPS14,0.41728839027439163,5.21193032403693,,,,
CD2BP2,0.17076531621632138,2.132858115933593,,,,
SUCLG2,0.4401524241411354,5.497502015503187,,,,
HDAC2,0.1263580155517477,1.578211108404516,,,,
PKN1,0.23864963879241313,2.9807330331542414,,,,
ABT1,0.13275348876185783,1.6580905431964128,,,,
ZNF271,0.08898962505124726,1.1114800606465263,,,,
AJUBA,0.1897048232898323,2.3694124834630492,,,,
ACAA1,0.24965094984192962,3.118139364122219,,,,
SCNN1A,0.26600653407749425,3.322420545749694,,,,
DUS4L,0.14614374821018483,1.8253348301020875,,,,
SHROOM1,0.4582981159030312,5.724141632968374,,,,
TJP3,0.38549220840877135,4.814796139821911,,,,
TM9SF4,0.09065946474008031,1.1323363516753435,,,,
SEMA4B,0.5581764909164403,6.971622137052423,,,,
HIATL2,0.076303251225945,0.9530273023546333,,,,
HYI,0.090326079078708,1.1281723660994138,,,,
GBP1,0.7748050545739186,9.677312029926167,,,,
KIAA1143,0.13132343790865428,1.6402292137646846,,,,
UBE2L3,0.326418529781716,4.076966130253928,,,,
RP11-649E7.5,0.15279860879915053,1.9084540122175098,,,,
TCF3,0.12013149807927655,1.500441930099366,,,,
EIF2S1,0.6805824232891317,8.500471742371518,,,,
SACM1L,0.21958068430897826,2.7425618679930395,,,,
C5orf30,0.2405763412084309,3.0047975386173222,,,,
KIAA1598,0.3253364324820904,4.06345073931346,,,,
SH3KBP1,0.814243541137743,10.169898569228058,,,,
CCDC69,0.28426303177303847,3.550444128882571,,,,
RP11-35G22.1,0.0670178205206206,0.8370523100165974,,,,
WBP1L,0.07671586867436356,0.9581808926335896,,,,
ALG14,0.1953621809125501,2.440072857523242,,,,
MTMR14,0.10057541355186714,1.2561865126390028,,,,
DEFB1,0.5018291888864594,6.267844560267662,,,,
ZNF720,0.0875905314571299,1.0940053872568565,,,,
CHCHD5,0.25752041873617776,3.216428999108295,,,,
CMTR2,0.10471367185936227,1.3078733423333282,,,,
AHCY,0.25760722340915965,3.217513189126342,,,,
CCDC58,0.13521970088838128,1.6888935227839426,,,,
AC005253.4,0.14769796327940948,1.8447469700948647,,,,
FOXQ1,0.2166300435354413,2.7057083765435777,,,,
DANCR,0.18617279517418997,2.3252974664381028,,,,
WDR13,0.18238053746364594,2.277932182814586,,,,
SMTN,0.2819211677357993,3.5211942564324112,,,,
TPRA1,0.06366771582087778,0.7952095157279596,,,,
ACPL2,0.26026950570264357,3.250765084314299,,,,
ZDHHC9,0.16210145297634246,2.0246464987494615,,,,
OSBPL3,0.22714929767223851,2.837093818601463,,,,
EIF3B,0.3038150553426206,3.7946488249959285,,,,
GSAP,0.0906650135845436,1.1324056567204768,,,,
PAN2,0.17791101993622563,2.222107926789493,,,,
GALNT11,0.26888586727809877,3.3583834058986883,,,,
COMMD3-BMI1,0.1760637785705148,2.1990358895266477,,,,
APPBP2,0.23112682281109784,2.8867730916629744,,,,
SEPT6,0.1822811528421333,2.27669086928975,,,,
DTD1,0.3136666341812774,3.9176950052528796,,,,
DMPK,0.16530570704416409,2.0646676192292737,,,,
RNMT,0.09952776865590147,1.243101432082327,,,,
BRAF,0.06506009740813976,0.8126003561788752,,,,
MRPL47,0.2869472951079503,3.583970567189968,,,,
KIDINS220,0.18872813122267496,2.357213603454151,,,,
TMEM141,0.10490869423930187,1.3103091710780594,,,,
GCAT,0.303954271810278,3.7963876381196577,,,,
TRMT10C,0.5387248334834286,6.728671013583044,,,,
USO1,0.14494761958930633,1.810395188415661,,,,
UQCRFS1,0.12477229216123849,1.5584054296050291,,,,
ATF7,0.06952626555494429,0.8683827784534852,,,,
TMEM87B,0.2956743833769751,3.69297186473378,,,,
MAPRE1,0.2973974218358619,3.714492608187603,,,,
THOC7,0.14314701797876403,1.7879056815081618,,,,
SLC29A3,0.3296584148497685,4.117432281783986,,,,
DUT,0.17083676823176597,2.133750551320459,,,,
CCNL1,0.39836973505438744,4.975636396074299,,,,
AC005037.3,0.08352308844775534,1.043203040352569,,,,
PARG,0.17407564190693403,2.1742040705574386,,,,
VPS53,0.24111743491804058,3.011555796884239,,,,
P4HA1,0.14911568415576362,1.862454298165103,,,,
STRADB,0.11542797381219502,1.4416949308326814,,,,
FAF1,0.11007343766071764,1.374816795736025,,,,
BIRC3,0.3596959523440605,4.492601004841327,,,,
TMC5,0.184440438179624,2.3036603345109508,,,,
IER5,0.18874222000422336,2.35738957227929,,,,
MAN1A2,0.1886825371615174,2.3566441338128152,,,,
ESCO1,0.12696416521680468,1.5857819152945374,,,,
SPAST,0.12173107706829248,1.5204206652687353,,,,
SNHG7,0.29967952767088685,3.7429961009313315,,,,
PIGW,0.27019001093119754,3.37467215490514,,,,
THAP6,0.11158202310877087,1.3936590219430358,,,,
CCDC126,0.0900135284097393,1.1242686094951986,,,,
GUF1,0.15738396522454945,1.9657250956146288,,,,
CTD-2328D6.1,0.5719694584072932,7.143896245797124,,,,
LIPA,0.1403130429637383,1.7525093449154685,,,,
MCM2,0.2852888692324596,3.5632568346441054,,,,
INO80C,0.32839994298825237,4.101713973271568,,,,
RHOT2,0.1075182674282817,1.342902729761766,,,,
CCDC43,0.335801493196106,4.194159305737751,,,,
RDH14,0.12522035305666684,1.5640017083952504,,,,
GPR56,0.3879105607370864,4.84500135072141,,,,
PTPN9,0.11690613286632398,1.4601571315013808,,,,
DCUN1D2,0.08408164526068479,1.0501794127100414,,,,
HIST1H1C,0.21021457505384644,2.625579200890882,,,,
SENP1,0.05987424838323696,0.7478291226178467,,,,
DLD,0.28138193634621467,3.5144592585351524,,,,
F3,0.3046258830157314,3.8047760593871747,,,,
MIER1,0.40310098270772743,5.034729660324371,,,,
PRMT1,0.1445559991498798,1.8055038506949597,,,,
RPS27L,0.19765819549062047,2.4687500704119283,,,,
MBNL2,0.3528139784429812,4.406645178366786,,,,
GSE1,0.10152970357706961,1.2681055912335648,,,,
EGFR,0.8396918274110794,10.487747562907368,1.6632619297939668,0.6745801047969332,13.081449586731877,0.0004997501249375312
