peptide_sequence	hla_allele	source_id	database	disease_or_context	reference_id	reference_url	validation_level	response_type	match_notes
AEHSLQVAY	HLA-B44*03	TSNADB2_000001	TSNAdb_v2.0	Melanoma	PMID:27312342	https://doi.org/10.1158/2326-6066.CIR-15-0215	tier1	experimentally_immunogenic_mutant_peptide	experimentally_validated_tcell_immunogenicity
AMFWSVPTV	HLA-A02*01	TSNADB2_000002	TSNAdb_v2.0	Melanoma	PMID:25837513	https://doi.org/10.1126/Science.aaa3828	tier1	experimentally_immunogenic_mutant_peptide	experimentally_validated_tcell_immunogenicity
ARIGAIYSL	HLA-C07*02	TSNADB2_000004	TSNAdb_v2.0	Melanoma	PMID:33303615	http://Science.Sciencemag.org/content/370/6522/1328	tier1	experimentally_immunogenic_mutant_peptide	experimentally_validated_tcell_immunogenicity
AYLEAIHKF	HLA-A24*02	TSNADB2_000005	TSNAdb_v2.0	Colorectal Cancer	PMID:33537174	https://doi.org/10.1080/2162402X.2020.1870062	tier1	experimentally_immunogenic_mutant_peptide	experimentally_validated_tcell_immunogenicity
CLNEYHLFL	HLA-A02*01	TSNADB2_000007	TSNAdb_v2.0	Melanoma	PMID:25837513	https://doi.org/10.1126/Science.aaa3828	tier1	experimentally_immunogenic_mutant_peptide	experimentally_validated_tcell_immunogenicity
DANSFLQSV	HLA-B51*01	TSNADB2_000008	TSNAdb_v2.0	Melanoma	PMID:26819371	https://doi.org/10.18632/Oncotarget.6960	tier1	experimentally_immunogenic_mutant_peptide	experimentally_validated_tcell_immunogenicity
EPRSGFHGVL	HLA-B07*02	TSNADB2_000009	TSNAdb_v2.0	Melanoma	PMID:33303615	http://Science.Sciencemag.org/content/370/6522/1328	tier1	experimentally_immunogenic_mutant_peptide	experimentally_validated_tcell_immunogenicity
ETECEYFNRY	HLA-A01*01	TSNADB2_000010	TSNAdb_v2.0	Melanoma	PMID:33303615	http://Science.Sciencemag.org/content/370/6522/1328	tier1	experimentally_immunogenic_mutant_peptide	experimentally_validated_tcell_immunogenicity
EVLPFFLFF	HLA-A29*02	TSNADB2_000011	TSNAdb_v2.0	Melanoma	PMID:27312342	https://doi.org/10.1158/2326-6066.CIR-15-0215	tier1	experimentally_immunogenic_mutant_peptide	experimentally_validated_tcell_immunogenicity
FFYLLDFTF	HLA-A29*02	TSNADB2_000012	TSNAdb_v2.0	Melanoma	PMID:27312342	https://doi.org/10.1158/2326-6066.CIR-15-0215	tier1	experimentally_immunogenic_mutant_peptide	experimentally_validated_tcell_immunogenicity
FLIYLDVSV	HLA-A02*01	TSNADB2_000013	TSNAdb_v2.0	Melanoma	PMID:33303615	http://Science.Sciencemag.org/content/370/6522/1328	tier1	experimentally_immunogenic_mutant_peptide	experimentally_validated_tcell_immunogenicity
FLYNLLTRV	HLA-A02*01	TSNADB2_000014	TSNAdb_v2.0	Melanoma	PMID:25837513	https://doi.org/10.1126/Science.aaa3828	tier1	experimentally_immunogenic_mutant_peptide	experimentally_validated_tcell_immunogenicity
GLDDIKNLKV	HLA-A02*01	TSNADB2_000015	TSNAdb_v2.0	Melanoma	PMID:33303615	http://Science.Sciencemag.org/content/370/6522/1328	tier1	experimentally_immunogenic_mutant_peptide	experimentally_validated_tcell_immunogenicity
GLFGDIYLA	HLA-A02*01	TSNADB2_000016	TSNAdb_v2.0	Melanoma	PMID:23644516	https://doi.org/10.1038/nm.3161	tier1	experimentally_immunogenic_mutant_peptide	experimentally_validated_tcell_immunogenicity
GRIAFFLKY	HLA-B27*05	TSNADB2_000017	TSNAdb_v2.0	Melanoma	PMID:27869121	https://doi.org/10.1038/ncomms13404	tier1	experimentally_immunogenic_mutant_peptide	experimentally_validated_tcell_immunogenicity
HLYASLSRA	HLA-A02*01	TSNADB2_000018	TSNAdb_v2.0	Melanoma	PMID:25837513	https://doi.org/10.1126/Science.aaa3828	tier1	experimentally_immunogenic_mutant_peptide	experimentally_validated_tcell_immunogenicity
HMTEVVRHC	HLA-A02*01	TSNADB2_000019	TSNAdb_v2.0		PMID:33649166	https://doi.org/10.1126/Science.abc8697	tier1	experimentally_immunogenic_mutant_peptide	experimentally_validated_tcell_immunogenicity
IILVAVPHV	HLA-A02*01	TSNADB2_000020	TSNAdb_v2.0	Melanoma	PMID:25837513	https://doi.org/10.1126/Science.aaa3828	tier1	experimentally_immunogenic_mutant_peptide	experimentally_validated_tcell_immunogenicity
ILDTAGKEEY	HLA-A01*01	TSNADB2_000021	TSNAdb_v2.0	Melanoma	PMID:33303615	http://Science.Sciencemag.org/content/370/6522/1328	tier1	experimentally_immunogenic_mutant_peptide	experimentally_validated_tcell_immunogenicity
IMQTLAGELY	HLA-A29*02	TSNADB2_000022	TSNAdb_v2.0	Melanoma	PMID:27312342	https://doi.org/10.1158/2326-6066.CIR-15-0215	tier1	experimentally_immunogenic_mutant_peptide	experimentally_validated_tcell_immunogenicity
KINKNPKYK	HLA-A03*01	TSNADB2_000023	TSNAdb_v2.0	Melanoma	PMID:10064075	https://doi.org/10.1002/(sici)1521-4141(199902)29:02%3C592::aid-immu592%3E3.0.co;2-2	tier1	experimentally_immunogenic_mutant_peptide	experimentally_validated_tcell_immunogenicity
KLILWRGLK	HLA-A03*01	TSNADB2_000024	TSNAdb_v2.0	Melanoma	PMID:27869121	https://doi.org/10.1038/ncomms13404	tier1	experimentally_immunogenic_mutant_peptide	experimentally_validated_tcell_immunogenicity
KLKLPIIMK	HLA-A03*01	TSNADB2_000025	TSNAdb_v2.0	Melanoma	PMID:27869121	https://doi.org/10.1038/ncomms13404	tier1	experimentally_immunogenic_mutant_peptide	experimentally_validated_tcell_immunogenicity
KLMNIQQKL	HLA-A02*01	TSNADB2_000026	TSNAdb_v2.0	Melanoma	PMID:25837513	https://doi.org/10.1126/Science.aaa3828	tier1	experimentally_immunogenic_mutant_peptide	experimentally_validated_tcell_immunogenicity
KMIGNHLWV	HLA-A02*01	TSNADB2_000027	TSNAdb_v2.0	Melanoma	PMID:25837513	https://doi.org/10.1126/Science.aaa3828	tier1	experimentally_immunogenic_mutant_peptide	experimentally_validated_tcell_immunogenicity
KTLTSVFQK	HLA-A11*01	TSNADB2_000028	TSNAdb_v2.0	Melanoma	PMID:23644516	https://doi.org/10.1038/nm.3161	tier1	experimentally_immunogenic_mutant_peptide	experimentally_validated_tcell_immunogenicity
MLGEQLFPL	HLA-A02*01	TSNADB2_000029	TSNAdb_v2.0	Melanoma	PMID:25837513	https://doi.org/10.1126/Science.aaa3828	tier1	experimentally_immunogenic_mutant_peptide	experimentally_validated_tcell_immunogenicity
QLSCISTYV	HLA-A02*01	TSNADB2_000030	TSNAdb_v2.0	Melanoma	PMID:25837513	https://doi.org/10.1126/Science.aaa3828	tier1	experimentally_immunogenic_mutant_peptide	experimentally_validated_tcell_immunogenicity
QTNPVTLQY	HLA-A29*02	TSNADB2_000032	TSNAdb_v2.0	Melanoma	PMID:27312342	https://doi.org/10.1158/2326-6066.CIR-15-0215	tier1	experimentally_immunogenic_mutant_peptide	experimentally_validated_tcell_immunogenicity
RVADKASKK	HLA-A03*01	TSNADB2_000033	TSNAdb_v2.0	Melanoma	PMID:33303615	http://Science.Sciencemag.org/content/370/6522/1328	tier1	experimentally_immunogenic_mutant_peptide	experimentally_validated_tcell_immunogenicity
RVCGPCSTY	HLA-A29*02	TSNADB2_000034	TSNAdb_v2.0	Melanoma	PMID:27312342	https://doi.org/10.1158/2326-6066.CIR-15-0215	tier1	experimentally_immunogenic_mutant_peptide	experimentally_validated_tcell_immunogenicity
RVSTLRVSL	HLA-B07*02	TSNADB2_000035	TSNAdb_v2.0	Melanoma	PMID:33303615	http://Science.Sciencemag.org/content/370/6522/1328	tier1	experimentally_immunogenic_mutant_peptide	experimentally_validated_tcell_immunogenicity
SPGPVKLEL	HLA-B07*02	TSNADB2_000037	TSNAdb_v2.0	Melanoma	PMID:27869121	https://doi.org/10.1038/ncomms13404	tier1	experimentally_immunogenic_mutant_peptide	experimentally_validated_tcell_immunogenicity
TEDEHFEFY	HLA-B44*03	TSNADB2_000039	TSNAdb_v2.0	Melanoma	PMID:27312342	https://doi.org/10.1158/2326-6066.CIR-15-0215	tier1	experimentally_immunogenic_mutant_peptide	experimentally_validated_tcell_immunogenicity
TENGLTLEGW	HLA-B44*03	TSNADB2_000040	TSNAdb_v2.0	Melanoma	PMID:33303615	http://Science.Sciencemag.org/content/370/6522/1328	tier1	experimentally_immunogenic_mutant_peptide	experimentally_validated_tcell_immunogenicity
TLPEEFHEF	HLA-A24*02	TSNADB2_000041	TSNAdb_v2.0	Colorectal Cancer	PMID:33537174	https://doi.org/10.1080/2162402X.2020.1870062	tier1	experimentally_immunogenic_mutant_peptide	experimentally_validated_tcell_immunogenicity
TLWCSPIKV	HLA-A02*01	TSNADB2_000042	TSNAdb_v2.0	Melanoma	PMID:27312342	https://doi.org/10.1158/2326-6066.CIR-15-0215	tier1	experimentally_immunogenic_mutant_peptide	experimentally_validated_tcell_immunogenicity
TLWCSPIKV	HLA-A02*01	TSNADB2_000043	TSNAdb_v2.0	Melanoma	PMID:33303615	http://Science.Sciencemag.org/content/370/6522/1328	tier1	experimentally_immunogenic_mutant_peptide	experimentally_validated_tcell_immunogenicity
TLYSLTLLY	HLA-A29*02	TSNADB2_000044	TSNAdb_v2.0	Melanoma	PMID:27312342	https://doi.org/10.1158/2326-6066.CIR-15-0215	tier1	experimentally_immunogenic_mutant_peptide	experimentally_validated_tcell_immunogenicity
VVPCEPPEV	HLA-A02*01	TSNADB2_000046	TSNAdb_v2.0	Colorectal Cancer	PMID:30714987	https://doi.org/10.1172/JCI123791	tier1	experimentally_immunogenic_mutant_peptide	experimentally_validated_tcell_immunogenicity
YFLEFDQQY	HLA-C07*02	TSNADB2_000047	TSNAdb_v2.0	Melanoma	PMID:33303615	http://Science.Sciencemag.org/content/370/6522/1328	tier1	experimentally_immunogenic_mutant_peptide	experimentally_validated_tcell_immunogenicity
GWVKPIIIGH	HLA-B58*01	TSNADB2_000048	TSNAdb_v2.0	Glioblastoma	PMID:30733620	https://doi.org/10.1038/s41586-019-0959-z	tier1	experimentally_immunogenic_mutant_peptide	experimentally_validated_tcell_immunogenicity
HPGSLPLHL	HLA-B53*01	TSNADB2_000049	TSNAdb_v2.0	Glioblastoma	PMID:30733620	https://doi.org/10.1038/s41586-019-0959-z	tier1	experimentally_immunogenic_mutant_peptide	experimentally_validated_tcell_immunogenicity
ITDMVEGAKK	HLA-A03*01	TSNADB2_000050	TSNAdb_v2.0	Glioblastoma	PMID:30733620	https://doi.org/10.1038/s41586-019-0959-z	tier1	experimentally_immunogenic_mutant_peptide	experimentally_validated_tcell_immunogenicity
KQNDISAEF	HLA-B15*01	TSNADB2_000051	TSNAdb_v2.0	Glioblastoma	PMID:30733620	https://doi.org/10.1038/s41586-019-0959-z	tier1	experimentally_immunogenic_mutant_peptide	experimentally_validated_tcell_immunogenicity
LLHGFSFYL	HLA-A02*01	TSNADB2_000052	TSNAdb_v2.0	Melanoma	PMID:31685621	https://doi.org/10.1073/pnas.1906026116	tier1	experimentally_immunogenic_mutant_peptide	experimentally_validated_tcell_immunogenicity
LVPPSKRKMWV	HLA-A68*02	TSNADB2_000053	TSNAdb_v2.0	Glioblastoma	PMID:30733620	https://doi.org/10.1038/s41586-019-0959-z	tier1	experimentally_immunogenic_mutant_peptide	experimentally_validated_tcell_immunogenicity
NNTPGTYLLSV	HLA-A02*01	TSNADB2_000054	TSNAdb_v2.0	Glioblastoma	PMID:30733620	https://doi.org/10.1038/s41586-019-0959-z	tier1	experimentally_immunogenic_mutant_peptide	experimentally_validated_tcell_immunogenicity
RLRMREHMMK	HLA-A03*01	TSNADB2_000055	TSNAdb_v2.0	Glioblastoma	PMID:30733620	https://doi.org/10.1038/s41586-019-0959-z	tier1	experimentally_immunogenic_mutant_peptide	experimentally_validated_tcell_immunogenicity
RLSDFSEQL	HLA-A02*01	TSNADB2_000056	TSNAdb_v2.0	Ovarian Cancer	PMID:31685621	https://doi.org/10.1073/pnas.1906026116	tier1	experimentally_immunogenic_mutant_peptide	experimentally_validated_tcell_immunogenicity
SAWLFRMWYI	HLA-A02*01	TSNADB2_000057	TSNAdb_v2.0	Glioblastoma	PMID:30733620	https://doi.org/10.1038/s41586-019-0959-z	tier1	experimentally_immunogenic_mutant_peptide	experimentally_validated_tcell_immunogenicity
YLLAPLREAL	HLA-A02*01	TSNADB2_000058	TSNAdb_v2.0	Glioblastoma	PMID:30733620	https://doi.org/10.1038/s41586-019-0959-z	tier1	experimentally_immunogenic_mutant_peptide	experimentally_validated_tcell_immunogenicity
YMQTASTSYY	HLA-A01*01	TSNADB2_000059	TSNAdb_v2.0	Glioblastoma	PMID:30733620	https://doi.org/10.1038/s41586-019-0959-z	tier1	experimentally_immunogenic_mutant_peptide	experimentally_validated_tcell_immunogenicity
YTERQRWDF	HLA-A01*01	TSNADB2_000060	TSNAdb_v2.0	Glioblastoma	PMID:30733620	https://doi.org/10.1038/s41586-019-0959-z	tier1	experimentally_immunogenic_mutant_peptide	experimentally_validated_tcell_immunogenicity
AAASATLAL	HLA-C08*01	TSNADB2_000068	TSNAdb_v2.0	Lung Cancer	PMID:33473101	https://doi.org/10.1038/s41392-020-00448-5	tier2	experimentally_immunogenic_mutant_peptide	experimentally_validated_tcell_immunogenicity
ACAQCAKAFPKAYL	HLA-DRB112*02	TSNADB2_000070	TSNAdb_v2.0	Lung Cancer	PMID:33473101	https://doi.org/10.1038/s41392-020-00448-5	tier2	experimentally_immunogenic_mutant_peptide	experimentally_validated_tcell_immunogenicity
ACDPHSGHFV	HLA-A02*01	TSNADB2_000071	TSNAdb_v2.0	Melanoma	PMID:7652577	https://doi.org/10.1126/Science.7652577	tier2	experimentally_immunogenic_mutant_peptide	experimentally_validated_tcell_immunogenicity
AEAMEILLSL	HLA-B40*01	TSNADB2_000073	TSNAdb_v2.0	Lung Cancer	PMID:33473101	https://doi.org/10.1038/s41392-020-00448-5	tier2	experimentally_immunogenic_mutant_peptide	experimentally_validated_tcell_immunogenicity
AEFEVPKLVL	HLA-B40*01	TSNADB2_000074	TSNAdb_v2.0	Lung Cancer	PMID:33473101	https://doi.org/10.1038/s41392-020-00448-5	tier2	experimentally_immunogenic_mutant_peptide	experimentally_validated_tcell_immunogenicity
AEIFYQIVDL	HLA-B40*01	TSNADB2_000075	TSNAdb_v2.0	Lung Cancer	PMID:33473101	https://doi.org/10.1038/s41392-020-00448-5	tier2	experimentally_immunogenic_mutant_peptide	experimentally_validated_tcell_immunogenicity
AEPINIQTW	HLA-B44*03	TSNADB2_000076	TSNAdb_v2.0	Bladder Cancer	PMID:9637538	https://www.jimmunol.org/content/160/12/6188.long	tier2	experimentally_immunogenic_mutant_peptide	experimentally_validated_tcell_immunogenicity
AESWISKM	HLA-B49*01	TSNADB2_000077	TSNAdb_v2.0	Colorectal Cancer	PMID:31164343	https://doi.org/10.1158/2159-8290.CD-18-1494	tier2	experimentally_immunogenic_mutant_peptide	experimentally_validated_tcell_immunogenicity
AETYARYRYL	HLA-B40*01	TSNADB2_000078	TSNAdb_v2.0	Lung Cancer	PMID:33473101	https://doi.org/10.1038/s41392-020-00448-5	tier2	experimentally_immunogenic_mutant_peptide	experimentally_validated_tcell_immunogenicity
AEYQDMHSY	HLA-B44*02	TSNADB2_000079	TSNAdb_v2.0	Non-Small-Cell Lung Cancer	PMID:33038342	https://doi.org/10.1016/j.cell.2020.09.015	tier2	experimentally_immunogenic_mutant_peptide	experimentally_validated_tcell_immunogenicity
AFGSAHLFR	HLA-A31*01	TSNADB2_000080	TSNAdb_v2.0	Lung Cancer	PMID:28031159	https://doi.org/10.1158/2159-8290.CD-16-0828	tier2	experimentally_immunogenic_mutant_peptide	experimentally_validated_tcell_immunogenicity
AGQHIAKSLF	HLA-B44*02	TSNADB2_000082	TSNAdb_v2.0	Melanoma	PMID:28678784	https://doi.org/10.1038/nature23003	tier2	experimentally_immunogenic_mutant_peptide	experimentally_validated_tcell_immunogenicity
AINRPTVLK	HLA-A03*01	TSNADB2_000085	TSNAdb_v2.0	Melanoma	PMID:33038342	https://doi.org/10.1016/j.cell.2020.09.015	tier2	experimentally_immunogenic_mutant_peptide	experimentally_validated_tcell_immunogenicity
ALDHMFMYFL	HLA-A02*01	TSNADB2_000087	TSNAdb_v2.0	Melanoma	PMID:33038342	https://doi.org/10.1016/j.cell.2020.09.015	tier2	experimentally_immunogenic_mutant_peptide	experimentally_validated_tcell_immunogenicity
ALDPHSGHFV	HLA-A02*01	TSNADB2_000088	TSNAdb_v2.0	Melanoma	PMID:27198675	https://doi.org/10.1126/Science.aaf2288	tier2	experimentally_immunogenic_mutant_peptide	experimentally_validated_tcell_immunogenicity
ALGALTVWL	HLA-A02*01	TSNADB2_000089	TSNAdb_v2.0	Breast Cancer	PMID:28619968	https://doi.org/10.1158/2326-6066.CIR-16-0264	tier2	experimentally_immunogenic_mutant_peptide	experimentally_validated_tcell_immunogenicity
ALIHHNTYL	HLA-A02*01	TSNADB2_000091	TSNAdb_v2.0	Melanoma	PMID:26389673	https://doi.org/10.1172/JCI82416	tier2	experimentally_immunogenic_mutant_peptide	experimentally_validated_tcell_immunogenicity
ALLETPSLLL	HLA-A02*01	TSNADB2_000092	TSNAdb_v2.0	Melanoma	PMID:27198675	https://doi.org/10.1126/Science.aaf2288	tier2	experimentally_immunogenic_mutant_peptide	experimentally_validated_tcell_immunogenicity
ALPPTVYEV	HLA-A02*01	TSNADB2_000093	TSNAdb_v2.0	Melanoma	PMID:33038342	https://doi.org/10.1016/j.cell.2020.09.015	tier2	experimentally_immunogenic_mutant_peptide	experimentally_validated_tcell_immunogenicity
ALSPVIPHI	HLA-A02*01	TSNADB2_000094	TSNAdb_v2.0	Melanoma	PMID:27198675	https://doi.org/10.1126/Science.aaf2288	tier2	experimentally_immunogenic_mutant_peptide	experimentally_validated_tcell_immunogenicity
ALYFNSQWK	HLA-A03*01	TSNADB2_000095	TSNAdb_v2.0	Non-Small-Cell Lung Cancer	PMID:33038342	https://doi.org/10.1016/j.cell.2020.09.015	tier2	experimentally_immunogenic_mutant_peptide	experimentally_validated_tcell_immunogenicity
ALYGFVPVL	HLA-A02*01	TSNADB2_000096	TSNAdb_v2.0	Melanoma	PMID:26389673	https://doi.org/10.1172/JCI82416	tier2	experimentally_immunogenic_mutant_peptide	experimentally_validated_tcell_immunogenicity
APARLERRHSA	HLA-B07*02	TSNADB2_000099	TSNAdb_v2.0	Melanoma	PMID:26901407	https://doi.org/10.1038/nm.4051	tier2	experimentally_immunogenic_mutant_peptide	experimentally_validated_tcell_immunogenicity
AQDIYRASY	HLA-B15*01	TSNADB2_000101	TSNAdb_v2.0	Neuroblastoma	PMID:29441070	https://doi.org/10.3389/fimmu.2018.00099	tier2	experimentally_immunogenic_mutant_peptide	experimentally_validated_tcell_immunogenicity
AQDIYRASYY	HLA-B15*01	TSNADB2_000102	TSNAdb_v2.0	Neuroblastoma	PMID:29441070	https://doi.org/10.3389/fimmu.2018.00099	tier2	experimentally_immunogenic_mutant_peptide	experimentally_validated_tcell_immunogenicity
AQMCISGF	HLA-C12*03	TSNADB2_000104	TSNAdb_v2.0	Pediatric Medulloblastoma	PMID:31351799	https://doi.org/10.1016/j.jcyt.2019.06.009	tier2	experimentally_immunogenic_mutant_peptide	experimentally_validated_tcell_immunogenicity
AQQITKTEV	HLA-B52*01	TSNADB2_000105	TSNAdb_v2.0	Non Small Cell Lung Cancer	PMID:16287085	https://doi.org/10.1002/ijc.21594	tier2	experimentally_immunogenic_mutant_peptide	experimentally_validated_tcell_immunogenicity
ARGGLVDEKALAR	HLA-DRB103*01	TSNADB2_000106	TSNAdb_v2.0	Primary Bladder Cancer	PMID:31036766	https://doi.org/10.4049/jimmunol.1801022	tier2	experimentally_immunogenic_mutant_peptide	experimentally_validated_tcell_immunogenicity
ARGGLVDEKALARAL	HLA-DRB103*01	TSNADB2_000107	TSNAdb_v2.0	Primary Bladder Cancer	PMID:31036766	https://doi.org/10.4049/jimmunol.1801022	tier2	experimentally_immunogenic_mutant_peptide	experimentally_validated_tcell_immunogenicity
ARGGLVDEKALARALKE	HLA-DRB103*01	TSNADB2_000108	TSNAdb_v2.0	Primary Bladder Cancer	PMID:31036766	https://doi.org/10.4049/jimmunol.1801022	tier2	experimentally_immunogenic_mutant_peptide	experimentally_validated_tcell_immunogenicity
ARGGLVDEKALARALKEGR	HLA-DRB103*01	TSNADB2_000109	TSNAdb_v2.0	Primary Bladder Cancer	PMID:31036766	https://doi.org/10.4049/jimmunol.1801022	tier2	experimentally_immunogenic_mutant_peptide	experimentally_validated_tcell_immunogenicity
ARGGLVDEKALARALKEGRIR	HLA-DRB103*01	TSNADB2_000110	TSNAdb_v2.0	Primary Bladder Cancer	PMID:31036766	https://doi.org/10.4049/jimmunol.1801022	tier2	experimentally_immunogenic_mutant_peptide	experimentally_validated_tcell_immunogenicity
ARGGLVDEKALARALKEGRIRGA	HLA-DRB103*01	TSNADB2_000111	TSNAdb_v2.0	Primary Bladder Cancer	PMID:31036766	https://doi.org/10.4049/jimmunol.1801022	tier2	experimentally_immunogenic_mutant_peptide	experimentally_validated_tcell_immunogenicity
ARMEFFLLL	HLA-B37*01	TSNADB2_000113	TSNAdb_v2.0	Colorectal Cancer	PMID:31164343	https://doi.org/10.1158/2159-8290.CD-18-1494	tier2	experimentally_immunogenic_mutant_peptide	experimentally_validated_tcell_immunogenicity
ARPVEWLGRCILDA	HLA-DRB112*01	TSNADB2_000114	TSNAdb_v2.0	Lung Cancer	PMID:33473101	https://doi.org/10.1038/s41392-020-00448-5	tier2	experimentally_immunogenic_mutant_peptide	experimentally_validated_tcell_immunogenicity
ASKDRTIRV	HLA-C07*01	TSNADB2_000116	TSNAdb_v2.0	Colorectal Cancer	PMID:31164343	https://doi.org/10.1158/2159-8290.CD-18-1494	tier2	experimentally_immunogenic_mutant_peptide	experimentally_validated_tcell_immunogenicity
ASNASSAAK	HLA-A11*01	TSNADB2_000117	TSNAdb_v2.0	Non-Small-Cell Lung Cancer	PMID:25765070	https://doi.org/10.1126/Science.aaa1348	tier2	experimentally_immunogenic_mutant_peptide	experimentally_validated_tcell_immunogenicity
ATDTNNLNVNY	HLA-A01*01	TSNADB2_000120	TSNAdb_v2.0	Melanoma	PMID:32753545	https://doi.org/10.1136/jitc-2020-000848	tier2	experimentally_immunogenic_mutant_peptide	experimentally_validated_tcell_immunogenicity
ATDTNNLNVNY	HLA-A11*01	TSNADB2_000121	TSNAdb_v2.0	Melanoma	PMID:33038342	https://doi.org/10.1016/j.cell.2020.09.015	tier2	experimentally_immunogenic_mutant_peptide	experimentally_validated_tcell_immunogenicity
ATRYNYTSEK	HLA-A03*01	TSNADB2_000122	TSNAdb_v2.0	Melanoma	PMID:33038342	https://doi.org/10.1016/j.cell.2020.09.015	tier2	experimentally_immunogenic_mutant_peptide	experimentally_validated_tcell_immunogenicity
ATSPASASK	HLA-A11*01	TSNADB2_000123	TSNAdb_v2.0	Lung Cancer	PMID:33473101	https://doi.org/10.1038/s41392-020-00448-5	tier2	experimentally_immunogenic_mutant_peptide	experimentally_validated_tcell_immunogenicity
ATYKGVPYEVK	HLA-A03*01	TSNADB2_000124	TSNAdb_v2.0	Melanoma	PMID:33038342	https://doi.org/10.1016/j.cell.2020.09.015	tier2	experimentally_immunogenic_mutant_peptide	experimentally_validated_tcell_immunogenicity
AVGSYVYSV	HLA-A02*01	TSNADB2_000126	TSNAdb_v2.0	Melanoma	PMID:27198675	https://doi.org/10.1126/Science.aaf2288	tier2	experimentally_immunogenic_mutant_peptide	experimentally_validated_tcell_immunogenicity
AVSDLSVRRHR	HLA-A31*01	TSNADB2_000128	TSNAdb_v2.0	Non-Small-Cell Lung Cancer	PMID:28031159	https://doi.org/10.1158/2159-8290.CD-16-0828.	tier2	experimentally_immunogenic_mutant_peptide	experimentally_validated_tcell_immunogenicity
AWQLPQYALF	HLA-A24*02	TSNADB2_000130	TSNAdb_v2.0	Lung Cancer	PMID:33473101	https://doi.org/10.1038/s41392-020-00448-5	tier2	experimentally_immunogenic_mutant_peptide	experimentally_validated_tcell_immunogenicity
AYHSIEWAI	HLA-A24*02	TSNADB2_000131	TSNAdb_v2.0	Melanoma	PMID:26901407	https://doi.org/10.1038/nm.4051	tier2	experimentally_immunogenic_mutant_peptide	experimentally_validated_tcell_immunogenicity
CAKAFPKAY	HLA-B15*02	TSNADB2_000132	TSNAdb_v2.0	Lung Cancer	PMID:33473101	https://doi.org/10.1038/s41392-020-00448-5	tier2	experimentally_immunogenic_mutant_peptide	experimentally_validated_tcell_immunogenicity
CAQCAKAFPK	HLA-A11*01	TSNADB2_000133	TSNAdb_v2.0	Lung Cancer	PMID:33473101	https://doi.org/10.1038/s41392-020-00448-5	tier2	experimentally_immunogenic_mutant_peptide	experimentally_validated_tcell_immunogenicity
CEFHACWPAFTVLGE	HLA-DRB101*01	TSNADB2_000134	TSNAdb_v2.0	Melanoma	PMID:16888034	https://doi.org/10.4049/jimmunol.177.4.2717	tier2	experimentally_immunogenic_mutant_peptide	experimentally_validated_tcell_immunogenicity
CEFHACWPAFTVLGE	HLA-DRB104*01	TSNADB2_000135	TSNAdb_v2.0	Melanoma	PMID:16888034	https://doi.org/10.4049/jimmunol.177.4.2717	tier2	experimentally_immunogenic_mutant_peptide	experimentally_validated_tcell_immunogenicity
CEFHACWPAFTVLGE	HLA-DRB107*01	TSNADB2_000136	TSNAdb_v2.0	Melanoma	PMID:16888034	https://doi.org/10.4049/jimmunol.177.4.2717	tier2	experimentally_immunogenic_mutant_peptide	experimentally_validated_tcell_immunogenicity
CHALRFLHKNQLTHT	HLA-DRB114*54	TSNADB2_000141	TSNAdb_v2.0	Lung Cancer	PMID:33473101	https://doi.org/10.1038/s41392-020-00448-5	tier2	experimentally_immunogenic_mutant_peptide	experimentally_validated_tcell_immunogenicity
CILGKLFTK	HLA-A11*01	TSNADB2_000142	TSNAdb_v2.0	Melanoma	PMID:23644516	https://doi.org/10.1038/nm.3161	tier2	experimentally_immunogenic_mutant_peptide	experimentally_validated_tcell_immunogenicity
CILGKLFTKK	HLA-A11*01	TSNADB2_000143	TSNAdb_v2.0	Melanoma	PMID:23644516	https://doi.org/10.1038/nm.3161	tier2	experimentally_immunogenic_mutant_peptide	experimentally_validated_tcell_immunogenicity
CLFAGIQRK	HLA-A03*01	TSNADB2_000145	TSNAdb_v2.0	Stomach Cancer	PMID:31164343	https://doi.org/10.1158/2159-8290.CD-18-1494	tier2	experimentally_immunogenic_mutant_peptide	experimentally_validated_tcell_immunogenicity
CLQKHLEVR	HLA-A31*01	TSNADB2_000146	TSNAdb_v2.0	Non-Small-Cell Lung Cancer	PMID:28031159	https://doi.org/10.1158/2159-8290.CD-16-0828.	tier2	experimentally_immunogenic_mutant_peptide	experimentally_validated_tcell_immunogenicity
CMGGMNLR	HLA-A31*01	TSNADB2_000147	TSNAdb_v2.0	Non-Small-Cell Lung Cancer	PMID:26752676	https://doi.org/10.1016/j.jtho.2015.11.006	tier2	experimentally_immunogenic_mutant_peptide	experimentally_validated_tcell_immunogenicity
CRVGYFRAL	HLA-B39*01	TSNADB2_000148	TSNAdb_v2.0	Lung Cancer	PMID:33473101	https://doi.org/10.1038/s41392-020-00448-5	tier2	experimentally_immunogenic_mutant_peptide	experimentally_validated_tcell_immunogenicity
CSTSISNFK	HLA-A11*01	TSNADB2_000150	TSNAdb_v2.0	Lung Cancer	PMID:33473101	https://doi.org/10.1038/s41392-020-00448-5	tier2	experimentally_immunogenic_mutant_peptide	experimentally_validated_tcell_immunogenicity
CSVSPSVSR	HLA-A11*01	TSNADB2_000151	TSNAdb_v2.0	Lung Cancer	PMID:33473101	https://doi.org/10.1038/s41392-020-00448-5	tier2	experimentally_immunogenic_mutant_peptide	experimentally_validated_tcell_immunogenicity
CTISLWDTY	HLA-A01*01	TSNADB2_000152	TSNAdb_v2.0	Neuroendocrine Tumor	PMID:33879241	https://doi.org/10.1186/s13073-021-00872-4	tier2	experimentally_immunogenic_mutant_peptide	experimentally_validated_tcell_immunogenicity
CVRVSGQGL	HLA-B07*02	TSNADB2_000153	TSNAdb_v2.0	Melanoma	PMID:26901407	https://doi.org/10.1038/nm.4051	tier2	experimentally_immunogenic_mutant_peptide	experimentally_validated_tcell_immunogenicity
CYMEAVAL	HLA-C14*03	TSNADB2_000155	TSNAdb_v2.0	Ovarian Cancer	PMID:28405493	https://doi.org/10.1080/2162402X.2017.1371895	tier2	experimentally_immunogenic_mutant_peptide	experimentally_validated_tcell_immunogenicity
CYMEAVALV	HLA-C14*03	TSNADB2_000156	TSNAdb_v2.0	Ovarian Cancer	PMID:24323902	https://doi.org/10.1158/1078-0432.CCR-13-2147	tier2	experimentally_immunogenic_mutant_peptide	experimentally_validated_tcell_immunogenicity
DEKALARALKEGRIRGAAL	HLA-DRB103*01	TSNADB2_000158	TSNAdb_v2.0	Primary Bladder Cancer	PMID:31036766	https://doi.org/10.4049/jimmunol.1801022	tier2	experimentally_immunogenic_mutant_peptide	experimentally_validated_tcell_immunogenicity
DHREIEGRVMF	HLA-B18*01	TSNADB2_000164	TSNAdb_v2.0	Pediatric Medulloblastoma	PMID:31351799	https://doi.org/10.1016/j.jcyt.2019.06.009	tier2	experimentally_immunogenic_mutant_peptide	experimentally_validated_tcell_immunogenicity
DMKARQKALV	HLA-B08*01	TSNADB2_000167	TSNAdb_v2.0	Melanoma	PMID:28678778	https://doi.org/10.1038/Nature22991	tier2	experimentally_immunogenic_mutant_peptide	experimentally_validated_tcell_immunogenicity
DPPALASTNAEVT	HLA-DRB107*01	TSNADB2_000169	TSNAdb_v2.0	Breast Cancer	PMID:29867227	https://doi.org/10.1038/s41591-018-0040-8	tier2	experimentally_immunogenic_mutant_peptide	experimentally_validated_tcell_immunogenicity
DTIDVSKLNR	HLA-A68*01	TSNADB2_000174	TSNAdb_v2.0	Melanoma	PMID:33038342	https://doi.org/10.1016/j.cell.2020.09.015	tier2	experimentally_immunogenic_mutant_peptide	experimentally_validated_tcell_immunogenicity
DVKSDTGF	HLA-A26*01	TSNADB2_000176	TSNAdb_v2.0	Non-Small-Cell Lung Cancer	PMID:28031159	https://doi.org/10.1158/2159-8290.CD-16-0828.	tier2	experimentally_immunogenic_mutant_peptide	experimentally_validated_tcell_immunogenicity
DVRKKLQRSSM	HLA-A26*01	TSNADB2_000177	TSNAdb_v2.0	Non-Small-Cell Lung Cancer	PMID:28031159	https://doi.org/10.1158/2159-8290.CD-16-0828.	tier2	experimentally_immunogenic_mutant_peptide	experimentally_validated_tcell_immunogenicity
EEDRNVGKLF	HLA-B44*02	TSNADB2_000181	TSNAdb_v2.0	Bile Duct Cancer	PMID:31164343	https://doi.org/10.1158/2159-8290.CD-18-1494	tier2	experimentally_immunogenic_mutant_peptide	experimentally_validated_tcell_immunogenicity
EEKLIVVLF	HLA-B44*02	TSNADB2_000183	TSNAdb_v2.0	Melanoma	PMID:29217585	https://doi.org/10.1126/Science.aao4572	tier2	experimentally_immunogenic_mutant_peptide	experimentally_validated_tcell_immunogenicity
EEMRLFLY	HLA-B18*01	TSNADB2_000184	TSNAdb_v2.0	Colorectal Cancer	PMID:31164343	https://doi.org/10.1158/2159-8290.CD-18-1494	tier2	experimentally_immunogenic_mutant_peptide	experimentally_validated_tcell_immunogenicity
EENENSANL	HLA-B40*01	TSNADB2_000185	TSNAdb_v2.0	Lung Cancer	PMID:33473101	https://doi.org/10.1038/s41392-020-00448-5	tier2	experimentally_immunogenic_mutant_peptide	experimentally_validated_tcell_immunogenicity
EHEGSGPEL	HLA-B38*01	TSNADB2_000189	TSNAdb_v2.0	Pancreatic Cancer	PMID:26516200	https://doi.org/10.1126/Science.aad1253	tier2	experimentally_immunogenic_mutant_peptide	experimentally_validated_tcell_immunogenicity
EHNAYHSIEWA	HLA-B38*01	TSNADB2_000190	TSNAdb_v2.0	Melanoma	PMID:26901407	https://doi.org/10.1038/nm.4051	tier2	experimentally_immunogenic_mutant_peptide	experimentally_validated_tcell_immunogenicity
EIDLPRELEY	HLA-A01*01	TSNADB2_000191	TSNAdb_v2.0	Non-Small-Cell Lung Cancer	PMID:28031159	https://doi.org/10.1158/2159-8290.CD-16-0828.	tier2	experimentally_immunogenic_mutant_peptide	experimentally_validated_tcell_immunogenicity
EIIPQCIAR	HLA-A68*01	TSNADB2_000192	TSNAdb_v2.0	Melanoma	PMID:33038342	https://doi.org/10.1016/j.cell.2020.09.015	tier2	experimentally_immunogenic_mutant_peptide	experimentally_validated_tcell_immunogenicity
EKTSSGLYVFR	HLA-A31*01	TSNADB2_000193	TSNAdb_v2.0	Non-Small-Cell Lung Cancer	PMID:34244308	https://jitc.bmj.com/lookup/pmidlookupview=long&pmid=34244308	tier2	experimentally_immunogenic_mutant_peptide	experimentally_validated_tcell_immunogenicity
ELLVRINRL	HLA-B08*01	TSNADB2_000195	TSNAdb_v2.0	Colorectal Cancer	PMID:26516200	https://doi.org/10.1126/Science.aad1253	tier2	experimentally_immunogenic_mutant_peptide	experimentally_validated_tcell_immunogenicity
ELMRDINSM	HLA-B35*01	TSNADB2_000196	TSNAdb_v2.0	Melanoma	PMID:27198675	https://doi.org/10.1126/Science.aaf2288	tier2	experimentally_immunogenic_mutant_peptide	experimentally_validated_tcell_immunogenicity
EMLFSHGLVK	HLA-A03*01	TSNADB2_000198	TSNAdb_v2.0	Colorectal Cancer	PMID:26516200	https://doi.org/10.1126/Science.aad1253	tier2	experimentally_immunogenic_mutant_peptide	experimentally_validated_tcell_immunogenicity
EPKHKHWCSI	HLA-B08*01	TSNADB2_000202	TSNAdb_v2.0	Colorectal Cancer	PMID:31164343	https://doi.org/10.1158/2159-8290.CD-18-1494	tier2	experimentally_immunogenic_mutant_peptide	experimentally_validated_tcell_immunogenicity
ERELELRDTL	HLA-B40*01	TSNADB2_000205	TSNAdb_v2.0	Lung Cancer	PMID:33473101	https://doi.org/10.1038/s41392-020-00448-5	tier2	experimentally_immunogenic_mutant_peptide	experimentally_validated_tcell_immunogenicity
ESNPSDYPR	HLA-A33*03	TSNADB2_000209	TSNAdb_v2.0	Esophageal Cancer	PMID:31164343	https://doi.org/10.1158/2159-8290.CD-18-1494	tier2	experimentally_immunogenic_mutant_peptide	experimentally_validated_tcell_immunogenicity
ETVSEQSNV	HLA-A68*02	TSNADB2_000212	TSNAdb_v2.0	Small Cell Lung Cancer	PMID:9823325	https://cancerres.aacrjournals.org/content/58/22/5144.long	tier2	experimentally_immunogenic_mutant_peptide	experimentally_validated_tcell_immunogenicity
EYFMKQMNDAR	HLA-A33*03	TSNADB2_000213	TSNAdb_v2.0	Non-Small-Cell Lung Cancer	PMID:26752676	https://doi.org/10.1016/j.jtho.2015.11.006	tier2	experimentally_immunogenic_mutant_peptide	experimentally_validated_tcell_immunogenicity
EYYSKNLNSF	HLA-A24*04	TSNADB2_000214	TSNAdb_v2.0	Melanoma	PMID:28423700	https://doi.org/10.18632/Oncotarget.16048	tier2	experimentally_immunogenic_mutant_peptide	experimentally_validated_tcell_immunogenicity
FAFQEYDSF	HLA-B35*01	TSNADB2_000215	TSNAdb_v2.0	Non-Small Cell Lung Cancer	PMID:26940869	https://doi.org/10.1126/Science.aaf1490.	tier2	experimentally_immunogenic_mutant_peptide	experimentally_validated_tcell_immunogenicity
FGDVGSTLF	HLA-C08*02	TSNADB2_000218	TSNAdb_v2.0	Colorectal Cancer	PMID:31164343	https://doi.org/10.1158/2159-8290.CD-18-1494	tier2	experimentally_immunogenic_mutant_peptide	experimentally_validated_tcell_immunogenicity
FGHMLYFLNCHLP	HLA-DRB115*01	TSNADB2_000219	TSNAdb_v2.0	Lung Cancer	PMID:33473101	https://doi.org/10.1038/s41392-020-00448-5	tier2	experimentally_immunogenic_mutant_peptide	experimentally_validated_tcell_immunogenicity
FIASNGVKLV	HLA-A02*01	TSNADB2_000221	TSNAdb_v2.0	Non Small Cell Lung Cancer	PMID:11358829	https://cancerres.aacrjournals.org/content/61/10/4078.long	tier2	experimentally_immunogenic_mutant_peptide	experimentally_validated_tcell_immunogenicity
FLDEFMEGV	HLA-A02*01	TSNADB2_000222	TSNAdb_v2.0	Non Small Cell Lung Cancer	PMID:11325844	https://cancerres.aacrjournals.org/content/61/9/3718.long	tier2	experimentally_immunogenic_mutant_peptide	experimentally_validated_tcell_immunogenicity
FLDPDLTNI	HLA-A02*01	TSNADB2_000223	TSNAdb_v2.0	Melanoma	PMID:33038342	https://doi.org/10.1016/j.cell.2020.09.015	tier2	experimentally_immunogenic_mutant_peptide	experimentally_validated_tcell_immunogenicity
FLGNVEFFL	HLA-A02*07	TSNADB2_000225	TSNAdb_v2.0	Lung Cancer	PMID:33473101	https://doi.org/10.1038/s41392-020-00448-5	tier2	experimentally_immunogenic_mutant_peptide	experimentally_validated_tcell_immunogenicity
FLGSLLILV	HLA-A02*01	TSNADB2_000226	TSNAdb_v2.0	Melanoma	PMID:33038342	https://doi.org/10.1016/j.cell.2020.09.015	tier2	experimentally_immunogenic_mutant_peptide	experimentally_validated_tcell_immunogenicity
FLLDEAIGL	HLA-A02*01	TSNADB2_000227	TSNAdb_v2.0	Melanoma	PMID:28678784	https://doi.org/10.1038/nature23003	tier2	experimentally_immunogenic_mutant_peptide	experimentally_validated_tcell_immunogenicity
FLNCDIMLGV	HLA-A02*01	TSNADB2_000229	TSNAdb_v2.0	Melanoma	PMID:33038342	https://doi.org/10.1016/j.cell.2020.09.015	tier2	experimentally_immunogenic_mutant_peptide	experimentally_validated_tcell_immunogenicity
FLSAKHRRQVYLQI	HLA-DRB111*01	TSNADB2_000230	TSNAdb_v2.0	Lung Cancer	PMID:33473101	https://doi.org/10.1038/s41392-020-00448-5	tier2	experimentally_immunogenic_mutant_peptide	experimentally_validated_tcell_immunogenicity
FLSDHLYLV	HLA-A02*01	TSNADB2_000231	TSNAdb_v2.0	Melanoma	PMID:28678784	https://doi.org/10.1038/nature23003	tier2	experimentally_immunogenic_mutant_peptide	experimentally_validated_tcell_immunogenicity
FLYWHLEDLNV	HLA-A02*01	TSNADB2_000232	TSNAdb_v2.0	Lung Cancer	PMID:33473101	https://doi.org/10.1038/s41392-020-00448-5	tier2	experimentally_immunogenic_mutant_peptide	experimentally_validated_tcell_immunogenicity
FMPDFDLHL	HLA-A02*01	TSNADB2_000233	TSNAdb_v2.0	Melanoma	PMID:33303615	http://Science.Sciencemag.org/content/370/6522/1328	tier2	experimentally_immunogenic_mutant_peptide	experimentally_validated_tcell_immunogenicity
FPKKIQMLA	HLA-B56*01	TSNADB2_000234	TSNAdb_v2.0	Melanoma	PMID:28678778	https://doi.org/10.1038/Nature22991	tier2	experimentally_immunogenic_mutant_peptide	experimentally_validated_tcell_immunogenicity
FPQGLPNEY	HLA-B35*01	TSNADB2_000235	TSNAdb_v2.0	Melanoma	PMID:33479501	https://doi.org/10.1038/s41591-020-01206-4	tier2	experimentally_immunogenic_mutant_peptide	experimentally_validated_tcell_immunogenicity
FPRAKMYFM	HLA-B35*01	TSNADB2_000237	TSNAdb_v2.0	Lung Cancer	PMID:33473101	https://doi.org/10.1038/s41392-020-00448-5	tier2	experimentally_immunogenic_mutant_peptide	experimentally_validated_tcell_immunogenicity
FPVHSEMLL	HLA-B35*01	TSNADB2_000238	TSNAdb_v2.0	Ovarian Cancer	PMID:31069153	https://doi.org/10.1080/2162402X.2019.1586042	tier2	experimentally_immunogenic_mutant_peptide	experimentally_validated_tcell_immunogenicity
FQNGESATL	HLA-B40*01	TSNADB2_000239	TSNAdb_v2.0	Lung Cancer	PMID:33473101	https://doi.org/10.1038/s41392-020-00448-5	tier2	experimentally_immunogenic_mutant_peptide	experimentally_validated_tcell_immunogenicity
FRNEGIHL	HLA-B14*02	TSNADB2_000240	TSNAdb_v2.0	Colorectal Cancer	PMID:31164343	https://doi.org/10.1158/2159-8290.CD-18-1494	tier2	experimentally_immunogenic_mutant_peptide	experimentally_validated_tcell_immunogenicity
FRRFPCLSL	HLA-C07*02	TSNADB2_000241	TSNAdb_v2.0	Lung Cancer	PMID:33473101	https://doi.org/10.1038/s41392-020-00448-5	tier2	experimentally_immunogenic_mutant_peptide	experimentally_validated_tcell_immunogenicity
FRSGLDSYV	HLA-C06*02	TSNADB2_000242	TSNAdb_v2.0	Melanoma	PMID:10582700	https://cancerres.aacrjournals.org/content/59/22/5785.long	tier2	experimentally_immunogenic_mutant_peptide	experimentally_validated_tcell_immunogenicity
FSSLNSGQI	HLA-C15*02	TSNADB2_000243	TSNAdb_v2.0	Lung Cancer	PMID:33473101	https://doi.org/10.1038/s41392-020-00448-5	tier2	experimentally_immunogenic_mutant_peptide	experimentally_validated_tcell_immunogenicity
FTDFENVP	HLA-C05*01	TSNADB2_000244	TSNAdb_v2.0	Pediatric Medulloblastoma	PMID:31351799	https://doi.org/10.1016/j.jcyt.2019.06.009	tier2	experimentally_immunogenic_mutant_peptide	experimentally_validated_tcell_immunogenicity
FTLMYEERAV	HLA-A02*01	TSNADB2_000245	TSNAdb_v2.0	Non-Small-Cell Lung Cancer	PMID:34244308	https://jitc.bmj.com/lookup/pmidlookupview=long&pmid=34244308	tier2	experimentally_immunogenic_mutant_peptide	experimentally_validated_tcell_immunogenicity
FTNESYLELY	HLA-A01*01	TSNADB2_000246	TSNAdb_v2.0	Melanoma	PMID:33038342	https://doi.org/10.1016/j.cell.2020.09.015	tier2	experimentally_immunogenic_mutant_peptide	experimentally_validated_tcell_immunogenicity
FVISAVLY	HLA-A26*01	TSNADB2_000248	TSNAdb_v2.0	Non-Small-Cell Lung Cancer	PMID:28031159	https://doi.org/10.1158/2159-8290.CD-16-0828.	tier2	experimentally_immunogenic_mutant_peptide	experimentally_validated_tcell_immunogenicity
FVNDIFVRI	HLA-A02*01	TSNADB2_000249	TSNAdb_v2.0	Bile Duct Cancer	PMID:31164343	https://doi.org/10.1158/2159-8290.CD-18-1494	tier2	experimentally_immunogenic_mutant_peptide	experimentally_validated_tcell_immunogenicity
FYGKTILWF	HLA-A24*02	TSNADB2_000251	TSNAdb_v2.0	Melanoma	PMID:30880120	https://doi.org/10.1016/j.imlet.2019.02.004	tier2	experimentally_immunogenic_mutant_peptide	experimentally_validated_tcell_immunogenicity
FYMHEYPEGW	HLA-A24*02	TSNADB2_000252	TSNAdb_v2.0	Non-Small-Cell Lung Cancer	PMID:28031159	https://doi.org/10.1158/2159-8290.CD-16-0828.	tier2	experimentally_immunogenic_mutant_peptide	experimentally_validated_tcell_immunogenicity
GAAGVGKSAL	HLA-C03*04	TSNADB2_000253	TSNAdb_v2.0	Non-Small-Cell Lung Cancer	PMID:26752676	https://doi.org/10.1016/j.jtho.2015.11.006	tier2	experimentally_immunogenic_mutant_peptide	experimentally_validated_tcell_immunogenicity
GADGVGKSA	HLA-C08*02	TSNADB2_000254	TSNAdb_v2.0	Colorectal Cancer	PMID:27959684	https://doi.org/10.1056/NEJMoa1609279	tier2	experimentally_immunogenic_mutant_peptide	experimentally_validated_tcell_immunogenicity
GADGVGKSAL	HLA-C05*01	TSNADB2_000255	TSNAdb_v2.0	Colorectal Cancer	PMID:26516200	https://doi.org/10.1126/Science.aad1253	tier2	experimentally_immunogenic_mutant_peptide	experimentally_validated_tcell_immunogenicity
GADGVGKSAL	HLA-C08*02	TSNADB2_000256	TSNAdb_v2.0	Colorectal Cancer	PMID:26516200	https://doi.org/10.1126/Science.aad1253	tier2	experimentally_immunogenic_mutant_peptide	experimentally_validated_tcell_immunogenicity
GEEDGAGGHSL	HLA-B44*02	TSNADB2_000261	TSNAdb_v2.0	Melanoma	PMID:27827318	https://doi.org/10.1158/1078-0432.CCR-16-2680	tier2	experimentally_immunogenic_mutant_peptide	experimentally_validated_tcell_immunogenicity
GELIGILNAAKVPAD	HLA-DRB101*01	TSNADB2_000262	TSNAdb_v2.0	Melanoma	PMID:10049939	https://doi.org/10.1084/jem.189.5.757	tier2	experimentally_immunogenic_mutant_peptide	experimentally_validated_tcell_immunogenicity
GGLVDEKALARALKEGRIRGAAL	HLA-DRB103*01	TSNADB2_000264	TSNAdb_v2.0	Primary Bladder Cancer	PMID:31036766	https://doi.org/10.4049/jimmunol.1801022	tier2	experimentally_immunogenic_mutant_peptide	experimentally_validated_tcell_immunogenicity
GIICLDYKL	HLA-A02*01	TSNADB2_000267	TSNAdb_v2.0	Pancreatic Cancer	PMID:29132146	https://doi.org/10.1038/Nature24462	tier2	experimentally_immunogenic_mutant_peptide	experimentally_validated_tcell_immunogenicity
GLFGDIYLAI	HLA-A02*01	TSNADB2_000271	TSNAdb_v2.0	Melanoma	PMID:23644516	https://doi.org/10.1038/nm.3161	tier2	experimentally_immunogenic_mutant_peptide	experimentally_validated_tcell_immunogenicity
GLGPGFSSY	HLA-B15*01	TSNADB2_000272	TSNAdb_v2.0	Melanoma	PMID:28423700	https://doi.org/10.18632/Oncotarget.16048	tier2	experimentally_immunogenic_mutant_peptide	experimentally_validated_tcell_immunogenicity
GLLDEDFYA	HLA-A02*01	TSNADB2_000273	TSNAdb_v2.0	Melanoma	PMID:27827318	https://doi.org/10.1158/1078-0432.CCR-16-2680	tier2	experimentally_immunogenic_mutant_peptide	experimentally_validated_tcell_immunogenicity
GLYGNLIVL	HLA-A02*01	TSNADB2_000275	TSNAdb_v2.0	Melanoma	PMID:33038342	https://doi.org/10.1016/j.cell.2020.09.015	tier2	experimentally_immunogenic_mutant_peptide	experimentally_validated_tcell_immunogenicity
GLYVFRNER	HLA-A31*01	TSNADB2_000276	TSNAdb_v2.0	Non-Small-Cell Lung Cancer	PMID:34244308	https://jitc.bmj.com/lookup/pmidlookupview=long&pmid=34244308	tier2	experimentally_immunogenic_mutant_peptide	experimentally_validated_tcell_immunogenicity
GMHMGQLLK	HLA-A11*01	TSNADB2_000277	TSNAdb_v2.0	Lung Cancer	PMID:33473101	https://doi.org/10.1038/s41392-020-00448-5	tier2	experimentally_immunogenic_mutant_peptide	experimentally_validated_tcell_immunogenicity
GPSWSYVL	HLA-B42*01	TSNADB2_000279	TSNAdb_v2.0	Non-Small-Cell Lung Cancer	PMID:28031159	https://doi.org/10.1158/2159-8290.CD-16-0828.	tier2	experimentally_immunogenic_mutant_peptide	experimentally_validated_tcell_immunogenicity
GQFLTPNSH	HLA-B15*01	TSNADB2_000280	TSNAdb_v2.0	Melanoma	PMID:27827318	https://doi.org/10.1158/1078-0432.CCR-16-2680	tier2	experimentally_immunogenic_mutant_peptide	experimentally_validated_tcell_immunogenicity
GVYPMPGTQK	HLA-A03*01	TSNADB2_000289	TSNAdb_v2.0	Melanoma	PMID:30209080	https://doi.org/10.1158/2159-8290.CD-17-1418	tier2	experimentally_immunogenic_mutant_peptide	experimentally_validated_tcell_immunogenicity
GWVKPIIIGHHAYGDQYRAT	HLA-DRB101*01	TSNADB2_000292	TSNAdb_v2.0	Glioma	PMID:25043048	https://doi.org/10.1038/Nature13387	tier2	experimentally_immunogenic_mutant_peptide	experimentally_validated_tcell_immunogenicity
GYNSYSVSNSEKHIM	HLA-DRB107*01	TSNADB2_000293	TSNAdb_v2.0	Breast Cancer	PMID:29867227	https://doi.org/10.1038/s41591-018-0040-8	tier2	experimentally_immunogenic_mutant_peptide	experimentally_validated_tcell_immunogenicity
HAINDMTSI	HLA-C02*02	TSNADB2_000294	TSNAdb_v2.0	Lung Cancer	PMID:33473101	https://doi.org/10.1038/s41392-020-00448-5	tier2	experimentally_immunogenic_mutant_peptide	experimentally_validated_tcell_immunogenicity
HALRRHYHL	HLA-B08*01	TSNADB2_000295	TSNAdb_v2.0	Melanoma	PMID:33038342	https://doi.org/10.1016/j.cell.2020.09.015	tier2	experimentally_immunogenic_mutant_peptide	experimentally_validated_tcell_immunogenicity
HDFFESLHRRQAFHI	HLA-DRB111*01	TSNADB2_000296	TSNAdb_v2.0	Lung Cancer	PMID:33473101	https://doi.org/10.1038/s41392-020-00448-5	tier2	experimentally_immunogenic_mutant_peptide	experimentally_validated_tcell_immunogenicity
HDLGRLHSC	HLA-B37*01	TSNADB2_000297	TSNAdb_v2.0	Melanoma	PMID:28678784	https://doi.org/10.1038/nature23003	tier2	experimentally_immunogenic_mutant_peptide	experimentally_validated_tcell_immunogenicity
HHKFHSQRHRSKK	HLA-DRB112*02	TSNADB2_000300	TSNAdb_v2.0	Lung Cancer	PMID:33473101	https://doi.org/10.1038/s41392-020-00448-5	tier2	experimentally_immunogenic_mutant_peptide	experimentally_validated_tcell_immunogenicity
HHMWISIPF	HLA-B38*01	TSNADB2_000301	TSNAdb_v2.0	Non-Small-Cell Lung Cancer	PMID:28031159	https://doi.org/10.1158/2159-8290.CD-16-0828.	tier2	experimentally_immunogenic_mutant_peptide	experimentally_validated_tcell_immunogenicity
HIAKSLFEV	HLA-A02*01	TSNADB2_000303	TSNAdb_v2.0	Melanoma	PMID:28678784	https://doi.org/10.1038/nature23003	tier2	experimentally_immunogenic_mutant_peptide	experimentally_validated_tcell_immunogenicity
HLFDIQGLPK	HLA-A03*01	TSNADB2_000305	TSNAdb_v2.0	Melanoma	PMID:33038342	https://doi.org/10.1016/j.cell.2020.09.015	tier2	experimentally_immunogenic_mutant_peptide	experimentally_validated_tcell_immunogenicity
HLFPTMPRHI	HLA-A02*03	TSNADB2_000306	TSNAdb_v2.0	Lung Cancer	PMID:33473101	https://doi.org/10.1038/s41392-020-00448-5	tier2	experimentally_immunogenic_mutant_peptide	experimentally_validated_tcell_immunogenicity
HMANQWALGK	HLA-A31*01	TSNADB2_000307	TSNAdb_v2.0	Non-Small-Cell Lung Cancer	PMID:28031159	https://doi.org/10.1158/2159-8290.CD-16-0828.	tier2	experimentally_immunogenic_mutant_peptide	experimentally_validated_tcell_immunogenicity
HMTEVVRHC	HLA-A02*01	TSNADB2_000308	TSNAdb_v2.0	Breast Cancer	PMID:30709841	https://doi.org/10.1158/2326-6066.CIR-18-0686	tier2	experimentally_immunogenic_mutant_peptide	experimentally_validated_tcell_immunogenicity
HMTEVVRHC	HLA-A02*01	TSNADB2_000309	TSNAdb_v2.0	Esophageal Adenocarcinoma	PMID:30709841	https://doi.org/10.1158/2326-6066.CIR-18-0686	tier2	experimentally_immunogenic_mutant_peptide	experimentally_validated_tcell_immunogenicity
HMTEVVRHC	HLA-A02*01	TSNADB2_000310	TSNAdb_v2.0	Leukemia	PMID:30709841	https://doi.org/10.1158/2326-6066.CIR-18-0686	tier2	experimentally_immunogenic_mutant_peptide	experimentally_validated_tcell_immunogenicity
HMTEVVRHC	HLA-A02*01	TSNADB2_000311	TSNAdb_v2.0	Lung Cancer	PMID:30709841	https://doi.org/10.1158/2326-6066.CIR-18-0686	tier2	experimentally_immunogenic_mutant_peptide	experimentally_validated_tcell_immunogenicity
HMTEVVRHC	HLA-A02*01	TSNADB2_000312	TSNAdb_v2.0	Myeloma	PMID:30709841	https://doi.org/10.1158/2326-6066.CIR-18-0686	tier2	experimentally_immunogenic_mutant_peptide	experimentally_validated_tcell_immunogenicity
HMTEVVRHC	HLA-A02*01	TSNADB2_000313	TSNAdb_v2.0	Osteosarcoma	PMID:30709841	https://doi.org/10.1158/2326-6066.CIR-18-0686	tier2	experimentally_immunogenic_mutant_peptide	experimentally_validated_tcell_immunogenicity
HMTEVVRHC	HLA-A02*01	TSNADB2_000314	TSNAdb_v2.0	Ovarian Cancer	PMID:30709841	https://doi.org/10.1158/2326-6066.CIR-18-0686	tier2	experimentally_immunogenic_mutant_peptide	experimentally_validated_tcell_immunogenicity
HMTEVVRHC	HLA-A02*01	TSNADB2_000315	TSNAdb_v2.0	Uterine Carcinoma	PMID:30709841	https://doi.org/10.1158/2326-6066.CIR-18-0686	tier2	experimentally_immunogenic_mutant_peptide	experimentally_validated_tcell_immunogenicity
HMTEVVRHC	HLA-A02*01	TSNADB2_000316	TSNAdb_v2.0	Colorectal Cancer	PMID:31164343	https://doi.org/10.1158/2159-8290.CD-18-1494	tier2	experimentally_immunogenic_mutant_peptide	experimentally_validated_tcell_immunogenicity
HNAYHSIEWAI	HLA-B38*01	TSNADB2_000317	TSNAdb_v2.0	Melanoma	PMID:11120859	https://doi.org/10.4049/jimmunol.165.12.7253	tier2	experimentally_immunogenic_mutant_peptide	experimentally_validated_tcell_immunogenicity
HNVAMMLAQLVSGGS	HLA-DPA101*03/DPB110:01	TSNADB2_000318	TSNAdb_v2.0	Ovarian Cancer	PMID:29720506	https://doi.org/10.1158/1078-0432.CCR-18-0573	tier2	experimentally_immunogenic_mutant_peptide	experimentally_validated_tcell_immunogenicity
HNVAMMLAQLVSGGS	HLA-DPA102*01/DPB110:01	TSNADB2_000319	TSNAdb_v2.0	Ovarian Cancer	PMID:29853601	https://doi.org/10.1158/1078-0432.CCR-18-0573	tier2	experimentally_immunogenic_mutant_peptide	experimentally_validated_tcell_immunogenicity
HQKRPIPI	HLA-B15*03	TSNADB2_000321	TSNAdb_v2.0	Lymphoma	PMID:28405493	https://doi.org/10.1080/2162402X.2016.1219825	tier2	experimentally_immunogenic_mutant_peptide	experimentally_validated_tcell_immunogenicity
HQKRPIPI	HLA-B40*13	TSNADB2_000322	TSNAdb_v2.0	Lymphoma	PMID:28405493	https://doi.org/10.1080/2162402X.2016.1219825	tier2	experimentally_immunogenic_mutant_peptide	experimentally_validated_tcell_immunogenicity
HQKRPIPIKY	HLA-B15*01	TSNADB2_000323	TSNAdb_v2.0	Lymphoma	PMID:28405493	https://doi.org/10.1080/2162402X.2016.1219825	tier2	experimentally_immunogenic_mutant_peptide	experimentally_validated_tcell_immunogenicity
HQNPVTGLLL	HLA-B38*01	TSNADB2_000324	TSNAdb_v2.0	Melanoma	PMID:27827318	https://doi.org/10.1158/1078-0432.CCR-16-2680	tier2	experimentally_immunogenic_mutant_peptide	experimentally_validated_tcell_immunogenicity
HSCVMASLR	HLA-A68*01	TSNADB2_000326	TSNAdb_v2.0	Melanoma	PMID:28678784	https://doi.org/10.1038/nature23003	tier2	experimentally_immunogenic_mutant_peptide	experimentally_validated_tcell_immunogenicity
HSIHPYTVF	HLA-B15*02	TSNADB2_000327	TSNAdb_v2.0	Lung Cancer	PMID:33473101	https://doi.org/10.1038/s41392-020-00448-5	tier2	experimentally_immunogenic_mutant_peptide	experimentally_validated_tcell_immunogenicity
HSVSSAFKK	HLA-A03*01	TSNADB2_000328	TSNAdb_v2.0	Melanoma	PMID:26048577	https://doi.org/10.1158/2326-6066.CIR-15-0088	tier2	experimentally_immunogenic_mutant_peptide	experimentally_validated_tcell_immunogenicity
HTVTQFSSV	HLA-A69*01	TSNADB2_000329	TSNAdb_v2.0	Colorectal Cancer	PMID:31164343	https://doi.org/10.1158/2159-8290.CD-18-1494	tier2	experimentally_immunogenic_mutant_peptide	experimentally_validated_tcell_immunogenicity
HVKITDFGR	HLA-A33*03	TSNADB2_000330	TSNAdb_v2.0	Non-Small-Cell Lung Cancer	PMID:26752676	https://doi.org/10.1016/j.jtho.2015.11.006	tier2	experimentally_immunogenic_mutant_peptide	experimentally_validated_tcell_immunogenicity
HVKITDFGR	HLA-A31*01	TSNADB2_000331	TSNAdb_v2.0	Non-Small-Cell Lung Cancer	PMID:34244308	https://jitc.bmj.com/lookup/pmidlookupview=long&pmid=34244308	tier2	experimentally_immunogenic_mutant_peptide	experimentally_validated_tcell_immunogenicity
HVKITDFGRAK	HLA-A11*01	TSNADB2_000332	TSNAdb_v2.0	Non-Small-Cell Lung Cancer	PMID:34244308	https://jitc.bmj.com/lookup/pmidlookupview=long&pmid=34244308	tier2	experimentally_immunogenic_mutant_peptide	experimentally_validated_tcell_immunogenicity
HVKITDFGRAKLLGAEE	HLA-DRB109*01	TSNADB2_000333	TSNAdb_v2.0	Non-Small-Cell Lung Cancer	PMID:34244308	https://jitc.bmj.com/lookup/pmidlookupview=long&pmid=34244308	tier2	experimentally_immunogenic_mutant_peptide	experimentally_validated_tcell_immunogenicity
HYNYMCNSSCMGSMN	HLA-DRB302*02	TSNADB2_000335	TSNAdb_v2.0	Ovarian Cancer	PMID:29720506	https://doi.org/10.1158/1078-0432.CCR-18-0573	tier2	experimentally_immunogenic_mutant_peptide	experimentally_validated_tcell_immunogenicity
IAFGSAHLFR	HLA-A31*01	TSNADB2_000336	TSNAdb_v2.0	Non-Small-Cell Lung Cancer	PMID:28031159	https://doi.org/10.1158/2159-8290.CD-16-0828.	tier2	experimentally_immunogenic_mutant_peptide	experimentally_validated_tcell_immunogenicity
IASPIKEL	HLA-C12*02	TSNADB2_000337	TSNAdb_v2.0	Pediatric Medulloblastoma	PMID:31351799	https://doi.org/10.1016/j.jcyt.2019.06.009	tier2	experimentally_immunogenic_mutant_peptide	experimentally_validated_tcell_immunogenicity
IGSPIAAVIAR	HLA-A31*01	TSNADB2_000340	TSNAdb_v2.0	Non-Small-Cell Lung Cancer	PMID:28031159	https://doi.org/10.1158/2159-8290.CD-16-0828.	tier2	experimentally_immunogenic_mutant_peptide	experimentally_validated_tcell_immunogenicity
ILAALFLGL	HLA-A02*01	TSNADB2_000344	TSNAdb_v2.0	Melanoma	PMID:27198675	https://doi.org/10.1126/Science.aaf2288	tier2	experimentally_immunogenic_mutant_peptide	experimentally_validated_tcell_immunogenicity
ILCETCLIV	HLA-A02*01	TSNADB2_000346	TSNAdb_v2.0	Colorectal Cancer	PMID:26516200	https://doi.org/10.1126/Science.aad1253	tier2	experimentally_immunogenic_mutant_peptide	experimentally_validated_tcell_immunogenicity
ILDKVLVHL	HLA-A02*01	TSNADB2_000347	TSNAdb_v2.0	Melanoma	PMID:21216894	http://cancerres.aacrjournals.org/lookup/doi/10.1158/0008-5472.CAN-10-2693	tier2	experimentally_immunogenic_mutant_peptide	experimentally_validated_tcell_immunogenicity
ILDTAGHEEY	HLA-A01*01	TSNADB2_000348	TSNAdb_v2.0	Melanoma	PMID:33038342	https://doi.org/10.1016/j.cell.2020.09.015	tier2	experimentally_immunogenic_mutant_peptide	experimentally_validated_tcell_immunogenicity
ILDTAGREEY	HLA-A01*01	TSNADB2_000349	TSNAdb_v2.0	Melanoma	PMID:11971032	https://doi.org/10.4049/jimmunol.168.9.4802	tier2	experimentally_immunogenic_mutant_peptide	experimentally_validated_tcell_immunogenicity
ILFRTPSVAK	HLA-A03*01	TSNADB2_000350	TSNAdb_v2.0	Melanoma	PMID:33038342	https://doi.org/10.1016/j.cell.2020.09.015	tier2	experimentally_immunogenic_mutant_peptide	experimentally_validated_tcell_immunogenicity
ILMHGLVSL	HLA-A02*01	TSNADB2_000351	TSNAdb_v2.0	Melanoma	PMID:33479501	https://doi.org/10.1038/s41591-020-01206-4	tier2	experimentally_immunogenic_mutant_peptide	experimentally_validated_tcell_immunogenicity
ILNAMIAKI	HLA-A02*01	TSNADB2_000352	TSNAdb_v2.0	Melanoma	PMID:23644516	https://doi.org/10.1038/nm.3161	tier2	experimentally_immunogenic_mutant_peptide	experimentally_validated_tcell_immunogenicity
ILTGLNYEV	HLA-A02*01	TSNADB2_000353	TSNAdb_v2.0	Melanoma	PMID:26389673	https://doi.org/10.1172/JCI82416	tier2	experimentally_immunogenic_mutant_peptide	experimentally_validated_tcell_immunogenicity
INKYGVSLIY	HLA-B15*01	TSNADB2_000355	TSNAdb_v2.0	Lung Cancer	PMID:33473101	https://doi.org/10.1038/s41392-020-00448-5	tier2	experimentally_immunogenic_mutant_peptide	experimentally_validated_tcell_immunogenicity
IPIDGIFFTY	HLA-B35*01	TSNADB2_000356	TSNAdb_v2.0	Cervical Carcinoma(Hpv+)	PMID:28408606	https://doi.org/10.1126/Science.aak9510	tier2	experimentally_immunogenic_mutant_peptide	experimentally_validated_tcell_immunogenicity
IPLSDNTIF	HLA-B35*01	TSNADB2_000357	TSNAdb_v2.0	Melanoma	PMID:28678778	https://doi.org/10.1038/Nature22991	tier2	experimentally_immunogenic_mutant_peptide	experimentally_validated_tcell_immunogenicity
ISANAVEQIV	HLA-C15*02	TSNADB2_000361	TSNAdb_v2.0	Non-Small-Cell Lung Cancer	PMID:28031159	https://doi.org/10.1158/2159-8290.CD-16-0828.	tier2	experimentally_immunogenic_mutant_peptide	experimentally_validated_tcell_immunogenicity
ISDSLLWKY	HLA-A11*01	TSNADB2_000362	TSNAdb_v2.0	Melanoma	PMID:33038342	https://doi.org/10.1016/j.cell.2020.09.015	tier2	experimentally_immunogenic_mutant_peptide	experimentally_validated_tcell_immunogenicity
ISFDTHLLY	HLA-A11*01	TSNADB2_000363	TSNAdb_v2.0	Lung Cancer	PMID:33473101	https://doi.org/10.1038/s41392-020-00448-5	tier2	experimentally_immunogenic_mutant_peptide	experimentally_validated_tcell_immunogenicity
ISLPGVSSTK	HLA-A11*01	TSNADB2_000364	TSNAdb_v2.0	Lung Cancer	PMID:33473101	https://doi.org/10.1038/s41392-020-00448-5	tier2	experimentally_immunogenic_mutant_peptide	experimentally_validated_tcell_immunogenicity
ITDFGRAKL	HLA-C01*02	TSNADB2_000365	TSNAdb_v2.0	Non-Small-Cell Lung Cancer	PMID:34244308	https://jitc.bmj.com/lookup/pmidlookupview=long&pmid=34244308	tier2	experimentally_immunogenic_mutant_peptide	experimentally_validated_tcell_immunogenicity
IYHSQSPHYF	HLA-A24*02	TSNADB2_000367	TSNAdb_v2.0	Colorectal Cancer	PMID:31164343	https://doi.org/10.1158/2159-8290.CD-18-1494	tier2	experimentally_immunogenic_mutant_peptide	experimentally_validated_tcell_immunogenicity
IYKAPCENW	HLA-A24*02	TSNADB2_000368	TSNAdb_v2.0	Melanoma	PMID:26048577	https://doi.org/10.1158/2326-6066.CIR-15-0088	tier2	experimentally_immunogenic_mutant_peptide	experimentally_validated_tcell_immunogenicity
KALARALKEGRIRGAAL	HLA-DRB103*01	TSNADB2_000370	TSNAdb_v2.0	Primary Bladder Cancer	PMID:31036766	https://doi.org/10.4049/jimmunol.1801022	tier2	experimentally_immunogenic_mutant_peptide	experimentally_validated_tcell_immunogenicity
KARLPVGAY	HLA-A03*01	TSNADB2_000371	TSNAdb_v2.0	Non-Small-Cell Lung Cancer	PMID:34244308	https://jitc.bmj.com/lookup/pmidlookupview=long&pmid=34244308	tier2	experimentally_immunogenic_mutant_peptide	experimentally_validated_tcell_immunogenicity
KAWENFPNV	HLA-A02*01	TSNADB2_000374	TSNAdb_v2.0	Melanoma	PMID:33038342	https://doi.org/10.1016/j.cell.2020.09.015	tier2	experimentally_immunogenic_mutant_peptide	experimentally_validated_tcell_immunogenicity
KDFNLLRLLGANAF	HLA-DRB111*01	TSNADB2_000376	TSNAdb_v2.0	Lung Cancer	PMID:33473101	https://doi.org/10.1038/s41392-020-00448-5	tier2	experimentally_immunogenic_mutant_peptide	experimentally_validated_tcell_immunogenicity
KELEGILLL	HLA-B44*03	TSNADB2_000377	TSNAdb_v2.0	Melanoma	PMID:29217585	https://doi.org/10.1126/Science.aao4572	tier2	experimentally_immunogenic_mutant_peptide	experimentally_validated_tcell_immunogenicity
KELLKHPFTL	HLA-A02*01	TSNADB2_000378	TSNAdb_v2.0	Non-Small-Cell Lung Cancer	PMID:34244308	https://jitc.bmj.com/lookup/pmidlookupview=long&pmid=34244308	tier2	experimentally_immunogenic_mutant_peptide	experimentally_validated_tcell_immunogenicity
KEVFKECIGY	HLA-B15*01	TSNADB2_000379	TSNAdb_v2.0	Colorectal Cancer	PMID:31164343	https://doi.org/10.1158/2159-8290.CD-18-1494	tier2	experimentally_immunogenic_mutant_peptide	experimentally_validated_tcell_immunogenicity
KEWMRLCTSL	HLA-B40*01	TSNADB2_000381	TSNAdb_v2.0	Lung Cancer	PMID:33473101	https://doi.org/10.1038/s41392-020-00448-5	tier2	experimentally_immunogenic_mutant_peptide	experimentally_validated_tcell_immunogenicity
KGGPAVAQSW	HLA-B58*01	TSNADB2_000385	TSNAdb_v2.0	Uterine Leiomyosarcoma	PMID:28228279	https://doi.org/10.1016/j.immuni.2017.02.001	tier2	experimentally_immunogenic_mutant_peptide	experimentally_validated_tcell_immunogenicity
KIFSEVTLK	HLA-A03*01	TSNADB2_000387	TSNAdb_v2.0	Melanoma	PMID:16247014	https://doi.org/10.1073/pnas.0500090102	tier2	experimentally_immunogenic_mutant_peptide	experimentally_validated_tcell_immunogenicity
KILDAVVAQK	HLA-A03*01	TSNADB2_000388	TSNAdb_v2.0	Melanoma	PMID:16247014	https://doi.org/10.1073/pnas.0500090102	tier2	experimentally_immunogenic_mutant_peptide	experimentally_validated_tcell_immunogenicity
KITDFGRAK	HLA-A11*01	TSNADB2_000389	TSNAdb_v2.0	Non-Small-Cell Lung Cancer	PMID:34244308	https://jitc.bmj.com/lookup/pmidlookupview=long&pmid=34244308	tier2	experimentally_immunogenic_mutant_peptide	experimentally_validated_tcell_immunogenicity
KLFEFLVYGV	HLA-A02*01	TSNADB2_000400	TSNAdb_v2.0	Melanoma	PMID:27198675	https://doi.org/10.1126/Science.aaf2288	tier2	experimentally_immunogenic_mutant_peptide	experimentally_validated_tcell_immunogenicity
KLKFVTLVF	HLA-B15*01	TSNADB2_000401	TSNAdb_v2.0	Melanoma	PMID:28678778	https://doi.org/10.1038/Nature22991	tier2	experimentally_immunogenic_mutant_peptide	experimentally_validated_tcell_immunogenicity
KLKFVTLVF	HLA-A24*02	TSNADB2_000402	TSNAdb_v2.0	Melanoma	PMID:28678778	https://doi.org/10.1038/Nature22991	tier2	experimentally_immunogenic_mutant_peptide	experimentally_validated_tcell_immunogenicity
KLLSFHSV	HLA-A02*01	TSNADB2_000403	TSNAdb_v2.0	Non-Small-Cell Lung Cancer	PMID:33038342	https://doi.org/10.1016/j.cell.2020.09.015	tier2	experimentally_immunogenic_mutant_peptide	experimentally_validated_tcell_immunogenicity
KLMLKLTAL	HLA-A02*01	TSNADB2_000405	TSNAdb_v2.0	Lung Cancer	PMID:33473101	https://doi.org/10.1038/s41392-020-00448-5	tier2	experimentally_immunogenic_mutant_peptide	experimentally_validated_tcell_immunogenicity
KLNLFQVRF	HLA-A32*01	TSNADB2_000407	TSNAdb_v2.0	Colorectal Cancer	PMID:31164343	https://doi.org/10.1158/2159-8290.CD-18-1494	tier2	experimentally_immunogenic_mutant_peptide	experimentally_validated_tcell_immunogenicity
KLRDEISLAK	HLA-A03*01	TSNADB2_000408	TSNAdb_v2.0	Melanoma	PMID:33038342	https://doi.org/10.1016/j.cell.2020.09.015	tier2	experimentally_immunogenic_mutant_peptide	experimentally_validated_tcell_immunogenicity
KLSHQLVLL	HLA-A02*01	TSNADB2_000409	TSNAdb_v2.0	Melanoma	PMID:27198675	https://doi.org/10.1126/Science.aaf2288	tier2	experimentally_immunogenic_mutant_peptide	experimentally_validated_tcell_immunogenicity
KLVVVGADGV	HLA-A02*01	TSNADB2_000410	TSNAdb_v2.0	Pancreatic Cancer	PMID:30835255	https://doi.org/10.1172/JCI99538	tier2	experimentally_immunogenic_mutant_peptide	experimentally_validated_tcell_immunogenicity
KLVVVGAVGV	HLA-A02*01	TSNADB2_000411	TSNAdb_v2.0	Pancreatic Cancer	PMID:30835255	https://doi.org/10.1172/JCI99538	tier2	experimentally_immunogenic_mutant_peptide	experimentally_validated_tcell_immunogenicity
KLVVVGAVGV	HLA-A02*01	TSNADB2_000412	TSNAdb_v2.0	Ovarian Cancer	PMID:33123756	https://doi.org/10.1007/s00262-020-02764-9	tier2	experimentally_immunogenic_mutant_peptide	experimentally_validated_tcell_immunogenicity
KLYEEPLLK	HLA-A03*01	TSNADB2_000414	TSNAdb_v2.0	Melanoma	PMID:24043743	https://doi.org/10.1200/JCO.2012.47.7521	tier2	experimentally_immunogenic_mutant_peptide	experimentally_validated_tcell_immunogenicity
KLYGLDWAEL	HLA-A02*01	TSNADB2_000415	TSNAdb_v2.0	Melanoma	PMID:27198675	https://doi.org/10.1126/Science.aaf2288	tier2	experimentally_immunogenic_mutant_peptide	experimentally_validated_tcell_immunogenicity
KPAIFVASL	HLA-B07*02	TSNADB2_000416	TSNAdb_v2.0	Pancreatic Cancer	PMID:31164343	https://doi.org/10.1158/2159-8290.CD-18-1494	tier2	experimentally_immunogenic_mutant_peptide	experimentally_validated_tcell_immunogenicity
KPFCVLISL	HLA-B07*02	TSNADB2_000419	TSNAdb_v2.0	Melanoma	PMID:28678784	https://doi.org/10.1038/nature23003	tier2	experimentally_immunogenic_mutant_peptide	experimentally_validated_tcell_immunogenicity
KPKKENLWRM	HLA-B07*02	TSNADB2_000421	TSNAdb_v2.0	Melanoma	PMID:27198675	https://doi.org/10.1126/Science.aaf2288	tier2	experimentally_immunogenic_mutant_peptide	experimentally_validated_tcell_immunogenicity
KPSDTPRPVM	HLA-B07*02	TSNADB2_000422	TSNAdb_v2.0	Melanoma	PMID:28678784	https://doi.org/10.1038/nature23003	tier2	experimentally_immunogenic_mutant_peptide	experimentally_validated_tcell_immunogenicity
KPYTRIHIL	HLA-B14*01	TSNADB2_000423	TSNAdb_v2.0	Colorectal Cancer	PMID:31164343	https://doi.org/10.1158/2159-8290.CD-18-1494	tier2	experimentally_immunogenic_mutant_peptide	experimentally_validated_tcell_immunogenicity
KQDGYDSV	HLA-A02*01	TSNADB2_000424	TSNAdb_v2.0	Non-Small-Cell Lung Cancer	PMID:28031159	https://doi.org/10.1158/2159-8290.CD-16-0828.	tier2	experimentally_immunogenic_mutant_peptide	experimentally_validated_tcell_immunogenicity
KRIHQFGIVHL	HLA-B27*05	TSNADB2_000425	TSNAdb_v2.0	Lung Cancer	PMID:33473101	https://doi.org/10.1038/s41392-020-00448-5	tier2	experimentally_immunogenic_mutant_peptide	experimentally_validated_tcell_immunogenicity
KRSCKGALYK	HLA-A11*01	TSNADB2_000427	TSNAdb_v2.0	Lung Cancer	PMID:33473101	https://doi.org/10.1038/s41392-020-00448-5	tier2	experimentally_immunogenic_mutant_peptide	experimentally_validated_tcell_immunogenicity
KRYCFGEGL	HLA-B14*02	TSNADB2_000428	TSNAdb_v2.0	Gastric Cancer	PMID:30835255	https://doi.org/10.1172/JCI99538	tier2	experimentally_immunogenic_mutant_peptide	experimentally_validated_tcell_immunogenicity
KRYCFGEGL	HLA-C07*04	TSNADB2_000429	TSNAdb_v2.0	Gastric Cancer	PMID:30835255	https://doi.org/10.1172/JCI99538	tier2	experimentally_immunogenic_mutant_peptide	experimentally_validated_tcell_immunogenicity
KSAKSDAPK	HLA-A11*01	TSNADB2_000430	TSNAdb_v2.0	Lung Cancer	PMID:33473101	https://doi.org/10.1038/s41392-020-00448-5	tier2	experimentally_immunogenic_mutant_peptide	experimentally_validated_tcell_immunogenicity
KSFKEIKLW	HLA-B57*01	TSNADB2_000432	TSNAdb_v2.0	Melanoma	PMID:33038342	https://doi.org/10.1016/j.cell.2020.09.015	tier2	experimentally_immunogenic_mutant_peptide	experimentally_validated_tcell_immunogenicity
KTDTGVHATL	HLA-C05*01	TSNADB2_000438	TSNAdb_v2.0	Non-Small-Cell Lung Cancer	PMID:33038342	https://doi.org/10.1016/j.cell.2020.09.015	tier2	experimentally_immunogenic_mutant_peptide	experimentally_validated_tcell_immunogenicity
KTFNWSSALNK	HLA-A11*01	TSNADB2_000439	TSNAdb_v2.0	Lung Cancer	PMID:33473101	https://doi.org/10.1038/s41392-020-00448-5	tier2	experimentally_immunogenic_mutant_peptide	experimentally_validated_tcell_immunogenicity
KTGEQRVVTL	HLA-C12*03	TSNADB2_000440	TSNAdb_v2.0	Pediatric Medulloblastoma	PMID:31351799	https://doi.org/10.1016/j.jcyt.2019.06.009	tier2	experimentally_immunogenic_mutant_peptide	experimentally_validated_tcell_immunogenicity
KTLTSVFQKK	HLA-A11*01	TSNADB2_000441	TSNAdb_v2.0	Melanoma	PMID:23644516	https://doi.org/10.1038/nm.3161	tier2	experimentally_immunogenic_mutant_peptide	experimentally_validated_tcell_immunogenicity
KTRPRSPEK	HLA-A30*01	TSNADB2_000442	TSNAdb_v2.0	Non-Small-Cell Lung Cancer	PMID:28031159	https://doi.org/10.1158/2159-8290.CD-16-0828.	tier2	experimentally_immunogenic_mutant_peptide	experimentally_validated_tcell_immunogenicity
KTYQVSYGFR	HLA-A31*01	TSNADB2_000443	TSNAdb_v2.0	Non-Small-Cell Lung Cancer	PMID:34244308	https://jitc.bmj.com/lookup/pmidlookupview=long&pmid=34244308	tier2	experimentally_immunogenic_mutant_peptide	experimentally_validated_tcell_immunogenicity
KVCGTAFTW	HLA-A32*01	TSNADB2_000444	TSNAdb_v2.0	Neuroendocrine Tumor	PMID:33879241	https://doi.org/10.1186/s13073-021-00872-4	tier2	experimentally_immunogenic_mutant_peptide	experimentally_validated_tcell_immunogenicity
KVDPIGHVY	HLA-A01*01	TSNADB2_000445	TSNAdb_v2.0	Melanoma	PMID:26901407	https://doi.org/10.1038/nm.4051	tier2	experimentally_immunogenic_mutant_peptide	experimentally_validated_tcell_immunogenicity
KVDPIGHVYIF	HLA-C05*01	TSNADB2_000446	TSNAdb_v2.0	Melanoma	PMID:26901407	https://doi.org/10.1038/nm.4051	tier2	experimentally_immunogenic_mutant_peptide	experimentally_validated_tcell_immunogenicity
KVLKVAMKK	HLA-A03*01	TSNADB2_000448	TSNAdb_v2.0	Gastric Adenocarcinoma	PMID:33016924	https://doi.org/10.1172/JCI134915.	tier2	experimentally_immunogenic_mutant_peptide	experimentally_validated_tcell_immunogenicity
KWGLALAAVF	HLA-A24*02	TSNADB2_000450	TSNAdb_v2.0	Lung Cancer	PMID:33473101	https://doi.org/10.1038/s41392-020-00448-5	tier2	experimentally_immunogenic_mutant_peptide	experimentally_validated_tcell_immunogenicity
KYEKSAVLASNSQFLVK	HLA-DRB116*02	TSNADB2_000452	TSNAdb_v2.0	Non-Small-Cell Lung Cancer	PMID:34244308	https://jitc.bmj.com/lookup/pmidlookupview=long&pmid=34244308	tier2	experimentally_immunogenic_mutant_peptide	experimentally_validated_tcell_immunogenicity
KYIKTWRPRYF	HLA-A23*01	TSNADB2_000453	TSNAdb_v2.0	Colorectal Cancer	PMID:30841906	https://doi.org/10.1186/s40425-018-0492-x	tier2	experimentally_immunogenic_mutant_peptide	experimentally_validated_tcell_immunogenicity
LAAFGHMLY	HLA-B15*02	TSNADB2_000455	TSNAdb_v2.0	Lung Cancer	PMID:33473101	https://doi.org/10.1038/s41392-020-00448-5	tier2	experimentally_immunogenic_mutant_peptide	experimentally_validated_tcell_immunogenicity
LADGGYDVEKNNSRI	HLA-DQA103*01:01/DQB104:02:01	TSNADB2_000457	TSNAdb_v2.0	Ovarian Cancer	PMID:29720506	https://doi.org/10.1158/1078-0432.CCR-18-0573	tier2	experimentally_immunogenic_mutant_peptide	experimentally_validated_tcell_immunogenicity
LADGGYDVEKNNSRI	HLA-DRB401*01	TSNADB2_000458	TSNAdb_v2.0	Ovarian Cancer	PMID:29853601	https://doi.org/10.1158/1078-0432.CCR-18-0573	tier2	experimentally_immunogenic_mutant_peptide	experimentally_validated_tcell_immunogenicity
LANKPIAPNF	HLA-B15*01	TSNADB2_000460	TSNAdb_v2.0	Lung Cancer	PMID:33473101	https://doi.org/10.1038/s41392-020-00448-5	tier2	experimentally_immunogenic_mutant_peptide	experimentally_validated_tcell_immunogenicity
LARALKEGRIRGAAL	HLA-DRB103*01	TSNADB2_000461	TSNAdb_v2.0	Primary Bladder Cancer	PMID:31036766	https://doi.org/10.4049/jimmunol.1801022	tier2	experimentally_immunogenic_mutant_peptide	experimentally_validated_tcell_immunogenicity
LCTDVALPLIVHNIQ	HLA-DRB112*01	TSNADB2_000464	TSNAdb_v2.0	Lung Cancer	PMID:33473101	https://doi.org/10.1038/s41392-020-00448-5	tier2	experimentally_immunogenic_mutant_peptide	experimentally_validated_tcell_immunogenicity
LDGEYFTLEIRGRERFE	HLA-DRB101*01	TSNADB2_000465	TSNAdb_v2.0	Non-Small-Cell Lung Cancer	PMID:34244308	https://jitc.bmj.com/lookup/pmidlookupview=long&pmid=34244308	tier2	experimentally_immunogenic_mutant_peptide	experimentally_validated_tcell_immunogenicity
LFRQFTFVNSKTVT	HLA-DRB115*01	TSNADB2_000467	TSNAdb_v2.0	Lung Cancer	PMID:33473101	https://doi.org/10.1038/s41392-020-00448-5	tier2	experimentally_immunogenic_mutant_peptide	experimentally_validated_tcell_immunogenicity
LIIPFIHLI	HLA-A02*01	TSNADB2_000471	TSNAdb_v2.0	Melanoma	PMID:27198675	https://doi.org/10.1126/Science.aaf2288	tier2	experimentally_immunogenic_mutant_peptide	experimentally_validated_tcell_immunogenicity
LLDIVAPK	HLA-A11*01	TSNADB2_000477	TSNAdb_v2.0	Non Small Cell Lung Cancer	PMID:26940869	https://doi.org/10.1126/Science.aaf1490.	tier2	experimentally_immunogenic_mutant_peptide	experimentally_validated_tcell_immunogenicity
LLFGMPPCL	HLA-A02*01	TSNADB2_000478	TSNAdb_v2.0	Melanoma	PMID:27198675	https://doi.org/10.1126/Science.aaf2288	tier2	experimentally_immunogenic_mutant_peptide	experimentally_validated_tcell_immunogenicity
LLGRNSFELRVCACPGR	HLA-DRB109*01	TSNADB2_000480	TSNAdb_v2.0	Non-Small-Cell Lung Cancer	PMID:34244308	https://jitc.bmj.com/lookup/pmidlookupview=long&pmid=34244308	tier2	experimentally_immunogenic_mutant_peptide	experimentally_validated_tcell_immunogenicity
LLGVKLFGV	HLA-A02*01	TSNADB2_000481	TSNAdb_v2.0	Melanoma	PMID:26389673	https://doi.org/10.1172/JCI82416	tier2	experimentally_immunogenic_mutant_peptide	experimentally_validated_tcell_immunogenicity
LLKHPFTLM	HLA-A30*01	TSNADB2_000482	TSNAdb_v2.0	Non-Small-Cell Lung Cancer	PMID:34244308	https://jitc.bmj.com/lookup/pmidlookupview=long&pmid=34244308	tier2	experimentally_immunogenic_mutant_peptide	experimentally_validated_tcell_immunogenicity
LLLDDLLVSI	HLA-A02*01	TSNADB2_000483	TSNAdb_v2.0	Melanoma	PMID:15695408	https://cancerres.aacrjournals.org/content/65/2/632.long	tier2	experimentally_immunogenic_mutant_peptide	experimentally_validated_tcell_immunogenicity
LLLMSTLGI	HLA-A02*01	TSNADB2_000484	TSNAdb_v2.0	Pancreatic Cancer	PMID:29132146	https://doi.org/10.1038/Nature24462	tier2	experimentally_immunogenic_mutant_peptide	experimentally_validated_tcell_immunogenicity
LLQCTQQAV	HLA-A02*01	TSNADB2_000485	TSNAdb_v2.0	Colorectal Cancer	PMID:26516200	https://doi.org/10.1126/Science.aad1253	tier2	experimentally_immunogenic_mutant_peptide	experimentally_validated_tcell_immunogenicity
LLYQELLPL	HLA-A02*01	TSNADB2_000488	TSNAdb_v2.0	Melanoma	PMID:26048577	https://doi.org/10.1158/2326-6066.CIR-15-0088	tier2	experimentally_immunogenic_mutant_peptide	experimentally_validated_tcell_immunogenicity
LMKVDPIGHVY	HLA-B15*01	TSNADB2_000489	TSNAdb_v2.0	Melanoma	PMID:26901407	https://doi.org/10.1038/nm.4051	tier2	experimentally_immunogenic_mutant_peptide	experimentally_validated_tcell_immunogenicity
LPNEYAFVT	HLA-B35*01	TSNADB2_000494	TSNAdb_v2.0	Melanoma	PMID:28678778	https://doi.org/10.1038/Nature22991	tier2	experimentally_immunogenic_mutant_peptide	experimentally_validated_tcell_immunogenicity
LPNEYAFVTT	HLA-B35*01	TSNADB2_000495	TSNAdb_v2.0	Melanoma	PMID:28678778	https://doi.org/10.1038/Nature22991	tier2	experimentally_immunogenic_mutant_peptide	experimentally_validated_tcell_immunogenicity
LPRQYWEAL	HLA-B07*02	TSNADB2_000496	TSNAdb_v2.0	Pancreatic Cancer	PMID:29132146	https://doi.org/10.1038/Nature24462	tier2	experimentally_immunogenic_mutant_peptide	experimentally_validated_tcell_immunogenicity
LQQPLGLTWL	HLA-C04*01	TSNADB2_000498	TSNAdb_v2.0	Colorectal Cancer	PMID:31164343	https://doi.org/10.1158/2159-8290.CD-18-1494	tier2	experimentally_immunogenic_mutant_peptide	experimentally_validated_tcell_immunogenicity
LQTIKDIASPI	HLA-B52*01	TSNADB2_000499	TSNAdb_v2.0	Pediatric Medulloblastoma	PMID:31351799	https://doi.org/10.1016/j.jcyt.2019.06.009	tier2	experimentally_immunogenic_mutant_peptide	experimentally_validated_tcell_immunogenicity
LRAAFFGKCF	HLA-B27*05	TSNADB2_000500	TSNAdb_v2.0	Melanoma	PMID:28678778	https://doi.org/10.1038/Nature22991	tier2	experimentally_immunogenic_mutant_peptide	experimentally_validated_tcell_immunogenicity
LRLHSFPTML	HLA-B27*05	TSNADB2_000502	TSNAdb_v2.0	Lung Cancer	PMID:33473101	https://doi.org/10.1038/s41392-020-00448-5	tier2	experimentally_immunogenic_mutant_peptide	experimentally_validated_tcell_immunogenicity
LRLHSFPTMLK	HLA-A03*01	TSNADB2_000503	TSNAdb_v2.0	Lung Cancer	PMID:33473101	https://doi.org/10.1038/s41392-020-00448-5	tier2	experimentally_immunogenic_mutant_peptide	experimentally_validated_tcell_immunogenicity
LRRDATIVY	HLA-C07*02	TSNADB2_000505	TSNAdb_v2.0	Non-Small-Cell Lung Cancer	PMID:28031159	https://doi.org/10.1158/2159-8290.CD-16-0828.	tier2	experimentally_immunogenic_mutant_peptide	experimentally_validated_tcell_immunogenicity
LRTKVYAEL	HLA-B27*05	TSNADB2_000506	TSNAdb_v2.0	Melanoma	PMID:26048577	https://doi.org/10.1158/2326-6066.CIR-15-0088	tier2	experimentally_immunogenic_mutant_peptide	experimentally_validated_tcell_immunogenicity
LSDGPSMGRY	HLA-A01*01	TSNADB2_000509	TSNAdb_v2.0	Melanoma	PMID:33038342	https://doi.org/10.1016/j.cell.2020.09.015	tier2	experimentally_immunogenic_mutant_peptide	experimentally_validated_tcell_immunogenicity
LSEEAILGFEY	HLA-A01*01	TSNADB2_000510	TSNAdb_v2.0	Colorectal Cancer	PMID:31164343	https://doi.org/10.1158/2159-8290.CD-18-1494	tier2	experimentally_immunogenic_mutant_peptide	experimentally_validated_tcell_immunogenicity
LSLVFVDKPKKAKLL	HLA-DRB108*03	TSNADB2_000511	TSNAdb_v2.0	Lung Cancer	PMID:33473101	https://doi.org/10.1038/s41392-020-00448-5	tier2	experimentally_immunogenic_mutant_peptide	experimentally_validated_tcell_immunogenicity
LSRLSNRLL	HLA-B08*01	TSNADB2_000513	TSNAdb_v2.0	Melanoma	PMID:18157007	https://doi.org/10.1097/CJI.0b013e318159f797	tier2	experimentally_immunogenic_mutant_peptide	experimentally_validated_tcell_immunogenicity
LSSVSFFLV	HLA-A11*01	TSNADB2_000514	TSNAdb_v2.0	Melanoma	PMID:28596308	https://doi.org/10.1126/Science.aan6733	tier2	experimentally_immunogenic_mutant_peptide	experimentally_validated_tcell_immunogenicity
LSVWNRQVL	HLA-C03*02	TSNADB2_000515	TSNAdb_v2.0	Colorectal Cancer	PMID:31164343	https://doi.org/10.1158/2159-8290.CD-18-1494	tier2	experimentally_immunogenic_mutant_peptide	experimentally_validated_tcell_immunogenicity
LTDDRLFTCY	HLA-A01*01	TSNADB2_000516	TSNAdb_v2.0	Melanoma	PMID:23644516	https://doi.org/10.1038/nm.3161	tier2	experimentally_immunogenic_mutant_peptide	experimentally_validated_tcell_immunogenicity
LTSTVQLIM	HLA-C15*02	TSNADB2_000517	TSNAdb_v2.0	Non-Small-Cell Lung Cancer	PMID:34244308	https://jitc.bmj.com/lookup/pmidlookupview=long&pmid=34244308	tier2	experimentally_immunogenic_mutant_peptide	experimentally_validated_tcell_immunogenicity
LTSTVQLIMQLMPFGCL	HLA-DRB109*01	TSNADB2_000518	TSNAdb_v2.0	Non-Small-Cell Lung Cancer	PMID:34244308	https://jitc.bmj.com/lookup/pmidlookupview=long&pmid=34244308	tier2	experimentally_immunogenic_mutant_peptide	experimentally_validated_tcell_immunogenicity
LVDEKALARALKEGRIRGAAL	HLA-DRB103*01	TSNADB2_000519	TSNAdb_v2.0	Primary Bladder Cancer	PMID:31036766	https://doi.org/10.4049/jimmunol.1801022	tier2	experimentally_immunogenic_mutant_peptide	experimentally_validated_tcell_immunogenicity
LVLMCGPPPI	HLA-A02*01	TSNADB2_000520	TSNAdb_v2.0	Lung Cancer	PMID:33473101	https://doi.org/10.1038/s41392-020-00448-5	tier2	experimentally_immunogenic_mutant_peptide	experimentally_validated_tcell_immunogenicity
LVVVGAVGV	HLA-A02*01	TSNADB2_000523	TSNAdb_v2.0	Ovarian Cancer	PMID:33123756	https://doi.org/10.1007/s00262-020-02764-9	tier2	experimentally_immunogenic_mutant_peptide	experimentally_validated_tcell_immunogenicity
LYNGMEHLI	HLA-A24*02	TSNADB2_000527	TSNAdb_v2.0	Melanoma	PMID:26048577	https://doi.org/10.1158/2326-6066.CIR-15-0088	tier2	experimentally_immunogenic_mutant_peptide	experimentally_validated_tcell_immunogenicity
LYPEFIASI	HLA-A24*02	TSNADB2_000528	TSNAdb_v2.0	Ovarian Cancer	PMID:29541393	https://doi.org/10.18632/Oncotarget.24232	tier2	experimentally_immunogenic_mutant_peptide	experimentally_validated_tcell_immunogenicity
MAKAKAVAL	HLA-B35*01	TSNADB2_000529	TSNAdb_v2.0	Ovarian Cancer	PMID:31069153	https://doi.org/10.1080/2162402X.2019.1586042	tier2	experimentally_immunogenic_mutant_peptide	experimentally_validated_tcell_immunogenicity
MERDKQSKW	HLA-B44*03	TSNADB2_000533	TSNAdb_v2.0	Neuroendocrine Tumor	PMID:33879241	https://doi.org/10.1186/s13073-021-00872-4	tier2	experimentally_immunogenic_mutant_peptide	experimentally_validated_tcell_immunogenicity
MGKSTHTSM	HLA-B08*01	TSNADB2_000534	TSNAdb_v2.0	Pancreatic Cancer	PMID:29132146	https://doi.org/10.1038/Nature24462	tier2	experimentally_immunogenic_mutant_peptide	experimentally_validated_tcell_immunogenicity
MIFEKHGFRRTTPP	HLA-DRB115*01	TSNADB2_000535	TSNAdb_v2.0	Melanoma	PMID:12045238	https://dx.doi.org/10.1084%2Fjem.20020141	tier2	experimentally_immunogenic_mutant_peptide	experimentally_validated_tcell_immunogenicity
MKSFQKTPHY	HLA-B15*01	TSNADB2_000537	TSNAdb_v2.0	Lung Cancer	PMID:33473101	https://doi.org/10.1038/s41392-020-00448-5	tier2	experimentally_immunogenic_mutant_peptide	experimentally_validated_tcell_immunogenicity
MLAVISCAV	HLA-A02*01	TSNADB2_000538	TSNAdb_v2.0	Melanoma	PMID:12359761	https://cancerres.aacrjournals.org/content/62/19/5510.long	tier2	experimentally_immunogenic_mutant_peptide	experimentally_validated_tcell_immunogenicity
MLCSDSSLQL	HLA-A02*03	TSNADB2_000539	TSNAdb_v2.0	Lung Cancer	PMID:33473101	https://doi.org/10.1038/s41392-020-00448-5	tier2	experimentally_immunogenic_mutant_peptide	experimentally_validated_tcell_immunogenicity
MLFSHGLVK	HLA-A03*01	TSNADB2_000540	TSNAdb_v2.0	Colorectal Cancer	PMID:26516200	https://doi.org/10.1126/Science.aad1253	tier2	experimentally_immunogenic_mutant_peptide	experimentally_validated_tcell_immunogenicity
MLICCCCTL	HLA-A02*10	TSNADB2_000541	TSNAdb_v2.0	Lung Cancer	PMID:33473101	https://doi.org/10.1038/s41392-020-00448-5	tier2	experimentally_immunogenic_mutant_peptide	experimentally_validated_tcell_immunogenicity
MLIGIPVYV	HLA-A02*01	TSNADB2_000542	TSNAdb_v2.0	Ovarian Cancer	PMID:29541393	https://doi.org/10.18632/Oncotarget.24232	tier2	experimentally_immunogenic_mutant_peptide	experimentally_validated_tcell_immunogenicity
MPIEPGDIGC	HLA-B35*01	TSNADB2_000544	TSNAdb_v2.0	Chronic Lymphocytic Leukemia	PMID:24891321	https://doi.org/10.1182/blood-2014-04-567933	tier2	experimentally_immunogenic_mutant_peptide	experimentally_validated_tcell_immunogenicity
MPYGYVLNEF	HLA-B35*01	TSNADB2_000545	TSNAdb_v2.0	Breast Cancer	PMID:29867227	https://doi.org/10.1038/s41591-018-0040-8	tier2	experimentally_immunogenic_mutant_peptide	experimentally_validated_tcell_immunogenicity
MQLMPFGCL	HLA-B15*01	TSNADB2_000547	TSNAdb_v2.0	Lung Cancer	PMID:33473101	https://doi.org/10.1038/s41392-020-00448-5	tier2	experimentally_immunogenic_mutant_peptide	experimentally_validated_tcell_immunogenicity
MQLMPFGCLL	HLA-B15*01	TSNADB2_000548	TSNAdb_v2.0	Lung Cancer	PMID:33473101	https://doi.org/10.1038/s41392-020-00448-5	tier2	experimentally_immunogenic_mutant_peptide	experimentally_validated_tcell_immunogenicity
MSILSGCDY	HLA-B15*01	TSNADB2_000551	TSNAdb_v2.0	Lung Cancer	PMID:33473101	https://doi.org/10.1038/s41392-020-00448-5	tier2	experimentally_immunogenic_mutant_peptide	experimentally_validated_tcell_immunogenicity
MSLPLTARWK	HLA-A11*01	TSNADB2_000553	TSNAdb_v2.0	Lung Cancer	PMID:33473101	https://doi.org/10.1038/s41392-020-00448-5	tier2	experimentally_immunogenic_mutant_peptide	experimentally_validated_tcell_immunogenicity
MTEYKLVVVGAVGVGKSALTIQLIQ	HLA-DRB111*04	TSNADB2_000555	TSNAdb_v2.0	Non-Small-Cell Lung Cancer	PMID:31043415	https://doi.org/10.1158/2326-6066.CIR-18-0402	tier2	experimentally_immunogenic_mutant_peptide	experimentally_validated_tcell_immunogenicity
MVKTLRLHSFPTMLKECSP	HLA-DRB104*01	TSNADB2_000558	TSNAdb_v2.0	Lung Cancer	PMID:33473101	https://doi.org/10.1038/s41392-020-00448-5	tier2	experimentally_immunogenic_mutant_peptide	experimentally_validated_tcell_immunogenicity
MVMGVLKQAFDVLVL	HLA-DRB107*01	TSNADB2_000559	TSNAdb_v2.0	Pancreatic Cancer	PMID:30835255	https://doi.org/10.1172/JCI99538	tier2	experimentally_immunogenic_mutant_peptide	experimentally_validated_tcell_immunogenicity
MVNTVAGAMK	HLA-A68*01	TSNADB2_000560	TSNAdb_v2.0	Glioblastoma	PMID:30568305	https://doi.org/10.1038/s41586-018-0792-9	tier2	experimentally_immunogenic_mutant_peptide	experimentally_validated_tcell_immunogenicity
NAYHSIEWAI	HLA-C12*03	TSNADB2_000561	TSNAdb_v2.0	Melanoma	PMID:26901407	https://doi.org/10.1038/nm.4051	tier2	experimentally_immunogenic_mutant_peptide	experimentally_validated_tcell_immunogenicity
NDRYVLGISDTLIRL	HLA-DRB104*01	TSNADB2_000562	TSNAdb_v2.0	Lung Cancer	PMID:33473101	https://doi.org/10.1038/s41392-020-00448-5	tier2	experimentally_immunogenic_mutant_peptide	experimentally_validated_tcell_immunogenicity
NENLDLQEL	HLA-B40*01	TSNADB2_000563	TSNAdb_v2.0	Colorectal Cancer	PMID:31164343	https://doi.org/10.1158/2159-8290.CD-18-1494	tier2	experimentally_immunogenic_mutant_peptide	experimentally_validated_tcell_immunogenicity
NERGVSSCDRLTDPH	HLA-DQA101*03:01/DQB106:03:01	TSNADB2_000564	TSNAdb_v2.0	Ovarian Cancer	PMID:29720506	https://doi.org/10.1158/1078-0432.CCR-18-0573	tier2	experimentally_immunogenic_mutant_peptide	experimentally_validated_tcell_immunogenicity
NGKERVHIL	HLA-B08*01	TSNADB2_000566	TSNAdb_v2.0	Stomach Cancer	PMID:31164343	https://doi.org/10.1158/2159-8290.CD-18-1494	tier2	experimentally_immunogenic_mutant_peptide	experimentally_validated_tcell_immunogenicity
NHVVDISKSGLITIA	HLA-DRB107*01	TSNADB2_000568	TSNAdb_v2.0	Colorectal Cancer	PMID:26516200	https://doi.org/10.1126/Science.aad1253	tier2	experimentally_immunogenic_mutant_peptide	experimentally_validated_tcell_immunogenicity
NIFAILESV	HLA-A02*01	TSNADB2_000569	TSNAdb_v2.0	Thymoma	PMID:30835255	https://doi.org/10.1172/JCI99538	tier2	experimentally_immunogenic_mutant_peptide	experimentally_validated_tcell_immunogenicity
NIFKALFCSFRAQHV	HLA-DRB104*01	TSNADB2_000570	TSNAdb_v2.0	Lung Cancer	PMID:33473101	https://doi.org/10.1038/s41392-020-00448-5	tier2	experimentally_immunogenic_mutant_peptide	experimentally_validated_tcell_immunogenicity
NIIFLHEDLTV	HLA-A02*01	TSNADB2_000571	TSNAdb_v2.0	Non-Small Cell Lung Cancer	PMID:30841906	https://doi.org/10.1186/s40425-018-0492-x	tier2	experimentally_immunogenic_mutant_peptide	experimentally_validated_tcell_immunogenicity
NILELASGAVLR	HLA-DRB112*02	TSNADB2_000572	TSNAdb_v2.0	Lung Cancer	PMID:33473101	https://doi.org/10.1038/s41392-020-00448-5	tier2	experimentally_immunogenic_mutant_peptide	experimentally_validated_tcell_immunogenicity
NLACADITF	HLA-B35*01	TSNADB2_000575	TSNAdb_v2.0	Ovarian Cancer	PMID:31069153	https://doi.org/10.1080/2162402X.2019.1586042	tier2	experimentally_immunogenic_mutant_peptide	experimentally_validated_tcell_immunogenicity
NLLGRNSFK	HLA-A68*01	TSNADB2_000576	TSNAdb_v2.0	Pancreatic Cancer	PMID:29132146	https://doi.org/10.1038/Nature24462	tier2	experimentally_immunogenic_mutant_peptide	experimentally_validated_tcell_immunogenicity
NLNCCSVPV	HLA-A02*01	TSNADB2_000577	TSNAdb_v2.0	Melanoma	PMID:27198675	https://doi.org/10.1126/Science.aaf2288	tier2	experimentally_immunogenic_mutant_peptide	experimentally_validated_tcell_immunogenicity
NTFRHSVVVPCEPPE	HLA-DRB302*02	TSNADB2_000583	TSNAdb_v2.0	Ovarian Cancer	PMID:29720506	https://doi.org/10.1158/1078-0432.CCR-18-0573	tier2	experimentally_immunogenic_mutant_peptide	experimentally_validated_tcell_immunogenicity
NVQMLFSNPLYEPV	HLA-DRB115*01	TSNADB2_000584	TSNAdb_v2.0	Lung Cancer	PMID:33473101	https://doi.org/10.1038/s41392-020-00448-5	tier2	experimentally_immunogenic_mutant_peptide	experimentally_validated_tcell_immunogenicity
PSDTRQMLFY	HLA-A01*01	TSNADB2_000596	TSNAdb_v2.0	Melanoma	PMID:26389673	https://doi.org/10.1172/JCI82416	tier2	experimentally_immunogenic_mutant_peptide	experimentally_validated_tcell_immunogenicity
PSQFARVPGYVGSPLA	HLA-DRB101*01	TSNADB2_000597	TSNAdb_v2.0	Melanoma	PMID:28678778	https://doi.org/10.1038/Nature22991	tier2	experimentally_immunogenic_mutant_peptide	experimentally_validated_tcell_immunogenicity
PYYFAAELPPRNLPEP	HLA-DRB110*01	TSNADB2_000599	TSNAdb_v2.0	Melanoma	PMID:12794170	https://doi.org/10.4049/jimmunol.170.12.6363	tier2	experimentally_immunogenic_mutant_peptide	experimentally_validated_tcell_immunogenicity
QDFRRNILSVCKEAVDL	HLA-DRB116*02	TSNADB2_000600	TSNAdb_v2.0	Non-Small-Cell Lung Cancer	PMID:34244308	https://jitc.bmj.com/lookup/pmidlookupview=long&pmid=34244308	tier2	experimentally_immunogenic_mutant_peptide	experimentally_validated_tcell_immunogenicity
QEECLWMAV	HLA-B40*02	TSNADB2_000601	TSNAdb_v2.0	Non-Small-Cell Lung Cancer	PMID:34244308	https://jitc.bmj.com/lookup/pmidlookupview=long&pmid=34244308	tier2	experimentally_immunogenic_mutant_peptide	experimentally_validated_tcell_immunogenicity
QEFENIKSY	HLA-C12*03	TSNADB2_000602	TSNAdb_v2.0	Pancreatic Cancer	PMID:29132146	https://doi.org/10.1038/Nature24462	tier2	experimentally_immunogenic_mutant_peptide	experimentally_validated_tcell_immunogenicity
QEVGAAVGEL	HLA-A02*01	TSNADB2_000603	TSNAdb_v2.0	Lung Cancer	PMID:33473101	https://doi.org/10.1038/s41392-020-00448-5	tier2	experimentally_immunogenic_mutant_peptide	experimentally_validated_tcell_immunogenicity
QHMTEVVRHCPHHER	HLA-DRB113*01	TSNADB2_000606	TSNAdb_v2.0	Colorectal Cancer	PMID:30714987	https://doi.org/10.1172/JCI123791	tier2	experimentally_immunogenic_mutant_peptide	experimentally_validated_tcell_immunogenicity
QKTYQVSYGFR	HLA-A31*01	TSNADB2_000607	TSNAdb_v2.0	Non-Small-Cell Lung Cancer	PMID:34244308	https://jitc.bmj.com/lookup/pmidlookupview=long&pmid=34244308	tier2	experimentally_immunogenic_mutant_peptide	experimentally_validated_tcell_immunogenicity
QLCDVMFYL	HLA-A02*01	TSNADB2_000608	TSNAdb_v2.0	Ovarian Cancer	PMID:29720506	https://doi.org/10.1158/1078-0432.CCR-18-0142	tier2	experimentally_immunogenic_mutant_peptide	experimentally_validated_tcell_immunogenicity
QLLKGVQKK	HLA-A11*01	TSNADB2_000609	TSNAdb_v2.0	Lung Cancer	PMID:32793190	https://www.frontiersin.org/articles/10.3389/fimmu.2020.01366/full	tier2	experimentally_immunogenic_mutant_peptide	experimentally_validated_tcell_immunogenicity
QPVLIAVVL	HLA-B35*03	TSNADB2_000611	TSNAdb_v2.0	Colorectal Cancer	PMID:31164343	https://doi.org/10.1158/2159-8290.CD-18-1494	tier2	experimentally_immunogenic_mutant_peptide	experimentally_validated_tcell_immunogenicity
QQFAVGSYV	HLA-A02*01	TSNADB2_000612	TSNAdb_v2.0	Melanoma	PMID:27198675	https://doi.org/10.1126/Science.aaf2288	tier2	experimentally_immunogenic_mutant_peptide	experimentally_validated_tcell_immunogenicity
QQITKTEV	HLA-B52*01	TSNADB2_000613	TSNAdb_v2.0	Non Small Cell Lung Cancer	PMID:16287085	https://doi.org/10.1002/ijc.21594	tier2	experimentally_immunogenic_mutant_peptide	experimentally_validated_tcell_immunogenicity
QREKSQQVL	HLA-B39*01	TSNADB2_000614	TSNAdb_v2.0	Non-Small-Cell Lung Cancer	PMID:28031159	https://doi.org/10.1158/2159-8290.CD-16-0828.	tier2	experimentally_immunogenic_mutant_peptide	experimentally_validated_tcell_immunogenicity
QTYQHMWNY	HLA-A03*01	TSNADB2_000618	TSNAdb_v2.0	Pancreatic Cancer	PMID:29132146	https://doi.org/10.1038/Nature24462	tier2	experimentally_immunogenic_mutant_peptide	experimentally_validated_tcell_immunogenicity
QVNRYNISLLK	HLA-A11*01	TSNADB2_000619	TSNAdb_v2.0	Lung Cancer	PMID:33473101	https://doi.org/10.1038/s41392-020-00448-5	tier2	experimentally_immunogenic_mutant_peptide	experimentally_validated_tcell_immunogenicity
RAFKERQSSK	HLA-A03*01	TSNADB2_000621	TSNAdb_v2.0	Lung Cancer	PMID:33473101	https://doi.org/10.1038/s41392-020-00448-5	tier2	experimentally_immunogenic_mutant_peptide	experimentally_validated_tcell_immunogenicity
RALKEGRIRGAAL	HLA-DRB103*01	TSNADB2_000623	TSNAdb_v2.0	Primary Bladder Cancer	PMID:31036766	https://doi.org/10.4049/jimmunol.1801022	tier2	experimentally_immunogenic_mutant_peptide	experimentally_validated_tcell_immunogenicity
RDTQAVRLYK	HLA-A03*01	TSNADB2_000626	TSNAdb_v2.0	Lung Cancer	PMID:33473101	https://doi.org/10.1038/s41392-020-00448-5	tier2	experimentally_immunogenic_mutant_peptide	experimentally_validated_tcell_immunogenicity
REDDSLHAY	HLA-B44*02	TSNADB2_000627	TSNAdb_v2.0	Colorectal Cancer	PMID:31164343	https://doi.org/10.1158/2159-8290.CD-18-1494	tier2	experimentally_immunogenic_mutant_peptide	experimentally_validated_tcell_immunogenicity
REFDKIELAY	HLA-B41*02	TSNADB2_000628	TSNAdb_v2.0	Melanoma	PMID:28678778	https://doi.org/10.1038/Nature22991	tier2	experimentally_immunogenic_mutant_peptide	experimentally_validated_tcell_immunogenicity
REIEGRVMF	HLA-B18*01	TSNADB2_000631	TSNAdb_v2.0	Pediatric Medulloblastoma	PMID:31351799	https://doi.org/10.1016/j.jcyt.2019.06.009	tier2	experimentally_immunogenic_mutant_peptide	experimentally_validated_tcell_immunogenicity
REIEGRVMF	HLA-B44*02	TSNADB2_000632	TSNAdb_v2.0	Pediatric Medulloblastoma	PMID:31351799	https://doi.org/10.1016/j.jcyt.2019.06.009	tier2	experimentally_immunogenic_mutant_peptide	experimentally_validated_tcell_immunogenicity
REPFVLMQL	HLA-B40*01	TSNADB2_000633	TSNAdb_v2.0	Lung Cancer	PMID:33473101	https://doi.org/10.1038/s41392-020-00448-5	tier2	experimentally_immunogenic_mutant_peptide	experimentally_validated_tcell_immunogenicity
RFKDIFQEM	HLA-C14*02	TSNADB2_000635	TSNAdb_v2.0	Non-Small-Cell Lung Cancer	PMID:34244308	https://jitc.bmj.com/lookup/pmidlookupview=long&pmid=34244308	tier2	experimentally_immunogenic_mutant_peptide	experimentally_validated_tcell_immunogenicity
RFLEYLPLRF	HLA-A24*02	TSNADB2_000636	TSNAdb_v2.0	Melanoma	PMID:28678778	https://doi.org/10.1038/Nature22991	tier2	experimentally_immunogenic_mutant_peptide	experimentally_validated_tcell_immunogenicity
RFNLIANQHLLAPGF	HLA-DRB107*01	TSNADB2_000637	TSNAdb_v2.0	Melanoma	PMID:28678778	https://doi.org/10.1038/Nature22991	tier2	experimentally_immunogenic_mutant_peptide	experimentally_validated_tcell_immunogenicity
RGRAMAIYK	HLA-A30*01	TSNADB2_000640	TSNAdb_v2.0	Pancreatic Cancer	PMID:30835255	https://doi.org/10.1172/JCI99538	tier2	experimentally_immunogenic_mutant_peptide	experimentally_validated_tcell_immunogenicity
RGRMQTASL	HLA-B07*02	TSNADB2_000642	TSNAdb_v2.0	Non-Small-Cell Lung Cancer	PMID:33038342	https://doi.org/10.1016/j.cell.2020.09.015	tier2	experimentally_immunogenic_mutant_peptide	experimentally_validated_tcell_immunogenicity
RHDLPPYRVYL	HLA-B38*01	TSNADB2_000643	TSNAdb_v2.0	Melanoma	PMID:27827318	https://doi.org/10.1158/1078-0432.CCR-16-2680	tier2	experimentally_immunogenic_mutant_peptide	experimentally_validated_tcell_immunogenicity
RILKVTEFK	HLA-A11*01	TSNADB2_000645	TSNAdb_v2.0	Non-Small-Cell Lung Cancer	PMID:34244308	https://jitc.bmj.com/lookup/pmidlookupview=long&pmid=34244308	tier2	experimentally_immunogenic_mutant_peptide	experimentally_validated_tcell_immunogenicity
RILLVAASY	HLA-A30*02	TSNADB2_000646	TSNAdb_v2.0	Colorectal Cancer	PMID:31164343	https://doi.org/10.1158/2159-8290.CD-18-1494	tier2	experimentally_immunogenic_mutant_peptide	experimentally_validated_tcell_immunogenicity
RKRKFINRGLAHDSEEL	HLA-DRB113*01	TSNADB2_000650	TSNAdb_v2.0	Non-Small-Cell Lung Cancer	PMID:34244308	https://jitc.bmj.com/lookup/pmidlookupview=long&pmid=34244308	tier2	experimentally_immunogenic_mutant_peptide	experimentally_validated_tcell_immunogenicity
RKTTQSEQM	HLA-B15*03	TSNADB2_000651	TSNAdb_v2.0	Colorectal Cancer	PMID:31164343	https://doi.org/10.1158/2159-8290.CD-18-1494	tier2	experimentally_immunogenic_mutant_peptide	experimentally_validated_tcell_immunogenicity
RLAAFGHMLY	HLA-A11*01	TSNADB2_000654	TSNAdb_v2.0	Lung Cancer	PMID:33473101	https://doi.org/10.1038/s41392-020-00448-5	tier2	experimentally_immunogenic_mutant_peptide	experimentally_validated_tcell_immunogenicity
RLFPGLTIKI	HLA-A02*05	TSNADB2_000656	TSNAdb_v2.0	Melanoma	PMID:24987109	https://doi.org/10.1158/1078-0432.CCR-14-0433	tier2	experimentally_immunogenic_mutant_peptide	experimentally_validated_tcell_immunogenicity
RLFPYALHK	HLA-A03*01	TSNADB2_000657	TSNAdb_v2.0	Melanoma	PMID:33038342	https://doi.org/10.1016/j.cell.2020.09.015	tier2	experimentally_immunogenic_mutant_peptide	experimentally_validated_tcell_immunogenicity
RLLQCTQQAV	HLA-A02*01	TSNADB2_000658	TSNAdb_v2.0	Colorectal Cancer	PMID:26516200	https://doi.org/10.1126/Science.aad1253	tier2	experimentally_immunogenic_mutant_peptide	experimentally_validated_tcell_immunogenicity
RLSQVSDTV	HLA-A02*01	TSNADB2_000659	TSNAdb_v2.0	Pancreatic Cancer	PMID:31164343	https://doi.org/10.1158/2159-8290.CD-18-1494	tier2	experimentally_immunogenic_mutant_peptide	experimentally_validated_tcell_immunogenicity
RMEHFYLSF	HLA-A32*01	TSNADB2_000660	TSNAdb_v2.0	Colorectal Cancer	PMID:31164343	https://doi.org/10.1158/2159-8290.CD-18-1494	tier2	experimentally_immunogenic_mutant_peptide	experimentally_validated_tcell_immunogenicity
RMQYSMECF	HLA-B15*01	TSNADB2_000661	TSNAdb_v2.0	Ovarian Cancer	PMID:29720506	https://doi.org/10.1158/1078-0432.CCR-18-0573	tier2	experimentally_immunogenic_mutant_peptide	experimentally_validated_tcell_immunogenicity
RMQYSMECFQFMKKL	HLA-DPA101*03:01/DPB104:02:01	TSNADB2_000662	TSNAdb_v2.0	Ovarian Cancer	PMID:29720506	https://doi.org/10.1158/1078-0432.CCR-18-0573	tier2	experimentally_immunogenic_mutant_peptide	experimentally_validated_tcell_immunogenicity
RMSAPSTGGV	HLA-A02*01	TSNADB2_000663	TSNAdb_v2.0	Diffuse Intrinsic Pontine Glioma (Dipg)	PMID:29203539	https://doi.org/10.1084/jem.20171046	tier2	experimentally_immunogenic_mutant_peptide	experimentally_validated_tcell_immunogenicity
RNMVFAAKAMKS	HLA-DRB108*03	TSNADB2_000666	TSNAdb_v2.0	Lung Cancer	PMID:33473101	https://doi.org/10.1038/s41392-020-00448-5	tier2	experimentally_immunogenic_mutant_peptide	experimentally_validated_tcell_immunogenicity
RNTFRHSVVVPCE	HLA-DRB104*01	TSNADB2_000667	TSNAdb_v2.0	Colorectal Cancer	PMID:30714987	https://doi.org/10.1172/JCI123791	tier2	experimentally_immunogenic_mutant_peptide	experimentally_validated_tcell_immunogenicity
RPHHDQRSL	HLA-B07*02	TSNADB2_000669	TSNAdb_v2.0	Melanoma	PMID:28678784	https://doi.org/10.1038/nature23003	tier2	experimentally_immunogenic_mutant_peptide	experimentally_validated_tcell_immunogenicity
RPHVPESAF	HLA-B07*02	TSNADB2_000670	TSNAdb_v2.0	Melanoma	PMID:16247014	https://doi.org/10.1073/pnas.0500090102	tier2	experimentally_immunogenic_mutant_peptide	experimentally_validated_tcell_immunogenicity
RPIPIKYKA	HLA-B07*02	TSNADB2_000671	TSNAdb_v2.0	Lymphoma	PMID:28811957	https://doi.org/10.1080/2162402X.2017.1321184	tier2	experimentally_immunogenic_mutant_peptide	experimentally_validated_tcell_immunogenicity
RPIPIKYKAM	HLA-B07*02	TSNADB2_000672	TSNAdb_v2.0	Lymphoma	PMID:28405493	https://doi.org/10.1080/2162402X.2016.1219825	tier2	experimentally_immunogenic_mutant_peptide	experimentally_validated_tcell_immunogenicity
RPIPIKYKAM	HLA-C03*03	TSNADB2_000673	TSNAdb_v2.0	Lymphoma	PMID:28405493	https://doi.org/10.1080/2162402X.2016.1219825	tier2	experimentally_immunogenic_mutant_peptide	experimentally_validated_tcell_immunogenicity
RPQGQRPAL	HLA-B07*02	TSNADB2_000674	TSNAdb_v2.0	Pancreatic Cancer	PMID:29132146	https://doi.org/10.1038/Nature24462	tier2	experimentally_immunogenic_mutant_peptide	experimentally_validated_tcell_immunogenicity
RPQLLKVKRKKPR	HLA-DRB108*03	TSNADB2_000675	TSNAdb_v2.0	Lung Cancer	PMID:33473101	https://doi.org/10.1038/s41392-020-00448-5	tier2	experimentally_immunogenic_mutant_peptide	experimentally_validated_tcell_immunogenicity
RQCEEVARVL	HLA-B49*01	TSNADB2_000676	TSNAdb_v2.0	Colorectal Cancer	PMID:31164343	https://doi.org/10.1158/2159-8290.CD-18-1494	tier2	experimentally_immunogenic_mutant_peptide	experimentally_validated_tcell_immunogenicity
RQLEVPWPYI	HLA-A02*01	TSNADB2_000678	TSNAdb_v2.0	Breast Cancer	PMID:28619968	https://doi.org/10.1158/2326-6066.CIR-16-0264	tier2	experimentally_immunogenic_mutant_peptide	experimentally_validated_tcell_immunogenicity
RQLLTQPHK	HLA-A31*01	TSNADB2_000679	TSNAdb_v2.0	Non-Small-Cell Lung Cancer	PMID:28031159	https://doi.org/10.1158/2159-8290.CD-16-0828.	tier2	experimentally_immunogenic_mutant_peptide	experimentally_validated_tcell_immunogenicity
RRSMLFARH	HLA-B27*05	TSNADB2_000680	TSNAdb_v2.0	Non-Small-Cell Lung Cancer	PMID:33038342	https://doi.org/10.1016/j.cell.2020.09.015	tier2	experimentally_immunogenic_mutant_peptide	experimentally_validated_tcell_immunogenicity
RSRLGPPDVY	HLA-B15*01	TSNADB2_000682	TSNAdb_v2.0	Lung Cancer	PMID:33473101	https://doi.org/10.1038/s41392-020-00448-5	tier2	experimentally_immunogenic_mutant_peptide	experimentally_validated_tcell_immunogenicity
RTDVKAYNVT	HLA-C05*01	TSNADB2_000685	TSNAdb_v2.0	Pediatric Medulloblastoma	PMID:31351799	https://doi.org/10.1016/j.jcyt.2019.06.009	tier2	experimentally_immunogenic_mutant_peptide	experimentally_validated_tcell_immunogenicity
RTKVVQTLW	HLA-A32*01	TSNADB2_000686	TSNAdb_v2.0	Cervical Carcinoma(Hpv+)	PMID:28408606	https://doi.org/10.1126/Science.aak9510	tier2	experimentally_immunogenic_mutant_peptide	experimentally_validated_tcell_immunogenicity
RTREFTAKK	HLA-A03*01	TSNADB2_000688	TSNAdb_v2.0	Melanoma	PMID:33038342	https://doi.org/10.1016/j.cell.2020.09.015	tier2	experimentally_immunogenic_mutant_peptide	experimentally_validated_tcell_immunogenicity
RVAGSMSSL	HLA-B07*02	TSNADB2_000689	TSNAdb_v2.0	Breast Cancer	PMID:28619968	https://doi.org/10.1158/2326-6066.CIR-16-0264	tier2	experimentally_immunogenic_mutant_peptide	experimentally_validated_tcell_immunogenicity
RVHPYQMIV	HLA-A30*02	TSNADB2_000690	TSNAdb_v2.0	Uterine Leiomyosarcoma	PMID:28228279	https://doi.org/10.1016/j.immuni.2017.02.001	tier2	experimentally_immunogenic_mutant_peptide	experimentally_validated_tcell_immunogenicity
RVRAMTIYKQ	HLA-A11*01	TSNADB2_000692	TSNAdb_v2.0	Lung Cancer	PMID:32793190	https://www.frontiersin.org/articles/10.3389/fimmu.2020.01366/full	tier2	experimentally_immunogenic_mutant_peptide	experimentally_validated_tcell_immunogenicity
RVWDIVPTL	HLA-A02*01	TSNADB2_000693	TSNAdb_v2.0	Pancreatic Cancer	PMID:29132146	https://doi.org/10.1038/Nature24462	tier2	experimentally_immunogenic_mutant_peptide	experimentally_validated_tcell_immunogenicity
RVYDALNLL	HLA-A02*01	TSNADB2_000694	TSNAdb_v2.0	Melanoma	PMID:33038342	https://doi.org/10.1016/j.cell.2020.09.015	tier2	experimentally_immunogenic_mutant_peptide	experimentally_validated_tcell_immunogenicity
RYYVGHKAKF	HLA-A24*02	TSNADB2_000696	TSNAdb_v2.0	Head And Neck Squamous Cell Carcinoma	PMID:30906664	https://doi.org/10.1080/2162402X.2019.1568813	tier2	experimentally_immunogenic_mutant_peptide	experimentally_validated_tcell_immunogenicity
SARQRQRL	HLA-B08*01	TSNADB2_000698	TSNAdb_v2.0	Colorectal Cancer	PMID:31164343	https://doi.org/10.1158/2159-8290.CD-18-1494	tier2	experimentally_immunogenic_mutant_peptide	experimentally_validated_tcell_immunogenicity
SASPLSVV	HLA-C15*02	TSNADB2_000699	TSNAdb_v2.0	Lung Cancer	PMID:28031159	https://doi.org/10.1158/2159-8290.CD-16-0828	tier2	experimentally_immunogenic_mutant_peptide	experimentally_validated_tcell_immunogenicity
SCMGGMNWRPILTII	HLA-DPB102*01	TSNADB2_000701	TSNAdb_v2.0	Rectal Cancer	PMID:30714987	https://doi.org/10.1172/JCI123791	tier2	experimentally_immunogenic_mutant_peptide	experimentally_validated_tcell_immunogenicity
SCSRAVPQV	HLA-A02*01	TSNADB2_000702	TSNAdb_v2.0	Colorectal Cancer	PMID:31164343	https://doi.org/10.1158/2159-8290.CD-18-1494	tier2	experimentally_immunogenic_mutant_peptide	experimentally_validated_tcell_immunogenicity
SEDPWFPKL	HLA-B40*01	TSNADB2_000705	TSNAdb_v2.0	Colorectal Cancer	PMID:31164343	https://doi.org/10.1158/2159-8290.CD-18-1494	tier2	experimentally_immunogenic_mutant_peptide	experimentally_validated_tcell_immunogenicity
SEHEGSGPEL	HLA-B38*01	TSNADB2_000706	TSNAdb_v2.0	Pancreatic Cancer	PMID:26516200	https://doi.org/10.1126/Science.aad1253	tier2	experimentally_immunogenic_mutant_peptide	experimentally_validated_tcell_immunogenicity
SEIISFKSL	HLA-B40*01	TSNADB2_000707	TSNAdb_v2.0	Lung Cancer	PMID:33473101	https://doi.org/10.1038/s41392-020-00448-5	tier2	experimentally_immunogenic_mutant_peptide	experimentally_validated_tcell_immunogenicity
SEKLRHMLL	HLA-B40*02	TSNADB2_000708	TSNAdb_v2.0	Ovarian Cancer	PMID:29720506	https://doi.org/10.1158/1078-0432.CCR-18-0573	tier2	experimentally_immunogenic_mutant_peptide	experimentally_validated_tcell_immunogenicity
SELFRSGLDS	HLA-B44*02	TSNADB2_000709	TSNAdb_v2.0	Melanoma	PMID:29217585	https://doi.org/10.1126/Science.aao4572	tier2	experimentally_immunogenic_mutant_peptide	experimentally_validated_tcell_immunogenicity
SELFRSGLDSY	HLA-B44*02	TSNADB2_000710	TSNAdb_v2.0	Melanoma	PMID:10582700	https://cancerres.aacrjournals.org/content/59/22/5785.long	tier2	experimentally_immunogenic_mutant_peptide	experimentally_validated_tcell_immunogenicity
SEPMFHSESL	HLA-B40*01	TSNADB2_000711	TSNAdb_v2.0	Lung Cancer	PMID:33473101	https://doi.org/10.1038/s41392-020-00448-5	tier2	experimentally_immunogenic_mutant_peptide	experimentally_validated_tcell_immunogenicity
SEPQCHPSF	HLA-B18*01	TSNADB2_000712	TSNAdb_v2.0	Colorectal Cancer	PMID:31164343	https://doi.org/10.1158/2159-8290.CD-18-1494	tier2	experimentally_immunogenic_mutant_peptide	experimentally_validated_tcell_immunogenicity
SEYEDGRGF	HLA-B44*03	TSNADB2_000714	TSNAdb_v2.0	Colorectal Cancer	PMID:31164343	https://doi.org/10.1158/2159-8290.CD-18-1494	tier2	experimentally_immunogenic_mutant_peptide	experimentally_validated_tcell_immunogenicity
SHETVIIEL	HLA-B38*01	TSNADB2_000721	TSNAdb_v2.0	Melanoma	PMID:16247014	https://doi.org/10.1073/pnas.0500090102	tier2	experimentally_immunogenic_mutant_peptide	experimentally_validated_tcell_immunogenicity
SLAALKKALADGGYD	HLA-DRB401*01	TSNADB2_000726	TSNAdb_v2.0	Ovarian Cancer	PMID:29720506	https://doi.org/10.1158/1078-0432.CCR-18-0573	tier2	experimentally_immunogenic_mutant_peptide	experimentally_validated_tcell_immunogenicity
SLAALKKALADGGYD	HLA-DQA103*01/DQB104:02	TSNADB2_000727	TSNAdb_v2.0	Ovarian Cancer	PMID:29853601	https://doi.org/10.1158/1078-0432.CCR-18-0573	tier2	experimentally_immunogenic_mutant_peptide	experimentally_validated_tcell_immunogenicity
SLADEAEVYL	HLA-A02*01	TSNADB2_000728	TSNAdb_v2.0	Melanoma	PMID:23644516	https://doi.org/10.1038/nm.3161	tier2	experimentally_immunogenic_mutant_peptide	experimentally_validated_tcell_immunogenicity
SLDEAALPEL	HLA-A02*01	TSNADB2_000729	TSNAdb_v2.0	Lung Cancer	PMID:33473101	https://doi.org/10.1038/s41392-020-00448-5	tier2	experimentally_immunogenic_mutant_peptide	experimentally_validated_tcell_immunogenicity
SLFEGIDIYT	HLA-A02*01	TSNADB2_000730	TSNAdb_v2.0	ReNAl Cancer	PMID:9973436	https://www.jimmunol.org/content/162/3/1730.long	tier2	experimentally_immunogenic_mutant_peptide	experimentally_validated_tcell_immunogenicity
SLKDISSCSV	HLA-B08*01	TSNADB2_000731	TSNAdb_v2.0	Non-Small-Cell Lung Cancer	PMID:28031159	https://doi.org/10.1158/2159-8290.CD-16-0828.	tier2	experimentally_immunogenic_mutant_peptide	experimentally_validated_tcell_immunogenicity
SLPMKNFPV	HLA-A02*01	TSNADB2_000734	TSNAdb_v2.0	Ovarian Cancer	PMID:33123756	https://doi.org/10.1007/s00262-020-02764-9	tier2	experimentally_immunogenic_mutant_peptide	experimentally_validated_tcell_immunogenicity
SMRLPLVLDK	HLA-A11*01	TSNADB2_000737	TSNAdb_v2.0	Lung Cancer	PMID:33473101	https://doi.org/10.1038/s41392-020-00448-5	tier2	experimentally_immunogenic_mutant_peptide	experimentally_validated_tcell_immunogenicity
SPGAHQKRPI	HLA-B07*02	TSNADB2_000738	TSNAdb_v2.0	Lymphoma	PMID:28405493	https://doi.org/10.1080/2162402X.2016.1219825	tier2	experimentally_immunogenic_mutant_peptide	experimentally_validated_tcell_immunogenicity
SPMIVGSPW	HLA-B07*02	TSNADB2_000741	TSNAdb_v2.0	Non Small Cell Lung Cancer	PMID:26940869	https://doi.org/10.1126/Science.aaf1490.	tier2	experimentally_immunogenic_mutant_peptide	experimentally_validated_tcell_immunogenicity
SPVTEIRTDL	HLA-B07*02	TSNADB2_000742	TSNAdb_v2.0	Breast Cancer	PMID:28619968	https://doi.org/10.1158/2326-6066.CIR-16-0264	tier2	experimentally_immunogenic_mutant_peptide	experimentally_validated_tcell_immunogenicity
SQFETLYNEHK	HLA-A11*01	TSNADB2_000743	TSNAdb_v2.0	Lung Cancer	PMID:33473101	https://doi.org/10.1038/s41392-020-00448-5	tier2	experimentally_immunogenic_mutant_peptide	experimentally_validated_tcell_immunogenicity
SRAKRRRTL	HLA-C07*02	TSNADB2_000745	TSNAdb_v2.0	Lung Cancer	PMID:33473101	https://doi.org/10.1038/s41392-020-00448-5	tier2	experimentally_immunogenic_mutant_peptide	experimentally_validated_tcell_immunogenicity
SSALLSIFQSSPE	HLA-DQB106*02	TSNADB2_000749	TSNAdb_v2.0	Melanoma	PMID:20696919	https://doi.org/10.1073/pnas.1002155107	tier2	experimentally_immunogenic_mutant_peptide	experimentally_validated_tcell_immunogenicity
SSCMGGMNWR	HLA-A68*01	TSNADB2_000750	TSNAdb_v2.0	Colorectal Cancer	PMID:31164343	https://doi.org/10.1158/2159-8290.CD-18-1494	tier2	experimentally_immunogenic_mutant_peptide	experimentally_validated_tcell_immunogenicity
SSYTGFANK	HLA-A11*01	TSNADB2_000755	TSNAdb_v2.0	Melanoma	PMID:28678784	https://doi.org/10.1038/nature23003	tier2	experimentally_immunogenic_mutant_peptide	experimentally_validated_tcell_immunogenicity
STLPPSRSL	HLA-C15*02	TSNADB2_000756	TSNAdb_v2.0	Lung Cancer	PMID:33473101	https://doi.org/10.1038/s41392-020-00448-5	tier2	experimentally_immunogenic_mutant_peptide	experimentally_validated_tcell_immunogenicity
STPLPGTRVR	HLA-A11*01	TSNADB2_000757	TSNAdb_v2.0	Non-Small-Cell Lung Cancer	PMID:34244308	https://jitc.bmj.com/lookup/pmidlookupview=long&pmid=34244308	tier2	experimentally_immunogenic_mutant_peptide	experimentally_validated_tcell_immunogenicity
STPSASPLSV	HLA-C15*02	TSNADB2_000758	TSNAdb_v2.0	Non-Small-Cell Lung Cancer	PMID:28031159	https://doi.org/10.1158/2159-8290.CD-16-0828.	tier2	experimentally_immunogenic_mutant_peptide	experimentally_validated_tcell_immunogenicity
STVQLIMQL	HLA-C15*02	TSNADB2_000759	TSNAdb_v2.0	Non-Small-Cell Lung Cancer	PMID:34244308	https://jitc.bmj.com/lookup/pmidlookupview=long&pmid=34244308	tier2	experimentally_immunogenic_mutant_peptide	experimentally_validated_tcell_immunogenicity
SVGACGFSY	HLA-B35*01	TSNADB2_000761	TSNAdb_v2.0	Ovarian Cancer	PMID:31069153	https://doi.org/10.1080/2162402X.2019.1586042	tier2	experimentally_immunogenic_mutant_peptide	experimentally_validated_tcell_immunogenicity
SVKSCKHTEK	HLA-A30*01	TSNADB2_000763	TSNAdb_v2.0	Non-Small-Cell Lung Cancer	PMID:28031159	https://doi.org/10.1158/2159-8290.CD-16-0828.	tier2	experimentally_immunogenic_mutant_peptide	experimentally_validated_tcell_immunogenicity
SVLENFTIFL	HLA-A02*01	TSNADB2_000764	TSNAdb_v2.0	Melanoma	PMID:26389673	https://doi.org/10.1172/JCI82416	tier2	experimentally_immunogenic_mutant_peptide	experimentally_validated_tcell_immunogenicity
SVQIISCQY	HLA-A30*02	TSNADB2_000765	TSNAdb_v2.0	Melanoma	PMID:26901407	https://doi.org/10.1038/nm.4051	tier2	experimentally_immunogenic_mutant_peptide	experimentally_validated_tcell_immunogenicity
SYFRGSYSY	HLA-C07*02	TSNADB2_000768	TSNAdb_v2.0	Lung Cancer	PMID:33473101	https://doi.org/10.1038/s41392-020-00448-5	tier2	experimentally_immunogenic_mutant_peptide	experimentally_validated_tcell_immunogenicity
SYLDSGIHF	HLA-A24*02	TSNADB2_000769	TSNAdb_v2.0	Melanoma	PMID:8642260	https://doi.org/10.1084/jem.183.3.1185	tier2	experimentally_immunogenic_mutant_peptide	experimentally_validated_tcell_immunogenicity
SYMIMEIEL	HLA-C14*02	TSNADB2_000770	TSNAdb_v2.0	Melanoma	PMID:27827318	https://doi.org/10.1158/1078-0432.CCR-16-2680	tier2	experimentally_immunogenic_mutant_peptide	experimentally_validated_tcell_immunogenicity
TAWQSEDSY	HLA-B35*01	TSNADB2_000771	TSNAdb_v2.0	Gastric Adenocarcinoma	PMID:33016924	https://doi.org/10.1172/JCI134915.	tier2	experimentally_immunogenic_mutant_peptide	experimentally_validated_tcell_immunogenicity
TEFFPFYAL	HLA-B40*01	TSNADB2_000773	TSNAdb_v2.0	Colorectal Cancer	PMID:31164343	https://doi.org/10.1158/2159-8290.CD-18-1494	tier2	experimentally_immunogenic_mutant_peptide	experimentally_validated_tcell_immunogenicity
TESPFEQHI	HLA-B44*02	TSNADB2_000774	TSNAdb_v2.0	Melanoma	PMID:29217585	https://doi.org/10.1126/Science.aao4572	tier2	experimentally_immunogenic_mutant_peptide	experimentally_validated_tcell_immunogenicity
TIAVVNFLSR	HLA-A68*01	TSNADB2_000781	TSNAdb_v2.0	Colorectal Cancer	PMID:31164343	https://doi.org/10.1158/2159-8290.CD-18-1494	tier2	experimentally_immunogenic_mutant_peptide	experimentally_validated_tcell_immunogenicity
TIDPASEFMFK	HLA-A11*03	TSNADB2_000782	TSNAdb_v2.0	Lung Cancer	PMID:33473101	https://doi.org/10.1038/s41392-020-00448-5	tier2	experimentally_immunogenic_mutant_peptide	experimentally_validated_tcell_immunogenicity
TLLVTGPSR	HLA-A31*01	TSNADB2_000786	TSNAdb_v2.0	Non-Small-Cell Lung Cancer	PMID:28031159	https://doi.org/10.1158/2159-8290.CD-16-0828.	tier2	experimentally_immunogenic_mutant_peptide	experimentally_validated_tcell_immunogenicity
TLNNCTEAF	HLA-B15*01	TSNADB2_000787	TSNAdb_v2.0	Lung Cancer	PMID:33473101	https://doi.org/10.1038/s41392-020-00448-5	tier2	experimentally_immunogenic_mutant_peptide	experimentally_validated_tcell_immunogenicity
TNILPVNQPVRLGAS	HLA-DRB112*02	TSNADB2_000789	TSNAdb_v2.0	Lung Cancer	PMID:33473101	https://doi.org/10.1038/s41392-020-00448-5	tier2	experimentally_immunogenic_mutant_peptide	experimentally_validated_tcell_immunogenicity
TPIEGTNMSF	HLA-B35*01	TSNADB2_000790	TSNAdb_v2.0	Colorectal Cancer	PMID:31164343	https://doi.org/10.1158/2159-8290.CD-18-1494	tier2	experimentally_immunogenic_mutant_peptide	experimentally_validated_tcell_immunogenicity
TPLPGTRVRA	HLA-B54*01	TSNADB2_000791	TSNAdb_v2.0	Non-Small-Cell Lung Cancer	PMID:34244308	https://jitc.bmj.com/lookup/pmidlookupview=long&pmid=34244308	tier2	experimentally_immunogenic_mutant_peptide	experimentally_validated_tcell_immunogenicity
TPTVPSSSF	HLA-B35*01	TSNADB2_000793	TSNAdb_v2.0	Chronic Lymphocytic Leukemia	PMID:24891321	https://doi.org/10.1182/blood-2014-04-567933	tier2	experimentally_immunogenic_mutant_peptide	experimentally_validated_tcell_immunogenicity
TQIITGSDEF	HLA-B15*01	TSNADB2_000794	TSNAdb_v2.0	Lung Cancer	PMID:33473101	https://doi.org/10.1038/s41392-020-00448-5	tier2	experimentally_immunogenic_mutant_peptide	experimentally_validated_tcell_immunogenicity
TRSSGSHFVF	HLA-C07*01	TSNADB2_000796	TSNAdb_v2.0	Melanoma	PMID:24987109	https://doi.org/10.1158/1078-0432.CCR-14-0433	tier2	experimentally_immunogenic_mutant_peptide	experimentally_validated_tcell_immunogenicity
TTAATHREK	HLA-A68*01	TSNADB2_000797	TSNAdb_v2.0	Glioblastoma	PMID:30568305	https://doi.org/10.1038/s41586-018-0792-9	tier2	experimentally_immunogenic_mutant_peptide	experimentally_validated_tcell_immunogenicity
TVLSPTKKK	HLA-A11*01	TSNADB2_000799	TSNAdb_v2.0	Lung Cancer	PMID:33473101	https://doi.org/10.1038/s41392-020-00448-5	tier2	experimentally_immunogenic_mutant_peptide	experimentally_validated_tcell_immunogenicity
TYDTVHRHL	HLA-C04*01	TSNADB2_000804	TSNAdb_v2.0	Breast Cancer	PMID:29867227	https://doi.org/10.1038/s41591-018-0040-8	tier2	experimentally_immunogenic_mutant_peptide	experimentally_validated_tcell_immunogenicity
TYLPSAWNF	HLA-A24*02	TSNADB2_000805	TSNAdb_v2.0	Melanoma	PMID:28423700	https://doi.org/10.18632/Oncotarget.16048	tier2	experimentally_immunogenic_mutant_peptide	experimentally_validated_tcell_immunogenicity
TYLPSAWNFF	HLA-A24*02	TSNADB2_000806	TSNAdb_v2.0	Melanoma	PMID:28423700	https://doi.org/10.18632/Oncotarget.16048	tier2	experimentally_immunogenic_mutant_peptide	experimentally_validated_tcell_immunogenicity
VCFPVHSEM	HLA-C12*03	TSNADB2_000809	TSNAdb_v2.0	Ovarian Cancer	PMID:31069153	https://doi.org/10.1080/2162402X.2019.1586042	tier2	experimentally_immunogenic_mutant_peptide	experimentally_validated_tcell_immunogenicity
VEHINISQDW	HLA-B44*02	TSNADB2_000812	TSNAdb_v2.0	Non-Small-Cell Lung Cancer	PMID:33038342	https://doi.org/10.1016/j.cell.2020.09.015	tier2	experimentally_immunogenic_mutant_peptide	experimentally_validated_tcell_immunogenicity
VERASAIAW	HLA-B18*01	TSNADB2_000814	TSNAdb_v2.0	Pediatric Medulloblastoma	PMID:31351799	https://doi.org/10.1016/j.jcyt.2019.06.009	tier2	experimentally_immunogenic_mutant_peptide	experimentally_validated_tcell_immunogenicity
VERASAIAW	HLA-B44*02	TSNADB2_000815	TSNAdb_v2.0	Pediatric Medulloblastoma	PMID:31351799	https://doi.org/10.1016/j.jcyt.2019.06.009	tier2	experimentally_immunogenic_mutant_peptide	experimentally_validated_tcell_immunogenicity
VESEDIAEL	HLA-B40*01	TSNADB2_000816	TSNAdb_v2.0	Cervical Carcinoma(Hpv+)	PMID:28408606	https://doi.org/10.1126/Science.aak9510	tier2	experimentally_immunogenic_mutant_peptide	experimentally_validated_tcell_immunogenicity
VEWLGRCIL	HLA-B40*01	TSNADB2_000817	TSNAdb_v2.0	Lung Cancer	PMID:33473101	https://doi.org/10.1038/s41392-020-00448-5	tier2	experimentally_immunogenic_mutant_peptide	experimentally_validated_tcell_immunogenicity
VGLAVNSAVLYVLL	HLA-DRB112*01	TSNADB2_000819	TSNAdb_v2.0	Lung Cancer	PMID:33473101	https://doi.org/10.1038/s41392-020-00448-5	tier2	experimentally_immunogenic_mutant_peptide	experimentally_validated_tcell_immunogenicity
VIAFGSAHLFR	HLA-A31*01	TSNADB2_000820	TSNAdb_v2.0	Lung Cancer	PMID:28031159	https://doi.org/10.1158/2159-8290.CD-16-0828	tier2	experimentally_immunogenic_mutant_peptide	experimentally_validated_tcell_immunogenicity
VKITDFGRAK	HLA-A11*01	TSNADB2_000822	TSNAdb_v2.0	Non-Small-Cell Lung Cancer	PMID:34244308	https://jitc.bmj.com/lookup/pmidlookupview=long&pmid=34244308	tier2	experimentally_immunogenic_mutant_peptide	experimentally_validated_tcell_immunogenicity
VLENFTIFLV	HLA-A02*01	TSNADB2_000823	TSNAdb_v2.0	Melanoma	PMID:26389673	https://doi.org/10.1172/JCI82416	tier2	experimentally_immunogenic_mutant_peptide	experimentally_validated_tcell_immunogenicity
VLFEDAVAY	HLA-B15*01	TSNADB2_000824	TSNAdb_v2.0	Melanoma	PMID:27198675	https://doi.org/10.1126/Science.aaf2288	tier2	experimentally_immunogenic_mutant_peptide	experimentally_validated_tcell_immunogenicity
VLFSADDHV	HLA-A02*01	TSNADB2_000825	TSNAdb_v2.0	Colorectal Cancer	PMID:31164343	https://doi.org/10.1158/2159-8290.CD-18-1494	tier2	experimentally_immunogenic_mutant_peptide	experimentally_validated_tcell_immunogenicity
VLLGVKLFGV	HLA-A02*01	TSNADB2_000827	TSNAdb_v2.0	Melanoma	PMID:27827318	https://doi.org/10.1158/1078-0432.CCR-16-2680	tier2	experimentally_immunogenic_mutant_peptide	experimentally_validated_tcell_immunogenicity
VLRHHLFAA	HLA-A02*03	TSNADB2_000829	TSNAdb_v2.0	Lung Cancer	PMID:33473101	https://doi.org/10.1038/s41392-020-00448-5	tier2	experimentally_immunogenic_mutant_peptide	experimentally_validated_tcell_immunogenicity
VMKHLLSPL	HLA-B08*01	TSNADB2_000831	TSNAdb_v2.0	Pancreatic Cancer	PMID:29132146	https://doi.org/10.1038/Nature24462	tier2	experimentally_immunogenic_mutant_peptide	experimentally_validated_tcell_immunogenicity
VPALSHNM	HLA-B42*01	TSNADB2_000832	TSNAdb_v2.0	Non-Small-Cell Lung Cancer	PMID:28031159	https://doi.org/10.1158/2159-8290.CD-16-0828.	tier2	experimentally_immunogenic_mutant_peptide	experimentally_validated_tcell_immunogenicity
VPSIHRPLEK	HLA-A03*01	TSNADB2_000833	TSNAdb_v2.0	Lung Cancer	PMID:33473101	https://doi.org/10.1038/s41392-020-00448-5	tier2	experimentally_immunogenic_mutant_peptide	experimentally_validated_tcell_immunogenicity
VPSQKTYQVSYGFRLGF	HLA-DQB106*03	TSNADB2_000834	TSNAdb_v2.0	Non-Small-Cell Lung Cancer	PMID:34244308	https://jitc.bmj.com/lookup/pmidlookupview=long&pmid=34244308	tier2	experimentally_immunogenic_mutant_peptide	experimentally_validated_tcell_immunogenicity
VQIISCQY	HLA-A30*02	TSNADB2_000835	TSNAdb_v2.0	Melanoma	PMID:26901407	https://doi.org/10.1038/nm.4051	tier2	experimentally_immunogenic_mutant_peptide	experimentally_validated_tcell_immunogenicity
VQIISCQY	HLA-B15*01	TSNADB2_000836	TSNAdb_v2.0	Melanoma	PMID:26901407	https://doi.org/10.1038/nm.4051	tier2	experimentally_immunogenic_mutant_peptide	experimentally_validated_tcell_immunogenicity
VRDFSQVHPLAVLL	HLA-DRB104*05	TSNADB2_000838	TSNAdb_v2.0	Lung Cancer	PMID:33473101	https://doi.org/10.1038/s41392-020-00448-5	tier2	experimentally_immunogenic_mutant_peptide	experimentally_validated_tcell_immunogenicity
VRINTARPV	HLA-C06*02	TSNADB2_000839	TSNAdb_v2.0	Non-Small-Cell Lung Cancer	PMID:33038342	https://doi.org/10.1016/j.cell.2020.09.015	tier2	experimentally_immunogenic_mutant_peptide	experimentally_validated_tcell_immunogenicity
VRTLLSQVNK	HLA-B27*05	TSNADB2_000841	TSNAdb_v2.0	Melanoma	PMID:28678778	https://doi.org/10.1038/Nature22991	tier2	experimentally_immunogenic_mutant_peptide	experimentally_validated_tcell_immunogenicity
VSFGGNLLM	HLA-C15*02	TSNADB2_000843	TSNAdb_v2.0	Lung Cancer	PMID:33473101	https://doi.org/10.1038/s41392-020-00448-5	tier2	experimentally_immunogenic_mutant_peptide	experimentally_validated_tcell_immunogenicity
VSVQIISCQY	HLA-A30*02	TSNADB2_000846	TSNAdb_v2.0	Melanoma	PMID:26901407	https://doi.org/10.1038/nm.4051	tier2	experimentally_immunogenic_mutant_peptide	experimentally_validated_tcell_immunogenicity
VSVQIISCQY	HLA-A01*01	TSNADB2_000847	TSNAdb_v2.0	Melanoma	PMID:26901407	https://doi.org/10.1038/nm.4051	tier2	experimentally_immunogenic_mutant_peptide	experimentally_validated_tcell_immunogenicity
VTAGPTSLDLY	HLA-A01*01	TSNADB2_000848	TSNAdb_v2.0	Stomach Cancer	PMID:31164343	https://doi.org/10.1158/2159-8290.CD-18-1494	tier2	experimentally_immunogenic_mutant_peptide	experimentally_validated_tcell_immunogenicity
VTEKLQPTY	HLA-A01*01	TSNADB2_000850	TSNAdb_v2.0	Melanoma	PMID:28678778	https://doi.org/10.1038/Nature22991	tier2	experimentally_immunogenic_mutant_peptide	experimentally_validated_tcell_immunogenicity
VTREEMSSLM	HLA-C12*02	TSNADB2_000852	TSNAdb_v2.0	Non-Small-Cell Lung Cancer	PMID:28031159	https://doi.org/10.1158/2159-8290.CD-16-0828.	tier2	experimentally_immunogenic_mutant_peptide	experimentally_validated_tcell_immunogenicity
VVGAAGVGK	HLA-A11*01	TSNADB2_000853	TSNAdb_v2.0	Lung Cancer	PMID:30835255	https://doi.org/10.1172/JCI99538	tier2	experimentally_immunogenic_mutant_peptide	experimentally_validated_tcell_immunogenicity
VVGACGVGK	HLA-A11*01	TSNADB2_000854	TSNAdb_v2.0	Endometrial Cancer	PMID:30835255	https://doi.org/10.1172/JCI99538	tier2	experimentally_immunogenic_mutant_peptide	experimentally_validated_tcell_immunogenicity
VVGADGVGK	HLA-A11*01	TSNADB2_000855	TSNAdb_v2.0	Pancreatic Cancer	PMID:30835255	https://doi.org/10.1172/JCI99538	tier2	experimentally_immunogenic_mutant_peptide	experimentally_validated_tcell_immunogenicity
VVGAVGVGK	HLA-A11*01	TSNADB2_000856	TSNAdb_v2.0	Pancreatic Cancer	PMID:30835255	https://doi.org/10.1172/JCI99538	tier2	experimentally_immunogenic_mutant_peptide	experimentally_validated_tcell_immunogenicity
VVMSWAPPV	HLA-A02*01	TSNADB2_000857	TSNAdb_v2.0	Chronic Lymphocytic Leukemia	PMID:24891321	https://doi.org/10.1182/blood-2014-04-567933	tier2	experimentally_immunogenic_mutant_peptide	experimentally_validated_tcell_immunogenicity
VVPCEPPEV	HLA-A02*01	TSNADB2_000858	TSNAdb_v2.0	Head And Neck Cancer	PMID:17294448	https://doi.org/10.1002/ijc.22584	tier2	experimentally_immunogenic_mutant_peptide	experimentally_validated_tcell_immunogenicity
VVPCEPPEV	HLA-C05*01	TSNADB2_000859	TSNAdb_v2.0	Colorectal Cancer	PMID:31164343	https://doi.org/10.1158/2159-8290.CD-18-1494	tier2	experimentally_immunogenic_mutant_peptide	experimentally_validated_tcell_immunogenicity
VVRHCPHHERCSDSD	HLA-DRB113*01	TSNADB2_000861	TSNAdb_v2.0	Colorectal Cancer	PMID:30714987	https://doi.org/10.1172/JCI123791	tier2	experimentally_immunogenic_mutant_peptide	experimentally_validated_tcell_immunogenicity
VYCEEYYLF	HLA-A24*02	TSNADB2_000863	TSNAdb_v2.0	Non-Small-Cell Lung Cancer	PMID:33038342	https://doi.org/10.1016/j.cell.2020.09.015	tier2	experimentally_immunogenic_mutant_peptide	experimentally_validated_tcell_immunogenicity
VYQYTFPDF	HLA-A24*02	TSNADB2_000864	TSNAdb_v2.0	Melanoma	PMID:28423700	https://doi.org/10.18632/Oncotarget.16048	tier2	experimentally_immunogenic_mutant_peptide	experimentally_validated_tcell_immunogenicity
VYQYTFPDFL	HLA-A24*02	TSNADB2_000865	TSNAdb_v2.0	Melanoma	PMID:28423700	https://doi.org/10.18632/Oncotarget.16048	tier2	experimentally_immunogenic_mutant_peptide	experimentally_validated_tcell_immunogenicity
WLIRETQPITK	HLA-A03*01	TSNADB2_000866	TSNAdb_v2.0	Melanoma	PMID:27827318	https://doi.org/10.1158/1078-0432.CCR-16-2680	tier2	experimentally_immunogenic_mutant_peptide	experimentally_validated_tcell_immunogenicity
WRNILLLSLH	HLA-B27*05	TSNADB2_000867	TSNAdb_v2.0	Melanoma	PMID:28678778	https://doi.org/10.1038/Nature22991	tier2	experimentally_immunogenic_mutant_peptide	experimentally_validated_tcell_immunogenicity
WSYDSTLLAY	HLA-A25*01	TSNADB2_000869	TSNAdb_v2.0	Bile Duct Cancer	PMID:31164343	https://doi.org/10.1158/2159-8290.CD-18-1494	tier2	experimentally_immunogenic_mutant_peptide	experimentally_validated_tcell_immunogenicity
YGTGHILLY	HLA-B35*01	TSNADB2_000871	TSNAdb_v2.0	Ovarian Cancer	PMID:31069153	https://doi.org/10.1080/2162402X.2019.1586042	tier2	experimentally_immunogenic_mutant_peptide	experimentally_validated_tcell_immunogenicity
YGTGHILLY	HLA-C12*03	TSNADB2_000872	TSNAdb_v2.0	Ovarian Cancer	PMID:31069153	https://doi.org/10.1080/2162402X.2019.1586042	tier2	experimentally_immunogenic_mutant_peptide	experimentally_validated_tcell_immunogenicity
YHSIEWAI	HLA-B38*01	TSNADB2_000873	TSNAdb_v2.0	Melanoma	PMID:26901407	https://doi.org/10.1038/nm.4051	tier2	experimentally_immunogenic_mutant_peptide	experimentally_validated_tcell_immunogenicity
YLDGKVVDY	HLA-A01*01	TSNADB2_000880	TSNAdb_v2.0	Melanoma	PMID:32753545	https://doi.org/10.1136/jitc-2020-000848	tier2	experimentally_immunogenic_mutant_peptide	experimentally_validated_tcell_immunogenicity
YLDGKVVDY	HLA-A11*01	TSNADB2_000881	TSNAdb_v2.0	Melanoma	PMID:33038342	https://doi.org/10.1016/j.cell.2020.09.015	tier2	experimentally_immunogenic_mutant_peptide	experimentally_validated_tcell_immunogenicity
YLHFLELHT	HLA-A02*03	TSNADB2_000884	TSNAdb_v2.0	Lung Cancer	PMID:33473101	https://doi.org/10.1038/s41392-020-00448-5	tier2	experimentally_immunogenic_mutant_peptide	experimentally_validated_tcell_immunogenicity
YLLTDCNPA	HLA-A02*01	TSNADB2_000885	TSNAdb_v2.0	Ovarian Cancer	PMID:33123756	https://doi.org/10.1007/s00262-020-02764-9	tier2	experimentally_immunogenic_mutant_peptide	experimentally_validated_tcell_immunogenicity
YLNEAVFNFV	HLA-A02*01	TSNADB2_000886	TSNAdb_v2.0	Non-Small-Cell Lung Cancer	PMID:33038342	https://doi.org/10.1016/j.cell.2020.09.015	tier2	experimentally_immunogenic_mutant_peptide	experimentally_validated_tcell_immunogenicity
YLQPGPPWRL	HLA-C04*01	TSNADB2_000887	TSNAdb_v2.0	Colorectal Cancer	PMID:31164343	https://doi.org/10.1158/2159-8290.CD-18-1494	tier2	experimentally_immunogenic_mutant_peptide	experimentally_validated_tcell_immunogenicity
YLSGFYAVV	HLA-A02*01	TSNADB2_000888	TSNAdb_v2.0	Colorectal Cancer	PMID:31164343	https://doi.org/10.1158/2159-8290.CD-18-1494	tier2	experimentally_immunogenic_mutant_peptide	experimentally_validated_tcell_immunogenicity
YLSHLPLTCK	HLA-A03*01	TSNADB2_000889	TSNAdb_v2.0	Colorectal Cancer	PMID:31164343	https://doi.org/10.1158/2159-8290.CD-18-1494	tier2	experimentally_immunogenic_mutant_peptide	experimentally_validated_tcell_immunogenicity
YLSNIIPAL	HLA-A02*01	TSNADB2_000890	TSNAdb_v2.0	Ovarian Cancer	PMID:29720506	https://doi.org/10.1158/1078-0432.CCR-18-0142	tier2	experimentally_immunogenic_mutant_peptide	experimentally_validated_tcell_immunogenicity
YLYDRLLRV	HLA-A02*01	TSNADB2_000891	TSNAdb_v2.0	Ovarian Cancer	PMID:29720506	https://doi.org/10.1158/1078-0432.CCR-18-0142	tier2	experimentally_immunogenic_mutant_peptide	experimentally_validated_tcell_immunogenicity
YLYHRVDVI	HLA-A02*01	TSNADB2_000892	TSNAdb_v2.0	Melanoma	PMID:33038342	https://doi.org/10.1016/j.cell.2020.09.015	tier2	experimentally_immunogenic_mutant_peptide	experimentally_validated_tcell_immunogenicity
YMDGTMSQV	HLA-A02*01	TSNADB2_000895	TSNAdb_v2.0	Melanoma	PMID:25645385	https://doi.org/10.1111/pcmr.12357	tier2	experimentally_immunogenic_mutant_peptide	experimentally_validated_tcell_immunogenicity
YMKSLEFENK	HLA-A11*01	TSNADB2_000896	TSNAdb_v2.0	Non-Small-Cell Lung Cancer	PMID:34244308	https://jitc.bmj.com/lookup/pmidlookupview=long&pmid=34244308	tier2	experimentally_immunogenic_mutant_peptide	experimentally_validated_tcell_immunogenicity
YMMMWDCWHA	HLA-A02*01	TSNADB2_000897	TSNAdb_v2.0	Non-Small-Cell Lung Cancer	PMID:34244308	https://jitc.bmj.com/lookup/pmidlookupview=long&pmid=34244308	tier2	experimentally_immunogenic_mutant_peptide	experimentally_validated_tcell_immunogenicity
YMMMWDCWHAV	HLA-A02*01	TSNADB2_000898	TSNAdb_v2.0	Non-Small-Cell Lung Cancer	PMID:34244308	https://jitc.bmj.com/lookup/pmidlookupview=long&pmid=34244308	tier2	experimentally_immunogenic_mutant_peptide	experimentally_validated_tcell_immunogenicity
YPPPPPALL	HLA-A07*02	TSNADB2_000899	TSNAdb_v2.0	Melanoma	PMID:26048577	https://doi.org/10.1158/2326-6066.CIR-15-0088	tier2	experimentally_immunogenic_mutant_peptide	experimentally_validated_tcell_immunogenicity
YPVIFKSIM	HLA-B35*01	TSNADB2_000900	TSNAdb_v2.0	Melanoma	PMID:28678778	https://doi.org/10.1038/Nature22991	tier2	experimentally_immunogenic_mutant_peptide	experimentally_validated_tcell_immunogenicity
YQVSYGFRL	HLA-B37*01	TSNADB2_000901	TSNAdb_v2.0	Non-Small-Cell Lung Cancer	PMID:34244308	https://jitc.bmj.com/lookup/pmidlookupview=long&pmid=34244308	tier2	experimentally_immunogenic_mutant_peptide	experimentally_validated_tcell_immunogenicity
YQYTFPDF	HLA-A24*02	TSNADB2_000902	TSNAdb_v2.0	Melanoma	PMID:28423700	https://doi.org/10.18632/Oncotarget.16048	tier2	experimentally_immunogenic_mutant_peptide	experimentally_validated_tcell_immunogenicity
YQYTFPDFLY	HLA-A24*02	TSNADB2_000903	TSNAdb_v2.0	Melanoma	PMID:28423700	https://doi.org/10.18632/Oncotarget.16048	tier2	experimentally_immunogenic_mutant_peptide	experimentally_validated_tcell_immunogenicity
YSKNLNSFF	HLA-A24*02	TSNADB2_000905	TSNAdb_v2.0	Melanoma	PMID:28423700	https://doi.org/10.18632/Oncotarget.16048	tier2	experimentally_immunogenic_mutant_peptide	experimentally_validated_tcell_immunogenicity
YSLPNAPTV	HLA-A02*10	TSNADB2_000906	TSNAdb_v2.0	Lung Cancer	PMID:33473101	https://doi.org/10.1038/s41392-020-00448-5	tier2	experimentally_immunogenic_mutant_peptide	experimentally_validated_tcell_immunogenicity
YSMECFQFM	HLA-C03*03	TSNADB2_000907	TSNAdb_v2.0	Ovarian Cancer	PMID:29720506	https://doi.org/10.1158/1078-0432.CCR-18-0573	tier2	experimentally_immunogenic_mutant_peptide	experimentally_validated_tcell_immunogenicity
YTDFHCQYV	HLA-A01*01	TSNADB2_000909	TSNAdb_v2.0	Melanoma	PMID:23644516	https://doi.org/10.1038/nm.3161	tier2	experimentally_immunogenic_mutant_peptide	experimentally_validated_tcell_immunogenicity
YTDFHCQYVK	HLA-A01*01	TSNADB2_000910	TSNAdb_v2.0	Melanoma	PMID:23644516	https://doi.org/10.1038/nm.3161	tier2	experimentally_immunogenic_mutant_peptide	experimentally_validated_tcell_immunogenicity
YVDFREYEYY	HLA-A01*01	TSNADB2_000912	TSNAdb_v2.0	Acute Myelogenous Leukemia	PMID:17119119	https://doi.org/10.1182/blood-2006-07-032839	tier2	experimentally_immunogenic_mutant_peptide	experimentally_validated_tcell_immunogenicity
YVIFDEGHY	HLA-A25*01	TSNADB2_000913	TSNAdb_v2.0	Ovarian Cancer	PMID:31069153	https://doi.org/10.1080/2162402X.2019.1586042	tier2	experimentally_immunogenic_mutant_peptide	experimentally_validated_tcell_immunogenicity
YVIFDEGHY	HLA-A26*03	TSNADB2_000914	TSNAdb_v2.0	Ovarian Cancer	PMID:31069153	https://doi.org/10.1080/2162402X.2019.1586042	tier2	experimentally_immunogenic_mutant_peptide	experimentally_validated_tcell_immunogenicity
YYPPSQIAQL	HLA-A24*02	TSNADB2_000915	TSNAdb_v2.0	Melanoma	PMID:26048577	https://doi.org/10.1158/2326-6066.CIR-15-0088	tier2	experimentally_immunogenic_mutant_peptide	experimentally_validated_tcell_immunogenicity
YYSKNLNSF	HLA-A24*03	TSNADB2_000916	TSNAdb_v2.0	Melanoma	PMID:28423700	https://doi.org/10.18632/Oncotarget.16048	tier2	experimentally_immunogenic_mutant_peptide	experimentally_validated_tcell_immunogenicity
YYSKNLNSFF	HLA-A24*04	TSNADB2_000917	TSNAdb_v2.0	Melanoma	PMID:28423700	https://doi.org/10.18632/Oncotarget.16048	tier2	experimentally_immunogenic_mutant_peptide	experimentally_validated_tcell_immunogenicity
AGAFLSSPGLLAVFG	HLA-DRB101*01	TSNADB2_000919	TSNAdb_v2.0	Glioblastoma	PMID:30906654	https://doi.org/10.1080/2162402x.2018.1561106	tier2	experimentally_immunogenic_mutant_peptide	experimentally_validated_tcell_immunogenicity
AIDAALTFV	HLA-A02*01	TSNADB2_000920	TSNAdb_v2.0	Melanoma	PMID:31921104	https://doi.org/10.3389/fimmu.2019.02766	tier2	experimentally_immunogenic_mutant_peptide	experimentally_validated_tcell_immunogenicity
ALFLVFGRTRK	HLA-A11*01	TSNADB2_000921	TSNAdb_v2.0	Renal Rell Carcinoma	PMID:32226429	https://doi.org/10.3389/fimmu.2020.00373	tier2	experimentally_immunogenic_mutant_peptide	experimentally_validated_tcell_immunogenicity
ALPLSEPMRRSVSEE	HLA-DRB112*02	TSNADB2_000922	TSNAdb_v2.0	Collecting Duct Carcinoma	PMID:32439798	https://doi.org/10.1136/jitc-2019-000217	tier2	experimentally_immunogenic_mutant_peptide	experimentally_validated_tcell_immunogenicity
ALSYLVSFQR	HLA-A11*01	TSNADB2_000923	TSNAdb_v2.0	Melanoma	PMID:32582212	https://doi.org/10.3389/fimmu.2020.01147	tier2	experimentally_immunogenic_mutant_peptide	experimentally_validated_tcell_immunogenicity
ARLQFSCYSSL	HLA-C07*02	TSNADB2_000924	TSNAdb_v2.0	Renal Rell Carcinoma	PMID:32226429	https://doi.org/10.3389/fimmu.2020.00373	tier2	experimentally_immunogenic_mutant_peptide	experimentally_validated_tcell_immunogenicity
ATLVAAFTL	HLA-B15*07	TSNADB2_000926	TSNAdb_v2.0	Melanoma	PMID:26359337	https://doi.org/10.1126/science.aad0095	tier2	experimentally_immunogenic_mutant_peptide	experimentally_validated_tcell_immunogenicity
ATLVAAFTL	HLA-C07*01	TSNADB2_000927	TSNAdb_v2.0	Melanoma	PMID:26359337	https://doi.org/10.1126/science.aad0095	tier2	experimentally_immunogenic_mutant_peptide	experimentally_validated_tcell_immunogenicity
ATTLKAFFK	HLA-A03*01	TSNADB2_000928	TSNAdb_v2.0	Leukemia	PMID:31243155	https://doi.org/10.1126/scitranslmed.aat8549	tier2	experimentally_immunogenic_mutant_peptide	experimentally_validated_tcell_immunogenicity
AYQSIKVRI	HLA-A24*02	TSNADB2_000929	TSNAdb_v2.0	Leukemia	PMID:31243155	https://doi.org/10.1126/scitranslmed.aat8549	tier2	experimentally_immunogenic_mutant_peptide	experimentally_validated_tcell_immunogenicity
CIKTCDNWNK	HLA-A11*01	TSNADB2_000930	TSNAdb_v2.0	Melanoma	PMID:26359337	https://doi.org/10.1126/science.aad0095	tier2	experimentally_immunogenic_mutant_peptide	experimentally_validated_tcell_immunogenicity
CVFQSNFQEF	HLA-A23*01	TSNADB2_000931	TSNAdb_v2.0	Melanoma	PMID:26359337	https://doi.org/10.1126/science.aad0095	tier2	experimentally_immunogenic_mutant_peptide	experimentally_validated_tcell_immunogenicity
CVFQSNFQEF	HLA-B15*17	TSNADB2_000932	TSNAdb_v2.0	Melanoma	PMID:26359337	https://doi.org/10.1126/science.aad0095	tier2	experimentally_immunogenic_mutant_peptide	experimentally_validated_tcell_immunogenicity
CVFQSNFQEF	HLA-C02*02	TSNADB2_000933	TSNAdb_v2.0	Melanoma	PMID:26359337	https://doi.org/10.1126/science.aad0095	tier2	experimentally_immunogenic_mutant_peptide	experimentally_validated_tcell_immunogenicity
DDIYPIDFY	HLA-A25*01	TSNADB2_000935	TSNAdb_v2.0	Melanoma	PMID:32582212	https://doi.org/10.3389/fimmu.2020.01147	tier2	experimentally_immunogenic_mutant_peptide	experimentally_validated_tcell_immunogenicity
DFSQEFSPIQEAQQD	HLA-DRB104*01	TSNADB2_000936	TSNAdb_v2.0	Melanoma	PMID:28678778	https://doi.org/10.1038/Nature22991	tier2	experimentally_immunogenic_mutant_peptide	experimentally_validated_tcell_immunogenicity
DHYAYSYYL	HLA-C06*02	TSNADB2_000937	TSNAdb_v2.0	Melanoma	PMID:32582212	https://doi.org/10.3389/fimmu.2020.01147	tier2	experimentally_immunogenic_mutant_peptide	experimentally_validated_tcell_immunogenicity
DILSETFQLLK	HLA-A11*01	TSNADB2_000938	TSNAdb_v2.0	Hepatocellular Carcinoma	PMID:31887370	https://doi.org/10.1016/j.jhep.2019.12.014	tier2	experimentally_immunogenic_mutant_peptide	experimentally_validated_tcell_immunogenicity
DSADGSTVATA	HLA-A68*02	TSNADB2_000939	TSNAdb_v2.0	Myeloma	PMID:31857430	https://doi.org/10.1158/1078-0432.ccr-19-2309	tier2	experimentally_immunogenic_mutant_peptide	experimentally_validated_tcell_immunogenicity
DSFAGKGHTK	HLA-A68*01	TSNADB2_000940	TSNAdb_v2.0	Melanoma	PMID:32753545	https://doi.org/10.1136/jitc-2020-000848	tier2	experimentally_immunogenic_mutant_peptide	experimentally_validated_tcell_immunogenicity
DYALSPDGSIRKATG	HLA-DPA101*03/DPB104:01	TSNADB2_000941	TSNAdb_v2.0	Melanoma	PMID:28678778	https://doi.org/10.1038/Nature22991	tier2	experimentally_immunogenic_mutant_peptide	experimentally_validated_tcell_immunogenicity
DYMIHIIEKW	HLA-A23*01	TSNADB2_000942	TSNAdb_v2.0	Ovarian Cancer	PMID:29545564	https://doi.org/10.1038/s41467-018-03301-0	tier2	experimentally_immunogenic_mutant_peptide	experimentally_validated_tcell_immunogenicity
EEFWLVDLLPSTHYT	HLA-DQA101*01/DQB105:01	TSNADB2_000943	TSNAdb_v2.0	Melanoma	PMID:28678778	https://doi.org/10.1038/Nature22991	tier2	experimentally_immunogenic_mutant_peptide	experimentally_validated_tcell_immunogenicity
EEMEPLPVM	HLA-B44*03	TSNADB2_000944	TSNAdb_v2.0	Ovarian Cancer	PMID:31221207	https://doi.org/10.1186/s40425-019-0629-6	tier2	experimentally_immunogenic_mutant_peptide	experimentally_validated_tcell_immunogenicity
EGFVLSGESCLPLA	HLA-DPA102*02/DPB103:01	TSNADB2_000945	TSNAdb_v2.0	Ovarian Cancer	PMID:31221207	https://doi.org/10.1186/s40425-019-0629-6	tier2	experimentally_immunogenic_mutant_peptide	experimentally_validated_tcell_immunogenicity
EMSALLARRRRIVEK	HLA-DRB112*02	TSNADB2_000946	TSNAdb_v2.0	Collecting Duct Carcinoma	PMID:32439798	https://doi.org/10.1136/jitc-2019-000217	tier2	experimentally_immunogenic_mutant_peptide	experimentally_validated_tcell_immunogenicity
FAIADTAYV	HLA-A02*01	TSNADB2_000950	TSNAdb_v2.0	Ovarian Cancer	PMID:32660279	https://doi.org/10.1080/08820139.2020.1778721	tier2	experimentally_immunogenic_mutant_peptide	experimentally_validated_tcell_immunogenicity
FFFFKTTAL	HLA-B08*01	TSNADB2_000951	TSNAdb_v2.0	Melanoma	PMID:26359337	https://doi.org/10.1126/science.aad0095	tier2	experimentally_immunogenic_mutant_peptide	experimentally_validated_tcell_immunogenicity
FFFFKTTAL	HLA-C01*02	TSNADB2_000952	TSNAdb_v2.0	Melanoma	PMID:26359337	https://doi.org/10.1126/science.aad0095	tier2	experimentally_immunogenic_mutant_peptide	experimentally_validated_tcell_immunogenicity
FFFFKTTAL	HLA-C07*01	TSNADB2_000953	TSNAdb_v2.0	Melanoma	PMID:26359337	https://doi.org/10.1126/science.aad0095	tier2	experimentally_immunogenic_mutant_peptide	experimentally_validated_tcell_immunogenicity
FFFFKTTAL	HLA-C07*02	TSNADB2_000954	TSNAdb_v2.0	Melanoma	PMID:26359337	https://doi.org/10.1126/science.aad0095	tier2	experimentally_immunogenic_mutant_peptide	experimentally_validated_tcell_immunogenicity
FFFFKTTAL	HLA-C12*03	TSNADB2_000955	TSNAdb_v2.0	Melanoma	PMID:26359337	https://doi.org/10.1126/science.aad0095	tier2	experimentally_immunogenic_mutant_peptide	experimentally_validated_tcell_immunogenicity
FGLLGNILLVI	HLA-A02*24	TSNADB2_000956	TSNAdb_v2.0	Ovarian Cancer	PMID:31221207	https://doi.org/10.1186/s40425-019-0629-6	tier2	experimentally_immunogenic_mutant_peptide	experimentally_validated_tcell_immunogenicity
FICAIIVVV	HLA-A02*01	TSNADB2_000958	TSNAdb_v2.0	Ovarian Cancer	PMID:29545564	https://doi.org/10.1038/s41467-018-03301-0	tier2	experimentally_immunogenic_mutant_peptide	experimentally_validated_tcell_immunogenicity
FIYKSDFVK	HLA-A03*01	TSNADB2_000959	TSNAdb_v2.0	Melanoma	PMID:26359337	https://doi.org/10.1126/science.aad0095	tier2	experimentally_immunogenic_mutant_peptide	experimentally_validated_tcell_immunogenicity
FLAPLFLVLL	HLA-A24*02	TSNADB2_000960	TSNAdb_v2.0	Ovarian Cancer	PMID:32660279	https://doi.org/10.1080/08820139.2020.1778721	tier2	experimentally_immunogenic_mutant_peptide	experimentally_validated_tcell_immunogenicity
FLGAGLFLYF	HLA-A02*01	TSNADB2_000961	TSNAdb_v2.0	Ovarian Cancer	PMID:29545564	https://doi.org/10.1038/s41467-018-03301-0	tier2	experimentally_immunogenic_mutant_peptide	experimentally_validated_tcell_immunogenicity
FLLRFLYTQL	HLA-A02*01	TSNADB2_000962	TSNAdb_v2.0	Renal Rell Carcinoma	PMID:32226429	https://doi.org/10.3389/fimmu.2020.00373	tier2	experimentally_immunogenic_mutant_peptide	experimentally_validated_tcell_immunogenicity
FLQEVNVCGV	HLA-A02*03	TSNADB2_000963	TSNAdb_v2.0	Collecting Duct Carcinoma	PMID:32439798	https://doi.org/10.1136/jitc-2019-000217	tier2	experimentally_immunogenic_mutant_peptide	experimentally_validated_tcell_immunogenicity
FLTAHSLPL	HLA-A02*01	TSNADB2_000964	TSNAdb_v2.0	Ovarian Cancer	PMID:32660279	https://doi.org/10.1080/08820139.2020.1778721	tier2	experimentally_immunogenic_mutant_peptide	experimentally_validated_tcell_immunogenicity
FMFVNSLLL	HLA-A02*01	TSNADB2_000965	TSNAdb_v2.0	Melanoma	PMID:31921104	https://doi.org/10.3389/fimmu.2019.02766	tier2	experimentally_immunogenic_mutant_peptide	experimentally_validated_tcell_immunogenicity
FPLTASKVL	HLA-B35*01	TSNADB2_000966	TSNAdb_v2.0	Leukemia	PMID:31243155	https://doi.org/10.1126/scitranslmed.aat8549	tier2	experimentally_immunogenic_mutant_peptide	experimentally_validated_tcell_immunogenicity
FQSNFQEFY	HLA-A01*01	TSNADB2_000967	TSNAdb_v2.0	Melanoma	PMID:26359337	https://doi.org/10.1126/science.aad0095	tier2	experimentally_immunogenic_mutant_peptide	experimentally_validated_tcell_immunogenicity
FQSNFQEFY	HLA-C02*02	TSNADB2_000968	TSNAdb_v2.0	Melanoma	PMID:26359337	https://doi.org/10.1126/science.aad0095	tier2	experimentally_immunogenic_mutant_peptide	experimentally_validated_tcell_immunogenicity
FQYHSLNVI	HLA-A02*01	TSNADB2_000969	TSNAdb_v2.0	Melanoma	PMID:26359337	https://doi.org/10.1126/science.aad0095	tier2	experimentally_immunogenic_mutant_peptide	experimentally_validated_tcell_immunogenicity
FQYHSLNVI	HLA-C02*02	TSNADB2_000970	TSNAdb_v2.0	Melanoma	PMID:26359337	https://doi.org/10.1126/science.aad0095	tier2	experimentally_immunogenic_mutant_peptide	experimentally_validated_tcell_immunogenicity
FQYHSLNVI	HLA-C07*01	TSNADB2_000971	TSNAdb_v2.0	Melanoma	PMID:26359337	https://doi.org/10.1126/science.aad0095	tier2	experimentally_immunogenic_mutant_peptide	experimentally_validated_tcell_immunogenicity
FRQKTNLIL	HLA-C07*02	TSNADB2_000972	TSNAdb_v2.0	Renal Rell Carcinoma	PMID:32226429	https://doi.org/10.3389/fimmu.2020.00373	tier2	experimentally_immunogenic_mutant_peptide	experimentally_validated_tcell_immunogenicity
FRSIYLNTLL	HLA-C07*02	TSNADB2_000973	TSNAdb_v2.0	Renal Rell Carcinoma	PMID:32226429	https://doi.org/10.3389/fimmu.2020.00373	tier2	experimentally_immunogenic_mutant_peptide	experimentally_validated_tcell_immunogenicity
FSADIFFFF	HLA-A01*01	TSNADB2_000974	TSNAdb_v2.0	Melanoma	PMID:26359337	https://doi.org/10.1126/science.aad0095	tier2	experimentally_immunogenic_mutant_peptide	experimentally_validated_tcell_immunogenicity
FSADIFFFF	HLA-A24*02	TSNADB2_000975	TSNAdb_v2.0	Melanoma	PMID:26359337	https://doi.org/10.1126/science.aad0095	tier2	experimentally_immunogenic_mutant_peptide	experimentally_validated_tcell_immunogenicity
FSADIFFFF	HLA-A26*01	TSNADB2_000976	TSNAdb_v2.0	Melanoma	PMID:26359337	https://doi.org/10.1126/science.aad0095	tier2	experimentally_immunogenic_mutant_peptide	experimentally_validated_tcell_immunogenicity
FSADIFFFF	HLA-C07*01	TSNADB2_000977	TSNAdb_v2.0	Melanoma	PMID:26359337	https://doi.org/10.1126/science.aad0095	tier2	experimentally_immunogenic_mutant_peptide	experimentally_validated_tcell_immunogenicity
FSADIFFFF	HLA-C07*02	TSNADB2_000978	TSNAdb_v2.0	Melanoma	PMID:26359337	https://doi.org/10.1126/science.aad0095	tier2	experimentally_immunogenic_mutant_peptide	experimentally_validated_tcell_immunogenicity
FSADIFFFF	HLA-C12*03	TSNADB2_000979	TSNAdb_v2.0	Melanoma	PMID:26359337	https://doi.org/10.1126/science.aad0095	tier2	experimentally_immunogenic_mutant_peptide	experimentally_validated_tcell_immunogenicity
FVLSGESCLPL	HLA-A02*06	TSNADB2_000980	TSNAdb_v2.0	Ovarian Cancer	PMID:31221207	https://doi.org/10.1186/s40425-019-0629-6	tier2	experimentally_immunogenic_mutant_peptide	experimentally_validated_tcell_immunogenicity
FWYYAKVDL	HLA-C07*02	TSNADB2_000981	TSNAdb_v2.0	Renal Rell Carcinoma	PMID:32226429	https://doi.org/10.3389/fimmu.2020.00373	tier2	experimentally_immunogenic_mutant_peptide	experimentally_validated_tcell_immunogenicity
FYNDIILMV	HLA-C06*02	TSNADB2_000982	TSNAdb_v2.0	Glioblastoma	PMID:30906654	https://doi.org/10.1080/2162402x.2018.1561106	tier2	experimentally_immunogenic_mutant_peptide	experimentally_validated_tcell_immunogenicity
GAQSWLWFV	HLA-A02*11	TSNADB2_000983	TSNAdb_v2.0	Ovarian Cancer	PMID:29545564	https://doi.org/10.1038/s41467-018-03301-0	tier2	experimentally_immunogenic_mutant_peptide	experimentally_validated_tcell_immunogenicity
GEKFRASSLKFPGL	HLA-DPA103*01/DPB103:01	TSNADB2_000984	TSNAdb_v2.0	Ovarian Cancer	PMID:31221207	https://doi.org/10.1186/s40425-019-0629-6	tier2	experimentally_immunogenic_mutant_peptide	experimentally_validated_tcell_immunogenicity
GFPAERLEGVYSNNI	HLA-DRB101*01	TSNADB2_000985	TSNAdb_v2.0	Glioblastoma	PMID:30906654	https://doi.org/10.1080/2162402x.2018.1561106	tier2	experimentally_immunogenic_mutant_peptide	experimentally_validated_tcell_immunogenicity
GLNFVSVKGPELLNM	HLA-DRB101*01	TSNADB2_000986	TSNAdb_v2.0	Glioblastoma	PMID:30906654	https://doi.org/10.1080/2162402x.2018.1561106	tier2	experimentally_immunogenic_mutant_peptide	experimentally_validated_tcell_immunogenicity
GRKLFGTHF	HLA-B27*05	TSNADB2_000987	TSNAdb_v2.0	Ovarian Cancer	PMID:29545564	https://doi.org/10.1038/s41467-018-03301-0	tier2	experimentally_immunogenic_mutant_peptide	experimentally_validated_tcell_immunogenicity
GRQSWSLYV	HLA-C07*02	TSNADB2_000988	TSNAdb_v2.0	Renal Rell Carcinoma	PMID:32226429	https://doi.org/10.3389/fimmu.2020.00373	tier2	experimentally_immunogenic_mutant_peptide	experimentally_validated_tcell_immunogenicity
GSDIMSFVI	HLA-C02*02	TSNADB2_000989	TSNAdb_v2.0	Melanoma	PMID:26359337	https://doi.org/10.1126/science.aad0095	tier2	experimentally_immunogenic_mutant_peptide	experimentally_validated_tcell_immunogenicity
GSDIMSFVI	HLA-C05*01	TSNADB2_000990	TSNAdb_v2.0	Melanoma	PMID:26359337	https://doi.org/10.1126/science.aad0095	tier2	experimentally_immunogenic_mutant_peptide	experimentally_validated_tcell_immunogenicity
GTYVRVTVQAR	HLA-A11*01	TSNADB2_000991	TSNAdb_v2.0	Renal Rell Carcinoma	PMID:32226429	https://doi.org/10.3389/fimmu.2020.00373	tier2	experimentally_immunogenic_mutant_peptide	experimentally_validated_tcell_immunogenicity
HELMTLHGF	HLA-B18*01	TSNADB2_000992	TSNAdb_v2.0	Leukemia	PMID:31243155	https://doi.org/10.1126/scitranslmed.aat8549	tier2	experimentally_immunogenic_mutant_peptide	experimentally_validated_tcell_immunogenicity
HELMTLHGFM	HLA-B18*01	TSNADB2_000993	TSNAdb_v2.0	Leukemia	PMID:31243155	https://doi.org/10.1126/scitranslmed.aat8549	tier2	experimentally_immunogenic_mutant_peptide	experimentally_validated_tcell_immunogenicity
HIIRLMLEY	HLA-A11*01	TSNADB2_000994	TSNAdb_v2.0	Renal Rell Carcinoma	PMID:32226429	https://doi.org/10.3389/fimmu.2020.00373	tier2	experimentally_immunogenic_mutant_peptide	experimentally_validated_tcell_immunogenicity
HLHCYRSSF	HLA-B15*01	TSNADB2_000995	TSNAdb_v2.0	Leukemia	PMID:31243155	https://doi.org/10.1126/scitranslmed.aat8549	tier2	experimentally_immunogenic_mutant_peptide	experimentally_validated_tcell_immunogenicity
HLMWLERLY	HLA-A03*01	TSNADB2_000996	TSNAdb_v2.0	Leukemia	PMID:31243155	https://doi.org/10.1126/scitranslmed.aat8549	tier2	experimentally_immunogenic_mutant_peptide	experimentally_validated_tcell_immunogenicity
HPFMTDEEY	HLA-B35*01	TSNADB2_000997	TSNAdb_v2.0	Leukemia	PMID:31243155	https://doi.org/10.1126/scitranslmed.aat8549	tier2	experimentally_immunogenic_mutant_peptide	experimentally_validated_tcell_immunogenicity
HSKNCCLYVF	HLA-C02*02	TSNADB2_000998	TSNAdb_v2.0	Melanoma	PMID:26359337	https://doi.org/10.1126/science.aad0095	tier2	experimentally_immunogenic_mutant_peptide	experimentally_validated_tcell_immunogenicity
HSKNCCLYVF	HLA-C16*01	TSNADB2_000999	TSNAdb_v2.0	Melanoma	PMID:26359337	https://doi.org/10.1126/science.aad0095	tier2	experimentally_immunogenic_mutant_peptide	experimentally_validated_tcell_immunogenicity
HTLLLWEHNR	HLA-A11*01	TSNADB2_001000	TSNAdb_v2.0	Renal Rell Carcinoma	PMID:32226429	https://doi.org/10.3389/fimmu.2020.00373	tier2	experimentally_immunogenic_mutant_peptide	experimentally_validated_tcell_immunogenicity
HTQGLSPDCY	HLA-A01*01	TSNADB2_001001	TSNAdb_v2.0	Melanoma	PMID:26359337	https://doi.org/10.1126/science.aad0095	tier2	experimentally_immunogenic_mutant_peptide	experimentally_validated_tcell_immunogenicity
HTQGLSPDCY	HLA-B15*17	TSNADB2_001002	TSNAdb_v2.0	Melanoma	PMID:26359337	https://doi.org/10.1126/science.aad0095	tier2	experimentally_immunogenic_mutant_peptide	experimentally_validated_tcell_immunogenicity
HYNYMCNSSSCMGSMN	HLA-DRB302*02	TSNADB2_001003	TSNAdb_v2.0	Ovarian Cancer	PMID:30714987	https://doi.org/10.1172/JCI123791	tier2	experimentally_immunogenic_mutant_peptide	experimentally_validated_tcell_immunogenicity
IEILRNLYHEIIV	HLA-DRB401*01	TSNADB2_001004	TSNAdb_v2.0	Ovarian Cancer	PMID:31221207	https://doi.org/10.1186/s40425-019-0629-6	tier2	experimentally_immunogenic_mutant_peptide	experimentally_validated_tcell_immunogenicity
IETIINNFHQY	HLA-B44*03	TSNADB2_001005	TSNAdb_v2.0	Myeloma	PMID:31857430	https://doi.org/10.1158/1078-0432.ccr-19-2309	tier2	experimentally_immunogenic_mutant_peptide	experimentally_validated_tcell_immunogenicity
IHLFEAEFTQVAKKEPDG	HLA-DRB101*01	TSNADB2_001006	TSNAdb_v2.0	Melanoma	PMID:28678778	https://doi.org/10.1038/Nature22991	tier2	experimentally_immunogenic_mutant_peptide	experimentally_validated_tcell_immunogenicity
ILGISNEFV	HLA-A02*01	TSNADB2_001007	TSNAdb_v2.0	Melanoma	PMID:31685621	https://doi.org/10.1073/pnas.1906026116	tier2	experimentally_immunogenic_mutant_peptide	experimentally_validated_tcell_immunogenicity
ILSETFQLLK	HLA-A11*01	TSNADB2_001008	TSNAdb_v2.0	Hepatocellular Carcinoma	PMID:31887370	https://doi.org/10.1016/j.jhep.2019.12.014	tier2	experimentally_immunogenic_mutant_peptide	experimentally_validated_tcell_immunogenicity
ILWIFSIYL	HLA-A02*01	TSNADB2_001009	TSNAdb_v2.0	Melanoma	PMID:31921104	https://doi.org/10.3389/fimmu.2019.02766	tier2	experimentally_immunogenic_mutant_peptide	experimentally_validated_tcell_immunogenicity
IMRTYTYEI	HLA-A02*01	TSNADB2_001010	TSNAdb_v2.0	Liver Cancer	PMID:32934692	https://doi.org/10.3892/ol.2020.11986	tier2	experimentally_immunogenic_mutant_peptide	experimentally_validated_tcell_immunogenicity
IMSSSLFNL	HLA-A02*01	TSNADB2_001011	TSNAdb_v2.0	Melanoma	PMID:31685621	https://doi.org/10.1073/pnas.1906026116	tier2	experimentally_immunogenic_mutant_peptide	experimentally_validated_tcell_immunogenicity
IPDSIALIQQL	HLA-B07*02	TSNADB2_001012	TSNAdb_v2.0	Renal Rell Carcinoma	PMID:32226429	https://doi.org/10.3389/fimmu.2020.00373	tier2	experimentally_immunogenic_mutant_peptide	experimentally_validated_tcell_immunogenicity
IQMFTIVLVSY	HLA-B44*02	TSNADB2_001013	TSNAdb_v2.0	Renal Rell Carcinoma	PMID:32226429	https://doi.org/10.3389/fimmu.2020.00373	tier2	experimentally_immunogenic_mutant_peptide	experimentally_validated_tcell_immunogenicity
IRLYQFRLIV	HLA-C07*02	TSNADB2_001014	TSNAdb_v2.0	Renal Rell Carcinoma	PMID:32226429	https://doi.org/10.3389/fimmu.2020.00373	tier2	experimentally_immunogenic_mutant_peptide	experimentally_validated_tcell_immunogenicity
IRLYQFRLIVI	HLA-C07*02	TSNADB2_001015	TSNAdb_v2.0	Renal Rell Carcinoma	PMID:32226429	https://doi.org/10.3389/fimmu.2020.00373	tier2	experimentally_immunogenic_mutant_peptide	experimentally_validated_tcell_immunogenicity
IRMKHCVMV	HLA-C07*02	TSNADB2_001016	TSNAdb_v2.0	Leukemia	PMID:31243155	https://doi.org/10.1126/scitranslmed.aat8549	tier2	experimentally_immunogenic_mutant_peptide	experimentally_validated_tcell_immunogenicity
ISGHRSVFWY	HLA-A01*01	TSNADB2_001017	TSNAdb_v2.0	Melanoma	PMID:26359337	https://doi.org/10.1126/science.aad0095	tier2	experimentally_immunogenic_mutant_peptide	experimentally_validated_tcell_immunogenicity
ISGHRSVFWY	HLA-A29*02	TSNADB2_001018	TSNAdb_v2.0	Melanoma	PMID:26359337	https://doi.org/10.1126/science.aad0095	tier2	experimentally_immunogenic_mutant_peptide	experimentally_validated_tcell_immunogenicity
ISGHRSVFWY	HLA-B58*01	TSNADB2_001019	TSNAdb_v2.0	Melanoma	PMID:26359337	https://doi.org/10.1126/science.aad0095	tier2	experimentally_immunogenic_mutant_peptide	experimentally_validated_tcell_immunogenicity
ITCQSLRSPMY	HLA-A01*01	TSNADB2_001020	TSNAdb_v2.0	Renal Rell Carcinoma	PMID:32226429	https://doi.org/10.3389/fimmu.2020.00373	tier2	experimentally_immunogenic_mutant_peptide	experimentally_validated_tcell_immunogenicity
ITVARCMKMAY	HLA-A01*01	TSNADB2_001021	TSNAdb_v2.0	Renal Rell Carcinoma	PMID:32226429	https://doi.org/10.3389/fimmu.2020.00373	tier2	experimentally_immunogenic_mutant_peptide	experimentally_validated_tcell_immunogenicity
KENSLIIQF	HLA-B18*01	TSNADB2_001022	TSNAdb_v2.0	Renal Rell Carcinoma	PMID:32226429	https://doi.org/10.3389/fimmu.2020.00373	tier2	experimentally_immunogenic_mutant_peptide	experimentally_validated_tcell_immunogenicity
KFLESCDEVI	HLA-A24*02	TSNADB2_001023	TSNAdb_v2.0	Renal Rell Carcinoma	PMID:32226429	https://doi.org/10.3389/fimmu.2020.00373	tier2	experimentally_immunogenic_mutant_peptide	experimentally_validated_tcell_immunogenicity
KIYRRQVFK	HLA-A11*01	TSNADB2_001024	TSNAdb_v2.0	Melanoma	PMID:31685621	https://doi.org/10.1073/pnas.1906026116	tier2	experimentally_immunogenic_mutant_peptide	experimentally_validated_tcell_immunogenicity
KLADYLKVL	HLA-A02*01	TSNADB2_001025	TSNAdb_v2.0	Melanoma	PMID:31685621	https://doi.org/10.1073/pnas.1906026116	tier2	experimentally_immunogenic_mutant_peptide	experimentally_validated_tcell_immunogenicity
KLQFHCMPV	HLA-A02*01	TSNADB2_001026	TSNAdb_v2.0	Leukemia	PMID:31243155	https://doi.org/10.1126/scitranslmed.aat8549	tier2	experimentally_immunogenic_mutant_peptide	experimentally_validated_tcell_immunogenicity
KLVVVGADGV	HLA-A02*03	TSNADB2_001027	TSNAdb_v2.0	Renal Rell Carcinoma	PMID:32439798	https://doi.org/10.1136/jitc-2019-000217	tier2	experimentally_immunogenic_mutant_peptide	experimentally_validated_tcell_immunogenicity
KQWLVWLFL	HLA-A02*06	TSNADB2_001028	TSNAdb_v2.0	Ovarian Cancer	PMID:29545564	https://doi.org/10.1038/s41467-018-03301-0	tier2	experimentally_immunogenic_mutant_peptide	experimentally_validated_tcell_immunogenicity
KRIPLPPHLC	HLA-C06*02	TSNADB2_001029	TSNAdb_v2.0	Melanoma	PMID:32582212	https://doi.org/10.3389/fimmu.2020.01147	tier2	experimentally_immunogenic_mutant_peptide	experimentally_validated_tcell_immunogenicity
KSDFVKHQRI	HLA-B15*17	TSNADB2_001030	TSNAdb_v2.0	Melanoma	PMID:26359337	https://doi.org/10.1126/science.aad0095	tier2	experimentally_immunogenic_mutant_peptide	experimentally_validated_tcell_immunogenicity
KSDFVKHQRI	HLA-C08*02	TSNADB2_001031	TSNAdb_v2.0	Melanoma	PMID:26359337	https://doi.org/10.1126/science.aad0095	tier2	experimentally_immunogenic_mutant_peptide	experimentally_validated_tcell_immunogenicity
KSLLRAAFFGKCFLDR	HLA-DPA101*03/DPB104:01	TSNADB2_001032	TSNAdb_v2.0	Melanoma	PMID:28678778	https://doi.org/10.1038/Nature22991	tier2	experimentally_immunogenic_mutant_peptide	experimentally_validated_tcell_immunogenicity
KVFEHVGSR	HLA-A11*01	TSNADB2_001033	TSNAdb_v2.0	Melanoma	PMID:31685621	https://doi.org/10.1073/pnas.1906026116	tier2	experimentally_immunogenic_mutant_peptide	experimentally_validated_tcell_immunogenicity
LDYEWGTVTF	HLA-B15*01	TSNADB2_001035	TSNAdb_v2.0	Ovarian Cancer	PMID:29545564	https://doi.org/10.1038/s41467-018-03301-0	tier2	experimentally_immunogenic_mutant_peptide	experimentally_validated_tcell_immunogenicity
LFGVCIYSF	HLA-A24*02	TSNADB2_001036	TSNAdb_v2.0	Leukemia	PMID:31243155	https://doi.org/10.1126/scitranslmed.aat8549	tier2	experimentally_immunogenic_mutant_peptide	experimentally_validated_tcell_immunogenicity
LFQNTDLGSFHDLLR	HLA-DQA101*01/DQB105:01	TSNADB2_001037	TSNAdb_v2.0	Melanoma	PMID:28678778	https://doi.org/10.1038/Nature22991	tier2	experimentally_immunogenic_mutant_peptide	experimentally_validated_tcell_immunogenicity
LGNVWCFPY	HLA-B35*01	TSNADB2_001038	TSNAdb_v2.0	Leukemia	PMID:31243155	https://doi.org/10.1126/scitranslmed.aat8549	tier2	experimentally_immunogenic_mutant_peptide	experimentally_validated_tcell_immunogenicity
LILFFHTLGLQTKEE	HLA-DRB101*01	TSNADB2_001039	TSNAdb_v2.0	Glioblastoma	PMID:30906654	https://doi.org/10.1080/2162402x.2018.1561106	tier2	experimentally_immunogenic_mutant_peptide	experimentally_validated_tcell_immunogenicity
LILTYNLRNRIVFR	HLA-DPA102*01/DPB109:01	TSNADB2_001040	TSNAdb_v2.0	Ovarian Cancer	PMID:31221207	https://doi.org/10.1186/s40425-019-0629-6	tier2	experimentally_immunogenic_mutant_peptide	experimentally_validated_tcell_immunogenicity
LIMQLMPFGCL	HLA-A02*01	TSNADB2_001041	TSNAdb_v2.0	Non-Small Cell Lung Cancer	PMID:24223798	https://doi.org/10.1371/journal.pone.0078389	tier2	experimentally_immunogenic_mutant_peptide	experimentally_validated_tcell_immunogenicity
LLKAELVAGL	HLA-A02*03	TSNADB2_001042	TSNAdb_v2.0	Renal Rell Carcinoma	PMID:32439798	https://doi.org/10.1136/jitc-2019-000217	tier2	experimentally_immunogenic_mutant_peptide	experimentally_validated_tcell_immunogenicity
LLVDLAEEL	HLA-A02*01	TSNADB2_001043	TSNAdb_v2.0	Melanoma	PMID:31685621	https://doi.org/10.1073/pnas.1906026116	tier2	experimentally_immunogenic_mutant_peptide	experimentally_validated_tcell_immunogenicity
LMLEYQKILWK	HLA-A11*01	TSNADB2_001044	TSNAdb_v2.0	Renal Rell Carcinoma	PMID:32226429	https://doi.org/10.3389/fimmu.2020.00373	tier2	experimentally_immunogenic_mutant_peptide	experimentally_validated_tcell_immunogenicity
LMTLHGFMMY	HLA-A30*02	TSNADB2_001045	TSNAdb_v2.0	Leukemia	PMID:31243155	https://doi.org/10.1126/scitranslmed.aat8549	tier2	experimentally_immunogenic_mutant_peptide	experimentally_validated_tcell_immunogenicity
LPALAFTFFSL	HLA-B07*02	TSNADB2_001046	TSNAdb_v2.0	Renal Rell Carcinoma	PMID:32226429	https://doi.org/10.3389/fimmu.2020.00373	tier2	experimentally_immunogenic_mutant_peptide	experimentally_validated_tcell_immunogenicity
LRIRDRYVM	HLA-B08*01	TSNADB2_001048	TSNAdb_v2.0	Melanoma	PMID:32753545	https://doi.org/10.1136/jitc-2020-000848	tier2	experimentally_immunogenic_mutant_peptide	experimentally_validated_tcell_immunogenicity
LSETFQLLK	HLA-A11*01	TSNADB2_001049	TSNAdb_v2.0	Hepatocellular Carcinoma	PMID:31887370	https://doi.org/10.1016/j.jhep.2019.12.014	tier2	experimentally_immunogenic_mutant_peptide	experimentally_validated_tcell_immunogenicity
LSPTLNPIVY	HLA-A01*01	TSNADB2_001050	TSNAdb_v2.0	Melanoma	PMID:26359337	https://doi.org/10.1126/science.aad0095	tier2	experimentally_immunogenic_mutant_peptide	experimentally_validated_tcell_immunogenicity
LTAARPSQSVL	HLA-A25*01	TSNADB2_001051	TSNAdb_v2.0	Melanoma	PMID:32753545	https://doi.org/10.1136/jitc-2020-000848	tier2	experimentally_immunogenic_mutant_peptide	experimentally_validated_tcell_immunogenicity
LVRRTLLHV	HLA-C15*02	TSNADB2_001052	TSNAdb_v2.0	Melanoma	PMID:32582212	https://doi.org/10.3389/fimmu.2020.01147	tier2	experimentally_immunogenic_mutant_peptide	experimentally_validated_tcell_immunogenicity
LYIWFKTACL	HLA-C07*02	TSNADB2_001053	TSNAdb_v2.0	Renal Rell Carcinoma	PMID:32226429	https://doi.org/10.3389/fimmu.2020.00373	tier2	experimentally_immunogenic_mutant_peptide	experimentally_validated_tcell_immunogenicity
MEAIRLYQF	HLA-B18*01	TSNADB2_001054	TSNAdb_v2.0	Renal Rell Carcinoma	PMID:32226429	https://doi.org/10.3389/fimmu.2020.00373	tier2	experimentally_immunogenic_mutant_peptide	experimentally_validated_tcell_immunogenicity
METLHIIYLEA	HLA-B44*02	TSNADB2_001055	TSNAdb_v2.0	Renal Rell Carcinoma	PMID:32226429	https://doi.org/10.3389/fimmu.2020.00373	tier2	experimentally_immunogenic_mutant_peptide	experimentally_validated_tcell_immunogenicity
MLEYQKILWK	HLA-A11*01	TSNADB2_001056	TSNAdb_v2.0	Renal Rell Carcinoma	PMID:32226429	https://doi.org/10.3389/fimmu.2020.00373	tier2	experimentally_immunogenic_mutant_peptide	experimentally_validated_tcell_immunogenicity
MLEYQKILWKV	HLA-A02*01	TSNADB2_001057	TSNAdb_v2.0	Renal Rell Carcinoma	PMID:32226429	https://doi.org/10.3389/fimmu.2020.00373	tier2	experimentally_immunogenic_mutant_peptide	experimentally_validated_tcell_immunogenicity
MPLVILIVL	HLA-B07*02	TSNADB2_001058	TSNAdb_v2.0	Renal Rell Carcinoma	PMID:32226429	https://doi.org/10.3389/fimmu.2020.00373	tier2	experimentally_immunogenic_mutant_peptide	experimentally_validated_tcell_immunogenicity
MPLVILIVLVL	HLA-B07*02	TSNADB2_001059	TSNAdb_v2.0	Renal Rell Carcinoma	PMID:32226429	https://doi.org/10.3389/fimmu.2020.00373	tier2	experimentally_immunogenic_mutant_peptide	experimentally_validated_tcell_immunogenicity
MQLMPFGCLL	HLA-A02*01	TSNADB2_001060	TSNAdb_v2.0	Non-Small Cell Lung Cancer	PMID:24223798	https://doi.org/10.1371/journal.pone.0078389	tier2	experimentally_immunogenic_mutant_peptide	experimentally_validated_tcell_immunogenicity
MSQPDAQRY	HLA-B15*01	TSNADB2_001061	TSNAdb_v2.0	Leukemia	PMID:31243155	https://doi.org/10.1126/scitranslmed.aat8549	tier2	experimentally_immunogenic_mutant_peptide	experimentally_validated_tcell_immunogenicity
MTLHGFMMY	HLA-A30*01	TSNADB2_001062	TSNAdb_v2.0	Leukemia	PMID:31243155	https://doi.org/10.1126/scitranslmed.aat8549	tier2	experimentally_immunogenic_mutant_peptide	experimentally_validated_tcell_immunogenicity
MTLHGFMMY	HLA-A30*02	TSNADB2_001063	TSNAdb_v2.0	Leukemia	PMID:31243155	https://doi.org/10.1126/scitranslmed.aat8549	tier2	experimentally_immunogenic_mutant_peptide	experimentally_validated_tcell_immunogenicity
NISEDVIFF	HLA-A25*01	TSNADB2_001064	TSNAdb_v2.0	Melanoma	PMID:32582212	https://doi.org/10.3389/fimmu.2020.01147	tier2	experimentally_immunogenic_mutant_peptide	experimentally_validated_tcell_immunogenicity
NNTDIRLIGEKLFHG	HLA-DRB101*01	TSNADB2_001065	TSNAdb_v2.0	Glioblastoma	PMID:30906654	https://doi.org/10.1080/2162402x.2018.1561106	tier2	experimentally_immunogenic_mutant_peptide	experimentally_validated_tcell_immunogenicity
NRHDCWSLISL	HLA-C07*02	TSNADB2_001066	TSNAdb_v2.0	Renal Rell Carcinoma	PMID:32226429	https://doi.org/10.3389/fimmu.2020.00373	tier2	experimentally_immunogenic_mutant_peptide	experimentally_validated_tcell_immunogenicity
PILEVEEMEPLPVM	HLA-DQA105*01/DQB102:01	TSNADB2_001068	TSNAdb_v2.0	Ovarian Cancer	PMID:31221207	https://doi.org/10.1186/s40425-019-0629-6	tier2	experimentally_immunogenic_mutant_peptide	experimentally_validated_tcell_immunogenicity
PKPVLHMVSSEQHSG	HLA-DRB112*02	TSNADB2_001069	TSNAdb_v2.0	Collecting Duct Carcinoma	PMID:32439798	https://doi.org/10.1136/jitc-2019-000217	tier2	experimentally_immunogenic_mutant_peptide	experimentally_validated_tcell_immunogenicity
PLFLVLLWV	HLA-A02*01	TSNADB2_001070	TSNAdb_v2.0	Ovarian Cancer	PMID:32660279	https://doi.org/10.1080/08820139.2020.1778721	tier2	experimentally_immunogenic_mutant_peptide	experimentally_validated_tcell_immunogenicity
PVKNLPQV	HLA-B51*01	TSNADB2_001071	TSNAdb_v2.0	Melanoma	PMID:32582212	https://doi.org/10.3389/fimmu.2020.01147	tier2	experimentally_immunogenic_mutant_peptide	experimentally_validated_tcell_immunogenicity
QELRELRFLLKEEQ	HLA-DRB101*02	TSNADB2_001072	TSNAdb_v2.0	Ovarian Cancer	PMID:31221207	https://doi.org/10.1186/s40425-019-0629-6	tier2	experimentally_immunogenic_mutant_peptide	experimentally_validated_tcell_immunogenicity
QSLFWSIFV	HLA-A69*01	TSNADB2_001073	TSNAdb_v2.0	Ovarian Cancer	PMID:31221207	https://doi.org/10.1186/s40425-019-0629-6	tier2	experimentally_immunogenic_mutant_peptide	experimentally_validated_tcell_immunogenicity
QWINYFDKRRDYLKF	HLA-DRB112*02	TSNADB2_001074	TSNAdb_v2.0	Collecting Duct Carcinoma	PMID:32439798	https://doi.org/10.1136/jitc-2019-000217	tier2	experimentally_immunogenic_mutant_peptide	experimentally_validated_tcell_immunogenicity
REHALLAYM	HLA-B18*01	TSNADB2_001075	TSNAdb_v2.0	Leukemia	PMID:31243155	https://doi.org/10.1126/scitranslmed.aat8549	tier2	experimentally_immunogenic_mutant_peptide	experimentally_validated_tcell_immunogenicity
RFLHDLHLL	HLA-A24*02	TSNADB2_001076	TSNAdb_v2.0	Leukemia	PMID:31243155	https://doi.org/10.1126/scitranslmed.aat8549	tier2	experimentally_immunogenic_mutant_peptide	experimentally_validated_tcell_immunogenicity
RLDAVLMEV	HLA-A02*01	TSNADB2_001077	TSNAdb_v2.0	Melanoma	PMID:31921104	https://doi.org/10.3389/fimmu.2019.02766	tier2	experimentally_immunogenic_mutant_peptide	experimentally_validated_tcell_immunogenicity
RMWDFDIFL	HLA-A02*01	TSNADB2_001078	TSNAdb_v2.0	Melanoma	PMID:31685621	https://doi.org/10.1073/pnas.1906026116	tier2	experimentally_immunogenic_mutant_peptide	experimentally_validated_tcell_immunogenicity
RTDLVKSELLHIECQ	HLA-DRB112*02	TSNADB2_001079	TSNAdb_v2.0	Collecting Duct Carcinoma	PMID:32439798	https://doi.org/10.1136/jitc-2019-000217	tier2	experimentally_immunogenic_mutant_peptide	experimentally_validated_tcell_immunogenicity
RTMAATTLK	HLA-A03*01	TSNADB2_001080	TSNAdb_v2.0	Leukemia	PMID:31243155	https://doi.org/10.1126/scitranslmed.aat8549	tier2	experimentally_immunogenic_mutant_peptide	experimentally_validated_tcell_immunogenicity
RTSSTQQDNPK	HLA-A11*01	TSNADB2_001081	TSNAdb_v2.0	Melanoma	PMID:32582212	https://doi.org/10.3389/fimmu.2020.01147	tier2	experimentally_immunogenic_mutant_peptide	experimentally_validated_tcell_immunogenicity
RVRVMAIYK	HLA-A11*01	TSNADB2_001082	TSNAdb_v2.0	Ovarian Cancer	PMID:29545564	https://doi.org/10.1038/s41467-018-03301-0	tier2	experimentally_immunogenic_mutant_peptide	experimentally_validated_tcell_immunogenicity
RVYKCIFNH	HLA-A03*01	TSNADB2_001083	TSNAdb_v2.0	Renal Rell Carcinoma	PMID:32226429	https://doi.org/10.3389/fimmu.2020.00373	tier2	experimentally_immunogenic_mutant_peptide	experimentally_validated_tcell_immunogenicity
RVYKCIFNHK	HLA-A03*01	TSNADB2_001084	TSNAdb_v2.0	Renal Rell Carcinoma	PMID:32226429	https://doi.org/10.3389/fimmu.2020.00373	tier2	experimentally_immunogenic_mutant_peptide	experimentally_validated_tcell_immunogenicity
SEHSPVSEPV	HLA-B49*01	TSNADB2_001085	TSNAdb_v2.0	Mesothelioma	PMID:32002298	https://doi.org/10.1080/2162402x.2019.1684713	tier2	experimentally_immunogenic_mutant_peptide	experimentally_validated_tcell_immunogenicity
SEIVPCLSERHKAYL	HLA-DRB112*02	TSNADB2_001086	TSNAdb_v2.0	Collecting Duct Carcinoma	PMID:32439798	https://doi.org/10.1136/jitc-2019-000217	tier2	experimentally_immunogenic_mutant_peptide	experimentally_validated_tcell_immunogenicity
SFYNNLVSFASPLVT	HLA-DRB112*02	TSNADB2_001087	TSNAdb_v2.0	Collecting Duct Carcinoma	PMID:32439798	https://doi.org/10.1136/jitc-2019-000217	tier2	experimentally_immunogenic_mutant_peptide	experimentally_validated_tcell_immunogenicity
SGLHIFPTKNLLIQ	HLA-DRB115*01	TSNADB2_001088	TSNAdb_v2.0	Ovarian Cancer	PMID:31221207	https://doi.org/10.1186/s40425-019-0629-6	tier2	experimentally_immunogenic_mutant_peptide	experimentally_validated_tcell_immunogenicity
SILEQMHRK	HLA-A11*01	TSNADB2_001089	TSNAdb_v2.0	Ovarian Cancer	PMID:29545564	https://doi.org/10.1038/s41467-018-03301-0	tier2	experimentally_immunogenic_mutant_peptide	experimentally_validated_tcell_immunogenicity
SLLRSLENV	HLA-A02*01	TSNADB2_001090	TSNAdb_v2.0	Melanoma	PMID:31685621	https://doi.org/10.1073/pnas.1906026116	tier2	experimentally_immunogenic_mutant_peptide	experimentally_validated_tcell_immunogenicity
SLRSHHYSL	HLA-B08*01	TSNADB2_001091	TSNAdb_v2.0	Melanoma	PMID:31685621	https://doi.org/10.1073/pnas.1906026116	tier2	experimentally_immunogenic_mutant_peptide	experimentally_validated_tcell_immunogenicity
SLVETPNYI	HLA-A02*01	TSNADB2_001092	TSNAdb_v2.0	Melanoma	PMID:26359337	https://doi.org/10.1126/science.aad0095	tier2	experimentally_immunogenic_mutant_peptide	experimentally_validated_tcell_immunogenicity
SLVETPNYI	HLA-A32*01	TSNADB2_001093	TSNAdb_v2.0	Melanoma	PMID:26359337	https://doi.org/10.1126/science.aad0095	tier2	experimentally_immunogenic_mutant_peptide	experimentally_validated_tcell_immunogenicity
SMACVGFFL	HLA-A02*01	TSNADB2_001094	TSNAdb_v2.0	Ovarian Cancer	PMID:29545564	https://doi.org/10.1038/s41467-018-03301-0	tier2	experimentally_immunogenic_mutant_peptide	experimentally_validated_tcell_immunogenicity
SPMEKAISL	HLA-B35*01	TSNADB2_001095	TSNAdb_v2.0	Leukemia	PMID:31243155	https://doi.org/10.1126/scitranslmed.aat8549	tier2	experimentally_immunogenic_mutant_peptide	experimentally_validated_tcell_immunogenicity
SPPHPGRLPDL	HLA-B07*02	TSNADB2_001096	TSNAdb_v2.0	Renal Rell Carcinoma	PMID:32226429	https://doi.org/10.3389/fimmu.2020.00373	tier2	experimentally_immunogenic_mutant_peptide	experimentally_validated_tcell_immunogenicity
SSEDDGFFLGK	HLA-A11*01	TSNADB2_001097	TSNAdb_v2.0	Melanoma	PMID:32582212	https://doi.org/10.3389/fimmu.2020.01147	tier2	experimentally_immunogenic_mutant_peptide	experimentally_validated_tcell_immunogenicity
SSHYKFSKPALQSQS	HLA-DRB101*01	TSNADB2_001098	TSNAdb_v2.0	Melanoma	PMID:28678778	https://doi.org/10.1038/Nature22991	tier2	experimentally_immunogenic_mutant_peptide	experimentally_validated_tcell_immunogenicity
SSSKAPLPSL	HLA-C16*01	TSNADB2_001099	TSNAdb_v2.0	Melanoma	PMID:26359337	https://doi.org/10.1126/science.aad0095	tier2	experimentally_immunogenic_mutant_peptide	experimentally_validated_tcell_immunogenicity
TAHLNCNLF	HLA-B35*01	TSNADB2_001100	TSNAdb_v2.0	Leukemia	PMID:31243155	https://doi.org/10.1126/scitranslmed.aat8549	tier2	experimentally_immunogenic_mutant_peptide	experimentally_validated_tcell_immunogenicity
TLHGFMMYL	HLA-A30*01	TSNADB2_001101	TSNAdb_v2.0	Leukemia	PMID:31243155	https://doi.org/10.1126/scitranslmed.aat8549	tier2	experimentally_immunogenic_mutant_peptide	experimentally_validated_tcell_immunogenicity
TLIAIFPYARL	HLA-A02*01	TSNADB2_001102	TSNAdb_v2.0	Renal Rell Carcinoma	PMID:32226429	https://doi.org/10.3389/fimmu.2020.00373	tier2	experimentally_immunogenic_mutant_peptide	experimentally_validated_tcell_immunogenicity
TQFLYIWFK	HLA-A11*01	TSNADB2_001103	TSNAdb_v2.0	Renal Rell Carcinoma	PMID:32226429	https://doi.org/10.3389/fimmu.2020.00373	tier2	experimentally_immunogenic_mutant_peptide	experimentally_validated_tcell_immunogenicity
TSDYLSQSY	HLA-A01*01	TSNADB2_001104	TSNAdb_v2.0	Ovarian Cancer	PMID:29545564	https://doi.org/10.1038/s41467-018-03301-0	tier2	experimentally_immunogenic_mutant_peptide	experimentally_validated_tcell_immunogenicity
TSFLSINSKEETGHL	HLA-DRB104*05	TSNADB2_001105	TSNAdb_v2.0	Bile Duct Cancer	PMID:26516200	https://doi.org/10.1126/Science.aad1253	tier2	experimentally_immunogenic_mutant_peptide	experimentally_validated_tcell_immunogenicity
VADINDHAL	HLA-C03*03	TSNADB2_001106	TSNAdb_v2.0	Ovarian Cancer	PMID:29545564	https://doi.org/10.1038/s41467-018-03301-0	tier2	experimentally_immunogenic_mutant_peptide	experimentally_validated_tcell_immunogenicity
VAGCYLKYKNKNSLS	HLA-DRB112*02	TSNADB2_001107	TSNAdb_v2.0	Collecting Duct Carcinoma	PMID:32439798	https://doi.org/10.1136/jitc-2019-000217	tier2	experimentally_immunogenic_mutant_peptide	experimentally_validated_tcell_immunogenicity
VFTQSFITVSI	HLA-A24*02	TSNADB2_001108	TSNAdb_v2.0	Renal Rell Carcinoma	PMID:32226429	https://doi.org/10.3389/fimmu.2020.00373	tier2	experimentally_immunogenic_mutant_peptide	experimentally_validated_tcell_immunogenicity
VLAMAIYKQ	HLA-A02*01	TSNADB2_001109	TSNAdb_v2.0	Lung Cancer	PMID:32934692	https://doi.org/10.3892/ol.2020.11986	tier2	experimentally_immunogenic_mutant_peptide	experimentally_validated_tcell_immunogenicity
VLDGFIPGT	HLA-A02*01	TSNADB2_001110	TSNAdb_v2.0	Melanoma	PMID:31685621	https://doi.org/10.1073/pnas.1906026116	tier2	experimentally_immunogenic_mutant_peptide	experimentally_validated_tcell_immunogenicity
VLICLRLLMRY	HLA-B15*01	TSNADB2_001111	TSNAdb_v2.0	Renal Rell Carcinoma	PMID:32226429	https://doi.org/10.3389/fimmu.2020.00373	tier2	experimentally_immunogenic_mutant_peptide	experimentally_validated_tcell_immunogenicity
VLWDYVYQL	HLA-A02*01	TSNADB2_001112	TSNAdb_v2.0	Melanoma	PMID:31921104	https://doi.org/10.3389/fimmu.2019.02766	tier2	experimentally_immunogenic_mutant_peptide	experimentally_validated_tcell_immunogenicity
VLWDYVYQLL	HLA-A02*01	TSNADB2_001113	TSNAdb_v2.0	Melanoma	PMID:31921104	https://doi.org/10.3389/fimmu.2019.02766	tier2	experimentally_immunogenic_mutant_peptide	experimentally_validated_tcell_immunogenicity
VRRASVCLITL	HLA-C07*01	TSNADB2_001114	TSNAdb_v2.0	Renal Rell Carcinoma	PMID:32226429	https://doi.org/10.3389/fimmu.2020.00373	tier2	experimentally_immunogenic_mutant_peptide	experimentally_validated_tcell_immunogenicity
VSALSRAAEK	HLA-A03*01	TSNADB2_001115	TSNAdb_v2.0	Myeloma	PMID:31857430	https://doi.org/10.1158/1078-0432.ccr-19-2309	tier2	experimentally_immunogenic_mutant_peptide	experimentally_validated_tcell_immunogenicity
VYRPLHYPLL	HLA-C07*02	TSNADB2_001116	TSNAdb_v2.0	Ovarian Cancer	PMID:29545564	https://doi.org/10.1038/s41467-018-03301-0	tier2	experimentally_immunogenic_mutant_peptide	experimentally_validated_tcell_immunogenicity
WTGATITVTIK	HLA-A11*01	TSNADB2_001117	TSNAdb_v2.0	Renal Rell Carcinoma	PMID:32226429	https://doi.org/10.3389/fimmu.2020.00373	tier2	experimentally_immunogenic_mutant_peptide	experimentally_validated_tcell_immunogenicity
WVLALFDEV	HLA-A02*01	TSNADB2_001118	TSNAdb_v2.0	Melanoma	PMID:31685621	https://doi.org/10.1073/pnas.1906026116	tier2	experimentally_immunogenic_mutant_peptide	experimentally_validated_tcell_immunogenicity
YFATLITELF	HLA-C04*01	TSNADB2_001119	TSNAdb_v2.0	Renal Rell Carcinoma	PMID:32226429	https://doi.org/10.3389/fimmu.2020.00373	tier2	experimentally_immunogenic_mutant_peptide	experimentally_validated_tcell_immunogenicity
YILKYSVFL	HLA-A02*01	TSNADB2_001120	TSNAdb_v2.0	Melanoma	PMID:31685621	https://doi.org/10.1073/pnas.1906026116	tier2	experimentally_immunogenic_mutant_peptide	experimentally_validated_tcell_immunogenicity
YKLVVVGAV	HLA-A02*01	TSNADB2_001121	TSNAdb_v2.0	Colorectal Cancer	PMID:32934692	https://doi.org/10.3892/ol.2020.11986	tier2	experimentally_immunogenic_mutant_peptide	experimentally_validated_tcell_immunogenicity
YLCAGAVYF	HLA-C04*01	TSNADB2_001122	TSNAdb_v2.0	Renal Rell Carcinoma	PMID:32226429	https://doi.org/10.3389/fimmu.2020.00373	tier2	experimentally_immunogenic_mutant_peptide	experimentally_validated_tcell_immunogenicity
YLTDKDFEFA	HLA-A02*01	TSNADB2_001123	TSNAdb_v2.0	Melanoma	PMID:31921104	https://doi.org/10.3389/fimmu.2019.02766	tier2	experimentally_immunogenic_mutant_peptide	experimentally_validated_tcell_immunogenicity
YMMNSVQENF	HLA-B44*02	TSNADB2_001124	TSNAdb_v2.0	Renal Rell Carcinoma	PMID:32226429	https://doi.org/10.3389/fimmu.2020.00373	tier2	experimentally_immunogenic_mutant_peptide	experimentally_validated_tcell_immunogenicity
YVRVTVQARVM	HLA-B07*02	TSNADB2_001125	TSNAdb_v2.0	Renal Rell Carcinoma	PMID:32226429	https://doi.org/10.3389/fimmu.2020.00373	tier2	experimentally_immunogenic_mutant_peptide	experimentally_validated_tcell_immunogenicity
KVYEGVWKK	HLA-A03*01	TSNADB2_001238	TSNAdb_v2.0	Leukemia	PMID:22912393	https://doi.org/10.1158/1078-0432.ccr-12-1182	tier2	experimentally_immunogenic_mutant_peptide	experimentally_validated_tcell_immunogenicity
