target_gene	n_target_cells	n_target_batches	target_gene_measured	excluded_current_target	eligible	selection_stratum	selection_order_sha256	selected	n_control_cells	n_control_batches	allowed_claim_role
AAAS	212	47	True	False	True	Q3	4634d7d15efd20b612e77bb3e0bc8d90eae32a48dc16ec77a320d70f253df097	False	10691	48	cross_target_generality_only_not_same_target_replication
AAMP	99	39	True	False	False	ineligible	a7d904897effdcd5e8e363c4f60e05d3745ee1af382d916f9b6a2fe6dc093695	False	10691	48	cross_target_generality_only_not_same_target_replication
AARS	40	29	True	False	False	ineligible	d649d83ceb2b2d2a0f7046d5cbae3bda522975670d9b4a1f5255e7e35d1a6d41	False	10691	48	cross_target_generality_only_not_same_target_replication
AARS2	181	48	True	False	True	Q3	ac9c68b4d4cb3f2e3f8864242832f0bd4ffab584974eebf7520633f94c30a97e	False	10691	48	cross_target_generality_only_not_same_target_replication
AASDHPPT	49	35	True	False	False	ineligible	a55d5ee23fb1511abe97fc381e217eed1f6684df120f826d38b370ce98bd0316	False	10691	48	cross_target_generality_only_not_same_target_replication
AATF	298	48	True	False	True	Q4	dc30a265ad68e4ca985d390101c38f869c518cd99366cfd39fac5cb9be02b1a6	False	10691	48	cross_target_generality_only_not_same_target_replication
ABCB10	51	31	True	False	False	ineligible	84a12267f22c9696b5b7e80d54875464cc0acb1fb08fe94585e8abc229af7ff6	False	10691	48	cross_target_generality_only_not_same_target_replication
ABCB7	199	48	True	False	True	Q3	b03de1a28db23f5aa32f0b5b28ff96977c2b12371b7c0e54fad708afd9300d11	False	10691	48	cross_target_generality_only_not_same_target_replication
ABCE1	249	47	True	False	True	Q4	3eef9714772a2af739742a9a4c1cbf9ca3ae5444a00baf73e434cef092b1b395	False	10691	48	cross_target_generality_only_not_same_target_replication
ABCF1	329	48	True	False	True	Q4	04fbb8691a003a0d36eafe8ea02d112c14a88f19a09ab47134a677203c543ea6	True	10691	48	cross_target_generality_only_not_same_target_replication
ABCG1	144	46	False	False	False	ineligible	a6541d9e1c3810aee6c49cb09741a515d3ebbeb6aa85aa8de535d4de38d986f4	False	10691	48	cross_target_generality_only_not_same_target_replication
ABHD11	49	29	True	False	False	ineligible	e59f8e2e17049e3d71a019cc7f09a9afd0b3482fc7e9167647e7b2b8bbe29d7e	False	10691	48	cross_target_generality_only_not_same_target_replication
ABHD17A	95	43	True	False	False	ineligible	f1534713693f37eaa24967e0efd1071ef05e4793c5903aa4e54aa0244387b1a8	False	10691	48	cross_target_generality_only_not_same_target_replication
ABT1	107	44	True	False	True	Q1	5fdc40c816cde96d5c71c383dc82e918e6c2e2967e7ecac8458fed77bae255f3	False	10691	48	cross_target_generality_only_not_same_target_replication
ACD	77	39	True	False	False	ineligible	0037702883ec832f7c5a1675cffca77e36429c094150daba77cba3f4c78896c4	False	10691	48	cross_target_generality_only_not_same_target_replication
ACIN1	191	47	True	False	True	Q3	bdc7353c195cddb86689b7a049301e988a55fb2f57625ffdca3a9b307b112e0b	False	10691	48	cross_target_generality_only_not_same_target_replication
ACOT12	180	47	False	False	False	ineligible	3de6843723705258ec5370eb19023b6d6cc060a391e5753d430fbb498987a058	False	10691	48	cross_target_generality_only_not_same_target_replication
ACTB	168	48	True	False	True	Q3	e97f29595bc79c96682bc23b66c0472595ea29cec51fa7255cd619b98c8d9890	False	10691	48	cross_target_generality_only_not_same_target_replication
ACTL6A	55	35	True	False	False	ineligible	c5a19a248674af1177353a4470acd8f130a3339e7f226e1313e1e2799db6b5a7	False	10691	48	cross_target_generality_only_not_same_target_replication
ACTR10	116	43	True	False	True	Q1	88a3ed092bdc48b58aa6b2c1bfadb14687640143d091fab2dc58580290019378	False	10691	48	cross_target_generality_only_not_same_target_replication
ACTR1A	143	46	True	False	True	Q2	09e029aecc33285d4a41a0e596725cab94d43b66911f6307970d632b03058ad6	False	10691	48	cross_target_generality_only_not_same_target_replication
ACTR1B	206	48	True	False	True	Q3	7d0470f867b9a3a840367968a2a9d096160020e959c4b44eb398ee729c4f9087	False	10691	48	cross_target_generality_only_not_same_target_replication
ACTR2	236	47	True	False	True	Q4	6f71b82b3a101c1988b127532bb1bacc5e05f406140a808dabd40ca886d7e728	False	10691	48	cross_target_generality_only_not_same_target_replication
ACTR3	118	44	True	False	True	Q1	11d8b6d88d44bfd5bd7055801f414784b17f95dd761f89d44c4ad18a1babff40	False	10691	48	cross_target_generality_only_not_same_target_replication
ACTR6	108	44	True	False	True	Q1	1a4110b46244b9da5216cbfd0c98e96e2a94424b8a7f3844c0db82c10ad6a077	False	10691	48	cross_target_generality_only_not_same_target_replication
ACTR8	252	47	True	False	True	Q4	7a555cbb60db1ee5194a549a981bf020bb2a39980b90daae7c4a952bf366fe2a	False	10691	48	cross_target_generality_only_not_same_target_replication
ADAT2	85	41	True	False	False	ineligible	5c1a664ddf019886c18c4330ae0e8cdf18fcf3ed9f1add9bf908fc9ea9f36271	False	10691	48	cross_target_generality_only_not_same_target_replication
ADAT3	125	42	False	False	False	ineligible	dfbde3b9fdcd27684a6d194e643639afd84ff1fd846552575bcfb68a89fbad0d	False	10691	48	cross_target_generality_only_not_same_target_replication
ADRM1	105	43	True	False	True	Q1	52a79e91676b3c63583c65f15a4955208495afc1834802955df80b95119b8a36	False	10691	48	cross_target_generality_only_not_same_target_replication
ADSL	133	45	True	False	True	Q2	698a6617817e066d854d8aa2f1eea7cd0ad1873e08f9281f6e88d0ceb4c51e04	False	10691	48	cross_target_generality_only_not_same_target_replication
AFG3L2	15	12	True	False	False	ineligible	e5dd966edd4bb1433dc834762dc813b6da9e44decde498bb5ec93f0d7a9970c7	False	10691	48	cross_target_generality_only_not_same_target_replication
AHCTF1	290	48	True	False	True	Q4	28fa9e17266259ef6041013f775665aeedc432e457d3b8931796f53092e0708b	False	10691	48	cross_target_generality_only_not_same_target_replication
AHCY	147	47	True	False	True	Q2	bfbc7292ffc9eba0fdb3bed56ec295f8905d1481a473649d0a2f5d32986c17e7	False	10691	48	cross_target_generality_only_not_same_target_replication
AIFM1	50	33	True	False	False	ineligible	c9361b90d8a02f5e56270073aa47398ef89bb50f8665d4d685f5a283ccf26b99	False	10691	48	cross_target_generality_only_not_same_target_replication
AKIRIN2	169	47	True	False	True	Q3	b006450dbe02b8cc211643509a0c518e6737f280c741ad9be1f15ff02215f826	False	10691	48	cross_target_generality_only_not_same_target_replication
ALDOA	78	35	True	False	False	ineligible	1577331f856643abeacd9a3efa9e27419e4eab6ef44fac28f4d1bd9d0448ba21	False	10691	48	cross_target_generality_only_not_same_target_replication
ALG1	69	39	True	False	False	ineligible	db80b3c667443176cda5692e6df84ac97c8a07946a4c83de649277102eecaf9d	False	10691	48	cross_target_generality_only_not_same_target_replication
ALG11	97	40	True	False	False	ineligible	79bb85f3abe054f3315c5526e3507a54bba7c78d870cf8c9b551255f3c7ea070	False	10691	48	cross_target_generality_only_not_same_target_replication
ALG13	170	48	True	False	True	Q3	bcace341318e00828d549d06a1de9717101d237518d5de17371f97b1373768c5	False	10691	48	cross_target_generality_only_not_same_target_replication
ALG14	183	47	True	False	True	Q3	2dc47ea93b827de9a085210a7eeeb60f43befcb817791b57c6f3f69748656c72	False	10691	48	cross_target_generality_only_not_same_target_replication
ALG1L	216	46	False	False	False	ineligible	3f037d15b4ecea6c3d2acc2623f6d80a3d53ffed805329f2110b27e1c85d094b	False	10691	48	cross_target_generality_only_not_same_target_replication
ALG2	247	48	True	False	True	Q4	36c98858ef61c35a292602290eb91b745d9ea440768464a1a3123a943741c496	False	10691	48	cross_target_generality_only_not_same_target_replication
ALYREF	319	48	True	False	True	Q4	b1446b213ca29f97d06d357bff66755f6ee7e7c2304157a32b2bd3c44a291355	False	10691	48	cross_target_generality_only_not_same_target_replication
ANAPC1	124	43	True	False	True	Q1	f7210ed3973135fc8abec262f30857b6812bd9ea39e5da20e7ab4c725169d97f	False	10691	48	cross_target_generality_only_not_same_target_replication
ANAPC10	29	23	True	False	False	ineligible	f11d38310fb4b390140e560b735070962a5daadff1010c41072ecd1246287f3e	False	10691	48	cross_target_generality_only_not_same_target_replication
ANAPC11	77	38	True	False	False	ineligible	01809e7335899df85cb08556f9906c97891073ba3a65a5e7dfd732e002b6a6f7	False	10691	48	cross_target_generality_only_not_same_target_replication
ANAPC13	112	43	True	False	True	Q1	f3b6b186cb889e1a158c016944417adb8e94ed9f6812952c4ae8130cf31133ab	False	10691	48	cross_target_generality_only_not_same_target_replication
ANAPC15	424	48	True	False	True	Q4	6be040dae6d0aa491aa219929311e1efac1a1f72de65fdff21b3c2b273f448fb	False	10691	48	cross_target_generality_only_not_same_target_replication
ANAPC2	237	48	False	False	False	ineligible	6c6ae682e62de7df4b78c2200ff0e01f31e6ffe24358e4d17649e539c5f3d895	False	10691	48	cross_target_generality_only_not_same_target_replication
ANAPC4	63	31	True	False	False	ineligible	5f7a97bf4d66077a6cf98fd8f902a42a170ee4f45091dcc6167e7521ba2821d1	False	10691	48	cross_target_generality_only_not_same_target_replication
ANAPC5	40	30	True	False	False	ineligible	166c52856cbd63b60222ff057b8fc2df6d465870f0e1e3eb70d89338bea436bc	False	10691	48	cross_target_generality_only_not_same_target_replication
ANKLE2	126	45	True	False	True	Q1	37a5c82a79505978d88cfc0d59bbd9a465dbfdd848e6ed378fbc9c33ba9a4802	False	10691	48	cross_target_generality_only_not_same_target_replication
ANKRD11	260	48	True	False	True	Q4	97de706ef0a76438b18ebd72d3a9db106f437f6a42e5e18c4ee8c431c69d35d5	False	10691	48	cross_target_generality_only_not_same_target_replication
ANKRD49	144	43	True	False	True	Q2	3ee81349da1911a7ea654c9831b445e2e7418e09dcaca4ca1347056ab31bd302	False	10691	48	cross_target_generality_only_not_same_target_replication
ANKS6	95	41	True	False	False	ineligible	13eca93b95da0f00685377c3d27bfaa91a0363f2970d9c8eaa1d80ea373020fc	False	10691	48	cross_target_generality_only_not_same_target_replication
ANLN	96	41	True	False	False	ineligible	fdc84c1f1d6b142f7e19f9f765d02acf1879dd192fe18f022902843113319469	False	10691	48	cross_target_generality_only_not_same_target_replication
AP2M1	215	48	True	False	True	Q3	4e5ebb96ad3ff85d7b1d4300f64c250546293b8b090821f4da53a49ae1911e6c	False	10691	48	cross_target_generality_only_not_same_target_replication
AP2S1	123	45	True	False	True	Q1	25cdc16b970013f939b5e4eb99e899fa4cfde7459d0fe0b9c4ce32e88eb6971f	False	10691	48	cross_target_generality_only_not_same_target_replication
AQP7	108	45	False	False	False	ineligible	d568ed2d24bf6d38df637cb82caa7f7789f540870958343b02685a8121af86d8	False	10691	48	cross_target_generality_only_not_same_target_replication
AQR	90	39	True	False	False	ineligible	78ab7553d040b6fb4b8e1deb55db90c480a8b5dd6a0b870ce913ed1a1cc5750a	False	10691	48	cross_target_generality_only_not_same_target_replication
ARCN1	333	48	True	False	True	Q4	2fbd5da85a225b4a930b81b530c0e51cc42590650ef11cbb693bb451677774da	False	10691	48	cross_target_generality_only_not_same_target_replication
ARF4	89	39	True	False	False	ineligible	016245b0c7193673086596ee4f954cccc273c278bb9de8787dc1be8980c419fd	False	10691	48	cross_target_generality_only_not_same_target_replication
ARFRP1	138	45	True	False	True	Q2	67b971e7ddfe7d132d40742d19b46bea61ac9d966876fecfca48ff7380ed1093	False	10691	48	cross_target_generality_only_not_same_target_replication
ARGFX	84	39	False	False	False	ineligible	f1f8733e2d8d5294eb4f8895286efd1e5ed03012d40d071270bedff55bb79865	False	10691	48	cross_target_generality_only_not_same_target_replication
ARGLU1	498	48	True	False	True	Q4	7b146833d58f5c9db7c1f52f79a54aa8dfecb9c1f6fd4b34c37a52bacb0cf1b8	False	10691	48	cross_target_generality_only_not_same_target_replication
ARHGAP11B	212	48	False	False	False	ineligible	5e94a45238fee81c9e0c2b45106d8b416a9a91ad74cf411a3d2012d2ce4d7758	False	10691	48	cross_target_generality_only_not_same_target_replication
ARID3A	31	23	True	False	False	ineligible	58afe1b5fe2781416d0b739427ca624a0093ba4b1df8928ff2b97bab9dfd6dea	False	10691	48	cross_target_generality_only_not_same_target_replication
ARIH1	59	32	True	False	False	ineligible	54311bf7dad5bae4f8945116332ca0752c748ea0ad0113e6bbc5abf980fb8494	False	10691	48	cross_target_generality_only_not_same_target_replication
ARL2	74	38	True	False	False	ineligible	d7222b62493682a187dca79ad2d646ff97743284a8aa68e176514b8e11d97ba3	False	10691	48	cross_target_generality_only_not_same_target_replication
ARL4D	120	43	True	False	True	Q1	cf71859adfddd11064dcce6762faba0f4a50bcb2d92a7b3f725524b15637c508	False	10691	48	cross_target_generality_only_not_same_target_replication
ARMC6	86	36	True	False	False	ineligible	d8bf9945ebc9b1eeb8c4403e9ae064fd52a21325fd79629bb256e7816b8a2b1a	False	10691	48	cross_target_generality_only_not_same_target_replication
ARMC7	110	42	False	False	False	ineligible	58fd478902d2e5823d35935b0a532c64b036734cf644a1c499e5ff1e71641736	False	10691	48	cross_target_generality_only_not_same_target_replication
ARPC2	227	48	True	False	True	Q4	48ea87cfb13bcaf01206ba3ff1525bcbd896bbbb47b6f7fd943294c4f24829d6	False	10691	48	cross_target_generality_only_not_same_target_replication
ARPC3	141	43	True	False	True	Q2	080d282d1835b48e9e526d2f709ea7caa9473298a9a09c4fca9fb76757b329c6	False	10691	48	cross_target_generality_only_not_same_target_replication
ARPC4	220	47	True	False	True	Q3	42a585285556af15d2fe7a0524d91b04cb61a3c090e721c297cdee2b86885dfb	False	10691	48	cross_target_generality_only_not_same_target_replication
ASF1B	284	48	True	False	True	Q4	c0d0411d2331490d74bd68e698519b1386912c63313df223b14c842bd3b6e638	False	10691	48	cross_target_generality_only_not_same_target_replication
ATF4	72	34	True	False	False	ineligible	8d61828de5a20b9bfa370c220b203c6abfd4fd1c31082b0b7c99edf395740ca9	False	10691	48	cross_target_generality_only_not_same_target_replication
ATF5	141	46	True	False	True	Q2	df945c230a07f70ceb0457ad7df5b8ccd89db7aac21f7c6018f870965684065e	False	10691	48	cross_target_generality_only_not_same_target_replication
ATL2	120	47	True	False	True	Q1	dca1a46aa396c5888d07442bec29b5ee7d3596dbb08e652f5a2e93111a26fc87	False	10691	48	cross_target_generality_only_not_same_target_replication
ATP1A1	84	40	True	False	False	ineligible	4c7a1743066a03b8e0b6f8c81d144cfd8b8971a86b4619d604a13a1f56cce8cb	False	10691	48	cross_target_generality_only_not_same_target_replication
ATP2A2	158	46	True	False	True	Q2	37eccca207b6c7b71ddec1e27118c97d3946e9056fef06f6b96a1c12e60b1033	False	10691	48	cross_target_generality_only_not_same_target_replication
ATP6AP1	119	42	True	False	True	Q1	77dfb86032a54c9ef996116bab14218f5b588da521a996f03ccc2d745fc58f8e	False	10691	48	cross_target_generality_only_not_same_target_replication
ATP6AP2	175	45	True	False	True	Q3	c83813cfa716732902fc4da3b0e1e8e1df5943589afb4c15f97d10a8ad3a2d1f	False	10691	48	cross_target_generality_only_not_same_target_replication
ATP6V0B	147	45	True	False	True	Q2	8560c81f068e69a8c88e3dd4f1cb90a9c9449519d9c3f1e4ad737b77620c893b	False	10691	48	cross_target_generality_only_not_same_target_replication
ATP6V0C	53	31	True	False	False	ineligible	c269dffdfc1be6e9dab57ba17edd857ba82b4662b4f906b07843e3275f1ec1b7	False	10691	48	cross_target_generality_only_not_same_target_replication
ATP6V0D1	101	40	True	False	True	Q1	aa98d0935eed77cf0c3b1b5473fe22ba0c31695990182a24311b519ed81cb5ab	False	10691	48	cross_target_generality_only_not_same_target_replication
ATP6V1A	96	42	True	False	False	ineligible	cc780634228e57f39221fd1a2173e0dca84924e4d1c7b36fc5641d52f8592d33	False	10691	48	cross_target_generality_only_not_same_target_replication
ATP6V1B2	442	48	True	False	True	Q4	83c8ee297686d451b16be90ae7e8365c3a152333bbdbdf95e867bce2fa163468	False	10691	48	cross_target_generality_only_not_same_target_replication
ATP6V1C1	59	33	True	False	False	ineligible	919f8c9241f5de69e0ad56ae7976b3b0b1b11f0bc22b9dc7f32738a102c07519	False	10691	48	cross_target_generality_only_not_same_target_replication
ATP6V1D	139	44	True	False	True	Q2	41151d91c68c119532f788184f02da41ae06d77c9ab722d816c534189ba3969c	False	10691	48	cross_target_generality_only_not_same_target_replication
ATP6V1E1	188	47	True	False	True	Q3	9d94e4b8e5c35c423e67b83fe696b390ba47788f598bdaed110312c17bef1827	False	10691	48	cross_target_generality_only_not_same_target_replication
ATP6V1F	72	39	True	False	False	ineligible	82b980c2fdfdb9642139f1b9adecd16f198575dbbe7be625443faf13eedd5870	False	10691	48	cross_target_generality_only_not_same_target_replication
ATP6V1G1	67	35	True	False	False	ineligible	466b115f2fb927575eabc7e142f10b5e10b65f901a36e1776e066e0ebcd0884a	False	10691	48	cross_target_generality_only_not_same_target_replication
ATP6V1H	84	40	True	False	False	ineligible	c9e908c232b2dfafaf1b51c85b7108a1c5ab860d78156463549068239a2a59af	False	10691	48	cross_target_generality_only_not_same_target_replication
ATR	141	45	True	False	True	Q2	2328124995806f9f312a34dc8b1d693b96bcd2d8cbd76a3fe39ace1969a9f089	False	10691	48	cross_target_generality_only_not_same_target_replication
ATRIP	184	48	True	False	True	Q3	1788dfff4ee7c75bb25318124b6b14d865dbeab8533288c1e2e0205f2aed1637	False	10691	48	cross_target_generality_only_not_same_target_replication
AURKA	58	36	True	False	False	ineligible	6400d3df85df8fd0820ae65765f4b29f82723ce14c3ba4769ff22ff62287bb04	False	10691	48	cross_target_generality_only_not_same_target_replication
AURKAIP1	76	37	True	False	False	ineligible	c325cabb78831d78ac669871ad1cfd1bd8528e1f074d7769f5eb1f8842f1506e	False	10691	48	cross_target_generality_only_not_same_target_replication
AURKB	33	24	True	False	False	ineligible	ba04ed3c60b907096e1f77a0804f835720b27c2d9e71007ed35152078cea9934	False	10691	48	cross_target_generality_only_not_same_target_replication
BANF1	162	46	True	False	True	Q2	cf82ecd76aaa342fb6c52052e3077121ad1f6b3cf9c69db2a53a6586e87f9d75	False	10691	48	cross_target_generality_only_not_same_target_replication
BANP	110	41	True	False	True	Q1	8cb0c5e8c6f0d1f30cebc6d82aa331a21176b86775009962022f33e5fde1efb1	False	10691	48	cross_target_generality_only_not_same_target_replication
BAP1	200	46	True	False	True	Q3	6d6ffcbabfc524114c5ca62bec6d7fa2d27eda08ff7c816437067c4d63c21d24	False	10691	48	cross_target_generality_only_not_same_target_replication
BARD1	140	46	True	False	True	Q2	44e4a8adfa35d77383079243ba7bcc22f8c2e7ab9ae731fd97617a78d82ca23a	False	10691	48	cross_target_generality_only_not_same_target_replication
BCAR1	246	48	True	False	True	Q4	e8fe1debd640188f4c9639f79d4c7ec59a7cb6171243b0647062d5f0e4387929	False	10691	48	cross_target_generality_only_not_same_target_replication
BCAS2	227	46	True	False	True	Q4	036bd75e16c99d24ef8dafa609ffebfa641c5559fddf9eecabe25fe9dc9e56bc	True	10691	48	cross_target_generality_only_not_same_target_replication
BCL2L1	173	46	True	False	True	Q3	28aaa2ab6c66e4f5a4a83b2619a08dc120d2a09ed2007ef976608d28bcb54cb2	False	10691	48	cross_target_generality_only_not_same_target_replication
BCLAF1	51	31	True	False	False	ineligible	1be8a0e8d76bab89f5ece13f8d14d82a923c842d87043f94b7ba28655f118a50	False	10691	48	cross_target_generality_only_not_same_target_replication
BCR	561	48	True	False	True	Q4	302042856e21126d72da232e396b4429082a23d1266a7dac27d31c2ecdbd7aba	False	10691	48	cross_target_generality_only_not_same_target_replication
BCS1L	70	40	True	False	False	ineligible	da47ba0fa78f819fad54d332206997fe7deac346a41e945a5d23d142a8a1e06c	False	10691	48	cross_target_generality_only_not_same_target_replication
BDP1	331	48	True	False	True	Q4	f056723b9bc15fc54c381e6a84bf2177837b3df372224df252f8072dcc91d202	False	10691	48	cross_target_generality_only_not_same_target_replication
BET1	131	46	True	False	True	Q2	9ba85d8ea1773396955a9f2233f127c909f892ed7c1e85b82743600e5c51f410	False	10691	48	cross_target_generality_only_not_same_target_replication
BGLAP	236	48	False	False	False	ineligible	fe80c1e8f485dd52d385231731fa7d5c02f8900fc43c03e8d4aca7d8eec2bf78	False	10691	48	cross_target_generality_only_not_same_target_replication
BIRC5	46	29	True	False	False	ineligible	5427c29171bdafdf84a5e5df0908eac25986f8a2a22a53e412bc0cbb4cb58b57	False	10691	48	cross_target_generality_only_not_same_target_replication
BMS1	28	22	True	False	False	ineligible	b3dac4f87753b5b5362da6153bd01471c8586b074e84a0af47bad3350e092b75	False	10691	48	cross_target_generality_only_not_same_target_replication
BNIP1	111	46	True	False	True	Q1	6bd22c957a10009a1a0407c243ef8becf7ef4d2684e9d95c3914eb47550940e7	False	10691	48	cross_target_generality_only_not_same_target_replication
BOP1	253	48	True	False	True	Q4	2d4ebbde69ca41bb5ba7c79a5a57a77561991e4d93211d20bd38414da1469c68	False	10691	48	cross_target_generality_only_not_same_target_replication
BORA	55	31	True	False	False	ineligible	44bf5e2a384668b4b75f250757ec225608a4dcfd61fddd3b8a097eb85584768f	False	10691	48	cross_target_generality_only_not_same_target_replication
BPTF	56	34	True	False	False	ineligible	8cca665ab9f333237357a00bb8f3e1fbee94e386ca6cc814e81d5bb1115a372c	False	10691	48	cross_target_generality_only_not_same_target_replication
BRCA1	104	42	True	False	True	Q1	52a719a081150b94042d50b3b61aea66a78f32c812b46ff4e3d88329f452ff25	False	10691	48	cross_target_generality_only_not_same_target_replication
BRCA2	147	46	True	False	True	Q2	5dcd86d75449673132a06e595b0dbc7543b2f9c9b2b635070b6d3288d16bb77d	False	10691	48	cross_target_generality_only_not_same_target_replication
BRD4	116	43	True	False	True	Q1	e0c057cfa9562169411218b9bb5f8718d619afcf052d0655d6ee1064a0135241	False	10691	48	cross_target_generality_only_not_same_target_replication
BRD8	77	34	True	False	False	ineligible	2a9d5dabe5b736784a64d58d36f9e65277d6ac2d609dcbbd77e434ec39dbe521	False	10691	48	cross_target_generality_only_not_same_target_replication
BRF1	166	47	True	False	True	Q3	53c22b096444006cffc340e5b7bf67b8f914169c83c5cb5e2201847e8aa2e285	False	10691	48	cross_target_generality_only_not_same_target_replication
BRF2	174	46	True	False	True	Q3	1b9823abde89ec759f2c14927561b80ba396bfa3fae676cda389e8859dbf62e6	False	10691	48	cross_target_generality_only_not_same_target_replication
BRIP1	132	45	True	False	True	Q2	dcc49b965bb7e5ad724ffff57a693990db275687e6714e4cad69673de8bb1e2d	False	10691	48	cross_target_generality_only_not_same_target_replication
BRIX1	132	44	True	False	True	Q2	bdf4757e21cfdc1dbcf968b4f16d69130f4eedbc37df68fe6b0947b4c8c545f7	False	10691	48	cross_target_generality_only_not_same_target_replication
BRK1	180	48	True	False	True	Q3	7ff1276d7de34165cb3d44cb172900778e8a8f05fc7da6ffa06b76fbd25f6108	False	10691	48	cross_target_generality_only_not_same_target_replication
BTF3	79	37	True	False	False	ineligible	1c4f78bf726ca6ba99fc16c198e1797cbf46ef5c1abbb6aed6038244c2498944	False	10691	48	cross_target_generality_only_not_same_target_replication
BTF3L4	141	45	True	False	True	Q2	48b204368bb0874040aeca2ae0d4d1501da13f0995d20f0c8077f727621dbaec	False	10691	48	cross_target_generality_only_not_same_target_replication
BUB1	648	48	True	False	True	Q4	e7dcaae2f51458b44760b5312c0a6c0b1ec3e47daee28680ccf56fee4d2f959f	False	10691	48	cross_target_generality_only_not_same_target_replication
BUB1B	141	48	True	False	True	Q2	91887d3e18e37dc3b946806c688d3ed6485e921dcc8906d93861d87fa8bcddf0	False	10691	48	cross_target_generality_only_not_same_target_replication
BUB3	409	48	True	False	True	Q4	e0b367e07cf49cf3bace5fafe22b4f9005a65fb6aa63f69c644611635fc6f284	False	10691	48	cross_target_generality_only_not_same_target_replication
BUD13	174	47	True	False	True	Q3	62c543f0982b8f975a593f6da9fb5c2032107bdba87d61fa6a8f40b0babf2f83	False	10691	48	cross_target_generality_only_not_same_target_replication
BUD31	37	24	True	False	False	ineligible	ed96f55d0000d4fd373ab308ae47285d2c33eab6e279f1d516bceda36deff65a	False	10691	48	cross_target_generality_only_not_same_target_replication
BYSL	98	39	True	False	False	ineligible	5b871c67cfd90d4aa10ff6cf6c807aa7537724049909afa560b57d43cb4ca897	False	10691	48	cross_target_generality_only_not_same_target_replication
C12orf45	100	41	True	False	True	Q1	9242e7f96289dbcca25a1a824212034bbcb80e0ae449b8050716238ddeb7ead4	False	10691	48	cross_target_generality_only_not_same_target_replication
C12orf60	110	43	False	False	False	ineligible	99cf88835915dc441b1974a68d7e7d328654195db66977e0c7bf068588b40751	False	10691	48	cross_target_generality_only_not_same_target_replication
C14orf178	143	47	False	False	False	ineligible	de54818d13bb377319c570b8c2538542bbd147222d5c7f3f8c4f2ce102b77bd3	False	10691	48	cross_target_generality_only_not_same_target_replication
C16orf86	184	47	False	False	False	ineligible	f8ced983397b0dc601265b4c0d6233701e95e80b9b138da3645c2ce3ba94fb4e	False	10691	48	cross_target_generality_only_not_same_target_replication
C17orf58	58	33	True	False	False	ineligible	7bdd4910308062a1b07ef5547343beedc9c2c67f16b05e9e6da3507a7d724b9a	False	10691	48	cross_target_generality_only_not_same_target_replication
C19orf25	189	46	True	False	True	Q3	9ac562b1537940d66d0a8a39bdb550bc5f809ae6cfd333627296ce0bfb6178ee	False	10691	48	cross_target_generality_only_not_same_target_replication
C19orf53	169	45	True	False	True	Q3	64d418640853bfa5dda21fe070a10f33311dd373c0c6f09f8c8bbf9b3b83b4e9	False	10691	48	cross_target_generality_only_not_same_target_replication
C1D	160	47	True	False	True	Q2	6b826e20c2c1231c15391367696fa9faa5c340e3ba5059817162bbde1fa662dd	False	10691	48	cross_target_generality_only_not_same_target_replication
C1QBP	210	47	True	False	True	Q3	206a5f8007400b09e97f71957b43838a9b772bc0a5ec2a77a47dea5c5268cfa3	False	10691	48	cross_target_generality_only_not_same_target_replication
C1QTNF4	199	48	False	False	False	ineligible	b43b35334cab44e3eaef021acd6fa26b048211e34a6c372e8eed30fabdc664cd	False	10691	48	cross_target_generality_only_not_same_target_replication
C1orf109	240	48	True	False	True	Q4	ce656064e24c60565165089eda0eb98f6b54ea300854a6513a0fcdeea05c0584	False	10691	48	cross_target_generality_only_not_same_target_replication
C6orf15	164	46	False	False	False	ineligible	3325859c2faa8502a19827ad5f64236fbcbbf91b13f40b85f4def860a13f8df6	False	10691	48	cross_target_generality_only_not_same_target_replication
C7orf26	86	37	True	False	False	ineligible	8a358b96d09d59e3fd91761b35acae366222b0d9f901629cb90a575157a40da1	False	10691	48	cross_target_generality_only_not_same_target_replication
C7orf50	93	39	True	False	False	ineligible	20f2bcf28e71ee452dbe11a0b4905adc0dcb82fdf60198e9fdc23cf834e4c15b	False	10691	48	cross_target_generality_only_not_same_target_replication
C9orf16	212	48	True	False	True	Q3	06bb72680275d29db028e358b91f90c2abf678c9ed88c2c78c0ca625e6462a26	False	10691	48	cross_target_generality_only_not_same_target_replication
C9orf78	201	47	True	False	True	Q3	f3007ca21ab4a892fcf26e9ef9b39c446186f3a29a9741d86f2719bb9b348bd1	False	10691	48	cross_target_generality_only_not_same_target_replication
CA5A	190	47	False	False	False	ineligible	8cfb34dc932a828f9dd2a819926c9f823b61441c948a958fcff1f902f44b623d	False	10691	48	cross_target_generality_only_not_same_target_replication
CACNB3	316	48	False	False	False	ineligible	ac032c417bb4b59fcd5151c54016d76e332db14c858772aab5fc74dbfe8c14b6	False	10691	48	cross_target_generality_only_not_same_target_replication
CACTIN	60	36	True	False	False	ineligible	7fd7609478db78241b83c9cf68abde811c39a59176f841808c1a04426d91003f	False	10691	48	cross_target_generality_only_not_same_target_replication
CADM4	381	48	False	False	False	ineligible	da442459d6ee350392028950e3bf0eb77e468e498722c9e81021e4d3282060a3	False	10691	48	cross_target_generality_only_not_same_target_replication
CAMLG	99	42	True	False	False	ineligible	3a662290a425d0a08325ea02479d8338d8085ef95eb19cb64896ca454bfc0d63	False	10691	48	cross_target_generality_only_not_same_target_replication
CAP1	26	17	True	False	False	ineligible	1cc39ef5d78225ead16aafa18deffbfda2bb098482dbde57ed241a27552b834d	False	10691	48	cross_target_generality_only_not_same_target_replication
CAPZB	83	38	True	False	False	ineligible	0135def4382fd293e5b3c9a8a13c1ffbf66b8a150791c5cea4e7d0c9b7e7215f	False	10691	48	cross_target_generality_only_not_same_target_replication
CARS	19	17	True	False	False	ineligible	16dec3d2c80db66337a255cbac3995470c4b0ecacdd6caf6dd8273a769ad25ca	False	10691	48	cross_target_generality_only_not_same_target_replication
CASP8AP2	211	47	True	False	True	Q3	0713fd95608fa268efd1d1c6d359253b41d9a05652c4fa969a5d3f1c7f9e73bc	False	10691	48	cross_target_generality_only_not_same_target_replication
CBLL1	102	41	True	False	True	Q1	72113a3a841f78ee4ed1edc1e89a8f7bfb6dd2829e1e149c1118186c6feb2bd1	False	10691	48	cross_target_generality_only_not_same_target_replication
CBLN1	214	48	False	False	False	ineligible	9998f3dd56b0ec3f187d7cc33398c4aaac7fb2ac2f885ee9e7f423db0d5cc5c2	False	10691	48	cross_target_generality_only_not_same_target_replication
CBX1	151	46	True	False	True	Q2	d786136642c94ea815cde0baf8168336685dbbb33c7ab3fd66d9e88a05d04e4d	False	10691	48	cross_target_generality_only_not_same_target_replication
CCAR1	48	31	True	False	False	ineligible	3d2422481d2ca2b2ed1c100e66a2c0e4abf0ec0b2efcf1b2f9a78c000de1cf1c	False	10691	48	cross_target_generality_only_not_same_target_replication
CCDC115	211	48	True	False	True	Q3	3a90762b3a75405e9e6f5bdb1650265e4aa82a73913d67c735362dada07bf62d	False	10691	48	cross_target_generality_only_not_same_target_replication
CCDC130	113	44	True	False	True	Q1	45748f60706e3c4718702163d9f4047dee411401d2e89ac1e243f0368e6b647a	False	10691	48	cross_target_generality_only_not_same_target_replication
CCDC137	198	44	True	False	True	Q3	1b80782de54c9dfc995a464537d57caeff4d6280b9ce110973605819c73f5f15	False	10691	48	cross_target_generality_only_not_same_target_replication
CCDC144A	117	44	False	False	False	ineligible	c5fa677d44e0d7a04b855d378605df10d5bff04cfddd65806c497ab203386720	False	10691	48	cross_target_generality_only_not_same_target_replication
CCDC144NL	87	37	False	False	False	ineligible	b09aac90f81ae3618a5f2c34e938df3e5f46f342b5dd0996d6b4459463a06e6e	False	10691	48	cross_target_generality_only_not_same_target_replication
CCDC174	104	44	True	False	True	Q1	dceb6169bb779c60b80cee7327bd1efd0c85e5fe08cc6bccd5bde553201c753c	False	10691	48	cross_target_generality_only_not_same_target_replication
CCDC59	125	45	True	False	True	Q1	9c8152291df6d64a3dc0e5725bda1a9ed775361b80cde6fef78d406b8a726921	False	10691	48	cross_target_generality_only_not_same_target_replication
CCDC78	142	46	False	False	False	ineligible	9c442cf3544a70c4f2e5ddccfac3b892784aa724b5fa2870443c1d80dca473b3	False	10691	48	cross_target_generality_only_not_same_target_replication
CCDC84	79	38	True	False	False	ineligible	d194fae302b951ec03726abc8d249c87e989f9ec7e54429d5bf2a895fe983a33	False	10691	48	cross_target_generality_only_not_same_target_replication
CCDC86	253	48	True	False	True	Q4	2df04a1d8921d77202c21a205944f620e0313592846d2286fc4748d07e95bd6b	False	10691	48	cross_target_generality_only_not_same_target_replication
CCNA2	24	19	True	False	False	ineligible	f2b779444692ae0215b0bad32188c7dd16666ea8704e61b28e2e868141a685b4	False	10691	48	cross_target_generality_only_not_same_target_replication
CCNB1	158	42	True	False	True	Q2	c61bf56b2a28585d14a59867429cdba05a5cefa5abaf52f5a14a30137e30a596	False	10691	48	cross_target_generality_only_not_same_target_replication
CCND1	146	45	False	False	False	ineligible	8eaffc178a9dfd3c2e0fe3f03d2c67522e7e44e8c982b071719e6f020ccbc641	False	10691	48	cross_target_generality_only_not_same_target_replication
CCNH	79	36	True	False	False	ineligible	3a355f77a4a740299ac84e9d469a56629d5e078ae727b6d34ddc105737daed86	False	10691	48	cross_target_generality_only_not_same_target_replication
CCNK	327	48	True	False	True	Q4	1f5954f0abf31757b4aa62ad280f7615fa286af854478df065ddf3e3210ba598	False	10691	48	cross_target_generality_only_not_same_target_replication
CCNL1	177	47	True	False	True	Q3	e28d913abd9c68ad075c9a1d982d30281691b619d96e37d002958153e42d5ded	False	10691	48	cross_target_generality_only_not_same_target_replication
CCP110	47	34	True	False	False	ineligible	8208cb427be33ebd2551a3c3a034614e92417c3ffe743447d2c82acfd7f8ba11	False	10691	48	cross_target_generality_only_not_same_target_replication
CCT2	199	48	True	False	True	Q3	82bbdab36a9106905151909b19304d2a2d06df34b5e9bbbf5e66c4e800e58d7e	False	10691	48	cross_target_generality_only_not_same_target_replication
CCT3	234	48	True	False	True	Q4	6b42f7c8906f1d19759d4738738ee8cc5b533d767b6934349bd801096e8dd725	False	10691	48	cross_target_generality_only_not_same_target_replication
CCT4	251	48	True	False	True	Q4	28a9059a9e25bd9cfdf701b09c79571a64cc29c9ccb1386a4bcaa1abd6c63b3a	False	10691	48	cross_target_generality_only_not_same_target_replication
CCT5	66	35	True	False	False	ineligible	4044abd8e669dc75db2ccdd2df2ae67875e4bc1f57a38f80ec877a0898016eaf	False	10691	48	cross_target_generality_only_not_same_target_replication
CCT6A	131	45	True	False	True	Q2	903a14bbe20059294cb910cdaf2b45f47c60f29e80bd3473fa13541a26d58753	False	10691	48	cross_target_generality_only_not_same_target_replication
CCT7	152	44	True	False	True	Q2	8d4540b5786ca347f57b6329b0328c8a1677a3ddd29263171664e82b84e5c30d	False	10691	48	cross_target_generality_only_not_same_target_replication
CCT8	111	44	True	False	True	Q1	cb9772d931990e7248db4f1636d816136a0ad34c7c25547dc3d78ee7d24aaa4d	False	10691	48	cross_target_generality_only_not_same_target_replication
CD2BP2	132	44	True	False	True	Q2	74c6750140ee94bcca27cdc11743ea74a793a1d5881759443414582e599a0aad	False	10691	48	cross_target_generality_only_not_same_target_replication
CD3EAP	88	39	True	False	False	ineligible	0a682734643e7225a05f3745f465aa25aff19688ddb25b0a7f83fe27275eda1b	False	10691	48	cross_target_generality_only_not_same_target_replication
CD8B	112	43	False	False	False	ineligible	3798f295365f7083a96732d5cc323f3841683915c682c1f86fdf8143f649adef	False	10691	48	cross_target_generality_only_not_same_target_replication
CDAN1	137	47	False	False	False	ineligible	3819b080d5586b10481ce337b1d385ebf01df3a5512ad457977ac4a641d41712	False	10691	48	cross_target_generality_only_not_same_target_replication
CDC123	112	41	True	False	True	Q1	45d27e0e380ade5f9ccea1fb211ff23c7b7b01afb2580715e033c9d7af3683a1	False	10691	48	cross_target_generality_only_not_same_target_replication
CDC16	165	48	True	False	True	Q3	7069c917034c668b059c71d0cf5a75f8e02efd536584461cd75892e5e6dff667	False	10691	48	cross_target_generality_only_not_same_target_replication
CDC20	115	42	True	False	True	Q1	b1b68234358c99e67c18d53dc2ce0aa58a50c803574082ec66dab6997e20f8a2	False	10691	48	cross_target_generality_only_not_same_target_replication
CDC23	177	48	True	False	True	Q3	66eab7c49bd25e774370cebf8721ce81814c31cda906d22d477d7d6ee302e2c6	False	10691	48	cross_target_generality_only_not_same_target_replication
CDC26	45	32	True	False	False	ineligible	def1c5b45d198ca9bdd687a7ba3541de28452b57b49f1ec44cb2c3b3deed9ef0	False	10691	48	cross_target_generality_only_not_same_target_replication
CDC27	366	48	True	False	True	Q4	ad0282da7107d422f627bab463f50762d63a8d3bd803b75cbe0311a72b059839	False	10691	48	cross_target_generality_only_not_same_target_replication
CDC37	174	46	True	False	True	Q3	66decf58171bf38611c4a930ca9a4c445bf77dc32e4e2d84666ff8eec4a616be	False	10691	48	cross_target_generality_only_not_same_target_replication
CDC40	107	43	True	False	True	Q1	3985eeee3bb6904cd19039702ed832c7c870db4b489bc7183766e96ec50fb25d	False	10691	48	cross_target_generality_only_not_same_target_replication
CDC42	70	35	True	False	False	ineligible	3d4e146176785ce5804da9f5c0426119591640c7a738d03ce07139ef8949435a	False	10691	48	cross_target_generality_only_not_same_target_replication
CDC45	92	40	True	False	False	ineligible	dd1e33acf582c9c13f9df48ed3296f3b560e995d69586afd48df9516bf0a679d	False	10691	48	cross_target_generality_only_not_same_target_replication
CDC5L	99	43	True	False	False	ineligible	74b5071e31d829b688b2258652cb06d03af8aba162000890b4c44febb69d8d20	False	10691	48	cross_target_generality_only_not_same_target_replication
CDC6	192	47	True	False	True	Q3	1e90851d8c94a6098bc1ce555762805e7c7c31f7ce5ac5e63a49d4abb0aec997	False	10691	48	cross_target_generality_only_not_same_target_replication
CDC7	95	42	True	False	False	ineligible	0a032296c0db9a6259e37e15f7a63323c7864672dc2ce94958a1dc13235f1765	False	10691	48	cross_target_generality_only_not_same_target_replication
CDC73	171	48	True	False	True	Q3	c86ab3d584c7e1fe145d7cc516311683f8a25e8e8e79eac392543f9511ebbe01	False	10691	48	cross_target_generality_only_not_same_target_replication
CDCA5	61	36	True	False	False	ineligible	275dab85b1cdf75cf121d4edfee981a094c7b6b0d53d15ee8e43bdef129668fe	False	10691	48	cross_target_generality_only_not_same_target_replication
CDCA8	82	37	True	False	False	ineligible	3a6740755c6a4770ed2e383bf98172502d358ef4d31cedff0e15a56408734f73	False	10691	48	cross_target_generality_only_not_same_target_replication
CDIPT	247	48	True	False	True	Q4	2f4090ce34b8b9edf529916af8707a69026da4632511da3b2a8b8b0086599353	False	10691	48	cross_target_generality_only_not_same_target_replication
CDK1	347	48	True	False	True	Q4	b93ca183afa6f8181e4736dbfd48687aa68a9152f12f68c4f21cceefd34a16ea	False	10691	48	cross_target_generality_only_not_same_target_replication
CDK11A	269	48	True	False	True	Q4	c98701978025ca1fde8de0a00b05b5a26153d6f0c1965d679da687fc63693cac	False	10691	48	cross_target_generality_only_not_same_target_replication
CDK2	105	44	True	False	True	Q1	e044bb4eb1fddbab6d61c619b9426c3b80db4c63f9b3b1cfb3e3efe35d39e61e	False	10691	48	cross_target_generality_only_not_same_target_replication
CDK7	18	16	True	False	False	ineligible	b498002b00156f139b7f36fbf9858b7d7c20203c5154026de2d8a6ea9245805a	False	10691	48	cross_target_generality_only_not_same_target_replication
CDK9	140	46	True	False	True	Q2	a48895f1d2164de802a740ca8db05920d06fc8a920a5d9f91eccde2607e9975a	False	10691	48	cross_target_generality_only_not_same_target_replication
CDT1	28	23	True	False	False	ineligible	3cd441f5b58603899ce28276a05890780bc62b249044e1197867a53e367568c7	False	10691	48	cross_target_generality_only_not_same_target_replication
CEBPZ	113	42	True	False	True	Q1	831bf855bf7e08e0ead32da85f868fce14363f6d57a13e25454cf680775261b0	False	10691	48	cross_target_generality_only_not_same_target_replication
CENPA	76	35	True	False	False	ineligible	a9d71a3ed37e12f30a814dc1911da928666c0ad1f8827541beb4606e186c5191	False	10691	48	cross_target_generality_only_not_same_target_replication
CENPC	124	44	True	False	True	Q1	93188cc2e3be85c8186fdd02529f0447b56e9948914e2cc22d0804827167252b	False	10691	48	cross_target_generality_only_not_same_target_replication
CENPE	177	48	True	False	True	Q3	3d3d3272e6e2e8461f6a5f0cb0c5f87909ddb082fb49ea9f3e5d3d25a26a2383	False	10691	48	cross_target_generality_only_not_same_target_replication
CENPH	63	38	True	False	False	ineligible	837033d851893ab47bb505fd8282324016726dbe3bfa4322167ffd402a4e257f	False	10691	48	cross_target_generality_only_not_same_target_replication
CENPI	42	25	False	False	False	ineligible	96b15e497e62e01e7d0390d2d65738ac4e55c51b80f51a670efe97096c334010	False	10691	48	cross_target_generality_only_not_same_target_replication
CENPJ	282	48	True	False	True	Q4	4b02095a906fe5a8c5de1ebcb9ffd8c9f19dc276feeddaadd1879f2495bb5a78	False	10691	48	cross_target_generality_only_not_same_target_replication
CENPK	97	43	True	False	False	ineligible	d0301930bd17148f3b31fe5cc76215d6461a1a78d1eaeb8f16e6f6713e77a91c	False	10691	48	cross_target_generality_only_not_same_target_replication
CENPN	147	47	True	False	True	Q2	e98f8ebee6fd59f971372341fc1cd96d2211db56244b06b0ef37280fd9275401	False	10691	48	cross_target_generality_only_not_same_target_replication
CENPT	65	34	True	False	False	ineligible	f6dfce3e8d6760b1de51fb8f5d4ae4a76e0ee8c6d1bf46b38697a1124e230d2e	False	10691	48	cross_target_generality_only_not_same_target_replication
CENPW	72	36	True	False	False	ineligible	e18aaf6c3b1b4b6dc8050e69831fa1b665f3adfd1b4bf43d659ac685ae8e2386	False	10691	48	cross_target_generality_only_not_same_target_replication
CEP152	153	44	True	False	True	Q2	53156576395bceb8b6650d983c1ae91ea630f8933142c470a53390f36ce36012	False	10691	48	cross_target_generality_only_not_same_target_replication
CEP192	202	48	True	False	True	Q3	248b12101e130cefbd57644f42c5321104eb451618a4d5bfd4e5e0ce220d89e7	False	10691	48	cross_target_generality_only_not_same_target_replication
CEP68	68	36	True	False	False	ineligible	00bbce624283719b5c90407bd1d246cdc0949b3e4fdd5fc075a5e56001f83080	False	10691	48	cross_target_generality_only_not_same_target_replication
CEP85	129	44	True	False	True	Q2	f90feb3acd8b6bea60190d957d59cd9ee82794b1394652bb7865b0e3e371eeb7	False	10691	48	cross_target_generality_only_not_same_target_replication
CEP97	135	46	True	False	True	Q2	9735d118c749668718cb54f92abbbdd74cbb4556500823fcc6a082ef92ad8bae	False	10691	48	cross_target_generality_only_not_same_target_replication
CFDP1	157	45	True	False	True	Q2	b7231070671980399fba164f36b45f5c2ab1febee3eaaa3fc5a543cb040bfc72	False	10691	48	cross_target_generality_only_not_same_target_replication
CFL1	23	18	True	False	False	ineligible	018ab89cf5e8d152db4d51a60e6feb8d8eb0a5d6c00af7f68dc35e366e8a2993	False	10691	48	cross_target_generality_only_not_same_target_replication
CHAF1A	38	25	True	False	False	ineligible	e86828d04e45176b4e8cea0b312a0480eee3489bf89a3850db27142f1fde05e8	False	10691	48	cross_target_generality_only_not_same_target_replication
CHAF1B	84	41	True	False	False	ineligible	e40bec57012292bb5de2ad335d04dea35acb4c16a96698643233cd27c6f0e8c7	False	10691	48	cross_target_generality_only_not_same_target_replication
CHCHD1	84	42	True	False	False	ineligible	dccca8e8413befa81bed15b980126e528eea5ea9ec8d1f7f061f31699232fed5	False	10691	48	cross_target_generality_only_not_same_target_replication
CHCHD2	90	39	True	False	False	ineligible	bd62f3fdf470706291a34da9224b43a17769c784c2d7a7c0038e86809452930a	False	10691	48	cross_target_generality_only_not_same_target_replication
CHCHD4	140	43	True	False	True	Q2	5a123f1e5471ed6abd2ec300990633797e55cf61e3f0adf6153c2b6d905da24c	False	10691	48	cross_target_generality_only_not_same_target_replication
CHD4	44	29	True	False	False	ineligible	e7bf2e9e2ec155f20f84789cd44662dc19a6a41a9e380b07fd6dfccaf2f72b81	False	10691	48	cross_target_generality_only_not_same_target_replication
CHEK1	295	48	True	False	True	Q4	d08df75f2e6eadf7c3b59b15a7b0d0ecbdd3f2887bdd9e61c36efe525027b749	False	10691	48	cross_target_generality_only_not_same_target_replication
CHERP	67	38	True	False	False	ineligible	7e045bc801fe7942fe08d89a37e7584718c11243f14de8288ec4b536155f8064	False	10691	48	cross_target_generality_only_not_same_target_replication
CHMP1A	78	41	True	False	False	ineligible	d52dd5e4cf6c97aace4de8f7f2113b518ff9a5383dee846fa7097e98d9234b70	False	10691	48	cross_target_generality_only_not_same_target_replication
CHMP2A	93	41	True	False	False	ineligible	306a04d9d276bf41756ac22ccf43474d3f4d8d0c4816e844997bff84ab3f5472	False	10691	48	cross_target_generality_only_not_same_target_replication
CHMP3	130	44	True	False	True	Q2	a6ad271f0814bdde70403e28ee9935e65bf3c4750fb58d64eb84e06810874cac	False	10691	48	cross_target_generality_only_not_same_target_replication
CHMP4B	71	39	True	False	False	ineligible	7fd9538694f3bf6950033e73079ad6003b705dda8b15dbf6ba349d5b89be2e45	False	10691	48	cross_target_generality_only_not_same_target_replication
CHMP5	110	38	True	False	True	Q1	782bfe9a4fc6f3de39a303f226c46a29a4317d9c0413adf1180fabc9c79731c9	False	10691	48	cross_target_generality_only_not_same_target_replication
CHMP6	624	48	True	False	True	Q4	0bcab08665164f603b44cc5e9ff87572a90595d0f8b0818e3c01fd69e9aac973	False	10691	48	cross_target_generality_only_not_same_target_replication
CHMP7	240	47	True	False	True	Q4	32711b7fdc7e3d9bbdab3f789464640716c92068edf4b7aef403cf2831738789	False	10691	48	cross_target_generality_only_not_same_target_replication
CHORDC1	259	48	True	False	True	Q4	1fb2252536418b75968f920a1c0fee88fa3235d467876152e244718f1273f471	False	10691	48	cross_target_generality_only_not_same_target_replication
CHTF18	97	43	True	False	False	ineligible	bea81ab875b8fc80e15770a4df365bdf8b4da4075cc5bfb06823686e1ca1b2d4	False	10691	48	cross_target_generality_only_not_same_target_replication
CHTF8	45	27	False	False	False	ineligible	16eeb7ccd907de39f3cc94e6283fdd348aed853652fe861f68c8ebd08ab5cd4c	False	10691	48	cross_target_generality_only_not_same_target_replication
CHTOP	149	42	True	False	True	Q2	8baef7706de8b4692b091848fb25c1480b620783dadb88a74e135fbba94cf480	False	10691	48	cross_target_generality_only_not_same_target_replication
CIAO1	255	48	True	False	True	Q4	0f28841c41ae733d6e7a29ec96b837c9d658bc6993966a3b7ff55e875f6a47ca	False	10691	48	cross_target_generality_only_not_same_target_replication
CIAPIN1	151	44	True	False	True	Q2	81a078ca707f11cd687c71a781557b549a1e6ed5f25f3a836e79109037321c1f	False	10691	48	cross_target_generality_only_not_same_target_replication
CINP	78	39	True	False	False	ineligible	8e84e2572a0187db170ac70a81a3f3be7fb857d1387feb6664ffb6254f3fd19a	False	10691	48	cross_target_generality_only_not_same_target_replication
CKAP5	315	48	True	False	True	Q4	5adbd3f23aa8041cfdeb73ac6cef3ea023a8ae97cc3a30d0c9146ca2defb15d3	False	10691	48	cross_target_generality_only_not_same_target_replication
CLASRP	127	44	True	False	True	Q1	1215149cbe289893663f2c835a3fe960a8454a8305020198a3e11a22a5cc2160	False	10691	48	cross_target_generality_only_not_same_target_replication
CLCC1	47	31	True	False	False	ineligible	ae03e1e5ad64a44e759e7fbd7026349e5bbaca8396625e3fc9d48203395804f1	False	10691	48	cross_target_generality_only_not_same_target_replication
CLK2	88	39	True	False	False	ineligible	debcc4f9d5b1dcb7717ba50e1bc787d582b4621320571d59ebf256adf82ee546	False	10691	48	cross_target_generality_only_not_same_target_replication
CLNS1A	53	37	True	False	False	ineligible	b4e1369609e86d0127440d305d4b496b9c9a2fdf1a40517632dc6096847fc2be	False	10691	48	cross_target_generality_only_not_same_target_replication
CLP1	55	33	True	False	False	ineligible	ffafc4d2df9c40f1cacede3d2d57238e872d5fd7d9d4a6edd4c03b982c3c2fe0	False	10691	48	cross_target_generality_only_not_same_target_replication
CLSPN	134	45	True	False	True	Q2	25007e77940363906f5f5c27453d74fdc8fc0f5472c48e5989afab68e201ddff	False	10691	48	cross_target_generality_only_not_same_target_replication
CLTC	157	44	True	False	True	Q2	8f79d63cfe95368febd4d840e8bf853b0fcc66906058750d682cb8ad81485819	False	10691	48	cross_target_generality_only_not_same_target_replication
CMPK1	173	45	True	False	True	Q3	badb6cb8d419c0cad62108b886402a062115cd310d607bf859ad4cb924745f90	False	10691	48	cross_target_generality_only_not_same_target_replication
CMTR1	145	44	True	False	True	Q2	498ab9ada8e0718c56fcd5a84ccf4523e7359dac6dbbaed520daf6eab92f0d4c	False	10691	48	cross_target_generality_only_not_same_target_replication
CNIH4	67	32	True	False	False	ineligible	01b10c24090e7b01683611ffddb31935ff2164d149ad9a0ba95cbc9c70c7c4da	False	10691	48	cross_target_generality_only_not_same_target_replication
CNN2	197	47	True	False	True	Q3	a9a535e922a58eed5ccd309b5ce898855ecea5842741006c9df1e559b5b2a374	False	10691	48	cross_target_generality_only_not_same_target_replication
CNOT1	269	48	True	False	True	Q4	2b7e5700f3b8c44be016ce562dd138b7660b4a42a0c9b4135dbd4381d5479a0e	False	10691	48	cross_target_generality_only_not_same_target_replication
CNOT2	84	36	True	False	False	ineligible	1858fa1e31443b9cbef413ff3d97fb153764901f350feaf5161fdeb7e86b9630	False	10691	48	cross_target_generality_only_not_same_target_replication
CNOT3	332	48	True	False	True	Q4	90bbe8b70c7ab0bcbf47d9c968be39ebbb187e44c868888cbed4cfd5f6a7b86b	False	10691	48	cross_target_generality_only_not_same_target_replication
COA5	175	47	True	False	True	Q3	a284a37120da043ee7cbbfd2a7d33ad0ce0cf3101adedca8a57ccc9d2bb43419	False	10691	48	cross_target_generality_only_not_same_target_replication
COASY	247	48	True	False	True	Q4	b1fdf737a01bbd697eb003b7a00b0ba70b9775c5c8b0bb0fe51e74dc27594e65	False	10691	48	cross_target_generality_only_not_same_target_replication
COG1	40	27	True	False	False	ineligible	2748ef06b333acc540d133c87f0ee12fb934bde8f2389a104eeb7de076fb8bb8	False	10691	48	cross_target_generality_only_not_same_target_replication
COG2	343	48	True	False	True	Q4	ad3197b1e26e655c6279a4652cd41cf32adca1e116905ec84d7750bf4707b8d1	False	10691	48	cross_target_generality_only_not_same_target_replication
COG3	56	33	True	False	False	ineligible	8c228ae0bdaa5accc6e1e244aea1a0d7b0a9cb660f81e0563a895b6a34f45818	False	10691	48	cross_target_generality_only_not_same_target_replication
COG4	129	46	True	False	True	Q2	ceafc24728485cfabbfa7ed4caff2b88e32bab15b04c4a24a9f636c245462f82	False	10691	48	cross_target_generality_only_not_same_target_replication
COG6	183	48	True	False	True	Q3	588f74fab3b3b2ddce0f4064362101af2a89364f83e39daa7ac45b9acba0ab22	False	10691	48	cross_target_generality_only_not_same_target_replication
COG8	47	31	True	False	False	ineligible	9877005a4570c1b7bf32bed1900b791bc49c6abaa04716ba8b8d077126c41344	False	10691	48	cross_target_generality_only_not_same_target_replication
COPA	243	48	True	False	True	Q4	9295840feb7852c01ed192f5f8a8e9bdebcdcb0dd3ab7c46b99d8f0ee125cddc	False	10691	48	cross_target_generality_only_not_same_target_replication
COPB1	91	37	True	False	False	ineligible	a89632d26341557f0a10b287cb433c1e1fb86638801f4d3bd34c20417ed9e609	False	10691	48	cross_target_generality_only_not_same_target_replication
COPB2	129	45	True	False	True	Q2	5ea285877f217667b470a19ab5dd0293d8c0650df6cc907f9dda30950d8259c4	False	10691	48	cross_target_generality_only_not_same_target_replication
COPE	143	45	True	False	True	Q2	0df643b5f5248504a0680d18c93336427fefd5a822104cd466f38e67162ba973	False	10691	48	cross_target_generality_only_not_same_target_replication
COPG1	261	48	True	False	True	Q4	11d40cc0dbffd0906513e489b881598836883690fbf937c3740af60bcd120bc8	False	10691	48	cross_target_generality_only_not_same_target_replication
COPS2	47	34	True	False	False	ineligible	f4b1d92beca85d0b5f4475519cc5253a32f38aa97fc43ab25fe5c151a57bec84	False	10691	48	cross_target_generality_only_not_same_target_replication
COPS3	73	37	True	False	False	ineligible	f5f2e37665bb94c4308aac3291b8b2b0d56fbb9b76052deadd72d50c682931ec	False	10691	48	cross_target_generality_only_not_same_target_replication
COPS4	262	47	True	False	True	Q4	1898a17b368cd3a08d913bdc3331123ed9a4285d8e6017994135440a9e69b9b1	False	10691	48	cross_target_generality_only_not_same_target_replication
COPS5	98	41	True	False	False	ineligible	a4019f1918d7c8ba30e21165a3147ac3a8f4dd01fbaea247e267faca4a4a797a	False	10691	48	cross_target_generality_only_not_same_target_replication
COPS6	235	48	True	False	True	Q4	ab12b3d43a37f43fd0d4e4565df9ddd5f373d9b4ed875599bb91833d4e17f042	False	10691	48	cross_target_generality_only_not_same_target_replication
COPS8	224	47	True	False	True	Q3	70b1677e5d10962ba94556f5cf60030702218f49528d1f0052d5a219ff3e9431	False	10691	48	cross_target_generality_only_not_same_target_replication
COPZ1	207	47	True	False	True	Q3	7349d2248fb52a4d15a0e449b853396eb9163f7cf6de168b032f6047a5bd144d	False	10691	48	cross_target_generality_only_not_same_target_replication
COQ2	67	34	True	False	False	ineligible	823841ac9b9558078030223de1117f73bdfcecb4a8d673a5c814cbffe1cdd5f8	False	10691	48	cross_target_generality_only_not_same_target_replication
COQ4	162	47	True	False	True	Q2	57f2fa5e05031a8761d3cfe27d14a6dae4ebab0c37e4b124c544d5d0722f19e4	False	10691	48	cross_target_generality_only_not_same_target_replication
COQ5	113	44	True	False	True	Q1	4d28929b48b4de71c882b6279087c97463bfe0ae50f3c085ad3891e14eba97ac	False	10691	48	cross_target_generality_only_not_same_target_replication
COX10	94	39	True	False	False	ineligible	2ea7328c1ab04d6bfbc3d4902063d141dc931920faf01e1cd4adfe954258dc56	False	10691	48	cross_target_generality_only_not_same_target_replication
COX11	109	44	True	False	True	Q1	787446b12312f1f8d01bb5d0e23843d8efb4d35afb2baab9cf2d4293d41781ee	False	10691	48	cross_target_generality_only_not_same_target_replication
COX15	103	44	True	False	True	Q1	b9371415c17130fec4ac4c9dfbac5b32a49773b1c8938f5f24ad8bea83eef4ef	False	10691	48	cross_target_generality_only_not_same_target_replication
COX17	143	44	True	False	True	Q2	d27ef59e2460b7c9914f3b5012c5a9c8ed373d3f4f467046205d0e325bcdc0a1	False	10691	48	cross_target_generality_only_not_same_target_replication
COX5A	85	39	True	False	False	ineligible	a351de96a4521e2713114e869408dfba60ea0cee6a45cd0f6afaafdfe91d75cd	False	10691	48	cross_target_generality_only_not_same_target_replication
COX5B	118	44	True	False	True	Q1	b1a46de925b2cf47ccb6b206c7c7219f289bd28943ba5ca7ad0b7b74a8410c16	False	10691	48	cross_target_generality_only_not_same_target_replication
COX6C	117	47	True	False	True	Q1	4dd27417522d71ee89c1161cf52db1409855ae0c6851b15490aed3c6387a2653	False	10691	48	cross_target_generality_only_not_same_target_replication
COX7B	120	43	True	False	True	Q1	12d71669490850c60056ea6bee790c6c0a9a20336eac48fc3aaa0d8cff3fd225	False	10691	48	cross_target_generality_only_not_same_target_replication
COX7C	165	48	True	False	True	Q3	b348a21d0ead252ef0f4c9a288ef3152112bf7be28fee0e5de7aa2295f2e97bb	False	10691	48	cross_target_generality_only_not_same_target_replication
CPAMD8	233	48	False	False	False	ineligible	e26e6a1e4cc14984d662454209b3b31efc5a1aa47e163ab7d43b8292804b5f8e	False	10691	48	cross_target_generality_only_not_same_target_replication
CPNE7	101	42	True	False	True	Q1	6ee51126f2135fb7e1520b661ccb410c2d571ae689cd29513199145de8d69486	False	10691	48	cross_target_generality_only_not_same_target_replication
CPOX	101	42	True	False	True	Q1	dc8ad3e08d291ab5a2b4306a643d46fc4484d5e3bc1f5d2912a58bf46edc08d4	False	10691	48	cross_target_generality_only_not_same_target_replication
CPSF1	50	31	True	False	False	ineligible	bdf0b1194683788f6bb0b072ab2009e4ecad6adbaa8fe04a70b9192adc394617	False	10691	48	cross_target_generality_only_not_same_target_replication
CPSF2	20	17	True	False	False	ineligible	3925e0692a6a32e92468771d03e1a2e45525eca1ab9d3558a6f3ad12169775f0	False	10691	48	cross_target_generality_only_not_same_target_replication
CPSF3	627	48	True	False	True	Q4	50437b5d3a25d5d998e9f67c045043f5862e2130305cf21bc9bb69613d9a1367	False	10691	48	cross_target_generality_only_not_same_target_replication
CPSF4	59	32	True	False	False	ineligible	ee2e397aa521ac4bba00a3d91789070a32b4e0fc39dd0b8d151dceb42bedb2d8	False	10691	48	cross_target_generality_only_not_same_target_replication
CPSF6	50	31	True	False	False	ineligible	608e3a3ea372a359716cd68b5f0f630bae910c0fd0899c738995de5800ba2bd8	False	10691	48	cross_target_generality_only_not_same_target_replication
CRCP	160	47	True	False	True	Q2	581411f9b23e279e1f70c966d05fafc6c648eeba820e2f67b45be29d371128f0	False	10691	48	cross_target_generality_only_not_same_target_replication
CRKL	120	47	True	False	True	Q1	8f8fbbacb039d3304f2b131d937760698d38f6993050b68b498cfeaea003ad56	False	10691	48	cross_target_generality_only_not_same_target_replication
CRLS1	111	45	True	False	True	Q1	8c81a26b80e0282b3741c1dc702dbcb6ff5407de4e03c27c9a015b379370cbec	False	10691	48	cross_target_generality_only_not_same_target_replication
CRNKL1	261	48	True	False	True	Q4	39b413d212335cf4b24e4696be10df8df4a40739fafbd40b5430f81989ee4213	False	10691	48	cross_target_generality_only_not_same_target_replication
CS	222	48	True	False	True	Q3	c3c9719a368a5c12988c75f5406a0112e2d21fb17f4d6ae365954733eb063670	False	10691	48	cross_target_generality_only_not_same_target_replication
CSE1L	432	47	True	False	True	Q4	5038d48f10e088b399b5e21cb5f731f5638e95c9b4a8fc6df40fbc1b1fd0a199	False	10691	48	cross_target_generality_only_not_same_target_replication
CSH2	179	46	False	False	False	ineligible	8a655b013005cc2ec42ee80b0ae2181b476ce5486e73af7b3ba4fc6ff6cf6d17	False	10691	48	cross_target_generality_only_not_same_target_replication
CSNK1A1	172	47	True	False	True	Q3	f3fab675d92cd388757946f76f502525b886eac606ce4120fcee9c9cd3a0e5a9	False	10691	48	cross_target_generality_only_not_same_target_replication
CSNK2B	128	44	True	False	True	Q2	0656ab09eb170b2e46657feebad2c44e016ba0cf8388b03b5501398e715c26b3	False	10691	48	cross_target_generality_only_not_same_target_replication
CSTF1	141	44	True	False	True	Q2	0e94d8a2da6ac80d6800eb3af1ed05cc862c9968d29f7cecab1f2ca983ccb5a2	False	10691	48	cross_target_generality_only_not_same_target_replication
CSTF3	66	36	True	False	False	ineligible	2c6a14a0a1611a0c773c7cbea5c5e03a1cf6e1f0ccd1555575980a341464bbdf	False	10691	48	cross_target_generality_only_not_same_target_replication
CTBP2	110	40	False	False	False	ineligible	801bcde9f776a0b9163f6c01e5e08080e5b20a7247274ad893aa77484b055725	False	10691	48	cross_target_generality_only_not_same_target_replication
CTCF	68	39	True	False	False	ineligible	b713ceb0c741f301bcd8a0fcb69ada61482ccf115ffee44b13ab825e839d6809	False	10691	48	cross_target_generality_only_not_same_target_replication
CTDP1	117	43	False	False	False	ineligible	5b3493ab530d881ca0c558cd369f0b83ecbcc76d61583552acbd249ff1400e39	False	10691	48	cross_target_generality_only_not_same_target_replication
CTNNBL1	69	33	True	False	False	ineligible	fc5472a1b1dc651ebc156661c8230cc5c8fc62ab0f5288603a5ff0f630b971d3	False	10691	48	cross_target_generality_only_not_same_target_replication
CTPS1	14	13	True	False	False	ineligible	f73db6db0e6ee7167859b358b122e051a5ba18e25c4117330e11b6d0ff638773	False	10691	48	cross_target_generality_only_not_same_target_replication
CTR9	212	47	True	False	True	Q3	5f2421e767662732ca86e012f8025d4a46a3bdcc8c461c37668af86fdfc7bf77	False	10691	48	cross_target_generality_only_not_same_target_replication
CTU2	114	44	True	False	True	Q1	a88bcae979b3fa68b02e151e563330fe55f7d4df706c661f589c8a1ff203ff69	False	10691	48	cross_target_generality_only_not_same_target_replication
CUL1	223	48	True	False	True	Q3	d23eca316152e43477aa9bbbeb50b1df9a85e0cba1bc0d874c2187e0f221c647	False	10691	48	cross_target_generality_only_not_same_target_replication
CUL2	94	43	True	False	False	ineligible	f1e33d298d129485f95db6ba759809b01e55b1eb7baf69b7d6391304b2b1b4a6	False	10691	48	cross_target_generality_only_not_same_target_replication
CUL3	120	41	True	False	True	Q1	9c7a48cdea295e4db2d1af4af4ce9831324e5bf1f0b9a905331cea44b35519e1	False	10691	48	cross_target_generality_only_not_same_target_replication
CUL7	33	26	False	False	False	ineligible	b109679746a53091b9154570a6cca980820480be734edee0bba950703ac1a4f9	False	10691	48	cross_target_generality_only_not_same_target_replication
CWC15	184	48	True	False	True	Q3	032b3bbbf2233363e6f7768c85f75b424fefcbe6993a44188ae9ec5ce993eb31	True	10691	48	cross_target_generality_only_not_same_target_replication
CWC22	34	23	True	False	False	ineligible	751e0e2af0b6b29390a7672ef58b81972bf683fe28ceae6786297506147dff33	False	10691	48	cross_target_generality_only_not_same_target_replication
CWC25	149	46	True	False	True	Q2	51c95192310a286f0ed1fa7d6788def8abded3747c41900cce0a91f05014f89a	False	10691	48	cross_target_generality_only_not_same_target_replication
CWF19L2	194	48	True	False	True	Q3	24fffeb0acc8dfab25ebc2b43d098583be6d9ac698258ad61a7a633e1bda16a4	False	10691	48	cross_target_generality_only_not_same_target_replication
CXXC1	122	44	True	False	True	Q1	d1723e87292210dace6e9b6d4e5538eb0e816f16bc39f09f2a223a19b0949cf6	False	10691	48	cross_target_generality_only_not_same_target_replication
CYC1	98	45	True	False	False	ineligible	497ece9a67926b4ff6fefe3f847d0747b263ab1b9f71d688a372149f3c0e1ce5	False	10691	48	cross_target_generality_only_not_same_target_replication
CYCS	163	44	True	False	True	Q2	6ecda812f5092918a579e467935ded3916cb3f55d345feaafd0af5793405af66	False	10691	48	cross_target_generality_only_not_same_target_replication
CYFIP1	111	42	True	False	True	Q1	1736df0ce2a0099e498072db997b0b536043ad86dd9913bf1acb5f0f779e0768	False	10691	48	cross_target_generality_only_not_same_target_replication
CYP2A13	140	47	False	False	False	ineligible	9541e47b1e2bb1f6a2a918e722a4541794106bb4b47122b0d9e7b0bf311043b4	False	10691	48	cross_target_generality_only_not_same_target_replication
CYP4F11	120	43	False	False	False	ineligible	ba779a70a39e82277f927a9d6a463d171cf5ee34626521b8470f4f0c4f634b82	False	10691	48	cross_target_generality_only_not_same_target_replication
CYS1	170	46	False	False	False	ineligible	2aa5a0c4b7932e7a138cb05fb7873f6337280d9ae983d32a6e4bc3c549fbbedb	False	10691	48	cross_target_generality_only_not_same_target_replication
DAD1	80	40	True	False	False	ineligible	074ac0ef6299d2915df3cce3dadb6abe3261f33a676ee85ca8e80efa2f32f2cb	False	10691	48	cross_target_generality_only_not_same_target_replication
DAP3	162	46	True	False	True	Q2	97ec02cb5a6dfd7c7b616506c6d5822bb71920a487ef48fd8a7b27488c3e61fa	False	10691	48	cross_target_generality_only_not_same_target_replication
DARS	70	39	True	False	False	ineligible	5c6c20fad9a448cef2b6a78edf2e3e9a0efe8f5860c2ebbba2deb076e0a157fc	False	10691	48	cross_target_generality_only_not_same_target_replication
DBF4	131	44	True	False	True	Q2	d85e2cb7f2c0cb23d9f007da11387f469dd1382aac0b59b1766dc06bfe0484c5	False	10691	48	cross_target_generality_only_not_same_target_replication
DBR1	98	41	True	False	False	ineligible	0aab23cfaa65cf635d41335a5ccc74ed81c164de8a49cd7f749e2af09ef77d60	False	10691	48	cross_target_generality_only_not_same_target_replication
DCAF6	137	45	True	False	True	Q2	74c770fabd65d3b5c2096b0387539000a8ce2beba8b2d248c0e6a86dff174a22	False	10691	48	cross_target_generality_only_not_same_target_replication
DCLRE1B	117	45	True	False	True	Q1	d9a084da90d0164199eeaf3b5c364b713a8c14727d09183b6a9c8ad3c9207de4	False	10691	48	cross_target_generality_only_not_same_target_replication
DCTN1	197	48	True	False	True	Q3	980c4ad03e94c07f84f467e1ffa43c9d478d87f530d9865be58e47bc2a67b96f	False	10691	48	cross_target_generality_only_not_same_target_replication
DCTN2	126	43	True	False	True	Q1	afb0def090d9ee1efefb70846b9d6a3ec22cb5961a752835e90477315d44e062	False	10691	48	cross_target_generality_only_not_same_target_replication
DCTN3	201	46	True	False	True	Q3	c197e10a16c522c3bd275980692b3fbefac9c23bb84178ccf419bd6c490d1543	False	10691	48	cross_target_generality_only_not_same_target_replication
DCTN4	77	38	True	False	False	ineligible	84c6dd8d21d1272ce90e72e5d0fd2262315cd41ce18d46097f931e46f6c485c3	False	10691	48	cross_target_generality_only_not_same_target_replication
DCTN5	141	46	True	False	True	Q2	c73ee7a3f29a61edc10fc6471883d3c5e67aa1567bf9af8b22e548ed86c9d2c5	False	10691	48	cross_target_generality_only_not_same_target_replication
DCTN6	64	35	True	False	False	ineligible	4c4e19b09f2f8340a74eea35afd79f51f8561fe86187f76d12308d66c72905b1	False	10691	48	cross_target_generality_only_not_same_target_replication
DCUN1D5	183	48	True	False	True	Q3	07b40ab1c256a245903e668c9d184566cc218c07f67e61caa15c151ef0999c7e	False	10691	48	cross_target_generality_only_not_same_target_replication
DDB1	177	46	True	False	True	Q3	4f4bf1d0db3023272e623d75a475a99f64c06f674a351430e600d332aff9d73a	False	10691	48	cross_target_generality_only_not_same_target_replication
DDN	249	46	False	False	False	ineligible	4625ccd2bdd9102c288581e053abc51876d09b31af9eee8ced511c7f6854e7f8	False	10691	48	cross_target_generality_only_not_same_target_replication
DDOST	86	40	True	False	False	ineligible	fc7d2e9162d1b93cc85276d1e607d5da64b2fc70c428f004c8081936ebcb192b	False	10691	48	cross_target_generality_only_not_same_target_replication
DDX1	101	44	True	False	True	Q1	ec66a49b8101d0e9b4c05455b16ca3af225e6bf25170b7491ca7c749450ddc61	False	10691	48	cross_target_generality_only_not_same_target_replication
DDX10	104	43	True	False	True	Q1	1fbce8e59804f7cf905de575bbec1129bade64b59a780282c62ac32e8b452ae0	False	10691	48	cross_target_generality_only_not_same_target_replication
DDX11	128	47	True	False	True	Q2	304ca0a14d981e40fc96b6cd8f2dc02f7c7c733e1e02c31928afd6af7900441c	False	10691	48	cross_target_generality_only_not_same_target_replication
DDX18	137	46	True	False	True	Q2	4532d2b747a3bcfed97dd44e64d96cbf4ab3618e5127dcdf6cf5e660588f63f7	False	10691	48	cross_target_generality_only_not_same_target_replication
DDX19A	103	44	True	False	True	Q1	3cd8b71f28aa8ab888648080974c96fc45dadcb2abc5091b3304069d56247deb	False	10691	48	cross_target_generality_only_not_same_target_replication
DDX19B	285	48	True	False	True	Q4	3811cf21eb1cc4203b347197b60c5d5ce3829d0841d058c895653d34e2acf0a6	False	10691	48	cross_target_generality_only_not_same_target_replication
DDX20	114	43	True	False	True	Q1	95d5333693b9495bc3da6b0e359c5e41ae8836a50e25d7418eb7e39d92fdabe0	False	10691	48	cross_target_generality_only_not_same_target_replication
DDX21	90	40	True	False	False	ineligible	21a3484f226fe6c74f5bf1c353b7a53dc6b3e9792bada170b52a397b8b7a8c83	False	10691	48	cross_target_generality_only_not_same_target_replication
DDX23	159	47	True	False	True	Q2	486ba10d0cfbdf71ff34360cc317bd2dde2a3c759a594a63f5426b4fa3a9482a	False	10691	48	cross_target_generality_only_not_same_target_replication
DDX24	286	48	True	False	True	Q4	307868bab8de15485755ae9e2e09d166f815facbdae1643a16bba6bb22372ca9	False	10691	48	cross_target_generality_only_not_same_target_replication
DDX27	49	33	True	False	False	ineligible	e7d78befb721067cdfb67cfd623681dc02600d16da9544de23be3d23aa4a2272	False	10691	48	cross_target_generality_only_not_same_target_replication
DDX3X	29	21	True	False	False	ineligible	937034d82aa32eb64f216e4e2f3caa34ea836bc7683b2d07d70f5f649b037f7c	False	10691	48	cross_target_generality_only_not_same_target_replication
DDX41	292	48	True	False	True	Q4	9e173c64e267108f8539c7f1f5db8560c2f651427dd2c14670221a2ec0620ab8	False	10691	48	cross_target_generality_only_not_same_target_replication
DDX42	44	28	True	False	False	ineligible	725ccf2c523badf7ac095758777f434f16ef885f084608b62c7ea9962338e5c1	False	10691	48	cross_target_generality_only_not_same_target_replication
DDX46	214	48	True	False	True	Q3	0cf794d8c210bc689aada29ce5c4fa3aceca3744203c595fb51818b6e998001c	False	10691	48	cross_target_generality_only_not_same_target_replication
DDX47	313	48	False	False	False	ineligible	90d490b0a234b64133b1abcd3d9e9d454ff7048fe2198ce037ef69e6f0fc984c	False	10691	48	cross_target_generality_only_not_same_target_replication
DDX49	45	29	True	False	False	ineligible	080bcac1b967bf4ca69026ccca096c7f0bcfe36ce43135446e8b4664c19c8907	False	10691	48	cross_target_generality_only_not_same_target_replication
DDX5	151	46	True	False	True	Q2	7ede8beae3c2a363c0914646b857d2ad697d7a75c9952c9bc6c4deb9b46e164e	False	10691	48	cross_target_generality_only_not_same_target_replication
DDX51	128	42	True	False	True	Q2	dc1ac2981008fb9d2a06185b6b14d43c7ea78b209cb584185a9b2e2955e0dc2b	False	10691	48	cross_target_generality_only_not_same_target_replication
DDX52	117	43	True	False	True	Q1	c2ab43a2690797b8d4428909ec0881368ee8a6fdbcbea980c82e465d3466a36d	False	10691	48	cross_target_generality_only_not_same_target_replication
DDX54	95	41	True	False	False	ineligible	bdb35ef1cd1f5e7e3428b587f7ae25ee218e446e3575be7c8b858a79a20fa4fd	False	10691	48	cross_target_generality_only_not_same_target_replication
DDX55	163	43	True	False	True	Q2	690551f66ec7c78e0c880977be179b24dc9e182a027b992c229355fb56a56551	False	10691	48	cross_target_generality_only_not_same_target_replication
DDX56	174	46	True	False	True	Q3	fb304ec2c754d0d252a91d3949f8829ea5de1a7d540f8f89f575066927341454	False	10691	48	cross_target_generality_only_not_same_target_replication
DDX59	154	46	True	False	True	Q2	1e102e27ec3437a4bb0d4ef10c73a1c7236d32ebbabf2cab17ee38a99e2fd399	False	10691	48	cross_target_generality_only_not_same_target_replication
DDX6	76	38	True	False	False	ineligible	f2a591c9bb555b7f55cab29361633394d80979b0afceea8132d221a6f1652b1d	False	10691	48	cross_target_generality_only_not_same_target_replication
DENR	251	47	True	False	True	Q4	1f7f2956306f7e7342b2bd1d4745f43458098ea5ea00c0fc9feab132c617b997	False	10691	48	cross_target_generality_only_not_same_target_replication
DERL2	124	42	True	False	True	Q1	0060d33e2bf12ea5178239a169954937c60fbe25f05ac4127e4d56f0b72e184a	True	10691	48	cross_target_generality_only_not_same_target_replication
DHDDS	96	40	True	False	False	ineligible	3c1bc62ccfaaae6304b01ce805cff116ba8fe8aa9d614e793ea5a750f11f87ff	False	10691	48	cross_target_generality_only_not_same_target_replication
DHFR	125	46	True	False	True	Q1	6c15305b9870409bcb6845a0a35cd76e758be9bbc0400bc1afcbd0981f39720d	False	10691	48	cross_target_generality_only_not_same_target_replication
DHODH	223	46	True	False	True	Q3	070cafd50888f14a1e0addd8120b0f08d0bc68035f36083c77626372f35ba38e	False	10691	48	cross_target_generality_only_not_same_target_replication
DHPS	66	37	True	False	False	ineligible	b389cca19dd25bce1dca7a9e960f8228dd8567235c4a7c99b42afc54999eb6f0	False	10691	48	cross_target_generality_only_not_same_target_replication
DHX15	359	47	True	False	True	Q4	8b33353196cd628fb33fc58cf5417124f74460a72af9429e0fd658ab7f1642b7	False	10691	48	cross_target_generality_only_not_same_target_replication
DHX16	328	48	True	False	True	Q4	a54b9a16ed1782bbd5c5f8d17a6c5c59e4bef1d5782638f5e23ae475d9bb2e9a	False	10691	48	cross_target_generality_only_not_same_target_replication
DHX33	140	45	True	False	True	Q2	77f2c791480d6f903a9d7709c0ad7931d7fbb127c1692e50206788ec034e509e	False	10691	48	cross_target_generality_only_not_same_target_replication
DHX36	269	48	True	False	True	Q4	d29d2e5b72e17f8f13a1f8c64bab8fb70266f5e19eb77bef075e31a8ca0b7cb7	False	10691	48	cross_target_generality_only_not_same_target_replication
DHX37	217	48	True	False	True	Q3	98f7cd3239e49705297aced8f1102a2c4d954faeb421c8196df093ab375f003c	False	10691	48	cross_target_generality_only_not_same_target_replication
DHX8	115	45	True	False	True	Q1	9ae8feb2d391f5775fcd5040fd8158a5df91b69fb9c9608c0e7196da665f6282	False	10691	48	cross_target_generality_only_not_same_target_replication
DHX9	92	43	True	False	False	ineligible	254865703719532bd94e14451ac2beb871a440a7ae56627c479829433b9e25db	False	10691	48	cross_target_generality_only_not_same_target_replication
DICER1	158	46	True	False	True	Q2	0155b4d30b079ab510f59c58556f0ba8acf10cfb34b0ec7503f0cbf085871088	True	10691	48	cross_target_generality_only_not_same_target_replication
DIMT1	94	41	True	False	False	ineligible	ff118de9bf1f660f4ddef476874c006e82bf722b601a0acbfc59e8a4bf805109	False	10691	48	cross_target_generality_only_not_same_target_replication
DIS3	43	26	True	False	False	ineligible	c1b80bd5d85a4b48d520b4e93a9ff671a0a098c230f533a031c0e7d64cb4f792	False	10691	48	cross_target_generality_only_not_same_target_replication
DKC1	66	35	True	False	False	ineligible	35adca232b6f620c3074baabd35fc005a9a78c32202bdf4f97ae62ebac9fb9a2	False	10691	48	cross_target_generality_only_not_same_target_replication
DLD	311	48	True	False	True	Q4	b53b052a4fe1382bb80405d7a1ba25eb50104deffc1a9870af39c18ac86d2350	False	10691	48	cross_target_generality_only_not_same_target_replication
DMAP1	78	36	True	False	False	ineligible	7049cc119840c425f3a533832c9a268d6c099a19ef6e444f564e42e373f60065	False	10691	48	cross_target_generality_only_not_same_target_replication
DMRTA2	107	39	False	False	False	ineligible	d565769bf369beb9a8653516f9670ba5e87ea1d5874a766eb8caec1926569e00	False	10691	48	cross_target_generality_only_not_same_target_replication
DNAJA1	292	47	True	False	True	Q4	431496503ea76c139b35b7e8ad4b05b06163860e41ded77774153d4fbf043196	False	10691	48	cross_target_generality_only_not_same_target_replication
DNAJA3	127	42	True	False	True	Q1	52296cb8dde7cc700004d2b88bb573a55d55caeafd9e4736d537a2bc970ebc77	False	10691	48	cross_target_generality_only_not_same_target_replication
DNAJC11	46	29	True	False	False	ineligible	808416a71d6863fdbfd7a46fe51657a0703718c21b2bfb89b24bb26a5d9de90a	False	10691	48	cross_target_generality_only_not_same_target_replication
DNAJC17	31	24	True	False	False	ineligible	77e48cdaec121e850edcb4f06c42d6b3c7bb2ab7cfd257f378dfce5a546fcc90	False	10691	48	cross_target_generality_only_not_same_target_replication
DNAJC19	398	48	True	False	True	Q4	fea80a739a94db2a601b417bc07c72fa7bfb107610eead9cd87748a9b41165e7	False	10691	48	cross_target_generality_only_not_same_target_replication
DNAJC8	277	48	True	False	True	Q4	f103d309fc516deb3b09e3a655c4a774883f8bfe786e0c283df637e0dde5b8c7	False	10691	48	cross_target_generality_only_not_same_target_replication
DNAJC9	84	38	True	False	False	ineligible	b9ac2b72dd7026c6f54c2f9e1c0955f8b4b1e915fbccd6d722d9652254358c35	False	10691	48	cross_target_generality_only_not_same_target_replication
DNLZ	140	46	False	False	False	ineligible	2b75b026b16898e3e77c561d3e1b316f0bb15e46657222805b05816802183cb0	False	10691	48	cross_target_generality_only_not_same_target_replication
DNM1	146	45	True	False	True	Q2	d15648ed63de0c533341e741bafeb378632552012ee4620d3aa5646f3acf2b1a	False	10691	48	cross_target_generality_only_not_same_target_replication
DNM1L	168	46	True	False	True	Q3	7b9c998014dc3496e0768add4a1b80eb22c6fec24350a87dcb8c25702a342d74	False	10691	48	cross_target_generality_only_not_same_target_replication
DNM2	12	11	True	False	False	ineligible	a36bd141293e3c2260b8e413a264766da4a70bc7e1b7b23dbb41a090aefe910b	False	10691	48	cross_target_generality_only_not_same_target_replication
DNMT1	170	46	True	False	True	Q3	e5151814a51db776db3414e6d0a159d4d1b36aec118841ea39ca9db0ce1ad3ac	False	10691	48	cross_target_generality_only_not_same_target_replication
DNTTIP2	264	48	True	False	True	Q4	0435715557a2328c2491c3aed0e47ea74c94d34092b620f7c5b5e7f6d3bfecd6	True	10691	48	cross_target_generality_only_not_same_target_replication
DOHH	155	48	True	False	True	Q2	fa06868d41e4f6593e9fbfb51e092a3ae1d49491496b1be959c457d34088b98a	False	10691	48	cross_target_generality_only_not_same_target_replication
DOLK	146	47	True	False	True	Q2	2c5f3aa0d11a4a9a0328d801eda80fcd40533b81cd573aec2a299ccd4f1128f5	False	10691	48	cross_target_generality_only_not_same_target_replication
DONSON	745	48	True	False	True	Q4	7478c8a039c6a644bbefdb48f51978d4ce88b088017f2efc902e0e9a955f7a65	False	10691	48	cross_target_generality_only_not_same_target_replication
DPAGT1	135	44	True	False	True	Q2	4c6e84d7cab072cfa95de0ebce981197fca84b981aa4cb7cc9b5ef247118c634	False	10691	48	cross_target_generality_only_not_same_target_replication
DPH1	335	48	False	False	False	ineligible	9ac81c7c42c28a1880147590c311817e6a2f56475b8561f1dc02c10e7d126d99	False	10691	48	cross_target_generality_only_not_same_target_replication
DPH2	164	47	True	False	True	Q2	415d4074df287c333a0b9e210f203e14c9002352378aa2d27f9705aeb4f44db9	False	10691	48	cross_target_generality_only_not_same_target_replication
DPH3	60	31	True	False	False	ineligible	fa000c51cb7011ad435b2fc8670aa23b4e6d0db4912ee0044b1c10103f963e84	False	10691	48	cross_target_generality_only_not_same_target_replication
DPH6	101	40	True	False	True	Q1	6f428c466bdc3e4f75e4ae0724969363e6f9c3a8ce68c1f2c48faba5dcf39cf5	False	10691	48	cross_target_generality_only_not_same_target_replication
DPM2	153	45	True	False	True	Q2	847a1f205e6acebb35d02a2e2cf86baf05793ee806a6de68d62d40ed8f4476dd	False	10691	48	cross_target_generality_only_not_same_target_replication
DPPA2	67	38	False	False	False	ineligible	a7aa969b6a20e65f3f961014ffbc2171c3cf41aa730f36dfd9af5ba66e41dc1c	False	10691	48	cross_target_generality_only_not_same_target_replication
DPY19L2	50	28	False	False	False	ineligible	0bbcfe24da5bd04889fa99189cf653d4cf7e527c6d693ce5204253cd3f038e85	False	10691	48	cross_target_generality_only_not_same_target_replication
DR1	126	45	True	False	True	Q1	2a67cf3b5876bbe176f20745eb129e22b06fe635260122bc5361911c6dbb4d4c	False	10691	48	cross_target_generality_only_not_same_target_replication
DRAP1	227	47	True	False	True	Q4	a48f9cd8e5c666290d9f9623df8acd3ca94d010c5aa7039a7eedfd836fc8e95b	False	10691	48	cross_target_generality_only_not_same_target_replication
DRG1	196	46	True	False	True	Q3	17e01dd70e224126dfce6842e761bf9f43f594a6b1543ed1a280f389a5adab7b	False	10691	48	cross_target_generality_only_not_same_target_replication
DSN1	245	47	True	False	True	Q4	4e5d54b19ad7bfc89a7e90826eed9041b51a4c8e2dfce7d0bf24b18969c3a459	False	10691	48	cross_target_generality_only_not_same_target_replication
DTL	136	46	True	False	True	Q2	e986968b92e30e6363a9a3827bf23c4173d7a58207cbfe82b338786083432bc7	False	10691	48	cross_target_generality_only_not_same_target_replication
DTYMK	121	43	True	False	True	Q1	711c04357944fae8d7814a5053e6ff32801f25ed33b02e95eb300d4196aaf608	False	10691	48	cross_target_generality_only_not_same_target_replication
DUT	49	31	True	False	False	ineligible	e89980892e089bfc88baed8174e17658a4cdd06d9c8de8c88cd5c085c72e75fc	False	10691	48	cross_target_generality_only_not_same_target_replication
DYNC1H1	291	48	True	False	True	Q4	31df3ff85e77d0711ab6f29f27e8ee2434813edfe3c3b019502e9da7ef50ad41	False	10691	48	cross_target_generality_only_not_same_target_replication
DYNC1I2	300	48	True	False	True	Q4	6b4a10f66d892b5f04bdc53b018f329555952d16a06f80179ba93621997593bd	False	10691	48	cross_target_generality_only_not_same_target_replication
DYNLL1	71	35	True	False	False	ineligible	d3c91721d69f6b757f640d5902d650cc3a219cf036bc32716522fe492b5ee48c	False	10691	48	cross_target_generality_only_not_same_target_replication
DYNLRB1	282	48	True	False	True	Q4	5c5eb722e10a672731134a6c846b74c30fa19694d5c28422f5f4e6c16554bf84	False	10691	48	cross_target_generality_only_not_same_target_replication
E2F6	150	46	True	False	True	Q2	5168cd9c30feec027110fd5907d191c769592a69d75c6c4af43d44288a9a835a	False	10691	48	cross_target_generality_only_not_same_target_replication
E4F1	134	44	True	False	True	Q2	298589a138bd19eee39d3bf2efe487b1aebdf6d75aaecd6e82c63adfeac73a75	False	10691	48	cross_target_generality_only_not_same_target_replication
EARS2	192	44	True	False	True	Q3	f3d7c1d2821ab4770fce9e4e6d4d2c625044f5d0c0b409082e22f6aef9500d4a	False	10691	48	cross_target_generality_only_not_same_target_replication
EBNA1BP2	82	37	True	False	False	ineligible	89bcd93274e08428d5e49d68147ad371f1916a1d7d591d3703765939c562ca95	False	10691	48	cross_target_generality_only_not_same_target_replication
ECD	72	38	True	False	False	ineligible	84693ad8b5e1dc14ae5622e7b6b0a44f278198638ca869ca3bbd82f283e1a93f	False	10691	48	cross_target_generality_only_not_same_target_replication
ECT2	55	30	True	False	False	ineligible	0dba5a27487dae937ea62293aba19add78f4e99f50648657b705dea5afc6a84e	False	10691	48	cross_target_generality_only_not_same_target_replication
EDC4	166	47	True	False	True	Q3	339716afe1e1eb56d35c212f3bd4d3837d90940f0c8dfd595b71f00726740663	False	10691	48	cross_target_generality_only_not_same_target_replication
EEF1A1	37	26	True	False	False	ineligible	f8c7d56abfff6af763c08d0720bbea0e5b9ac34c2d9f6a890f7d34e664dc045c	False	10691	48	cross_target_generality_only_not_same_target_replication
EEF1B2	32	21	True	False	False	ineligible	bd2c65a39b41457007898e017dab9d48a847dd53c0a1abca0b43c8d427130f61	False	10691	48	cross_target_generality_only_not_same_target_replication
EEF1G	175	47	True	False	True	Q3	d41096546809674fb0ca8c5852b125148632b0fe9ef14c1a15d22f35656bd45d	False	10691	48	cross_target_generality_only_not_same_target_replication
EEF2	321	48	True	False	True	Q4	c0d59f7b7f0cbda39423eddea74ca05a7afb44fb34fd1b83b48c26727a629dea	False	10691	48	cross_target_generality_only_not_same_target_replication
EFTUD2	127	45	True	False	True	Q1	07b1ff5d88243eb01b6465c91f75f620080c3aa06ad930120ce092e0f9143d95	False	10691	48	cross_target_generality_only_not_same_target_replication
EGLN2	362	47	True	False	True	Q4	d8f8352281d5fa183c761dee3379f82e8964d1ed3407685fc9f7de471f7806eb	False	10691	48	cross_target_generality_only_not_same_target_replication
EIF1	95	42	True	False	False	ineligible	37c083ed3a13c258d8fd13b0b55255dfcba8bcc48ef5a9f94b10d8792632514f	False	10691	48	cross_target_generality_only_not_same_target_replication
EIF1AD	33	26	True	False	False	ineligible	1172c4eb9db60964706e1c64d71889c8391b9c349f7a302cbea538e92bd73215	False	10691	48	cross_target_generality_only_not_same_target_replication
EIF1AX	134	45	True	False	True	Q2	405f69a021ff486ad7393b4c4b3f1ef7bb383e22b777c5ef10251881f3c8e0a6	False	10691	48	cross_target_generality_only_not_same_target_replication
EIF2B1	178	48	True	False	True	Q3	b26b7434b5579d40810be3b7511fc4d8c72d13e17d0f925ff8a55dfd03f167e1	False	10691	48	cross_target_generality_only_not_same_target_replication
EIF2B2	319	48	True	False	True	Q4	06f89477d7759b6e7bf566c33d563af31385046f45e6285caefb6f6d3b94e0bf	False	10691	48	cross_target_generality_only_not_same_target_replication
EIF2B3	104	41	True	False	True	Q1	a205e2b61cd9f9fdd2f079a35e1a44a31e4663f58246c8dd9401508453bd3ed3	False	10691	48	cross_target_generality_only_not_same_target_replication
EIF2B4	324	48	True	False	True	Q4	e0de5d5082ab263b07adff9efa4475d77aae26badbeb781a1ef00b37846fef66	False	10691	48	cross_target_generality_only_not_same_target_replication
EIF2B5	461	48	True	False	True	Q4	885b77118b3122599f278f50efac798096ebe8d640194eff9dec567802a840f6	False	10691	48	cross_target_generality_only_not_same_target_replication
EIF2S1	243	47	True	False	True	Q4	d50a4fb3aa6ca717bce94c7e37be25e88286f067efe21b0a954ba6a2daf74319	False	10691	48	cross_target_generality_only_not_same_target_replication
EIF2S2	120	42	True	False	True	Q1	a90a65d4a8cde0999c740dcea8dcee39643f95b56dffcb6e5303513c78d858ad	False	10691	48	cross_target_generality_only_not_same_target_replication
EIF2S3	57	34	True	False	False	ineligible	d33e67cc76da42dd870421bf02c14d2ebc7c296bc57930b2cb0591d3abe2db04	False	10691	48	cross_target_generality_only_not_same_target_replication
EIF3A	379	48	True	False	True	Q4	233a3ed4e2f5b86fb85acca6599ed8c596fdb366486f33ce2902060abb67a0c1	False	10691	48	cross_target_generality_only_not_same_target_replication
EIF3B	34	24	True	False	False	ineligible	879e6d5a2c63be9a82dbee0045252fdf2a61e0eefbd407d4f02a3b1a49bb7a74	False	10691	48	cross_target_generality_only_not_same_target_replication
EIF3CL	44	33	False	False	False	ineligible	fd321b89f3b95233c7fe7c407a2d7437e7cdeb142f76e439d643f1a5f2eb517d	False	10691	48	cross_target_generality_only_not_same_target_replication
EIF3D	186	47	True	False	True	Q3	016d8794b35c1f528ebed64e1cc0d9e6eedc2b83caa331cd89b27517fbc73b3e	True	10691	48	cross_target_generality_only_not_same_target_replication
EIF3E	232	48	True	False	True	Q4	bb21442beb0c36af51664f9db7e41d398e635cc1351bed854ca19e1cecbd2ae7	False	10691	48	cross_target_generality_only_not_same_target_replication
EIF3F	67	34	True	False	False	ineligible	4aac6b456fc1116d227ed1856e708127d83004c4433c7fc5da00022fb1d32613	False	10691	48	cross_target_generality_only_not_same_target_replication
EIF3G	67	35	True	False	False	ineligible	f1182e2024d116a56e5156253f449345d673c334cba4e3dd7f3a216f230e7729	False	10691	48	cross_target_generality_only_not_same_target_replication
EIF3H	369	48	True	False	True	Q4	ef749d5ffb7f9acaa32b883f8148a65c3178a43260d37d189ea997259d6b6682	False	10691	48	cross_target_generality_only_not_same_target_replication
EIF3I	61	33	True	False	False	ineligible	cc5647095e76375bc324f98854084dd04cb16c8e88e4e20b52a6dd58d1d225ca	False	10691	48	cross_target_generality_only_not_same_target_replication
EIF3J	82	39	True	False	False	ineligible	1a6f7ff50ba0a39ef656620439f85361c5729a87380406988caeaf0ad6cb0a87	False	10691	48	cross_target_generality_only_not_same_target_replication
EIF3L	57	39	True	False	False	ineligible	0870ef9b68045bed4bb3125e0d65fa751029d8934a10a27585f6f6ea887b1e26	False	10691	48	cross_target_generality_only_not_same_target_replication
EIF3M	246	48	True	False	True	Q4	2b2d2b089a2911e79dd062c5c8e492293917b695683b55ee660afa2f903a8cc8	False	10691	48	cross_target_generality_only_not_same_target_replication
EIF4A1	46	31	True	False	False	ineligible	1928779eef4cd7db565db878b0a15f50fe0d34fb605e4c44b22dc4c4b5c5ffd4	False	10691	48	cross_target_generality_only_not_same_target_replication
EIF4A3	7	7	True	False	False	ineligible	d4dfc4cd61ae6f3ba7541cb6c07cebf43a27f28e445712bfee7ddc7e1571b494	False	10691	48	cross_target_generality_only_not_same_target_replication
EIF4B	41	27	True	False	False	ineligible	64b907d3bdb975eeee8e3c823869d913807a5921e6d69c36f3c0839ad4e794ee	False	10691	48	cross_target_generality_only_not_same_target_replication
EIF4E	357	48	True	False	True	Q4	c387d291ef735490ff580247f45502e8ee67d1d8f47182e08901ac23d64f2379	False	10691	48	cross_target_generality_only_not_same_target_replication
EIF4G1	372	48	True	False	True	Q4	5941636a658264bd9dea7e0972d2263edb83c56a9a20bc3e5f6b1d20f9e6afed	False	10691	48	cross_target_generality_only_not_same_target_replication
EIF4G2	342	48	True	False	True	Q4	e05a3ef6150b472a9089e440b3a5c75bfcc1af2203348e1bc94a5c186ca9f049	False	10691	48	cross_target_generality_only_not_same_target_replication
EIF5	175	47	True	False	True	Q3	0b38c0f7f91eaeffb6d896bd8b8110eea86a01d6537761c8b4b764ca980234c9	False	10691	48	cross_target_generality_only_not_same_target_replication
EIF5A	140	44	True	False	True	Q2	7deaded6bafd293bc49a1077e5d25cd91cb5ec4aee76c8a3f7f4d57bc36a4929	False	10691	48	cross_target_generality_only_not_same_target_replication
EIF6	129	45	True	False	True	Q2	e9342197d52feb5a19924ef61cc28e5e61c774ea46cba770e86f417a54cb3997	False	10691	48	cross_target_generality_only_not_same_target_replication
ELAC2	85	44	True	False	False	ineligible	cb26f84068a3c9d109563db662c03bbb5a429755b51b2928a7eabd61e16b4a7e	False	10691	48	cross_target_generality_only_not_same_target_replication
ELL	83	35	True	False	False	ineligible	258f30e1e45ce4c751d8083c5094322a40f64b26fd7795bfc0a95f1964fed3c6	False	10691	48	cross_target_generality_only_not_same_target_replication
ELOVL1	176	46	True	False	True	Q3	3f9656e2df958456b55ebc11dd018beafb8d29d53ba1902d269483b5a2ab1f90	False	10691	48	cross_target_generality_only_not_same_target_replication
ELP2	189	46	True	False	True	Q3	fbd4104a93c2b716b7456f07e30fdd115492bf796ccaa87aaf78aa1715f6291d	False	10691	48	cross_target_generality_only_not_same_target_replication
ELP3	119	43	True	False	True	Q1	7536cee477393715135481de925a45f1d625b2cab87fe8b2bc1775bc0f414d37	False	10691	48	cross_target_generality_only_not_same_target_replication
ELP5	177	47	True	False	True	Q3	bb64accac7d52af37c699afcae88a7b12b6a3be9116a968a5d08b3a4c72b6b8c	False	10691	48	cross_target_generality_only_not_same_target_replication
ELP6	83	43	True	False	False	ineligible	dc5572304ac52695cbe93e11fe3817131257213d5fcec4fe22fb2e7955271e02	False	10691	48	cross_target_generality_only_not_same_target_replication
EMC1	83	40	True	False	False	ineligible	b1014eb4f5b16549b929ed0e326e55be25e16761bfde542eaae82df883e7265c	False	10691	48	cross_target_generality_only_not_same_target_replication
EMC3	195	47	True	False	True	Q3	7bcd51914b9753c6591c3be7e4ee285f0873742f8089706e9023c298b4cf0ae1	False	10691	48	cross_target_generality_only_not_same_target_replication
EMC4	55	35	True	False	False	ineligible	13eb017e6ac5f049b20aafadba353cd141f809c9df1db3d5cbadfe42bb3c13fa	False	10691	48	cross_target_generality_only_not_same_target_replication
EMC7	193	47	True	False	True	Q3	ca27e85155a234c9fadc8b64e1f7319d16cec4f4750401c5ab1db911874aa7fe	False	10691	48	cross_target_generality_only_not_same_target_replication
ENO1	70	40	True	False	False	ineligible	bb41525f675caedcebdb2751d763f223fabe8b7528d9a5ae883b2566cb8b367e	False	10691	48	cross_target_generality_only_not_same_target_replication
EP400	82	39	True	False	False	ineligible	b394ed693b48b07e1654f91fcc5dca9f5587e0641630fe62ed71ef28d413af9f	False	10691	48	cross_target_generality_only_not_same_target_replication
EPRS	79	35	True	False	False	ineligible	bfe6a3d3d46f1a3016ab6adc04dd137e93668a921754571c21a2ff23cf83993b	False	10691	48	cross_target_generality_only_not_same_target_replication
ERAL1	116	45	True	False	True	Q1	5510ebfb4adb99e792751f1ec7891f4976a7a7a9bbb7eadf0cb6bc46e79f106b	False	10691	48	cross_target_generality_only_not_same_target_replication
ERCC2	117	41	True	False	True	Q1	21ed1786f596a4c642a6395d5389c061ffea67140db339984f40beadf153b929	False	10691	48	cross_target_generality_only_not_same_target_replication
ERCC3	163	47	True	False	True	Q2	bb503be663cb904e49a88d2e4354e4ae4b27e609404031acacfbe843b679aaf2	False	10691	48	cross_target_generality_only_not_same_target_replication
ERH	86	39	True	False	False	ineligible	e124848d1169f6c4742711bdd9e1beab92ba13811471222d544354fb77f26d79	False	10691	48	cross_target_generality_only_not_same_target_replication
ERVW-1	175	45	False	False	False	ineligible	e07a2a313c8cf1252676b2652b3063b315ea0655d17bec95074617bb7114ed81	False	10691	48	cross_target_generality_only_not_same_target_replication
ESF1	149	45	True	False	True	Q2	3b17588e41957320a5d3c418d430ddf8fbfc810f22a679928039de26b553c304	False	10691	48	cross_target_generality_only_not_same_target_replication
ESPL1	120	44	True	False	True	Q1	adc5a92acf6a7d0fb0f05256adafe2307321701b86283be257383a198c3e4d1b	False	10691	48	cross_target_generality_only_not_same_target_replication
ESPN	421	48	False	False	False	ineligible	79bf226ed0a7328cad0f70dda02a11b9a11d90333b2c3173fcde2d61f404583c	False	10691	48	cross_target_generality_only_not_same_target_replication
ETF1	52	32	True	False	False	ineligible	a9689d3d80b863f9085d2c4a64568697faeaa3263367b467d51db45a9e07775c	False	10691	48	cross_target_generality_only_not_same_target_replication
EWSR1	48	33	True	False	False	ineligible	7fb6e89e91d4bf8467400c42495e40451b2231bec2dab15a0cf52167420f0cc5	False	10691	48	cross_target_generality_only_not_same_target_replication
EXOC1	182	44	True	False	True	Q3	1aa3deb35ac020c104ebd38ab222608246c7b1eb64bc5fcf3abb692239791836	False	10691	48	cross_target_generality_only_not_same_target_replication
EXOC2	88	41	True	False	False	ineligible	a183bae6d797acd4d23254d4eb01f702c51afbe44002072ee6c757175149bef0	False	10691	48	cross_target_generality_only_not_same_target_replication
EXOC3	247	46	True	False	True	Q4	5ff3283b5089825b7880e01c5d43e64711ae970dd6823fe86d06fab8fcc5aecf	False	10691	48	cross_target_generality_only_not_same_target_replication
EXOC4	108	42	True	False	True	Q1	1410fd2edf8ca73d368a6bb7925dba744934f12640a33087d52a29d92ef388d8	False	10691	48	cross_target_generality_only_not_same_target_replication
EXOC5	110	45	True	False	True	Q1	f4456eabcebfab8e2e630650c357fbafd9f06ca20c316934c38c8da2c4569ef1	False	10691	48	cross_target_generality_only_not_same_target_replication
EXOC7	32	22	True	False	False	ineligible	99196a4cdcd1370a57913e412fd301952938f9b83dabd44886bc9d29bd2f5ab5	False	10691	48	cross_target_generality_only_not_same_target_replication
EXOC8	18	14	True	False	False	ineligible	ee9aecbbaf69dc56c4c5cbeb2a4c8048328f0e8b689a4668a90415b3f78eaa90	False	10691	48	cross_target_generality_only_not_same_target_replication
EXOSC1	77	39	True	False	False	ineligible	b8219e7fa5e94546e499e356c16770bd0c9ae73ef9098690f2283d2bdff7f40a	False	10691	48	cross_target_generality_only_not_same_target_replication
EXOSC10	92	42	True	False	False	ineligible	b278d6508d66df1f5be6ef2ca021c2584698feaf477271ab4e364cf07cad547c	False	10691	48	cross_target_generality_only_not_same_target_replication
EXOSC2	226	48	True	False	True	Q3	737fef52c38e400d7024f3d449f78c4df7acaca548db07235777331b28ee55ce	False	10691	48	cross_target_generality_only_not_same_target_replication
EXOSC3	53	33	True	False	False	ineligible	a56ff8e5f335e5c892663d3cd9e8a0baf3284b4b92e2cb96a5eacad817cf0626	False	10691	48	cross_target_generality_only_not_same_target_replication
EXOSC4	102	45	True	False	True	Q1	21ab653539d45e7b3f29d77177befbc532005d4f6b5246f99ab7387f8e6d3eff	False	10691	48	cross_target_generality_only_not_same_target_replication
EXOSC5	41	25	True	False	False	ineligible	239a4020e5d66de79de096fd47788cc6839a7a227cc564e4e26004f474f9d9b4	False	10691	48	cross_target_generality_only_not_same_target_replication
EXOSC6	75	38	True	False	False	ineligible	2445b5f6fa1d91177004c54cbeb79925646e7462a3a277e28697b09bc37bf8c5	False	10691	48	cross_target_generality_only_not_same_target_replication
EXOSC7	113	47	True	False	True	Q1	9fabd21cec89518b9f86f5874c249bc3c1ab28ea8d294b49d51a0efe64667b6a	False	10691	48	cross_target_generality_only_not_same_target_replication
EXOSC8	126	44	True	False	True	Q1	9b3b4417d6d123a394befeb0a54c8d4d9a46692eb9ee2f12a43bf16c44cd8292	False	10691	48	cross_target_generality_only_not_same_target_replication
EXOSC9	40	29	True	False	False	ineligible	faec96da196130e2791ffa5c50bf499697cb7b98ae5b6c37fbe7e5f4259f8606	False	10691	48	cross_target_generality_only_not_same_target_replication
F8A1	28	21	False	False	False	ineligible	2d75b5dd5766ba117f900aff6a1659885a68262847e5fe7337c795ded2beba38	False	10691	48	cross_target_generality_only_not_same_target_replication
FAF2	165	47	True	False	True	Q3	2a77a60a0abbb52f586c7d5667fa08212ac4ee175b84893784dbc5d034f96a5c	False	10691	48	cross_target_generality_only_not_same_target_replication
FAM133B	25	21	True	False	False	ineligible	f36ef125c954e80f5ca981fc04ce00f607a6765f1859b03354dadabcf1551380	False	10691	48	cross_target_generality_only_not_same_target_replication
FAM136A	50	31	True	False	False	ineligible	5116f4bbfb90f42a6392d6d59f5b7452dbef877dd87e9993cd2f5bcae47e1980	False	10691	48	cross_target_generality_only_not_same_target_replication
FAM207A	103	40	True	False	True	Q1	dc46b43d3a1a8601260b19fb3793aae104ccabcc24111908cd24770a86ed4b10	False	10691	48	cross_target_generality_only_not_same_target_replication
FAM229A	137	46	False	False	False	ineligible	c18e4a3768cfc0a034ef1374023306194cb968fd8cec2b330300b16190af0217	False	10691	48	cross_target_generality_only_not_same_target_replication
FAM32A	396	48	True	False	True	Q4	0c7d44ec8de8ab1ee48c053462d18b0034a5844da6da6ca31f61556e998ed62c	False	10691	48	cross_target_generality_only_not_same_target_replication
FAM50A	38	21	True	False	False	ineligible	4373f6ebbad02a6836627744182a55c10863741861311f77266f8281045563a7	False	10691	48	cross_target_generality_only_not_same_target_replication
FAM72D	120	45	False	False	False	ineligible	27be4f19db24a9ec41a5ef3fac545391339839c0a7f79af64aef8d2d453062b6	False	10691	48	cross_target_generality_only_not_same_target_replication
FARS2	40	26	True	False	False	ineligible	102c99205889a8320c66bcde3dbfbe9bc5c189fd28c602cbcc2878351072ee7a	False	10691	48	cross_target_generality_only_not_same_target_replication
FARSA	138	46	True	False	True	Q2	970d9b4b88ff40e18425bc6aecdf11bdf79ae1d94366cfbb3564878724dffa1b	False	10691	48	cross_target_generality_only_not_same_target_replication
FARSB	97	43	True	False	False	ineligible	146deca395163b236e5414b0bb7b1931a45471dd02ba64fa0676a9388a55cb15	False	10691	48	cross_target_generality_only_not_same_target_replication
FASTKD5	187	48	True	False	True	Q3	2d250420b9fec1e0f1a885b84ff1695f23ad3f14ec4982fadb1130c6226337e9	False	10691	48	cross_target_generality_only_not_same_target_replication
FAU	48	30	True	False	False	ineligible	fe21c84138f559f464ff97bc5d2c4fc5ef142ddae4061e54aab4fd827dfe680d	False	10691	48	cross_target_generality_only_not_same_target_replication
FBL	132	45	True	False	True	Q2	f5809f7d2e9037f2ac8524914edf23a09fe6d555ce20d1a1df79707ad2c4b4f8	False	10691	48	cross_target_generality_only_not_same_target_replication
FBLIM1	133	44	False	False	False	ineligible	4be4a96ad6556e3e8d29c660088e33536e70ffdfc4125bbe63cc83a97cdc08ae	False	10691	48	cross_target_generality_only_not_same_target_replication
FBXO5	326	48	True	False	True	Q4	868d45480d16c0902cee1e86263d6637d54bab1b7ea306c807fb06b8e33cd646	False	10691	48	cross_target_generality_only_not_same_target_replication
FCF1	231	48	True	False	True	Q4	b61033d504a8bcec4aff4ae8b7ee4d3cca0f630fadd8eee1a21fe81904cc5b82	False	10691	48	cross_target_generality_only_not_same_target_replication
FDPS	10	10	True	False	False	ineligible	9091d6482bd499c22d26d07132ca5548dde8c6710330e1f82066054fa63dd504	False	10691	48	cross_target_generality_only_not_same_target_replication
FDXR	140	45	True	False	True	Q2	1e91bf09fd9758a1cab46f629726d643c6f887975f4fc765fa3c1f703fa0015c	False	10691	48	cross_target_generality_only_not_same_target_replication
FEN1	141	44	True	False	True	Q2	832017458fe5ff00e0559076c6482c080a932deafb7e0f07f652c99ef8ceef68	False	10691	48	cross_target_generality_only_not_same_target_replication
FGFR1OP	119	44	True	False	True	Q1	bd1e55b80444a1a0ab3152d9fc35afec4934255e7de76f2534919f93eb7dce8e	False	10691	48	cross_target_generality_only_not_same_target_replication
FIP1L1	21	17	True	False	False	ineligible	6ebdc35fdbaa11a40d543ad6e5f872c0cd59045a1069e8d923a8c9afc29fd5c5	False	10691	48	cross_target_generality_only_not_same_target_replication
FNBP4	160	44	True	False	True	Q2	8f09340056d8b673edbc925d7944de8de36229883977e11171268470f1eae2af	False	10691	48	cross_target_generality_only_not_same_target_replication
FNTA	80	41	True	False	False	ineligible	7ed107cb93e528e00d0231c18524cb98f36023ab6285a4251b0efab95abba37e	False	10691	48	cross_target_generality_only_not_same_target_replication
FNTB	102	47	False	False	False	ineligible	c74cd8d4b727881d0bbcdc102e2b7579f0102c1bf8f6e216f8a161920fc258ec	False	10691	48	cross_target_generality_only_not_same_target_replication
FOLR3	304	48	False	False	False	ineligible	2ece466fed535197e33a61083b5a3e1ae2f1345761ba761270b1fa9e110db5cc	False	10691	48	cross_target_generality_only_not_same_target_replication
FOXD4	94	42	False	False	False	ineligible	87f1fa70317672ef370c3c2add492a21ebd1de500cc065df8b5295811ce15773	False	10691	48	cross_target_generality_only_not_same_target_replication
FOXL2	164	45	True	False	True	Q2	bca91f558d909674e3c3e2e3b65c947787b78ed0ca38a90af1635803e4993b0a	False	10691	48	cross_target_generality_only_not_same_target_replication
FRG2	51	31	False	False	False	ineligible	f4fa898e210b6683d7a62949b5f4384aac5adc9f22a129f9e9c7a3f509765913	False	10691	48	cross_target_generality_only_not_same_target_replication
FTSJ3	207	48	True	False	True	Q3	e1c001b5b7c28c20afa52441546121ed16e1c6e2aa75ca5f1f6e6054f3fc6d30	False	10691	48	cross_target_generality_only_not_same_target_replication
FXN	174	45	True	False	True	Q3	dc9ad96c11343d124d65fe7e90b97c41432578eb2abd0412a0d29c8259e34786	False	10691	48	cross_target_generality_only_not_same_target_replication
GAB2	674	48	True	False	True	Q4	1e319ac825097236500bb1dec1151229638cff5107fc33b1f67d53a1d6bc4578	False	10691	48	cross_target_generality_only_not_same_target_replication
GABPA	110	44	True	False	True	Q1	c73d5cbe32b5307e28004f2d54c0a8df256f35e8c4db158490426246d2373fba	False	10691	48	cross_target_generality_only_not_same_target_replication
GAK	167	48	True	False	True	Q3	6ad33f702f9578effa76a86981ccc6807e2a4207b0fb748082f18db6a59ff593	False	10691	48	cross_target_generality_only_not_same_target_replication
GAPDH	183	46	True	False	True	Q3	bbe908f3dfb737468d5304daf6eb885689dc368d74f9e7e4d449bac5ef6ae31a	False	10691	48	cross_target_generality_only_not_same_target_replication
GAR1	146	44	True	False	True	Q2	f464d3680633c79613b327be4f22745666bd3d24ef8c5f9cf3b7a6a8387a1738	False	10691	48	cross_target_generality_only_not_same_target_replication
GARS	256	48	True	False	True	Q4	2f1fecb8d1e6e2d8c2bf5c2ae4fe1c8c5149b0cafc7c8bc8762ed6a1cf7b0efb	False	10691	48	cross_target_generality_only_not_same_target_replication
GATA1	108	44	True	False	True	Q1	83644b28271cebd33dec776acbf67c7a2b91d5120cfbe7641c4aeaf0c422dcef	False	10691	48	cross_target_generality_only_not_same_target_replication
GBF1	161	46	True	False	True	Q2	71baca9409a498b714bb71cff49c05849821be7277515891ada5f57e119515e5	False	10691	48	cross_target_generality_only_not_same_target_replication
GCOM1	62	30	False	False	False	ineligible	7d17b3f28cea1309d5a9c9cd6e437b43a7819ea9d2156db04c6b66817020664b	False	10691	48	cross_target_generality_only_not_same_target_replication
GEMIN4	81	39	True	False	False	ineligible	e5fb4c0ead1eefb298ed258f3c850ae9051c85fdc531df41dfec99855d5bf0d9	False	10691	48	cross_target_generality_only_not_same_target_replication
GEMIN5	133	44	True	False	True	Q2	e2b06a1a6495535bb6b13fee0979d8311646715889fe3f29b65ef52c8475a876	False	10691	48	cross_target_generality_only_not_same_target_replication
GEMIN6	84	38	True	False	False	ineligible	2d52ef7c6fca7ab01854c001adb2e9f36ebc30f947ab4b7e4271c7d19ace4424	False	10691	48	cross_target_generality_only_not_same_target_replication
GEMIN7	136	44	True	False	True	Q2	eb480e6b345e7bd9c67a65faa52adab2ca1519f2008df6ce98aa88366f79ac96	False	10691	48	cross_target_generality_only_not_same_target_replication
GEMIN8	86	45	True	False	False	ineligible	b19db79f22ab2abfe845ca7518790bc2f4b67192148ed4447a39efea655b7700	False	10691	48	cross_target_generality_only_not_same_target_replication
GET1	73	37	True	False	False	ineligible	e984c4af1e3af9c49cd505b60c0e79e677e0bf5c351cf197bfe981543b8e3344	False	10691	48	cross_target_generality_only_not_same_target_replication
GET3	121	44	True	False	True	Q1	35dcee77df955ffa7963c37b2f47bd5f9a69ce3a1f729ee09c51d3319029dbe3	False	10691	48	cross_target_generality_only_not_same_target_replication
GFER	222	47	True	False	True	Q3	ba56c9ddde911d47512e648319022bae97b69f393c303187bcb34ef8b8fd32f2	False	10691	48	cross_target_generality_only_not_same_target_replication
GFM1	240	47	True	False	True	Q4	29e724c2e5f6f4c6be3a5a66ecb0f8cb8b073a3f1d0203f543112552365659c8	False	10691	48	cross_target_generality_only_not_same_target_replication
GGPS1	167	45	True	False	True	Q3	52b84f8da476853feed0063eeacfa5f6a42d77df4b654ca34eb442f5471da7da	False	10691	48	cross_target_generality_only_not_same_target_replication
GINS1	186	47	True	False	True	Q3	68e0bf4e4aacd230fe898f91ce20cd2373217e87133d5bdf26e333a6a6eef5b5	False	10691	48	cross_target_generality_only_not_same_target_replication
GINS2	148	45	True	False	True	Q2	16903682451a6a975c622964864446296bb6ab4a1bf0eddc1267c18a57b39181	False	10691	48	cross_target_generality_only_not_same_target_replication
GINS3	100	42	True	False	True	Q1	e90a19ec255f80289d38911a660474e190291c4d3e73f336c273fda4a1ef3a5f	False	10691	48	cross_target_generality_only_not_same_target_replication
GINS4	60	34	True	False	False	ineligible	9c3da68b9c48fa1e6c32852b2d70034dadec0802fb59fd8539cd729efaba9792	False	10691	48	cross_target_generality_only_not_same_target_replication
GIT2	107	44	True	False	True	Q1	8be9f3efb2c181c46dce16e584663cd8c9c9c28844ee79085821588fc83b3e9f	False	10691	48	cross_target_generality_only_not_same_target_replication
GJA3	73	35	False	False	False	ineligible	3eaa678d680b638f8978544e3226a1d2f2cbdb3966408abc70eb9b964ad6ee04	False	10691	48	cross_target_generality_only_not_same_target_replication
GLE1	57	34	True	False	False	ineligible	45210c451804febe99f70d2c8c3f679c081ab7ea7cb8992d78e063d3ceefde7f	False	10691	48	cross_target_generality_only_not_same_target_replication
GLI4	156	45	True	False	True	Q2	c6cf6b471828c53dc6d2cbf2a26798960d5351a88746c04463cfdbaab67da994	False	10691	48	cross_target_generality_only_not_same_target_replication
GLMN	79	37	True	False	False	ineligible	14748839c82f4998132d4ac6bdd87f077ea15d34866e8faa53112b4a9e11660f	False	10691	48	cross_target_generality_only_not_same_target_replication
GLRX3	136	47	True	False	True	Q2	e6730f1a119fb4089dd4044b7977fefdf2030f6855143cc5ff80c5e89bfc2839	False	10691	48	cross_target_generality_only_not_same_target_replication
GLRX5	99	41	True	False	False	ineligible	04cbedda045c5ad9329f4a19328076d5298c866cf9e960822ebe8e9536bb6e7f	False	10691	48	cross_target_generality_only_not_same_target_replication
GMPPB	164	48	True	False	True	Q2	9e9408e7a05dd3c1dc99d530e69e09ea6efb95a75ece326dcfc00ac05cd03baf	False	10691	48	cross_target_generality_only_not_same_target_replication
GMPS	123	44	True	False	True	Q1	031045a8537506fc2eac08c98007728a6d289bfbbe9b6df5c171e8c012906091	True	10691	48	cross_target_generality_only_not_same_target_replication
GNB1L	76	36	True	False	False	ineligible	3d6630b6d33a6c3a82e5b52c1a3997821ef18c0e5c0b8aea3bd8c6cafb7ba7a0	False	10691	48	cross_target_generality_only_not_same_target_replication
GNL2	351	48	True	False	True	Q4	dbafcd9029c7d1bb5f63a8f7b30547c2c19aa8caedcc6b6bdc1e9dc35c6c3223	False	10691	48	cross_target_generality_only_not_same_target_replication
GNL3	38	29	True	False	False	ineligible	9b0bc19f9c096e0067ad9ba60d56d7cf74a39c1b89241dc3dd741f24f323af69	False	10691	48	cross_target_generality_only_not_same_target_replication
GNL3L	69	35	True	False	False	ineligible	a13d69e1847709d3d7f7cd5d0b950c3b998082925086a8778cd26dc630305aff	False	10691	48	cross_target_generality_only_not_same_target_replication
GNPNAT1	112	40	True	False	True	Q1	35e0496224fe027a483bef50a0337a8eacc53e06a8dcdcd922dfb8db7a0c7242	False	10691	48	cross_target_generality_only_not_same_target_replication
GOLGA6L1	197	46	False	False	False	ineligible	86b61065642bb5e78f886d6183ed0b50920fa90972c83fa5f4fc6487935da3f7	False	10691	48	cross_target_generality_only_not_same_target_replication
GOLT1B	279	48	True	False	True	Q4	f83848660815909ac39993d59d3f88e4700286970c2a7f3ac0274506379f5ada	False	10691	48	cross_target_generality_only_not_same_target_replication
GON4L	237	48	True	False	True	Q4	93c1fa48253a128b22da0e6fc71341a9d3376b4d0eb21a03e1118dd9e5832aef	False	10691	48	cross_target_generality_only_not_same_target_replication
GOSR2	84	41	True	False	False	ineligible	e01b3d5b7ff7c87c7e76a9c0e6eccc08f6cde8bd944bd3f3679ea9ceebadc4de	False	10691	48	cross_target_generality_only_not_same_target_replication
GPKOW	107	42	True	False	True	Q1	78c0b8a993a9e9b6c537fed527346692a311296121d5c79e0d65ef3b9d89dac6	False	10691	48	cross_target_generality_only_not_same_target_replication
GPN1	86	40	True	False	False	ineligible	02d8b2901c9cbbeecd91a6a5de690fb3e4abb49972b3ba545e83598c972dce91	False	10691	48	cross_target_generality_only_not_same_target_replication
GPN2	44	26	True	False	False	ineligible	da2849b16122db77e8b931d09b9154788750ddd375e57190fdf028f719f9b106	False	10691	48	cross_target_generality_only_not_same_target_replication
GPN3	276	48	True	False	True	Q4	d13648f5fe3c01ddb405ba45ac7dd7c97d124c78b78d39e68883f809df139efe	False	10691	48	cross_target_generality_only_not_same_target_replication
GPR61	112	39	False	False	False	ineligible	3d54d3a2e555e51cf7339d489aa69eb114b3a4ff834a80b9a04bce046f451e7a	False	10691	48	cross_target_generality_only_not_same_target_replication
GPS1	431	48	True	False	True	Q4	1d97ef3549bc4f9619028ee7e07b6de088b2475c39496958da31ce30cfe8899d	False	10691	48	cross_target_generality_only_not_same_target_replication
GRB2	169	46	True	False	True	Q3	94da67c1ceafa099f4aa63ee3021ee10196cce199581e31f9a6556c1b83faa84	False	10691	48	cross_target_generality_only_not_same_target_replication
GRPEL1	123	44	True	False	True	Q1	9903e4c27e1cf040e829a5c3720fc972e628eaa5397e19e7276a879f776f4cd3	False	10691	48	cross_target_generality_only_not_same_target_replication
GRSF1	172	43	True	False	True	Q3	06a1436ff9598533ac837268032811f9cf9bef0006c0cfd3bbc483ce91f2f6c1	False	10691	48	cross_target_generality_only_not_same_target_replication
GRWD1	189	45	True	False	True	Q3	72fddaf3c6c87e4c44af3ad04843f40fdb5f9254a2fb2a4d15cf56dca2d04154	False	10691	48	cross_target_generality_only_not_same_target_replication
GSDMA	110	42	False	False	False	ineligible	7f1369f26dcbc4a3cb5fae5986e528516924c8f74a4cd4ecd001950d68cf8761	False	10691	48	cross_target_generality_only_not_same_target_replication
GSPT1	108	43	True	False	True	Q1	f27b4d661612ec23e7ab34236d6163cee4b0c9380345a8b1f3cb724b931ec105	False	10691	48	cross_target_generality_only_not_same_target_replication
GTF2A1	113	43	True	False	True	Q1	28596ba97595942ff5aec50cc2d1990990f4247beb0978525b7e7771cacba8b2	False	10691	48	cross_target_generality_only_not_same_target_replication
GTF2A2	173	47	True	False	True	Q3	57c8ab39ec620b6258ce335407448dae4c520258747113381cb9b77fc8df4ca7	False	10691	48	cross_target_generality_only_not_same_target_replication
GTF2B	35	27	True	False	False	ineligible	b54b5d2fdf7bf9550445f53b0d608b4a35992821c042c277cd4420e1f9e81300	False	10691	48	cross_target_generality_only_not_same_target_replication
GTF2E1	181	47	True	False	True	Q3	d651ff7d440ecac3e21a806462c828309e3bacc4ff719320f44a2fcc260fe476	False	10691	48	cross_target_generality_only_not_same_target_replication
GTF2E2	70	40	True	False	False	ineligible	03d7bd5cc23fd7b830e1b7cd479c7ddf03568ccfc1d78d68b29365671badcef7	False	10691	48	cross_target_generality_only_not_same_target_replication
GTF2F1	41	28	True	False	False	ineligible	be67245ccb41ab956b6c3b44018a69656ba502671a7fd54d46923979bba49c17	False	10691	48	cross_target_generality_only_not_same_target_replication
GTF2F2	59	34	True	False	False	ineligible	92ba6eedff510b1f58881dc0470e9514b121c4b7b995083ba3e662b1dab4c931	False	10691	48	cross_target_generality_only_not_same_target_replication
GTF2H1	434	48	True	False	True	Q4	9f82e13efa9520449b35554d1e3a4e47a902b5a1a0eff64d0938b7e50d8820b8	False	10691	48	cross_target_generality_only_not_same_target_replication
GTF2H2	156	45	True	False	True	Q2	f17e34eba30905e8f6b86ac11e039c770f6bee73212aead56d3a941da40cb45e	False	10691	48	cross_target_generality_only_not_same_target_replication
GTF2H2C	126	39	True	False	True	Q1	651d882d523ae86d5d5bb7dcbbeb07649b1d97a32ca9fa451f896b27fba0a63c	False	10691	48	cross_target_generality_only_not_same_target_replication
GTF2H3	76	35	True	False	False	ineligible	8e19e704fce073027de2ccabe5a07c4c9ac9bbdf462fc17308c52811abe66fa0	False	10691	48	cross_target_generality_only_not_same_target_replication
GTF2H4	115	45	True	False	True	Q1	b9f30a0bc66ad7594b4935a44fb3b5f00bd9dfdf8e3a7afc1d7150e364870d2d	False	10691	48	cross_target_generality_only_not_same_target_replication
GTF3A	88	45	True	False	False	ineligible	e8b7b9b0a151a09dcc789ab2fc3d71116ffd1499685c2dd9045e0b34c7ea7303	False	10691	48	cross_target_generality_only_not_same_target_replication
GTF3C1	160	46	True	False	True	Q2	188eb51859765219ec1977adaa645f0f5c1f08728ddbaa317c7e8229b6c6791b	False	10691	48	cross_target_generality_only_not_same_target_replication
GTF3C2	114	44	True	False	True	Q1	5c94aeae50d40a46d3094c8d45ecdce2baab96bf91195fb8588a213fbd1e14c7	False	10691	48	cross_target_generality_only_not_same_target_replication
GTF3C3	132	47	True	False	True	Q2	dcc55581a2b3865d396af59a154acd0b31f93e3f317fff11936ecb8063adc060	False	10691	48	cross_target_generality_only_not_same_target_replication
GTF3C4	129	46	True	False	True	Q2	43dd6bdb4b3e6ddf9cfac30b51353330d9b91e770f67a59c1ea319d517f2c981	False	10691	48	cross_target_generality_only_not_same_target_replication
GTF3C5	166	46	True	False	True	Q3	2a5438051aaf60eee919eed1d767abce99eec753bd3069b358ddc79c01a0d9b2	False	10691	48	cross_target_generality_only_not_same_target_replication
GTF3C6	243	48	True	False	True	Q4	6b13da9ef69bd148bb1ba1ed337317052bc37bc0859cf5121e7f5ecf7fe6dd00	False	10691	48	cross_target_generality_only_not_same_target_replication
GTPBP4	71	33	True	False	False	ineligible	a034cc48d42d69763c7b933b670c16ae96bf6da09c2a609f20e217d6162764ba	False	10691	48	cross_target_generality_only_not_same_target_replication
GUCD1	279	48	True	False	True	Q4	bdcd19aac28e339af43d76a0a71b70ff0e60e3a926a256556e68d69616ca9d4b	False	10691	48	cross_target_generality_only_not_same_target_replication
GUK1	118	45	True	False	True	Q1	2b9fd61846d4c6e1ab0f585b564a787710e90d19695f897486cb2cdfd5555dfa	False	10691	48	cross_target_generality_only_not_same_target_replication
H2AFX	139	43	True	False	True	Q2	d78ea497ba0ad4a3fb1f3735350529d50a46819b4254d659a8b5c76144a264bc	False	10691	48	cross_target_generality_only_not_same_target_replication
H2AFZ	106	43	True	False	True	Q1	c5a641bad916fc24bff1ed0621f808c08966e5018131253372b37290ba139d6e	False	10691	48	cross_target_generality_only_not_same_target_replication
H3F3A	237	47	True	False	True	Q4	1917ddfc4edf7703d3032232459fe0b75d5446f2a1aec7895650de36bee5f986	False	10691	48	cross_target_generality_only_not_same_target_replication
HAMP	33	26	False	False	False	ineligible	47c8a6b07195df1c6b3faa359b45a3c2c3eff85571a3c6e64289aa80a22b7d9d	False	10691	48	cross_target_generality_only_not_same_target_replication
HAPLN2	121	44	False	False	False	ineligible	8207c849cbc77dd7a629935dade58e2ef2c1675c7cbf78f0aea47e13983c1ebd	False	10691	48	cross_target_generality_only_not_same_target_replication
HARS	289	48	True	False	True	Q4	63b2def74a7b85bf2b60eda6669bcdb9ccd1f791161beec71d0bcef0545f4513	False	10691	48	cross_target_generality_only_not_same_target_replication
HARS2	62	34	True	False	False	ineligible	53a98c82999841988391f7dd6e8d600f04c4ab395d9340529874b5fcb70fdb66	False	10691	48	cross_target_generality_only_not_same_target_replication
HAUS1	53	32	True	False	False	ineligible	859d18a9e49ebcded452f0cc304609501b0a1aa8c0544acdbb4d06f9d0039ca9	False	10691	48	cross_target_generality_only_not_same_target_replication
HAUS3	164	45	True	False	True	Q2	b59c2f3aed1a6be80342da774594b3cb64265d4ddebc06e6c75c257758acd88f	False	10691	48	cross_target_generality_only_not_same_target_replication
HAUS4	189	47	True	False	True	Q3	6298168fc71150a547871b856faefe84445e02b7d44014d32e3fd915a7351a63	False	10691	48	cross_target_generality_only_not_same_target_replication
HAUS5	160	45	True	False	True	Q2	7dff2f05f7093105090efa7a250957db411f209b03a5975b61ef20fd0588cfa8	False	10691	48	cross_target_generality_only_not_same_target_replication
HAUS6	33	24	True	False	False	ineligible	2ad49f60d02c94df54e459c1fc630c9c0162d756ac19476fcedd1baba811b45f	False	10691	48	cross_target_generality_only_not_same_target_replication
HAUS7	239	47	False	False	False	ineligible	fc94ee349c89f2f37d304791f5120a9d24ee7935de7ff06f332a0fa14ad4083b	False	10691	48	cross_target_generality_only_not_same_target_replication
HAUS8	122	46	True	False	True	Q1	b46880e75d756759bc8fdcb6207ec119cdd08cfa06e113fff3daf30d328b9c00	False	10691	48	cross_target_generality_only_not_same_target_replication
HBS1L	143	47	True	False	True	Q2	f83603c7518f5a6ebf7b31ad64e76109ccf075779f1acbf6c1c19099f386cc08	False	10691	48	cross_target_generality_only_not_same_target_replication
HCFC1	55	32	True	False	False	ineligible	70e5aaf17848e9a29fdb58be2ba26023962b823e6a5d75a92178cf6cc35c9325	False	10691	48	cross_target_generality_only_not_same_target_replication
HCRTR1	116	42	False	False	False	ineligible	bd46c8935333271029ec8757aa03ddb163049a68d77e4a76c1ec057f52135030	False	10691	48	cross_target_generality_only_not_same_target_replication
HDAC3	60	35	True	False	False	ineligible	ec4c56a556de1b1bda794fcc2a927fcd9a4d9abf5d06eb8597be31146f79a0a2	False	10691	48	cross_target_generality_only_not_same_target_replication
HDAC7	171	48	True	False	True	Q3	760ed911d2f5469abb88a6f8a2c43dfa059cbd4c5e053c58638da3ed549cb9c4	False	10691	48	cross_target_generality_only_not_same_target_replication
HEATR1	234	47	True	False	True	Q4	b208d5dbab78de728e2804c39a8532b4248b5b0447cbf40447a89fe609689628	False	10691	48	cross_target_generality_only_not_same_target_replication
HECTD1	130	45	True	False	True	Q2	0043cd438a37b066fa495b15090e617fbdc2e85c62842213027b6395582370ed	True	10691	48	cross_target_generality_only_not_same_target_replication
HGS	99	43	True	False	False	ineligible	fda0ee9ed80469c6fff06b159ba99d67eb8f6bbef3aa1684abdf78a40afd7ebe	False	10691	48	cross_target_generality_only_not_same_target_replication
HINFP	160	48	True	False	True	Q2	c782e141974981cf45b70ec0c9e2cc75868a8a847d420b593eac2eafbf1b16da	False	10691	48	cross_target_generality_only_not_same_target_replication
HIRA	341	48	True	False	True	Q4	2a858f98e4794348958f62b28149adc59047530d4c30f237cc4dfe4c0e2ae989	False	10691	48	cross_target_generality_only_not_same_target_replication
HIST1H2AB	97	44	False	False	False	ineligible	8c6475f9f23a35bd8c0cd7ab8020c32ea870b269467f495742473498d5dd0082	False	10691	48	cross_target_generality_only_not_same_target_replication
HIST1H2AE	123	43	True	False	True	Q1	3e18afd3c8421936c6cbf86458c3e6fa288767642d6e41720414aabf3dd29938	False	10691	48	cross_target_generality_only_not_same_target_replication
HIST1H2AI	56	35	False	False	False	ineligible	5dd064e170d6997c4200824f549ae18492d983f8e879202ef8edd849703bfee4	False	10691	48	cross_target_generality_only_not_same_target_replication
HIST1H2BB	135	45	False	False	False	ineligible	6ee9426e2bef60c820f644e8993c16d78e944139e80d4d756ee23f165272a443	False	10691	48	cross_target_generality_only_not_same_target_replication
HIST1H2BC	64	37	True	False	False	ineligible	e91ff9ef6bedf850311aafe1bd89891e21d77e009574fab4740d5437f92e3a1c	False	10691	48	cross_target_generality_only_not_same_target_replication
HIST1H2BE	55	33	False	False	False	ineligible	ae6a96a9690a6d23bd3bcfa2c10aed4a07efd7d9b6d53201b2f090002d5478fe	False	10691	48	cross_target_generality_only_not_same_target_replication
HIST1H2BJ	43	29	True	False	False	ineligible	2397e7e8e70a15f482dbad03a29c63063a97b19ebe8d01c7669ee622ac2dc70b	False	10691	48	cross_target_generality_only_not_same_target_replication
HIST1H2BL	204	46	False	False	False	ineligible	8a7f1c86223ef0a8fe345d5dc808658a5ef8341392589ef6567fed31ce9e36b6	False	10691	48	cross_target_generality_only_not_same_target_replication
HIST1H2BM	156	46	False	False	False	ineligible	c7d63cba85e3875ec41af81e4336f34173632b77aa2ffe6ce4f0a6e5bee326ba	False	10691	48	cross_target_generality_only_not_same_target_replication
HIST1H2BN	107	43	True	False	True	Q1	a9096a1e2d6fd82beb448208a67726fb475958e90e2a700f1e766ca4eef469a7	False	10691	48	cross_target_generality_only_not_same_target_replication
HIST2H2AA3	67	36	False	False	False	ineligible	dae4a4259828ae7defbdcf84a107699d2f33686240df1d95ca8781c3ba7f59fa	False	10691	48	cross_target_generality_only_not_same_target_replication
HIST2H2AC	73	34	True	False	False	ineligible	05b695ebc2b0e4910eb8e486eb630ecfc3e0cf82483416c4ece2b5ae87cc70f3	False	10691	48	cross_target_generality_only_not_same_target_replication
HIST2H2BE	31	23	False	False	False	ineligible	f1a294ccef5908b11b0508658b30c50eb27a7d8d21e4ef19c5395dd49255d4d9	False	10691	48	cross_target_generality_only_not_same_target_replication
HIST2H2BF	127	44	False	False	False	ineligible	beee4059a4959b6d5ae8ac49819b545402788f95cd244ca8a5061ffe10836145	False	10691	48	cross_target_generality_only_not_same_target_replication
HIST2H3A	79	40	False	False	False	ineligible	dd0a2e40fbdda20a110866389714605ab1658287678c5fb23cb4747a3f06dc4f	False	10691	48	cross_target_generality_only_not_same_target_replication
HIST2H3D	185	47	False	False	False	ineligible	52a53e38e863c713f8d71dd360ad1e9917a1082430eb6384e942520c9dec74f8	False	10691	48	cross_target_generality_only_not_same_target_replication
HJURP	111	42	True	False	True	Q1	d323204ceab172ed26701f8ef2e2a7d6c76b32b7e751caf7585a42255aa0e08c	False	10691	48	cross_target_generality_only_not_same_target_replication
HLA-C	44	28	True	False	False	ineligible	41f24e7c31ba4ff6d7eee9145634917586e87bbdd097f2fef6fe6b7398d76fb1	False	10691	48	cross_target_generality_only_not_same_target_replication
HMGA1	114	44	True	False	True	Q1	b901ac41741fe307b9728d8f780ed9435b6e1e5782cd1c18c11fb2b76f0e4cac	False	10691	48	cross_target_generality_only_not_same_target_replication
HMGB1	241	48	True	False	True	Q4	28fb7d9ad698ff60005aa37a66786087477cdb8645c1b5c88b96d83755458463	False	10691	48	cross_target_generality_only_not_same_target_replication
HMGCR	166	47	True	False	True	Q3	8179807044e3f210f9b1a3b10663c6662e37521745b74e4ce0cde8a6afa72957	False	10691	48	cross_target_generality_only_not_same_target_replication
HMGCS1	230	48	True	False	True	Q4	18513cd39c049fbc05df9af8782e4c9c7ce6ac22ef0969bd2faaae0fd627bb5f	False	10691	48	cross_target_generality_only_not_same_target_replication
HMGN2	107	42	True	False	True	Q1	30d677f52ecffadcfa69cc146e6f03d77dbc28fb4afa1817deb79535448f0885	False	10691	48	cross_target_generality_only_not_same_target_replication
HNRNPC	334	48	True	False	True	Q4	de63af1e73edafc13709a34513336345561253d384c39f08eb2cd6018b965411	False	10691	48	cross_target_generality_only_not_same_target_replication
HNRNPH1	160	45	True	False	True	Q2	36943cfa6fd093ee20cc8f31d13adc57504323d88b3d7ddf99f42b21ac92b0ce	False	10691	48	cross_target_generality_only_not_same_target_replication
HNRNPK	25	19	True	False	False	ineligible	7cac4f0a20b3ac04b6d8d967e7dadd724261f2c942ad87e69058f7d32b54d834	False	10691	48	cross_target_generality_only_not_same_target_replication
HNRNPL	80	36	True	False	False	ineligible	26679cb9d94e31ea62c133bcfdd925b55f3c648601ec0502ad14c3054178931e	False	10691	48	cross_target_generality_only_not_same_target_replication
HNRNPM	258	47	True	False	True	Q4	826b3c24c1b2c44772aba5f7de0600751aecb6f511687c8802bd859f527bf718	False	10691	48	cross_target_generality_only_not_same_target_replication
HNRNPR	149	46	True	False	True	Q2	c0ffcef81fe2ee24e43809facb276b4a824fe19f883b831b9a8cc9796df9138a	False	10691	48	cross_target_generality_only_not_same_target_replication
HNRNPU	93	42	True	False	False	ineligible	bbf8aaa06c6bc6e4fa0777bf22fd3728521fb584817b964a695c5da3a1bbeb73	False	10691	48	cross_target_generality_only_not_same_target_replication
HOXC10	83	37	True	False	False	ineligible	872fc53558b8461b51722a7c998cbc4121dc57de5164f6e9663f49e719efd714	False	10691	48	cross_target_generality_only_not_same_target_replication
HS6ST1	172	46	False	False	False	ineligible	13114c8556713863f079d89e05801e1d7dd5e7de1d7946320bb0e1616410232d	False	10691	48	cross_target_generality_only_not_same_target_replication
HSCB	86	39	True	False	False	ineligible	9848214b94cd1361571bf24ae9117824b94980466f9a04ff939ee9a1c6168b8a	False	10691	48	cross_target_generality_only_not_same_target_replication
HSD17B10	26	22	True	False	False	ineligible	2af72048ececb4bddf1fb68301e39f09e1e7b77e917cd76ba6c0d143ceef74f1	False	10691	48	cross_target_generality_only_not_same_target_replication
HSD17B12	142	45	True	False	True	Q2	16958e79ef1a17a4b43cb876b2d56daf18829490b2b66850769512316a5eeeb4	False	10691	48	cross_target_generality_only_not_same_target_replication
HSF1	131	45	True	False	True	Q2	ade662769d2aeac07fd4a5d569db562bee0a90245b1f468c23b39d95cdebcaea	False	10691	48	cross_target_generality_only_not_same_target_replication
HSP90B1	114	43	True	False	True	Q1	3c6ad95373c5bbe7419d3ef10162272c2eb9ea3612cca5f072c3389cc3122cad	False	10691	48	cross_target_generality_only_not_same_target_replication
HSPA14	120	45	False	False	False	ineligible	df6e3f95700d6a254144453193fbdf9ef3667182bf2ec875684c07ef8cbe184e	False	10691	48	cross_target_generality_only_not_same_target_replication
HSPA5	438	48	True	False	True	Q4	875e7bd0c374a0a8f04110f765bd6abd7b8c65b0faa202380f49e76465721062	False	10691	48	cross_target_generality_only_not_same_target_replication
HSPA8	255	47	True	False	True	Q4	9c7830809ee1e2da4fd7c94becf374cea50017993aa6eaa7845ec2bed72d8ffa	False	10691	48	cross_target_generality_only_not_same_target_replication
HSPA9	420	48	True	False	True	Q4	e4374a3001ca41f5022cf8dbfeb8848945608136cfc564461e81de441bc86f8a	False	10691	48	cross_target_generality_only_not_same_target_replication
HSPD1	145	47	True	False	True	Q2	3e637bd16062b26db5667871fd6de7f6fc10c86a1b217c5bb86a60270a1e614d	False	10691	48	cross_target_generality_only_not_same_target_replication
HSPE1	29	21	True	False	False	ineligible	6897129af0983939ca60dc8deabcddb5893d347fc687cad7d81cf5fabe8a3ec7	False	10691	48	cross_target_generality_only_not_same_target_replication
HTATSF1	96	40	True	False	False	ineligible	6422d0e520c0bc8e80c65424a60e26f9ffa3ed8f19446da01bc89694983deb6a	False	10691	48	cross_target_generality_only_not_same_target_replication
HUS1	201	45	True	False	True	Q3	ac49725db01d24f56aac7af9652a84576f8a4f4d3bb88149bff7e99ed62f9357	False	10691	48	cross_target_generality_only_not_same_target_replication
HUWE1	94	43	True	False	False	ineligible	e71b55c775c3ac690afc7c4b756129cd484a92bc6232b52dde5944676ce986cb	False	10691	48	cross_target_generality_only_not_same_target_replication
HYOU1	37	24	True	False	False	ineligible	870427203cfa312e61d26d45ddee1906a1b7c5fd95c2b2ba94af46135157fb9b	False	10691	48	cross_target_generality_only_not_same_target_replication
HYPK	121	46	False	False	False	ineligible	ad278581347e21aea76bdcef4de77615ac71c62f1ea0fafb1e85886c9bab715e	False	10691	48	cross_target_generality_only_not_same_target_replication
IARS	58	36	True	False	False	ineligible	0f12888ecab2c96bb06b47c26936124e36308f29b19fc3c50c4b288751664441	False	10691	48	cross_target_generality_only_not_same_target_replication
IARS2	216	47	True	False	True	Q3	e2699ea7ac53283a7a2c06f2849176518e3995880daf408206a001f2732932c9	False	10691	48	cross_target_generality_only_not_same_target_replication
ICE1	429	48	True	False	True	Q4	ce898a869025db24312893bd867c2277e4a7ce7601aa13f8e594db39349d3f5d	False	10691	48	cross_target_generality_only_not_same_target_replication
IFITM2	150	46	True	False	True	Q2	5ffc1a84c30cf3829b24c544211e32cb9f018f753ace703fbb75e77822a40ce1	False	10691	48	cross_target_generality_only_not_same_target_replication
IFITM3	20	17	False	False	False	ineligible	5c8120dada420fd6e06c4ba838665e0e6808a97be0ebbadbaa834eae30b547bb	False	10691	48	cross_target_generality_only_not_same_target_replication
IGBP1	281	48	True	False	True	Q4	26e2a230aaaf1a2aa415ee16ccad71337390fbd6afbbc9028d0a205441b23a2e	False	10691	48	cross_target_generality_only_not_same_target_replication
IK	289	48	True	False	True	Q4	a7b6abbe0dfe6cc7999618b392d20e60dfb7529031eb8cb0e38161aeb3fd4142	False	10691	48	cross_target_generality_only_not_same_target_replication
ILF2	56	33	True	False	False	ineligible	ef8ee42d54cb1429c2d3b900642ff109c06f0a4c7a5edeb38ad377805b35ac18	False	10691	48	cross_target_generality_only_not_same_target_replication
ILF3	138	47	True	False	True	Q2	0128a4bfb2a78e3920ed813adbc433f8412399b57006747c8fb1a59c29549468	True	10691	48	cross_target_generality_only_not_same_target_replication
IMP3	27	23	True	False	False	ineligible	830f072d1be812be92cb3a5fdde0c9b93677f2a1da1c670334f32a84370fea34	False	10691	48	cross_target_generality_only_not_same_target_replication
IMP4	164	48	True	False	True	Q2	9434a746f326d11b8b546be0f3874c46706f7174e044143db73d6d74b69c77da	False	10691	48	cross_target_generality_only_not_same_target_replication
IMPDH2	77	40	True	False	False	ineligible	f978cf3412f7cca57c8e400fb4d6eda12d479ae55480c9adf896b7bd24ee2056	False	10691	48	cross_target_generality_only_not_same_target_replication
INCENP	59	30	True	False	False	ineligible	2192246b0f39597638e5f64c53222f01683a75ac02389acf171a2b41fdaacbf9	False	10691	48	cross_target_generality_only_not_same_target_replication
ING3	65	37	True	False	False	ineligible	d4cf564907c18363927aa3d0bd7bccae6a85d2c9f6bb63c9ea7700a36aad93ca	False	10691	48	cross_target_generality_only_not_same_target_replication
INO80	151	47	True	False	True	Q2	3f17df1b910210f2d8b62e93e326117eb4a7860cc2d51812b9e8f732ba94accf	False	10691	48	cross_target_generality_only_not_same_target_replication
INO80B	116	41	True	False	True	Q1	0ee57d803f251211d3abca41890208be82342570f514900f8187a885eaa677c1	False	10691	48	cross_target_generality_only_not_same_target_replication
INTS1	211	46	True	False	True	Q3	ba1c49597c68507b1aa6e7f863c6d12cfc62ccd9bcf24d0d85c1d1dc7feaf38f	False	10691	48	cross_target_generality_only_not_same_target_replication
INTS2	354	48	True	False	True	Q4	f5ee8f3b2d7a07c4b7859799b24d9f302ced6c9e32f81d7987a22212e4ca7db0	False	10691	48	cross_target_generality_only_not_same_target_replication
INTS3	106	40	True	False	True	Q1	fbbd5c60f69c7ae1e0cd467e3850b4f2b1aed33d1c5c9d9534e668f7dc29c7d7	False	10691	48	cross_target_generality_only_not_same_target_replication
INTS4	48	33	True	False	False	ineligible	6b077ecf5594307b63f3c159aba30f0fdf82847f7489d0865cfa397e7572db68	False	10691	48	cross_target_generality_only_not_same_target_replication
INTS5	64	31	True	False	False	ineligible	04da114e79653e302ae84014322c9ffc80e7b74048fadd44febb2642bd466f09	False	10691	48	cross_target_generality_only_not_same_target_replication
INTS6	146	45	True	False	True	Q2	f60ae1e99d8f0c9b3ad835730fa9cda60f4d786be84f4b96e954d454eb78b3fc	False	10691	48	cross_target_generality_only_not_same_target_replication
INTS7	79	35	True	False	False	ineligible	6e4a94b110942f8cb0fbe39336f5cf2124cf1b5639a98c63ce320040d6287893	False	10691	48	cross_target_generality_only_not_same_target_replication
INTS8	323	48	True	False	True	Q4	fc5b4e455ed63e674e994f0e4c6a2993b411ca55c5f16923ae1acd53a8fa7d32	False	10691	48	cross_target_generality_only_not_same_target_replication
INTS9	229	48	True	False	True	Q4	f3ffc86639c8e76ab0e6d81fb6e87980c4de58636903be18275d937b58ba9520	False	10691	48	cross_target_generality_only_not_same_target_replication
IPO11	72	39	True	False	False	ineligible	780bdde7a912505c3a2a77ebaa88f7ee64d8eeb697a8a9c148b0ede7e1811f36	False	10691	48	cross_target_generality_only_not_same_target_replication
IPO13	51	33	True	False	False	ineligible	6bf1c8070fc856b144ee677b11d912d4b59b218074fe23dd10f83e89590f6145	False	10691	48	cross_target_generality_only_not_same_target_replication
IPO7	75	39	True	False	False	ineligible	9bceb20fb379cd806ad96a6d7b22ba8ecb7c90cd6fae53335dd260a27b437273	False	10691	48	cross_target_generality_only_not_same_target_replication
IPO9	187	46	True	False	True	Q3	1205da2542bd15444d48960ea4de1dd0b38b65d5156e058babcfa243b7cfcc4c	False	10691	48	cross_target_generality_only_not_same_target_replication
ISCA2	232	48	True	False	True	Q4	decb0caeda84989608cb48556080ef0897f1ffeef9db2dae36df3f588cb48c96	False	10691	48	cross_target_generality_only_not_same_target_replication
ISCU	58	35	True	False	False	ineligible	68c5311ddaad0b947039a683a5795a48aa662f1c14f7a01947feaa4fa9b40845	False	10691	48	cross_target_generality_only_not_same_target_replication
ISG20L2	73	38	True	False	False	ineligible	9821bb9b305ebdcaf5b4439c99b389ccb5c47479a266846fe496c9b71f407aed	False	10691	48	cross_target_generality_only_not_same_target_replication
ISY1	30	22	True	False	False	ineligible	1097ac7531619690ec304b2d6ae032a559ead465dddfb471176e26bf284926ca	False	10691	48	cross_target_generality_only_not_same_target_replication
JAZF1	209	48	False	False	False	ineligible	a7e8ecec5d8adbeac6d680be13d3842c0202b732db56794fb00d49afa6d7fbe1	False	10691	48	cross_target_generality_only_not_same_target_replication
JMJD6	193	47	True	False	True	Q3	dc853b3ae9cf0ed858761ac8b426d3e02d6cbc1eb67e9dc37b2a94873e5bb689	False	10691	48	cross_target_generality_only_not_same_target_replication
KANSL1	51	32	True	False	False	ineligible	0f0d8ae0425d30e550815976b000a011f94ca813f92d034aea7bfed589156f7c	False	10691	48	cross_target_generality_only_not_same_target_replication
KANSL2	158	47	True	False	True	Q2	b499e1d725e704a137a38bf4ff90f4f4665b084d1f71806cbd1d623aef122ec5	False	10691	48	cross_target_generality_only_not_same_target_replication
KANSL3	187	47	True	False	True	Q3	a94f41d2ad7823fa292bab4539eb9654e99ce413d58a1ee7e92fc3716ea8caad	False	10691	48	cross_target_generality_only_not_same_target_replication
KARS	59	35	True	False	False	ineligible	d284f72026c912f7625cdf8adfdd882f9a859705eedaebc8c81dbdc2649e49dc	False	10691	48	cross_target_generality_only_not_same_target_replication
KAT5	118	45	True	False	True	Q1	c82370a78434fe5cc95234d89fa10d4a2e15f6c57ab8cb86c63b1cdf59d732b7	False	10691	48	cross_target_generality_only_not_same_target_replication
KAT8	287	47	True	False	True	Q4	b95da2fc494a64908de7658e335b6100085aab1fae3f7dc1d19666fac63291c2	False	10691	48	cross_target_generality_only_not_same_target_replication
KATNB1	178	47	True	False	True	Q3	4ad3e92dc53ce426d3c61d3d1c82d3e1092ca691ef86b32f95adc30986848030	False	10691	48	cross_target_generality_only_not_same_target_replication
KCMF1	154	48	True	False	True	Q2	aed431a1faf502c5f94c0c03e735924c5b9fe30db2abfc5201cf7dc7e9e278c1	False	10691	48	cross_target_generality_only_not_same_target_replication
KCNA10	147	45	False	False	False	ineligible	a88197e9464b160e86cbb8903aa495c3a2ad52f323147970007afaef60621225	False	10691	48	cross_target_generality_only_not_same_target_replication
KCTD10	76	39	True	False	False	ineligible	04610c8e90bbbe3db326df84c71df440dc21d1d937b3ffb6403b98705737b925	False	10691	48	cross_target_generality_only_not_same_target_replication
KDM2A	117	44	True	False	True	Q1	4011b4d21df12db071951fa68dfcd5915bf2622b61001ebda464c03d30b6f1bd	False	10691	48	cross_target_generality_only_not_same_target_replication
KDM8	56	35	False	False	False	ineligible	f370d3d9d47499900be3bdde9febd35b93c4e1007c3f88695ab11c949454372b	False	10691	48	cross_target_generality_only_not_same_target_replication
KIAA1143	198	48	True	False	True	Q3	5e1ab12aae254288b200e18c53c4ce80f34cdd6c6a87a3c232e884d0a7cc4b90	False	10691	48	cross_target_generality_only_not_same_target_replication
KIF11	974	48	True	False	True	Q4	1aeb8d8feaf5df6b70fd8e96a1fe39d869b3626e968667387d295bb2594cf524	False	10691	48	cross_target_generality_only_not_same_target_replication
KIF14	118	41	True	False	True	Q1	9755be253360bee8699fe8042119432879eeb02af40ed2f901db8e66c536b556	False	10691	48	cross_target_generality_only_not_same_target_replication
KIF18A	47	28	True	False	False	ineligible	c44d96acfd5bd3477ed70fc84cec2417d2f05e9084682d6b9fd94d709bfbc358	False	10691	48	cross_target_generality_only_not_same_target_replication
KIF18B	122	43	True	False	True	Q1	bc29e8bb754baa72e18c3672cafd8f30f659d8e33e09156a737fd4f90df05d81	False	10691	48	cross_target_generality_only_not_same_target_replication
KIF20A	96	41	True	False	False	ineligible	bca9d4415aa477b7c2a714519b0df5a90cd4d7606c65e238e3758b8401134213	False	10691	48	cross_target_generality_only_not_same_target_replication
KIF23	87	38	True	False	False	ineligible	78cf2434285d443220e0247687e1663c80bc8b7726337282334f84ebe6101052	False	10691	48	cross_target_generality_only_not_same_target_replication
KIF4A	129	46	True	False	True	Q2	baeac040e80b90885e14dc3ce02104b3c54bc62b20e49bd461413c41d502267c	False	10691	48	cross_target_generality_only_not_same_target_replication
KIN	160	45	True	False	True	Q2	21e64f4ea90c36f6f02176e8905320d54986d0164533af5bd181ec46e203fdee	False	10691	48	cross_target_generality_only_not_same_target_replication
KLC2	127	43	True	False	True	Q1	5eebe33b38f9a076683a10b9a69786657df0b628d4a787c1014745a134bc7272	False	10691	48	cross_target_generality_only_not_same_target_replication
KLF7	173	45	False	False	False	ineligible	01011ff0f6759fcb92982bca22acd7d3ce46b01bf23a246808e4bbf6da1b1516	False	10691	48	cross_target_generality_only_not_same_target_replication
KLHL11	125	44	False	False	False	ineligible	6095e1861d1221fdc5c425d84f321c3c6c4c638d3499564a700850c0eae0163f	False	10691	48	cross_target_generality_only_not_same_target_replication
KPNA6	78	40	True	False	False	ineligible	9dd4f193acf77d93d82e92dcfb9ad867bf27ad48da1a6a077ce60d5259d51137	False	10691	48	cross_target_generality_only_not_same_target_replication
KPNB1	366	48	True	False	True	Q4	adfaa1d784fcb36e2a921f81b05f0aef0e3e0085fca5b3b2b95ab72896d11f4e	False	10691	48	cross_target_generality_only_not_same_target_replication
KRI1	52	32	True	False	False	ineligible	c3875dbdb2d7c837471661d7da9be9838c831a91698847d5177a49b5bd2f3423	False	10691	48	cross_target_generality_only_not_same_target_replication
KRR1	449	47	True	False	True	Q4	55805074666e85fe961436d62d6e9b01766406badde4f9dfc96a4e3801217ecc	False	10691	48	cross_target_generality_only_not_same_target_replication
KRT10	182	47	True	False	True	Q3	1aa3907ea99aed91d8fccd3fbc59c4e2bc79c47bba8ed3fa87e431f60025843a	False	10691	48	cross_target_generality_only_not_same_target_replication
KRT17	85	43	False	False	False	ineligible	8f14cbe360968310a00d2e5787a87ddb5ccae71c65b744430e40e700d697cf4f	False	10691	48	cross_target_generality_only_not_same_target_replication
KRT8	347	48	True	False	True	Q4	663204937f35e6cb08e341401e0ec7063752b49931cd7288ee2d4302e05e105e	False	10691	48	cross_target_generality_only_not_same_target_replication
KRTAP4-2	132	48	False	False	False	ineligible	0b6e94862580dcb000ca9f530534e0a64eae6bb0a410a1a86f4af05adafbd7c2	False	10691	48	cross_target_generality_only_not_same_target_replication
KRTAP4-7	168	46	False	False	False	ineligible	d03754ef813ec11f6505336b912da88622414f566ba0265851380f9b3cd911ea	False	10691	48	cross_target_generality_only_not_same_target_replication
KTI12	52	33	True	False	False	ineligible	06f861a02a5a3cfa1c170d77020663be0b2a669a04e1da61f1a23f305244e555	False	10691	48	cross_target_generality_only_not_same_target_replication
KXD1	101	43	True	False	True	Q1	128beb0596f43d2540465c260908b7848204ab837268f435d0cc2c4570ee7082	False	10691	48	cross_target_generality_only_not_same_target_replication
LAMTOR2	66	34	True	False	False	ineligible	fcf9357207c03e8e66b42a08c3d6a7621edaaa4e24c8da141bebf5a6d7e93367	False	10691	48	cross_target_generality_only_not_same_target_replication
LAMTOR3	40	27	True	False	False	ineligible	67b49c076d4c38a0e60803f901fd0cc8f32ced1f73bbd1898072a68e20f45f08	False	10691	48	cross_target_generality_only_not_same_target_replication
LAMTOR4	136	44	True	False	True	Q2	ba952a9b8eb3fd090ec3a7ee8ce2dee8ee1e014b93fb8636b6a81e8149f5d75e	False	10691	48	cross_target_generality_only_not_same_target_replication
LARS	100	40	True	False	True	Q1	43e737b848a91d6f587b6e71e1d572c24684a826032bd40d58dacb015ce675ea	False	10691	48	cross_target_generality_only_not_same_target_replication
LARS2	149	45	True	False	True	Q2	3662c8fbe344faf2aabcd6559b06ec0db6555c1edaae3a788fe699bea75714b7	False	10691	48	cross_target_generality_only_not_same_target_replication
LAS1L	83	40	True	False	False	ineligible	6edef0a5f7499fda62ca474731e6901d90724f4f1d051f294cbb06d807ef060e	False	10691	48	cross_target_generality_only_not_same_target_replication
LCE1C	157	48	False	False	False	ineligible	9193ea73a52745c06961031a0ddcfcba04b295cea1fc2a2f5865d8a1dcecb26a	False	10691	48	cross_target_generality_only_not_same_target_replication
LCE1E	123	42	False	False	False	ineligible	f74c008ad001d21be28d06175c272e50c18152ff5b59fca17c9cae0e8c634fdf	False	10691	48	cross_target_generality_only_not_same_target_replication
LCN10	81	39	False	False	False	ineligible	cd2a9f6ce1e2687528f1a1ed9f099c182d0491b80a367d5c136c6c64f8104ef7	False	10691	48	cross_target_generality_only_not_same_target_replication
LENG8	121	43	True	False	True	Q1	305074dd6e066e79bd64f6e5b139858be9ad371693effcb48cc2d6dd50fda164	False	10691	48	cross_target_generality_only_not_same_target_replication
LETM1	124	41	True	False	True	Q1	226d20d5c28b02ea5363b8baf34d2721b921860f603767423d3d7dbd1bcd0892	False	10691	48	cross_target_generality_only_not_same_target_replication
LIMS1	287	48	True	False	True	Q4	5182d7a1963c89f406d26805c825e6ccb715c7786164393d100ee11e9dc80b1a	False	10691	48	cross_target_generality_only_not_same_target_replication
LIN52	13	10	False	False	False	ineligible	7bed16d807688e22d58836f22510123dd0600289f01b64aaf8f594620addf9a3	False	10691	48	cross_target_generality_only_not_same_target_replication
LIN54	306	47	True	False	True	Q4	c853c68ed9d7522d3005181af1b7e39a6f6c58e1b7e37d3c9255621092dab85a	False	10691	48	cross_target_generality_only_not_same_target_replication
LONP1	128	42	True	False	True	Q2	c4e9b349922c42c2b1b720424d99dde4f93705544ce29d1d8db231d92b7f574a	False	10691	48	cross_target_generality_only_not_same_target_replication
LPA	119	42	False	False	False	ineligible	b26cdd3c570053357eeb06d968f3ee51958f6adbbf6b5a95bf02b9ec47b0a156	False	10691	48	cross_target_generality_only_not_same_target_replication
LRPPRC	110	43	True	False	True	Q1	cef23bd0cd183c29bc7aa3055a2214c316daca2e44044f66fea61ddd871faefe	False	10691	48	cross_target_generality_only_not_same_target_replication
LRR1	122	40	True	False	True	Q1	214382886b383c1eb9fb7f759a1de44ac122d5c6e7bc42a706dd78c313d735af	False	10691	48	cross_target_generality_only_not_same_target_replication
LRRC37A3	114	46	False	False	False	ineligible	545330877f75958bd77b8daa8b314e500d216fdb84782ecf19417cad29535edf	False	10691	48	cross_target_generality_only_not_same_target_replication
LRRC37B	109	43	False	False	False	ineligible	7acf15e2b6f1d66ab954d2fb9dcdd9a091b8b9e7c04e6eabef483d6b0259dc06	False	10691	48	cross_target_generality_only_not_same_target_replication
LSG1	116	45	True	False	True	Q1	adbab6f8bb9bfe5e9ac8bb6e34dbad09d4ce3ca1c4d476fa40144c6a09f5c36e	False	10691	48	cross_target_generality_only_not_same_target_replication
LSM10	135	44	True	False	True	Q2	ac8c8fb86c1fad1f13c1ec9ef78ed5a533a712b22672da330060d1476fe85b73	False	10691	48	cross_target_generality_only_not_same_target_replication
LSM11	130	41	False	False	False	ineligible	216fa53c5770585d6c060327cf993381dfcb09a5076235c44187ed0dc739ffba	False	10691	48	cross_target_generality_only_not_same_target_replication
LSM12	63	36	True	False	False	ineligible	34e7d5325c0eed0317ad5c801acd8bb7aa153d4ed6dac86aea0d12d64c91d44f	False	10691	48	cross_target_generality_only_not_same_target_replication
LSM2	357	48	True	False	True	Q4	0188b7687c7d57f105e0f1aedb2e41b80e25cf7662aa9dbb1c95ddbc5d9d4bc5	True	10691	48	cross_target_generality_only_not_same_target_replication
LSM3	74	38	True	False	False	ineligible	acbf203a32a1064d0f4117c0aacd65e335d981bbf0a3f93e5c7724cfe50566d5	False	10691	48	cross_target_generality_only_not_same_target_replication
LSM4	84	40	True	False	False	ineligible	d2efab37fcfecc08d7e2e44d9e22cde942087cc42a383cf8845f145258daf0ec	False	10691	48	cross_target_generality_only_not_same_target_replication
LSM5	202	48	True	False	True	Q3	4ae988bbe6de65ac2c997999a9fba8dc1ce058c91c700c6160ca33980da01eff	False	10691	48	cross_target_generality_only_not_same_target_replication
LSM6	461	48	True	False	True	Q4	153ea2453e05b9e3bb6c404c323c0aa106343806e03aef34d972ab619cc76c7a	False	10691	48	cross_target_generality_only_not_same_target_replication
LSM7	140	44	True	False	True	Q2	c3256ab0782de41a455312aa076a84cf231136eb41444d540320e750222d6d25	False	10691	48	cross_target_generality_only_not_same_target_replication
LST1	149	45	True	False	True	Q2	d7425501eeac68ad1847b02e9a3f67f072739f792eed82a96c2052c10763f572	False	10691	48	cross_target_generality_only_not_same_target_replication
LTB4R2	188	48	False	False	False	ineligible	9d82e0084aba896d30fa00831ced1e67177fe16a8bd5fadc91d26125daf75d7d	False	10691	48	cross_target_generality_only_not_same_target_replication
LTBP3	157	46	False	False	False	ineligible	4c09682d6e8321bd2189661944dbfacc660c892968f1f37239431b4aefc3da9f	False	10691	48	cross_target_generality_only_not_same_target_replication
LTV1	318	48	True	False	True	Q4	acaa754d2e23a93fa817b720042e2baa2fc5d3bec7da559856b07b67a80a5f9d	False	10691	48	cross_target_generality_only_not_same_target_replication
LUC7L3	45	28	True	False	False	ineligible	35a01bfeaafca821ef0bae6b064e43b4937072de8f2654b4594935e35c9e27c5	False	10691	48	cross_target_generality_only_not_same_target_replication
LURAP1	71	35	False	False	False	ineligible	f0e44f55ceabe077927cb874e28d8ad404cdfcd3d59c5da907f9aedb4bfb9d3a	False	10691	48	cross_target_generality_only_not_same_target_replication
LYRM4	70	37	True	False	False	ineligible	4369de56902e63ca6062f2194a9d03ba639d325b082ab09560081172e013fa29	False	10691	48	cross_target_generality_only_not_same_target_replication
MAD2L1	154	46	True	False	True	Q2	9e9b6fb1cc68e618fa5e3680a506082833e69a1b0fa4a276d63cd218162663e1	False	10691	48	cross_target_generality_only_not_same_target_replication
MAD2L2	200	46	True	False	True	Q3	468464512648f75a5dba94761575561a2890876a463ac40a71dbaa9be5c2be6c	False	10691	48	cross_target_generality_only_not_same_target_replication
MAGOH	242	45	True	False	True	Q4	85242fe3c9d0b4693ea6ebe9e810cadfc7b1b865c9592ff2ffc209b7acc70934	False	10691	48	cross_target_generality_only_not_same_target_replication
MAK16	213	46	True	False	True	Q3	f226c99cfb25fde2bf2ffb4ac7af364e578c8da4216267eac0015faf8fe5fdf3	False	10691	48	cross_target_generality_only_not_same_target_replication
MANF	142	46	True	False	True	Q2	03056af6c32bc5efb10663eeb81de8186ac7b452b9ceac5200877a437663b676	False	10691	48	cross_target_generality_only_not_same_target_replication
MARS	89	40	True	False	False	ineligible	c9ac956e6d5cc9db3d489876c8f28c8771267c9b31c740c11ca8ce7a82e4f467	False	10691	48	cross_target_generality_only_not_same_target_replication
MARS2	75	35	True	False	False	ineligible	387839ee8dd2ee43312217eb11f69c8e897655c989f1ec8fd069533bb7c470b7	False	10691	48	cross_target_generality_only_not_same_target_replication
MASTL	112	46	True	False	True	Q1	95e253d135f1f807cc2503599eadde9dc6ad4360959758920181d30bdc2b5cd0	False	10691	48	cross_target_generality_only_not_same_target_replication
MAT2A	52	31	True	False	False	ineligible	60d5c6c8f9761d5c0f9023abceede7f87a670de447f746918a80c4ac24033ada	False	10691	48	cross_target_generality_only_not_same_target_replication
MAU2	66	36	True	False	False	ineligible	21361e388cf774ed63451a2731d357aef2bb5967c37b90de018bd32035dee1e9	False	10691	48	cross_target_generality_only_not_same_target_replication
MAX	180	46	True	False	True	Q3	188e11c853f04f1f75097ca6902b402b348bd27b3012730e83926e00e992c103	False	10691	48	cross_target_generality_only_not_same_target_replication
MBTPS1	68	35	True	False	False	ineligible	9f8c2d1e1f8d3c086a172f10680ffe51309eacf55e3dcef0168050a140e56ec4	False	10691	48	cross_target_generality_only_not_same_target_replication
MBTPS2	214	47	True	False	True	Q3	51b00a90736dab6ab8f9a61654574e73b61267c32dcb7688b30a5cb333fe9599	False	10691	48	cross_target_generality_only_not_same_target_replication
MCL1	86	39	True	False	False	ineligible	1e3f5deec12a1f868d3fdd04797966314e4c543fdb758a8100b0951e3de85064	False	10691	48	cross_target_generality_only_not_same_target_replication
MCM10	219	48	True	False	True	Q3	390dedffbc8be0f6f309323e4bf2be01637ee197cba1b6a5920af34b3fff0e96	False	10691	48	cross_target_generality_only_not_same_target_replication
MCM2	123	42	True	False	True	Q1	1f81d35419f96ab71fa7e87aad82bd0c39539892bef895198481c5c82ed20811	False	10691	48	cross_target_generality_only_not_same_target_replication
MCM3	124	41	True	False	True	Q1	f8e59077fc660a20fea0db72c8f8a748fd27f5f211f87e40d6e48a2c54a8f301	False	10691	48	cross_target_generality_only_not_same_target_replication
MCM3AP	105	43	True	False	True	Q1	4fa91c001dfad47f783bc76d9d5ab88597426746f6b2b0eb4028393e30c52da1	False	10691	48	cross_target_generality_only_not_same_target_replication
MCM4	87	39	True	False	False	ineligible	bc86598dd747d2fb9c0160f348ac7951bbc0553d6a4eaf80fe8feb9bb10d6153	False	10691	48	cross_target_generality_only_not_same_target_replication
MCM5	90	43	True	False	False	ineligible	f98f3f7c722d64edd17453810ef6af7a9948e81ed519b6becc8d9b79443b74ac	False	10691	48	cross_target_generality_only_not_same_target_replication
MCM6	102	42	True	False	True	Q1	5e7d75c5034a1ad9c900e62fb43cbeb6ea795b2122c41b250e4b3a30875adf13	False	10691	48	cross_target_generality_only_not_same_target_replication
MCM7	160	47	True	False	True	Q2	cffac69e734aed620f9fa1640d74ed09737fac58a2bb95487906ceb513da2c61	False	10691	48	cross_target_generality_only_not_same_target_replication
MCMBP	145	47	True	False	True	Q2	2a913c17106a830bb3d06166105d29a20fe8e6ceb0355d158af2400e889eaec4	False	10691	48	cross_target_generality_only_not_same_target_replication
MCRS1	71	37	True	False	False	ineligible	302c247639a48a751da8a2fe6ae324cb35d05922aa82bb35ca99f787cf58fc18	False	10691	48	cross_target_generality_only_not_same_target_replication
MDN1	84	42	True	False	False	ineligible	45a91fb76db3f6ef56b074dfc3e679b60a503bd821fa718ecf6d1b6c5eebc168	False	10691	48	cross_target_generality_only_not_same_target_replication
MED1	254	48	True	False	True	Q4	4efe92f46b256ac4970cdb6d9dc089ab08a955d528e0de80691ff50f4123e6ce	False	10691	48	cross_target_generality_only_not_same_target_replication
MED10	516	48	True	False	True	Q4	f3f6ecfa713c593c8f5aecc594d9b9aad8bb7a4fbf7473dcef499527e7a3b54a	False	10691	48	cross_target_generality_only_not_same_target_replication
MED11	237	48	True	False	True	Q4	7c696c4158c416509a19a67055f197e725ec9f3c334ce9e2136c943cd02e6aef	False	10691	48	cross_target_generality_only_not_same_target_replication
MED12	573	48	True	False	True	Q4	803dad2e67a1a147fec1c556c4c1ada9fc30730d7e1cb4fb1e0cc6c2255c6d7d	False	10691	48	cross_target_generality_only_not_same_target_replication
MED14	117	46	True	False	True	Q1	72eae845f463813bc52b80438811e8361f396395b7c7a24e8aee0ff09f9897f9	False	10691	48	cross_target_generality_only_not_same_target_replication
MED17	151	47	True	False	True	Q2	91a20ea4789a8d600d2aab5fa8645f75d8fa13486348382d9eb1f79f85accf7c	False	10691	48	cross_target_generality_only_not_same_target_replication
MED18	20	14	False	False	False	ineligible	54759516bf6d7684ea2bb2a0033809ecbe7ef3c4f89df1a66845cb1b2fb15e02	False	10691	48	cross_target_generality_only_not_same_target_replication
MED19	544	48	True	False	True	Q4	92e594ff3d1f43dd0b404d9a7b1e9c606f88ba310590bd5458e640de6b08f35d	False	10691	48	cross_target_generality_only_not_same_target_replication
MED20	80	36	True	False	False	ineligible	781ae11f5fdf8026aa282dce6bc74d0f8f204cb1cf91490a27129dc81fc0f37b	False	10691	48	cross_target_generality_only_not_same_target_replication
MED21	63	33	True	False	False	ineligible	cd7afbd509178cb6761824d7bf816bc90b64ac62dbca4a636efa3a2698a47040	False	10691	48	cross_target_generality_only_not_same_target_replication
MED22	289	48	True	False	True	Q4	42f815e5934e3dbafb4d39d1c791856854cb9cf96de7b934c254e79e7a705693	False	10691	48	cross_target_generality_only_not_same_target_replication
MED26	105	41	True	False	True	Q1	19ad69dd3a1e0ed3908023adc990fc5f8752ffde19374efdd08d494eb166296a	False	10691	48	cross_target_generality_only_not_same_target_replication
MED27	19	14	True	False	False	ineligible	a1061d0360ab90902a9ffa938d1b84c9009810a353b4fa6d5ed473049a99207c	False	10691	48	cross_target_generality_only_not_same_target_replication
MED28	73	39	True	False	False	ineligible	4067fb35c884fc656b61c822128c6f678ae79a961677520d4c7cc7facfa7cc5f	False	10691	48	cross_target_generality_only_not_same_target_replication
MED29	93	40	True	False	False	ineligible	fbce1d76d063031a7ef12f08eca2778de8b1aaadcc1ee6dd73bb8feb9dfedf54	False	10691	48	cross_target_generality_only_not_same_target_replication
MED30	288	48	True	False	True	Q4	3f2142b7d09a4f7123acac160aabea4695c15e0df891e4422fd825b83d017bb4	False	10691	48	cross_target_generality_only_not_same_target_replication
MED31	38	27	True	False	False	ineligible	f3bb6e9892c31ded825919af270fa3979fe7f541d4ac41cd0482456b99164e43	False	10691	48	cross_target_generality_only_not_same_target_replication
MED4	66	34	True	False	False	ineligible	4e8269cc3646c8005e4509e97b25d07f6b79e24851fbc90010a1ff8fc374fedf	False	10691	48	cross_target_generality_only_not_same_target_replication
MED6	246	48	True	False	True	Q4	19b22dac679ce341b91ffe76b007af8bef702380c9c511148e8daab0f64ad0b1	False	10691	48	cross_target_generality_only_not_same_target_replication
MED7	272	48	True	False	True	Q4	a78cad506a2e66df7c3aa2abc437c518a53020da85162cabde5736751132f094	False	10691	48	cross_target_generality_only_not_same_target_replication
MED8	112	42	True	False	True	Q1	09a979c32c076a51236c840cdaffa6f95ec8b1abcd4472dcee9312152585cd12	False	10691	48	cross_target_generality_only_not_same_target_replication
MED9	119	45	False	False	False	ineligible	dd49e11c71844f8e17abaaa2c78d543b5c823eecf36d7287fa4e64dbcc11a2f7	False	10691	48	cross_target_generality_only_not_same_target_replication
MEPCE	127	44	True	False	True	Q1	4718f2af24c4f034ef935f072f47225ac5130bb3d5eea18051bcdb2ba3634371	False	10691	48	cross_target_generality_only_not_same_target_replication
METAP1	102	42	True	False	True	Q1	7b6ae555e14178f0daf43bf0fb5083192c6a3866ddb1cf839b969656d8cf0dd3	False	10691	48	cross_target_generality_only_not_same_target_replication
METAP2	161	47	True	False	True	Q2	a61023c4362d72a84a4fd466bcb56cc933f924db184599e3d57aa1e9d7daaedd	False	10691	48	cross_target_generality_only_not_same_target_replication
METTL1	208	47	True	False	True	Q3	8c1738aa248082c89315c567a3618c8f5e3f8266d053d966505dfd6a81e177e6	False	10691	48	cross_target_generality_only_not_same_target_replication
METTL14	121	41	True	False	True	Q1	73adf4df8f243800c1018b75b1d51cd98dbac2cddcf82935fc2ff71ae57f3b60	False	10691	48	cross_target_generality_only_not_same_target_replication
METTL16	42	27	True	False	False	ineligible	f30319be6f155bcbb71e623c94d4b1d051e3e1a6fd3c6f3caf056799b84dc68a	False	10691	48	cross_target_generality_only_not_same_target_replication
METTL17	122	44	True	False	True	Q1	70836d85c074c8c0c45b51db155a3f6399d31717017244505e6d3af4b1ced640	False	10691	48	cross_target_generality_only_not_same_target_replication
METTL23	114	42	True	False	True	Q1	4ac4bea7fb0ccd4b3ce3f70004e60d821ad34929652ba8693536cfc039db0768	False	10691	48	cross_target_generality_only_not_same_target_replication
METTL3	138	43	True	False	True	Q2	222768806d4a62e3e6c6e0f60666ee352f447fa1423170c103a9627046b8e6f2	False	10691	48	cross_target_generality_only_not_same_target_replication
MEX3A	171	45	True	False	True	Q3	e397851c4a1b92c1c8f0cea1b8f081499a173fd4bc7d126889f6d8d05c0e1902	False	10691	48	cross_target_generality_only_not_same_target_replication
MFAP1	197	48	True	False	True	Q3	5c07843e34cdc5ea715eadf0ac86fefb0175d7959a38e237383c986701a2a645	False	10691	48	cross_target_generality_only_not_same_target_replication
MFN2	135	44	True	False	True	Q2	b4ff0b7e71789f6e6d4e8bf8501ae84c314f393c3d638bedcc36656bf1812c03	False	10691	48	cross_target_generality_only_not_same_target_replication
MICOS10	87	36	True	False	False	ineligible	ada77fac4efded115754bd7560b2d75d97180e7df9bdcaacf3fb7277c4127bf6	False	10691	48	cross_target_generality_only_not_same_target_replication
MIOS	163	45	True	False	True	Q2	70f5f953a7ab1ecd0d38a91795a46eb17d7f7dd77a7762849c9bab2d2f2539aa	False	10691	48	cross_target_generality_only_not_same_target_replication
MIPEP	90	43	True	False	False	ineligible	ae9b2105036748706a03c9760483b31e5f38398f4890506b67cdddddb0b734e2	False	10691	48	cross_target_generality_only_not_same_target_replication
MIS12	82	42	True	False	False	ineligible	8a67a506f8013556de5ce354b369c14b87881135bcc4f4cdd961030b06ddbc44	False	10691	48	cross_target_generality_only_not_same_target_replication
MIS18A	129	46	True	False	True	Q2	fbbc84f9d59166a24e3d728f82e6d328b3bc282bc6c7f4b113681bbc361c658b	False	10691	48	cross_target_generality_only_not_same_target_replication
MIS18BP1	107	42	True	False	True	Q1	f98d25aa75f11ed5a66053636b11e44050c0e64ca33b905b550ab020b4f97ba7	False	10691	48	cross_target_generality_only_not_same_target_replication
MKRN1	160	44	True	False	True	Q2	c69c2b4f642680fdcba5bc923c33d6ba307f33c373b81ae98f7161526b724f10	False	10691	48	cross_target_generality_only_not_same_target_replication
MLST8	78	38	True	False	False	ineligible	c12161ad12af79d1a150b6240f9f2ab3a972dd9addd6f47b5f41fc1196cfd2a1	False	10691	48	cross_target_generality_only_not_same_target_replication
MMGT1	183	47	True	False	True	Q3	68997822e7b315e50f936d0df4ed0b4dea0e70f13b99ce58bd3fc3bcc48a932c	False	10691	48	cross_target_generality_only_not_same_target_replication
MMS19	129	45	True	False	True	Q2	4bbbec2003d71ecbcc6a90b37a95e8d3899290c063014772fa2929070f81d8d7	False	10691	48	cross_target_generality_only_not_same_target_replication
MMS22L	57	33	True	False	False	ineligible	9f61c362c7674398142fc990a36a2ab966c399801423a3147e14940161d8fded	False	10691	48	cross_target_generality_only_not_same_target_replication
MNAT1	85	39	True	False	False	ineligible	19f3a914db024a247c790dcac035c30a9e2d4481f0a5d0e18759777487321f46	False	10691	48	cross_target_generality_only_not_same_target_replication
MOB4	118	41	True	False	True	Q1	08b58b969cae205e265c73901aec8c94d8c8243207bb212bf2af5978731671fe	False	10691	48	cross_target_generality_only_not_same_target_replication
MOCS3	118	47	True	False	True	Q1	06685884b70e824098dbd1078345fad9b673566e8532f4adcaefd336905b2007	False	10691	48	cross_target_generality_only_not_same_target_replication
MOG	124	44	False	False	False	ineligible	4e57244328ee4a9d19f81bb99a1d479ac5ff4f9e2353eb6db399ab08d247194e	False	10691	48	cross_target_generality_only_not_same_target_replication
MOK	123	42	False	False	False	ineligible	d5769e4ea6e7f2691e7a4f79a7b3a82a7d4e4ca1c27e3e6e82f778efda299531	False	10691	48	cross_target_generality_only_not_same_target_replication
MPHOSPH10	43	28	True	False	False	ineligible	0f9af142a54d09031548557f1abc1c410a3892d38d0da8cb3e29e60b0d482203	False	10691	48	cross_target_generality_only_not_same_target_replication
MRGBP	74	39	True	False	False	ineligible	f10eeb7a9621aed102ad17d5160e6beaa623f0bb6966df93974429d7c06180d3	False	10691	48	cross_target_generality_only_not_same_target_replication
MRPL1	165	46	True	False	True	Q3	33424725c47511129f51a621402bea6132c7ec45c8eb55426336da2c6ad09a74	False	10691	48	cross_target_generality_only_not_same_target_replication
MRPL10	102	42	True	False	True	Q1	aebaa27816356759167319fc50446fc2f2dc8ea689fc15c9565a64ae1201e6a9	False	10691	48	cross_target_generality_only_not_same_target_replication
MRPL13	87	40	True	False	False	ineligible	5fa3088006d1c1ddbdd79f29f8dcb0583574715e67b8db2237ee340cf72c11e2	False	10691	48	cross_target_generality_only_not_same_target_replication
MRPL14	211	45	True	False	True	Q3	17ef41352b69145732b5da3efb3894558306a7c5035378de350dd99ab5a51389	False	10691	48	cross_target_generality_only_not_same_target_replication
MRPL15	46	30	True	False	False	ineligible	c3510d8f2bf98f1424a16302df1111deab6731a19f29af54370a108a254a67a6	False	10691	48	cross_target_generality_only_not_same_target_replication
MRPL16	85	40	True	False	False	ineligible	6445199108d0a0dd5ae759940f65a4ec4db6fe29dcd4ae594597b3cac90973a9	False	10691	48	cross_target_generality_only_not_same_target_replication
MRPL17	99	41	True	False	False	ineligible	7b5f2810673e5834cff529e819d012a5a2f559c164991bdddd56e263c9681948	False	10691	48	cross_target_generality_only_not_same_target_replication
MRPL18	180	45	True	False	True	Q3	7b8da695b258630069d7a22f4c439c45831684c9ad52f95157a3a5c320c74ec4	False	10691	48	cross_target_generality_only_not_same_target_replication
MRPL19	192	48	True	False	True	Q3	ef0fd4f73a783816799387bc705ab388ac1a2ac224d6db890289504661ae62a3	False	10691	48	cross_target_generality_only_not_same_target_replication
MRPL2	147	45	True	False	True	Q2	bd50b363932f78aed396085f5c5b17dc2a1ed362e601eba489c885db7026e85e	False	10691	48	cross_target_generality_only_not_same_target_replication
MRPL20	120	43	True	False	True	Q1	6b5e6668c92bd7b729830b01aacc265e997355c3d86470c4d2b762267de0cc1f	False	10691	48	cross_target_generality_only_not_same_target_replication
MRPL21	14	12	True	False	False	ineligible	367832b32028384a6aba594461f3b9d2183bc4c2494d32663c2be19758df42f4	False	10691	48	cross_target_generality_only_not_same_target_replication
MRPL22	96	38	True	False	False	ineligible	76254e6878558d74cce9ee65653c070903d40a0265d04f9645a069f679891dcf	False	10691	48	cross_target_generality_only_not_same_target_replication
MRPL24	193	46	True	False	True	Q3	4fc7c0dfe9eb90ea021d75a935d9c2839e6abec5ccd5e51fc11b88991092da0a	False	10691	48	cross_target_generality_only_not_same_target_replication
MRPL27	102	42	True	False	True	Q1	1bafa692cfc800f775e0ee4cf081c1554f0f850c9ea9bb741022f7d46db33f6d	False	10691	48	cross_target_generality_only_not_same_target_replication
MRPL28	52	31	True	False	False	ineligible	529923f51768e1ba7dc0ebae032f0ef0a0d28bf5dc577e798b054c1a68e8cf11	False	10691	48	cross_target_generality_only_not_same_target_replication
MRPL3	175	47	True	False	True	Q3	35e71ce28b9f2b767ed9ea9a8ff8ef7cb01ae028b4e8df559bac75c8c1f853b7	False	10691	48	cross_target_generality_only_not_same_target_replication
MRPL32	67	37	True	False	False	ineligible	381b0cc5c57bf262b0c201a5e2a1871e4001033e6601d5bba05d031115dcc9d6	False	10691	48	cross_target_generality_only_not_same_target_replication
MRPL33	150	46	True	False	True	Q2	b9f3f451061a7ae40fc61a17df8c389982c9fb450c7de5775222f95e9dfdce5d	False	10691	48	cross_target_generality_only_not_same_target_replication
MRPL34	27	23	True	False	False	ineligible	a26820fcad2e776e0820e8560c78cfe0b5513bd7293c383587435503a3463ddc	False	10691	48	cross_target_generality_only_not_same_target_replication
MRPL35	171	47	True	False	True	Q3	7cbd9e7fa91c8958264dc36c7d040cb7afd8c38e04b65b1af4653b1bf388d709	False	10691	48	cross_target_generality_only_not_same_target_replication
MRPL36	189	46	True	False	True	Q3	275e90f46e7a8b30dc396ed6f6b748c3e26d7dde68e54db5f54548b2c41de9f4	False	10691	48	cross_target_generality_only_not_same_target_replication
MRPL37	116	41	True	False	True	Q1	768a7c8185214c09f9fd100611fa25822f6b9617f7fb8689c3d32591f3e9f324	False	10691	48	cross_target_generality_only_not_same_target_replication
MRPL38	155	48	True	False	True	Q2	0e006b96dc3de9cdfb5a11516392dee758456cc583e122197be2f6fd94c81dc0	False	10691	48	cross_target_generality_only_not_same_target_replication
MRPL39	154	46	True	False	True	Q2	cba09587c3acaea84928f5edddacc86626e2db876e04af3ab8bb535e8ea43a01	False	10691	48	cross_target_generality_only_not_same_target_replication
MRPL4	125	41	True	False	True	Q1	0e6e59e4b90cc3a947cfe362c76e733037045aaef1a877f6d0a00b71890c12f6	False	10691	48	cross_target_generality_only_not_same_target_replication
MRPL41	69	36	True	False	False	ineligible	27d8c810b7d6e66220f8af1c11adbf65a0b68ebd0874546f26547ead678ef000	False	10691	48	cross_target_generality_only_not_same_target_replication
MRPL43	95	38	True	False	False	ineligible	42196be0841cff655838e6cc02628ac2a7a612ca734a95c0d3fd88d903e86af9	False	10691	48	cross_target_generality_only_not_same_target_replication
MRPL44	73	33	True	False	False	ineligible	a8ba3b0368a0c98d48f21309bbdf4144e63a5fbe77b28a3226e82398d0b5395d	False	10691	48	cross_target_generality_only_not_same_target_replication
MRPL45	179	47	True	False	True	Q3	3feaaa862d7f0efd62945aea8bb153efbf1046868b82f04f22e16b66ea6c4859	False	10691	48	cross_target_generality_only_not_same_target_replication
MRPL49	40	24	True	False	False	ineligible	dc2ad6aa4d636007b968ebfe6863f799b7ab54bf5ff7d75bed3721c7308057f5	False	10691	48	cross_target_generality_only_not_same_target_replication
MRPL50	171	46	True	False	True	Q3	5a66e32a0497fa84e672259f4b52e406666678ef6fe8669f2e4973e4c9477a1c	False	10691	48	cross_target_generality_only_not_same_target_replication
MRPL51	111	43	True	False	True	Q1	5ffb9add5d6c080028a0f28737b74c844052895b8e7c5ffc6efa27b5ee1c758d	False	10691	48	cross_target_generality_only_not_same_target_replication
MRPL53	153	47	False	False	False	ineligible	9dcab5ef78cceafc9488f76831b628111388e8537f8da025c6e73ecb2a2a277a	False	10691	48	cross_target_generality_only_not_same_target_replication
MRPL54	142	47	True	False	True	Q2	4916083acf76e7a1a8c15861ba99c0eed36ff6b3d742c9f5d79695243cc26998	False	10691	48	cross_target_generality_only_not_same_target_replication
MRPL55	170	45	True	False	True	Q3	717121d82145cde6ecf1c216940485725a57497e73c804c926a2baf41a4bde3d	False	10691	48	cross_target_generality_only_not_same_target_replication
MRPL9	121	43	True	False	True	Q1	e598ba19a78e32c0ce909e8761fb5f8edfcc3826e52f7ae1b0ad7bdca3ee3baf	False	10691	48	cross_target_generality_only_not_same_target_replication
MRPS10	121	40	True	False	True	Q1	6a9218515777984e8f35fde577d033f34e58cd1370b49a56e2a8e2bad6c860c4	False	10691	48	cross_target_generality_only_not_same_target_replication
MRPS11	95	40	True	False	False	ineligible	295449922fd5b597530875384fcd11bc19b7abaa0df0a09a377bac63028c6076	False	10691	48	cross_target_generality_only_not_same_target_replication
MRPS12	55	34	True	False	False	ineligible	7d2da9248b30e265dfa4f112377dbcdea964b623738d0005a28e847d22ff8777	False	10691	48	cross_target_generality_only_not_same_target_replication
MRPS14	92	39	True	False	False	ineligible	3aadd86973142d3e46ae1f4f110f28d05c6a7c359225358caea13dd06f18a53e	False	10691	48	cross_target_generality_only_not_same_target_replication
MRPS16	41	26	True	False	False	ineligible	d02552266afa8018a7f560a6d5c2ef039510dd67904bfebf50aaf14926c77b13	False	10691	48	cross_target_generality_only_not_same_target_replication
MRPS18A	121	43	True	False	True	Q1	c04aef44ad3b193a2526176334ec3df9b58f4ba6896b530e9fe7e20e76de1461	False	10691	48	cross_target_generality_only_not_same_target_replication
MRPS18B	59	29	True	False	False	ineligible	603b21faffd8990bd4378eff28422ab5199b76529766e8fbe8c22f8d9eb00ea6	False	10691	48	cross_target_generality_only_not_same_target_replication
MRPS2	109	38	True	False	True	Q1	bf51d2a9c07a1728b8e0a58db92a3a25c9fa1ec066f8b9108b53c32860221288	False	10691	48	cross_target_generality_only_not_same_target_replication
MRPS21	146	47	True	False	True	Q2	1a46ce66edc9a01ca0b6808ae423461912cad8f942ba880c809a3b3a282d866d	False	10691	48	cross_target_generality_only_not_same_target_replication
MRPS22	165	47	True	False	True	Q3	8a9f779112b01eef5564ff38df6d22ee387b9043ad2235dc43150b56785331d2	False	10691	48	cross_target_generality_only_not_same_target_replication
MRPS23	119	40	True	False	True	Q1	504913b83d269333fb160d37067a9c2f0c837cb203be2590e8d91878753876a6	False	10691	48	cross_target_generality_only_not_same_target_replication
MRPS24	145	47	True	False	True	Q2	a0019e2a974eb9d8939ca71ac6e76835bbd1623dac8a81d20d0a2a5c90083128	False	10691	48	cross_target_generality_only_not_same_target_replication
MRPS25	99	42	True	False	False	ineligible	dd9e567df751eb7eabfed3acce45c0b2ae89a0145d0754de6d5515d9380e8eea	False	10691	48	cross_target_generality_only_not_same_target_replication
MRPS26	120	44	True	False	True	Q1	650fb6770610037eeb00577d82c7c6f897a123e14231c63a424a1e7a759236ac	False	10691	48	cross_target_generality_only_not_same_target_replication
MRPS27	81	37	True	False	False	ineligible	781636db94b7fdcfc87652b3195f89a2a0701c637884d72913a2536534d445fb	False	10691	48	cross_target_generality_only_not_same_target_replication
MRPS28	158	47	True	False	True	Q2	4793d68e7d4838849ac4f91944598944d66894d3ad96906abea7a7384b045469	False	10691	48	cross_target_generality_only_not_same_target_replication
MRPS31	107	43	True	False	True	Q1	70e4438b4812253b91c488815d82ec6ae9f2bd142a8b2cdc5fc571451cd181ff	False	10691	48	cross_target_generality_only_not_same_target_replication
MRPS34	141	46	True	False	True	Q2	58fac0eb819c0c30b4df148ae5f29ed47db0341e0ef7dffc157661dbc066c5f8	False	10691	48	cross_target_generality_only_not_same_target_replication
MRPS35	201	48	True	False	True	Q3	902864b69ce1bbe1d0dc6ba9da3d24ad34bd2ae2477bf3e1fe3d644481d904eb	False	10691	48	cross_target_generality_only_not_same_target_replication
MRPS5	73	36	True	False	False	ineligible	f87329c66b4c00ee720c5abe80367289a85333da0524c92d9ca58dbc515e1d09	False	10691	48	cross_target_generality_only_not_same_target_replication
MRPS6	152	46	True	False	True	Q2	c9c7801009213e3c23b99cd37024659574f7af32fb8b824e341f4992a4477617	False	10691	48	cross_target_generality_only_not_same_target_replication
MRPS7	123	44	True	False	True	Q1	a9c045ffc49c7762ec5956eab6020c271e3c7119c97e5320cd67049e556d8d2d	False	10691	48	cross_target_generality_only_not_same_target_replication
MRPS9	76	35	True	False	False	ineligible	bcdd2fd136327d53052a74f0b103c99ef9de44e34f6d867d5ceb7e5f11e27017	False	10691	48	cross_target_generality_only_not_same_target_replication
MRTO4	83	41	True	False	False	ineligible	ab7d065fdb41edff1dee96a160edc5cccdd7f3f264c9c7a6b9f7183839926639	False	10691	48	cross_target_generality_only_not_same_target_replication
MSRB1	205	46	True	False	True	Q3	21a6ea2af7598ddfd73ad0b485dc7432aff6d55e8b1eb369d59125fe872483c5	False	10691	48	cross_target_generality_only_not_same_target_replication
MST1	134	47	False	False	False	ineligible	e8f3f5d02ca7f6ae97180c19049249a7865b13f01e0950b36df88d071794f681	False	10691	48	cross_target_generality_only_not_same_target_replication
MSTO1	100	45	True	False	True	Q1	7ddcc3057c4a5510190826047acc5e17747c0eb1d2a9409769e78ef0a53c8f97	False	10691	48	cross_target_generality_only_not_same_target_replication
MT2A	112	42	True	False	True	Q1	e74dc2ff3ef811eb02234f867725ec62e509a83242d544e49def58ee671482e0	False	10691	48	cross_target_generality_only_not_same_target_replication
MTBP	191	47	True	False	True	Q3	5849e4072378b2664460dc3f71f46678329b39bb2d4700fd3c93947934f18b4f	False	10691	48	cross_target_generality_only_not_same_target_replication
MTG2	146	46	True	False	True	Q2	28f6519d74bab92af1f8289da306ac7b9b07d719927d572a09aa559e39946200	False	10691	48	cross_target_generality_only_not_same_target_replication
MTOR	101	46	True	False	True	Q1	fee34d88219b73f7e285f3507afb9fa1a9d6a3f8afa944de9061705de8d774b0	False	10691	48	cross_target_generality_only_not_same_target_replication
MTPAP	90	40	True	False	False	ineligible	7d10bf463ab74ac39ddafb0dd26b27cbe201f365be824d84bcdaf8efaaabaa28	False	10691	48	cross_target_generality_only_not_same_target_replication
MTRNR2L1	43	30	False	False	False	ineligible	0bcd2a765ab92253bbf3a1ea9a6246bbd9530b8b7533b3820bd87310d02b7856	False	10691	48	cross_target_generality_only_not_same_target_replication
MVD	104	39	True	False	True	Q1	178c9f797186fe2cde6297dc8d0c46926b80a64d68bead285777fdff1ecc5af7	False	10691	48	cross_target_generality_only_not_same_target_replication
MVK	136	47	True	False	True	Q2	44078571fe241dea8355305702daf657fa7c7d673a0b51013baf773bb3c2604c	False	10691	48	cross_target_generality_only_not_same_target_replication
MYBBP1A	109	41	True	False	True	Q1	c6566ffb81f4b60a1113d9b3c59d883d4a44b2d52498efd676697f77f75b965a	False	10691	48	cross_target_generality_only_not_same_target_replication
MYBL2	106	42	True	False	True	Q1	9af797ebf9d6c0b6ab60cc915eaec38ae9166b8c545d92f5ddd8c0bab822f245	False	10691	48	cross_target_generality_only_not_same_target_replication
MYC	74	36	True	False	False	ineligible	87e1cb1d48caf3ee94c870fb56e6752ca634a2c67e2a04c6d1de32b38a7fdd2a	False	10691	48	cross_target_generality_only_not_same_target_replication
MYCBP	208	47	True	False	True	Q3	29f0b16ab5640b99e52e41dcb378921402ac05439048bec74400f79015f40d68	False	10691	48	cross_target_generality_only_not_same_target_replication
MYO1H	124	45	False	False	False	ineligible	a1f4a7523bfd52e3ddd136f21ecead203467eb0b44ceb878e25adc45ed6f89d1	False	10691	48	cross_target_generality_only_not_same_target_replication
MZF1	128	48	True	False	True	Q2	ec7131346fe0764be5f67a433d0e1866a2c30d17f9b87ca35af061ec499fc4ae	False	10691	48	cross_target_generality_only_not_same_target_replication
MZT1	455	48	True	False	True	Q4	76e2d38addbfc862b52c0bad3f2cfaaf6c0a397f1b318343be06cd54189458e5	False	10691	48	cross_target_generality_only_not_same_target_replication
N6AMT1	138	46	True	False	True	Q2	ada91bfaece1a71cc591860eff8aaf02f308ff1e509785b4f4cddfc278f2f2b6	False	10691	48	cross_target_generality_only_not_same_target_replication
NAA10	137	42	True	False	True	Q2	1d0041671abdfba9ff138d8a122165783d6f6ef03cf92291d9cd5c3e55038d3b	False	10691	48	cross_target_generality_only_not_same_target_replication
NAA15	128	44	True	False	True	Q2	6e2996949a89445b8c0682fb043a0fa26bf02f95da9ad787556f029851f7be7d	False	10691	48	cross_target_generality_only_not_same_target_replication
NAA20	182	46	True	False	True	Q3	b03912a7353cd4628659d4718d0f20d1a14bce86c87fe7930f0148c83aef3fdf	False	10691	48	cross_target_generality_only_not_same_target_replication
NAA25	176	47	True	False	True	Q3	ebbebe56678696b99d7a88f7a1b1aa37df0927cc3d690a9ea3776255e1f6c1a6	False	10691	48	cross_target_generality_only_not_same_target_replication
NAA35	193	47	True	False	True	Q3	b82dd512777de32791c4b501eb25a2d0727f551340497cfc6f367bf626110ccf	False	10691	48	cross_target_generality_only_not_same_target_replication
NAA38	368	48	True	False	True	Q4	ca8a0c719852b4ed7796458ec0dab008a5310ec40db7cd2b63507220dc4ee74b	False	10691	48	cross_target_generality_only_not_same_target_replication
NAA50	108	42	True	False	True	Q1	078fce1a1ab47d1764d317d5c316d7b176af37e317002e1b0474354c0091ff4c	False	10691	48	cross_target_generality_only_not_same_target_replication
NACA	354	48	True	False	True	Q4	28f27f73e1d93a23e8c0455d8487e2b1bccc24dafcc6f89b57a3e0f860ddb6f0	False	10691	48	cross_target_generality_only_not_same_target_replication
NAE1	88	41	True	False	False	ineligible	0d3665c269569bc2c5709b7969f8dfd5d71b2c339a00238bf607c45a0b269c32	False	10691	48	cross_target_generality_only_not_same_target_replication
NAF1	94	40	True	False	False	ineligible	321e0a019981e8bbc33686ddf3da3c7880b411738c1d25ef089821ed9d81167c	False	10691	48	cross_target_generality_only_not_same_target_replication
NAGLU	265	48	True	False	True	Q4	d619ac397193d4ad07a9639684dd735584a92ed370788ccd3fd467b8a7e22248	False	10691	48	cross_target_generality_only_not_same_target_replication
NANOG	125	45	False	False	False	ineligible	5f376bb55119cb3ead703c27f8cc8090054eac1d3576d438225311d214fc2b60	False	10691	48	cross_target_generality_only_not_same_target_replication
NAPA	12	11	True	False	False	ineligible	0153f01299c0e2b13a67cca519aa087776e677c6e855910042336d18f4017634	False	10691	48	cross_target_generality_only_not_same_target_replication
NAPG	62	36	True	False	False	ineligible	fd0168ef86bf2a2b238489cc4a2c8baf26ec602030cbe6d61807cd6fbe6a01cc	False	10691	48	cross_target_generality_only_not_same_target_replication
NARS	172	46	True	False	True	Q3	a0d2a1233025efeeeff745e5292548b76ccdde78fd257e2e0275e937870d7fe1	False	10691	48	cross_target_generality_only_not_same_target_replication
NASP	184	47	True	False	True	Q3	e86ccf3807fcd9451627cbf9b7ef136cd395392329a1acf7eb0399f7f41d6385	False	10691	48	cross_target_generality_only_not_same_target_replication
NAT10	30	22	True	False	False	ineligible	fa83c66537c8dd41de17840b89e5fd22638db0d00feca8ac2996597785751e30	False	10691	48	cross_target_generality_only_not_same_target_replication
NBAS	107	43	True	False	True	Q1	c85fc3ed604636ce0ff093c953de0b7f695e28adbe33f28a670d77ea69423a5e	False	10691	48	cross_target_generality_only_not_same_target_replication
NBEAL1	99	42	True	False	False	ineligible	5cb4e9fa5fcace8896a1ae2556f0b5558b02d356091aa83d9f4ec33ea07b9f6e	False	10691	48	cross_target_generality_only_not_same_target_replication
NBPF12	150	47	False	False	False	ineligible	a1c0351ac1c79c785216f39bd3600106cf2c9e41b1f772a3432074e424c449d0	False	10691	48	cross_target_generality_only_not_same_target_replication
NBPF15	62	37	False	False	False	ineligible	3d79a6dc001847b4b26e81b7d020dc731d26b633d3fa38a142422b2567583d21	False	10691	48	cross_target_generality_only_not_same_target_replication
NBPF3	133	46	False	False	False	ineligible	5645b84977f9fe3c3084f08d8bb22e578f132eb3eb69c3749f0f3f2cd1784b73	False	10691	48	cross_target_generality_only_not_same_target_replication
NCAPD2	48	31	True	False	False	ineligible	d9a5bc71ca06e05ef6b35691b6a5f0e6946895ea773659d609d00740fb096363	False	10691	48	cross_target_generality_only_not_same_target_replication
NCAPD3	81	39	True	False	False	ineligible	4464d83323f64e6cca5e9e70c5e843a1cccd93420c5ee1df4841110b07af8b11	False	10691	48	cross_target_generality_only_not_same_target_replication
NCAPG	79	41	True	False	False	ineligible	fb59125adab06e10f700b55b9369ee3708f347ac257574e522c241fae110a746	False	10691	48	cross_target_generality_only_not_same_target_replication
NCAPG2	84	41	True	False	False	ineligible	bcf20c8d05ae302311d44cbdd4fe2ba386feef27c91de66dd49c03ce71645e7c	False	10691	48	cross_target_generality_only_not_same_target_replication
NCAPH	68	38	True	False	False	ineligible	5e53f97edab59b4b8cf957f66dfa6a8c115f1f1ec0488ebc2bef3c77f18d1c4a	False	10691	48	cross_target_generality_only_not_same_target_replication
NCAPH2	143	48	True	False	True	Q2	06ec2f9e51bf277638d5034869d41e1457733077b3c976640bbc1e6619132459	False	10691	48	cross_target_generality_only_not_same_target_replication
NCBP1	60	33	True	False	False	ineligible	81d40b2e29e6397e67aab87287e8633442372d9413922406f00026c413124084	False	10691	48	cross_target_generality_only_not_same_target_replication
NCBP2	992	48	True	False	True	Q4	f3f2886f4192118abed00cae124ce401434c1f196f5bfeeaba2f07be3e50bea4	False	10691	48	cross_target_generality_only_not_same_target_replication
NCKAP1	70	31	True	False	False	ineligible	7a0c9c280db0f98ae1e94e2d7d38077127a3d0a0a6de578948a6681112d27648	False	10691	48	cross_target_generality_only_not_same_target_replication
NCL	298	48	True	False	True	Q4	75008b2124f3734e8696d3b258bc7226b1fd190892de785252a49e48d8e5202c	False	10691	48	cross_target_generality_only_not_same_target_replication
NCOA4	134	46	True	False	True	Q2	7d222a39874b06d12ce67b5da4ee1b12a392048951f56edd393d4e1efb792452	False	10691	48	cross_target_generality_only_not_same_target_replication
NDC1	39	23	True	False	False	ineligible	a4c34a80d95c564e7bc74069f1b93d7f355189b62c33e02c936345be43137ea0	False	10691	48	cross_target_generality_only_not_same_target_replication
NDC80	214	47	True	False	True	Q3	7f74d2934b9c1fc8e1fd81c711c2f8aa9b9e6bab465efef405a91d23989b74aa	False	10691	48	cross_target_generality_only_not_same_target_replication
NDOR1	42	27	False	False	False	ineligible	636940b521794477aa09784240d782935d1f8fc8629fd21e560e2cf03baeb2b6	False	10691	48	cross_target_generality_only_not_same_target_replication
NDUFA11	80	38	True	False	False	ineligible	1b9ba8c0a437abd95f62989f985ff05fb373c3f7640c60614fd494d08a1d20c9	False	10691	48	cross_target_generality_only_not_same_target_replication
NDUFA2	187	46	True	False	True	Q3	c79e19f6e2b470641e4e10c2691215264f26c705ec45d508e52173669b1d2626	False	10691	48	cross_target_generality_only_not_same_target_replication
NDUFA4	86	41	True	False	False	ineligible	57047b10794de109d96e23b5d61df0a5222cec02d74419eff3c593f16a180258	False	10691	48	cross_target_generality_only_not_same_target_replication
NDUFA6	169	45	True	False	True	Q3	dd8b7b241b4dc87e24259ff19da228aca909f919cbacb503a12decba9ed1657e	False	10691	48	cross_target_generality_only_not_same_target_replication
NDUFA8	109	43	True	False	True	Q1	306aee16b5c39a1665bd387a7dab26a9e546c5f405f624c6f094cdef1f25e885	False	10691	48	cross_target_generality_only_not_same_target_replication
NDUFAB1	160	45	True	False	True	Q2	c21c39b095e331dd321063aa0b16c407f64dbc6dfc09808a1f9fa254606850b4	False	10691	48	cross_target_generality_only_not_same_target_replication
NDUFAF3	81	38	True	False	False	ineligible	4d0ab27501809dc52383d1db66d7bf88efb204b2f28ac66c8d698f64b3bb1598	False	10691	48	cross_target_generality_only_not_same_target_replication
NDUFAF7	18	17	True	False	False	ineligible	febf21f530252d014c0cff2020776ffe5df432cc65115d0699fa744343b4ec2d	False	10691	48	cross_target_generality_only_not_same_target_replication
NDUFB10	154	45	True	False	True	Q2	faf62545ca8930aeb8b419c5273d20ab565565c5527212f26142ad3a15d3c442	False	10691	48	cross_target_generality_only_not_same_target_replication
NDUFB3	141	46	True	False	True	Q2	bdb9c4499df3b226978433963e76097bb35447591c685afbcb1cfe3c827b9a93	False	10691	48	cross_target_generality_only_not_same_target_replication
NDUFB4	166	45	True	False	True	Q3	0852b2c0e393f69c343df989e7ff6458e8d5d699273f0d2779a550102e8761c9	False	10691	48	cross_target_generality_only_not_same_target_replication
NDUFB6	190	48	True	False	True	Q3	b8efc0d336aa154bc7d3c46fd788bc487553464480f3c0de3c84e8532a3fa01d	False	10691	48	cross_target_generality_only_not_same_target_replication
NDUFB7	74	37	True	False	False	ineligible	1394769dc9eb72d4b95b51bcfc3411f7b5ea54b27f0cc73269aafff114d58e5f	False	10691	48	cross_target_generality_only_not_same_target_replication
NDUFB8	193	47	True	False	True	Q3	769350a4e86b6441ed74d574d4e92fa8372f4e03a771771d847f721f25d55a45	False	10691	48	cross_target_generality_only_not_same_target_replication
NDUFS3	112	43	True	False	True	Q1	f1977655ce12ba31483c0a9a832be6d44710fca99d7b64fce1121a680159afa2	False	10691	48	cross_target_generality_only_not_same_target_replication
NDUFS5	195	47	True	False	True	Q3	a850b8c0475914786a42c360d51ece6d592766b72cd9770662be0dee5856bd75	False	10691	48	cross_target_generality_only_not_same_target_replication
NEDD1	142	48	True	False	True	Q2	bf0a16fe3f33dc830e455cca1ea9d8cf47c2ff022fa342dff16cb77175bc71ac	False	10691	48	cross_target_generality_only_not_same_target_replication
NEDD8	197	47	True	False	True	Q3	7b4816abe28c4e93c376e40420f6fd66210757bee63c0293328b3cefbd30a0a8	False	10691	48	cross_target_generality_only_not_same_target_replication
NELFA	89	41	True	False	False	ineligible	e5e20c0acef19b8bc9ac8c8faae4b067cdaad207c84f9b19473b945fa3d62c0f	False	10691	48	cross_target_generality_only_not_same_target_replication
NELFB	140	43	True	False	True	Q2	e7ae28e64fa19889dab5a18ad90aad121d4975975cb15c02f3843eff5b092c26	False	10691	48	cross_target_generality_only_not_same_target_replication
NELFCD	201	47	True	False	True	Q3	39e79a75d498e8bcd4b66c6486e5b4a93a54a82f27a570b160f1db7c7fcdb3c2	False	10691	48	cross_target_generality_only_not_same_target_replication
NELFE	74	40	True	False	False	ineligible	9c86b2d1954106a4934fd865cb51c3da449075258e0cac65509a789a149ade71	False	10691	48	cross_target_generality_only_not_same_target_replication
NEMF	63	35	True	False	False	ineligible	43b27e90d71e4715673bac4728f96800c5bcca379f0bdee8eea5600fa0ecc3e9	False	10691	48	cross_target_generality_only_not_same_target_replication
NEPRO	42	27	True	False	False	ineligible	fabe1b06a326df45b99fa52da5afe42e44c2472a08edb6819fac953677aaf980	False	10691	48	cross_target_generality_only_not_same_target_replication
NFATC2IP	118	45	True	False	True	Q1	1d4bcc28968abeb673eca4f85e707d9753fbbbcac8ac32d153e9ea34d07feb59	False	10691	48	cross_target_generality_only_not_same_target_replication
NFKBIE	51	31	False	False	False	ineligible	d05f8f2c86346b0e9bb5e504f9a35aba975077afe1a6782235bd84e615f07578	False	10691	48	cross_target_generality_only_not_same_target_replication
NFRKB	228	48	True	False	True	Q4	10cba35a4cd22268b474f44679862a14b415021872084785720c5d5344372554	False	10691	48	cross_target_generality_only_not_same_target_replication
NFS1	82	37	True	False	False	ineligible	fce319a48512abe99a4ee61955f7452cbd569d0429abcb96901187d402ef3daa	False	10691	48	cross_target_generality_only_not_same_target_replication
NFYB	28	17	True	False	False	ineligible	c97bd5330d9f02a914427e797155096fc2d1ac9b3cd16b8eb0be5902510a4d58	False	10691	48	cross_target_generality_only_not_same_target_replication
NFYC	23	19	True	False	False	ineligible	32f466d440fbd9d81f763438d9a77fa4d1f5f17cce4d6a7ea015b13b4e4f60cb	False	10691	48	cross_target_generality_only_not_same_target_replication
NHLRC2	91	42	True	False	False	ineligible	d5476dea280af1e1aba9875aa767005f23dad2cf0237c867fa30f9b18554b99d	False	10691	48	cross_target_generality_only_not_same_target_replication
NHP2	66	38	True	False	False	ineligible	f83de47043cd725aef094b596b7a5144d92e465eb08e0ecf20271fbd11c54872	False	10691	48	cross_target_generality_only_not_same_target_replication
NIFK	240	47	True	False	True	Q4	dd0193b8860b493aa2bba9c6e3132f8fa52069e956c416280353e3f185f64d68	False	10691	48	cross_target_generality_only_not_same_target_replication
NIP7	279	48	True	False	True	Q4	089af0bbe42314e2a60ae42cd230681110b28f49a03dfebaed515d10b7cb1f43	False	10691	48	cross_target_generality_only_not_same_target_replication
NISCH	144	46	True	False	True	Q2	3edc0b1bf2c251e33f3a36bcf71b01d1259f3ce7f88c99c586183fa91576698f	False	10691	48	cross_target_generality_only_not_same_target_replication
NKAP	123	44	True	False	True	Q1	9b7daf722d9509de60a4af4ee337fe4bf9d1de23b36cfed1dec75fd0b66ced0d	False	10691	48	cross_target_generality_only_not_same_target_replication
NLE1	413	48	True	False	True	Q4	a9330b3b5d3354537618a372c856acf061114750387696326ef7e391834900d7	False	10691	48	cross_target_generality_only_not_same_target_replication
NMD3	64	36	True	False	False	ineligible	afd81796ec025e2fe8d685624387b809a16c6843098a496cb0f7aa5bc12e9a79	False	10691	48	cross_target_generality_only_not_same_target_replication
NMT1	25	21	True	False	False	ineligible	42a0248d3146503dbb17f40594e2b1c9c16a7400cb8a9afe8b9b0034f4857727	False	10691	48	cross_target_generality_only_not_same_target_replication
NOB1	53	30	True	False	False	ineligible	8d32a45d86586b2b7af8ebf98b6acd8c70766015a6da8907d100a60733f2c08a	False	10691	48	cross_target_generality_only_not_same_target_replication
NOC2L	28	26	True	False	False	ineligible	11efa6cfc1e88d2251e68d0470aaa193ed13f86140f2cad81f8ca5cf573b541f	False	10691	48	cross_target_generality_only_not_same_target_replication
NOC3L	83	39	True	False	False	ineligible	68ba21d2db1e9512c6d3a17a02596d2294041e4256d5fb5b373ce67138ac771d	False	10691	48	cross_target_generality_only_not_same_target_replication
NOC4L	34	20	True	False	False	ineligible	489329b39a0de1f3d4370db0a23142e3cf616c057b9b7eb1c6852dc16a6e18c6	False	10691	48	cross_target_generality_only_not_same_target_replication
NOL10	25	19	True	False	False	ineligible	828c3f6031220246807f97f44a761ed64d40f613de7de3f978c49019660bb408	False	10691	48	cross_target_generality_only_not_same_target_replication
NOL11	271	47	True	False	True	Q4	e2123845746df859672f35febca02496ffb7ade2522e9f43004ae31ccd1dc1ff	False	10691	48	cross_target_generality_only_not_same_target_replication
NOL12	93	37	True	False	False	ineligible	dac2d8467c1126904f61fa30ed4b4f050d5b0d2a0ef5dbdff39ae9260543d54a	False	10691	48	cross_target_generality_only_not_same_target_replication
NOL6	114	42	True	False	True	Q1	ef55fa369110bc3204e14a69ffb2948ddf1502f2178ce768e7ad43f94076d8a4	False	10691	48	cross_target_generality_only_not_same_target_replication
NOL7	73	41	True	False	False	ineligible	52e32a73df84c554d919996418bdc6326a91b29f935f75b353b9a15e7e59b5c7	False	10691	48	cross_target_generality_only_not_same_target_replication
NOL8	79	39	True	False	False	ineligible	bc3c757d1dfcd059eea9b53bc6f9e51c7d6b2af74e6e9293f55e1be8a6dcf1aa	False	10691	48	cross_target_generality_only_not_same_target_replication
NOL9	33	25	True	False	False	ineligible	0951fc468f5d575211c8c58677e45e8d7063974ca1f1f09e23bd070c5205b3c8	False	10691	48	cross_target_generality_only_not_same_target_replication
NOLC1	119	43	True	False	True	Q1	faecac414129d38973ded4ee262f14e0a5045649de98ab7a9e1118278ca9c8d3	False	10691	48	cross_target_generality_only_not_same_target_replication
NOM1	80	38	True	False	False	ineligible	ffa5cb8eff6ae5d420149be6154d383c5878803c6a4be1d9a6c8fe50364e8978	False	10691	48	cross_target_generality_only_not_same_target_replication
NOMO3	191	47	False	False	False	ineligible	f334037f2eaf8f82d12bfedadd132a48f2fe76adee31961795270c11c598b731	False	10691	48	cross_target_generality_only_not_same_target_replication
NOP10	147	46	True	False	True	Q2	19828c0a03f0cafffa3a303e67e925c77d5fd869de13bce2ed331d714116d28e	False	10691	48	cross_target_generality_only_not_same_target_replication
NOP14	47	31	True	False	False	ineligible	85d2fcdefdde7b01190e9f4c738960ad5438dfa78b27079214ac30b4e31304de	False	10691	48	cross_target_generality_only_not_same_target_replication
NOP16	149	46	True	False	True	Q2	eadfe9e97e1fae19674c5e4327f6c8870e1b615a2e5fb4166a4284b89e64411a	False	10691	48	cross_target_generality_only_not_same_target_replication
NOP2	58	32	True	False	False	ineligible	f7d76f3929b1f7f5ee83f4509c15aac0bc1ba8d136069d9a2e9674cccd0388dd	False	10691	48	cross_target_generality_only_not_same_target_replication
NOP56	99	41	True	False	False	ineligible	e319962a981dca2697ace86e8c41c4de383bf88b559f424f3b5a721deca733d9	False	10691	48	cross_target_generality_only_not_same_target_replication
NOP58	55	35	True	False	False	ineligible	73c14313bea6ee5f939339808af547fc8d9ee6328fdf453c83cbe89f2241d801	False	10691	48	cross_target_generality_only_not_same_target_replication
NOP9	78	40	True	False	False	ineligible	42cbc1cd88ca6362fc6c8198e2118fd9040ce2df95e1291745f9fbb7d29512ce	False	10691	48	cross_target_generality_only_not_same_target_replication
NOS1AP	54	32	False	False	False	ineligible	5b527b9c8ee063bb5deaee2be96c3e567b89e233b9ece3d13038062b827e9fe2	False	10691	48	cross_target_generality_only_not_same_target_replication
NPAT	21	18	True	False	False	ineligible	19c0df8ff524ac27b292bdbb61dd2a171b38d7893011aa7d1000e18927dcd3f6	False	10691	48	cross_target_generality_only_not_same_target_replication
NPB	196	46	False	False	False	ineligible	8ea7484f7915411ab398a28eeba80a3bdc73beb2bc0911313d76f2df8153be59	False	10691	48	cross_target_generality_only_not_same_target_replication
NPEPPS	153	45	True	False	True	Q2	8fcd00ec506a8cfc8457f7dc51b1c6e28c96acf3e35e8d24bcbff5e2e5d672d2	False	10691	48	cross_target_generality_only_not_same_target_replication
NPLOC4	60	37	True	False	False	ineligible	563aa9c871c2d0bed4131765085a8e3fd8a53215fe3e64cf77c3e839d33a305b	False	10691	48	cross_target_generality_only_not_same_target_replication
NPM1	27	20	True	False	False	ineligible	99d1baf4f3ce718919ac86442e7a849588e397fed01343834391db8331573581	False	10691	48	cross_target_generality_only_not_same_target_replication
NPM3	62	34	True	False	False	ineligible	b0eac20d1af80d616559dabc91444c43e9c3fcee0c9472a77bdd12e3cc40af3b	False	10691	48	cross_target_generality_only_not_same_target_replication
NR2C2AP	86	37	True	False	False	ineligible	6ebf134c1afe4a9eb3ef6c2632861ae8cb1ce69275a804a4974e8b0fc8726531	False	10691	48	cross_target_generality_only_not_same_target_replication
NRBP1	63	36	True	False	False	ineligible	32f388ff4ec6a5df40d2e1825faf8d2b64872b5d658e51ae00686273b4062d1b	False	10691	48	cross_target_generality_only_not_same_target_replication
NRDE2	504	48	True	False	True	Q4	b7869f0b8c410a3d48b9a7d505a3fdcfda3253efcefe77819cb001345633cb8a	False	10691	48	cross_target_generality_only_not_same_target_replication
NRF1	71	35	False	False	False	ineligible	3b6f5b63172877ad93b24509811e3e558d9fcab8f3f355c3ab4cd82ac0e57498	False	10691	48	cross_target_generality_only_not_same_target_replication
NSA2	114	45	True	False	True	Q1	7e7e1461981e385f89069e56d753455ac5c164b4bd59248d95973f1e91843911	False	10691	48	cross_target_generality_only_not_same_target_replication
NSF	165	48	True	False	True	Q3	065bf088936917149400254ff33be1a5a5f7d19c427fd1aa10593afcf74bdbc3	False	10691	48	cross_target_generality_only_not_same_target_replication
NSL1	72	36	True	False	False	ineligible	47f0e59e0ea988c0654edb63915707f1ed9d172e6a3cfd6af8323d55f68a71cb	False	10691	48	cross_target_generality_only_not_same_target_replication
NSMCE1	61	35	True	False	False	ineligible	c3d1806a16d03b28ab9906059d8d8bc8b8b6529988580ee706a501cc1803c590	False	10691	48	cross_target_generality_only_not_same_target_replication
NSMCE2	118	46	True	False	True	Q1	390be0153605565bdd01ae044f29f979b22b520a4c8325c4f808a718bebc8f23	False	10691	48	cross_target_generality_only_not_same_target_replication
NSRP1	237	47	True	False	True	Q4	4e9ead1db285d7ee3c55b06dfaf1d84c80187dd68b63da3c483a2eba4d004f8c	False	10691	48	cross_target_generality_only_not_same_target_replication
NSUN4	156	45	True	False	True	Q2	d4c230fd6ba8e29bc1e0ab046d1080cbf971cdd1cca2f2995c66dd4318e38de2	False	10691	48	cross_target_generality_only_not_same_target_replication
NUBP1	152	46	True	False	True	Q2	f74629548343b4f821d0a247e50886e6a78df15d276eb7084ecc0215353d234f	False	10691	48	cross_target_generality_only_not_same_target_replication
NUBP2	153	45	True	False	True	Q2	4c82cdb66aa1c818a486b37c8a28b0714d5f2db597a233155700358e3cbf9b32	False	10691	48	cross_target_generality_only_not_same_target_replication
NUDC	117	44	True	False	True	Q1	f57a4dc158ffe0d338bad497a1f0dbd8641085b4c872f42b31d49d769b8d72f1	False	10691	48	cross_target_generality_only_not_same_target_replication
NUDCD3	112	42	True	False	True	Q1	9f90d5937a8354c0d9e14664926d06581039d5f54413f59481b74ebe25bcf138	False	10691	48	cross_target_generality_only_not_same_target_replication
NUDT21	67	40	True	False	False	ineligible	5f648bc3f0fe41002dd4bb9b877a100f3e958702bddd8f8d903a614f530e0b9b	False	10691	48	cross_target_generality_only_not_same_target_replication
NUF2	503	48	True	False	True	Q4	930c352136c7fcf9be12faa315260320a1c95f5ad3c0f26049c206419128a2ea	False	10691	48	cross_target_generality_only_not_same_target_replication
NUFIP1	63	35	True	False	False	ineligible	e223c51502c251cbe58c632aa9912996d58fc27007218f8b9e92929e5f9fd95e	False	10691	48	cross_target_generality_only_not_same_target_replication
NUMA1	284	47	True	False	True	Q4	d12332bc998afbb2bf7c3c7ec67a64db6035106a560dce29e3f6e2946552b862	False	10691	48	cross_target_generality_only_not_same_target_replication
NUP107	316	48	True	False	True	Q4	6a314456cac0e3629274545a7770a5711417ac95c93c487285575089bce45942	False	10691	48	cross_target_generality_only_not_same_target_replication
NUP133	79	37	True	False	False	ineligible	b5e10112e1b811a6f574f14c87086c4562b6dbe9cf96a91f2abc62445d0f4757	False	10691	48	cross_target_generality_only_not_same_target_replication
NUP153	86	37	True	False	False	ineligible	b07c8b3ac942a3d419b2b776db92dd744c94355325e2f116d491017884e4835c	False	10691	48	cross_target_generality_only_not_same_target_replication
NUP155	7	7	True	False	False	ineligible	7072a9fe3a6b7fa9b0eac87a8d20152e170d86aed56d3d63d14c6c42a6a2187c	False	10691	48	cross_target_generality_only_not_same_target_replication
NUP160	291	48	True	False	True	Q4	2adb5a5cd7acc55bc0407e7a066af735b818c152a746aaeb670b1775e6c57438	False	10691	48	cross_target_generality_only_not_same_target_replication
NUP205	735	48	True	False	True	Q4	4aff32db83d1b3d852fa869ca1295128414af98148f12583a708566ffb2dfc33	False	10691	48	cross_target_generality_only_not_same_target_replication
NUP214	132	47	True	False	True	Q2	5f9fdefb5d993ea6e82fc7f7c4a7b58a5cab7cf2f6eb9edbb0b5479778990a23	False	10691	48	cross_target_generality_only_not_same_target_replication
NUP35	64	34	True	False	False	ineligible	b23c95f4b2316314eaeef782073c327de8b240849397822e5748cda6165962e2	False	10691	48	cross_target_generality_only_not_same_target_replication
NUP43	29	22	True	False	False	ineligible	da05b4e2b639c7a783fe04f0ca64df34c0f801e2e859896741aa991808a096c4	False	10691	48	cross_target_generality_only_not_same_target_replication
NUP54	291	48	True	False	True	Q4	7a5160344dc2b415b47becbf597ed50e61eea2070e4204a42d15c3e2d9e7c434	False	10691	48	cross_target_generality_only_not_same_target_replication
NUP62	99	41	True	False	False	ineligible	45de2cdf374d334946ace1ce5117daced77ad9e2d2b99bfa31b038a7ad863cef	False	10691	48	cross_target_generality_only_not_same_target_replication
NUP85	111	43	True	False	True	Q1	b42524aa9aed2ae3058309d152b5bcf32d52e655071d948cc64911fab38d06f4	False	10691	48	cross_target_generality_only_not_same_target_replication
NUP88	36	25	True	False	False	ineligible	3cfab70187527690b97e2b7dfd2758bad7ac0108aca69a6e26bc6a6818b6a01b	False	10691	48	cross_target_generality_only_not_same_target_replication
NUP93	159	48	True	False	True	Q2	74426e2b57e273325cb3f7216201ba88eadbdc192349d4c2d27d883891d8eea4	False	10691	48	cross_target_generality_only_not_same_target_replication
NUP98	510	48	True	False	True	Q4	16a899d86f490fb1a192638dd6716767af8297cee7f758be5ecf14814e39bebc	False	10691	48	cross_target_generality_only_not_same_target_replication
NUS1	125	41	True	False	True	Q1	b4535a62aad2a344c8d9bff0d19c1653acdf6b4deb55b68c4bdf74f8700551b3	False	10691	48	cross_target_generality_only_not_same_target_replication
NUTF2	67	37	True	False	False	ineligible	8e58df6eb8136bed2c76cd25006ddb4c256c6a164ec2b47da3321488142faab8	False	10691	48	cross_target_generality_only_not_same_target_replication
NVL	110	43	True	False	True	Q1	3619b28060a29d31236837bf1f15164af51655ae242bf710e34e497f230d4284	False	10691	48	cross_target_generality_only_not_same_target_replication
NXF1	251	47	True	False	True	Q4	74342895ffa4cd3f2b24c45dc6c25c95c718d7fc6848115151e14a541685b34b	False	10691	48	cross_target_generality_only_not_same_target_replication
OGFOD1	114	42	True	False	True	Q1	c7ff6e2ad92ad562f2761d0d2e1ff5f958647572957c57dab3b0cad1d19e3980	False	10691	48	cross_target_generality_only_not_same_target_replication
OGT	31	23	True	False	False	ineligible	03cfc80f9fccc722542406451adbe192feb7ec9df015c32ebf9e87e90cb6f865	False	10691	48	cross_target_generality_only_not_same_target_replication
OIP5	137	44	True	False	True	Q2	19066068fcb25fa97c67547d0b5919dfc445f953cdf753f4ef239c81322a5d69	False	10691	48	cross_target_generality_only_not_same_target_replication
OLFML3	173	48	False	False	False	ineligible	cef96a9c2d9c67d668ef643ab2f5e70c825ef29908303af31369730f69fbdd08	False	10691	48	cross_target_generality_only_not_same_target_replication
OPA1	60	34	True	False	False	ineligible	8615f948a0fe23abee4646772f78bb1e2740a291fac539942ebff75afb43a061	False	10691	48	cross_target_generality_only_not_same_target_replication
OR1D2	125	44	False	False	False	ineligible	36ee2117546342bf600112a498a55fd768e9b284305f51ae12328b79bfe24ba7	False	10691	48	cross_target_generality_only_not_same_target_replication
OR1E2	32	27	False	False	False	ineligible	a302a17b0cc4ebbccac14074adbb702f28a6c15c91f67cc1fc97993ea2e85149	False	10691	48	cross_target_generality_only_not_same_target_replication
OR2A1	188	47	False	False	False	ineligible	193e6fff0c6773cfffe36446bf02a22b275c4331d9419d2c1c8b08e4c7557e58	False	10691	48	cross_target_generality_only_not_same_target_replication
OR2T29	103	43	False	False	False	ineligible	563f62c025958f55e89f928a5f02271e5f6e3164a446c4c31c2373c8656b9e6f	False	10691	48	cross_target_generality_only_not_same_target_replication
OR2T5	106	44	False	False	False	ineligible	1bf52a60afab20a6a8689885e39843392ef4fd91ce7b8bc9a480f14f062987a5	False	10691	48	cross_target_generality_only_not_same_target_replication
OR4F4	66	33	False	False	False	ineligible	53eb134b07da83659a4ff5961b5c1fc9abd221b9bdb5aa882d14494610a86cbc	False	10691	48	cross_target_generality_only_not_same_target_replication
OR4K1	19	16	False	False	False	ineligible	aae05c65c7138691ead574c1e95b88cd6005fdecd58801b8ccc14bc808fec32e	False	10691	48	cross_target_generality_only_not_same_target_replication
OR4N2	118	46	False	False	False	ineligible	b069c93fcf396e2a5b4f9ddc0fe0dfbec3bae2e0f16b5eaf63f881c34c559988	False	10691	48	cross_target_generality_only_not_same_target_replication
OR7A10	38	26	False	False	False	ineligible	2c40ecd168738f57848a7758637f49b91d6982572a78f1eb9e7fcb40768dbc47	False	10691	48	cross_target_generality_only_not_same_target_replication
OR7A17	108	45	False	False	False	ineligible	b9d4a9b869c5ef30f4e1b4c36767d75a60a52fabdffbaf2af0d8a689979ea691	False	10691	48	cross_target_generality_only_not_same_target_replication
ORC1	530	48	True	False	True	Q4	dcd7c186c50b081c5a28b19055ae7e0cd1aeffce4e2eb5007e10da903b12834b	False	10691	48	cross_target_generality_only_not_same_target_replication
ORC3	181	45	True	False	True	Q3	a28237e60ac4c72426c623fe5b25a523af7e838f5e8fde52f781ebfdb7ea0960	False	10691	48	cross_target_generality_only_not_same_target_replication
ORC4	95	43	True	False	False	ineligible	439380283cd2828dfb5e5b7d8d9312eaa18b9548309c3a90e65abf452905c5b7	False	10691	48	cross_target_generality_only_not_same_target_replication
ORC5	89	39	True	False	False	ineligible	bdd67924d288fffa32901649d1dca9be6bd49399114c784a23aa96a927171cf1	False	10691	48	cross_target_generality_only_not_same_target_replication
ORC6	81	41	True	False	False	ineligible	2a229d06eedcdce34d02474f7c24b839c3856fe1d74f1ff30b272ead8e6a7585	False	10691	48	cross_target_generality_only_not_same_target_replication
OSBP	65	37	True	False	False	ineligible	4614afde0eed0ef1600ef5af0357ac2979991c0894d4e83e7fc108a28be85bfe	False	10691	48	cross_target_generality_only_not_same_target_replication
OSGEP	70	39	True	False	False	ineligible	6e45a98be1a16715995d6d60197c1bbda95145a05946758c0e812739bf84e59f	False	10691	48	cross_target_generality_only_not_same_target_replication
OSTC	235	48	True	False	True	Q4	8d8b7dfa19a13a716bbbdfac1c6b6c82759cc4e7ec1b7dad48f185ae851d0d79	False	10691	48	cross_target_generality_only_not_same_target_replication
OTOP1	105	45	False	False	False	ineligible	20cf7ebbcedc6eab92f749e596308f5aaeb78ace80da1fe0e8c80407eb78cffd	False	10691	48	cross_target_generality_only_not_same_target_replication
OTX1	108	44	False	False	False	ineligible	f961ac5ceb8b1e4f0959ac2a9e3ef4691be17ed0e007a4aadb39daa81b97893c	False	10691	48	cross_target_generality_only_not_same_target_replication
OVCA2	76	38	False	False	False	ineligible	7a44f76e21ceb34e4d505cf1d2bf7e64c856b5cb4dda6803154ba8a97ce9baca	False	10691	48	cross_target_generality_only_not_same_target_replication
OXA1L	344	48	True	False	True	Q4	895cfe38000153ba5d2753ead626904d7e59b9600bde9035770eac4cf64daf1d	False	10691	48	cross_target_generality_only_not_same_target_replication
PABPC1	19	16	True	False	False	ineligible	c29a7a5b731ef96c1017655779401410690a513f8fd1e48f1dd3b52b895b4d79	False	10691	48	cross_target_generality_only_not_same_target_replication
PABPN1	148	45	True	False	True	Q2	422f527b26385b1d3e4cf1ab3c004acce1c2d155c4c8feb82f54b485fc8a0d9d	False	10691	48	cross_target_generality_only_not_same_target_replication
PAF1	238	47	True	False	True	Q4	7f32c91ee56f12976374e6f3093bb6a25a67b44b988ce95f1fe134577f8e5710	False	10691	48	cross_target_generality_only_not_same_target_replication
PAFAH1B1	126	45	True	False	True	Q1	14b2ec916bb6e52b7574a53f4514e4ce99a56bcb5a458eff7f3d22617e29dbc9	False	10691	48	cross_target_generality_only_not_same_target_replication
PAK1IP1	21	15	True	False	False	ineligible	5a76d68018d3b28471ad214d6196d58a55fff885b5836833ec9b459d6c261415	False	10691	48	cross_target_generality_only_not_same_target_replication
PALB2	97	46	True	False	False	ineligible	f3cc60fdd475c2098b6558ec24e2795b0a6038183a79862cef3d9153bfaf5ddc	False	10691	48	cross_target_generality_only_not_same_target_replication
PAM16	56	34	True	False	False	ineligible	cad4d806ec332b91c4bd1af617365c65050d15e564034e82eb055dd513faae8f	False	10691	48	cross_target_generality_only_not_same_target_replication
PARN	123	45	True	False	True	Q1	6b5b96db2d22aa43b5dffaea746feec44eb6dee475c6876f6c133301d65c72e8	False	10691	48	cross_target_generality_only_not_same_target_replication
PARS2	66	35	True	False	False	ineligible	7d9d34d196538ecb9359fa6f1e972002cd24dae382f5c36f3fd8393da3f7566f	False	10691	48	cross_target_generality_only_not_same_target_replication
PAXBP1	129	45	True	False	True	Q2	99ad3d78b60b399ced12cc6fa6dc992e1a0e511fde84d4e228ccccc4fd1d06af	False	10691	48	cross_target_generality_only_not_same_target_replication
PC	225	48	False	False	False	ineligible	9f6a88eb555107652dd782c566df08ef355f7a1f28ce8282a34da9df8d5c9f3f	False	10691	48	cross_target_generality_only_not_same_target_replication
PCBP1	108	44	True	False	True	Q1	9aa2ac9d7524f47d518d9e35f5bca975146e502bbae404c0605eea5df9774c0d	False	10691	48	cross_target_generality_only_not_same_target_replication
PCBP2	172	45	True	False	True	Q3	9990443b9466fb98130d459b82679b175de49065e2bda85a31a140cb0c9035fa	False	10691	48	cross_target_generality_only_not_same_target_replication
PCF11	499	48	True	False	True	Q4	2b5d604c45ddb8d1abb6f6bd116b5ddb52bdd9843a98394cf955c32850cd1ae6	False	10691	48	cross_target_generality_only_not_same_target_replication
PCID2	307	48	True	False	True	Q4	56f277031357ab863185d641cf1de3b43b85f1a1d0e7348e535e78f6bae022f2	False	10691	48	cross_target_generality_only_not_same_target_replication
PCNA	132	43	True	False	True	Q2	567f2691856413c95f6ffe82cdb0c59dd0ce910e8fe2c7883ec63fa054c3d066	False	10691	48	cross_target_generality_only_not_same_target_replication
PDAP1	50	34	True	False	False	ineligible	435f841030a1502d26e9a1295ca0e9e1e54e6904607756051bb4466a961d0c1b	False	10691	48	cross_target_generality_only_not_same_target_replication
PDCD11	98	41	True	False	False	ineligible	c71067d5f7b69cfa9efb35e1f673f9d6286e612be7e2f383357570ccd2238f6e	False	10691	48	cross_target_generality_only_not_same_target_replication
PDCD2	74	39	True	False	False	ineligible	b9470a09150d2186839211720d9683bc8c5b51c422db9f0acf2489d175652cb6	False	10691	48	cross_target_generality_only_not_same_target_replication
PDCD5	194	46	True	False	True	Q3	3531ca46b6139dc997082eaa0accc9551d64ca5ac8997f5950f18ed00e7a482b	False	10691	48	cross_target_generality_only_not_same_target_replication
PDCD6	203	47	True	False	True	Q3	53a19428d4980584ea1e0697c797f41c5aa1552962b598580b46b6333453799b	False	10691	48	cross_target_generality_only_not_same_target_replication
PDCD6IP	257	48	True	False	True	Q4	b827ec79488ca1dc6fc4c8d9c3a1f0157ae879b159dbaa98ff80c8f085125542	False	10691	48	cross_target_generality_only_not_same_target_replication
PDCD7	99	38	True	False	False	ineligible	c80967c45dcdb4d8105f79f7cfa50cbd2bd335f19d22c72ef08e3554bf52efe0	False	10691	48	cross_target_generality_only_not_same_target_replication
PDPK1	80	37	True	False	False	ineligible	0c5e338aeb234fe3cdc442bdeed39e4d8c308b7c014c1bd91c1ad871ecc9f228	False	10691	48	cross_target_generality_only_not_same_target_replication
PDRG1	116	44	True	False	True	Q1	64897ad83f3ef88979505952cbd3c593b223b94723c5a73441b67829b5a41328	False	10691	48	cross_target_generality_only_not_same_target_replication
PEF1	48	31	True	False	False	ineligible	b2825df15cbe93c9e83133bdf300680fd3a1e83be462e55722ac9b44a10bd2d1	False	10691	48	cross_target_generality_only_not_same_target_replication
PELO	286	48	True	False	True	Q4	b1323c09ef9d44a93845010b013b05205892da97c0e18a1d84ec5bfa27aacccd	False	10691	48	cross_target_generality_only_not_same_target_replication
PELP1	69	37	True	False	False	ineligible	218b101ccb37d15b4b0e38a511f606170f9e1e32a7f7841a9f7bd4988ff27314	False	10691	48	cross_target_generality_only_not_same_target_replication
PES1	65	36	True	False	False	ineligible	f492b93b28d271358a627d7aff8bc3c3e318fd8eb4acf4874f21894aefee933d	False	10691	48	cross_target_generality_only_not_same_target_replication
PET117	83	39	True	False	False	ineligible	835dfc8474a5cd95141351c55f3f8eded89de082ba6e9ad80dd595b535f2b9c9	False	10691	48	cross_target_generality_only_not_same_target_replication
PEX1	53	36	True	False	False	ineligible	1f13279c803848b4dc8df5a40698465f28db96fbb1a3448d3b75533557c9d7f6	False	10691	48	cross_target_generality_only_not_same_target_replication
PFDN1	34	20	True	False	False	ineligible	bd966df468a1841e8bbd922867d5addef8f8b49e5344605be35a6198b5cc5cb3	False	10691	48	cross_target_generality_only_not_same_target_replication
PFDN2	86	35	True	False	False	ineligible	5d415223bc4d8598f57ce69d74885769971befc7460357d18087ea47d0fe8898	False	10691	48	cross_target_generality_only_not_same_target_replication
PFDN4	34	21	True	False	False	ineligible	1ccfcd5e2b344835504d767419c6981a1f99f91d601abe3bbd1296cd929d460e	False	10691	48	cross_target_generality_only_not_same_target_replication
PFDN5	110	45	True	False	True	Q1	7d65ef5ce342b1b18fc04194a5e22e8267429d021fe38697dd93faac461b92d4	False	10691	48	cross_target_generality_only_not_same_target_replication
PFDN6	115	39	True	False	True	Q1	b20b9aa7a45533801498dc5345dd8ac5fa1ab8eefdf5d4e14609bd0e754257cc	False	10691	48	cross_target_generality_only_not_same_target_replication
PFN1	259	48	True	False	True	Q4	ab2dcc99e68ac371ad7e6994d7ba33ddd5a8d9f210f5d55b99e155be9f6a9c34	False	10691	48	cross_target_generality_only_not_same_target_replication
PGAM1	160	44	True	False	True	Q2	fec5a53d20d02e727d52fc0086d2f6518772bab48119035e8d7c89689a65e28d	False	10691	48	cross_target_generality_only_not_same_target_replication
PGD	115	45	True	False	True	Q1	d2e19e0737fd338d96053587cd87eedcfabf4a7da4ba12f56d4146dc81721a82	False	10691	48	cross_target_generality_only_not_same_target_replication
PGK1	33	24	True	False	False	ineligible	218cba79265b80019173c715dc2ed865abac59961712b6c13441a1a330e1f9ab	False	10691	48	cross_target_generality_only_not_same_target_replication
PGPEP1	52	28	True	False	False	ineligible	64da16a081f2f536bcc62f3fc949bcf64a932fa02e226c2d67dd13f264101adb	False	10691	48	cross_target_generality_only_not_same_target_replication
PGS1	104	44	True	False	True	Q1	589487d70a061ed4104817bcfe0a833756c2500387ff5eda01d2d58b773927ee	False	10691	48	cross_target_generality_only_not_same_target_replication
PHAX	412	48	True	False	True	Q4	5705dee990732fe6204bb8f24eb727902f62c6b231eb1126e2b518a962b050f3	False	10691	48	cross_target_generality_only_not_same_target_replication
PHB	256	47	True	False	True	Q4	d6a5d505d2e4cdf5af22ec7848455041fa496baf4c1c09c698c8ba692d158734	False	10691	48	cross_target_generality_only_not_same_target_replication
PHB2	415	48	True	False	True	Q4	d87f6e10c59f3a78d98ca2381379d8403b8b7d18f2705f0c57d2af470d73924e	False	10691	48	cross_target_generality_only_not_same_target_replication
PHF12	110	47	True	False	True	Q1	4047e410f836a484f49aceded8c502a931fdc5b30589c29f00730f66e841eb27	False	10691	48	cross_target_generality_only_not_same_target_replication
PHF5A	231	47	True	False	True	Q4	5117c0f3768259481a9955afb2a9644ac812d42ef5eb44ca6de091e5032db381	False	10691	48	cross_target_generality_only_not_same_target_replication
PI4KA	109	43	True	False	True	Q1	72851cc6a160d72646215071d5ece7208b752b32335b612b77e321f579b7fd6b	False	10691	48	cross_target_generality_only_not_same_target_replication
PIAS4	206	48	True	False	True	Q3	67d9c26d7498e51c266df7bf83f9c6c4a7418b3263ffeda3e2decc443335b02c	False	10691	48	cross_target_generality_only_not_same_target_replication
PIGH	85	41	True	False	False	ineligible	b1ae9c3a77aa61b64110165256323ec0db5ff5f105db0a632a2a606054711f2a	False	10691	48	cross_target_generality_only_not_same_target_replication
PIK3C3	115	45	True	False	True	Q1	916f99467d27535bdd1bf5951c19e0939cdd80df715446d21e576d32dc2f71a8	False	10691	48	cross_target_generality_only_not_same_target_replication
PIK3R4	77	39	True	False	False	ineligible	d493efef65a738200c54e74984ae03afdab17079fa2659a73a28185f57ac6e6f	False	10691	48	cross_target_generality_only_not_same_target_replication
PKM	149	48	True	False	True	Q2	ba28e57c48d41e41f07b72adfbf3fb03ed06d38cf99ddbaac19cea60c956d803	False	10691	48	cross_target_generality_only_not_same_target_replication
PKMYT1	92	40	True	False	False	ineligible	155a47c17bcbf5766c8c33039119e180e8390d4335af072722fb338b9be05302	False	10691	48	cross_target_generality_only_not_same_target_replication
PLA2G10	202	47	False	False	False	ineligible	46140093520a2bff2d34b052734028bd3479cfbc3e6c2f0fb6a0df1bae584595	False	10691	48	cross_target_generality_only_not_same_target_replication
PLEKHN1	104	44	False	False	False	ineligible	339566bae03f668268c68eb9dae2817188dcf0439cfb80e7b69898122a1ae12b	False	10691	48	cross_target_generality_only_not_same_target_replication
PLK1	60	33	True	False	False	ineligible	a30bb21e72647a26c4fe6a45bae0c219902626d2220d0de3e9eb86a09f0e7b96	False	10691	48	cross_target_generality_only_not_same_target_replication
PLK4	32	22	True	False	False	ineligible	33dc70d15e69575bfa9c1b95e40caa9f9b501b3c94f0a41aef3bc02ffce907bb	False	10691	48	cross_target_generality_only_not_same_target_replication
PLRG1	94	40	True	False	False	ineligible	7e55c6868050cbec5c7e3446ede861cebc6673b6e033b52db019f534075c180a	False	10691	48	cross_target_generality_only_not_same_target_replication
PMF1	265	48	True	False	True	Q4	c94758fe72329c36578fbbde6c07f2623409ba4c815ef07d5dfbb4d7c382f0d0	False	10691	48	cross_target_generality_only_not_same_target_replication
PMPCA	140	47	True	False	True	Q2	e0013e48df905ac989777c2dbf3ed7ffc98a09337f7e1f6c5149f22da2e2c51d	False	10691	48	cross_target_generality_only_not_same_target_replication
PMPCB	553	48	True	False	True	Q4	739622e496b253c87df1f1062163dc566645a5d774f85596272b0d5e66264d87	False	10691	48	cross_target_generality_only_not_same_target_replication
PNISR	196	46	True	False	True	Q3	dfb604ef55043f03fe78f231ebbb038de1dd2ca6737ac4087b1ef6d62fefb345	False	10691	48	cross_target_generality_only_not_same_target_replication
PNKP	185	48	True	False	True	Q3	08ff929387d23e4784f8e1a77ab6db5574d0fee988221eef1a2d3816e7f27e3b	False	10691	48	cross_target_generality_only_not_same_target_replication
PNN	86	42	True	False	False	ineligible	3c0a9ab6bda913b81093716d039d9ba317e85ea05b0729b951a4ebccbc04c54b	False	10691	48	cross_target_generality_only_not_same_target_replication
PNO1	134	42	True	False	True	Q2	407ff468467cde8b58b016986a2c3e4e4eee1d2f1c38976e6db10f9e4cda1def	False	10691	48	cross_target_generality_only_not_same_target_replication
PNPT1	131	46	True	False	True	Q2	17cf74afe05a59e625a26a3a57108f1a24e647fe34cf441cce5be6a157aa1adf	False	10691	48	cross_target_generality_only_not_same_target_replication
POGZ	38	29	True	False	False	ineligible	eea3181d3d68071d38c5b5e5b2598bf1835ddaed0dfec672513307050d17f724	False	10691	48	cross_target_generality_only_not_same_target_replication
POLA1	230	48	True	False	True	Q4	4acd8484724784fac37fa79f9c4b3dd9eb5a439330a06758250b3dbeefa5df43	False	10691	48	cross_target_generality_only_not_same_target_replication
POLA2	234	46	True	False	True	Q4	5fc847820dd1b1dbc68835ca0bfb76d214a205a191ee6c40f83835bec7a2fcf0	False	10691	48	cross_target_generality_only_not_same_target_replication
POLD1	212	47	True	False	True	Q3	acc2b978d180979ff58ca6ec3d8bccdff74b7ae70e2420861d1943fa89e4ac0b	False	10691	48	cross_target_generality_only_not_same_target_replication
POLD2	78	35	True	False	False	ineligible	15b7a720c74d5297f2ba9138a70e6c5ebd90955183c8abad4d5ecca0d0d30b63	False	10691	48	cross_target_generality_only_not_same_target_replication
POLD3	68	38	True	False	False	ineligible	0649b16d0be5f677b956502ceba11986160d66160aa993bce3a5d987d74ed00b	False	10691	48	cross_target_generality_only_not_same_target_replication
POLE	168	45	True	False	True	Q3	64db31656d818aca73e733f17597889ff89c6b989beb00d8d3aeb1c91cbeab65	False	10691	48	cross_target_generality_only_not_same_target_replication
POLE2	56	36	True	False	False	ineligible	20b8736f25048900babde6d9fdf487a3338d5de3e296f3a24424b010dd703703	False	10691	48	cross_target_generality_only_not_same_target_replication
POLG2	156	45	True	False	True	Q2	e0fed2daee9dfa1e162248da011e4c146bb9d98dcef5d149dbc0ea28dd79fb82	False	10691	48	cross_target_generality_only_not_same_target_replication
POLR1A	127	47	True	False	True	Q1	2e21928046ad5d7eb57d13b2d06647efc46ad0a247200756e4362cc734e00bd6	False	10691	48	cross_target_generality_only_not_same_target_replication
POLR1B	181	47	True	False	True	Q3	b0c0bd64535b6d9f1d2574a21bde4a59515c700572687ca272a19f35cc3fa072	False	10691	48	cross_target_generality_only_not_same_target_replication
POLR1C	187	47	True	False	True	Q3	915a63788aa4bc3b77896ce5ec568aa7604a359f3af93869b235ef488473fdb4	False	10691	48	cross_target_generality_only_not_same_target_replication
POLR1E	209	48	True	False	True	Q3	1fd77b1646614b66a39760aa93b28d4a50819af6e9da4d89720f91d5d23832c2	False	10691	48	cross_target_generality_only_not_same_target_replication
POLR2A	410	48	True	False	True	Q4	85a7ee486eb39f774991e4a95c28f4bce60953590cbdb4fcb434fa629ecf4983	False	10691	48	cross_target_generality_only_not_same_target_replication
POLR2B	320	47	True	False	True	Q4	49c0e2eb7c45847f339a677e7af4f1e1a5f61f9480e14c6a52c6a140cb733587	False	10691	48	cross_target_generality_only_not_same_target_replication
POLR2C	185	47	True	False	True	Q3	b263c1cf037580a6ce2706dc51ebc7a9c615a85f655bc9e41c60fe75dde5a148	False	10691	48	cross_target_generality_only_not_same_target_replication
POLR2D	281	48	True	False	True	Q4	cbf9719081043ed2a99a1ed331b8660ff4c319150769f821a3bdd18de7bab714	False	10691	48	cross_target_generality_only_not_same_target_replication
POLR2E	225	48	True	False	True	Q3	118a99889639dee0c383c95f3f25a440a9ccf9d8390fd6386410d6c4f412bb71	False	10691	48	cross_target_generality_only_not_same_target_replication
POLR2F	337	48	True	False	True	Q4	700b365678091d4f944083d6d9eba5de6228824c4f57b45ec7f85171074d5272	False	10691	48	cross_target_generality_only_not_same_target_replication
POLR2G	155	46	True	False	True	Q2	94a2965cd72a0830f418d58828c072e515119dc80174c36c99f4a06776b444e2	False	10691	48	cross_target_generality_only_not_same_target_replication
POLR2H	102	41	True	False	True	Q1	392dcf49ea21896e6970ced7b74134880053a586629dafe5dc0bce00170f8457	False	10691	48	cross_target_generality_only_not_same_target_replication
POLR2I	223	47	True	False	True	Q3	cc842f04181116db10ea14ff7e8f1716d24c75891f4bf6967b4bba3c8e3aa99e	False	10691	48	cross_target_generality_only_not_same_target_replication
POLR2K	22	16	True	False	False	ineligible	37146177a38fe1c57d50c19802e94a935d4168a8101f472e224961f7a860dab1	False	10691	48	cross_target_generality_only_not_same_target_replication
POLR2L	62	34	True	False	False	ineligible	0cf629243a5126637fcefb06dadd4b4f6c9c3c07d11965e1f4b0f18aa9237fbd	False	10691	48	cross_target_generality_only_not_same_target_replication
POLR3A	6	6	True	False	False	ineligible	1296a904b448499d657428db4057204a52a9344925760a955d87eebafd446206	False	10691	48	cross_target_generality_only_not_same_target_replication
POLR3B	113	42	True	False	True	Q1	f6130b8a6c658d94ddf2a2587aa009edd24305486fd56679fd3f9c3f895e5c4a	False	10691	48	cross_target_generality_only_not_same_target_replication
POLR3C	175	47	True	False	True	Q3	69cde6156fd3280fbc4dfea739894fec2af20fa629b6f305d48ee6aa808c8823	False	10691	48	cross_target_generality_only_not_same_target_replication
POLR3D	118	42	True	False	True	Q1	e11cdb19b8512cf0897bcf2c73c5a65f4a55f1bbbcd56deb58d4214e595a0ad0	False	10691	48	cross_target_generality_only_not_same_target_replication
POLR3E	221	46	True	False	True	Q3	74bcb4de38df0932d7d3582cea89136dd98361c627638da966c031936e6323f5	False	10691	48	cross_target_generality_only_not_same_target_replication
POLR3F	165	47	True	False	True	Q3	576638379b23444e9325122eb54d36ee81eff435d6f7de78448a9a4623441a26	False	10691	48	cross_target_generality_only_not_same_target_replication
POLR3H	109	46	True	False	True	Q1	3ebd22ee52b0c04e69bf684542ae519ea3e3ba4a933530e4199c36de4957b6f9	False	10691	48	cross_target_generality_only_not_same_target_replication
POLR3K	108	39	True	False	True	Q1	e6d12f1abad9bbc24de1ba0c02b022cfcbeb8940eb0f77a86b7cb76fbe6e6f10	False	10691	48	cross_target_generality_only_not_same_target_replication
POLRMT	214	48	True	False	True	Q3	f8e8976005e4ed328e48153dd670133c440fc6f5e4736f677e9b0b8be8cb2da7	False	10691	48	cross_target_generality_only_not_same_target_replication
POP1	84	41	True	False	False	ineligible	749047ad09f842a3dbd940d821143d3e86255e2ac032fc7977054961e14d246e	False	10691	48	cross_target_generality_only_not_same_target_replication
POP4	128	43	True	False	True	Q2	3a4abaa1f45c08528f1829c7e8ccd1831718fdc12d264860e05c4ba187953986	False	10691	48	cross_target_generality_only_not_same_target_replication
POP5	56	34	True	False	False	ineligible	11af6e37f97fe3cfaee15f1b8585d77c00e36d8de1782c1eef8d724128cc2ab9	False	10691	48	cross_target_generality_only_not_same_target_replication
POP7	218	48	True	False	True	Q3	7bc1b253bfd1a68b156e41270bba827ce7716fb446f3f3a53db7af83e248bb29	False	10691	48	cross_target_generality_only_not_same_target_replication
POT1	5	5	True	False	False	ineligible	41acd068b2e9d0d4f23ac8e2769c62ffef28f0b52e3af5064e00e5de4253ca64	False	10691	48	cross_target_generality_only_not_same_target_replication
POTEI	126	43	False	False	False	ineligible	8813e42f1b01ef4396e1444dd6d440b15d8d8fcc1f3febcc2573d8176212bcd7	False	10691	48	cross_target_generality_only_not_same_target_replication
POU5F1B	81	42	False	False	False	ineligible	63463daa55de463d2698d71f530ca66a899839875486c6cb7cc6913b0bb5e91a	False	10691	48	cross_target_generality_only_not_same_target_replication
PPA1	143	46	True	False	True	Q2	6cfb859ce0f8475ef4c9e6857562935e5e2e0f660576a56e4beb2875a1237c00	False	10691	48	cross_target_generality_only_not_same_target_replication
PPA2	64	40	True	False	False	ineligible	c2e598a39f9ed13be2598e48001efad00b13c888e4dfe5a8dc28d747d9901e4d	False	10691	48	cross_target_generality_only_not_same_target_replication
PPAN	103	41	True	False	True	Q1	9b906e9110c58a9fc7611d0839d84fa5644a61ab438a09cda738790975a08fcf	False	10691	48	cross_target_generality_only_not_same_target_replication
PPARGC1B	142	45	True	False	True	Q2	6d8c3af93bb6e246e7aeb1cfe1b6d34253b4d8360e4ed417af496a91f9e737ba	False	10691	48	cross_target_generality_only_not_same_target_replication
PPIA	158	46	True	False	True	Q2	648fe2ab02a7049b1d62112cd6660ff26a505c5e520e1f56e38bae74311b44ec	False	10691	48	cross_target_generality_only_not_same_target_replication
PPIE	46	28	True	False	False	ineligible	f9178d7768e1fb32ba96d05d258a9a2758ea2a20b2064cc8226f4be1bc38a51d	False	10691	48	cross_target_generality_only_not_same_target_replication
PPIH	114	44	True	False	True	Q1	0f60c5440c36d4e019a58722dfe7a54c5eae1b484ffa67a98cdd047ce2388ce9	False	10691	48	cross_target_generality_only_not_same_target_replication
PPIL1	24	18	True	False	False	ineligible	8a77ff2a4034e03726b11b5a284b5142d97ac73c56142091a00c363e9b6e5e55	False	10691	48	cross_target_generality_only_not_same_target_replication
PPIL2	130	43	True	False	True	Q2	61fa20d9e5ed37dd35c78b47dd36463715911d74e28e20bcf0164fe1c5aeb4c8	False	10691	48	cross_target_generality_only_not_same_target_replication
PPIL4	74	38	True	False	False	ineligible	c6bc3af8a8c3165257eff8537de6490b52029f78c86623581fa65d05fe8947d2	False	10691	48	cross_target_generality_only_not_same_target_replication
PPME1	222	47	True	False	True	Q3	e636b7a74f5c7c812ff7f29ce5a67eaa9f61633bc3021df6d41efc93d3d16aee	False	10691	48	cross_target_generality_only_not_same_target_replication
PPP1CA	248	48	True	False	True	Q4	4f7844b14ae7bc6596594dfea3026ee5d2d36f6555a9eb351f877cd1f197a848	False	10691	48	cross_target_generality_only_not_same_target_replication
PPP1CB	160	45	True	False	True	Q2	61e623945dac0063d705946e71b29d0f526edf8c19d02a80babe3685b34120a7	False	10691	48	cross_target_generality_only_not_same_target_replication
PPP1R10	7	7	True	False	False	ineligible	eab62e676c93a893c617a7d232d7bfef68f14b0a771f2000d1d769d1d5d84b2a	False	10691	48	cross_target_generality_only_not_same_target_replication
PPP1R11	77	39	True	False	False	ineligible	c51455937c2210377cbc71b30424e2a92f3e0984e5ba8f9748c13a67bf506745	False	10691	48	cross_target_generality_only_not_same_target_replication
PPP1R12A	179	48	True	False	True	Q3	ce3c3c2ae7baa5b122900a4d357b46a5ddb07a30caa122538d96cd8c628e996a	False	10691	48	cross_target_generality_only_not_same_target_replication
PPP1R15B	135	44	True	False	True	Q2	8a03a8eed9deef6b422fa32ab6b4c16114df1282aef9f0cc6a53a8adcb29affd	False	10691	48	cross_target_generality_only_not_same_target_replication
PPP1R2	80	40	True	False	False	ineligible	8cb5b1b5009c07581a9ea7b55b4371fd62d8af43bafbfe48f716fbc2f320ac68	False	10691	48	cross_target_generality_only_not_same_target_replication
PPP1R7	63	35	True	False	False	ineligible	4974e9fd8beb6143d4cb9e04b16eeb84e8acb4d38d9fffd0bdf6727aa3882ca9	False	10691	48	cross_target_generality_only_not_same_target_replication
PPP1R8	69	37	True	False	False	ineligible	18c4d66943d96bd34d9aa8d0923cb59167b28e3dc321d2fe4a74f4e766577382	False	10691	48	cross_target_generality_only_not_same_target_replication
PPP2CA	184	48	True	False	True	Q3	460d771ef2d7fe5bbbf78149dd5f2f75b0a52dfe731fc10a4eefef059a086dba	False	10691	48	cross_target_generality_only_not_same_target_replication
PPP2R1A	455	48	True	False	True	Q4	83fed90b5f037241d987f9375e0b349c712434c243b9d3030442ed02f7534647	False	10691	48	cross_target_generality_only_not_same_target_replication
PPP2R3C	52	33	True	False	False	ineligible	f0b2e87a504833880c62af34315b19a1498887337be9082b62d363848f3322f0	False	10691	48	cross_target_generality_only_not_same_target_replication
PPP4C	171	47	True	False	True	Q3	933557076fb3148f92c32fcfc884ac1df42967c3cdc9b4eb085e10084caf8250	False	10691	48	cross_target_generality_only_not_same_target_replication
PPP4R2	187	48	True	False	True	Q3	bc60d0b12bda21f426c97acc18ff4a46f91eb7ded4525db5ddfcb033ba5c872d	False	10691	48	cross_target_generality_only_not_same_target_replication
PPP6C	114	44	True	False	True	Q1	bfe42a6dde6a076e4832227402916e49040bc6b8096e349d2579ee8fc59e013f	False	10691	48	cross_target_generality_only_not_same_target_replication
PPRC1	122	45	True	False	True	Q1	b5660bb6adca6b80d428e2483c88d0985dedc79386003c0c433f2a58a26e7bbf	False	10691	48	cross_target_generality_only_not_same_target_replication
PPWD1	24	22	True	False	False	ineligible	73e7c7a974bf35de7bb2df86a774b17fe288e6a2a27797eb5288b22301c5ede1	False	10691	48	cross_target_generality_only_not_same_target_replication
PPY	10	8	False	False	False	ineligible	d4901fb12c8432cc2f4da66de5b8a2068318f54b5f2beaa434244e3f3dcfea79	False	10691	48	cross_target_generality_only_not_same_target_replication
PRC1	187	46	True	False	True	Q3	f9d7d2e24ae485df11f601da750d15ad15b0483fcc41be18c45b0b23f7553275	False	10691	48	cross_target_generality_only_not_same_target_replication
PRDM10	14	14	False	False	False	ineligible	1e1e5012fb43d0c4dddc0fe5f4e18c39bda4893d8d05a124344bc114d080cae9	False	10691	48	cross_target_generality_only_not_same_target_replication
PREB	40	27	True	False	False	ineligible	88980a691074b92e92d63f399c816b84e2b5c0d7521da127719ef918dac109b7	False	10691	48	cross_target_generality_only_not_same_target_replication
PRELID1	152	45	True	False	True	Q2	67b7675b82d6d986a108922f6a87eb40d2d05524c20086a0f63f9392a78ea0f0	False	10691	48	cross_target_generality_only_not_same_target_replication
PRELID3B	273	48	True	False	True	Q4	ffbfc831e58707634686f35526ece2cf82a6fcf63d1b2e05da068e42077bd320	False	10691	48	cross_target_generality_only_not_same_target_replication
PRIM1	181	46	True	False	True	Q3	168ce60d9467039092d843ebad55d4a5f2b0dd5a0132618e911fa742f5e2d572	False	10691	48	cross_target_generality_only_not_same_target_replication
PRIM2	156	46	True	False	True	Q2	12a5d92962937d7f43405c8e28f702fb93cce48a5f130059cef9021b945da291	False	10691	48	cross_target_generality_only_not_same_target_replication
PRKRA	78	38	True	False	False	ineligible	938efb608a2c4a1dcb97802f238312980c7b07194cd1893449fa4297c141ee39	False	10691	48	cross_target_generality_only_not_same_target_replication
PRKRIP1	182	45	True	False	True	Q3	7e1609f0530f60a35598b2c327670a2892ae48d40058b6e951aad9333e23feff	False	10691	48	cross_target_generality_only_not_same_target_replication
PRMT1	58	33	True	False	False	ineligible	e89ded9f44620e5f7a716c4532f43eb0f6fb4cbe6674040f15e2ac5e70a34ed7	False	10691	48	cross_target_generality_only_not_same_target_replication
PRMT5	127	43	True	False	True	Q1	ee1cd5bc8080e94ecd8ff5a185112cf8b493f8207d301940f38e90b3cbf5928c	False	10691	48	cross_target_generality_only_not_same_target_replication
PRODH	379	48	False	False	False	ineligible	46cd2d9a86e2c47720c43cbce15b6f7375c465102c97bf99ba8d1f39c5f6e244	False	10691	48	cross_target_generality_only_not_same_target_replication
PRORP	42	28	True	False	False	ineligible	7d9b9c0723e8c575592ddc8d5e4ecf52a7a5defa6ae0937cb5d79ee5c24b734c	False	10691	48	cross_target_generality_only_not_same_target_replication
PRPF18	268	48	True	False	True	Q4	f0b53a3c33fa8a5dfce065eaec677898d6e79a3829fb33d9cd5b93d633ecc51e	False	10691	48	cross_target_generality_only_not_same_target_replication
PRPF19	112	45	True	False	True	Q1	7d3bcb0aaa29067d513b206a7ae0a20eb2096cef4b2b978c5468032d41a6df87	False	10691	48	cross_target_generality_only_not_same_target_replication
PRPF3	143	47	True	False	True	Q2	9d49c1ec14e330fce20959eeb185f4e0888696ac852bae2403186831af9b2925	False	10691	48	cross_target_generality_only_not_same_target_replication
PRPF31	27	22	True	False	False	ineligible	6b37019736ccc65a37c8d8a81fd478052e2e467798bda85351f32fa8743bcfe2	False	10691	48	cross_target_generality_only_not_same_target_replication
PRPF38A	19	14	True	False	False	ineligible	f38907b867c20a0c45e6786f23f8ee8557af227999babb4f089eb300398d5e90	False	10691	48	cross_target_generality_only_not_same_target_replication
PRPF38B	29	23	True	False	False	ineligible	8386d504da3679aca258a45394d4fb80c37a4b0435ab16020c2d97647685787b	False	10691	48	cross_target_generality_only_not_same_target_replication
PRPF4	117	43	True	False	True	Q1	22b4375a99a42a8495ff5fed9628d3dd71ae7d6f0f1917eb9718eb239ffd294b	False	10691	48	cross_target_generality_only_not_same_target_replication
PRPF40A	118	43	True	False	True	Q1	ae96300b6caccf77eef3b74f5753811434b988197c288631b6edf8f957f8cf0b	False	10691	48	cross_target_generality_only_not_same_target_replication
PRPF4B	208	47	True	False	True	Q3	d490336060388d80f6d5ee1493f2cfb3b2c919218d6b8ae007dd0bfe9d485e00	False	10691	48	cross_target_generality_only_not_same_target_replication
PRPF6	232	48	True	False	True	Q4	91ade6c56da8aefc6eae79de70264908c7518ebd36a14641100de06e6bd47aa2	False	10691	48	cross_target_generality_only_not_same_target_replication
PRPF8	150	47	True	False	True	Q2	93c29db92347fba35f432ef5e9d53b2b3cd817be7061eab92928b0a094da0acd	False	10691	48	cross_target_generality_only_not_same_target_replication
PRRC2A	89	39	True	False	False	ineligible	a293acc27d7bd45f5faf3819cb9ad19c878865a743eb8400b50fd53393b14cba	False	10691	48	cross_target_generality_only_not_same_target_replication
PSAT1	72	38	True	False	False	ineligible	5ff0d6eaa124290ea506b16ef3d9b2922835f9034be6591bfb8af690b6700bbb	False	10691	48	cross_target_generality_only_not_same_target_replication
PSMA1	170	45	True	False	True	Q3	306e00b0cedc523aecbf2066fde22d57ab4a314c2dbe6d9a2320cb1f1c98e62c	False	10691	48	cross_target_generality_only_not_same_target_replication
PSMA2	64	35	True	False	False	ineligible	7e44c20414c261f9ac2f14755af1ec7ffdea70e5649a83f195923ea091e51b1d	False	10691	48	cross_target_generality_only_not_same_target_replication
PSMA3	372	48	True	False	True	Q4	3b4fa59b9d8388baded4bd364491718a669f6f08ede81c85d96d89af6d591ee4	False	10691	48	cross_target_generality_only_not_same_target_replication
PSMA4	388	48	True	False	True	Q4	397f7e3960f095840058f8f055985a1911d7140ec7161b5233689a9ffaface48	False	10691	48	cross_target_generality_only_not_same_target_replication
PSMA5	25	19	True	False	False	ineligible	547bb745b9e06e69c84543165c0de87c38967bcb27d089bd9061888f5641e546	False	10691	48	cross_target_generality_only_not_same_target_replication
PSMA6	40	26	True	False	False	ineligible	fb6450f02d5f3f13bdd080b17507f7a9f9db03b0279b241f5cfc11a06f98792f	False	10691	48	cross_target_generality_only_not_same_target_replication
PSMA7	41	29	True	False	False	ineligible	93304da220df539e37e3afffd39be5ce9f4308f7be4962e28c3063598be1fed7	False	10691	48	cross_target_generality_only_not_same_target_replication
PSMB1	143	44	True	False	True	Q2	32bbd8e23db7daaabe22d219c8ccdbd64232cf74ea4eb5936ad80fccd5085d76	False	10691	48	cross_target_generality_only_not_same_target_replication
PSMB2	53	38	True	False	False	ineligible	3c6a0db7d34160e2a6bfcd48a5486ec7cc5ccbef43155a48f603a879a0e43938	False	10691	48	cross_target_generality_only_not_same_target_replication
PSMB3	31	21	True	False	False	ineligible	20bf18b36bf748a3ed059f70c4e1c2e5f5da6a7b9c0170c25275adf2c0b2704f	False	10691	48	cross_target_generality_only_not_same_target_replication
PSMB4	101	44	True	False	True	Q1	9bb75dda8613a0061827baf9ae28e4fe10fd4fb6168cc9abe685fd91b5cc041c	False	10691	48	cross_target_generality_only_not_same_target_replication
PSMB5	270	48	True	False	True	Q4	71f31e2e684a896e31a128607dc8b295e115693638e8be239ea527472e16ccad	False	10691	48	cross_target_generality_only_not_same_target_replication
PSMB6	200	47	True	False	True	Q3	1499eaff1f90806e02a34b1be886bd03a568eaa339fd16b4e09aa10f31b893a2	False	10691	48	cross_target_generality_only_not_same_target_replication
PSMB7	404	48	True	False	True	Q4	29b4e5b755babeb18952763e73294e84053b71efa4ccebde8841c9be569fcefe	False	10691	48	cross_target_generality_only_not_same_target_replication
PSMC1	316	47	True	False	True	Q4	d3a099a07ed122c1bfa18191b09e0b0112f8abedbe2d6daac14a3967171ee40e	False	10691	48	cross_target_generality_only_not_same_target_replication
PSMC2	432	48	True	False	True	Q4	64ad6514c1dd56cb46164a7b113b7b8392d61c6b886fbed5f9f7193532d2731d	False	10691	48	cross_target_generality_only_not_same_target_replication
PSMC3	41	29	True	False	False	ineligible	656000528a4c1ba937cafdc1d928aa5038db5cfced660c216114fd4da31230c2	False	10691	48	cross_target_generality_only_not_same_target_replication
PSMC4	242	48	True	False	True	Q4	1099a62234cfa016e120f0fa1b8193743ea6d6d686b410a8275987bbde813a49	False	10691	48	cross_target_generality_only_not_same_target_replication
PSMC5	17	14	True	False	False	ineligible	c6dc1210cca11d6e9fb90755c8aeb5ea2fd20dd1692e68364b26e93d2efd4cf7	False	10691	48	cross_target_generality_only_not_same_target_replication
PSMC6	151	47	True	False	True	Q2	7a2798b2e3c63359c5294f8c0b2fc5ee05748973b801f5602b642ed01b7ff0a7	False	10691	48	cross_target_generality_only_not_same_target_replication
PSMD1	281	48	True	False	True	Q4	35dde20dbe84697bf4ad937d812b904ce495e07ddcdfc59432909bc0713f30a8	False	10691	48	cross_target_generality_only_not_same_target_replication
PSMD11	80	39	True	False	False	ineligible	3c1fd7b87e8810d840e9f75a7750a7bf7ceeff48e81477c54bee4545ac060a20	False	10691	48	cross_target_generality_only_not_same_target_replication
PSMD12	265	48	True	False	True	Q4	21f7bbe00d71523d59fc358d6d7aa3697b7d43f2f6ac75cc9790595d9b5a0db1	False	10691	48	cross_target_generality_only_not_same_target_replication
PSMD13	122	41	True	False	True	Q1	3a6c85b9961117df0acfc8e3c5acdec233613a3759d6d50d6f961a651c1c9c37	False	10691	48	cross_target_generality_only_not_same_target_replication
PSMD14	10	10	True	False	False	ineligible	d50bd2cdeff2dcc545bef9687aeb29211d5a82a42d34c986658c1e9015ea9d3d	False	10691	48	cross_target_generality_only_not_same_target_replication
PSMD2	63	31	True	False	False	ineligible	c8156dc45b723f9ad44624b72cfebfea11fd8e9d69025f8bc0862db2c8b0f06d	False	10691	48	cross_target_generality_only_not_same_target_replication
PSMD3	64	38	True	False	False	ineligible	f4fd7e0a46cff4ba4208dc50dc13cf414bbbbdd0c25fb2bf8f1f72c45e180bb9	False	10691	48	cross_target_generality_only_not_same_target_replication
PSMD4	352	48	True	False	True	Q4	c9fd0cff702e09c40981e129ccb42b5d02fcd97590a1469080c6116a57db3d44	False	10691	48	cross_target_generality_only_not_same_target_replication
PSMD6	555	48	True	False	True	Q4	c4e887407324f9c486eee7ac9ece4fd2b1a0ffa518ab3f2c82df4308e51894d5	False	10691	48	cross_target_generality_only_not_same_target_replication
PSMD7	373	47	True	False	True	Q4	cbae14304a28c50fd950a02a9514d43ed9258fedbc289aba6fa5670a88f111cd	False	10691	48	cross_target_generality_only_not_same_target_replication
PSMD8	22	17	True	False	False	ineligible	bd99cd1ee7f650283c43876278ec2c55bfc73caedeffb59bec79c16821fef5d1	False	10691	48	cross_target_generality_only_not_same_target_replication
PSMD9	94	42	True	False	False	ineligible	10b9eb46b04e9f9964084268d98f7914c7042c728e7b2cd48ddb7dc7964b781b	False	10691	48	cross_target_generality_only_not_same_target_replication
PSME1	121	45	True	False	True	Q1	cae4bbcaf5ef5bcf9eadfddefe9b3b0900f957884c194fc0da612f30cb28de58	False	10691	48	cross_target_generality_only_not_same_target_replication
PSME2	151	46	True	False	True	Q2	cbfa5ddeef9c2470968b096272954426cb99c317c9232e126cfc91ded246225a	False	10691	48	cross_target_generality_only_not_same_target_replication
PSMG1	109	43	True	False	True	Q1	8326a7cf7d9efee2157b4fb2fdf317448231659720c2d33042f6335fd840a9e4	False	10691	48	cross_target_generality_only_not_same_target_replication
PSMG2	164	48	True	False	True	Q2	14f3fd343eed85fe538aa5fc22d247fd8728bc47bf8605f73c48fc1cbbeea460	False	10691	48	cross_target_generality_only_not_same_target_replication
PSMG3	439	48	True	False	True	Q4	29ac9fa0714c3ed741dc0696e8651ea7e99f0b16f683f2dfda102ea736fa1df9	False	10691	48	cross_target_generality_only_not_same_target_replication
PSMG4	62	35	True	False	False	ineligible	84d826e8f84dd2037751446f4153610bddcb289a4cd8eb5f8c1b70d4d0389629	False	10691	48	cross_target_generality_only_not_same_target_replication
PSTK	379	48	True	False	True	Q4	da22d0eaff3d632180c716bf41c9811c36b30a5f8a4424923303427a2a2349a6	False	10691	48	cross_target_generality_only_not_same_target_replication
PTBP1	152	46	True	False	True	Q2	f149cb8a11429ddbb4860e6117c17c9d27a122f69bfb4cee1627de9fd50345bd	False	10691	48	cross_target_generality_only_not_same_target_replication
PTCD1	267	48	True	False	True	Q4	9b0a6f8acb968118f2739b90ae2da0d66f8422bfa28821684920b70a7dc8479d	False	10691	48	cross_target_generality_only_not_same_target_replication
PTCD3	65	37	True	False	False	ineligible	3b5070b07e485a71c5ff734a27a1b90d033b75e5bc5fd3c7420b525717175474	False	10691	48	cross_target_generality_only_not_same_target_replication
PTK2	144	43	True	False	True	Q2	b266c4b4df751c4b61e4ef92990f941431284cee846d279b80062a06a8e408bb	False	10691	48	cross_target_generality_only_not_same_target_replication
PTMA	152	45	True	False	True	Q2	f441d6f1ec95e31db1373af21a8cedc5ffb7d05a74a99c3320859c54dbb76c70	False	10691	48	cross_target_generality_only_not_same_target_replication
PTPMT1	183	46	True	False	True	Q3	9a5a5c7b1bb21a22bd81f088aea0814b215d7b660959be5178554ef17290e055	False	10691	48	cross_target_generality_only_not_same_target_replication
PTPN23	140	44	True	False	True	Q2	37141e75febee082c21541f25b077ddc7030dae66fc719e39ec5e0bd9b5645fb	False	10691	48	cross_target_generality_only_not_same_target_replication
PUF60	89	37	True	False	False	ineligible	7c03fae5eab235afa76350dac11a87d1c85a4369a92b2bfc75dab2d61e8d643d	False	10691	48	cross_target_generality_only_not_same_target_replication
PWP1	69	36	True	False	False	ineligible	d72a5fc75911f27799bb4008f36caa9306e8ff2ed469f7690202807e356db1ff	False	10691	48	cross_target_generality_only_not_same_target_replication
PWP2	51	32	False	False	False	ineligible	8750520624ff613db1c32db7574c99e80c512c1e6a16bccc1c68f7c64bf2abcd	False	10691	48	cross_target_generality_only_not_same_target_replication
PXN	161	44	True	False	True	Q2	67a0fb086906b91d67aa72418061a08eba4460c31148d78b7fe94dad2dfe5370	False	10691	48	cross_target_generality_only_not_same_target_replication
PYROXD1	100	43	False	False	False	ineligible	56e532986f5aee33ff04975d29fd27d041d6bbbc7b576e0b16af365e58570a41	False	10691	48	cross_target_generality_only_not_same_target_replication
QARS	400	48	True	False	True	Q4	83706aa7867d97d34b56c64ff45c6cd64030e1964b97510c40c5d46f68c1dde5	False	10691	48	cross_target_generality_only_not_same_target_replication
QRSL1	126	44	True	False	True	Q1	eadc652d8870ad18dd90dcac166d5b6824dd43e5b8ef00e509ca9efd860b141f	False	10691	48	cross_target_generality_only_not_same_target_replication
RAB18	43	28	True	False	False	ineligible	1147d2d3e6390db69ecde3aaf916917c27c119194e199d3e47c3c7186daa999a	False	10691	48	cross_target_generality_only_not_same_target_replication
RAB4A	303	48	True	False	True	Q4	6b53739032fe9378d55025c9d401a7161eba70de61b9b601d464297a3c928a1f	False	10691	48	cross_target_generality_only_not_same_target_replication
RAB6A	59	33	True	False	False	ineligible	2ff5b4dc2687ca67a5511f36ad6d5a0c828a01097a0d6aba95975e1cbbd93cb7	False	10691	48	cross_target_generality_only_not_same_target_replication
RABGGTA	116	47	True	False	True	Q1	836cdc327685d8317b535d0090c9af739d41be4f14d162a0e0033fcb74c331ac	False	10691	48	cross_target_generality_only_not_same_target_replication
RABGGTB	169	48	True	False	True	Q3	b9538237a5621ef3809f260d3e67e378d88c7d54f6505caebcff2b90554e2dec	False	10691	48	cross_target_generality_only_not_same_target_replication
RAC1	194	47	True	False	True	Q3	f77f4ea5ddb52167a880a6ef2c7feed52be4deb29bc058650ad7f3cd4e329ff4	False	10691	48	cross_target_generality_only_not_same_target_replication
RAC3	220	48	True	False	True	Q3	2674dc9a250b477558398793d0352788e8adbf092e7ddb14d0725212c56b7d6b	False	10691	48	cross_target_generality_only_not_same_target_replication
RACGAP1	175	45	True	False	True	Q3	ce3214e6dad1c018c7d0858fc366c35d8e4b6503d295de9b9f2c3864077f742a	False	10691	48	cross_target_generality_only_not_same_target_replication
RAD17	129	44	True	False	True	Q2	a65e41312a6282bcc5664f0673e2deaa688b4c1382c377cfe1f9ec530f6a358a	False	10691	48	cross_target_generality_only_not_same_target_replication
RAD21	117	44	True	False	True	Q1	86fca1cebcb44ae223459972621c8eaaea8ee383034b7de611bb8e9859fc7a54	False	10691	48	cross_target_generality_only_not_same_target_replication
RAD51	241	47	True	False	True	Q4	10946830a37591f2ee5f8ae5f4fac6291ef7d04759b45697ae9b9a793d15dd37	False	10691	48	cross_target_generality_only_not_same_target_replication
RAD51C	65	36	True	False	False	ineligible	6291f6b5c44c5afb4bb713048207f0c79a6f9439ef78178af76761e846c68e3e	False	10691	48	cross_target_generality_only_not_same_target_replication
RAD51D	142	46	True	False	True	Q2	9975c75974bc2b88deb8b1c95ea352af180f81a67baf234ea7cd3f8ee0f9ca86	False	10691	48	cross_target_generality_only_not_same_target_replication
RAD9A	41	30	True	False	False	ineligible	4e7f478363dc3f2eb4986a0acdc3053a90e9434e02e04ed87bd0da03eab0abd6	False	10691	48	cross_target_generality_only_not_same_target_replication
RAE1	59	35	True	False	False	ineligible	b8f4475903ef27d86c6ff9864a486e804922a9606395d84c1775c3b0800957c7	False	10691	48	cross_target_generality_only_not_same_target_replication
RAN	193	46	True	False	True	Q3	703d8f18f95a5193032b3dea666cdea018fa6e8b9cbfb558ab3db857cd9ca10e	False	10691	48	cross_target_generality_only_not_same_target_replication
RANBP2	85	41	True	False	False	ineligible	17d74c42b0199ed91bf03c4f67b7d2e2bf90ce2bf447ddff9d340b8ad2e6fdb6	False	10691	48	cross_target_generality_only_not_same_target_replication
RANGAP1	130	44	True	False	True	Q2	4dafa39f6f7897af6b912485a0e8ed05697744927507118a81110fc50ddda3e9	False	10691	48	cross_target_generality_only_not_same_target_replication
RARS	404	48	True	False	True	Q4	3a5ac1031395c02a32576c4d7d15e934b8ad2cad5c1491725f75b9d928d567ed	False	10691	48	cross_target_generality_only_not_same_target_replication
RARS2	148	46	True	False	True	Q2	ee9958ad54bd62ed93b20fccef6bd1326e4a3e6301f6772aeab206aa0a142aad	False	10691	48	cross_target_generality_only_not_same_target_replication
RBBP4	90	44	True	False	False	ineligible	ce7fcecc769d2c60732532f08466624d961e6ffb45bc73f594d0d936a47aa7ca	False	10691	48	cross_target_generality_only_not_same_target_replication
RBBP5	23	19	True	False	False	ineligible	c03a2f17e97fa4fcf95ae24b70fff507add160187d51dd6fad21ff5219d3deb4	False	10691	48	cross_target_generality_only_not_same_target_replication
RBBP6	86	43	True	False	False	ineligible	1886e6f828289e96e027d630540483967cfa42e19ed2c39fc59b7156e9dbacc8	False	10691	48	cross_target_generality_only_not_same_target_replication
RBBP8	117	43	True	False	True	Q1	b11eb9e4113bd091b1e10ec5c502a21ce0bcca5da2ce2669049e122662c9e626	False	10691	48	cross_target_generality_only_not_same_target_replication
RBM10	130	42	True	False	True	Q2	7fa7c97a2f441e018757b6ffc2eda816b7adbdc40cc5edbc0db8d9bc4a1bbda8	False	10691	48	cross_target_generality_only_not_same_target_replication
RBM14	228	47	True	False	True	Q4	c28fd15ca02ea73a1169e5119a07957fb3b10e0f5e021308991a7e2d04661700	False	10691	48	cross_target_generality_only_not_same_target_replication
RBM17	76	34	True	False	False	ineligible	fb5b91343a92fb8d83617e4b7ccce606636373d4f3fc6589f148db7923fa5f6e	False	10691	48	cross_target_generality_only_not_same_target_replication
RBM19	43	28	True	False	False	ineligible	4865207dde554db3ec871fdc6d0bc7fddd1639af5a7983debd52f126d2d6d186	False	10691	48	cross_target_generality_only_not_same_target_replication
RBM22	5	4	True	False	False	ineligible	7c05d76ac19b98a5e136bb146f38f93028be8d501db1450b863a28b08825664a	False	10691	48	cross_target_generality_only_not_same_target_replication
RBM25	70	36	True	False	False	ineligible	177825829a7996b0ac07cc79243078d2ca364cc04c466b317f683063e5eead75	False	10691	48	cross_target_generality_only_not_same_target_replication
RBM28	68	38	True	False	False	ineligible	bfbfb86721b4bb1fcc7c6afa1976c7b0f3d0f065ac5edfa3c85c32c2cac8d90b	False	10691	48	cross_target_generality_only_not_same_target_replication
RBM39	79	43	True	False	False	ineligible	bfe9f7014fcb93e768d4e05234d3e4b2723a8d8f0d4fb9eea420c0e1f3063465	False	10691	48	cross_target_generality_only_not_same_target_replication
RBM4	221	47	True	False	True	Q3	19ba90394d975d5a6e0fe0135dcae873f0d938208152688a617a646840cad775	False	10691	48	cross_target_generality_only_not_same_target_replication
RBM42	79	37	True	False	False	ineligible	43fdc6a25a2ddf6e04c57338fab7409d438afee4d13a3ba51adfc9994068d00b	False	10691	48	cross_target_generality_only_not_same_target_replication
RBM48	55	31	True	False	False	ineligible	cbd69bb836919e19a54d7d33af357b3e612883a7ee4d7f806a7bbe8e6b19c349	False	10691	48	cross_target_generality_only_not_same_target_replication
RBM8A	39	26	True	False	False	ineligible	86bd7b23cd6510e880f22222f4b31eab631c5c74f1ad1308b61ef8688e36ab2d	False	10691	48	cross_target_generality_only_not_same_target_replication
RBMX	147	45	True	False	True	Q2	c28f98e93be81cc76d4cb1cb6f0a98a370567a281a51058834d4fdf56486a949	False	10691	48	cross_target_generality_only_not_same_target_replication
RBMX2	244	48	True	False	True	Q4	9fb47e7722936b440959f8ade1cd34b8fd3920548eddb36b00378d66b8e91737	False	10691	48	cross_target_generality_only_not_same_target_replication
RBMXL1	60	33	True	False	False	ineligible	e3f782b7577b698a2076a0435c612cc49fb626849085ea42b7c1a536c3038955	False	10691	48	cross_target_generality_only_not_same_target_replication
RBX1	57	30	True	False	False	ineligible	59b5a127c4003c72dac253471a0539688f10ab6bd64d9bd0b091919b30274cef	False	10691	48	cross_target_generality_only_not_same_target_replication
RCC1	226	48	True	False	True	Q3	823babf461305dc2f5c11fd4819be2cc57545d26189337d6094ded71d2ae0c02	False	10691	48	cross_target_generality_only_not_same_target_replication
RCL1	106	41	True	False	True	Q1	27401aeaa51be18e9daaf0c00c57412b23126daa14251cd2928f53370214bddf	False	10691	48	cross_target_generality_only_not_same_target_replication
RCOR1	35	21	True	False	False	ineligible	97300388be3598d60d71870ef5382c2d12126571de05a41c649e87b94af5dfd7	False	10691	48	cross_target_generality_only_not_same_target_replication
REV3L	101	40	True	False	True	Q1	fca12afcb6e1ef73f9bee924780bb1751041228c7d707278efed6aec74a17f7a	False	10691	48	cross_target_generality_only_not_same_target_replication
REXO2	79	36	True	False	False	ineligible	d91073a91190695928648fcc9515eee9156303463dcf9793c35e4d0d1cb0b04f	False	10691	48	cross_target_generality_only_not_same_target_replication
RFC1	149	46	True	False	True	Q2	3c839be61f4994f2dbbcc8133707bb03de4d36784f6e8c33d61aed3ba4044c55	False	10691	48	cross_target_generality_only_not_same_target_replication
RFC2	97	43	True	False	False	ineligible	4b2f7605379b6963f7fc45b6008ad3212a69e7f01e0e5fb08b640638d090265a	False	10691	48	cross_target_generality_only_not_same_target_replication
RFC3	229	46	True	False	True	Q4	a754c81bb401c6d1d9f80c7a33b59db8f31ed91dcef9a5b66f94b13bf4bdbb05	False	10691	48	cross_target_generality_only_not_same_target_replication
RFC4	72	34	True	False	False	ineligible	8a051f5d4ce69a99130ce57099ea509b608ed6d815436265a89c7c450782a45d	False	10691	48	cross_target_generality_only_not_same_target_replication
RFC5	111	44	True	False	True	Q1	7cfca0d8d79346eb3d3c776411f3b7f1fa1f43d3ffed15d02271fd68a4a077d9	False	10691	48	cross_target_generality_only_not_same_target_replication
RFFL	7	7	False	False	False	ineligible	382b0b52b5cf4a4a4c72faf9959df9732367faee8a905b63a5499d17e1039a52	False	10691	48	cross_target_generality_only_not_same_target_replication
RFT1	121	43	True	False	True	Q1	3f3f0551fda9a5a07a68b1457f120a3207904f6dae5aeee3a388899a43b38644	False	10691	48	cross_target_generality_only_not_same_target_replication
RGP1	130	44	True	False	True	Q2	fc963a469cf69fb7a23e9a12558add97c42afd7ace79d7e37c42d9acb97a8881	False	10691	48	cross_target_generality_only_not_same_target_replication
RGPD6	202	48	False	False	False	ineligible	da6c96464c6197bfbbc8395448fd00784a0b6aa0ed4be6d126290e0a4e640832	False	10691	48	cross_target_generality_only_not_same_target_replication
RHOQ	185	48	True	False	True	Q3	581261eff343f213f6d8a4030c947c8f149d3b624862a1a54db77fa0918b6599	False	10691	48	cross_target_generality_only_not_same_target_replication
RHPN1	225	48	False	False	False	ineligible	355ac4b9b39f9b35afc3c805ccdb97a107b4f021b24190c7e9fc7eb735b285d1	False	10691	48	cross_target_generality_only_not_same_target_replication
RINT1	145	45	True	False	True	Q2	c7555055d360747ed9187c731ba901782a5268fad7e36373b463417c28940d42	False	10691	48	cross_target_generality_only_not_same_target_replication
RIOK1	326	48	True	False	True	Q4	8fab043a52efc22051694466f36fe0dbe1f35f3430baa0b68e1cc4d5b06cdcae	False	10691	48	cross_target_generality_only_not_same_target_replication
RIOK2	174	47	True	False	True	Q3	b6014121dbc86441b387b74bd05405925f090a8d9d50eb4e148d4d6a5c6788f7	False	10691	48	cross_target_generality_only_not_same_target_replication
RMI1	203	47	True	False	True	Q3	45edceea86582b2adb46e1544aa5d62f47311d8f272b7e34c59874a17db25fbd	False	10691	48	cross_target_generality_only_not_same_target_replication
RNASEH2C	102	43	True	False	True	Q1	fc65ab6a8f4b61158f5914c95033b6fcc8ce2972cf99de35ca04ff0cafd17d17	False	10691	48	cross_target_generality_only_not_same_target_replication
RNF103	111	41	False	False	False	ineligible	13b7d57cce85868e56ec4f8ed2347e22a08589200ad2c5a47a78fe738c8f6869	False	10691	48	cross_target_generality_only_not_same_target_replication
RNF113A	176	47	True	False	True	Q3	d945efd5757a42088b0d984fd7c9ac06757955c149110c53d60fde1768e940c1	False	10691	48	cross_target_generality_only_not_same_target_replication
RNF123	111	42	True	False	True	Q1	52f298055b88e6e2d7cd72185abe9263cbc385b594c16cfca9b4805def236410	False	10691	48	cross_target_generality_only_not_same_target_replication
RNF14	240	48	True	False	True	Q4	1035eac51838e1c7a2cc6dbda11eb1917eca831f5b8274a4cca050d5c8a5ea1a	False	10691	48	cross_target_generality_only_not_same_target_replication
RNF168	61	33	True	False	False	ineligible	1ee5bc2b9cdfda7601898ba8f93f0e642174f94781e0a5670719a1ddcb4a7845	False	10691	48	cross_target_generality_only_not_same_target_replication
RNF20	124	44	True	False	True	Q1	fbff84be77d7ba3900e1a679fa86587798528dd4c896e9033d2f4479d91f04d7	False	10691	48	cross_target_generality_only_not_same_target_replication
RNF4	32	23	True	False	False	ineligible	bbb7c6f095c33b0590767d328db02908f2569db13a185105682ae44c944bd407	False	10691	48	cross_target_generality_only_not_same_target_replication
RNF40	198	47	True	False	True	Q3	581b84967ff2f2b071562d91226ad6adf7ec6cf3da72eb73bf14aaefd292d9f4	False	10691	48	cross_target_generality_only_not_same_target_replication
RNF8	176	48	True	False	True	Q3	050126a29bff6bb38b164cf004fdec032b33258bf96ab285c491ac65ea9979fc	False	10691	48	cross_target_generality_only_not_same_target_replication
RNGTT	115	44	True	False	True	Q1	35fbdcebf13e69161780962bbd10ff2f1adfcce701f26dcf3ab924e09593fedb	False	10691	48	cross_target_generality_only_not_same_target_replication
RNMT	114	42	True	False	True	Q1	7e6be7a8f29304f030eb73603f04a43ada187d2daba0c8e05a99aa1918b2c040	False	10691	48	cross_target_generality_only_not_same_target_replication
RNPC3	74	37	True	False	False	ineligible	c2aaaea77a9898ee1d42d8275ae40d320c9e327a37ea05372bc9c6fa55ad25b1	False	10691	48	cross_target_generality_only_not_same_target_replication
RNPS1	131	43	True	False	True	Q2	8006d30825b6dd95aa75b969f0bc2b5d21ff70826391f41a1e403115265aaab3	False	10691	48	cross_target_generality_only_not_same_target_replication
ROMO1	87	43	True	False	False	ineligible	70040b0957d1a4be1f6d41e426e8e32254ae529720feb46985fa5516ee939119	False	10691	48	cross_target_generality_only_not_same_target_replication
RPA1	469	48	True	False	True	Q4	afd682945172dc8f750bac89318ef6af0fdba15893e132851c4d3708debece4c	False	10691	48	cross_target_generality_only_not_same_target_replication
RPA2	225	45	True	False	True	Q3	09c637f1762032d1168cd0279b92eaa4da8869340b0086b2c27d40cd15f37740	False	10691	48	cross_target_generality_only_not_same_target_replication
RPA3	208	48	True	False	True	Q3	7889c0b62bf96f84b0752aef1b8c93a20dc3fce1c67c2b138bcb8082acf38875	False	10691	48	cross_target_generality_only_not_same_target_replication
RPAIN	108	39	True	False	True	Q1	fc18284e39761b3d10c43b71a755216a2f07251ebacae208626edff819645797	False	10691	48	cross_target_generality_only_not_same_target_replication
RPAP1	91	41	True	False	False	ineligible	c5ec407c872693607060f83b82ff8672cea99ac528bf09b82a82c2c69031cb3c	False	10691	48	cross_target_generality_only_not_same_target_replication
RPAP2	398	48	True	False	True	Q4	23d6319ecb45cbe0fa9a157d20ef05ef1411958c3641e03d3e9122353a4ac6ba	False	10691	48	cross_target_generality_only_not_same_target_replication
RPAP3	18	12	True	False	False	ineligible	4d38d6683cbddb79bd43102556cf6f8014e3526f7a9dacce4d5f72413ee776d5	False	10691	48	cross_target_generality_only_not_same_target_replication
RPE	118	43	True	False	True	Q1	a6406fc528ba937b291e0bc7a33e7e4b6fb1a6ab695f74bdd89b3708b455bd34	False	10691	48	cross_target_generality_only_not_same_target_replication
RPF1	125	44	True	False	True	Q1	4f5344302a1b03370d7f90dfe33928e32a1f302c191e10dde32414bdee6238af	False	10691	48	cross_target_generality_only_not_same_target_replication
RPF2	68	39	True	False	False	ineligible	cbb40845527a30fb184d94ec8107b2c6f09b86fbdcf4ed8eb4d8793a3512357d	False	10691	48	cross_target_generality_only_not_same_target_replication
RPL10	276	48	True	False	True	Q4	25ea7e352bb768833da2f874d7dbe29be09039c8da7a7f87b6dac552ea6e933a	False	10691	48	cross_target_generality_only_not_same_target_replication
RPL10A	257	48	True	False	True	Q4	6af57e98389f9ffc333f56088218e2b2cf84c7c65feeb45e83ccc8aacec68825	False	10691	48	cross_target_generality_only_not_same_target_replication
RPL11	387	48	True	False	True	Q4	930e2aab87fcd7c8135e816b5d9286b75ab5bc70e34578940ff08bf0f3e29b5d	False	10691	48	cross_target_generality_only_not_same_target_replication
RPL12	255	48	True	False	True	Q4	9fefbd4a57273d5ee7791d1c56b90a725b54bc1871f7ae245aa5750afbbe0fdd	False	10691	48	cross_target_generality_only_not_same_target_replication
RPL13	337	48	True	False	True	Q4	c8dccac633d6d3249e180a8402f5d7ef94794f35f973d26352bdd2f94145e93c	False	10691	48	cross_target_generality_only_not_same_target_replication
RPL13A	158	47	True	False	True	Q2	baa32f4205880f12a6bb64ddb3e11c6ef626f8b111f2c09532a18b4226d5bb58	False	10691	48	cross_target_generality_only_not_same_target_replication
RPL14	220	48	True	False	True	Q3	279e644edab3c377d53917bafc080e23166b414dfacb5082d2fe58e2b9421d25	False	10691	48	cross_target_generality_only_not_same_target_replication
RPL15	168	48	True	False	True	Q3	1f8b3f40621a1609c440385f44e82e30fd988bdde4d550dbab9d4050dd11c505	False	10691	48	cross_target_generality_only_not_same_target_replication
RPL17	149	43	True	False	True	Q2	7489bf77782ef92610422b63216fbe6088cf1ec76d7ca7dc618095b6babbc76c	False	10691	48	cross_target_generality_only_not_same_target_replication
RPL18	308	48	True	False	True	Q4	555faebf0612e5eabd85771d046fd09bd140073c6961210aa996fcb829c90ae7	False	10691	48	cross_target_generality_only_not_same_target_replication
RPL18A	65	35	True	False	False	ineligible	7537673d57094b48fa2039c5383ce9aaac940fe24e0402900703384fba0f72f0	False	10691	48	cross_target_generality_only_not_same_target_replication
RPL19	238	48	True	False	True	Q4	6180bc622b8dc5c07dbd22f50fa31963c7a8e0efd7c96568493bd92e50a8b42d	False	10691	48	cross_target_generality_only_not_same_target_replication
RPL21	262	48	True	False	True	Q4	caba3a266da10fbbec38d121c09979e8a609491a144bdfd376db4aeb41dff763	False	10691	48	cross_target_generality_only_not_same_target_replication
RPL23	398	48	True	False	True	Q4	1219371c07e2a27451a258931120aa7cfa65259a8d86e875824af184a9302f6a	False	10691	48	cross_target_generality_only_not_same_target_replication
RPL23A	99	43	True	False	False	ineligible	5f9b00f26ec6d67f0aa143bd9227b714afdc7b4c1da608cc4899acb9adada858	False	10691	48	cross_target_generality_only_not_same_target_replication
RPL24	460	48	True	False	True	Q4	de2a3d3030de73a8c2e1fd9bcbb48eb9fd429f137012bcfdaa7c36b65e6cb06f	False	10691	48	cross_target_generality_only_not_same_target_replication
RPL26	209	46	True	False	True	Q3	a97d553ccbbbb6dedb64892c094712396024081cfbbf518fca8633b782510c49	False	10691	48	cross_target_generality_only_not_same_target_replication
RPL26L1	148	45	True	False	True	Q2	9761db8125f544751a702949aa584066d9d53fa7ea9011be47d874eca291ee29	False	10691	48	cross_target_generality_only_not_same_target_replication
RPL27	38	26	True	False	False	ineligible	2c39eb46cfb538d21666e222582cbae2de524df2a64ee531bfb0d78b27ded4c8	False	10691	48	cross_target_generality_only_not_same_target_replication
RPL27A	202	48	True	False	True	Q3	3e9908f9dc2f83d7d9d6d89635d53bccdcbe536f291c668c3072efe6bef8b866	False	10691	48	cross_target_generality_only_not_same_target_replication
RPL28	50	30	True	False	False	ineligible	dbea5da5bcbc9338b38604e0d549f4a1bcd687202e9dd1c2d7bf49ae5ffcc653	False	10691	48	cross_target_generality_only_not_same_target_replication
RPL29	88	39	True	False	False	ineligible	eb3cda189f94901a207002b31c8348744913152dd2ee572f8e30f0060cb18a41	False	10691	48	cross_target_generality_only_not_same_target_replication
RPL3	1996	48	True	False	True	Q4	6786d764e5501c94c23466174f33690ea77f4ac31c45d16af48888829e610625	False	10691	48	cross_target_generality_only_not_same_target_replication
RPL30	365	48	True	False	True	Q4	39c365493403c09b82aa84d51388ff4cf8e38da9c164b5b920957f8db7c20dd1	False	10691	48	cross_target_generality_only_not_same_target_replication
RPL31	294	48	True	False	True	Q4	1817d1b3cfe2de5db66c0c2086e9cd9ef8d85c47afb433d2546a7e5199c71474	False	10691	48	cross_target_generality_only_not_same_target_replication
RPL32	208	48	True	False	True	Q3	d31208c04ea420ed636cf2e9c1e4ec9adddca01f7545ff71128d91e199edd04f	False	10691	48	cross_target_generality_only_not_same_target_replication
RPL34	330	48	True	False	True	Q4	ab6c0742a86915b75152604f2bd1954e18105dc4e8f001b3a9b12b2df708db4d	False	10691	48	cross_target_generality_only_not_same_target_replication
RPL35	46	28	True	False	False	ineligible	d38e016cb49e2927fe79a0e85449967d2bacb31dace4fb6b1d9c036ffccda0be	False	10691	48	cross_target_generality_only_not_same_target_replication
RPL35A	137	47	True	False	True	Q2	69be483230b3972cf05ae750a1c1e9af70ad204659fc170504b8a21b728d504b	False	10691	48	cross_target_generality_only_not_same_target_replication
RPL36	204	48	True	False	True	Q3	4e559a41f07ea344bd8989242ca23c662c669e591273fefd69919e0e1342964c	False	10691	48	cross_target_generality_only_not_same_target_replication
RPL36A	84	38	True	False	False	ineligible	ce61e2c06970ad423663e8971704e407e62d01d65f38dc98e7b48fb095939f7b	False	10691	48	cross_target_generality_only_not_same_target_replication
RPL36AL	152	46	True	False	True	Q2	4be46b5bb69f1935026111403ab7cd23cf2f183ab3995e5bcf94d98bf1eb0a9f	False	10691	48	cross_target_generality_only_not_same_target_replication
RPL37	382	48	True	False	True	Q4	f061b9ffcf497cae0f05aac188d485b7f4a58dab6590165834690080a76af9a2	False	10691	48	cross_target_generality_only_not_same_target_replication
RPL37A	386	48	True	False	True	Q4	9b4e6d1f44566ee1cd982553af49d2a64f75bef8b1a47f017e0600d345664595	False	10691	48	cross_target_generality_only_not_same_target_replication
RPL38	184	48	True	False	True	Q3	9d4582c65c4e6b00d03f17a4f46a5b335a3cd26fe691f1ddf452d227ad758919	False	10691	48	cross_target_generality_only_not_same_target_replication
RPL39	37	26	True	False	False	ineligible	91262457446163f07d6c8a494f68b89a734239379c977438b667700e2a07b5e5	False	10691	48	cross_target_generality_only_not_same_target_replication
RPL4	345	48	True	False	True	Q4	d616aa233313844f5243071a7232a2d8cc3089c2830b220903221465a08c0b05	False	10691	48	cross_target_generality_only_not_same_target_replication
RPL41	47	33	True	False	False	ineligible	64c02dc2fb34c38da8e11352656a2c9974bf9a05ca4c1dfde9a94e0ba55f2d53	False	10691	48	cross_target_generality_only_not_same_target_replication
RPL5	200	47	True	False	True	Q3	89c26b4d34f1f1e9523d95c1d986c18f769bcfafd9784e72b9679c1226ae2613	False	10691	48	cross_target_generality_only_not_same_target_replication
RPL6	273	48	True	False	True	Q4	e2efa70ce63d6d4d42632f5ec67b35660fdb368779cd61c31ef0ef33fb9f63fd	False	10691	48	cross_target_generality_only_not_same_target_replication
RPL7	301	48	True	False	True	Q4	1768f73e1f9bbfcd356334c38ac87b6fd32a8cbe75f8bc64a7de44fc8ddcffff	False	10691	48	cross_target_generality_only_not_same_target_replication
RPL7A	10	9	True	False	False	ineligible	61079ce3f522aa9f1615268fd3afec413f924a968044a1222c06ad8a5a3719e5	False	10691	48	cross_target_generality_only_not_same_target_replication
RPL7L1	30	25	True	False	False	ineligible	d68910a1bdb695ea78fda8059b5d3fa779bb46719575eb6f87ed933936871ad4	False	10691	48	cross_target_generality_only_not_same_target_replication
RPL8	384	48	True	False	True	Q4	73065d0098a73fed8ad17bd0823172cd7d6101d787ccc88329348344edaee666	False	10691	48	cross_target_generality_only_not_same_target_replication
RPL9	242	48	True	False	True	Q4	43f209374850e5e64793ba0a454db5aac01a86ce9c29d02c21dcd531a272e9de	False	10691	48	cross_target_generality_only_not_same_target_replication
RPLP0	184	46	True	False	True	Q3	c7937aeda2a03686f1606424abaee4253b0bb5cd8b52250475220354c926fd77	False	10691	48	cross_target_generality_only_not_same_target_replication
RPLP1	117	44	True	False	True	Q1	04028873417a21cbb7f3fff831b1e4912c1d2a23c638bfb56a0fe5b381c3d2e9	True	10691	48	cross_target_generality_only_not_same_target_replication
RPLP2	222	48	True	False	True	Q3	cc910aef66d1e47e6d613238fddcbb2a0eebd2c99df950db2390713cd625dc69	False	10691	48	cross_target_generality_only_not_same_target_replication
RPN1	52	28	True	False	False	ineligible	eab9065a097101e6df073cce57aa0291939a75626d8169b7b69937e0358d8ab1	False	10691	48	cross_target_generality_only_not_same_target_replication
RPN2	105	41	True	False	True	Q1	c010701f142ce9659429c7ca92f21b45824e9afac388744594b920f823cf9e63	False	10691	48	cross_target_generality_only_not_same_target_replication
RPP14	56	31	True	False	False	ineligible	97a8180fe3ebd61f74fa6788dafaa4344b0400cafb9abf121f611a9832f5291d	False	10691	48	cross_target_generality_only_not_same_target_replication
RPP21	60	34	True	False	False	ineligible	77737527181c3d68be25179e47ae299d9a97409769c663cdad7a5be417df2d41	False	10691	48	cross_target_generality_only_not_same_target_replication
RPP30	101	42	True	False	True	Q1	10d8560512c3d62c2a07a45fc66dc6289d1f24866ed6a76783eb49716f9828f2	False	10691	48	cross_target_generality_only_not_same_target_replication
RPP38	56	32	True	False	False	ineligible	bbac806ef7d79ccea7e74a2e703d0390f9ce9d043dabe6bf3ecaf0e5ef3e5343	False	10691	48	cross_target_generality_only_not_same_target_replication
RPP40	78	37	True	False	False	ineligible	daf35b423e8c2879748ad99f72c62806b39a464f723262608bb7e1649b4cde98	False	10691	48	cross_target_generality_only_not_same_target_replication
RPS10	106	43	True	False	True	Q1	a8216f23964c2c2953cda0963b4e3a6280c6d5b057f78b1c460d04c1f52da67a	False	10691	48	cross_target_generality_only_not_same_target_replication
RPS10-NUDT3	164	45	False	False	False	ineligible	3c8dd5b5dfce3c345aa22720e58457a1a9f53c8a918041f714ac08071b19567a	False	10691	48	cross_target_generality_only_not_same_target_replication
RPS11	268	48	True	False	True	Q4	a4d41181677df949279b6a7570869ba41c665afdc8b9b1192775b558580a26e9	False	10691	48	cross_target_generality_only_not_same_target_replication
RPS12	485	48	True	False	True	Q4	161928a7ed02186ffd8c631e043bf46e38f62384d2ab9c7dd6764980482a6068	False	10691	48	cross_target_generality_only_not_same_target_replication
RPS13	135	43	True	False	True	Q2	ce900c532d2c09570370c502c6d998699dd619ed3fc080ff7b3907215788dfc6	False	10691	48	cross_target_generality_only_not_same_target_replication
RPS14	181	46	True	False	True	Q3	821365f738a610710049bc0e2f66340dbaedafdc9d6415acdc37cf7f410a3911	False	10691	48	cross_target_generality_only_not_same_target_replication
RPS15	26	17	True	False	False	ineligible	f8d0b9279b7ce066930dd042d918fab3a3b171bf75f5504e099bd4f06c10137f	False	10691	48	cross_target_generality_only_not_same_target_replication
RPS15A	314	48	True	False	True	Q4	91056d78270b3c9664e6aedce9ce0ae8016e08f823b67b7024008a7c02b70f09	False	10691	48	cross_target_generality_only_not_same_target_replication
RPS16	57	34	True	False	False	ineligible	92ac75a3d7ba1deb9e4e760aa776a0215cd1bd5a33ceee2ea217b151cacd3f2d	False	10691	48	cross_target_generality_only_not_same_target_replication
RPS17	223	48	True	False	True	Q3	f8118d4d80750cbc381d606e38ac1f2e33dee1b78c6a77f9734854c3cf7c9318	False	10691	48	cross_target_generality_only_not_same_target_replication
RPS18	122	44	True	False	True	Q1	fd98118952ab55fda807644e61f7bd01e963e307e46cef3042da51ff31a00488	False	10691	48	cross_target_generality_only_not_same_target_replication
RPS19	422	47	True	False	True	Q4	166b80541a5b7c31cb14db88e98187b73bb59decd5a36dacc3312f5d76fa6099	False	10691	48	cross_target_generality_only_not_same_target_replication
RPS19BP1	54	31	True	False	False	ineligible	be37adec6787e0f48abcdf486c3dac3c56f492443dbccb1c50d083e847cc2c3c	False	10691	48	cross_target_generality_only_not_same_target_replication
RPS2	53	32	True	False	False	ineligible	e5527bd0e8d71318db7736a4754ab498aa9bb59a6e0d92f9a242b5207e7e8361	False	10691	48	cross_target_generality_only_not_same_target_replication
RPS20	273	48	True	False	True	Q4	5aca4e688a7644f9faa69fe4faee9d32ecb25a7d15ba344f6413d4778a08d3fa	False	10691	48	cross_target_generality_only_not_same_target_replication
RPS21	75	40	True	False	False	ineligible	9a0be775bf8863d6af8652033941a13c67a4dc23e95d28cacbce880403ab7ec1	False	10691	48	cross_target_generality_only_not_same_target_replication
RPS23	114	43	True	False	True	Q1	e0858a7868affd4eae7f5cf973454ed01bb4eb45b2081359e62eafa07c773f6e	False	10691	48	cross_target_generality_only_not_same_target_replication
RPS24	243	48	True	False	True	Q4	83c06b7bb323aca708dd792a68b16ee3c628183e8fe655b39d5eb5f7f925ac33	False	10691	48	cross_target_generality_only_not_same_target_replication
RPS25	40	28	True	False	False	ineligible	2de04669d7271208c3e13e7cfb5dcf9cc0ea12e3c9b5a9e83143c3aa4c34d01e	False	10691	48	cross_target_generality_only_not_same_target_replication
RPS26	87	38	True	False	False	ineligible	205ce2cfddc3e9199529f92d3d51a3ba872410a0a497af7eb2cab61f580768d1	False	10691	48	cross_target_generality_only_not_same_target_replication
RPS27	174	47	True	False	True	Q3	77d6729b0694937f23893c6b569a813e11557635593ee453adb819bdc64d1e8d	False	10691	48	cross_target_generality_only_not_same_target_replication
RPS27A	97	39	True	False	False	ineligible	b72025527d4e0e579d7bb76ca6442690797c636d6b3b2aa870f39ed18d686186	False	10691	48	cross_target_generality_only_not_same_target_replication
RPS28	309	47	True	False	True	Q4	8183e25622b4fb0ad82e006bda147f8de87d1119928bd9dcf9aada030bf5111b	False	10691	48	cross_target_generality_only_not_same_target_replication
RPS29	403	48	True	False	True	Q4	0d6368d4987d54df44b9de4adbbd171e0911f87a0dfb7ccccec3f2a72105ad59	False	10691	48	cross_target_generality_only_not_same_target_replication
RPS3	276	48	True	False	True	Q4	7966c580001aa1679f683307cc03f5b79a66ee4f88fd498d0486eba2f7180c70	False	10691	48	cross_target_generality_only_not_same_target_replication
RPS3A	160	46	True	False	True	Q2	619245082034e23f1ffd1790425adac9623523ea48a74f5506e0a524d7effd5f	False	10691	48	cross_target_generality_only_not_same_target_replication
RPS4X	180	47	True	False	True	Q3	22dea9d030fa459b1a1535bc9fc8093fe656ded6703c5cbd46ec34ebfe2dc3e2	False	10691	48	cross_target_generality_only_not_same_target_replication
RPS5	144	46	True	False	True	Q2	549cdc36677e132b9d6723f7848b986a73da4e00909879ebed377fb3814b05ef	False	10691	48	cross_target_generality_only_not_same_target_replication
RPS6	178	47	True	False	True	Q3	dd5c9e4a1b8e8dec71b880b9286652a1f8d93cb109430aa9526f2b1079cc56da	False	10691	48	cross_target_generality_only_not_same_target_replication
RPS7	265	47	True	False	True	Q4	305d2dd294dae40a261e9b69c708e387b1dd9d8e5d80309dc44b14fca75ec8b7	False	10691	48	cross_target_generality_only_not_same_target_replication
RPS8	22	20	True	False	False	ineligible	09b077e567a8da3129d3cee2a912fcde7f6eef17a37aec2eef3baf81b1dcfe79	False	10691	48	cross_target_generality_only_not_same_target_replication
RPS9	276	47	True	False	True	Q4	e9447f04771996f11764e91304f9b45671a774ceef6a916f1a7b3becacc96617	False	10691	48	cross_target_generality_only_not_same_target_replication
RPSA	224	47	True	False	True	Q3	8572f1da0f4cd667fdf37ae471df43108b62f6b1123d2f7b5d3119433a8cbb29	False	10691	48	cross_target_generality_only_not_same_target_replication
RPTOR	82	41	True	False	False	ineligible	8cf1deddab14a35a8c51c29d1d021900b7d64ffc44ec95085c89290494f11ad1	False	10691	48	cross_target_generality_only_not_same_target_replication
RPUSD3	164	45	True	False	True	Q2	0049440ed5a558cccb2034c0f829b423188a10627c0f657d0ca26d489ddc640c	True	10691	48	cross_target_generality_only_not_same_target_replication
RPUSD4	126	45	True	False	True	Q1	a038aacfe180ae6180a50ef9df54f58773da20220a35fe26e6eee1eca7e20f65	False	10691	48	cross_target_generality_only_not_same_target_replication
RRM1	103	42	True	False	True	Q1	af8fb327502b29a167a8696b735c1827a918980dfaf8235f5d2a734e8175ce81	False	10691	48	cross_target_generality_only_not_same_target_replication
RRM2	577	48	True	False	True	Q4	55246edd5cf033a5a3e3d2da251cf897b098b22ebf098eee4d430fa46a012eac	False	10691	48	cross_target_generality_only_not_same_target_replication
RRN3	39	26	True	False	False	ineligible	926b932c5149c37224a96c33ca81bdb0a805f8fcc1632ca7e434c5a88669183c	False	10691	48	cross_target_generality_only_not_same_target_replication
RRP1	109	45	True	False	True	Q1	18840bbb143887147c00618a2ff8ae597f3e597277f1ffc4d0d716e73cc5aa1f	False	10691	48	cross_target_generality_only_not_same_target_replication
RRP12	204	45	True	False	True	Q3	d6565a7fb66d1760059dc09bccb4370cdbf59cb1396e50e85a2b65a790a3d39d	False	10691	48	cross_target_generality_only_not_same_target_replication
RRP15	32	21	True	False	False	ineligible	93ccae75dfa51cb6eb90113c9b89de6b3399b86cea0efa36edc5f9c71cf811ed	False	10691	48	cross_target_generality_only_not_same_target_replication
RRP7A	46	27	True	False	False	ineligible	c1a224f8cdcc1717beceaccd24f665c0030f779e8813c898be3836cdaaf7088d	False	10691	48	cross_target_generality_only_not_same_target_replication
RRP9	110	44	True	False	True	Q1	95db6625fafafe0c922b6a88986f3390ff80f255e2965821f3dbb4264e377885	False	10691	48	cross_target_generality_only_not_same_target_replication
RRS1	72	34	True	False	False	ineligible	5ca7ca0bf5d64fe463f0037e6ffa8b3e4619b44508a0065bf009ee3e557586a9	False	10691	48	cross_target_generality_only_not_same_target_replication
RSL1D1	211	46	True	False	True	Q3	a86dc354e4ebf25b23d2280325297eb3c2f84373ac9cbc3f1cf3873de70879d1	False	10691	48	cross_target_generality_only_not_same_target_replication
RSL24D1	179	46	True	False	True	Q3	f8c8b82cb7148f6343e6b8e7f72fac009ce15d702a4726de43fa7f66c017e6aa	False	10691	48	cross_target_generality_only_not_same_target_replication
RSRC2	98	44	True	False	False	ineligible	a804c7eab91c3550e30ad7ffd6e696b6247dbe92b159498d9502f6141ac2bad1	False	10691	48	cross_target_generality_only_not_same_target_replication
RTCB	171	46	True	False	True	Q3	652e8fea1df14da54173a568ee2d113babaeb608a1e18cef84f6baca0dc22bfa	False	10691	48	cross_target_generality_only_not_same_target_replication
RTEL1	140	48	True	False	True	Q2	b0fab7f0da5012ba8e8bb3c91c96d5449ad91519265be5750d1ec06d45da2bb9	False	10691	48	cross_target_generality_only_not_same_target_replication
RTF1	62	35	True	False	False	ineligible	6baa7a8d9480c4a0d62478a1433a50139ebbcd3e7dd42ed56e77364f9b37e161	False	10691	48	cross_target_generality_only_not_same_target_replication
RTTN	125	43	True	False	True	Q1	782f2102d5f6a82b8b163fd0d9468f6da16dbe18aceef2f970532b16feb9bafd	False	10691	48	cross_target_generality_only_not_same_target_replication
RUVBL1	211	48	True	False	True	Q3	abe6c9968288d3b92a482b48edc18fd2a1079c9eab5d2a038afb2a3227d86772	False	10691	48	cross_target_generality_only_not_same_target_replication
RUVBL2	14	12	True	False	False	ineligible	23cddc842dc75c47d5215b3cccbd7afaf3823f5912158558a532e63692012a3d	False	10691	48	cross_target_generality_only_not_same_target_replication
SACM1L	193	46	True	False	True	Q3	11ef5af3051325683d705691fd40ea23894be59ffb65478080a0a09ae197532e	False	10691	48	cross_target_generality_only_not_same_target_replication
SAE1	121	42	True	False	True	Q1	5bc318c6c6fda5f4f7c7d4aed469eef12e342ff358aa593a0af4a36e61bcafb5	False	10691	48	cross_target_generality_only_not_same_target_replication
SAMM50	102	44	True	False	True	Q1	784d7b250f4b9464695d50ce790399c72e187df7a7a238188b697317ae0e6715	False	10691	48	cross_target_generality_only_not_same_target_replication
SAP130	113	44	True	False	True	Q1	ada71ade322cc098594ea8e9a44f593c78bce9ed96eee34bd0466dd0a0ac71d5	False	10691	48	cross_target_generality_only_not_same_target_replication
SAP18	57	34	True	False	False	ineligible	ec54ac7802377fe2b6d372432c9b2ee8f4c894b79d6d6b6d35594904c56c0dd0	False	10691	48	cross_target_generality_only_not_same_target_replication
SAP30BP	40	27	True	False	False	ineligible	7291137d5318763d42b5ca3ce22a312691a57bc038991213e5e9de22255430b8	False	10691	48	cross_target_generality_only_not_same_target_replication
SARNP	93	41	True	False	False	ineligible	ba65cbd7070d25512a7c0dc1cec752e44020667d44aaa21eda89522638804371	False	10691	48	cross_target_generality_only_not_same_target_replication
SARS	28	22	True	False	False	ineligible	36d61cab22be946a4d095d0414cff2ff6a2e561f140f9f67c919748bbc39ff5a	False	10691	48	cross_target_generality_only_not_same_target_replication
SARS2	163	43	True	False	True	Q2	38f0e273852c940beaabb2ee2b1df4a16057ab2a9bd520a620b86221ed4a4b73	False	10691	48	cross_target_generality_only_not_same_target_replication
SART1	306	47	True	False	True	Q4	d8b92d61928efd5a0a17489e8a919ec2dcce905afd1ceb23377771bba2222f86	False	10691	48	cross_target_generality_only_not_same_target_replication
SART3	154	43	True	False	True	Q2	c9850baa3eae7fd3bc0ac38b6ca371807d2daea0520f03d64f5d55ffff1fdaa8	False	10691	48	cross_target_generality_only_not_same_target_replication
SASS6	68	38	True	False	False	ineligible	1a4eb549d089edb83efd929cf3df16b01e092c3859cb176e3fe729c9a90cdf0d	False	10691	48	cross_target_generality_only_not_same_target_replication
SBDS	95	39	True	False	False	ineligible	9e0a0335df0622c857f667f744d5eec085d1ec9519aca99e20fff897ce0c9737	False	10691	48	cross_target_generality_only_not_same_target_replication
SBNO1	183	46	True	False	True	Q3	4f18962197f1c05dc7ea3f8cbb2903d0288d3354a24c0ce01e8e4f832f8e13b1	False	10691	48	cross_target_generality_only_not_same_target_replication
SCAF1	174	48	True	False	True	Q3	b97b862c1c174df018decf82357381a1d104ecbba65a1532d86fe800cdbfd764	False	10691	48	cross_target_generality_only_not_same_target_replication
SCAP	140	47	True	False	True	Q2	97a18fc7eb509acb8a040049459cd289269da63882c835dab281ba5b148dea67	False	10691	48	cross_target_generality_only_not_same_target_replication
SCD	24	19	True	False	False	ineligible	b3cb92f03ca16818e2fa77597e7e3cadb4f739f7e1b58070aca787616a76413d	False	10691	48	cross_target_generality_only_not_same_target_replication
SCFD1	152	45	True	False	True	Q2	cf4131de555f19eb0f890cb4137be3512b41098549f00319bd77d99184b9639b	False	10691	48	cross_target_generality_only_not_same_target_replication
SCNM1	101	43	True	False	True	Q1	4b374799937808af49a164d82fcf48c3cda56b58fbedb0dc4f8c34e7dafe08af	False	10691	48	cross_target_generality_only_not_same_target_replication
SDAD1	240	47	True	False	True	Q4	c3c032251451f0044a65aa24e576d5c2a5aa70971b423ec23605408162fdcd51	False	10691	48	cross_target_generality_only_not_same_target_replication
SDC1	170	47	False	False	False	ineligible	7fcbdd140521ab364c6fdf8b6f499fe8473f807ac8559b20057ed364bf7dbd41	False	10691	48	cross_target_generality_only_not_same_target_replication
SDE2	151	46	True	False	True	Q2	7fb9a93387a00aa1b1ba409da83bcdb6f250a0a7b1860f022304a31a947bb7da	False	10691	48	cross_target_generality_only_not_same_target_replication
SDHA	62	35	True	False	False	ineligible	90353902d80ffc39b53fc78b055ed69c405ab99b7c9475bb6fcb8bb21bc62e87	False	10691	48	cross_target_generality_only_not_same_target_replication
SDHAF2	126	44	True	False	True	Q1	c9fba28d3a7a4b1f39d5b773a70dfa0ad07c87baa427f95d25de41fcf3a44a7b	False	10691	48	cross_target_generality_only_not_same_target_replication
SDHC	104	43	True	False	True	Q1	21d3c656ffe186194536d5c13f5562c0448efc365f4659fed7c00224bae29b94	False	10691	48	cross_target_generality_only_not_same_target_replication
SDHD	45	27	True	False	False	ineligible	7daedb9a7f2d2a4a157bcd9730c60a751b32bad97e99a1b3b3a18e73c85d6eb3	False	10691	48	cross_target_generality_only_not_same_target_replication
SEC13	56	37	True	False	False	ineligible	bad1658076b26b74085a65b4c10d8d2424389f1af6a892c49219bc709c3b10e5	False	10691	48	cross_target_generality_only_not_same_target_replication
SEC16A	153	44	True	False	True	Q2	d9b0f3923df218bb85019428f1bc3523e009453012df61be924925c1d756958d	False	10691	48	cross_target_generality_only_not_same_target_replication
SEC61A1	180	48	True	False	True	Q3	b84bb74d19d0c23d00125d0d009f02a5de9e3a53558f6f06b0e56658e500ccad	False	10691	48	cross_target_generality_only_not_same_target_replication
SEC61B	84	38	True	False	False	ineligible	0ea287f8f5ff6163e4643a3563211b45e4a5b5d9d164301181aebe103ab9f9c5	False	10691	48	cross_target_generality_only_not_same_target_replication
SEC61G	98	38	True	False	False	ineligible	639c73ba6e67187432779a7442ac22b4b65a8f2c24c3efbf4cceec76b3cee190	False	10691	48	cross_target_generality_only_not_same_target_replication
SEC62	5	5	True	False	False	ineligible	8934eab513e67c1b66f697fd8f647ca548f17e8aac99c3f13b3ef620edc5c979	False	10691	48	cross_target_generality_only_not_same_target_replication
SEC63	78	39	True	False	False	ineligible	4af705c6747cc8468ba376626e0fb1e22f096a6394f7875892f793a077ac00eb	False	10691	48	cross_target_generality_only_not_same_target_replication
SEH1L	60	34	True	False	False	ineligible	afa3b48ae14c27efecde21ee5da2e23e22e8efaccf033a986302abb970336cec	False	10691	48	cross_target_generality_only_not_same_target_replication
SEM1	88	40	True	False	False	ineligible	b5a937a215d8507d2ac4887debdd539791d29069869b9dc3cd4907d640f79475	False	10691	48	cross_target_generality_only_not_same_target_replication
SENP6	94	40	True	False	False	ineligible	a9edde73522629e6a4256555a3b443f7da58d8adf2996384f2a387eccfb96fc7	False	10691	48	cross_target_generality_only_not_same_target_replication
SEPHS2	158	47	True	False	True	Q2	eedcf60686c419d2313bfad4f69d4e8e2000f9c77a072edd9d0ca0b3aacdf074	False	10691	48	cross_target_generality_only_not_same_target_replication
SEPSECS	82	40	True	False	False	ineligible	e28f841ac31580c59d118e0b6cd93f36e15285530e89083c8d3914dac2c4967d	False	10691	48	cross_target_generality_only_not_same_target_replication
SERBP1	109	45	True	False	True	Q1	97b63cdbbec2cbb768ca3bc424d48e62425a151631c3e6a3d05804abf410fd2e	False	10691	48	cross_target_generality_only_not_same_target_replication
SET	17	15	True	False	False	ineligible	cd5d7b3e6f847abfc0d6adeb4bbc1357e4da38d7b986c412820e087b30a1f7f5	False	10691	48	cross_target_generality_only_not_same_target_replication
SETD1A	69	39	True	False	False	ineligible	4df2bbdacc54b52890a42dfc08429ec78fc3bbca9268b49c487f54856df894fd	False	10691	48	cross_target_generality_only_not_same_target_replication
SETD2	109	44	True	False	True	Q1	37b20d2b6cd84d1efd873effce1a3db58431baec0831b368f8cb93f128a9c3f6	False	10691	48	cross_target_generality_only_not_same_target_replication
SETDB1	124	42	True	False	True	Q1	6ed7dfe46ba32a3ec21309d5509a8a63ee6a9470f2646c8ff5b005e292aebf15	False	10691	48	cross_target_generality_only_not_same_target_replication
SF1	47	32	True	False	False	ineligible	dcf836bf4151ebcabf25aabe0ef6b8d552ec213578cdc67155680a8f603efc88	False	10691	48	cross_target_generality_only_not_same_target_replication
SF3A1	332	48	True	False	True	Q4	db5f274d4b72a52e18a0e2b19b84a472ed806c69e15ff303f46b46c4e4a92cb4	False	10691	48	cross_target_generality_only_not_same_target_replication
SF3A2	321	48	True	False	True	Q4	51253520aff5b64a8719945d27ce063b14a9b3ee9c126dfb25e25f045e273c51	False	10691	48	cross_target_generality_only_not_same_target_replication
SF3A3	25	19	True	False	False	ineligible	34ae65af5658f913a48631e97bb9a1a512dce71dc7a09e4c199b046b6a82f657	False	10691	48	cross_target_generality_only_not_same_target_replication
SF3B1	165	44	True	False	True	Q3	6bb141acb49a3d5acbe8dfc200e84661689e6b83d2ce032a851739be38f03120	False	10691	48	cross_target_generality_only_not_same_target_replication
SF3B2	500	48	True	False	True	Q4	755580e005a2f10014aec2335a8f46b96e4b19584071bbebde02389b474fb092	False	10691	48	cross_target_generality_only_not_same_target_replication
SF3B3	381	48	True	False	True	Q4	2fb6480b5bf069fb33c741b4addc8d322e9c1319a6a54bbd7300b61f8e0f50dc	False	10691	48	cross_target_generality_only_not_same_target_replication
SF3B4	238	48	True	False	True	Q4	3bb5707394693c50530c643115e80e808e142f84f4f265916d9223e59ee5cefb	False	10691	48	cross_target_generality_only_not_same_target_replication
SF3B5	84	42	True	False	False	ineligible	1edbb3ee9aa23305f3fdb7f8c9b31e498e4be2d66c7d07e2e59f986125efc529	False	10691	48	cross_target_generality_only_not_same_target_replication
SFPQ	303	48	True	False	True	Q4	3aae7b80b215aaeb7883e4bd87c93901d12fdbfaf8337ea39c254dd33df2f421	False	10691	48	cross_target_generality_only_not_same_target_replication
SFSWAP	172	46	True	False	True	Q3	ff39e727a4f5f81afb19ad844e0400d968c63269f9f7aef27bda25254db15b11	False	10691	48	cross_target_generality_only_not_same_target_replication
SGPP1	159	48	False	False	False	ineligible	98cdd0997e6a94b531e98e0fa7ab70eb5d719c858009793e1364c1a090f978ab	False	10691	48	cross_target_generality_only_not_same_target_replication
SHQ1	94	43	True	False	False	ineligible	9083689a2cf4753d9d70a2db6c4c2c6884e4aa9357afbcbde40bec31a6b02c83	False	10691	48	cross_target_generality_only_not_same_target_replication
SIGLEC14	97	41	False	False	False	ineligible	e1ead7f0e2042c47838f1317083ff4b42c1181868a369868e49245cdd994d871	False	10691	48	cross_target_generality_only_not_same_target_replication
SIN3A	307	48	True	False	True	Q4	2e2feed918fd8e4439912adee4e7d3207886872da58189a051d355054207a21e	False	10691	48	cross_target_generality_only_not_same_target_replication
SKA1	68	39	True	False	False	ineligible	8cb41fe7d24e8421a14c1c74a3755193508e0c4823912467a7163d52f6057343	False	10691	48	cross_target_generality_only_not_same_target_replication
SKA3	116	41	True	False	True	Q1	62dbfc1541ee94445b38b0abe304d989777146ccba86aa434b951fa0cc73562e	False	10691	48	cross_target_generality_only_not_same_target_replication
SKP1	66	35	True	False	False	ineligible	0cdeaeb9d4ab5d85f81edab3a110f6b3e6c34b8439c1166b27beba817d007c3f	False	10691	48	cross_target_generality_only_not_same_target_replication
SKP2	202	46	True	False	True	Q3	f0741a1454bc75f9841530dee04cf6345ec60798605b02b3b16ada1578fde7ba	False	10691	48	cross_target_generality_only_not_same_target_replication
SLBP	83	38	True	False	False	ineligible	4a61bd0162a6367e08adeba760e8826b4756e06429f052615a1d8c8f32b58312	False	10691	48	cross_target_generality_only_not_same_target_replication
SLC16A5	179	47	False	False	False	ineligible	efe24dc15cd76f184c1c9436e7005026b2447cd7220a926a05c6e2583abffcc2	False	10691	48	cross_target_generality_only_not_same_target_replication
SLC1A5	490	48	True	False	True	Q4	deffa2042a887091e1eba154712380f641fc8ce3e82e7b65afd8601cbb4ccb3a	False	10691	48	cross_target_generality_only_not_same_target_replication
SLC25A10	303	48	True	False	True	Q4	5d9bf3648c26aa1f42ec2427b241c938d06b77e38922c6d99dabc2bcf1058952	False	10691	48	cross_target_generality_only_not_same_target_replication
SLC25A26	36	27	True	False	False	ineligible	802848f849554522b210d9356de603002932ac4af679cdc37e5b1ff2cac8522e	False	10691	48	cross_target_generality_only_not_same_target_replication
SLC25A3	114	45	True	False	True	Q1	d82e274c6695c6576db1f9ccd7203d1b391a7e32c2a958d0466f8173bea3327a	False	10691	48	cross_target_generality_only_not_same_target_replication
SLC35B1	70	40	True	False	False	ineligible	9fc20d6b886e2f4d7abe908b90fcc8a2c52ae77a4a24ae3660a1e3bd424706db	False	10691	48	cross_target_generality_only_not_same_target_replication
SLC35G6	163	46	False	False	False	ineligible	6fad42730d7d4431bf0d4a1c37ad7394fd2a48b30b8a0ace2782b09649a04539	False	10691	48	cross_target_generality_only_not_same_target_replication
SLC39A10	153	44	True	False	True	Q2	857468470ae1650f4a2b7d3abaf04a87a1b9afa6695768ac59d7cf8653faf40b	False	10691	48	cross_target_generality_only_not_same_target_replication
SLC39A7	131	46	True	False	True	Q2	d98ca7948605e2196ac2dc9e2aafd9cf44c2ade5597415d294149d914199ffa9	False	10691	48	cross_target_generality_only_not_same_target_replication
SLC39A9	752	48	True	False	True	Q4	c77187a8436206d37fdcb617ebf2d87bdef1a867ea40ba124c55214f5ef2d3f8	False	10691	48	cross_target_generality_only_not_same_target_replication
SLC4A5	226	47	False	False	False	ineligible	b57a64ddfa7c3f4d131ed1cad56667db29ee0f238d3c87188f60913602e9106f	False	10691	48	cross_target_generality_only_not_same_target_replication
SLC7A5	378	48	True	False	True	Q4	dfa7dd823e6b94d86b7bb82c7fd06328cbf42eff61b2aed89caf26f2d9b8e7b7	False	10691	48	cross_target_generality_only_not_same_target_replication
SLC7A6OS	38	26	True	False	False	ineligible	9c4790d10d6248f6d91d26b3847212b7d6339571d2205704c9b9302cad88df61	False	10691	48	cross_target_generality_only_not_same_target_replication
SLC9B1	74	37	False	False	False	ineligible	930fc70597ba5fbd6ae629e1653b05970cd1074775b89cbfcf8e500e2e3d15a0	False	10691	48	cross_target_generality_only_not_same_target_replication
SLU7	225	48	True	False	True	Q3	38f8f9b0c0a8205b1e2e25550b2b641bb5efc155dca59b2e1419c823e110e954	False	10691	48	cross_target_generality_only_not_same_target_replication
SMAGP	117	46	True	False	True	Q1	6ecd097ce3b4b9fb8bc4ef9ae6c221125956b50930c9af0e79bfb89374852640	False	10691	48	cross_target_generality_only_not_same_target_replication
SMARCB1	182	46	True	False	True	Q3	4278464438c5d43b0f39970f022d34111c05f8dad11a618433416e3874844877	False	10691	48	cross_target_generality_only_not_same_target_replication
SMARCE1	31	22	True	False	False	ineligible	c58d16d12e1141e8baa068b1e6650c5ed55db2824233fc309bb33fb077c75b51	False	10691	48	cross_target_generality_only_not_same_target_replication
SMC1A	180	48	True	False	True	Q3	7ac31ae0568576a98572185bb5da76f676b87f8ffe814e032ce6c80172d93bbf	False	10691	48	cross_target_generality_only_not_same_target_replication
SMC2	134	43	True	False	True	Q2	a01e7212047496c1fa9c879425dccc612a2a7da4c2e17a59ab7d5ddba87b2066	False	10691	48	cross_target_generality_only_not_same_target_replication
SMC3	54	31	True	False	False	ineligible	2533f86dd6316f5c5896a36a82bb1d8390c2b2d96923fd7647b587ea1d2b5077	False	10691	48	cross_target_generality_only_not_same_target_replication
SMC4	340	48	True	False	True	Q4	4678c5dce99e51b8ccd2127db0b5bda495855d0a6753187da1114add3125ef28	False	10691	48	cross_target_generality_only_not_same_target_replication
SMC5	121	45	True	False	True	Q1	ed9eb60a48c5fc4d879adde83850a93716d10b02f1be88e5ec6b08d547f2abaf	False	10691	48	cross_target_generality_only_not_same_target_replication
SMC6	125	43	True	False	True	Q1	8cbb5138b4f58dd8b3052be547318fb52b13d674cdceed668fee34f7d06fb2d6	False	10691	48	cross_target_generality_only_not_same_target_replication
SMG1	35	26	True	False	False	ineligible	5c4588a65c128ba357719e95f23f7c8028ffbbc7332ea334d8d27756126236e4	False	10691	48	cross_target_generality_only_not_same_target_replication
SMG5	83	41	True	False	False	ineligible	b8c80f42e1391533f866e1451f185c2ee25f55f26693e7f4584f740b9a7929ff	False	10691	48	cross_target_generality_only_not_same_target_replication
SMG6	54	32	True	False	False	ineligible	d2d5b6cba3568d9430ea3fb6811f4cecf4da0b9c350d8e2c2841fcd7fdcadebd	False	10691	48	cross_target_generality_only_not_same_target_replication
SMN2	319	48	False	False	False	ineligible	a77867cb400bdd33bcb1779f380278a8fdebaa4c69b680e3f34be20cce4fce17	False	10691	48	cross_target_generality_only_not_same_target_replication
SMNDC1	15	13	True	False	False	ineligible	80193b58c188463a1fc5f2aa629f8f2db54c1771957deffdff349dd9759efd4d	False	10691	48	cross_target_generality_only_not_same_target_replication
SMU1	155	46	True	False	True	Q2	484a6ac83b2eb1c18f6998db873ed41c223503a4f9d16edd64ee07d1ef2fe959	False	10691	48	cross_target_generality_only_not_same_target_replication
SMUG1	71	35	True	False	False	ineligible	dc2d37cd26f003cb9fb996d26a4e3412a6d727aac2c8df86b6260780b902d335	False	10691	48	cross_target_generality_only_not_same_target_replication
SNAPC1	96	43	True	False	False	ineligible	19248b3af76839ef5bc46193defb62b75c1db47a4e0f1a574b9ace4cfb1dcd35	False	10691	48	cross_target_generality_only_not_same_target_replication
SNAPC2	72	38	True	False	False	ineligible	1761d3fc32306b74bcda65da73901e783e3c6e37c1c2c7202660e4477a6ac43a	False	10691	48	cross_target_generality_only_not_same_target_replication
SNAPC3	212	46	True	False	True	Q3	97a0744a89c096261169fcca1a73431065a8da280a7ddade6a0f92f72150822b	False	10691	48	cross_target_generality_only_not_same_target_replication
SNAPC4	104	43	True	False	True	Q1	81fa3d741115845af3599fa9d21c14154298e2213884df79aa60b42936eb51a4	False	10691	48	cross_target_generality_only_not_same_target_replication
SNAPC5	102	42	True	False	True	Q1	ea53abf5207a5cd05b020d61b9e2a8877172442c8c27e490e8d89d77a464e741	False	10691	48	cross_target_generality_only_not_same_target_replication
SNF8	132	46	True	False	True	Q2	d21a10dc56709f2f1a1fd1ce6565d890ec36a057feff75fe9e1cbba46e4a7fe0	False	10691	48	cross_target_generality_only_not_same_target_replication
SNIP1	45	28	True	False	False	ineligible	7c91bfdbdf434665b34e63a841b6c627403586087b06811e9790b0b60f76b2b0	False	10691	48	cross_target_generality_only_not_same_target_replication
SNRNP200	169	45	True	False	True	Q3	0b178fa235f8866eff9a271ce3aa9563bb8169fa303f3201e064442386100ab8	False	10691	48	cross_target_generality_only_not_same_target_replication
SNRNP25	135	47	True	False	True	Q2	cfd8dd0e070061a6edf54e94fc07f36d99ae047c51c9b8eb238b32e01cebaebd	False	10691	48	cross_target_generality_only_not_same_target_replication
SNRNP27	47	28	True	False	False	ineligible	08b33a9d15d6ff2575723368f8bf4eadb8036f60eb0a8b9f60ae7329b12614f7	False	10691	48	cross_target_generality_only_not_same_target_replication
SNRNP35	168	46	True	False	True	Q3	45ee1f2533dbf934e548477ec1c99f60aba91178be81e7abf648e8a506ac9639	False	10691	48	cross_target_generality_only_not_same_target_replication
SNRNP40	210	47	True	False	True	Q3	f01fd06d9ea2b31d4d00eddf77d10bc37b8db87994a3f397d247366e70e1dd0d	False	10691	48	cross_target_generality_only_not_same_target_replication
SNRNP48	191	47	True	False	True	Q3	44868265c2c5e10cf767df6ed6c06a1d4a689d24e4cecee0cdf01b34df22616d	False	10691	48	cross_target_generality_only_not_same_target_replication
SNRNP70	129	43	True	False	True	Q2	3cff9faf01e500bdaee76c624c1ba75c0f5d7dc8fd9944ee588ad1c711d0cc4e	False	10691	48	cross_target_generality_only_not_same_target_replication
SNRPA1	159	46	True	False	True	Q2	bf7c269ca398352a23f29189c361b5d3696386003dbfc8015e2398428b8682f1	False	10691	48	cross_target_generality_only_not_same_target_replication
SNRPB	269	48	True	False	True	Q4	ebe4c0872fd389a317c443e48819946ceb461e61b24933579a7039f2a97683e2	False	10691	48	cross_target_generality_only_not_same_target_replication
SNRPC	34	21	True	False	False	ineligible	f1c777eb2243a8addc95d1e308a5995f924b937e277a0da961cce94c7c5a790a	False	10691	48	cross_target_generality_only_not_same_target_replication
SNRPD1	146	45	True	False	True	Q2	33dc4d256526649d84c181d217ec846cb7d05c5c4e437f9225867f1595ed57d6	False	10691	48	cross_target_generality_only_not_same_target_replication
SNRPD2	19	14	True	False	False	ineligible	62318ce96c454fa1a86b1bb06dc1bc959b79ae6e85428907183788427dbf9d96	False	10691	48	cross_target_generality_only_not_same_target_replication
SNRPD3	182	47	True	False	True	Q3	978406056f0cca07e97e8d55d22ffece47620b3967c456139bc8d4c6b2683cbe	False	10691	48	cross_target_generality_only_not_same_target_replication
SNRPE	184	48	True	False	True	Q3	f6e2ab9163532349edd88aefa36c2ab2b7b00c069d9657cc1b87a990fe74376e	False	10691	48	cross_target_generality_only_not_same_target_replication
SNRPF	130	44	True	False	True	Q2	e7a6645b4a77f096add1fb105055ccc756ccc031304f927de3edc8449fd0e31c	False	10691	48	cross_target_generality_only_not_same_target_replication
SNRPG	402	48	True	False	True	Q4	f7af92a010cf38301808b8523308789ec729868370ef28339d1b33c1168bc632	False	10691	48	cross_target_generality_only_not_same_target_replication
SNUPN	139	46	True	False	True	Q2	1f6a20ccd6be6209847b4bd35f9e2ec5a192d865cbfc2a18b5c8970ddca0901c	False	10691	48	cross_target_generality_only_not_same_target_replication
SNW1	226	47	True	False	True	Q4	5e596b7d067654ba087b774733c9291d2d511068ebba9eee6f0ac1ab904d3e87	False	10691	48	cross_target_generality_only_not_same_target_replication
SNX15	637	48	True	False	True	Q4	28dc8eaf74195092e80fe87892cee69dcc7d742043174f0d812c4e7cf434832b	False	10691	48	cross_target_generality_only_not_same_target_replication
SOD1	165	46	True	False	True	Q3	fd7b2cad2301763cb7c2ba16c7231c55b9acfcd73f86cbab6e14c1f0dc3f3e5e	False	10691	48	cross_target_generality_only_not_same_target_replication
SOD2	198	47	True	False	True	Q3	cc4e1baf48a74066884f09c7098211e66520ba98fc82f00cf85562156c9d0fc6	False	10691	48	cross_target_generality_only_not_same_target_replication
SON	515	48	True	False	True	Q4	06c666065521c5d014ba46cbd8a56f96d47c4f4b7e61377f3ba3001b9a20ae4c	False	10691	48	cross_target_generality_only_not_same_target_replication
SP2	118	41	True	False	True	Q1	9ed6f91ea92a44b2cfb52048343a1573bcf7c563e471c53d15e1903ded639f2e	False	10691	48	cross_target_generality_only_not_same_target_replication
SPATA5	70	36	True	False	False	ineligible	cf2b6f5ac901492f65e3f1b7114ce5e61f92543eedc87e1c16f677ad701a6f28	False	10691	48	cross_target_generality_only_not_same_target_replication
SPATA5L1	150	44	True	False	True	Q2	54aefd0dbe1e2f5ab74f5806a441c54c371e951e0f1796b328c8d0b4a7e78d04	False	10691	48	cross_target_generality_only_not_same_target_replication
SPC24	98	38	True	False	False	ineligible	1ca32c5d063d14e7ad5c28b7d5c9e76d1e6ace04bf88aa56d8bbc7900c425997	False	10691	48	cross_target_generality_only_not_same_target_replication
SPC25	199	48	True	False	True	Q3	71bb787cfdc6c17351ad2b33ff7b5e8a2e0508da74590f131318f278b0ddb9b8	False	10691	48	cross_target_generality_only_not_same_target_replication
SPCS2	122	43	True	False	True	Q1	1130a7378eb50246839fc5d4d1d1b6e4d6d7afa479c6e6dc8ff78e894bed532a	False	10691	48	cross_target_generality_only_not_same_target_replication
SPCS3	167	45	True	False	True	Q3	cde8e582a4e17e9939d8c1598850364112812866160af69ed55d9d92759c144f	False	10691	48	cross_target_generality_only_not_same_target_replication
SPDL1	88	38	True	False	False	ineligible	fe9a79e92630699c644e84cb8647416c0ec6e67b00e40a3e53514c629e0fa6f9	False	10691	48	cross_target_generality_only_not_same_target_replication
SPDYE2	182	44	False	False	False	ineligible	374166c6006abb9d7b73fd92958996b29774e3d7cfdce9865f513dd858d006ea	False	10691	48	cross_target_generality_only_not_same_target_replication
SPRTN	139	44	True	False	True	Q2	4d3096644b56c5c13f0bd7a64ed3b7b64a58c5dc0ac9a941554585c7d1ad5e43	False	10691	48	cross_target_generality_only_not_same_target_replication
SPTLC1	28	22	True	False	False	ineligible	ce40cefedb9436a6f53c14967e29b39fbba04c0ca4ac6ed9ea977f78e351d02f	False	10691	48	cross_target_generality_only_not_same_target_replication
SPTSSA	124	46	True	False	True	Q1	749d24dcc3768d3fc61207ba5e8e94f0a13e42fe2fc992fdc4317d9c97ff6a17	False	10691	48	cross_target_generality_only_not_same_target_replication
SRBD1	150	42	True	False	True	Q2	76e6e629582c7b00cd671bc120c2b2727a5a6b81e7817ee907c7f7d5de35b083	False	10691	48	cross_target_generality_only_not_same_target_replication
SRCAP	194	47	True	False	True	Q3	f9d5897b45cc551486364f69021246d6e4773ba2f962d54e9b026aaaa23a718d	False	10691	48	cross_target_generality_only_not_same_target_replication
SRF	123	44	True	False	True	Q1	e3037d598befe035980558f1760c2d45249928461185be862e1b3ccbd575df23	False	10691	48	cross_target_generality_only_not_same_target_replication
SRFBP1	76	40	True	False	False	ineligible	68b5b3df96bcc3fecd19310c305cf008aebc53b2023d688e096640bfb05127fb	False	10691	48	cross_target_generality_only_not_same_target_replication
SRP14	132	47	True	False	True	Q2	2fa2a1b01714f93395add005f9c14aa11af05f37c9df87f2cb17b69d170bf2f4	False	10691	48	cross_target_generality_only_not_same_target_replication
SRP19	124	42	True	False	True	Q1	55a1d6b1afed08354ce1e6a3caa087569ec2fd92f9221f7861197e1afefce3c9	False	10691	48	cross_target_generality_only_not_same_target_replication
SRP54	81	42	True	False	False	ineligible	717689261f1e47d96abe9ea820cd1addeb45ca1f0553bea9b54a9d1e96f9bce6	False	10691	48	cross_target_generality_only_not_same_target_replication
SRP68	171	47	True	False	True	Q3	9dbb362d6d6b54a8d325bd3091d6c05dc0fc75a3fbe591968556eedb43cad48e	False	10691	48	cross_target_generality_only_not_same_target_replication
SRP72	224	48	True	False	True	Q3	74a695f3283bdaf84b14d9a6521cf4486ba298392ed51bd00d08e215fa963e01	False	10691	48	cross_target_generality_only_not_same_target_replication
SRP9	168	47	True	False	True	Q3	6dcb3be8e70d2f6107d961fcac34ab5c1e8b6ea2124c79a791f957adde0c74c4	False	10691	48	cross_target_generality_only_not_same_target_replication
SRPRB	164	44	True	False	True	Q3	ddcc2e8231123d20a4a2af4efb4830cb1e799e12abd7b1b7858b12d2c17ca988	False	10691	48	cross_target_generality_only_not_same_target_replication
SRRM1	180	48	True	False	True	Q3	cae3061b0fdf3c338e4d29379e77de8cfdf843d33a372a0a16f935b431998c7d	False	10691	48	cross_target_generality_only_not_same_target_replication
SRRM2	173	43	True	False	True	Q3	189403e4e76fb6d9223e3452cdf5c9d4c2be629dda63a9a0a7516cb0b27f6d08	False	10691	48	cross_target_generality_only_not_same_target_replication
SRRT	307	48	True	False	True	Q4	dd21b582b23505ff7ccd8e7b09ec51a9f0efd3d6e71e1d41cb90b0066b96d986	False	10691	48	cross_target_generality_only_not_same_target_replication
SRSF1	159	45	True	False	True	Q2	50eac25b7b8a0511e0d0c92a2874e0aa4d066da89f9928b524044408103e17ed	False	10691	48	cross_target_generality_only_not_same_target_replication
SRSF10	133	44	True	False	True	Q2	23f90952061bf96f1bd0456d378c59760c292771687f64def6a7a33fdc705332	False	10691	48	cross_target_generality_only_not_same_target_replication
SRSF11	437	48	True	False	True	Q4	85e1f8a8ed906fea98ce21186f7e27762963166272c497f6542579cde707ce59	False	10691	48	cross_target_generality_only_not_same_target_replication
SRSF2	69	33	True	False	False	ineligible	ade6e48601adda828b049e1a70ca1ae784065a7b01b2f12169ee7f74c1fb8fa0	False	10691	48	cross_target_generality_only_not_same_target_replication
SRSF3	29	19	True	False	False	ineligible	655bb5711dee5cefed7ab682b25381e32bde86fcf27b793c2b37d4da662e479e	False	10691	48	cross_target_generality_only_not_same_target_replication
SRSF6	231	46	True	False	True	Q4	13afb8e26edfedaa6780e4dee40f2f9de298675215321b123d1f0affe30d0274	False	10691	48	cross_target_generality_only_not_same_target_replication
SRSF7	118	42	True	False	True	Q1	14bd1f4c12d9b23bb112e52893ffbe3a09ed947d3c7c319bf049cb8a1bfb96cd	False	10691	48	cross_target_generality_only_not_same_target_replication
SS18L2	144	46	True	False	True	Q2	a7acb8d2d0481927e5d62556fbc6f145356c8a448a37c341f0dcc682fe6df5ab	False	10691	48	cross_target_generality_only_not_same_target_replication
SSBP1	119	44	True	False	True	Q1	7c94e8ef8330a1f262ca272c803ce4f8783640c0670f7a15126a05150f4a0aeb	False	10691	48	cross_target_generality_only_not_same_target_replication
SSBP3	107	42	True	False	True	Q1	630c201daf3a2e364b55d3b6e34a66a6970115f293f8e4c2f997018f84f20753	False	10691	48	cross_target_generality_only_not_same_target_replication
SSRP1	562	48	True	False	True	Q4	a177bdf3efc7d70edba35b23784df8597bbd251602928c5f520457a3e7a9dd94	False	10691	48	cross_target_generality_only_not_same_target_replication
SSU72	85	39	True	False	False	ineligible	11cef189f7143ab637f0c79eec169ea620e4cef730f9c9230b96fabf353a6b87	False	10691	48	cross_target_generality_only_not_same_target_replication
SSX4	101	41	False	False	False	ineligible	2858544e17b0d9135b0487fb9b65f08671de31101c91e6e2ce1e9a27bc76814e	False	10691	48	cross_target_generality_only_not_same_target_replication
STARD7	117	44	True	False	True	Q1	aaf0af22a681b820675d92162b7a6612d096b5c8db67bbdb839ea14e988d3d33	False	10691	48	cross_target_generality_only_not_same_target_replication
STAT5A	204	48	True	False	True	Q3	89f6376d86a143cc90c227a995b59d509ec09a874245cc0bf19dc4c578119bff	False	10691	48	cross_target_generality_only_not_same_target_replication
STIL	171	47	True	False	True	Q3	da031a42262085a715d73cbe6c153d63ff305951a35a82998aa7f956eb3ed89f	False	10691	48	cross_target_generality_only_not_same_target_replication
STRAP	106	45	True	False	True	Q1	65c905b4f969d80b4f602fa1c4cd3b37d6a2ee36f73cb981e8321433772ea1a3	False	10691	48	cross_target_generality_only_not_same_target_replication
STRIP1	107	44	True	False	True	Q1	3d13308ccfdcf06b5afb6d3279c33c06096fd6568923fbbaadafec4910d2cce0	False	10691	48	cross_target_generality_only_not_same_target_replication
STX18	86	41	True	False	False	ineligible	14a1fcf66bba9e17ded782dfde0be2d482042ed544ee4409f9a1e50ea7fc09a4	False	10691	48	cross_target_generality_only_not_same_target_replication
STX5	51	35	True	False	False	ineligible	8f0b46ac393c3334b83bb517736cafc84c93f54f11fb1569fb0118eedf4ef1f8	False	10691	48	cross_target_generality_only_not_same_target_replication
SUGP1	149	46	True	False	True	Q2	9320bcb7e112e80514a470f15f58ce473fca681358b8471b80007e836aa4061a	False	10691	48	cross_target_generality_only_not_same_target_replication
SUGT1	107	45	True	False	True	Q1	e02afd8713945182dc9ecdf41cf69b3226d02681b100ebd658770a71be970283	False	10691	48	cross_target_generality_only_not_same_target_replication
SUMO2	63	38	True	False	False	ineligible	25ad7b8e44b1837339d14904cc611ad1dcde0172bb02b816e3532bbeda042a31	False	10691	48	cross_target_generality_only_not_same_target_replication
SUPT16H	93	42	True	False	False	ineligible	f1b9bbc8c515aff1fb2622737bdffdbe830a6e1f1a2b1e10b88ce043441f5be9	False	10691	48	cross_target_generality_only_not_same_target_replication
SUPT4H1	74	37	True	False	False	ineligible	143935f258e435968ddf6ad006dd386452af82d8fb9dcda3df58ca84d16bdbc4	False	10691	48	cross_target_generality_only_not_same_target_replication
SUPT5H	406	48	True	False	True	Q4	e4f5d81625ea7fadc32a4737d6e8144f670b5c9fdb54525c88e2f4a6cc132ee7	False	10691	48	cross_target_generality_only_not_same_target_replication
SUPT6H	288	48	True	False	True	Q4	91158992bc79648a30a4e1bba3634a8707d51fcaefa15edffd0c78c860acf601	False	10691	48	cross_target_generality_only_not_same_target_replication
SUPV3L1	80	37	True	False	False	ineligible	7e55bb60ede9f0786c04280659c176304f505d41d908dbcf5b9aadcc3f1781e4	False	10691	48	cross_target_generality_only_not_same_target_replication
SURF6	130	44	True	False	True	Q2	33ac6a86d15e370066ac658979bc7276a2a8ca02d3d5cfa670da7d77c79aacfd	False	10691	48	cross_target_generality_only_not_same_target_replication
SYF2	86	41	True	False	False	ineligible	1ff60efefafd7737a2d79709db1edfb43c1bc7face789e03ffff07cba50f5dd9	False	10691	48	cross_target_generality_only_not_same_target_replication
SYMPK	89	40	True	False	False	ineligible	16cd512ed30425fae3efe5cab2b54ec0bcd6f4d2ceeee2b5735bd97dab68800a	False	10691	48	cross_target_generality_only_not_same_target_replication
SYS1	59	34	True	False	False	ineligible	d24be57195fec41e886429be1022d59814641dc6146d16e6db8c28152c4fce6e	False	10691	48	cross_target_generality_only_not_same_target_replication
TACC3	132	45	True	False	True	Q2	63eec4fa22cbb769982dd0ef611ece6268e43933a54fb1c984bdbaedaec9112d	False	10691	48	cross_target_generality_only_not_same_target_replication
TADA2A	39	29	True	False	False	ineligible	c145c6f98296a7f2aab8b8c8f123272b7d0635b14c247b6867da877c8d3b93e9	False	10691	48	cross_target_generality_only_not_same_target_replication
TADA3	150	46	True	False	True	Q2	af5e48ecb69bba2c9f7d0ce5f97a0c417641d3afc885fe38f7a06cbf8a4d204f	False	10691	48	cross_target_generality_only_not_same_target_replication
TAF1	97	41	True	False	False	ineligible	2296349dbb41c40c80660a4cdfe8d928df41b5113dcb57dc7d217821d5409b12	False	10691	48	cross_target_generality_only_not_same_target_replication
TAF10	39	26	True	False	False	ineligible	a365203c27233ec2bd4bea3485d529c5b3889645d69c7a333a1c686dea873897	False	10691	48	cross_target_generality_only_not_same_target_replication
TAF12	67	38	True	False	False	ineligible	b8b09b8f9a6b6bca6a3044f7eae5ad5c3d3d30065c918cc37bede39ed3fc5827	False	10691	48	cross_target_generality_only_not_same_target_replication
TAF1B	94	42	True	False	False	ineligible	5bd59f0798e89f1b7a934ba170559aa1037dade066b72ada04ed75747f86ca25	False	10691	48	cross_target_generality_only_not_same_target_replication
TAF1C	134	47	True	False	True	Q2	8ed40144ca68bc74ca82ed089b64f9085c96b6b15ef75d937a1028e459dd8caa	False	10691	48	cross_target_generality_only_not_same_target_replication
TAF1D	141	47	True	False	True	Q2	f1a889d4962bc885978fc67ad0c4aab20783261c32d1ab55d40f5bfb7bcf87af	False	10691	48	cross_target_generality_only_not_same_target_replication
TAF2	144	47	True	False	True	Q2	87dfa1078e8c157de67cfd9251dddfdab17fbd7eb580c6799dee80a4d0b53509	False	10691	48	cross_target_generality_only_not_same_target_replication
TAF5	35	28	True	False	False	ineligible	565898402039eec0251c82d6ed2c664f7d255a85caacec40553ca7e29eeaf966	False	10691	48	cross_target_generality_only_not_same_target_replication
TAF6	113	44	True	False	True	Q1	0723f73a4937eb1d768f16434fa8032b529db99c89606081ee3b4c0975cd5781	False	10691	48	cross_target_generality_only_not_same_target_replication
TAF7	94	39	True	False	False	ineligible	a0ebcdab7f7ca98a72e4e37b781b7c2b5913f2a0017e67e12bb830a928d5fbed	False	10691	48	cross_target_generality_only_not_same_target_replication
TAF8	110	42	True	False	True	Q1	712f955640b11a5dce3270c6584ca643556ee51501289506bd2fb50f4fe1047e	False	10691	48	cross_target_generality_only_not_same_target_replication
TAMM41	120	44	True	False	True	Q1	f4e6f8c953ea53e6dce967971574b8cf1620062f6b0ed31055960e047c623e86	False	10691	48	cross_target_generality_only_not_same_target_replication
TANGO6	95	40	False	False	False	ineligible	dbbe2c39627d473bf0c645b0f48769255a7de62bd2d7c9292db61a4ccc4088e2	False	10691	48	cross_target_generality_only_not_same_target_replication
TARDBP	169	48	True	False	True	Q3	a5799e6c8c1b3c66ec45f60550c147b96b82d028df2473670fccfc2503dd9918	False	10691	48	cross_target_generality_only_not_same_target_replication
TARS	132	46	True	False	True	Q2	7dbb5c17353cc60589cb0503e2f278ae7ca0adba02c297fa70dc499359e686a0	False	10691	48	cross_target_generality_only_not_same_target_replication
TARS2	74	38	True	False	False	ineligible	6e492828623a29849a3c41dcb5869f477673ea02d0eb154421e171f591d700c5	False	10691	48	cross_target_generality_only_not_same_target_replication
TBC1D28	78	36	False	False	False	ineligible	14650efb973d3a8e3949271c62c6136f130c80a438fc0da1166acd845bd00f13	False	10691	48	cross_target_generality_only_not_same_target_replication
TBC1D3	32	26	False	False	False	ineligible	9d9eacc2f2767488615fe3b9fb1987b5e4d62906838de593de33e85f9b8c43c9	False	10691	48	cross_target_generality_only_not_same_target_replication
TBCA	179	47	True	False	True	Q3	8d0506fa658138a2c9420bc16ee80420c8e390656ea4bd4762845c6aa444e5e8	False	10691	48	cross_target_generality_only_not_same_target_replication
TBCB	102	42	True	False	True	Q1	258849f9914f216fb0769bedf3bd166d92a72868f3643e17f985e95eea3019e5	False	10691	48	cross_target_generality_only_not_same_target_replication
TBCC	141	44	True	False	True	Q2	59ed2cff8444c5e242a3bd1dba9907420deb64a1b8690cf37ef9761766b82dbb	False	10691	48	cross_target_generality_only_not_same_target_replication
TBCD	28	19	True	False	False	ineligible	a9b336d2d7a57d4c6fc32a9c313dbeec6cf7bfa21697155b1ad2ccb9bd68a667	False	10691	48	cross_target_generality_only_not_same_target_replication
TBCE	129	45	False	False	False	ineligible	f876d3c991e880763d8d3e40f53a09456d942da8a4f139fd120d220c9f13e2b2	False	10691	48	cross_target_generality_only_not_same_target_replication
TBL3	75	41	True	False	False	ineligible	ef835c9b9b226f59354ef9578b4bc0f104d2fb7356f6fecbeba5a38bee6c8dc1	False	10691	48	cross_target_generality_only_not_same_target_replication
TBP	151	45	True	False	True	Q2	1d79d2ecc2338b9e89abb52655fe7cce6f14e6d85891d7e03147a36fd347d896	False	10691	48	cross_target_generality_only_not_same_target_replication
TCERG1	105	43	True	False	True	Q1	0e29af4121d7b5fcf73ff577b40df7ccb20623cffb0bac0b21d4aebdd6520f2c	False	10691	48	cross_target_generality_only_not_same_target_replication
TCOF1	97	44	True	False	False	ineligible	ef81adfe3f1c690ecebc3e903acfed562468bcf84aa50e58bab87dbdcc4ae99e	False	10691	48	cross_target_generality_only_not_same_target_replication
TCP1	67	38	True	False	False	ineligible	d9bd4de864330fb2f068179867dae17e0ca5ab37ed06e972ab69ff73966a4855	False	10691	48	cross_target_generality_only_not_same_target_replication
TDGF1	106	41	False	False	False	ineligible	76cc42ad47681be440de8c5d1ed005b862b1cc04b7c6348af13b3de6afd1768d	False	10691	48	cross_target_generality_only_not_same_target_replication
TEAD3	267	47	False	False	False	ineligible	9b3e5f3a9bc91bb28e04a9065e924b84510cc5403589bd8118c24252c784ad06	False	10691	48	cross_target_generality_only_not_same_target_replication
TEFM	203	47	True	False	True	Q3	af98542cd771d08c272ba7b18ee0440d15a06cb069d53701040104cb8f349bf4	False	10691	48	cross_target_generality_only_not_same_target_replication
TELO2	74	40	True	False	False	ineligible	4a3ecff6b35aef740a0b747b60d3d25669ee114f8695a4427cceb91b12987b44	False	10691	48	cross_target_generality_only_not_same_target_replication
TEN1	86	41	True	False	False	ineligible	79e1e8b775c93fe92d24141854c3f4dd95791f805d8f27e00a76c5ee9fbd26b1	False	10691	48	cross_target_generality_only_not_same_target_replication
TERF1	83	38	True	False	False	ineligible	f1f580acf84d7de00574dddb6b073e57a3b010527c9eeb11f95a9d50e18cf005	False	10691	48	cross_target_generality_only_not_same_target_replication
TERF2	50	30	True	False	False	ineligible	895a7801d55bff468c7dcf1b4c37ad0ea5e670b53a81951d73eaf567458c0a24	False	10691	48	cross_target_generality_only_not_same_target_replication
TEX10	162	46	True	False	True	Q2	67fda02b7f229433129c906589f74738ee01c8cac23c818d762de2a1d5297155	False	10691	48	cross_target_generality_only_not_same_target_replication
TFAM	82	42	True	False	False	ineligible	813654ba7e2882da1493af85e46313c0dad27bb68fef373ab435c9b03b3ba718	False	10691	48	cross_target_generality_only_not_same_target_replication
TFB2M	162	48	True	False	True	Q2	2685785bf472f919ddffeef9293b50c8500da2161bc1782d560e3fc2565d7520	False	10691	48	cross_target_generality_only_not_same_target_replication
TFDP1	163	45	True	False	True	Q2	4358e10e6563bb753937855bc09ebe178534b772e59e7995acfb4e8cbec13c48	False	10691	48	cross_target_generality_only_not_same_target_replication
TFIP11	61	33	True	False	False	ineligible	755267c357a604ea476eae39335ee6ec576c977669430de2fb6b18f48a5e781a	False	10691	48	cross_target_generality_only_not_same_target_replication
TFRC	57	34	True	False	False	ineligible	dd4d030e7b9b0d146db20714943a4ccda91ce51d82ac6b5bfa2ba4f3857f1478	False	10691	48	cross_target_generality_only_not_same_target_replication
TGS1	161	47	True	False	True	Q2	bcc5e6094d1db3a0894beaf418a3ec24ff664105d61d0116250e7f28e50b6b0d	False	10691	48	cross_target_generality_only_not_same_target_replication
THAP1	110	45	True	False	True	Q1	eabf8e47d1e904a6453a36b01ac7198f5956e4d1f525b15743316725a050dc2a	False	10691	48	cross_target_generality_only_not_same_target_replication
THAP11	63	31	True	False	False	ineligible	ccd709b626bef93bd21f445b3ea94c7e5bfb38d3d13596fcc6f042f91e604732	False	10691	48	cross_target_generality_only_not_same_target_replication
THG1L	43	30	True	False	False	ineligible	2e2279db286f1940d91280fb3b89791ffb6f56ef9673437d34bb9caea0699e52	False	10691	48	cross_target_generality_only_not_same_target_replication
THOC1	38	26	True	False	False	ineligible	14d234042e4adde2cfc8639b388085e39bf639e1012b414996865e63f4c877e1	False	10691	48	cross_target_generality_only_not_same_target_replication
THOC2	190	46	True	False	True	Q3	7013d7b24079bac5e35eee58b830e1a6e9224180353c1a6f24c1dee176c36ea6	False	10691	48	cross_target_generality_only_not_same_target_replication
THOC3	147	46	True	False	True	Q2	e10ef3be389729d660c54c65405136136f2faf719a730c48836a3fa4a10147c3	False	10691	48	cross_target_generality_only_not_same_target_replication
THOC5	32	23	True	False	False	ineligible	36dbb6854e2437df30df2b686e2d3b24bfbc6f688a03c1a5da74dc7c43288f85	False	10691	48	cross_target_generality_only_not_same_target_replication
THOC6	116	41	True	False	True	Q1	1121937235414011fdffdd0ba5844ef59998b116c88b0752f1a1087bcea7b2bf	False	10691	48	cross_target_generality_only_not_same_target_replication
THOC7	132	45	True	False	True	Q2	6e616d9021dd6d751809d45fff4d16012efcbe0db67bf14fc4ee12ee74a4b215	False	10691	48	cross_target_generality_only_not_same_target_replication
TICRR	157	44	True	False	True	Q2	3c763ff8a73f6cd9712be4bb5054828f26cd6830c169bd49d48bf9d412b09f33	False	10691	48	cross_target_generality_only_not_same_target_replication
TIGD1	59	29	False	False	False	ineligible	bdc9f54e388dccf1ebadf7b0d3897a2e7a28bba5b1402439a93d4e4df3271642	False	10691	48	cross_target_generality_only_not_same_target_replication
TIMELESS	64	35	True	False	False	ineligible	a46c60a5b1137b506687faa06c158b914a931a5b19bb0a52ce8e90c4626a00b4	False	10691	48	cross_target_generality_only_not_same_target_replication
TIMM10	54	31	True	False	False	ineligible	5d100414c46905a0bbadf5cac98049fd7c3f0f2905a864ec4f050b07e8f162d5	False	10691	48	cross_target_generality_only_not_same_target_replication
TIMM13	178	44	True	False	True	Q3	3629b0098da1207e9d6c9cac5147daa1f7d0c438597084eeb24c7994c874a8a7	False	10691	48	cross_target_generality_only_not_same_target_replication
TIMM22	78	36	True	False	False	ineligible	55cd5fb1bfc94fce78e46b7660b7c75b8c7b19015468f744250b2ae1da1eec86	False	10691	48	cross_target_generality_only_not_same_target_replication
TIMM23B	498	48	True	False	True	Q4	8d13f71fb27825211b4acb7da907abf707727ca5e64fb2b2da9dd25d302f4b19	False	10691	48	cross_target_generality_only_not_same_target_replication
TIMM44	45	28	True	False	False	ineligible	4ff424bb4df69c257718ad2097c6f6ff598d0f08f6192f070976df3d516920c7	False	10691	48	cross_target_generality_only_not_same_target_replication
TIMM8A	162	45	True	False	True	Q2	0805981bba28157391ba38ee92122d4c7d184eb7828b31413f01ab3a3e91f3de	False	10691	48	cross_target_generality_only_not_same_target_replication
TIMM9	201	47	True	False	True	Q3	5ef45bf43ca177c11a88bd4003588f0ff9de00efe32abeb6abe667cc34d3d04c	False	10691	48	cross_target_generality_only_not_same_target_replication
TINF2	76	36	True	False	False	ineligible	ddb0cf3a4e0a51cb8c4c5b22673cd2aed50fa3aaf3173480534317f5a095d5a9	False	10691	48	cross_target_generality_only_not_same_target_replication
TIPIN	109	44	True	False	True	Q1	255f8a051ad6535f16930462a3cf4cde0a1a9b6216f35d75117b0fbcdc03a219	False	10691	48	cross_target_generality_only_not_same_target_replication
TKT	202	48	True	False	True	Q3	f09c1d2cfc430768cf80baf8ada852d2e1bb98e6c60c524e3709194aca2a2a98	False	10691	48	cross_target_generality_only_not_same_target_replication
TLCD1	155	44	True	False	True	Q2	4e87f45d7349bffb958585f304fdd4fd32e916d904ad7523f5e4732350638844	False	10691	48	cross_target_generality_only_not_same_target_replication
TLN1	87	38	True	False	False	ineligible	f01ed0a30c32260cc6a48ad902ff8222a804ed6b1438ac50a66a91af4931cc49	False	10691	48	cross_target_generality_only_not_same_target_replication
TM7SF2	100	41	True	False	True	Q1	ea6c01944f28297ae821d939768c017234b190093bbc29c65b1dc801507bf881	False	10691	48	cross_target_generality_only_not_same_target_replication
TMA16	172	47	True	False	True	Q3	a79bc56206c8f91e7cdef9d23435b6bc037a2dcbfdbfc9c02021a3ecfb2c27c2	False	10691	48	cross_target_generality_only_not_same_target_replication
TMED2	137	47	True	False	True	Q2	3eec9fcaddaf03ffd51cef220d36abd28f43acdd091ee3e0a3b9cace9d111656	False	10691	48	cross_target_generality_only_not_same_target_replication
TMEM127	132	46	True	False	True	Q2	88adc67496ad104ad4a28a40f08accd9eecff0b4fa562cb421cfd885f4784531	False	10691	48	cross_target_generality_only_not_same_target_replication
TMEM199	99	46	True	False	False	ineligible	43b15d0376270178d82fc146864c4236af17e0481e2cd3726eca1b04b496cb79	False	10691	48	cross_target_generality_only_not_same_target_replication
TMEM240	176	47	False	False	False	ineligible	1f27896dc3c8eec049436a21c78548975781b5d5fd451d13fe1c8bf3488751d7	False	10691	48	cross_target_generality_only_not_same_target_replication
TMEM258	193	47	True	False	True	Q3	c2ea710301ccf603bcfebefc5313cc1f90d7cf8b43dc492fad67b25773efe535	False	10691	48	cross_target_generality_only_not_same_target_replication
TMSB10	228	48	True	False	True	Q4	65f70ab89b4e0f642a5722d56495a4c4c5b8ed36aa85049a24627981add92df4	False	10691	48	cross_target_generality_only_not_same_target_replication
TMX2	109	40	True	False	True	Q1	e575e8c8d3072c4daaa7aee9c9fe5a633f3f924cee296ac88eb2831447728562	False	10691	48	cross_target_generality_only_not_same_target_replication
TNNT2	28	21	False	False	False	ineligible	a6c559920b4b55770564fab376d9f27b50ca4061bcffe1bcc9931eb60689708b	False	10691	48	cross_target_generality_only_not_same_target_replication
TNPO3	100	42	True	False	True	Q1	39935c282f6adf7b80e987c8ea7b86899fbe2c27e77ad23da9d6df5c86b90fe2	False	10691	48	cross_target_generality_only_not_same_target_replication
TOE1	146	47	True	False	True	Q2	c3f238a8035f876898c2bb4f5aeae291e64da8df064853b2ab1cc5150fda14ef	False	10691	48	cross_target_generality_only_not_same_target_replication
TOMM20	111	46	True	False	True	Q1	a125b199ca3d5dbf0c2c8a944a9e80205839d48ca98ed2d1c4e92c4b15aaa111	False	10691	48	cross_target_generality_only_not_same_target_replication
TOMM22	104	41	True	False	True	Q1	2f1b1eb11b65ead4260584a44f6259a59b9e8d16874fa7f9894726938e25d944	False	10691	48	cross_target_generality_only_not_same_target_replication
TOMM40	117	43	True	False	True	Q1	b6f780df8eef7a2c7cd06b941730a3a9b3877a0df368e37b6efd2044ef409ffe	False	10691	48	cross_target_generality_only_not_same_target_replication
TONSL	28	22	True	False	False	ineligible	644486044f6322c6ecab10e54a62a557a5dcb99a5d8fea942e19c56579109976	False	10691	48	cross_target_generality_only_not_same_target_replication
TOP1	123	44	True	False	True	Q1	04e3e7c6fc396ad5379d6cc12df518f62a9822cc76960a7da8eb898ce7e6d532	False	10691	48	cross_target_generality_only_not_same_target_replication
TOP2A	38	23	True	False	False	ineligible	8b7ddd0b3ce4c847e338dbc4e9ec7cdf672c10913118510dd31184eafd3c1837	False	10691	48	cross_target_generality_only_not_same_target_replication
TOP3A	159	46	True	False	True	Q2	c9b2377a35328ff87a7bbe1a969d7212476a51c01fb1a2eab6809945b060647c	False	10691	48	cross_target_generality_only_not_same_target_replication
TOPBP1	52	30	True	False	False	ineligible	57f40e41f43b7077727d6ea9c120b8146060bf1e7c7efb3e03b0d0135000fe08	False	10691	48	cross_target_generality_only_not_same_target_replication
TOR2A	48	31	True	False	False	ineligible	a52499d0f4d8b3699aaac2d619b948bdaabd3a75153bb046c720956f1828f0bd	False	10691	48	cross_target_generality_only_not_same_target_replication
TP53RK	88	42	True	False	False	ineligible	cdca0aa067bc6ea014e6f2beb93c6e439588e320a348f4ae11c7de0b99c9cc62	False	10691	48	cross_target_generality_only_not_same_target_replication
TPI1	40	21	True	False	False	ineligible	7400a5ce00f406204ab9f9f6732822689b821fb0dd8c0468b3f03952bb3c10a7	False	10691	48	cross_target_generality_only_not_same_target_replication
TPR	77	38	True	False	False	ineligible	45c6631d5d3178871e9e41ff0e6549900a9429bc712fa005baefa55c6ef48be7	False	10691	48	cross_target_generality_only_not_same_target_replication
TPRKB	40	27	True	False	False	ineligible	a319a2df9673cc2b09e29a9a57af82ed79df704c3d994acf13eaec2d9891ed80	False	10691	48	cross_target_generality_only_not_same_target_replication
TPT1	48	29	True	False	False	ineligible	7b3cec68d891a118a8bcab458bffa0bb926baa4ca3076378770be8a760eb5c98	False	10691	48	cross_target_generality_only_not_same_target_replication
TPX2	361	48	True	False	True	Q4	ba355444ad3877555ccab563af592968ade4b5c7dede3f9c1345ccf3d2599a2c	False	10691	48	cross_target_generality_only_not_same_target_replication
TRA2B	222	47	True	False	True	Q3	cc719fb708aa805286938cbd2c6baf9d1f0595c71226980db054d132bc71253f	False	10691	48	cross_target_generality_only_not_same_target_replication
TRAIP	87	39	True	False	False	ineligible	c8544bdc8890f87ee1b96f5b879cde4195f573732f022502ac52f2a33cb7e6ff	False	10691	48	cross_target_generality_only_not_same_target_replication
TRAPPC1	106	39	True	False	True	Q1	4aa084b737c23b9941eda1bf0c2db10e7c79c8b887ae9ddb2c7f83b5e14a07aa	False	10691	48	cross_target_generality_only_not_same_target_replication
TRAPPC11	110	43	True	False	True	Q1	8be28ee6f074cc91f48f7b051ed25c47feab0c3d5ba772b31ebf184c99aaac7c	False	10691	48	cross_target_generality_only_not_same_target_replication
TRAPPC3	163	47	True	False	True	Q2	666499701cbfeac4b4a0819d677590d441bbd744e741e1e215e923a55e308de4	False	10691	48	cross_target_generality_only_not_same_target_replication
TRAPPC4	196	47	True	False	True	Q3	858a83f47f6565cdd945ab413beff799c18c30d484ee74a6eaa0720f50512f72	False	10691	48	cross_target_generality_only_not_same_target_replication
TRAPPC5	132	46	True	False	True	Q2	7586a079e779b84bc63d9d019f6d1431cd252dec51c51b1ba0d3189acd014932	False	10691	48	cross_target_generality_only_not_same_target_replication
TRAPPC8	152	45	True	False	True	Q2	851c9f6472b43f5b720f4bc61a4fdfbe54d828de8d715962023e9ec1a000bf56	False	10691	48	cross_target_generality_only_not_same_target_replication
TREML2	58	37	False	False	False	ineligible	049db78e8ada9cb621c510d5c46352501169f3b12395515e5cfab36a74f5f5a8	False	10691	48	cross_target_generality_only_not_same_target_replication
TREX2	275	47	False	False	False	ineligible	356454e9a17c290471ea7d72256c51dbaa0387ab00f117da4563ddd8808eed0e	False	10691	48	cross_target_generality_only_not_same_target_replication
TRIAP1	66	37	True	False	False	ineligible	b2df9b8155ec536f9f53df8af4bc0ecc77bf345bd5b72799bcb35762048db382	False	10691	48	cross_target_generality_only_not_same_target_replication
TRIM49C	85	40	False	False	False	ineligible	a6091b15c75290b90f364abcd950d02727944d978479fe47b531c99a329d8103	False	10691	48	cross_target_generality_only_not_same_target_replication
TRMT10C	88	39	True	False	False	ineligible	08da4ceef63ee9f83bfd8491e91abef12811dad12b732a583cde6485d60e270a	False	10691	48	cross_target_generality_only_not_same_target_replication
TRMT112	201	47	True	False	True	Q3	b0906ed211e1666893042131e75979f37adf7b63eab4120b8a654d59e95d7b3c	False	10691	48	cross_target_generality_only_not_same_target_replication
TRMT5	94	42	True	False	False	ineligible	e2dbfcaf1edda964ca1cb2f6a7e2bf6d7a41694d75158ab0a4bb6d16ce5f6b0a	False	10691	48	cross_target_generality_only_not_same_target_replication
TRMT6	114	44	True	False	True	Q1	1d1ad0f795f7a48c4108d76285ffa309bac2d2bc9588ff740bb44114da93f7a7	False	10691	48	cross_target_generality_only_not_same_target_replication
TRNP1	156	47	False	False	False	ineligible	0a577728459864288bd8475268fc005eadff0ff0b565fd42603c2f6c01f5698d	False	10691	48	cross_target_generality_only_not_same_target_replication
TRNT1	203	47	True	False	True	Q3	1e6eabc78a4295bbe2aea312020ae44dffbed5824ead39da636858b002407630	False	10691	48	cross_target_generality_only_not_same_target_replication
TRPM7	128	42	True	False	True	Q2	1570a7b72a79ffc3c1b187d6635e45aa129abb1764f99a97d0754f7d19e45129	False	10691	48	cross_target_generality_only_not_same_target_replication
TRRAP	427	48	True	False	True	Q4	b3c0a16d97d53fd4f8cddffcafed43c0438cf96f1088bc94f4a9be6a0259566e	False	10691	48	cross_target_generality_only_not_same_target_replication
TSEN2	177	44	True	False	True	Q3	f6e393e91d35291acd2aa191e634affcc08af94045acb6d828dc252db247805a	False	10691	48	cross_target_generality_only_not_same_target_replication
TSEN34	275	48	True	False	True	Q4	e42e312e1a277dafc0d9170340d1af1907ceac3302fde82e4eec6ee9f606cdc5	False	10691	48	cross_target_generality_only_not_same_target_replication
TSEN54	52	27	True	False	False	ineligible	8dad4203441aa2016822739be584f5d244418583b7a6d6313ccf2e97428b89a8	False	10691	48	cross_target_generality_only_not_same_target_replication
TSFM	98	43	True	False	False	ineligible	c887a492e3eab3c32afacd8559fee923571269ffb6ac7477aa5f46edca94a38a	False	10691	48	cross_target_generality_only_not_same_target_replication
TSG101	87	39	True	False	False	ineligible	18a1f1c5b65fd44c544698f368eea91c6daa2a47b86118ed8aced47eab3969b7	False	10691	48	cross_target_generality_only_not_same_target_replication
TSPYL5	93	41	True	False	False	ineligible	a8baabd2a154d2507fa4519af514ee8b1ea12da7e01940be37d03e659fabd361	False	10691	48	cross_target_generality_only_not_same_target_replication
TSR1	188	48	True	False	True	Q3	9400dfa50a973c388195775a570e336cbe0622e1198ea4df2f3e848214223910	False	10691	48	cross_target_generality_only_not_same_target_replication
TSR2	523	48	True	False	True	Q4	2b5da2e72527e0f777c98b2f4b4aa8a31c25f364b3d5862d3ad347b003d71110	False	10691	48	cross_target_generality_only_not_same_target_replication
TSSK3	212	48	False	False	False	ineligible	079c223d79a3bbeaf92d37e4fba7251cd15f034364ff50a27ad9f0f8eaa67cb3	False	10691	48	cross_target_generality_only_not_same_target_replication
TTC1	69	37	True	False	False	ineligible	dca2436e473cd7b834a8278fb8c2e893ab8d7d39a14f02988b2e7594d3ee37f3	False	10691	48	cross_target_generality_only_not_same_target_replication
TTC27	89	39	True	False	False	ineligible	b5517e272e8cdee03af2d2a1ffd50118f48fc6607f81c67aa73c8db7d7ae9558	False	10691	48	cross_target_generality_only_not_same_target_replication
TTC4	108	45	True	False	True	Q1	fb21f0ef10418f8d4435b0c0783e92bcb847531e126547b0225743c1846a4a37	False	10691	48	cross_target_generality_only_not_same_target_replication
TTF2	68	33	True	False	False	ineligible	c4d34887b785c02918ed10225572436f2ca7a5801a9d5964ee09e9624e61d247	False	10691	48	cross_target_generality_only_not_same_target_replication
TTI1	151	46	True	False	True	Q2	99de1bbd0185638147e741da189c930b754870bc946b5e02294425467102e314	False	10691	48	cross_target_generality_only_not_same_target_replication
TTI2	43	30	True	False	False	ineligible	5ad6f9d76226939cb15e5f3aa05008c197969d927e2897d1aaffd516a9192866	False	10691	48	cross_target_generality_only_not_same_target_replication
TTK	199	47	True	False	True	Q3	78ff251bb7602a6f1b74ef6dbb7ea9b147e5743fe506ab5b612b497114fa0cd1	False	10691	48	cross_target_generality_only_not_same_target_replication
TUBA1B	74	38	True	False	False	ineligible	0fd7ce609c3947d3fc3891150a082e48073cb5d9a87d366f50beb8b5dc447d3e	False	10691	48	cross_target_generality_only_not_same_target_replication
TUBA1C	51	33	True	False	False	ineligible	08a9f93bfb94ef5061cbc5280dfa5d454943ae1b2a8219049957a64bd9f21035	False	10691	48	cross_target_generality_only_not_same_target_replication
TUBA3D	69	39	False	False	False	ineligible	832cf5c1170802fddcab59ec566b6f0576d73ce04db4262b1fbbee5ece3692bf	False	10691	48	cross_target_generality_only_not_same_target_replication
TUBB	107	44	True	False	True	Q1	1fcbae6d84d50be70e8ad757348c167c1ded120877864d9d25666d124e5525af	False	10691	48	cross_target_generality_only_not_same_target_replication
TUBD1	190	48	True	False	True	Q3	11d11b0c2598e541b0483b717c1d38ac81ec6086eba5c524617b657dc5f529a7	False	10691	48	cross_target_generality_only_not_same_target_replication
TUBE1	134	46	True	False	True	Q2	394efe43a4fa78e1080b74e1abfb337b3dc434b2043c7e9c8412d6a6b9e2007d	False	10691	48	cross_target_generality_only_not_same_target_replication
TUBG1	13	13	True	False	False	ineligible	246284db96c6b60af0c8696e76023fc304a8cfe677da3fbd964da663465b9484	False	10691	48	cross_target_generality_only_not_same_target_replication
TUBGCP2	238	48	True	False	True	Q4	a92a637bc0c89108582b30f5c00314a8d47dec673b74899092856fcb5b085df0	False	10691	48	cross_target_generality_only_not_same_target_replication
TUBGCP3	30	24	True	False	False	ineligible	c02353eb14e966c6dc8d79d4d9165c7c329301fae04bbceea92fc5ca9556ac3c	False	10691	48	cross_target_generality_only_not_same_target_replication
TUBGCP4	42	27	True	False	False	ineligible	031b3c5bfdac663743328594a451c5f0a63752e2ce104be1f5a9faf003124ffb	False	10691	48	cross_target_generality_only_not_same_target_replication
TUBGCP5	72	42	True	False	False	ineligible	815bf758f4318d06fd1d83f325b36bf53e73c3ec8a1b8b28c38461171b5a22a5	False	10691	48	cross_target_generality_only_not_same_target_replication
TUBGCP6	153	46	True	False	True	Q2	f8dbc29bc36f177af750dd7bad24551438eff197846a4656bc9374af94201a74	False	10691	48	cross_target_generality_only_not_same_target_replication
TULP1	123	43	False	False	False	ineligible	71ec5e7605a3c8e1786542107152a8ac99712319370ed26e904f013e9df7f931	False	10691	48	cross_target_generality_only_not_same_target_replication
TUT1	208	45	True	False	True	Q3	64ca12b2c7b9f06c29c81590d70642a8fcbd00946fcb0b5a47d605771b653732	False	10691	48	cross_target_generality_only_not_same_target_replication
TVP23C	113	44	False	False	False	ineligible	a71ece166e2e16e955aa5f44709b81db7012bd25876ededf602a6db4f8b2ccde	False	10691	48	cross_target_generality_only_not_same_target_replication
TWF1	140	43	True	False	True	Q2	6c96a44bc3a2233c7fc0f2adc6c53befcd9e8cabe3eedcfb12964a20475ebbc8	False	10691	48	cross_target_generality_only_not_same_target_replication
TWISTNB	169	45	True	False	True	Q3	bb0100f7d3868dfb76ea42b02fd9870917f18eb266a28d937a60a134a5c3744d	False	10691	48	cross_target_generality_only_not_same_target_replication
TXN	94	40	True	False	False	ineligible	7e91e360e05f613b4ed7ae185206c30dbaad725a497265cf513d759158776c05	False	10691	48	cross_target_generality_only_not_same_target_replication
TXNL4A	85	39	True	False	False	ineligible	ae3262ab06e5baa42e11b3f86fbf031bfa6f23490eabbae843bd589088a27496	False	10691	48	cross_target_generality_only_not_same_target_replication
TXNL4B	135	46	True	False	True	Q2	757aef86b99f46f9886376feb941bc86861322df51cc326508899796d15997cf	False	10691	48	cross_target_generality_only_not_same_target_replication
U2AF1	141	46	False	False	False	ineligible	244ef3d4b102203af23e2a71b5b1ae6905aefeb47f5e96e557caba2ba2dc80b1	False	10691	48	cross_target_generality_only_not_same_target_replication
U2AF2	107	40	True	False	True	Q1	b28e52c32a96893d6224504962bd2302a317d6e3e2283b5b323fdbda46d640c3	False	10691	48	cross_target_generality_only_not_same_target_replication
U2SURP	290	48	True	False	True	Q4	0bb69407fccac659dbef4e6fcfd20702b71851e0dd5951172fd1a7c12aee4191	False	10691	48	cross_target_generality_only_not_same_target_replication
UBA1	287	48	True	False	True	Q4	51759fd1da436363e03d61852d61f806e91d19b3b73c91d981fc3c2c347b321e	False	10691	48	cross_target_generality_only_not_same_target_replication
UBA2	172	47	True	False	True	Q3	00b1971f513944528ffda32567c982c99241849e12fe204ef8067e4ac3a79d3f	True	10691	48	cross_target_generality_only_not_same_target_replication
UBA3	95	41	True	False	False	ineligible	cf0447fbfe005e5a3cdc045100b7f5e10aa29eb67910765a892190fe62a55391	False	10691	48	cross_target_generality_only_not_same_target_replication
UBA5	102	42	True	False	True	Q1	f6d52720e658330b1ad77e41e60a7cfa5c0c1d62d8d5adf05fd308ea0826102d	False	10691	48	cross_target_generality_only_not_same_target_replication
UBA52	58	38	True	False	False	ineligible	b2a9478e4bb0d256b257491dd1152745901e2b7be47df9b391adc381bdde7c5d	False	10691	48	cross_target_generality_only_not_same_target_replication
UBAP1	104	41	True	False	True	Q1	8be4c0eb57a62b3b08f7a05d2cbde5e92244111430a5b328585c3a60efff1ccd	False	10691	48	cross_target_generality_only_not_same_target_replication
UBC	107	44	True	False	True	Q1	bd7cbd6e01cd17395d431a1109273babc9ec773b7bc98384270f3395914f444e	False	10691	48	cross_target_generality_only_not_same_target_replication
UBE2D3	142	43	True	False	True	Q2	2fc0ae5ef85f626e1c703da5e2e772c884d1543850072365bfdb0616ac390773	False	10691	48	cross_target_generality_only_not_same_target_replication
UBE2H	194	48	True	False	True	Q3	cc58bc764a1ba16d2f4b5b94148d58bf9021a2528ad8193e161592919902294b	False	10691	48	cross_target_generality_only_not_same_target_replication
UBE2I	64	37	True	False	False	ineligible	e11455d52c433fe7468b141fdeb7940f3592199a9d27de1e5da3c28f4e83eab9	False	10691	48	cross_target_generality_only_not_same_target_replication
UBE2L3	201	48	True	False	True	Q3	2f6f2785edcac5c326ddd586720b4582d7282c71670c782236d03fc634410cc7	False	10691	48	cross_target_generality_only_not_same_target_replication
UBE2M	177	47	True	False	True	Q3	29583a596dcf34eda2f5fb1451d5992f227694e1bbddf59c4812d0f65170b66b	False	10691	48	cross_target_generality_only_not_same_target_replication
UBE2N	174	47	True	False	True	Q3	fde3246bc05740b95d190c9664083f1fa280288046df6501a7e30ca891cd993d	False	10691	48	cross_target_generality_only_not_same_target_replication
UBE2Z	64	36	True	False	False	ineligible	2cff5c7e9163fc1d4965a8119d3a9166d6f3ac26ebca3f7661ffe9dc3fc3cf55	False	10691	48	cross_target_generality_only_not_same_target_replication
UBL5	232	47	True	False	True	Q4	8d49b5e50e68183c576dee5965b7a629d4e2b5ab8f94639161438e1bf0613065	False	10691	48	cross_target_generality_only_not_same_target_replication
UBQLN4	152	45	True	False	True	Q2	2be8ecc4af33b1722cba7576236247e8a03baf89f63221cfeca1ff4a94c6a431	False	10691	48	cross_target_generality_only_not_same_target_replication
UBR4	26	19	True	False	False	ineligible	4327f0b70b303fb460bce0c9514c91ea67f668075202fd53d2470b6cdb6cdd1a	False	10691	48	cross_target_generality_only_not_same_target_replication
UBR5	46	26	True	False	False	ineligible	d1497e55bf2e3c35398090b51149f40fbc1afec24b64d5fe2a6815391454826e	False	10691	48	cross_target_generality_only_not_same_target_replication
UBTF	202	47	True	False	True	Q3	f37ca89f92dc6b448af4e3d02817e7fce59e8849337ea175fb977fa720c549b4	False	10691	48	cross_target_generality_only_not_same_target_replication
UFL1	162	48	True	False	True	Q2	52a91bca69903a001b5732810029b05cf4949b71af89fc1ae2ef32f87e7982a9	False	10691	48	cross_target_generality_only_not_same_target_replication
UFM1	130	47	True	False	True	Q2	8b74bc4e7bf0c845d283a68fc19a7f483e4f3e8d759cbc67676d9d81b54763f8	False	10691	48	cross_target_generality_only_not_same_target_replication
UNC45A	178	48	True	False	True	Q3	bf356726c1e94ed20f134f59065f6fc761ba118a10018ed5d0bbc1010b28cea1	False	10691	48	cross_target_generality_only_not_same_target_replication
UNC50	83	39	True	False	False	ineligible	5351bb0f00f1ea4b11c24cd1acfa38d5f455d249fd0df731aa195a700b338cff	False	10691	48	cross_target_generality_only_not_same_target_replication
UPF1	131	42	True	False	True	Q2	13db0a9cd8abbebfc8f64997d8e2a83dadd751fc5c977fe8ff65b37c639d3181	False	10691	48	cross_target_generality_only_not_same_target_replication
UPF2	154	44	True	False	True	Q2	828caa7509681f0b992328a3fecc10cee817c08c9eaa7696159f3f94724dd2fd	False	10691	48	cross_target_generality_only_not_same_target_replication
UPF3A	76	41	True	False	False	ineligible	d957182a0e4abc4e07d8734c9ec7c504a6867dfef1a9ec9f18f0e6a19c882d30	False	10691	48	cross_target_generality_only_not_same_target_replication
UQCC2	101	45	True	False	True	Q1	b2f773727ca1c6322bb55fd8bcf5b30a25100593dd3fc14b16a9a7e935fc92bd	False	10691	48	cross_target_generality_only_not_same_target_replication
UQCRB	96	45	True	False	False	ineligible	8565e0a6fbb58ac75516f784ad226038ee5b4d4e8e78a6d4cbdc445aa4c6cd67	False	10691	48	cross_target_generality_only_not_same_target_replication
UQCRC1	316	47	True	False	True	Q4	f964e11e81d42e6eebd59b30afe414de2b9908b1a66005ad052d9a124aa65659	False	10691	48	cross_target_generality_only_not_same_target_replication
UQCRC2	68	35	True	False	False	ineligible	b421691cfd96a246abea330c918ef8c1c64c517b4ab6995b6e38e369211ad8a4	False	10691	48	cross_target_generality_only_not_same_target_replication
UQCRFS1	119	40	True	False	True	Q1	0ac466e7b2cf96c060ea5d38c99c0007c4bfb4e1a7355ad434746bad49051969	False	10691	48	cross_target_generality_only_not_same_target_replication
UQCRH	68	43	True	False	False	ineligible	6ab0f4b518ed265216a59cd539fa4d360d4551fe5686c6a178d274cab485ab9b	False	10691	48	cross_target_generality_only_not_same_target_replication
UQCRQ	166	44	True	False	True	Q3	3da78f26eeb57497da3511d9e1563b0d0bee734438e85e3744128fe50f13e530	False	10691	48	cross_target_generality_only_not_same_target_replication
URB1	33	23	True	False	False	ineligible	05a9f5f3d1bd86de677506f6aa24b59576f363e3d1d0f3ce4c683aab7cfd29ff	False	10691	48	cross_target_generality_only_not_same_target_replication
URB2	198	46	True	False	True	Q3	ac3f8e7b6d5afe8a1d4567ed65ebf91be64c5ff4d558525a1ac18388d3d38a9c	False	10691	48	cross_target_generality_only_not_same_target_replication
URI1	82	39	True	False	False	ineligible	1a07be807bfc38c5f28bbc4852b0d626d3b1d9e6e755e026d8f3b009925d9197	False	10691	48	cross_target_generality_only_not_same_target_replication
URM1	123	43	True	False	True	Q1	f42f2775b268dcd5fdb2a41c6fdc885077111f847617dffc85a0a0c90bbb2c2f	False	10691	48	cross_target_generality_only_not_same_target_replication
UROD	201	48	True	False	True	Q3	812d6f285e7d6ebaaa5e023f0d4631a377f6682b46ca8e73a0535819045d8eea	False	10691	48	cross_target_generality_only_not_same_target_replication
USF2	185	48	True	False	True	Q3	6289b5d1cd946cc054c49753bb9c35f732485d0fbfb47641dfa3917054df4b31	False	10691	48	cross_target_generality_only_not_same_target_replication
USP10	92	37	True	False	False	ineligible	a507df571f40d5bd9c91e8f185618cf27c8c6467ef1ee45761f31ecdfe669e21	False	10691	48	cross_target_generality_only_not_same_target_replication
USP19	65	36	True	False	False	ineligible	069a806321087f934f6e7e4164893837e611086a84c7f6bd52cfa8a3804031f9	False	10691	48	cross_target_generality_only_not_same_target_replication
USP36	174	45	True	False	True	Q3	d9cff177dd2c270df56279a8dfa39e6a6a2a8a456518447d649372f96dab305f	False	10691	48	cross_target_generality_only_not_same_target_replication
USP37	77	39	True	False	False	ineligible	872e34adbcb335fc7c0871c1bbf4c7d229283aae896e21fbfa9d5067d86af3be	False	10691	48	cross_target_generality_only_not_same_target_replication
USP39	220	47	True	False	True	Q3	5a4d72766df20c60b5dc004e706927c5f09531ed737fe603cf706ffaabe9cf88	False	10691	48	cross_target_generality_only_not_same_target_replication
USP5	199	48	True	False	True	Q3	039e23ca87fc76286db5b208989663880aedb8140623e60efe87be7c3628f189	True	10691	48	cross_target_generality_only_not_same_target_replication
USP7	276	48	True	False	True	Q4	62f1cf6be9356d7518ceb07685922a6572750994f054e409dd43b933b9de91ff	False	10691	48	cross_target_generality_only_not_same_target_replication
USP8	74	39	True	False	False	ineligible	1953f9ebe1139cf050ecb203f510cbddb88b5b6e3f7120abf66a3726583fd0bf	False	10691	48	cross_target_generality_only_not_same_target_replication
USP9X	112	43	True	False	True	Q1	cc208c944e5eb5db074134e632f0b5ed5d3f1acc2ba30ee243cc84378e3c8d0d	False	10691	48	cross_target_generality_only_not_same_target_replication
USPL1	100	42	True	False	True	Q1	7d4d2baf072dedbc3d89ae02b0a85c2a1fbc0f2ea3be8bfc8048109d219ec279	False	10691	48	cross_target_generality_only_not_same_target_replication
UTP15	152	46	True	False	True	Q2	36287fd91f208384feb8b3b2ee0f9bcc77759b787a656cfb0bd5605b343e4373	False	10691	48	cross_target_generality_only_not_same_target_replication
UTP18	77	40	True	False	False	ineligible	6255eebf1e3244a763943c62e44dae741d9dc42b05b51c05f782e8cb49dc94f7	False	10691	48	cross_target_generality_only_not_same_target_replication
UTP20	105	42	True	False	True	Q1	b24421e7c07b588b28c43bc6e6104c633ede5fbd9cc07fd8b9fb39b4469f39f7	False	10691	48	cross_target_generality_only_not_same_target_replication
UTP23	163	47	True	False	True	Q2	06d1d369b95721c97feb9623d38594ab9c22cb4e6ebbf683a46d37330921c311	False	10691	48	cross_target_generality_only_not_same_target_replication
UTP3	27	20	True	False	False	ineligible	270240ef77b42727c39d6bcdb119bac575f3f6d4f5ac1072fd48994fd217cc99	False	10691	48	cross_target_generality_only_not_same_target_replication
UTP6	69	38	True	False	False	ineligible	17224daa66337be0507e352742fd31c1e303e7ded151a0543b6fc551fed5ae88	False	10691	48	cross_target_generality_only_not_same_target_replication
UXS1	124	43	True	False	True	Q1	b124b7eaeafe44c4e9851b173e4c64969f3d660f4f7aa5eac00300a7337b2f44	False	10691	48	cross_target_generality_only_not_same_target_replication
UXT	215	46	True	False	True	Q3	7bfa8b2e4489e19ea3be63aeb4227ed981c5fa3c75aeb30eb15bd3fb3ac5f843	False	10691	48	cross_target_generality_only_not_same_target_replication
VARS	220	48	True	False	True	Q3	900e922dae342a229b44dd7a4780d08387e7500b9f853d57e7c1e147bbbf04c2	False	10691	48	cross_target_generality_only_not_same_target_replication
VARS2	126	45	True	False	True	Q1	3320cd638ffc4edfe12dc84b1f49b0fdeb5c6d6397159ef97123e8f9847474bd	False	10691	48	cross_target_generality_only_not_same_target_replication
VBP1	116	45	True	False	True	Q1	c673dc414b0d8c749f095a03e50defc545f49ef9f82c65bf85be96abbe8f33e6	False	10691	48	cross_target_generality_only_not_same_target_replication
VCP	239	47	True	False	True	Q4	15ef73f25fb75cb263146114a53feb27694f97757f2cb4fff5023f9b3e0b1486	False	10691	48	cross_target_generality_only_not_same_target_replication
VEZT	204	47	True	False	True	Q3	7682791fb0b783a4a83e35cbc646d7dbf7c5feb041492a9a9b6a1f78aab96243	False	10691	48	cross_target_generality_only_not_same_target_replication
VHL	162	47	True	False	True	Q2	c1923940d8a57cf0864c02c7bb10576274fe3bb62d2ba6a5a976e263f4d9a213	False	10691	48	cross_target_generality_only_not_same_target_replication
VMP1	106	42	True	False	True	Q1	00a52d2c313e34754c0d5d826b94637feefe436be516dfff503c09416e84e9a7	True	10691	48	cross_target_generality_only_not_same_target_replication
VPS13D	140	43	True	False	True	Q2	2bc7afb23adc516aa8f632422c293ba131073b23ee5f898e192491845b28a126	False	10691	48	cross_target_generality_only_not_same_target_replication
VPS18	157	43	False	False	False	ineligible	ea06a3c86013d59f45cd46209a07eb95e37c8fe7dc0d6c88b0cfb78252299d08	False	10691	48	cross_target_generality_only_not_same_target_replication
VPS25	84	38	True	False	False	ineligible	0249103ed55ff2a19788e068716cffb5db71e2cc30df833b6fe4790d98fdbffe	False	10691	48	cross_target_generality_only_not_same_target_replication
VPS28	59	36	True	False	False	ineligible	a11cab802f18976c1c688fe08e43508f83f4809956c5b7c954b3c521c3a73c56	False	10691	48	cross_target_generality_only_not_same_target_replication
VPS29	165	47	True	False	True	Q3	23411dd09d04585e4af0c17c2d29d67ae209f34f55b68176cc64306f4e1ef1d2	False	10691	48	cross_target_generality_only_not_same_target_replication
VPS33A	182	47	True	False	True	Q3	780fbbfe6f12e72888941fcb3c5021e6156c46dc28bcb4f347d58e2c57a3c540	False	10691	48	cross_target_generality_only_not_same_target_replication
VPS35	43	26	True	False	False	ineligible	5306ac2433f02b3872d27d384d79af4fd1c9f4347001861700c26dc72269ee81	False	10691	48	cross_target_generality_only_not_same_target_replication
VPS37A	75	38	True	False	False	ineligible	905ac3b17a544593cb3aab8eee96476d09c341d047be801be4fc17a41c548c42	False	10691	48	cross_target_generality_only_not_same_target_replication
VPS37C	177	46	True	False	True	Q3	79006ebc22380b21caf22cde68e77fa47594a4e831c11987629bf78149a872f6	False	10691	48	cross_target_generality_only_not_same_target_replication
VPS41	332	48	True	False	True	Q4	ae679a0b3c9387bb8c46580317d9a0f5faba75bd4d76daaec7657c7dae153dc8	False	10691	48	cross_target_generality_only_not_same_target_replication
VPS51	101	41	True	False	True	Q1	f14440ceba1e3fba08bc18cb2c16aa912d4f00c949e9a23642671b1a75ddedcc	False	10691	48	cross_target_generality_only_not_same_target_replication
VPS54	321	48	True	False	True	Q4	d13b52f6bfc52acfca6debb070e521fbd1679185764c597dee67cf6f576c5430	False	10691	48	cross_target_generality_only_not_same_target_replication
VPS72	98	42	True	False	False	ineligible	37e5fd63024488b8ad10b398d7f57d55cb9a34cf38627c1b9140cd188fa49eeb	False	10691	48	cross_target_generality_only_not_same_target_replication
WAC	162	48	True	False	True	Q2	8da08c992fa3023f769fcb2cf78c519e33a4c2be53e3c870867ce618a2d302f2	False	10691	48	cross_target_generality_only_not_same_target_replication
WARS	76	38	True	False	False	ineligible	ffad0a13f9bbe87b0552ba5f981a03daf19b71c8d0773f2fe7d9e93f63534f0a	False	10691	48	cross_target_generality_only_not_same_target_replication
WBP1	99	40	True	False	False	ineligible	dfab8f514d48815ebf132f85a1f70d7b54d38822ec5400bf2c63f9a8bc6fbaf2	False	10691	48	cross_target_generality_only_not_same_target_replication
WBP11	312	48	True	False	True	Q4	2b0817884238ae170f05f2704666a37b42a330de0544d260598f3b946fce4068	False	10691	48	cross_target_generality_only_not_same_target_replication
WBP1L	199	46	True	False	True	Q3	88509da57292d869316b26a19f7d9f803b75d42b2a1850b1783fc5303e0782ec	False	10691	48	cross_target_generality_only_not_same_target_replication
WDHD1	182	48	True	False	True	Q3	ad55432936fc886590a3d52fdc048055e91ffd21c8f9442b41ba10401b50252a	False	10691	48	cross_target_generality_only_not_same_target_replication
WDR1	102	41	True	False	True	Q1	a9e45c89e5edd120e266e0b4e1589a77548a4922d7452ae4488d2a298ade9491	False	10691	48	cross_target_generality_only_not_same_target_replication
WDR12	213	48	True	False	True	Q3	3903410d7e7ca1026e8afd2a963efb61edce4c2751768f1655c6f35b4c3f7e2f	False	10691	48	cross_target_generality_only_not_same_target_replication
WDR18	105	43	True	False	True	Q1	802911a0aec321d69571848fb253b84e30b60140f7d7d611adb6bde590d1f126	False	10691	48	cross_target_generality_only_not_same_target_replication
WDR24	82	40	True	False	False	ineligible	6388aa7b8b830bdcf8e21df65c6fcfb3b8f4a0ab480f0526c87b149c2daa9365	False	10691	48	cross_target_generality_only_not_same_target_replication
WDR25	159	48	False	False	False	ineligible	8b3619ee31cdd3303c0d2c11078b148efa72c2f54374c5ad68612d7fef37ef56	False	10691	48	cross_target_generality_only_not_same_target_replication
WDR26	226	46	True	False	True	Q4	90568c4a64e714f2d9323e83981dbda55d52d8b9cdcec6cc9843df7c7cd886d5	False	10691	48	cross_target_generality_only_not_same_target_replication
WDR3	365	48	True	False	True	Q4	d275e44638fc1332d366b85f232a519760d92795c8d46a39f7c8e9c1203ad68f	False	10691	48	cross_target_generality_only_not_same_target_replication
WDR33	103	42	True	False	True	Q1	072085d485cf863589ba43c27f0c38bcc2470594100f8ea35e61820b78e4e2c7	False	10691	48	cross_target_generality_only_not_same_target_replication
WDR36	285	48	True	False	True	Q4	88cff9f9fef82e49277ca591ee148eeffbd766f70fe80a772654d2d8c81fac53	False	10691	48	cross_target_generality_only_not_same_target_replication
WDR4	347	48	True	False	True	Q4	15349e7417ec4e0c7a7e64631628254058e990c63f8934d13feb53dc2660cb4a	False	10691	48	cross_target_generality_only_not_same_target_replication
WDR43	86	42	True	False	False	ineligible	1cefa57446051186eddd78bcd627e0df9b072ac3d20fec554f7f5ff1c4963ab5	False	10691	48	cross_target_generality_only_not_same_target_replication
WDR46	71	36	True	False	False	ineligible	8bd220d8bd659a1f391521da0455942b896759dd127f8f6b411de0e585ac1e89	False	10691	48	cross_target_generality_only_not_same_target_replication
WDR5	78	38	True	False	False	ineligible	3ad5da13501676ef534f48caecc0e12856a256b75234a086c756afe697d44c3a	False	10691	48	cross_target_generality_only_not_same_target_replication
WDR54	208	46	True	False	True	Q3	46903264d9e2017a428e43e92c3c3f9ecac5172fdf6abf0cf96ed3f29267197d	False	10691	48	cross_target_generality_only_not_same_target_replication
WDR55	97	45	True	False	False	ineligible	e151324f0faf0a36f68b8e518a4e1fc2ebe4f6494f7b2516978f789d546fd9b2	False	10691	48	cross_target_generality_only_not_same_target_replication
WDR61	108	40	True	False	True	Q1	6ce92384aa39b5934408a773e4abf235808ba2a77cb23959c0396d8cd72c9738	False	10691	48	cross_target_generality_only_not_same_target_replication
WDR7	103	40	False	False	False	ineligible	8eeb9fe824fa3a1544ca97f833ce08d677582d7c161ee69e3c454945ad5ba72f	False	10691	48	cross_target_generality_only_not_same_target_replication
WDR70	30	21	True	False	False	ineligible	273f3fc9f6fcdb3999970c1e4943c8746f564089b8681de56ed27a05dbacf844	False	10691	48	cross_target_generality_only_not_same_target_replication
WDR74	178	47	True	False	True	Q3	34f752e121cdae9bcb2b26204ca47e2092b3dfd1a335b170322549be45defb57	False	10691	48	cross_target_generality_only_not_same_target_replication
WDR75	158	46	True	False	True	Q2	3c3fcf299d54ce6416f4dccf5059f040d3aefc6434e142f03f25b9ca851e5bd0	False	10691	48	cross_target_generality_only_not_same_target_replication
WDR77	42	26	True	False	False	ineligible	d0871051bc724108055c0abb1310b123bfcbb6fbc7e03794e3e3cf886eabdf5d	False	10691	48	cross_target_generality_only_not_same_target_replication
WDR82	99	41	True	False	False	ineligible	25bb5db5b78decd903f457092be3412f2b90efe16a144d398e26c6da04e3798c	False	10691	48	cross_target_generality_only_not_same_target_replication
WDR83OS	83	36	True	False	False	ineligible	79297baa23682ba278066af9e8f0a56f923c4dfc0855bbc9322268d361e29c9e	False	10691	48	cross_target_generality_only_not_same_target_replication
WDR92	66	32	True	False	False	ineligible	6cda07307258bfd8d92f757413a2f9c9c2e5b6bda1e57432d1bf46eab0e75a48	False	10691	48	cross_target_generality_only_not_same_target_replication
WDTC1	112	44	True	False	True	Q1	e5e6bacb700f3ab10e1c9dd05338ae3157e1e334e2e1a2c7b62e1c6330e26b34	False	10691	48	cross_target_generality_only_not_same_target_replication
WEE1	41	27	True	False	False	ineligible	8cadfac85a0198b8ca646353b3ee6ff9914f0ec10fcc95d2a74382649e91e099	False	10691	48	cross_target_generality_only_not_same_target_replication
WNK1	137	43	True	False	True	Q2	76900ac18fd60493bbef52deed0ba21b3c028b9db1715a78fd59182734bc80f4	False	10691	48	cross_target_generality_only_not_same_target_replication
WTAP	165	47	True	False	True	Q3	e44a36b76d9efe9bc892368ccc7d0ad5cfb803419411c4f5ebf904d06e09c3b5	False	10691	48	cross_target_generality_only_not_same_target_replication
XAB2	153	47	True	False	True	Q2	f3cd1335e0203b3acef1adc23a97908d741a3fe42734fc4ae452ec3f1be68826	False	10691	48	cross_target_generality_only_not_same_target_replication
XPO1	207	46	True	False	True	Q3	caf13e60f2ab3321bf49570e4f88ad6a3329c8813ac54d868cc85c43a3beecd6	False	10691	48	cross_target_generality_only_not_same_target_replication
XPO5	221	46	True	False	True	Q3	2aa2c02cd1e309df8981fb8a496df1d56ce6174c1ffa1db9b71fe1c02a01f581	False	10691	48	cross_target_generality_only_not_same_target_replication
XRCC1	254	48	True	False	True	Q4	34d4394d4c254365ebd90278c0a122f7a327e01f645d9c0f8319f5288b38724f	False	10691	48	cross_target_generality_only_not_same_target_replication
XRCC2	157	45	True	False	True	Q2	047046b14d5d69494561bac30e9c6703fea1996ccf8a01ddfe564187febb2c0e	False	10691	48	cross_target_generality_only_not_same_target_replication
XRCC3	53	31	True	False	False	ineligible	6fbce00cbf583e21ff3ab1c9ef86b0c16c6f65aa356f1c16f0a506e858b670a6	False	10691	48	cross_target_generality_only_not_same_target_replication
XRCC5	88	38	True	False	False	ineligible	8c8ba9b70d0f091ff3fbc05a0a8a249f4e02021a966ec776d0fe46340795730b	False	10691	48	cross_target_generality_only_not_same_target_replication
XRCC6	28	20	True	False	False	ineligible	4c54ef7788aea2489f3c78463d76e98a03441d9f9673e0b2610e297f1908501f	False	10691	48	cross_target_generality_only_not_same_target_replication
XRN1	10	9	True	False	False	ineligible	e633de0d21f8e35001c743aa2df508cffc731ad4a67975fe18c018fbaed3d285	False	10691	48	cross_target_generality_only_not_same_target_replication
XRN2	66	33	True	False	False	ineligible	56a157770cdc63e9d5f9d7796634e0ff37de3d07f1c4b9827c45442a8b6f4ad5	False	10691	48	cross_target_generality_only_not_same_target_replication
YARS	185	47	True	False	True	Q3	374bca8d4b96fb4f861afe2a148e08524fd542a58895537a274ddfd700bb0fdb	False	10691	48	cross_target_generality_only_not_same_target_replication
YARS2	190	46	True	False	True	Q3	e4e085ed261d03188ad6016692155a0f51bbde4912cf8ad445af159d7afa11b2	False	10691	48	cross_target_generality_only_not_same_target_replication
YBX1	86	37	True	False	False	ineligible	ea1f55d453291ff56845337324eb566d7d409e16abaa00fb861722adc06d33dd	False	10691	48	cross_target_generality_only_not_same_target_replication
YEATS2	240	48	True	False	True	Q4	4e7652a2a03195a365b5f37d1ae15635c1400c103acdf855737a44f2bd937d3a	False	10691	48	cross_target_generality_only_not_same_target_replication
YEATS4	231	47	True	False	True	Q4	377226c94f53035a596f74513b4abd15de8b6f91a0ffd43c7240d8abe85e633e	False	10691	48	cross_target_generality_only_not_same_target_replication
YJEFN3	179	45	False	False	False	ineligible	eda7215b9a21f93994bdf1aa9d1ef24b97624be931aea55b2719c554dfec7a99	False	10691	48	cross_target_generality_only_not_same_target_replication
YKT6	63	32	True	False	False	ineligible	13d8fd2ef8b70ccc31e5bff2ac9d77fb0d6bac55f7c51033f02c9c6f04836f23	False	10691	48	cross_target_generality_only_not_same_target_replication
YPEL1	72	37	False	False	False	ineligible	4330cb75f191ba6956549e23ccbebe1ebd98db3a8e079d60889d275952008ae3	False	10691	48	cross_target_generality_only_not_same_target_replication
YPEL5	76	32	True	False	False	ineligible	5f454daacbc0b276986d3fdc33f4ace0b61c0c9e79ce01d1076c52c71cb95342	False	10691	48	cross_target_generality_only_not_same_target_replication
YRDC	106	40	True	False	True	Q1	9eb6bf65d78911d720cafb19a1542e71befb60e4593965a82d29e3cee4d5631b	False	10691	48	cross_target_generality_only_not_same_target_replication
YTHDC1	237	48	True	False	True	Q4	38faf78c6a1fcdba0ac351836d8873108998957aad18e2ce599acda713a297e0	False	10691	48	cross_target_generality_only_not_same_target_replication
YY1	82	36	True	False	False	ineligible	6fcf8f4109c4cc10c635a624b6c89e40dfda2529b1205b92b49c6c2699292839	False	10691	48	cross_target_generality_only_not_same_target_replication
ZBTB11	146	48	True	False	True	Q2	a03f4a8c801f26ffa60d6fcfb4a6fd6399aaa9c5915eaa06a840bf31b3f7aaf0	False	10691	48	cross_target_generality_only_not_same_target_replication
ZBTB17	160	48	True	False	True	Q2	ddabe91d53d651f77b5b9e2d060fd226344c640c15c468dabeadc31badb8028c	False	10691	48	cross_target_generality_only_not_same_target_replication
ZC3H18	32	22	True	False	False	ineligible	a7204f481562f2e01ea9b7f7b8c4736c6e236bbf15a7c3e1ceec85331bc66325	False	10691	48	cross_target_generality_only_not_same_target_replication
ZC3H8	21	15	True	False	False	ineligible	00067bdf333f20f259b9232c65abdce89785670a561517c4ca8d013df01a873c	False	10691	48	cross_target_generality_only_not_same_target_replication
ZCCHC9	54	27	True	False	False	ineligible	1b68727c8fa34719f13d13279b9bf7cf071cd5debe8c8790e902c3ef436e21eb	False	10691	48	cross_target_generality_only_not_same_target_replication
ZCRB1	146	46	True	False	True	Q2	4feb291aaac4f8cac977c86ff6f82bbe504d2d253830518760d4d1b1541d1bb9	False	10691	48	cross_target_generality_only_not_same_target_replication
ZFC3H1	117	43	True	False	True	Q1	0d46ce1d2559a3112ba181c1984bbe8da5d3ba1cfbcd994944a1c4dc77a968b3	False	10691	48	cross_target_generality_only_not_same_target_replication
ZFP69B	151	48	False	False	False	ineligible	8b9b141718e7b079247b38230b376099c25a34edb82f3c89ec406e10b72ba0a9	False	10691	48	cross_target_generality_only_not_same_target_replication
ZMAT2	436	48	True	False	True	Q4	bf3276ed40bb5e807b1a2bd7cb8f7d913b7806c1e301a9999a8d150999455ee1	False	10691	48	cross_target_generality_only_not_same_target_replication
ZMAT5	100	41	True	False	True	Q1	ff8605b1095b70e5a31ee5180cb66b6c8d521d109906b10bb85270cb3c4b40bb	False	10691	48	cross_target_generality_only_not_same_target_replication
ZNF100	95	39	True	False	False	ineligible	5f852cad42b6185dd527e865a7c243274deb241f521ed56a2765231f2bb4156a	False	10691	48	cross_target_generality_only_not_same_target_replication
ZNF131	23	19	True	False	False	ineligible	e7549566a5a240389fb86a32d814c746a044706a8c2e8953b6ca94c5ac8cd0d8	False	10691	48	cross_target_generality_only_not_same_target_replication
ZNF133	102	42	False	False	False	ineligible	a12b568bf4c0e02088ed81fbf0257bee595dbf37105a5a60d3375726b766ac26	False	10691	48	cross_target_generality_only_not_same_target_replication
ZNF207	283	48	True	False	True	Q4	a377aa68477648ed4363d83518b67da28d512c23082657510c9889000ee0ea4a	False	10691	48	cross_target_generality_only_not_same_target_replication
ZNF236	85	40	False	False	False	ineligible	a8949f25c443906a16ffd2b6d8fd1c8669e421dbaf80d6b4d56f5f809ea66fda	False	10691	48	cross_target_generality_only_not_same_target_replication
ZNF24	59	35	True	False	False	ineligible	32a1e29f7eed12f5988faba8d8bf2098bf6011c824392cec673c16bca8523ccf	False	10691	48	cross_target_generality_only_not_same_target_replication
ZNF253	118	44	False	False	False	ineligible	43de4a6a0b7ab97bb87c0b0537ee316484d2e49c80739be278dd4dcfe91eb4dc	False	10691	48	cross_target_generality_only_not_same_target_replication
ZNF284	218	48	False	False	False	ineligible	23f60bec6c6e5680f1428816f34be260529b61b81fc9ed827d229abe6cb9109e	False	10691	48	cross_target_generality_only_not_same_target_replication
ZNF317	132	45	True	False	True	Q2	1fbc003e4e21a9e0c5a22ffae5a4a26e70ce0f99cbfec9ad5adf91627eb39765	False	10691	48	cross_target_generality_only_not_same_target_replication
ZNF335	146	46	True	False	True	Q2	bfe4dc790a8a1ed4b1af1df0f50f29036b415eb5720b7d7f26d9fdf96becde19	False	10691	48	cross_target_generality_only_not_same_target_replication
ZNF407	112	42	False	False	False	ineligible	19455b0aa9e8907b6c45c5e36107c9bab959bfd9ff4213a99f06357242491e43	False	10691	48	cross_target_generality_only_not_same_target_replication
ZNF468	207	48	True	False	True	Q3	5e26237dde50511f33e8ac5bbe728421aa13beec015845630434b1839a8e4c67	False	10691	48	cross_target_generality_only_not_same_target_replication
ZNF492	157	45	False	False	False	ineligible	7e62b9ad8d000848f1dc7bd86be558b0fae48468c21856636250ef07e039684d	False	10691	48	cross_target_generality_only_not_same_target_replication
ZNF506	177	43	False	False	False	ineligible	4dbaadcf51ceb514e2de0bd4334874316a2052a6f706ac375a2f805c2742e2a0	False	10691	48	cross_target_generality_only_not_same_target_replication
ZNF559	111	42	False	False	False	ineligible	e1ae37d7159e7629d685cf0f5fd9aabfd48017109ca4fdeaf8e1588befa5e272	False	10691	48	cross_target_generality_only_not_same_target_replication
ZNF574	314	48	True	False	True	Q4	cc58786707642132debe943187b5a09bda2e33d3d61fa15f06cf1f8736c35009	False	10691	48	cross_target_generality_only_not_same_target_replication
ZNF658	111	43	False	False	False	ineligible	67d21fd9be3e73e9155b0a80599125d5833b818b9ec580671baa25fe1d2e38af	False	10691	48	cross_target_generality_only_not_same_target_replication
ZNF674	126	42	False	False	False	ineligible	7c25cf5e32e0c4eb717cf4f513300f453aebf22115307ce17a802e45fb460768	False	10691	48	cross_target_generality_only_not_same_target_replication
ZNF676	89	38	False	False	False	ineligible	d476ff1662d309d0ee54fa86871b3ffb393c5ebb48b927851d0409d3684e265c	False	10691	48	cross_target_generality_only_not_same_target_replication
ZNF687	205	48	False	False	False	ineligible	d7d2a4fbc07788c771f413a3606b28141337ff9ea5fc41bdd9e92c93370f2481	False	10691	48	cross_target_generality_only_not_same_target_replication
ZNF718	330	48	False	False	False	ineligible	05eb713c2fa0b3dc8995542475a13686ce568aa4b1483e9959ea28deca92be36	False	10691	48	cross_target_generality_only_not_same_target_replication
ZNF720	73	38	True	False	False	ineligible	04e0371ae7e5fee50a4efa2f1985c8be05cc8de6523f023836df2b4ba3a6dfd0	False	10691	48	cross_target_generality_only_not_same_target_replication
ZNF763	148	47	False	False	False	ineligible	4e6bde7e5330bc4c6b3226ed994ebe18b9195951325de8418a398771bb1defe6	False	10691	48	cross_target_generality_only_not_same_target_replication
ZNF830	15	13	True	False	False	ineligible	42d47a4db4d8a984351709fb88196c603c9a6bda2f2a92fdc77e1f7a932ea677	False	10691	48	cross_target_generality_only_not_same_target_replication
ZNHIT2	96	41	True	False	False	ineligible	61df19f165381f2727b31fc3e45801b0776da36b7e5bd6da1c7897c31ee4929b	False	10691	48	cross_target_generality_only_not_same_target_replication
ZNHIT3	72	36	True	False	False	ineligible	7e61e19e66b39bd5a91d9d2afca3fd62dd07eb5271e45400f96b8ced84b27b4d	False	10691	48	cross_target_generality_only_not_same_target_replication
ZNHIT6	117	42	True	False	True	Q1	2f19fbb312ecca790f7943f33dc874e579894c163b0d0cc221247bb672993414	False	10691	48	cross_target_generality_only_not_same_target_replication
ZNRD1	81	38	True	False	False	ineligible	73ad701cf91c1bff8aff47760c85909407de7a02babdbadeb76e802e11b59db0	False	10691	48	cross_target_generality_only_not_same_target_replication
ZRANB2	40	23	True	False	False	ineligible	bdfbcb67fbaa81dc22eae07471a588bcc1bcca91478f387d8e83557e34c84bbd	False	10691	48	cross_target_generality_only_not_same_target_replication
ZRSR2	113	43	True	False	True	Q1	bdf1a2041b24eb60d6ebd541cf1580a0928328491599e34a04d5837633a28dda	False	10691	48	cross_target_generality_only_not_same_target_replication
ZW10	200	47	True	False	True	Q3	7053e372311814e4cdcad570d368e487393a30c594f1873893c6549aec072f86	False	10691	48	cross_target_generality_only_not_same_target_replication
ZWINT	33	22	True	False	False	ineligible	a60e049d2bbcc33d43e34e66799a5faa22c543765a3fe82951c873b13341b47a	False	10691	48	cross_target_generality_only_not_same_target_replication
