source_event_id	source_row	import_status	exclusion_reason	validation_level	mutation_type	gene	mutation	peptide_sequence	hla_raw	pmid
TSNADB2_000001	2	included		tier1	SNV	SEC22C	SEC22C_H248Y	AEHSLQVAY	B44:03	PMID:27312342
TSNADB2_000002	3	included		tier1	SNV	TKT	TKT_R438W	AMFWSVPTV	A02:01	PMID:25837513
TSNADB2_000003	4	excluded	hla_i_peptide_length_outside_8_11	tier1	SNV	KIF6B	KIF6B_L1020P	APARLERRHSAL	B07:02	PMID:33303615
TSNADB2_000004	5	included		tier1	SNV	ACSS3	ACSS3_H194Y	ARIGAIYSL	C07:02	PMID:33303615
TSNADB2_000005	6	included		tier1	SNV	AP2S1	AP2S1_N86K	AYLEAIHKF	A24:02	PMID:33537174
TSNADB2_000006	7	excluded	missing_or_nonhuman_hla	tier1	SNV	CAND1	CAND1_K370T	AYLSLLTQT	H2-Kd	PMID:33476307
TSNADB2_000007	8	included		tier1	SNV	TMEM48	TMEM48_F169L	CLNEYHLFL	A02:01	PMID:25837513
TSNADB2_000008	9	included		tier1	SNV	MED15	MED15_P677S	DANSFLQSV	B51:01	PMID:26819371
TSNADB2_000009	10	included		tier1	SNV	ANO10	ANO10_P175S 	EPRSGFHGVL	B07:02	PMID:33303615
TSNADB2_000010	11	included		tier1	SNV	RBBP6	RBBP6_R793C	ETECEYFNRY	A01:01	PMID:33303615
TSNADB2_000011	12	included		tier1	SNV	AFMID	AFMID_A87V	EVLPFFLFF	A29:02	PMID:27312342
TSNADB2_000012	13	included		tier1	SNV	PRDX3	PRDX2_P44L	FFYLLDFTF	A29:02	PMID:27312342
TSNADB2_000013	14	included		tier1	SNV	WDR46	WDR46_T227I	FLIYLDVSV	A02:01	PMID:33303615
TSNADB2_000014	15	included		tier1	SNV	SEC24A	SEC24A_P469L	FLYNLLTRV	A02:01	PMID:25837513
TSNADB2_000015	16	included		tier1	SNV	MOV10	MOV10_D859N	GLDDIKNLKV	A02:01	PMID:33303615
TSNADB2_000016	17	included		tier1	SNV	CSNK1A1	CSNK1A1_S27L	GLFGDIYLA	A02:01	PMID:23644516
TSNADB2_000017	18	included		tier1	SNV	SYTL4	SYTL4_S363F	GRIAFFLKY	B27:05	PMID:27869121
TSNADB2_000018	19	included		tier1	SNV	MRPS5	MRPS5_P59L	HLYASLSRA	A02:01	PMID:25837513
TSNADB2_000019	20	included		tier1	SNV	TP53	TP53_R175H	HMTEVVRHC	A02:01	PMID:33649166
TSNADB2_000020	21	included		tier1	SNV	EXOC8	EXOC8_Q656P	IILVAVPHV	A02:01	PMID:25837513
TSNADB2_000021	22	included		tier1	SNV	NRAS	NRAS_Q61K	ILDTAGKEEY	A01:01	PMID:33303615
TSNADB2_000022	23	included		tier1	SNV	GCN1	GCN1_P769L	IMQTLAGELY	A29:02	PMID:27312342
TSNADB2_000023	24	included		tier1	SNV	MYO1B	MYO1B_E911K	KINKNPKYK	A03:01	PMID:10064075
TSNADB2_000024	25	included		tier1	SNV	NCAPG2	NCAPG2_P333L	KLILWRGLK	A03:01	PMID:27869121
TSNADB2_000025	26	included		tier1	SNV	AKAP6	AKAP6_M1482I	KLKLPIIMK	A03:01	PMID:27869121
TSNADB2_000026	27	included		tier1	SNV	AKAP13	AKAP13_Q285K	KLMNIQQKL	A02:01	PMID:25837513
TSNADB2_000027	28	included		tier1	SNV	CDKN2A	CDKN2A_E153K	KMIGNHLWV	A02:01	PMID:25837513
TSNADB2_000028	29	included		tier1	SNV	MATN2	MATN2_E226K	KTLTSVFQK	A11:01	PMID:23644516
TSNADB2_000029	30	included		tier1	SNV	PABPC1	PABPC1_R520Q	MLGEQLFPL	A02:01	PMID:25837513
TSNADB2_000030	31	included		tier1	SNV	OR8B3	OR8B3_T190I	QLSCISTYV	A02:01	PMID:25837513
TSNADB2_000031	32	excluded	peptide_length_outside_8_25	tier1	SNV	ACAD8	ACAD8_T105I	QTDVGGSGLSRLDISVIFEALATGCTS	A02:01	PMID:33928024
TSNADB2_000032	33	included		tier1	SNV	HELZ2	HELZ2_D45N	QTNPVTLQY	A29:02	PMID:27312342
TSNADB2_000033	34	included		tier1	SNV	NYNRIN	NYNRIN_E1810K	RVADKASKK	A03:01 	PMID:33303615
TSNADB2_000034	35	included		tier1	SNV	PLSCR4	PLSCR4_R247C	RVCGPCSTY	A29:02	PMID:27312342
TSNADB2_000035	36	included		tier1	SNV	GNB5	GNB5_P377L	RVSTLRVSL	B07:02	PMID:33303615
TSNADB2_000036	37	excluded	peptide_length_outside_8_25	tier1	SNV	PLCG1	PLCG1_M425L	SIEDHCSIAQQRNLAQYFKKVLGDTLL	A02:01	PMID:33928024
TSNADB2_000037	38	included		tier1	SNV	NOP16	NOP16_P169L	SPGPVKLEL	B07:02	PMID:27869121
TSNADB2_000038	39	excluded	missing_or_nonhuman_hla	tier1	SNV	ADGRF5	ADGRF5_V1129M	STPMFSMSSPISRRF	H2-IAd	PMID:33476307
TSNADB2_000039	40	included		tier1	SNV	TPX2	TPX2_H458Y	TEDEHFEFY	B44:03	PMID:27312342
TSNADB2_000040	41	included		tier1	SNV	PHIP1	PHIP1_E938G	TENGLTLEGW	B44:03	PMID:33303615
TSNADB2_000041	42	included		tier1	SNV	RAD21	RAD21_D116E	TLPEEFHEF	A24:02	PMID:33537174
TSNADB2_000042	43	included		tier1	SNV	SRPX	SRPX_P55L	TLWCSPIKV	A02:01	PMID:27312342
TSNADB2_000043	44	included		tier1	SNV	SRPX	SRPX_P55L	TLWCSPIKV	A02:01	PMID:33303615
TSNADB2_000044	45	included		tier1	SNV	CENPL	CENPL_P79L	TLYSLTLLY	A29:02	PMID:27312342
TSNADB2_000045	46	excluded	peptide_length_outside_8_25	tier1	SNV	BCAR1	BCAR1_G23V	VLLSWKVLDFSGPVPQGTGQPCSCGHW	A02:01	PMID:33928024
TSNADB2_000046	47	included		tier1	SNV	TP53	TP53_Y220C	VVPCEPPEV	A02:01	PMID:30714987
TSNADB2_000047	48	included		tier1	SNV	HYDIN	HYDIN_S1861F	YFLEFDQQY	C07:02 	PMID:33303615
TSNADB2_000048	49	included		tier1	SNV	IDH1	IDH1_R132H	GWVKPIIIGH	B58:01	PMID:30733620
TSNADB2_000049	50	included		tier1	SNV	ATF7	ATF7_R131H	HPGSLPLHL	B53:01	PMID:30733620
TSNADB2_000050	51	included		tier1	SNV	SLC44A2	SLC44A2_L204M	ITDMVEGAKK	A03:01	PMID:30733620
TSNADB2_000051	52	included		tier1	SNV	RBKS	RBKS_T95A	KQNDISAEF	B15:01	PMID:30733620
TSNADB2_000052	53	included		tier1	SNV	PORCN	PORCN_H346Y	LLHGFSFYL	A02:01	PMID:31685621
TSNADB2_000053	54	included		tier1	SNV	EPS15	EPS15_T217M	LVPPSKRKMWV	A68:02	PMID:30733620
TSNADB2_000054	55	included		tier1	SNV	PCDH19	PCDH19_A470T	NNTPGTYLLSV	A02:01	PMID:30733620
TSNADB2_000055	56	included		tier1	SNV	NUCB1	NUCB1_V300M	RLRMREHMMK	A03:01	PMID:30733620
TSNADB2_000056	57	included		tier1	SNV	AKAP9	AKAP9_L974F	RLSDFSEQL	A02:01	PMID:31685621
TSNADB2_000057	58	included		tier1	SNV	SLC9A6	SLC9A6_N572I	SAWLFRMWYI	A02:01	PMID:30733620
TSNADB2_000058	59	included		tier1	SNV	C14orf102	C14orf102_P979L	YLLAPLREAL	A02:01	PMID:30733620
TSNADB2_000059	60	included		tier1	SNV	RFX1	RFX1_T324M	YMQTASTSYY	A01:01	PMID:30733620
TSNADB2_000060	61	included		tier1	SNV	EPHB3	EPHB3_R677W	YTERQRWDF	A01:01	PMID:30733620
TSNADB2_000061	62	excluded	missing_or_ambiguous_event_position	tier1	RNA splicing	BCR/ABL		GVRGRVEEI	A2	PMID:17545610
TSNADB2_000062	63	excluded	missing_or_ambiguous_event_position	tier1	RNA splicing	CAMEL		MLMAQEALAFL	A02:01	PMID:10399963
TSNADB2_000063	64	excluded	missing_or_ambiguous_event_position	tier1	RNA splicing	TRP-2		EVISCKLIKR	A68:01	PMID:9743519
TSNADB2_000064	65	excluded	missing_or_ambiguous_event_position	tier1	RNA splicing	TRP-2		EVISCKLIKR	A33:01	PMID:9743519
TSNADB2_000065	66	excluded	missing_or_ambiguous_event_position	tier1	INDEL	MART1	MART1_107_108insP	APPAYEKLPSAEQF	DRB1*01:01	PMID:19581576
TSNADB2_000066	67	excluded	missing_or_ambiguous_event_position	tier1	Fusion	MTSS1L,RPS15A	MTSS1L-RPS15A	APKSSSGFSL	B07:02	PMID:31677477
TSNADB2_000067	68	excluded	missing_or_ambiguous_event_position	tier1	Fusion	OTUB1,CDC20	OTUB1-CDC20	TAISPIAVLPR	A68:01	PMID:31677477
TSNADB2_000068	69	included		tier2	SNV	SOX30	SOX30_S53L	AAASATLAL	C08:01	PMID:33473101
TSNADB2_000069	70	excluded	missing_or_nonhuman_hla	tier2	SNV	Ndufs1	Ndufs1_V491A	AAVSNMVQKI	H2-Db	PMID:26112079
TSNADB2_000070	71	included		tier2	SNV	E4F1	E4F1_G469A	ACAQCAKAFPKAYL	DRB1*12:02	PMID:33473101
TSNADB2_000071	72	included		tier2	SNV	CDK4	CDK4_R24C	ACDPHSGHFV	A02:01	PMID:7652577
TSNADB2_000072	73	excluded	peptide_length_outside_8_25	tier2	SNV	PGK1	PGK1_N204K	ADKIQLINNMLDKVKEMIIGGGMAFTFLKV		PMID:32439700
TSNADB2_000073	74	included		tier2	SNV	SPATS2	SPATS2_R306L	AEAMEILLSL	B40:01	PMID:33473101
TSNADB2_000074	75	included		tier2	SNV	FBXW8	FBXW8_Q76L	AEFEVPKLVL	B40:01	PMID:33473101
TSNADB2_000075	76	included		tier2	SNV	SPEF2	SPEF2_D434Y	AEIFYQIVDL	B40:01	PMID:33473101
TSNADB2_000076	77	included		tier2	SNV	LPGAT1	LPGAT1_D230N	AEPINIQTW	B44:03	PMID:9637538
TSNADB2_000077	78	included		tier2	SNV	MUC4	MUC4_R4435S	AESWISKM	B49:01	PMID:31164343
TSNADB2_000078	79	included		tier2	SNV	B4GALNT1	B4GALNT1_P333L	AETYARYRYL	B40:01	PMID:33473101
TSNADB2_000079	80	included		tier2	SNV	SMO	SMO_H97Y	AEYQDMHSY	B44:02	PMID:33038342
TSNADB2_000080	81	included		tier2	SNV	PGAP1	PGAP1_Y903F	AFGSAHLFR	A31:01	PMID:28031159
TSNADB2_000081	82	excluded	peptide_length_outside_8_25	tier2	SNV	BDKRB1	BDKRB1_G316C	AFTNSSLNPVIYVFVCRLFRTKVWELYKQCTKK		PMID:32439700
TSNADB2_000082	83	included		tier2	SNV	FLNA	FLNA_P369L	AGQHIAKSLF	B44:02	PMID:28678784
TSNADB2_000083	84	excluded	peptide_length_outside_8_25	tier2	SNV	DDX60	DDX60_D1502E	AHLFGRRYFPPKFQEAHFEFYQSKVFLDDL		PMID:32439700
TSNADB2_000084	85	excluded	missing_or_nonhuman_hla	tier2	SNV	BAZ2B	BAZ2B_G126E	AHTRTEATFFPPLLGI		PMID:33479501
TSNADB2_000085	86	included		tier2	SNV	BBS12	BBS12_Y583N	AINRPTVLK	A03:01	PMID:33038342
TSNADB2_000086	87	excluded	peptide_length_outside_8_25	tier2	SNV	ARMC2	ARMC2_N351Y	AKIILALKVSRKNLLYVCKLIFKISRNEKND		PMID:32439700
TSNADB2_000087	88	included		tier2	SNV	CSNK1G2	CSNK1G2_G239D	ALDHMFMYFL	A02:01	PMID:33038342
TSNADB2_000088	89	included		tier2	SNV	CDK4	CDK4_R71L	ALDPHSGHFV	A02:01	PMID:27198675
TSNADB2_000089	90	included		tier2	SNV	ZDHHC16	ZDHHC16_H288L	ALGALTVWL	A02:01	PMID:28619968
TSNADB2_000090	91	excluded	peptide_length_outside_8_25	tier2	SNV	HPS1	HPS1_V681A	ALHLSVIPTDLLAQQAGQLARRLWEASR		PMID:32439700
TSNADB2_000091	92	included		tier2	SNV	ERBB2	ERBB2_H197Y	ALIHHNTYL	A02:01	PMID:26389673
TSNADB2_000092	93	included		tier2	SNV	GCN1	GCN1_L2330P	ALLETPSLLL	A02:01	PMID:27198675
TSNADB2_000093	94	included		tier2	SNV	G6PD	G6PD_A149V	ALPPTVYEV	A02:01	PMID:33038342
TSNADB2_000094	95	included		tier2	SNV	MLL2	MLL2_L14228H	ALSPVIPHI	A02:01	PMID:27198675
TSNADB2_000095	96	included		tier2	SNV	SERPINE1	SERPINE1_G196S	ALYFNSQWK	A03:01	PMID:33038342
TSNADB2_000096	97	included		tier2	SNV	GANAB	GANAB_S184F	ALYGFVPVL	A02:01	PMID:26389673
TSNADB2_000097	98	excluded	missing_or_nonhuman_hla	tier2	SNV	POLQ	POLQ_S1719F	ANHDETSFLLPRKES		PMID:33479501
TSNADB2_000098	99	excluded	missing_or_nonhuman_hla	tier2	SNV	CRY1	CRY1_S71F	ANLRKLNFRLFVIRG		PMID:33479501
TSNADB2_000099	100	included		tier2	SNV	KIF16B	KIF16B_L1009P	APARLERRHSA	B07:02	PMID:26901407
TSNADB2_000100	101	excluded	missing_or_nonhuman_hla	tier2	SNV	Chd2	Chd2_T647A	APLQNSLKEL	H2-Db	PMID:26112079
TSNADB2_000101	102	included		tier2	SNV	ALK	ALK_R1275Q	AQDIYRASY	B15:01	PMID:29441070
TSNADB2_000102	103	included		tier2	SNV	ALK	ALK_R1275Q	AQDIYRASYY	B15:01	PMID:29441070
TSNADB2_000103	104	excluded	peptide_length_outside_8_25	tier2	SNV	KIAA1191	KIAA1191_R176H	AQKPSPLELIHAQANRMAEDPAALKP		PMID:32439700
TSNADB2_000104	105	included		tier2	SNV	TSEN54	TSEN54_R472Q	AQMCISGF	C12:03	PMID:31351799
TSNADB2_000105	106	included		tier2	SNV	NFYC	NFYC_Q241K	AQQITKTEV	B52:01	PMID:16287085
TSNADB2_000106	107	included		tier2	SNV	CTBP1	CTBP1_Q277R	ARGGLVDEKALAR	DRB1*03:01	PMID:31036766
TSNADB2_000107	108	included		tier2	SNV	CTBP1	CTBP1_Q277R	ARGGLVDEKALARAL	DRB1*03:01	PMID:31036766
TSNADB2_000108	109	included		tier2	SNV	CTBP1	CTBP1_Q277R	ARGGLVDEKALARALKE	DRB1*03:01	PMID:31036766
TSNADB2_000109	110	included		tier2	SNV	CTBP1	CTBP1_Q277R	ARGGLVDEKALARALKEGR	DRB1*03:01	PMID:31036766
TSNADB2_000110	111	included		tier2	SNV	CTBP1	CTBP1_Q277R	ARGGLVDEKALARALKEGRIR	DRB1*03:01	PMID:31036766
TSNADB2_000111	112	included		tier2	SNV	CTBP1	CTBP1_Q277R	ARGGLVDEKALARALKEGRIRGA	DRB1*03:01	PMID:31036766
TSNADB2_000112	113	excluded	peptide_length_outside_8_25	tier2	SNV	BUD13	BUD13_D183Y	ARHDSDTSPPRRIRHYSSDTSPPRRARH		PMID:32439700
TSNADB2_000113	114	included		tier2	SNV	CYP2E1	CYP2E1_L101F	ARMEFFLLL	B37:01	PMID:31164343
TSNADB2_000114	115	included		tier2	SNV	CHPF	CHPF_D114V	ARPVEWLGRCILDA	DRB1*12:01	PMID:33473101
TSNADB2_000115	116	excluded	missing_or_nonhuman_hla	tier2	SNV	FAM50B	FAM50B_E78K	ARQKALVRERERQLA		PMID:33479501
TSNADB2_000116	117	included		tier2	SNV	WDFY1	WDFY1_E44K	ASKDRTIRV	C07:01	PMID:31164343
TSNADB2_000117	118	included		tier2	SNV	HERC1	HERC1_P3278S	ASNASSAAK	A11:01	PMID:25765070
TSNADB2_000118	119	excluded	missing_or_nonhuman_hla	tier2	SNV	PDIA6	PDIA6_P290S	ASRYGIRGFSTIKIF		PMID:33479501
TSNADB2_000119	120	excluded	missing_or_nonhuman_hla	tier2	SNV	Plekho1	Plekho1_P251S	ASYTPQAL	H2-Kb	PMID:33879241
TSNADB2_000120	121	included		tier2	SNV	ENTPD4	ENTPD4_P85L	ATDTNNLNVNY	A01:01	PMID:32753545
TSNADB2_000121	122	included		tier2	SNV	ENTPD4	ENTPD4_P85L	ATDTNNLNVNY	A11:01	PMID:33038342
TSNADB2_000122	123	included		tier2	SNV	CYFIP2	CYFIP2_E446K	ATRYNYTSEK	A03:01	PMID:33038342
TSNADB2_000123	124	included		tier2	SNV	NR4A1	NR4A1_F101K	ATSPASASK	A11:01	PMID:33473101
TSNADB2_000124	125	included		tier2	SNV	AIMP1	AIMP1_F317Y	ATYKGVPYEVK	A03:01	PMID:33038342
TSNADB2_000125	126	excluded	missing_or_nonhuman_hla	tier2	SNV	RPTOR	RPTOR_S755F	AVAFFPGNLSTSSSA		PMID:33479501
TSNADB2_000126	127	included		tier2	SNV	PGM5	PGM5_H469Y	AVGSYVYSV	A02:01	PMID:27198675
TSNADB2_000127	128	excluded	missing_or_nonhuman_hla	tier2	SNV	CDCA5	CDCA5_F85L	AVQSPRRSPRISFLLEKENEPPGRE		PMID:32439700
TSNADB2_000128	129	included		tier2	SNV	EVA1A	EVA1A_T91A	AVSDLSVRRHR	A31:01	PMID:28031159
TSNADB2_000129	130	excluded	missing_or_nonhuman_hla	tier2	SNV	Arhgef10	Arhgef10_M207I	AWIENPEEAI	H2-Db	PMID:26112079
TSNADB2_000130	131	included		tier2	SNV	SLC15A2	SLC15A2_V618F	AWQLPQYALF	A24:02	PMID:33473101
TSNADB2_000131	132	included		tier2	SNV	KIF1BP	KIF1BP_P246S	AYHSIEWAI	A24:02	PMID:26901407
TSNADB2_000132	133	included		tier2	SNV	E4F1	E4F1_G469A	CAKAFPKAY	B15:02	PMID:33473101
TSNADB2_000133	134	included		tier2	SNV	E4F1	E4F1_G469A	CAQCAKAFPK	A11:01	PMID:33473101
TSNADB2_000134	135	included		tier2	SNV	CSAG3	CSAG3_L37H	CEFHACWPAFTVLGE	DRB1*01:01	PMID:16888034
TSNADB2_000135	136	included		tier2	SNV	CSAG3	CSAG3_L37H	CEFHACWPAFTVLGE	DRB1*04:01	PMID:16888034
TSNADB2_000136	137	included		tier2	SNV	CSAG3	CSAG3_L37H	CEFHACWPAFTVLGE	DRB1*07:01	PMID:16888034
TSNADB2_000137	138	excluded	missing_or_nonhuman_hla	tier2	SNV	MEGF8	MEGF8_C923S	CFLFAAYLARYPHGGSRGWD		PMID:32439700
TSNADB2_000138	139	excluded	missing_or_nonhuman_hla	tier2	SNV	RCHY1	RCHY1_E114K	CGICRIGPKKDFFHCLK		PMID:32439700
TSNADB2_000139	140	excluded	missing_or_nonhuman_hla	tier2	SNV	ZNF48	ZNF48_R679S	CGKGFRRSSDLVKHHSVHTGEKPY		PMID:32439700
TSNADB2_000140	141	excluded	missing_or_nonhuman_hla	tier2	SNV	KRAS	KRAS_G12C	CGVGKSALT		PMID:33298945
TSNADB2_000141	142	included		tier2	SNV	CLK3	CLK3_E276K	CHALRFLHKNQLTHT	DRB1*14:54	PMID:33473101
TSNADB2_000142	143	included		tier2	SNV	CDK12	CDK12_E928K	CILGKLFTK	A11:01	PMID:23644516
TSNADB2_000143	144	included		tier2	SNV	CDK12	CDK12_E928K	CILGKLFTKK	A11:01	PMID:23644516
TSNADB2_000144	145	excluded	missing_or_nonhuman_hla	tier2	SNV	CCDC176	CCDC176_D89G	CKMEKDIMSVLSYLNKQDQEKDNM		PMID:32439700
TSNADB2_000145	146	included		tier2	SNV	HNRNPU	HNRNPU_F580I	CLFAGIQRK	A03:01	PMID:31164343
TSNADB2_000146	147	included		tier2	SNV	ZNF138	ZNF138_A111V	CLQKHLEVR	A31:01	PMID:28031159
TSNADB2_000147	148	included		tier2	SNV	TP53	TP53_R248L	CMGGMNLR	A31:01	PMID:26752676
TSNADB2_000148	149	included		tier2	SNV	EPHB4	EPHB4_R312L	CRVGYFRAL	B39:01	PMID:33473101
TSNADB2_000149	150	excluded	missing_or_nonhuman_hla	tier2	SNV	KLK6	KLK6_I140T	CSANTTSCHTLGWGKTADG		PMID:32439700
TSNADB2_000150	151	included		tier2	SNV	GUCD1	GUCD1_E177K	CSTSISNFK	A11:01	PMID:33473101
TSNADB2_000151	152	included		tier2	SNV	FAAP100	FAAP100_G53V	CSVSPSVSR	A11:01	PMID:33473101
TSNADB2_000152	153	included		tier2	SNV	TBC1D22A	TBC1D22A_R437S	CTISLWDTY	A01:01	PMID:33879241
TSNADB2_000153	154	included		tier2	SNV	FLNA	FLNA_R2049C	CVRVSGQGL	B07:02	PMID:26901407
TSNADB2_000154	155	excluded	hla_ii_peptide_length_outside_12_25	tier2	SNV	CALCRL	CALCRL_S286F	CWISFDTHLLY	DRB1*12:01	PMID:33473101
TSNADB2_000155	156	included		tier2	SNV	HSDL1	HSDL1_L25V	CYMEAVAL	C14:03	PMID:28405493
TSNADB2_000156	157	included		tier2	SNV	HSDL1	HSDL1_L25V	CYMEAVALV	C14:03	PMID:24323902
TSNADB2_000157	158	excluded	peptide_length_outside_8_25	tier2	SNV	BMPR1B	BMPR1B_L74V	DDSGLPVVTSGCLGVEGSDFQCRKKK		PMID:32439700
TSNADB2_000158	159	included		tier2	SNV	CTBP1	CTBP1_Q277R	DEKALARALKEGRIRGAAL	DRB1*03:01	PMID:31036766
TSNADB2_000159	160	excluded	missing_or_nonhuman_hla	tier2	SNV	MGAT1	MGAT1_E220Q	DFFQYFRATYPLLKAD		PMID:33479501
TSNADB2_000160	161	excluded	missing_or_nonhuman_hla	tier2	SNV	RUSC2	RUSC2_S569F	DFSQEFSPIQEAQQD		PMID:33479501
TSNADB2_000161	162	excluded	missing_or_nonhuman_hla	tier2	SNV	DCUN1D4	DCUN1D4_E325K	DGAWPVLLDKFVEWYK		PMID:33479501
TSNADB2_000162	163	excluded	missing_or_nonhuman_hla	tier2	SNV	SS18	SS18_S281L	DGHNDYGYQQPLYPEQGYDRPY		PMID:32439700
TSNADB2_000163	164	excluded	missing_or_nonhuman_hla	tier2	SNV	TNR	TNR_R1007W	DGVSEEFWLVDLLPS		PMID:33479501
TSNADB2_000164	165	included		tier2	SNV	PCSK9	PCSK9_V202F	DHREIEGRVMF	B18:01	PMID:31351799
TSNADB2_000165	166	excluded	peptide_length_outside_8_25	tier2	SNV	HUWE1	HUWE1_F267C	DKQMLLFTHIRLAHGCSNHRKRLQAVQARLH		PMID:32439700
TSNADB2_000166	167	excluded	missing_or_nonhuman_hla	tier2	SNV	MGA	MGA_N2653D	DLFMMPRIVDVTSLA		PMID:33479501
TSNADB2_000167	168	included		tier2	SNV	FAM50B	FAM50B_E78K	DMKARQKALV	B08:01	PMID:28678778
TSNADB2_000168	169	excluded	missing_or_nonhuman_hla	tier2	SNV	FAM200A	FAM200A_S116F	DNTIFRRICTIAKHLE		PMID:33479501
TSNADB2_000169	170	included		tier2	SNV	SLC3A2	SLC3A2_K94T	DPPALASTNAEVT	DRB1*07:01	PMID:29867227
TSNADB2_000170	171	excluded	missing_or_nonhuman_hla	tier2	SNV	Ppat	Ppat_I208M	DPYGNRPLCM	H2-Db	PMID:26112079
TSNADB2_000171	172	excluded	missing_or_nonhuman_hla	tier2	SNV	KCNC3	KCNC3_P715L	DRASFLLTDYALSPD		PMID:33479501
TSNADB2_000172	173	excluded	peptide_length_outside_8_25	tier2	SNV	PIWIL1	PIWIL1_A681V	DRGQELVDGLKVCLQVALRAWNSCNEYMPSR		PMID:32439700
TSNADB2_000173	174	excluded	missing_or_nonhuman_hla	tier2	SNV	ACPP	ACPP_E34K	DRSVLAKKLKFVTLV		PMID:33479501
TSNADB2_000174	175	included		tier2	SNV	UBA3	UBA3_N108K	DTIDVSKLNR	A68:01	PMID:33038342
TSNADB2_000175	176	excluded	missing_or_nonhuman_hla	tier2	SNV	COL22A1	COL22A1_D291N	DVFPQGLPNEYAFVT		PMID:33479501
TSNADB2_000176	177	included		tier2	SNV	MRPL37	MRPL37_N275S	DVKSDTGF	A26:01	PMID:28031159
TSNADB2_000177	178	included		tier2	SNV	KIAA1109	KIAA1109_R5393Q	DVRKKLQRSSM	A26:01	PMID:28031159
TSNADB2_000178	179	excluded	missing_or_nonhuman_hla	tier2	SNV	MUM3	MUM3_S324F	EAFIQPITR	A68012	PMID:10820291
TSNADB2_000179	180	excluded	missing_or_nonhuman_hla	tier2	SNV	BAZ2B	BAZ2B_G143E	EATFFPPLLGIPPLFA		PMID:33479501
TSNADB2_000180	181	excluded	peptide_length_outside_8_25	tier2	SNV	BRAF	BRAF_V600E	EDLTVKIGDFGLATEKSRWSGSHQFEQLS	DRB1*04:04	PMID:14996715
TSNADB2_000181	182	included		tier2	SNV	TES	TES_K62N	EEDRNVGKLF	B44:02	PMID:31164343
TSNADB2_000182	183	excluded	missing_or_nonhuman_hla	tier2	SNV	TNR	TNR_R1007W	EEFWLVDLLPSTHYT		PMID:33479501
TSNADB2_000183	184	included		tier2	SNV	PWWP3A	PWWP3A_S51I	EEKLIVVLF	B44:02	PMID:29217585
TSNADB2_000184	185	included		tier2	SNV	USP37	USP37_D100Y	EEMRLFLY	B18:01	PMID:31164343
TSNADB2_000185	186	included		tier2	SNV	MARCHF6	MARCHF6_Q583L	EENENSANL	B40:01	PMID:33473101
TSNADB2_000186	187	excluded	hla_ii_peptide_length_outside_12_25	tier2	SNV	EZH2	EZH2_Y641N	EFISENCGEII	DRB1*13:02	PMID:28811957
TSNADB2_000187	188	excluded	peptide_length_outside_8_25	tier2	SNV	OPLAH	OPLAH_G890D	EGAVFLSFKLVQGDVFQEEAVTEALRA	DQA1*05:01	PMID:33928024
TSNADB2_000188	189	excluded	missing_or_nonhuman_hla	tier2	SNV	WDR64	WDR64_E548K	EGKDWKEDKHCLRRLIFLKAQEKH		PMID:32439700
TSNADB2_000189	190	included		tier2	SNV	ZFYVE27	ZFYVE27_R6H	EHEGSGPEL	B38:01	PMID:26516200
TSNADB2_000190	191	included		tier2	SNV	KIF1BP	KIF1BP_P246S	EHNAYHSIEWA	B38:01	PMID:26901407
TSNADB2_000191	192	included		tier2	SNV	MIA3	MIA3_D646Y	EIDLPRELEY	A01:01	PMID:28031159
TSNADB2_000192	193	included		tier2	SNV	RPF1	RPF1_K182E	EIIPQCIAR	A68:01	PMID:33038342
TSNADB2_000193	194	included		tier2	SNV	BRCA2	BRCA2_I2840V	EKTSSGLYVFR	A31:01	PMID:34244308
TSNADB2_000194	195	excluded	peptide_length_outside_8_25	tier2	SNV	PBX1	PBX1_N50K	ELAKKCGITVSQVSKWFGNKRIRYKKNIG		PMID:32439700
TSNADB2_000195	196	included		tier2	SNV	CASP8	CASP8_F67V	ELLVRINRL	B08:01	PMID:26516200
TSNADB2_000196	197	included		tier2	SNV	PARG	PARG_Y427N	ELMRDINSM	B35:01	PMID:27198675
TSNADB2_000197	198	excluded	missing_or_nonhuman_hla	tier2	SNV	ATP5J2-PTCD1	ATP5J2-PTCD1_R57Q	EMDFVRLAQLFARAR		PMID:33479501
TSNADB2_000198	199	included		tier2	SNV	SKIV2L	SKIV2L_R653H	EMLFSHGLVK	A03:01	PMID:26516200
TSNADB2_000199	200	excluded	peptide_length_outside_8_25	tier2	SNV	SLC2A2	SLC2A2_E286A	EMRKEREEASSAQKVSIIQLFTNSSYR		PMID:32439700
TSNADB2_000200	201	excluded	missing_or_nonhuman_hla	tier2	SNV	ABCC1	ABCC1_P1094S	ENQKAYYSSIVANRWL		PMID:33479501
TSNADB2_000201	202	excluded	missing_or_nonhuman_hla	tier2	SNV	OGFR	OGFR_S557T	EPAETPSETPGPRPKK		PMID:32439700
TSNADB2_000202	203	included		tier2	SNV	SMAD5	SMAD5_P268delinsPKH	EPKHKHWCSI	B08:01	PMID:31164343
TSNADB2_000203	204	excluded	missing_or_nonhuman_hla	tier2	SNV	CYP4F2	CYP4F2_G511R	EPRRKPELVLRAEGRLWLRVEPLS		PMID:32439700
TSNADB2_000204	205	excluded	missing_or_nonhuman_hla	tier2	SNV	TCHH	TCHH_D576E	EQEERREQLLKREEERRQQRL		PMID:32439700
TSNADB2_000205	206	included		tier2	SNV	CCDC69	CCDC69_R89T	ERELELRDTL	B40:01	PMID:33473101
TSNADB2_000206	207	excluded	missing_or_nonhuman_hla	tier2	SNV	CASP1	CASP1_P172S	ERFWRNILLLSLHKG		PMID:33479501
TSNADB2_000207	208	excluded	missing_or_nonhuman_hla	tier2	SNV	RPTOR	RPTOR_S755F	ESGGAVAFFPGNLST		PMID:33479501
TSNADB2_000208	209	excluded	missing_or_nonhuman_hla	tier2	SNV	GNAS	GNAS_R137W	ESKEPKEEKQWRRCKPKKPTRRDAS		PMID:32439700
TSNADB2_000209	210	included		tier2	SNV	CCNYL1	CCNYL1_H84Y	ESNPSDYPR	A33:03	PMID:31164343
TSNADB2_000210	211	excluded	missing_or_nonhuman_hla	tier2	SNV	SETBP1	SETBP1_S503L	ESPLVGLETGGNAEKV		PMID:33479501
TSNADB2_000211	212	excluded	missing_or_nonhuman_hla	tier2	SNV	POLQ	POLQ_S1719F	ETSFLLPRKESNIVD		PMID:33479501
TSNADB2_000212	213	included		tier2	SNV	EEF2	EEF2_E586Q	ETVSEQSNV	A68:02	PMID:9823325
TSNADB2_000213	214	included		tier2	SNV	PIK3CA	PIK3CA_H1047R	EYFMKQMNDAR	A33:03	PMID:26752676
TSNADB2_000214	215	included		tier2	SNV	MMS22L	MMS22L_S437F	EYYSKNLNSF	A24:04	PMID:28423700
TSNADB2_000215	216	included		tier2	SNV	MTFR2	MTFR2_D283Y	FAFQEYDSF	B35:01	PMID:26940869
TSNADB2_000216	217	excluded	missing_or_nonhuman_hla	tier2	SNV	ARHGAP29	ARHGAP29_G670E	FEAEFTQVAKKEPDG		PMID:33479501
TSNADB2_000217	218	excluded	missing_or_nonhuman_hla	tier2	SNV	TP53	TP53_R282W	FEVRVCACPGRDWRTEEENLRKKGE	Class II	PMID:30714987
TSNADB2_000218	219	included		tier2	SNV	NUP98	NUP98_A359D	FGDVGSTLF	C08:02	PMID:31164343
TSNADB2_000219	220	included		tier2	SNV	INPP5J	INPP5J_C120Y	FGHMLYFLNCHLP	DRB1*15:01	PMID:33473101
TSNADB2_000220	221	excluded	peptide_length_outside_8_25	tier2	SNV	LCP1	LCP1_A93V	FHGLKSTDVAKTFRKVINKKEGICAIGGTSE		PMID:32439700
TSNADB2_000221	222	included		tier2	SNV	ACTN4	ACTN4_K122N	FIASNGVKLV	A02:01	PMID:11358829
TSNADB2_000222	223	included		tier2	SNV	ME1	ME1_A156G	FLDEFMEGV	A02:01	PMID:11325844
TSNADB2_000223	224	included		tier2	SNV	ACE	ACE_S167F	FLDPDLTNI	A02:01	PMID:33038342
TSNADB2_000224	225	excluded	missing_or_nonhuman_hla	tier2	SNV	MART2	MART2_G529E	FLEGNEVGKTY	A1	PMID:11160356
TSNADB2_000225	226	included		tier2	SNV	ZFYVE27	ZFYVE27_R103L	FLGNVEFFL	A02:07	PMID:33473101
TSNADB2_000226	227	included		tier2	SNV	DYM	DYM_S434F	FLGSLLILV	A02:01	PMID:33038342
TSNADB2_000227	228	included		tier2	SNV	SPOP	SPOP_N147I	FLLDEAIGL	A02:01	PMID:28678784
TSNADB2_000228	229	excluded	missing_or_nonhuman_hla	tier2	SNV	KCNC3	KCNC3_P715L	FLLTDYALSPDGSIR		PMID:33479501
TSNADB2_000229	230	included		tier2	SNV	NLGN1	NLGN1_Y67C	FLNCDIMLGV	A02:01	PMID:33038342
TSNADB2_000230	231	included		tier2	SNV	ASPM	ASPM_Q2902R	FLSAKHRRQVYLQI	DRB1*11:01	PMID:33473101
TSNADB2_000231	232	included		tier2	SNV	CDC37L1	CDC37L1_P186L	FLSDHLYLV	A02:01	PMID:28678784
TSNADB2_000232	233	included		tier2	SNV	MFSD6	MFSD6_G477V	FLYWHLEDLNV	A02:01	PMID:33473101
TSNADB2_000233	234	included		tier2	SNV	AHNAK	AHNAK_S4460F	FMPDFDLHL	A02:01	PMID:33303615
TSNADB2_000234	235	included		tier2	SNV	DDX3X	DDX3X_E388K	FPKKIQMLA	B56:01	PMID:28678778
TSNADB2_000235	236	included		tier2	SNV	COL22A1	COL22A1_D291N	FPQGLPNEY	B35:01	PMID:33479501
TSNADB2_000236	237	excluded	hla_i_peptide_length_outside_8_11	tier2	SNV	COL22A1	COL22A1_D291N	FPQGLPNEYAFVT	B35:01	PMID:28678778
TSNADB2_000237	238	included		tier2	SNV	TENM2	TENM2_V2109M	FPRAKMYFM	B35:01	PMID:33473101
TSNADB2_000238	239	included		tier2	SNV	CLEC10A	CLEC10A_V143F	FPVHSEMLL	B35:01	PMID:31069153
TSNADB2_000239	240	included		tier2	SNV	ZMYM2	ZMYM2_H301L	FQNGESATL	B40:01	PMID:33473101
TSNADB2_000240	241	included		tier2	SNV	KARS	KARS_D356H	FRNEGIHL	B14:02	PMID:31164343
TSNADB2_000241	242	included		tier2	SNV	RHOA	RHOA_K162R	FRRFPCLSL	C07:02	PMID:33473101
TSNADB2_000242	243	included		tier2	SNV	TRAPPC1	TRAPPC1_R129G	FRSGLDSYV	C06:02	PMID:10582700
TSNADB2_000243	244	included		tier2	SNV	MAN2A1	MAN2A1_V744F	FSSLNSGQI	C15:02	PMID:33473101
TSNADB2_000244	245	included		tier2	SNV	PCSK9	PCSK9_V202F	FTDFENVP	C05:01	PMID:31351799
TSNADB2_000245	246	included		tier2	SNV	MAP2K4	MAP2K4_I367T	FTLMYEERAV	A02:01	PMID:34244308
TSNADB2_000246	247	included		tier2	SNV	EXOSC10	EXOSC10_D488N	FTNESYLELY	A01:01	PMID:33038342
TSNADB2_000247	248	excluded	missing_or_nonhuman_hla	tier2	SNV	IDH2	IDH2_R188W	FVADWAGTFKMVFTP		PMID:33479501
TSNADB2_000248	249	included		tier2	SNV	BAI2	BAI2_G817S	FVISAVLY	A26:01	PMID:28031159
TSNADB2_000249	250	included		tier2	SNV	HIST1H2BE	HIST1H2BE_E72V	FVNDIFVRI	A02:01	PMID:31164343
TSNADB2_000250	251	excluded	missing_or_ambiguous_event_position	tier2	SNV	PDS5A	PDS5A_Y1000F;H1007Y	FVVPYMIYLL	C03:03	PMID:26901407
TSNADB2_000251	252	included		tier2	SNV	ARMT1	ARMT1_P286L	FYGKTILWF	A24:02	PMID:30880120
TSNADB2_000252	253	included		tier2	SNV	MKRN3	MKRN3_K419M	FYMHEYPEGW	A24:02	PMID:28031159
TSNADB2_000253	254	included		tier2	SNV	KRAS	KRAS_G12A	GAAGVGKSAL	C03:04	PMID:26752676
TSNADB2_000254	255	included		tier2	SNV	KRAS	KRAS_G12D	GADGVGKSA	C08:02	PMID:27959684
TSNADB2_000255	256	included		tier2	SNV	KRAS	KRAS_G12D	GADGVGKSAL	C05:01	PMID:26516200
TSNADB2_000256	257	included		tier2	SNV	KRAS	KRAS_G12D	GADGVGKSAL	C08:02	PMID:26516200
TSNADB2_000257	258	excluded	missing_or_nonhuman_hla	tier2	SNV	CADM4	CADM4_V87fs	GAISASSTQKTPTTRL		PMID:33479501
TSNADB2_000258	259	excluded	missing_or_nonhuman_hla	tier2	SNV	SCML4	SCML4_M196I	GCSASEKVQEKEEGRIESGG		PMID:32439700
TSNADB2_000259	260	excluded	missing_or_nonhuman_hla	tier2	SNV	HSP90AB1	HSP90AB1_R719H	GDEDASHMEEVKKKK		PMID:32439700
TSNADB2_000260	261	excluded	peptide_length_outside_8_25	tier2	SNV	FOXO1	FOXO1_A353T	GDVHSMVYPPSATKMASTLPSLSEISNP		PMID:32439700
TSNADB2_000261	262	included		tier2	SNV	RECQL5	RECQL5_P816L	GEEDGAGGHSL	B44:02	PMID:27827318
TSNADB2_000262	263	included		tier2	SNV	TPI1	TPI1_T65I	GELIGILNAAKVPAD	DRB1*01:01	PMID:10049939
TSNADB2_000263	264	excluded	peptide_length_outside_8_25	tier2	SNV	RBMXL2	RBMXL2_A66T	GFAFVTFESPADAKAATRDMNGKSLD		PMID:32439700
TSNADB2_000264	265	included		tier2	SNV	CTBP1	CTBP1_Q277R	GGLVDEKALARALKEGRIRGAAL	DRB1*03:01	PMID:31036766
TSNADB2_000265	266	excluded	peptide_length_outside_8_25	tier2	SNV	ZNF829	ZNF829_A36	GGSRGQEIETSLANMETSLRSGQIPTK		PMID:32439700
TSNADB2_000266	267	excluded	missing_or_nonhuman_hla	tier2	SNV	KRT37	KRT37_R114H	GHEKETMKFLNDHLANYLEKVRQLE		PMID:33016924
TSNADB2_000267	268	included		tier2	SNV	OR2A2	OR2A2_H52Y	GIICLDYKL	A02:01	PMID:29132146
TSNADB2_000268	269	excluded	peptide_length_outside_8_25	tier2	SNV	KNG1	KNG1_M339I	GIQYFNNNTQHSSLLTLNEVKRAQRQDTGE		PMID:32439700
TSNADB2_000269	270	excluded	missing_or_nonhuman_hla	tier2	SNV	ADARB1	ADARB1_D340N	GKFGDLTNNFSSPHAR		PMID:33479501
TSNADB2_000270	271	excluded	missing_or_nonhuman_hla	tier2	SNV	NUMA1	NUMA1_Q1713R	GKFQVATDALKSREPRAKPQLDLS		PMID:32439700
TSNADB2_000271	272	included		tier2	SNV	CSNK1A1	CSNK1A1_S27L	GLFGDIYLAI	A02:01	PMID:23644516
TSNADB2_000272	273	included		tier2	SNV	HERPUD1	HERPUD1_G161S	GLGPGFSSY	B15:01	PMID:28423700
TSNADB2_000273	274	included		tier2	SNV	UGGT2	UGGT2_P882L	GLLDEDFYA	A02:01	PMID:27827318
TSNADB2_000274	275	excluded	peptide_length_outside_8_25	tier2	SNV	MLXIP	MLXIP_C521Y	GLVITTHHPAPSAAPYGLALSPVTRPPQPR		PMID:32439700
TSNADB2_000275	276	included		tier2	SNV	ABCB10	ABCB10_S405Y	GLYGNLIVL	A02:01	PMID:33038342
TSNADB2_000276	277	included		tier2	SNV	BRCA2	BRCA2_I2840V	GLYVFRNER	A31:01	PMID:34244308
TSNADB2_000277	278	included		tier2	SNV	DDX60L	DDX60L_R1032H	GMHMGQLLK	A11:01	PMID:33473101
TSNADB2_000278	279	excluded	missing_or_nonhuman_hla	tier2	SNV	RAD21	RAD21_D162V	GNISILQENDFGVFGMDDREIMREG		PMID:33016924
TSNADB2_000279	280	included		tier2	SNV	IARS2	IARS2_T605P	GPSWSYVL	B42:01	PMID:28031159
TSNADB2_000280	281	included		tier2	SNV	TFDP2	TFDP2_A270T	GQFLTPNSH	B15:01	PMID:27827318
TSNADB2_000281	282	excluded	missing_or_nonhuman_hla	tier2	SNV	SPEG	SPEG_E480K	GRTEPGKGPQQEVRRRDQFPLT		PMID:32439700
TSNADB2_000282	283	excluded	peptide_length_outside_8_25	tier2	SNV	MDGA2	MDGA2_P28H	GSAACFSHSVADSHEVAFCQAKLPFLPPT		PMID:32439700
TSNADB2_000283	284	excluded	missing_or_nonhuman_hla	tier2	SNV	MKNK1	MKNK1_P265S	GSAEYMASEVVEVFT		PMID:33479501
TSNADB2_000284	285	excluded	peptide_length_outside_8_25	tier2	SNV	UPF3A	UPF3A_R380T	GSQDSGAPGEAMETLGRAQRCDDSPAP	A33:03	PMID:33928024
TSNADB2_000285	286	excluded	peptide_length_outside_8_25	tier2	SNV	TP53	TP53_K132M	GTAKSVTCTYSPALNMMFCQLAKTCPVQLWVKKK		PMID:32439700
TSNADB2_000286	287	excluded	missing_or_nonhuman_hla	tier2	SNV	B4GAT1	B4GAT1_A259V	GTALVVPVFEIRRAR		PMID:33479501
TSNADB2_000287	288	excluded	peptide_length_outside_8_25	tier2	SNV	NACC1	NACC1_S405F	GTRHKVLLRRLLAFFFDRNTLANSCGT	B15	PMID:33298619
TSNADB2_000288	289	excluded	peptide_length_outside_8_25	tier2	SNV	RAB3GAP1	RAB3GAP1_R629L	GTSAEGAHLRALMQSACLLSDMESFKA		PMID:32439700
TSNADB2_000289	290	included		tier2	SNV	NCAPH2	NCAPH2_S181Y	GVYPMPGTQK	A03:01	PMID:30209080
TSNADB2_000290	291	excluded	missing_or_nonhuman_hla	tier2	SNV	CALHM1	CALHM1_P335T	GWAGGGPRPQRKEVATYFSKV		PMID:32439700
TSNADB2_000291	292	excluded	missing_or_nonhuman_hla	tier2	SNV	CALHM1	CALHM1_S335T	GWAGGGPRPTRKEVATYFSKV		PMID:32439700
TSNADB2_000292	293	included		tier2	SNV	IDH1	IDH1_R132H	GWVKPIIIGHHAYGDQYRAT	DRB1*01:01	PMID:25043048
TSNADB2_000293	294	included		tier2	SNV	CATB	CTSB_D114H	GYNSYSVSNSEKHIM	DRB1*07:01	PMID:29867227
TSNADB2_000294	295	included		tier2	SNV	TPM3	TPM3_L242I	HAINDMTSI	C02:02	PMID:33473101
TSNADB2_000295	296	included		tier2	SNV	NOC3L	NOC3L_P702L	HALRRHYHL	B08:01	PMID:33038342
TSNADB2_000296	297	included		tier2	SNV	VPS13D	VPS13D_G1482R	HDFFESLHRRQAFHI	DRB1*11:01	PMID:33473101
TSNADB2_000297	298	included		tier2	SNV	RETSAT	RETSAT_P546S	HDLGRLHSC	B37:01	PMID:28678784
TSNADB2_000298	299	excluded	peptide_length_outside_8_25	tier2	SNV	STXBP3	STXBP3_C159S	HESQVYTLDVPDAFYYSYSPDPGNAKGKK		PMID:32439700
TSNADB2_000299	300	excluded	missing_or_nonhuman_hla	tier2	SNV	OR52D1	OR52D1_A281V	HHEVPKHVHIFLVNLYVLVPPVLNP		PMID:33016924
TSNADB2_000300	301	included		tier2	SNV	TMEM120A	TMEM120A_G339R	HHKFHSQRHRSKK	DRB1*12:02	PMID:33473101
TSNADB2_000301	302	included		tier2	SNV	OR52B4	OR52B4_Q25H	HHMWISIPF	B38:01	PMID:28031159
TSNADB2_000302	303	excluded	peptide_length_outside_8_25	tier2	SNV	BCLAF1	BCLAF1_N629S	HHVKEQYFKSAAMTLSERFTSYQKATEE		PMID:32439700
TSNADB2_000303	304	included		tier2	SNV	FLNA	FLNA_P369L	HIAKSLFEV	A02:01	PMID:28678784
TSNADB2_000304	305	excluded	missing_or_nonhuman_hla	tier2	SNV	RNF213	RNF213_P4766H	HIVEQKNGKERVHILWHFLQKEAEL		PMID:33016924
TSNADB2_000305	306	included		tier2	SNV	TMUB2	TMUB2_L118F	HLFDIQGLPK	A03:01	PMID:33038342
TSNADB2_000306	307	included		tier2	SNV	FADS2	FADS2_N364I	HLFPTMPRHI	A02:03	PMID:33473101
TSNADB2_000307	308	included		tier2	SNV	LAMB2	LAMB2_R1388W	HMANQWALGK	A31:01	PMID:28031159
TSNADB2_000308	309	included		tier2	SNV	TP53	TP53_R175H	HMTEVVRHC	A02:01	PMID:30709841
TSNADB2_000309	310	included		tier2	SNV	TP53	TP53_R175H	HMTEVVRHC	A02:01	PMID:30709841
TSNADB2_000310	311	included		tier2	SNV	TP53	TP53_R175H	HMTEVVRHC	A02:01	PMID:30709841
TSNADB2_000311	312	included		tier2	SNV	TP53	TP53_R175H	HMTEVVRHC	A02:01	PMID:30709841
TSNADB2_000312	313	included		tier2	SNV	TP53	TP53_R175H	HMTEVVRHC	A02:01	PMID:30709841
TSNADB2_000313	314	included		tier2	SNV	TP53	TP53_R175H	HMTEVVRHC	A02:01	PMID:30709841
TSNADB2_000314	315	included		tier2	SNV	TP53	TP53_R175H	HMTEVVRHC	A02:01	PMID:30709841
TSNADB2_000315	316	included		tier2	SNV	TP53	TP53_R175H	HMTEVVRHC	A02:01	PMID:30709841
TSNADB2_000316	317	included		tier2	SNV	TP53	TP53_R175H	HMTEVVRHC	A02:01	PMID:31164343
TSNADB2_000317	318	included		tier2	SNV	KIF1BP	KIF1BP_P246S	HNAYHSIEWAI	B38:01	PMID:11120859
TSNADB2_000318	319	included		tier2	SNV	RPTOR	RPTOR_D654G	HNVAMMLAQLVSGGS	DPA1*01:03/DPB1*10:01	PMID:29720506
TSNADB2_000319	320	included		tier2	SNV	RPTOR	RPTOR_D654G	HNVAMMLAQLVSGGS	DPA1*02:01/DPB1*10:01	PMID:29853601
TSNADB2_000320	321	excluded	missing_or_nonhuman_hla	tier2	SNV	DMXL2	DMXL2_S239L	HPRAVTGFLWRKTSKY		PMID:33479501
TSNADB2_000321	322	included		tier2	SNV	MYD88	MYD88_L265P	HQKRPIPI	B15:03	PMID:28405493
TSNADB2_000322	323	included		tier2	SNV	MYD88	MYD88_L265P	HQKRPIPI	B40:13	PMID:28405493
TSNADB2_000323	324	included		tier2	SNV	MYD88	MYD88_L265P	HQKRPIPIKY	B15:01	PMID:28405493
TSNADB2_000324	325	included		tier2	SNV	PHKA1	PHKA1_P34L	HQNPVTGLLL	B38:01	PMID:27827318
TSNADB2_000325	326	excluded	peptide_length_outside_8_25	tier2	SNV	NGDN	NGDN_V247A	HRINYEESMMARLSVSKREKGRRKRA		PMID:32439700
TSNADB2_000326	327	included		tier2	SNV	RETSAT	RETSAT_P546S	HSCVMASLR	A68:01	PMID:28678784
TSNADB2_000327	328	included		tier2	SNV	QRICH2	QRICH2_R301H	HSIHPYTVF	B15:02	PMID:33473101
TSNADB2_000328	329	included		tier2	SNV	FMN2	FMN2_N851K	HSVSSAFKK	A03:01	PMID:26048577
TSNADB2_000329	330	included		tier2	SNV	NAMPT	NAMPT_I178T	HTVTQFSSV	A69:01	PMID:31164343
TSNADB2_000330	331	included		tier2	SNV	EGFR	EGFR_L858R	HVKITDFGR	A33:03	PMID:26752676
TSNADB2_000331	332	included		tier2	SNV	EGFR	EGFR_L858R	HVKITDFGR	A31:01	PMID:34244308
TSNADB2_000332	333	included		tier2	SNV	EGFR	EGFR_L858R	HVKITDFGRAK	A11:01	PMID:34244308
TSNADB2_000333	334	included		tier2	SNV	EGFR	EGFR_L858R	HVKITDFGRAKLLGAEE	DRB1*09:01	PMID:34244308
TSNADB2_000334	335	excluded	missing_or_nonhuman_hla	tier2	SNV	KRIT1	KRIT1_R600C	HWTNCILHEYKNLSTS		PMID:33479501
TSNADB2_000335	336	included		tier2	SNV	TP53	TP53_G245S	HYNYMCNSSCMGSMN	DRB3*02:02	PMID:29720506
TSNADB2_000336	337	included		tier2	SNV	PGAP1	PGAP1_Y903F	IAFGSAHLFR	A31:01	PMID:28031159
TSNADB2_000337	338	included		tier2	SNV	PDCD10	PDCD10_A74P	IASPIKEL	C12:02	PMID:31351799
TSNADB2_000338	339	excluded	peptide_length_outside_8_25	tier2	SNV	TRAF3	TRAF3_K315R	IEIERQKEMLRNNESRILHLQRVIDSQAEKL		PMID:32439700
TSNADB2_000339	340	excluded	peptide_length_outside_8_25	tier2	SNV	STAB2	STAB2_G649R	IEITAKNGRIYTLTRVLIPPSIVPILPHRC		PMID:32439700
TSNADB2_000340	341	included		tier2	SNV	IFI27	IFI27_A110P	IGSPIAAVIAR	A31:01	PMID:28031159
TSNADB2_000341	342	excluded	event_position_outside_peptide	tier2	SNV	SIDT2	SIDT2_Y654	IHITLLLSTQLYY	DRB1*10:01	PMID:33473101
TSNADB2_000342	343	excluded	missing_or_nonhuman_hla	tier2	SNV	ARHGAP29	ARHGAP29_G670E	IHLFEAEFTQVAKKE		PMID:33479501
TSNADB2_000343	344	excluded	missing_or_nonhuman_hla	tier2	SNV	PIGK	PIGK_S414C	IIHQKPKLKDWHPPGCFILGLWALI		PMID:32439700
TSNADB2_000344	345	included		tier2	SNV	SLC38A1	SLC38A1_W454L	ILAALFLGL	A02:01	PMID:27198675
TSNADB2_000345	346	excluded	peptide_length_outside_8_25	tier2	SNV	KCNJ1	KCNJ1_T174M	ILAKISRPKKRAKTIMFSKNAVISKRGGKLC		PMID:32439700
TSNADB2_000346	347	included		tier2	SNV	PHLPP1	PHLPP1_G566E	ILCETCLIV	A02:01	PMID:26516200
TSNADB2_000347	348	included		tier2	SNV	CLPP	CLPP_P248L	ILDKVLVHL	A02:01	PMID:21216894
TSNADB2_000348	349	included		tier2	SNV	NRAS	NRAS_Q61H	ILDTAGHEEY	A01:01	PMID:33038342
TSNADB2_000349	350	included		tier2	SNV	NRAS	NRAS_Q61R	ILDTAGREEY	A01:01	PMID:11971032
TSNADB2_000350	351	included		tier2	SNV	EVL	EVL_S343F	ILFRTPSVAK	A03:01	PMID:33038342
TSNADB2_000351	352	included		tier2	SNV	DHX40b	DHX40b_NeoORF	ILMHGLVSL	A02:01	PMID:33479501
TSNADB2_000352	353	included		tier2	SNV	HAUS3	HAUS3_T160A	ILNAMIAKI	A02:01	PMID:23644516
TSNADB2_000353	354	included		tier2	SNV	NSDHL	NSDHL_A290V	ILTGLNYEV	A02:01	PMID:26389673
TSNADB2_000354	355	excluded	peptide_length_outside_8_25	tier2	SNV	HIST1H2BE	HIST1H2BE_E18Q	IMNSFVNDIFERIAGQASRLAHYNKRSTIT		PMID:32439700
TSNADB2_000355	356	included		tier2	SNV	MYO7A	MYO7A_D2093Y	INKYGVSLIY	B15:01	PMID:33473101
TSNADB2_000356	357	included		tier2	SNV	ALDH1A1	ALDH1A1_N150I	IPIDGIFFTY	B35:01	PMID:28408606
TSNADB2_000357	358	included		tier2	SNV	FAM200A	FAM200A_S116F	IPLSDNTIF	B35:01	PMID:28678778
TSNADB2_000358	359	excluded	missing_or_nonhuman_hla	tier2	SNV	FAM200A	FAM200A_S116F	IPLSDNTIFRRICTI		PMID:33479501
TSNADB2_000359	360	excluded	peptide_length_outside_8_25	tier2	SNV	IDH1	IDH1_R132S	IPRLVSGWVKPIIIGSHAYGDQYRATD		PMID:32439700
TSNADB2_000360	361	excluded	missing_or_nonhuman_hla	tier2	SNV	RICTOR	RICTOR_K1163I	IPYFQTINI		PMID:33064988
TSNADB2_000361	362	included		tier2	SNV	SLC26A7	SLC26A7_R117Q	ISANAVEQIV	C15:02	PMID:28031159
TSNADB2_000362	363	included		tier2	SNV	DHX33	DHX33_R13W	ISDSLLWKY	A11:01	PMID:33038342
TSNADB2_000363	364	included		tier2	SNV	CALCRL	CALCRL_S286F	ISFDTHLLY	A11:01	PMID:33473101
TSNADB2_000364	365	included		tier2	SNV	EFCAB14	EFCAB14_E437K	ISLPGVSSTK	A11:01	PMID:33473101
TSNADB2_000365	366	included		tier2	SNV	EGFR	EGFR_L858R	ITDFGRAKL	C01:02	PMID:34244308
TSNADB2_000366	367	excluded	missing_or_nonhuman_hla	tier2	SNV	GALC	GALC_P98L	ITLIGLPWSFLGWLGK		PMID:33479501
TSNADB2_000367	368	included		tier2	SNV	GPATCH8	GPATCH8_R954H	IYHSQSPHYF	A24:02	PMID:31164343
TSNADB2_000368	369	included		tier2	SNV	DNMT1	DNMT1_S840C	IYKAPCENW	A24:02	PMID:26048577
TSNADB2_000369	370	excluded	peptide_length_outside_8_25	tier2	SNV	ERF	ERF_P346L	KAGGLAEGAGALAPPPLPPQIKVEPI		PMID:32439700
TSNADB2_000370	371	included		tier2	SNV	CTBP1	CTBP1_Q277R	KALARALKEGRIRGAAL	DRB1*03:01	PMID:31036766
TSNADB2_000371	372	included		tier2	SNV	AQP12A	AQP12A_L28R	KARLPVGAY	A03:01	PMID:34244308
TSNADB2_000372	373	excluded	missing_or_nonhuman_hla	tier2	SNV	PTPRG	PTPRG_G271C	KASGDPYWAYSCAYGPEHWVTS		PMID:32439700
TSNADB2_000373	374	excluded	missing_or_nonhuman_hla	tier2	SNV	BAZ2A	BAZ2A_S500F	KASPVTFPAAAFPTAS		PMID:33479501
TSNADB2_000374	375	included		tier2	SNV	PRRC2C	PRRC2C_S2260F	KAWENFPNV	A02:01	PMID:33038342
TSNADB2_000375	376	excluded	missing_or_nonhuman_hla	tier2	SNV	OVGP1	OVGP1_P446S	KCENMTITSRGTTVT		PMID:33479501
TSNADB2_000376	377	included		tier2	SNV	GUSB	GUSB_W100L	KDFNLLRLLGANAF	DRB1*11:01	PMID:33473101
TSNADB2_000377	378	included		tier2	SNV	OS9	OS9_P446L	KELEGILLL	B44:03	PMID:29217585
TSNADB2_000378	379	included		tier2	SNV	MAP2K4	MAP2K4_I367T	KELLKHPFTL	A02:01	PMID:34244308
TSNADB2_000379	380	included		tier2	SNV	NBEAL2	NBEAL2_R371C	KEVFKECIGY	B15:01	PMID:31164343
TSNADB2_000380	381	excluded	missing_or_nonhuman_hla	tier2	SNV	RAB3IP	RAB3IP_L310P	KEVTHQGLSPLTLLIPVSSHH		PMID:32439700
TSNADB2_000381	382	included		tier2	SNV	PMPCB	PMPCB_V392L	KEWMRLCTSL	B40:01	PMID:33473101
TSNADB2_000382	383	excluded	missing_or_nonhuman_hla	tier2	SNV	FAM47A	FAM47A_T308N	KFCPRPFENPLSHLR		PMID:32439700
TSNADB2_000383	384	excluded	hla_i_peptide_length_outside_8_11	tier2	SNV	SIN3A	SIN3A_N520I	KFPELFNWFKIF	A24:02	PMID:31164343
TSNADB2_000384	385	excluded	missing_or_nonhuman_hla	tier2	SNV	FAM190A	FAM190A_V195A	KFSKPALQSQSISLV		PMID:33479501
TSNADB2_000385	386	included		tier2	SNV	MB21D2	MB21D2_W244G	KGGPAVAQSW	B58:01	PMID:28228279
TSNADB2_000386	387	excluded	peptide_length_outside_8_25	tier2	SNV	AHNAK	AHNAK_S5832T	KHGKLKFGTFGGLGSKTKGHYEVTGS		PMID:32439700
TSNADB2_000387	388	included		tier2	SNV	SIRT2	SIRT2_P182L	KIFSEVTLK	A03:01	PMID:16247014
TSNADB2_000388	389	included		tier2	SNV	EFTUD2	EFTUD2_E764K	KILDAVVAQK	A03:01	PMID:16247014
TSNADB2_000389	390	included		tier2	SNV	EGFR	EGFR_L858R	KITDFGRAK	A11:01	PMID:34244308
TSNADB2_000390	391	excluded	hla_ii_peptide_length_outside_12_25	tier2	SNV	EGFR	EGFR_L591R	KITDFGRAKLL	DRB1*12:02	PMID:33473101
TSNADB2_000391	392	excluded	peptide_length_outside_8_25	tier2	SNV	DST	DST_M6032V	KKADAELSWITETEKKLVSLGDIRLEQDQTS		PMID:32439700
TSNADB2_000392	393	excluded	peptide_length_outside_8_25	tier2	SNV	METTL12	METTL12_L64P	KKFFGYDEVQGLPLPLLQEAQAASPLRV		PMID:32439700
TSNADB2_000393	394	excluded	peptide_length_outside_8_25	tier2	SNV	LDOC1	LDOC1_K126R	KKKKKKKDSPILGDYRAFLDEMRQCFGWDDDED		PMID:32439700
TSNADB2_000394	395	excluded	peptide_length_outside_8_25	tier2	SNV	RASGRF1	RASGRF1_Y1191C	KKKMYLTDLAFIEEGTPNCTEDGLVNFSKMRMIS		PMID:32439700
TSNADB2_000395	396	excluded	peptide_length_outside_8_25	tier2	SNV	MORF4L2	MORF4L2_R230K;E246Q	KKLFVRIGAMLAYTPLDQKSLALLLGYLHDFLK		PMID:32439700
TSNADB2_000396	397	excluded	missing_or_nonhuman_hla	tier2	SNV	PPP6R3	PPP6R3_G1576S	KKNWSANFDVPMETTHSAPLDSVG		PMID:32439700
TSNADB2_000397	398	excluded	peptide_length_outside_8_25	tier2	SNV	IL20RB	IL20RB_D69Y	KKTEGPECDVTYDITATVPYNLRVRAT		PMID:32439700
TSNADB2_000398	399	excluded	peptide_length_outside_8_25	tier2	SNV	NLRP3	NLRP3_T438K;R454L	KKTTAVYVFFLSSLLQPLGGSQEHGL		PMID:32439700
TSNADB2_000399	400	excluded	missing_or_nonhuman_hla	tier2	SNV	PRTG	PRTG_F1055L	KKWFLFQDSKKIQVE		PMID:33479501
TSNADB2_000400	401	included		tier2	SNV	SMARCD3	SMARCD3_H70Y	KLFEFLVYGV	A02:01	PMID:27198675
TSNADB2_000401	402	included		tier2	SNV	ACPP	ACPP_E34K	KLKFVTLVF	B15:01	PMID:28678778
TSNADB2_000402	403	included		tier2	SNV	ACPP	ACPP_E34K	KLKFVTLVF	A24:02	PMID:28678778
TSNADB2_000403	404	included		tier2	SNV	ZNF527	ZNF527_L260V	KLLSFHSV	A02:01	PMID:33038342
TSNADB2_000404	405	excluded	peptide_length_outside_8_25	tier2	SNV	ADAM21	ADAM21_D95N	KLLVSRHLPVFTYTDNRALLEDQLFIPD		PMID:32439700
TSNADB2_000405	406	included		tier2	SNV	LLGL2	LLGL2_K836M	KLMLKLTAL	A02:01	PMID:33473101
TSNADB2_000406	407	excluded	missing_or_nonhuman_hla	tier2	SNV	CRY1	CRY1_S71F	KLNFRLFVIRGQPAD		PMID:33479501
TSNADB2_000407	408	included		tier2	SNV	DDX1	DDX1_S281F	KLNLFQVRF	A32:01	PMID:31164343
TSNADB2_000408	409	included		tier2	SNV	STIM1	STIM1_N291S	KLRDEISLAK	A03:01	PMID:33038342
TSNADB2_000409	410	included		tier2	SNV	SNX24	SNX24_P132L	KLSHQLVLL	A02:01	PMID:27198675
TSNADB2_000410	411	included		tier2	SNV	KRAS	KRAS_G12D	KLVVVGADGV	A02:01	PMID:30835255
TSNADB2_000411	412	included		tier2	SNV	KRAS	KRAS_G12V	KLVVVGAVGV	A02:01	PMID:30835255
TSNADB2_000412	413	included		tier2	SNV	KRAS	KRAS_G12V	KLVVVGAVGV	A02:01	PMID:33123756
TSNADB2_000413	414	excluded	peptide_length_outside_8_25	tier2	SNV	TEK	TEK_M894I	KLWEIVSLGGTPYCGITCAELYEKLPQGYRL		PMID:32439700
TSNADB2_000414	415	included		tier2	SNV	ATR	ATR_S296L	KLYEEPLLK	A03:01	PMID:24043743
TSNADB2_000415	416	included		tier2	SNV	ASTN1	ASTN1_P3803L	KLYGLDWAEL	A02:01	PMID:27198675
TSNADB2_000416	417	included		tier2	SNV	MCAT	MCAT_Q121K	KPAIFVASL	B07:02	PMID:31164343
TSNADB2_000417	418	excluded	missing_or_nonhuman_hla	tier2	SNV	FAM190A	FAM190A_V195A	KPALQSQSISLVQQS		PMID:33479501
TSNADB2_000418	419	excluded	peptide_length_outside_8_25	tier2	SNV	ILDR2	ILDR2_R386H	KPDYWSGVMGGSSGASHGPSAMEYNKEDR		PMID:32439700
TSNADB2_000419	420	included		tier2	SNV	DOPEY2	DOPEY2_R365C	KPFCVLISL	B07:02	PMID:28678784
TSNADB2_000420	421	excluded	hla_i_peptide_length_outside_8_11	tier2	SNV	H3F3B	H3F3B_A48T	KPHRYRPGTVTL	B07:02	PMID:31164343
TSNADB2_000421	422	included		tier2	SNV	BRWD1	BRWD1_R925W	KPKKENLWRM	B07:02	PMID:27198675
TSNADB2_000422	423	included		tier2	SNV	KMT2C	KMT2C_P1984S	KPSDTPRPVM	B07:02	PMID:28678784
TSNADB2_000423	424	included		tier2	SNV	COPS2	COPS2_P308L	KPYTRIHIL	B14:01	PMID:31164343
TSNADB2_000424	425	included		tier2	SNV	CRLF3	CRLF3_L346V	KQDGYDSV	A02:01	PMID:28031159
TSNADB2_000425	426	included		tier2	SNV	CDC7	CDC7_R59L	KRIHQFGIVHL	B27:05	PMID:33473101
TSNADB2_000426	427	excluded	missing_or_nonhuman_hla	tier2	SNV	MAGEC3	MAGEC3_S172R	KRLWGEKAGRLPESEPLFTYTLDEK		PMID:32439700
TSNADB2_000427	428	included		tier2	SNV	BBX	BBX_E624K	KRSCKGALYK	A11:01	PMID:33473101
TSNADB2_000428	429	included		tier2	SNV	CYP2A6	CYP2A6_N438Y	KRYCFGEGL	B14:02	PMID:30835255
TSNADB2_000429	430	included		tier2	SNV	CYP2A6	CYP2A6_N438Y	KRYCFGEGL	C07:04	PMID:30835255
TSNADB2_000430	431	included		tier2	SNV	SRPRA	SRPRA_T204A	KSAKSDAPK	A11:01	PMID:33473101
TSNADB2_000431	432	excluded	missing_or_nonhuman_hla	tier2	SNV	FAM172A	FAM172A_N100K	KSFIFMSEDALTKPQKLMVLIHGSG		PMID:33016924
TSNADB2_000432	433	included		tier2	SNV	PBRM1	PBRM1_K1072E	KSFKEIKLW	B57:01	PMID:33038342
TSNADB2_000433	434	excluded	missing_or_nonhuman_hla	tier2	SNV	FLNB	FLNB_P672S	KSGCIVNNLAEFTVDSKDAGKAPLK		PMID:32439700
TSNADB2_000434	435	excluded	missing_or_nonhuman_hla	tier2	SNV	RBMX	RBMX_A78T	KSLDGKTIKVEQATKP		PMID:32439700
TSNADB2_000435	436	excluded	missing_or_nonhuman_hla	tier2	SNV	VPS16	VPS16_S404F	KSLLRAAFFGKCFLDR		PMID:33479501
TSNADB2_000436	437	excluded	missing_or_nonhuman_hla	tier2	SNV	GRIN2B	GRIN2B_E1104K	KSRREFDKIELAYRR		PMID:33479501
TSNADB2_000437	438	excluded	peptide_length_outside_8_25	tier2	SNV	TP53	TP53_F157L	KSVTCTYSPALNKMLCQLAKTCPVQLWVDS		PMID:32439700
TSNADB2_000438	439	included		tier2	SNV	COL5A2	COL5A2_P1266T	KTDTGVHATL	C05:01	PMID:33038342
TSNADB2_000439	440	included		tier2	SNV	ZNF506	ZNF506_A373T	KTFNWSSALNK	A11:01	PMID:33473101
TSNADB2_000440	441	included		tier2	SNV	NEU2	NEU2_L234T	KTGEQRVVTL	C12:03	PMID:31351799
TSNADB2_000441	442	included		tier2	SNV	MATN2	MATN2_E226K	KTLTSVFQKK	A11:01	PMID:23644516
TSNADB2_000442	443	included		tier2	SNV	KCNB1	KCNB1_P734R	KTRPRSPEK	A30:01	PMID:28031159
TSNADB2_000443	444	included		tier2	SNV	TP53	TP53_G105V	KTYQVSYGFR	A31:01	PMID:34244308
TSNADB2_000444	445	included		tier2	SNV	ZNF611	ZNF611_D404G	KVCGTAFTW	A32:01	PMID:33879241
TSNADB2_000445	446	included		tier2	SNV	MAGEA6	MAGEA6_E168K	KVDPIGHVY	A01:01	PMID:26901407
TSNADB2_000446	447	included		tier2	SNV	MAGEA6	MAGEA6_E168K	KVDPIGHVYIF	C05:01	PMID:26901407
TSNADB2_000447	448	excluded	missing_or_nonhuman_hla	tier2	SNV	Pttg1	Pttg1_V53L	KVFNAPAL	H2-Kb	PMID:33879241
TSNADB2_000448	449	included		tier2	SNV	OR10H1	OR10H1_E297V	KVLKVAMKK	A03:01	PMID:33016924
TSNADB2_000449	450	excluded	missing_or_nonhuman_hla	tier2	SNV	SCML4	SCML4_M196I	KVQEKEEGRIESVVFVVALGF		PMID:32439700
TSNADB2_000450	451	included		tier2	SNV	SCAP	SCAP_V66F	KWGLALAAVF	A24:02	PMID:33473101
TSNADB2_000451	452	excluded	peptide_length_outside_8_25	tier2	SNV	TPP2	TPP2_L1195S	KWTDLFDNKVSTFAYKHALVNKMYGR		PMID:32439700
TSNADB2_000452	453	included		tier2	SNV	TUBD1	TUBD1_V396A	KYEKSAVLASNSQFLVK	DRB1*16:02	PMID:34244308
TSNADB2_000453	454	included		tier2	SNV	AKT1	AKT1_E17K	KYIKTWRPRYF	A23:01	PMID:30841906
TSNADB2_000454	455	excluded	peptide_length_outside_8_25	tier2	SNV	NT5C3A	NT5C3A_D271G	KYMDSYDIVLVQGESLEVANSILQKILKK		PMID:32439700
TSNADB2_000455	456	included		tier2	SNV	INPP5J	INPP5J_C120Y	LAAFGHMLY	B15:02	PMID:33473101
TSNADB2_000456	457	excluded	missing_or_nonhuman_hla	tier2	SNV	CDK13	CDK13_G857R	LADFRLARLYSSEESR		PMID:33479501
TSNADB2_000457	458	included		tier2	SNV	HIST1H1B	HIST1H1B_A71D	LADGGYDVEKNNSRI	DQA1*03:01:01/DQB1*04:02:01	PMID:29720506
TSNADB2_000458	459	included		tier2	SNV	HIST1H1B	HIST1H1B_A71D	LADGGYDVEKNNSRI	DRB4*01:01	PMID:29853601
TSNADB2_000459	460	excluded	missing_or_nonhuman_hla	tier2	SNV	ACPP	ACPP_E34K	LAKKLKFVTLVFRHGD		PMID:33479501
TSNADB2_000460	461	included		tier2	SNV	ANKRD17	ANKRD17_P1871L	LANKPIAPNF	B15:01	PMID:33473101
TSNADB2_000461	462	included		tier2	SNV	CTBP1	CTBP1_Q277R	LARALKEGRIRGAAL	DRB1*03:01	PMID:31036766
TSNADB2_000462	463	excluded	missing_or_nonhuman_hla	tier2	SNV	NRROS	NRROS_T254M	LATGGEAAFELEMLDLSHNQLLFFP		PMID:33016924
TSNADB2_000463	464	excluded	invalid_or_missing_peptide	tier2	SNV	HSD17B1	HSD17B1_C167R	LBESLAVLLL	C07:02	PMID:28031159
TSNADB2_000464	465	included		tier2	SNV	JAK1	JAK1_P429L	LCTDVALPLIVHNIQ	DRB1*12:01	PMID:33473101
TSNADB2_000465	466	included		tier2	SNV	TP53	TP53_Q331E	LDGEYFTLEIRGRERFE	DRB1*01:01	PMID:34244308
TSNADB2_000466	467	excluded	missing_or_nonhuman_hla	tier2	SNV	DHTKD1	DHTKD1_V643I	LEVSNSPLSEEAILGFEYGMSIESP		PMID:33016924
TSNADB2_000467	468	included		tier2	SNV	ZNF300	ZNF300_V112F	LFRQFTFVNSKTVT	DRB1*15:01	PMID:33473101
TSNADB2_000468	469	excluded	missing_or_nonhuman_hla	tier2	SNV	Gsta2	Gsta2_Y9H	LHHFNARGRM	H2-Db	PMID:26112079
TSNADB2_000469	470	excluded	peptide_length_outside_8_25	tier2	SNV	CAND2	CAND2_R669G	LHILASFLRKNQRALGLATLAALDALAQSQG		PMID:32439700
TSNADB2_000470	471	excluded	peptide_length_outside_8_25	tier2	SNV	PPP1R17	PPP1R17_E137G	LHMSPFAAGVTLLRDGRPKAIVEDDEK		PMID:32439700
TSNADB2_000471	472	included		tier2	SNV	USP28	USP28_C986F	LIIPFIHLI	A02:01	PMID:27198675
TSNADB2_000472	473	excluded	missing_or_nonhuman_hla	tier2	SNV	WDFY1	WDFY1_E44K	LIPKEDGVITASKDRTIRVWLKRDS		PMID:33016924
TSNADB2_000473	474	excluded	missing_or_nonhuman_hla	tier2	SNV	Pram1	Pram1_Q572L	LIRKAEKA	H2-Kd	PMID:33879241
TSNADB2_000474	475	excluded	peptide_length_outside_8_25	tier2	SNV	EIF2B3	EIF2B3_A123T	LITDVALHEVVDLFRTYDASLAMLMRKGQDS		PMID:32439700
TSNADB2_000475	476	excluded	peptide_length_outside_8_25	tier2	SNV	SLC35C2	SLC35C2_L359F	LKALHSRGDGGPKAFKGLGSSPDLELLLRS		PMID:32439700
TSNADB2_000476	477	excluded	missing_or_nonhuman_hla	tier2	SNV	CHD2	CHD2_K1351R	LKKRKPRVKKENRVPRLKEEHGIEL		PMID:33016924
TSNADB2_000477	478	included		tier2	SNV	CHTF18	CHTF18_L351V	LLDIVAPK	A11:01	PMID:26940869
TSNADB2_000478	479	included		tier2	SNV	MRM1	MRM1_T56P	LLFGMPPCL	A02:01	PMID:27198675
TSNADB2_000479	480	excluded	missing_or_nonhuman_hla	tier2	SNV	GTF3C2	GTF3C2_D811N	LLFQNTDLGSFHDLLR		PMID:33479501
TSNADB2_000480	481	included		tier2	SNV	TP53	TP53_V272L	LLGRNSFELRVCACPGR	DRB1*09:01	PMID:34244308
TSNADB2_000481	482	included		tier2	SNV	COL18A1	COL18A1_S306F	LLGVKLFGV	A02:01	PMID:26389673
TSNADB2_000482	483	included		tier2	SNV	MAP2K4	MAP2K4_I367T	LLKHPFTLM	A30:01	PMID:34244308
TSNADB2_000483	484	included		tier2	SNV	PRDX5	PRDX5_S79L	LLLDDLLVSI	A02:01	PMID:15695408
TSNADB2_000484	485	included		tier2	SNV	KLRD1	KLRD1_S22L	LLLMSTLGI	A02:01	PMID:29132146
TSNADB2_000485	486	included		tier2	SNV	API5	API5_R243Q	LLQCTQQAV	A02:01	PMID:26516200
TSNADB2_000486	487	excluded	peptide_length_outside_8_25	tier2	SNV	GABBR2	GABBR2_C108R	LLRPYFLDLRLYDTERDNAKGLKAFYDAIKY		PMID:32439700
TSNADB2_000487	488	excluded	missing_or_nonhuman_hla	tier2	SNV	REL	REL_L331S	LLTSGDPPTSASQSAGITVKK		PMID:32439700
TSNADB2_000488	489	included		tier2	SNV	TRRAP	TRRAP_F779L	LLYQELLPL	A02:01	PMID:26048577
TSNADB2_000489	490	included		tier2	SNV	MAGEA6	MAGEA6_E168K	LMKVDPIGHVY	B15:01	PMID:26901407
TSNADB2_000490	491	excluded	missing_or_nonhuman_hla	tier2	SNV	ARHGAP29	ARHGAP29_G670E	LPGKIHLFEAEFTQV		PMID:33479501
TSNADB2_000491	492	excluded	missing_or_nonhuman_hla	tier2	SNV	BCL9L	BCL9L_P22L	LPHPRRREAPGSLPLSPRGHCPP		PMID:32439700
TSNADB2_000492	493	excluded	missing_or_nonhuman_hla	tier2	SNV	Aars2	Aars2_A697P	LPHTARIPG	H2-Ld	PMID:33879241
TSNADB2_000493	494	excluded	missing_or_nonhuman_hla	tier2	SNV	AHNAK2	AHNAK2_R3241H	LPKLQMPSFKMPKVDHKGPQIDI		PMID:32439700
TSNADB2_000494	495	included		tier2	SNV	COL22A1	COL22A1_D291N	LPNEYAFVT	B35:01	PMID:28678778
TSNADB2_000495	496	included		tier2	SNV	COL22A1	COL22A1_D291N	LPNEYAFVTT	B35:01	PMID:28678778
TSNADB2_000496	497	included		tier2	SNV	POLRMT	POLRMT_T555A	LPRQYWEAL	B07:02	PMID:29132146
TSNADB2_000497	498	excluded	peptide_length_outside_8_25	tier2	SNV	SLC39A14	SLC39A14_G72R	LQQLKALLNHLDVRVGRGNVTQHVQGH	A02	PMID:33298619
TSNADB2_000498	499	included		tier2	SNV	RNF43	RNF43_P119L	LQQPLGLTWL	C04:01	PMID:31164343
TSNADB2_000499	500	included		tier2	SNV	PDCD10	PDCD10_A74P	LQTIKDIASPI	B52:01	PMID:31351799
TSNADB2_000500	501	included		tier2	SNV	VPS16	VPS16_S404F	LRAAFFGKCF	B27:05	PMID:28678778
TSNADB2_000501	502	excluded	missing_or_nonhuman_hla	tier2	SNV	CRELD2	CRELD2_P267fs	LRGLPGFVAAFVNIHL		PMID:33479501
TSNADB2_000502	503	included		tier2	SNV	UBN2-2	UBN2_P520R	LRLHSFPTML	B27:05	PMID:33473101
TSNADB2_000503	504	included		tier2	SNV	UBN2	UBN2_P520R	LRLHSFPTMLK	A03:01	PMID:33473101
TSNADB2_000504	505	excluded	missing_or_nonhuman_hla	tier2	SNV	C4BPB	C4BPB_S9F	LRQSLALFPRLECSGTISAHCNLHL		PMID:32439700
TSNADB2_000505	506	included		tier2	SNV	USH2A	USH2A_G4483A	LRRDATIVY	C07:02	PMID:28031159
TSNADB2_000506	507	included		tier2	SNV	CCT6A	CCT6A_H161Y	LRTKVYAEL	B27:05	PMID:26048577
TSNADB2_000507	508	excluded	missing_or_nonhuman_hla	tier2	SNV	CHPF2	CHPF2_E29G	LRTSLSLLRVSWIQGGGEDPCV		PMID:32439700
TSNADB2_000508	509	excluded	peptide_length_outside_8_25	tier2	SNV	KIF17	KIF17_V388A	LSALLSRQVPPDPVQAEEKLLPQPVIQH		PMID:32439700
TSNADB2_000509	510	included		tier2	SNV	PCDH7	PCDH7_S974G	LSDGPSMGRY	A01:01	PMID:33038342
TSNADB2_000510	511	included		tier2	SNV	DHTKD1	DHTKD1_V643I	LSEEAILGFEY	A01:01	PMID:31164343
TSNADB2_000511	512	included		tier2	SNV	ACSL1	ACSL1_E140K	LSLVFVDKPKKAKLL	DRB1*08:03	PMID:33473101
TSNADB2_000512	513	excluded	peptide_length_outside_8_25	tier2	SNV	PHKB	PHKB_Q909H	LSPSEVKQLLLDILHPQQNGRCWLNRRQID		PMID:32439700
TSNADB2_000513	514	included		tier2	SNV	IL22	IL22_A123S	LSRLSNRLL	B08:01	PMID:18157007
TSNADB2_000514	515	included		tier2	SNV	SLC16A4	SLC16A4_F245L	LSSVSFFLV	A11:01	PMID:28596308
TSNADB2_000515	516	included		tier2	SNV	MED14	MED14_Q226R	LSVWNRQVL	C03:02	PMID:31164343
TSNADB2_000516	517	included		tier2	SNV	PLEKHM2	PLEKHM2_H1005Y	LTDDRLFTCY	A01:01	PMID:23644516
TSNADB2_000517	518	included		tier2	SNV	EGFR	EGFR_T790M	LTSTVQLIM	C15:02	PMID:34244308
TSNADB2_000518	519	included		tier2	SNV	EGFR	EGFR_T790M	LTSTVQLIMQLMPFGCL	DRB1*09:01	PMID:34244308
TSNADB2_000519	520	included		tier2	SNV	CTBP1	CTBP1_Q277R	LVDEKALARALKEGRIRGAAL	DRB1*03:01	PMID:31036766
TSNADB2_000520	521	included		tier2	SNV	CYB5R3	CYB5R3_M256I	LVLMCGPPPI	A02:01	PMID:33473101
TSNADB2_000521	522	excluded	missing_or_nonhuman_hla	tier2	SNV	ZBED4	ZBED4_S218F	LVQKVASKIPFPDRI		PMID:33479501
TSNADB2_000522	523	excluded	missing_or_nonhuman_hla	tier2	SNV	NDUFS8	NDUFS8_H24Q	LVRVGDHWEDALPDQAYAAAGPGPG		PMID:32439700
TSNADB2_000523	524	included		tier2	SNV	KRAS	KRAS_G12V	LVVVGAVGV	A02:01	PMID:33123756
TSNADB2_000524	525	excluded	missing_or_nonhuman_hla	tier2	SNV	CEA	CEA_G538N	LWWVNNQSLPVSP	DR11	PMID:14679013
TSNADB2_000525	526	excluded	missing_or_nonhuman_hla	tier2	SNV	CEA	CEA_G538N	LWWVNNQSLPVSP	DR13	PMID:14679013
TSNADB2_000526	527	excluded	missing_or_nonhuman_hla	tier2	SNV	CEA	CEA_G538N	LWWVNNQSLPVSP	DR14	PMID:14679013
TSNADB2_000527	528	included		tier2	SNV	MAGEA10	MAGEA10_D257N	LYNGMEHLI	A24:02	PMID:26048577
TSNADB2_000528	529	included		tier2	SNV	DPY19L4	DPY19L4_L143F	LYPEFIASI	A24:02	PMID:29541393
TSNADB2_000529	530	included		tier2	SNV	NAV1	NAV1_K349M	MAKAKAVAL	B35:01	PMID:31069153
TSNADB2_000530	531	excluded	missing_or_nonhuman_hla	tier2	SNV	EMC2	EMC2_L7P	MAKVSEPYDVTWEEMRDKM		PMID:32439700
TSNADB2_000531	532	excluded	missing_or_ambiguous_event_position	tier2	SNV	EGFR	EGFR_H773L;V774M	MASVDNPLMCRLLGICL	DRB1*09:01	PMID:34244308
TSNADB2_000532	533	excluded	peptide_length_outside_8_25	tier2	SNV	CCDC176	CCDC176_D89G	MEKDIMSVLSYLKKQGQEKDNMIEKLKQQLN		PMID:32439700
TSNADB2_000533	534	included		tier2	SNV	TRPC4AP	TRPC4AP_T63M	MERDKQSKW	B44:03	PMID:33879241
TSNADB2_000534	535	included		tier2	SNV	MUC16	MUC16_N1890K	MGKSTHTSM	B08:01	PMID:29132146
TSNADB2_000535	536	included		tier2	SNV	FN1	FN1_E2145K	MIFEKHGFRRTTPP	DRB1*15:01	PMID:12045238
TSNADB2_000536	537	excluded	missing_or_nonhuman_hla	tier2	SNV	DNMT3A	DNMT3A_E865K	MKRVFGFPVHYTDVS		PMID:33479501
TSNADB2_000537	538	included		tier2	SNV	SLC15A2	SLC15A2_I443M	MKSFQKTPHY	B15:01	PMID:33473101
TSNADB2_000538	539	included		tier2	SNV	HERV-K-MEL	HERV-K-MEL_V102I	MLAVISCAV	A02:01	PMID:12359761
TSNADB2_000539	540	included		tier2	SNV	CARD6	CARD6_R98L	MLCSDSSLQL	A02:03	PMID:33473101
TSNADB2_000540	541	included		tier2	SNV	SKIV2L	SKIV2L_R653H	MLFSHGLVK	A03:01	PMID:26516200
TSNADB2_000541	542	included		tier2	SNV	SLC12A4	SLC12A4_V126M	MLICCCCTL	A02:10	PMID:33473101
TSNADB2_000542	543	included		tier2	SNV	RNF19B	RNF19B_V372L	MLIGIPVYV	A02:01	PMID:29541393
TSNADB2_000543	544	excluded	missing_or_nonhuman_hla	tier2	SNV	TYR	TYR_L1M	MLLAVLYCL	A2	PMID:8125142
TSNADB2_000544	545	included		tier2	SNV	C6ORF89	C6ORF89_Y318C	MPIEPGDIGC	B35:01	PMID:24891321
TSNADB2_000545	546	included		tier2	SNV	ECPAS	ECPAS_S186F	MPYGYVLNEF	B35:01	PMID:29867227
TSNADB2_000546	547	excluded	peptide_length_outside_8_25	tier2	SNV	MMRN1	MMRN1_Q297K	MQKMTDQVNYKAMKLTLLQKKIDNIS		PMID:32439700
TSNADB2_000547	548	included		tier2	SNV	EGFR	EGFR_T523M	MQLMPFGCL	B15:01	PMID:33473101
TSNADB2_000548	549	included		tier2	SNV	EGFR	EGFR_T523M	MQLMPFGCLL	B15:01	PMID:33473101
TSNADB2_000549	550	excluded	missing_or_ambiguous_event_position	tier2	SNV	EGFR	EGFR_T790M/C797S	MQLMPFGSLL	A02:01	PMID:32391625
TSNADB2_000550	551	excluded	missing_or_nonhuman_hla	tier2	SNV	NDUFS8	NDUFS8_T6K	MRCLTKPMLLRALAQAARAGP		PMID:32439700
TSNADB2_000551	552	included		tier2	SNV	EXO1	EXO1_C219S	MSILSGCDY	B15:01	PMID:33473101
TSNADB2_000552	553	excluded	peptide_length_outside_8_25	tier2	SNV	SHROOM1	SHROOM1_P180L	MSLPARLRPTVPARPLATHPRSASLSHPG		PMID:32439700
TSNADB2_000553	554	included		tier2	SNV	CPOX	CPOX_E428K	MSLPLTARWK	A11:01	PMID:33473101
TSNADB2_000554	555	excluded	hla_i_peptide_length_outside_8_11	tier2	SNV	KRAS	KRAS_G12D	MTEYKLVVVGAGGVGKSALTIQLI	 C08:02	PMID:27959684
TSNADB2_000555	556	included		tier2	SNV	KRAS	KRAS_G12V	MTEYKLVVVGAVGVGKSALTIQLIQ	DRB1*11:04	PMID:31043415
TSNADB2_000556	557	excluded	missing_or_nonhuman_hla	tier2	SNV	OVGP1	OVGP1_P446S	MTITSRGTTVTPTKE		PMID:33479501
TSNADB2_000557	558	excluded	peptide_length_outside_8_25	tier2	SNV	NPIPB6	NPIPB6_P232L	MVAAEHRHSSGLPYWLYLTAETLKNRMGRQP		PMID:32439700
TSNADB2_000558	559	included		tier2	SNV	UBN2-1	UBN2_P520R	MVKTLRLHSFPTMLKECSP	DRB1*04:01	PMID:33473101
TSNADB2_000559	560	included		tier2	SNV	DIS3L2	DIS3L2_I777V	MVMGVLKQAFDVLVL	DRB1*07:01	PMID:30835255
TSNADB2_000560	561	included		tier2	SNV	ARHGAP35	ARHGAP35_T1313M	MVNTVAGAMK	A68:01	PMID:30568305
TSNADB2_000561	562	included		tier2	SNV	KIF1BP	KIF1BP_P246S	NAYHSIEWAI	C12:03	PMID:26901407
TSNADB2_000562	563	included		tier2	SNV	CTH	CTH_D175Y	NDRYVLGISDTLIRL	DRB1*04:01	PMID:33473101
TSNADB2_000563	564	included		tier2	SNV	MYO5B	MYO5B_K1410Q	NENLDLQEL	B40:01	PMID:31164343
TSNADB2_000564	565	included		tier2	SNV	CTAGE5	CTAGE5_E576V	NERGVSSCDRLTDPH	DQA1*01:03:01/DQB1*06:03:01	PMID:29720506
TSNADB2_000565	566	excluded	missing_or_nonhuman_hla	tier2	SNV	SIGLEC10	SIGLEC10_Q111K	NFMNDGFFLKVTALTKKPDVYI		PMID:32439700
TSNADB2_000566	567	included		tier2	SNV	RNF213	RNF213_P4766H	NGKERVHIL	B08:01	PMID:31164343
TSNADB2_000567	568	excluded	missing_or_nonhuman_hla	tier2	SNV	GTF3C2	GTF3C2_D811N	NHHYLLFQNTDLGSF		PMID:33479501
TSNADB2_000568	569	included		tier2	SNV	GPD2	GPD2_E426K	NHVVDISKSGLITIA	DRB1*07:01	PMID:26516200
TSNADB2_000569	570	included		tier2	SNV	CDC73	CDC73_Q254E	NIFAILESV	A02:01	PMID:30835255
TSNADB2_000570	571	included		tier2	SNV	CTDSP2	CTDSP2_C44S	NIFKALFCSFRAQHV	DRB1*04:01	PMID:33473101
TSNADB2_000571	572	included		tier2	SNV	BRAF	BRAF_N581I	NIIFLHEDLTV	A02:01	PMID:30841906
TSNADB2_000572	573	included		tier2	SNV	TBL3	TBL3_V52L	NILELASGAVLR	DRB1*12:02	PMID:33473101
TSNADB2_000573	574	excluded	peptide_length_outside_8_25	tier2	SNV	CAPG	CAPG_A196V	NILERNKARDLALVIRDSERQGKAQVL		PMID:33298619
TSNADB2_000574	575	excluded	peptide_length_outside_8_25	tier2	SNV	BEND3	BEND3_R781C	NKKQLDPTRLRLICHYVEAVYPVEKMEEV		PMID:32439700
TSNADB2_000575	576	included		tier2	SNV	OR51B4	OR51B4_K183N	NLACADITF	B35:01	PMID:31069153
TSNADB2_000576	577	included		tier2	SNV	TP53	TP53_E280K	NLLGRNSFK	A68:01	PMID:29132146
TSNADB2_000577	578	included		tier2	SNV	GNL3L	GNL3L_R634C	NLNCCSVPV	A02:01	PMID:27198675
TSNADB2_000578	579	excluded	missing_or_nonhuman_hla	tier2	SNV	SMC4	SMC4_L1262F	NMFEISDRFIGIYKT		PMID:33479501
TSNADB2_000579	580	excluded	missing_or_nonhuman_hla	tier2	SNV	PRTG	PRTG_F1055L	NNSKKKWFLFQDSKK		PMID:33479501
TSNADB2_000580	581	excluded	peptide_length_outside_8_25	tier2	SNV	SPATA31D1	SPATA31D1_G1456fs	NPEVHVRAEPVQGLSLQLQGSLLQSDTYQILQPTSYLCWPELSYKD		PMID:33016924
TSNADB2_000581	582	excluded	missing_or_nonhuman_hla	tier2	SNV	B3GNT1	B3GNT1_A259V	NQWGGTALVVPVFEI		PMID:33479501
TSNADB2_000582	583	excluded	missing_or_nonhuman_hla	tier2	SNV	KIF7	KIF7_R654S	NRISNCSQRAGASPGSLPERKGPE		PMID:32439700
TSNADB2_000583	584	included		tier2	SNV	TP53	TP53_Y220C	NTFRHSVVVPCEPPE	DRB3*02:02	PMID:29720506
TSNADB2_000584	585	included		tier2	SNV	TGM3	TGM3_D622Y	NVQMLFSNPLYEPV	DRB1*15:01	PMID:33473101
TSNADB2_000585	586	excluded	peptide_length_outside_8_25	tier2	SNV	SHANK1	SHANK1_G2071R	PAARRSLLHRLPPTAHGVGPLLLQLGTEPPA		PMID:32439700
TSNADB2_000586	587	excluded	missing_or_nonhuman_hla	tier2	SNV	GRIN2B	GRIN2B_E1104K	PASAKSRREFDKIEL		PMID:33479501
TSNADB2_000587	588	excluded	peptide_length_outside_8_25	tier2	SNV	SENP3	SENP3_P37R	PAYSSPRRERLRWPPRPKPRLKSGGG		PMID:32439700
TSNADB2_000588	589	excluded	missing_or_nonhuman_hla	tier2	SNV	MGA	MGA_N2653D	PENDDLFMMPRIVDV		PMID:33479501
TSNADB2_000589	590	excluded	missing_or_nonhuman_hla	tier2	SNV	C14orf101	C14orf101_A59D	PGGDSGELITDAHEL		PMID:33479501
TSNADB2_000590	591	excluded	missing_or_nonhuman_hla	tier2	SNV	DDX3X	DDX3X_E388K	PKKIQMLARDFLDEY		PMID:33479501
TSNADB2_000591	592	excluded	missing_or_nonhuman_hla	tier2	SNV	RUSC2	RUSC2_S569F	PLRVSVGDFSQEFSP		PMID:33479501
TSNADB2_000592	593	excluded	missing_or_nonhuman_hla	tier2	SNV	NFKBID	NFKBID_A37S	PPSSASQSAGITGVSHRT		PMID:32439700
TSNADB2_000593	594	excluded	peptide_length_outside_8_25	tier2	SNV	RIF1	RIF1_K793T	PQRPSDWSKKTNEPLGKLTSLFKLIV		PMID:32439700
TSNADB2_000594	595	excluded	missing_or_nonhuman_hla	tier2	SNV	TBC1D14	TBC1D14_S42F	PRLLFAPEYGPKLKL		PMID:33479501
TSNADB2_000595	596	excluded	missing_or_nonhuman_hla	tier2	SNV	NBPF14	NBPF14_D529H	PRLSRELLHEKGPEVLQDSL		PMID:32439700
TSNADB2_000596	597	included		tier2	SNV	TRIP12	TRIP12_F1544S	PSDTRQMLFY	A01:01	PMID:26389673
TSNADB2_000597	598	included		tier2	SNV	PATL1	PATL1_F288Y	PSQFARVPGYVGSPLA	DRB1*01:01	PMID:28678778
TSNADB2_000598	599	excluded	missing_or_nonhuman_hla	tier2	SNV	PATL1	PATL1_F288Y	PSQFARVPGYVGSPLA		PMID:33479501
TSNADB2_000599	600	included		tier2	SNV	PTPRK	PTPRK_G677R	PYYFAAELPPRNLPEP	DRB1*10:01	PMID:12794170
TSNADB2_000600	601	included		tier2	SNV	PIK3CA	PIK3CA_N145S	QDFRRNILSVCKEAVDL	DRB1*16:02	PMID:34244308
TSNADB2_000601	602	included		tier2	SNV	JAK2	JAK2_G180W	QEECLWMAV	B40:02	PMID:34244308
TSNADB2_000602	603	included		tier2	SNV	HIVEP1	HIVEP1_S1864Y	QEFENIKSY	C12:03	PMID:29132146
TSNADB2_000603	604	included		tier2	SNV	STAT6	STAT6_G136V	QEVGAAVGEL	A02:01	PMID:33473101
TSNADB2_000604	605	excluded	missing_or_nonhuman_hla	tier2	SNV	CPSF6	CPSF6_G178E	QFEMQSRKTTQSEQMSGEGKAGPPG		PMID:33016924
TSNADB2_000605	606	excluded	missing_or_nonhuman_hla	tier2	SNV	HACE1	HACE1_N88I	QGVVREWFDILSIEIVNPDYALFTQ		PMID:33016924
TSNADB2_000606	607	included		tier2	SNV	TP53	TP53_R175H	QHMTEVVRHCPHHER	DRB1*13:01	PMID:30714987
TSNADB2_000607	608	included		tier2	SNV	TP53	TP53_G105V	QKTYQVSYGFR	A31:01	PMID:34244308
TSNADB2_000608	609	included		tier2	SNV	BRAP	BRAP_R534C	QLCDVMFYL	A02:01	PMID:29720506
TSNADB2_000609	610	included		tier2	SNV	DENND6B	DENND6B_R398Q 	QLLKGVQKK	A11:01	PMID:32793190
TSNADB2_000610	611	excluded	missing_or_nonhuman_hla	tier2	SNV	YBX1	YBX1_P300L	QNMYRGYRPRFRRGPLRQRQPREDG		PMID:32439700
TSNADB2_000611	612	included		tier2	SNV	SLC2A1	SLC2A1_I272V	QPVLIAVVL	B35:03	PMID:31164343
TSNADB2_000612	613	included		tier2	SNV	PGM5	PGM5_H469Y	QQFAVGSYV	A02:01	PMID:27198675
TSNADB2_000613	614	included		tier2	SNV	NFYC	NFYC_Q241K	QQITKTEV	B52:01	PMID:16287085
TSNADB2_000614	615	included		tier2	SNV	PRDM11	PRDM11_E258Q	QREKSQQVL	B39:01	PMID:28031159
TSNADB2_000615	616	excluded	missing_or_nonhuman_hla	tier2	SNV	AMD1	AMD1_F325L	QSAMFNDYNFVFTSLAKKQQQQQS		PMID:32439700
TSNADB2_000616	617	excluded	missing_or_nonhuman_hla	tier2	SNV	TP63	TP63_S458L	QSPSLYGNSSPPLNK		PMID:33479501
TSNADB2_000617	618	excluded	missing_or_nonhuman_hla	tier2	SNV	COL22A1	COL22A1_D291N	QSTEDVFPQGLPNEY		PMID:33479501
TSNADB2_000618	619	included		tier2	SNV	GRIK5	GRIK5_R689H	QTYQHMWNY	A03:01	PMID:29132146
TSNADB2_000619	620	included		tier2	SNV	RAD1	RAD1_K224N	QVNRYNISLLK	A11:01	PMID:33473101
TSNADB2_000620	621	excluded	missing_or_nonhuman_hla	tier2	SNV	SOWAHB	SOWAHB_A150G	RAADAACNGLPGSGSRRAPGKG		PMID:32439700
TSNADB2_000621	622	included		tier2	SNV	GAD1	GAD1_S65R	RAFKERQSSK	A03:01	PMID:33473101
TSNADB2_000622	623	excluded	missing_or_nonhuman_hla	tier2	SNV	PKHD1	PKHD1_S3369C	RALGLPPPVCVFPKTEAEWTASFFN		PMID:32439700
TSNADB2_000623	624	included		tier2	SNV	CTBP1	CTBP1_Q277R	RALKEGRIRGAAL	DRB1*03:01	PMID:31036766
TSNADB2_000624	625	excluded	peptide_length_outside_8_25	tier2	SNV	GLE1	GLE1_I329V	RALREMRDLLMNLGQEVTRACEDKRR		PMID:32439700
TSNADB2_000625	626	excluded	missing_or_nonhuman_hla	tier2	SNV	AASS	AASS_D512N	RDGNIEITVGSNMKNQIEQLGKK		PMID:32439700
TSNADB2_000626	627	included		tier2	SNV	PTK6	PTK6_H126L	RDTQAVRLYK	A03:01	PMID:33473101
TSNADB2_000627	628	included		tier2	SNV	ENDOG	ENDOG_V121L	REDDSLHAY	B44:02	PMID:31164343
TSNADB2_000628	629	included		tier2	SNV	GRIN2B	GRIN2B_E1104K	REFDKIELAY	B41:02	PMID:28678778
TSNADB2_000629	630	excluded	missing_or_nonhuman_hla	tier2	SNV	GRIN2B	GRIN2B_E1104K	REFDKIELAYRR		PMID:33479501
TSNADB2_000630	631	excluded	missing_or_nonhuman_hla	tier2	SNV	SLIT3	SLIT3_A513V	REGVFDGAASVQELML		PMID:33479501
TSNADB2_000631	632	included		tier2	SNV	PCSK9	PCSK9_V202F	REIEGRVMF	B18:01	PMID:31351799
TSNADB2_000632	633	included		tier2	SNV	PCSK9	PCSK9_V202F	REIEGRVMF	B44:02	PMID:31351799
TSNADB2_000633	634	included		tier2	SNV	CUX1	CUX1_R910L	REPFVLMQL	B40:01	PMID:33473101
TSNADB2_000634	635	excluded	missing_or_nonhuman_hla	tier2	SNV	USP47	USP47_F1156L	REQCGLELSIDRLRLRKKTWKNPGT		PMID:33016924
TSNADB2_000635	636	included		tier2	SNV	IDH2	IDH2_I269M	RFKDIFQEM	C14:02	PMID:34244308
TSNADB2_000636	637	included		tier2	SNV	DCAKD	DCAKD_S199F	RFLEYLPLRF	A24:02	PMID:28678778
TSNADB2_000637	638	included		tier2	SNV	ADAMTS7	ADAMTS7_T96I	RFNLIANQHLLAPGF	DRB1*07:01	PMID:28678778
TSNADB2_000638	639	excluded	missing_or_nonhuman_hla	tier2	SNV	ADAMTS7	ADAMTS7_T96I	RFNLIANQHLLAPGF		PMID:33479501
TSNADB2_000639	640	excluded	missing_or_nonhuman_hla	tier2	SNV	RBMX	RBMX_P167A	RGPPPRSVGPPPKRSAA		PMID:32439700
TSNADB2_000640	641	included		tier2	SNV	TP53	TP53_V25G	RGRAMAIYK	A30:01	PMID:30835255
TSNADB2_000641	642	excluded	missing_or_nonhuman_hla	tier2	SNV	ADAMTS7	ADAMTS7_T96I	RGRELRFNLIANQHLL		PMID:33479501
TSNADB2_000642	643	included		tier2	SNV	ACP6	ACP6_R101M	RGRMQTASL	B07:02	PMID:33038342
TSNADB2_000643	644	included		tier2	SNV	KIAA1967	KIAA1967_H227Y	RHDLPPYRVYL	B38:01	PMID:27827318
TSNADB2_000644	645	excluded	peptide_length_outside_8_25	tier2	SNV	ZNF117	ZNF117_C167Y	RIHTGEKPYKYKECGKAFNQTSHLIR		PMID:32439700
TSNADB2_000645	646	included		tier2	SNV	EGFR	EGFR_E709V	RILKVTEFK	A11:01	PMID:34244308
TSNADB2_000646	647	included		tier2	SNV	TUBGCP2	TUBGCP2_P135L	RILLVAASY	A30:02	PMID:31164343
TSNADB2_000647	648	excluded	missing_or_nonhuman_hla	tier2	SNV	INPP5K	INPP5K_L272V	RIVWRLKRQPCAGPD	ClassII	PMID:29720506
TSNADB2_000648	649	excluded	peptide_length_outside_8_25	tier2	SNV	ATP7B	ATP7B_P31Q	RKILSKLSLPTRAWEQAMKKSFAFDNVGYE		PMID:32439700
TSNADB2_000649	650	excluded	missing_or_nonhuman_hla	tier2	SNV	MINK1	MINK1_E463K	RKQLEEQRQSKRLQRQLQQEHAYLK		PMID:32439700
TSNADB2_000650	651	included		tier2	SNV	ETV1	ETV1_D38G	RKRKFINRGLAHDSEEL	DRB1*13:01	PMID:34244308
TSNADB2_000651	652	included		tier2	SNV	CPSF6	CPSF6_G178E	RKTTQSEQM	B15:03	PMID:31164343
TSNADB2_000652	653	excluded	hla_i_peptide_length_outside_8_11	tier2	SNV	SON	SON_R1927C	RKTVRARSRTPSCRSRSHTPSRRRR	B07:02	PMID:27827318
TSNADB2_000653	654	excluded	peptide_length_outside_8_25	tier2	SNV	C6orf211	C6orf211_F392V	RKWEFSVPFHQALNGVHPAPLCTIRTLKAEI		PMID:32439700
TSNADB2_000654	655	included		tier2	SNV	INPP5J	INPP5J_C120Y	RLAAFGHMLY	A11:01	PMID:33473101
TSNADB2_000655	656	excluded	peptide_length_outside_8_25	tier2	SNV	ANKHD1	ANKHD1_G60S	RLFGEAGPASGVGSSSGGGSGSGTGGGDAALK		PMID:32439700
TSNADB2_000656	657	included		tier2	SNV	KIF2C	KIF2C_A16T	RLFPGLTIKI	A02:05	PMID:24987109
TSNADB2_000657	658	included		tier2	SNV	MKLN1	MKLN1_L16F	RLFPYALHK	A03:01	PMID:33038342
TSNADB2_000658	659	included		tier2	SNV	API5	API5_R243Q	RLLQCTQQAV	A02:01	PMID:26516200
TSNADB2_000659	660	included		tier2	SNV	PRPF6	PRPF6_S261T	RLSQVSDTV	A02:01	PMID:31164343
TSNADB2_000660	661	included		tier2	SNV	RNF213	RNF213_N1702S	RMEHFYLSF	A32:01	PMID:31164343
TSNADB2_000661	662	included		tier2	SNV	USP9X	USP9X__Y2009C	RMQYSMECF	B15:01	PMID:29720506
TSNADB2_000662	663	included		tier2	SNV	USP9X	USP9X_Y2009C	RMQYSMECFQFMKKL	DPA1*01:03:01/DPB1*04:02:01	PMID:29720506
TSNADB2_000663	664	included		tier2	SNV	H3.3	H3.3_K27M	RMSAPSTGGV	 A02:01	PMID:29203539
TSNADB2_000664	665	excluded	missing_or_nonhuman_hla	tier2	SNV	PCDH12	PCDH12_L865P	RNASRENLNPPEPQPATGQ		PMID:32439700
TSNADB2_000665	666	excluded	missing_or_nonhuman_hla	tier2	SNV	USP26	USP26_Y860C	RNDDKGDHTCRLISVVSHLGKTLKS		PMID:32439700
TSNADB2_000666	667	included		tier2	SNV	CHMP4C	CHMP4C_G110V	RNMVFAAKAMKS	DRB1*08:03	PMID:33473101
TSNADB2_000667	668	included		tier2	SNV	TP53	TP53_Y220C	RNTFRHSVVVPCE	DRB1*04:01	PMID:30714987
TSNADB2_000668	669	excluded	peptide_length_outside_8_25	tier2	SNV	NOTCH2	NOTCH2_C19W	RPALLWALLALWLCWAAPAHALQCRDGKKKKK		PMID:32439700
TSNADB2_000669	670	included		tier2	SNV	TTBK2	TTBK2_S1088L	RPHHDQRSL	B07:02	PMID:28678784
TSNADB2_000670	671	included		tier2	SNV	UBR4	UBR4_G4924R	RPHVPESAF	B07:02	PMID:16247014
TSNADB2_000671	672	included		tier2	SNV	MYD88	MYD88_L265P	RPIPIKYKA	B07:02	PMID:28811957
TSNADB2_000672	673	included		tier2	SNV	MYD88	MYD88_L265P	RPIPIKYKAM	B07:02	PMID:28405493
TSNADB2_000673	674	included		tier2	SNV	MYD88	MYD88_L265P	RPIPIKYKAM	C03:03	PMID:28405493
TSNADB2_000674	675	included		tier2	SNV	RNF5	RNF5_R105L	RPQGQRPAL	B07:02	PMID:29132146
TSNADB2_000675	676	included		tier2	SNV	NHEJ1	NHEJ1_S287L	RPQLLKVKRKKPR	DRB1*08:03	PMID:33473101
TSNADB2_000676	677	included		tier2	SNV	GALK1	GALK1_A249V	RQCEEVARVL	B49:01	PMID:31164343
TSNADB2_000677	678	excluded	peptide_length_outside_8_25	tier2	SNV	BCAR1	BCAR1_V64L	RQGIVPGNRLKILLVVPTRVGQGYVYE	DPA1*02:02	PMID:33928024
TSNADB2_000678	679	included		tier2	SNV	PTPRS	PTPRS_R1207W	RQLEVPWPYI	A02:01	PMID:28619968
TSNADB2_000679	680	included		tier2	SNV	TEP1	TEP1_R2044Q	RQLLTQPHK	A31:01	PMID:28031159
TSNADB2_000680	681	included		tier2	SNV	POFUT2	POFUT2_V241L	RRSMLFARH	B27:05	PMID:33038342
TSNADB2_000681	682	excluded	missing_or_nonhuman_hla	tier2	SNV	FTCD	FTCD_A316E	RRTAALQEGLRREVSVPLTLAETVA		PMID:33016924
TSNADB2_000682	683	included		tier2	SNV	MED12L	MED12L_P17S	RSRLGPPDVY	B15:01	PMID:33473101
TSNADB2_000683	684	excluded	missing_or_nonhuman_hla	tier2	SNV	DCTPP1	DCTPP1_L23F	RSSSRKYTEFPHGAISEDQAVGPA		PMID:32439700
TSNADB2_000684	685	excluded	missing_or_nonhuman_hla	tier2	SNV	Gpld1	Gpld1_R829W	RSSWGAWLS	H2-Kd	PMID:33879241
TSNADB2_000685	686	included		tier2	SNV	SVIL	SVIL_D1285N	RTDVKAYNVT	C05:01	PMID:31351799
TSNADB2_000686	687	included		tier2	SNV	METTL17	METTL17_E279K	RTKVVQTLW	A32:01	PMID:28408606
TSNADB2_000687	688	excluded	peptide_length_outside_8_25	tier2	SNV	SLC12A7	SLC12A7_V878M	RTQAPPTPDKMQMTWTREKLIAEKYRS		PMID:32439700
TSNADB2_000688	689	included		tier2	SNV	RGS1	RGS1_S158F	RTREFTAKK	A03:01	PMID:33038342
TSNADB2_000689	690	included		tier2	SNV	ROBO3	ROBO3_A1287V	RVAGSMSSL	B07:02	PMID:28619968
TSNADB2_000690	691	included		tier2	SNV	QKI	QKI_R330M	RVHPYQMIV	A30:02	PMID:28228279
TSNADB2_000691	692	excluded	missing_or_nonhuman_hla	tier2	SNV	MMP16	MMP16_H543Y	RVKEGYSPPDDVDIVIKK		PMID:32439700
TSNADB2_000692	693	included		tier2	SNV	TP53	TP53_A161T	RVRAMTIYKQ	A11:01	PMID:32793190
TSNADB2_000693	694	included		tier2	SNV	ILVBL	ILVBL_R183W	RVWDIVPTL	A02:01	PMID:29132146
TSNADB2_000694	695	included		tier2	SNV	TFDP1	TFDP1_V175L	RVYDALNLL	A02:01	PMID:33038342
TSNADB2_000695	696	excluded	peptide_length_outside_8_25	tier2	SNV	TFE3	TFE3_R397C	RWNKGTILKASVDYICKLQKEQQRSKDLES		PMID:32439700
TSNADB2_000696	697	included		tier2	SNV	MAGOHB	MAGOHB_G17A	RYYVGHKAKF	A24:02	PMID:30906664
TSNADB2_000697	698	excluded	peptide_length_outside_8_25	tier2	SNV	TPBG	TPBG_P57L	SAPFLASAVSAQPLLPDQCPALCECSE	A02:06	PMID:33928024
TSNADB2_000698	699	included		tier2	SNV	RPS15	RPS15_R43Q	SARQRQRL	B08:01	PMID:31164343
TSNADB2_000699	700	included		tier2	SNV	HELB	HELB_P987S	SASPLSVV	C15:02	PMID:28031159
TSNADB2_000700	701	excluded	missing_or_nonhuman_hla	tier2	SNV	Lrrc27	Lrrc27_G330A	SAYQNTVHA	H2-Db	PMID:33879241
TSNADB2_000701	702	included		tier2	SNV	TP53	TP53_R248W	SCMGGMNWRPILTII	DPB1*02:01	PMID:30714987
TSNADB2_000702	703	included		tier2	SNV	CYFIP1	CYFIP1_I121V	SCSRAVPQV	A02:01	PMID:31164343
TSNADB2_000703	704	excluded	missing_or_nonhuman_hla	tier2	SNV	Rab13	Rab13_K196N	SDKKNNKCL	H2-Db	PMID:26112079
TSNADB2_000704	705	excluded	missing_or_nonhuman_hla	tier2	SNV	SP4	SP4_E7K	SDQKKKEEEEAAAAAAMATEGKKK		PMID:32439700
TSNADB2_000705	706	included		tier2	SNV	QSOX2	QSOX2_R524W	SEDPWFPKL	B40:01	PMID:31164343
TSNADB2_000706	707	included		tier2	SNV	ZFYVE27	ZFYVE27_R6H	SEHEGSGPEL	B38:01	PMID:26516200
TSNADB2_000707	708	included		tier2	SNV	FEZ1	FEZ1_M59L	SEIISFKSL	B40:01	PMID:33473101
TSNADB2_000708	709	included		tier2	SNV	HUWE1	HUWE1_F4353S	SEKLRHMLL	B40:02	PMID:29720506
TSNADB2_000709	710	included		tier2	SNV	TRAPPC1	TRAPPC1_R129G	SELFRSGLDS	B44:02	PMID:29217585
TSNADB2_000710	711	included		tier2	SNV	TRAPPC1	TRAPPC1_R129G	SELFRSGLDSY	B44:02	PMID:10582700
TSNADB2_000711	712	included		tier2	SNV	ACRBP	ACRBP_K255M	SEPMFHSESL	B40:01	PMID:33473101
TSNADB2_000712	713	included		tier2	SNV	RNF149	RNF149_D372H	SEPQCHPSF	B18:01	PMID:31164343
TSNADB2_000713	714	excluded	missing_or_nonhuman_hla	tier2	SNV	FAM47A	FAM47A_R361L	SEPSETGVSLLRLAPPKTRRGSSLH		PMID:32439700
TSNADB2_000714	715	included		tier2	SNV	DNMT3A	DNMT3A_P282S	SEYEDGRGF	B44:03	PMID:31164343
TSNADB2_000715	716	excluded	peptide_length_outside_8_25	tier2	SNV	XPO5	XPO5_Q206K	SFLLNTLQENVNKYQKVKTDTSQESKA		PMID:32439700
TSNADB2_000716	717	excluded	hla_ii_peptide_length_outside_12_25	tier2	SNV	MAGEC1	MAGEC1_S348Y	SFSYTLLSL	DQB1*06:02	PMID:20696919
TSNADB2_000717	718	excluded	missing_or_nonhuman_hla	tier2	SNV	C14orf101	C14orf101_A59D	SGELITDAHELGVAH		PMID:33479501
TSNADB2_000718	719	excluded	missing_or_nonhuman_hla	tier2	SNV	ARSI	ARSI_R171C	SGGSNWPLRGCKGTYWEGGVRGL		PMID:32439700
TSNADB2_000719	720	excluded	missing_or_nonhuman_hla	tier2	SNV	LUM	LUM_G248E	SGIPENSFNVSSLVE		PMID:33479501
TSNADB2_000720	721	excluded	missing_or_nonhuman_hla	tier2	SNV	RUSC2	RUSC2_S569F	SGSPPLRVSVGDFSQ		PMID:33479501
TSNADB2_000721	722	included		tier2	SNV	SNRPD1	SNRPD1_T16I	SHETVIIEL	B38:01	PMID:16247014
TSNADB2_000722	723	excluded	missing_or_nonhuman_hla	tier2	SNV	MAP4K4	MAP4K4_S639L	SHLASLKNNVSPVLR		PMID:33479501
TSNADB2_000723	724	excluded	peptide_length_outside_8_25	tier2	SNV	TAF2	TAF2_L197F	SHMWSQMLVSTSGFFKSISNVSGKDIQPLI		PMID:32439700
TSNADB2_000724	725	excluded	missing_or_nonhuman_hla	tier2	SNV	NLRC4	NLRC4_D368E	SHTQTTLFHTFYELL		PMID:33479501
TSNADB2_000725	726	excluded	missing_or_nonhuman_hla	tier2	SNV	TBX4	TBX4_S271F	SKEYPVIFKSIMRQRL		PMID:33479501
TSNADB2_000726	727	included		tier2	SNV	HIST1H1B	HIST1H1B_A71D	SLAALKKALADGGYD	DRB4*01:01	PMID:29720506
TSNADB2_000727	728	included		tier2	SNV	HIST1H1B	HIST1H1B_A71D	SLAALKKALADGGYD	DQA1*03:01/DQB1*04:02	PMID:29853601
TSNADB2_000728	729	included		tier2	SNV	GAS7	GAS7_H225Y	SLADEAEVYL	A02:01	PMID:23644516
TSNADB2_000729	730	included		tier2	SNV	RETREG3	RETREG3_R277L	SLDEAALPEL	A02:01	PMID:33473101
TSNADB2_000730	731	included		tier2	SNV	HSPA1A	HSPA1A_F293I	SLFEGIDIYT	A02:01	PMID:9973436
TSNADB2_000731	732	included		tier2	SNV	PVRL4	PVRL4_N430I	SLKDISSCSV	B08:01	PMID:28031159
TSNADB2_000732	733	excluded	missing_or_nonhuman_hla	tier2	SNV	ZDHHC5	ZDHHC5_E389K	SLKEPTSIAKSSRHPSYRS		PMID:32439700
TSNADB2_000733	734	excluded	missing_or_nonhuman_hla	tier2	SNV	MAP4K4	MAP4K4_S639L	SLKNNVSPVLRSHSF		PMID:33479501
TSNADB2_000734	735	included		tier2	SNV	IQCE	IQCE_T690M	SLPMKNFPV	A02:01	PMID:33123756
TSNADB2_000735	736	excluded	missing_or_nonhuman_hla	tier2	SNV	SMC4	SMC4_L1262F	SLRNNMFEISDRFIG		PMID:33479501
TSNADB2_000736	737	excluded	peptide_length_outside_8_25	tier2	SNV	TNKS1BP1	TNKS1BP1_N437G	SLVQRRFSEGVLQSPGQDQEKLGGSLAALPQ		PMID:32439700
TSNADB2_000737	738	included		tier2	SNV	GREB1L	GREB1_T624L	SMRLPLVLDK	A11:01	PMID:33473101
TSNADB2_000738	739	included		tier2	SNV	MYD88	MYD88_L265P	SPGAHQKRPI	B07:02	PMID:28405493
TSNADB2_000739	740	excluded	peptide_length_outside_8_25	tier2	SNV	IRS2	IRS2_K86N	SPGEYINIDFGEPGAHLSPPAPPLLASAASS		PMID:32439700
TSNADB2_000740	741	excluded	peptide_length_outside_8_25	tier2	SNV	ARHGEF26	ARHGEF26_R318C	SPGSLRRGLRSTSYCRAVVSGFDFDSPT		PMID:32439700
TSNADB2_000741	742	included		tier2	SNV	MYADM	MYADM_R30W	SPMIVGSPW	B07:02	PMID:26940869
TSNADB2_000742	743	included		tier2	SNV	PALB2	PALB2_H198D	SPVTEIRTDL	B07:02	PMID:28619968
TSNADB2_000743	744	included		tier2	SNV	CLK3	CLK3_E295Q	SQFETLYNEHK	A11:01	PMID:33473101
TSNADB2_000744	745	excluded	missing_or_nonhuman_hla	tier2	SNV	ZNF281	ZNF281_G119E	SQRTSWEFLQSLVSI		PMID:33479501
TSNADB2_000745	746	included		tier2	SNV	DNAJC1	MRGBP_A198R	SRAKRRRTL	C07:02	PMID:33473101
TSNADB2_000746	747	excluded	missing_or_nonhuman_hla	tier2	SNV	OVGP1	OVGP1_P446S	SRGTTVTPTKETVSLG		PMID:33479501
TSNADB2_000747	748	excluded	missing_or_nonhuman_hla	tier2	SNV	MLL	MLL_P3239L	SRLQTRKNKKLALSS		PMID:33479501
TSNADB2_000748	749	excluded	peptide_length_outside_8_25	tier2	SNV	BRD2	BRD2_R528W	SRPMSYDEKWQLSLDINKLPGEKLGR		PMID:32439700
TSNADB2_000749	750	included		tier2	SNV	MAGEC1	MAGEC1_T209A	SSALLSIFQSSPE	DQB1*06:02	PMID:20696919
TSNADB2_000750	751	included		tier2	SNV	TP53	TP53_R209W	SSCMGGMNWR	A68:01	PMID:31164343
TSNADB2_000751	752	excluded	missing_or_nonhuman_hla	tier2	SNV	ZNF280A	ZNF280A_D514G	SSGMASVIVSNTGPQSSPVKTKK		PMID:32439700
TSNADB2_000752	753	excluded	missing_or_nonhuman_hla	tier2	SNV	FAM190A	FAM190A_V195A	SSHYKFSKPALQSQS		PMID:33479501
TSNADB2_000753	754	excluded	peptide_length_outside_8_25	tier2	SNV	GBF1	GBF1_D1478Y	SSQHASRGGQSDDYEDEGVPASYHTVS	B15:01	PMID:33928024
TSNADB2_000754	755	excluded	missing_or_nonhuman_hla	tier2	SNV	DNMBP	DNMBP_H421Y	SSQPQVPFYPNLQKSQ		PMID:33479501
TSNADB2_000755	756	included		tier2	SNV	KIF26B	KIF26B_N256S	SSYTGFANK	A11:01	PMID:28678784
TSNADB2_000756	757	included		tier2	SNV	NPHP4	NPHP4_R335L	STLPPSRSL	C15:02	PMID:33473101
TSNADB2_000757	758	included		tier2	SNV	TP53	TP53_P152L	STPLPGTRVR	A11:01	PMID:34244308
TSNADB2_000758	759	included		tier2	SNV	HELB	HELB_P987S	STPSASPLSV	C15:02	PMID:28031159
TSNADB2_000759	760	included		tier2	SNV	EGFR	EGFR_T790M	STVQLIMQL	C15:02	PMID:34244308
TSNADB2_000760	761	excluded	missing_or_nonhuman_hla	tier2	SNV	Gyk	Gyk_K505R	STWKRAVM	H2-Kd	PMID:33879241
TSNADB2_000761	762	included		tier2	SNV	MAGED2	MAGED2_S598V	SVGACGFSY	B35:01	PMID:31069153
TSNADB2_000762	763	excluded	missing_or_nonhuman_hla	tier2	SNV	RUSC2	RUSC2_S569F	SVGDFSQEFSPIQEA		PMID:33479501
TSNADB2_000763	764	included		tier2	SNV	ANKRD12	ANKRD12_K603T	SVKSCKHTEK	A30:01	PMID:28031159
TSNADB2_000764	765	included		tier2	SNV	TEAD1	TEAD1_L209F	SVLENFTIFL	A02:01	PMID:26389673
TSNADB2_000765	766	included		tier2	SNV	MED13	MED13_P1691S	SVQIISCQY	A30:02	PMID:26901407
TSNADB2_000766	767	excluded	missing_or_nonhuman_hla	tier2	SNV	ZNF281	ZNF281_G119E	SWEFLQSLVSIKQEK		PMID:33479501
TSNADB2_000767	768	excluded	hla_i_peptide_length_outside_8_11	tier2	SNV	CORO7	CORO7_S33L	SWISDIRAGTAPLCRNHIKSSCSLI	B51:01	PMID:27827318
TSNADB2_000768	769	included		tier2	SNV	SMOX	SMOX_P423S	SYFRGSYSY	C07:02	PMID:33473101
TSNADB2_000769	770	included		tier2	SNV	CTNNB1	CTNNB1_S37F	SYLDSGIHF	A24:02	PMID:8642260
TSNADB2_000770	771	included		tier2	SNV	FBXO21	FBXO21_S250Y	SYMIMEIEL	C14:02	PMID:27827318
TSNADB2_000771	772	included		tier2	SNV	COL6A3	COL6A3_G346W	TAWQSEDSY	B35:01	PMID:33016924
TSNADB2_000772	773	excluded	peptide_length_outside_8_25	tier2	SNV	SDE2	SDE2_E356A	TEERTDGERVAAVAPEERENVAVAKKKK		PMID:32439700
TSNADB2_000773	774	included		tier2	SNV	ARMC9	ARMC9_L146F	TEFFPFYAL	B40:01	PMID:31164343
TSNADB2_000774	775	included		tier2	SNV	FAM3C	FAM3C_K193E	TESPFEQHI	B44:02	PMID:29217585
TSNADB2_000775	776	excluded	missing_or_nonhuman_hla	tier2	SNV	GTF3C2	GTF3C2_D811N	TETVNHHYLLFQNTD		PMID:33479501
TSNADB2_000776	777	excluded	peptide_length_outside_8_25	tier2	SNV	KRAS	KRAS_G12V	TEYKLVVVGAVGVGKSALTIQLIQNH		PMID:32439700
TSNADB2_000777	778	excluded	missing_or_nonhuman_hla	tier2	SNV	BAZ2A	BAZ2A_S500F	TFPAAAFPTASPANKD		PMID:33479501
TSNADB2_000778	779	excluded	missing_or_nonhuman_hla	tier2	SNV	DDX3X	DDX3X_E388K	TFPKKIQMLARDFLD		PMID:33479501
TSNADB2_000779	780	excluded	missing_or_nonhuman_hla	tier2	SNV	DMXL2	DMXL2_S239L	TGFLWRKTSKYMPRGS		PMID:33479501
TSNADB2_000780	781	excluded	peptide_length_outside_8_25	tier2	SNV	LMBR1	LMBR1_G273A	TGRQVPEEQAAQLLLGKWIQEGGDMI		PMID:32439700
TSNADB2_000781	782	included		tier2	SNV	ECI2	ECI2_N352I	TIAVVNFLSR	A68:01	PMID:31164343
TSNADB2_000782	783	included		tier2	SNV	FOXF1	FOXF1_E133K	TIDPASEFMFK	A11:03	PMID:33473101
TSNADB2_000783	784	excluded	peptide_length_outside_8_25	tier2	SNV	GPM6B	GPM6B_C94F	TILCFSGVALFCGFGHVALAGTVAILE	DQA1*04:01	PMID:33928024
TSNADB2_000784	785	excluded	missing_or_nonhuman_hla	tier2	SNV	KIAA1958	KIAA1958_E484K	TKIPAVKLNKLLENF		PMID:33479501
TSNADB2_000785	786	excluded	missing_or_nonhuman_hla	tier2	SNV	DCAKD	DCAKD_S199F	TKRQVILLHTELERF		PMID:33479501
TSNADB2_000786	787	included		tier2	SNV	MUC16	MUC16_T11830P	TLLVTGPSR	A31:01	PMID:28031159
TSNADB2_000787	788	included		tier2	SNV	FANCD2	FANCD2_R1344T	TLNNCTEAF	B15:01	PMID:33473101
TSNADB2_000788	789	excluded	missing_or_nonhuman_hla	tier2	SNV	MRPL55	MRPL55_R125H	TLSPEEHRARLRKREAQLQSRK		PMID:32439700
TSNADB2_000789	790	included		tier2	SNV	ADNP2	ADNP2_P584L	TNILPVNQPVRLGAS	DRB1*12:02	PMID:33473101
TSNADB2_000790	791	included		tier2	SNV	APMAP	APMAP_K195T	TPIEGTNMSF	B35:01	PMID:31164343
TSNADB2_000791	792	included		tier2	SNV	TP53	TP53_P152L	TPLPGTRVRA	B54:01	PMID:34244308
TSNADB2_000792	793	excluded	missing_or_nonhuman_hla	tier2	SNV	TFPI	TFPI_G213S	TPQSTKVPSLFEFHSPSWCLTPADR		PMID:32439700
TSNADB2_000793	794	included		tier2	SNV	ALMS1	ALMS1_G1001S	TPTVPSSSF	B35:01	PMID:24891321
TSNADB2_000794	795	included		tier2	SNV	CLSPN	CLSPN_S396F	TQIITGSDEF	B15:01	PMID:33473101
TSNADB2_000795	796	excluded	missing_or_nonhuman_hla	tier2	SNV	MLL	MLL_P3239L	TRKNKKLALSSTPSN		PMID:33479501
TSNADB2_000796	797	included		tier2	SNV	POLA2	POLA2_L420F	TRSSGSHFVF	C07:01	PMID:24987109
TSNADB2_000797	798	included		tier2	SNV	SLX4	SLX4_R1814H	TTAATHREK	A68:01	PMID:30568305
TSNADB2_000798	799	excluded	missing_or_nonhuman_hla	tier2	SNV	NLRC4	NLRC4_D368E	TTLFHTFYELLIQKN		PMID:33479501
TSNADB2_000799	800	included		tier2	SNV	POLR1G	POLR1G_R292K	TVLSPTKKK	A11:01	PMID:33473101
TSNADB2_000800	801	excluded	peptide_length_outside_8_25	tier2	SNV	SHROOM2	SHROOM2_S738C	TVPHFWEAGLAQPPSCTSGGPHPPRI		PMID:32439700
TSNADB2_000801	802	excluded	missing_or_nonhuman_hla	tier2	SNV	Icam1	Icam1_P315L	TVYNFSAL	H2-Kb	PMID:29423108
TSNADB2_000802	803	excluded	missing_or_nonhuman_hla	tier2	SNV	Icam1	Icam1_P315L	TVYNFSALV	H2-Kb	PMID:29423108
TSNADB2_000803	804	excluded	missing_or_nonhuman_hla	tier2	SNV	H2-Q2	H2-Q2_D244E	TWQLNGEEL	H2-Db	PMID:26112079
TSNADB2_000804	805	included		tier2	SNV	CADPS2	CADPS2_R1266H	TYDTVHRHL	C04:01	PMID:29867227
TSNADB2_000805	806	included		tier2	SNV	PRDM10	PRDM10_S1050F	TYLPSAWNF	A24:02	PMID:28423700
TSNADB2_000806	807	included		tier2	SNV	PRDM10	PRDM10_S1050F	TYLPSAWNFF	A24:02	PMID:28423700
TSNADB2_000807	808	excluded	missing_or_nonhuman_hla	tier2	SNV	CEA	CEA_A253V	TYYRPGVNLSLSC	DR*07:01	PMID:16585607
TSNADB2_000808	809	excluded	missing_or_nonhuman_hla	tier2	SNV	MAD2L1BP	MAD2L1BP_M1V	VARVPLGRSLTLSPR		PMID:32439700
TSNADB2_000809	810	included		tier2	SNV	CLEC10A	CLEC10A_V143F	VCFPVHSEM	C12:03	PMID:31069153
TSNADB2_000810	811	excluded	peptide_length_outside_8_25	tier2	SNV	MTIF2	MTIF2_Q204E	VDHGKTTLLDKFRKTEVAAVETGGITQHIGA		PMID:32439700
TSNADB2_000811	812	excluded	missing_or_ambiguous_event_position	tier2	SNV	EGFR	EGFR_H773L;V774M	VDNPLMCRL	B37:04	PMID:34244308
TSNADB2_000812	813	included		tier2	SNV	FERMT1	FERMT1_Q49H	VEHINISQDW	B44:02	PMID:33038342
TSNADB2_000813	814	excluded	missing_or_nonhuman_hla	tier2	SNV	NCOA6	NCOA6_P1371R	VELRRNVLVSPTPLAN		PMID:33479501
TSNADB2_000814	815	included		tier2	SNV	HAL	HAL_R18W	VERASAIAW	B18:01	PMID:31351799
TSNADB2_000815	816	included		tier2	SNV	HAL	HAL_R18W	VERASAIAW	B44:02	PMID:31351799
TSNADB2_000816	817	included		tier2	SNV	SETDB1	SETDB1_E21D	VESEDIAEL	B40:01	PMID:28408606
TSNADB2_000817	818	included		tier2	SNV	CHPF	CHPF_D114V	VEWLGRCIL	B40:01	PMID:33473101
TSNADB2_000818	819	excluded	missing_or_nonhuman_hla	tier2	SNV	KRAS	KRAS_G12D	VGADGVGKS		PMID:33298945
TSNADB2_000819	820	included		tier2	SNV	NPBWR1	NPBWR1_G54V	VGLAVNSAVLYVLL	DRB1*12:01	PMID:33473101
TSNADB2_000820	821	included		tier2	SNV	PGAP1	PGAP1_Y903F	VIAFGSAHLFR	A31:01	PMID:28031159
TSNADB2_000821	822	excluded	missing_or_nonhuman_hla	tier2	SNV	TBX4	TBX4_S271F	VIFKSIMRQRLISPQL		PMID:33479501
TSNADB2_000822	823	included		tier2	SNV	EGFR	EGFR_L858R	VKITDFGRAK	A11:01	PMID:34244308
TSNADB2_000823	824	included		tier2	SNV	TEAD1	TEAD1_L209F	VLENFTIFLV	A02:01	PMID:26389673
TSNADB2_000824	825	included		tier2	SNV	DNAH17	DNAH17_H8302Y	VLFEDAVAY	B15:01	PMID:27198675
TSNADB2_000825	826	included		tier2	SNV	ALDOC	ALDOC_R69H	VLFSADDHV	A02:01	PMID:31164343
TSNADB2_000826	827	excluded	peptide_length_outside_8_25	tier2	SNV	SLC30A1	SLC30A1_L131H	VLGVGVAGLLVNVLGHCLFHHHSGFSQDSG		PMID:32439700
TSNADB2_000827	828	included		tier2	SNV	COL181A	COL181A_S126F	VLLGVKLFGV	A02:01	PMID:27827318
TSNADB2_000828	829	excluded	peptide_length_outside_8_25	tier2	SNV	FAM86A	FAM86A_K215N	VLLNGLSLEADITANLDSPRVTVAQLKK		PMID:32439700
TSNADB2_000829	830	included		tier2	SNV	ATN1	ATN1_Q1117H	VLRHHLFAA	A02:03	PMID:33473101
TSNADB2_000830	831	excluded	missing_or_nonhuman_hla	tier2	SNV	GREM2	GREM2_A29T	VLVKVAEARKNRPAGTIPSPYKDGS		PMID:32439700
TSNADB2_000831	832	included		tier2	SNV	MUC16	MUC16_Q13957K	VMKHLLSPL	B08:01	PMID:29132146
TSNADB2_000832	833	included		tier2	SNV	SLC38A2	SLC38A2_V275M	VPALSHNM	B42:01	PMID:28031159
TSNADB2_000833	834	included		tier2	SNV	NCKAP5L	NCKAP5L_Q718K	VPSIHRPLEK	A03:01	PMID:33473101
TSNADB2_000834	835	included		tier2	SNV	TP53	TP53_G105V	VPSQKTYQVSYGFRLGF	DQB1*06:03	PMID:34244308
TSNADB2_000835	836	included		tier2	SNV	MED13	MED13_P1691S	VQIISCQY	A30:02	PMID:26901407
TSNADB2_000836	837	included		tier2	SNV	MED13	MED13_P1691S	VQIISCQY	B15:01	PMID:26901407
TSNADB2_000837	838	excluded	peptide_length_outside_8_25	tier2	SNV	SFSWAP	SFSWAP_A365G	VQPSQVEYTADSTVAGMYYSYYMLPDGTYCLKK		PMID:32439700
TSNADB2_000838	839	included		tier2	SNV	DHX30	DHX30_S1052F	VRDFSQVHPLAVLL	DRB1*04:05	PMID:33473101
TSNADB2_000839	840	included		tier2	SNV	RBBP6	RBBP6_G499V	VRINTARPV	C06:02	PMID:33038342
TSNADB2_000840	841	excluded	peptide_length_outside_8_25	tier2	SNV	CDYL2	CDYL2_V254I	VRQNESNCRFRDIIVRKEEGFTHILLSSQT		PMID:32439700
TSNADB2_000841	842	included		tier2	SNV	CIT	CIT_P2056L	VRTLLSQVNK	B27:05	PMID:28678778
TSNADB2_000842	843	excluded	missing_or_nonhuman_hla	tier2	SNV	MED24	MED24_V981M	VSELMKVSAMSSPKV		PMID:33479501
TSNADB2_000843	844	included		tier2	SNV	FUCA2	FUCA2_C329F	VSFGGNLLM	C15:02	PMID:33473101
TSNADB2_000844	845	excluded	peptide_length_outside_8_25	tier2	SNV	VPS13C	VPS13C_L1781P	VSPNAVIADPGLIRVENKFSLVPMEH		PMID:32439700
TSNADB2_000845	846	excluded	peptide_length_outside_8_25	tier2	SNV	ABCC5	ABCC5_T1046K	VSRVLIRELKRLDNIKQSPFLSHITSSIQGL		PMID:32439700
TSNADB2_000846	847	included		tier2	SNV	MED13	MED13_P1691S	VSVQIISCQY	A30:02	PMID:26901407
TSNADB2_000847	848	included		tier2	SNV	MED13	MED13_P1691S	VSVQIISCQY	A01:01	PMID:26901407
TSNADB2_000848	849	included		tier2	SNV	CDC42BPA	CDC42BPA_D428Y	VTAGPTSLDLY	A01:01	PMID:31164343
TSNADB2_000849	850	excluded	missing_or_nonhuman_hla	tier2	SNV	MUC4	MUC4_V3353A	VTDTSSASTGHATPLPVTGLSS		PMID:32439700
TSNADB2_000850	851	included		tier2	SNV	ITGA9	ITGA9_L548P	VTEKLQPTY	A01:01	PMID:28678778
TSNADB2_000851	852	excluded	missing_or_nonhuman_hla	tier2	SNV	FAM50B	FAM50B_E78K	VTLNDMKARQKALVR		PMID:33479501
TSNADB2_000852	853	included		tier2	SNV	NKD2	NKD2_D143E	VTREEMSSLM	C12:02	PMID:28031159
TSNADB2_000853	854	included		tier2	SNV	KRAS	KRAS_G12A	VVGAAGVGK	A11:01	PMID:30835255
TSNADB2_000854	855	included		tier2	SNV	KRAS	KRAS_G12C	VVGACGVGK	A11:01	PMID:30835255
TSNADB2_000855	856	included		tier2	SNV	KRAS	KRAS_G12D	VVGADGVGK	A11:01	PMID:30835255
TSNADB2_000856	857	included		tier2	SNV	KRAS	KRAS_G12V	VVGAVGVGK	A11:01	PMID:30835255
TSNADB2_000857	858	included		tier2	SNV	FNDC3B	FNDC3B_L294M	VVMSWAPPV	A02:01	PMID:24891321
TSNADB2_000858	859	included		tier2	SNV	TP53	TP53_Y220C	VVPCEPPEV	A02:01	PMID:17294448
TSNADB2_000859	860	included		tier2	SNV	TP53	TP53_Y181C	VVPCEPPEV	C05:01	PMID:31164343
TSNADB2_000860	861	excluded	missing_or_nonhuman_hla	tier2	SNV	B4GAT1	B4GAT1_A259V	VVPVFEIRRARRMPMN		PMID:33479501
TSNADB2_000861	862	included		tier2	SNV	TP53	TP53_R175H	VVRHCPHHERCSDSD	DRB1*13:01	PMID:30714987
TSNADB2_000862	863	excluded	missing_or_nonhuman_hla	tier2	SNV	KRAS	KRAS_G12V	VVVGAVGVG	B35	PMID:9311595
TSNADB2_000863	864	included		tier2	SNV	AJUBA	AJUBA_D390Y	VYCEEYYLF	A24:02	PMID:33038342
TSNADB2_000864	865	included		tier2	SNV	INSIG1	INSIG1_S238F	VYQYTFPDF	A24:02	PMID:28423700
TSNADB2_000865	866	included		tier2	SNV	INSIG1	INSIG1_S238F	VYQYTFPDFL	A24:02	PMID:28423700
TSNADB2_000866	867	included		tier2	SNV	XPNPEP1	XPNPEP1_S639T	WLIRETQPITK	A03:01	PMID:27827318
TSNADB2_000867	868	included		tier2	SNV	CASP1	CASP1_P172S	WRNILLLSLH	B27:05	PMID:28678778
TSNADB2_000868	869	excluded	missing_or_nonhuman_hla	tier2	SNV	CADM4	CADM4_NeoORF	WRTRGAISASSTQKT		PMID:33479501
TSNADB2_000869	870	included		tier2	SNV	NBAS	NBAS_C144S	WSYDSTLLAY	A25:01	PMID:31164343
TSNADB2_000870	871	excluded	hla_i_peptide_length_outside_8_11	tier2	SNV	NUP85	NUP85_G349D	YFDSNMREFLLL	C04:01	PMID:31164343
TSNADB2_000871	872	included		tier2	SNV	SSC4D	SSC4D_D85Y	YGTGHILLY	B35:01	PMID:31069153
TSNADB2_000872	873	included		tier2	SNV	SSC4D	SSC4D_D85Y	YGTGHILLY	C12:03	PMID:31069153
TSNADB2_000873	874	included		tier2	SNV	KIF1BP	KIF1BP_P246S	YHSIEWAI	B38:01	PMID:26901407
TSNADB2_000874	875	excluded	peptide_length_outside_8_25	tier2	SNV	MYO3B	MYO3B_D580Y	YIADETGRVMHYITSKESYRRQFEAIQ		PMID:32439700
TSNADB2_000875	876	excluded	peptide_length_outside_8_25	tier2	SNV	AREL1	AREL1_G43A;S52N	YKIFQPGIGSHYVAQAGLELLDSSNLPALAF		PMID:32439700
TSNADB2_000876	877	excluded	missing_or_nonhuman_hla	tier2	SNV	KRAS	KRAS_G13R	YKLVVVGAGRVGKSALTIQ		PMID:33086698
TSNADB2_000877	878	excluded	missing_or_nonhuman_hla	tier2	SNV	KRAS	KRAS_G13V	YKLVVVGAGVVGKSALTIQ		PMID:33086698
TSNADB2_000878	879	excluded	missing_or_nonhuman_hla	tier2	SNV	TP53	TP53_R175H	YKQSQHMTEVVRHCPHHERCSDSDG	Class II	PMID:30714987
TSNADB2_000879	880	excluded	peptide_length_outside_8_25	tier2	SNV	ZAN	ZAN_N2411S	YKVQLQAGLELVVNSQKMAVPYRPNEHLRV		PMID:32439700
TSNADB2_000880	881	included		tier2	SNV	TTC37	TTC37_A692V	YLDGKVVDY	A01:01	PMID:32753545
TSNADB2_000881	882	included		tier2	SNV	TTC37	TTC37_A692V	YLDGKVVDY	A11:01	PMID:33038342
TSNADB2_000882	883	excluded	missing_or_nonhuman_hla	tier2	SNV	CTNNB1	CTNNB1_S38P	YLDSGIHSGATTTAPPLSGKG		PMID:32439700
TSNADB2_000883	884	excluded	peptide_length_outside_8_25	tier2	SNV	EFNA5	EFNA5_D72A	YLDVFCPHYEDSVPEAKTERYVLYMVNFDGY		PMID:32439700
TSNADB2_000884	885	included		tier2	SNV	KIF1A	KIF1A_P1587L	YLHFLELHT	A02:03	PMID:33473101
TSNADB2_000885	886	included		tier2	SNV	UBE2E3	UBE2E3_S168Y	YLLTDCNPA	A02:01	PMID:33123756
TSNADB2_000886	887	included		tier2	SNV	ARHGAP42	ARHGAP42_G291V	YLNEAVFNFV	A02:01	PMID:33038342
TSNADB2_000887	888	included		tier2	SNV	CCAR2	CCAR2_R86W	YLQPGPPWRL	C04:01	PMID:31164343
TSNADB2_000888	889	included		tier2	SNV	NCKAP1	NCKAP1_D438Y	YLSGFYAVV	A02:01	PMID:31164343
TSNADB2_000889	890	included		tier2	SNV	RNF10	RNF10_E483K	YLSHLPLTCK	A03:01	PMID:31164343
TSNADB2_000890	891	included		tier2	SNV	RFC5	RFC5_K160N	YLSNIIPAL	A02:01	PMID:29720506
TSNADB2_000891	892	included		tier2	SNV	GINS1	GINS1_I87V	YLYDRLLRV	A02:01	PMID:29720506
TSNADB2_000892	893	included		tier2	SNV	USP7	USP7_D789Y	YLYHRVDVI	A02:01	PMID:33038342
TSNADB2_000893	894	excluded	missing_or_nonhuman_hla	tier2	SNV	MKNK1	MKNK1_P265S	YMASEVVEVFTDQAT		PMID:33479501
TSNADB2_000894	895	excluded	missing_or_nonhuman_hla	tier2	SNV	TP53	TP53_R248Q	YMCNSSCMGGMNQRPILTIITLEDS	Class I and II	PMID:30714987
TSNADB2_000895	896	included		tier2	SNV	TYR	TYR_N371D	YMDGTMSQV	A02:01	PMID:25645385
TSNADB2_000896	897	included		tier2	SNV	ATM	ATM_S2408L	YMKSLEFENK	A11:01	PMID:34244308
TSNADB2_000897	898	included		tier2	SNV	FGFR1	FGFR1_R734W	YMMMWDCWHA	A02:01	PMID:34244308
TSNADB2_000898	899	included		tier2	SNV	FGFR1	FGFR1_R734W	YMMMWDCWHAV	A02:01	PMID:34244308
TSNADB2_000899	900	included		tier2	SNV	WASL	WASL_P351L	YPPPPPALL	A07:02	PMID:26048577
TSNADB2_000900	901	included		tier2	SNV	TBX4	TBX4_S271F	YPVIFKSIM	B35:01	PMID:28678778
TSNADB2_000901	902	included		tier2	SNV	TP53	TP53_G105V	YQVSYGFRL	B37:01	PMID:34244308
TSNADB2_000902	903	included		tier2	SNV	INSIG1	INSIG1_S238F	YQYTFPDF	A24:02	PMID:28423700
TSNADB2_000903	904	included		tier2	SNV	INSIG1	INSIG1_S238F	YQYTFPDFLY	A24:02	PMID:28423700
TSNADB2_000904	905	excluded	missing_or_nonhuman_hla	tier2	SNV	GIMAP6	GIMAP6_R251M	YQYTQQNFRLKELQEMQVSQGQGS		PMID:32439700
TSNADB2_000905	906	included		tier2	SNV	MMS22L	MMS22L_S437F	YSKNLNSFF	A24:02	PMID:28423700
TSNADB2_000906	907	included		tier2	SNV	TPGS2	TPGS2_L118V	YSLPNAPTV	A02:10	PMID:33473101
TSNADB2_000907	908	included		tier2	SNV	USP9X	USP9X__Y2009C	YSMECFQFM	C03:03	PMID:29720506
TSNADB2_000908	909	excluded	missing_or_nonhuman_hla	tier2	SNV	NBPF8	NBPF8_S116L	YSTLSIPPEMLALYKSYSSTFHSLE		PMID:33016924
TSNADB2_000909	910	included		tier2	SNV	PPP1R3B	PPP1R3B_P176H	YTDFHCQYV	A01:01	PMID:23644516
TSNADB2_000910	911	included		tier2	SNV	PPP1R3B	PPP1R3B_P176H	YTDFHCQYVK	A01:01	PMID:23644516
TSNADB2_000911	912	excluded	hla_i_peptide_length_outside_8_11	tier2	SNV	NPLOC4	NPLOC4_I312V	YTFSISQNPFPV	A02:01	PMID:31164343
TSNADB2_000912	913	included		tier2	SNV	FLT3	FLT3_D560Y	YVDFREYEYY	A01:01	PMID:17119119
TSNADB2_000913	914	included		tier2	SNV	DDX60L	DDX60L_V257G	YVIFDEGHY	A25:01	PMID:31069153
TSNADB2_000914	915	included		tier2	SNV	DDX60L	DDX60L_V257G	YVIFDEGHY	A26:03	PMID:31069153
TSNADB2_000915	916	included		tier2	SNV	PABPC3	PABPC3_R424Q	YYPPSQIAQL	A24:02	PMID:26048577
TSNADB2_000916	917	included		tier2	SNV	MMS22L	MMS22L_S437F	YYSKNLNSF	A24:03	PMID:28423700
TSNADB2_000917	918	included		tier2	SNV	MMS22L	MMS22L_S437F	YYSKNLNSFF	A24:04	PMID:28423700
TSNADB2_000918	919	excluded	missing_or_nonhuman_hla	tier2	SNV	ABCC1	ABCC1_P1094S	YYSSIVANRWLAVRLE		PMID:33479501
TSNADB2_000919	920	included		tier2	SNV	MEGF8	MEGF8_P238S	AGAFLSSPGLLAVFG	DRB1*01:01	PMID:30906654
TSNADB2_000920	921	included		tier2	SNV	NUP210	NUP210_S427F	AIDAALTFV	A02:01	PMID:31921104
TSNADB2_000921	922	included		tier2	SNV	GDF5	GDF5_K806R	ALFLVFGRTRK	A11:01	PMID:32226429
TSNADB2_000922	923	included		tier2	SNV	LIPE	LIPE_A857E	ALPLSEPMRRSVSEE	DRB1*12:02	PMID:32439798
TSNADB2_000923	924	included		tier2	SNV	ZNF878	ZNF878_T216A	ALSYLVSFQR	A11:01	PMID:32582212
TSNADB2_000924	925	included		tier2	SNV	SLC25A19	SLC25A19_N133S	ARLQFSCYSSL	C07:02	PMID:32226429
TSNADB2_000925	926	excluded	missing_or_ambiguous_event_position	tier2	SNV	EBF4		ASMPSSPPL	B15:01	PMID:29545564
TSNADB2_000926	927	included		tier2	SNV	CLCN4	CLCN4_A298T	ATLVAAFTL	B15:07	PMID:26359337
TSNADB2_000927	928	included		tier2	SNV	CLCN4	CLCN4_A298T	ATLVAAFTL	C07:01	PMID:26359337
TSNADB2_000928	929	included		tier2	SNV	GPR139	GPR139_A298T	ATTLKAFFK	A03:01	PMID:31243155
TSNADB2_000929	930	included		tier2	SNV	ACE2	ACE2_D615Y	AYQSIKVRI	A24:02	PMID:31243155
TSNADB2_000930	931	included		tier2	SNV	BMPER	BMPER_E651K	CIKTCDNWNK	A11:01	PMID:26359337
TSNADB2_000931	932	included		tier2	SNV	ERCC8	ERCC8_L349F	CVFQSNFQEF	A23:01	PMID:26359337
TSNADB2_000932	933	included		tier2	SNV	ERCC8	ERCC8_L349F	CVFQSNFQEF	B15:17	PMID:26359337
TSNADB2_000933	934	included		tier2	SNV	ERCC8	ERCC8_L349F	CVFQSNFQEF	C02:02	PMID:26359337
TSNADB2_000934	935	excluded	hla_i_peptide_length_outside_8_11	tier2	SNV	C5orf42	C5orf42_I1134K	DADILSETFQLLK	A11:01	PMID:31887370
TSNADB2_000935	936	included		tier2	SNV	IFT80	IFT80_H63T	DDIYPIDFY	A25:01	PMID:32582212
TSNADB2_000936	937	included		tier2	SNV	RUSC2	RUSC2_S569F	DFSQEFSPIQEAQQD	DRB1*04:01	PMID:28678778
TSNADB2_000937	938	included		tier2	SNV	PTPRU	PTPRU_P783L	DHYAYSYYL	C06:02	PMID:32582212
TSNADB2_000938	939	included		tier2	SNV	C5orf42	C5orf42_I1134K	DILSETFQLLK	A11:01	PMID:31887370
TSNADB2_000939	940	included		tier2	SNV	EVI2B	EVI2B_G327A	DSADGSTVATA	A68:02	PMID:31857430
TSNADB2_000940	941	included		tier2	SNV	WDR1	WDR1_N544K	DSFAGKGHTK	A68:01	PMID:32753545
TSNADB2_000941	942	included		tier2	SNV	KCNC3	KCNC3_P715L	DYALSPDGSIRKATG	DPA1*01:03/DPB1*04:01	PMID:28678778
TSNADB2_000942	943	included		tier2	SNV	HS6ST1	HS6ST1_S405I	DYMIHIIEKW	A23:01	PMID:29545564
TSNADB2_000943	944	included		tier2	SNV	TNR	TNR_R1007W	EEFWLVDLLPSTHYT	DQA1*01:01/DQB1*05:01	PMID:28678778
TSNADB2_000944	945	included		tier2	SNV	IL27RA	IL27RA_P594L	EEMEPLPVM	B44:03	PMID:31221207
TSNADB2_000945	946	included		tier2	SNV	FCGBP	FCGBP_A1177V	EGFVLSGESCLPLA	DPA1*02:02/DPB1*03:01	PMID:31221207
TSNADB2_000946	947	included		tier2	SNV	ENAH	ENAH_A706V	EMSALLARRRRIVEK	DRB1*12:02	PMID:32439798
TSNADB2_000947	948	excluded	missing_or_ambiguous_event_position	tier2	SNV	VARS		EVADEAMGAL	A25:01	PMID:32753545
TSNADB2_000948	949	excluded	missing_or_ambiguous_event_position	tier2	SNV	MYLK		EVFPEDTVTY	A25:01	PMID:32753545
TSNADB2_000949	950	excluded	hla_ii_peptide_length_outside_12_25	tier2	SNV	TP53	TP53_R175H	EVVRHCPHHER	DRB1*13:01	PMID:31996390
TSNADB2_000950	951	included		tier2	SNV	ARFGEF1	ARFGEF1_S280I	FAIADTAYV	A02:01	PMID:32660279
TSNADB2_000951	952	included		tier2	SNV	CNTNAP5	CNTNAP5_S816F	FFFFKTTAL	B08:01	PMID:26359337
TSNADB2_000952	953	included		tier2	SNV	CNTNAP5	CNTNAP5_S816F	FFFFKTTAL	C01:02	PMID:26359337
TSNADB2_000953	954	included		tier2	SNV	CNTNAP5	CNTNAP5_S816F	FFFFKTTAL	C07:01	PMID:26359337
TSNADB2_000954	955	included		tier2	SNV	CNTNAP5	CNTNAP5_S816F	FFFFKTTAL	C07:02	PMID:26359337
TSNADB2_000955	956	included		tier2	SNV	CNTNAP5	CNTNAP5_S816F	FFFFKTTAL	C12:03	PMID:26359337
TSNADB2_000956	957	included		tier2	SNV	CCR6	CCR6_V67L	FGLLGNILLVI	A02:24	PMID:31221207
TSNADB2_000957	958	excluded	hla_ii_peptide_length_outside_12_25	tier2	SNV	CCR6	CCR6_V67L	FGLLGNILLVI	DPA1*02:02/DPB1*03:01	PMID:31221207
TSNADB2_000958	959	included		tier2	SNV	PDPN	PDPN_G222C	FICAIIVVV	A02:01	PMID:29545564
TSNADB2_000959	960	included		tier2	SNV	ZIM3	ZIM3_L322F	FIYKSDFVK	A03:01	PMID:26359337
TSNADB2_000960	961	included		tier2	SNV	PPM1F	PPM1F_C259Y	FLAPLFLVLL	A24:02	PMID:32660279
TSNADB2_000961	962	included		tier2	SNV	HLA-DRB1	HLA-DRB1_I248L	FLGAGLFLYF	A02:01	PMID:29545564
TSNADB2_000962	963	included		tier2	SNV	ADARB1	ADARB1_S484F	FLLRFLYTQL	A02:01	PMID:32226429
TSNADB2_000963	964	included		tier2	SNV	SLC27A3	SLC27A3_Y704C	FLQEVNVCGV	A02:03	PMID:32439798
TSNADB2_000964	965	included		tier2	SNV	PPOX	PPOX_R441S	FLTAHSLPL	A02:01	PMID:32660279
TSNADB2_000965	966	included		tier2	SNV	WDR75	WDR75_S749F	FMFVNSLLL	A02:01	PMID:31921104
TSNADB2_000966	967	included		tier2	SNV	ANKS1A	ANKS1A_E434K	FPLTASKVL	B35:01	PMID:31243155
TSNADB2_000967	968	included		tier2	SNV	ERCC8	ERCC8_L349F	FQSNFQEFY	A01:01	PMID:26359337
TSNADB2_000968	969	included		tier2	SNV	ERCC8	ERCC8_L349F	FQSNFQEFY	C02:02	PMID:26359337
TSNADB2_000969	970	included		tier2	SNV	UGT2B7	UGT2B7_D492N	FQYHSLNVI	A02:01	PMID:26359337
TSNADB2_000970	971	included		tier2	SNV	UGT2B7	UGT2B7_D492N	FQYHSLNVI	C02:02	PMID:26359337
TSNADB2_000971	972	included		tier2	SNV	UGT2B28	UGT2B28_D492N	FQYHSLNVI	C07:01	PMID:26359337
TSNADB2_000972	973	included		tier2	SNV	ZNF567	ZNF567_D153N	FRQKTNLIL	C07:02	PMID:32226429
TSNADB2_000973	974	included		tier2	SNV	CTSF	CTSF_T246S	FRSIYLNTLL	C07:02	PMID:32226429
TSNADB2_000974	975	included		tier2	SNV	CNTNAP5	CNTNAP5_S816F	FSADIFFFF	A01:01	PMID:26359337
TSNADB2_000975	976	included		tier2	SNV	CNTNAP5	CNTNAP5_S816F	FSADIFFFF	A24:02	PMID:26359337
TSNADB2_000976	977	included		tier2	SNV	CNTNAP5	CNTNAP5_S816F	FSADIFFFF	A26:01	PMID:26359337
TSNADB2_000977	978	included		tier2	SNV	CNTNAP5	CNTNAP5_S816F	FSADIFFFF	C07:01	PMID:26359337
TSNADB2_000978	979	included		tier2	SNV	CNTNAP5	CNTNAP5_S816F	FSADIFFFF	C07:02	PMID:26359337
TSNADB2_000979	980	included		tier2	SNV	CNTNAP5	CNTNAP5_S816F	FSADIFFFF	C12:03	PMID:26359337
TSNADB2_000980	981	included		tier2	SNV	FCGBP	FCGBP_A1177V	FVLSGESCLPL	A02:06	PMID:31221207
TSNADB2_000981	982	included		tier2	SNV	ATP5L	ATP5L_E799D	FWYYAKVDL	C07:02	PMID:32226429
TSNADB2_000982	983	included		tier2	SNV	WDR3	WDR3_T690M	FYNDIILMV	C06:02	PMID:30906654
TSNADB2_000983	984	included		tier2	SNV	ODZ3	ODZ3_A2490V	GAQSWLWFV	A02:11	PMID:29545564
TSNADB2_000984	985	included		tier2	SNV	DNAH8	DNAH8_R3179S	GEKFRASSLKFPGL	DPA1*03:01/DPB1*03:01	PMID:31221207
TSNADB2_000985	986	included		tier2	SNV	PTEN	PTEN_R47S	GFPAERLEGVYSNNI	DRB1*01:01	PMID:30906654
TSNADB2_000986	987	included		tier2	SNV	NVL	NVL_I644V	GLNFVSVKGPELLNM	DRB1*01:01	PMID:30906654
TSNADB2_000987	988	included		tier2	SNV	ZCCHC11	ZCCHC11_P1265H	GRKLFGTHF	B27:05	PMID:29545564
TSNADB2_000988	989	included		tier2	SNV	TMEM14B	TMEM14B_N302L	GRQSWSLYV	C07:02	PMID:32226429
TSNADB2_000989	990	included		tier2	SNV	HSF5	HSF5_V444I	GSDIMSFVI	C02:02	PMID:26359337
TSNADB2_000990	991	included		tier2	SNV	HSF5	HSF5_V444I	GSDIMSFVI	C05:01	PMID:26359337
TSNADB2_000991	992	included		tier2	SNV	C20orf27	C20orf27_C156Y	GTYVRVTVQAR	A11:01	PMID:32226429
TSNADB2_000992	993	included		tier2	SNV	PLCD3	PLCD3_D314H	HELMTLHGF	B18:01	PMID:31243155
TSNADB2_000993	994	included		tier2	SNV	PLCD3	PLCD3_D314H	HELMTLHGFM	B18:01	PMID:31243155
TSNADB2_000994	995	included		tier2	SNV	ARHGAP28	ARHGAP28_N673E	HIIRLMLEY	A11:01	PMID:32226429
TSNADB2_000995	996	included		tier2	SNV	CD101	CD101_S889F	HLHCYRSSF	B15:01	PMID:31243155
TSNADB2_000996	997	included		tier2	SNV	PCNXL2	PCNXL2_F1180L	HLMWLERLY	A03:01	PMID:31243155
TSNADB2_000997	998	included		tier2	SNV	ATP13A4	ATP13A4_L109F	HPFMTDEEY	B35:01	PMID:31243155
TSNADB2_000998	999	included		tier2	SNV	MKLN1	MKLN1_R468C	HSKNCCLYVF	C02:02	PMID:26359337
TSNADB2_000999	1000	included		tier2	SNV	MKLN1	MKLN1_R468C	HSKNCCLYVF	C16:01	PMID:26359337
TSNADB2_001000	1001	included		tier2	SNV	MPO	MPO_R1251W	HTLLLWEHNR	A11:01	PMID:32226429
TSNADB2_001001	1002	included		tier2	SNV	LOX	LOX_G350D	HTQGLSPDCY	A01:01	PMID:26359337
TSNADB2_001002	1003	included		tier2	SNV	LOXL1	LOXL1_G507D	HTQGLSPDCY	B15:17	PMID:26359337
TSNADB2_001003	1004	included		tier2	SNV	TP53	TP53_G245S	HYNYMCNSSSCMGSMN	DRB3*02:02	PMID:30714987
TSNADB2_001004	1005	included		tier2	SNV	JAK1	JAK1_N936I	IEILRNLYHEIIV	DRB4*01:01	PMID:31221207
TSNADB2_001005	1006	included		tier2	SNV	S100A9	S100A9_T18N	IETIINNFHQY	B44:03	PMID:31857430
TSNADB2_001006	1007	included		tier2	SNV	ARHGAP29	ARHGAP29_G670E	IHLFEAEFTQVAKKEPDG	DRB1*01:01	PMID:28678778
TSNADB2_001007	1008	included		tier2	SNV	SIPA1L3	SIPA1L3_S893F	ILGISNEFV	A02:01	PMID:31685621
TSNADB2_001008	1009	included		tier2	SNV	C5orf42	C5orf42_I1134K	ILSETFQLLK	A11:01	PMID:31887370
TSNADB2_001009	1010	included		tier2	SNV	KDELR2	KDELR2_T121I	ILWIFSIYL	A02:01	PMID:31921104
TSNADB2_001010	1011	included		tier2	SNV	CTNNB1	CTNNB1_K335I	IMRTYTYEI	A02:01	PMID:32934692
TSNADB2_001011	1012	included		tier2	SNV	RASAL2	RASAL2_P637S	IMSSSLFNL	A02:01	PMID:31685621
TSNADB2_001012	1013	included		tier2	SNV	SAMD9	SAMD9_I853L	IPDSIALIQQL	B07:02	PMID:32226429
TSNADB2_001013	1014	included		tier2	SNV	OR5K3	OR5K3_NA	IQMFTIVLVSY	B44:02	PMID:32226429
TSNADB2_001014	1015	included		tier2	SNV	RAB39B	RAB39B_W138R	IRLYQFRLIV	C07:02	PMID:32226429
TSNADB2_001015	1016	included		tier2	SNV	RAB39B	RAB39B_W138R	IRLYQFRLIVI	C07:02	PMID:32226429
TSNADB2_001016	1017	included		tier2	SNV	MCTP1	MCTP1_R783H	IRMKHCVMV	C07:02	PMID:31243155
TSNADB2_001017	1018	included		tier2	SNV	TRBV5-1	TRBV5-1_S52F	ISGHRSVFWY	A01:01	PMID:26359337
TSNADB2_001018	1019	included		tier2	SNV	TRBV5-1	TRBV5-1_S52F	ISGHRSVFWY	A29:02	PMID:26359337
TSNADB2_001019	1020	included		tier2	SNV	TRBV5-1	TRBV5-1_S52F	ISGHRSVFWY	B58:01	PMID:26359337
TSNADB2_001020	1021	included		tier2	SNV	OR4C6	OR4C6_S50C	ITCQSLRSPMY	A01:01	PMID:32226429
TSNADB2_001021	1022	included		tier2	SNV	FZD6	FZD6_P30A	ITVARCMKMAY	A01:01	PMID:32226429
TSNADB2_001022	1023	included		tier2	SNV	PARP4	PARP4_T1170I	KENSLIIQF	B18:01	PMID:32226429
TSNADB2_001023	1024	included		tier2	SNV	ABCC12	ABCC12_Q662K	KFLESCDEVI	A24:02	PMID:32226429
TSNADB2_001024	1025	included		tier2	SNV	ERCC6L	ERCC6L_V476I	KIYRRQVFK	A11:01	PMID:31685621
TSNADB2_001025	1026	included		tier2	SNV	RUFY1	RUFY1_K225N	KLADYLKVL	A02:01	PMID:31685621
TSNADB2_001026	1027	included		tier2	SNV	SPATA5	SPATA5_S812C	KLQFHCMPV	A02:01	PMID:31243155
TSNADB2_001027	1028	included		tier2	SNV	KRAS	KRAS_G12D	KLVVVGADGV	A02:03	PMID:32439798
TSNADB2_001028	1029	included		tier2	SNV	HHAT	HHAT_L75F	KQWLVWLFL	A02:06	PMID:29545564
TSNADB2_001029	1030	included		tier2	SNV	PRICKLE3	PRICKLE3_G566L	KRIPLPPHLC	C06:02	PMID:32582212
TSNADB2_001030	1031	included		tier2	SNV	ZIM3	ZIM3_L322F	KSDFVKHQRI	B15:17	PMID:26359337
TSNADB2_001031	1032	included		tier2	SNV	ZIM3	ZIM3_L322F	KSDFVKHQRI	C08:02	PMID:26359337
TSNADB2_001032	1033	included		tier2	SNV	VPS16	VPS16_S404F	KSLLRAAFFGKCFLDR	DPA1*01:03/DPB1*04:01	PMID:28678778
TSNADB2_001033	1034	included		tier2	SNV	SMARCC2	SMARCC2_S624F	KVFEHVGSR	A11:01	PMID:31685621
TSNADB2_001034	1035	excluded	missing_or_ambiguous_event_position	tier2	SNV	RAD51AP1-002		KVKFPVEKK	A03:01	PMID:32753545
TSNADB2_001035	1036	included		tier2	SNV	TRIM26	TRIM26_G497W	LDYEWGTVTF	B15:01	PMID:29545564
TSNADB2_001036	1037	included		tier2	SNV	TMEM104	TMEM104_V281I	LFGVCIYSF	A24:02	PMID:31243155
TSNADB2_001037	1038	included		tier2	SNV	GTF3C2	GTF3C2_D811N	LFQNTDLGSFHDLLR	DQA1*01:01/DQB1*05:01	PMID:28678778
TSNADB2_001038	1039	included		tier2	SNV	SLC6A7	SLC6A7_R62C	LGNVWCFPY	B35:01	PMID:31243155
TSNADB2_001039	1040	included		tier2	SNV	NUP107	NUP107_R558H	LILFFHTLGLQTKEE	DRB1*01:01	PMID:30906654
TSNADB2_001040	1041	included		tier2	SNV	KCNH1	KCNH1_K703N	LILTYNLRNRIVFR	DPA1*02:01/DPB1*09:01	PMID:31221207
TSNADB2_001041	1042	included		tier2	SNV	EGFR	EGFR_T790M	LIMQLMPFGCL	A02:01	PMID:24223798
TSNADB2_001042	1043	included		tier2	SNV	DHX29	DHX29_V1219E	LLKAELVAGL	A02:03	PMID:32439798
TSNADB2_001043	1044	included		tier2	SNV	CDKN2A	CDKN2A_P114L	LLVDLAEEL	A02:01	PMID:31685621
TSNADB2_001044	1045	included		tier2	SNV	ARHGAP28	ARHGAP28_N601E	LMLEYQKILWK	A11:01	PMID:32226429
TSNADB2_001045	1046	included		tier2	SNV	PLCD3	PLCD3_D314H	LMTLHGFMMY	A30:02	PMID:31243155
TSNADB2_001046	1047	included		tier2	SNV	SRD5A2	SRD5A2_A295T	LPALAFTFFSL	B07:02	PMID:32226429
TSNADB2_001047	1048	excluded	missing_or_ambiguous_event_position	tier2	SNV	RBM12		LPHEAGFCV	B51:01	PMID:32753545
TSNADB2_001048	1049	included		tier2	SNV	MAB21L1	MAB21L1_V321M	LRIRDRYVM	B08:01	PMID:32753545
TSNADB2_001049	1050	included		tier2	SNV	C5orf42	C5orf42_I1134K	LSETFQLLK	A11:01	PMID:31887370
TSNADB2_001050	1051	included		tier2	SNV	OR52N5	OR52N5_P294S	LSPTLNPIVY	A01:01	PMID:26359337
TSNADB2_001051	1052	included		tier2	SNV	LRP3	LRP3_T722S	LTAARPSQSVL	A25:01	PMID:32753545
TSNADB2_001052	1053	included		tier2	SNV	IQCF2	IQCF2_A66V	LVRRTLLHV	C15:02	PMID:32582212
TSNADB2_001053	1054	included		tier2	SNV	PRKAR2A	PRKAR2A_L186I	LYIWFKTACL	C07:02	PMID:32226429
TSNADB2_001054	1055	included		tier2	SNV	RAB39B	RAB39B_K143R	MEAIRLYQF	B18:01	PMID:32226429
TSNADB2_001055	1056	included		tier2	SNV	YOD1	YOD1_S9L	METLHIIYLEA	B44:02	PMID:32226429
TSNADB2_001056	1057	included		tier2	SNV	ARHGAP28	ARHGAP28_N601E	MLEYQKILWK	A11:01	PMID:32226429
TSNADB2_001057	1058	included		tier2	SNV	ARHGAP28	ARHGAP28_N601E	MLEYQKILWKV	A02:01	PMID:32226429
TSNADB2_001058	1059	included		tier2	SNV	CD1C	CD1C_NA	MPLVILIVL	B07:02	PMID:32226429
TSNADB2_001059	1060	included		tier2	SNV	CD1C	CD1C_NA	MPLVILIVLVL	B07:02	PMID:32226429
TSNADB2_001060	1061	included		tier2	SNV	EGFR	EGFR_T790M	MQLMPFGCLL	A02:01	PMID:24223798
TSNADB2_001061	1062	included		tier2	SNV	IPO13	IPO13_I267M	MSQPDAQRY	B15:01	PMID:31243155
TSNADB2_001062	1063	included		tier2	SNV	PLCD3	PLCD3_D314H	MTLHGFMMY	A30:01	PMID:31243155
TSNADB2_001063	1064	included		tier2	SNV	PLCD3	PLCD3_D314H	MTLHGFMMY	A30:02	PMID:31243155
TSNADB2_001064	1065	included		tier2	SNV	IPO8	IPO8_S357P	NISEDVIFF	A25:01	PMID:32582212
TSNADB2_001065	1066	included		tier2	SNV	IL22	IL22_V72I	NNTDIRLIGEKLFHG	DRB1*01:01	PMID:30906654
TSNADB2_001066	1067	included		tier2	SNV	FAM46D	FAM46D_A140R	NRHDCWSLISL	C07:02	PMID:32226429
TSNADB2_001067	1068	excluded	missing_or_nonhuman_hla	tier2	SNV	ERBB2IP	ERBB2IP_E805G	NSKEETGHLENGN	DQB1*0601	PMID:24812403
TSNADB2_001068	1069	included		tier2	SNV	IL27RA	IL27RA_P594L	PILEVEEMEPLPVM	DQA1*05:01/DQB1*02:01	PMID:31221207
TSNADB2_001069	1070	included		tier2	SNV	PTPN12	PTPN12_A403G	PKPVLHMVSSEQHSG	DRB1*12:02	PMID:32439798
TSNADB2_001070	1071	included		tier2	SNV	TMEM161B	TMEM161B_M280L	PLFLVLLWV	A02:01	PMID:32660279
TSNADB2_001071	1072	included		tier2	SNV	B4GALNT3	B4GALNT3_M544V	PVKNLPQV	B51:01	PMID:32582212
TSNADB2_001072	1073	included		tier2	SNV	SLK	SLK_Q838L	QELRELRFLLKEEQ	DRB1*01:02	PMID:31221207
TSNADB2_001073	1074	included		tier2	SNV	TRPC4	TRPC4_G577V	QSLFWSIFV	A69:01	PMID:31221207
TSNADB2_001074	1075	included		tier2	SNV	COA6	COA6_K50N	QWINYFDKRRDYLKF	DRB1*12:02	PMID:32439798
TSNADB2_001075	1076	included		tier2	SNV	EEF1A2	EEF1A2_T142M	REHALLAYM	B18:01	PMID:31243155
TSNADB2_001076	1077	included		tier2	SNV	FAM157B	FAM157B_L156F	RFLHDLHLL	A24:02	PMID:31243155
TSNADB2_001077	1078	included		tier2	SNV	MYLIP	MYLIP_P8L	RLDAVLMEV	A02:01	PMID:31921104
TSNADB2_001078	1079	included		tier2	SNV	PDE7B	PDE7B_G113R	RMWDFDIFL	A02:01	PMID:31685621
TSNADB2_001079	1080	included		tier2	SNV	MTRR	MTRR_S216C	RTDLVKSELLHIECQ	DRB1*12:02	PMID:32439798
TSNADB2_001080	1081	included		tier2	SNV	GPR139	GPR139_A298T	RTMAATTLK	A03:01	PMID:31243155
TSNADB2_001081	1082	included		tier2	SNV	TRIOBP	TRIOBP_G365L	RTSSTQQDNPK	A11:01	PMID:32582212
TSNADB2_001082	1083	included		tier2	SNV	TP53	TP53_A159V	RVRVMAIYK	A11:01	PMID:29545564
TSNADB2_001083	1084	included		tier2	SNV	GLG1	GLG1_L302I	RVYKCIFNH	A03:01	PMID:32226429
TSNADB2_001084	1085	included		tier2	SNV	GLG1	GLG1_L302I	RVYKCIFNHK	A03:01	PMID:32226429
TSNADB2_001085	1086	included		tier2	SNV	ROBO3	ROBO3_P640H	SEHSPVSEPV	B49:01	PMID:32002298
TSNADB2_001086	1087	included		tier2	SNV	CCNA1	CCNA1_L426R	SEIVPCLSERHKAYL	DRB1*12:02	PMID:32439798
TSNADB2_001087	1088	included		tier2	SNV	SMG1	SMG1_I3507F	SFYNNLVSFASPLVT	DRB1*12:02	PMID:32439798
TSNADB2_001088	1089	included		tier2	SNV	NUP214	NUP214_Q60H	SGLHIFPTKNLLIQ	DRB1*15:01	PMID:31221207
TSNADB2_001089	1090	included		tier2	SNV	9-Sep	SEPT9_R289H	SILEQMHRK	A11:01	PMID:29545564
TSNADB2_001090	1091	included		tier2	SNV	GCN1L1	GCN1L1_P274L	SLLRSLENV	A02:01	PMID:31685621
TSNADB2_001091	1092	included		tier2	SNV	SOCS6	SOCS6_P134L	SLRSHHYSL	B08:01	PMID:31685621
TSNADB2_001092	1093	included		tier2	SNV	LATS2	LATS2_G875E	SLVETPNYI	A02:01	PMID:26359337
TSNADB2_001093	1094	included		tier2	SNV	LATS2	LATS2_G875E	SLVETPNYI	A32:01	PMID:26359337
TSNADB2_001094	1095	included		tier2	SNV	KIR2DS4	KIR2DS4_I7S	SMACVGFFL	A02:01	PMID:29545564
TSNADB2_001095	1096	included		tier2	SNV	ASXL3	ASXL3_E1718K	SPMEKAISL	B35:01	PMID:31243155
TSNADB2_001096	1097	included		tier2	SNV	PCDH8	PCDH8_R1183H	SPPHPGRLPDL	B07:02	PMID:32226429
TSNADB2_001097	1098	included		tier2	SNV	PRICKLE3	PRICKLE3_G566L	SSEDDGFFLGK	A11:01	PMID:32582212
TSNADB2_001098	1099	included		tier2	SNV	FAM190A	FAM190A_V195A	SSHYKFSKPALQSQS	DRB1*01:01	PMID:28678778
TSNADB2_001099	1100	included		tier2	SNV	CGB2	CGB2_P143L	SSSKAPLPSL	C16:01	PMID:26359337
TSNADB2_001100	1101	included		tier2	SNV	DTX3L	DTX3L_D141H	TAHLNCNLF	B35:01	PMID:31243155
TSNADB2_001101	1102	included		tier2	SNV	PLCD3	PLCD3_D314H	TLHGFMMYL	A30:01	PMID:31243155
TSNADB2_001102	1103	included		tier2	SNV	SLC25A19	SLC25A19_NA	TLIAIFPYARL	A02:01	PMID:32226429
TSNADB2_001103	1104	included		tier2	SNV	PRKAR2A	PRKAR2A_L186I	TQFLYIWFK	A11:01	PMID:32226429
TSNADB2_001104	1105	included		tier2	SNV	USP47	USP47_V170L	TSDYLSQSY	A01:01	PMID:29545564
TSNADB2_001105	1106	included		tier2	SNV	ERBB2IP	ERBB2IP_E805G	TSFLSINSKEETGHL	DRB1*04:05	PMID:26516200
TSNADB2_001106	1107	included		tier2	SNV	DCHS1	DCHS1_P141L	VADINDHAL	C03:03	PMID:29545564
TSNADB2_001107	1108	included		tier2	SNV	EFCAB13	EFCAB13_K321N	VAGCYLKYKNKNSLS	DRB1*12:02	PMID:32439798
TSNADB2_001108	1109	included		tier2	SNV	PCDH11X	PCDH11X_V500I	VFTQSFITVSI	A24:02	PMID:32226429
TSNADB2_001109	1110	included		tier2	SNV	TP53	TP53_R158L	VLAMAIYKQ	A02:01	PMID:32934692
TSNADB2_001110	1111	included		tier2	SNV	MPV17	MPV17_R75G	VLDGFIPGT	A02:01	PMID:31685621
TSNADB2_001111	1112	included		tier2	SNV	NEK10	NEK10_E182Y	VLICLRLLMRY	B15:01	PMID:32226429
TSNADB2_001112	1113	included		tier2	SNV	ETV6	ETV6_L340V	VLWDYVYQL	A02:01	PMID:31921104
TSNADB2_001113	1114	included		tier2	SNV	ETV6	ETV6_L340V	VLWDYVYQLL	A02:01	PMID:31921104
TSNADB2_001114	1115	included		tier2	SNV	ERCC8	ERCC8_A221V	VRRASVCLITL	C07:01	PMID:32226429
TSNADB2_001115	1116	included		tier2	SNV	PRKDC	PRKDC_Q823E	VSALSRAAEK	A03:01	PMID:31857430
TSNADB2_001116	1117	included		tier2	SNV	OR2T3	OR2T3_C132Y	VYRPLHYPLL	C07:02	PMID:29545564
TSNADB2_001117	1118	included		tier2	SNV	F2RL2	F2RL2_K74T	WTGATITVTIK	A11:01	PMID:32226429
TSNADB2_001118	1119	included		tier2	SNV	POGK	POGK_P46L	WVLALFDEV	A02:01	PMID:31685621
TSNADB2_001119	1120	included		tier2	SNV	KCNA10	KCNA10_V538F	YFATLITELF	C04:01	PMID:32226429
TSNADB2_001120	1121	included		tier2	SNV	ZDBF2	ZDBF2_S2228L	YILKYSVFL	A02:01	PMID:31685621
TSNADB2_001121	1122	included		tier2	SNV	KRAS	KRAS_G12V	YKLVVVGAV	A02:01	PMID:32934692
TSNADB2_001122	1123	included		tier2	SNV	GYS1	GYS1_NA	YLCAGAVYF	C04:01	PMID:32226429
TSNADB2_001123	1124	included		tier2	SNV	SVIL	SVIL_E2183K	YLTDKDFEFA	A02:01	PMID:31921104
TSNADB2_001124	1125	included		tier2	SNV	TEAD2	TEAD2_L2001Q	YMMNSVQENF	B44:02	PMID:32226429
TSNADB2_001125	1126	included		tier2	SNV	C20orf27	C20orf27_H374Y	YVRVTVQARVM	B07:02	PMID:32226429
TSNADB2_001126	1127	excluded	missing_or_ambiguous_event_position	tier2	RNA splicing	MS4A1		KPLFRRMSSLELVIAGIVEN	DRB1	PMID:25449106
TSNADB2_001127	1128	excluded	missing_or_ambiguous_event_position	tier2	RNA splicing	MS4A1		RMSSLELVI	A2	PMID:25449106
TSNADB2_001128	1129	excluded	missing_or_ambiguous_event_position	tier2	RNA splicing	CAMEL		MLMAQEALAFLMAQGAMLAA	HLA-DR	PMID:15067093
TSNADB2_001129	1130	excluded	missing_or_ambiguous_event_position	tier2	RNA splicing	CAMEL		QGAMLAAQERRVPRAAEVPG	HLA-DR3	PMID:15067093
TSNADB2_001130	1131	excluded	missing_or_ambiguous_event_position	tier2	RNA splicing	CAMEL		APRGVRMAVPLLRRMEGAPA	HLA-DR	PMID:15067093
TSNADB2_001131	1132	excluded	missing_or_ambiguous_event_position	tier2	RNA splicing	Survivin		AYACNTSTL	A24:02	PMID:?19123955
TSNADB2_001132	1133	excluded	missing_or_ambiguous_event_position	tier2	RNA splicing	CAMEL		CLSRRPWKRSWSAGSCPGMPHL	HLA-DR7/HLA-DR11/HLA-DR12	PMID:12538712
TSNADB2_001133	1134	excluded	missing_or_ambiguous_event_position	tier2	RNA splicing	CAMEL		RTAACFSCTSRCLSRRPWKRSWS		PMID:12538712
TSNADB2_001134	1135	excluded	missing_or_ambiguous_event_position	tier2	RNA splicing	GP100		VYFFLPDHL	A24	PMID:9200467
TSNADB2_001135	1136	excluded	missing_or_ambiguous_event_position	tier2	RNA splicing	GNT-V		VLPDVFIRC	A1	PMID:24073381
TSNADB2_001136	1137	excluded	missing_or_ambiguous_event_position	tier2	RNA splicing	GNT-V		VLPDVFIRCV	A1	PMID:24073381
TSNADB2_001137	1138	excluded	missing_or_ambiguous_event_position	tier2	RNA splicing	AIM2		RSDSGQQARY	A1	PMID:24073381
TSNADB2_001138	1139	excluded	missing_or_ambiguous_event_position	tier2	Non-coding	GnTV		VLPDVFIRCV	A02:01	PMID:8642259
TSNADB2_001139	1140	excluded	peptide_length_outside_8_25	tier2	INDEL	FGF11	FGF11_G19fs	AARVSTSRRIPTEASRAPQRIPAPSPTST		PMID:32439700
TSNADB2_001140	1141	excluded	invalid_or_missing_peptide	tier2	INDEL	TAF1C		AEGASVPRLAGPPPV QDRLPPCISSAGA		PMID:32439700
TSNADB2_001141	1142	excluded	missing_or_ambiguous_event_position	tier2	INDEL	ADM2	ADM2_NeoORF	AGPKPSSSEWAVCWAP		PMID:33479501
TSNADB2_001142	1143	excluded	missing_or_ambiguous_event_position	tier2	INDEL	EGFR	EGFR_747_751del	AIKESPKANK	A11:01	PMID:34244308
TSNADB2_001143	1144	excluded	missing_or_ambiguous_event_position	tier2	INDEL	EGFR	EGFR_E746_A750del 	AIKTSPKANK	A11:01	PMID:32793190
TSNADB2_001144	1145	excluded	missing_or_ambiguous_event_position	tier2	INDEL	EGFR	EGFR_746_750del	AIKTSPKANK	A03:01	PMID:34244308
TSNADB2_001145	1146	excluded	peptide_length_outside_8_25	tier2	INDEL	CMAS	CMAS_773_775del	AKRHLIEMGTCRVEKWHTTKCELNIVWIKK		PMID:32439700
TSNADB2_001146	1147	excluded	peptide_length_outside_8_25	tier2	INDEL	REC8		AYLISECAFPAFLLSELLFKQKTSCFYYKKKK		PMID:32439700
TSNADB2_001147	1148	excluded	missing_or_ambiguous_event_position	tier2	INDEL	SH3PXD2A	SH3PXD2A_R119Gfs*38	DEVFGSSRL	B40:01	PMID:34244308
TSNADB2_001148	1149	excluded	missing_or_ambiguous_event_position	tier2	INDEL	MUC5B	MUC5B_NeoORF	DKGHQFHVHPLLHSG		PMID:33479501
TSNADB2_001149	1150	excluded	missing_or_ambiguous_event_position	tier2	INDEL	CHD4	CHD4_302_303del	DYTPGKKKKKLGPKK		PMID:32439700
TSNADB2_001150	1151	excluded	missing_or_ambiguous_event_position	tier2	INDEL	CASP5	CASP5_NeoORF	EEFLRLCKKIMMRSIQ	DRB1*04:04	PMID:28678778
TSNADB2_001151	1152	excluded	missing_or_ambiguous_event_position	tier2	INDEL	CASP5	CASP5_NeoORF	EEFLRLCKKIMMRSIQ		PMID:33479501
TSNADB2_001152	1153	excluded	peptide_length_outside_8_25	tier2	INDEL	SLC4A2		EPRWRRRRRRRWRWPVALQGVTTGVPRG		PMID:32439700
TSNADB2_001153	1154	excluded	peptide_length_outside_8_25	tier2	INDEL	SALL2	SALL2_17_18del	ERRGVSRSFPGRCHRYSGWGRRGPDLG		PMID:32439700
TSNADB2_001154	1155	excluded	missing_or_ambiguous_event_position	tier2	INDEL	ACVR2A		FEDRYVCHGISPMGTGFSLYC		PMID:32439700
TSNADB2_001155	1156	excluded	missing_or_ambiguous_event_position	tier2	INDEL	CASP-5		FLIIWQNTM	A02:01	PMID:15563124
TSNADB2_001156	1157	excluded	missing_or_ambiguous_event_position	tier2	INDEL	CASP-8		FPSDSWCYF	B35:03	PMID:9271594
TSNADB2_001157	1158	excluded	missing_or_ambiguous_event_position	tier2	INDEL	SIDT2	SIDT2_IA664del	FSIIHITLL	A02:01	PMID:33473101
TSNADB2_001158	1159	excluded	missing_or_ambiguous_event_position	tier2	INDEL	PPP1R9B	PPP1R9B_S659fs	GARGGDPGRGYGPRGPGEWQHR		PMID:32439700
TSNADB2_001159	1160	excluded	missing_or_ambiguous_event_position	tier2	INDEL	PPP1R9B	PPP1R9B_S659fs	GEWQHRGNCSQPRARGAK		PMID:32439700
TSNADB2_001160	1161	excluded	missing_or_ambiguous_event_position	tier2	INDEL	TNS1	TNS1_NeoORF	GLTRISIQRAQPLPP		PMID:33479501
TSNADB2_001161	1162	excluded	missing_or_ambiguous_event_position	tier2	INDEL	ABCC10	ABCC10_140_140del	GQEPLSHPALCSGASRWGCAG		PMID:32439700
TSNADB2_001162	1163	excluded	peptide_length_outside_8_25	tier2	INDEL	SLC4A2		GVPRGAPCPKPSLGTAATTFRRGGASGA		PMID:32439700
TSNADB2_001163	1164	excluded	missing_or_ambiguous_event_position	tier2	INDEL	ATP2A1	ATP2A1_D380fs	HQWLALLPLHGNRGLCGCSHR		PMID:32439700
TSNADB2_001164	1165	excluded	missing_or_ambiguous_event_position	tier2	INDEL	ARFGEF3		HSVTDTVDYSLAMPGSK		PMID:32439700
TSNADB2_001165	1166	excluded	missing_or_ambiguous_event_position	tier2	INDEL	MUC5B	MUC5B_NeoORF	HSYQLYTHPLLHPWD		PMID:33479501
TSNADB2_001166	1167	excluded	missing_or_ambiguous_event_position	tier2	INDEL	EGFR	EGFR_E746_A750del 	IPVAIKTSPK	A11:01	PMID:32793190
TSNADB2_001167	1168	excluded	missing_or_ambiguous_event_position	tier2	INDEL	EGFR	EGFR_E746_A750del	IPVAIKTSPK	A03:01	PMID:34244308
TSNADB2_001168	1169	excluded	missing_or_ambiguous_event_position	tier2	INDEL	TNS1	TNS1_P789fs	ISIQRAQPLPPCLPSF		PMID:33479501
TSNADB2_001169	1170	excluded	missing_or_ambiguous_event_position	tier2	INDEL	LYSMD3	LYSMD3_P432fs	IVKILSHLLLNRKQQLDSLASIL		PMID:32439700
TSNADB2_001170	1171	excluded	missing_or_ambiguous_event_position	tier2	INDEL	RALGAPB	RALGAPB_17_18del	KHLPQIFFRACVESAVWWMHSKKK		PMID:32439700
TSNADB2_001171	1172	excluded	peptide_length_outside_8_25	tier2	INDEL	CAMK2D	CAMK2D_P407fs	KKADASHCIQQILEAATLPSDGRGPSGPEA		PMID:32439700
TSNADB2_001172	1173	excluded	peptide_length_outside_8_25	tier2	INDEL	SETD1B	SETD1B_533_534del	KKKDTELQMEGSPISSSSQLSPLAPFGTNSQ		PMID:32439700
TSNADB2_001173	1174	excluded	peptide_length_outside_8_25	tier2	INDEL	MARCKS	MARCKS_A6fs	KKKEALFLQEVFQAERLLLQEEQEGGWRRR		PMID:32439700
TSNADB2_001174	1175	excluded	peptide_length_outside_8_25	tier2	INDEL	AKAP13	AKAP13_F69delinsFFFF	KKKKKKLFFLMGLLFYGHHIQVFHRGCVNL		PMID:32439700
TSNADB2_001175	1176	excluded	peptide_length_outside_8_25	tier2	INDEL	SALL2	SALL2_17_18del	KKKKKPLEYPPDLGRATGAAAAADPSDADD		PMID:32439700
TSNADB2_001176	1177	excluded	peptide_length_outside_8_25	tier2	INDEL	USP48	USP48_P1461H	KKKKNEDILCPHAVFFFFQIYFFKLR		PMID:32439700
TSNADB2_001177	1178	excluded	missing_or_ambiguous_event_position	tier2	INDEL	MPZL2		KKKSILLWKLQFDDNGTGEEPT		PMID:32439700
TSNADB2_001178	1179	excluded	peptide_length_outside_8_25	tier2	INDEL	PRKD3	PRKD3_I289fs	KKSGTFPFNEDEDINPKCCIYVPTKSMERNFW		PMID:32439700
TSNADB2_001179	1180	excluded	peptide_length_outside_8_25	tier2	INDEL	AKAP13	AKAP13_F69delinsFFFF	KKYGHHIQVFHRGCVNLRITVGKWPQWHLF		PMID:32439700
TSNADB2_001180	1181	excluded	missing_or_ambiguous_event_position	tier2	INDEL	DYNC1I2	DYNC1I2_S36fs	KRKEEERKKKRNRPEEGSC		PMID:32439700
TSNADB2_001181	1182	excluded	missing_or_ambiguous_event_position	tier2	INDEL	DHX40a	DHX40a_S754fs	KRRWSALVI	B27:02	PMID:33479501
TSNADB2_001182	1183	excluded	peptide_length_outside_8_25	tier2	INDEL	ACVR2A		KSAGDTHGPGWYPEVHGSRGIRGCYKLPK		PMID:32439700
TSNADB2_001183	1184	excluded	missing_or_ambiguous_event_position	tier2	INDEL	PQBP1	PQBP1_212_212del	KVDRERARQGTGSGPRV		PMID:32439700
TSNADB2_001184	1185	excluded	missing_or_ambiguous_event_position	tier2	INDEL	SMAP2	SMAP2_I717fs	KWKRGSEPVPEKKIG		PMID:32439700
TSNADB2_001185	1186	excluded	missing_or_ambiguous_event_position	tier2	INDEL	RALGAPB	RALGAPB_NeoORF	LFRIKFKEPL	B08:01	PMID:28678778
TSNADB2_001186	1187	excluded	missing_or_ambiguous_event_position	tier2	INDEL	ACACB	ACACB_D133fs	LHLVKRGAGTQEAGPAQRLYRGFSR		PMID:32439700
TSNADB2_001187	1188	excluded	missing_or_ambiguous_event_position	tier2	INDEL	BAP1	BAP1_V523fs	LPHLQGAF	B35:42	PMID:27187383
TSNADB2_001188	1189	excluded	peptide_length_outside_8_25	tier2	INDEL	SLC4A2		LPLHHCPTRRRLLGPPKGPRLEPRWRRRRRR		PMID:32439700
TSNADB2_001189	1190	excluded	peptide_length_outside_8_25	tier2	INDEL	SH2D4A	SH2D4A_543_543del	MPLQTPTASWAWTSYSMPPWRIWWNITRR		PMID:32439700
TSNADB2_001190	1191	excluded	missing_or_ambiguous_event_position	tier2	INDEL	NOTCH1	NOTCH1_HMY246-248fs	NSTGSCATSWTTASGVGPGATS		PMID:32439700
TSNADB2_001191	1192	excluded	missing_or_ambiguous_event_position	tier2	INDEL	EGFR	EGFR_13_13del	PEGEKVKIPVAIKESPKANKEILD		PMID:32439700
TSNADB2_001192	1193	excluded	peptide_length_outside_8_25	tier2	INDEL	SALL2	SALL2_17_18del	PERRGVSRAFPGRCHRYSGWGRRGPDLG		PMID:32439700
TSNADB2_001193	1194	excluded	missing_or_ambiguous_event_position	tier2	INDEL	CPE	CPE_L23fs	PRAARGARVRVAAVHRHQQDLH		PMID:32439700
TSNADB2_001194	1195	excluded	peptide_length_outside_8_25	tier2	INDEL	TMEM176B	TMEM176B_548_548del	PTTGYRWMRRSQEKEECRAYMQMLRKLF		PMID:32439700
TSNADB2_001195	1196	excluded	missing_or_ambiguous_event_position	tier2	INDEL	MUC5B	MUC5B_NeoORF	QLYTHPLLHPWDHRD		PMID:33479501
TSNADB2_001196	1197	excluded	peptide_length_outside_8_25	tier2	INDEL	CPE	CPE_L23fs	QQDLHGGAQLRGPGAPGHRAVRQPWRP		PMID:32439700
TSNADB2_001197	1198	excluded	peptide_length_outside_8_25	tier2	INDEL	APC	APC_A1474fs	QVLPDADTLLHFARKVLQMDFLVHPA		PMID:33016924
TSNADB2_001198	1199	excluded	peptide_length_outside_8_25	tier2	INDEL	FGF11	FGF11_G19fs	REVREPGAAGRCRRSGACVPAAPSPFARSSSS		PMID:32439700
TSNADB2_001199	1200	excluded	invalid_or_missing_peptide	tier2	INDEL	SH2D4A	SH2D4A_543_543del	RIWWNITRRNPSLPWGR SIPVVSRTSC		PMID:32439700
TSNADB2_001200	1201	excluded	peptide_length_outside_8_25	tier2	INDEL	GNRH2	GNRH2_M7delinsGM	RKRHLARTLLTAAREPRPAPPRHPPIKCEVLR		PMID:32439700
TSNADB2_001201	1202	excluded	missing_or_ambiguous_event_position	tier2	INDEL	SH3PXD2A	SH3PXD2A_R119Gfs*38	RLDPRMSTLQK	A11:01	PMID:34244308
TSNADB2_001202	1203	excluded	missing_or_nonhuman_hla	tier2	INDEL	PISD	PISD_R117fs	RLQPVHLDVWGEHERG		PMID:33479501
TSNADB2_001203	1204	excluded	missing_or_ambiguous_event_position	tier2	INDEL	TGFBR2		RLSSCVPVA	A2.1	PMID:11391614
TSNADB2_001204	1205	excluded	missing_or_ambiguous_event_position	tier2	INDEL	LSM11	LSM11_L72fs	RMPLHEGSPLGELSSLYP		PMID:32439700
TSNADB2_001205	1206	excluded	peptide_length_outside_8_25	tier2	INDEL	SALL2	SALL2_17_18del	RRGPDLGQSQAGSNPITSRIDPCTPSSSTTP		PMID:32439700
TSNADB2_001206	1207	excluded	missing_or_ambiguous_event_position	tier2	INDEL	BRD4		RRRQEQQQQRQEQKK		PMID:32439700
TSNADB2_001207	1208	excluded	peptide_length_outside_8_25	tier2	INDEL	FGF11	FGF11_G19fs	RSLSSKASSPNCSAARVSTSRRIPTEAS		PMID:32439700
TSNADB2_001208	1209	excluded	missing_or_ambiguous_event_position	tier2	INDEL	PPP1R9B	PPP1R9B_E77Q	SAAREGGGQWPGPGRG		PMID:32439700
TSNADB2_001209	1210	excluded	missing_or_ambiguous_event_position	tier2	INDEL	MUC5B	MUC5B_NeoORF	SHQIHSYQLYTHPLL		PMID:33479501
TSNADB2_001210	1211	excluded	peptide_length_outside_8_25	tier2	INDEL	SH2D4A	SH2D4A_543_543del	SIPVVSRTSCLTTWSCLSDSLHQGHPTASK		PMID:32439700
TSNADB2_001211	1212	excluded	missing_or_ambiguous_event_position	tier2	INDEL	HNF1B	HNF1B_622_623del	SLQQELLSALLSSGVRCWFRPWRS		PMID:32439700
TSNADB2_001212	1213	excluded	peptide_length_outside_8_25	tier2	INDEL	REC8		SLVSPQPPQDGCPGLLPAPGALSATKK		PMID:32439700
TSNADB2_001213	1214	excluded	missing_or_ambiguous_event_position	tier2	INDEL	OGT		SLYKFSPFPL	A02:01	PMID:14601650
TSNADB2_001214	1215	excluded	peptide_length_outside_8_25	tier2	INDEL	HER2	HER2_809_810insYVMA	SPKANKEILDEAYVMAYVMAGVGSPYVSRLLG	DRB1*05:01/05:02	PMID:31043415
TSNADB2_001215	1216	excluded	peptide_length_outside_8_25	tier2	INDEL	MARCKS	MARCKS_A6fs	SPSNETPKKKKEALFLQEVFQAERLL		PMID:32439700
TSNADB2_001216	1217	excluded	peptide_length_outside_8_25	tier2	INDEL	ACVR2A		SRGIRGCYKLPKGCIFEDRYVCHGISPMGT		PMID:32439700
TSNADB2_001217	1218	excluded	missing_or_ambiguous_event_position	tier2	INDEL	NOTCH1		TCLCLGPFTAPNASSRPAAP		PMID:32439700
TSNADB2_001218	1219	excluded	peptide_length_outside_8_25	tier2	INDEL	SALL2	SALL2_17_18del	TPSSSTTPSAPRGRQWPLEYPPDLGR		PMID:32439700
TSNADB2_001219	1220	excluded	missing_or_ambiguous_event_position	tier2	INDEL	APC	APC_I1304fs	TTQEADSANTLQKQK		PMID:32439700
TSNADB2_001220	1221	excluded	missing_or_ambiguous_event_position	tier2	INDEL	PIK3R1		VKEDNIEAVGKKLHEI		PMID:32439700
TSNADB2_001221	1222	excluded	missing_or_ambiguous_event_position	tier2	INDEL	EGFR	EGFR_746_750del	VKIPVAIKTSPKANKEI	DRB1*13:01	PMID:34244308
TSNADB2_001222	1223	excluded	missing_or_ambiguous_event_position	tier2	INDEL	EGFR	EGFR_746_750del	VKIPVAIKTSPKANKEI	DRB1*16:02	PMID:34244308
TSNADB2_001223	1224	excluded	missing_or_ambiguous_event_position	tier2	INDEL	NOTCH1	NOTCH1_HMY246-248fs	VSPHPRAPSTVACAPPNSTGSCA		PMID:32439700
TSNADB2_001224	1225	excluded	peptide_length_outside_8_25	tier2	INDEL	CYHR1		YGMWGGGDAGCGRPPEPAGGGQAAAATEGGKK		PMID:32439700
TSNADB2_001225	1226	excluded	missing_or_ambiguous_event_position	tier2	INDEL	NPM1		CLAVEEVSL	A02:01	PMID:30640174
TSNADB2_001226	1227	excluded	missing_or_ambiguous_event_position	tier2	INDEL	NPM2		CLAVEEVSL	A02:02	PMID:30640174
TSNADB2_001227	1228	excluded	missing_or_ambiguous_event_position	tier2	INDEL	RBM5		FRYYRVSILL	C07:02	PMID:32226429
TSNADB2_001228	1229	excluded	missing_or_ambiguous_event_position	tier2	INDEL	MBD5		ILPKVLILI	A02:01	PMID:32226429
TSNADB2_001229	1230	excluded	missing_or_ambiguous_event_position	tier2	INDEL	COL14A1		KIISFYTALL	A02:01	PMID:32226429
TSNADB2_001230	1231	excluded	missing_or_ambiguous_event_position	tier2	INDEL	EGFL6		KMILTGILLI	A24:02	PMID:32226429
TSNADB2_001231	1232	excluded	missing_or_ambiguous_event_position	tier2	INDEL	ZNF720		KSDIGWIWELW	A01:01	PMID:32226429
TSNADB2_001232	1233	excluded	missing_or_ambiguous_event_position	tier2	INDEL	IQCD		LLHASFVTL	A02:01	PMID:32226429
TSNADB2_001233	1234	excluded	missing_or_ambiguous_event_position	tier2	INDEL	IQCD		LLHASFVTL	B15:01	PMID:32226429
TSNADB2_001234	1235	excluded	missing_or_ambiguous_event_position	tier2	INDEL	IQCD		LLHASFVTLGK	A11:01	PMID:32226429
TSNADB2_001235	1236	excluded	missing_or_ambiguous_event_position	tier2	INDEL	EGFL6		MILTGILLIEI	A02:01	PMID:32226429
TSNADB2_001236	1237	excluded	missing_or_ambiguous_event_position	tier2	INDEL	TNNT2		RFWLRGGRCW	A24:02	PMID:32226429
TSNADB2_001237	1238	excluded	missing_or_ambiguous_event_position	tier2	INDEL	RBM5		RYYRVSILL	C07:02	PMID:32226429
TSNADB2_001238	1239	included		tier2	Fusion	BCR,ABL	BCR-ABL_E255K	KVYEGVWKK	A03:01	PMID:22912393
TSNADB2_001239	1240	excluded	missing_or_ambiguous_event_position	tier2	Fusion	BCR,ABL	BCR-ABL	ATGFKQSSKALQRPVAS	DR9	PMID:1245474
TSNADB2_001240	1241	excluded	missing_or_ambiguous_event_position	tier2	Fusion	BCR,ABL	BCR-ABL	ATGFKQSSKALQRPVAS	DRB1*04:01	PMID:8896419
TSNADB2_001241	1242	excluded	missing_or_ambiguous_event_position	tier2	Fusion	DEK,AFF2	DEK-AFF2	DKESEEEVS	C04:01	PMID:31011208
TSNADB2_001242	1243	excluded	missing_or_ambiguous_event_position	tier2	Fusion	BCR,ABL	BCR-ABL	GFKQSSKAL	B8	PMID:9593785
TSNADB2_001243	1244	excluded	missing_or_ambiguous_event_position	tier2	Fusion	ETV6,AML1	ETV6-AML1	IGRIAECILGMNPSR	DP5	PMID:10488742
TSNADB2_001244	1245	excluded	missing_or_ambiguous_event_position	tier2	Fusion	ETV6,AML1	ETV6-AML1	IGRIAECILGMNPSR	DP17	PMID:10488742
TSNADB2_001245	1246	excluded	missing_or_ambiguous_event_position	tier2	Fusion	NFIB,MYB	NFIB-MYB	MMYSPICLTQT	A02:01	PMID:31011208
TSNADB2_001246	1247	excluded	missing_or_ambiguous_event_position	tier2	Fusion	PML,RARalpha	PML-RARalpha	NSNHVASGAGEAAIETQSSSSEEIV	DR11	PMID:8095167
TSNADB2_001247	1248	excluded	missing_or_ambiguous_event_position	tier2	Fusion	LDLR,FUT	LDLR-FUT	PVTWRRAPA	DRB1*01:01	PMID:10330445
TSNADB2_001248	1249	excluded	missing_or_ambiguous_event_position	tier2	Fusion	MYB,NFIB	MYB-NFIB	QFIDSSWYL	A02:01	PMID:31011208
TSNADB2_001249	1250	excluded	missing_or_ambiguous_event_position	tier2	Fusion	SYT,SSX1	SYT-SSX1	QRPYGYDQIM	B7	PMID:11559563
TSNADB2_001250	1251	excluded	missing_or_ambiguous_event_position	tier2	Fusion	CBFB,MYH11	CBFB-MYH11	REEMEVHEL	B40:01	PMID:32831296
TSNADB2_001251	1252	excluded	missing_or_ambiguous_event_position	tier2	Fusion	ETV6,AML1	ETV6-AML1	RIAECILGM	A2	PMID:9664088
TSNADB2_001252	1253	excluded	missing_or_ambiguous_event_position	tier2	Fusion	MYB,NFIB	MYB-NFIB	SLASPLQPT	A02:01	PMID:31011208
TSNADB2_001253	1254	excluded	missing_or_ambiguous_event_position	tier2	Fusion	PAX,FKHR	PAX-FKHR	SPANSIRHNL	B07:02	PMID:16452243
TSNADB2_001254	1255	excluded	missing_or_ambiguous_event_position	tier2	Fusion	PAX,FKHR	PAX-FKHR	SPQNSIRHNL	B07:02	PMID:16452243
TSNADB2_001255	1256	excluded	missing_or_ambiguous_event_position	tier2	Fusion	BCR,ABL	BCR-ABL	SSKALQRPV	A2	PMID:9593785
TSNADB2_001256	1257	excluded	missing_or_ambiguous_event_position	tier2	Fusion	dek,can	dek-can	TMKQICKKEIRRLHQY	DR53	PMID:1245474
TSNADB2_001257	1258	excluded	missing_or_ambiguous_event_position	tier2	Fusion	LDLR,FUT	LDLR-FUT	WRRAPAPGA	DRB1*01:01	PMID:10330445
TSNADB2_001258	1259	included		tier3	SNV	GRSF1	GRSF1_S95P	AAAASYPAL	C17:01	PMID:31844524
TSNADB2_001259	1260	included		tier3	SNV	HBA2	HBA2_G23A	AAEYGAEAL	C08:01	PMID:31844499
TSNADB2_001260	1261	included		tier3	SNV	PTH2	PTH2_R76S	AAFRERASL	B07:02	PMID:32561536
TSNADB2_001261	1262	included		tier3	SNV	C1orf198	C1orf198_A14V	AAIAASRSV	C12:03	PMID:30556813
TSNADB2_001262	1263	included		tier3	SNV	SMARCC1	SMARCC1_E721D	AAKAALEDF	C16:01	PMID:30556813
TSNADB2_001263	1264	included		tier3	SNV	C1orf198	C1orf198_A14V	AASRSVVM	C12:03	PMID:30556813
TSNADB2_001264	1265	included		tier3	SNV	PMS2	PMS2_Q100R	ADLTRVETF	B37:01	PMID:31844423
TSNADB2_001265	1266	included		tier3	SNV	EIF5	EIF5_M275I	AEAERLDVKAI	B44:03	PMID:30556813
TSNADB2_001266	1267	excluded	missing_or_nonhuman_hla	tier3	SNV	EIF3B	EIF3B_S64P	AEAGPEPEV		PMID:30192525
TSNADB2_001267	1268	included		tier3	SNV	IDUA	IDUA_H33Q	AEAPHLVQV	B37:01	PMID:31844424
TSNADB2_001268	1269	included		tier3	SNV	IDUA	IDUA_H33Q	AEAPHLVQV	B40:02	PMID:31844429
TSNADB2_001269	1270	included		tier3	SNV	IDUA	IDUA_H33Q	AEAPHLVQV	B45:01	PMID:31844441
TSNADB2_001270	1271	included		tier3	SNV	IDUA	IDUA_H33Q	AEAPHLVQV	B49:01	PMID:31844447
TSNADB2_001271	1272	included		tier3	SNV	IDUA	IDUA_H33Q	AEAPHLVQVDA	B45:01	PMID:31844445
TSNADB2_001272	1273	included		tier3	SNV	TIAM1	TIAM1_Y283F	AEETPPFSNY	B44:03	PMID:30556813
TSNADB2_001273	1274	included		tier3	SNV	PNPLA7	PNPLA7_Q1139A	AEIATRLA	B49:01	PMID:31844446
TSNADB2_001274	1275	included		tier3	SNV	EIF5	EIF5_M275I	AERLDVKAI	B44:03	PMID:30556813
TSNADB2_001275	1276	included		tier3	SNV	ALB	ALB_K375E	AETYETTLEK	A11:01	PMID:31039795
TSNADB2_001276	1277	included		tier3	SNV	PARP14	PARP14_P1095A	AEWRNGSTSSL	A68:01	PMID:30556813
TSNADB2_001277	1278	excluded	missing_or_nonhuman_hla	tier3	SNV	RBM15	RBM15_A356S	AGAGASPFREVDE		PMID:30192525
TSNADB2_001278	1279	included		tier3	SNV	SDHD	SDHD_P142L	AILLPQPLK	A11:01	PMID:31844327
TSNADB2_001279	1280	included		tier3	SNV	PMS2	PMS2_M30V	AKVGTRLVF	B15:03	PMID:31844408
TSNADB2_001280	1281	included		tier3	SNV	WASHC1	WASHC1_G112E	AKYPAPERL	B15:03	PMID:31844409
TSNADB2_001281	1282	included		tier3	SNV	BBS5	BBS5_Q151V	ALIQNKVL	B08:01	PMID:31844401
TSNADB2_001282	1283	excluded	missing_or_ambiguous_event_position	tier3	SNV	CACNA1I	CACNA1I_R464L	ALQSRLQAL	A02:01	PMID:28832583
TSNADB2_001283	1284	included		tier3	SNV	HBA2	HBA2_A83E	ALSELSDLHA	A02:02	PMID:31844297
TSNADB2_001284	1285	excluded	hla_i_peptide_length_outside_8_11	tier3	SNV	HBA2	HBA2_A83E	ALSELSDLHAHKL	A02:02	PMID:31844301
TSNADB2_001285	1286	included		tier3	SNV	YIPF2	YIPF2_P310L	ALSPTLLQSL	A02:01	PMID:31039795
TSNADB2_001286	1287	included		tier3	SNV	AGPS	AGPS_P533L	ALWDRVVDL	A02:01	PMID:31921104
TSNADB2_001287	1288	included		tier3	SNV	SHCBP1	SHCBP1_M21T	AMAPERTGW	A32:01	PMID:31844349
TSNADB2_001288	1289	included		tier3	SNV	SHCBP1	SHCBP1_M21T	AMAPERTGW	B13:01	PMID:31844402
TSNADB2_001289	1290	included		tier3	SNV	HBB	HBB_K145R	ANALAHRY	C02:02	PMID:31844475
TSNADB2_001290	1291	included		tier3	SNV	LOC107987433	LOC107987433_A634G	APAAAGAAL	B07:02	PMID:31844395
TSNADB2_001291	1292	included		tier3	SNV	LOC107987433	LOC107987433_A634G	APAAAGAAL	B07:04	PMID:31844398
TSNADB2_001292	1293	included		tier3	SNV	LOC107987433	LOC107987433_A634G	APAAAGAAL	B42:01	PMID:31844437
TSNADB2_001293	1294	included		tier3	SNV	RANBP9	RANBP9_H135L	APFPLGDSAL	A68:01	PMID:30556813
TSNADB2_001294	1295	included		tier3	SNV	RPS2	RPS2_R200G	APGGTGIVSA	B07:02	PMID:31844396
TSNADB2_001295	1296	included		tier3	SNV	HMGXB3	HMGXB3_A322V	APKKPTGVDL	B07:02	PMID:31844397
TSNADB2_001296	1297	included		tier3	SNV	HMGXB3	HMGXB3_A322V	APKKPTGVDL	B07:04	PMID:31844399
TSNADB2_001297	1298	included		tier3	SNV	HMGXB3	HMGXB3_A322V	APKKPTGVDL	B42:01	PMID:31844440
TSNADB2_001298	1299	included		tier3	SNV	SHC3	SHC3_E376D	AQFAGKDQTY	A32:01	PMID:30556813
TSNADB2_001299	1300	included		tier3	SNV	NCOA7	NCOA7_N73V	ARTSGGYVKL	A03:01	PMID:32561536
TSNADB2_001300	1301	included		tier3	SNV	TBL3	TBL3_I545V	ASADGTVKLW	B57:01	PMID:30556813
TSNADB2_001301	1302	included		tier3	SNV	OSBP2	OSBP2_Y677H	ASGNHHVW	C16:01	PMID:30556813
TSNADB2_001302	1303	included		tier3	SNV	HBA2	HBA2_S132N	ASLDKFLANV	A02:06	PMID:31844317
TSNADB2_001303	1304	included		tier3	SNV	HBA2	HBA2_S132N	ASLDKFLANV	A02:07	PMID:31844323
TSNADB2_001304	1305	included		tier3	SNV	HBA2	HBA2_S132N	ASLDKFLANV	A68:02	PMID:31844385
TSNADB2_001305	1306	included		tier3	SNV	HBA2	HBA2_S132N	ASLDKFLANV	C15:02	PMID:31844517
TSNADB2_001306	1307	included		tier3	SNV	CYP2A7	CYP2A7_C14S	ASLTVMVL	C07:04	PMID:31844498
TSNADB2_001307	1308	included		tier3	SNV	MROH1	MROH1_G1145S	ASPAVLEL	B51:01	PMID:31844451
TSNADB2_001308	1309	included		tier3	SNV	MROH1	MROH1_G1145S	ASPAVLEL	B52:01	PMID:31844454
TSNADB2_001309	1310	included		tier3	SNV	MAP3K9	MAP3K9_E689K	ASWVVPIDIK	A03:01	PMID:27869121
TSNADB2_001310	1311	included		tier3	SNV	MAP3K9	MAP3K9_E689K	ASWVVPIDIK	A03:01	PMID:31039795
TSNADB2_001311	1312	included		tier3	SNV	COL6A3	COL6A3_P2142Q	ATAAKQVAAKP	A02:05	PMID:31844315
TSNADB2_001312	1313	included		tier3	SNV	MKLN1	MKLN1_D521V	ATIVPELNEI	A68:01	PMID:30556813
TSNADB2_001313	1314	included		tier3	SNV	RNF213	RNF213_D2271V	ATPSLHTSV	A68:02	PMID:30556813
TSNADB2_001314	1315	excluded	hla_i_peptide_length_outside_8_11	tier3	SNV	HBA2	HBA2_S132N	AVHASLDKFLANV	A68:02	PMID:31844390
TSNADB2_001315	1316	included		tier3	SNV	IRF2BPL	IRF2BPL_M413L	AVSKPGLDYEL	A68:02	PMID:30556813
TSNADB2_001316	1317	included		tier3	SNV	ARL6	ARL6_L146F	AVTSVKVSQF	A03:01	PMID:31039795
TSNADB2_001317	1318	included		tier3	SNV	RNF216	RNF216_M45V	DEERIPVL	B18:01	PMID:30556813
TSNADB2_001318	1319	included		tier3	SNV	ADGRA3	ADGRA3_C734F	DENITTIQF	B18:01	PMID:30556813
TSNADB2_001319	1320	included		tier3	SNV	RNF213	RNF213_D2271V	DFATPSLHTSV	A68:02	PMID:30556813
TSNADB2_001320	1321	included		tier3	SNV	UBXN6	UBXN6_S427F	DFILKPEL	B08:01	PMID:31039795
TSNADB2_001321	1322	included		tier3	SNV	FGA	FGA_A29T	DFLTEGGGV	A32:01	PMID:31844350
TSNADB2_001322	1323	included		tier3	SNV	KRAS	KRAS_G12D	DGVGKSAL	B08:01	PMID:30556813
TSNADB2_001323	1324	included		tier3	SNV	EPRS	EPRS_M277I	DHFETIIKY	B18:01	PMID:30556813
TSNADB2_001324	1325	included		tier3	SNV	PTPRC	PTPRC_L1204I	DIFQVVKAI	A68:02	PMID:30556813
TSNADB2_001325	1326	included		tier3	SNV	SPECC1L	SPECC1L_I771V	DIKSEAQEEV	A02:01	PMID:31039795
TSNADB2_001326	1327	included		tier3	SNV	EPS8	EPS8_Q64E	DISEYRVEHL	A68:02	PMID:30556813
TSNADB2_001327	1328	included		tier3	SNV	TXNL4A	TXNL4A_N70S	DITEVPDFSK	A03:01	PMID:31039795
TSNADB2_001328	1329	included		tier3	SNV	HSPA8	HSPA8_G201A	DLAGGTFDV	B27:05	PMID:30556813
TSNADB2_001329	1330	included		tier3	SNV	HSPA8	HSPA8_G201A	DLAGGTFDVS	A32:01	PMID:30556813
TSNADB2_001330	1331	included		tier3	SNV	HLA-B	HLA-B_T162M	DMAAQITQR	A33:01	PMID:31844354
TSNADB2_001331	1332	included		tier3	SNV	HLA-B	HLA-B_T162M	DMAAQITQR	A34:01	PMID:31844361
TSNADB2_001332	1333	included		tier3	SNV	WARS	WARS_D148H	DMNQVLHAY	C07:01	PMID:30556813
TSNADB2_001333	1334	included		tier3	SNV	CLTC	CLTC_S989L	DPEEVLVTV	B51:01	PMID:30556813
TSNADB2_001334	1335	included		tier3	SNV	TUBB8B	TUBB8B_F51L	DRIINTLSI	B15:01	PMID:31844405
TSNADB2_001335	1336	included		tier3	SNV	OSER1	OSER1_S119N	DSPDGSNGL	C01:02	PMID:30556813
TSNADB2_001336	1337	included		tier3	SNV	FCHO2	FCHO2_L543S	DTSPVAVAL	A26:01	PMID:30556813
TSNADB2_001337	1338	included		tier3	SNV	CFL2	CFL2_D66Y	DTVEYPYTSF	A26:01	PMID:30556813
TSNADB2_001338	1339	included		tier3	SNV	EIF5	EIF5_M275I	DVKAIGPLV	A26:01	PMID:30556813
TSNADB2_001339	1340	included		tier3	SNV	ANKRD20A4	ANKRD20A4_M646R	DVSVQVER	A68:01	PMID:30556813
TSNADB2_001340	1341	excluded	hla_i_peptide_length_outside_8_11	tier3	SNV	PDIA2	PDIA2_R303P	EAAPPFRGQVLF	A68:02	PMID:31844388
TSNADB2_001341	1342	included		tier3	SNV	HLA-A	HLA-A_H172R	EAARVAEQLRA	B54:01	PMID:31844467
TSNADB2_001342	1343	included		tier3	SNV	CRYBG1	CRYBG1_E1196A	EAAYIGSMR	A33:03	PMID:31844357
TSNADB2_001343	1344	included		tier3	SNV	CRYBG1	CRYBG1_E1196A	EAAYIGSMR	A34:01	PMID:31844362
TSNADB2_001344	1345	included		tier3	SNV	CRYBG1	CRYBG1_E1196A	EAAYIGSMR	A34:02	PMID:31844367
TSNADB2_001345	1346	included		tier3	SNV	CRYBG1	CRYBG1_E1196A	EAAYIGSMR	A66:01	PMID:31844372
TSNADB2_001346	1347	included		tier3	SNV	CRYBG1	CRYBG1_E1196A	EAAYIGSMR	A68:01	PMID:31844379
TSNADB2_001347	1348	included		tier3	SNV	TET3	TET3_G238V	EAGNNSRVPR	A68:01	PMID:30556813
TSNADB2_001348	1349	included		tier3	SNV	ADM	ADM_T162A	EAGPGRALV	B49:01	PMID:31844448
TSNADB2_001349	1350	included		tier3	SNV	GCNT2	GCNT2_P94L	EEADFLLAY	B18:01	PMID:30556813
TSNADB2_001350	1351	included		tier3	SNV	TMEM57	TMEM57_R490W	EEATAAWAV	B18:01	PMID:31039795
TSNADB2_001351	1352	included		tier3	SNV	DNAH7	DNAH7_W748I	EEEAFGILP	B45:01	PMID:31844442
TSNADB2_001352	1353	included		tier3	SNV	UQCRB	UQCRB_N88K	EEEKFYLEP	B45:01	PMID:25576301
TSNADB2_001353	1354	included		tier3	SNV	BCL2L13	BCL2L13_I216V	EEEYPGVTA	B45:01	PMID:25576301
TSNADB2_001354	1355	excluded	missing_or_nonhuman_hla	tier3	SNV	GAA	GAA_R223H	EEPFGVIVH		PMID:30192525
TSNADB2_001355	1356	included		tier3	SNV	RBBP7	RBBP7_N17D	EERVIDEEY	B18:01	PMID:25576301
TSNADB2_001356	1357	included		tier3	SNV	AGMAT	AGMAT_G105L	EESVMLLTV	B49:01	PMID:30556813
TSNADB2_001357	1358	included		tier3	SNV	TIAM1	TIAM1_Y283F	EETPPFSNY	B44:03	PMID:30556813
TSNADB2_001358	1359	included		tier3	SNV	EPB41L3	EPB41L3_S495L	EEVTPILAI	B44:03	PMID:30556813
TSNADB2_001359	1360	included		tier3	SNV	PIGN	PIGN_W83L	EGSLGISHTR	A68:01	PMID:30556813
TSNADB2_001360	1361	included		tier3	SNV	CRELD1	CRELD1_Q347H	EHIPESAGF	B38:01	PMID:30556813
TSNADB2_001361	1362	included		tier3	SNV	KATNAL1	KATNAL1_D407Y	ELDPDIQLEY	A01:01	PMID:30556813
TSNADB2_001362	1363	included		tier3	SNV	PQLC1	PQLC1_R109C	ELNARRCSF	B08:01	PMID:30556813
TSNADB2_001363	1364	included		tier3	SNV	CTNS	CTNS_P80L	ELPDEVVVPL	A02:01	PMID:31039795
TSNADB2_001364	1365	included		tier3	SNV	C5orf42	C5orf42_I1908L	EMDMHLSDY	A01:01	PMID:30556813
TSNADB2_001365	1366	included		tier3	SNV	ADGRA3	ADGRA3_C734F	ENITTIQFY	A26:01	PMID:30556813
TSNADB2_001366	1367	included		tier3	SNV	OXSM	OXSM_K109T	EQNFVSTSDIK	A68:01	PMID:30556813
TSNADB2_001367	1368	included		tier3	SNV	HLA-C	HLA-C_T363A	ESLIACKA	C01:02	PMID:31844474
TSNADB2_001368	1369	included		tier3	SNV	HLA-C	HLA-C_T363A	ESLIACKA	C03:03	PMID:31844480
TSNADB2_001369	1370	included		tier3	SNV	HLA-C	HLA-C_T363A	ESLIACKA	C04:01	PMID:31844490
TSNADB2_001370	1371	included		tier3	SNV	HLA-C	HLA-C_T363A	ESLIACKA	C05:01	PMID:31844494
TSNADB2_001371	1372	included		tier3	SNV	HLA-C	HLA-C_T363A	ESLIACKA	C07:01	PMID:31844495
TSNADB2_001372	1373	included		tier3	SNV	HLA-C	HLA-C_T363A	ESLIACKA	C12:03	PMID:31844507
TSNADB2_001373	1374	included		tier3	SNV	HLA-C	HLA-C_T363A	ESLIACKA	C17:01	PMID:31844523
TSNADB2_001374	1375	included		tier3	SNV	ACTG1	ACTG1_G366S	ESSPSIVHR	A33:03	PMID:31844358
TSNADB2_001375	1376	included		tier3	SNV	ACTG1	ACTG1_G366S	ESSPSIVHR	A66:01	PMID:31844373
TSNADB2_001376	1377	included		tier3	SNV	NUP153	NUP153_P778L	ETLKPGTCVKR	A68:01	PMID:31039795
TSNADB2_001377	1378	included		tier3	SNV	TIAM1	TIAM1_Y283F	ETPPFSNYNTL	A26:01	PMID:30556813
TSNADB2_001378	1379	included		tier3	SNV	GABPA	GABPA_E161K	ETSKQVTRW	A25:01	PMID:27869121
TSNADB2_001379	1380	included		tier3	SNV	GABPA	GABPA_E161K	ETSKQVTRW	A25:01	PMID:31039795
TSNADB2_001380	1381	included		tier3	SNV	TTK	TTK_G804E	ETTEEMKYVL	A68:02	PMID:30556813
TSNADB2_001381	1382	included		tier3	SNV	ALB	ALB_K375E	ETYETTLEK	A11:01	PMID:31039795
TSNADB2_001382	1383	included		tier3	SNV	ZFYVE9	ZFYVE9_K845T	EVADAATLTM	A26:01	PMID:30556813
TSNADB2_001383	1384	included		tier3	SNV	IFRD2	IFRD2_H446Y	EVLGSGMHHY	A26:01	PMID:27600516
TSNADB2_001384	1385	included		tier3	SNV	FAM185A	FAM185A_G60A	EVPPPGPAR	A34:01	PMID:31844363
TSNADB2_001385	1386	included		tier3	SNV	MROH1	MROH1_A38V	EVRPVETLR	A33:01	PMID:31844355
TSNADB2_001386	1387	included		tier3	SNV	MROH1	MROH1_A38V	EVRPVETLR	A33:03	PMID:31844359
TSNADB2_001387	1388	included		tier3	SNV	BTN2A2	BTN2A2_R72Q	EVRWFQSQF	A26:01	PMID:31844338
TSNADB2_001388	1389	included		tier3	SNV	EPB41L3	EPB41L3_S495L	EVTPILAIR	A26:01	PMID:30556813
TSNADB2_001389	1390	included		tier3	SNV	ULK1	ULK1_T810A	FADPIAANL	A02:07	PMID:31844318
TSNADB2_001390	1391	included		tier3	SNV	ULK1	ULK1_T810A	FADPIAANL	C03:03	PMID:31844482
TSNADB2_001391	1392	included		tier3	SNV	ULK1	ULK1_T810A	FADPIAANL	C04:01	PMID:31844491
TSNADB2_001392	1393	included		tier3	SNV	ULK1	ULK1_T810A	FADPIAANL	C08:01	PMID:31844500
TSNADB2_001393	1394	included		tier3	SNV	ULK1	ULK1_T810A	FADPIAANL	C08:02	PMID:31844504
TSNADB2_001394	1395	included		tier3	SNV	IRF2BPL	IRF2BPL_M413L	FAFDAVSKPGL	A68:02	PMID:30556813
TSNADB2_001395	1396	included		tier3	SNV	MTFR2	MTFR2_D326Y	FAFQEYDSF	B35:01	PMID:28832583
TSNADB2_001396	1397	included		tier3	SNV	NRP1	NRP1_V179A	FAPKMSEIIL	C03:04	PMID:31844489
TSNADB2_001397	1398	included		tier3	SNV	RNF213	RNF213_D2271V	FATPSLHTSV	A68:02	PMID:30556813
TSNADB2_001398	1399	included		tier3	SNV	PDIA2	PDIA2_G113A	FAVTEYPTL	A02:07	PMID:31844319
TSNADB2_001399	1400	included		tier3	SNV	PDIA2	PDIA2_G113A	FAVTEYPTL	A68:02	PMID:31844382
TSNADB2_001400	1401	included		tier3	SNV	PDIA2	PDIA2_G113A	FAVTEYPTLKF	A02:07	PMID:31844324
TSNADB2_001401	1402	included		tier3	SNV	PDIA2	PDIA2_G113A	FAVTEYPTLKF	A29:02	PMID:31844342
TSNADB2_001402	1403	included		tier3	SNV	PDIA2	PDIA2_G113A	FAVTEYPTLKF	B35:01	PMID:31844416
TSNADB2_001403	1404	included		tier3	SNV	WDR3	WDR3_Y588H	FFLSLHGHKL	A24:02	PMID:31039795
TSNADB2_001404	1405	included		tier3	SNV	NEK9	NEK9_D252H	FHATNPLNL	B38:01	PMID:30556813
TSNADB2_001405	1406	included		tier3	SNV	HBA2	HBA2_C105S	FKLLSHSL	C07:02	PMID:31844497
TSNADB2_001406	1407	included		tier3	SNV	HBA2	HBA2_S132N	FLANVSTVL	A02:01	PMID:31844292
TSNADB2_001407	1408	included		tier3	SNV	HBA2	HBA2_S132N	FLANVSTVL	A02:03	PMID:31844303
TSNADB2_001408	1409	included		tier3	SNV	HBA2	HBA2_S132N	FLANVSTVL	A02:04	PMID:31844307
TSNADB2_001409	1410	included		tier3	SNV	HBA2	HBA2_S132N	FLANVSTVL	A02:07	PMID:31844320
TSNADB2_001410	1411	included		tier3	SNV	HBA2	HBA2_S132N	FLANVSTVL	A68:02	PMID:31844383
TSNADB2_001411	1412	included		tier3	SNV	HBA2	HBA2_S132N	FLANVSTVL	C03:02	PMID:31844477
TSNADB2_001412	1413	included		tier3	SNV	HBA2	HBA2_S132N	FLANVSTVL	C03:03	PMID:31844483
TSNADB2_001413	1414	included		tier3	SNV	HBA2	HBA2_S132N	FLANVSTVL	C03:04	PMID:31844487
TSNADB2_001414	1415	included		tier3	SNV	HBA2	HBA2_S132N	FLANVSTVL	C12:03	PMID:31844508
TSNADB2_001415	1416	included		tier3	SNV	HBA2	HBA2_S132N	FLANVSTVL	C17:01	PMID:31844525
TSNADB2_001416	1417	excluded	hla_i_peptide_length_outside_8_11	tier3	SNV	HBA2	HBA2_S132N	FLANVSTVLTSKY	A02:02	PMID:31844302
TSNADB2_001417	1418	excluded	hla_i_peptide_length_outside_8_11	tier3	SNV	HBA2	HBA2_S132N	FLANVSTVLTSKY	A02:03	PMID:31844306
TSNADB2_001418	1419	excluded	hla_i_peptide_length_outside_8_11	tier3	SNV	HBA2	HBA2_S132N	FLANVSTVLTSKY	A29:02	PMID:31844343
TSNADB2_001419	1420	included		tier3	SNV	CCT4	CCT4_S115F	FLLDSCTKL	A02:01	PMID:31921104
TSNADB2_001420	1421	included		tier3	SNV	H2BC17	H2BC17_V67L	FLNDIFERI	A02:01	PMID:31844293
TSNADB2_001421	1422	included		tier3	SNV	H2BC17	H2BC17_V67L	FLNDIFERI	A02:07	PMID:31844321
TSNADB2_001422	1423	included		tier3	SNV	WDR3	WDR3_Y588H	FLSLHGHK	A03:01	PMID:31039795
TSNADB2_001423	1424	included		tier3	SNV	ANKLE2	ANKLE2_P266T	FPSPSKTSLTL	B07:02	PMID:30556813
TSNADB2_001424	1425	included		tier3	SNV	PDIA2	PDIA2_A457P	FPVHGFPT	B54:01	PMID:31844463
TSNADB2_001425	1426	included		tier3	SNV	PDIA2	PDIA2_A457P	FPVHGFPTL	A68:02	PMID:31844384
TSNADB2_001426	1427	included		tier3	SNV	PDIA2	PDIA2_A457P	FPVHGFPTL	B54:01	PMID:31844464
TSNADB2_001427	1428	included		tier3	SNV	SLC22A15	SLC22A15_A396P	FPVVNSHSL	C03:04	PMID:30556813
TSNADB2_001428	1429	included		tier3	SNV	FER	FER_C759F	FPYPGMTNQ	B51:01	PMID:30556813
TSNADB2_001429	1430	included		tier3	SNV	ALB	ALB_L432I	FQNALIVRY	A29:02	PMID:31844340
TSNADB2_001430	1431	excluded	missing_or_nonhuman_hla	tier3	SNV	HNRNPC	HNRNPC_R122W	FQRDYYDW		PMID:30192525
TSNADB2_001431	1432	included		tier3	SNV	DDX21	DDX21_S584F	FVPPTAISHF	B35:03	PMID:31039795
TSNADB2_001432	1433	included		tier3	SNV	OXSM	OXSM_K109T	FVSTSDIKSM	C03:04	PMID:30556813
TSNADB2_001433	1434	included		tier3	SNV	FGA	FGA_A29T	GDFLTEGGGV	A32:01	PMID:31844351
TSNADB2_001434	1435	included		tier3	SNV	ZNF219	ZNF219_G602R	GEAGPGRAL	B40:01	PMID:31844427
TSNADB2_001435	1436	included		tier3	SNV	ABCC6	ABCC6_Q715E	GEELDPPWL	B18:01	PMID:31039795
TSNADB2_001436	1437	included		tier3	SNV	MROH1	MROH1_A38V	GEVRPVETL	B40:02	PMID:31844430
TSNADB2_001437	1438	included		tier3	SNV	NAPSA	NAPSA_L307R	GEYIIRCSEI	B49:01	PMID:31844449
TSNADB2_001438	1439	included		tier3	SNV	MPDZ	MPDZ_I149V	GIAVSEEDTL	A02:01	PMID:31039795
TSNADB2_001439	1440	included		tier3	SNV	ZNF416	ZNF416_Q49K	GLLDEAKRLLY	A03:01	PMID:30556813
TSNADB2_001440	1441	included		tier3	SNV	HERC6	HERC6_R218L	GLNVPVQSNK	A03:01	PMID:30556813
TSNADB2_001441	1442	included		tier3	SNV	DSTYK	DSTYK_V27A	GLRPTVDAL	B07:02	PMID:32561536
TSNADB2_001442	1443	included		tier3	SNV	MROH1	MROH1_L937I	GLSALILRY	A29:02	PMID:31844341
TSNADB2_001443	1444	included		tier3	SNV	HLA-DQA2	HLA-DQA2_M230V	GLVGIVVGTV	A02:03	PMID:31844305
TSNADB2_001444	1445	included		tier3	SNV	SOHLH2	SOHLH2_L159M	GPEELGLPM	B35:01	PMID:28832583
TSNADB2_001445	1446	included		tier3	SNV	FBRSL1	FBRSL1_P425W	GPSIHPGFLPW	B53:01	PMID:31844461
TSNADB2_001446	1447	included		tier3	SNV	CHI3L2	CHI3L2_L379F	GPYPFVQAV	B49:01	PMID:30556813
TSNADB2_001447	1448	included		tier3	SNV	SYTL4	SYTL4_S363F	GRIAFFLKY	B27:05	PMID:31039795
TSNADB2_001448	1449	included		tier3	SNV	NUP43	NUP43_L331I	GRSSTFISH	B27:05	PMID:32561536
TSNADB2_001449	1450	included		tier3	SNV	ABCC2	ABCC2_S1342F	GRTGAGKSFL	B27:05	PMID:27869121
TSNADB2_001450	1451	included		tier3	SNV	ABCC2	ABCC2_S1342F	GRTGAGKSFL	B27:05	PMID:31039795
TSNADB2_001451	1452	included		tier3	SNV	PSMD2	PSMD2_I896L	GRTPLMISK	B27:05	PMID:32561536
TSNADB2_001452	1453	excluded	hla_i_peptide_length_outside_8_11	tier3	SNV	PLEKHF1	PLEKHF1_L37I	GRVLIGEGVLTK	B27:05	PMID:32561536
TSNADB2_001453	1454	included		tier3	SNV	AGBL3	AGBL3_P47L	GSLQLPPPR	A11:01	PMID:31844328
TSNADB2_001454	1455	included		tier3	SNV	AGBL3	AGBL3_P47L	GSLQLPPPR	A11:02	PMID:31844331
TSNADB2_001455	1456	included		tier3	SNV	HLA-DRA	HLA-DRA_L242V	GTIFIIKGVR	A66:01	PMID:31844376
TSNADB2_001456	1457	included		tier3	SNV	HLA-DRA	HLA-DRA_L242V	GTIFIIKGVRK	A11:01	PMID:31844330
TSNADB2_001457	1458	included		tier3	SNV	HLA-DRA	HLA-DRA_L242V	GTIFIIKGVRK	A11:02	PMID:31844333
TSNADB2_001458	1459	included		tier3	SNV	RTFDC1	RTFDC1_E177K	GTKKDVDVLK	A03:01	PMID:30556813
TSNADB2_001459	1460	included		tier3	SNV	XIRP2	XIRP2_Q2514K	GTSAPRKKK	A11:01	PMID:28832583
TSNADB2_001460	1461	included		tier3	SNV	PLXNB2	PLXNB2_A1554T	GTTLILSKV	A02:01	PMID:31039795
TSNADB2_001461	1462	included		tier3	SNV	HBB	HBB_K145R	GVANALAHRY	A30:02	PMID:31844347
TSNADB2_001462	1463	included		tier3	SNV	WDR1	WDR1_D26N	GVSKIIGGNPK	A68:01	PMID:30556813
TSNADB2_001463	1464	included		tier3	SNV	HBA2	HBA2_G23A	HAAEYGAEAL	B35:03	PMID:31844417
TSNADB2_001464	1465	included		tier3	SNV	HBA2	HBA2_G23A	HAAEYGAEAL	C03:03	PMID:31844486
TSNADB2_001465	1466	included		tier3	SNV	HBA2	HBA2_G23A	HAAEYGAEAL	C08:01	PMID:31844502
TSNADB2_001466	1467	included		tier3	SNV	GAPDH	GAPDH_N125H	HDHFGIVEGL	B54:01	PMID:31844466
TSNADB2_001467	1468	included		tier3	SNV	UQCRB	UQCRB_D41H	HEDVKEAI	B49:01	PMID:30556813
TSNADB2_001468	1469	included		tier3	SNV	C9orf85	C9orf85_Q155R	HHARLIFVF	B38:02	PMID:31844425
TSNADB2_001469	1470	included		tier3	SNV	KLF5	KLF5_T163I	HIKIEPVAI	B08:01	PMID:30556813
TSNADB2_001470	1471	included		tier3	SNV	PKDREJ	PKDREJ_T1875I	HIYGSGGYAL	A02:01	PMID:31039795
TSNADB2_001471	1472	included		tier3	SNV	HLA-F	HLA-F_I97V	HPVSDHEATL	B35:03	PMID:31844418
TSNADB2_001472	1473	included		tier3	SNV	HLA-F	HLA-F_I97V	HPVSDHEATL	B53:01	PMID:31844459
TSNADB2_001473	1474	included		tier3	SNV	GPAM	GPAM_H233Y	HRSYIDYLL	B27:05	PMID:31039795
TSNADB2_001474	1475	included		tier3	SNV	ZNF84	ZNF84_T175A	HSKPEDTDAW	B57:01	PMID:30556813
TSNADB2_001475	1476	included		tier3	SNV	HERC2	HERC2_A2060S	HSPFTATSL	C01:02	PMID:30556813
TSNADB2_001476	1477	included		tier3	SNV	TAF2	TAF2_D194H	HSYSELCTW	B57:01	PMID:30556813
TSNADB2_001477	1478	included		tier3	SNV	C1orf198	C1orf198_A14V	IAASRSVVM	C12:03	PMID:30556813
TSNADB2_001478	1479	included		tier3	SNV	MPDZ	MPDZ_I149V	IAVSEEDTL	B51:01	PMID:31039795
TSNADB2_001479	1480	included		tier3	SNV	CEP162	CEP162_E82D	IEEDSAEKI	B49:01	PMID:30556813
TSNADB2_001480	1481	included		tier3	SNV	PBRM1	PBRM1_D578A	IEHNIRNAKY	B44:03	PMID:30556813
TSNADB2_001481	1482	included		tier3	SNV	NUP205	NUP205_L691V	IEVEVNEI	B18:01	PMID:30556813
TSNADB2_001482	1483	included		tier3	SNV	HSPA8	HSPA8_G201A	IFDLAGGTF	C02:02	PMID:30556813
TSNADB2_001483	1484	included		tier3	SNV	HSPA8	HSPA8_G201A	IFDLAGGTFDV	C02:02	PMID:30556813
TSNADB2_001484	1485	included		tier3	SNV	SCAF8	SCAF8_T183I	IINTDTLA	B50:01	PMID:31844450
TSNADB2_001485	1486	included		tier3	SNV	CUX1	CUX1_I111K	IKREYEQTLK	A03:01	PMID:32561536
TSNADB2_001486	1487	included		tier3	SNV	SLC4A4	SLC4A4_A973V	ILKSTVAVI	B08:01	PMID:31039795
TSNADB2_001487	1488	included		tier3	SNV	TEKT4	TEKT4_R100G	ILRDTSEDLGL	A02:02	PMID:31844299
TSNADB2_001488	1489	included		tier3	SNV	C3	C3_H1312L	ILWESASLL	A02:04	PMID:31844308
TSNADB2_001489	1490	included		tier3	SNV	IRS2	IRS2_S679I	IPASVSAPK	A68:01	PMID:30556813
TSNADB2_001490	1491	included		tier3	SNV	ZNF267	ZNF267_C318Y	IPTEEKPYKW	B53:01	PMID:31844460
TSNADB2_001491	1492	included		tier3	SNV	ETAA1	ETAA1_E493Q	IQDQIQNCI	B38:01	PMID:30556813
TSNADB2_001492	1493	excluded	missing_or_nonhuman_hla	tier3	SNV	UNC13A	UNC13A_T650P	IQEIFAVPK		PMID:30192525
TSNADB2_001493	1494	included		tier3	SNV	DENND4C	DENND4C_L1367Q	IQERLQKI	B37:01	PMID:31844422
TSNADB2_001494	1495	included		tier3	SNV	RNF213	RNF213_R2827L	ISTFRQCAL	C16:01	PMID:30556813
TSNADB2_001495	1496	included		tier3	SNV	KMT2E	KMT2E_A445P	ITIPFDFDY	A01:01	PMID:31039795
TSNADB2_001496	1497	included		tier3	SNV	RECQL	RECQL_H19R	ITSELRAVEI	A02:01	PMID:31039795
TSNADB2_001497	1498	included		tier3	SNV	SART1	SART1_N554I	IVFIATSEF	B15:03	PMID:30556813
TSNADB2_001498	1499	included		tier3	SNV	CFAP70	CFAP70_E636G	IYTSSGQLQLF	A24:02	PMID:30556813
TSNADB2_001499	1500	included		tier3	SNV	HBA2	HBA2_S132N	KFLANVSTV	C14:03	PMID:31844514
TSNADB2_001500	1501	excluded	hla_i_peptide_length_outside_8_11	tier3	SNV	HBA2	HBA2_S132N	KFLANVSTVLTSKY	A30:02	PMID:31844348
TSNADB2_001501	1502	included		tier3	SNV	ZBTB17	ZBTB17_Q400I	KIFTTSGNLK	A03:01	PMID:32561536
TSNADB2_001502	1503	included		tier3	SNV	GLE1	GLE1_L220I	KIREAEQQRVK	A03:01	PMID:32561536
TSNADB2_001503	1504	included		tier3	SNV	CENPE	CENPE_L1740I	KIRGIVSEK	A03:01	PMID:32561536
TSNADB2_001504	1505	excluded	hla_i_peptide_length_outside_8_11	tier3	SNV	RAB3GAP1	RAB3GAP1_L367I	KITEPASVPIHK	A03:01	PMID:32561536
TSNADB2_001505	1506	included		tier3	SNV	LOC102724813	LOC102724813_D71E	KKFQSFQEH	B15:03	PMID:31844410
TSNADB2_001506	1507	excluded	missing_or_nonhuman_hla	tier3	SNV	RABL2A	RABL2A_I43L	KLDADINVT		PMID:30192525
TSNADB2_001507	1508	included		tier3	SNV	TPD52L2	TPD52L2_S123L	KLFEDRVGTIK	A03:01	PMID:26819371
TSNADB2_001508	1509	included		tier3	SNV	GLRX2	GLRX2_N94S	KLFHDMNVSY	A29:02	PMID:30556813
TSNADB2_001509	1510	included		tier3	SNV	NCAPG2	NCAPG2_P333L	KLILWRGLK	A03:01	PMID:31039795
TSNADB2_001510	1511	included		tier3	SNV	EEF1A1	EEF1A1_E68Q	KLKAERQRGI	A02:01	PMID:31039795
TSNADB2_001511	1512	included		tier3	SNV	AKAP6	AKAP6_M1482I	KLKLPIIMK	A03:01	PMID:31039795
TSNADB2_001512	1513	included		tier3	SNV	HBA2	HBA2_C105S	KLLSHSLLVTL	A02:01	PMID:31844296
TSNADB2_001513	1514	included		tier3	SNV	HBA2	HBA2_C105S	KLLSHSLLVTL	A02:04	PMID:31844311
TSNADB2_001514	1515	included		tier3	SNV	HBA2	HBA2_C105S	KLLSHSLLVTL	A02:11	PMID:31844326
TSNADB2_001515	1516	included		tier3	SNV	SKP1	SKP1_R136H	KTPEEIHKTF	B57:03	PMID:31844471
TSNADB2_001516	1517	excluded	missing_or_ambiguous_event_position	tier3	SNV	OR4P4	OR4P4_W300C	KVCCCQILL	A02:01	PMID:28832583
TSNADB2_001517	1518	included		tier3	SNV	POLA1	POLA1_E1017K	KVFKLGNKV	A68:02	PMID:30556813
TSNADB2_001518	1519	included		tier3	SNV	COL7A1	COL7A1_R468S	KVVLPSDVTSY	A32:01	PMID:30556813
TSNADB2_001519	1520	included		tier3	SNV	HBB	HBB_A136T	KVVTGVANA	A02:05	PMID:31844314
TSNADB2_001520	1521	included		tier3	SNV	LSM7	LSM7_D20N	KYINKTIRV	A24:02	PMID:30556813
TSNADB2_001521	1522	included		tier3	SNV	LSM7	LSM7_D20N	KYINKTIRVKF	A24:02	PMID:30556813
TSNADB2_001522	1523	included		tier3	SNV	ALB	ALB_K375E	LAETYETTLEK	A11:01	PMID:31039795
TSNADB2_001523	1524	included		tier3	SNV	HSPA8	HSPA8_G201A	LAGGTFDV	C02:02	PMID:30556813
TSNADB2_001524	1525	included		tier3	SNV	OCA2	OCA2_L584A	LAGKVLAL	C03:03	PMID:31844481
TSNADB2_001525	1526	included		tier3	SNV	OCA2	OCA2_L584A	LAGKVLAL	C16:01	PMID:31844518
TSNADB2_001526	1527	included		tier3	SNV	ANKH	ANKH_I247A	LALATQRISRP	A03:01	PMID:32561536
TSNADB2_001527	1528	included		tier3	SNV	LTF	LTF_R224M	LAMVPSHAV	B54:01	PMID:31844465
TSNADB2_001528	1529	included		tier3	SNV	LTF	LTF_R224M	LAMVPSHAVVA	B54:01	PMID:31844468
TSNADB2_001529	1530	included		tier3	SNV	PRKDC	PRKDC_M2085L	LELDELNRH	B07:02	PMID:32561536
TSNADB2_001530	1531	included		tier3	SNV	ATP6V0A4	ATP6V0A4_P163H	LELKAVHAY	B18:01	PMID:30556813
TSNADB2_001531	1532	included		tier3	SNV	GLRX2	GLRX2_N94S	LFHDMNVSY	A29:02	PMID:30556813
TSNADB2_001532	1533	included		tier3	SNV	GPAM	GPAM_H233Y	LFLPVHRSYI	A24:02	PMID:31039795
TSNADB2_001533	1534	included		tier3	SNV	RNF213	RNF213_R2827L	LFQQGKDLQQY	A29:02	PMID:30556813
TSNADB2_001534	1535	included		tier3	SNV	OR10J5	OR10J5_L32Q	LFVVFQTVY	A29:02	PMID:30556813
TSNADB2_001535	1536	included		tier3	SNV	SPEN	SPEN_P721L	LIERSQSPV	A02:01	PMID:31039795
TSNADB2_001536	1537	included		tier3	SNV	SPEN	SPEN_P721L	LIERSQSPVHL	A02:01	PMID:31039795
TSNADB2_001537	1538	included		tier3	SNV	HSPA8	HSPA8_G201A	LIFDLAGGTF	C02:02	PMID:30556813
TSNADB2_001538	1539	included		tier3	SNV	STK17B	STK17B_L143F	LIKQIFEGV	A02:01	PMID:31039795
TSNADB2_001539	1540	included		tier3	SNV	GPAM	GPAM_H233Y	LLFLPVHRSY	A03:01	PMID:31039795
TSNADB2_001540	1541	included		tier3	SNV	TIFAB	TIFAB_D43E	LLGRGQEAHL	B13:01	PMID:31844403
TSNADB2_001541	1542	included		tier3	SNV	HBA2	HBA2_C105S	LLSHSLLVTL	A02:01	PMID:31844294
TSNADB2_001542	1543	included		tier3	SNV	HBA2	HBA2_C105S	LLSHSLLVTL	A02:02	PMID:31844298
TSNADB2_001543	1544	included		tier3	SNV	HBA2	HBA2_C105S	LLSHSLLVTLA	A02:02	PMID:31844300
TSNADB2_001544	1545	included		tier3	SNV	HBA2	HBA2_C105S	LLSHSLLVTLA	A02:05	PMID:31844316
TSNADB2_001545	1546	included		tier3	SNV	ZNF106	ZNF106_Y1024P	LLSYPRLL	B58:02	PMID:31844473
TSNADB2_001546	1547	included		tier3	SNV	LRRC38	LRRC38_R182G	LPALRSLGL	B07:02	PMID:32561536
TSNADB2_001547	1548	included		tier3	SNV	CTNS	CTNS_P80L	LPDEVVVPL	B51:01	PMID:31039795
TSNADB2_001548	1549	included		tier3	SNV	SEC23A	SEC23A_P52L	LPIQYEPV	B35:03	PMID:27869121
TSNADB2_001549	1550	included		tier3	SNV	SEC23A	SEC23A_P52L	LPIQYEPVL	B35:03	PMID:27869121
TSNADB2_001550	1551	included		tier3	SNV	SEC23A	SEC23A_P52L	LPIQYEPVL	B35:03	PMID:31039795
TSNADB2_001551	1552	included		tier3	SNV	SBNO2	SBNO2_P694S	LPSDDRGSL	B27:05	PMID:32561536
TSNADB2_001552	1553	included		tier3	SNV	SMARCA2	SMARCA2_R357Q	LQARIAHQI	A02:03	PMID:31844304
TSNADB2_001553	1554	included		tier3	SNV	DPY19L4	DPY19L4_K339N	LQLNVKNGSF	B37:01	PMID:31039795
TSNADB2_001554	1555	excluded	missing_or_nonhuman_hla	tier3	SNV	PLIN3	PLIN3_V263A	LQLSQALSL		PMID:30192525
TSNADB2_001555	1556	included		tier3	SNV	ASB18	ASB18_C276T	LRLTALLLR	B15:17	PMID:31844411
TSNADB2_001556	1557	included		tier3	SNV	MYPOP	MYPOP_L294P	LSAPLPLL	B52:01	PMID:31844455
TSNADB2_001557	1558	included		tier3	SNV	LOC105376722	LOC105376722_T67I	LSDPSIPGR	A34:01	PMID:31844364
TSNADB2_001558	1559	included		tier3	SNV	HBA2	HBA2_C105S	LSHSLLVTL	B15:17	PMID:31844412
TSNADB2_001559	1560	included		tier3	SNV	HBA2	HBA2_C105S	LSHSLLVTL	C03:02	PMID:31844478
TSNADB2_001560	1561	included		tier3	SNV	HBA2	HBA2_C105S	LSHSLLVTL	C03:03	PMID:31844484
TSNADB2_001561	1562	included		tier3	SNV	HBA2	HBA2_C105S	LSHSLLVTL	C03:04	PMID:31844488
TSNADB2_001562	1563	included		tier3	SNV	HBA2	HBA2_C105S	LSHSLLVTL	C08:01	PMID:31844501
TSNADB2_001563	1564	included		tier3	SNV	HBA2	HBA2_C105S	LSHSLLVTL	C12:03	PMID:31844509
TSNADB2_001564	1565	included		tier3	SNV	HBA2	HBA2_C105S	LSHSLLVTL	C15:02	PMID:31844515
TSNADB2_001565	1566	included		tier3	SNV	FBXL3	FBXL3_I240V	LSVMEEVLI	C04:03	PMID:31844492
TSNADB2_001566	1567	included		tier3	SNV	BICD2	BICD2_E489K	LTEKVSLLK	A01:01	PMID:30556813
TSNADB2_001567	1568	included		tier3	SNV	A2M	A2M_L760I	LVEPEGIEK	C16:01	PMID:31844520
TSNADB2_001568	1569	included		tier3	SNV	PLEC	PLEC_P863L	LVGPAQLSHW	B57:01	PMID:30556813
TSNADB2_001569	1570	included		tier3	SNV	KRAS	KRAS_G12S	LVVVGASGVGK	A68:01	PMID:30556813
TSNADB2_001570	1571	included		tier3	SNV	RTCB	RTCB_I348V	LVYDVSHNIAK	A03:01	PMID:32561536
TSNADB2_001571	1572	included		tier3	SNV	RFC3	RFC3_S44L	LVYGPLGAGK	A03:01	PMID:30556813
TSNADB2_001572	1573	included		tier3	SNV	NFE2L2	NFE2L2_D77Y	LYEETGEFL	A24:02	PMID:31039795
TSNADB2_001573	1574	included		tier3	SNV	NFE2L2	NFE2L2_D77Y	LYEETGEFLPI	A24:02	PMID:31039795
TSNADB2_001574	1575	included		tier3	SNV	HAT1	HAT1_V308A	MAIEAQQKF	B35:07	PMID:31844419
TSNADB2_001575	1576	included		tier3	SNV	HAT1	HAT1_V308A	MAIEAQQKF	B53:01	PMID:31844458
TSNADB2_001576	1577	included		tier3	SNV	HAT1	HAT1_V308A	MAIEAQQKF	B58:01	PMID:31844472
TSNADB2_001577	1578	included		tier3	SNV	HAT1	HAT1_V308A	MAIEAQQKF	C12:02	PMID:31844505
TSNADB2_001578	1579	included		tier3	SNV	INPP5B	INPP5B_Q606E	MELKVESF	B18:01	PMID:30556813
TSNADB2_001579	1580	included		tier3	SNV	INO80C	INO80C_P65S	MIVRPSQPR	A34:01	PMID:31844365
TSNADB2_001580	1581	included		tier3	SNV	INO80C	INO80C_P65S	MIVRPSQPR	A66:01	PMID:31844374
TSNADB2_001581	1582	included		tier3	SNV	PTPN6	PTPN6_E471K	MLMKNISTK	A03:01	PMID:30556813
TSNADB2_001582	1583	included		tier3	SNV	ZNF207	ZNF207_Q409L	MMPPLPGI	B51:01	PMID:30556813
TSNADB2_001583	1584	included		tier3	SNV	WARS	WARS_D148H	MNQVLHAY	C07:01	PMID:30556813
TSNADB2_001584	1585	included		tier3	SNV	PDIA2	PDIA2_R209Q	MTFGLTDRPQL	A68:02	PMID:31844387
TSNADB2_001585	1586	included		tier3	SNV	UTP18	UTP18_M547I	NEKGKALIY	C07:01	PMID:30556813
TSNADB2_001586	1587	included		tier3	SNV	KIF4A	KIF4A_L625V	NEQSKLLKV	B49:01	PMID:30556813
TSNADB2_001587	1588	included		tier3	SNV	MAGI2	MAGI2_G76V	NETPVAVLTI	B44:03	PMID:30556813
TSNADB2_001588	1589	included		tier3	SNV	HBA2	HBA2_C105S	NFKLLSHSL	A24:07	PMID:31844336
TSNADB2_001589	1590	included		tier3	SNV	YIPF2	YIPF2_P310L	NIALSPTLL	A02:01	PMID:31039795
TSNADB2_001590	1591	included		tier3	SNV	PEX2	PEX2_C184R	NIREVGFEY	B15:02	PMID:31844407
TSNADB2_001591	1592	included		tier3	SNV	STK38	STK38_W271L	NSKRKAETL	B08:01	PMID:31039795
TSNADB2_001592	1593	included		tier3	SNV	STOM	STOM_K93N	NVDMRTISF	B08:01	PMID:30556813
TSNADB2_001593	1594	included		tier3	SNV	DPY19L4	DPY19L4_K339N	NVKNGSFVAK	A11:01	PMID:31039795
TSNADB2_001594	1595	included		tier3	SNV	HSPA8	HSPA8_G201A	NVLIFDLA	A32:01	PMID:30556813
TSNADB2_001595	1596	included		tier3	SNV	ZNF407	ZNF407_1779N	NYGTNVPVEF	A24:02	PMID:31039795
TSNADB2_001596	1597	excluded	missing_or_nonhuman_hla	tier3	SNV	GLB1	GLB1_C390R	PLDTEDAVR		PMID:30192525
TSNADB2_001597	1598	included		tier3	SNV	COL1A1	COL1A1_G194R	PRAPGPQGF	B07:02	PMID:32561536
TSNADB2_001598	1599	included		tier3	SNV	CACNA1H	CACNA1H_L1578A	PRGPAPAAL	B07:02	PMID:32561536
TSNADB2_001599	1600	included		tier3	SNV	TTC9	TTC9_I256L	PTDTNVLRY	A01:01	PMID:32561536
TSNADB2_001600	1601	included		tier3	SNV	HLA-B	HLA-B_E100V	QAQTDRVSL	B42:01	PMID:31844438
TSNADB2_001601	1602	included		tier3	SNV	HLA-B	HLA-B_E100V	QAQTDRVSL	C16:01	PMID:31844521
TSNADB2_001602	1603	included		tier3	SNV	OSBP2	OSBP2_Y677H	QASGNHHVW	B44:03	PMID:30556813
TSNADB2_001603	1604	included		tier3	SNV	DHX58	DHX58_M513L	QAVAAVQKL	C12:03	PMID:30556813
TSNADB2_001604	1605	included		tier3	SNV	ANKRD20A4	ANKRD20A4_M646R	QDVSVQVER	A68:01	PMID:30556813
TSNADB2_001605	1606	included		tier3	SNV	GMPPA	GMPPA_G92V	QEFAPLGTV	B49:01	PMID:30556813
TSNADB2_001606	1607	included		tier3	SNV	GMPPA	GMPPA_G92V	QEFAPLGTVG	B49:01	PMID:30556813
TSNADB2_001607	1608	included		tier3	SNV	PI3	PI3_K66L	QEPVLGPV	A02:01	PMID:31844290
TSNADB2_001608	1609	included		tier3	SNV	PI3	PI3_K66L	QEPVLGPV	A02:05	PMID:31844312
TSNADB2_001609	1610	included		tier3	SNV	PI3	PI3_K66L	QEPVLGPV	A68:02	PMID:31844380
TSNADB2_001610	1611	included		tier3	SNV	ZZEF1	ZZEF1_G863V	QEVRNTLLNV	B49:01	PMID:30556813
TSNADB2_001611	1612	included		tier3	SNV	STK17B	STK17B_L143F	QIFEGVYYL	A02:01	PMID:31039795
TSNADB2_001612	1613	included		tier3	SNV	ZNF267	ZNF267_C318Y	QIIPTEEKPYK	A30:01	PMID:31844345
TSNADB2_001613	1614	included		tier3	SNV	DPY19L4	DPY19L4_K339N	QLNVKNGSFV	A02:01	PMID:31039795
TSNADB2_001614	1615	included		tier3	SNV	MROH6	MROH6_D688L	QLPEPLPGL	A02:07	PMID:31844322
TSNADB2_001615	1616	included		tier3	SNV	NFE2L2	NFE2L2_D77Y	QLYEETGEF	A03:01	PMID:31039795
TSNADB2_001616	1617	included		tier3	SNV	STXBP1	STXBP1_R171L	QMKNPILEL	B08:01	PMID:30556813
TSNADB2_001617	1618	included		tier3	SNV	ATF7IP	ATF7IP_G1021L	QPSGVPTSL	A68:01	PMID:30556813
TSNADB2_001618	1619	included		tier3	SNV	RBAK-RBAKDN	RBAK-RBAKDN_T32A	QQLDPDEKIAY	B15:01	PMID:31844406
TSNADB2_001619	1620	included		tier3	SNV	CTNNB1	CTNNB1_S37Y	QSYLDSGIHY	A01:01	PMID:31039795
TSNADB2_001620	1621	included		tier3	SNV	RSBN1L	RSBN1L_T584A	QTAAAVGVLK	A03:01	PMID:30556813
TSNADB2_001621	1622	included		tier3	SNV	CHMP7	CHMP7_A324T	QTDQMVFNTY	A01:01	PMID:25576301
TSNADB2_001622	1623	included		tier3	SNV	BIRC6	BIRC6_G2619fs	QTKPASLLY	A26:01	PMID:30556813
TSNADB2_001623	1624	included		tier3	SNV	WASHC1	WASHC1_F33L	QTYAVPLI	B52:01	PMID:31844456
TSNADB2_001624	1625	included		tier3	SNV	CIART	CIART_R6V	QVIVGVLQK	A03:01	PMID:32561536
TSNADB2_001625	1626	included		tier3	SNV	CDK1	CDK1_S107I	QYMDSSLVKI	A23:01	PMID:30556813
TSNADB2_001626	1627	included		tier3	SNV	MKLN1	MKLN1_D521V	RATIVPEL	C03:04	PMID:30556813
TSNADB2_001627	1628	included		tier3	SNV	RECQL	RECQL_H19R	RAVEIQIQEL	A02:01	PMID:31039795
TSNADB2_001628	1629	included		tier3	SNV	SPEN	SPEN_P721L	RDRDHERRL	A02:01	PMID:31039795
TSNADB2_001629	1630	excluded	hla_i_peptide_length_outside_8_11	tier3	SNV	TEKT4	TEKT4_A143V	REITDQEHNVVA	B40:06	PMID:31844436
TSNADB2_001630	1631	included		tier3	SNV	ALB	ALB_N42H	RFKDLGEEHF	A23:01	PMID:31844335
TSNADB2_001631	1632	included		tier3	SNV	H3F3C	H3F3C_T4I	RIKQTARK	A03:01	PMID:27869121
TSNADB2_001632	1633	included		tier3	SNV	H3F3C	H3F3C_T4I	RIKQTARK	A03:01	PMID:31039795
TSNADB2_001633	1634	included		tier3	SNV	NOL10	NOL10_L505I	RILNPLVSK	A03:01	PMID:32561536
TSNADB2_001634	1635	included		tier3	SNV	HAX1	HAX1_L71I	RIREGQTLR	A03:01	PMID:32561536
TSNADB2_001635	1636	included		tier3	SNV	BST2	BST2_L137I	RIRRENQVL	B07:02	PMID:32561536
TSNADB2_001636	1637	included		tier3	SNV	ALB	ALB_K375E	RLAETYETTL	A02:01	PMID:31039795
TSNADB2_001637	1638	included		tier3	SNV	SLC38A10	SLC38A10_G122R	RLFGFQVGR	A11:01	PMID:31039795
TSNADB2_001638	1639	excluded	hla_i_peptide_length_outside_8_11	tier3	SNV	RBPMS	RBPMS_P46L	RLFKGYEGSLIK	A03:01	PMID:27869121
TSNADB2_001639	1640	excluded	hla_i_peptide_length_outside_8_11	tier3	SNV	RBPMS	RBPMS_P46L	RLFKGYEGSLIK	A03:01	PMID:31039795
TSNADB2_001640	1641	included		tier3	SNV	SPEN	SPEN_P721L	RLIERSQSPV	B37:01	PMID:31039795
TSNADB2_001641	1642	included		tier3	SNV	STK17B	STK17B_L143F	RLIKQIFEGV	A02:01	PMID:31039795
TSNADB2_001642	1643	excluded	missing_or_ambiguous_event_position	tier3	SNV	PSMC4	PSMC4_I344L;I348L	RLLFSTLTSK	A03:01	PMID:32561536
TSNADB2_001643	1644	included		tier3	SNV	HBB	HBB_C113V	RLLGNVLVVV	A02:01	PMID:31844295
TSNADB2_001644	1645	included		tier3	SNV	LACTB	LACTB_M5L	RLLSAVTAR	A74:01	PMID:31844392
TSNADB2_001645	1646	included		tier3	SNV	XRCC2	XRCC2_I95V	RLVTVLEHRL	A02:01	PMID:31039795
TSNADB2_001646	1647	included		tier3	SNV	EMC10	EMC10_A243R	RPRAPGPAP	B07:02	PMID:32561536
TSNADB2_001647	1648	included		tier3	SNV	HLA-C	HLA-C_A97T	RQAQTDRVSL	B13:01	PMID:31844404
TSNADB2_001648	1649	included		tier3	SNV	EEF2KMT	EEF2KMT_T25A	RRFLAARAL	B27:05	PMID:31844415
TSNADB2_001649	1650	excluded	missing_or_ambiguous_event_position	tier3	SNV	TNPO3	TNPO3_I169L;I170L	RRTELLEDL	B27:05	PMID:32561536
TSNADB2_001650	1651	included		tier3	SNV	OR2A2	OR2A2_C317F	RSMRTVYGLF	A24:02	PMID:28832583
TSNADB2_001651	1652	included		tier3	SNV	ANKRD20A4	ANKRD20A4_M646R	RTQDVSVQVER	A68:01	PMID:30556813
TSNADB2_001652	1653	included		tier3	SNV	PTPRM	PTPRM_Q718R	RVATKGAATPK	A11:01	PMID:31039795
TSNADB2_001653	1654	included		tier3	SNV	PPFIBP1	PPFIBP1_H427Q	RVDGRMLQY	A36:01	PMID:31844370
TSNADB2_001654	1655	included		tier3	SNV	PLEKHF1	PLEKHF1_L37I	RVLIGEGVLTK	A03:01	PMID:32561536
TSNADB2_001655	1656	included		tier3	SNV	AGT	AGT_I29V	RVYVHPFHL	C07:01	PMID:31844496
TSNADB2_001656	1657	included		tier3	SNV	DYNC1H1	DYNC1H1_Y2496R	RYLVRAIL	C14:03	PMID:31844512
TSNADB2_001657	1658	included		tier3	SNV	PARP14	PARP14_P1095A	RYVLHVVAA	A68:01	PMID:30556813
TSNADB2_001658	1659	excluded	hla_i_peptide_length_outside_8_11	tier3	SNV	HLA-A	HLA-A_V355M	SAQGSDMSLTACKV	A25:01	PMID:31844337
TSNADB2_001659	1660	excluded	hla_i_peptide_length_outside_8_11	tier3	SNV	HLA-A	HLA-A_V355M	SAQGSDMSLTACKV	A26:01	PMID:31844339
TSNADB2_001660	1661	excluded	hla_i_peptide_length_outside_8_11	tier3	SNV	HLA-A	HLA-A_V355M	SAQGSDMSLTACKV	A32:01	PMID:31844353
TSNADB2_001661	1662	excluded	hla_i_peptide_length_outside_8_11	tier3	SNV	HLA-A	HLA-A_V355M	SAQGSDMSLTACKV	A33:01	PMID:31844356
TSNADB2_001662	1663	excluded	hla_i_peptide_length_outside_8_11	tier3	SNV	HLA-A	HLA-A_V355M	SAQGSDMSLTACKV	A33:03	PMID:31844360
TSNADB2_001663	1664	excluded	hla_i_peptide_length_outside_8_11	tier3	SNV	HLA-A	HLA-A_V355M	SAQGSDMSLTACKV	A34:01	PMID:31844366
TSNADB2_001664	1665	excluded	hla_i_peptide_length_outside_8_11	tier3	SNV	HLA-A	HLA-A_V355M	SAQGSDMSLTACKV	A34:02	PMID:31844369
TSNADB2_001665	1666	excluded	hla_i_peptide_length_outside_8_11	tier3	SNV	HLA-A	HLA-A_V355M	SAQGSDMSLTACKV	A66:01	PMID:31844378
TSNADB2_001666	1667	excluded	hla_i_peptide_length_outside_8_11	tier3	SNV	HLA-A	HLA-A_V355M	SAQGSDMSLTACKV	A74:01	PMID:31844394
TSNADB2_001667	1668	included		tier3	SNV	C15orf40	C15orf40_T152I	SARIIGVSH	C12:02	PMID:31844506
TSNADB2_001668	1669	included		tier3	SNV	KIF3C	KIF3C_R785H	SASLHPATV	C12:03	PMID:30556813
TSNADB2_001669	1670	included		tier3	SNV	INTS2	INTS2_N760H	SAVPVNHTQVM	C08:01	PMID:31844503
TSNADB2_001670	1671	included		tier3	SNV	HLA-C	HLA-C_T363A	SDESLIACKA	C12:03	PMID:31844511
TSNADB2_001671	1672	included		tier3	SNV	HLA-A	HLA-A_V355M	SDMSLTACKV	A66:01	PMID:31844377
TSNADB2_001672	1673	included		tier3	SNV	HLA-A	HLA-A_V355M	SDMSLTACKV	A74:01	PMID:31844393
TSNADB2_001673	1674	excluded	hla_i_peptide_length_outside_8_11	tier3	SNV	C3	C3_G1329R	SEETKENERFTV	A32:01	PMID:31844352
TSNADB2_001674	1675	included		tier3	SNV	ANKRD20A1	ANKRD20A1_R39K	SELQKIHKA	B40:02	PMID:31844431
TSNADB2_001675	1676	included		tier3	SNV	ANKRD20A1	ANKRD20A1_R39K	SELQKIHKA	B40:06	PMID:31844434
TSNADB2_001676	1677	included		tier3	SNV	ANKRD20A1	ANKRD20A1_R39K	SELQKIHKA	B45:01	PMID:31844443
TSNADB2_001677	1678	included		tier3	SNV	HBA2	HBA2_A83E	SELSDLHAH	B18:01	PMID:31844414
TSNADB2_001678	1679	included		tier3	SNV	HBA2	HBA2_A83E	SELSDLHAHKL	B40:02	PMID:31844433
TSNADB2_001679	1680	included		tier3	SNV	ZNF571	ZNF571_L575V	SELTVHQRI	B49:01	PMID:30556813
TSNADB2_001680	1681	included		tier3	SNV	CTSC	CTSC_I153T	SENVYVNTA	B40:06	PMID:31844435
TSNADB2_001681	1682	included		tier3	SNV	CTSC	CTSC_I153T	SENVYVNTA	B45:01	PMID:31844444
TSNADB2_001682	1683	included		tier3	SNV	KRT10	KRT10_I101S	SFGGSYGGSF	A36:01	PMID:31844371
TSNADB2_001683	1684	included		tier3	SNV	KRT10	KRT10_I101S	SFGGSYGGSF	A68:02	PMID:31844386
TSNADB2_001684	1685	included		tier3	SNV	BLMH	BLMH_F324V	SIKDGEAVWV	A02:01	PMID:31039795
TSNADB2_001685	1686	included		tier3	SNV	RECQL	RECQL_H19R	SITSELRAV	A02:01	PMID:31039795
TSNADB2_001686	1687	included		tier3	SNV	REXO4	REXO4_S129P	SMAARVPI	C16:01	PMID:31844519
TSNADB2_001687	1688	included		tier3	SNV	HLA-B	HLA-B_S35A	SMRYFYTAV	C15:02	PMID:31844516
TSNADB2_001688	1689	included		tier3	SNV	LOC112268168	LOC112268168_S14L	SPALASRVA	B55:01	PMID:31844469
TSNADB2_001689	1690	included		tier3	SNV	HERC2	HERC2_A2060S	SPFTATSL	B08:01	PMID:30556813
TSNADB2_001690	1691	included		tier3	SNV	NOP16	NOP16_P169L	SPGPVKLEL	B07:02	PMID:31039795
TSNADB2_001691	1692	included		tier3	SNV	SPIB	SPIB_L84P	SPHTPRRTSL	B07:04	PMID:31844400
TSNADB2_001692	1693	included		tier3	SNV	COQ4	COQ4_G50A	SPLQKALLA	B55:02	PMID:31844470
TSNADB2_001693	1694	included		tier3	SNV	ANKLE2	ANKLE2_P266T	SPSKTSLTL	B07:02	PMID:30556813
TSNADB2_001694	1695	included		tier3	SNV	IQGAP1	IQGAP1_A332V	SPVLGLRGL	B07:02	PMID:32561536
TSNADB2_001695	1696	included		tier3	SNV	RGS10	RGS10_L137I	SRFLKSDIF	C07:02	PMID:32561536
TSNADB2_001696	1697	included		tier3	SNV	ATR	ATR_E183K	SRFLSQLDK	B27:05	PMID:31039795
TSNADB2_001697	1698	included		tier3	SNV	INPPL1	INPPL1_L653I	SRKEFEPIL	C07:02	PMID:32561536
TSNADB2_001698	1699	included		tier3	SNV	RANBP9	RANBP9_H135L	SSAAAPFPL	C03:04	PMID:30556813
TSNADB2_001699	1700	included		tier3	SNV	PIK3AP1	PIK3AP1_R733W	SSTSNRSSTW	B57:01	PMID:30556813
TSNADB2_001700	1701	included		tier3	SNV	CLCN6	CLCN6_E176G	SVAGGLFVGK	A11:01	PMID:31844329
TSNADB2_001701	1702	included		tier3	SNV	CLCN6	CLCN6_E176G	SVAGGLFVGK	A11:02	PMID:31844332
TSNADB2_001702	1703	included		tier3	SNV	SLFN11	SLFN11_R124H	SVKPHLCSL	A68:02	PMID:30556813
TSNADB2_001703	1704	included		tier3	SNV	UBASH3B	UBASH3B_G307V	SVLLPENYITK	A03:01	PMID:30556813
TSNADB2_001704	1705	included		tier3	SNV	PZP	PZP_G66V	SVRENRSLF	A66:01	PMID:31844375
TSNADB2_001705	1706	included		tier3	SNV	EPS8	EPS8_Q64E	SVSDISEYR	A68:02	PMID:30556813
TSNADB2_001706	1707	included		tier3	SNV	EPS8	EPS8_Q64E	SVSDISEYRV	A68:02	PMID:30556813
TSNADB2_001707	1708	included		tier3	SNV	DOCK10	DOCK10_R1149L	SVTNEFCLK	A11:01	PMID:28832583
TSNADB2_001708	1709	included		tier3	SNV	GPAM	GPAM_H233Y	SYIDYLLLTF	A24:02	PMID:31039795
TSNADB2_001709	1710	included		tier3	SNV	SAMD9	SAMD9_M213I	TEEDVKIKF	B49:01	PMID:30556813
TSNADB2_001710	1711	excluded	hla_i_peptide_length_outside_8_11	tier3	SNV	CEL	CEL_G41S	TEGGFVEGVNKKLSL	A68:02	PMID:31844391
TSNADB2_001711	1712	included		tier3	SNV	C10orf67	C10orf67_N204E	TEILLRKL	B18:01	PMID:31844413
TSNADB2_001712	1713	included		tier3	SNV	C10orf67	C10orf67_N204E	TEILLRKL	B40:02	PMID:31844428
TSNADB2_001713	1714	included		tier3	SNV	NUP205	NUP205_E998Q	TEQKQTSVL	B40:02	PMID:31844432
TSNADB2_001714	1715	included		tier3	SNV	TNS3	TNS3_I17V	TERIVAVSF	B18:01	PMID:31039795
TSNADB2_001715	1716	included		tier3	SNV	KRAS	KRAS_G12V	TEYKLVVVGAV	B49:01	PMID:30556813
TSNADB2_001716	1717	included		tier3	SNV	NCOR1	NCOR1_R33H	THHQQDPAF	B38:02	PMID:31844426
TSNADB2_001717	1718	included		tier3	SNV	AHSG	AHSG_E65S	TLNQIDSVKV	A02:04	PMID:31844310
TSNADB2_001718	1719	included		tier3	SNV	ATP4A	ATP4A_P796V	TLTKNIVEL	A02:04	PMID:31844309
TSNADB2_001719	1720	included		tier3	SNV	PPIP5K2	PPIP5K2_P1074L	TPLATLKST	A34:02	PMID:31844368
TSNADB2_001720	1721	included		tier3	SNV	AP3B1	AP3B1_S817T	TPLTKDVTL	B08:01	PMID:30556813
TSNADB2_001721	1722	included		tier3	SNV	STARD5	STARD5_M108V	TPSAAVKLI	B51:01	PMID:30556813
TSNADB2_001722	1723	included		tier3	SNV	RPS4X	RPS4X_L222I	TRISNIFVI	C07:02	PMID:32561536
TSNADB2_001723	1724	excluded	hla_i_peptide_length_outside_8_11	tier3	SNV	ALB	ALB_K437R	TRKVPQVSTPTL	A02:07	PMID:31844325
TSNADB2_001724	1725	excluded	hla_i_peptide_length_outside_8_11	tier3	SNV	ALB	ALB_K437R	TRKVPQVSTPTL	A68:02	PMID:31844389
TSNADB2_001725	1726	excluded	hla_i_peptide_length_outside_8_11	tier3	SNV	ALB	ALB_K437R	TRKVPQVSTPTL	B51:01	PMID:31844453
TSNADB2_001726	1727	included		tier3	SNV	WDR19	WDR19_A282V	TSIVVSQTL	B08:01	PMID:30556813
TSNADB2_001727	1728	included		tier3	SNV	SLC4A4	SLC4A4_A973V	TVAVIIFPV	A02:01	PMID:31039795
TSNADB2_001728	1729	included		tier3	SNV	TNS3	TNS3_I17V	TYITERIVAV	A24:02	PMID:31039795
TSNADB2_001729	1730	included		tier3	SNV	CAPG	CAPG_E314K	VAKGFISRM	C12:03	PMID:30556813
TSNADB2_001730	1731	included		tier3	SNV	SLC10A2	SLC10A2_S171A	VALVVPVSI	B51:01	PMID:31844452
TSNADB2_001731	1732	included		tier3	SNV	HBB	HBB_K145R	VANALAHRY	A30:02	PMID:31844346
TSNADB2_001732	1733	included		tier3	SNV	HBB	HBB_K145R	VANALAHRY	C02:02	PMID:31844476
TSNADB2_001733	1734	included		tier3	SNV	NOP56	NOP56_M167I	VDNIIIQSI	B49:01	PMID:30556813
TSNADB2_001734	1735	included		tier3	SNV	STX5	STX5_E134Q	VEIEQLTY	B18:01	PMID:30556813
TSNADB2_001735	1736	included		tier3	SNV	DDX60L	DDX60L_A631S	VEMLGLISC	B49:01	PMID:30556813
TSNADB2_001736	1737	included		tier3	SNV	CAPRIN2	CAPRIN2_S554N	VENQKHSL	B08:01	PMID:30556813
TSNADB2_001737	1738	included		tier3	SNV	CFL2	CFL2_D49Y	VEYPYTSF	B18:01	PMID:30556813
TSNADB2_001738	1739	included		tier3	SNV	ATP6AP2	ATP6AP2_E145K	VFKDLSVTL	B38:01	PMID:30556813
TSNADB2_001739	1740	included		tier3	SNV	KRAS	KRAS_G12D	VGADGVGKSAL	C01:02	PMID:30556813
TSNADB2_001740	1741	included		tier3	SNV	FAM170A	FAM170A_E56K	VGEVTSTSKYC	C04:03	PMID:31844493
TSNADB2_001741	1742	included		tier3	SNV	KRAS	KRAS_G12V	VGVGKSAL	C17:01	PMID:30556813
TSNADB2_001742	1743	included		tier3	SNV	RTFDC1	RTFDC1_E177K	VIMLNGTKK	A03:01	PMID:30556813
TSNADB2_001743	1744	included		tier3	SNV	DPY19L4	DPY19L4_K339N	VKNGSFVAKI	A02:01	PMID:31039795
TSNADB2_001744	1745	excluded	hla_i_peptide_length_outside_8_11	tier3	SNV	ENTPD1	ENTPD1_L62I	VLDAGSSHTSIY	A01:01	PMID:32561536
TSNADB2_001745	1746	included		tier3	SNV	ALB	ALB_K375E	VLLLRLAET	A02:01	PMID:31039795
TSNADB2_001746	1747	included		tier3	SNV	HADHA	HADHA_G341V	VLYHGQVL	A02:01	PMID:31039795
TSNADB2_001747	1748	excluded	missing_or_nonhuman_hla	tier3	SNV	GSTP1	GSTP1_G208V	VNLPINGNVKQ		PMID:30192525
TSNADB2_001748	1749	included		tier3	SNV	PHF3	PHF3_N447K	VPDQKSKQL	B08:01	PMID:30556813
TSNADB2_001749	1750	included		tier3	SNV	OR4C12	OR4C12_M279I	VPILNPVVY	B35:07	PMID:31844420
TSNADB2_001750	1751	included		tier3	SNV	COL9A3	COL9A3_G29P	VPLPGPPGPPG	B53:01	PMID:31844462
TSNADB2_001751	1752	included		tier3	SNV	WIZ	WIZ_R703F	VPPFLQPE	A02:01	PMID:31844291
TSNADB2_001752	1753	included		tier3	SNV	WIZ	WIZ_R703F	VPPFLQPE	A02:05	PMID:31844313
TSNADB2_001753	1754	included		tier3	SNV	WIZ	WIZ_R703F	VPPFLQPE	A68:02	PMID:31844381
TSNADB2_001754	1755	included		tier3	SNV	INTS2	INTS2_N760H	VPVNHTQVM	B35:07	PMID:31844421
TSNADB2_001755	1756	included		tier3	SNV	INTS2	INTS2_N760H	VPVNHTQVM	B42:01	PMID:31844439
TSNADB2_001756	1757	included		tier3	SNV	PMAIP1	PMAIP1_G72L	VQVALSRV	B52:01	PMID:31844457
TSNADB2_001757	1758	included		tier3	SNV	WDR1	WDR1_D26N	VSKIIGGNPK	A68:01	PMID:30556813
TSNADB2_001758	1759	included		tier3	SNV	IRF2BPL	IRF2BPL_M413L	VSKPGLDYEL	A68:02	PMID:30556813
TSNADB2_001759	1760	included		tier3	SNV	CTNNAL1	CTNNAL1_E323D	VTLDVILER	B57:01	PMID:30556813
TSNADB2_001760	1761	included		tier3	SNV	OSBPL11	OSBPL11_G489W	VTNHAPLSW	A32:01	PMID:30556813
TSNADB2_001761	1762	included		tier3	SNV	KRAS	KRAS_G12C	VVGACGVGK	A03:01	PMID:30556813
TSNADB2_001762	1763	included		tier3	SNV	COL7A1	COL7A1_R468S	VVLPSDVTSY	A32:01	PMID:30556813
TSNADB2_001763	1764	included		tier3	SNV	TBCK	TBCK_D478H	VVSHPHLVYW	A68:02	PMID:30556813
TSNADB2_001764	1765	included		tier3	SNV	KRAS	KRAS_G12C	VVVGACGVGK	A03:01	PMID:30556813
TSNADB2_001765	1766	included		tier3	SNV	CTSC	CTSC_I153T	VYVNTAHL	C14:03	PMID:31844513
TSNADB2_001766	1767	included		tier3	SNV	SLC4A4	SLC4A4_A973V	WILKSTVAV	A02:01	PMID:31039795
TSNADB2_001767	1768	included		tier3	SNV	SLC4A4	SLC4A4_A973V	WILKSTVAVI	A02:01	PMID:31039795
TSNADB2_001768	1769	included		tier3	SNV	TBCK	TBCK_D478H	WVVSHPHLV	A68:02	PMID:30556813
TSNADB2_001769	1770	included		tier3	SNV	LOC107987441	LOC107987441_L220F	YAQLHSFTL	C03:02	PMID:31844479
TSNADB2_001770	1771	included		tier3	SNV	LOC107987441	LOC107987441_L220F	YAQLHSFTL	C03:03	PMID:31844485
TSNADB2_001771	1772	included		tier3	SNV	LOC107987441	LOC107987441_L220F	YAQLHSFTL	C12:03	PMID:31844510
TSNADB2_001772	1773	included		tier3	SNV	LOC107987441	LOC107987441_L220F	YAQLHSFTL	C16:01	PMID:31844522
TSNADB2_001773	1774	excluded	missing_or_nonhuman_hla	tier3	SNV	GAA	GAA_V780I	YDLQTVPIE		PMID:30192525
TSNADB2_001774	1775	included		tier3	SNV	TDG	TDG_G343V	YEAAYVGAY	B44:02	PMID:31039795
TSNADB2_001775	1776	excluded	missing_or_nonhuman_hla	tier3	SNV	NFE2L2	NFE2L2_D77Y	YEETGEFLPI	B18	PMID:31039795
TSNADB2_001776	1777	included		tier3	SNV	UQCRB	UQCRB_D41H	YEHEDVKEA	B49:01	PMID:30556813
TSNADB2_001777	1778	included		tier3	SNV	UQCRB	UQCRB_D41H	YEHEDVKEAI	B49:01	PMID:30556813
TSNADB2_001778	1779	included		tier3	SNV	C1S	C1S_P295L	YHGDPMPCL	B38:01	PMID:30556813
TSNADB2_001779	1780	included		tier3	SNV	44806	SEPT2_Q125R	YIDERFERY	A01:01	PMID:27869121
TSNADB2_001780	1781	included		tier3	SNV	ENC1	ENC1_P230S	YLSELLQTV	A02:01	PMID:31921104
TSNADB2_001781	1782	included		tier3	SNV	GABRB3	GABRB3_T185N	YNTDDIEFY	A29:02	PMID:30556813
TSNADB2_001782	1783	included		tier3	SNV	TOX2	TOX2_S382Y	YPAPQPPVL	B08:01	PMID:30556813
TSNADB2_001783	1784	included		tier3	SNV	NR1D1	NR1D1_G39D	YSDNSNDSF	A01:01	PMID:25576301
TSNADB2_001784	1785	included		tier3	SNV	KRTAP20-2	KRTAP20-2_G9C	YSNYYCGLRY	B15:01	PMID:28832583
TSNADB2_001785	1786	included		tier3	SNV	ANKRD52	ANKRD52_A559S	YTAVHYAASY	A01:01	PMID:30556813
TSNADB2_001786	1787	included		tier3	SNV	EPHB2	EPHB2_A410G	YTFEIQGV	A68:02	PMID:30556813
TSNADB2_001787	1788	included		tier3	SNV	EPHB2	EPHB2_A410G	YTFEIQGVNGV	A68:02	PMID:30556813
TSNADB2_001788	1789	included		tier3	SNV	TNFAIP1	TNFAIP1_R48L	YTTVRALTL	B08:01	PMID:30556813
TSNADB2_001789	1790	excluded	hla_i_peptide_length_outside_8_11	tier3	SNV	CEL	CEL_T471L	YVFGKPFATPLGY	A29:02	PMID:31844344
TSNADB2_001790	1791	included		tier3	SNV	LRPPRC	LRPPRC_T1335I	YVSEKDVISAK	A68:01	PMID:30556813
TSNADB2_001791	1792	included		tier3	SNV	TSR1	TSR1_H561Y	YVSEVPVSV	C17:01	PMID:30556813
TSNADB2_001792	1793	included		tier3	SNV	HEPH	HEPH_I622T	YYSAVDPTK	A23:01	PMID:31844334
TSNADB2_001793	1794	excluded	missing_or_ambiguous_event_position	tier3	RNA splicing	KCNAB2		EVYAAGKYV	A26:01	PMID:30114007
TSNADB2_001794	1795	excluded	missing_or_ambiguous_event_position	tier3	RNA splicing	KCNAB2		YAAGKYVSF	A26:01	PMID:30114007
TSNADB2_001795	1796	excluded	missing_or_ambiguous_event_position	tier3	RNA splicing	KCNAB2		YAAGKYVSF	B14:02	PMID:30114007
TSNADB2_001796	1797	excluded	missing_or_ambiguous_event_position	tier3	RNA splicing	KCNAB2		YAAGKYVSF	C08:02	PMID:30114007
TSNADB2_001797	1798	excluded	missing_or_ambiguous_event_position	tier3	RNA splicing	KCNAB2		EVYAAGKYV	C12:03	PMID:30114007
TSNADB2_001798	1799	excluded	missing_or_ambiguous_event_position	tier3	RNA splicing	KCNAB2		YAAGKYVSF	C12:03	PMID:30114007
TSNADB2_001799	1800	excluded	missing_or_ambiguous_event_position	tier3	RNA splicing	SMARCD1		LAMSDVSHPK	A11:01	PMID:30114007
TSNADB2_001800	1801	excluded	missing_or_ambiguous_event_position	tier3	RNA splicing	SMARCD1		AMSDVSHPK	A11:01	PMID:30114007
TSNADB2_001801	1802	excluded	missing_or_ambiguous_event_position	tier3	RNA splicing	LRSAM1		FRYVAQAGL	B27:04	PMID:30114007
TSNADB2_001802	1803	excluded	missing_or_ambiguous_event_position	tier3	RNA splicing	LRSAM1		FRYVAQAGL	C12:02	PMID:30114007
TSNADB2_001803	1804	excluded	missing_or_ambiguous_event_position	tier3	RNA splicing	CYB561A3		TLFLLSLPL	B08:01	PMID:30114007
TSNADB2_001804	1805	excluded	missing_or_ambiguous_event_position	tier3	RNA splicing	CYB561A3		FLLSLPLPV	B08:01	PMID:30114007
TSNADB2_001805	1806	excluded	missing_or_ambiguous_event_position	tier3	RNA splicing	CYB561A3		FLLSLPLPV	C07:04	PMID:30114007
TSNADB2_001806	1807	excluded	missing_or_ambiguous_event_position	tier3	RNA splicing	BCYRN1		SVLDDVRGW	B57:01	PMID:30114007
TSNADB2_001807	1808	excluded	missing_or_ambiguous_event_position	tier3	RNA splicing	ZCCHC6		LTSQGKSAF	B15:11	PMID:30114007
TSNADB2_001808	1809	excluded	missing_or_ambiguous_event_position	tier3	RNA splicing	ZCCHC6		LTSQGKSAF	B35:01	PMID:30114007
TSNADB2_001809	1810	excluded	missing_or_ambiguous_event_position	tier3	RNA splicing	ZCCHC6		LTSQGKSAF	C03:03	PMID:30114007
TSNADB2_001810	1811	excluded	missing_or_ambiguous_event_position	tier3	Non-coding	ATG5		HETLRLLL	B40:01	PMID:30518613
TSNADB2_001811	1812	excluded	missing_or_ambiguous_event_position	tier3	Non-coding	ZNF219		IIAPPPPPK	A11:01	PMID:30518613
TSNADB2_001812	1813	excluded	missing_or_ambiguous_event_position	tier3	Non-coding	C5orf56		KILILLQSL	A02:01	PMID:30518613
TSNADB2_001813	1814	excluded	missing_or_ambiguous_event_position	tier3	Non-coding			KISLYLPAL	A02:01	PMID:30518613
TSNADB2_001814	1815	excluded	missing_or_ambiguous_event_position	tier3	Non-coding			KPSVFPLSL	B07:02	PMID:30518613
TSNADB2_001815	1816	excluded	missing_or_ambiguous_event_position	tier3	Non-coding	WIPF1		LLAATILLSV	A02:01	PMID:30518613
TSNADB2_001816	1817	excluded	missing_or_ambiguous_event_position	tier3	Non-coding	KCNK12		LPFEQKSL	B08:01	PMID:30518613
TSNADB2_001817	1818	excluded	missing_or_ambiguous_event_position	tier3	Non-coding			LVFNIILHR	A11:01	PMID:30518613
TSNADB2_001818	1819	excluded	missing_or_ambiguous_event_position	tier3	Non-coding	CEACAM6		MISPVLALK	A11:01	PMID:30518613
TSNADB2_001819	1820	excluded	missing_or_ambiguous_event_position	tier3	Non-coding			QRFQGRVTM	C07:01	PMID:30518613
TSNADB2_001820	1821	excluded	missing_or_ambiguous_event_position	tier3	Non-coding	LINC01781		RIFGFRLWK	A11:01	PMID:30518613
TSNADB2_001821	1822	excluded	missing_or_ambiguous_event_position	tier3	Non-coding	RFWD2		SLREKGFSI	B08:01	PMID:30518613
TSNADB2_001822	1823	excluded	missing_or_ambiguous_event_position	tier3	Non-coding	PIH1D3		SLSYLILKK	A11:01	PMID:30518613
TSNADB2_001823	1824	excluded	missing_or_ambiguous_event_position	tier3	Non-coding	TCL1A		SLTALVFHV	A02:01	PMID:30518613
TSNADB2_001824	1825	excluded	missing_or_ambiguous_event_position	tier3	Non-coding			SRFSGVPDRF	A24:02	PMID:30518613
TSNADB2_001825	1826	excluded	missing_or_ambiguous_event_position	tier3	Non-coding	TMC5		SSASQLPSK	A11:01	PMID:30518613
TSNADB2_001826	1827	excluded	missing_or_ambiguous_event_position	tier3	Non-coding	LRRC31		SVIQTGHLAK	A11:01	PMID:30518613
TSNADB2_001827	1828	excluded	missing_or_ambiguous_event_position	tier3	Non-coding	POLR2J4		TSFAETWMK	A11:01	PMID:30518613
TSNADB2_001828	1829	excluded	missing_or_ambiguous_event_position	tier3	Non-coding			TSIPKPNLK	A11:01	PMID:30518613
TSNADB2_001829	1830	excluded	missing_or_ambiguous_event_position	tier3	Non-coding	MECOM		TTLKYLWKK	A11:01	PMID:30518613
TSNADB2_001830	1831	excluded	missing_or_ambiguous_event_position	tier3	Non-coding	CALCA		TYTQNFNKF	A24:02	PMID:30518613
TSNADB2_001831	1832	excluded	missing_or_ambiguous_event_position	tier3	Non-coding	PIK3CG		VPAALRSL	B07:02	PMID:30518613
TSNADB2_001832	1833	excluded	missing_or_ambiguous_event_position	tier3	INDEL	DOT1L	DOT1L_H457del	HSPSPFYQL	B07:02	PMID:32561536
TSNADB2_001833	1834	excluded	missing_or_ambiguous_event_position	tier3	INDEL	SPATS2	SPATS2_SQQPR199_203del	IHNNAAKSL	B07:02	PMID:32561536
TSNADB2_001834	1835	excluded	missing_or_ambiguous_event_position	tier3	INDEL	TWF1	TWF1_N266delinsGG	KLGGNRQLNY	A03:01	PMID:32561536
TSNADB2_001835	1836	excluded	missing_or_ambiguous_event_position	tier3	INDEL	AHCTF1	AHCTF1_L1208del	LHLETPLVVK	A03:01	PMID:32561536
TSNADB2_001836	1837	excluded	missing_or_ambiguous_event_position	tier3	INDEL	CEP128	CEP128_R102fs	LRNSGGEVF	B27:05	PMID:30556813
TSNADB2_001837	1838	excluded	missing_or_ambiguous_event_position	tier3	INDEL	VDAC3	LDTI100_103del	LTFVPNTGK	A03:01	PMID:32561536
TSNADB2_001838	1839	excluded	missing_or_ambiguous_event_position	tier3	INDEL	GNL2	GNL2_637_638insK	PEKEQRKTL	B07:02	PMID:32561536
TSNADB2_001839	1840	excluded	missing_or_ambiguous_event_position	tier3	INDEL	CCND3	CCND3_15_16insA	PRAAGPDPRL	B07:02	PMID:32561536
TSNADB2_001840	1841	excluded	missing_or_ambiguous_event_position	tier3	INDEL	UBA3	UBA3_P246del	PRLEHCIEY	C02:02	PMID:32561536
TSNADB2_001841	1842	excluded	missing_or_ambiguous_event_position	tier3	INDEL	USP10	USP10_174_175insL	PRTPLSYSI	B07:02	PMID:32561536
TSNADB2_001842	1843	excluded	missing_or_ambiguous_event_position	tier3	INDEL	FBN1	FBN1_560_561insV	PRVPPVEYL	B07:02	PMID:32561536
TSNADB2_001843	1844	excluded	missing_or_ambiguous_event_position	tier3	INDEL	TRAPPC13	TRAPPC13_Y251del	QPMDTRQLY	B07:02	PMID:32561536
TSNADB2_001844	1845	excluded	missing_or_ambiguous_event_position	tier3	INDEL	C2CD3	C2CD3_R278del	RAPKQMSLL	B07:02	PMID:32561536
TSNADB2_001845	1846	excluded	missing_or_ambiguous_event_position	tier3	INDEL	TCF25	TCF25_R558del	RAPNIHRHVIL	B07:02	PMID:32561536
TSNADB2_001846	1847	excluded	missing_or_ambiguous_event_position	tier3	INDEL	MEAF6	MEAF6_R178del	RHIDLKLNK	B27:05	PMID:32561536
TSNADB2_001847	1848	excluded	missing_or_ambiguous_event_position	tier3	INDEL	CCNL1	CCNL1_R147del	RRIDVINVF	C02:02	PMID:32561536
TSNADB2_001848	1849	excluded	missing_or_ambiguous_event_position	tier3	INDEL	PRRC2C	PRRC2C_R796del	RSADHAISL	B07:02	PMID:32561536
TSNADB2_001849	1850	excluded	missing_or_ambiguous_event_position	tier3	INDEL	DDX3X	KSR589_591del	RSFSGGFGA	B27:05	PMID:32561536
TSNADB2_001850	1851	excluded	missing_or_ambiguous_event_position	tier3	INDEL	BRK1	BRK1_R46del	RSLATLNEK	B27:05	PMID:32561536
TSNADB2_001851	1852	excluded	missing_or_ambiguous_event_position	tier3	INDEL	CHCHD2	RTSR8_11del	RSMAPPASR	B27:05	PMID:32561536
TSNADB2_001852	1853	excluded	missing_or_ambiguous_event_position	tier3	INDEL	C2CD3	C2CD3_R1186del	RSPTAEGVL	B07:02	PMID:32561536
TSNADB2_001853	1854	excluded	missing_or_ambiguous_event_position	tier3	INDEL	SPEN	KLLE1864_1867del	SPRGEAQLK	B07:02	PMID:32561536
TSNADB2_001854	1855	excluded	missing_or_ambiguous_event_position	tier3	INDEL	DDX3X	TR213_214del	TRYPTPVQK	A03:01	PMID:32561536
TSNADB2_001855	1856	excluded	missing_or_ambiguous_event_position	tier3	INDEL	PDE12	PDE12_S50del	VPSEPKLLS	B07:02	PMID:32561536
TSNADB2_001856	1857	excluded	missing_or_ambiguous_event_position	tier3	INDEL	ZMAT3	ZMAT3_V240fs	WPVLLLNV	B51:01	PMID:30556813
