gene,W_observed,p_value_perm,z_score,perturbation,mean
RP11-54O7.1,5.3695012528227316e-05,0.004975124378109453,3.233132842937418,SPI1_pDS255,0.002253814147018
SAMD11,0.0009024455350774591,0.009950248756218905,3.6184890571388086,SPI1_pDS255,0.0024271844660194
TTLL10,0.00012733718884622437,0.004975124378109453,3.509903428477081,SPI1_pDS255,0.0292995839112343
FAM132A,0.0009399655417128293,0.04975124378109453,0.6947158494078547,SPI1_pDS255,0.0050277392510402
SLC35E2,0.0001372643691199378,0.06965174129353234,0.3451200781958546,SPI1_pDS255,0.0052011095700416
SMIM1,0.015751649424687132,0.472636815920398,-0.14188617497986505,SPI1_pDS255,0.0292995839112343
C1orf174,0.012263514987312128,0.48756218905472637,-0.23213425819168534,SPI1_pDS255,0.2352635228848821
LINC01134,0.0006904825045112714,0.04975124378109453,0.1767402431623349,SPI1_pDS255,0.0036407766990291
ERRFI1,0.0007313532784002546,0.04975124378109453,1.4011694025872534,SPI1_pDS255,0.0032940360610263
RP4-635E18.8,0.0038742371996814367,0.5223880597014925,0.34312638015223546,SPI1_pDS255,0.0114424410540915
RP4-635E18.6,0.01534988898126396,0.01990049751243781,2.5828274006312455,SPI1_pDS255,0.0521844660194174
FBXO2,0.0004088703949959559,0.04975124378109453,0.05524677739855964,SPI1_pDS255,0.0031206657420249
TMEM51,0.0025186070141837965,0.7164179104477612,-1.024719122226213,SPI1_pDS255,0.012135922330097
FBLIM1,0.000830171933609431,0.01990049751243781,1.6038411218190787,SPI1_pDS255,0.0017337031900138
SPEN,0.014384022854180622,0.4079601990049751,0.08706000603368633,SPI1_pDS255,0.0292995839112343
ZBTB17,0.01477263518423798,0.03482587064676617,2.1331448748318955,SPI1_pDS255,0.0532246879334257
C1orf134,0.00011449168559695681,0.004975124378109453,3.7166045940910544,SPI1_pDS255,0.002253814147018
RP4-798A10.7,0.00016702086852744897,0.009950248756218905,3.0849711437608196,SPI1_pDS255,0.0032940360610263
ACTL8,0.0071334135410083144,0.08955223880597014,1.7680588713656784,SPI1_pDS255,0.0240984743411927
RP1-43E13.2,0.0006049387018405779,0.03980099502487562,0.1712669539918316,SPI1_pDS255,0.0058945908460471
TMCO4,9.048009879770731e-05,0.004975124378109453,3.9965300242759074,SPI1_pDS255,0.0024271844660194
PINK1-AS,0.0001957935370543467,0.004975124378109453,2.866001326334215,SPI1_pDS255,0.0036407766990291
ECE1,0.0057831846744106005,0.7313432835820896,-0.43664183959247876,SPI1_pDS255,0.0214979195561719
LUZP1,0.0266269911755031,0.15920398009950248,1.1195283544669234,SPI1_pDS255,0.2801664355062413
ID3,0.010235665400106895,0.31343283582089554,0.2988726223841455,SPI1_pDS255,0.0481969486823855
SYF2,0.03280985853950043,0.12437810945273632,1.0685688434143166,SPI1_pDS255,0.614251040221914
C1orf63,0.013973399961603437,0.6169154228855721,-0.4992721088497196,SPI1_pDS255,0.3191747572815534
RP3-465N24.6,0.00017323731007818675,0.8407960199004975,-0.610338041524755,SPI1_pDS255,0.0069348127600554
PAQR7,0.0005017137221572651,0.029850746268656716,1.6781853406191654,SPI1_pDS255,0.0050277392510402
STMN1,0.19928333609386978,0.004975124378109453,15.385541145782907,SPI1_pDS255,5.130721220527046
PDIK1L,0.006171964130954159,0.21393034825870647,1.1772333584974786,SPI1_pDS255,0.0240984743411927
SH3BGRL3,0.35507225888283495,0.004975124378109453,22.663990367146187,SPI1_pDS255,2.945735090152566
CD52,0.04780101574187705,0.004975124378109453,5.59198521647484,SPI1_pDS255,0.164008321775312
RPS6KA1,0.018878158781288134,0.06965174129353234,1.6747925957549548,SPI1_pDS255,0.1414701803051317
C1orf172,0.00012116950878640105,0.06965174129353234,0.3806073078515829,SPI1_pDS255,0.0292995839112343
SYTL1,0.0006505577120858348,0.04975124378109453,0.2721265693060289,SPI1_pDS255,0.006761442441054
GPR3,0.006571310760251853,0.029850746268656716,1.0783003423665867,SPI1_pDS255,0.0292995839112343
RP1-159A19.4,0.00023058142343974206,0.03482587064676617,0.1987389634351207,SPI1_pDS255,0.0050277392510402
SESN2,0.010498092900467574,0.3781094527363184,0.19176555880054927,SPI1_pDS255,0.0887656033287101
SNHG12,0.017363282263400528,0.27860696517412936,0.43708880649561016,SPI1_pDS255,0.1941747572815534
RAB42,0.0003411052832235021,0.004975124378109453,3.209585829801201,SPI1_pDS255,0.0020804438280166
YTHDF2,0.03143614712461406,0.17412935323383086,0.9018841068895134,SPI1_pDS255,0.6406033287101248
LAPTM5,0.01654664597350968,0.9154228855721394,-1.2234969388268693,SPI1_pDS255,2.2987170596393898
SDC3,0.00028506272694626646,0.06965174129353234,0.05247665330267827,SPI1_pDS255,0.0034674063800277
CCDC28B,0.09174572725139296,0.004975124378109453,5.874126104820425,SPI1_pDS255,0.9011789181692096
BSDC1,0.019316592728890025,0.3880597014925373,0.09743985178829735,SPI1_pDS255,0.3623439667128987
ZBTB8A,0.004881700310572852,0.6318407960199005,-0.11137688810747315,SPI1_pDS255,0.0331137309292649
CLSPN,0.028553412270438852,0.4129353233830846,-0.0018880940066299046,SPI1_pDS255,1.674410540915395
THRAP3,0.024139987595174196,0.5920398009950248,-0.4368611085291207,SPI1_pDS255,1.802357836338419
EVA1B,0.07815294733173937,0.004975124378109453,7.6805577969911765,SPI1_pDS255,0.2869278779472954
CSF3R,0.0009296094890135994,0.8159203980099502,-0.8071774230250117,SPI1_pDS255,0.0275658807212205
CDCA8,0.02271822619679799,0.39800995024875624,0.01977718545539983,SPI1_pDS255,0.6059292649098474
FHL3,0.011488709964906706,0.8606965174129353,-0.9965045211562535,SPI1_pDS255,0.6312413314840499
KIAA0754,0.005715362794824725,0.4228855721393035,0.41492297530681893,SPI1_pDS255,0.0112690707350901
RP1-118J21.25,0.007071618894341518,0.009950248756218905,3.0123331131385047,SPI1_pDS255,0.0078016643550624
MYCL,0.005976151015818208,0.5024875621890548,0.1967614762599866,SPI1_pDS255,0.0334604715672676
CAP1,0.08348561545562659,0.004975124378109453,5.221167774517917,SPI1_pDS255,1.8044382801664356
RP1-39G22.7,0.0256409924649852,0.13930348258706468,1.0298421830098174,SPI1_pDS255,0.0292995839112343
RIMS3,0.00017886081756255203,0.3681592039800995,-0.45237176454705336,SPI1_pDS255,0.0084951456310679
RIMKLA,9.596896714513366e-05,0.004975124378109453,3.54788231813401,SPI1_pDS255,0.0026005547850208
EBNA1BP2,0.02678244156073071,0.4925373134328358,-0.19425150084804235,SPI1_pDS255,4.639563106796117
CDC20,0.01767221481031529,0.7711442786069652,-0.7408345889856226,SPI1_pDS255,0.8997919556171984
HYI,0.014411012068016064,0.23383084577114427,0.6590085853998339,SPI1_pDS255,0.0292995839112343
ST3GAL3,0.014050014310396677,0.04477611940298507,2.134795282122763,SPI1_pDS255,0.0292995839112343
RP11-7O11.3,0.001734934485948078,0.8109452736318408,-1.0410913107256217,SPI1_pDS255,0.0088418862690707
CCDC24,0.0016940329640539686,0.5223880597014925,-0.5433483006205542,SPI1_pDS255,0.0244452149791955
PTCH2,0.00020953081624343505,0.029850746268656716,2.0510422353533317,SPI1_pDS255,0.0038141470180305
PRDX1,0.040053013095406785,0.04477611940298507,2.060220851997034,SPI1_pDS255,12.192961165048544
RP4-533D7.5,0.00029463464807132165,0.004975124378109453,3.4026598647791726,SPI1_pDS255,0.0029472954230235
CYP4A22-AS1,8.430867499140274e-05,0.004975124378109453,2.730720298308927,SPI1_pDS255,0.002253814147018
LINC00853,0.007165806622367362,0.04477611940298507,1.0458327209033111,SPI1_pDS255,0.0114424410540915
RP1-18D14.7,0.0002619378597734134,0.07960199004975124,1.5390883392600871,SPI1_pDS255,0.0027739251040221
RNF11,0.004958653209722871,0.8109452736318408,-0.9531075617170656,SPI1_pDS255,0.1314147018030513
RP11-191G24.1,0.0005504468374672888,0.2736318407960199,-0.04605472880549277,SPI1_pDS255,0.0071081830790568
TXNDC12,0.0967596188491211,0.004975124378109453,6.281484943350893,SPI1_pDS255,1.34500693481276
ZYG11B,0.0060772047254226335,0.5373134328358209,-0.3014372370150041,SPI1_pDS255,0.065880721220527
TMEM59,0.06681543637186427,0.004975124378109453,3.606112738616039,SPI1_pDS255,1.774618585298197
RP11-67L3.4,0.008077472969543859,0.03482587064676617,2.2466947647386704,SPI1_pDS255,0.0133495145631067
JUN,0.013894943401338932,0.39303482587064675,0.09884775785270307,SPI1_pDS255,0.1045423023578363
RP4-794H19.1,0.00013352687996682968,0.05472636815920398,1.6921996422147634,SPI1_pDS255,0.0027739251040221
RP4-792G4.2,0.02266791100036437,0.1890547263681592,0.9257718514882101,SPI1_pDS255,0.1737170596393897
JAK1,0.01967888501360919,0.21890547263681592,0.6275359429696913,SPI1_pDS255,0.2609223300970874
GADD45A,0.12408223607417196,0.004975124378109453,8.281414778955616,SPI1_pDS255,1.6471914008321775
DEPDC1,0.009999605240016451,0.6666666666666666,-0.6120640498819875,SPI1_pDS255,0.1858529819694868
SLC44A5,0.00025958182014547746,0.004975124378109453,2.6432661860460764,SPI1_pDS255,0.0026005547850208
DNAJB4,0.0098764798125264,0.14427860696517414,0.9131365418020605,SPI1_pDS255,0.0457697642163661
PRKACB,0.0003926287548592274,0.4626865671641791,-0.2265943908379527,SPI1_pDS255,0.0088418862690707
CTBS,0.008808279295269736,0.43781094527363185,-0.16335391231517551,SPI1_pDS255,0.0292995839112343
ODF2L,0.024502504485425364,0.417910447761194,0.22650536080050893,SPI1_pDS255,0.4259708737864077
CLCA1,0.18688456615431598,0.004975124378109453,16.791540813098308,SPI1_pDS255,0.5022538141470181
RP4-612B15.3,0.0006420639205779281,0.06965174129353234,0.13923039327702375,SPI1_pDS255,0.0083217753120665
PKN2,0.005329674668944225,0.7562189054726368,-0.776605190488928,SPI1_pDS255,0.0948335644937586
GTF2B,0.016749411883876335,0.48258706467661694,-0.1883512751513158,SPI1_pDS255,0.3368585298196949
ZNF326,0.030142130612626054,0.1791044776119403,0.9500226600757985,SPI1_pDS255,0.574375866851595
BTBD8,0.00012404382236626165,0.004975124378109453,4.016373403942399,SPI1_pDS255,0.004507628294036
FNBP1L,0.007875548090321285,0.1691542288557214,0.609457775974794,SPI1_pDS255,0.0292995839112343
DNTTIP2,0.03346780428908429,0.11940298507462686,1.076065179178546,SPI1_pDS255,0.6139042995839112
RWDD3,0.00035923286142361486,0.03980099502487562,1.69658970998519,SPI1_pDS255,0.0041608876560332
PTBP2,0.002561602596844617,0.527363184079602,-0.5790938632852628,SPI1_pDS255,0.0242718446601941
RP4-549L20.3,0.008001040977470439,0.014925373134328358,2.2610258312918106,SPI1_pDS255,0.0110957004160887
STXBP3,0.006222222605856425,0.5870646766169154,-0.3444975265811975,SPI1_pDS255,0.0738557558945908
WDR47,0.00087696133776079,0.6517412935323383,-0.6500000507263723,SPI1_pDS255,0.0078016643550624
RP5-1065J22.8,0.0026952365977105956,0.9303482587064676,-1.6023406313879796,SPI1_pDS255,0.0232316227461858
KIAA1324,0.00010348114422863055,0.9850746268656716,-2.288186392435212,SPI1_pDS255,0.002253814147018
GSTM2,0.00017944972318386396,0.9303482587064676,-1.5092217656948952,SPI1_pDS255,0.0029472954230235
RP5-1074L1.4,0.0012507376889380197,0.7860696517412935,-0.8603229014873586,SPI1_pDS255,0.0287794729542302
LAMTOR5-AS1,0.003488469832375764,0.7164179104477612,-0.544087437076113,SPI1_pDS255,0.0292995839112343
CD53,0.12170125877486002,0.004975124378109453,15.603956539537874,SPI1_pDS255,0.211511789181692
LRIF1,0.06328235943041563,0.009950248756218905,4.579464748567288,SPI1_pDS255,0.3743065187239944
DENND2D,0.05310612685139787,0.014925373134328358,3.368414895536342,SPI1_pDS255,0.5892857142857143
CHI3L2,0.46054171482184825,0.004975124378109453,27.612669727400117,SPI1_pDS255,2.55253120665742
OVGP1,0.0001672287576478092,0.04477611940298507,1.4440041183389076,SPI1_pDS255,0.002253814147018
RHOC,0.17916539027555273,0.004975124378109453,13.870926847558788,SPI1_pDS255,1.1385228848821085
ZNF697,0.00033127547519590147,0.6616915422885572,-0.1813936092776655,SPI1_pDS255,0.0038141470180305
PHGDH,0.027542100161833283,0.06965174129353234,2.11814750997837,SPI1_pDS255,0.209257975034674
RP11-417J8.6,0.0002625234310222284,0.9900497512437811,-0.36988750649174973,SPI1_pDS255,0.004507628294036
NBPF10,0.019872629607339064,0.014925373134328358,3.157066355579409,SPI1_pDS255,0.0445561719833564
TXNIP,0.01821052574722715,0.24875621890547264,0.5387620755837224,SPI1_pDS255,0.1633148404993065
ITGA10,0.0004060301949230211,0.014925373134328358,2.73505792729472,SPI1_pDS255,0.002253814147018
RP11-337C18.8,0.00406541321291179,0.6865671641791045,-0.025241362351569586,SPI1_pDS255,0.0123092926490984
RP11-14N7.2,0.0023626179091519772,0.4427860696517413,-0.44055446779165947,SPI1_pDS255,0.0254854368932038
RP11-277L2.3,0.00011520933305871684,0.004975124378109453,4.115621295158324,SPI1_pDS255,0.0017337031900138
HIST2H2BF,0.00018001587257931003,0.014925373134328358,2.357722356414474,SPI1_pDS255,0.002253814147018
RP11-196G18.24,0.001058021736039968,0.7213930348258707,-0.7232177955482946,SPI1_pDS255,0.0142163661581137
HIST2H2BE,0.008074579501305768,0.8656716417910447,-0.9423635444548444,SPI1_pDS255,0.1180651872399445
HIST2H2AC,0.009169432759235147,0.8805970149253731,-0.9550192946518199,SPI1_pDS255,0.2548543689320388
SV2A,0.0002779936015594512,0.04477611940298507,0.9372013960969012,SPI1_pDS255,0.0292995839112343
RPRD2,0.010454886301153732,0.3034825870646766,0.3563330482243469,SPI1_pDS255,0.0957004160887656
ECM1,0.02031308471991265,0.004975124378109453,5.83349399844239,SPI1_pDS255,0.0124826629680998
LINC00568,0.00013401847738164072,0.9054726368159204,-0.23720759426488042,SPI1_pDS255,0.0053744798890429
MCL1,0.028712330680924533,0.12437810945273632,1.1423746581816037,SPI1_pDS255,0.3876560332871012
CTSS,0.0624778488654435,0.004975124378109453,10.048312862647807,SPI1_pDS255,0.1078363384188626
FAM63A,0.0016291865091184064,0.5970149253731343,-0.5853269107991487,SPI1_pDS255,0.012135922330097
C1orf56,0.007086294991781687,0.1044776119402985,1.5180159974640113,SPI1_pDS255,0.0166435506241331
CDC42SE1,0.03723380806734345,0.01990049751243781,2.6497088213285718,SPI1_pDS255,0.2761789181692094
MLLT11,0.06827798553955688,0.009950248756218905,4.407402450136635,SPI1_pDS255,0.5773231622746186
LYSMD1,0.0052144161051603756,0.263681592039801,1.1035525322448319,SPI1_pDS255,0.0069348127600554
S100A11,0.10726541455973594,0.004975124378109453,6.419025553042024,SPI1_pDS255,2.162274618585298
S100A4,0.028882189166024034,0.014925373134328358,2.6482027810530613,SPI1_pDS255,0.2009361997226074
S100A16,0.00012855177012889164,0.3781094527363184,0.8841447360086778,SPI1_pDS255,0.0292995839112343
S100A13,0.04725690265786378,0.01990049751243781,2.5431043389485195,SPI1_pDS255,0.6217059639389736
S100A1,0.0041300180519199476,0.5422885572139303,-0.48412373374017603,SPI1_pDS255,0.052877947295423
RP1-178F15.4,0.001410200932000105,0.4577114427860697,-0.3746822477788883,SPI1_pDS255,0.0136962552011095
RAB13,0.0012505336661876125,0.11940298507462686,-0.025098914326242415,SPI1_pDS255,0.0055478502080443
PBXIP1,0.006418020575440364,0.10945273631840796,1.2261868693760434,SPI1_pDS255,0.0123092926490984
MUC1,0.002120425344374659,0.8656716417910447,-0.9062274912251369,SPI1_pDS255,0.0273925104022191
THBS3,0.0004128218414632795,0.04975124378109453,0.1419804438088955,SPI1_pDS255,0.0039875173370319
FDPS,0.027978063474935165,0.472636815920398,-0.09606573727856292,SPI1_pDS255,2.542995839112344
RAB25,0.00023958793980423344,0.004975124378109453,3.1117113572724633,SPI1_pDS255,0.0020804438280166
LMNA,0.01837371182992578,0.38308457711442784,0.10088454374380333,SPI1_pDS255,0.3770804438280166
C1orf61,0.01800103732646176,0.014925373134328358,2.988248449231457,SPI1_pDS255,0.0454230235783633
MEF2D,0.0017356335716657847,0.8507462686567164,-1.180917858107731,SPI1_pDS255,0.0211511789181692
HAPLN2,0.000624810584785139,0.8258706467661692,-0.7008150635689079,SPI1_pDS255,0.0164701803051317
RP11-284F21.9,0.006513707649462187,0.05472636815920398,1.8125394373275727,SPI1_pDS255,0.009882108183079
CRABP2,0.0003690125621837821,0.11442786069651742,1.1435070862866974,SPI1_pDS255,0.002253814147018
SH2D2A,0.01982293959542493,0.009950248756218905,5.30824487937603,SPI1_pDS255,0.029126213592233
NTRK1,0.07049074808334774,0.004975124378109453,12.755139590516066,SPI1_pDS255,0.0825242718446602
PEA15,0.010030826704287458,0.582089552238806,-0.39882831463937163,SPI1_pDS255,0.1289875173370319
RP11-574F21.2,0.0006709058097733163,0.8557213930348259,-0.29681201282297626,SPI1_pDS255,0.0046809986130374
NCSTN,0.025547191475415284,0.03980099502487562,2.1649266478767952,SPI1_pDS255,0.1704230235783634
NHLH1,0.0006345034564550524,0.04477611940298507,0.25092682807751315,SPI1_pDS255,0.0031206657420249
VANGL2,0.011729426101928286,0.03482587064676617,2.418977508144459,SPI1_pDS255,0.0292995839112343
SLAMF6,0.00011812535902083658,0.03980099502487562,1.9422560043682056,SPI1_pDS255,0.0292995839112343
ARHGAP30,0.00042443258594643306,0.014925373134328358,3.0468772537681392,SPI1_pDS255,0.0017337031900138
PFDN2,0.08627519330059834,0.004975124378109453,5.867074383961461,SPI1_pDS255,4.19625520110957
RP11-297K8.2,7.256669479459947e-05,1.0,-2.477509742658001,SPI1_pDS255,0.002253814147018
USP21,0.009767744329646182,0.3482587064676617,0.2004972015897711,SPI1_pDS255,0.0643203883495145
FCER1G,0.11630326445911725,0.004975124378109453,8.778193656494658,SPI1_pDS255,0.4729542302357836
FCGR2A,0.02226826122317362,0.014925373134328358,2.8293621921001684,SPI1_pDS255,0.0721220527045769
PBX1,0.00027042702372420614,0.004975124378109453,2.879496844033257,SPI1_pDS255,0.0024271844660194
TMCO1,0.04224027214441121,0.12437810945273632,1.1113396956367123,SPI1_pDS255,1.844486823855756
RP11-277B15.3,0.0006817263698549127,1.0,-1.3416497602034982,SPI1_pDS255,0.0223647711511789
MPC2,0.16819760122283325,0.004975124378109453,12.419544407118192,SPI1_pDS255,1.444174757281553
GORAB,0.01509955993717552,0.024875621890547265,2.490885408865853,SPI1_pDS255,0.039008321775312
TOR3A,0.05288456158546308,0.03482587064676617,2.313637142229383,SPI1_pDS255,0.9927184466019418
ABL2,0.009965742953826486,0.7661691542288557,-0.7422229985546084,SPI1_pDS255,0.1950416088765603
RP11-533E19.7,0.00033427811524008454,0.9552238805970149,-0.7881164636035458,SPI1_pDS255,0.0133495145631067
KIAA1614,0.00031997960081127965,0.8059701492537313,-0.2409071828180545,SPI1_pDS255,0.0048543689320388
RP11-46A10.4,0.0005948424740455831,0.10945273631840796,-0.08465172001464782,SPI1_pDS255,0.006761442441054
IER5,0.016716170232531316,0.14925373134328357,1.1426904743076716,SPI1_pDS255,0.1104368932038835
RNASEL,0.007849194564190167,0.009950248756218905,2.3026515837125165,SPI1_pDS255,0.013002773925104
RGS16,0.045954671559550214,0.004975124378109453,4.639350524478905,SPI1_pDS255,0.2688973647711511
RP11-317P15.4,0.0071760148847827615,0.009950248756218905,2.1106337378115003,SPI1_pDS255,0.0055478502080443
LAMC1,0.0001135732999699753,0.004975124378109453,4.338621859096509,SPI1_pDS255,0.002253814147018
SWT1,0.00490371638707208,0.4079601990049751,0.5836030081781625,SPI1_pDS255,0.0086685159500693
C1orf27,0.007890834041095774,0.8656716417910447,-1.016350846997539,SPI1_pDS255,0.2239944521497919
RP11-445P19.3,0.0061928090614988135,0.15422885572139303,0.7790653519723062,SPI1_pDS255,0.0124826629680998
RGS2,0.0028571413387363507,0.15422885572139303,0.3361019058785123,SPI1_pDS255,0.0220180305131761
ASPM,0.020218072794078508,0.4577114427860697,-0.09178101242086069,SPI1_pDS255,0.4264909847434119
ZBTB41,0.0009722542807199315,0.7860696517412935,-0.8443769395071414,SPI1_pDS255,0.0135228848821081
C1orf53,0.01887546877631092,0.08955223880597014,1.6111613132626208,SPI1_pDS255,0.1333217753120665
IPO9-AS1,0.009106050529782653,0.07462686567164178,1.4674058279295863,SPI1_pDS255,0.0277392510402219
PTPN7,0.06683005648977935,0.004975124378109453,6.071522315588164,SPI1_pDS255,0.2496532593619972
PCAT6,0.007194038081395665,0.12935323383084577,0.8343536893524126,SPI1_pDS255,0.0178571428571428
BTG2,0.015493908020646673,0.21393034825870647,0.7356896078891155,SPI1_pDS255,0.0710818307905686
ATP2B4,0.007963056133239353,0.06965174129353234,1.9131713125090424,SPI1_pDS255,0.0145631067961165
ZBED6,0.009745292807020706,0.1691542288557214,0.6686887676812454,SPI1_pDS255,0.0397018030513176
ETNK2,0.0008385884886978663,0.9502487562189055,-1.385771572956307,SPI1_pDS255,0.0273925104022191
TMCC2,0.000187259578429774,0.5323383084577115,-0.19020746722706539,SPI1_pDS255,0.0020804438280166
NUCKS1,0.05890742287157671,0.01990049751243781,2.4903750000187306,SPI1_pDS255,4.653952843273232
SLC41A1,0.005575562044468166,0.6965174129353234,-0.5207620453808345,SPI1_pDS255,0.0292995839112343
RASSF5,0.007133205948479381,0.472636815920398,-0.011056724288901743,SPI1_pDS255,0.0662274618585298
DYRK3,0.01720699776309741,0.009950248756218905,3.227074040222998,SPI1_pDS255,0.0407420249653259
YOD1,0.00494962115078408,0.9154228855721394,-1.1103826179295173,SPI1_pDS255,0.0292995839112343
CD55,0.021288426249938985,0.32338308457711445,0.22663308946200333,SPI1_pDS255,0.4542302357836338
NEK2,0.01545404040762208,0.1691542288557214,0.7667571056803177,SPI1_pDS255,0.1270804438280166
DTL,0.02009720215471157,0.208955223880597,0.8919494584284522,SPI1_pDS255,0.1861997226074896
NENF,0.20192802005729868,0.004975124378109453,14.276210252081018,SPI1_pDS255,2.623613037447989
ATF3,0.01154024757880714,0.03482587064676617,2.476669396596229,SPI1_pDS255,0.0166435506241331
FLVCR1-AS1,0.008880049975038745,0.5373134328358209,-0.26661938981399286,SPI1_pDS255,0.138002773925104
VASH2,0.00013534892371143287,0.3781094527363184,0.3021878406738561,SPI1_pDS255,0.0024271844660194
CENPF,0.04032364958087142,0.14925373134328357,1.2508563330561844,SPI1_pDS255,1.3366851595006934
GPATCH2,0.024570197201334472,0.03482587064676617,2.274690301906225,SPI1_pDS255,0.14251040221914
MARC2,0.005132573664222008,0.4975124378109453,0.12137653779066647,SPI1_pDS255,0.0249653259361997
HLA-AS1,9.695285452236249e-05,0.024875621890547265,2.1168450034249013,SPI1_pDS255,0.002253814147018
DUSP10,0.004677241051048484,0.6766169154228856,-0.5862046976869253,SPI1_pDS255,0.0412621359223301
TAF1A,0.00610396667038869,0.7014925373134329,-0.4370170124220162,SPI1_pDS255,0.0511442441054091
RP11-378J18.8,7.16124125582941e-05,0.9203980099502488,-0.29246047825543836,SPI1_pDS255,0.0057212205270457
DEGS1,0.019121658040275658,0.3880597014925373,-0.12194363204545257,SPI1_pDS255,0.5164701803051318
WDR26,0.025165430913055342,0.05472636815920398,1.7358986993070449,SPI1_pDS255,0.1783980582524272
ENAH,0.0005477088040242187,0.32338308457711445,-0.39072098781019043,SPI1_pDS255,0.007628294036061
RP11-396C23.4,0.0003462806884308284,0.004975124378109453,4.496454784777098,SPI1_pDS255,0.0024271844660194
C1orf35,0.05946613066328231,0.014925373134328358,3.124311677953903,SPI1_pDS255,0.9733009708737864
GUK1,0.1931108480739887,0.004975124378109453,15.076724001793009,SPI1_pDS255,4.968273231622746
RP4-803J11.2,0.0003612205865089695,0.6169154228855721,-0.4315123681724584,SPI1_pDS255,0.0017337031900138
RP5-1068B5.3,0.00016764007025151726,0.9751243781094527,-0.21503405208614104,SPI1_pDS255,0.0050277392510402
GALNT2,0.03795024087746825,0.03482587064676617,2.527573567442265,SPI1_pDS255,0.2973300970873786
TTC13,0.000588568183030567,0.9402985074626866,-0.7789875229117275,SPI1_pDS255,0.0292995839112343
RP11-295G20.2,0.06959526945512044,0.004975124378109453,6.203062889846526,SPI1_pDS255,0.537621359223301
IRF2BP2,0.024588215666976256,0.12935323383084577,1.0307154394514955,SPI1_pDS255,0.2649098474341192
ARID4B,0.0236717039422684,0.3283582089552239,0.2823359845543203,SPI1_pDS255,0.5924063800277393
ERO1LB,0.0002993196600611285,0.009950248756218905,2.4646426250787408,SPI1_pDS255,0.002253814147018
ACTN2,0.010525116272236745,0.21890547263681592,0.6947680220037704,SPI1_pDS255,0.0501040221914008
OPN3,0.008150136449605447,0.6616915422885572,-0.5324940276482607,SPI1_pDS255,0.0292995839112343
ZBTB18,0.00017006334410632913,0.9800995024875622,-1.5424066212981367,SPI1_pDS255,0.0065880721220527
C1orf100,0.00010170948822433756,0.009950248756218905,2.7024615335245468,SPI1_pDS255,0.0024271844660194
HNRNPU-AS1,0.017036833518375722,0.24378109452736318,0.7960567521407675,SPI1_pDS255,0.0292995839112343
SMYD3,0.2501576611887882,0.004975124378109453,19.90176681939516,SPI1_pDS255,1.082004160887656
C1orf229,0.0003065999779362927,0.9154228855721394,-0.20239851275156476,SPI1_pDS255,0.007628294036061
SH3YL1,0.006513567115979518,0.13432835820895522,0.8169309364368109,SPI1_pDS255,0.022884882108183
RP11-557L19.1,0.0004219356120567479,0.6517412935323383,-0.3843002620748136,SPI1_pDS255,0.0292995839112343
ID2,0.0004481778522467488,0.10945273631840796,1.3145015115526306,SPI1_pDS255,0.0041608876560332
IAH1,0.0003131993512827921,0.2736318407960199,-0.13523646935466838,SPI1_pDS255,0.006761442441054
ADAM17,0.004416793292802832,0.6417910447761194,-0.6671338031257643,SPI1_pDS255,0.0693481276005547
RP11-214N9.1,0.002957119818766166,0.5522388059701493,-0.3704803667673133,SPI1_pDS255,0.0110957004160887
RP11-254F7.2,0.006822755640364746,0.20398009950248755,0.7893173405417984,SPI1_pDS255,0.0213245492371705
RP11-254F7.4,0.007369364578856841,0.19402985074626866,1.0469746395246,SPI1_pDS255,0.0242718446601941
RRM2,0.0153383312754561,0.7661691542288557,-0.7693931423116253,SPI1_pDS255,0.77999306518724
RN7SL832P,0.0118514653411978,0.024875621890547265,2.5041604205657135,SPI1_pDS255,0.0182038834951456
ATP6V1C2,8.272108820054109e-05,0.9402985074626866,-0.13534579252207166,SPI1_pDS255,0.0069348127600554
PQLC3,0.015230205448707288,0.05970149253731343,1.7257092748912952,SPI1_pDS255,0.0742024965325936
AC096559.1,0.024222281615303227,0.004975124378109453,6.447695489707857,SPI1_pDS255,0.0348474341192787
NBAS,0.023411171419253692,0.208955223880597,0.6983901801689109,SPI1_pDS255,0.266123439667129
LINC00954,0.000512081294838536,0.04975124378109453,0.284144130099383,SPI1_pDS255,0.0052011095700416
TTC32,0.013074281017393332,0.34328358208955223,0.26972006335442184,SPI1_pDS255,0.1520457697642163
RHOB,0.024874659413254483,0.029850746268656716,2.7934189005788266,SPI1_pDS255,0.0872052704576976
RP11-130L8.1,0.00018253383426434022,0.2935323383084577,0.46150178610129694,SPI1_pDS255,0.0034674063800277
PFN4,9.726108448937023e-05,0.009950248756218905,3.279047314804831,SPI1_pDS255,0.0020804438280166
CENPA,0.02586493226273024,0.42786069651741293,0.07286997693834193,SPI1_pDS255,0.7685506241331485
FNDC4,0.01763286245620805,0.009950248756218905,2.786230919664492,SPI1_pDS255,0.0563453536754507
FOSL2,0.0006872274900018901,0.6666666666666666,-0.6481922346331701,SPI1_pDS255,0.0032940360610263
PPP1CB,0.009362442108673057,0.7512437810945274,-0.7159900796524179,SPI1_pDS255,0.2375173370319001
YPEL5,0.030268925701605765,0.01990049751243781,2.7118961445225542,SPI1_pDS255,0.1239597780859916
RP11-490M8.1,0.007213632902965091,0.263681592039801,0.8850913954762871,SPI1_pDS255,0.0114424410540915
HEATR5B,0.0014117969116812193,0.681592039800995,-0.7874082393935659,SPI1_pDS255,0.026005547850208
SRSF7,0.09566805508805666,0.004975124378109453,6.000262230909332,SPI1_pDS255,4.757454923717059
KCNG3,0.00040717301950863113,0.5920398009950248,-0.7634313374381655,SPI1_pDS255,0.0088418862690707
PLEKHH2,0.006388649081927894,0.39303482587064675,0.5151914521944301,SPI1_pDS255,0.0292995839112343
PREPL,0.003216795290777866,0.8656716417910447,-1.0201779820250223,SPI1_pDS255,0.100381414701803
PRKCE,0.0013461441518994551,0.9651741293532339,-1.629848447315125,SPI1_pDS255,0.0195908460471567
EPAS1,0.012994059563748545,0.05472636815920398,2.036740097384266,SPI1_pDS255,0.0292995839112343
SOCS5,0.006145990413451224,0.43283582089552236,0.18809284035256751,SPI1_pDS255,0.0218446601941747
MSH6,0.020154369767236443,0.3283582089552239,0.26661477437979114,SPI1_pDS255,0.3486477115117892
RTN4,0.021991459391038845,0.6716417910447762,-0.5997686757286157,SPI1_pDS255,2.9277045769764216
RPS27A,0.03110291447867264,0.009950248756218905,3.172451806581571,SPI1_pDS255,60.4752080443828
PUS10,0.0060516226805565594,0.4975124378109453,0.08969937536055986,SPI1_pDS255,0.0327669902912621
RP11-355B11.2,0.0002584049158741851,0.07462686567164178,-0.04472672353524087,SPI1_pDS255,0.0048543689320388
FAM161A,0.003849339428982564,0.6069651741293532,-0.6644469793232181,SPI1_pDS255,0.0488904299583911
AC009501.4,0.00046805203871401317,0.009950248756218905,2.939228217765706,SPI1_pDS255,0.0046809986130374
PELI1,0.006931699030574518,0.32338308457711445,0.41298724373451623,SPI1_pDS255,0.0292995839112343
RP11-568N6.1,0.0003576146185847598,0.014925373134328358,1.8620509521953872,SPI1_pDS255,0.0031206657420249
AFTPH,0.012265517431346488,0.09950248756218906,1.3374239353747124,SPI1_pDS255,0.058252427184466
AC074391.1,0.00015444502675561068,0.8059701492537313,-0.906898341529591,SPI1_pDS255,0.0292995839112343
APLF,9.574320230606792e-05,0.6716417910447762,-0.6403848808562697,SPI1_pDS255,0.0034674063800277
ANTXR1,0.005909821448502617,0.373134328358209,0.5499457910529866,SPI1_pDS255,0.0091886269070735
AAK1,0.008036674773716465,0.23383084577114427,0.36813147994463435,SPI1_pDS255,0.0350208044382801
MXD1,0.0025202837971867163,0.527363184079602,-0.4901163727991488,SPI1_pDS255,0.0261789181692094
AC016700.5,0.009974665726694889,0.01990049751243781,1.8060923964296023,SPI1_pDS255,0.0187239944521497
MPHOSPH10,0.014392970673111214,0.8159203980099502,-0.8153392805736823,SPI1_pDS255,0.7869278779472955
EXOC6B,0.0009895785582879812,0.03980099502487562,0.7940207197761819,SPI1_pDS255,0.0046809986130374
WDR54,0.02112303760341132,0.0945273631840796,1.5377183938831518,SPI1_pDS255,0.1421636615811373
PCGF1,0.010235564782514028,0.3283582089552239,0.4508698777219348,SPI1_pDS255,0.0762829403606102
TMSB10,0.05700974343736737,0.04975124378109453,2.077143618631871,SPI1_pDS255,5.879854368932039
CAPG,0.05376013790122672,0.004975124378109453,4.6301690634922,SPI1_pDS255,0.2610957004160887
VAMP5,0.0016509889861621534,0.572139303482587,-0.49871874886780476,SPI1_pDS255,0.0143897364771151
RP11-301O19.1,0.0015944497495334502,0.845771144278607,-1.3269089606995252,SPI1_pDS255,0.031380027739251
AC062029.1,0.00038738631704334636,0.014925373134328358,3.3427942290264223,SPI1_pDS255,0.002253814147018
TEKT4,0.016684137252458733,0.009950248756218905,2.5575382323116913,SPI1_pDS255,0.058252427184466
ANKRD36C,0.006166067819628782,0.6965174129353234,-0.10203499921472492,SPI1_pDS255,0.0292995839112343
LMAN2L,0.0035977972328390217,0.6915422885572139,-0.7553179134907272,SPI1_pDS255,0.0575589459084604
SEMA4C,0.014008404654985433,0.16417910447761194,0.9487389480836826,SPI1_pDS255,0.0878987517337031
FAM178B,0.1137704815129206,0.004975124378109453,7.2051405242876365,SPI1_pDS255,0.9675797503467406
LINC01125,0.00024401426754971648,0.004975124378109453,3.279074824458383,SPI1_pDS255,0.0041608876560332
ZAP70,0.0004272129139999093,0.01990049751243781,2.285441325678452,SPI1_pDS255,0.0292995839112343
MGAT4A,0.0004978814277393852,0.014925373134328358,2.7080366360419936,SPI1_pDS255,0.0036407766990291
C2orf15,0.00018651671498884907,0.03482587064676617,2.430624990208399,SPI1_pDS255,0.0017337031900138
LYG1,0.0004857787256664941,0.0845771144278607,0.04744881058215383,SPI1_pDS255,0.0058945908460471
LONRF2,0.012635707343477354,0.06467661691542288,1.9834494396273081,SPI1_pDS255,0.034500693481276
IL1R1,0.0014656658164184904,0.7960199004975125,-1.2323602223526773,SPI1_pDS255,0.0292995839112343
IL18R1,0.001736933207517986,0.5671641791044776,-0.6252278680079661,SPI1_pDS255,0.0166435506241331
AC108868.6,0.6733889890399227,0.004975124378109453,64.10952090287252,SPI1_pDS255,0.1704230235783634
SULT1C4,0.00011700895894035592,0.20398009950248755,0.8083673139356471,SPI1_pDS255,0.0032940360610263
GCC2,0.012472320116059084,0.7611940298507462,-0.6669106912257933,SPI1_pDS255,0.0292995839112343
MIR4435-1HG,0.02141835030940129,0.4527363184079602,0.019841214820340573,SPI1_pDS255,0.6277739251040222
RP11-181E10.3,0.00022588557295333964,0.6666666666666666,-0.1784054015221432,SPI1_pDS255,0.0069348127600554
SLC20A1,0.08962553408477544,0.004975124378109453,9.716686023676326,SPI1_pDS255,0.3531553398058252
NT5DC4,0.01317356384660312,0.03980099502487562,2.1875849190371395,SPI1_pDS255,0.0221914008321775
PAX8,0.00021119091149536133,0.6716417910447762,-0.9231441561467597,SPI1_pDS255,0.0083217753120665
DPP10,0.0006916567536156142,0.9601990049751243,-0.9296035393133831,SPI1_pDS255,0.0194174757281553
AC093901.1,0.0001459300662701934,0.5870646766169154,-0.3342259381653171,SPI1_pDS255,0.0020804438280166
EPB41L5,0.005920656348500366,0.47761194029850745,0.01744975596188571,SPI1_pDS255,0.0292995839112343
RALB,0.008259397832363527,0.5373134328358209,-0.35539851055010147,SPI1_pDS255,0.1140776699029126
RP5-935K16.1,0.01202063385105391,0.13432835820895522,1.3688470312222965,SPI1_pDS255,0.0449029126213592
HNMT,0.002675230285531762,0.024875621890547265,2.3447544731069585,SPI1_pDS255,0.0043342579750346
SPOPL,0.007605511831545476,0.1044776119402985,1.3564132504525996,SPI1_pDS255,0.0178571428571428
MMADHC,0.01615724545770081,0.8109452736318408,-0.8698895024107625,SPI1_pDS255,1.1222260748959778
RBM43,0.0033944145855726274,0.39800995024875624,-0.23868107164874322,SPI1_pDS255,0.0272191400832177
NEB,0.0007234770703668527,0.029850746268656716,2.1735498298209714,SPI1_pDS255,0.0032940360610263
AC009506.1,0.0026454643149051186,0.8606965174129353,-1.3293767654370192,SPI1_pDS255,0.0417822468793342
PSMD14,0.034986825491990683,0.21393034825870647,0.6578344529172766,SPI1_pDS255,1.7910887656033287
SCN9A,0.00695369749424332,0.014925373134328358,1.0461938300418778,SPI1_pDS255,0.0138696255201109
LRP2,0.00596501687473439,0.03980099502487562,4.139237345197167,SPI1_pDS255,0.0079750346740638
SSB,0.027388266759415622,0.5074626865671642,-0.20149103779366076,SPI1_pDS255,3.686719833564494
AC007405.4,0.011486163115603215,0.08955223880597014,1.6443692200130673,SPI1_pDS255,0.0381414701803051
ERICH2,0.014653427782768454,0.05970149253731343,1.8631100808683765,SPI1_pDS255,0.0292995839112343
GAD1,0.030923702594516152,0.32338308457711445,0.30775209447919344,SPI1_pDS255,1.2581484049930651
AC068039.4,0.00026143078746556167,1.0,-0.17362136962361016,SPI1_pDS255,0.0041608876560332
AC078883.3,0.0001525568275981782,0.8159203980099502,-1.0269848736618479,SPI1_pDS255,0.0017337031900138
AC093818.1,0.007290755294327006,0.06965174129353234,1.0275847704265113,SPI1_pDS255,0.0142163661581137
NFE2L2,0.019128377166637577,0.35323383084577115,0.20294528394128497,SPI1_pDS255,0.3597434119278779
RP11-438L19.1,0.0003074896903383793,0.1691542288557214,-0.24801059353861588,SPI1_pDS255,0.0072815533980582
AC008174.3,0.0005743427626105846,0.3383084577114428,0.18526834060070693,SPI1_pDS255,0.0038141470180305
AC097500.2,8.033729082203383e-05,0.3034825870646766,0.4613900452129702,SPI1_pDS255,0.0026005547850208
TFPI,0.029341243680310887,0.004975124378109453,3.8560655796556014,SPI1_pDS255,0.0830443828016643
COL5A2,0.0002263223805523784,0.004975124378109453,2.6344301234913714,SPI1_pDS255,0.0026005547850208
ANKAR,0.0003603660341123569,0.263681592039801,0.5751101809488075,SPI1_pDS255,0.002253814147018
RP11-647K16.1,0.0002042070952516546,0.18407960199004975,0.24589654501821784,SPI1_pDS255,0.0039875173370319
AC093388.3,0.0003409182458946739,0.9900497512437811,-1.8565402662893715,SPI1_pDS255,0.0102288488210818
SDPR,0.007479609010094591,0.01990049751243781,2.391246169189663,SPI1_pDS255,0.0156033287101248
SLC39A10,0.008035581267809216,0.7263681592039801,-0.7081423474596913,SPI1_pDS255,0.1782246879334258
AC020571.3,0.016664661618769137,0.004975124378109453,4.883323943310425,SPI1_pDS255,0.0095353675450762
HSPD1,0.08473157470308691,0.004975124378109453,7.338086611296592,SPI1_pDS255,8.168515950069349
HSPE1,0.02924917600812766,0.23880597014925373,0.6306256563883867,SPI1_pDS255,11.248613037447988
SGOL2,0.022695531494101695,0.2537313432835821,0.5883621113987854,SPI1_pDS255,0.2990638002773925
RP11-469M7.1,0.0004437694359457164,0.900497512437811,-0.34001462219171064,SPI1_pDS255,0.0050277392510402
CLK1,0.006654951538652825,0.9104477611940298,-1.0142227372198545,SPI1_pDS255,0.0870319001386962
CFLAR,0.04288957620975658,0.024875621890547265,2.5617109616206752,SPI1_pDS255,0.3777739251040222
CASP8,0.026588127717341987,0.01990049751243781,2.574915469690914,SPI1_pDS255,0.1173717059639389
STRADB,0.011707426563485567,0.4577114427860697,-0.16950603748383394,SPI1_pDS255,0.1745839112343966
RP11-686O6.2,0.00232735005647023,0.4626865671641791,-0.3277188864556474,SPI1_pDS255,0.0109223300970873
CREB1,0.009356221715860152,0.527363184079602,-0.2995442058652587,SPI1_pDS255,0.143377253814147
AC096772.6,9.040278749769118e-05,0.004975124378109453,3.038958373623867,SPI1_pDS255,0.0038141470180305
PTH2R,0.0016872382008103685,0.6666666666666666,-0.8809185459189847,SPI1_pDS255,0.0188973647711511
KANSL1L,0.00017157282993392184,0.9900497512437811,-0.47918447341675124,SPI1_pDS255,0.004507628294036
AC007038.7,0.0003109890920572588,0.004975124378109453,3.1361344878399464,SPI1_pDS255,0.0292995839112343
MREG,0.006675975960308409,0.11940298507462686,1.9094646296971167,SPI1_pDS255,0.0161234396671289
RP11-566E18.3,0.0016777455920340863,0.34328358208955223,-0.16892356657949176,SPI1_pDS255,0.0123092926490984
IGFBP2,0.03864280338366428,0.004975124378109453,7.897615214638055,SPI1_pDS255,0.0601595006934812
C2orf62,9.767099072423113e-05,0.004975124378109453,3.5586355600578177,SPI1_pDS255,0.0020804438280166
RP11-378A13.2,0.0024495561939274985,0.2736318407960199,0.03460218471217555,SPI1_pDS255,0.0136962552011095
RQCD1,0.014242365223199218,0.31840796019900497,0.463251979026352,SPI1_pDS255,0.1392163661581137
STK36,0.0006273122063414389,0.9353233830845771,-0.7532373631833484,SPI1_pDS255,0.0133495145631067
FEV,0.044258121644404895,0.004975124378109453,6.674475830855559,SPI1_pDS255,0.1255201109570041
DNAJB2,0.009629895811687557,0.03980099502487562,1.9226132393283977,SPI1_pDS255,0.0292995839112343
PTPRN,0.006296450934289401,0.2935323383084577,0.4671659228544058,SPI1_pDS255,0.0211511789181692
GMPPA,0.11818137098869712,0.004975124378109453,8.360354699359837,SPI1_pDS255,1.0700416088765603
INHA,0.0012016544295168163,0.9402985074626866,-0.8029645972365889,SPI1_pDS255,0.0168169209431345
RP11-16P6.1,9.60579614620909e-05,0.7810945273631841,-0.8767828123704439,SPI1_pDS255,0.0043342579750346
NCL,0.026865481723833382,0.4925373134328358,-0.16490393224937938,SPI1_pDS255,4.949722607489598
PTMA,0.07096911045758642,0.004975124378109453,10.703794352163778,SPI1_pDS255,34.59812760055478
PER2,0.0007594960089729643,0.7562189054726368,-0.7300687052113743,SPI1_pDS255,0.0166435506241331
ANO7,0.001205372352087246,0.7213930348258707,-0.5742247530027922,SPI1_pDS255,0.0117891816920943
NEU4,0.0002940860983669297,0.40298507462686567,0.1340218326843386,SPI1_pDS255,0.0031206657420249
ITPR1,0.07906785211939205,0.004975124378109453,9.73856363202391,SPI1_pDS255,0.1738904299583911
AC018816.3,0.0010604480063633106,0.6616915422885572,-0.5581506597031884,SPI1_pDS255,0.0292995839112343
BHLHE40-AS1,0.00044817282791874104,0.24875621890547264,0.6578080079792961,SPI1_pDS255,0.0027739251040221
BHLHE40,0.11576094294268477,0.004975124378109453,13.255358982338004,SPI1_pDS255,0.2891816920943134
SETD5-AS1,0.05276009476307586,0.024875621890547265,2.496267135634565,SPI1_pDS255,0.8183079056865464
PRRT3,0.0001942303443877867,0.6567164179104478,-0.5337824332494868,SPI1_pDS255,0.0081484049930651
IRAK2,0.0011018804801304525,0.03980099502487562,1.920330802063059,SPI1_pDS255,0.0020804438280166
GHRL,0.0005174405371297086,0.029850746268656716,0.44699780243687953,SPI1_pDS255,0.0055478502080443
GHRLOS,0.0002862385466229543,0.03482587064676617,-0.05697141944412028,SPI1_pDS255,0.0048543689320388
RPL32,0.015078647529811511,0.03980099502487562,2.0543709762315183,SPI1_pDS255,0.0292995839112343
FBLN2,0.00033612504625494307,0.945273631840796,-1.2408334378551193,SPI1_pDS255,0.0039875173370319
LSM3,0.0692666778677588,0.009950248756218905,3.5879180815711207,SPI1_pDS255,4.834257975034674
SH3BP5-AS1,0.00011676025126817861,0.9800995024875622,-0.24474033725187777,SPI1_pDS255,0.0038141470180305
UBE2E1-AS1,0.00012745720605194212,0.009950248756218905,2.6227754988654555,SPI1_pDS255,0.0026005547850208
RP11-317L10.1,0.0067565795056906365,0.07960199004975124,1.4521199106499152,SPI1_pDS255,0.0128294036061026
GPD1L,0.0065671502962676865,0.17412935323383086,0.867121382618929,SPI1_pDS255,0.0157766990291262
CMTM6,0.02938529093937833,0.43283582089552236,0.08940195859730334,SPI1_pDS255,1.9348127600554783
DYNC1LI1,0.04485080509111259,0.07960199004975124,1.721109426836565,SPI1_pDS255,1.1293342579750347
TMPPE,4.2576954586924135e-05,0.4427860696517413,0.12260320565324181,SPI1_pDS255,0.0027739251040221
RP11-129K12.4,9.499579907567567e-05,0.9950248756218906,-2.2583814463883365,SPI1_pDS255,0.0019070735090152
RP11-259K5.2,0.00041672168758901084,0.19900497512437812,-0.3159534275357228,SPI1_pDS255,0.0062413314840499
TTC21A,0.000283480484224542,0.5970149253731343,-0.36156088039845147,SPI1_pDS255,0.0024271844660194
CSRNP1,0.011713629583562335,0.08955223880597014,1.829509408886783,SPI1_pDS255,0.0284327323162274
EIF1B,0.042402700760904216,0.0945273631840796,1.4868827862865297,SPI1_pDS255,1.0455963938973647
RP4-613B23.1,0.0005850081541920755,0.009950248756218905,3.312958691977408,SPI1_pDS255,0.0039875173370319
CCDC13,0.0003878340243007549,0.8258706467661692,-0.6720729948149562,SPI1_pDS255,0.0088418862690707
ACKR2,0.0001753340200982653,0.07462686567164178,-0.11232342475379341,SPI1_pDS255,0.0041608876560332
SNRK,0.012768807594931791,0.04975124378109453,2.0922124195627365,SPI1_pDS255,0.0459431345353675
LINC00694,0.04027826712780108,0.004975124378109453,7.468617280640656,SPI1_pDS255,0.0438626907073509
CDCP1,0.005488995306779436,0.029850746268656716,5.023265601144184,SPI1_pDS255,0.0048543689320388
TMEM158,0.005802296341305548,0.208955223880597,0.723869820097509,SPI1_pDS255,0.0149098474341192
SACM1L,0.021983269343010908,0.03482587064676617,2.135898421035004,SPI1_pDS255,0.1144244105409154
FYCO1,0.006420934174122015,0.17412935323383086,1.546577693429576,SPI1_pDS255,0.0161234396671289
LRRC2,0.0005500719011861499,0.024875621890547265,2.119541241596836,SPI1_pDS255,0.0053744798890429
CSPG5,0.004768501860433735,0.1791044776119403,0.8756743333881016,SPI1_pDS255,0.0128294036061026
COL7A1,0.0004733329610033345,0.7761194029850746,-0.80270626591981,SPI1_pDS255,0.0026005547850208
IP6K2,0.022906520244677295,0.3681592039800995,0.20564745809169258,SPI1_pDS255,0.5244452149791956
PRKAR2A-AS1,0.00033182536209409836,0.009950248756218905,2.6082573485984484,SPI1_pDS255,0.0020804438280166
KLHDC8B,0.005336794675895903,0.8955223880597015,-1.1342144257209812,SPI1_pDS255,0.145631067961165
FAM212A,0.0057824295858330205,0.6417910447761194,-0.6202536418859305,SPI1_pDS255,0.1308945908460471
UBA7,0.00020592884898031422,0.014925373134328358,3.1854028580185756,SPI1_pDS255,0.0039875173370319
U73166.2,0.00046843140198967733,0.04975124378109453,2.0418918415154317,SPI1_pDS255,0.0292995839112343
XXcos-LUCA11.4,0.00026185548634119715,0.11442786069651742,-0.03946413246346742,SPI1_pDS255,0.0292995839112343
MANF,0.10643872886207881,0.004975124378109453,8.113230254586206,SPI1_pDS255,0.8984049930651873
PPM1M,0.0005250971937676961,0.0845771144278607,-0.061882177345382275,SPI1_pDS255,0.0093619972260748
ARF4,0.027008393042041442,0.3681592039800995,0.18902155487629937,SPI1_pDS255,1.117891816920943
PSMD6-AS2,0.00020015253967027517,0.3333333333333333,0.3628870140530926,SPI1_pDS255,0.0029472954230235
MAGI1,0.00015167513699467208,0.263681592039801,-0.3486189355969991,SPI1_pDS255,0.0084951456310679
EOGT,0.006233547616615545,0.30845771144278605,1.0183596617864978,SPI1_pDS255,0.0251386962552011
LMOD3,3.251384030464176e-05,0.208955223880597,0.696880976733467,SPI1_pDS255,0.002253814147018
RYBP,0.009218955240549118,0.5970149253731343,-0.5143627518656884,SPI1_pDS255,0.1307212205270457
GXYLT2,0.003678619017615754,0.2885572139303483,0.33757306148566923,SPI1_pDS255,0.0112690707350901
PPP4R2,0.029434177831373753,0.19900497512437812,0.7839854441728494,SPI1_pDS255,0.6192787794729542
ZNF654,0.0005658887706290107,0.16417910447761194,-0.19208166663890888,SPI1_pDS255,0.0084951456310679
CRYBG3,0.00023320764070273574,0.9751243781094527,-0.4463582170991173,SPI1_pDS255,0.007628294036061
FILIP1L,0.0015456643971196765,0.845771144278607,-0.7936223793722368,SPI1_pDS255,0.0140429958391123
TMEM45A,0.00027249784414584276,0.004975124378109453,2.802909444210772,SPI1_pDS255,0.0026005547850208
TRMT10C,0.04842486500311331,0.0845771144278607,1.6636689017269963,SPI1_pDS255,1.6367891816920943
CD47,0.032561735273452,0.2736318407960199,0.42844864557690815,SPI1_pDS255,1.6139042995839112
CD96,0.00013143330906034137,0.36318407960199006,-0.09825376703949706,SPI1_pDS255,0.0043342579750346
C3orf52,0.000175774290579788,0.8855721393034826,-1.1290179298928007,SPI1_pDS255,0.0036407766990291
KIAA2018,0.00653345108764942,0.4079601990049751,-0.057249856846144545,SPI1_pDS255,0.0306865464632454
ARHGAP31,0.00018493520617156878,0.23383084577114427,-0.14788423615878168,SPI1_pDS255,0.0292995839112343
CD80,0.00012222260776720712,0.35323383084577115,-0.40169171338291904,SPI1_pDS255,0.0031206657420249
GOLGB1,0.025025788811759285,0.07960199004975124,1.6077362808816358,SPI1_pDS255,0.0292995839112343
MYLK-AS1,0.0023082481300769416,0.7213930348258707,-0.7708528299243445,SPI1_pDS255,0.033633841886269
KALRN,0.007284754185916326,0.17412935323383086,0.588976689180888,SPI1_pDS255,0.0214979195561719
KLF15,0.008335763198569282,0.04975124378109453,1.8640913679589557,SPI1_pDS255,0.0216712898751733
RP11-434H6.7,0.00039312909387313315,0.9601990049751243,-0.22223359274669124,SPI1_pDS255,0.0057212205270457
HMCES,0.016262678434013713,0.3383084577114428,0.21187173969871695,SPI1_pDS255,0.2434119278779473
H1FX,0.051601973604294506,0.04477611940298507,2.0157389212452377,SPI1_pDS255,1.352115117891817
RP11-77P16.4,0.00559379981008282,0.029850746268656716,4.1617959283811885,SPI1_pDS255,0.0064147018030513
NEK11,0.0004345258025906902,0.43283582089552236,-0.10953142186776392,SPI1_pDS255,0.0048543689320388
RP11-102M11.2,6.308633519540842e-05,0.8955223880597015,-1.148735272675352,SPI1_pDS255,0.002253814147018
SLC35G2,0.0047747187189240954,0.6467661691542289,-0.6511085603924712,SPI1_pDS255,0.0631067961165048
ZBTB38,0.026525948415695635,0.03980099502487562,1.9093707094345485,SPI1_pDS255,0.1255201109570041
TFDP2,0.013385353431308535,0.48258706467661694,-0.1515531359988304,SPI1_pDS255,0.2831137309292649
XRN1,0.0020849837306099552,0.8009950248756219,-0.8806517441554107,SPI1_pDS255,0.0292995839112343
TRPC1,0.006387242622819601,0.07960199004975124,1.0660199502756413,SPI1_pDS255,0.0097087378640776
C3orf58,0.014329330536376205,0.014925373134328358,2.4831175037447353,SPI1_pDS255,0.0386615811373092
RP11-538P18.2,0.006120920401732132,0.4427860696517413,-0.007058202583801403,SPI1_pDS255,0.0483703190013869
TRIM59,0.00802072328081747,0.05970149253731343,1.4590152365449187,SPI1_pDS255,0.0268723994452149
RP11-16N11.2,0.00012011633953098137,0.48258706467661694,-0.10039777568215941,SPI1_pDS255,0.0019070735090152
GOLIM4,0.0239933941374864,0.024875621890547265,2.926535220359974,SPI1_pDS255,0.0292995839112343
SKIL,0.0033103620082665973,0.5572139303482587,-0.5653551808315862,SPI1_pDS255,0.0459431345353675
CLDN11,0.000523700153212196,0.009950248756218905,2.7794471677745687,SPI1_pDS255,0.0019070735090152
RPL22L1,0.05600826969246518,0.024875621890547265,2.5797261125834043,SPI1_pDS255,1.707004160887656
TNIK,0.032911172510229056,0.024875621890547265,2.8670077383268966,SPI1_pDS255,0.167128987517337
TNFSF10,0.0012368388009137787,0.7761194029850746,-0.8231424183912863,SPI1_pDS255,0.0190707350901525
RP11-114M1.1,0.0005389518267211381,0.7910447761194029,0.2559935170882186,SPI1_pDS255,0.0017337031900138
KCNMB3,0.007855506554930542,0.04975124378109453,1.328839613371176,SPI1_pDS255,0.0105755894590846
MFN1,0.0010231597097243507,0.8606965174129353,-1.0198865550605458,SPI1_pDS255,0.0374479889042995
KLHL24,0.007638719033387753,0.24875621890547264,0.445287276130951,SPI1_pDS255,0.0256588072122052
FAM131A,0.0003005945476072485,1.0,-0.28112938971678286,SPI1_pDS255,0.0064147018030513
C3orf70,0.006145114112855899,0.5074626865671642,0.24705032944360197,SPI1_pDS255,0.0180305131761442
DNAJB11,0.03019287498708383,0.23880597014925373,0.591718879161293,SPI1_pDS255,0.8704923717059639
RFC4,0.014616816140469445,0.8557213930348259,-0.9520771955601792,SPI1_pDS255,0.9051664355062412
RP11-573D15.2,0.00016211357335406778,0.582089552238806,-0.3321223275205147,SPI1_pDS255,0.0024271844660194
HES1,0.017542159883151092,0.29850746268656714,0.519455310742621,SPI1_pDS255,0.233876560332871
FAM43A,0.0005818255672726275,0.9203980099502488,-0.7009199374430254,SPI1_pDS255,0.0197642163661581
AC069513.4,0.00028360669621926827,0.6716417910447762,-0.14232886244486734,SPI1_pDS255,0.0072815533980582
RP11-480A16.1,0.00020666820440822182,0.746268656716418,-0.2348670680948191,SPI1_pDS255,0.0060679611650485
PIGZ,0.0010662392848981355,0.5920398009950248,-0.8625344745578095,SPI1_pDS255,0.0105755894590846
DLG1,0.02260255732035581,0.05970149253731343,1.7803609533469626,SPI1_pDS255,0.0292995839112343
CPLX1,0.0043894063434508435,0.34328358208955223,0.5202679783501423,SPI1_pDS255,0.0142163661581137
RP11-20I20.4,0.0003308429148195736,0.8756218905472637,-1.2857438211037377,SPI1_pDS255,0.0026005547850208
RP11-572O17.1,0.007323031856251149,0.3034825870646766,0.5406664861764123,SPI1_pDS255,0.0324202496532593
ZBTB49,0.0012873890878196297,0.835820895522388,-0.7453132592443678,SPI1_pDS255,0.0142163661581137
S100P,0.00016096103623602437,0.009950248756218905,2.4921374758183337,SPI1_pDS255,0.0032940360610263
KIAA0232,0.017383269041087356,0.11442786069651742,1.1597980809211579,SPI1_pDS255,0.116504854368932
BOD1L1,0.016394353129245864,0.22388059701492538,0.7243777841755611,SPI1_pDS255,0.0292995839112343
CPEB2,0.00045547108007253074,0.029850746268656716,2.390816397816288,SPI1_pDS255,0.0041608876560332
PGM2,0.0748025056531479,0.004975124378109453,7.360533868611895,SPI1_pDS255,0.2754854368932038
RPL9,0.05250512786180736,0.004975124378109453,5.427596994540554,SPI1_pDS255,24.292995839112344
SMIM14,0.015330006167270007,0.029850746268656716,2.7972209121235343,SPI1_pDS255,0.031380027739251
RHOH,0.024925403441215497,0.16417910447761194,1.1363785637987533,SPI1_pDS255,0.3087725381414701
RP11-121C2.2,0.00016401493037920053,0.8756218905472637,-0.255700352652901,SPI1_pDS255,0.0064147018030513
RASL11B,0.0058161374368565595,0.4427860696517413,0.3259464580115405,SPI1_pDS255,0.0232316227461858
CHIC2,0.035240304016378496,0.024875621890547265,2.9629215939049223,SPI1_pDS255,0.1770110957004161
REST,0.019605996099904363,0.27860696517412936,0.38930423673136455,SPI1_pDS255,0.271497919556172
UBA6-AS1,0.01841676721638055,0.0845771144278607,1.3758352625564059,SPI1_pDS255,0.127253814147018
AREG,0.0008771342931517152,0.4129353233830846,0.06125313462264921,SPI1_pDS255,0.0050277392510402
CCNG2,0.0005048329494338012,0.31343283582089554,-0.43962534394422037,SPI1_pDS255,0.0083217753120665
ANXA3,0.028135496815555848,0.009950248756218905,3.4545284075205336,SPI1_pDS255,0.0976074895977808
LINC01094,0.0003603840640557195,0.2935323383084577,-0.3014423374948818,SPI1_pDS255,0.0086685159500693
RP11-109G23.3,0.003363982566627258,0.6368159203980099,-0.7562190149658785,SPI1_pDS255,0.0289528432732316
LINC01088,0.0001859023588720896,0.014925373134328358,2.3625719316793674,SPI1_pDS255,0.0019070735090152
ANTXR2,0.01975718015783908,0.004975124378109453,4.7127861130148645,SPI1_pDS255,0.0322468793342579
RP11-127B20.2,0.0005568529784888472,0.04975124378109453,1.312048212391831,SPI1_pDS255,0.0052011095700416
HELQ,0.006473214839649324,0.5522388059701493,-0.16563638787316878,SPI1_pDS255,0.0709084604715672
AGPAT9,0.000892861455992761,0.09950248756218906,0.24793060337238051,SPI1_pDS255,0.0069348127600554
ARHGAP24,0.007614704837650006,0.3283582089552239,0.4129364262512117,SPI1_pDS255,0.0447295423023578
GRID2,8.437750215972341e-05,0.2885572139303483,0.46509282485656134,SPI1_pDS255,0.0017337031900138
RP11-571L19.8,0.0002834917722350105,0.029850746268656716,2.279416255693062,SPI1_pDS255,0.0024271844660194
PPP3CA,0.013611335151884592,0.12437810945273632,1.449584453285379,SPI1_pDS255,0.0547850208044382
RP11-499E18.1,0.011366614954669358,0.06965174129353234,1.7009839431540807,SPI1_pDS255,0.0320735090152565
SLC9B1,0.0003239349529112925,0.3482587064676617,-0.44371994642969137,SPI1_pDS255,0.0064147018030513
CENPE,0.023557356737964955,0.2935323383084577,0.3493491414128572,SPI1_pDS255,0.4372399445214979
AC004069.2,0.0002151435263501827,0.9253731343283582,-0.8724877776330139,SPI1_pDS255,0.0038141470180305
RPL34-AS1,0.004572257187768397,0.15920398009950248,1.420951406522816,SPI1_pDS255,0.0069348127600554
RPL34,0.060417406704952756,0.014925373134328358,3.4776800835759705,SPI1_pDS255,40.1629680998613
COL25A1,0.0001534329805411406,0.004975124378109453,4.423613881313813,SPI1_pDS255,0.0020804438280166
PLA2G12A,0.048113633993081405,0.029850746268656716,2.7039318979360867,SPI1_pDS255,0.8732662968099861
GAR1,0.0383265456738296,0.14427860696517414,1.086309727852034,SPI1_pDS255,0.0292995839112343
METTL14,0.0033578297458705065,0.7562189054726368,-0.8634015055823144,SPI1_pDS255,0.0726421636615811
ANXA5,0.05613680036396859,0.014925373134328358,3.4794943790924417,SPI1_pDS255,0.6229195561719834
CCNA2,0.057665633675440926,0.03482587064676617,2.4254045507635986,SPI1_pDS255,1.2189667128987518
SLC7A11,0.007180050561353027,0.1890547263681592,0.44092539944170644,SPI1_pDS255,0.0341539528432732
RAB33B,0.00623589139343552,0.11442786069651742,0.9899023078824049,SPI1_pDS255,0.0135228848821081
MGST2,0.021060860129887983,0.48756218905472637,-0.20993405276817337,SPI1_pDS255,0.786754507628294
MAML3,0.0013295693419095042,0.8656716417910447,-0.8922912443225312,SPI1_pDS255,0.0235783633841886
RP11-673E1.1,0.0004206618301260621,0.9253731343283582,-1.4760262346207274,SPI1_pDS255,0.0032940360610263
GYPB,0.11237882747883612,0.004975124378109453,6.087883940199684,SPI1_pDS255,3.169382801664355
GYPA,0.08551828036959543,0.004975124378109453,5.006396607238525,SPI1_pDS255,2.873613037447989
ABCE1,0.03323429831862059,0.11940298507462686,1.23787578518794,SPI1_pDS255,0.0292995839112343
RPS3A,0.018781595360956208,0.2736318407960199,0.5260605403436484,SPI1_pDS255,32.66626213592233
FHDC1,0.011490672232559363,0.01990049751243781,2.8022769227638396,SPI1_pDS255,0.0218446601941747
PPID,0.04244127991306317,0.0945273631840796,1.5354584797758712,SPI1_pDS255,0.9058599167822468
MSMO1,0.01601547256208992,0.4925373134328358,-0.24336103674371615,SPI1_pDS255,0.3633841886269071
HMGB2,0.08066581401320064,0.004975124378109453,5.169517106174168,SPI1_pDS255,6.314320388349515
RP11-798M19.6,0.004494058478680436,0.8855721393034826,-1.0572837933700205,SPI1_pDS255,0.0287794729542302
FBXO8,0.012883700620281633,0.07960199004975124,1.81570582355284,SPI1_pDS255,0.0292995839112343
IRF2,0.014784710655520361,0.014925373134328358,2.6215092114019143,SPI1_pDS255,0.0348474341192787
CASP3,0.009988995098770713,0.6318407960199005,-0.48710663364312135,SPI1_pDS255,0.1581137309292649
CENPU,0.023349030551416662,0.46766169154228854,-0.08784019863858793,SPI1_pDS255,0.9325589459084604
ACSL1,0.0017069145889797223,0.03980099502487562,0.8424692685381668,SPI1_pDS255,0.0052011095700416
RP11-138B4.1,0.00016587742850081787,0.373134328358209,0.29088918913363243,SPI1_pDS255,0.0048543689320388
RP11-43F13.3,0.0004952376428535235,0.9800995024875622,-0.4057407152075242,SPI1_pDS255,0.0071081830790568
SLC6A19,0.008395716195962459,0.06467661691542288,1.4983647522361223,SPI1_pDS255,0.0381414701803051
CTD-2256P15.4,0.0007662123849785411,0.01990049751243781,2.61550696291069,SPI1_pDS255,0.0050277392510402
ROPN1L,0.0010605225709746204,0.5223880597014925,-0.8037986819016061,SPI1_pDS255,0.0105755894590846
CTD-2165H16.4,0.00039990139419766554,0.014925373134328358,2.760421778475336,SPI1_pDS255,0.0038141470180305
ZNF622,0.06748182526648865,0.004975124378109453,5.474889456878242,SPI1_pDS255,0.4069001386962552
CTD-2203K17.1,0.0003498617615003205,0.06965174129353234,1.3478564453616437,SPI1_pDS255,0.0029472954230235
BRIX1,0.058221668769733476,0.024875621890547265,2.6813552781889713,SPI1_pDS255,0.0292995839112343
LMBRD2,0.01297334670905823,0.03482587064676617,2.016466580895059,SPI1_pDS255,0.0395284327323162
C5orf42,9.43075875339637e-05,0.8258706467661692,-0.9447128142029929,SPI1_pDS255,0.0038141470180305
SEPP1,0.016548437602771214,0.47761194029850745,-0.15670632031144893,SPI1_pDS255,0.414875173370319
ANXA2R,0.06637179839657652,0.004975124378109453,7.243656706532929,SPI1_pDS255,0.2349167822468793
HMGCS1,0.021479078390697955,0.1890547263681592,0.9231421854493136,SPI1_pDS255,0.2510402219140083
C5orf28,0.00873544945985445,0.7014925373134329,-0.6394872636068581,SPI1_pDS255,0.1135575589459084
PPAP2A,0.0008942440860801765,0.07462686567164178,0.18718857923454824,SPI1_pDS255,0.0038141470180305
ELOVL7,0.0001195361179057064,0.9552238805970149,-1.5390604535826344,SPI1_pDS255,0.0039875173370319
RP11-231G3.1,0.00018722054601608932,0.04477611940298507,0.04467660955997072,SPI1_pDS255,0.0050277392510402
CTD-2033C11.1,0.00020326385997632184,0.9203980099502488,-1.3738742807126123,SPI1_pDS255,0.0038141470180305
CCNB1,0.07666610678854302,0.004975124378109453,4.97926641133884,SPI1_pDS255,1.0809639389736476
MAP1B,0.04384348193795509,0.01990049751243781,3.0060171544469227,SPI1_pDS255,0.4649791955617198
RP11-79P5.9,0.0006569023736226801,1.0,-1.2537637188187205,SPI1_pDS255,0.0292995839112343
HEXB,0.11260966328514167,0.004975124378109453,10.282534260453382,SPI1_pDS255,0.4025658807212205
GFM2,0.016584204133506128,0.08955223880597014,1.5335625568254678,SPI1_pDS255,0.1022884882108183
CTD-2235C13.3,0.0006726531303073246,0.06467661691542288,1.7320212636911485,SPI1_pDS255,0.0026005547850208
COL4A3BP,0.01336678597641907,0.4577114427860697,-0.15526645180590998,SPI1_pDS255,0.2257281553398058
F2RL1,0.00020146853360323265,0.004975124378109453,2.869260005046877,SPI1_pDS255,0.0019070735090152
SERINC5,0.0018724132771125983,0.3034825870646766,-0.006263239621134793,SPI1_pDS255,0.0079750346740638
ATP6AP1L,0.001907330155177948,0.3283582089552239,-0.3533236791572501,SPI1_pDS255,0.0128294036061026
RP11-343L5.2,0.00014935640838198422,0.014925373134328358,2.3411846426459877,SPI1_pDS255,0.0034674063800277
CTC-480C2.1,7.063573932471196e-05,1.0,-2.581658713763357,SPI1_pDS255,0.0031206657420249
GPR98,0.007315790231457846,0.18407960199004975,0.9416394347429834,SPI1_pDS255,0.0166435506241331
ANKRD32,0.02159613063818443,0.1044776119402985,1.4461273078753558,SPI1_pDS255,0.1608876560332871
RHOBTB3,0.0911916185335959,0.004975124378109453,6.613459230640607,SPI1_pDS255,1.3188280166435506
ERAP2,0.0001590225781248231,0.004975124378109453,2.9019636702357388,SPI1_pDS255,0.002253814147018
CTD-2007H13.3,0.00012590279694490905,0.004975124378109453,3.4164922049385886,SPI1_pDS255,0.0019070735090152
GIN1,0.0028260544034635557,0.5472636815920398,-0.5307447603912127,SPI1_pDS255,0.0365811373092926
TMEM232,7.614941986820164e-05,0.004975124378109453,2.8409535989280155,SPI1_pDS255,0.0017337031900138
TSLP,0.0010288885828502279,0.08955223880597014,-0.027729062161226,SPI1_pDS255,0.0043342579750346
STARD4,0.017324163503036977,0.03980099502487562,2.5534444823852542,SPI1_pDS255,0.0546116504854368
EPB41L4A,0.0016887838580162608,0.8557213930348259,-0.8886540048328242,SPI1_pDS255,0.0292995839112343
DCP2,0.03103105878562727,0.12935323383084577,1.3402575409235324,SPI1_pDS255,0.4790221914008322
MCC,0.0003731885536649991,0.009950248756218905,2.750101700347359,SPI1_pDS255,0.0019070735090152
PGGT1B,0.007733892513960807,0.4975124378109453,-0.24008895705540317,SPI1_pDS255,0.065880721220527
TMED7,0.01122824211153952,0.4527363184079602,-0.08644132700293285,SPI1_pDS255,0.1688626907073509
DTWD2,0.007657693715091366,0.12437810945273632,0.9838292957696888,SPI1_pDS255,0.0182038834951456
DMXL1,0.004158775738861838,0.7810945273631841,-0.9045050822542455,SPI1_pDS255,0.0818307905686546
ZNF608,0.0008472151080149951,0.06965174129353234,0.09757130386781473,SPI1_pDS255,0.0046809986130374
MARCH3,0.010686290598098756,0.2537313432835821,0.5157346357962609,SPI1_pDS255,0.0683079056865464
P4HA2,0.004289459392632511,0.6019900497512438,-0.5611590498228817,SPI1_pDS255,0.0438626907073509
PDLIM4,0.011136033046359838,0.27860696517412936,0.5516792173691798,SPI1_pDS255,0.0471567267683772
SLC22A5,0.004415059235262572,0.7164179104477612,-0.6551190918955081,SPI1_pDS255,0.0086685159500693
KIF3A,0.007179110037756216,0.5920398009950248,-0.31724669338303857,SPI1_pDS255,0.0826976421636615
PPP2CA,0.02492876393293841,0.38308457711442784,0.05906632696854224,SPI1_pDS255,1.0594660194174756
RP11-215P8.3,0.000596277982665555,0.0945273631840796,1.3908746619221724,SPI1_pDS255,0.0027739251040221
SMAD5-AS1,8.046326945550124e-05,0.16417910447761194,0.05889042241664249,SPI1_pDS255,0.0017337031900138
REEP2,0.00037852475233355785,0.06467661691542288,1.1776143828866736,SPI1_pDS255,0.0034674063800277
EGR1,0.016103898842402174,0.22388059701492538,0.5518143746796876,SPI1_pDS255,0.1021151178918169
TMEM173,0.014597669148716953,0.004975124378109453,2.966220592728213,SPI1_pDS255,0.02375173370319
ANKHD1,0.003761778142309633,0.6666666666666666,-0.6900163671042274,SPI1_pDS255,0.0806171983356449
IK,0.038236949361911875,0.11442786069651742,1.2934297627094338,SPI1_pDS255,0.8216019417475728
TAF7,0.03672384713373654,0.05472636815920398,2.1851736482050796,SPI1_pDS255,0.4065533980582524
FCHSD1,0.006401418782739059,0.13930348258706468,1.4986504458985028,SPI1_pDS255,0.0173370319001386
SPRY4,0.0028706787142077045,0.7810945273631841,-0.9611016465775997,SPI1_pDS255,0.0209778085991678
NR3C1,0.006529389570091655,0.6268656716417911,-0.49656069292708627,SPI1_pDS255,0.0936199722607489
ANXA6,0.08751881151599317,0.004975124378109453,11.686389897361524,SPI1_pDS255,0.2739251040221914
FAXDC2,0.009656061209351923,0.014925373134328358,2.8267793507088963,SPI1_pDS255,0.0161234396671289
FABP6,0.01064848337076613,0.31343283582089554,0.17342746141360008,SPI1_pDS255,0.085124826629681
SLU7,0.018192858322152852,0.42786069651741293,0.005181769289652795,SPI1_pDS255,0.3411927877947295
PTTG1,0.04228034169339625,0.15422885572139303,0.9909459623636838,SPI1_pDS255,2.8982316227461857
GABRG2,0.006471315003086991,0.31840796019900497,0.7728534257138896,SPI1_pDS255,0.0135228848821081
HMMR,0.03829907145778285,0.029850746268656716,2.4123667749324094,SPI1_pDS255,0.3892163661581137
MAT2B,0.015036404822238426,0.38308457711442784,0.1567540758586926,SPI1_pDS255,0.2189667128987517
NPM1,0.1424537754227606,0.004975124378109453,19.771529656937222,SPI1_pDS255,23.49930651872399
UBTD2,0.0012106163855462701,0.6716417910447762,-0.6118642917964455,SPI1_pDS255,0.0154299583911234
DUSP1,0.003265661187954537,0.8258706467661692,-0.9953858897369927,SPI1_pDS255,0.0457697642163661
CTC-308K20.1,0.0002739297061746401,0.004975124378109453,2.861063763659204,SPI1_pDS255,0.0031206657420249
CREBRF,0.008396793894466622,0.07462686567164178,1.876485843740334,SPI1_pDS255,0.0133495145631067
BNIP1,0.009356887389861228,0.6517412935323383,-0.6380594409827568,SPI1_pDS255,0.2064840499306518
CPEB4,0.009936052501350077,0.5472636815920398,-0.36797652180944784,SPI1_pDS255,0.1302011095700416
RP11-844P9.2,0.03975400996502497,0.004975124378109453,3.82385158974514,SPI1_pDS255,0.1777045769764216
RP11-1277A3.3,0.00521867141196615,0.06965174129353234,3.216115925450224,SPI1_pDS255,0.0292995839112343
ZNF354B,0.0049235850708433775,0.5671641791044776,0.08443447372554855,SPI1_pDS255,0.0190707350901525
HNRNPH1,0.014628361220036613,0.5771144278606966,-0.33027148978766213,SPI1_pDS255,0.3339112343966713
SQSTM1,0.05891638754550361,0.004975124378109453,3.9787817818337934,SPI1_pDS255,0.5589459084604715
BTNL9,0.00538347222654242,0.35323383084577115,0.6410083866037523,SPI1_pDS255,0.0083217753120665
TRIM7,0.005064123110721531,0.7164179104477612,-0.5993558936270211,SPI1_pDS255,0.0575589459084604
CTC-338M12.6,0.0001261883287090228,0.5771144278606966,-0.17903059372561012,SPI1_pDS255,0.0027739251040221
TRIM52,0.0009157979307624072,0.7960199004975125,-0.9331010106745787,SPI1_pDS255,0.0221914008321775
EXOC2,0.018381686606872352,0.1044776119402985,1.319177750656096,SPI1_pDS255,0.1340152565880721
SERPINB9,0.013724532782413021,0.04477611940298507,1.9318272796092415,SPI1_pDS255,0.0292995839112343
NQO2,0.07326756246629283,0.004975124378109453,4.298569393806274,SPI1_pDS255,1.119625520110957
RP1-40E16.12,0.01602104631124183,0.05970149253731343,1.871414466026,SPI1_pDS255,0.0610263522884882
TUBB2A,0.014959015603252268,0.47761194029850745,-0.17690059802238073,SPI1_pDS255,0.1849861303744799
TUBB2B,0.050181143025777655,0.004975124378109453,6.408472384691051,SPI1_pDS255,0.1811719833564493
RP1-80N2.3,0.0001765768708048826,0.8905472636815921,-1.100308595369836,SPI1_pDS255,0.0292995839112343
RREB1,0.03310069874785573,0.004975124378109453,3.343178929621494,SPI1_pDS255,0.1534327323162274
SNRNP48,0.06115306759801958,0.004975124378109453,5.187052342584068,SPI1_pDS255,0.3921636615811373
RP11-421M1.8,0.0003147042119565919,0.004975124378109453,3.2418542139603725,SPI1_pDS255,0.0029472954230235
HIVEP1,0.011327708349543157,0.09950248756218906,1.7120972306457007,SPI1_pDS255,0.0353675450762829
PHACTR1,0.023413901542410305,0.004975124378109453,3.7156843234096817,SPI1_pDS255,0.0292995839112343
CD83,0.0007342940573667717,0.9552238805970149,-0.8413770075009112,SPI1_pDS255,0.0147364771151178
JARID2,0.02220237588429124,0.12437810945273632,1.1673752364530816,SPI1_pDS255,0.1647018030513176
JARID2-AS1,0.00010346270665524287,1.0,-2.749018900722212,SPI1_pDS255,0.0019070735090152
GMPR,0.04697463086930968,0.01990049751243781,2.5423387157858124,SPI1_pDS255,0.8444868238557559
FAM8A1,0.011919089943690874,0.15422885572139303,1.190463283347158,SPI1_pDS255,0.0625866851595007
SOX4,0.036755643388638654,0.024875621890547265,2.5842495777696235,SPI1_pDS255,0.2734049930651872
GMNN,0.030071571761997002,0.373134328358209,0.07837541262349428,SPI1_pDS255,2.337378640776699
RP11-367G6.3,0.0006940151224783396,0.03980099502487562,0.43660595287300213,SPI1_pDS255,0.0053744798890429
TRIM38,0.011580703439829925,0.1691542288557214,0.7021818256663049,SPI1_pDS255,0.0643203883495145
HIST1H1C,0.11928975561830393,0.004975124378109453,5.901967107697875,SPI1_pDS255,11.641643550624131
HIST1H4C,0.03875330093028884,0.4228855721393035,0.21080931617389895,SPI1_pDS255,15.146151178918169
HIST1H2BC,0.017086664382237948,0.6965174129353234,-0.5772222397651574,SPI1_pDS255,0.4873439667128987
HIST1H2AC,0.07938646049016075,0.01990049751243781,2.812173751400234,SPI1_pDS255,2.095873786407767
HIST1H2BD,0.06279538251339845,0.004975124378109453,6.205548096996895,SPI1_pDS255,0.2475728155339805
HIST1H4D,3.4991260788245624e-05,0.004975124378109453,1.123781772146081,SPI1_pDS255,0.0024271844660194
HIST1H3D,0.008915497823373024,0.6616915422885572,-0.6527582733732674,SPI1_pDS255,0.1440707350901525
HIST1H4E,0.0065976220869103245,0.5124378109452736,-0.2680608831365672,SPI1_pDS255,0.0639736477115117
HIST1H2AE,0.016772540705482966,0.5472636815920398,-0.28455528672821945,SPI1_pDS255,0.1853328710124826
HIST1H1D,0.013148671280061345,0.4975124378109453,-0.18638961319592684,SPI1_pDS255,0.1849861303744799
HIST1H4H,0.01776969558905858,0.5074626865671642,-0.21691065479942048,SPI1_pDS255,0.2688973647711511
BTN2A2,0.0020252441043031567,0.6616915422885572,-0.6547412603130132,SPI1_pDS255,0.0362343966712898
HIST1H2BJ,0.05223055724232477,0.07960199004975124,1.8349884205219946,SPI1_pDS255,1.676490984743412
HIST1H2BK,0.07601689908994114,0.004975124378109453,4.28829690801915,SPI1_pDS255,23.19504160887656
HIST1H2BL,0.006328808492555635,0.004975124378109453,6.13371930814114,SPI1_pDS255,0.0292995839112343
HIST1H2AK,0.00016409872884933264,0.32338308457711445,-0.07061495649562888,SPI1_pDS255,0.0031206657420249
ZNF165,0.00694779985395566,0.01990049751243781,1.8221564977705218,SPI1_pDS255,0.0156033287101248
ZNF311,0.006520031140658914,0.19402985074626866,1.3882106284782358,SPI1_pDS255,0.0112690707350901
RPP21,0.010219337989881769,0.5920398009950248,-0.41019910319038394,SPI1_pDS255,0.1608876560332871
HLA-E,0.007400659753957508,0.6766169154228856,-0.5387186294083144,SPI1_pDS255,0.1031553398058252
PPP1R18,0.06351189977995034,0.014925373134328358,3.3789753632450137,SPI1_pDS255,0.8904299583911235
NRM,0.032090788759703275,0.024875621890547265,2.8007718729170974,SPI1_pDS255,0.1662621359223301
TUBB,0.047816592098207454,0.05472636815920398,1.9883000091342016,SPI1_pDS255,9.041955617198337
IER3,0.029581412081718505,0.004975124378109453,3.94702575729744,SPI1_pDS255,0.0993411927877947
DDX39B-AS1,3.240519856789993e-05,0.004975124378109453,4.065822456552739,SPI1_pDS255,0.0019070735090152
LTB,0.00907606986596163,0.39800995024875624,0.09976494119720498,SPI1_pDS255,0.0700416088765603
LST1,0.007126919610119687,0.5472636815920398,-0.39830132289828307,SPI1_pDS255,0.1048890429958391
NCR3,0.0466754785690837,0.004975124378109453,10.963998950418128,SPI1_pDS255,0.0417822468793342
AIF1,0.18362742353271416,0.004975124378109453,21.338967229658735,SPI1_pDS255,0.5301664355062413
CLIC1,0.16395097273091772,0.004975124378109453,16.977782555687963,SPI1_pDS255,7.966192787794729
HSPA1A,0.038716870169423316,0.024875621890547265,2.4458215138611945,SPI1_pDS255,0.3164008321775312
C6orf48,0.15934571717395557,0.004975124378109453,13.04429659836271,SPI1_pDS255,4.032246879334258
NEU1,0.03525625488868281,0.024875621890547265,2.4732508564532036,SPI1_pDS255,0.2900485436893203
FKBPL,0.008919656737402776,0.736318407960199,-0.746612146282263,SPI1_pDS255,0.0292995839112343
PPT2-EGFL8,0.00023694310902108617,0.06965174129353234,0.07382673513266336,SPI1_pDS255,0.0041608876560332
EGFL8,8.435059727324707e-05,0.43781094527363185,-0.22476159103952534,SPI1_pDS255,0.0062413314840499
HLA-DOB,0.0002946426227825358,0.009950248756218905,2.8014068877275555,SPI1_pDS255,0.002253814147018
BRD2,0.016998010420906852,0.6169154228855721,-0.5228993062715465,SPI1_pDS255,0.8200416088765603
RPS18,0.09582097377018466,0.004975124378109453,24.54112637317028,SPI1_pDS255,154.12187933425798
SCUBE3,0.00023593696175502207,0.004975124378109453,2.811523610298033,SPI1_pDS255,0.0017337031900138
PPARD,0.00766781932040354,0.39303482587064675,-0.07946039848320767,SPI1_pDS255,0.0365811373092926
CDKN1A,0.008858204729034553,0.004975124378109453,6.049634542162031,SPI1_pDS255,0.0050277392510402
PIM1,0.049294267110443456,0.014925373134328358,3.2620993536241008,SPI1_pDS255,0.4868238557558946
TMEM217,0.004347851133113897,0.5124378109452736,-0.024897160738691186,SPI1_pDS255,0.018377253814147
ZFAND3,0.012945255270842698,0.25870646766169153,0.3460070047490905,SPI1_pDS255,0.1407766990291262
DNAH8,0.00015602734863253703,0.6218905472636815,-0.3577519780886474,SPI1_pDS255,0.0058945908460471
FRS3,0.0067159776157444135,0.004975124378109453,3.047915778109661,SPI1_pDS255,0.0071081830790568
PRICKLE4,0.0020113778350744236,0.5771144278606966,-0.6153116970018311,SPI1_pDS255,0.026005547850208
GNMT,0.00011545722155660912,0.004975124378109453,5.195392403654849,SPI1_pDS255,0.0026005547850208
PEX6,0.006637576786763806,0.7114427860696517,-0.3807081142228832,SPI1_pDS255,0.0292995839112343
HSP90AB1,0.045733015134423335,0.014925373134328358,3.141799498905217,SPI1_pDS255,12.739424410540916
TNFRSF21,9.488623337367115e-05,0.6467661691542289,-0.4479898443205963,SPI1_pDS255,0.0019070735090152
RHAG,0.035134696801022144,0.05472636815920398,1.6434877891306015,SPI1_pDS255,0.4526699029126214
GSTA2,0.00044723867088477566,0.5970149253731343,-0.09849178931080095,SPI1_pDS255,0.0039875173370319
ICK,0.007438795054402135,0.2537313432835821,0.5470547866270918,SPI1_pDS255,0.049757281553398
XXbac-BPGBPG55C20.2,0.0003998181348521693,0.9950248756218906,-1.524548756093817,SPI1_pDS255,0.0043342579750346
FKBP1C,0.00023463998977766974,0.009950248756218905,3.0838562831817025,SPI1_pDS255,0.0019070735090152
RP11-301G19.1,0.04084981629796008,0.15920398009950248,0.9962556507648391,SPI1_pDS255,3.652739251040222
RP11-542F9.1,0.00013967884046586822,0.8258706467661692,-0.9509255782189204,SPI1_pDS255,0.0026005547850208
LMBRD1,0.0017058972405064607,0.9353233830845771,-1.2016115765820798,SPI1_pDS255,0.0292995839112343
MB21D1,0.00010407329906768143,0.6019900497512438,-0.2940369587500847,SPI1_pDS255,0.0029472954230235
SH3BGRL2,0.007908570670502118,0.3333333333333333,0.28131522968893674,SPI1_pDS255,0.0292995839112343
ME1,0.01273869284921907,0.3482587064676617,0.2526133390020358,SPI1_pDS255,0.1050624133148405
RP11-393I2.4,0.00018594169816819179,0.9104477611940298,-0.3781834046077894,SPI1_pDS255,0.0292995839112343
SLC35A1,0.007574891365576588,0.35323383084577115,0.20689545695970551,SPI1_pDS255,0.0570388349514563
PNRC1,0.01496270203509228,0.18407960199004975,0.758999301703319,SPI1_pDS255,0.0799237170596394
RRAGD,0.0072473497859439065,0.6567164179104478,-0.5080419720721969,SPI1_pDS255,0.0847780859916782
MANEA-AS1,0.007032060503190901,0.1890547263681592,1.3219984506005522,SPI1_pDS255,0.0173370319001386
MMS22L,0.0064094508996224535,0.845771144278607,-0.9735041228899609,SPI1_pDS255,0.0292995839112343
RP11-98I9.4,0.00463664228934343,0.2537313432835821,1.0352866659085245,SPI1_pDS255,0.0088418862690707
TSTD3,0.02564204273268153,0.004975124378109453,3.688025481733263,SPI1_pDS255,0.0826976421636615
RP3-467N11.1,0.008515411084936161,0.12437810945273632,1.1381583407435152,SPI1_pDS255,0.0292995839112343
AIM1,0.02205735206918067,0.004975124378109453,4.324906557015487,SPI1_pDS255,0.0360610263522884
AK9,0.006044808326343587,0.06965174129353234,1.0812131092255752,SPI1_pDS255,0.0100554785020804
KIAA1919,0.0035976130358331593,0.527363184079602,-0.39576957436399907,SPI1_pDS255,0.0332871012482662
HDAC2,0.04746241866030709,0.08955223880597014,1.7070735576738794,SPI1_pDS255,1.714632454923717
DSE,0.00031298192125954157,0.8756218905472637,-0.16394909975085745,SPI1_pDS255,0.0038141470180305
TSPYL1,0.0018372656908449531,0.7164179104477612,-0.7647692563496001,SPI1_pDS255,0.0273925104022191
KPNA5,0.0007624028788705994,0.9900497512437811,-0.9410012456556883,SPI1_pDS255,0.0407420249653259
CEP85L,0.008763996801845664,0.23383084577114427,0.4901346733659812,SPI1_pDS255,0.0542649098474341
SERINC1,0.005871782351890978,0.8009950248756219,-0.8903006296712513,SPI1_pDS255,0.1248266296809986
SMPDL3A,0.0007781124878859679,0.8159203980099502,-0.87051981375034,SPI1_pDS255,0.0162968099861303
TRDN,0.013846804501416616,0.004975124378109453,4.288940723009287,SPI1_pDS255,0.0095353675450762
RPS12,0.028066212444229993,0.004975124378109453,5.983575408735729,SPI1_pDS255,87.85176837725382
SGK1,0.006436685193446244,0.32338308457711445,0.2497359996592202,SPI1_pDS255,0.0211511789181692
IFNGR1,0.02342941483243699,0.024875621890547265,2.298289697991131,SPI1_pDS255,0.1140776699029126
CCDC28A,0.010321779215599052,0.4228855721393035,-0.08886012502643299,SPI1_pDS255,0.1302011095700416
REPS1,0.008456121556295952,0.46766169154228854,-0.26028857347848383,SPI1_pDS255,0.1199722607489597
CITED2,0.07340891809501122,0.009950248756218905,3.5061403114592453,SPI1_pDS255,1.3867891816920943
RP1-20N2.6,0.00011093742080623698,0.29850746268656714,0.5485881139571159,SPI1_pDS255,0.0019070735090152
PHACTR2,0.00985652989719487,0.4975124378109453,-0.2661001304079192,SPI1_pDS255,0.1071428571428571
EPM2A,0.00235283496087341,0.5671641791044776,-0.5265815708411142,SPI1_pDS255,0.0135228848821081
RP3-466P17.1,0.0002853699931926466,0.01990049751243781,2.4384330534828704,SPI1_pDS255,0.0027739251040221
PPP1R14C,0.006031656271038706,0.26865671641791045,1.1756033303933164,SPI1_pDS255,0.0157766990291262
FBXO5,0.009612857955780913,0.8308457711442786,-0.8137149691379916,SPI1_pDS255,0.2602288488210818
SNX9,0.02561822580655112,0.13930348258706468,1.1088667619896897,SPI1_pDS255,0.2969833564493758
SERAC1,0.0013631474267172263,0.42786069651741293,-0.33086108058321484,SPI1_pDS255,0.0161234396671289
EZR,0.04625682666758536,0.024875621890547265,2.910504182635868,SPI1_pDS255,0.5038141470180305
C6orf99,0.0008841670044324496,0.8955223880597015,-0.8203583251002976,SPI1_pDS255,0.0149098474341192
ACAT2,0.026613991368699953,0.5671641791044776,-0.3264131242118386,SPI1_pDS255,3.1288141470180304
CAHM,0.00046712422613576747,0.8059701492537313,-0.7559572609234064,SPI1_pDS255,0.0180305131761442
QKI,0.004336335294641495,0.9701492537313433,-1.171497384775851,SPI1_pDS255,0.0292995839112343
RP1-168L15.5,0.00011048744626507734,0.9850746268656716,-2.023591870531241,SPI1_pDS255,0.0292995839112343
RNASET2,0.10578853692695306,0.004975124378109453,9.880441304146707,SPI1_pDS255,0.4093273231622746
ERMARD,0.005269072109204532,0.5472636815920398,0.07329547036935873,SPI1_pDS255,0.0246185852981969
RP11-449P15.2,0.0002453165055851992,0.03980099502487562,2.061482627447801,SPI1_pDS255,0.0017337031900138
AC074389.5,0.005619704371603288,0.18407960199004975,1.4395708548263206,SPI1_pDS255,0.0086685159500693
MAD1L1,0.03534029313271651,0.06965174129353234,1.8564762701761808,SPI1_pDS255,0.3788141470180305
FOXK1,0.021974170762899887,0.029850746268656716,2.298891776338615,SPI1_pDS255,0.0934466019417475
ACTB,0.0233597726677651,0.263681592039801,0.43367771313972797,SPI1_pDS255,17.44382801664355
FAM220A,0.006356356856391474,0.06965174129353234,1.5088551618231971,SPI1_pDS255,0.0136962552011095
TSPAN13,0.19247070198609592,0.004975124378109453,16.740465750850454,SPI1_pDS255,0.6827323162274619
SP4,0.0015445186415111133,0.6517412935323383,-0.765818993389376,SPI1_pDS255,0.0162968099861303
KLHL7,0.013802258835516232,0.44776119402985076,-0.08369687690257034,SPI1_pDS255,0.2130721220527045
DFNA5,0.046758612235654855,0.009950248756218905,3.9346824663884785,SPI1_pDS255,0.2869278779472954
NFE2L3,0.015177486549481275,0.03482587064676617,2.1958673733119656,SPI1_pDS255,0.0454230235783633
HNRNPA2B1,0.06093648224942057,0.009950248756218905,3.9244382914209552,SPI1_pDS255,9.259535367545077
HOTAIRM1,0.024162480252850557,0.06965174129353234,1.7455286521313247,SPI1_pDS255,0.151005547850208
HOXA6,4.986600402868454e-05,0.6467661691542289,0.0017836334303095284,SPI1_pDS255,0.0019070735090152
ZNRF2,0.0001385692541418726,0.9651741293532339,-1.8295845454650022,SPI1_pDS255,0.0038141470180305
NOD1,0.000992128625847827,0.8706467661691543,-1.5434772921734052,SPI1_pDS255,0.0100554785020804
RALA,0.029504346684967892,0.32338308457711445,0.2569476097846681,SPI1_pDS255,0.993238557558946
RP11-467D6.1,0.0004832774331917256,0.19402985074626866,-0.2605104608213276,SPI1_pDS255,0.007628294036061
STK17A,0.0316713381651163,0.01990049751243781,3.6516981525314955,SPI1_pDS255,0.1461511789181692
AC004854.4,0.0003092826119549869,0.024875621890547265,2.235067777865521,SPI1_pDS255,0.0029472954230235
UPP1,0.006210265163366209,0.19402985074626866,1.2279240188504943,SPI1_pDS255,0.012135922330097
PSPH,0.034171620933877885,0.01990049751243781,2.8040331190457253,SPI1_pDS255,0.233009708737864
SUMF2,0.03454595806202072,0.03482587064676617,2.647522889286895,SPI1_pDS255,0.2610957004160887
ZNF680,0.013984150855698525,0.06965174129353234,1.7710495534683146,SPI1_pDS255,0.0622399445214979
ERV3-1,0.03589700711573953,0.03980099502487562,2.2525888421864657,SPI1_pDS255,0.2505201109570041
RP11-792A8.4,0.042098066205412385,0.004975124378109453,3.519091743397676,SPI1_pDS255,0.1797850208044382
HIP1,0.007701112515536363,0.09950248756218906,1.0547868136029352,SPI1_pDS255,0.0292995839112343
RHBDD2,0.013983955134365688,0.2835820895522388,0.3223923592248268,SPI1_pDS255,0.159500693481276
GSAP,0.00034918288384268564,0.8756218905472637,-0.32018732227343255,SPI1_pDS255,0.0069348127600554
GATAD1,0.02541816257546331,0.04975124378109453,1.824230888396106,SPI1_pDS255,0.1905339805825242
GNGT1,0.00026316907346160177,0.014925373134328358,2.5591284465086637,SPI1_pDS255,0.004507628294036
CASD1,0.010344284796454732,0.029850746268656716,2.473960607143423,SPI1_pDS255,0.018377253814147
ASNS,0.04185932754653735,0.009950248756218905,3.2455441385473356,SPI1_pDS255,0.3157073509015257
AC004893.11,0.0001354482872930686,0.029850746268656716,2.0011851451957496,SPI1_pDS255,0.0032940360610263
GS1-259H13.2,0.0003568439142709917,0.5870646766169154,-0.444816124684836,SPI1_pDS255,0.0086685159500693
CYP3A5,0.014150847747315554,0.01990049751243781,2.850320615893151,SPI1_pDS255,0.0327669902912621
AP4M1,0.01069182596559018,0.23383084577114427,0.6619747844876539,SPI1_pDS255,0.0755894590846047
ZCWPW1,0.005415499703798957,0.35323383084577115,0.24603798210375483,SPI1_pDS255,0.0095353675450762
TSC22D4,0.023673508528726083,0.20398009950248755,0.8014987152126328,SPI1_pDS255,0.2376907073509015
LRCH4,0.01338911781895053,0.15422885572139303,1.0465911728605521,SPI1_pDS255,0.0816574202496532
RP11-126L15.4,0.0001370543445089771,0.9303482587064676,-1.5652394782756294,SPI1_pDS255,0.0019070735090152
MUC12,0.0017732413872637075,0.22388059701492538,0.15391997739471658,SPI1_pDS255,0.0052011095700416
SERPINE1,0.0025172906025351265,0.263681592039801,0.5394996795250292,SPI1_pDS255,0.0060679611650485
VGF,0.023266598942804462,0.06467661691542288,1.852195093676642,SPI1_pDS255,0.108876560332871
CLDN15,0.0028007501595507947,0.9402985074626866,-1.201124466284914,SPI1_pDS255,0.0606796116504854
RELN,0.01061563214560908,0.6467661691542289,-0.5643590960156665,SPI1_pDS255,0.2297156726768377
RP11-251G23.5,0.00013768258360144292,0.5870646766169154,-0.2465429978280252,SPI1_pDS255,0.0024271844660194
CCDC71L,0.011223913585088435,0.6318407960199005,-0.5044537069349648,SPI1_pDS255,0.2179264909847434
PIK3CG,0.009661351643218949,0.024875621890547265,2.3303573207298913,SPI1_pDS255,0.0190707350901525
HBP1,0.010586985309853861,0.6417910447761194,-0.4301554315275345,SPI1_pDS255,0.0731622746185853
DLD,0.031718040303727865,0.2537313432835821,0.6025044042341517,SPI1_pDS255,0.9283980582524272
CTB-13F3.1,0.00030115084330531417,0.05970149253731343,1.7959713482362798,SPI1_pDS255,0.0017337031900138
PNPLA8,0.003852386594044915,0.9104477611940298,-1.1106227396290704,SPI1_pDS255,0.0601595006934812
THAP5,0.005033041367293128,0.736318407960199,-0.6024219770063831,SPI1_pDS255,0.0568654646324549
DNAJB9,0.023281194896259856,0.04975124378109453,1.9865785610528475,SPI1_pDS255,0.1178918169209431
LSMEM1,0.0007990657564509408,0.014925373134328358,1.1052522290660345,SPI1_pDS255,0.0031206657420249
LINC00998,0.028192348881895146,0.32338308457711445,0.3282542205155616,SPI1_pDS255,1.0157766990291262
TES,0.010945031325257322,0.373134328358209,0.05375218394115043,SPI1_pDS255,0.09500693481276
MET,8.85394075777651e-05,0.9502487562189055,-1.5832893153988337,SPI1_pDS255,0.0019070735090152
POT1-AS1,6.903149691825144e-05,0.46766169154228854,-0.1465346162596825,SPI1_pDS255,0.002253814147018
ZNF800,0.007602981923290363,0.6865671641791045,-0.6649071228515958,SPI1_pDS255,0.1463245492371706
CCDC136,0.014184545351555963,0.17412935323383086,1.0247285632637253,SPI1_pDS255,0.0865117891816921
SMO,0.00030207386860884813,0.27860696517412936,-0.38292998758825253,SPI1_pDS255,0.0071081830790568
STRIP2,0.006682418086203945,0.029850746268656716,1.7872372309423483,SPI1_pDS255,0.0097087378640776
RP11-448A19.1,0.0008277857130981107,0.7313432835820896,-0.8103952245709415,SPI1_pDS255,0.0140429958391123
UBE2H,0.0067176845069716095,0.7014925373134329,-0.6578710340727602,SPI1_pDS255,0.0885922330097087
LINC-PINT,0.001744182652048251,0.46766169154228854,-0.3159266580631307,SPI1_pDS255,0.0292995839112343
KDM7A,0.0005178372843539332,1.0,-1.317691391683428,SPI1_pDS255,0.0254854368932038
AGK,0.01375026006002606,0.22885572139303484,0.7822189145920161,SPI1_pDS255,0.1145977808599167
RP5-894A10.2,0.0006048420279033521,0.8955223880597015,-0.6618276252916709,SPI1_pDS255,0.0292995839112343
PRSS1,0.06701503397819127,0.004975124378109453,6.666621717068516,SPI1_pDS255,0.3087725381414701
EPHB6,0.09976781630545216,0.004975124378109453,13.956705615063553,SPI1_pDS255,0.1113037447988904
AC093673.5,0.008789816214670418,0.14925373134328357,0.8612074731480266,SPI1_pDS255,0.0162968099861303
ZYX,0.043121876380708676,0.004975124378109453,5.803900100831954,SPI1_pDS255,0.1147711511789181
EPHA1-AS1,0.00014668049642035678,0.009950248756218905,1.0659841070909222,SPI1_pDS255,0.002253814147018
FAM115A,0.01713031427279644,0.13930348258706468,1.2276080645656922,SPI1_pDS255,0.0292995839112343
ZNF425,0.0002234691340271223,0.08955223880597014,0.953352954179281,SPI1_pDS255,0.0292995839112343
INSIG1,0.02044261147162897,0.46766169154228854,-0.1850129236729886,SPI1_pDS255,0.6955617198335645
MNX1-AS2,6.454306575084423e-05,0.9950248756218906,-2.027839078303751,SPI1_pDS255,0.0027739251040221
RP11-706O15.1,0.008868756022901353,0.29850746268656714,0.35502545390674983,SPI1_pDS255,0.0745492371705963
TMSB4X,0.1722040586314959,0.004975124378109453,23.353352794699475,SPI1_pDS255,22.10107489597781
RAB9A,0.009859852980371281,0.7611940298507462,-0.7665207407876854,SPI1_pDS255,0.0292995839112343
PIGA,0.007203263307505252,0.19900497512437812,1.036637742634836,SPI1_pDS255,0.0239251040221914
ZRSR2,0.008952256102413651,0.44776119402985076,-0.019039989604734797,SPI1_pDS255,0.0835644937586685
AP1S2,0.0334556269659591,0.05472636815920398,1.8145463184723873,SPI1_pDS255,0.2366504854368932
CXorf23,0.0019873729607329704,0.5174129353233831,-0.3715736204777016,SPI1_pDS255,0.0140429958391123
SAT1,0.028598730662106928,0.029850746268656716,2.376236864746872,SPI1_pDS255,0.233876560332871
MAGEB2,0.000908872871885831,0.014925373134328358,0.6869034853908177,SPI1_pDS255,0.0060679611650485
GPR82,0.0015641483532542388,0.6517412935323383,-0.9893994207636665,SPI1_pDS255,0.0095353675450762
ZNF674-AS1,0.006240390875752402,0.43781094527363185,0.09387385957000442,SPI1_pDS255,0.0358876560332871
JADE3,0.0006132119281791742,0.8706467661691543,-0.8577266569243871,SPI1_pDS255,0.012135922330097
TIMP1,0.2369033990023487,0.004975124378109453,17.786302484226212,SPI1_pDS255,1.834257975034674
GRIPAP1,0.0022562931085279084,0.900497512437811,-1.0471054457130422,SPI1_pDS255,0.0292995839112343
PRAF2,0.00030346835471079035,0.01990049751243781,2.324537805960491,SPI1_pDS255,0.0038141470180305
PLP2,0.03376810672862438,0.21393034825870647,0.7002701410079626,SPI1_pDS255,0.9211165048543688
CLCN5,0.006509894985701856,0.23880597014925373,0.6976263271526792,SPI1_pDS255,0.0246185852981969
TSPYL2,0.0019089275793590912,0.373134328358209,-0.3116376001929033,SPI1_pDS255,0.0154299583911234
IQSEC2,0.015217818718867833,0.009950248756218905,2.752063352005504,SPI1_pDS255,0.0327669902912621
RIBC1,0.00031002203600461484,0.009950248756218905,3.455045144011303,SPI1_pDS255,0.0029472954230235
WNK3,0.0003701023414148419,0.1890547263681592,-0.26164241208544997,SPI1_pDS255,0.0292995839112343
ALAS2,0.056756046604443895,0.01990049751243781,2.6610650352072533,SPI1_pDS255,0.6941747572815534
PAGE2,0.00022541294906337197,0.009950248756218905,2.388170433053499,SPI1_pDS255,0.0038141470180305
KLF8,0.00023381692259176028,0.5373134328358209,-0.6099500718929122,SPI1_pDS255,0.0292995839112343
AMER1,0.0011015713504918768,0.5373134328358209,-0.463222261206383,SPI1_pDS255,0.0149098474341192
MTMR8,0.0002902835670773756,0.01990049751243781,2.151345591602282,SPI1_pDS255,0.0292995839112343
PJA1,0.00734312347494819,0.03980099502487562,1.4388286094553502,SPI1_pDS255,0.0292995839112343
IGBP1,0.04183976633154008,0.05472636815920398,2.131592567493007,SPI1_pDS255,0.658113730929265
IL2RG,0.02958030816609328,0.004975124378109453,5.88642188114991,SPI1_pDS255,0.0509708737864077
ITGB1BP2,0.0005306638849535053,0.024875621890547265,2.471501375125538,SPI1_pDS255,0.0029472954230235
TAF1,0.008423722136519981,0.21393034825870647,0.4224560337927977,SPI1_pDS255,0.0409153952843273
ACRC,0.0007631734180326473,0.024875621890547265,0.8454419627414075,SPI1_pDS255,0.0026005547850208
UPRT,0.0034235290806968396,0.8407960199004975,-1.0166321615045046,SPI1_pDS255,0.0863384188626907
COX7B,0.042661178088375204,0.11940298507462686,1.179528153287813,SPI1_pDS255,5.1047156726768375
PGK1,0.04225703553863325,0.13930348258706468,1.0115456198135304,SPI1_pDS255,3.3592233009708736
ITM2A,0.02714846269013002,0.23880597014925373,0.7183215720342407,SPI1_pDS255,0.6009015256588072
FAM133A,0.00012399713305353925,0.004975124378109453,3.9177986276655523,SPI1_pDS255,0.0019070735090152
TSPAN6,8.52342248821209e-05,0.04975124378109453,1.9344167872009537,SPI1_pDS255,0.0020804438280166
ARMCX3,0.01587108693793804,0.35323383084577115,0.23114852575396272,SPI1_pDS255,0.1997226074895977
TMSB15A,0.0028757729438423653,0.4129353233830846,-0.29491806890050976,SPI1_pDS255,0.0292995839112343
BEX4,0.07286295656682767,0.009950248756218905,3.4554891700953183,SPI1_pDS255,3.121532593619972
BEX2,0.03098751000412652,0.2537313432835821,0.7614249394609368,SPI1_pDS255,0.0292995839112343
TCEAL7,0.00024991041437347233,0.26865671641791045,0.5733875177178039,SPI1_pDS255,0.0026005547850208
WBP5,0.04719145998221772,0.03980099502487562,2.5061188378027945,SPI1_pDS255,0.8580097087378641
MORF4L2-AS1,0.00594683582621156,0.472636815920398,0.5932019606232043,SPI1_pDS255,0.0102288488210818
TSC22D3,0.0071557365363327085,0.31840796019900497,0.7421191931144001,SPI1_pDS255,0.0280859916782246
IL13RA1,0.00694657507831152,0.6069651741293532,-0.3294583370147112,SPI1_pDS255,0.0292995839112343
LONRF3,0.014145301959867202,0.01990049751243781,2.6117739994159392,SPI1_pDS255,0.0360610263522884
RPL39,0.019540454719444635,0.7810945273631841,-0.7641114280540777,SPI1_pDS255,1.7727115117891816
RHOXF2,0.00547330942874016,0.3880597014925373,0.4746949790728387,SPI1_pDS255,0.0112690707350901
ZNF280C,0.001776463329707931,0.2835820895522388,-0.19165508329011502,SPI1_pDS255,0.0292995839112343
ENOX2,0.007483586681384414,0.7611940298507462,-0.6678020431794601,SPI1_pDS255,0.0969140083217753
MST4,0.014524927910484814,0.17412935323383086,0.8915140128620047,SPI1_pDS255,0.0292995839112343
RAP2C,0.00908390550892513,0.38308457711442784,-0.0029777074501769894,SPI1_pDS255,0.0785367545076283
FAM122C,0.00018257603967222326,0.7064676616915423,-0.22729621221304785,SPI1_pDS255,0.0083217753120665
ZNF75D,6.657344414671343e-05,0.9751243781094527,-0.16561210795508785,SPI1_pDS255,0.0058945908460471
HTATSF1,0.019714339318710142,0.3383084577114428,0.2434293451790305,SPI1_pDS255,0.0292995839112343
MAGEC2,0.005277388504716227,0.7611940298507462,-0.5421698406769483,SPI1_pDS255,0.0384882108183079
IDS,0.002573924100914119,0.7562189054726368,-0.7989196531787347,SPI1_pDS255,0.0431692094313453
FLNA,0.03150448435191079,0.004975124378109453,3.317736115231119,SPI1_pDS255,0.1612343966712899
DNASE1L1,0.0005394281743268557,0.9800995024875622,-0.7019415422794255,SPI1_pDS255,0.0112690707350901
GAB3,0.006477113475438852,0.12935323383084577,0.933672506464314,SPI1_pDS255,0.0112690707350901
MTCP1,0.00023464534737603754,0.2885572139303483,0.5642725632554262,SPI1_pDS255,0.0036407766990291
ZNF596,0.0006420622008369334,0.4129353233830846,-0.20454283234784096,SPI1_pDS255,0.0043342579750346
TDRP,0.0005026480861309039,0.1044776119402985,0.8170731514825933,SPI1_pDS255,0.0019070735090152
ANGPT2,0.0067126863173765485,0.11442786069651742,1.0825999183876724,SPI1_pDS255,0.0138696255201109
RP11-375N15.2,0.00014572041566550053,0.9950248756218906,-0.29205430628603024,SPI1_pDS255,0.0036407766990291
SLC35G5,0.0005156751003709749,0.024875621890547265,2.2378339903440003,SPI1_pDS255,0.0026005547850208
FDFT1,0.041937695428301926,0.0945273631840796,1.4776590759291446,SPI1_pDS255,1.4849167822468794
RP11-297N6.4,0.006264650678598123,0.3781094527363184,0.3824815480550129,SPI1_pDS255,0.0187239944521497
CTSB,0.04515288591983457,0.004975124378109453,3.609551417736549,SPI1_pDS255,0.3502080443828017
LONRF1,0.005128655578012805,0.5074626865671642,0.3820716104605152,SPI1_pDS255,0.0123092926490984
VPS37A,0.021116807619213983,0.12437810945273632,1.1451649441010994,SPI1_pDS255,0.1695561719833564
CTD-2547L16.1,0.0004555719743789238,0.43283582089552236,-0.6848022137942987,SPI1_pDS255,0.0090152565880721
ATP6V1B2,0.01778793109623705,0.16417910447761194,0.7266000675335911,SPI1_pDS255,0.1803051317614424
DOK2,0.006673583098853272,0.44776119402985076,0.0775814828006581,SPI1_pDS255,0.0365811373092926
NUDT18,0.004540818398355229,0.6218905472636815,-0.05884520003072545,SPI1_pDS255,0.0292995839112343
TNFRSF10B,0.0029402030332811844,0.7064676616915423,-0.7430552165180246,SPI1_pDS255,0.045249653259362
TNFRSF10C,0.0008880997502133512,0.009950248756218905,3.705535372797943,SPI1_pDS255,0.0032940360610263
SLC25A37,0.07832254312404044,0.004975124378109453,4.5172572878406605,SPI1_pDS255,0.8925104022191401
GNRH1,0.00040531007181914664,0.5223880597014925,-0.10590471128320321,SPI1_pDS255,0.0038141470180305
SCARA5,0.09028826334580002,0.004975124378109453,21.794101719586216,SPI1_pDS255,0.0204576976421636
TMEM66,0.08161326305821912,0.004975124378109453,5.3975457375427105,SPI1_pDS255,0.0292995839112343
RP11-51J9.5,0.005944121353994028,0.42786069651741293,0.06355427346302027,SPI1_pDS255,0.0476768377253814
RAB11FIP1,0.023612877723172353,0.20398009950248755,0.6752918961496531,SPI1_pDS255,0.3521151178918169
RP11-350N15.5,0.00016562312179277416,0.9950248756218906,-0.30654531794293693,SPI1_pDS255,0.006761442441054
LETM2,0.0061224800354356314,0.26865671641791045,1.0472652584681557,SPI1_pDS255,0.0104022191400832
FGFR1,0.02212748993144312,0.06467661691542288,1.889035822670268,SPI1_pDS255,0.1220527045769764
RP11-930P14.2,0.0005431977681610295,0.8109452736318408,-0.7599078363222903,SPI1_pDS255,0.0105755894590846
POLB,0.014551670862891877,0.19402985074626866,0.84289809323122,SPI1_pDS255,0.0292995839112343
THAP1,0.012197669945960355,0.3880597014925373,-0.0670304134405357,SPI1_pDS255,0.1730235783633842
HGSNAT,0.008752220838264142,0.08955223880597014,1.4352295897194625,SPI1_pDS255,0.0292995839112343
CEBPD,0.04139776016628136,0.004975124378109453,4.701955345817127,SPI1_pDS255,0.2180998613037447
RB1CC1,0.009876566673586138,0.8805970149253731,-0.9910010993543552,SPI1_pDS255,0.2650832177531206
RGS20,0.016776069720618098,0.38308457711442784,0.09614331854939165,SPI1_pDS255,0.1607142857142857
SDCBP,0.025960230216032554,0.21890547263681592,0.42296362767644424,SPI1_pDS255,0.6024618585298197
RP11-16E18.3,0.00045417393026821727,0.01990049751243781,2.550178356826818,SPI1_pDS255,0.0029472954230235
TRPA1,0.0004828672204125295,0.1044776119402985,-0.07171479382941474,SPI1_pDS255,0.004507628294036
RPL7,0.0630795977077445,0.004975124378109453,6.000241049026409,SPI1_pDS255,20.83633841886269
TMEM70,0.05741521108471745,0.024875621890547265,3.01618863044513,SPI1_pDS255,0.883495145631068
RP11-758M4.4,0.009602202602378603,0.5223880597014925,-0.20778937495744554,SPI1_pDS255,0.0965672676837725
ZC2HC1A,0.0048472024582372365,0.29850746268656714,0.32850204703763053,SPI1_pDS255,0.0292995839112343
SLC10A5,0.00045101540254477863,0.029850746268656716,2.2018780038335346,SPI1_pDS255,0.0017337031900138
RP11-37B2.1,0.0011614634868385425,0.5970149253731343,-0.5088585790992343,SPI1_pDS255,0.013002773925104
RBM12B,0.005152386099623394,0.9054726368159204,-0.9992345524698417,SPI1_pDS255,0.0608529819694868
GEM,0.006019984942471099,0.029850746268656716,4.637022444061886,SPI1_pDS255,0.0039875173370319
UQCRB,0.020710456756649533,0.8706467661691543,-0.9730145468333294,SPI1_pDS255,2.652392510402219
SDC2,0.0006523886901563926,0.0845771144278607,-0.034230194097925104,SPI1_pDS255,0.009882108183079
RP11-410L14.2,0.0035903340179673053,0.6467661691542289,-0.6959030587575965,SPI1_pDS255,0.0559986130374479
KLF10,0.009134923060263181,0.19402985074626866,0.497070493501848,SPI1_pDS255,0.0273925104022191
DCAF13,0.01289679556275508,0.945273631840796,-1.1520306849873676,SPI1_pDS255,0.9876907073509016
LRP12,0.002522904590853989,0.5671641791044776,-0.5689400926868688,SPI1_pDS255,0.0182038834951456
ZFPM2,0.010571988897450703,0.11442786069651742,1.6808859886605108,SPI1_pDS255,0.0275658807212205
EIF3E,0.03869389834467443,0.12935323383084577,1.0200633932933072,SPI1_pDS255,3.638869625520111
RAD21-AS1,0.0001445903062832562,0.8955223880597015,-1.2707788387418666,SPI1_pDS255,0.002253814147018
FAM83A,0.02209080907307534,0.5074626865671642,-0.21200558886848903,SPI1_pDS255,0.8002773925104022
ZHX1-C8ORF76,0.0031830746150221145,0.40298507462686567,-0.25605100450127055,SPI1_pDS255,0.0225381414701803
FBXO32,0.011732381023545794,0.13930348258706468,1.1906351981692023,SPI1_pDS255,0.0310332871012482
RNF139-AS1,0.006686727732715102,0.7064676616915423,-0.5201099945209525,SPI1_pDS255,0.0539181692094313
SQLE,0.047004166448339824,0.07960199004975124,1.4210969463845171,SPI1_pDS255,1.6768377253814146
TRIB1,0.003655833625435581,0.4577114427860697,-0.2785149508387002,SPI1_pDS255,0.0213245492371705
MYC,0.10198310098436826,0.004975124378109453,5.869579941110657,SPI1_pDS255,2.126040221914008
AC083843.1,0.00011792766317982624,0.9800995024875622,-0.22090820498760477,SPI1_pDS255,0.0057212205270457
KHDRBS3,4.694641107372756e-05,0.9800995024875622,-1.9520922890703039,SPI1_pDS255,0.0029472954230235
KCNK9,0.00014283444816416354,0.7313432835820896,-0.0945151671666333,SPI1_pDS255,0.0057212205270457
RP11-809O17.1,0.00019780791069136237,0.8557213930348259,-1.0036874504002893,SPI1_pDS255,0.0024271844660194
CTD-3064M3.1,0.00020677166318847938,0.47761194029850745,-0.15334378882819713,SPI1_pDS255,0.0093619972260748
LY6E,0.6652414033329094,0.004975124378109453,48.49236472599334,SPI1_pDS255,4.007801664355062
RP13-582O9.5,0.015634045334520764,0.4427860696517413,-0.034799886861517276,SPI1_pDS255,0.2390776699029126
ZNF707,0.00199449787831345,0.7562189054726368,-0.76538187034897,SPI1_pDS255,0.0244452149791955
FBXL6,0.010740905645289064,0.18407960199004975,0.8454036613052687,SPI1_pDS255,0.0778432732316227
LRRC24,0.00026852877865612425,0.8805970149253731,-0.2066299351470364,SPI1_pDS255,0.0043342579750346
ERMP1,0.00037431144900053294,0.8557213930348259,-1.2654338752485743,SPI1_pDS255,0.0292995839112343
PSIP1,0.05574803268568326,0.01990049751243781,2.7790202158655326,SPI1_pDS255,0.0292995839112343
PLIN2,0.01260225202939142,0.6368159203980099,-0.5524065482573441,SPI1_pDS255,0.2543342579750346
RPS6,0.0654627803746855,0.004975124378109453,7.799729792036168,SPI1_pDS255,67.30738557558946
TOPORS,0.0048770762652766905,0.8308457711442786,-0.9665095099617385,SPI1_pDS255,0.1546463245492371
NDUFB6,0.03183388628871194,0.3482587064676617,0.19227259529431745,SPI1_pDS255,2.5315533980582523
DNAJA1,0.04051258551257467,0.14427860696517414,1.02828835605561,SPI1_pDS255,4.206830790568655
B4GALT1,0.013153692233396056,0.12437810945273632,1.2525548031323057,SPI1_pDS255,0.0292995839112343
SPINK4,0.013964804617322534,0.004975124378109453,3.9211693190527406,SPI1_pDS255,0.0128294036061026
AQP3,0.0051105255471124095,0.8905472636815921,-1.0102787289739894,SPI1_pDS255,0.0882454923717059
PRSS3,0.020318200470884867,0.029850746268656716,2.289118119208177,SPI1_pDS255,0.0773231622746185
CCL27,0.00020582903030311422,0.004975124378109453,5.0800993128012815,SPI1_pDS255,0.0292995839112343
RP11-195F19.9,0.002475188029012252,0.8557213930348259,-1.505247389818799,SPI1_pDS255,0.0095353675450762
STOML2,0.0996507966764804,0.004975124378109453,6.599252979492721,SPI1_pDS255,4.552357836338419
FBXO10,0.0004495899868744516,0.2885572139303483,-0.24151742421999406,SPI1_pDS255,0.004507628294036
CNTNAP3B,0.00018080069300668188,0.004975124378109453,3.316303603155362,SPI1_pDS255,0.0020804438280166
TJP2,0.01254482837550322,0.31343283582089554,0.26913850249933763,SPI1_pDS255,0.0932732316227461
GDA,0.005936156779160525,0.6766169154228856,-0.379088817190746,SPI1_pDS255,0.0556518723994452
ANXA1,0.0008632037534750409,0.009950248756218905,1.844466476775525,SPI1_pDS255,0.0032940360610263
RP11-522I20.3,0.000292168908266597,0.27860696517412936,-0.3382581296325047,SPI1_pDS255,0.009882108183079
NAA35,0.013510238063995308,0.31840796019900497,0.25200851733190843,SPI1_pDS255,0.0292995839112343
CTSL,0.06540680579612235,0.004975124378109453,3.7586363793051314,SPI1_pDS255,0.7888349514563107
S1PR3,0.005869351718281578,0.07462686567164178,1.123471371388556,SPI1_pDS255,0.0097087378640776
CKS2,0.018665466552142292,0.8805970149253731,-0.9847624456519646,SPI1_pDS255,2.2735783633841886
GADD45G,0.007572289846627214,0.10945273631840796,0.9622128224731135,SPI1_pDS255,0.0138696255201109
NINJ1,0.0147153648290714,0.14925373134328357,1.1393782131525776,SPI1_pDS255,0.0778432732316227
RP11-435O5.2,0.0016075571140257718,0.5621890547263682,-0.4935901804834226,SPI1_pDS255,0.0136962552011095
RP11-435O5.5,0.0002693424876075114,0.024875621890547265,2.2138962480458426,SPI1_pDS255,0.0032940360610263
CDC14B,0.002411834785898077,0.5124378109452736,-0.5500120734190215,SPI1_pDS255,0.0292995839112343
TDRD7,0.0005783764455953045,0.6318407960199005,-0.6816813579741404,SPI1_pDS255,0.0292995839112343
HEMGN,0.11826440771304586,0.004975124378109453,8.78325682492316,SPI1_pDS255,0.7148058252427184
TRIM14,0.0017423353574528165,0.7114427860696517,-0.7821791434140914,SPI1_pDS255,0.0449029126213592
CORO2A,0.004931087794439035,0.5970149253731343,0.14542240533662557,SPI1_pDS255,0.0292995839112343
RP11-60I3.4,0.001147182347330952,0.009950248756218905,1.815156535684829,SPI1_pDS255,0.0017337031900138
TEX10,0.007285985770548807,0.8606965174129353,-0.9226324496565758,SPI1_pDS255,0.0292995839112343
MRPL50,0.0432570183316925,0.05472636815920398,2.389988724774063,SPI1_pDS255,0.0292995839112343
ZNF189,0.002071330968352944,0.31343283582089554,-0.10308038313618442,SPI1_pDS255,0.0173370319001386
RP11-82L2.1,0.00019899202128802218,0.9850746268656716,-1.8833974912319595,SPI1_pDS255,0.0029472954230235
NIPSNAP3A,0.05537808552311815,0.004975124378109453,4.677339473096821,SPI1_pDS255,0.3092926490984743
NIPSNAP3B,0.00432473812417146,0.8606965174129353,-0.9376710921200848,SPI1_pDS255,0.0104022191400832
SLC44A1,0.0004817845332650436,0.0945273631840796,0.4199858185097854,SPI1_pDS255,0.0041608876560332
C9orf147,0.000869341427539398,0.31343283582089554,-0.3000812649374767,SPI1_pDS255,0.0069348127600554
FAM225A,0.00017121784896893583,0.9800995024875622,-0.6655106059307694,SPI1_pDS255,0.0039875173370319
CDC26,0.00025243763740186647,1.0,-2.2572760932358618,SPI1_pDS255,0.0034674063800277
C9orf43,0.0001953292453034238,0.004975124378109453,2.872123162537415,SPI1_pDS255,0.0017337031900138
DFNB31,0.001657146963329332,0.5870646766169154,-0.49784713468370034,SPI1_pDS255,0.0171636615811373
PHF19,0.1363293624015337,0.004975124378109453,9.329952656528203,SPI1_pDS255,4.473474341192788
GSN,0.01815810839068982,0.01990049751243781,2.8628514106443332,SPI1_pDS255,0.0435159500693481
PDCL,0.005894610601168198,0.845771144278607,-0.9683859350181704,SPI1_pDS255,0.1754507628294036
HSPA5,0.024894188777911348,0.5074626865671642,-0.2021462118880375,SPI1_pDS255,1.1601941747572817
ZBTB43,0.013696899109538052,0.4527363184079602,-0.0641112500479795,SPI1_pDS255,0.1132108183079056
STXBP1,0.004697051415409317,0.7761194029850746,-0.5028442022606252,SPI1_pDS255,0.0292995839112343
GOLGA2,0.02678086117573256,0.13432835820895522,1.2417932905166333,SPI1_pDS255,0.0292995839112343
SET,0.02614607829751456,0.47761194029850745,-0.16904378233898565,SPI1_pDS255,4.877947295423024
LRRC8A,0.009436174012844828,0.4079601990049751,0.057989796949706685,SPI1_pDS255,0.0899791955617198
FNBP1,0.010464418424218478,0.417910447761194,-0.029209764239072532,SPI1_pDS255,0.1144244105409154
RP11-544A12.8,0.008273145961514284,0.681592039800995,-0.5901394427798107,SPI1_pDS255,0.1362690707350901
AK8,0.009627312415561839,0.04975124378109453,1.5119559004647853,SPI1_pDS255,0.0185506241331484
SOHLH1,0.00026828224280016035,0.04975124378109453,0.07754449170912628,SPI1_pDS255,0.002253814147018
RP11-432J22.2,9.367131879684796e-05,0.9601990049751243,-1.7482022410044413,SPI1_pDS255,0.0019070735090152
NOTCH1,0.002063645538840712,0.7164179104477612,-0.7380777129155506,SPI1_pDS255,0.0279126213592233
SNHG7,0.03451325965075644,0.12935323383084577,1.2404501075561807,SPI1_pDS255,0.6350554785020804
TUBB4B,0.04063104680757446,0.12437810945273632,1.228827592569878,SPI1_pDS255,2.152045769764217
IDI1,0.05172473235468488,0.05970149253731343,1.977588477798986,SPI1_pDS255,1.294729542302358
KLF6,0.01696818771622108,0.22388059701492538,0.698905337453548,SPI1_pDS255,0.0996879334257975
AKR1C1,0.006274551699016948,0.06965174129353234,1.2227460076102807,SPI1_pDS255,0.0091886269070735
OPTN,0.0004912580041410508,0.07960199004975124,1.7017929184946312,SPI1_pDS255,0.0019070735090152
FAM107B,0.0006189657424711362,0.004975124378109453,1.8739206555911967,SPI1_pDS255,0.002253814147018
RP11-398C13.6,0.007863275269072422,0.13432835820895522,1.4080873894513943,SPI1_pDS255,0.0254854368932038
VIM,0.22513744328910967,0.004975124378109453,15.324378965550784,SPI1_pDS255,3.1664355062413314
OTUD1,0.0005030032777469331,0.024875621890547265,2.2437962214680867,SPI1_pDS255,0.0024271844660194
PTCHD3P1,0.004639853074499525,0.572139303482587,-0.49451522927383607,SPI1_pDS255,0.0563453536754507
CREM,0.028939588702017516,0.11442786069651742,1.3809690215863404,SPI1_pDS255,0.4277045769764216
ZNF485,0.003002026081796451,0.7213930348258707,-0.8328364619184421,SPI1_pDS255,0.0292995839112343
ZNF32,0.017689534164172457,0.14427860696517414,1.1350314075366221,SPI1_pDS255,0.0292995839112343
PARG,0.0017701949762259882,0.9353233830845771,-1.0459289042311453,SPI1_pDS255,0.0598127600554785
NCOA4,0.013868386106342492,0.48258706467661694,-0.2497877558953813,SPI1_pDS255,0.27375173370319
LINC00843,0.00030341552795771836,0.12935323383084577,-0.15310486853509767,SPI1_pDS255,0.0055478502080443
FAM21A,0.00030383314287217247,0.06467661691542288,1.7301114796015649,SPI1_pDS255,0.0055478502080443
ASAH2,9.093079416548131e-05,0.12935323383084577,1.3336151326077827,SPI1_pDS255,0.0292995839112343
RP11-50E11.3,0.00035395058256745593,0.8905472636815921,-1.1533434159779565,SPI1_pDS255,0.0034674063800277
IPMK,0.00248360189213529,0.3034825870646766,-0.2104086551076734,SPI1_pDS255,0.0136962552011095
CDK1,0.023507104288735325,0.6119402985074627,-0.35565559804941527,SPI1_pDS255,0.9956657420249652
ARID5B,0.01563481297455908,0.47761194029850745,-0.05009104104258505,SPI1_pDS255,0.1653952843273231
JMJD1C,0.01349871367986239,0.5920398009950248,-0.4249996643793247,SPI1_pDS255,0.2345700416088765
JMJD1C-AS1,0.015186589009391292,0.014925373134328358,3.3969555815473136,SPI1_pDS255,0.01751040221914
TET1,0.01592701691856027,0.3681592039800995,0.17388118262560368,SPI1_pDS255,0.0292995839112343
UNC5B,0.00029424008922942526,0.9701492537313433,-1.7788489961877045,SPI1_pDS255,0.0026005547850208
DDIT4,0.020674177086065816,0.15920398009950248,1.0546541829857543,SPI1_pDS255,0.1546463245492371
DNAJC9-AS1,0.00016501817829531198,0.4527363184079602,-0.28563340553173655,SPI1_pDS255,0.006761442441054
RP11-152N13.5,0.007061067890460043,0.5422885572139303,-0.26634558409718195,SPI1_pDS255,0.0554785020804438
PLAU,0.0009648930583388038,0.03980099502487562,1.5414555923863207,SPI1_pDS255,0.0032940360610263
KAT6B,0.00740058443124273,0.3383084577114428,0.01081614701705934,SPI1_pDS255,0.04750346740638
DUSP13,0.011433261493235525,0.34328358208955223,0.2386285065824515,SPI1_pDS255,0.084257975034674
RPS24,0.03047263188383405,0.15422885572139303,0.8505450619456855,SPI1_pDS255,21.531553398058257
PPIF,0.05984062035170574,0.01990049751243781,3.269065637714249,SPI1_pDS255,1.2605755894590849
CCSER2,0.004145423586606801,0.7412935323383084,-0.8460992156632811,SPI1_pDS255,0.0748959778085991
RP11-77P6.2,0.007008718736084402,0.004975124378109453,2.303149713012169,SPI1_pDS255,0.0086685159500693
IFIT3,0.00018456352389681187,0.07462686567164178,1.3526786744198063,SPI1_pDS255,0.0026005547850208
RP11-80H5.2,5.358273669736956e-05,0.9253731343283582,-1.3531964179980962,SPI1_pDS255,0.0024271844660194
MARCH5,0.01055565757359153,0.5323383084577115,-0.3867699080355614,SPI1_pDS255,0.1917475728155339
LCOR,0.011650570644616127,0.06467661691542288,2.209100668771337,SPI1_pDS255,0.0346740638002773
PI4K2A,0.007434216467949178,0.21393034825870647,0.7724289705181424,SPI1_pDS255,0.031380027739251
DNMBP,0.0007182343899075337,0.009950248756218905,3.2775114621088486,SPI1_pDS255,0.0038141470180305
RP11-179B2.2,0.005838584944223574,0.24875621890547264,0.5730787209721485,SPI1_pDS255,0.0124826629680998
PDZD7,0.0005522841145219729,0.03980099502487562,1.8801498128429037,SPI1_pDS255,0.002253814147018
SFXN3,0.00015216765828455616,0.7064676616915423,-0.6060771426048892,SPI1_pDS255,0.0029472954230235
NFKB2,0.0061016291246904315,0.10945273631840796,1.4638737268257431,SPI1_pDS255,0.0168169209431345
PSD,0.006573055917297867,0.014925373134328358,1.6154314944808656,SPI1_pDS255,0.0091886269070735
TAF5,0.018723993878147858,0.08955223880597014,1.9181989590609942,SPI1_pDS255,0.0891123439667129
USMG5,0.06828563203872053,0.014925373134328358,3.0988897267752638,SPI1_pDS255,2.457697642163662
RP11-451M19.3,0.0002373516178956811,0.004975124378109453,3.203606369359428,SPI1_pDS255,0.0020804438280166
SMNDC1,0.019209554740878956,0.2736318407960199,0.49582274230702716,SPI1_pDS255,0.1998959778085991
DUSP5,0.0041003914251177016,0.9303482587064676,-1.4307860574109457,SPI1_pDS255,0.01751040221914
VTI1A,0.009827629339394024,0.43283582089552236,-0.24754449793499494,SPI1_pDS255,0.1177184466019417
TCF7L2,0.003543758779894079,0.7810945273631841,-0.9075414850610559,SPI1_pDS255,0.0554785020804438
FAM160B1,0.011068015686311912,0.029850746268656716,2.6231886436669085,SPI1_pDS255,0.0119625520110957
SLC18A2,9.256469824808377e-05,0.15920398009950248,0.512870303633456,SPI1_pDS255,0.0043342579750346
FAM45A,0.01351874216113986,0.0945273631840796,1.4515716373321064,SPI1_pDS255,0.0677877947295423
FAM24B,0.007204688447805984,0.5323383084577115,-0.20915120022702413,SPI1_pDS255,0.0722954230235783
MKI67,0.029533593314089456,0.25870646766169153,0.6278248997406716,SPI1_pDS255,0.723127600554785
MIR202HG,0.0002653137477374498,0.9900497512437811,-1.2437797942474924,SPI1_pDS255,0.0104022191400832
IFITM2,0.4659394747449232,0.004975124378109453,36.88587582720939,SPI1_pDS255,1.253120665742025
C11orf35,0.0004219766508874817,0.014925373134328358,0.8577589159662719,SPI1_pDS255,0.0039875173370319
RP11-496I9.1,5.609917535509747e-05,0.43781094527363185,0.1019837156883165,SPI1_pDS255,0.0026005547850208
IRF7,0.0010682655098791269,0.9353233830845771,-1.3609589558463764,SPI1_pDS255,0.0292995839112343
BRSK2,0.005279188954895833,0.38308457711442784,0.5613556957650354,SPI1_pDS255,0.0065880721220527
LSP1,0.0015815565741460228,0.30845771144278605,-0.08278997418126385,SPI1_pDS255,0.0083217753120665
SLC22A18,0.0004732362957123513,0.07960199004975124,-0.03346939872236208,SPI1_pDS255,0.0053744798890429
PHLDA2,0.10937730669563073,0.004975124378109453,9.30998373779103,SPI1_pDS255,0.4984396671289875
ART5,0.00019145075508584058,0.014925373134328358,2.4924442738464427,SPI1_pDS255,0.0031206657420249
RP11-23F23.2,0.00011322067594396802,0.029850746268656716,2.0963305143149094,SPI1_pDS255,0.0017337031900138
HBD,0.013824641927535254,0.3582089552238806,0.1817046906157654,SPI1_pDS255,0.2314493758668516
HBG1,0.0367927832852017,0.17412935323383086,0.8836055908076805,SPI1_pDS255,29.423023578363384
HBG2,0.042339232278973155,0.11940298507462686,1.2011172504116563,SPI1_pDS255,46.90117891816921
HBE1,0.03876493768057123,0.004975124378109453,5.817726972010417,SPI1_pDS255,0.0695214979195561
NRIP3,0.004887530034881614,0.7910447761194029,-0.7227968575260061,SPI1_pDS255,0.0435159500693481
DENND5A,0.005321755326404922,0.5074626865671642,-0.07277634266847353,SPI1_pDS255,0.0364077669902912
TMEM41B,0.009440230682991102,0.6069651741293532,-0.43572068160822686,SPI1_pDS255,0.145631067961165
RP11-540A21.2,0.00011456354586825038,0.7661691542288557,-0.7182948785174602,SPI1_pDS255,0.0020804438280166
SBF2-AS1,0.00096403945964805,0.23383084577114427,-0.24879444179441831,SPI1_pDS255,0.0105755894590846
SBF2,0.0008203765030289525,0.9900497512437811,-1.1065897431413556,SPI1_pDS255,0.0149098474341192
ZBED5-AS1,0.006836278137722221,0.16417910447761194,0.8722247873024083,SPI1_pDS255,0.0213245492371705
CSNK2A3,0.0001918437753136393,0.004975124378109453,3.172376545900207,SPI1_pDS255,0.0017337031900138
MICALCL,0.001018716257493039,0.04477611940298507,1.5653903298719571,SPI1_pDS255,0.0031206657420249
LINC00958,0.021661741366517055,0.39800995024875624,0.008468107817104269,SPI1_pDS255,0.5936199722607489
CYP2R1,0.005694098522573635,0.3781094527363184,0.32049250973388216,SPI1_pDS255,0.0372746185852981
PIK3C2A,0.004900065699832168,0.9203980099502488,-0.9987395994057167,SPI1_pDS255,0.0601595006934812
LDHA,0.0506953772946221,0.004975124378109453,3.396238548233212,SPI1_pDS255,8.793515950069349
UEVLD,0.0008950460782079217,0.8905472636815921,-0.9791060832881923,SPI1_pDS255,0.0131761442441054
TMEM86A,0.00022528074516381204,0.7512437810945274,-0.661065130266301,SPI1_pDS255,0.0046809986130374
ANO5,0.0005565429054410238,0.004975124378109453,2.855226650971486,SPI1_pDS255,0.0031206657420249
MUC15,0.006202101391538224,0.06965174129353234,0.9674070572514223,SPI1_pDS255,0.0097087378640776
CD59,0.0628737489627171,0.009950248756218905,3.584465598099152,SPI1_pDS255,0.7482662968099861
LMO2,0.061812992284648136,0.009950248756218905,3.384073542986735,SPI1_pDS255,1.6092233009708738
PRR5L,0.006316517397601721,0.13930348258706468,1.5868281971003138,SPI1_pDS255,0.0140429958391123
TRAF6,0.007813989033230976,0.2835820895522388,0.6984625474100313,SPI1_pDS255,0.0317267683772538
RAG1,0.0003011632708565328,0.1691542288557214,-0.2726761121674583,SPI1_pDS255,0.0062413314840499
C11orf74,0.005296136692068115,0.5024875621890548,-0.25724745375216046,SPI1_pDS255,0.0634535367545076
C11orf96,0.008996932343330703,0.06965174129353234,2.225974260379212,SPI1_pDS255,0.0195908460471567
ALX4,0.00020449869100225661,0.07960199004975124,1.5138685290289813,SPI1_pDS255,0.0024271844660194
CD82,0.007964384925183724,0.06467661691542288,1.2904862415533906,SPI1_pDS255,0.0104022191400832
SLC35C1,0.006823298679930115,0.572139303482587,-0.16188291892041926,SPI1_pDS255,0.0490638002773925
RP11-702F3.3,0.000359174934766634,0.15920398009950248,1.101923782215264,SPI1_pDS255,0.0034674063800277
CREB3L1,0.0002694289681534276,0.8756218905472637,-1.1770865962900527,SPI1_pDS255,0.004507628294036
MDK,0.2283321565860711,0.004975124378109453,15.479932396513105,SPI1_pDS255,4.271844660194175
C11orf49,0.022224537015436016,0.04477611940298507,2.018391720379262,SPI1_pDS255,0.1281206657420249
SPI1,0.20555140129982655,0.004975124378109453,24.54611183998792,SPI1_pDS255,0.3257628294036061
APLNR,0.00023429678038441938,0.014925373134328358,2.911036644395637,SPI1_pDS255,0.0292995839112343
UBE2L6,0.05641354696832144,0.004975124378109453,6.348649443943636,SPI1_pDS255,0.185506241331484
YPEL4,0.0015714456444911391,0.04975124378109453,0.6948789933135575,SPI1_pDS255,0.0043342579750346
MS4A3,0.0612433261024789,0.029850746268656716,2.2933681010053713,SPI1_pDS255,5.298370319001387
MS4A4A,0.39966153557418566,0.004975124378109453,27.140349086492474,SPI1_pDS255,3.0459431345353676
DAK,0.010628073092805071,0.9651741293532339,-1.2093236023133742,SPI1_pDS255,0.2179264909847434
FADS1,0.012663908361542877,0.8606965174129353,-1.0750755451453915,SPI1_pDS255,0.6624479889042996
FADS3,0.028385125276060318,0.01990049751243781,3.039218275386897,SPI1_pDS255,0.137135922330097
FTH1,0.009473553476053888,0.7860696517412935,-0.8092872222568501,SPI1_pDS255,72.83529819694868
RP11-703H8.7,0.00019723433805599234,0.14925373134328357,1.1132769199930106,SPI1_pDS255,0.0029472954230235
AHNAK,0.029348162753993805,0.004975124378109453,4.091800740826634,SPI1_pDS255,0.0882454923717059
MTA2,0.008343828824658296,0.25870646766169153,0.2707291097351719,SPI1_pDS255,0.0402219140083217
C11orf83,0.045748218200006976,0.05472636815920398,1.7500708058451468,SPI1_pDS255,1.7380374479889042
RP11-727F15.12,0.006576352039321057,0.1791044776119403,1.4760416479126734,SPI1_pDS255,0.0156033287101248
SLC3A2,0.03271401418088433,0.23880597014925373,0.6083089090837722,SPI1_pDS255,0.9074202496532594
LGALS12,0.0018504535199475333,0.7164179104477612,-0.7716136391232851,SPI1_pDS255,0.0119625520110957
PLA2G16,0.0034209301032792606,0.4577114427860697,-0.3823281333874834,SPI1_pDS255,0.0381414701803051
RCOR2,0.0014876297882288373,0.6467661691542289,-0.5677598139300991,SPI1_pDS255,0.0188973647711511
RP11-783K16.5,0.00960790594175602,0.22388059701492538,0.7728382955840334,SPI1_pDS255,0.0292995839112343
RP11-665N17.4,0.0011868138821983555,0.11442786069651742,1.063373680616832,SPI1_pDS255,0.0026005547850208
ATG2A,0.007405897897014763,0.7562189054726368,-0.7174958848508409,SPI1_pDS255,0.0847780859916782
PPP2R5B,0.0008635711523363673,0.7562189054726368,-0.6881550354056511,SPI1_pDS255,0.0150832177531206
SPDYC,0.019857114636229186,0.15920398009950248,0.9609076141188316,SPI1_pDS255,0.1811719833564493
TIGD3,0.00012370737102319578,0.19900497512437812,0.7620041170555938,SPI1_pDS255,0.0055478502080443
SLC25A45,0.005738837035477312,0.1691542288557214,1.0549546199875282,SPI1_pDS255,0.0078016643550624
NEAT1,0.11377874789906423,0.004975124378109453,8.097058710984536,SPI1_pDS255,1.251733703190014
AP000769.1,0.0005947619626929334,0.0945273631840796,1.3139371121722054,SPI1_pDS255,0.0046809986130374
MALAT1,0.06031457904738382,0.004975124378109453,4.314699496936382,SPI1_pDS255,42.16591539528433
FOSL1,0.03876598551273217,0.004975124378109453,7.4507224488003425,SPI1_pDS255,0.0700416088765603
PELI3,9.183954606707182e-05,0.35323383084577115,-0.2192495061437479,SPI1_pDS255,0.0292995839112343
CTD-3074O7.12,0.00025745275631738185,0.736318407960199,-0.5972773584673855,SPI1_pDS255,0.0036407766990291
C11orf80,0.007725545681580788,0.1890547263681592,0.8502287907282686,SPI1_pDS255,0.0292995839112343
POLD4,0.041784425637576963,0.014925373134328358,3.3460539135549188,SPI1_pDS255,0.3165742024965326
RAD9A,0.01926679437680287,0.2537313432835821,0.5623967231575834,SPI1_pDS255,0.2505201109570041
TBC1D10C,0.012453570390697336,0.004975124378109453,4.693648231109377,SPI1_pDS255,0.0195908460471567
PTPRCAP,0.07913189782996828,0.004975124378109453,6.448738637101992,SPI1_pDS255,0.3900832177531206
GSTP1,0.1299328688775383,0.004975124378109453,14.438321797276997,SPI1_pDS255,16.764389736477114
RP11-802E16.3,0.0004233733421420018,0.7761194029850746,-0.7680530248799006,SPI1_pDS255,0.0029472954230235
GAL,0.031863046772056314,0.2835820895522388,0.4439259140358854,SPI1_pDS255,6.5249653259362
IL18BP,0.00032712574604214613,0.12437810945273632,-0.1555877123290347,SPI1_pDS255,0.0058945908460471
FOLR1,0.012301399908850015,0.208955223880597,0.9161887685918761,SPI1_pDS255,0.0613730929264909
CLPB,0.02740947665498001,0.009950248756218905,3.011630445206039,SPI1_pDS255,0.1113037447988904
FCHSD2,0.005958002809145625,0.5472636815920398,0.06251428344537284,SPI1_pDS255,0.0292995839112343
FAM168A,0.0053794615724874545,0.2537313432835821,0.8305268383266207,SPI1_pDS255,0.0171636615811373
P4HA3,0.0005655181652644382,0.1691542288557214,-0.14646842504428412,SPI1_pDS255,0.0072815533980582
GDPD5,0.00011883119080530415,0.4626865671641791,-0.1766307787826602,SPI1_pDS255,0.0078016643550624
SERPINH1,0.04254310355982295,0.03482587064676617,2.4788137748683456,SPI1_pDS255,0.391123439667129
LRRC32,0.00026092031015180305,0.004975124378109453,3.3390476742868986,SPI1_pDS255,0.0017337031900138
RSF1,0.01594733908938064,0.7313432835820896,-0.6196931925971644,SPI1_pDS255,0.8092926490984743
KCTD14,8.827647146715505e-05,0.9950248756218906,-2.1985490989690115,SPI1_pDS255,0.0292995839112343
ANKRD42,0.00899055115601139,0.23383084577114427,0.5856226667765704,SPI1_pDS255,0.0292995839112343
DLG2,0.00022312054440578853,0.004975124378109453,2.6705656433145797,SPI1_pDS255,0.0026005547850208
EED,0.016603516210841916,0.3034825870646766,0.253243682781214,SPI1_pDS255,0.0292995839112343
RP11-736K20.5,0.0002665839389238584,0.01990049751243781,2.2667293616060764,SPI1_pDS255,0.0024271844660194
TMEM135,0.01403609299470335,0.029850746268656716,2.3951291868899958,SPI1_pDS255,0.0414355062413314
PANX1,0.009741432771425357,0.03482587064676617,1.9586781146668613,SPI1_pDS255,0.0227115117891816
BIRC2,0.008186496527693338,0.6766169154228856,-0.6298052585405667,SPI1_pDS255,0.132628294036061
DYNC2H1,0.00035965697704139075,0.22388059701492538,-0.28478885493734213,SPI1_pDS255,0.0084951456310679
ALKBH8,0.0051764107659292525,0.7611940298507462,-0.5112898558552545,SPI1_pDS255,0.0270457697642163
PIH1D2,0.0030941766914455173,0.27860696517412936,0.07578537426163079,SPI1_pDS255,0.0143897364771151
BCO2,0.006452556897238368,0.10945273631840796,1.0347916368387107,SPI1_pDS255,0.0090152565880721
CD3E,0.0022657965814278144,0.7114427860696517,-0.9032120467589191,SPI1_pDS255,0.0227115117891816
CD3D,0.01452399573623001,0.004975124378109453,4.289183358953713,SPI1_pDS255,0.0142163661581137
PHLDB1,0.003707222405288921,0.5671641791044776,-0.5112942546011657,SPI1_pDS255,0.0306865464632454
HMBS,0.1660520835957435,0.004975124378109453,11.453361719134866,SPI1_pDS255,2.045076282940361
TBCEL,0.0014617268237871344,0.5920398009950248,-0.5168395504344913,SPI1_pDS255,0.0131761442441054
HSPA8,0.07811670745592272,0.004975124378109453,4.374863885046008,SPI1_pDS255,6.530339805825243
PANX3,0.0003560943406330106,0.029850746268656716,2.1690233883485712,SPI1_pDS255,0.0027739251040221
ESAM,0.2809303182299862,0.004975124378109453,26.797343921703693,SPI1_pDS255,0.6232662968099861
CCDC15,0.0022065261636305144,0.5621890547263682,-0.5871301909515069,SPI1_pDS255,0.0292995839112343
FEZ1,0.014971735485963625,0.5522388059701493,-0.27881449318685575,SPI1_pDS255,0.1496185852981969
NINJ2,0.003151647711731276,0.845771144278607,-0.9561142983883021,SPI1_pDS255,0.0755894590846047
RAD52,0.0003015532822399731,0.15422885572139303,-0.08433991538633796,SPI1_pDS255,0.0064147018030513
PARP11,0.00039582659515792625,0.01990049751243781,2.6823648685753123,SPI1_pDS255,0.002253814147018
CD9,0.013461376018580029,0.417910447761194,0.2386930055119023,SPI1_pDS255,0.1178918169209431
LPAR5,0.008217751316719429,0.08955223880597014,1.2098444048408223,SPI1_pDS255,0.0292995839112343
ACRBP,0.028138289297783486,0.004975124378109453,6.78006046784949,SPI1_pDS255,0.036754507628294
GNB3,0.00681241994146743,0.24378109452736318,0.8246599422785799,SPI1_pDS255,0.0187239944521497
CDCA3,0.012411756059290157,0.8059701492537313,-0.8778270300885117,SPI1_pDS255,0.4414008321775312
ENO2,0.013876342095408554,0.1044776119402985,1.4121517106045953,SPI1_pDS255,0.0759361997226074
U47924.30,0.004643160043983348,0.7562189054726368,-0.10185719963192308,SPI1_pDS255,0.012135922330097
CLSTN3,0.005883294622537842,0.1791044776119403,1.320822681925797,SPI1_pDS255,0.0166435506241331
CD163L1,0.00042330390442102,0.4577114427860697,0.1055313703029736,SPI1_pDS255,0.0027739251040221
SLC2A14,0.0002438182016222757,0.04477611940298507,1.4594584989989403,SPI1_pDS255,0.0041608876560332
FOXJ2,0.0006454795930903898,0.8159203980099502,-0.9118828749701763,SPI1_pDS255,0.0201109570041608
LINC00937,0.00877620593135142,0.07960199004975124,1.5411902654485512,SPI1_pDS255,0.0242718446601941
CLEC2D,0.0003215469445770381,0.9850746268656716,-0.522520928874845,SPI1_pDS255,0.0292995839112343
CD69,0.0014524957041454993,0.004975124378109453,2.272139073545377,SPI1_pDS255,0.0019070735090152
KLRF1,0.00687524512228343,0.0945273631840796,1.7062310369556613,SPI1_pDS255,0.0168169209431345
CLEC2B,0.02218293143494295,0.009950248756218905,3.3386906284275435,SPI1_pDS255,0.0324202496532593
RP11-377D9.3,0.0002980086101638286,0.9253731343283582,-1.5061794302530702,SPI1_pDS255,0.0020804438280166
ATF7IP,0.00809023024052762,0.04975124378109453,1.090804937765695,SPI1_pDS255,0.0221914008321775
ARHGDIB,0.0004817134457670347,0.009950248756218905,3.5896984546691466,SPI1_pDS255,0.015256588072122
METTL20,0.00011156670293361513,0.10945273631840796,0.8479511377048812,SPI1_pDS255,0.0064147018030513
BICD1,0.01804273879372766,0.24378109452736318,0.5143739123517906,SPI1_pDS255,0.1905339805825242
TWF1,0.008998880886784041,0.11442786069651742,1.145469430537665,SPI1_pDS255,0.0397018030513176
TMEM117,0.00166596933299672,0.7313432835820896,-0.7587080342163324,SPI1_pDS255,0.0204576976421636
ANO6,0.001113755575631006,0.9402985074626866,-1.017281503013226,SPI1_pDS255,0.045249653259362
SLC38A2,0.04344231364637272,0.004975124378109453,4.104648303189373,SPI1_pDS255,0.2094313453536754
RP1-197B17.3,0.0038127815210925045,0.2835820895522388,0.19990535070645443,SPI1_pDS255,0.0102288488210818
COL2A1,0.055731647588084555,0.004975124378109453,5.058413429847758,SPI1_pDS255,0.2988904299583911
DKFZP779L1853,0.0004560445441736181,0.03980099502487562,0.15354591064794978,SPI1_pDS255,0.0048543689320388
RND1,0.0005004992526559349,0.15920398009950248,-0.18770284648724406,SPI1_pDS255,0.0050277392510402
FKBP11,0.0022092069362110393,0.8656716417910447,-1.0083070623720118,SPI1_pDS255,0.0492371705963938
RP11-386G11.5,0.00015107454592329996,0.009950248756218905,2.567907673066472,SPI1_pDS255,0.0043342579750346
TUBA1A,0.01925544046250129,0.16417910447761194,0.874304503722902,SPI1_pDS255,0.1281206657420249
TUBA1C,0.01916278338167132,0.8606965174129353,-0.8826993910302899,SPI1_pDS255,2.5696948682385576
PRPH,0.00014593198350999707,0.0845771144278607,1.5099342234960857,SPI1_pDS255,0.0046809986130374
FMNL3,0.006483368763241698,0.05472636815920398,2.102249214464217,SPI1_pDS255,0.0090152565880721
TMBIM6,0.10688044530745687,0.004975124378109453,8.214085018915398,SPI1_pDS255,2.1731969486823854
NCKAP5L,0.008610611005000834,0.3880597014925373,0.027598001426420295,SPI1_pDS255,0.0629334257975034
GPD1,0.0006423297522858408,0.01990049751243781,2.948726720082667,SPI1_pDS255,0.0026005547850208
DAZAP2,0.038012666430207766,0.04975124378109453,1.967796387093041,SPI1_pDS255,0.47000693481276
SMAGP,0.06845626457019618,0.014925373134328358,3.8436930144899812,SPI1_pDS255,1.270631067961165
SLC4A8,0.0004859473646366342,0.23383084577114427,-0.29209389610081565,SPI1_pDS255,0.0292995839112343
ACVR1B,0.014043205817280411,0.07462686567164178,1.5113596615896476,SPI1_pDS255,0.0525312066574202
NR4A1,0.01062411767797396,0.06965174129353234,1.7053921674513906,SPI1_pDS255,0.0258321775312066
C12orf44,0.0343538505457,0.12935323383084577,1.1865298447183472,SPI1_pDS255,0.4814493758668516
KRT8,0.12463839632869644,0.004975124378109453,8.274471402395118,SPI1_pDS255,0.7187933425797504
KRT18,0.047331478354852775,0.0845771144278607,1.7565091611309673,SPI1_pDS255,3.84882108183079
RP11-983P16.4,0.00516001980008527,0.5472636815920398,0.4796616906157974,SPI1_pDS255,0.0112690707350901
SPRYD3,0.0010020943980854167,0.39800995024875624,-0.5665191882993326,SPI1_pDS255,0.0072815533980582
ZNF740,0.013965618707901839,0.03980099502487562,2.439434279289017,SPI1_pDS255,0.033633841886269
SP7,0.0010850964090562177,0.7164179104477612,-0.6701324726399012,SPI1_pDS255,0.0140429958391123
NCKAP1L,0.029556418517611364,0.004975124378109453,4.8991110251302805,SPI1_pDS255,0.0977808599167822
CD63,0.1540944300991823,0.004975124378109453,15.174923177840713,SPI1_pDS255,7.897018030513176
PA2G4,0.8353713761348476,0.004975124378109453,63.66888653567652,SPI1_pDS255,7.304264909847434
COQ10A,0.01613967881970597,0.01990049751243781,2.082514362743014,SPI1_pDS255,0.0643203883495145
TAC3,0.0378505026991761,0.009950248756218905,4.072476462329308,SPI1_pDS255,0.1314147018030513
NAB2,0.00788453638433932,0.472636815920398,-0.0008824966333715733,SPI1_pDS255,0.0629334257975034
INHBE,0.0005204290178003663,0.14925373134328357,-0.15761344493361612,SPI1_pDS255,0.0090152565880721
DDIT3,0.04595870260824454,0.004975124378109453,4.14516443533022,SPI1_pDS255,0.296636615811373
METTL21B,0.00210706205031641,0.7711442786069652,-0.8680924406660929,SPI1_pDS255,0.034500693481276
AVIL,0.0009295439728763481,0.6567164179104478,-0.6224965264653651,SPI1_pDS255,0.0105755894590846
FAM19A2,0.010989470812618649,0.24378109452736318,0.4665414443470471,SPI1_pDS255,0.0292995839112343
C12orf56,0.00047740907674476564,0.24378109452736318,-0.1914411324010801,SPI1_pDS255,0.0046809986130374
TBC1D30,0.007135198999418472,0.35323383084577115,0.18022122818599262,SPI1_pDS255,0.0284327323162274
RP11-637A17.2,0.0002967037789302855,0.27860696517412936,-0.3268535658428358,SPI1_pDS255,0.0074549237170596
RP11-1143G9.4,0.00031668286768792334,0.024875621890547265,2.5618103890932646,SPI1_pDS255,0.0020804438280166
TBC1D15,0.0034292728520201247,0.845771144278607,-0.9649200811304228,SPI1_pDS255,0.0878987517337031
RP11-585P4.5,0.0006927384427917674,0.6915422885572139,-0.2139940981871826,SPI1_pDS255,0.0027739251040221
PHLDA1,0.0027690438946255933,0.5024875621890548,-0.3242613411073419,SPI1_pDS255,0.015256588072122
PPP1R12A,0.016534020919101756,0.6417910447761194,-0.542755000917506,SPI1_pDS255,0.5069348127600555
NTS,0.0005460339495694062,0.11442786069651742,-0.06950525800439343,SPI1_pDS255,0.0095353675450762
LINC00936,0.0019992938067724566,0.3482587064676617,-0.2896275991678253,SPI1_pDS255,0.0164701803051317
BTG1,0.06941580604285365,0.009950248756218905,3.419954797955734,SPI1_pDS255,1.8174410540915396
RP11-796E2.4,0.0012692760019897865,0.5472636815920398,-0.5747980294541348,SPI1_pDS255,0.0192441054091539
SOCS2,0.02285908519093713,0.5522388059701493,-0.3841015317452419,SPI1_pDS255,1.0835644937586686
CRADD,0.022302882717025185,0.05970149253731343,1.8211424982812472,SPI1_pDS255,0.1548196948682385
ELK3,0.006979814696282906,0.1044776119402985,1.9848461049309112,SPI1_pDS255,0.0150832177531206
SYCP3,0.0007829082659914453,0.004975124378109453,0.7707772821222566,SPI1_pDS255,0.002253814147018
HSP90B1,0.11401215572581418,0.004975124378109453,7.62955166627344,SPI1_pDS255,2.5967406380027738
C12orf75,0.007630798249184255,0.01990049751243781,2.0401515287097816,SPI1_pDS255,0.0097087378640776
RP11-412D9.4,0.006135761068312579,0.43283582089552236,0.20239682722688432,SPI1_pDS255,0.0190707350901525
FICD,0.00018315955212788582,0.9850746268656716,-0.8808899327812109,SPI1_pDS255,0.0095353675450762
UNG,0.010109561651962385,0.8756218905472637,-0.9780979811023761,SPI1_pDS255,0.3391123439667129
FAM222A,0.00030240775727994414,0.5671641791044776,-0.1440174081731823,SPI1_pDS255,0.0024271844660194
TRPV4,0.000325847006582636,0.9601990049751243,-0.3035489591889922,SPI1_pDS255,0.0052011095700416
SH2B3,0.01221205166490935,0.3880597014925373,0.13640767983022212,SPI1_pDS255,0.1055825242718446
SDSL,0.022649824306781665,0.009950248756218905,4.952016675424388,SPI1_pDS255,0.0455963938973647
LHX5,0.0003060981074214901,0.9651741293532339,-0.41131704871204905,SPI1_pDS255,0.0053744798890429
MAP1LC3B2,0.006119725372149396,0.23383084577114427,0.7907973522742046,SPI1_pDS255,0.0292995839112343
VSIG10,0.005900162082352629,0.2935323383084577,0.4531259292180252,SPI1_pDS255,0.0301664355062413
RP11-768F21.1,0.0002117025049126296,0.05472636815920398,2.034874623425975,SPI1_pDS255,0.0026005547850208
CCDC64,0.00017111943764985517,0.024875621890547265,0.699215927442044,SPI1_pDS255,0.0078016643550624
PXN,0.012507172113567307,0.06965174129353234,2.0013128447294055,SPI1_pDS255,0.0450762829403606
UNC119B,0.0029159070378213703,0.527363184079602,-0.514465080070706,SPI1_pDS255,0.0292995839112343
ACADS,0.008098517721239951,0.4427860696517413,-0.21503846213628203,SPI1_pDS255,0.0774965325936199
RSRC2,0.04791723150383524,0.03482587064676617,2.2057699273657603,SPI1_pDS255,1.1484049930651872
RP11-380L11.3,6.613109082908608e-05,0.5422885572139303,-0.18651958317900857,SPI1_pDS255,0.0024271844660194
UBC,0.02551328793975492,0.6019900497512438,-0.3988317062363707,SPI1_pDS255,2.500346740638003
RP11-669N7.2,0.0012543897286817099,0.6865671641791045,-0.6490655713865146,SPI1_pDS255,0.0263522884882108
EP400NL,0.019847355203598243,0.04477611940298507,2.0052623388480835,SPI1_pDS255,0.0826976421636615
RP11-46H11.12,0.005809516825252127,0.3482587064676617,0.8262776090374362,SPI1_pDS255,0.0114424410540915
CRYL1,0.007766272190058814,0.05970149253731343,1.0560070594774298,SPI1_pDS255,0.0208044382801664
ZDHHC20,0.0001477080691248831,0.6567164179104478,-0.2025879750125898,SPI1_pDS255,0.0060679611650485
SACS,0.006814426433678941,0.40298507462686567,0.138301388260209,SPI1_pDS255,0.0292995839112343
USP12,0.011378586546587249,0.4079601990049751,0.07192769264020453,SPI1_pDS255,0.1078363384188626
RPL21,0.07418779301945837,0.004975124378109453,7.252148322309077,SPI1_pDS255,23.77080443828017
FLT1,0.002562970580185041,0.5522388059701493,-0.48289966070374063,SPI1_pDS255,0.0123092926490984
SLC46A3,0.0041156648478333675,0.8208955223880597,-0.960477832137386,SPI1_pDS255,0.0234049930651872
BRCA2,0.007338765394084167,0.472636815920398,-0.16831397048051755,SPI1_pDS255,0.0292995839112343
LHFP,0.00013417333794547943,0.9502487562189055,-1.4805302720451623,SPI1_pDS255,0.0026005547850208
ELF1,0.04132016665179965,0.009950248756218905,3.4815158224073013,SPI1_pDS255,0.0292995839112343
NAA16,0.02445599121163519,0.04477611940298507,2.2456971927056877,SPI1_pDS255,0.0292995839112343
RGCC,0.026606748915812252,0.07960199004975124,1.706739444047976,SPI1_pDS255,0.2233009708737864
SERP2,0.0001117059433613672,0.6417910447761194,-0.5073701023090132,SPI1_pDS255,0.0017337031900138
TSC22D1,0.12476600424630947,0.004975124378109453,10.588819942573307,SPI1_pDS255,0.5937933425797504
CPB2-AS1,0.007165979847551887,0.014925373134328358,3.04306224430401,SPI1_pDS255,0.0081484049930651
LCP1,0.021765785495282245,0.5124378109452736,-0.29876590068395986,SPI1_pDS255,1.035887656033287
ESD,0.026761327179970134,0.48258706467661694,-0.14262404425087308,SPI1_pDS255,1.884361997226075
LINC00562,0.006037894090540965,0.13930348258706468,1.0519520597181096,SPI1_pDS255,0.0292995839112343
ITM2B,0.07061199134546581,0.009950248756218905,3.723912004911513,SPI1_pDS255,1.641123439667129
SETDB2,0.0053097618895206,0.8656716417910447,-0.7510788289658541,SPI1_pDS255,0.0592926490984743
ARL11,0.007063455006858343,0.417910447761194,0.23020370157747488,SPI1_pDS255,0.0471567267683772
KCNRG,0.004872887220889686,0.6666666666666666,-0.491211653553573,SPI1_pDS255,0.0097087378640776
INTS6,0.00365088234832095,0.9800995024875622,-1.299368293374178,SPI1_pDS255,0.1317614424410541
TDRD3,0.014880047902042944,0.22388059701492538,0.7084210853624558,SPI1_pDS255,0.1374826629680998
CLN5,0.01167752021929839,0.4975124378109453,-0.14993581766793104,SPI1_pDS255,0.1598474341192788
RBM26-AS1,0.009144677365389205,0.04477611940298507,1.7264073837278444,SPI1_pDS255,0.0265256588072122
NDFIP2,0.05309519168584327,0.009950248756218905,3.0609499931570743,SPI1_pDS255,0.598127600554785
SPRY2,0.0036720627011694322,0.8805970149253731,-1.2195965943048734,SPI1_pDS255,0.0329403606102635
RP11-471M2.3,0.005644612210765107,0.5771144278606966,-0.3471275073003536,SPI1_pDS255,0.031380027739251
DZIP1,0.00035889874551563335,0.029850746268656716,0.18135871543728038,SPI1_pDS255,0.0053744798890429
DNAJC3-AS1,0.0075202748628409675,0.26865671641791045,0.47259399495609794,SPI1_pDS255,0.063626907073509
DNAJC3,0.023457840218764976,0.2736318407960199,0.4324158983516114,SPI1_pDS255,0.2929958391123439
RAP2A,0.009910858542244489,0.23383084577114427,0.5632849928046331,SPI1_pDS255,0.062760055478502
DOCK9-AS2,0.007166457562013836,0.03482587064676617,2.320781025903099,SPI1_pDS255,0.0135228848821081
UBAC2-AS1,0.008368556700018686,0.22885572139303484,0.44504331093438604,SPI1_pDS255,0.052877947295423
CLYBL,0.0028105960905139677,0.5422885572139303,-0.5675261551250749,SPI1_pDS255,0.036754507628294
ZIC5,0.0017829463214540273,0.31840796019900497,0.07133418680258168,SPI1_pDS255,0.0117891816920943
TMTC4,0.0059230172040305095,0.5373134328358209,-0.23002313682552072,SPI1_pDS255,0.052011095700416
ERCC5,0.005862089319231612,0.6368159203980099,-0.3451175020064957,SPI1_pDS255,0.0686546463245492
ARGLU1,0.044433147068165334,0.06467661691542288,1.7045405857770193,SPI1_pDS255,1.1180651872399443
TNFSF13B,0.0007240019086939873,0.09950248756218906,0.0398753187074948,SPI1_pDS255,0.0048543689320388
IRS2,0.005728336594032139,0.6567164179104478,-0.26113353228828823,SPI1_pDS255,0.0325936199722607
ING1,0.020100050650937944,0.14427860696517414,1.0502536111593999,SPI1_pDS255,0.204750346740638
ANKRD10,0.035353867249624464,0.04975124378109453,1.904300354129102,SPI1_pDS255,0.3951109570041609
ADPRHL1,0.005503149562853647,0.11442786069651742,1.5757464441091056,SPI1_pDS255,0.0069348127600554
GAS6,0.011146514160682314,0.5024875621890548,-0.2607436834244636,SPI1_pDS255,0.2227808599167822
TMEM253,0.00027498953536722517,0.04975124378109453,0.15743365245677107,SPI1_pDS255,0.0036407766990291
RP11-524O1.4,0.00447595109604408,0.6417910447761194,-0.15784861440940764,SPI1_pDS255,0.0100554785020804
RAB2B,0.010217112384556831,0.06467661691542288,1.4258246961907055,SPI1_pDS255,0.0312066574202496
REM2,0.0005756768694470485,0.7910447761194029,-0.693677745567031,SPI1_pDS255,0.0123092926490984
AJUBA,0.00035968800418007327,0.23880597014925373,-0.3564374085733832,SPI1_pDS255,0.0088418862690707
SLC7A8,0.054164738742626464,0.014925373134328358,3.415486753462321,SPI1_pDS255,0.3656380027739251
SLC22A17,0.0001176672386711865,0.07462686567164178,1.502705521458082,SPI1_pDS255,0.0292995839112343
NGDN,0.05286053273652785,0.03482587064676617,2.3647601889218612,SPI1_pDS255,0.0292995839112343
RP11-66N24.4,0.0005636140575251946,0.34328358208955223,-0.35293637269302774,SPI1_pDS255,0.007628294036061
PCK2,0.014847099380939963,0.373134328358209,0.12990026046627848,SPI1_pDS255,0.2298890429958391
PSME1,0.052030747097591264,0.014925373134328358,3.036122640964977,SPI1_pDS255,0.6432038834951457
EMC9,0.011348527867198565,0.5920398009950248,-0.3800375270529117,SPI1_pDS255,0.2076976421636615
RNF31,0.00022946484854800218,0.9601990049751243,-0.9055552458579645,SPI1_pDS255,0.0036407766990291
RP11-468E2.4,0.0009321173132150057,0.014925373134328358,0.9494659359733076,SPI1_pDS255,0.0048543689320388
NFATC4,0.007182592483264491,0.2935323383084577,0.6054309378880124,SPI1_pDS255,0.0249653259361997
STXBP6,0.013442656560168706,0.8009950248756219,-0.8745835003114398,SPI1_pDS255,0.5362343966712899
RP11-1103G16.1,0.0021239802815143354,0.8308457711442786,-0.8503264810491263,SPI1_pDS255,0.0327669902912621
RP11-829H16.3,0.0002705172224032632,0.1691542288557214,-0.1300106395114175,SPI1_pDS255,0.0046809986130374
STRN3,0.009954356976097973,0.5323383084577115,-0.33542203803177334,SPI1_pDS255,0.1454576976421636
AP4S1,0.032930036135806195,0.004975124378109453,4.74427724293432,SPI1_pDS255,0.0787101248266296
ARHGAP5-AS1,0.013099950238911837,0.11940298507462686,1.4169424284020538,SPI1_pDS255,0.0521844660194174
ARHGAP5,0.004704544816833148,0.8955223880597015,-1.1088563234202897,SPI1_pDS255,0.1508321775312066
EAPP,0.04340769788838124,0.029850746268656716,2.62529663952549,SPI1_pDS255,0.5818307905686546
KIAA0391,0.00018520950451613477,0.04477611940298507,1.878927538912732,SPI1_pDS255,0.0292995839112343
NFKBIA,0.014513871475419696,0.4527363184079602,-0.07061067092333101,SPI1_pDS255,0.2628294036061026
FOXA1,0.00025879457301375094,0.6766169154228856,-0.8888234336717742,SPI1_pDS255,0.0292995839112343
KLHL28,0.006489511706122816,0.3582089552238806,0.657715682183763,SPI1_pDS255,0.0247919556171983
RN7SL1,0.009328688600518619,0.024875621890547265,1.992495743484791,SPI1_pDS255,0.0240984743411927
AL139099.1,0.008082652576608906,0.06467661691542288,1.0101224059223253,SPI1_pDS255,0.0230582524271844
POLE2,0.009646491604656159,0.4228855721393035,-0.07720160083423828,SPI1_pDS255,0.1237864077669902
VCPKMT,0.011245332743440613,0.0945273631840796,1.6158256366348043,SPI1_pDS255,0.0393550624133148
TXNDC16,0.007239960863446646,0.11442786069651742,1.2737776163826602,SPI1_pDS255,0.0180305131761442
PSMC6,0.019083861681922287,0.5323383084577115,-0.31391461569618506,SPI1_pDS255,0.7314493758668515
CGRRF1,0.013398977335334324,0.07960199004975124,1.9453500262993275,SPI1_pDS255,0.0423023578363384
DLGAP5,0.015431260172841726,0.46766169154228854,-0.13666283659020284,SPI1_pDS255,0.1853328710124826
RP11-108M12.3,0.000347249726902874,0.6467661691542289,-0.4353190009124945,SPI1_pDS255,0.0031206657420249
NAA30,0.007935837573738152,0.4527363184079602,-0.09003953535405262,SPI1_pDS255,0.0481969486823855
PSMA3,0.010890143495285345,0.9900497512437811,-1.5427349907362025,SPI1_pDS255,1.415742024965326
PCNXL4,0.007121086153991806,0.36318407960199006,0.22932837030523082,SPI1_pDS255,0.0613730929264909
SLC38A6,0.007490216827503622,0.4079601990049751,-0.08008160419833031,SPI1_pDS255,0.1090499306518723
ZBTB25,0.0058060520113695805,0.31840796019900497,0.4758671897493111,SPI1_pDS255,0.0204576976421636
ZBTB1,0.00218791637155964,0.4925373134328358,-0.5230153880562749,SPI1_pDS255,0.0292995839112343
ATP6V1D,0.01893716376133978,0.30845771144278605,0.26810980961250575,SPI1_pDS255,0.2900485436893203
ZFP36L1,0.02511272125431617,0.18407960199004975,0.9046713605122028,SPI1_pDS255,0.2657766990291262
NUMB,0.007079993875420772,0.6318407960199005,-0.4846265585583535,SPI1_pDS255,0.0754160887656033
RP5-1021I20.1,0.00028451592565501563,0.004975124378109453,2.7734168432594783,SPI1_pDS255,0.0026005547850208
EIF2B2,0.028619091882583735,0.06467661691542288,1.9994325439596823,SPI1_pDS255,0.1976421636615811
FOS,0.007902351363981921,0.01990049751243781,2.9236342149531933,SPI1_pDS255,0.0084951456310679
JDP2,0.00012813309447382972,0.6019900497512438,-0.2491840622068972,SPI1_pDS255,0.0038141470180305
TMED8,0.0026347776362531097,0.736318407960199,-0.9100123618147987,SPI1_pDS255,0.039008321775312
NOXRED1,0.0004440083466386977,0.4079601990049751,0.2508345782989565,SPI1_pDS255,0.0017337031900138
SPTLC2,0.003531001353209087,0.6716417910447762,-0.7351984548912479,SPI1_pDS255,0.060506241331484
GPR65,0.007988678023635334,0.04477611940298507,1.9867999438819197,SPI1_pDS255,0.0176837725381414
IFI27L2,0.0032399255528637477,0.44776119402985076,-0.2835480806935378,SPI1_pDS255,0.0187239944521497
RP11-1070N10.5,0.0004487932513701927,0.04477611940298507,1.9531040787997387,SPI1_pDS255,0.0036407766990291
RP11-872J21.3,0.008492699267256517,0.40298507462686567,-0.012052724389379519,SPI1_pDS255,0.0625866851595007
RP11-433J8.1,0.0005178495784741773,0.9800995024875622,-1.8719481125509791,SPI1_pDS255,0.0038141470180305
WARS,0.04546021432379826,0.014925373134328358,3.059642030562606,SPI1_pDS255,0.4363730929264909
BEGAIN,0.0055365986223530304,0.6318407960199005,-0.19211681469435157,SPI1_pDS255,0.0218446601941747
LINC00523,0.0004077669196730913,0.004975124378109453,3.5413915005530905,SPI1_pDS255,0.0017337031900138
RP11-1017G21.5,0.0009163579478852724,0.6268656716417911,-0.5534282975731845,SPI1_pDS255,0.0150832177531206
HSP90AA1,0.044058517040483566,0.05970149253731343,1.8462231980294164,SPI1_pDS255,7.797850208044383
WDR20,0.0070909981066234655,0.6666666666666666,-0.624677410087549,SPI1_pDS255,0.0977808599167822
CDC42BPB,0.011276412300987507,0.014925373134328358,3.419209792231669,SPI1_pDS255,0.015256588072122
RP11-600F24.7,0.00010151516367404337,0.14427860696517414,1.0987010622130722,SPI1_pDS255,0.002253814147018
C14orf2,0.05795385250450377,0.024875621890547265,2.3991902308200186,SPI1_pDS255,3.0083217753120666
ADSSL1,0.0026049558605342397,0.47761194029850745,-0.39643603367647906,SPI1_pDS255,0.0239251040221914
LINC00638,7.135151497252777e-05,0.42786069651741293,0.1174421423526474,SPI1_pDS255,0.0020804438280166
NUDT14,0.0431667487103451,0.014925373134328358,2.937021626335148,SPI1_pDS255,0.3980582524271844
CRIP2,0.0008838236689250687,0.8706467661691543,-0.7368850879921525,SPI1_pDS255,0.0292995839112343
MTMR10,0.005850057271138068,0.21393034825870647,0.7653982215329539,SPI1_pDS255,0.0102288488210818
ZFYVE19,0.0033448793145489384,0.6069651741293532,-0.6504837439860708,SPI1_pDS255,0.0585991678224687
RP11-532F12.5,0.0005482755368668055,0.2935323383084577,-0.3126248389575708,SPI1_pDS255,0.0072815533980582
SPINT1,0.002130503252239361,0.6417910447761194,-0.5849110657114036,SPI1_pDS255,0.0100554785020804
CHAC1,0.0006464020446233793,0.05970149253731343,0.3912363165277241,SPI1_pDS255,0.0062413314840499
CHP1,0.008229866360045744,0.5472636815920398,-0.2120185297423492,SPI1_pDS255,0.0866851595006934
ITPKA,0.02065282695785196,0.009950248756218905,3.947523795522272,SPI1_pDS255,0.0292995839112343
LTK,0.00027162229864737995,0.8507462686567164,-0.26541985577274374,SPI1_pDS255,0.0039875173370319
EHD4,0.013328391882768895,0.14427860696517414,1.3843005684862573,SPI1_pDS255,0.0292995839112343
STARD9,0.007158484479771775,0.024875621890547265,1.598204332555668,SPI1_pDS255,0.0102288488210818
CTD-2036P10.3,0.007637046769381624,0.09950248756218906,1.5786188630783056,SPI1_pDS255,0.0292995839112343
TMEM62,0.0048959417535066364,0.6218905472636815,-0.06789625040649297,SPI1_pDS255,0.0220180305131761
MAP1A,0.02191290479012544,0.22885572139303484,0.6900195330348404,SPI1_pDS255,0.0292995839112343
PDIA3,0.03499508805673508,0.13930348258706468,0.8070438021587478,SPI1_pDS255,1.102635228848821
CASC4,0.005555163881223215,0.8009950248756219,-0.6090122319166943,SPI1_pDS255,0.0572122052704577
B2M,0.022076091499309565,0.5373134328358209,-0.2839735281102111,SPI1_pDS255,9.361650485436892
SORD,0.023699116746586563,0.04477611940298507,2.2057233063266435,SPI1_pDS255,0.0292995839112343
SHF,0.005531106648237465,0.2537313432835821,0.6796987333791423,SPI1_pDS255,0.0292995839112343
RP11-227D13.4,0.00023342328713160069,0.6517412935323383,0.14799928350112465,SPI1_pDS255,0.0026005547850208
GALK2,0.010669725924534393,0.43781094527363185,-0.1024110497339834,SPI1_pDS255,0.1279472954230235
LYSMD2,0.0010247115307687761,0.04477611940298507,0.18187147136274953,SPI1_pDS255,0.0055478502080443
DYX1C1,0.00119137148516166,0.4975124378109453,-0.5450536769365716,SPI1_pDS255,0.0138696255201109
MNS1,0.010031211325893696,0.04477611940298507,2.093844312288904,SPI1_pDS255,0.0253120665742024
CCNB2,0.018132294922953093,0.8308457711442786,-0.8323497308202972,SPI1_pDS255,0.92250346740638
ANXA2,0.03934819893666286,0.21890547263681592,0.7315270807115845,SPI1_pDS255,2.070735090152566
LACTB,0.009892261138220244,0.3383084577114428,0.14626888809742733,SPI1_pDS255,0.0794036061026352
RPS27L,0.02746250651368633,0.3482587064676617,0.16464263714954863,SPI1_pDS255,1.0516643550624134
RAB8B,0.013596045084270985,0.029850746268656716,2.4353813318127657,SPI1_pDS255,0.0343273231622746
KIAA0101,0.05615147190100828,0.03980099502487562,2.22049379776969,SPI1_pDS255,3.1288141470180304
TRIP4,0.006964005100297357,0.5572139303482587,-0.30991540836957726,SPI1_pDS255,0.084257975034674
PIF1,0.026870730062306173,0.10945273631840796,1.2506006422130747,SPI1_pDS255,0.3372052704576976
CLPX,0.011553398135668108,0.4925373134328358,-0.12497075394944761,SPI1_pDS255,0.0292995839112343
IGDCC3,0.00018569033805535275,0.11940298507462686,1.2728340999636771,SPI1_pDS255,0.0019070735090152
SMAD3,0.0040621664799289645,0.6666666666666666,-0.44681323338201656,SPI1_pDS255,0.0201109570041608
PKM,0.07295917908874103,0.014925373134328358,3.690400304093697,SPI1_pDS255,4.028085991678225
CD276,0.015513455599775159,0.0945273631840796,1.4079184269256695,SPI1_pDS255,0.07125520110957
SEMA7A,0.007525121444180415,0.009950248756218905,1.599270883308202,SPI1_pDS255,0.0090152565880721
ARID3B,0.0071668313138020506,0.46766169154228854,-0.043985089616414154,SPI1_pDS255,0.0561719833564493
RP11-817O13.8,0.009085093084595836,0.07960199004975124,1.217823551675483,SPI1_pDS255,0.0261789181692094
LINGO1,8.337843553119112e-05,0.009950248756218905,3.0197553328746722,SPI1_pDS255,0.0017337031900138
PSMA4,0.04802750126004087,0.06467661691542288,1.8468989352834344,SPI1_pDS255,4.220527045769765
CTSH,0.25704942231082456,0.004975124378109453,22.798962729180463,SPI1_pDS255,1.0381414701803051
KIAA1024,5.406070576141012e-05,0.004975124378109453,4.863914289333954,SPI1_pDS255,0.0024271844660194
CTD-2034I4.2,0.00011459819029687134,0.9751243781094527,-0.3217741654991949,SPI1_pDS255,0.0062413314840499
RPS17L,0.005799420305668305,0.2736318407960199,0.9876702374288275,SPI1_pDS255,0.0136962552011095
RP11-752G15.3,3.2112678600444385e-05,0.009950248756218905,3.0259383662117916,SPI1_pDS255,0.0017337031900138
RP11-752G15.6,0.018606490758900755,0.2935323383084577,0.5481901387310469,SPI1_pDS255,0.2395977808599168
DET1,0.0069314326426760985,0.31343283582089554,0.5359702489365503,SPI1_pDS255,0.0287794729542302
HAPLN3,0.0004953288401313943,0.23383084577114427,0.7355014279324762,SPI1_pDS255,0.0034674063800277
FANCI,0.0072517244803021515,0.9402985074626866,-1.1284305486944917,SPI1_pDS255,0.3616504854368932
MESP2,0.00036499227307116395,0.03980099502487562,0.07363522734875329,SPI1_pDS255,0.0046809986130374
IDH2,0.19780495903439252,0.004975124378109453,17.27648653093822,SPI1_pDS255,0.7309292649098474
PRC1,0.02273768121204394,0.27860696517412936,0.3175983410109838,SPI1_pDS255,0.0292995839112343
AC068831.10,0.0026142329239650253,0.3880597014925373,-0.18365514870987878,SPI1_pDS255,0.0123092926490984
CHD2,0.01880761205165106,0.2835820895522388,0.400309359259276,SPI1_pDS255,0.2331830790568654
NR2F2-AS1,0.025958128594354413,0.004975124378109453,6.01515369799747,SPI1_pDS255,0.0348474341192787
NR2F2,0.03724196523068343,0.01990049751243781,2.84282485131794,SPI1_pDS255,0.2472260748959778
ARRDC4,0.005393797607233983,0.746268656716418,-0.03464151051153062,SPI1_pDS255,0.0126560332871012
TTC23,0.001960767096003856,0.5920398009950248,-0.4561519702799631,SPI1_pDS255,0.0135228848821081
RP11-526I2.5,0.005753955342688691,0.13432835820895522,1.42094377548937,SPI1_pDS255,0.0128294036061026
LINS,0.009323225489935279,0.3383084577114428,0.20921465961618843,SPI1_pDS255,0.0807905686546463
ASB7,0.0023703793442761195,0.4975124378109453,-0.4445073741538065,SPI1_pDS255,0.0292995839112343
RP11-299G20.3,0.0001378951858493539,0.7313432835820896,-0.7202099912450314,SPI1_pDS255,0.0050277392510402
RP11-89K11.1,0.005550624464482149,0.26865671641791045,0.812193180752891,SPI1_pDS255,0.0258321775312066
HBZ,0.2430657160999059,0.004975124378109453,14.327477918459975,SPI1_pDS255,53.44642857142857
HBA2,0.04378551252262916,0.004975124378109453,4.409929030620234,SPI1_pDS255,0.2335298196948682
HBA1,0.19318887849723682,0.004975124378109453,12.61755320298894,SPI1_pDS255,5.426317614424411
RAB11FIP3,0.00030362804076078815,0.10945273631840796,0.039209932906884834,SPI1_pDS255,0.0050277392510402
RHBDL1,0.0054841991425332885,0.4975124378109453,0.2865747173525433,SPI1_pDS255,0.0218446601941747
HAGH,0.02727330411280241,0.11442786069651742,1.5079623410447593,SPI1_pDS255,0.0292995839112343
NPW,0.2629438947860222,0.004975124378109453,16.10556151570057,SPI1_pDS255,1.530859916782247
PRSS27,4.2617830547486175e-05,0.04975124378109453,1.7048446412001432,SPI1_pDS255,0.0020804438280166
LA16c-325D7.2,0.004781816785645177,0.3582089552238806,0.36134998748053015,SPI1_pDS255,0.0218446601941747
CLDN6,0.020505518338607573,0.12437810945273632,1.3655094680313777,SPI1_pDS255,0.0292995839112343
TNFRSF12A,0.024190937679023278,0.15422885572139303,1.1420570470165996,SPI1_pDS255,0.2241678224687933
IL32,0.0007378771655094861,0.024875621890547265,0.5196856185369402,SPI1_pDS255,0.0055478502080443
ZNF597,3.96802837504433e-05,0.9900497512437811,-2.022292327356284,SPI1_pDS255,0.0292995839112343
CREBBP,0.012146728434693856,0.34328358208955223,0.28617364898936243,SPI1_pDS255,0.1173717059639389
ATF7IP2,0.08771515870602652,0.004975124378109453,5.645843130735069,SPI1_pDS255,1.016123439667129
EMP2,0.03301264571214836,0.024875621890547265,2.9401495909154716,SPI1_pDS255,0.0292995839112343
SOCS1,0.0220433897130687,0.3383084577114428,0.27409813659715027,SPI1_pDS255,0.1976421636615811
TXNDC11,0.011427175816877154,0.22885572139303484,0.6803134662457343,SPI1_pDS255,0.0892857142857142
C16orf45,8.336595444377618e-05,0.9950248756218906,-1.8187597821307127,SPI1_pDS255,0.0020804438280166
ABCC1,0.008403594158497635,0.22388059701492538,0.4988188462046577,SPI1_pDS255,0.0561719833564493
RP11-14N9.2,0.0001772029624744757,0.9203980099502488,-1.2051833741816316,SPI1_pDS255,0.0029472954230235
CTD-2576D5.4,0.006706663428107152,0.2935323383084577,0.9498007710407679,SPI1_pDS255,0.0104022191400832
ARL6IP1,0.021977586003715358,0.42786069651741293,-0.02202933846225852,SPI1_pDS255,0.5778432732316228
COQ7,0.015345345083725124,0.12437810945273632,1.099209464015027,SPI1_pDS255,0.1059292649098474
ITPRIPL2,0.00043528973014110697,0.07960199004975124,0.03487118676717355,SPI1_pDS255,0.0057212205270457
CCP110,0.005751851946397387,0.746268656716418,-0.5710094844463113,SPI1_pDS255,0.0622399445214979
C16orf62,0.007627563393770058,0.25870646766169153,0.2585580081571208,SPI1_pDS255,0.0598127600554785
DCUN1D3,0.0005130816509044238,0.3333333333333333,-0.3589917218510728,SPI1_pDS255,0.0065880721220527
TMEM159,0.008008316377675998,0.3582089552238806,0.14333668780417222,SPI1_pDS255,0.0738557558945908
CRYM,0.13404327068075367,0.004975124378109453,12.859719646548559,SPI1_pDS255,0.4363730929264909
UBFD1,0.018586939552915745,0.1890547263681592,0.7644330432483148,SPI1_pDS255,0.0292995839112343
PLK1,0.033815429270473825,0.14427860696517414,1.0546495458941127,SPI1_pDS255,0.8176144244105409
RBBP6,0.01931292459448878,0.472636815920398,-0.12290850106243162,SPI1_pDS255,0.5234049930651873
CTD-3203P2.2,0.0001848034942226428,0.9353233830845771,-1.503295441109978,SPI1_pDS255,0.0038141470180305
PRRT2,0.0007223153456916875,0.004975124378109453,3.834725898652683,SPI1_pDS255,0.0027739251040221
MVP,5.372429482198961e-05,0.7014925373134329,-0.5988704304628697,SPI1_pDS255,0.0292995839112343
YPEL3,0.006407797716760476,0.5074626865671642,-0.17847435998103786,SPI1_pDS255,0.0438626907073509
GDPD3,0.00010040990710707109,1.0,-2.263354361966049,SPI1_pDS255,0.0027739251040221
CORO1A,0.027103433693389502,0.004975124378109453,6.1832074450936485,SPI1_pDS255,0.0488904299583911
MYLPF,0.0009982445204591943,0.19900497512437812,-0.2527877904868524,SPI1_pDS255,0.0062413314840499
ZNF48,0.009275540956982239,0.31840796019900497,0.024009465238556484,SPI1_pDS255,0.0599861303744798
PRR14,0.011185662585133411,0.4626865671641791,-0.14217095045766612,SPI1_pDS255,0.1692094313453536
PRSS36,0.00044783948762725125,0.14427860696517414,0.13812741479693338,SPI1_pDS255,0.0060679611650485
PYCARD,0.281372917285549,0.004975124378109453,23.93585055613948,SPI1_pDS255,0.8864424410540915
C16orf98,0.006757623603810573,0.32338308457711445,0.5445312893655623,SPI1_pDS255,0.0240984743411927
TGFB1I1,0.000118349281205243,0.014925373134328358,2.624588722619751,SPI1_pDS255,0.0292995839112343
AHSP,0.010619276852485126,0.004975124378109453,2.922355318551347,SPI1_pDS255,0.0197642163661581
ZNF267,0.01180983358871385,0.18407960199004975,0.9094557362122322,SPI1_pDS255,0.0768030513176144
RP11-212I21.4,0.00019331400691771007,0.029850746268656716,0.9500523530840267,SPI1_pDS255,0.0038141470180305
OGFOD1,0.009621516305237814,0.681592039800995,-0.6167190550579571,SPI1_pDS255,0.2839805825242718
MT2A,0.01356059989182885,0.15920398009950248,0.9924976289048146,SPI1_pDS255,0.0835644937586685
MT1A,0.005658189880066251,0.11940298507462686,1.313619772967557,SPI1_pDS255,0.0046809986130374
HERPUD1,0.020365211203896182,0.2736318407960199,0.42311140345384674,SPI1_pDS255,0.2626560332871012
PLLP,0.00021890517575079335,0.009950248756218905,2.772729827111563,SPI1_pDS255,0.0053744798890429
KIFC3,0.020000391810945924,0.15920398009950248,1.0729995744327834,SPI1_pDS255,0.1282940360610263
TEPP,0.0004157453402295288,0.34328358208955223,-0.09394526183689213,SPI1_pDS255,0.0055478502080443
CDH8,6.810290948354844e-05,0.9601990049751243,-1.5901535707326,SPI1_pDS255,0.0031206657420249
Y_RNA,0.00016706760396194344,0.4427860696517413,-0.1490993016973458,SPI1_pDS255,0.0292995839112343
CKLF,0.059050144127463615,0.01990049751243781,3.739051050716454,SPI1_pDS255,0.8018377253814147
CMTM3,0.01724440772527149,0.4228855721393035,0.029645787298679734,SPI1_pDS255,0.2858876560332871
PDP2,0.001534647469104246,0.3681592039800995,-0.2761361553188209,SPI1_pDS255,0.0136962552011095
CES2,0.012110034569351247,0.4228855721393035,0.1178057007609459,SPI1_pDS255,0.0292995839112343
CES3,8.800094835135961e-05,0.47761194029850745,-0.15103817185833898,SPI1_pDS255,0.0069348127600554
HSF4,0.0005409010605523507,0.6567164179104478,-0.6058428620497538,SPI1_pDS255,0.0292995839112343
CTRL,7.671360279482731e-05,0.15920398009950248,1.0132656476702222,SPI1_pDS255,0.0024271844660194
NQO1,0.039716598638498225,0.029850746268656716,2.2310523487305103,SPI1_pDS255,0.4739944521497919
ZNF19,0.0004784448658969634,0.43283582089552236,-0.35401496266738686,SPI1_pDS255,0.0071081830790568
ZFHX3,0.007218918543853072,0.13930348258706468,0.9693119554474402,SPI1_pDS255,0.0223647711511789
RP5-991G20.4,0.00017005778091352925,0.6865671641791045,-0.43705111438645516,SPI1_pDS255,0.0057212205270457
PSMD7,0.05822569575550864,0.024875621890547265,2.565902655242196,SPI1_pDS255,0.0292995839112343
AC009120.6,0.0004863380700091529,0.2935323383084577,-0.3917579713588799,SPI1_pDS255,0.0081484049930651
RP11-252A24.7,0.001648523692900243,0.582089552238806,-0.5777822860143859,SPI1_pDS255,0.0292995839112343
TERF2IP,0.015244491221682683,0.746268656716418,-0.7400307463304613,SPI1_pDS255,0.7312760055478502
NUDT7,0.00908833551883311,0.01990049751243781,2.901985988871629,SPI1_pDS255,0.0182038834951456
7SK,5.987696339832761e-05,0.9402985074626866,-1.3993452904126822,SPI1_pDS255,0.0292995839112343
COTL1,0.01261135815580139,0.004975124378109453,4.03535258699274,SPI1_pDS255,0.0221914008321775
GINS2,0.028886608439098165,0.35323383084577115,0.13951175719955128,SPI1_pDS255,1.5875520110957004
MAP1LC3B,0.0536372138326004,0.04477611940298507,2.624719050512392,SPI1_pDS255,0.970873786407767
CYBA,0.2989906065934952,0.004975124378109453,24.273026255209466,SPI1_pDS255,4.478155339805825
SNAI3-AS1,0.006042260632498419,0.08955223880597014,1.3123930358532137,SPI1_pDS255,0.0138696255201109
SPATA2L,0.001326978045615942,0.7761194029850746,-0.719028573962615,SPI1_pDS255,0.0301664355062413
VPS9D1,0.00020137734414170779,0.7213930348258707,-0.2621725688238896,SPI1_pDS255,0.0055478502080443
NXN,4.679249325260183e-05,0.9850746268656716,-2.118630162034212,SPI1_pDS255,0.0027739251040221
MYO1C,0.0036885035215799685,0.4577114427860697,-0.3649216358392096,SPI1_pDS255,0.0506241331484049
MIR22HG,0.005991289113447205,0.04975124378109453,3.722368494519536,SPI1_pDS255,0.0292995839112343
SERPINF1,0.05545702155188483,0.004975124378109453,4.1071148705624685,SPI1_pDS255,0.526872399445215
HIC1,0.00031032219398333593,0.4577114427860697,-0.05515227176127453,SPI1_pDS255,0.0027739251040221
MNT,0.0019948161943917067,0.9701492537313433,-1.227188706358068,SPI1_pDS255,0.0447295423023578
PAFAH1B1,0.01212577741554223,0.746268656716418,-0.7287007920172636,SPI1_pDS255,0.2994105409153952
TRPV3,0.00016813823670924814,0.7661691542288557,-0.7251461531980664,SPI1_pDS255,0.002253814147018
PSMB6,0.08838797937776204,0.004975124378109453,6.121169722812144,SPI1_pDS255,3.9141816920943135
ENO3,0.0018387790334131635,0.6666666666666666,-0.694780893874173,SPI1_pDS255,0.0208044382801664
CAMTA2,0.007338864874436737,0.15422885572139303,0.8783919697882694,SPI1_pDS255,0.0292995839112343
RP5-1050D4.3,0.0002466178968385492,0.004975124378109453,3.771863388588454,SPI1_pDS255,0.0017337031900138
RP5-1050D4.5,4.669826384751584e-05,0.9850746268656716,-1.8025031421877091,SPI1_pDS255,0.0031206657420249
NLRP1,0.003317051644661826,0.7562189054726368,-0.8869411908584449,SPI1_pDS255,0.0504507628294036
C17orf100,0.006892218587038809,0.21890547263681592,0.8864164163409665,SPI1_pDS255,0.0251386962552011
DLG4,0.002124104284534749,0.3333333333333333,-0.2280919286949254,SPI1_pDS255,0.0136962552011095
CLDN7,0.0006764996955238305,0.6069651741293532,-0.9113758000816271,SPI1_pDS255,0.0091886269070735
SLC2A4,0.00039025901406370046,0.3880597014925373,0.026185832426068884,SPI1_pDS255,0.0292995839112343
SENP3,0.001602760339578417,0.7960199004975125,-0.7569082291692798,SPI1_pDS255,0.0213245492371705
CD68,0.0010675727020785998,0.8507462686567164,-0.8333919679419465,SPI1_pDS255,0.0161234396671289
SAT2,0.014217105156050418,0.1044776119402985,1.4066308511427557,SPI1_pDS255,0.0468099861303744
WRAP53,0.008156319345324747,0.30845771144278605,0.31124389243969824,SPI1_pDS255,0.0700416088765603
KCNAB3,0.00013230466964070486,0.004975124378109453,3.0242777792767654,SPI1_pDS255,0.0024271844660194
C17orf59,0.0046520703671141285,0.6666666666666666,-0.5309252525190145,SPI1_pDS255,0.0292995839112343
AURKB,0.01956617779199121,0.527363184079602,-0.31019699319938276,SPI1_pDS255,0.5924063800277393
LINC00324,0.000119504914690043,0.5771144278606966,-0.1780577445454541,SPI1_pDS255,0.0062413314840499
SLC25A35,0.0003421552303736243,0.0945273631840796,1.5113353810231736,SPI1_pDS255,0.0031206657420249
PMP22,0.01283076144271686,0.19402985074626866,0.5984524638712303,SPI1_pDS255,0.1106102635228848
ZNF286A,0.006528955415730086,0.2935323383084577,0.6012657527731179,SPI1_pDS255,0.0195908460471567
UBB,0.06278857562608109,0.004975124378109453,5.912203048822417,SPI1_pDS255,10.679785020804438
FAM211A,0.006025301347554498,0.4925373134328358,-0.074290280431703,SPI1_pDS255,0.0440360610263522
ZNF287,0.00013834457237637553,0.01990049751243781,2.6662585185574,SPI1_pDS255,0.002253814147018
MAP2K3,0.02712902113131696,0.004975124378109453,4.930176077017596,SPI1_pDS255,0.062760055478502
RP11-192H23.6,0.001572974285231913,0.7661691542288557,-0.7289774681816633,SPI1_pDS255,0.0433425797503467
MIR451B,0.0006283025681795447,0.004975124378109453,3.7055919527881254,SPI1_pDS255,0.0024271844660194
RP11-848P1.5,0.004946643774293947,0.009950248756218905,10.528391856850947,SPI1_pDS255,0.0039875173370319
EVI2B,0.002415212254297477,0.21890547263681592,0.23769410416569706,SPI1_pDS255,0.0084951456310679
PSMD11,0.035308415394800896,0.21393034825870647,0.6984036042287552,SPI1_pDS255,0.0292995839112343
CCL2,0.003258153696901483,0.14925373134328357,1.069195191908338,SPI1_pDS255,0.0124826629680998
RP11-1094M14.11,0.035481768272178194,0.1691542288557214,0.8158471727658803,SPI1_pDS255,1.388002773925104
MRM1,0.012896997769252693,0.24378109452736318,0.6190101598779886,SPI1_pDS255,0.0920596393897364
LHX1,0.0003856524000629271,0.7910447761194029,-0.2377647868426749,SPI1_pDS255,0.009882108183079
CTB-58E17.3,0.00016738902656572008,0.06965174129353234,-0.091259203816452,SPI1_pDS255,0.0058945908460471
CWC25,0.015204418149548244,0.47761194029850745,-0.13255289379265675,SPI1_pDS255,0.2929958391123439
TCAP,0.00015582826942204156,0.9353233830845771,-0.4981885925449199,SPI1_pDS255,0.0060679611650485
IKZF3,0.00019566598382975153,0.17412935323383086,-0.12377123920360357,SPI1_pDS255,0.0027739251040221
NR1D1,0.007354893305546354,0.29850746268656714,0.3434618393512179,SPI1_pDS255,0.0308599167822468
RAPGEFL1,0.005570097950881419,0.4626865671641791,0.05091992600840125,SPI1_pDS255,0.0292995839112343
CDC6,0.025961146930948614,0.21890547263681592,0.6988610501008828,SPI1_pDS255,0.503120665742025
TOP2A,0.03948475995598087,0.06965174129353234,1.64043208081819,SPI1_pDS255,0.8217753120665742
IGFBP4,0.056220905573838124,0.004975124378109453,9.066205940679296,SPI1_pDS255,0.1014216366158113
CCR7,0.0009039992327014492,0.5920398009950248,-0.4390857553248887,SPI1_pDS255,0.002253814147018
EIF1,0.04899628249508109,0.004975124378109453,4.892405067457594,SPI1_pDS255,16.0249653259362
PTRF,0.012838526222922596,0.6069651741293532,-0.4705934834416954,SPI1_pDS255,0.2236477115117892
WNK4,0.02033728416589142,0.004975124378109453,3.7728316934718973,SPI1_pDS255,0.039875173370319
AOC2,8.857187012675858e-05,0.5024875621890548,-0.008463878997914554,SPI1_pDS255,0.0032940360610263
LINC00910,0.013378206774404797,0.08955223880597014,1.665668709586521,SPI1_pDS255,0.045249653259362
PYY,0.015201599694648755,0.03482587064676617,2.4870194332113997,SPI1_pDS255,0.0369278779472954
C17orf104,0.000131347992907238,0.12935323383084577,-0.011167305364346434,SPI1_pDS255,0.0292995839112343
ADAM11,0.00013118995782531478,0.6119402985074627,-0.27516542520801784,SPI1_pDS255,0.0292995839112343
GJC1,0.009010267581629582,0.26865671641791045,0.46145279699983915,SPI1_pDS255,0.0594660194174757
CTD-2020K17.1,0.005558671441284272,0.11442786069651742,1.8437548512977884,SPI1_pDS255,0.009882108183079
FMNL1,0.007789935477546791,0.6666666666666666,-0.5961040029256847,SPI1_pDS255,0.0915395284327323
ARHGAP27,0.00014170801740448824,1.0,-2.5878609983149072,SPI1_pDS255,0.0029472954230235
WNT3,0.003514569400525379,0.35323383084577115,0.23252076306538078,SPI1_pDS255,0.012135922330097
MYL4,0.06802999110683673,0.009950248756218905,3.0393742064713223,SPI1_pDS255,2.609049930651872
SP6,0.0013879440710720219,0.03482587064676617,1.9734021730755889,SPI1_pDS255,0.0041608876560332
HOXB2,0.03720082701707179,0.08955223880597014,1.44639321126829,SPI1_pDS255,0.7421983356449375
HOXB4,0.02128832974741885,0.417910447761194,-0.08543325381582238,SPI1_pDS255,0.727635228848821
KAT7,0.003720383448669614,0.835820895522388,-1.0268862870376387,SPI1_pDS255,0.0292995839112343
DLX4,0.03886988239442091,0.004975124378109453,3.3854606970251835,SPI1_pDS255,0.1990291262135922
PPP1R9B,0.0069010640408231514,0.43283582089552236,0.003584673229426908,SPI1_pDS255,0.0709084604715672
ACSF2,0.001280606829442149,0.5522388059701493,-0.590660864113634,SPI1_pDS255,0.0292995839112343
ANKRD40,0.00568692060180543,0.7860696517412935,-0.9058585487024171,SPI1_pDS255,0.0768030513176144
RP11-294J22.6,0.002041497643991591,0.29850746268656714,-0.00632206013269941,SPI1_pDS255,0.0095353675450762
MMD,0.014858803136243763,0.024875621890547265,2.816818195420109,SPI1_pDS255,0.0331137309292649
PCTP,0.010547463110468318,0.3333333333333333,0.08704710009496476,SPI1_pDS255,0.0759361997226074
SCPEP1,0.008774631076596841,0.22388059701492538,0.5078672073478462,SPI1_pDS255,0.052877947295423
CUEDC1,9.85945529155647e-05,0.6567164179104478,-0.43578243675276285,SPI1_pDS255,0.0292995839112343
VEZF1,0.012207273017296405,0.22885572139303484,0.8971339114095532,SPI1_pDS255,0.0292995839112343
RP11-159D12.5,0.00027622710474858647,0.9950248756218906,-0.2954892530069598,SPI1_pDS255,0.0074549237170596
BZRAP1,0.0001980873259965698,0.9154228855721394,-1.3210728662247821,SPI1_pDS255,0.0019070735090152
TUBD1,0.009432811654474385,0.5373134328358209,-0.3532413226824819,SPI1_pDS255,0.0292995839112343
PPM1D,0.007092188738618686,0.43283582089552236,-0.13001238739202794,SPI1_pDS255,0.0471567267683772
BCAS3,0.000470234212473876,0.8905472636815921,-0.7241769740064345,SPI1_pDS255,0.01751040221914
RP11-332H18.4,0.004390868446291884,0.8855721393034826,-1.148990399961275,SPI1_pDS255,0.1328016643550624
TANC2,0.0014698151704190675,0.5124378109452736,-0.4868320193258083,SPI1_pDS255,0.0159500693481276
LIMD2,0.028517013182791335,0.35323383084577115,0.1842010255006126,SPI1_pDS255,0.0292995839112343
DDX5,0.020190080496265767,0.7562189054726368,-0.7394218606693691,SPI1_pDS255,2.2099514563106797
CEP95,0.01105704007475865,0.5024875621890548,-0.09770577986898955,SPI1_pDS255,0.1210124826629681
PSMD12,0.03494134321338838,0.12437810945273632,1.1410642800574404,SPI1_pDS255,0.907246879334258
KPNA2,0.0395458876959465,0.15920398009950248,0.9406077171562156,SPI1_pDS255,1.8027045769764216
RP11-147L13.2,9.965386445747986e-05,0.9900497512437811,-2.0378750876881293,SPI1_pDS255,0.0038141470180305
ABCA5,0.0007482464218862777,0.004975124378109453,1.9204346212454306,SPI1_pDS255,0.0020804438280166
USH1G,8.995032175744644e-05,0.9104477611940298,-1.2481903366723037,SPI1_pDS255,0.0020804438280166
HN1,0.036045103445198116,0.22885572139303484,0.5151221929916007,SPI1_pDS255,3.268550624133149
RP11-649A18.7,0.0015731191937831525,0.6368159203980099,-0.6489596877409932,SPI1_pDS255,0.0109223300970873
GGA3,0.005019539781058799,0.7661691542288557,-0.8707905920675479,SPI1_pDS255,0.1024618585298196
MIF4GD,0.0636216207071344,0.004975124378109453,7.704481281083788,SPI1_pDS255,0.1983356449375866
CASKIN2,0.0018707914861213586,0.5124378109452736,-0.5370796755909,SPI1_pDS255,0.0258321775312066
UNC13D,0.026606296449713844,0.014925373134328358,2.8197563970854875,SPI1_pDS255,0.0292995839112343
FBF1,0.007121371267497091,0.34328358208955223,0.11551486567939054,SPI1_pDS255,0.0298196948682385
UBALD2,0.05145282372776651,0.014925373134328358,2.908117094028179,SPI1_pDS255,0.598994452149792
ST6GALNAC2,0.0004417341177862227,0.6119402985074627,-0.4698275559819934,SPI1_pDS255,0.0083217753120665
MXRA7,0.0013351341087112101,0.7910447761194029,-1.0676661821078188,SPI1_pDS255,0.0091886269070735
BIRC5,0.0320611927360397,0.2835820895522388,0.42066005315697547,SPI1_pDS255,1.5821775312066575
SOCS3,0.010123303451818734,0.21890547263681592,0.6532411806981875,SPI1_pDS255,0.065880721220527
SGSH,0.0011536697695582222,0.5124378109452736,-0.49604853618361583,SPI1_pDS255,0.0292995839112343
BAIAP2,0.0046568260084018775,0.5870646766169154,-0.4874145978259519,SPI1_pDS255,0.0702149791955617
ACTG1,0.05692693808633102,0.024875621890547265,2.6595719577686676,SPI1_pDS255,5.321775312066574
FAM195B,0.00011397024055080444,0.746268656716418,-0.18574391778681354,SPI1_pDS255,0.004507628294036
RAC3,0.031892043583847195,0.2885572139303483,0.23268035094309367,SPI1_pDS255,1.5275658807212205
RP13-516M14.4,0.002837092321833058,0.527363184079602,-0.5350216580677246,SPI1_pDS255,0.0131761442441054
CD7,0.014196507333460909,0.029850746268656716,2.5923002345016144,SPI1_pDS255,0.0419556171983356
SECTM1,0.0003699205951512699,0.024875621890547265,1.860570465769998,SPI1_pDS255,0.0046809986130374
LINC00470,0.00843998871898079,0.835820895522388,-0.93441736314942,SPI1_pDS255,0.0292995839112343
NDC80,0.015161490173031603,0.5373134328358209,-0.32984618730354937,SPI1_pDS255,0.308252427184466
RP13-270P17.1,0.00044628729846913533,0.1044776119402985,-0.1761617523553233,SPI1_pDS255,0.004507628294036
TGIF1,0.009489090144280577,0.5174129353233831,-0.2446541994562101,SPI1_pDS255,0.1171983356449375
LINC00526,0.011225308570102956,0.17412935323383086,0.8948447143867088,SPI1_pDS255,0.0587725381414701
ZBTB14,0.005056708506408476,0.6965174129353234,-0.2995609139810337,SPI1_pDS255,0.02375173370319
RP11-91I8.3,0.00014317142398842983,0.024875621890547265,2.441505372285447,SPI1_pDS255,0.002253814147018
RP11-143J12.2,0.006822780880999018,0.004975124378109453,2.478711982803465,SPI1_pDS255,0.0091886269070735
RAB31,0.01768823231959622,0.13432835820895522,0.9504234486590802,SPI1_pDS255,0.1683425797503467
NAPG,0.016468676786873204,0.19402985074626866,0.8384317456145434,SPI1_pDS255,0.1328016643550624
CHMP1B,0.010777002296510031,0.36318407960199006,0.010353273504912752,SPI1_pDS255,0.1152912621359223
MPPE1,0.010563313053953294,0.05970149253731343,2.3111301140401226,SPI1_pDS255,0.0310332871012482
CEP76,0.011205792056695994,0.15422885572139303,1.2864238015814737,SPI1_pDS255,0.0485436893203883
CEP192,0.001704206359824504,0.9203980099502488,-1.1050440161764166,SPI1_pDS255,0.0445561719833564
RNMT,0.006753473531652962,0.5970149253731343,-0.463074278986663,SPI1_pDS255,0.1012482662968099
GATA6-AS1,0.006866936301691022,0.14427860696517414,0.8353439797422347,SPI1_pDS255,0.0116158113730929
TAF4B,0.00932867548518255,0.1890547263681592,0.7908358862500157,SPI1_pDS255,0.0292995839112343
RP11-326K13.4,0.007204364822033878,0.208955223880597,0.7856217903663443,SPI1_pDS255,0.0223647711511789
RNF125,0.013053989017292694,0.04477611940298507,2.1148567935856173,SPI1_pDS255,0.0438626907073509
ZNF24,0.021518074548343896,0.23880597014925373,0.5077862030277404,SPI1_pDS255,0.3639042995839112
PIK3C3,0.01017724394310942,0.44776119402985076,-0.17014519083362112,SPI1_pDS255,0.1631414701803051
IER3IP1,0.019705561710687176,0.5323383084577115,-0.32731232960385204,SPI1_pDS255,0.0292995839112343
C18orf54,0.0055556750593637174,0.47761194029850745,0.5753241007600987,SPI1_pDS255,0.0116158113730929
FECH,0.009463729006740538,0.5124378109452736,-0.36807269715429636,SPI1_pDS255,0.0292995839112343
RP11-108P20.1,3.584249959008782e-05,0.05970149253731343,1.6347875676635986,SPI1_pDS255,0.002253814147018
PMAIP1,0.020393589698026987,0.05970149253731343,1.77375821681423,SPI1_pDS255,0.0908460471567267
CCDC102B,0.00015138798092941526,0.004975124378109453,4.373165661973247,SPI1_pDS255,0.0043342579750346
CD226,0.0038126457370644758,0.472636815920398,-0.3969610743824597,SPI1_pDS255,0.0334604715672676
LINC01029,6.912061517335361e-05,1.0,-2.6697631411887244,SPI1_pDS255,0.0017337031900138
TRIB3,0.011807010690684284,0.736318407960199,-0.7607371749586933,SPI1_pDS255,0.3814147018030513
SNPH,3.6692040626843666e-05,0.9800995024875622,-1.7316031462592851,SPI1_pDS255,0.0024271844660194
SDCBP2,0.0015359596457713337,0.4079601990049751,-0.3433921036831111,SPI1_pDS255,0.0159500693481276
SDCBP2-AS1,0.0005113730744444263,0.4925373134328358,-0.663728084402337,SPI1_pDS255,0.0078016643550624
AVP,0.04060162573393826,0.004975124378109453,5.201280300337578,SPI1_pDS255,0.1033287101248266
HSPA12B,0.0005828937955992475,0.04477611940298507,0.255364659448664,SPI1_pDS255,0.0069348127600554
RP11-119B16.2,0.001593948479785859,0.7960199004975125,-0.8580899165354228,SPI1_pDS255,0.0292995839112343
SMOX,0.010823278842832925,0.07462686567164178,1.3897489964128635,SPI1_pDS255,0.0234049930651872
RASSF2,0.0006934229654230472,0.1044776119402985,-0.10737093184538743,SPI1_pDS255,0.0145631067961165
PCNA,0.05608731118420937,0.029850746268656716,2.560944056403265,SPI1_pDS255,1.2565880721220528
C20orf196,0.017620391273091028,0.27860696517412936,0.4723746166610413,SPI1_pDS255,0.0292995839112343
CHGB,6.98776084461845e-05,0.05472636815920398,2.13016424958744,SPI1_pDS255,0.0041608876560332
MACROD2,0.00047795550694542413,0.05970149253731343,0.1296118898336687,SPI1_pDS255,0.0084951456310679
RP5-1068E13.7,0.005928130396494818,0.373134328358209,0.624863321330999,SPI1_pDS255,0.0097087378640776
ZNF337-AS1,0.0007926643304101026,0.6865671641791045,-0.5020803311520187,SPI1_pDS255,0.0169902912621359
ID1,0.056218915986810135,0.004975124378109453,6.332912384841723,SPI1_pDS255,0.2583217753120665
TPX2,0.023199700959087872,0.48258706467661694,-0.07482744138416615,SPI1_pDS255,0.8101595006934813
ZNF341,0.0006190071723631369,0.3582089552238806,-0.39740884526481784,SPI1_pDS255,0.0084951456310679
CHMP4B,0.043739487219642846,0.05472636815920398,2.017756302830622,SPI1_pDS255,0.8304438280166435
GGT7,0.007481473707349528,0.21393034825870647,0.7659202289820766,SPI1_pDS255,0.0292995839112343
MYH7B,0.0015149323974293601,0.9104477611940298,-0.9773068085922468,SPI1_pDS255,0.0263522884882108
PROCR,0.0005297950566252424,0.09950248756218906,0.20836685035718808,SPI1_pDS255,0.0055478502080443
MYL9,0.006869214088501023,0.3333333333333333,0.4264708973967951,SPI1_pDS255,0.0292995839112343
RBL1,0.00022846714358020035,0.9552238805970149,-0.22904722064407265,SPI1_pDS255,0.0292995839112343
MROH8,0.0006522194273125746,0.8756218905472637,-0.8659730391786338,SPI1_pDS255,0.0199375866851595
SRC,0.00015715275144594982,0.6318407960199005,-0.2398845930265504,SPI1_pDS255,0.0027739251040221
BLCAP,0.03015424099814276,0.024875621890547265,2.610897931376795,SPI1_pDS255,0.1721567267683772
LPIN3,0.005433722601865456,0.2935323383084577,1.0293469323450695,SPI1_pDS255,0.0097087378640776
OSER1,0.026922404815787896,0.0845771144278607,1.562116952421467,SPI1_pDS255,0.2250346740638003
OSER1-AS1,0.0009190128395877265,0.5223880597014925,-0.7590738573061357,SPI1_pDS255,0.0119625520110957
PKIG,0.025454387932449692,0.12437810945273632,1.0540569923526897,SPI1_pDS255,0.3205617198335645
TOMM34,0.021854981952301508,0.16417910447761194,0.833932543920042,SPI1_pDS255,0.2869278779472954
SNX21,0.00019861453745392043,0.009950248756218905,3.0031178291057583,SPI1_pDS255,0.0029472954230235
ZSWIM3,0.0001462605670032535,1.0,-0.33752596217972597,SPI1_pDS255,0.0065880721220527
CD40,0.0002484557973651224,0.029850746268656716,0.07684446526262363,SPI1_pDS255,0.0292995839112343
ZFAS1,0.16462821265498012,0.004975124378109453,13.312659612261509,SPI1_pDS255,6.431692094313454
SPATA2,0.0017073400795395736,0.8507462686567164,-1.0973114877037207,SPI1_pDS255,0.0397018030513176
CEBPB,0.044213798891471666,0.06965174129353234,2.038481187682481,SPI1_pDS255,0.6251733703190014
RP11-15M15.1,0.00022468976475589392,0.945273631840796,-0.3648518569102927,SPI1_pDS255,0.0058945908460471
AURKA,0.02742783770895672,0.3383084577114428,0.1991220977621945,SPI1_pDS255,0.7064840499306518
CASS4,0.005521212362252851,0.572139303482587,-0.07184390526598779,SPI1_pDS255,0.0221914008321775
RP4-800J21.3,0.00027973175780519525,0.01990049751243781,2.4353359257254548,SPI1_pDS255,0.0034674063800277
TUBB1,0.0003011129377195678,0.05970149253731343,-0.09497544381597488,SPI1_pDS255,0.0027739251040221
LINC00659,0.006334619955081185,0.05970149253731343,1.9038697173754084,SPI1_pDS255,0.0074549237170596
HELZ2,0.008370640800725937,0.014925373134328358,1.6837569780187205,SPI1_pDS255,0.0124826629680998
C2CD4C,0.0001039688823342054,0.900497512437811,-0.3371481995262875,SPI1_pDS255,0.0052011095700416
GZMM,0.0004436394242729144,0.23880597014925373,-0.24199783965637284,SPI1_pDS255,0.0055478502080443
BSG,0.05495463722312025,0.004975124378109453,4.29738134089473,SPI1_pDS255,9.60887656033287
PRSS57,0.733350377322802,0.004975124378109453,45.14104472208521,SPI1_pDS255,1.757628294036061
CFD,0.057884388103686346,0.01990049751243781,2.827056278974117,SPI1_pDS255,1.3295769764216363
KISS1R,0.00745468654261762,0.572139303482587,-0.39940459485493923,SPI1_pDS255,0.092753120665742
CTB-31O20.2,0.010574864508586405,0.5621890547263682,-0.40947470478413894,SPI1_pDS255,0.1536061026352288
GADD45B,0.009676130278146499,0.10945273631840796,1.3670987931894991,SPI1_pDS255,0.0266990291262135
ZNF555,0.0071477562602991615,0.07960199004975124,1.6026372040575285,SPI1_pDS255,0.0244452149791955
CELF5,0.0004650602068722816,0.4626865671641791,-0.34745293525114623,SPI1_pDS255,0.0058945908460471
CACTIN,0.06276625542951118,0.004975124378109453,7.026898811082018,SPI1_pDS255,0.1705963938973647
PIAS4,0.013595027984971041,0.36318407960199006,0.25583517845501813,SPI1_pDS255,0.0292995839112343
TMIGD2,0.0001521896689402713,0.004975124378109453,3.6439597488594617,SPI1_pDS255,0.0019070735090152
C19orf10,0.1831764675074381,0.004975124378109453,15.126793958403313,SPI1_pDS255,3.326976421636616
PLIN3,0.020923071255659797,0.27860696517412936,0.4255707458715599,SPI1_pDS255,0.3663314840499306
NRTN,0.0015270745402469984,0.48756218905472637,-0.5183506704506211,SPI1_pDS255,0.0133495145631067
VMAC,0.0019437185567657918,0.39303482587064675,-0.3415151283810385,SPI1_pDS255,0.0168169209431345
AC104532.4,0.0002715581309358315,0.024875621890547265,1.6601114476862102,SPI1_pDS255,0.0024271844660194
PSPN,0.007385635391263816,0.07960199004975124,0.8753721100079582,SPI1_pDS255,0.0138696255201109
SLC25A23,0.046516761063376884,0.004975124378109453,4.319935100362219,SPI1_pDS255,0.0292995839112343
C3,0.0001721482789139454,0.024875621890547265,2.2859263119828626,SPI1_pDS255,0.0019070735090152
PCP2,7.114682211345861e-05,0.3034825870646766,0.5372953872279493,SPI1_pDS255,0.0024271844660194
CTD-3193O13.9,6.352961622352216e-05,0.014925373134328358,0.6136013649635363,SPI1_pDS255,0.0034674063800277
ANGPTL4,0.002632260648231753,0.014925373134328358,2.290976175603126,SPI1_pDS255,0.0020804438280166
MARCH2,0.005691391682507123,0.22885572139303484,0.6127877136533854,SPI1_pDS255,0.0136962552011095
OR7D2,0.00037555224027464146,0.11442786069651742,1.1746255763456923,SPI1_pDS255,0.0024271844660194
ZNF846,0.005436204609738513,0.5621890547263682,0.2830282835774338,SPI1_pDS255,0.0117891816920943
ICAM4,0.011651832693955325,0.3333333333333333,0.12051372631003027,SPI1_pDS255,0.0292995839112343
ZGLP1,0.00032753003707649143,0.07462686567164178,0.036517345531639274,SPI1_pDS255,0.0084951456310679
ILF3-AS1,0.017834539578531924,0.43781094527363185,-0.11993541397446608,SPI1_pDS255,0.5086685159500693
EPOR,0.007139465293320206,0.8159203980099502,-0.8217857005953308,SPI1_pDS255,0.0967406380027739
CNN1,0.011358368728899173,0.0945273631840796,1.208932181603856,SPI1_pDS255,0.0292995839112343
ZNF627,0.00088318522067584,0.7611940298507462,-0.838682236118002,SPI1_pDS255,0.0209778085991678
ACP5,0.022953552067666545,0.39303482587064675,0.1344311511728933,SPI1_pDS255,0.3970180305131761
ZNF441,0.0001409192774999842,0.746268656716418,-0.22409711323825465,SPI1_pDS255,0.0072815533980582
ZNF440,0.006343290904898075,0.4527363184079602,0.15745364520073685,SPI1_pDS255,0.0327669902912621
ZNF788,0.00022924846455368432,0.6616915422885572,-0.910870961115217,SPI1_pDS255,0.0084951456310679
ZNF44,0.00041202607329110654,1.0,-1.2131282234614882,SPI1_pDS255,0.0253120665742024
ZNF442,0.0003608691082353014,0.46766169154228854,-0.5865429740817184,SPI1_pDS255,0.0091886269070735
ZNF709,9.878468215610971e-05,0.1791044776119403,0.9682423824423513,SPI1_pDS255,0.0020804438280166
ZNF490,0.0001321651506536015,0.05472636815920398,1.6649780874829447,SPI1_pDS255,0.0031206657420249
JUNB,0.01068625690181387,0.9154228855721394,-1.165263200611292,SPI1_pDS255,0.324375866851595
PRDX2,0.04564230405696477,0.014925373134328358,2.9525241863557343,SPI1_pDS255,8.734223300970873
KLF1,0.02596489998681607,0.39303482587064675,0.05030698872993087,SPI1_pDS255,0.9726074895977808
CALR,0.0880794387286606,0.004975124378109453,4.588440180593604,SPI1_pDS255,3.2626560332871013
CTC-425F1.4,0.00021694116002986047,0.01990049751243781,2.2640380059310035,SPI1_pDS255,0.0020804438280166
IER2,0.025856121990541738,0.3582089552238806,0.11163143785324192,SPI1_pDS255,0.776005547850208
ASF1B,0.0201987918337312,0.35323383084577115,0.1183881767928051,SPI1_pDS255,0.4162621359223301
NOTCH3,0.0013585064107236886,0.6318407960199005,-0.7056208154383009,SPI1_pDS255,0.0156033287101248
TPM4,0.03654208790940297,0.04975124378109453,2.0601789140910967,SPI1_pDS255,0.3460471567267684
FAM32A,0.020702859896436308,0.46766169154228854,-0.1358147199852709,SPI1_pDS255,0.7680305131761442
CPAMD8,0.0003107299794787262,0.12437810945273632,0.8399234025522845,SPI1_pDS255,0.0034674063800277
BST2,0.0008047738891864315,0.009950248756218905,3.447955966603538,SPI1_pDS255,0.0069348127600554
SLC27A1,0.0002611369658533444,0.004975124378109453,3.051766835118968,SPI1_pDS255,0.0024271844660194
GDF15,0.04231412788563841,0.04477611940298507,2.255121128978029,SPI1_pDS255,0.4342926490984743
KLHL26,0.0014045594969158224,0.5323383084577115,-0.5885078478512626,SPI1_pDS255,0.0178571428571428
YJEFN3,0.005260727207048668,0.6069651741293532,0.04025401902166008,SPI1_pDS255,0.0095353675450762
LPAR2,0.0001853002604200285,0.9104477611940298,-0.39914499563619843,SPI1_pDS255,0.0069348127600554
ZNF253,0.008167365935760491,0.11940298507462686,1.0083087154120505,SPI1_pDS255,0.0292995839112343
ZNF493,0.009297731146427946,0.13930348258706468,0.9304964863346777,SPI1_pDS255,0.0478502080443828
ZNF91,0.0033120238093099033,0.7562189054726368,-0.9726981391786561,SPI1_pDS255,0.0292995839112343
AC007773.2,0.006844818073617499,0.03482587064676617,1.342188760024074,SPI1_pDS255,0.0093619972260748
RGS9BP,0.0002084017861354994,0.009950248756218905,3.336750561562572,SPI1_pDS255,0.0024271844660194
CEBPA-AS1,0.00015048826973904558,1.0,-0.38116751965974044,SPI1_pDS255,0.0065880721220527
FXYD7,0.00012057375769781616,0.004975124378109453,4.261634685420398,SPI1_pDS255,0.002253814147018
HCST,0.014069580769677617,0.004975124378109453,3.6102779837651644,SPI1_pDS255,0.0346740638002773
TYROBP,0.02746193930586844,0.004975124378109453,8.015903008311016,SPI1_pDS255,0.0478502080443828
LRFN3,0.00502243306365666,0.263681592039801,0.6681669360983533,SPI1_pDS255,0.0091886269070735
ZFP14,0.007689589454582622,0.13930348258706468,1.3111019000211013,SPI1_pDS255,0.0232316227461858
ZNF529,0.0013584048332714173,0.9253731343283582,-0.9854942099698288,SPI1_pDS255,0.0346740638002773
AC092295.7,0.009072097637914747,0.20398009950248755,0.9237717640428871,SPI1_pDS255,0.0369278779472954
AC074138.3,0.007915884243691568,0.1044776119402985,1.2105564996105416,SPI1_pDS255,0.0383148404993065
ZNF345,0.005706942070968686,0.01990049751243781,5.146515418637836,SPI1_pDS255,0.0053744798890429
ZFP30,0.004062995131942272,0.8805970149253731,-1.0214788581689358,SPI1_pDS255,0.0292995839112343
ZNF607,0.00298067915282459,0.9800995024875622,-1.7689432557190032,SPI1_pDS255,0.0182038834951456
CTD-2528L19.6,0.00018512636495664948,0.4975124378109453,-0.11575735765449038,SPI1_pDS255,0.0048543689320388
PPP1R14A,0.1901948399409725,0.004975124378109453,16.317463875195667,SPI1_pDS255,0.0292995839112343
RASGRP4,0.0011777091919915733,0.6716417910447762,-0.754357993048478,SPI1_pDS255,0.0251386962552011
CAPN12,0.00022127158092516433,0.024875621890547265,2.1549368228722945,SPI1_pDS255,0.0043342579750346
GMFG,0.1751070383411064,0.004975124378109453,13.61778848562407,SPI1_pDS255,0.8732662968099861
ZFP36,0.007878811150734903,0.21890547263681592,0.6428638601753284,SPI1_pDS255,0.0277392510402219
ZNF546,0.0013736984006308328,0.39800995024875624,-0.36164644616662023,SPI1_pDS255,0.0126560332871012
PRX,0.0005812425123207978,0.21890547263681592,-0.35012084595159737,SPI1_pDS255,0.0058945908460471
SERTAD1,0.017994587924469903,0.1791044776119403,0.7990949781885822,SPI1_pDS255,0.1012482662968099
SERTAD3,0.008107858151982884,0.7761194029850746,-0.8043059970912975,SPI1_pDS255,0.1790915395284327
BLVRB,0.1148555691911551,0.004975124378109453,7.160294043277311,SPI1_pDS255,1.743238557558946
AXL,0.002115822998153975,0.2835820895522388,-0.13761654190635805,SPI1_pDS255,0.0140429958391123
TGFB1,0.09087677299579297,0.004975124378109453,5.770625186762638,SPI1_pDS255,0.9667128987517336
CCDC97,0.0079714002512112,0.34328358208955223,0.13669961090305888,SPI1_pDS255,0.0292995839112343
BCKDHA,0.00012685847498587744,0.9303482587064676,-1.0364535798453807,SPI1_pDS255,0.0292995839112343
ZNF526,0.0038970650162097813,0.6666666666666666,-0.6044081538607815,SPI1_pDS255,0.0292995839112343
ZNF576,0.058407294236301525,0.004975124378109453,5.18007613790169,SPI1_pDS255,0.3651178918169209
CADM4,0.005193333680508514,0.39303482587064675,0.7415217505322292,SPI1_pDS255,0.0292995839112343
PLAUR,0.013591952746914505,0.5522388059701493,-0.32612148241154154,SPI1_pDS255,0.1705963938973647
ZNF284,0.00012500762684604537,0.9303482587064676,-1.3669648015832236,SPI1_pDS255,0.0027739251040221
ZNF180,0.0022895068531877307,0.845771144278607,-1.057116957509959,SPI1_pDS255,0.0357142857142857
BCL3,0.00035082542760096356,0.11940298507462686,-0.12270422659809027,SPI1_pDS255,0.0036407766990291
APOE,0.6380190228451166,0.004975124378109453,46.57780341836673,SPI1_pDS255,6.851074895977809
APOC1,0.29837048834036967,0.004975124378109453,28.874184265676423,SPI1_pDS255,9.58616504854369
RELB,0.006671967943643943,0.29850746268656714,0.8815301202933923,SPI1_pDS255,0.0149098474341192
TRAPPC6A,0.06778245118708422,0.004975124378109453,3.564848300473359,SPI1_pDS255,1.0488904299583912
CKM,0.020744095944710987,0.004975124378109453,5.651768438238562,SPI1_pDS255,0.0270457697642163
KLC3,0.001203550822281834,0.12437810945273632,0.06252526995572713,SPI1_pDS255,0.0052011095700416
FOSB,0.001378356245058955,0.03980099502487562,1.8466986048723875,SPI1_pDS255,0.0024271844660194
VASP,0.01563969887390499,0.6865671641791045,-0.5910119708611413,SPI1_pDS255,0.5298196948682385
GIPR,0.007054757057797467,0.10945273631840796,0.990395942521572,SPI1_pDS255,0.0110957004160887
AC006262.5,0.015338625182250883,0.03482587064676617,2.172944165373856,SPI1_pDS255,0.0442094313453536
ZC3H4,0.007104906004586797,0.4925373134328358,-0.11053495404548626,SPI1_pDS255,0.0813106796116504
BBC3,0.016068065864851724,0.39800995024875624,0.02472940473027241,SPI1_pDS255,0.1414701803051317
PRR24,0.05329145179271894,0.004975124378109453,4.699772979807543,SPI1_pDS255,0.2773925104022191
EMP3,0.4669929806888719,0.004975124378109453,40.42192970721529,SPI1_pDS255,4.0596393897364775
KCNJ14,0.00025469437660011646,0.18407960199004975,-0.19188816031127384,SPI1_pDS255,0.0071081830790568
PPP1R15A,0.04563416102970495,0.01990049751243781,3.195928274101849,SPI1_pDS255,0.3753467406380028
FTL,0.025874163276924635,0.009950248756218905,3.4609339240548915,SPI1_pDS255,101.50884188626908
PTH2,0.002006172557493768,0.03482587064676617,1.099358246869796,SPI1_pDS255,0.0031206657420249
RPL13A,0.14401408621837977,0.004975124378109453,28.86790220390744,SPI1_pDS255,105.8014909847434
FCGRT,0.052403421522188035,0.004975124378109453,4.1278566375961,SPI1_pDS255,0.4042995839112344
IRF3,0.041412959854321425,0.03482587064676617,2.3985596642035345,SPI1_pDS255,0.0292995839112343
TSKS,0.0003534345640776404,0.08955223880597014,1.474343719175957,SPI1_pDS255,0.0026005547850208
KCNC3,0.001030104018852904,0.7412935323383084,-0.6784387459343776,SPI1_pDS255,0.0124826629680998
LRRC4B,0.021952645619601977,0.004975124378109453,4.833298605084378,SPI1_pDS255,0.0388349514563106
C19orf84,0.00031607422457937854,0.9900497512437811,-0.5698309211713213,SPI1_pDS255,0.0057212205270457
ZNF350,6.843871116199638e-05,0.5522388059701493,-0.1683460311484752,SPI1_pDS255,0.0031206657420249
ZNF841,0.0016537031942601122,0.5422885572139303,-0.4670010639241595,SPI1_pDS255,0.009882108183079
ZNF616,0.005536651989600436,0.4527363184079602,0.007567402733501663,SPI1_pDS255,0.0232316227461858
ZNF528,0.0060495808515122875,0.0845771144278607,1.7274064582689237,SPI1_pDS255,0.0064147018030513
CTD-2331H12.7,0.0001285490613977489,0.03980099502487562,1.9463226786507548,SPI1_pDS255,0.0032940360610263
TMC4,0.0005046975883231446,0.8805970149253731,-0.27239069223348483,SPI1_pDS255,0.0060679611650485
LENG8-AS1,0.0005056282255272947,0.10945273631840796,-0.0866278008056696,SPI1_pDS255,0.0058945908460471
CDC42EP5,0.0013273302381849987,0.009950248756218905,1.367480057772626,SPI1_pDS255,0.0032940360610263
NLRP2,0.019306885945775343,0.24875621890547264,0.7546082671739418,SPI1_pDS255,0.0292995839112343
CTC-550B14.7,0.0005930089495093701,0.19900497512437812,0.4608693640312409,SPI1_pDS255,0.0038141470180305
GP6,0.010584119447144567,0.004975124378109453,3.6055926181937084,SPI1_pDS255,0.0213245492371705
TNNT1,0.10627734584946459,0.004975124378109453,6.884744728814052,SPI1_pDS255,1.853502080443828
TNNI3,0.0029895109285178606,0.8905472636815921,-1.1827754386970593,SPI1_pDS255,0.0787101248266296
CTD-2587H24.5,0.00017030409084294835,0.10945273631840796,1.2522200501437908,SPI1_pDS255,0.0017337031900138
CTD-2587H24.10,0.0003128964446500514,0.014925373134328358,2.396506235846875,SPI1_pDS255,0.002253814147018
UBE2S,0.029861883938136595,0.48756218905472637,-0.17187711328614408,SPI1_pDS255,2.2064840499306517
AC007228.11,0.00040973397553616434,0.40298507462686567,0.230768784452715,SPI1_pDS255,0.0020804438280166
ZNF470,0.0070733485355444,0.024875621890547265,1.2295074848961858,SPI1_pDS255,0.0117891816920943
ZNF543,0.000198697158332317,0.029850746268656716,1.9829826527469419,SPI1_pDS255,0.0058945908460471
TRAPPC2P1,0.03220613107362491,0.009950248756218905,3.208348162595092,SPI1_pDS255,0.1471914008321775
ZNF419,0.0024424855059408607,0.32338308457711445,-0.08374619037909288,SPI1_pDS255,0.007628294036061
ZNF551,0.005426464023895706,0.7711442786069652,-0.6244410392719408,SPI1_pDS255,0.0292995839112343
ZNF552,0.0012013180359204908,0.9552238805970149,-1.3884342348218734,SPI1_pDS255,0.0211511789181692
ZNF256,0.0007781442033690138,0.8059701492537313,-1.2385011107848471,SPI1_pDS255,0.007628294036061
ZNF606,0.009076342738885787,0.07462686567164178,1.0708764461749292,SPI1_pDS255,0.0292995839112343
ZNF324,0.0025618238928351673,1.0,-1.6668786044832502,SPI1_pDS255,0.0292995839112343
ZNF446,0.00166254744490709,0.2935323383084577,-0.31567905476644526,SPI1_pDS255,0.0126560332871012
CECR7,0.006730729514627614,0.014925373134328358,2.6472078792087768,SPI1_pDS255,0.0105755894590846
AC006946.16,0.00035899851367121783,0.47761194029850745,-0.11026511343905727,SPI1_pDS255,0.004507628294036
IL17RA,0.022284479694670112,0.004975124378109453,4.114162250624046,SPI1_pDS255,0.0449029126213592
SLC25A18,0.00014093086602236945,0.004975124378109453,2.9030654887464817,SPI1_pDS255,0.0034674063800277
AC004463.6,0.007140573319366635,0.8905472636815921,-1.0982217591515788,SPI1_pDS255,0.1808252427184466
CLTCL1,0.004474890647075405,0.6716417910447762,-0.16788074847790463,SPI1_pDS255,0.012135922330097
AC000068.9,0.0006605408233449729,0.8905472636815921,0.16419787832715732,SPI1_pDS255,0.0024271844660194
CDC45,0.036061321312548265,0.29850746268656714,0.3906681150991293,SPI1_pDS255,1.8399791955617195
MED15,0.01830340201304569,0.4975124378109453,-0.23472027598472378,SPI1_pDS255,0.5553051317614425
SDF2L1,0.16361144911497172,0.004975124378109453,15.44819209298848,SPI1_pDS255,13.733356449375869
YPEL1,0.0010152214071615347,0.4527363184079602,-0.6517520931383378,SPI1_pDS255,0.0086685159500693
LL22NC03-86G7.1,0.005934693488454412,0.2537313432835821,0.7369378564746871,SPI1_pDS255,0.009882108183079
ZNF280A,0.007451576321571126,0.22388059701492538,0.5404788358390329,SPI1_pDS255,0.0199375866851595
PRAME,0.018209604266188468,0.8258706467661692,-0.9086764109449688,SPI1_pDS255,4.645804438280167
IGLL1,0.00038189583036961854,0.01990049751243781,0.4611510243151142,SPI1_pDS255,0.0292995839112343
AP000350.5,0.0002656355033226351,0.9701492537313433,-1.8227124484620825,SPI1_pDS255,0.0039875173370319
CRYBA4,0.0054178500716843625,0.009950248756218905,5.300740481521291,SPI1_pDS255,0.0065880721220527
XBP1,0.02626534084988929,0.3681592039800995,0.24103368297761207,SPI1_pDS255,0.7482662968099861
RASL10A,0.0009772206007697172,0.009950248756218905,2.412451142675198,SPI1_pDS255,0.0043342579750346
NEFH,0.028731244447870417,0.07462686567164178,1.6845231486810532,SPI1_pDS255,0.2600554785020804
MTMR3,0.0033616634757253883,0.6218905472636815,-0.6290663366720022,SPI1_pDS255,0.0433425797503467
SLC35E4,0.0005179227447199959,0.03482587064676617,2.106640998742462,SPI1_pDS255,0.004507628294036
MORC2-AS1,0.002531233590492154,0.34328358208955223,-0.20920720904987752,SPI1_pDS255,0.0199375866851595
TUG1,0.02307905063993411,0.0845771144278607,1.5570666297713627,SPI1_pDS255,0.1638349514563107
SELM,0.014059275026192287,0.12935323383084577,1.052675955156554,SPI1_pDS255,0.0804438280166435
AC005003.1,0.000871680676432839,0.004975124378109453,3.255157499280437,SPI1_pDS255,0.0048543689320388
FBXO7,0.019383095492442094,0.5572139303482587,-0.30311146333503175,SPI1_pDS255,0.6967753120665742
MCM5,0.021361873279376824,0.47761194029850745,-0.14416739201728704,SPI1_pDS255,0.6950416088765603
APOL4,0.005921859506363066,0.0945273631840796,1.1345190589367924,SPI1_pDS255,0.007628294036061
APOL2,0.006003785767393514,0.4228855721393035,0.44000331341671645,SPI1_pDS255,0.0306865464632454
FOXRED2,0.020288948917816095,0.04975124378109453,2.0423094031598796,SPI1_pDS255,0.1052357836338418
EIF3D,0.030679446428208162,0.23880597014925373,0.37244954224207055,SPI1_pDS255,1.542995839112344
IFT27,0.011185190483041105,0.4626865671641791,-0.22147307783525477,SPI1_pDS255,0.1393897364771151
KCTD17,0.00020463335196998006,0.8009950248756219,-0.16467253759081044,SPI1_pDS255,0.0062413314840499
IL2RB,0.020153265967780044,0.004975124378109453,6.43872327238848,SPI1_pDS255,0.0126560332871012
RAC2,0.1077672558788262,0.004975124378109453,7.80532504422261,SPI1_pDS255,0.8661581137309292
CDC42EP1,0.10350610562227824,0.004975124378109453,8.164201418979857,SPI1_pDS255,1.1614077669902914
LGALS1,0.40540083865441734,0.004975124378109453,28.05945726918618,SPI1_pDS255,1.3278432732316228
MAFF,0.006685063018036177,0.208955223880597,0.7364200729051147,SPI1_pDS255,0.0324202496532593
TMEM184B,0.007061777542668624,0.5621890547263682,-0.39668728089460664,SPI1_pDS255,0.0856449375866851
RP3-508I15.9,0.007771044666306504,0.024875621890547265,1.4805716530309867,SPI1_pDS255,0.0292995839112343
JOSD1,0.003088895954456711,0.8009950248756219,-0.9020787009832243,SPI1_pDS255,0.0833911234396671
RP3-508I15.21,0.0026983242189450355,0.527363184079602,-0.4847818623494016,SPI1_pDS255,0.0292995839112343
TAB1,0.007523632942873106,0.43781094527363185,-0.027926180349217896,SPI1_pDS255,0.0292995839112343
ATF4,0.1192123367101386,0.004975124378109453,9.15666830045183,SPI1_pDS255,1.854022191400832
GRAP2,0.0145393120736641,0.009950248756218905,2.9508394734099634,SPI1_pDS255,0.01751040221914
RP5-1042K10.10,0.00019116469705046768,0.05472636815920398,0.10925541524445886,SPI1_pDS255,0.0069348127600554
RP5-821D11.7,0.0002620325467252904,0.12935323383084577,-0.19264248296104414,SPI1_pDS255,0.0097087378640776
NAGA,0.021997754373793435,0.014925373134328358,3.274317654575935,SPI1_pDS255,0.0292995839112343
RNU12,0.00038322728477680206,0.06965174129353234,1.4107077711090223,SPI1_pDS255,0.0052011095700416
ARFGAP3,0.007870869053424963,0.24875621890547264,0.505909404414341,SPI1_pDS255,0.0455963938973647
TTLL1,0.00016217156594495286,0.03980099502487562,0.638003564006101,SPI1_pDS255,0.0055478502080443
BIK,0.0003464335951422106,0.004975124378109453,3.196137133270785,SPI1_pDS255,0.0038141470180305
GTSE1,0.017981811932201233,0.572139303482587,-0.3305444065616308,SPI1_pDS255,0.397884882108183
CTA-29F11.1,0.021085004027905453,0.3681592039800995,0.06346572292100124,SPI1_pDS255,0.4566574202496533
RP1-29C18.10,0.0018768063250455378,0.6616915422885572,-0.7344629301596132,SPI1_pDS255,0.0292995839112343
PANX2,0.0003117979458611511,0.05472636815920398,1.6813916324669331,SPI1_pDS255,0.004507628294036
CPT1B,0.0001811101499622313,0.7562189054726368,-0.7016732979600191,SPI1_pDS255,0.0020804438280166
RBM11,0.0008378471738917986,0.014925373134328358,0.8085580691017288,SPI1_pDS255,0.0041608876560332
SAMSN1,0.032536635266231906,0.08955223880597014,1.5556774954830233,SPI1_pDS255,0.4840499306518724
AF127936.7,0.0005636404452230799,0.8308457711442786,-0.4345873554515426,SPI1_pDS255,0.0064147018030513
BTG3,0.03677407569225575,0.014925373134328358,2.8661396379108894,SPI1_pDS255,0.0292995839112343
AF240627.2,0.00018449530585544016,0.9054726368159204,-0.3346416649040725,SPI1_pDS255,0.0072815533980582
LTN1,0.006662830999930054,0.7512437810945274,-0.77509509921491,SPI1_pDS255,0.1097434119278779
BACH1,0.0025675722950591253,0.7761194029850746,-0.9021740216635753,SPI1_pDS255,0.0527045769764216
BACH1-IT2,0.0001325117416524667,0.01990049751243781,2.1487396652960045,SPI1_pDS255,0.0017337031900138
RP11-313P22.1,0.0005557756991355614,0.014925373134328358,2.9794435656822635,SPI1_pDS255,0.0017337031900138
TCP10L,0.0008713099955601757,0.009950248756218905,2.675649183049545,SPI1_pDS255,0.0039875173370319
SYNJ1,0.0007425554043899867,0.8656716417910447,-1.0362334650544436,SPI1_pDS255,0.0135228848821081
IL10RB-AS1,0.00010267734058338703,0.05970149253731343,1.5935700708418081,SPI1_pDS255,0.0026005547850208
GART,0.06425892276558638,0.014925373134328358,3.8865025250761396,SPI1_pDS255,0.0292995839112343
SON,0.03552110117001072,0.19900497512437812,0.7178768698348823,SPI1_pDS255,1.936373092926491
CRYZL1,0.018585077584043392,0.38308457711442784,0.007167295432562186,SPI1_pDS255,0.3391123439667129
RUNX1,0.019980577132981528,0.32338308457711445,0.3214940200336163,SPI1_pDS255,0.0292995839112343
AP000692.10,0.007726751337577979,0.04975124378109453,2.011590323303519,SPI1_pDS255,0.0161234396671289
AP001412.1,7.748952951954883e-05,0.9651741293532339,-1.289561902071547,SPI1_pDS255,0.0038141470180305
KCNJ6,2.5605562917148627e-05,0.9850746268656716,-2.2884744964788775,SPI1_pDS255,0.0020804438280166
DSCR8,0.0872442825357896,0.004975124378109453,5.335364574298467,SPI1_pDS255,0.6933079056865464
DSCR10,0.00015737258371801083,0.5373134328358209,-0.172015848403295,SPI1_pDS255,0.002253814147018
TMPRSS3,0.0007523564634580603,0.04975124378109453,0.241317138219245,SPI1_pDS255,0.0081484049930651
SLC37A1,0.044326547643385686,0.004975124378109453,6.166008726265071,SPI1_pDS255,0.1158113730929265
HSF2BP,0.008042722307183373,0.01990049751243781,2.179919203024038,SPI1_pDS255,0.0145631067961165
ITGB2,0.007541088892248832,0.03980099502487562,2.1284211945351514,SPI1_pDS255,0.0197642163661581
RP11-54O7.1,9.682899851144516e-05,0.6965174129353234,-0.5789608601441755,ZNF326_pDS262,0.002253814147018
SAMD11,0.0008601498664894804,0.004975124378109453,5.026171194353166,ZNF326_pDS262,0.0024271844660194
TTLL10,0.0004880364539236668,0.01990049751243781,0.7303701567647387,ZNF326_pDS262,0.0292995839112343
FAM132A,0.0004299262217664836,0.009950248756218905,2.636573949666096,ZNF326_pDS262,0.0050277392510402
SLC35E2,0.00036558864084384573,0.6368159203980099,-0.1980239357566561,ZNF326_pDS262,0.0052011095700416
SMIM1,0.019590438478223376,0.46766169154228854,-0.11574141855116948,ZNF326_pDS262,0.0292995839112343
C1orf174,0.011292159391218427,0.6766169154228856,-0.585892305666927,ZNF326_pDS262,0.2352635228848821
LINC01134,0.0002701508515759713,0.9651741293532339,-1.6388974314704494,ZNF326_pDS262,0.0036407766990291
ERRFI1,0.00034165271872406167,0.004975124378109453,4.550963707777182,ZNF326_pDS262,0.0032940360610263
RP4-635E18.8,0.005615012246378003,0.19402985074626866,0.991696262900593,ZNF326_pDS262,0.0114424410540915
RP4-635E18.6,0.005042409705541642,0.845771144278607,-0.8370636038069077,ZNF326_pDS262,0.0521844660194174
FBXO2,0.00041503254423240016,0.009950248756218905,0.09901079102238189,ZNF326_pDS262,0.0031206657420249
TMEM51,0.004114900991447303,0.7114427860696517,-0.3422433572499893,ZNF326_pDS262,0.012135922330097
FBLIM1,0.0004654243776752766,0.03482587064676617,2.070198766476973,ZNF326_pDS262,0.0017337031900138
SPEN,0.022280046486723933,0.0945273631840796,1.3822803032533382,ZNF326_pDS262,0.0292995839112343
ZBTB17,0.005875212906792749,0.7213930348258707,-0.6727335283561791,ZNF326_pDS262,0.0532246879334257
C1orf134,9.547593201924863e-05,0.009950248756218905,2.8649380621950957,ZNF326_pDS262,0.002253814147018
RP4-798A10.7,0.00014318213708379584,0.3034825870646766,0.4421954698377264,ZNF326_pDS262,0.0032940360610263
ACTL8,0.003300319917760111,0.945273631840796,-1.2849287150875708,ZNF326_pDS262,0.0240984743411927
RP1-43E13.2,0.00016808091442812077,0.13432835820895522,1.2819250062158527,ZNF326_pDS262,0.0058945908460471
TMCO4,7.643576105798861e-05,0.7910447761194029,-0.8209449101840722,ZNF326_pDS262,0.0024271844660194
PINK1-AS,0.00019091833128575774,0.13432835820895522,0.008912787878072377,ZNF326_pDS262,0.0036407766990291
ECE1,0.006105305793288154,0.6517412935323383,-0.36556709058000947,ZNF326_pDS262,0.0214979195561719
LUZP1,0.021413201944285126,0.22388059701492538,0.4676978074313107,ZNF326_pDS262,0.2801664355062413
ID3,0.016950215732784206,0.08955223880597014,1.7226811473965977,ZNF326_pDS262,0.0481969486823855
SYF2,0.017544304676653216,0.6019900497512438,-0.4995649556174937,ZNF326_pDS262,0.614251040221914
C1orf63,0.016668026026027846,0.47761194029850745,-0.11410092190457281,ZNF326_pDS262,0.3191747572815534
RP3-465N24.6,0.0002973335770669445,0.8208955223880597,-0.4726629096907563,ZNF326_pDS262,0.0069348127600554
PAQR7,0.0006270017386086503,0.04477611940298507,0.039369396908806184,ZNF326_pDS262,0.0050277392510402
STMN1,0.12230904723091127,0.004975124378109453,6.818627824325061,ZNF326_pDS262,5.130721220527046
PDIK1L,0.003993012163510918,0.48258706467661694,-0.14018983171036759,ZNF326_pDS262,0.0240984743411927
SH3BGRL3,0.15093417567085277,0.004975124378109453,8.460033837674066,ZNF326_pDS262,2.945735090152566
CD52,0.018726655551817628,0.20398009950248755,0.7259417122512913,ZNF326_pDS262,0.164008321775312
RPS6KA1,0.011047719080937301,0.38308457711442784,-0.03401423702198837,ZNF326_pDS262,0.1414701803051317
C1orf172,0.0001859169468337688,0.06467661691542288,1.5139776308075958,ZNF326_pDS262,0.0292995839112343
SYTL1,0.0006563231132479147,0.05970149253731343,0.17223389104392897,ZNF326_pDS262,0.006761442441054
GPR3,0.0026730953814895725,0.3034825870646766,0.22768803464744877,ZNF326_pDS262,0.0292995839112343
RP1-159A19.4,0.00033860680059500097,0.004975124378109453,3.6382926476810744,ZNF326_pDS262,0.0050277392510402
SESN2,0.010444313405213266,0.6218905472636815,-0.5728676314199738,ZNF326_pDS262,0.0887656033287101
SNHG12,0.014932877782800037,0.35323383084577115,0.11814236215394508,ZNF326_pDS262,0.1941747572815534
RAB42,0.0001428723605653703,0.004975124378109453,3.249383566882717,ZNF326_pDS262,0.0020804438280166
YTHDF2,0.017200294536839224,0.6865671641791045,-0.6391438443675627,ZNF326_pDS262,0.6406033287101248
LAPTM5,0.021258265049298952,0.8109452736318408,-0.8349028017622939,ZNF326_pDS262,2.2987170596393898
SDC3,0.00025225081433919035,0.004975124378109453,4.084907132776486,ZNF326_pDS262,0.0034674063800277
CCDC28B,0.050932914023362766,0.05970149253731343,1.995257144170717,ZNF326_pDS262,0.9011789181692096
BSDC1,0.01392028493363559,0.7512437810945274,-0.7596714986846983,ZNF326_pDS262,0.3623439667128987
ZBTB8A,0.001923905773072149,0.8656716417910447,-1.0848690333111317,ZNF326_pDS262,0.0331137309292649
CLSPN,0.05319250403181485,0.05970149253731343,1.8777484128500856,ZNF326_pDS262,1.674410540915395
THRAP3,0.019916711842285804,0.8905472636815921,-1.042901559026767,ZNF326_pDS262,1.802357836338419
EVA1B,0.037743489205486605,0.014925373134328358,2.738287557718672,ZNF326_pDS262,0.2869278779472954
CSF3R,0.002332489286560147,0.4925373134328358,-0.49915970625276873,ZNF326_pDS262,0.0275658807212205
CDCA8,0.01808020436510238,0.8855721393034826,-1.008936673704271,ZNF326_pDS262,0.6059292649098474
FHL3,0.02209396654451086,0.47761194029850745,-0.1494705968662166,ZNF326_pDS262,0.6312413314840499
KIAA0754,0.0051446338830414915,0.6766169154228856,0.03703279720116441,ZNF326_pDS262,0.0112690707350901
RP1-118J21.25,0.00020371103272729654,0.12437810945273632,-0.19354238887923814,ZNF326_pDS262,0.0078016643550624
MYCL,0.009744392463158212,0.15422885572139303,0.9052189173964691,ZNF326_pDS262,0.0334604715672676
CAP1,0.06194089617414299,0.029850746268656716,2.4444099168007813,ZNF326_pDS262,1.8044382801664356
RP1-39G22.7,0.04373473879802062,0.024875621890547265,2.684879728178021,ZNF326_pDS262,0.0292995839112343
RIMS3,0.00010445178562105881,0.9850746268656716,-0.5555358074171047,ZNF326_pDS262,0.0084951456310679
RIMKLA,9.993634659260622e-05,0.004975124378109453,4.163388032681708,ZNF326_pDS262,0.0026005547850208
EBNA1BP2,0.027958078833125777,0.4975124378109453,-0.16501923973881233,ZNF326_pDS262,4.639563106796117
CDC20,0.01823786436675111,0.9203980099502488,-1.0796258540656107,ZNF326_pDS262,0.8997919556171984
HYI,0.011274633339264378,0.5024875621890548,-0.20027423355432536,ZNF326_pDS262,0.0292995839112343
ST3GAL3,0.0063085409461856685,0.4129353233830846,0.04064874256309235,ZNF326_pDS262,0.0292995839112343
RP11-7O11.3,0.0013072619564395583,0.900497512437811,-1.626773583320478,ZNF326_pDS262,0.0088418862690707
CCDC24,0.006807617133779565,0.34328358208955223,0.7319549044407015,ZNF326_pDS262,0.0244452149791955
PTCH2,9.956997102315343e-05,0.9552238805970149,-1.789448290124988,ZNF326_pDS262,0.0038141470180305
PRDX1,0.02064150448837105,0.5920398009950248,-0.34853011990883,ZNF326_pDS262,12.192961165048544
RP4-533D7.5,0.00019349424796684015,0.004975124378109453,4.208492658206436,ZNF326_pDS262,0.0029472954230235
CYP4A22-AS1,0.00016074139977656225,0.2935323383084577,0.5539423776999011,ZNF326_pDS262,0.002253814147018
LINC00853,0.007056350483271054,0.1791044776119403,0.6388277254279043,ZNF326_pDS262,0.0114424410540915
RP1-18D14.7,0.0003103042351766552,0.004975124378109453,4.10752979035369,ZNF326_pDS262,0.0027739251040221
RNF11,0.02192000013916865,0.05472636815920398,1.8815084384963674,ZNF326_pDS262,0.1314147018030513
RP11-191G24.1,0.007021928508599935,0.1691542288557214,1.439456692709644,ZNF326_pDS262,0.0071081830790568
TXNDC12,0.03516926104827396,0.23880597014925373,0.47210371447994254,ZNF326_pDS262,1.34500693481276
ZYG11B,0.003792590401071789,0.6965174129353234,-0.8265203255737702,ZNF326_pDS262,0.065880721220527
TMEM59,0.016374044849456808,0.9104477611940298,-1.116925811764305,ZNF326_pDS262,1.774618585298197
RP11-67L3.4,0.0060971213700958,0.35323383084577115,0.9280737049921949,ZNF326_pDS262,0.0133495145631067
JUN,0.02754339169467492,0.029850746268656716,2.714813013327126,ZNF326_pDS262,0.1045423023578363
RP4-794H19.1,0.00022288052949963918,0.029850746268656716,0.4878771915261796,ZNF326_pDS262,0.0027739251040221
RP4-792G4.2,0.009611920829639336,0.8109452736318408,-0.9159925250620364,ZNF326_pDS262,0.1737170596393897
JAK1,0.025887855755315124,0.12935323383084577,1.3555231166796917,ZNF326_pDS262,0.2609223300970874
GADD45A,0.028366243889445347,0.4925373134328358,-0.22712698536843282,ZNF326_pDS262,1.6471914008321775
DEPDC1,0.015798718295499108,0.44776119402985076,-0.11545371784809755,ZNF326_pDS262,0.1858529819694868
SLC44A5,0.00039982959027101006,0.004975124378109453,3.3090005835614247,ZNF326_pDS262,0.0026005547850208
DNAJB4,0.006160745981267356,0.39800995024875624,-0.03609903304692024,ZNF326_pDS262,0.0457697642163661
PRKACB,0.0034459178498672176,0.4079601990049751,0.0007151593832508737,ZNF326_pDS262,0.0088418862690707
CTBS,0.01202381976158542,0.31343283582089554,0.31669886545597625,ZNF326_pDS262,0.0292995839112343
ODF2L,0.05795045322484815,0.014925373134328358,3.6248135275778597,ZNF326_pDS262,0.4259708737864077
CLCA1,0.037895569713241394,0.10945273631840796,1.4476809029069968,ZNF326_pDS262,0.5022538141470181
RP4-612B15.3,0.00035756602214650997,0.18407960199004975,-0.206347790935426,ZNF326_pDS262,0.0083217753120665
PKN2,0.004961618816352398,0.7661691542288557,-0.8543932437518322,ZNF326_pDS262,0.0948335644937586
GTF2B,0.032342251920224066,0.06467661691542288,1.823049826353162,ZNF326_pDS262,0.3368585298196949
ZNF326,0.29932566250933496,0.004975124378109453,28.335607526434288,ZNF326_pDS262,0.574375866851595
BTBD8,0.00013512363700174547,0.8706467661691543,-0.34452746413898017,ZNF326_pDS262,0.004507628294036
FNBP1L,0.0013974707973628396,0.9203980099502488,-1.0134407875009694,ZNF326_pDS262,0.0292995839112343
DNTTIP2,0.02790068863598067,0.29850746268656714,0.43234159707809744,ZNF326_pDS262,0.6139042995839112
RWDD3,4.016994830900909e-05,0.26865671641791045,-0.1426818650691124,ZNF326_pDS262,0.0041608876560332
PTBP2,0.003490093368522751,0.417910447761194,-0.29764483025969,ZNF326_pDS262,0.0242718446601941
RP4-549L20.3,0.0034928945487669293,0.8606965174129353,-1.5501775839922654,ZNF326_pDS262,0.0110957004160887
STXBP3,0.0052542747630314685,0.8706467661691543,-0.9350754717558254,ZNF326_pDS262,0.0738557558945908
WDR47,0.0005141160930156666,1.0,-1.6002392383503292,ZNF326_pDS262,0.0078016643550624
RP5-1065J22.8,0.005558624570195798,0.5472636815920398,0.10032239388611097,ZNF326_pDS262,0.0232316227461858
KIAA1324,0.00010672474411744854,0.9800995024875622,-1.6943544807938258,ZNF326_pDS262,0.002253814147018
GSTM2,0.00020407153829272325,0.22388059701492538,0.8641138789103814,ZNF326_pDS262,0.0029472954230235
RP5-1074L1.4,0.0023309952975000465,0.6567164179104478,-0.6754218104013648,ZNF326_pDS262,0.0287794729542302
LAMTOR5-AS1,0.0033929984334071022,0.7263681592039801,-0.7644282818132634,ZNF326_pDS262,0.0292995839112343
CD53,0.06143898968393907,0.004975124378109453,5.1908327384352875,ZNF326_pDS262,0.211511789181692
LRIF1,0.0214256936679224,0.3034825870646766,0.2023432858440554,ZNF326_pDS262,0.3743065187239944
DENND2D,0.037036298586647295,0.10945273631840796,1.4223202071928034,ZNF326_pDS262,0.5892857142857143
CHI3L2,0.259864776678948,0.004975124378109453,13.208992483142808,ZNF326_pDS262,2.55253120665742
OVGP1,0.00020452948686902877,0.5671641791044776,-0.16472476058227292,ZNF326_pDS262,0.002253814147018
RHOC,0.01816930643942868,0.8955223880597015,-0.9774561961192534,ZNF326_pDS262,1.1385228848821085
ZNF697,0.001082144522873377,0.06467661691542288,0.7218968269602426,ZNF326_pDS262,0.0038141470180305
PHGDH,0.032226122918059305,0.04477611940298507,1.973205808446103,ZNF326_pDS262,0.209257975034674
RP11-417J8.6,0.00026456621743160456,0.12437810945273632,-0.21416436810002876,ZNF326_pDS262,0.004507628294036
NBPF10,0.010818089875769878,0.263681592039801,0.5026554376979421,ZNF326_pDS262,0.0445561719833564
TXNIP,0.008661087601485764,0.8756218905472637,-1.0053301098066867,ZNF326_pDS262,0.1633148404993065
ITGA10,9.354905728589321e-05,0.8208955223880597,-0.8758788775144759,ZNF326_pDS262,0.002253814147018
RP11-337C18.8,0.001918250471385141,0.6716417910447762,-0.7408034655090263,ZNF326_pDS262,0.0123092926490984
RP11-14N7.2,0.002313267035995087,0.472636815920398,-0.44486623393497143,ZNF326_pDS262,0.0254854368932038
RP11-277L2.3,0.0002084032057837308,0.03482587064676617,2.0365895219749874,ZNF326_pDS262,0.0017337031900138
HIST2H2BF,5.836152637895351e-05,0.9950248756218906,-0.7184819318612882,ZNF326_pDS262,0.002253814147018
RP11-196G18.24,0.0025433646369456783,0.4129353233830846,-0.3123320621838415,ZNF326_pDS262,0.0142163661581137
HIST2H2BE,0.03581455542319552,0.01990049751243781,3.126198205856872,ZNF326_pDS262,0.1180651872399445
HIST2H2AC,0.012646362689030492,0.7313432835820896,-0.6799081723824397,ZNF326_pDS262,0.2548543689320388
SV2A,0.0003323546012198129,0.7960199004975125,-0.34517660726521115,ZNF326_pDS262,0.0292995839112343
RPRD2,0.007795167592865883,0.681592039800995,-0.5783725044869722,ZNF326_pDS262,0.0957004160887656
ECM1,0.0009840472282669288,0.05970149253731343,0.3049955507036679,ZNF326_pDS262,0.0124826629680998
LINC00568,0.00013925175559906271,0.6915422885572139,-0.29282439747971023,ZNF326_pDS262,0.0053744798890429
MCL1,0.01747301344181471,0.5373134328358209,-0.32997235715325346,ZNF326_pDS262,0.3876560332871012
CTSS,0.016150599462802145,0.30845771144278605,0.4992546320412093,ZNF326_pDS262,0.1078363384188626
FAM63A,0.005277252131541781,0.19900497512437812,1.0189286342195218,ZNF326_pDS262,0.012135922330097
C1orf56,0.0018592513585503271,0.4577114427860697,-0.48294490159452313,ZNF326_pDS262,0.0166435506241331
CDC42SE1,0.03487436498377193,0.07960199004975124,1.5020314535622035,ZNF326_pDS262,0.2761789181692094
MLLT11,0.06654900145392866,0.004975124378109453,4.137605211631305,ZNF326_pDS262,0.5773231622746186
LYSMD1,0.00027808566431297574,0.24875621890547264,-0.4138286328527899,ZNF326_pDS262,0.0069348127600554
S100A11,0.0297439212975182,0.5920398009950248,-0.3928601179524297,ZNF326_pDS262,2.162274618585298
S100A4,0.008202124573842468,0.8905472636815921,-1.046373831536837,ZNF326_pDS262,0.2009361997226074
S100A16,8.975052015575301e-05,0.14925373134328357,1.1076239307019333,ZNF326_pDS262,0.0292995839112343
S100A13,0.07361589787948158,0.004975124378109453,5.026514100740764,ZNF326_pDS262,0.6217059639389736
S100A1,0.010296608131151703,0.25870646766169153,0.528528641549444,ZNF326_pDS262,0.052877947295423
RP1-178F15.4,0.006575418260209552,0.05970149253731343,1.17726573296042,ZNF326_pDS262,0.0136962552011095
RAB13,0.00048264714211800714,0.14427860696517414,-0.14356496058896476,ZNF326_pDS262,0.0055478502080443
PBXIP1,0.0038664236468273277,0.29850746268656714,0.336860962915304,ZNF326_pDS262,0.0123092926490984
MUC1,0.005628519714146963,0.27860696517412936,0.5097426430810919,ZNF326_pDS262,0.0273925104022191
THBS3,0.000861965654970079,0.08955223880597014,0.13446949862460236,ZNF326_pDS262,0.0039875173370319
FDPS,0.0308272259138846,0.38308457711442784,0.05446909067363725,ZNF326_pDS262,2.542995839112344
RAB25,0.00023467720639826022,0.009950248756218905,3.8648130642032266,ZNF326_pDS262,0.0020804438280166
LMNA,0.06605612766612763,0.004975124378109453,5.934867268158198,ZNF326_pDS262,0.3770804438280166
C1orf61,0.003114940996905806,0.9701492537313433,-1.1877868580702933,ZNF326_pDS262,0.0454230235783633
MEF2D,0.005197443589709997,0.582089552238806,-0.049524311292013026,ZNF326_pDS262,0.0211511789181692
HAPLN2,0.0009232656738002087,0.6467661691542289,-0.6597415904604916,ZNF326_pDS262,0.0164701803051317
RP11-284F21.9,0.002558160604516867,0.3383084577114428,0.08763714967140881,ZNF326_pDS262,0.009882108183079
CRABP2,0.0001534453488382637,0.04477611940298507,0.02633051420433385,ZNF326_pDS262,0.002253814147018
SH2D2A,0.012851821809178777,0.03482587064676617,2.6129299916339126,ZNF326_pDS262,0.029126213592233
NTRK1,0.006518047853922332,0.7064676616915423,-0.6352925500191191,ZNF326_pDS262,0.0825242718446602
PEA15,0.02328322621987073,0.03482587064676617,1.9109934591679631,ZNF326_pDS262,0.1289875173370319
RP11-574F21.2,0.00023096207532766154,0.1691542288557214,0.9706574779555495,ZNF326_pDS262,0.0046809986130374
NCSTN,0.016138436152814982,0.3034825870646766,0.3409573897993784,ZNF326_pDS262,0.1704230235783634
NHLH1,0.000867956496100029,0.04975124378109453,0.24757622070439814,ZNF326_pDS262,0.0031206657420249
VANGL2,0.0039079932084838225,0.9154228855721394,-1.1695450405393726,ZNF326_pDS262,0.0292995839112343
SLAMF6,0.00020239899750646315,0.014925373134328358,1.9853961870656098,ZNF326_pDS262,0.0292995839112343
ARHGAP30,0.0002964744800683995,0.004975124378109453,4.9290518928435825,ZNF326_pDS262,0.0017337031900138
PFDN2,0.04714364360736566,0.0845771144278607,1.3906265324788332,ZNF326_pDS262,4.19625520110957
RP11-297K8.2,0.000181849011383917,0.9950248756218906,-2.416701779206142,ZNF326_pDS262,0.002253814147018
USP21,0.003795723836436572,0.8855721393034826,-1.23486273610959,ZNF326_pDS262,0.0643203883495145
FCER1G,0.0340837688415602,0.14427860696517414,1.1562126667215817,ZNF326_pDS262,0.4729542302357836
FCGR2A,0.010647929021360905,0.39800995024875624,0.12909256630490934,ZNF326_pDS262,0.0721220527045769
PBX1,0.0006866413430840064,0.009950248756218905,4.494135895013751,ZNF326_pDS262,0.0024271844660194
TMCO1,0.026613721712833334,0.6019900497512438,-0.36080655620777236,ZNF326_pDS262,1.844486823855756
RP11-277B15.3,0.0013898668480107979,0.900497512437811,-1.6739420022814155,ZNF326_pDS262,0.0223647711511789
MPC2,0.055441986651697486,0.05970149253731343,2.0715985011304205,ZNF326_pDS262,1.444174757281553
GORAB,0.02051127440095308,0.009950248756218905,2.9805832135889756,ZNF326_pDS262,0.039008321775312
TOR3A,0.029750422375573154,0.3582089552238806,0.10825415264606476,ZNF326_pDS262,0.9927184466019418
ABL2,0.01406661697831474,0.4527363184079602,-0.09794186445995492,ZNF326_pDS262,0.1950416088765603
RP11-533E19.7,0.006233982809252784,0.14925373134328357,1.0545121492308347,ZNF326_pDS262,0.0133495145631067
KIAA1614,0.00010669984073091902,0.16417910447761194,-0.24350850506904495,ZNF326_pDS262,0.0048543689320388
RP11-46A10.4,0.0002891110992621351,0.9800995024875622,-0.39926188591577666,ZNF326_pDS262,0.006761442441054
IER5,0.014318201362441932,0.2736318407960199,0.6208818022911861,ZNF326_pDS262,0.1104368932038835
RNASEL,0.0008815521081544858,0.8706467661691543,-1.1179661078841288,ZNF326_pDS262,0.013002773925104
RGS16,0.06075093271471491,0.004975124378109453,4.837392645491401,ZNF326_pDS262,0.2688973647711511
RP11-317P15.4,0.00011920355580000859,0.8557213930348259,-0.14271135895354736,ZNF326_pDS262,0.0055478502080443
LAMC1,0.00033821359706984205,0.009950248756218905,1.4703731378720084,ZNF326_pDS262,0.002253814147018
SWT1,0.004934773415785609,0.4975124378109453,0.23911816798341362,ZNF326_pDS262,0.0086685159500693
C1orf27,0.009931711359495578,0.6965174129353234,-0.6865768785384833,ZNF326_pDS262,0.2239944521497919
RP11-445P19.3,0.0014774164226515974,0.8507462686567164,-1.4516923002207784,ZNF326_pDS262,0.0124826629680998
RGS2,0.007454263323350326,0.04477611940298507,1.2865617297278638,ZNF326_pDS262,0.0220180305131761
ASPM,0.04233632253594857,0.04477611940298507,2.2822631979693675,ZNF326_pDS262,0.4264909847434119
ZBTB41,0.0017304273659675415,0.5124378109452736,-0.5720408469902184,ZNF326_pDS262,0.0135228848821081
C1orf53,0.009163211289319446,0.527363184079602,-0.29762804665380616,ZNF326_pDS262,0.1333217753120665
IPO9-AS1,0.0016872341377300768,0.736318407960199,-0.8144786812164386,ZNF326_pDS262,0.0277392510402219
PTPN7,0.026864329732349288,0.15920398009950248,1.079696398658255,ZNF326_pDS262,0.2496532593619972
PCAT6,0.00901315008844421,0.0845771144278607,1.0820575449468939,ZNF326_pDS262,0.0178571428571428
BTG2,0.008913440554068923,0.46766169154228854,-0.013008378533345568,ZNF326_pDS262,0.0710818307905686
ATP2B4,0.0033565046282158103,0.3383084577114428,0.018130442532978533,ZNF326_pDS262,0.0145631067961165
ZBED6,0.008939742784765635,0.1044776119402985,1.0814349731593687,ZNF326_pDS262,0.0397018030513176
ETNK2,0.0031378775329097643,0.5472636815920398,-0.440290075443006,ZNF326_pDS262,0.0273925104022191
TMCC2,0.00016947604817543925,1.0,-3.6836238709440123,ZNF326_pDS262,0.0020804438280166
NUCKS1,0.04631883096028041,0.0945273631840796,1.5723385755629422,ZNF326_pDS262,4.653952843273232
SLC41A1,0.006052511789858115,0.472636815920398,0.12727672377927018,ZNF326_pDS262,0.0292995839112343
RASSF5,0.011362255482093972,0.2537313432835821,0.6912696989620256,ZNF326_pDS262,0.0662274618585298
DYRK3,0.011815073327055024,0.024875621890547265,2.144195797113946,ZNF326_pDS262,0.0407420249653259
YOD1,0.012659506970613755,0.48756218905472637,-0.2161378202165915,ZNF326_pDS262,0.0292995839112343
CD55,0.03914223648156109,0.04975124378109453,2.0157895030786825,ZNF326_pDS262,0.4542302357836338
NEK2,0.009932538085453226,0.6467661691542289,-0.5616869192846558,ZNF326_pDS262,0.1270804438280166
DTL,0.024115347465765956,0.17412935323383086,1.0861941331267049,ZNF326_pDS262,0.1861997226074896
NENF,0.031277784055446456,0.4228855721393035,-0.054183091907908786,ZNF326_pDS262,2.623613037447989
ATF3,0.008017605917730462,0.11442786069651742,1.6278106825333452,ZNF326_pDS262,0.0166435506241331
FLVCR1-AS1,0.010878652431070774,0.6616915422885572,-0.5471079988360494,ZNF326_pDS262,0.138002773925104
VASH2,0.00020069471831370028,1.0,-0.23642396038121954,ZNF326_pDS262,0.0024271844660194
CENPF,0.04622308827961458,0.13432835820895522,1.025139786650101,ZNF326_pDS262,1.3366851595006934
GPATCH2,0.013090704388558827,0.39800995024875624,0.16484820188443275,ZNF326_pDS262,0.14251040221914
MARC2,0.00783760097563484,0.2537313432835821,0.6629094085033134,ZNF326_pDS262,0.0249653259361997
HLA-AS1,0.00027147572854585426,0.014925373134328358,0.43504303473272915,ZNF326_pDS262,0.002253814147018
DUSP10,0.0041105943217814985,0.5223880597014925,-0.48436055646347387,ZNF326_pDS262,0.0412621359223301
TAF1A,0.0032581871483060077,0.7512437810945274,-0.9514724912246759,ZNF326_pDS262,0.0511442441054091
RP11-378J18.8,0.0003595186656740597,0.03980099502487562,-0.014274479145219222,ZNF326_pDS262,0.0057212205270457
DEGS1,0.02162540734303141,0.47761194029850745,-0.1771522682425002,ZNF326_pDS262,0.5164701803051318
WDR26,0.013905027023257693,0.417910447761194,0.0921515402380203,ZNF326_pDS262,0.1783980582524272
ENAH,0.0006985340087348808,0.835820895522388,-0.6980958465049967,ZNF326_pDS262,0.007628294036061
RP11-396C23.4,0.00013348830251556308,0.5771144278606966,-0.28933807320361515,ZNF326_pDS262,0.0024271844660194
C1orf35,0.050415390589757414,0.05970149253731343,1.8898146415354378,ZNF326_pDS262,0.9733009708737864
GUK1,0.039216202129671286,0.08955223880597014,1.2697468896389996,ZNF326_pDS262,4.968273231622746
RP4-803J11.2,0.0004812669190030189,0.024875621890547265,2.467845758511624,ZNF326_pDS262,0.0017337031900138
RP5-1068B5.3,0.0003225321384368199,0.9253731343283582,-0.5430821711326153,ZNF326_pDS262,0.0050277392510402
GALNT2,0.0322873591212958,0.06965174129353234,1.6180508543212555,ZNF326_pDS262,0.2973300970873786
TTC13,0.0068568006200418075,0.03980099502487562,1.0956103351866264,ZNF326_pDS262,0.0292995839112343
RP11-295G20.2,0.0228338926151236,0.3681592039800995,0.14946126030195228,ZNF326_pDS262,0.537621359223301
IRF2BP2,0.016004581486532,0.4427860696517413,-0.06131610162725634,ZNF326_pDS262,0.2649098474341192
ARID4B,0.02680466974401549,0.26865671641791045,0.47339178340430915,ZNF326_pDS262,0.5924063800277393
ERO1LB,0.00042933204610209674,0.004975124378109453,3.554617414540028,ZNF326_pDS262,0.002253814147018
ACTN2,0.016478666338352873,0.024875621890547265,2.410726922190551,ZNF326_pDS262,0.0501040221914008
OPN3,0.016907812290392298,0.25870646766169153,0.41866968972457963,ZNF326_pDS262,0.0292995839112343
ZBTB18,0.00029517845040949876,1.0,-0.502202964626041,ZNF326_pDS262,0.0065880721220527
C1orf100,0.0003276262900582145,0.009950248756218905,2.974892416983915,ZNF326_pDS262,0.0024271844660194
HNRNPU-AS1,0.014063501374474256,0.34328358208955223,0.102809469393838,ZNF326_pDS262,0.0292995839112343
SMYD3,0.15511084994709753,0.004975124378109453,10.492754599084485,ZNF326_pDS262,1.082004160887656
C1orf229,0.006465238814115238,0.0945273631840796,1.5754226980186463,ZNF326_pDS262,0.007628294036061
SH3YL1,0.008192882418765243,0.06467661691542288,1.3893464199507992,ZNF326_pDS262,0.022884882108183
RP11-557L19.1,0.0002670429531270152,0.05472636815920398,-0.061978511809790277,ZNF326_pDS262,0.0292995839112343
ID2,0.0003482065564994896,0.004975124378109453,3.5048975437780676,ZNF326_pDS262,0.0041608876560332
IAH1,0.00022788882956412248,0.9651741293532339,-0.5858257587615453,ZNF326_pDS262,0.006761442441054
ADAM17,0.007664932807333407,0.4975124378109453,-0.2753034495194851,ZNF326_pDS262,0.0693481276005547
RP11-214N9.1,0.002351587984434969,0.8208955223880597,-0.87603128728418,ZNF326_pDS262,0.0110957004160887
RP11-254F7.2,0.0010545819560249252,0.9950248756218906,-1.7631195206003627,ZNF326_pDS262,0.0213245492371705
RP11-254F7.4,0.001817938824527287,0.7313432835820896,-0.8492113769077048,ZNF326_pDS262,0.0242718446601941
RRM2,0.021293132555828598,0.572139303482587,-0.383784535578142,ZNF326_pDS262,0.77999306518724
RN7SL832P,0.005919546745650696,0.4129353233830846,0.24853683125662804,ZNF326_pDS262,0.0182038834951456
ATP6V1C2,0.0026499197328035983,0.0945273631840796,1.4184122189374953,ZNF326_pDS262,0.0069348127600554
PQLC3,0.006856775439370852,0.5422885572139303,-0.17295135265002134,ZNF326_pDS262,0.0742024965325936
AC096559.1,0.0033573967742386627,0.9502487562189055,-1.499565798248076,ZNF326_pDS262,0.0348474341192787
NBAS,0.02107160179889701,0.21393034825870647,0.6470844043216816,ZNF326_pDS262,0.266123439667129
LINC00954,0.0004296497352112688,0.9601990049751243,-0.15430344019542186,ZNF326_pDS262,0.0052011095700416
TTC32,0.021240904766768494,0.0945273631840796,1.3832527876980667,ZNF326_pDS262,0.1520457697642163
RHOB,0.012538309252716364,0.23383084577114427,0.6831450135024889,ZNF326_pDS262,0.0872052704576976
RP11-130L8.1,5.497132189831884e-05,0.8009950248756219,-0.8907449428381273,ZNF326_pDS262,0.0034674063800277
PFN4,0.0002252134199474634,0.03482587064676617,2.075734260526819,ZNF326_pDS262,0.0020804438280166
CENPA,0.03845944389603102,0.2736318407960199,0.4700451837112442,ZNF326_pDS262,0.7685506241331485
FNDC4,0.00441567303504328,0.6716417910447762,-0.6345435167163884,ZNF326_pDS262,0.0563453536754507
FOSL2,0.00020953212417591544,1.0,-3.094752955874607,ZNF326_pDS262,0.0032940360610263
PPP1CB,0.0118116545605878,0.8805970149253731,-0.9470506926035028,ZNF326_pDS262,0.2375173370319001
YPEL5,0.007855806376779541,0.7164179104477612,-0.759843349579203,ZNF326_pDS262,0.1239597780859916
RP11-490M8.1,0.007101043157814626,0.12935323383084577,1.0055291571089917,ZNF326_pDS262,0.0114424410540915
HEATR5B,0.001523160763187251,0.8009950248756219,-0.9640343896763408,ZNF326_pDS262,0.026005547850208
SRSF7,0.020487866579892412,0.8557213930348259,-1.0282292619200217,ZNF326_pDS262,4.757454923717059
KCNG3,0.0003447072201032817,0.3482587064676617,-0.5553407130947089,ZNF326_pDS262,0.0088418862690707
PLEKHH2,0.00962418630130746,0.21890547263681592,0.5982894987279059,ZNF326_pDS262,0.0292995839112343
PREPL,0.002104062156765614,1.0,-1.4633040536619681,ZNF326_pDS262,0.100381414701803
PRKCE,0.005767677270506483,0.4079601990049751,0.016423703789840347,ZNF326_pDS262,0.0195908460471567
EPAS1,0.0034865116178950913,0.527363184079602,-0.44048529440882683,ZNF326_pDS262,0.0292995839112343
SOCS5,0.012000910626760033,0.03980099502487562,2.3600565857608684,ZNF326_pDS262,0.0218446601941747
MSH6,0.009944885140861762,0.9900497512437811,-1.3943928232634126,ZNF326_pDS262,0.3486477115117892
RTN4,0.025030287248784085,0.6368159203980099,-0.49901804422250695,ZNF326_pDS262,2.9277045769764216
RPS27A,0.026219630572060542,0.06965174129353234,1.862325035404589,ZNF326_pDS262,60.4752080443828
PUS10,0.0014315116076440398,0.9502487562189055,-1.100428907586065,ZNF326_pDS262,0.0327669902912621
RP11-355B11.2,0.00019787250693828712,0.5522388059701493,-0.14493443254069854,ZNF326_pDS262,0.0048543689320388
FAM161A,0.008145555497870532,0.472636815920398,-0.1972867316085146,ZNF326_pDS262,0.0488904299583911
AC009501.4,0.0004757168891740505,0.004975124378109453,3.535833537810202,ZNF326_pDS262,0.0046809986130374
PELI1,0.003159830548320671,0.5621890547263682,-0.6145405775551777,ZNF326_pDS262,0.0292995839112343
RP11-568N6.1,0.0004947347934294881,0.004975124378109453,3.6442144857921046,ZNF326_pDS262,0.0031206657420249
AFTPH,0.009413353852641467,0.32338308457711445,0.15606336583988015,ZNF326_pDS262,0.058252427184466
AC074391.1,0.00024242696739456518,0.9751243781094527,-2.314080413597945,ZNF326_pDS262,0.0292995839112343
APLF,0.00025545198024835424,0.03980099502487562,0.09201558637631164,ZNF326_pDS262,0.0034674063800277
ANTXR1,0.006104021528772597,0.29850746268656714,0.7506317583014601,ZNF326_pDS262,0.0091886269070735
AAK1,0.011681851353906633,0.07462686567164178,1.3459934970886065,ZNF326_pDS262,0.0350208044382801
MXD1,0.007656874703079132,0.12437810945273632,0.7831238877930867,ZNF326_pDS262,0.0261789181692094
AC016700.5,0.005393746380778098,0.472636815920398,0.2137429863605227,ZNF326_pDS262,0.0187239944521497
MPHOSPH10,0.019584356467583962,0.7114427860696517,-0.6351829161207732,ZNF326_pDS262,0.7869278779472955
EXOC6B,0.0005719266590940746,0.09950248756218906,0.03360868938906564,ZNF326_pDS262,0.0046809986130374
WDR54,0.013840381287376238,0.3283582089552239,0.3463387370058014,ZNF326_pDS262,0.1421636615811373
PCGF1,0.014657702551308553,0.11442786069651742,1.465876123510267,ZNF326_pDS262,0.0762829403606102
TMSB10,0.06495244157382275,0.024875621890547265,2.859252528026633,ZNF326_pDS262,5.879854368932039
CAPG,0.025520453819039796,0.16417910447761194,0.9284972560271684,ZNF326_pDS262,0.2610957004160887
VAMP5,0.0037126924391538358,0.39800995024875624,-0.10603551798197125,ZNF326_pDS262,0.0143897364771151
RP11-301O19.1,0.006858157956575485,0.5671641791044776,-0.3468375073571299,ZNF326_pDS262,0.031380027739251
AC062029.1,0.0004909368515407111,0.16417910447761194,1.1214238694915877,ZNF326_pDS262,0.002253814147018
TEKT4,0.01035311232502439,0.21393034825870647,0.9344085115417957,ZNF326_pDS262,0.058252427184466
ANKRD36C,0.013372872004969465,0.024875621890547265,2.298199397913317,ZNF326_pDS262,0.0292995839112343
LMAN2L,0.007089106060387108,0.5373134328358209,-0.29916601879704957,ZNF326_pDS262,0.0575589459084604
SEMA4C,0.009211711847751918,0.5124378109452736,-0.23019266262175622,ZNF326_pDS262,0.0878987517337031
FAM178B,0.06698607980948434,0.07960199004975124,1.4184658913097505,ZNF326_pDS262,0.9675797503467406
LINC01125,0.00022184403905185275,0.5074626865671642,-0.08633439178315507,ZNF326_pDS262,0.0041608876560332
ZAP70,0.00019930179561767781,0.9552238805970149,-0.18834822148458583,ZNF326_pDS262,0.0292995839112343
MGAT4A,0.00020352738357489413,0.5124378109452736,-0.14666053322750586,ZNF326_pDS262,0.0036407766990291
C2orf15,8.419624081374955e-05,1.0,-0.27274745869118944,ZNF326_pDS262,0.0017337031900138
LYG1,0.0032897647284941293,0.13432835820895522,0.9682961765401367,ZNF326_pDS262,0.0058945908460471
LONRF2,0.007546396249710591,0.17412935323383086,0.9371749125496298,ZNF326_pDS262,0.034500693481276
IL1R1,0.0005748523924183573,0.845771144278607,-0.8483017530021668,ZNF326_pDS262,0.0292995839112343
IL18R1,0.0012111032914772003,0.6666666666666666,-0.74540296686819,ZNF326_pDS262,0.0166435506241331
AC108868.6,0.00019022621057232695,0.024875621890547265,0.05953881352034066,ZNF326_pDS262,0.1704230235783634
SULT1C4,0.00016442222989783716,1.0,-0.19934988426355277,ZNF326_pDS262,0.0032940360610263
GCC2,0.013624395800710917,0.5771144278606966,-0.4119729672049836,ZNF326_pDS262,0.0292995839112343
MIR4435-1HG,0.04290449714945393,0.0845771144278607,1.6439646884343222,ZNF326_pDS262,0.6277739251040222
RP11-181E10.3,0.0002721687002251807,0.9950248756218906,-0.3471866794522025,ZNF326_pDS262,0.0069348127600554
SLC20A1,0.02981524342418272,0.1044776119402985,1.330487035089492,ZNF326_pDS262,0.3531553398058252
NT5DC4,0.00695986987563442,0.3383084577114428,0.43071307603421594,ZNF326_pDS262,0.0221914008321775
PAX8,0.00177211615535907,0.8656716417910447,-1.6013277997320676,ZNF326_pDS262,0.0083217753120665
DPP10,0.007484772337005545,0.1691542288557214,0.774024669971795,ZNF326_pDS262,0.0194174757281553
AC093901.1,0.0001237810019888036,0.3383084577114428,-0.13596863054268044,ZNF326_pDS262,0.0020804438280166
EPB41L5,0.0041939042785365315,0.6318407960199005,-0.5321353737237651,ZNF326_pDS262,0.0292995839112343
RALB,0.011309887803123133,0.4427860696517413,-0.07509110226480713,ZNF326_pDS262,0.1140776699029126
RP5-935K16.1,0.006650061927180196,0.6467661691542289,-0.6159681145916233,ZNF326_pDS262,0.0449029126213592
HNMT,0.0036493657477067926,0.06467661691542288,1.4350367519739529,ZNF326_pDS262,0.0043342579750346
SPOPL,0.001478897866558642,0.582089552238806,-0.6236105363675383,ZNF326_pDS262,0.0178571428571428
MMADHC,0.02387523233441766,0.5572139303482587,-0.33078108968921854,ZNF326_pDS262,1.1222260748959778
RBM43,0.0019187275661637644,0.7711442786069652,-0.9519814435483496,ZNF326_pDS262,0.0272191400832177
NEB,0.0004424285591127511,0.004975124378109453,5.061890001220398,ZNF326_pDS262,0.0032940360610263
AC009506.1,0.013590862908414351,0.07960199004975124,1.751111038768431,ZNF326_pDS262,0.0417822468793342
PSMD14,0.036579281862904156,0.29850746268656714,0.4261524789370234,ZNF326_pDS262,1.7910887656033287
SCN9A,0.0010925030554674862,0.22388059701492538,-0.14808511391016088,ZNF326_pDS262,0.0138696255201109
LRP2,0.00016467367009094793,0.9800995024875622,-0.2230031683164758,ZNF326_pDS262,0.0079750346740638
SSB,0.01565078631392734,0.9900497512437811,-1.3962968210826208,ZNF326_pDS262,3.686719833564494
AC007405.4,0.0026588630065372187,0.8258706467661692,-1.0428634402764936,ZNF326_pDS262,0.0381414701803051
ERICH2,0.01234605284783693,0.07960199004975124,1.604407839445672,ZNF326_pDS262,0.0292995839112343
GAD1,0.030069198689725213,0.38308457711442784,0.03577984139812623,ZNF326_pDS262,1.2581484049930651
AC068039.4,0.0001446484638443579,0.04477611940298507,-0.04331895810157932,ZNF326_pDS262,0.0041608876560332
AC078883.3,0.00013876902868863845,0.9701492537313433,-1.668395576115995,ZNF326_pDS262,0.0017337031900138
AC093818.1,0.002676136158358215,0.7313432835820896,-0.875452183839808,ZNF326_pDS262,0.0142163661581137
NFE2L2,0.016184625018530782,0.5124378109452736,-0.25794357300791104,ZNF326_pDS262,0.3597434119278779
RP11-438L19.1,0.00024567327247803803,0.9203980099502488,-0.3953892875382994,ZNF326_pDS262,0.0072815533980582
AC008174.3,0.0007449255335332657,0.8706467661691543,-0.13739733346421648,ZNF326_pDS262,0.0038141470180305
AC097500.2,7.991682403397173e-05,0.8109452736318408,-0.9016723258175575,ZNF326_pDS262,0.0026005547850208
TFPI,0.006980789050993051,0.746268656716418,-0.6597463052329129,ZNF326_pDS262,0.0830443828016643
COL5A2,9.202715451357593e-05,0.12935323383084577,1.1063677687605789,ZNF326_pDS262,0.0026005547850208
ANKAR,0.00031048677025034474,0.9900497512437811,-2.1360486392948985,ZNF326_pDS262,0.002253814147018
RP11-647K16.1,8.705775784281306e-05,1.0,-2.228025363493154,ZNF326_pDS262,0.0039875173370319
AC093388.3,0.004557085491844302,0.38308457711442784,0.6400504386877802,ZNF326_pDS262,0.0102288488210818
SDPR,0.0008392365873815442,0.9203980099502488,-1.299480117627973,ZNF326_pDS262,0.0156033287101248
SLC39A10,0.011067666642064678,0.6716417910447762,-0.6221262199975526,ZNF326_pDS262,0.1782246879334258
AC020571.3,0.00046922465353429186,0.3034825870646766,-0.4174611689727412,ZNF326_pDS262,0.0095353675450762
HSPD1,0.03986154537024141,0.07960199004975124,1.6297314100844884,ZNF326_pDS262,8.168515950069349
HSPE1,0.017904724420136447,0.8159203980099502,-0.8488971358544749,ZNF326_pDS262,11.248613037447988
SGOL2,0.01825354469760367,0.6169154228855721,-0.4487446573746351,ZNF326_pDS262,0.2990638002773925
RP11-469M7.1,0.0006131540383932215,0.9950248756218906,-0.6661496753460566,ZNF326_pDS262,0.0050277392510402
CLK1,0.012696329301919353,0.40298507462686567,-0.004394513807983779,ZNF326_pDS262,0.0870319001386962
CFLAR,0.024086933875957853,0.263681592039801,0.5505488346703581,ZNF326_pDS262,0.3777739251040222
CASP8,0.015531248796248375,0.24875621890547264,0.6613208829688414,ZNF326_pDS262,0.1173717059639389
STRADB,0.017850212957627926,0.19900497512437812,0.7741381864777135,ZNF326_pDS262,0.1745839112343966
RP11-686O6.2,0.0037960341524808216,0.48258706467661694,-0.022454091472710023,ZNF326_pDS262,0.0109223300970873
CREB1,0.012808979356762193,0.3034825870646766,0.20357725176840313,ZNF326_pDS262,0.143377253814147
AC096772.6,8.790143148938701e-05,0.014925373134328358,2.6081440341348445,ZNF326_pDS262,0.0038141470180305
PTH2R,0.006062359777752655,0.43781094527363185,0.1522910611558506,ZNF326_pDS262,0.0188973647711511
KANSL1L,0.000376754558647331,0.20398009950248755,-0.38339721690350775,ZNF326_pDS262,0.004507628294036
AC007038.7,3.802070940164949e-05,0.004975124378109453,2.208275989857461,ZNF326_pDS262,0.0292995839112343
MREG,0.001513422307868028,0.6019900497512438,-0.6091753650175519,ZNF326_pDS262,0.0161234396671289
RP11-566E18.3,0.00043950396794719846,0.9552238805970149,-0.9088042303805547,ZNF326_pDS262,0.0123092926490984
IGFBP2,0.018291026385374033,0.004975124378109453,3.3108118827191726,ZNF326_pDS262,0.0601595006934812
C2orf62,9.763741564576142e-05,0.9900497512437811,-2.2315405691650176,ZNF326_pDS262,0.0020804438280166
RP11-378A13.2,0.0024284784833480794,0.6915422885572139,-0.8652591772960375,ZNF326_pDS262,0.0136962552011095
RQCD1,0.007843236864987951,0.8009950248756219,-0.8632026035816723,ZNF326_pDS262,0.1392163661581137
STK36,0.007156322845358077,0.03482587064676617,1.7632416485751847,ZNF326_pDS262,0.0133495145631067
FEV,0.014755644073278966,0.3034825870646766,0.39789311065037813,ZNF326_pDS262,0.1255201109570041
DNAJB2,0.0075944498257556866,0.15920398009950248,0.9132452557499999,ZNF326_pDS262,0.0292995839112343
PTPRN,0.006218389175626145,0.5174129353233831,-0.04736983792020145,ZNF326_pDS262,0.0211511789181692
GMPPA,0.091608342143874,0.009950248756218905,5.483097534986655,ZNF326_pDS262,1.0700416088765603
INHA,0.0014052911261411762,0.5870646766169154,-0.6295735638833992,ZNF326_pDS262,0.0168169209431345
RP11-16P6.1,0.00021590498100743696,0.01990049751243781,2.836246864151589,ZNF326_pDS262,0.0043342579750346
NCL,0.03686437030726055,0.23383084577114427,0.5558943862367622,ZNF326_pDS262,4.949722607489598
PTMA,0.04223280140519617,0.004975124378109453,4.552376668354018,ZNF326_pDS262,34.59812760055478
PER2,0.0006859182040026303,0.7611940298507462,-0.8255185156687672,ZNF326_pDS262,0.0166435506241331
ANO7,0.004146456688969657,0.29850746268656714,0.5348638420111246,ZNF326_pDS262,0.0117891816920943
NEU4,0.00023650595142647867,0.07960199004975124,0.14019836974445143,ZNF326_pDS262,0.0031206657420249
ITPR1,0.012526599115890966,0.3034825870646766,0.23777589807921554,ZNF326_pDS262,0.1738904299583911
AC018816.3,0.0013945658366825067,0.6965174129353234,-0.6476857549669379,ZNF326_pDS262,0.0292995839112343
BHLHE40-AS1,0.00015201239928905945,0.9950248756218906,-0.7295623253331209,ZNF326_pDS262,0.0027739251040221
BHLHE40,0.060196618298410144,0.004975124378109453,5.750168769459093,ZNF326_pDS262,0.2891816920943134
SETD5-AS1,0.025538557782884903,0.39303482587064675,0.029732995358518227,ZNF326_pDS262,0.8183079056865464
PRRT3,0.0023298616289483876,0.7810945273631841,-0.7489683365701633,ZNF326_pDS262,0.0081484049930651
IRAK2,0.000635903688243695,0.009950248756218905,4.349212494090487,ZNF326_pDS262,0.0020804438280166
GHRL,0.00011298188199568776,0.9751243781094527,-0.5725250541010273,ZNF326_pDS262,0.0055478502080443
GHRLOS,0.0006676998662178582,0.0945273631840796,-0.07592413539478872,ZNF326_pDS262,0.0048543689320388
RPL32,0.02024012158882515,0.004975124378109453,3.8888874885895737,ZNF326_pDS262,0.0292995839112343
FBLN2,0.00019528915518668018,0.6567164179104478,-0.13374167625653513,ZNF326_pDS262,0.0039875173370319
LSM3,0.07139895204492251,0.004975124378109453,3.798161864700331,ZNF326_pDS262,4.834257975034674
SH3BP5-AS1,0.0002853099097690257,1.0,-0.31306163760820716,ZNF326_pDS262,0.0038141470180305
UBE2E1-AS1,0.00013389725942691862,0.01990049751243781,2.313698347866262,ZNF326_pDS262,0.0026005547850208
RP11-317L10.1,0.005361428405531008,0.12437810945273632,1.6313893123312828,ZNF326_pDS262,0.0128294036061026
GPD1L,0.0009655430043817734,0.7412935323383084,-0.7580083126321435,ZNF326_pDS262,0.0157766990291262
CMTM6,0.09177432253414405,0.004975124378109453,5.2811580026823535,ZNF326_pDS262,1.9348127600554783
DYNC1LI1,0.033654989345415595,0.20398009950248755,0.5855622842437391,ZNF326_pDS262,1.1293342579750347
TMPPE,9.864223101320436e-05,0.029850746268656716,1.7268875487083775,ZNF326_pDS262,0.0027739251040221
RP11-129K12.4,0.0001579534516288691,0.9800995024875622,-0.43311542982648954,ZNF326_pDS262,0.0019070735090152
RP11-259K5.2,0.0005830184168315591,0.12437810945273632,-0.20100203670549185,ZNF326_pDS262,0.0062413314840499
TTC21A,0.00018657099022009185,0.6965174129353234,-0.5964323653980294,ZNF326_pDS262,0.0024271844660194
CSRNP1,0.004808331068363727,0.7213930348258707,-0.582968838811273,ZNF326_pDS262,0.0284327323162274
EIF1B,0.038277226158006585,0.19402985074626866,0.7737590129848161,ZNF326_pDS262,1.0455963938973647
RP4-613B23.1,0.00039601395593011823,0.004975124378109453,4.978442834159651,ZNF326_pDS262,0.0039875173370319
CCDC13,0.00035320929070890064,0.39303482587064675,-0.6142364858189117,ZNF326_pDS262,0.0088418862690707
ACKR2,0.0002827021146292142,0.0845771144278607,-0.20592147098994698,ZNF326_pDS262,0.0041608876560332
SNRK,0.003616624074691209,0.681592039800995,-0.7536066653825939,ZNF326_pDS262,0.0459431345353675
LINC00694,0.006744922890475274,0.38308457711442784,0.32616327242553333,ZNF326_pDS262,0.0438626907073509
CDCP1,0.0010825405198952316,0.01990049751243781,1.2982342166153802,ZNF326_pDS262,0.0048543689320388
TMEM158,0.006378788782462542,0.2935323383084577,0.5855361134064311,ZNF326_pDS262,0.0149098474341192
SACM1L,0.007117677816676113,0.746268656716418,-0.7580832897030437,ZNF326_pDS262,0.1144244105409154
FYCO1,0.0020884723147880572,0.6268656716417911,-0.7601349490991854,ZNF326_pDS262,0.0161234396671289
LRRC2,0.0009064634923175888,0.029850746268656716,0.3462630290425551,ZNF326_pDS262,0.0053744798890429
CSPG5,0.0011149852830074894,0.8855721393034826,-1.0369366608608488,ZNF326_pDS262,0.0128294036061026
COL7A1,0.0002771814406703982,0.004975124378109453,3.9692017963652333,ZNF326_pDS262,0.0026005547850208
IP6K2,0.01581911955691466,0.6865671641791045,-0.6309463067741489,ZNF326_pDS262,0.5244452149791956
PRKAR2A-AS1,0.0006188897768303118,0.004975124378109453,3.490355508510953,ZNF326_pDS262,0.0020804438280166
KLHDC8B,0.00838430746500104,0.7313432835820896,-0.7184893412986391,ZNF326_pDS262,0.145631067961165
FAM212A,0.010821430007228152,0.5174129353233831,-0.20162706608175252,ZNF326_pDS262,0.1308945908460471
UBA7,0.005613259252809621,0.009950248756218905,7.479141246427551,ZNF326_pDS262,0.0039875173370319
U73166.2,0.00035238452172669783,0.0845771144278607,0.2691801742022876,ZNF326_pDS262,0.0292995839112343
XXcos-LUCA11.4,0.0004641728838864009,0.0945273631840796,-0.1551086547895425,ZNF326_pDS262,0.0292995839112343
MANF,0.03639091003676643,0.13930348258706468,1.0361742203746862,ZNF326_pDS262,0.8984049930651873
PPM1M,0.00683892961566868,0.03482587064676617,2.483093172436084,ZNF326_pDS262,0.0093619972260748
ARF4,0.03120872650057969,0.34328358208955223,0.28148941563687624,ZNF326_pDS262,1.117891816920943
PSMD6-AS2,0.00026273422893624196,0.01990049751243781,0.20800938207059708,ZNF326_pDS262,0.0029472954230235
MAGI1,0.0002667183023711468,0.9701492537313433,-0.4876681343419219,ZNF326_pDS262,0.0084951456310679
EOGT,0.001048140492349027,0.8159203980099502,-0.8002699387332923,ZNF326_pDS262,0.0251386962552011
LMOD3,0.00029152304129338074,1.0,-4.404198087954444,ZNF326_pDS262,0.002253814147018
RYBP,0.004745578267401308,0.8656716417910447,-1.0465016600716524,ZNF326_pDS262,0.1307212205270457
GXYLT2,0.002672492464207786,0.8905472636815921,-1.5402207269008819,ZNF326_pDS262,0.0112690707350901
PPP4R2,0.025315915926440804,0.373134328358209,0.0977303703732717,ZNF326_pDS262,0.6192787794729542
ZNF654,0.0002970016300213088,0.9850746268656716,-0.5155206193647732,ZNF326_pDS262,0.0084951456310679
CRYBG3,0.005905352064671242,0.38308457711442784,0.36286052913047057,ZNF326_pDS262,0.007628294036061
FILIP1L,0.00813596094237101,0.0845771144278607,1.3378704387183298,ZNF326_pDS262,0.0140429958391123
TMEM45A,0.00016320716167186793,0.04975124378109453,1.697708479535609,ZNF326_pDS262,0.0026005547850208
TRMT10C,0.020600129247259923,0.7064676616915423,-0.6756494380054434,ZNF326_pDS262,1.6367891816920943
CD47,0.024212074001744008,0.736318407960199,-0.746179576884007,ZNF326_pDS262,1.6139042995839112
CD96,0.0002541326747172881,0.8905472636815921,-0.2769943184703688,ZNF326_pDS262,0.0043342579750346
C3orf52,0.0003022053894295121,0.9950248756218906,-2.8183455485721045,ZNF326_pDS262,0.0036407766990291
KIAA2018,0.0027535968760690204,0.6616915422885572,-0.7192301356886842,ZNF326_pDS262,0.0306865464632454
ARHGAP31,0.0005542892277878791,0.004975124378109453,3.5007521017591148,ZNF326_pDS262,0.0292995839112343
CD80,0.00018764500425761153,0.9402985074626866,-1.6005313459356145,ZNF326_pDS262,0.0031206657420249
GOLGB1,0.013093138084651035,0.472636815920398,-0.1400460736205264,ZNF326_pDS262,0.0292995839112343
MYLK-AS1,0.011852722101113568,0.06965174129353234,1.6748420779216042,ZNF326_pDS262,0.033633841886269
KALRN,0.0024210809747114716,0.29850746268656714,0.03088445741631545,ZNF326_pDS262,0.0214979195561719
KLF15,0.010675992051696307,0.14427860696517414,1.4918289837397862,ZNF326_pDS262,0.0216712898751733
RP11-434H6.7,0.00021409045372323255,0.10945273631840796,-0.18355141106130995,ZNF326_pDS262,0.0057212205270457
HMCES,0.008570210311750245,0.8109452736318408,-0.8155962509211866,ZNF326_pDS262,0.2434119278779473
H1FX,0.02436838974785539,0.6268656716417911,-0.495600825949003,ZNF326_pDS262,1.352115117891817
RP11-77P16.4,0.0007854441199030186,0.07960199004975124,-0.05239471658209367,ZNF326_pDS262,0.0064147018030513
NEK11,0.0003822901346255919,0.9900497512437811,-0.39644055392468547,ZNF326_pDS262,0.0048543689320388
RP11-102M11.2,0.00020010367332539257,0.9552238805970149,-1.540211113445213,ZNF326_pDS262,0.002253814147018
SLC35G2,0.009222788411585164,0.2885572139303483,0.258454705557125,ZNF326_pDS262,0.0631067961165048
ZBTB38,0.0051832148114210955,0.8855721393034826,-1.02669187982569,ZNF326_pDS262,0.1255201109570041
TFDP2,0.016294971023450743,0.48258706467661694,-0.2004150155835285,ZNF326_pDS262,0.2831137309292649
XRN1,0.003150549674573283,0.7164179104477612,-0.7893436235710957,ZNF326_pDS262,0.0292995839112343
TRPC1,0.006693042530231778,0.04975124378109453,1.140001382312629,ZNF326_pDS262,0.0097087378640776
C3orf58,0.0074850942370941085,0.4228855721393035,0.11936415763387949,ZNF326_pDS262,0.0386615811373092
RP11-538P18.2,0.005958766037014293,0.5472636815920398,-0.2962514115202958,ZNF326_pDS262,0.0483703190013869
TRIM59,0.00589890240279923,0.5223880597014925,-0.09964820817757143,ZNF326_pDS262,0.0268723994452149
RP11-16N11.2,0.0005023968739832492,0.004975124378109453,3.226989754963078,ZNF326_pDS262,0.0019070735090152
GOLIM4,0.02377026226546518,0.10945273631840796,1.5603206443544824,ZNF326_pDS262,0.0292995839112343
SKIL,0.013684792543767876,0.06965174129353234,1.8343321984805905,ZNF326_pDS262,0.0459431345353675
CLDN11,5.823440096585233e-05,0.05472636815920398,1.6469776050028406,ZNF326_pDS262,0.0019070735090152
RPL22L1,0.034789169971762526,0.24875621890547264,0.5129190669229682,ZNF326_pDS262,1.707004160887656
TNIK,0.009453410136352865,0.6567164179104478,-0.5790627985262891,ZNF326_pDS262,0.167128987517337
TNFSF10,0.007321526571180612,0.03980099502487562,1.882707328194215,ZNF326_pDS262,0.0190707350901525
RP11-114M1.1,5.224911969175734e-05,0.35323383084577115,0.19437238642672944,ZNF326_pDS262,0.0017337031900138
KCNMB3,0.0011249733038007231,0.29850746268656714,-0.30902845695926506,ZNF326_pDS262,0.0105755894590846
MFN1,0.005930421145273554,0.4975124378109453,0.06349458026264344,ZNF326_pDS262,0.0374479889042995
KLHL24,0.007596861381948847,0.23880597014925373,0.5376268629820511,ZNF326_pDS262,0.0256588072122052
FAM131A,0.0006730209279536745,0.5771144278606966,-0.3534502261400675,ZNF326_pDS262,0.0064147018030513
C3orf70,0.0010174806276015739,0.7164179104477612,-0.7831424511749425,ZNF326_pDS262,0.0180305131761442
DNAJB11,0.038758962470939164,0.12437810945273632,1.162331315242242,ZNF326_pDS262,0.8704923717059639
RFC4,0.01702346713262759,0.8507462686567164,-0.9051104019936644,ZNF326_pDS262,0.9051664355062412
RP11-573D15.2,0.00010170048214013857,0.004975124378109453,4.230791818025813,ZNF326_pDS262,0.0024271844660194
HES1,0.013288384739129518,0.5671641791044776,-0.33657993401940345,ZNF326_pDS262,0.233876560332871
FAM43A,0.005781798190517469,0.2935323383084577,0.48258368802275686,ZNF326_pDS262,0.0197642163661581
AC069513.4,0.006366059345101325,0.01990049751243781,4.683447180513294,ZNF326_pDS262,0.0072815533980582
RP11-480A16.1,0.0006144503559309869,0.1044776119402985,0.033545969551387646,ZNF326_pDS262,0.0060679611650485
PIGZ,0.003363928621207741,0.746268656716418,-0.8943385738367862,ZNF326_pDS262,0.0105755894590846
DLG1,0.010453797122249623,0.5870646766169154,-0.39063920340154984,ZNF326_pDS262,0.0292995839112343
CPLX1,0.006188397354372131,0.1890547263681592,0.6948678911235572,ZNF326_pDS262,0.0142163661581137
RP11-20I20.4,0.0002733774530369054,1.0,-3.4139890488451803,ZNF326_pDS262,0.0026005547850208
RP11-572O17.1,0.007209590171783284,0.30845771144278605,0.4195573529420114,ZNF326_pDS262,0.0324202496532593
ZBTB49,0.0007233982501419484,0.8905472636815921,-1.1552099647662493,ZNF326_pDS262,0.0142163661581137
S100P,6.308404567077805e-05,0.9253731343283582,-1.369998377374612,ZNF326_pDS262,0.0032940360610263
KIAA0232,0.013680670781205898,0.2885572139303483,0.21505556664976158,ZNF326_pDS262,0.116504854368932
BOD1L1,0.00732848743403517,0.8507462686567164,-0.9865730661158599,ZNF326_pDS262,0.0292995839112343
CPEB2,0.00040489356521488095,0.014925373134328358,0.3171843433784973,ZNF326_pDS262,0.0041608876560332
PGM2,0.021207890328581523,0.25870646766169153,0.4590078714011683,ZNF326_pDS262,0.2754854368932038
RPL9,0.04777717607905842,0.014925373134328358,4.261213674049638,ZNF326_pDS262,24.292995839112344
SMIM14,0.0049259893205595056,0.6218905472636815,-0.49474270702665857,ZNF326_pDS262,0.031380027739251
RHOH,0.011748687515869593,0.7014925373134329,-0.677335483367086,ZNF326_pDS262,0.3087725381414701
RP11-121C2.2,6.86909851578328e-05,0.9950248756218906,-0.33527564116588354,ZNF326_pDS262,0.0064147018030513
RASL11B,0.002076166562454926,0.7014925373134329,-0.8243979119655109,ZNF326_pDS262,0.0232316227461858
CHIC2,0.011020993845885533,0.7064676616915423,-0.5947669566847094,ZNF326_pDS262,0.1770110957004161
REST,0.009704998749555818,0.8059701492537313,-0.8296351376103889,ZNF326_pDS262,0.271497919556172
UBA6-AS1,0.015701806114335214,0.12437810945273632,1.0616896084734975,ZNF326_pDS262,0.127253814147018
AREG,0.0004377284196501671,0.004975124378109453,4.713264013945764,ZNF326_pDS262,0.0050277392510402
CCNG2,0.0009385418045628172,0.25870646766169153,-0.2905648915606743,ZNF326_pDS262,0.0083217753120665
ANXA3,0.023816429344511406,0.04975124378109453,1.9395016547497437,ZNF326_pDS262,0.0976074895977808
LINC01094,0.0008219900538440277,0.18407960199004975,-0.21560698438731413,ZNF326_pDS262,0.0086685159500693
RP11-109G23.3,0.001608745617867724,0.8905472636815921,-1.0562568012834403,ZNF326_pDS262,0.0289528432732316
LINC01088,7.041309384838038e-05,0.9950248756218906,-2.2179414960259676,ZNF326_pDS262,0.0019070735090152
ANTXR2,0.005137640199112393,0.7014925373134329,-0.4216780688192975,ZNF326_pDS262,0.0322468793342579
RP11-127B20.2,0.0008891139269715285,0.08955223880597014,-0.10504450763165175,ZNF326_pDS262,0.0052011095700416
HELQ,0.006136774311736132,0.6169154228855721,-0.4350074314112332,ZNF326_pDS262,0.0709084604715672
AGPAT9,0.0004149246033166311,0.06467661691542288,0.06532723225948601,ZNF326_pDS262,0.0069348127600554
ARHGAP24,0.008165952726377322,0.1890547263681592,0.4384001404855898,ZNF326_pDS262,0.0447295423023578
GRID2,0.0002223651078566971,1.0,-3.297740668664237,ZNF326_pDS262,0.0017337031900138
RP11-571L19.8,0.00020814186907966426,0.1691542288557214,0.03231229871619479,ZNF326_pDS262,0.0024271844660194
PPP3CA,0.00774559312074253,0.5373134328358209,-0.32547014062043206,ZNF326_pDS262,0.0547850208044382
RP11-499E18.1,0.007836700322472353,0.24378109452736318,0.5869647826809695,ZNF326_pDS262,0.0320735090152565
SLC9B1,0.00043624783238391414,0.19900497512437812,-0.28481091340754167,ZNF326_pDS262,0.0064147018030513
CENPE,0.011170834322491816,0.9701492537313433,-1.2846521726467122,ZNF326_pDS262,0.4372399445214979
AC004069.2,0.0004587525522955842,0.009950248756218905,2.764354233459717,ZNF326_pDS262,0.0038141470180305
RPL34-AS1,0.004405587819920673,0.29850746268656714,0.8905134114869776,ZNF326_pDS262,0.0069348127600554
RPL34,0.08362462539797345,0.004975124378109453,4.477724240049177,ZNF326_pDS262,40.1629680998613
COL25A1,0.00033912763541612845,0.004975124378109453,3.0740833491342836,ZNF326_pDS262,0.0020804438280166
PLA2G12A,0.04185591859904306,0.11940298507462686,1.1555967652333072,ZNF326_pDS262,0.8732662968099861
GAR1,0.026005919035856168,0.5223880597014925,-0.24446004811906757,ZNF326_pDS262,0.0292995839112343
METTL14,0.02187369377325081,0.029850746268656716,2.609392196409318,ZNF326_pDS262,0.0726421636615811
ANXA5,0.022348470057860198,0.5074626865671642,-0.16663574698666145,ZNF326_pDS262,0.6229195561719834
CCNA2,0.059974330144435754,0.014925373134328358,2.947358352422867,ZNF326_pDS262,1.2189667128987518
SLC7A11,0.006596149903821474,0.6965174129353234,-0.4311033972409338,ZNF326_pDS262,0.0341539528432732
RAB33B,0.005447130563669309,0.472636815920398,0.6045388265101516,ZNF326_pDS262,0.0135228848821081
MGST2,0.046687431750164536,0.08955223880597014,1.664444192512704,ZNF326_pDS262,0.786754507628294
MAML3,0.0019462920243978556,0.6766169154228856,-0.7220571804804753,ZNF326_pDS262,0.0235783633841886
RP11-673E1.1,0.00037252412518972236,0.24378109452736318,1.2129149373203036,ZNF326_pDS262,0.0032940360610263
GYPB,0.02949552179081967,0.5771144278606966,-0.38558385677062484,ZNF326_pDS262,3.169382801664355
GYPA,0.05686500607088804,0.029850746268656716,2.2120325431406767,ZNF326_pDS262,2.873613037447989
ABCE1,0.024411833556040707,0.373134328358209,0.1441849763780535,ZNF326_pDS262,0.0292995839112343
RPS3A,0.01717900471033697,0.4228855721393035,0.04075528878056549,ZNF326_pDS262,32.66626213592233
FHDC1,0.0016695956884698957,0.835820895522388,-0.8976830208276676,ZNF326_pDS262,0.0218446601941747
PPID,0.02527223755767356,0.40298507462686567,0.024155373555067056,ZNF326_pDS262,0.9058599167822468
MSMO1,0.014033178338635315,0.6915422885572139,-0.655742898886649,ZNF326_pDS262,0.3633841886269071
HMGB2,0.030504259775029234,0.4079601990049751,-0.07456234158480887,ZNF326_pDS262,6.314320388349515
RP11-798M19.6,0.00722257945019018,0.5074626865671642,-0.14920496926115345,ZNF326_pDS262,0.0287794729542302
FBXO8,0.009418497647400622,0.17412935323383086,0.7234243674944822,ZNF326_pDS262,0.0292995839112343
IRF2,0.008293015207992208,0.14925373134328357,0.8035737159194032,ZNF326_pDS262,0.0348474341192787
CASP3,0.01336119585459328,0.3333333333333333,0.07111845915739962,ZNF326_pDS262,0.1581137309292649
CENPU,0.014067127166749013,0.845771144278607,-0.977422756624169,ZNF326_pDS262,0.9325589459084604
ACSL1,0.001216673170626083,0.04477611940298507,0.9834986852527925,ZNF326_pDS262,0.0052011095700416
RP11-138B4.1,0.00033074078836974594,0.1890547263681592,0.8879262038262405,ZNF326_pDS262,0.0048543689320388
RP11-43F13.3,0.0006886423277775862,1.0,-0.5880324342681552,ZNF326_pDS262,0.0071081830790568
SLC6A19,0.00604373877714899,0.7611940298507462,-0.42284285810968325,ZNF326_pDS262,0.0381414701803051
CTD-2256P15.4,0.000750167959174315,0.004975124378109453,4.096495044765865,ZNF326_pDS262,0.0050277392510402
ROPN1L,0.0011680360374330665,0.22388059701492538,-0.3638469576327445,ZNF326_pDS262,0.0105755894590846
CTD-2165H16.4,0.000290666766290158,0.004975124378109453,3.8564449993114787,ZNF326_pDS262,0.0038141470180305
ZNF622,0.032883127764866675,0.1044776119402985,1.3866766931395615,ZNF326_pDS262,0.4069001386962552
CTD-2203K17.1,0.00028151303088541196,0.009950248756218905,3.336396870124538,ZNF326_pDS262,0.0029472954230235
BRIX1,0.02064658729827978,0.8656716417910447,-0.9501066333406355,ZNF326_pDS262,0.0292995839112343
LMBRD2,0.0038047096054595903,0.5522388059701493,-0.4604733233678489,ZNF326_pDS262,0.0395284327323162
C5orf42,0.00040954233005442687,1.0,-3.5382039531070535,ZNF326_pDS262,0.0038141470180305
SEPP1,0.028563740089234835,0.23383084577114427,0.631998483155601,ZNF326_pDS262,0.414875173370319
ANXA2R,0.02426001855104727,0.24875621890547264,0.5436089039710167,ZNF326_pDS262,0.2349167822468793
HMGCS1,0.03192132324321365,0.029850746268656716,2.39879366724864,ZNF326_pDS262,0.2510402219140083
C5orf28,0.018405982679812465,0.10945273631840796,1.2643518002878902,ZNF326_pDS262,0.1135575589459084
PPAP2A,0.0009982093231350646,0.04477611940298507,0.5096691182587928,ZNF326_pDS262,0.0038141470180305
ELOVL7,0.0002876441021420307,0.9154228855721394,-0.4414821796227141,ZNF326_pDS262,0.0039875173370319
RP11-231G3.1,0.0004629338105912611,0.029850746268656716,0.4686097268091075,ZNF326_pDS262,0.0050277392510402
CTD-2033C11.1,0.0002435802799125164,0.9751243781094527,-2.080745284887198,ZNF326_pDS262,0.0038141470180305
CCNB1,0.02138793806777419,0.7810945273631841,-0.8230410131347499,ZNF326_pDS262,1.0809639389736476
MAP1B,0.011892380686786278,0.8308457711442786,-0.9268546935393693,ZNF326_pDS262,0.4649791955617198
RP11-79P5.9,0.002488596580766702,0.7661691542288557,-0.9918744817040103,ZNF326_pDS262,0.0292995839112343
HEXB,0.014169764918725385,0.7810945273631841,-0.7237250668263476,ZNF326_pDS262,0.4025658807212205
GFM2,0.008369559660069354,0.4626865671641791,-0.1993733067871503,ZNF326_pDS262,0.1022884882108183
CTD-2235C13.3,0.00037479694103364065,0.004975124378109453,3.4749662127424594,ZNF326_pDS262,0.0026005547850208
COL4A3BP,0.024118593310562323,0.12935323383084577,1.2188889838878185,ZNF326_pDS262,0.2257281553398058
F2RL1,0.0005092862786747176,0.009950248756218905,2.8715509948098923,ZNF326_pDS262,0.0019070735090152
SERINC5,0.005153315505476696,0.39303482587064675,0.8043385450677397,ZNF326_pDS262,0.0079750346740638
ATP6AP1L,0.0019607904178136995,0.5920398009950248,-0.6645147665712829,ZNF326_pDS262,0.0128294036061026
RP11-343L5.2,0.0001782844572354628,0.004975124378109453,3.4972695483814054,ZNF326_pDS262,0.0034674063800277
CTC-480C2.1,0.00019132160403190755,0.03482587064676617,2.118392719725111,ZNF326_pDS262,0.0031206657420249
GPR98,0.0023214814014623753,0.3880597014925373,-0.21692828708660947,ZNF326_pDS262,0.0166435506241331
ANKRD32,0.006290068467302358,0.8756218905472637,-1.1025085662138403,ZNF326_pDS262,0.1608876560332871
RHOBTB3,0.11092288516540157,0.004975124378109453,6.398351357717361,ZNF326_pDS262,1.3188280166435506
ERAP2,0.00013865006095173266,0.5771144278606966,-0.22563351032939064,ZNF326_pDS262,0.002253814147018
CTD-2007H13.3,0.00034710298842232073,0.004975124378109453,3.2372164177456044,ZNF326_pDS262,0.0019070735090152
GIN1,0.003659040703889705,0.5572139303482587,-0.4632777305325575,ZNF326_pDS262,0.0365811373092926
TMEM232,0.00026124422352604424,0.004975124378109453,3.46592989043304,ZNF326_pDS262,0.0017337031900138
TSLP,0.0003891900764944597,0.8606965174129353,-0.4391463176253193,ZNF326_pDS262,0.0043342579750346
STARD4,0.007600576483492998,0.44776119402985076,0.11053824924108056,ZNF326_pDS262,0.0546116504854368
EPB41L4A,0.0016246988427742783,1.0,-1.2461876091107034,ZNF326_pDS262,0.0292995839112343
DCP2,0.024012073218877276,0.3383084577114428,0.20795862874971166,ZNF326_pDS262,0.4790221914008322
MCC,8.649005355298763e-05,0.9104477611940298,-1.2806295161553674,ZNF326_pDS262,0.0019070735090152
PGGT1B,0.016705049587196475,0.0845771144278607,1.7993386152701267,ZNF326_pDS262,0.065880721220527
TMED7,0.00897146442911632,0.6567164179104478,-0.5732385479402088,ZNF326_pDS262,0.1688626907073509
DTWD2,0.009640278488999572,0.07462686567164178,1.306515964909428,ZNF326_pDS262,0.0182038834951456
DMXL1,0.015730178983908754,0.208955223880597,0.9230073411718283,ZNF326_pDS262,0.0818307905686546
ZNF608,0.0025568992739367297,0.12935323383084577,1.1119211123513264,ZNF326_pDS262,0.0046809986130374
MARCH3,0.004306033344276737,1.0,-1.241100408682723,ZNF326_pDS262,0.0683079056865464
P4HA2,0.0034922078494006767,0.6069651741293532,-0.661093309282713,ZNF326_pDS262,0.0438626907073509
PDLIM4,0.002557238517708769,0.8805970149253731,-1.0063394884682426,ZNF326_pDS262,0.0471567267683772
SLC22A5,0.0017525275816565153,0.6019900497512438,-0.48747352677253236,ZNF326_pDS262,0.0086685159500693
KIF3A,0.011909913711050034,0.1691542288557214,0.67917783791522,ZNF326_pDS262,0.0826976421636615
PPP2CA,0.021391782538747656,0.572139303482587,-0.38029337299282623,ZNF326_pDS262,1.0594660194174756
RP11-215P8.3,0.000234845131597911,0.9850746268656716,-2.2916975934301695,ZNF326_pDS262,0.0027739251040221
SMAD5-AS1,6.0583331278361005e-05,0.04477611940298507,2.1084715024270597,ZNF326_pDS262,0.0017337031900138
REEP2,0.00010118696306916218,0.024875621890547265,-0.09937571109490301,ZNF326_pDS262,0.0034674063800277
EGR1,0.007699213323772138,0.7313432835820896,-0.7609978719445301,ZNF326_pDS262,0.1021151178918169
TMEM173,0.005415114523671636,0.46766169154228854,-0.2400932758824363,ZNF326_pDS262,0.02375173370319
ANKHD1,0.00834420644953412,0.5373134328358209,-0.32804254883788964,ZNF326_pDS262,0.0806171983356449
IK,0.0334683219363696,0.18407960199004975,0.8361058882793234,ZNF326_pDS262,0.8216019417475728
TAF7,0.02508569419314027,0.22885572139303484,0.5322728493341636,ZNF326_pDS262,0.4065533980582524
FCHSD1,0.005100813420804907,0.1890547263681592,1.1557739105475335,ZNF326_pDS262,0.0173370319001386
SPRY4,0.0013078617946782986,0.9253731343283582,-1.4157618361075237,ZNF326_pDS262,0.0209778085991678
NR3C1,0.007225000711209605,0.6965174129353234,-0.6774053637414473,ZNF326_pDS262,0.0936199722607489
ANXA6,0.022994921497703692,0.208955223880597,0.6650687243789287,ZNF326_pDS262,0.2739251040221914
FAXDC2,0.0082642188283955,0.0945273631840796,1.4540571350731972,ZNF326_pDS262,0.0161234396671289
FABP6,0.03254522316196708,0.004975124378109453,4.648836450785158,ZNF326_pDS262,0.085124826629681
SLU7,0.014199174609619074,0.5870646766169154,-0.4009998888915989,ZNF326_pDS262,0.3411927877947295
PTTG1,0.02323856674403783,0.8009950248756219,-0.8516419107234663,ZNF326_pDS262,2.8982316227461857
GABRG2,0.0035899935600679704,0.7960199004975125,-1.010965745754677,ZNF326_pDS262,0.0135228848821081
HMMR,0.018650892967349487,0.48258706467661694,-0.15044793909816198,ZNF326_pDS262,0.3892163661581137
MAT2B,0.02040675016208526,0.1791044776119403,0.918010330162843,ZNF326_pDS262,0.2189667128987517
NPM1,0.015569911082559937,0.6218905472636815,-0.42010229762547596,ZNF326_pDS262,23.49930651872399
UBTD2,0.006503891656018703,0.23383084577114427,0.957384720296499,ZNF326_pDS262,0.0154299583911234
DUSP1,0.008239779269145596,0.5422885572139303,-0.14232471129954236,ZNF326_pDS262,0.0457697642163661
CTC-308K20.1,9.210504389332786e-05,0.014925373134328358,2.6104012692143295,ZNF326_pDS262,0.0031206657420249
CREBRF,0.0026708379255551045,0.527363184079602,-0.42363466115455567,ZNF326_pDS262,0.0133495145631067
BNIP1,0.0253303430100194,0.1691542288557214,1.0662481255385863,ZNF326_pDS262,0.2064840499306518
CPEB4,0.00966748087653901,0.6318407960199005,-0.4998812899430629,ZNF326_pDS262,0.1302011095700416
RP11-844P9.2,0.013062332921382582,0.5124378109452736,-0.21491757358746968,ZNF326_pDS262,0.1777045769764216
RP11-1277A3.3,0.0003677092464601072,0.7661691542288557,-0.35947350811532475,ZNF326_pDS262,0.0292995839112343
ZNF354B,0.0045198958195050345,0.7910447761194029,-0.5295750995168536,ZNF326_pDS262,0.0190707350901525
HNRNPH1,0.011845697199738723,0.7263681592039801,-0.8045619652501189,ZNF326_pDS262,0.3339112343966713
SQSTM1,0.0481696662582989,0.029850746268656716,2.809210917074254,ZNF326_pDS262,0.5589459084604715
BTNL9,0.0008148400093958448,1.0,-0.8045534504348183,ZNF326_pDS262,0.0083217753120665
TRIM7,0.011333410536276399,0.21890547263681592,0.856186050430674,ZNF326_pDS262,0.0575589459084604
CTC-338M12.6,9.560833604454235e-05,0.5920398009950248,-0.3071864803478655,ZNF326_pDS262,0.0027739251040221
TRIM52,0.006144174817105808,0.27860696517412936,0.43615224432396704,ZNF326_pDS262,0.0221914008321775
EXOC2,0.013996586033771345,0.38308457711442784,0.1655954696104186,ZNF326_pDS262,0.1340152565880721
SERPINB9,0.02043672595099369,0.01990049751243781,2.916097082174867,ZNF326_pDS262,0.0292995839112343
NQO2,0.021925399461767758,0.7014925373134329,-0.6375128786334029,ZNF326_pDS262,1.119625520110957
RP1-40E16.12,0.007733804944656276,0.5522388059701493,-0.23276671734872995,ZNF326_pDS262,0.0610263522884882
TUBB2A,0.01906682387010214,0.1791044776119403,0.7840834570588614,ZNF326_pDS262,0.1849861303744799
TUBB2B,0.012399769920465122,0.6567164179104478,-0.5340067415852028,ZNF326_pDS262,0.1811719833564493
RP1-80N2.3,0.0008476144469176937,0.0845771144278607,-0.07487401403965208,ZNF326_pDS262,0.0292995839112343
RREB1,0.016759717339263167,0.24875621890547264,0.6501062134075806,ZNF326_pDS262,0.1534327323162274
SNRNP48,0.015533763646875146,0.5920398009950248,-0.4694793799971977,ZNF326_pDS262,0.3921636615811373
RP11-421M1.8,0.00018519474464760604,0.7960199004975125,-0.17025794794037447,ZNF326_pDS262,0.0029472954230235
HIVEP1,0.004555287585207173,0.4975124378109453,-0.1394199463442713,ZNF326_pDS262,0.0353675450762829
PHACTR1,0.01416703421310147,0.17412935323383086,0.8513676608322837,ZNF326_pDS262,0.0292995839112343
CD83,0.0008637825250830762,0.8955223880597015,-0.805864319022281,ZNF326_pDS262,0.0147364771151178
JARID2,0.007070447747053146,0.8756218905472637,-1.0969452264527069,ZNF326_pDS262,0.1647018030513176
JARID2-AS1,0.00011933257569318268,0.7213930348258707,-0.6399178389749642,ZNF326_pDS262,0.0019070735090152
GMPR,0.036546160160789924,0.13930348258706468,1.0291688937752297,ZNF326_pDS262,0.8444868238557559
FAM8A1,0.00471565781616011,0.6666666666666666,-0.6420046633336958,ZNF326_pDS262,0.0625866851595007
SOX4,0.03419511831267095,0.07960199004975124,1.7186185146775175,ZNF326_pDS262,0.2734049930651872
GMNN,0.034215728776464366,0.31840796019900497,0.2900497498807761,ZNF326_pDS262,2.337378640776699
RP11-367G6.3,0.0003104285246997389,0.31343283582089554,0.19819017533817618,ZNF326_pDS262,0.0053744798890429
TRIM38,0.009137064279107012,0.527363184079602,-0.11100397497821908,ZNF326_pDS262,0.0643203883495145
HIST1H1C,0.15629771561640576,0.004975124378109453,6.765075972311393,ZNF326_pDS262,11.641643550624131
HIST1H4C,0.09150485683607094,0.009950248756218905,3.470939797138895,ZNF326_pDS262,15.146151178918169
HIST1H2BC,0.035087730395672395,0.22388059701492538,0.7476296296631432,ZNF326_pDS262,0.4873439667128987
HIST1H2AC,0.0635979755960861,0.06467661691542288,1.8444838402865857,ZNF326_pDS262,2.095873786407767
HIST1H2BD,0.020597051961356517,0.582089552238806,-0.4075014557823481,ZNF326_pDS262,0.2475728155339805
HIST1H4D,0.00017629702364942442,0.004975124378109453,5.876204841385757,ZNF326_pDS262,0.0024271844660194
HIST1H3D,0.011444569885562786,0.7263681592039801,-0.7383500557462398,ZNF326_pDS262,0.1440707350901525
HIST1H4E,0.013100731609530427,0.1691542288557214,1.1774117482270188,ZNF326_pDS262,0.0639736477115117
HIST1H2AE,0.023307014725479053,0.38308457711442784,0.01952191080503109,ZNF326_pDS262,0.1853328710124826
HIST1H1D,0.011848545107162196,0.5174129353233831,-0.287873350686301,ZNF326_pDS262,0.1849861303744799
HIST1H4H,0.05037264429103507,0.009950248756218905,3.23016500436061,ZNF326_pDS262,0.2688973647711511
BTN2A2,0.0068701458092654665,0.3482587064676617,0.22862162796702734,ZNF326_pDS262,0.0362343966712898
HIST1H2BJ,0.02669048108300145,0.6119402985074627,-0.44753819267005146,ZNF326_pDS262,1.676490984743412
HIST1H2BK,0.046835258938499415,0.13432835820895522,1.0690349158700394,ZNF326_pDS262,23.19504160887656
HIST1H2BL,0.00036807923066325656,0.03980099502487562,-0.053086058263994616,ZNF326_pDS262,0.0292995839112343
HIST1H2AK,0.0001813321732022914,0.29850746268656714,-0.09514356061537493,ZNF326_pDS262,0.0031206657420249
ZNF165,0.004175981882652734,0.3383084577114428,0.40655807670803407,ZNF326_pDS262,0.0156033287101248
ZNF311,0.0037159420812267105,0.3880597014925373,0.3524827615286527,ZNF326_pDS262,0.0112690707350901
RPP21,0.011253160785982128,0.5621890547263682,-0.3284244379802065,ZNF326_pDS262,0.1608876560332871
HLA-E,0.0034109250072742853,0.9651741293532339,-1.4961216118242884,ZNF326_pDS262,0.1031553398058252
PPP1R18,0.03213075237976414,0.31343283582089554,0.3577616083514886,ZNF326_pDS262,0.8904299583911235
NRM,0.004528806950945022,0.9900497512437811,-1.3042670550047777,ZNF326_pDS262,0.1662621359223301
TUBB,0.01927988276778901,0.8855721393034826,-1.1263804652359868,ZNF326_pDS262,9.041955617198337
IER3,0.013956261070686779,0.1890547263681592,0.7145559918414093,ZNF326_pDS262,0.0993411927877947
DDX39B-AS1,5.020982631993609e-05,0.8507462686567164,-1.0072606470151424,ZNF326_pDS262,0.0019070735090152
LTB,0.01249327132018268,0.18407960199004975,0.9086883769793388,ZNF326_pDS262,0.0700416088765603
LST1,0.008928492505369565,0.6567164179104478,-0.5698659086735637,ZNF326_pDS262,0.1048890429958391
NCR3,0.0032552246935194473,0.5472636815920398,-0.5237405778971069,ZNF326_pDS262,0.0417822468793342
AIF1,0.045898246202231714,0.024875621890547265,2.5267715973471936,ZNF326_pDS262,0.5301664355062413
CLIC1,0.03915107493184599,0.05970149253731343,1.7384956832760403,ZNF326_pDS262,7.966192787794729
HSPA1A,0.018330308109835547,0.5621890547263682,-0.3768520972738508,ZNF326_pDS262,0.3164008321775312
C6orf48,0.07103269773085387,0.004975124378109453,3.836304538939158,ZNF326_pDS262,4.032246879334258
NEU1,0.024237857399736832,0.1890547263681592,0.9014316245842884,ZNF326_pDS262,0.2900485436893203
FKBPL,0.016911247178096563,0.3333333333333333,0.1609267578657629,ZNF326_pDS262,0.0292995839112343
PPT2-EGFL8,0.00015872414056091732,0.9751243781094527,-0.44972243716504506,ZNF326_pDS262,0.0041608876560332
EGFL8,0.00036996580259394496,0.263681592039801,-0.4436943404647864,ZNF326_pDS262,0.0062413314840499
HLA-DOB,0.00019586289387492424,0.004975124378109453,4.033861109132084,ZNF326_pDS262,0.002253814147018
BRD2,0.02739447899504876,0.24378109452736318,0.4679128783170004,ZNF326_pDS262,0.8200416088765603
RPS18,0.00855387858330088,0.6417910447761194,-0.4949545904812728,ZNF326_pDS262,154.12187933425798
SCUBE3,0.00039315893469497735,0.004975124378109453,2.9776406617239153,ZNF326_pDS262,0.0017337031900138
PPARD,0.004584805262556374,0.736318407960199,-0.7270451702616915,ZNF326_pDS262,0.0365811373092926
CDKN1A,0.0021966866970168576,0.004975124378109453,3.3667044341693195,ZNF326_pDS262,0.0050277392510402
PIM1,0.039401753031611864,0.06467661691542288,1.8569428816839952,ZNF326_pDS262,0.4868238557558946
TMEM217,0.005021013010284796,0.3034825870646766,0.663828991581359,ZNF326_pDS262,0.018377253814147
ZFAND3,0.009753604436423643,0.5920398009950248,-0.3793295563070983,ZNF326_pDS262,0.1407766990291262
DNAH8,0.00046832641757651853,0.25870646766169153,-0.37174952689515733,ZNF326_pDS262,0.0058945908460471
FRS3,0.00020245359137631547,0.04975124378109453,-0.11685221465205,ZNF326_pDS262,0.0071081830790568
PRICKLE4,0.0020382176972343668,0.582089552238806,-0.6815840413872223,ZNF326_pDS262,0.026005547850208
GNMT,9.163248310052636e-05,0.009950248756218905,3.163864518828772,ZNF326_pDS262,0.0026005547850208
PEX6,0.0037133962039836853,0.5572139303482587,-0.5023471312634866,ZNF326_pDS262,0.0292995839112343
HSP90AB1,0.019573165129083567,0.6069651741293532,-0.44156913807427967,ZNF326_pDS262,12.739424410540916
TNFRSF21,0.00033632218349960614,0.004975124378109453,3.2136073025636285,ZNF326_pDS262,0.0019070735090152
RHAG,0.038191485199868674,0.05970149253731343,1.76986901096242,ZNF326_pDS262,0.4526699029126214
GSTA2,0.001016181316369401,0.9751243781094527,-0.39225271749246615,ZNF326_pDS262,0.0039875173370319
ICK,0.002485875470138342,0.8208955223880597,-0.8902277058105633,ZNF326_pDS262,0.049757281553398
XXbac-BPGBPG55C20.2,0.0001353401195053944,0.9353233830845771,-1.5165437054225372,ZNF326_pDS262,0.0043342579750346
FKBP1C,0.00018213197419562695,0.004975124378109453,4.088557208832871,ZNF326_pDS262,0.0019070735090152
RP11-301G19.1,0.06906497507345577,0.014925373134328358,2.9320084175998273,ZNF326_pDS262,3.652739251040222
RP11-542F9.1,0.0002299849727236662,0.009950248756218905,2.386792837482552,ZNF326_pDS262,0.0026005547850208
LMBRD1,0.013242261775611691,0.15920398009950248,1.1727098935406532,ZNF326_pDS262,0.0292995839112343
MB21D1,0.00034574666160922554,0.9850746268656716,-2.11144761023693,ZNF326_pDS262,0.0029472954230235
SH3BGRL2,0.008933734788729221,0.5522388059701493,-0.3521014143836278,ZNF326_pDS262,0.0292995839112343
ME1,0.024561969793635285,0.07462686567164178,1.8038112601765395,ZNF326_pDS262,0.1050624133148405
RP11-393I2.4,0.00546888280738623,0.09950248756218906,1.3742888431789315,ZNF326_pDS262,0.0292995839112343
SLC35A1,0.015604799497837121,0.08955223880597014,1.5080674880736498,ZNF326_pDS262,0.0570388349514563
PNRC1,0.013086439297018776,0.15422885572139303,0.6548535254488753,ZNF326_pDS262,0.0799237170596394
RRAGD,0.010597408442416042,0.30845771144278605,0.4224574028904672,ZNF326_pDS262,0.0847780859916782
MANEA-AS1,0.0022010537394792987,0.39303482587064675,-0.40481943559713673,ZNF326_pDS262,0.0173370319001386
MMS22L,0.018631124410999865,0.21393034825870647,0.7718981798279099,ZNF326_pDS262,0.0292995839112343
RP11-98I9.4,0.00019190289816410283,0.4975124378109453,-0.7618133510093715,ZNF326_pDS262,0.0088418862690707
TSTD3,0.018981665726165584,0.03980099502487562,2.1144689027146315,ZNF326_pDS262,0.0826976421636615
RP3-467N11.1,0.00692899286003852,0.27860696517412936,0.8558906111964185,ZNF326_pDS262,0.0292995839112343
AIM1,0.011412105003918498,0.08955223880597014,1.1550742333945754,ZNF326_pDS262,0.0360610263522884
AK9,0.0004940864457338856,0.8855721393034826,-0.9350120283093735,ZNF326_pDS262,0.0100554785020804
KIAA1919,0.005842490304372593,0.7960199004975125,-0.5587913238087444,ZNF326_pDS262,0.0332871012482662
HDAC2,0.021150915266542437,0.8208955223880597,-0.868457557853178,ZNF326_pDS262,1.714632454923717
DSE,0.0004047328065037386,0.7512437810945274,-0.3055240796741109,ZNF326_pDS262,0.0038141470180305
TSPYL1,0.00605065272060061,0.5522388059701493,-0.04831390640850696,ZNF326_pDS262,0.0273925104022191
KPNA5,0.01532349424118651,0.024875621890547265,2.1333879123720174,ZNF326_pDS262,0.0407420249653259
CEP85L,0.0030554757027246512,0.7064676616915423,-0.7917625881788856,ZNF326_pDS262,0.0542649098474341
SERINC1,0.022315933655431257,0.06467661691542288,1.790472207495437,ZNF326_pDS262,0.1248266296809986
SMPDL3A,0.0015360813536666107,0.5373134328358209,-0.6866910664161039,ZNF326_pDS262,0.0162968099861303
TRDN,0.0008238382177915766,0.05472636815920398,0.22119973675805082,ZNF326_pDS262,0.0095353675450762
RPS12,0.012566323983990699,0.21393034825870647,0.6301162277595684,ZNF326_pDS262,87.85176837725382
SGK1,0.009116285654871064,0.1044776119402985,1.1581416866607552,ZNF326_pDS262,0.0211511789181692
IFNGR1,0.02548598494799396,0.03980099502487562,2.0475878969309753,ZNF326_pDS262,0.1140776699029126
CCDC28A,0.007458909118126216,0.6716417910447762,-0.6388317538970606,ZNF326_pDS262,0.1302011095700416
REPS1,0.008835810114555058,0.6865671641791045,-0.6181942481496268,ZNF326_pDS262,0.1199722607489597
CITED2,0.05615489833480637,0.04975124378109453,2.1132872453873426,ZNF326_pDS262,1.3867891816920943
RP1-20N2.6,0.00010659872494475581,0.8805970149253731,-1.0834144602957965,ZNF326_pDS262,0.0019070735090152
PHACTR2,0.018068484882145262,0.1691542288557214,0.975583231510579,ZNF326_pDS262,0.1071428571428571
EPM2A,0.0020208992624202553,0.8756218905472637,-1.2944309168283965,ZNF326_pDS262,0.0135228848821081
RP3-466P17.1,0.00021293182937282175,0.36318407960199006,-0.07035286157901642,ZNF326_pDS262,0.0027739251040221
PPP1R14C,0.0013204726785898506,0.7562189054726368,-0.6803798985208287,ZNF326_pDS262,0.0157766990291262
FBXO5,0.016650437348060224,0.43283582089552236,-0.04220313122972427,ZNF326_pDS262,0.2602288488210818
SNX9,0.015899603279218445,0.48258706467661694,-0.1563515699875787,ZNF326_pDS262,0.2969833564493758
SERAC1,0.006023789219695448,0.17412935323383086,1.187413003746063,ZNF326_pDS262,0.0161234396671289
EZR,0.03227999506737938,0.11442786069651742,1.1197070267454887,ZNF326_pDS262,0.5038141470180305
C6orf99,0.0008861073263563135,0.7263681592039801,-0.7951550959099174,ZNF326_pDS262,0.0149098474341192
ACAT2,0.0156278480010759,0.9751243781094527,-1.4110762444391938,ZNF326_pDS262,3.1288141470180304
CAHM,0.006842706692532723,0.19900497512437812,0.7436546522749337,ZNF326_pDS262,0.0180305131761442
QKI,0.018620698833412226,0.23383084577114427,0.5266233400536898,ZNF326_pDS262,0.0292995839112343
RP1-168L15.5,0.000169709664081499,0.13432835820895522,-0.13319148053352076,ZNF326_pDS262,0.0292995839112343
RNASET2,0.05219249942145906,0.009950248756218905,3.468499412120613,ZNF326_pDS262,0.4093273231622746
ERMARD,0.0015346427658932368,0.9552238805970149,-1.1445297622858404,ZNF326_pDS262,0.0246185852981969
RP11-449P15.2,0.0005682268906024951,0.014925373134328358,1.1284149924048996,ZNF326_pDS262,0.0017337031900138
AC074389.5,0.002158117314068034,0.2935323383084577,0.3044563051190657,ZNF326_pDS262,0.0086685159500693
MAD1L1,0.02446350524956402,0.263681592039801,0.39937094803060774,ZNF326_pDS262,0.3788141470180305
FOXK1,0.011546728297748046,0.36318407960199006,0.1373969800536909,ZNF326_pDS262,0.0934466019417475
ACTB,0.02944671255363959,0.12437810945273632,1.2021628696360496,ZNF326_pDS262,17.44382801664355
FAM220A,0.00648981390480043,0.029850746268656716,1.7299908284351226,ZNF326_pDS262,0.0136962552011095
TSPAN13,0.12902045979938961,0.004975124378109453,9.745080454290818,ZNF326_pDS262,0.6827323162274619
SP4,0.0011669575139833291,0.845771144278607,-0.7874086776281318,ZNF326_pDS262,0.0162968099861303
KLHL7,0.027640118725490093,0.05970149253731343,1.9912621425800283,ZNF326_pDS262,0.2130721220527045
DFNA5,0.013163802896347405,0.8905472636815921,-1.00676908459848,ZNF326_pDS262,0.2869278779472954
NFE2L3,0.006461786966188499,0.6766169154228856,-0.48617327075804956,ZNF326_pDS262,0.0454230235783633
HNRNPA2B1,0.015756493253023557,0.945273631840796,-1.1296160557316033,ZNF326_pDS262,9.259535367545077
HOTAIRM1,0.013315797188302125,0.32338308457711445,0.18951668250304685,ZNF326_pDS262,0.151005547850208
HOXA6,9.008130233647242e-05,0.004975124378109453,4.1798648863911145,ZNF326_pDS262,0.0019070735090152
ZNRF2,0.0001664925070740656,0.527363184079602,-0.6855149655148868,ZNF326_pDS262,0.0038141470180305
NOD1,0.005326016322650935,0.20398009950248755,0.915488324854866,ZNF326_pDS262,0.0100554785020804
RALA,0.02743197750444082,0.4626865671641791,-0.12100290840596042,ZNF326_pDS262,0.993238557558946
RP11-467D6.1,0.0004219891245870932,0.10945273631840796,-0.1349243627637118,ZNF326_pDS262,0.007628294036061
STK17A,0.016115059387552203,0.29850746268656714,0.3425455435907926,ZNF326_pDS262,0.1461511789181692
AC004854.4,0.0006533467233511999,0.014925373134328358,1.0688552088890373,ZNF326_pDS262,0.0029472954230235
UPP1,0.0035734789989834105,0.5870646766169154,-0.42723957082155745,ZNF326_pDS262,0.012135922330097
PSPH,0.022223061444984288,0.19900497512437812,0.9811409056473743,ZNF326_pDS262,0.233009708737864
SUMF2,0.015984516864925264,0.3681592039800995,0.14503325281751236,ZNF326_pDS262,0.2610957004160887
ZNF680,0.004671040133527455,0.582089552238806,-0.5152412139842735,ZNF326_pDS262,0.0622399445214979
ERV3-1,0.03300949088120161,0.06965174129353234,1.9598097469675295,ZNF326_pDS262,0.2505201109570041
RP11-792A8.4,0.011155022733424417,0.6119402985074627,-0.3461099663238891,ZNF326_pDS262,0.1797850208044382
HIP1,0.0008866704670683023,0.8258706467661692,-0.8068024074766617,ZNF326_pDS262,0.0292995839112343
RHBDD2,0.008542046577082641,0.7014925373134329,-0.7184255016318007,ZNF326_pDS262,0.159500693481276
GSAP,0.00044201442480425483,0.2835820895522388,-0.3995595310961426,ZNF326_pDS262,0.0069348127600554
GATAD1,0.017148560796429187,0.29850746268656714,0.43018928322880995,ZNF326_pDS262,0.1905339805825242
GNGT1,0.00048570339788835414,0.12437810945273632,-0.18015225212608965,ZNF326_pDS262,0.004507628294036
CASD1,0.006051435409666012,0.6318407960199005,-0.1687707164006179,ZNF326_pDS262,0.018377253814147
ASNS,0.026379622672531244,0.3283582089552239,0.3837077565584677,ZNF326_pDS262,0.3157073509015257
AC004893.11,0.0002702131393210915,1.0,-0.5629214150105578,ZNF326_pDS262,0.0032940360610263
GS1-259H13.2,0.00025192528031170154,0.31840796019900497,-0.4832121004184027,ZNF326_pDS262,0.0086685159500693
CYP3A5,0.007898705722071337,0.43283582089552236,0.06820140319920645,ZNF326_pDS262,0.0327669902912621
AP4M1,0.020844649220756142,0.014925373134328358,2.581574809995386,ZNF326_pDS262,0.0755894590846047
ZCWPW1,0.0001716035222440676,0.19900497512437812,-0.42199124855509984,ZNF326_pDS262,0.0095353675450762
TSC22D4,0.010981859745740638,0.7313432835820896,-0.6180388928909171,ZNF326_pDS262,0.2376907073509015
LRCH4,0.007882829785389681,0.527363184079602,-0.27332469391646397,ZNF326_pDS262,0.0816574202496532
RP11-126L15.4,0.0003485903581522664,1.0,-2.8298431336327416,ZNF326_pDS262,0.0019070735090152
MUC12,0.0022460751157564983,0.26865671641791045,0.7349901269996023,ZNF326_pDS262,0.0052011095700416
SERPINE1,0.0010885688517080132,0.004975124378109453,3.814446408247175,ZNF326_pDS262,0.0060679611650485
VGF,0.016493503265779613,0.1890547263681592,0.79445243300706,ZNF326_pDS262,0.108876560332871
CLDN15,0.007344549425367415,0.6865671641791045,-0.5651633419805577,ZNF326_pDS262,0.0606796116504854
RELN,0.02603214962717092,0.1044776119402985,1.313128325938132,ZNF326_pDS262,0.2297156726768377
RP11-251G23.5,0.00019969526211531776,0.8407960199004975,-0.9617139065430292,ZNF326_pDS262,0.0024271844660194
CCDC71L,0.03837420086104982,0.009950248756218905,3.312297938206388,ZNF326_pDS262,0.2179264909847434
PIK3CG,0.012961782840935665,0.01990049751243781,2.8783175765637328,ZNF326_pDS262,0.0190707350901525
HBP1,0.008617407992466014,0.4975124378109453,-0.222865640392522,ZNF326_pDS262,0.0731622746185853
DLD,0.01935932722586984,0.7164179104477612,-0.6591249834675524,ZNF326_pDS262,0.9283980582524272
CTB-13F3.1,4.3351611669092904e-05,0.004975124378109453,3.9847788534182205,ZNF326_pDS262,0.0017337031900138
PNPLA8,0.009354656768788243,0.36318407960199006,0.31240223023721875,ZNF326_pDS262,0.0601595006934812
THAP5,0.011663355374198821,0.10945273631840796,0.8572848791508786,ZNF326_pDS262,0.0568654646324549
DNAJB9,0.01020903750996009,0.5323383084577115,-0.2623251438330695,ZNF326_pDS262,0.1178918169209431
LSMEM1,0.0004235929487684459,0.21890547263681592,0.555913461075626,ZNF326_pDS262,0.0031206657420249
LINC00998,0.031942131409039315,0.25870646766169153,0.4216530913300686,ZNF326_pDS262,1.0157766990291262
TES,0.028527851624804618,0.009950248756218905,3.579326650712328,ZNF326_pDS262,0.09500693481276
MET,6.339591462339556e-05,0.900497512437811,-1.2816710615732576,ZNF326_pDS262,0.0019070735090152
POT1-AS1,0.00018334186318002624,0.03980099502487562,1.7403092702799634,ZNF326_pDS262,0.002253814147018
ZNF800,0.007758362278022409,0.7263681592039801,-0.7259874163526863,ZNF326_pDS262,0.1463245492371706
CCDC136,0.005491537179142402,0.736318407960199,-0.619721231664042,ZNF326_pDS262,0.0865117891816921
SMO,0.0004169838199053968,0.12437810945273632,-0.23429450743612915,ZNF326_pDS262,0.0071081830790568
STRIP2,0.0023326018981640194,0.6218905472636815,-0.6304701570590677,ZNF326_pDS262,0.0097087378640776
RP11-448A19.1,0.0008222050693394105,0.7910447761194029,-0.9434879387010158,ZNF326_pDS262,0.0140429958391123
UBE2H,0.013477607007687645,0.3283582089552239,0.27003495956822937,ZNF326_pDS262,0.0885922330097087
LINC-PINT,0.003398131023206701,0.43781094527363185,-0.11180261936732429,ZNF326_pDS262,0.0292995839112343
KDM7A,0.0019449053906498738,0.9651741293532339,-0.9844368965316633,ZNF326_pDS262,0.0254854368932038
AGK,0.00948354737162643,0.6517412935323383,-0.5324202935081045,ZNF326_pDS262,0.1145977808599167
RP5-894A10.2,0.000936394165042626,0.03980099502487562,0.6330294582625519,ZNF326_pDS262,0.0292995839112343
PRSS1,0.05694956943990207,0.004975124378109453,4.816110054076475,ZNF326_pDS262,0.3087725381414701
EPHB6,0.01261508192180944,0.22885572139303484,0.6831099804656215,ZNF326_pDS262,0.1113037447988904
AC093673.5,0.005988395667223996,0.2885572139303483,0.4475106827003289,ZNF326_pDS262,0.0162968099861303
ZYX,0.02477806722596059,0.03482587064676617,2.309169632672727,ZNF326_pDS262,0.1147711511789181
EPHA1-AS1,0.00023988269354510488,0.004975124378109453,3.51865008670038,ZNF326_pDS262,0.002253814147018
FAM115A,0.0040809010226867505,0.8109452736318408,-0.9893959921005809,ZNF326_pDS262,0.0292995839112343
ZNF425,0.0003213940976893381,0.05472636815920398,-0.0943134030474137,ZNF326_pDS262,0.0292995839112343
INSIG1,0.05866709393936307,0.014925373134328358,3.018518644578512,ZNF326_pDS262,0.6955617198335645
MNX1-AS2,0.0002749892932613788,0.004975124378109453,3.7259350115335654,ZNF326_pDS262,0.0027739251040221
RP11-706O15.1,0.005251238357704657,0.6417910447761194,-0.720668588841538,ZNF326_pDS262,0.0745492371705963
TMSB4X,0.03758419550343486,0.024875621890547265,2.30237118824482,ZNF326_pDS262,22.10107489597781
RAB9A,0.010646601314853822,0.6368159203980099,-0.47165929547734753,ZNF326_pDS262,0.0292995839112343
PIGA,0.0021422516694954647,0.5771144278606966,-0.5744872128983192,ZNF326_pDS262,0.0239251040221914
ZRSR2,0.016315804398502574,0.06467661691542288,1.5469965784294921,ZNF326_pDS262,0.0835644937586685
AP1S2,0.020016331323367758,0.24875621890547264,0.5170336839581657,ZNF326_pDS262,0.2366504854368932
CXorf23,0.005824402204960457,0.26865671641791045,0.7746992102335373,ZNF326_pDS262,0.0140429958391123
SAT1,0.01751579395065458,0.3034825870646766,0.2768766634392866,ZNF326_pDS262,0.233876560332871
MAGEB2,9.798136338667933e-05,0.9552238805970149,-1.57456272003563,ZNF326_pDS262,0.0060679611650485
GPR82,0.0016300736120939264,0.9253731343283582,-1.2741171420875932,ZNF326_pDS262,0.0095353675450762
ZNF674-AS1,0.008770055479611372,0.25870646766169153,0.5197781605369938,ZNF326_pDS262,0.0358876560332871
JADE3,0.006564540858409859,0.31343283582089554,0.7176421376877479,ZNF326_pDS262,0.012135922330097
TIMP1,0.02697562821753155,0.582089552238806,-0.3561823151701611,ZNF326_pDS262,1.834257975034674
GRIPAP1,0.007849926992500054,0.3781094527363184,0.13255600607946386,ZNF326_pDS262,0.0292995839112343
PRAF2,0.0006108799937445616,0.01990049751243781,0.3015927218710453,ZNF326_pDS262,0.0038141470180305
PLP2,0.11285900390604926,0.004975124378109453,6.9321923054765895,ZNF326_pDS262,0.9211165048543688
CLCN5,0.00914568523743206,0.08955223880597014,1.4031040049417942,ZNF326_pDS262,0.0246185852981969
TSPYL2,0.006826149185701976,0.13432835820895522,1.0950674494259895,ZNF326_pDS262,0.0154299583911234
IQSEC2,0.007909763619892289,0.208955223880597,0.6524518283328842,ZNF326_pDS262,0.0327669902912621
RIBC1,0.0006020809226197735,0.004975124378109453,3.7141270155083292,ZNF326_pDS262,0.0029472954230235
WNK3,0.005976489634213324,0.11940298507462686,0.9709673107585175,ZNF326_pDS262,0.0292995839112343
ALAS2,0.08180613669740193,0.004975124378109453,3.928316569538915,ZNF326_pDS262,0.6941747572815534
PAGE2,0.00029968013747039485,0.03482587064676617,1.3266492307880935,ZNF326_pDS262,0.0038141470180305
KLF8,0.006339293723585145,0.05970149253731343,0.955745050616701,ZNF326_pDS262,0.0292995839112343
AMER1,0.0006122751339539733,0.8507462686567164,-0.8792205709698524,ZNF326_pDS262,0.0149098474341192
MTMR8,0.0003259367806569137,0.009950248756218905,0.8391311828972317,ZNF326_pDS262,0.0292995839112343
PJA1,0.007023128116420986,0.16417910447761194,0.8382782860058032,ZNF326_pDS262,0.0292995839112343
IGBP1,0.030722740132505703,0.20398009950248755,0.7050881980700295,ZNF326_pDS262,0.658113730929265
IL2RG,0.020447063154434515,0.004975124378109453,4.010132119467122,ZNF326_pDS262,0.0509708737864077
ITGB1BP2,0.0008843051727893058,0.014925373134328358,1.5098010059281504,ZNF326_pDS262,0.0029472954230235
TAF1,0.004320377755162349,0.6019900497512438,-0.5798404460980261,ZNF326_pDS262,0.0409153952843273
ACRC,0.0002751350711167954,0.15422885572139303,0.20216206378929255,ZNF326_pDS262,0.0026005547850208
UPRT,0.007065204775773842,0.7810945273631841,-0.7461750571096268,ZNF326_pDS262,0.0863384188626907
COX7B,0.07053749710476469,0.01990049751243781,3.048705438186918,ZNF326_pDS262,5.1047156726768375
PGK1,0.04090602022961612,0.208955223880597,0.7092814113438625,ZNF326_pDS262,3.3592233009708736
ITM2A,0.05320128703626773,0.029850746268656716,2.5535686777725086,ZNF326_pDS262,0.6009015256588072
FAM133A,0.0004694684085959212,0.004975124378109453,3.193715057354194,ZNF326_pDS262,0.0019070735090152
TSPAN6,0.00015020015390396912,0.004975124378109453,3.6418116831463374,ZNF326_pDS262,0.0020804438280166
ARMCX3,0.01703950492933916,0.30845771144278605,0.21552163679292174,ZNF326_pDS262,0.1997226074895977
TMSB15A,0.007620354899444513,0.13432835820895522,0.6712129836901234,ZNF326_pDS262,0.0292995839112343
BEX4,0.06967707281924236,0.01990049751243781,2.7658774658607683,ZNF326_pDS262,3.121532593619972
BEX2,0.02297685019151544,0.5223880597014925,-0.18343764196139978,ZNF326_pDS262,0.0292995839112343
TCEAL7,0.00043964252502900325,0.004975124378109453,4.216584564185107,ZNF326_pDS262,0.0026005547850208
WBP5,0.024521447056537526,0.5422885572139303,-0.3325975443142469,ZNF326_pDS262,0.8580097087378641
MORF4L2-AS1,0.0003128169803710547,0.4079601990049751,-0.6170305450680514,ZNF326_pDS262,0.0102288488210818
TSC22D3,0.00866594754875317,0.07462686567164178,1.184818752551509,ZNF326_pDS262,0.0280859916782246
IL13RA1,0.01259436699496916,0.2835820895522388,0.512625821012557,ZNF326_pDS262,0.0292995839112343
LONRF3,0.005539412878538534,0.44776119402985076,0.02361195681036215,ZNF326_pDS262,0.0360610263522884
RPL39,0.0762013945577469,0.014925373134328358,3.1873615629008585,ZNF326_pDS262,1.7727115117891816
RHOXF2,0.0036046436693620365,0.6119402985074627,-0.29022990918724634,ZNF326_pDS262,0.0112690707350901
ZNF280C,0.005487733700567228,0.15920398009950248,1.2656864086050852,ZNF326_pDS262,0.0292995839112343
ENOX2,0.01900435001871231,0.09950248756218906,1.3800179190868067,ZNF326_pDS262,0.0969140083217753
MST4,0.0100238672097051,0.44776119402985076,-0.2129770726134438,ZNF326_pDS262,0.0292995839112343
RAP2C,0.01435908110761757,0.14427860696517414,1.1676788820979518,ZNF326_pDS262,0.0785367545076283
FAM122C,0.002570801684342579,0.17412935323383086,0.8303343275633644,ZNF326_pDS262,0.0083217753120665
ZNF75D,0.00024753488876366075,1.0,-0.46775703171418365,ZNF326_pDS262,0.0058945908460471
HTATSF1,0.026088576804033006,0.27860696517412936,0.4936620733194027,ZNF326_pDS262,0.0292995839112343
MAGEC2,0.005923543782741917,0.6865671641791045,-0.4296411417470028,ZNF326_pDS262,0.0384882108183079
IDS,0.0017409176975444894,0.9601990049751243,-1.2758617758601942,ZNF326_pDS262,0.0431692094313453
FLNA,0.01110214473227592,0.47761194029850745,-0.07409180745819705,ZNF326_pDS262,0.1612343966712899
DNASE1L1,0.007180258458563346,0.024875621890547265,1.97961541414776,ZNF326_pDS262,0.0112690707350901
GAB3,0.0038646325097335607,0.7213930348258707,-0.40946195547375636,ZNF326_pDS262,0.0112690707350901
MTCP1,0.00014667190103422755,0.472636815920398,-0.012950850506352253,ZNF326_pDS262,0.0036407766990291
ZNF596,0.00037380311267207656,0.4427860696517413,-0.1902523407235473,ZNF326_pDS262,0.0043342579750346
TDRP,0.00016673946170632338,0.004975124378109453,3.5278282054023453,ZNF326_pDS262,0.0019070735090152
ANGPT2,0.0017487455085002238,0.4925373134328358,-0.4743191407194775,ZNF326_pDS262,0.0138696255201109
RP11-375N15.2,0.0002211400716427964,0.9701492537313433,-1.7984427919708428,ZNF326_pDS262,0.0036407766990291
SLC35G5,7.828131412149966e-05,0.7711442786069652,-0.9995121510066988,ZNF326_pDS262,0.0026005547850208
FDFT1,0.02237660848616413,0.6865671641791045,-0.6162661134241458,ZNF326_pDS262,1.4849167822468794
RP11-297N6.4,0.005660934754885766,0.20398009950248755,1.0081985829673834,ZNF326_pDS262,0.0187239944521497
CTSB,0.0497500134049867,0.009950248756218905,3.651699888912428,ZNF326_pDS262,0.3502080443828017
LONRF1,0.0016098551979799752,0.736318407960199,-0.8844569052166685,ZNF326_pDS262,0.0123092926490984
VPS37A,0.012438483265561745,0.472636815920398,-0.13367321385447814,ZNF326_pDS262,0.1695561719833564
CTD-2547L16.1,0.0002590649922338746,0.5771144278606966,-0.6407731958488141,ZNF326_pDS262,0.0090152565880721
ATP6V1B2,0.008146737717230339,0.736318407960199,-0.787186532863394,ZNF326_pDS262,0.1803051317614424
DOK2,0.00746594122728901,0.3383084577114428,0.4710659955505557,ZNF326_pDS262,0.0365811373092926
NUDT18,0.0011100825271560574,0.9104477611940298,-0.950819385665151,ZNF326_pDS262,0.0292995839112343
TNFRSF10B,0.009601111339043343,0.21890547263681592,0.6139823918697236,ZNF326_pDS262,0.045249653259362
TNFRSF10C,0.0011860317607545463,0.03482587064676617,1.3598140890607804,ZNF326_pDS262,0.0032940360610263
SLC25A37,0.11837591327370851,0.004975124378109453,7.397259743603347,ZNF326_pDS262,0.8925104022191401
GNRH1,0.00024396135369958988,0.024875621890547265,2.3687504930848773,ZNF326_pDS262,0.0038141470180305
SCARA5,9.943299755063337e-05,0.03482587064676617,2.1186208802251225,ZNF326_pDS262,0.0204576976421636
TMEM66,0.03308407136925833,0.3283582089552239,0.24629661629419258,ZNF326_pDS262,0.0292995839112343
RP11-51J9.5,0.004638873245556131,0.8955223880597015,-0.9702800105089168,ZNF326_pDS262,0.0476768377253814
RAB11FIP1,0.02516395674662017,0.21890547263681592,0.7961190852362378,ZNF326_pDS262,0.3521151178918169
RP11-350N15.5,0.00023667718198134446,0.40298507462686567,-0.28295278451627803,ZNF326_pDS262,0.006761442441054
LETM2,0.003916601858745568,0.3383084577114428,0.3967777229956544,ZNF326_pDS262,0.0104022191400832
FGFR1,0.006781376345918037,0.6616915422885572,-0.5338808046492409,ZNF326_pDS262,0.1220527045769764
RP11-930P14.2,0.006289722677509823,0.19900497512437812,1.0974467327884743,ZNF326_pDS262,0.0105755894590846
POLB,0.005196412916921709,0.7412935323383084,-0.8328053863894742,ZNF326_pDS262,0.0292995839112343
THAP1,0.01759717821712835,0.2736318407960199,0.531129287029148,ZNF326_pDS262,0.1730235783633842
HGSNAT,0.006558446981825753,0.3383084577114428,0.14885688126731283,ZNF326_pDS262,0.0292995839112343
CEBPD,0.008867632544656313,0.9104477611940298,-0.9873275995756738,ZNF326_pDS262,0.2180998613037447
RB1CC1,0.013077328136686241,0.6318407960199005,-0.4788034930154328,ZNF326_pDS262,0.2650832177531206
RGS20,0.03069598673675128,0.029850746268656716,2.4656794640565085,ZNF326_pDS262,0.1607142857142857
SDCBP,0.024160049847901606,0.3681592039800995,0.168646004636729,ZNF326_pDS262,0.6024618585298197
RP11-16E18.3,0.00023297202758702852,0.2736318407960199,0.5317672651596259,ZNF326_pDS262,0.0029472954230235
TRPA1,0.0007062749965730263,0.11442786069651742,-0.17113317863413047,ZNF326_pDS262,0.004507628294036
RPL7,0.027636418277837353,0.1791044776119403,0.8584719187708679,ZNF326_pDS262,20.83633841886269
TMEM70,0.037142976136391566,0.12437810945273632,1.152023895362617,ZNF326_pDS262,0.883495145631068
RP11-758M4.4,0.00888838305853215,0.5124378109452736,-0.20478547673634315,ZNF326_pDS262,0.0965672676837725
ZC2HC1A,0.003227919459150848,0.48258706467661694,-0.058678563517098985,ZNF326_pDS262,0.0292995839112343
SLC10A5,0.0005756612424154079,0.004975124378109453,3.7117190785034313,ZNF326_pDS262,0.0017337031900138
RP11-37B2.1,0.006712105744169592,0.04477611940298507,0.9849508652341074,ZNF326_pDS262,0.013002773925104
RBM12B,0.0026713008550361232,0.9154228855721394,-1.1367999738910566,ZNF326_pDS262,0.0608529819694868
GEM,0.0003330563062299446,0.029850746268656716,2.1775755039530718,ZNF326_pDS262,0.0039875173370319
UQCRB,0.08935226136665639,0.004975124378109453,4.160884040811231,ZNF326_pDS262,2.652392510402219
SDC2,0.006394106958146516,0.08955223880597014,1.9104260470128336,ZNF326_pDS262,0.009882108183079
RP11-410L14.2,0.008153717066891867,0.4925373134328358,-0.1719735133892929,ZNF326_pDS262,0.0559986130374479
KLF10,0.002281493221715306,0.8009950248756219,-1.0029148340846914,ZNF326_pDS262,0.0273925104022191
DCAF13,0.03140196524790562,0.29850746268656714,0.2526805254301075,ZNF326_pDS262,0.9876907073509016
LRP12,0.0011153129913954157,0.835820895522388,-1.0291599937145128,ZNF326_pDS262,0.0182038834951456
ZFPM2,0.002675488400156626,0.7711442786069652,-0.8961662293720065,ZNF326_pDS262,0.0275658807212205
EIF3E,0.06351800605566679,0.024875621890547265,2.5817043512484528,ZNF326_pDS262,3.638869625520111
RAD21-AS1,0.00018551449667317542,0.3482587064676617,0.005771252549116097,ZNF326_pDS262,0.002253814147018
FAM83A,0.025575166656111953,0.42786069651741293,-0.03796686264520022,ZNF326_pDS262,0.8002773925104022
ZHX1-C8ORF76,0.0028158628242832572,0.5920398009950248,-0.6124658387424871,ZNF326_pDS262,0.0225381414701803
FBXO32,0.008685027453484548,0.07960199004975124,1.614009752102522,ZNF326_pDS262,0.0310332871012482
RNF139-AS1,0.005098736253513573,0.681592039800995,-0.7821920463938778,ZNF326_pDS262,0.0539181692094313
SQLE,0.058241260093353606,0.03980099502487562,2.033667597426641,ZNF326_pDS262,1.6768377253814146
TRIB1,0.010575152453352233,0.10945273631840796,1.4438223373696406,ZNF326_pDS262,0.0213245492371705
MYC,0.07546133174854379,0.01990049751243781,2.84593275762229,ZNF326_pDS262,2.126040221914008
AC083843.1,0.000382492557847786,0.12935323383084577,-0.30055910678779807,ZNF326_pDS262,0.0057212205270457
KHDRBS3,0.0001486652188138147,0.6218905472636815,0.11808445773662082,ZNF326_pDS262,0.0029472954230235
KCNK9,0.0003775442148898566,0.04477611940298507,0.04635201505922546,ZNF326_pDS262,0.0057212205270457
RP11-809O17.1,0.00028487876336730434,0.8756218905472637,-1.1037594416254066,ZNF326_pDS262,0.0024271844660194
CTD-3064M3.1,0.003086138084209199,0.14925373134328357,0.7953486894777954,ZNF326_pDS262,0.0093619972260748
LY6E,0.08383138446232662,0.004975124378109453,4.139629623525762,ZNF326_pDS262,4.007801664355062
RP13-582O9.5,0.029716173383352987,0.09950248756218906,1.5536515480036763,ZNF326_pDS262,0.2390776699029126
ZNF707,0.002299081199192076,0.8606965174129353,-0.9806151050710836,ZNF326_pDS262,0.0244452149791955
FBXL6,0.009875184941516553,0.19402985074626866,0.573511822768916,ZNF326_pDS262,0.0778432732316227
LRRC24,0.0003207301413648194,1.0,-0.8413108450436709,ZNF326_pDS262,0.0043342579750346
ERMP1,0.0058180217838673925,0.5522388059701493,0.2999328513464973,ZNF326_pDS262,0.0292995839112343
PSIP1,0.03404323565047448,0.26865671641791045,0.5879615230009376,ZNF326_pDS262,0.0292995839112343
PLIN2,0.02895205524551169,0.06467661691542288,1.815590819758064,ZNF326_pDS262,0.2543342579750346
RPS6,0.016611474453780858,0.6417910447761194,-0.4625114099880775,ZNF326_pDS262,67.30738557558946
TOPORS,0.0190270909772637,0.14925373134328357,0.9157634877155347,ZNF326_pDS262,0.1546463245492371
NDUFB6,0.04690959821647508,0.12935323383084577,1.1771920917133862,ZNF326_pDS262,2.5315533980582523
DNAJA1,0.016105540460906963,0.9751243781094527,-1.452869060604283,ZNF326_pDS262,4.206830790568655
B4GALT1,0.004540879555159444,0.6119402985074627,-0.5814899719216223,ZNF326_pDS262,0.0292995839112343
SPINK4,0.01122443381330891,0.024875621890547265,2.783518325693822,ZNF326_pDS262,0.0128294036061026
AQP3,0.017595185301184108,0.24875621890547264,0.5790880336148959,ZNF326_pDS262,0.0882454923717059
PRSS3,0.025324645305385744,0.004975124378109453,3.2192159125975843,ZNF326_pDS262,0.0773231622746185
CCL27,0.00022411971900879993,0.004975124378109453,3.1574188735005198,ZNF326_pDS262,0.0292995839112343
RP11-195F19.9,0.004414864100691366,0.25870646766169153,0.926878401659861,ZNF326_pDS262,0.0095353675450762
STOML2,0.018863403530216136,0.8805970149253731,-1.120970720996877,ZNF326_pDS262,4.552357836338419
FBXO10,0.0004941065435506679,0.0945273631840796,0.07719734976615741,ZNF326_pDS262,0.004507628294036
CNTNAP3B,9.851687332937166e-05,0.9701492537313433,-1.7408833200703104,ZNF326_pDS262,0.0020804438280166
TJP2,0.013349117896072684,0.4626865671641791,0.020739057487914894,ZNF326_pDS262,0.0932732316227461
GDA,0.008670387308154186,0.35323383084577115,0.032797380448460735,ZNF326_pDS262,0.0556518723994452
ANXA1,0.0005761867616908388,0.06965174129353234,2.0328474027883585,ZNF326_pDS262,0.0032940360610263
RP11-522I20.3,0.00028560517376274863,0.7213930348258707,-0.5915395801227681,ZNF326_pDS262,0.009882108183079
NAA35,0.009794656667688282,0.5621890547263682,-0.4218255163330911,ZNF326_pDS262,0.0292995839112343
CTSL,0.07847221714209518,0.009950248756218905,4.3293377530205435,ZNF326_pDS262,0.7888349514563107
S1PR3,0.006165792339672688,0.05472636815920398,1.3270394893239705,ZNF326_pDS262,0.0097087378640776
CKS2,0.035712517256407575,0.36318407960199006,0.14367343500187343,ZNF326_pDS262,2.2735783633841886
GADD45G,0.006652570798064245,0.05970149253731343,1.6022479418766653,ZNF326_pDS262,0.0138696255201109
NINJ1,0.016872435506747482,0.03980099502487562,1.8068895615632845,ZNF326_pDS262,0.0778432732316227
RP11-435O5.2,0.0014868081838662634,0.6268656716417911,-0.6866157737989081,ZNF326_pDS262,0.0136962552011095
RP11-435O5.5,0.00037648838416934,1.0,-0.36045388519667204,ZNF326_pDS262,0.0032940360610263
CDC14B,0.007445161094589653,0.39303482587064675,-0.0427761734528721,ZNF326_pDS262,0.0292995839112343
TDRD7,0.001086018988567658,0.5323383084577115,-0.6274069716558285,ZNF326_pDS262,0.0292995839112343
HEMGN,0.09156892828267411,0.004975124378109453,5.327574940466551,ZNF326_pDS262,0.7148058252427184
TRIM14,0.0075255291043686105,0.373134328358209,0.09512890794652452,ZNF326_pDS262,0.0449029126213592
CORO2A,0.002165413282362115,0.6616915422885572,-0.5980253854149585,ZNF326_pDS262,0.0292995839112343
RP11-60I3.4,0.00042058902202551885,0.1691542288557214,0.8954435881707591,ZNF326_pDS262,0.0017337031900138
TEX10,0.010904551570470752,0.5422885572139303,-0.3503184309800933,ZNF326_pDS262,0.0292995839112343
MRPL50,0.009849586634700192,0.9850746268656716,-1.3955726511602597,ZNF326_pDS262,0.0292995839112343
ZNF189,0.007150065992427952,0.208955223880597,1.2896871519126858,ZNF326_pDS262,0.0173370319001386
RP11-82L2.1,0.00015245918447422246,1.0,-1.4823276735078732,ZNF326_pDS262,0.0029472954230235
NIPSNAP3A,0.02339100691972957,0.21393034825870647,0.7077976302152765,ZNF326_pDS262,0.3092926490984743
NIPSNAP3B,0.005098302969947607,0.4079601990049751,0.44943330100208273,ZNF326_pDS262,0.0104022191400832
SLC44A1,0.0005544264024012933,0.14427860696517414,-0.20725699563043998,ZNF326_pDS262,0.0041608876560332
C9orf147,0.0010570488650186885,0.2736318407960199,-0.24792273601676143,ZNF326_pDS262,0.0069348127600554
FAM225A,0.00021064495029346914,0.014925373134328358,0.60049101267404,ZNF326_pDS262,0.0039875173370319
CDC26,0.0002839031055212139,0.6915422885572139,-0.20466843579509317,ZNF326_pDS262,0.0034674063800277
C9orf43,0.0002396090411476928,0.9900497512437811,-2.6292046133348896,ZNF326_pDS262,0.0017337031900138
DFNB31,0.004548097777408829,0.5223880597014925,0.034331384186278235,ZNF326_pDS262,0.0171636615811373
PHF19,0.04502631823367963,0.10945273631840796,1.2635927966262708,ZNF326_pDS262,4.473474341192788
GSN,0.0203155009899388,0.014925373134328358,3.4634731940078174,ZNF326_pDS262,0.0435159500693481
PDCL,0.012011534594307243,0.6417910447761194,-0.4821003374969608,ZNF326_pDS262,0.1754507628294036
HSPA5,0.028496990660337583,0.4626865671641791,-0.11909988593254267,ZNF326_pDS262,1.1601941747572817
ZBTB43,0.008460139422282778,0.7014925373134329,-0.6659490662340294,ZNF326_pDS262,0.1132108183079056
STXBP1,0.00521723072009926,0.7960199004975125,-0.5941906419935483,ZNF326_pDS262,0.0292995839112343
GOLGA2,0.05271490639066067,0.014925373134328358,3.425264711276622,ZNF326_pDS262,0.0292995839112343
SET,0.039391211517806,0.16417910447761194,1.006917626722795,ZNF326_pDS262,4.877947295423024
LRRC8A,0.02333501922177746,0.009950248756218905,2.896562871690236,ZNF326_pDS262,0.0899791955617198
FNBP1,0.012026888679196003,0.4975124378109453,-0.2276464289794281,ZNF326_pDS262,0.1144244105409154
RP11-544A12.8,0.02529834889801059,0.06965174129353234,1.7012303540516247,ZNF326_pDS262,0.1362690707350901
AK8,0.013966938150744101,0.014925373134328358,3.6496606977121604,ZNF326_pDS262,0.0185506241331484
SOHLH1,0.0002255367496427466,0.5024875621890548,-0.18710275308422555,ZNF326_pDS262,0.002253814147018
RP11-432J22.2,0.0001419755219245025,0.004975124378109453,3.676198653034159,ZNF326_pDS262,0.0019070735090152
NOTCH1,0.002245249715207976,0.900497512437811,-0.9858425113842644,ZNF326_pDS262,0.0279126213592233
SNHG7,0.035106036198515655,0.1691542288557214,1.002927689654629,ZNF326_pDS262,0.6350554785020804
TUBB4B,0.03248335000383554,0.39800995024875624,0.0524886568472112,ZNF326_pDS262,2.152045769764217
IDI1,0.023391142867866577,0.6517412935323383,-0.5237427305971085,ZNF326_pDS262,1.294729542302358
KLF6,0.006799501577980098,0.8009950248756219,-0.8687296562591431,ZNF326_pDS262,0.0996879334257975
AKR1C1,0.0003250512041774759,0.6019900497512438,-0.8904770871120755,ZNF326_pDS262,0.0091886269070735
OPTN,9.041608898050479e-05,0.04975124378109453,1.7956034645425625,ZNF326_pDS262,0.0019070735090152
FAM107B,0.0007642240003629579,0.07462686567164178,1.801984732198306,ZNF326_pDS262,0.002253814147018
RP11-398C13.6,0.0019003260436821952,0.7960199004975125,-0.9088901479711115,ZNF326_pDS262,0.0254854368932038
VIM,0.08037573626559452,0.009950248756218905,3.1332440256300447,ZNF326_pDS262,3.1664355062413314
OTUD1,0.0004901422507121153,0.004975124378109453,3.1040165684267853,ZNF326_pDS262,0.0024271844660194
PTCHD3P1,0.007508614205804762,0.42786069651741293,-0.09130366713166009,ZNF326_pDS262,0.0563453536754507
CREM,0.022486873395810732,0.2885572139303483,0.36583188987345017,ZNF326_pDS262,0.4277045769764216
ZNF485,0.002258986735491114,0.9303482587064676,-1.0274690017755632,ZNF326_pDS262,0.0292995839112343
ZNF32,0.009340034830067364,0.5572139303482587,-0.3670803703597886,ZNF326_pDS262,0.0292995839112343
PARG,0.016731613914358224,0.03482587064676617,1.8749742407572518,ZNF326_pDS262,0.0598127600554785
NCOA4,0.012968139858486284,0.6467661691542289,-0.5513074985447148,ZNF326_pDS262,0.27375173370319
LINC00843,0.0001934439419616256,0.5621890547263682,-0.32838846134430194,ZNF326_pDS262,0.0055478502080443
FAM21A,0.00037681491915465175,0.08955223880597014,-0.11148745073452904,ZNF326_pDS262,0.0055478502080443
ASAH2,0.00014629954643935773,1.0,-3.4967401192298118,ZNF326_pDS262,0.0292995839112343
RP11-50E11.3,0.00014065258801208388,0.8557213930348259,-1.166487059850649,ZNF326_pDS262,0.0034674063800277
IPMK,0.000807278236594227,0.48756218905472637,-0.602861262251008,ZNF326_pDS262,0.0136962552011095
CDK1,0.039886276188919184,0.1691542288557214,0.9614977794483172,ZNF326_pDS262,0.9956657420249652
ARID5B,0.01099199004520491,0.7910447761194029,-0.8288927091729409,ZNF326_pDS262,0.1653952843273231
JMJD1C,0.016994490949194523,0.4129353233830846,0.00835161339196732,ZNF326_pDS262,0.2345700416088765
JMJD1C-AS1,0.0008270335785401473,0.8706467661691543,-1.498519521998521,ZNF326_pDS262,0.01751040221914
TET1,0.013947483869463678,0.39800995024875624,0.02688780776493199,ZNF326_pDS262,0.0292995839112343
UNC5B,0.0005755684409089403,0.004975124378109453,3.749295196626127,ZNF326_pDS262,0.0026005547850208
DDIT4,0.012943885047405656,0.4626865671641791,-0.12413889164423676,ZNF326_pDS262,0.1546463245492371
DNAJC9-AS1,0.00013359715603175168,0.9900497512437811,-0.5061246782408331,ZNF326_pDS262,0.006761442441054
RP11-152N13.5,0.007885935299729498,0.5124378109452736,-0.16292496086384012,ZNF326_pDS262,0.0554785020804438
PLAU,0.0006061914984148826,0.004975124378109453,5.19530703203816,ZNF326_pDS262,0.0032940360610263
KAT6B,0.008552269264413019,0.2736318407960199,0.25255218043549943,ZNF326_pDS262,0.04750346740638
DUSP13,0.044705908923188487,0.004975124378109453,7.682876443299559,ZNF326_pDS262,0.084257975034674
RPS24,0.0430235228045066,0.04477611940298507,2.1322298858939046,ZNF326_pDS262,21.531553398058257
PPIF,0.03441663500179723,0.2885572139303483,0.4405988121719104,ZNF326_pDS262,1.2605755894590849
CCSER2,0.013959933415387604,0.1791044776119403,1.0249929589603193,ZNF326_pDS262,0.0748959778085991
RP11-77P6.2,0.00027613760799911,0.04477611940298507,-0.1005659068185547,ZNF326_pDS262,0.0086685159500693
IFIT3,0.00024005098429358108,0.5223880597014925,-0.1399196025035765,ZNF326_pDS262,0.0026005547850208
RP11-80H5.2,7.378281608883553e-05,0.835820895522388,-1.0846638149619257,ZNF326_pDS262,0.0024271844660194
MARCH5,0.014277828136000675,0.3681592039800995,0.14128783917439625,ZNF326_pDS262,0.1917475728155339
LCOR,0.005160516068806846,0.5174129353233831,-0.02479898792762601,ZNF326_pDS262,0.0346740638002773
PI4K2A,0.007192522118357134,0.35323383084577115,0.41919010351091446,ZNF326_pDS262,0.031380027739251
DNMBP,0.0001197825289520137,0.2736318407960199,0.47032872307702506,ZNF326_pDS262,0.0038141470180305
RP11-179B2.2,0.0011897665181495197,0.6766169154228856,-0.8204813335204849,ZNF326_pDS262,0.0124826629680998
PDZD7,0.0006144389775902748,0.004975124378109453,3.905986508953501,ZNF326_pDS262,0.002253814147018
SFXN3,0.00020116485123642733,0.01990049751243781,2.5803031130925116,ZNF326_pDS262,0.0029472954230235
NFKB2,0.0019174933455399206,0.31840796019900497,-0.19347703956264686,ZNF326_pDS262,0.0168169209431345
PSD,0.007374106277557142,0.06467661691542288,1.4991423966511845,ZNF326_pDS262,0.0091886269070735
TAF5,0.010635938214836861,0.4228855721393035,-0.1166702227561394,ZNF326_pDS262,0.0891123439667129
USMG5,0.03983019456022776,0.22388059701492538,0.6714389430130908,ZNF326_pDS262,2.457697642163662
RP11-451M19.3,0.00023510882579287566,0.1044776119402985,1.2395616196496952,ZNF326_pDS262,0.0020804438280166
SMNDC1,0.009508767470030204,0.7164179104477612,-0.6792114317021035,ZNF326_pDS262,0.1998959778085991
DUSP5,0.007851685745564873,0.12437810945273632,1.511357593171232,ZNF326_pDS262,0.01751040221914
VTI1A,0.008430540093439966,0.746268656716418,-0.705355591028988,ZNF326_pDS262,0.1177184466019417
TCF7L2,0.008827949941410514,0.29850746268656714,0.17354833391784594,ZNF326_pDS262,0.0554785020804438
FAM160B1,0.006857011037706012,0.12935323383084577,0.7663021091189585,ZNF326_pDS262,0.0119625520110957
SLC18A2,0.00014217633369255876,0.9303482587064676,-1.557331327830857,ZNF326_pDS262,0.0043342579750346
FAM45A,0.013703622675053461,0.14925373134328357,1.2108151991549225,ZNF326_pDS262,0.0677877947295423
FAM24B,0.008175063404961894,0.4527363184079602,-0.0289297277637824,ZNF326_pDS262,0.0722954230235783
MKI67,0.039645886131514554,0.1691542288557214,0.9613292967703189,ZNF326_pDS262,0.723127600554785
MIR202HG,0.0007268043334884821,0.4925373134328358,-0.7403470590104025,ZNF326_pDS262,0.0104022191400832
IFITM2,0.019546083348321374,0.8109452736318408,-0.8065445222735881,ZNF326_pDS262,1.253120665742025
C11orf35,0.000433895869682981,0.014925373134328358,2.312000664306555,ZNF326_pDS262,0.0039875173370319
RP11-496I9.1,0.00014451803443205785,0.014925373134328358,2.6845696281366846,ZNF326_pDS262,0.0026005547850208
IRF7,0.006232780787476232,0.15920398009950248,0.8540419748433487,ZNF326_pDS262,0.0292995839112343
BRSK2,0.00575191573465725,0.25870646766169153,0.6508904454103139,ZNF326_pDS262,0.0065880721220527
LSP1,0.0017548743312013168,0.35323383084577115,-0.06672858234614742,ZNF326_pDS262,0.0083217753120665
SLC22A18,0.0005184379524852257,0.01990049751243781,0.733477271442688,ZNF326_pDS262,0.0053744798890429
PHLDA2,0.028350897462416,0.20398009950248755,0.6081204898858746,ZNF326_pDS262,0.4984396671289875
ART5,0.0003240630139422719,0.009950248756218905,2.810389066978109,ZNF326_pDS262,0.0031206657420249
RP11-23F23.2,4.569123544211677e-05,0.7313432835820896,-0.6092032329216873,ZNF326_pDS262,0.0017337031900138
HBD,0.026390428554571216,0.10945273631840796,1.5690191611876572,ZNF326_pDS262,0.2314493758668516
HBG1,0.28846643506338393,0.004975124378109453,29.738829879393315,ZNF326_pDS262,29.423023578363384
HBG2,0.3074914447830047,0.004975124378109453,27.03419685968113,ZNF326_pDS262,46.90117891816921
HBE1,0.04407201556213954,0.03482587064676617,2.7958432932430313,ZNF326_pDS262,0.0695214979195561
NRIP3,0.004818220038774354,0.7860696517412935,-0.7200252983565307,ZNF326_pDS262,0.0435159500693481
DENND5A,0.005286341598283731,0.5522388059701493,-0.16760992010581857,ZNF326_pDS262,0.0364077669902912
TMEM41B,0.009837967712324796,0.6616915422885572,-0.5942750850880582,ZNF326_pDS262,0.145631067961165
RP11-540A21.2,5.153854949244599e-05,0.18407960199004975,0.8231193114027449,ZNF326_pDS262,0.0020804438280166
SBF2-AS1,0.0003122165995582648,0.5572139303482587,-0.5658701666277872,ZNF326_pDS262,0.0105755894590846
SBF2,0.007891518283907713,0.04975124378109453,1.7619695449002144,ZNF326_pDS262,0.0149098474341192
ZBED5-AS1,0.012725259492545764,0.029850746268656716,2.3514862299687023,ZNF326_pDS262,0.0213245492371705
CSNK2A3,0.00010980930659801989,0.9353233830845771,-1.4072206705183068,ZNF326_pDS262,0.0017337031900138
MICALCL,0.0001964935667571988,0.004975124378109453,4.1735329722538665,ZNF326_pDS262,0.0031206657420249
LINC00958,0.05713452132893843,0.004975124378109453,3.4858969830496953,ZNF326_pDS262,0.5936199722607489
CYP2R1,0.014642016297287121,0.01990049751243781,2.4935979598989984,ZNF326_pDS262,0.0372746185852981
PIK3C2A,0.014026419326220806,0.14925373134328357,1.2545503821883883,ZNF326_pDS262,0.0601595006934812
LDHA,0.039564008488317357,0.0945273631840796,1.3321466015486352,ZNF326_pDS262,8.793515950069349
UEVLD,0.0014983792191790822,0.8557213930348259,-1.1252714876289793,ZNF326_pDS262,0.0131761442441054
TMEM86A,0.0004206329477477744,0.009950248756218905,0.923817687211579,ZNF326_pDS262,0.0046809986130374
ANO5,0.00020471661959779253,0.9950248756218906,-2.497536717794196,ZNF326_pDS262,0.0031206657420249
MUC15,0.006173488192770472,0.472636815920398,0.5127279666012391,ZNF326_pDS262,0.0097087378640776
CD59,0.02731138133022999,0.2736318407960199,0.37087533942837503,ZNF326_pDS262,0.7482662968099861
LMO2,0.06749085801659252,0.01990049751243781,2.9837624357785577,ZNF326_pDS262,1.6092233009708738
PRR5L,0.007075774900696873,0.03980099502487562,1.2255926419028775,ZNF326_pDS262,0.0140429958391123
TRAF6,0.009213328328856652,0.12437810945273632,1.055539305672861,ZNF326_pDS262,0.0317267683772538
RAG1,8.225049614108693e-05,0.24378109452736318,-0.43667816596474773,ZNF326_pDS262,0.0062413314840499
C11orf74,0.008011084370755527,0.4129353233830846,0.11123653151805053,ZNF326_pDS262,0.0634535367545076
C11orf96,0.0039011110232260544,0.5621890547263682,-0.10366092163713592,ZNF326_pDS262,0.0195908460471567
ALX4,0.0001277861179729762,0.004975124378109453,3.982859154130481,ZNF326_pDS262,0.0024271844660194
CD82,0.0013129684423745,0.34328358208955223,-0.19827655660866167,ZNF326_pDS262,0.0104022191400832
SLC35C1,0.001823154845930645,0.9353233830845771,-1.001465710677449,ZNF326_pDS262,0.0490638002773925
RP11-702F3.3,0.00025117520306310856,0.004975124378109453,5.1440637442447645,ZNF326_pDS262,0.0034674063800277
CREB3L1,0.0008691500629902645,1.0,-0.43476343294026587,ZNF326_pDS262,0.004507628294036
MDK,0.08928500461621049,0.004975124378109453,4.872493965113766,ZNF326_pDS262,4.271844660194175
C11orf49,0.008864588122986785,0.6865671641791045,-0.6689074661923649,ZNF326_pDS262,0.1281206657420249
SPI1,0.018668363674737124,0.6915422885572139,-0.5727756952622933,ZNF326_pDS262,0.3257628294036061
APLNR,0.0002435130142308621,0.009950248756218905,2.507186906996057,ZNF326_pDS262,0.0292995839112343
UBE2L6,0.038300762645545876,0.009950248756218905,3.8742531502630393,ZNF326_pDS262,0.185506241331484
YPEL4,0.0015300867701580959,0.029850746268656716,1.1892981503609967,ZNF326_pDS262,0.0043342579750346
MS4A3,0.15114490295303193,0.004975124378109453,10.801512064321491,ZNF326_pDS262,5.298370319001387
MS4A4A,0.07551197261182963,0.014925373134328358,2.8246838148661526,ZNF326_pDS262,3.0459431345353676
DAK,0.014877762936904813,0.8756218905472637,-1.1041336847307694,ZNF326_pDS262,0.2179264909847434
FADS1,0.027519217141637315,0.3283582089552239,0.32055468313422425,ZNF326_pDS262,0.6624479889042996
FADS3,0.01597658707046636,0.26865671641791045,0.648251624128082,ZNF326_pDS262,0.137135922330097
FTH1,0.011556778036702192,0.6019900497512438,-0.399075218906323,ZNF326_pDS262,72.83529819694868
RP11-703H8.7,0.0003713991215695121,0.9950248756218906,-2.6866482856260103,ZNF326_pDS262,0.0029472954230235
AHNAK,0.01754433306027591,0.20398009950248755,0.8609157683254846,ZNF326_pDS262,0.0882454923717059
MTA2,0.006928110179185754,0.36318407960199006,0.179920856694136,ZNF326_pDS262,0.0402219140083217
C11orf83,0.04159527595641278,0.18407960199004975,0.7619222398873345,ZNF326_pDS262,1.7380374479889042
RP11-727F15.12,0.00047702525385621335,0.9651741293532339,-0.7890778328491916,ZNF326_pDS262,0.0156033287101248
SLC3A2,0.023089346935111693,0.6169154228855721,-0.45643529749078837,ZNF326_pDS262,0.9074202496532594
LGALS12,0.004384104304846353,0.3880597014925373,0.1809766399413176,ZNF326_pDS262,0.0119625520110957
PLA2G16,0.007009363346107815,0.44776119402985076,0.08598511794225348,ZNF326_pDS262,0.0381414701803051
RCOR2,0.0016453265606631298,0.4925373134328358,-0.5455102413424406,ZNF326_pDS262,0.0188973647711511
RP11-783K16.5,0.011763343839935072,0.14925373134328357,1.3657937109406137,ZNF326_pDS262,0.0292995839112343
RP11-665N17.4,0.0003379740364138956,0.3383084577114428,-0.5981399705559777,ZNF326_pDS262,0.0026005547850208
ATG2A,0.015614694710785207,0.18407960199004975,0.9906358460212602,ZNF326_pDS262,0.0847780859916782
PPP2R5B,0.0066556545345654765,0.21393034825870647,1.306282687248625,ZNF326_pDS262,0.0150832177531206
SPDYC,0.02851761389695065,0.04477611940298507,2.140275120100237,ZNF326_pDS262,0.1811719833564493
TIGD3,0.0003316968824091886,0.024875621890547265,-0.035358658537575575,ZNF326_pDS262,0.0055478502080443
SLC25A45,0.00023398862334279993,0.9950248756218906,-0.9585204489393423,ZNF326_pDS262,0.0078016643550624
NEAT1,0.04122013420118349,0.19900497512437812,0.858083585375557,ZNF326_pDS262,1.251733703190014
AP000769.1,0.0001844687048655095,0.9950248756218906,-2.5199453362813844,ZNF326_pDS262,0.0046809986130374
MALAT1,0.016443886490299355,0.9154228855721394,-1.1431924450298014,ZNF326_pDS262,42.16591539528433
FOSL1,0.010694850552217644,0.14925373134328357,0.7520326092176117,ZNF326_pDS262,0.0700416088765603
PELI3,0.0002279789754846153,0.4129353233830846,-0.4699830813901772,ZNF326_pDS262,0.0292995839112343
CTD-3074O7.12,0.0001238133667194707,0.417910447761194,-0.14001462089274883,ZNF326_pDS262,0.0036407766990291
C11orf80,0.002292080047116606,0.8159203980099502,-0.9485613578964414,ZNF326_pDS262,0.0292995839112343
POLD4,0.017721611259717465,0.38308457711442784,0.008330847064338566,ZNF326_pDS262,0.3165742024965326
RAD9A,0.01689207160506967,0.3582089552238806,0.24616638754077141,ZNF326_pDS262,0.2505201109570041
TBC1D10C,0.0014107466282314372,0.9154228855721394,-1.6650663895684608,ZNF326_pDS262,0.0195908460471567
PTPRCAP,0.02331989597392472,0.5074626865671642,-0.15106291761053411,ZNF326_pDS262,0.3900832177531206
GSTP1,0.04267524521064544,0.03482587064676617,2.488083390279184,ZNF326_pDS262,16.764389736477114
RP11-802E16.3,0.0004088554877294852,0.009950248756218905,0.7453126967546547,ZNF326_pDS262,0.0029472954230235
GAL,0.07478537654126619,0.009950248756218905,3.475422122402584,ZNF326_pDS262,6.5249653259362
IL18BP,0.0004638693370966866,0.15920398009950248,-0.22488861066826205,ZNF326_pDS262,0.0058945908460471
FOLR1,0.027775834678115986,0.004975124378109453,4.45478038618493,ZNF326_pDS262,0.0613730929264909
CLPB,0.012471204351722923,0.3283582089552239,0.14407152016017355,ZNF326_pDS262,0.1113037447988904
FCHSD2,0.005432782300381995,0.4577114427860697,0.12327623732012094,ZNF326_pDS262,0.0292995839112343
FAM168A,0.000791800969704721,0.7213930348258707,-0.7590699387893545,ZNF326_pDS262,0.0171636615811373
P4HA3,0.0006379791194110552,0.19402985074626866,-0.21556994983892638,ZNF326_pDS262,0.0072815533980582
GDPD5,0.00045910940275857977,0.2736318407960199,-0.3894434383430552,ZNF326_pDS262,0.0078016643550624
SERPINH1,0.051158266103594884,0.009950248756218905,3.2367005732940886,ZNF326_pDS262,0.391123439667129
LRRC32,0.0002986200382350504,0.004975124378109453,3.2206491892556746,ZNF326_pDS262,0.0017337031900138
RSF1,0.034838213239753356,0.23383084577114427,0.6879106933564259,ZNF326_pDS262,0.8092926490984743
KCTD14,0.0001215040019200474,0.9950248756218906,-2.4258599984241784,ZNF326_pDS262,0.0292995839112343
ANKRD42,0.007094465147715395,0.4527363184079602,-0.050171692273871,ZNF326_pDS262,0.0292995839112343
DLG2,0.00014067535927675162,0.024875621890547265,2.6392364096762524,ZNF326_pDS262,0.0026005547850208
EED,0.019385441968976503,0.2935323383084577,0.4019341951773942,ZNF326_pDS262,0.0292995839112343
RP11-736K20.5,0.0005651483238909151,0.009950248756218905,3.1121846060101737,ZNF326_pDS262,0.0024271844660194
TMEM135,0.008902787257360326,0.23383084577114427,0.7165897232964855,ZNF326_pDS262,0.0414355062413314
PANX1,0.006088582338255916,0.3880597014925373,0.33512882254691606,ZNF326_pDS262,0.0227115117891816
BIRC2,0.005089929234417879,0.8656716417910447,-1.0699524632038548,ZNF326_pDS262,0.132628294036061
DYNC2H1,0.005544369754524946,0.373134328358209,0.5925869739253441,ZNF326_pDS262,0.0084951456310679
ALKBH8,0.012352214161447222,0.04477611940298507,2.0335551817623077,ZNF326_pDS262,0.0270457697642163
PIH1D2,0.0031175821679969955,0.5174129353233831,-0.3567135833360229,ZNF326_pDS262,0.0143897364771151
BCO2,0.00018868787149391717,0.1691542288557214,-0.3292478112464602,ZNF326_pDS262,0.0090152565880721
CD3E,0.01222855097605774,0.004975124378109453,3.810477458946402,ZNF326_pDS262,0.0227115117891816
CD3D,0.003681699199217659,0.25870646766169153,0.49146924379941115,ZNF326_pDS262,0.0142163661581137
PHLDB1,0.006146182244579105,0.4577114427860697,0.14949394932878307,ZNF326_pDS262,0.0306865464632454
HMBS,0.13704439968886967,0.004975124378109453,9.017764898498413,ZNF326_pDS262,2.045076282940361
TBCEL,0.0006104116875112668,0.746268656716418,-0.8138238419436008,ZNF326_pDS262,0.0131761442441054
HSPA8,0.020610815497180152,0.8805970149253731,-0.9481982676854194,ZNF326_pDS262,6.530339805825243
PANX3,0.0002489256623392353,0.009950248756218905,0.4246954694046213,ZNF326_pDS262,0.0027739251040221
ESAM,0.033222762255762386,0.1691542288557214,0.9329517384670568,ZNF326_pDS262,0.6232662968099861
CCDC15,0.014563539375197136,0.024875621890547265,2.542204699542535,ZNF326_pDS262,0.0292995839112343
FEZ1,0.011828966855680358,0.9054726368159204,-1.0911271601016557,ZNF326_pDS262,0.1496185852981969
NINJ2,0.008978090306117478,0.44776119402985076,-0.047701921563066886,ZNF326_pDS262,0.0755894590846047
RAD52,0.00024696831654043565,1.0,-0.624362856136707,ZNF326_pDS262,0.0064147018030513
PARP11,9.464736394439256e-05,0.9601990049751243,-0.6798098864216768,ZNF326_pDS262,0.002253814147018
CD9,0.018895278066364773,0.3034825870646766,0.3627124494796001,ZNF326_pDS262,0.1178918169209431
LPAR5,0.0015669640595939714,0.6965174129353234,-0.7902775196998989,ZNF326_pDS262,0.0292995839112343
ACRBP,0.007112412922577072,0.7960199004975125,-0.5002241954204454,ZNF326_pDS262,0.036754507628294
GNB3,0.012818745973440517,0.014925373134328358,2.944882493797192,ZNF326_pDS262,0.0187239944521497
CDCA3,0.03439558616682018,0.1691542288557214,0.9928969456382601,ZNF326_pDS262,0.4414008321775312
ENO2,0.01025762971847109,0.27860696517412936,0.402817197076687,ZNF326_pDS262,0.0759361997226074
U47924.30,0.003423296062279216,0.835820895522388,-1.0883216749445246,ZNF326_pDS262,0.012135922330097
CLSTN3,0.0012199960966452622,0.4925373134328358,-0.5767247458545317,ZNF326_pDS262,0.0166435506241331
CD163L1,0.00015942347528084344,0.6417910447761194,-0.43119013620703117,ZNF326_pDS262,0.0027739251040221
SLC2A14,0.0001146922081164499,0.004975124378109453,3.544008501884031,ZNF326_pDS262,0.0041608876560332
FOXJ2,0.0042900702987168715,0.47761194029850745,0.018793500644953023,ZNF326_pDS262,0.0201109570041608
LINC00937,0.006149652533129108,0.417910447761194,0.0196351998315608,ZNF326_pDS262,0.0242718446601941
CLEC2D,0.00048620235432773483,0.004975124378109453,3.3595313477838014,ZNF326_pDS262,0.0292995839112343
CD69,0.0010983844393349573,0.06965174129353234,1.274766167498482,ZNF326_pDS262,0.0019070735090152
KLRF1,0.007296869178940743,0.17412935323383086,0.6417341166382796,ZNF326_pDS262,0.0168169209431345
CLEC2B,0.016499763187566425,0.01990049751243781,2.638508358655843,ZNF326_pDS262,0.0324202496532593
RP11-377D9.3,0.00026841458273341347,0.9850746268656716,-2.217385167576996,ZNF326_pDS262,0.0020804438280166
ATF7IP,0.006984577455313265,0.16417910447761194,0.7154628013104454,ZNF326_pDS262,0.0221914008321775
ARHGDIB,0.0004778024023946138,0.43283582089552236,-0.17698184056646868,ZNF326_pDS262,0.015256588072122
METTL20,0.0031540840483762827,0.09950248756218906,1.3042515583844616,ZNF326_pDS262,0.0064147018030513
BICD1,0.008585965558874293,0.8507462686567164,-1.0027345623097406,ZNF326_pDS262,0.1905339805825242
TWF1,0.006723807326413157,0.4577114427860697,-0.0031064778395257036,ZNF326_pDS262,0.0397018030513176
TMEM117,0.007084088101610629,0.25870646766169153,0.524579430613191,ZNF326_pDS262,0.0204576976421636
ANO6,0.0068404521592956855,0.4129353233830846,0.07588958716726721,ZNF326_pDS262,0.045249653259362
SLC38A2,0.010770573736354361,0.572139303482587,-0.47583217236999203,ZNF326_pDS262,0.2094313453536754
RP1-197B17.3,0.0018715672633336806,0.46766169154228854,-0.35841708731303085,ZNF326_pDS262,0.0102288488210818
COL2A1,0.08093465849693217,0.004975124378109453,7.437314074137844,ZNF326_pDS262,0.2988904299583911
DKFZP779L1853,0.00036595942924506236,1.0,-0.6278728533303071,ZNF326_pDS262,0.0048543689320388
RND1,0.0008326114854698923,0.01990049751243781,0.7692471277800317,ZNF326_pDS262,0.0050277392510402
FKBP11,0.0036231294646491474,0.7661691542288557,-0.7804669237447782,ZNF326_pDS262,0.0492371705963938
RP11-386G11.5,0.0003548057529476443,0.03980099502487562,0.03686829278313743,ZNF326_pDS262,0.0043342579750346
TUBA1A,0.009622488287385694,0.9502487562189055,-1.178516347615196,ZNF326_pDS262,0.1281206657420249
TUBA1C,0.027455732651737404,0.746268656716418,-0.5929972105108416,ZNF326_pDS262,2.5696948682385576
PRPH,0.0025265820760237514,0.04477611940298507,3.165210164190325,ZNF326_pDS262,0.0046809986130374
FMNL3,0.006090629263897457,0.01990049751243781,4.630502914041498,ZNF326_pDS262,0.0090152565880721
TMBIM6,0.020481113145739704,0.8159203980099502,-0.8535369265495514,ZNF326_pDS262,2.1731969486823854
NCKAP5L,0.005493347041081845,0.8308457711442786,-0.7925861226947379,ZNF326_pDS262,0.0629334257975034
GPD1,0.0004344686936891341,0.014925373134328358,3.2772458017421187,ZNF326_pDS262,0.0026005547850208
DAZAP2,0.019365438874782197,0.43781094527363185,-0.106117087320586,ZNF326_pDS262,0.47000693481276
SMAGP,0.060565272197967986,0.04477611940298507,2.381008744765615,ZNF326_pDS262,1.270631067961165
SLC4A8,0.00033443235170203757,0.03482587064676617,0.3689667804138004,ZNF326_pDS262,0.0292995839112343
ACVR1B,0.00844101845946757,0.38308457711442784,0.07163831404886715,ZNF326_pDS262,0.0525312066574202
NR4A1,0.0011896315741203567,0.6766169154228856,-0.8193468269007955,ZNF326_pDS262,0.0258321775312066
C12orf44,0.01540085575531093,0.6567164179104478,-0.5567455846064437,ZNF326_pDS262,0.4814493758668516
KRT8,0.03333668222494812,0.19402985074626866,0.7287640662745607,ZNF326_pDS262,0.7187933425797504
KRT18,0.14300202721888441,0.004975124378109453,9.084445002803895,ZNF326_pDS262,3.84882108183079
RP11-983P16.4,0.0057671222450726405,0.4129353233830846,0.5476040338668056,ZNF326_pDS262,0.0112690707350901
SPRYD3,0.000730297553213943,0.572139303482587,-0.8110901407884882,ZNF326_pDS262,0.0072815533980582
ZNF740,0.01476374738831561,0.04477611940298507,2.2484112170546773,ZNF326_pDS262,0.033633841886269
SP7,0.0012580920419650082,0.7263681592039801,-0.7813087138066446,ZNF326_pDS262,0.0140429958391123
NCKAP1L,0.011300143188798878,0.3681592039800995,0.25302214708853227,ZNF326_pDS262,0.0977808599167822
CD63,0.020340327711542497,0.7412935323383084,-0.7667275529541385,ZNF326_pDS262,7.897018030513176
PA2G4,0.028410485721242083,0.35323383084577115,0.1989391396727011,ZNF326_pDS262,7.304264909847434
COQ10A,0.006852029644518193,0.6417910447761194,-0.5028563188948838,ZNF326_pDS262,0.0643203883495145
TAC3,0.023093829449182247,0.11442786069651742,1.2684415385974037,ZNF326_pDS262,0.1314147018030513
NAB2,0.003634279924915168,0.736318407960199,-0.8435569810143222,ZNF326_pDS262,0.0629334257975034
INHBE,0.0006256656419131466,0.4626865671641791,-0.5373132075360332,ZNF326_pDS262,0.0090152565880721
DDIT3,0.021917839454111625,0.2935323383084577,0.45927292360661714,ZNF326_pDS262,0.296636615811373
METTL21B,0.006118730270011315,0.3582089552238806,0.14309144334372076,ZNF326_pDS262,0.034500693481276
AVIL,0.006668330346630205,0.12935323383084577,0.8469912212068721,ZNF326_pDS262,0.0105755894590846
FAM19A2,0.01017670843831039,0.3880597014925373,0.0012494105638807488,ZNF326_pDS262,0.0292995839112343
C12orf56,0.0002464643588687888,0.39800995024875624,-0.15753471592272192,ZNF326_pDS262,0.0046809986130374
TBC1D30,0.004197565311737277,0.34328358208955223,0.0026722714624283195,ZNF326_pDS262,0.0284327323162274
RP11-637A17.2,0.0032348616122522588,0.373134328358209,0.06190042200415554,ZNF326_pDS262,0.0074549237170596
RP11-1143G9.4,0.0007609777724706964,0.004975124378109453,3.708775005942451,ZNF326_pDS262,0.0020804438280166
TBC1D15,0.013759596767445613,0.24378109452736318,0.760650841615674,ZNF326_pDS262,0.0878987517337031
RP11-585P4.5,0.0002590765666896147,1.0,-2.164525357983757,ZNF326_pDS262,0.0027739251040221
PHLDA1,0.008366106683877746,0.05970149253731343,1.5101666455782663,ZNF326_pDS262,0.015256588072122
PPP1R12A,0.022385308935357118,0.39303482587064675,0.03824441140708046,ZNF326_pDS262,0.5069348127600555
NTS,0.0006192453430984906,0.21393034825870647,-0.3137300358757459,ZNF326_pDS262,0.0095353675450762
LINC00936,0.0012838204826876858,0.5970149253731343,-0.5918798144703629,ZNF326_pDS262,0.0164701803051317
BTG1,0.1152795564990647,0.004975124378109453,6.7729449050935635,ZNF326_pDS262,1.8174410540915396
RP11-796E2.4,0.0007432385209782012,0.7611940298507462,-0.7351672645545944,ZNF326_pDS262,0.0192441054091539
SOCS2,0.07788529485577492,0.009950248756218905,3.743568796013567,ZNF326_pDS262,1.0835644937586686
CRADD,0.022958402621152493,0.05970149253731343,1.7862756162672602,ZNF326_pDS262,0.1548196948682385
ELK3,0.006765936704373946,0.1890547263681592,1.4871783508583605,ZNF326_pDS262,0.0150832177531206
SYCP3,0.0006487890027649513,0.05970149253731343,2.295055921183031,ZNF326_pDS262,0.002253814147018
HSP90B1,0.018032227480934197,0.9502487562189055,-1.161685447442184,ZNF326_pDS262,2.5967406380027738
C12orf75,0.004147387987504436,0.6019900497512438,0.255831125357131,ZNF326_pDS262,0.0097087378640776
RP11-412D9.4,0.0033634800563614067,0.6616915422885572,-0.7274924085548867,ZNF326_pDS262,0.0190707350901525
FICD,0.00018205313761282681,1.0,-0.7541466034535411,ZNF326_pDS262,0.0095353675450762
UNG,0.036412345882819885,0.07960199004975124,1.7526356999847907,ZNF326_pDS262,0.3391123439667129
FAM222A,0.00046139668322915564,0.004975124378109453,3.1417595665289637,ZNF326_pDS262,0.0024271844660194
TRPV4,0.0005148615533456512,0.024875621890547265,0.4629458667491113,ZNF326_pDS262,0.0052011095700416
SH2B3,0.008845144222556748,0.6865671641791045,-0.6408599947506298,ZNF326_pDS262,0.1055825242718446
SDSL,0.013946527234389692,0.05970149253731343,1.8017356187815827,ZNF326_pDS262,0.0455963938973647
LHX5,0.0005371990066272516,0.11442786069651742,-0.14388547506422636,ZNF326_pDS262,0.0053744798890429
MAP1LC3B2,0.001654186097027613,0.7810945273631841,-0.7938565932990094,ZNF326_pDS262,0.0292995839112343
VSIG10,0.004682929558568929,0.7611940298507462,-0.4531190596013773,ZNF326_pDS262,0.0301664355062413
RP11-768F21.1,9.451050446419916e-05,0.9552238805970149,-0.30516561185480784,ZNF326_pDS262,0.0026005547850208
CCDC64,0.0006020928666855063,0.12437810945273632,-0.24794329836062357,ZNF326_pDS262,0.0078016643550624
PXN,0.008136724959395658,0.5422885572139303,-0.24267509704138604,ZNF326_pDS262,0.0450762829403606
UNC119B,0.019583460865497983,0.004975124378109453,3.69480448755739,ZNF326_pDS262,0.0292995839112343
ACADS,0.00448659335033317,0.7213930348258707,-0.7996522652379657,ZNF326_pDS262,0.0774965325936199
RSRC2,0.04262422763362635,0.14427860696517414,1.219533247519246,ZNF326_pDS262,1.1484049930651872
RP11-380L11.3,0.00027833536400002077,0.004975124378109453,3.8567606129366028,ZNF326_pDS262,0.0024271844660194
UBC,0.026487996386488112,0.6368159203980099,-0.4702883325436536,ZNF326_pDS262,2.500346740638003
RP11-669N7.2,0.0014740840941454875,0.6318407960199005,-0.6581327524848468,ZNF326_pDS262,0.0263522884882108
EP400NL,0.01245812840282856,0.29850746268656714,0.34752383439530754,ZNF326_pDS262,0.0826976421636615
RP11-46H11.12,0.005922657759984999,0.21393034825870647,1.0162172012506778,ZNF326_pDS262,0.0114424410540915
CRYL1,0.0019486827668220032,0.3681592039800995,-0.30185982098694514,ZNF326_pDS262,0.0208044382801664
ZDHHC20,0.0001115372335394906,1.0,-0.6958872215578505,ZNF326_pDS262,0.0060679611650485
SACS,0.0019386457944370644,0.9253731343283582,-1.33213979830101,ZNF326_pDS262,0.0292995839112343
USP12,0.012243166891934307,0.24875621890547264,0.4054796639149783,ZNF326_pDS262,0.1078363384188626
RPL21,0.06269216112774145,0.004975124378109453,5.382290773722115,ZNF326_pDS262,23.77080443828017
FLT1,0.006065758339815561,0.5621890547263682,0.3813016504747641,ZNF326_pDS262,0.0123092926490984
SLC46A3,0.007765135339504193,0.21890547263681592,0.5416879197319038,ZNF326_pDS262,0.0234049930651872
BRCA2,0.0073515008588277775,0.6666666666666666,-0.5278417157857965,ZNF326_pDS262,0.0292995839112343
LHFP,0.0005873217661458292,0.01990049751243781,0.08413807360578726,ZNF326_pDS262,0.0026005547850208
ELF1,0.013460747494184678,0.6318407960199005,-0.5306289565813052,ZNF326_pDS262,0.0292995839112343
NAA16,0.009938853527357539,0.527363184079602,-0.33157596471284784,ZNF326_pDS262,0.0292995839112343
RGCC,0.03069678178999498,0.1791044776119403,1.0518463311008888,ZNF326_pDS262,0.2233009708737864
SERP2,6.848178209047125e-05,0.9850746268656716,-1.9263811897252134,ZNF326_pDS262,0.0017337031900138
TSC22D1,0.04691853604647144,0.06467661691542288,1.8390919052465358,ZNF326_pDS262,0.5937933425797504
CPB2-AS1,0.00034875503440819024,0.9950248756218906,-0.22320966890100902,ZNF326_pDS262,0.0081484049930651
LCP1,0.03142442600121175,0.2885572139303483,0.35186385123157526,ZNF326_pDS262,1.035887656033287
ESD,0.13114460796485494,0.004975124378109453,7.484591349910015,ZNF326_pDS262,1.884361997226075
LINC00562,0.006732756020245863,0.2736318407960199,0.5984634220705689,ZNF326_pDS262,0.0292995839112343
ITM2B,0.028979674998051645,0.5024875621890548,-0.19888364442690293,ZNF326_pDS262,1.641123439667129
SETDB2,0.007859745563656182,0.3582089552238806,0.11230682809497751,ZNF326_pDS262,0.0592926490984743
ARL11,0.005844890936866338,0.48258706467661694,0.003777630632701938,ZNF326_pDS262,0.0471567267683772
KCNRG,0.004867124814556978,0.4427860696517413,0.6424443469027386,ZNF326_pDS262,0.0097087378640776
INTS6,0.032864575197295576,0.009950248756218905,2.9832830738475766,ZNF326_pDS262,0.1317614424410541
TDRD3,0.00916661979086799,0.5074626865671642,-0.2685169521302688,ZNF326_pDS262,0.1374826629680998
CLN5,0.006835844785228996,0.900497512437811,-1.1046147441776801,ZNF326_pDS262,0.1598474341192788
RBM26-AS1,0.003924114857338697,0.3781094527363184,-0.006569546906785017,ZNF326_pDS262,0.0265256588072122
NDFIP2,0.04080983724606256,0.06467661691542288,1.904926746750719,ZNF326_pDS262,0.598127600554785
SPRY2,0.00968000829916871,0.16417910447761194,0.9110333816222295,ZNF326_pDS262,0.0329403606102635
RP11-471M2.3,0.005635338686964241,0.4427860696517413,0.10911881698113451,ZNF326_pDS262,0.031380027739251
DZIP1,0.0003589538896681573,0.21890547263681592,-0.29741223180328963,ZNF326_pDS262,0.0053744798890429
DNAJC3-AS1,0.015819547297443916,0.04975124378109453,2.0424678367649345,ZNF326_pDS262,0.063626907073509
DNAJC3,0.03987199021047586,0.04477611940298507,2.3295423041621306,ZNF326_pDS262,0.2929958391123439
RAP2A,0.013069032509595123,0.16417910447761194,1.087378041585214,ZNF326_pDS262,0.062760055478502
DOCK9-AS2,0.0020862152442246763,0.4527363184079602,-0.38058311906810655,ZNF326_pDS262,0.0135228848821081
UBAC2-AS1,0.0019208609071799563,0.8606965174129353,-1.0962659924673432,ZNF326_pDS262,0.052877947295423
CLYBL,0.002192736581522361,0.8159203980099502,-1.0350932426632729,ZNF326_pDS262,0.036754507628294
ZIC5,0.01183539125170346,0.009950248756218905,3.42418259426949,ZNF326_pDS262,0.0117891816920943
TMTC4,0.0030077207878707003,0.7313432835820896,-0.8210087576567034,ZNF326_pDS262,0.052011095700416
ERCC5,0.016183009188036713,0.0845771144278607,1.4144160275577908,ZNF326_pDS262,0.0686546463245492
ARGLU1,0.028678262109013933,0.3383084577114428,0.10730439514935276,ZNF326_pDS262,1.1180651872399443
TNFSF13B,0.0009556574332103244,0.06965174129353234,0.013269956901657255,ZNF326_pDS262,0.0048543689320388
IRS2,0.002114891881128298,0.9104477611940298,-1.0686958690339632,ZNF326_pDS262,0.0325936199722607
ING1,0.02138132078764694,0.19402985074626866,0.8739735955048534,ZNF326_pDS262,0.204750346740638
ANKRD10,0.04699092887704013,0.029850746268656716,2.6436853264719553,ZNF326_pDS262,0.3951109570041609
ADPRHL1,0.00045125443127147025,0.10945273631840796,-0.1930101098290062,ZNF326_pDS262,0.0069348127600554
GAS6,0.01932855149247633,0.1890547263681592,0.7294659192669666,ZNF326_pDS262,0.2227808599167822
TMEM253,0.0005960664050299659,0.04477611940298507,0.5337010473006177,ZNF326_pDS262,0.0036407766990291
RP11-524O1.4,0.004536300760986084,0.5771144278606966,0.15576644132911727,ZNF326_pDS262,0.0100554785020804
RAB2B,0.003959574142235062,0.4577114427860697,-0.34137962963253965,ZNF326_pDS262,0.0312066574202496
REM2,0.0008373426900876368,0.681592039800995,-0.718811267459083,ZNF326_pDS262,0.0123092926490984
AJUBA,0.005600696243639304,0.22388059701492538,0.7727129103172632,ZNF326_pDS262,0.0088418862690707
SLC7A8,0.030387984189332688,0.3582089552238806,0.24183914378317412,ZNF326_pDS262,0.3656380027739251
SLC22A17,0.00023658746565742895,0.5323383084577115,0.046215167119050236,ZNF326_pDS262,0.0292995839112343
NGDN,0.04552512556093321,0.07960199004975124,1.5736777991033393,ZNF326_pDS262,0.0292995839112343
RP11-66N24.4,0.0003176002787660974,0.8557213930348259,-0.5528928657807041,ZNF326_pDS262,0.007628294036061
PCK2,0.027179273439896835,0.11940298507462686,1.162118301135337,ZNF326_pDS262,0.2298890429958391
PSME1,0.03390350737522595,0.15920398009950248,1.0610407767085717,ZNF326_pDS262,0.6432038834951457
EMC9,0.020561470116986166,0.23880597014925373,0.6401579801851328,ZNF326_pDS262,0.2076976421636615
RNF31,0.00014258573766710714,0.03980099502487562,2.1602397275625984,ZNF326_pDS262,0.0036407766990291
RP11-468E2.4,0.0024555041283481327,0.13432835820895522,0.9307720586731038,ZNF326_pDS262,0.0048543689320388
NFATC4,0.002757217751624818,0.6069651741293532,-0.6655942802668591,ZNF326_pDS262,0.0249653259361997
STXBP6,0.11341538498463752,0.004975124378109453,8.087779744060317,ZNF326_pDS262,0.5362343966712899
RP11-1103G16.1,0.006845467819663102,0.3034825870646766,0.374761406290399,ZNF326_pDS262,0.0327669902912621
RP11-829H16.3,0.00020892884056964223,0.23383084577114427,-0.20044048168860792,ZNF326_pDS262,0.0046809986130374
STRN3,0.008831313331720582,0.7213930348258707,-0.703917490397333,ZNF326_pDS262,0.1454576976421636
AP4S1,0.006952871216898865,0.40298507462686567,0.09423163451337503,ZNF326_pDS262,0.0787101248266296
ARHGAP5-AS1,0.007834583531896368,0.3482587064676617,0.28152082009843066,ZNF326_pDS262,0.0521844660194174
ARHGAP5,0.011047425166931964,0.572139303482587,-0.36699310445977384,ZNF326_pDS262,0.1508321775312066
EAPP,0.02465998822677304,0.35323383084577115,0.26869814469253017,ZNF326_pDS262,0.5818307905686546
KIAA0391,0.00040707265744282546,0.014925373134328358,0.3136767523323485,ZNF326_pDS262,0.0292995839112343
NFKBIA,0.020996108464445645,0.27860696517412936,0.4689163329375381,ZNF326_pDS262,0.2628294036061026
FOXA1,0.0007913683244300285,0.7860696517412935,-1.20958764200429,ZNF326_pDS262,0.0292995839112343
KLHL28,0.006168640104868887,0.5174129353233831,-0.1379862561199612,ZNF326_pDS262,0.0247919556171983
RN7SL1,0.007900387544915002,0.09950248756218906,1.0165710086412971,ZNF326_pDS262,0.0240984743411927
AL139099.1,0.00043475456347783555,0.9601990049751243,-1.3236646249485176,ZNF326_pDS262,0.0230582524271844
POLE2,0.017654087419582076,0.13930348258706468,1.1773871181245366,ZNF326_pDS262,0.1237864077669902
VCPKMT,0.0016497961419409248,0.9601990049751243,-1.181534082780241,ZNF326_pDS262,0.0393550624133148
TXNDC16,0.001111017365520634,0.6716417910447762,-0.7586994241676098,ZNF326_pDS262,0.0180305131761442
PSMC6,0.026276083765504762,0.39303482587064675,0.04519831120803759,ZNF326_pDS262,0.7314493758668515
CGRRF1,0.007598223305369812,0.4129353233830846,0.1952840543382256,ZNF326_pDS262,0.0423023578363384
DLGAP5,0.011927523043665665,0.6467661691542289,-0.5046706116506318,ZNF326_pDS262,0.1853328710124826
RP11-108M12.3,0.00019182570903570427,0.004975124378109453,3.5572190056124158,ZNF326_pDS262,0.0031206657420249
NAA30,0.00797101778525213,0.22885572139303484,0.5305265958783382,ZNF326_pDS262,0.0481969486823855
PSMA3,0.027667106063037936,0.43781094527363185,-0.0925808571052909,ZNF326_pDS262,1.415742024965326
PCNXL4,0.0021352661012807236,0.9054726368159204,-1.1000124350908,ZNF326_pDS262,0.0613730929264909
SLC38A6,0.007801051719305141,0.6716417910447762,-0.6377715620193772,ZNF326_pDS262,0.1090499306518723
ZBTB25,0.006583884142282954,0.2835820895522388,0.5838628165748408,ZNF326_pDS262,0.0204576976421636
ZBTB1,0.003546506396088751,0.5920398009950248,-0.5482300063162867,ZNF326_pDS262,0.0292995839112343
ATP6V1D,0.017193128915256265,0.4626865671641791,-0.08338621315353482,ZNF326_pDS262,0.2900485436893203
ZFP36L1,0.048279386362191645,0.004975124378109453,3.976863855636613,ZNF326_pDS262,0.2657766990291262
NUMB,0.020008362271086638,0.03482587064676617,2.463029835824337,ZNF326_pDS262,0.0754160887656033
RP5-1021I20.1,0.0002279398922482624,1.0,-0.4553335821478691,ZNF326_pDS262,0.0026005547850208
EIF2B2,0.01911717901085489,0.21890547263681592,0.6343442535124394,ZNF326_pDS262,0.1976421636615811
FOS,0.0009259114250299144,0.07462686567164178,0.4497054231009001,ZNF326_pDS262,0.0084951456310679
JDP2,0.00018437580878090317,0.029850746268656716,0.20436678612933665,ZNF326_pDS262,0.0038141470180305
TMED8,0.007828745568345155,0.26865671641791045,0.5292301451008214,ZNF326_pDS262,0.039008321775312
NOXRED1,0.00035481698663536595,0.46766169154228854,0.03690202135468717,ZNF326_pDS262,0.0017337031900138
SPTLC2,0.011623082757496326,0.21890547263681592,0.9236112655983146,ZNF326_pDS262,0.060506241331484
GPR65,0.005607427253092728,0.6069651741293532,-0.14159143249102962,ZNF326_pDS262,0.0176837725381414
IFI27L2,0.008501652602616707,0.12437810945273632,1.3210347066973203,ZNF326_pDS262,0.0187239944521497
RP11-1070N10.5,0.0007707886299873881,0.009950248756218905,1.1374294585446596,ZNF326_pDS262,0.0036407766990291
RP11-872J21.3,0.007696727562715076,0.7114427860696517,-0.566320741098151,ZNF326_pDS262,0.0625866851595007
RP11-433J8.1,0.00015676566765925553,1.0,-0.846458861243549,ZNF326_pDS262,0.0038141470180305
WARS,0.012625456657497787,0.8706467661691543,-1.0127110998029918,ZNF326_pDS262,0.4363730929264909
BEGAIN,0.002063985392259015,0.8059701492537313,-1.0625061327662868,ZNF326_pDS262,0.0218446601941747
LINC00523,0.00038534312766519944,0.004975124378109453,3.2788037186961807,ZNF326_pDS262,0.0017337031900138
RP11-1017G21.5,0.006736963306443372,0.23383084577114427,1.1668116883736928,ZNF326_pDS262,0.0150832177531206
HSP90AA1,0.031770584066280465,0.4129353233830846,0.02244976537748016,ZNF326_pDS262,7.797850208044383
WDR20,0.02234536814179697,0.08955223880597014,1.6508902022469505,ZNF326_pDS262,0.0977808599167822
CDC42BPB,0.002001039580782777,0.8159203980099502,-0.9930557575754143,ZNF326_pDS262,0.015256588072122
RP11-600F24.7,4.343133330958434e-05,0.46766169154228854,-0.7138590318907609,ZNF326_pDS262,0.002253814147018
C14orf2,0.08560330063607949,0.004975124378109453,4.19448807114117,ZNF326_pDS262,3.0083217753120666
ADSSL1,0.012437980161910164,0.014925373134328358,2.3464197870393777,ZNF326_pDS262,0.0239251040221914
LINC00638,9.960779899010499e-05,0.9303482587064676,-1.1523005373666488,ZNF326_pDS262,0.0020804438280166
NUDT14,0.057086883117285915,0.004975124378109453,4.286202996286548,ZNF326_pDS262,0.3980582524271844
CRIP2,0.001309656516761267,0.7164179104477612,-0.6397234669688552,ZNF326_pDS262,0.0292995839112343
MTMR10,0.0034598162313449667,0.5323383084577115,-0.06960735976406573,ZNF326_pDS262,0.0102288488210818
ZFYVE19,0.004283819654959991,0.6119402985074627,-0.5029288969479476,ZNF326_pDS262,0.0585991678224687
RP11-532F12.5,0.00022833075334940844,0.9751243781094527,-1.0993539168574364,ZNF326_pDS262,0.0072815533980582
SPINT1,0.006134042828218093,0.13432835820895522,1.106328476501796,ZNF326_pDS262,0.0100554785020804
CHAC1,0.0004123136585103467,0.5920398009950248,-0.4086870293450108,ZNF326_pDS262,0.0062413314840499
CHP1,0.01016942251958336,0.3482587064676617,0.1282138899967176,ZNF326_pDS262,0.0866851595006934
ITPKA,0.007823986754512095,0.44776119402985076,-0.06571480853877124,ZNF326_pDS262,0.0292995839112343
LTK,0.00034196999077342177,1.0,-0.47387547143631653,ZNF326_pDS262,0.0039875173370319
EHD4,0.015742338839861435,0.05472636815920398,1.6368841403351237,ZNF326_pDS262,0.0292995839112343
STARD9,0.0009504141703673485,0.42786069651741293,-0.5666673493608362,ZNF326_pDS262,0.0102288488210818
CTD-2036P10.3,0.005215171334853695,0.3283582089552239,0.6389048440097356,ZNF326_pDS262,0.0292995839112343
TMEM62,0.004031170347673675,0.6517412935323383,-0.35227457533390827,ZNF326_pDS262,0.0220180305131761
MAP1A,0.037714705151874015,0.024875621890547265,2.5578749673158874,ZNF326_pDS262,0.0292995839112343
PDIA3,0.02256885036945152,0.6517412935323383,-0.4934799241664435,ZNF326_pDS262,1.102635228848821
CASC4,0.012180113908081195,0.15422885572139303,1.1015581345180694,ZNF326_pDS262,0.0572122052704577
B2M,0.024901442619366793,0.4079601990049751,-0.05423167301488114,ZNF326_pDS262,9.361650485436892
SORD,0.01588132591712669,0.31840796019900497,0.35272941478969244,ZNF326_pDS262,0.0292995839112343
SHF,0.00047816679528407517,0.9950248756218906,-1.1299440135969268,ZNF326_pDS262,0.0292995839112343
RP11-227D13.4,0.000162932338995097,0.5771144278606966,-0.671107021800036,ZNF326_pDS262,0.0026005547850208
GALK2,0.010132039185624157,0.572139303482587,-0.377990692291266,ZNF326_pDS262,0.1279472954230235
LYSMD2,0.0009114000731501082,0.12437810945273632,0.09049521784226794,ZNF326_pDS262,0.0055478502080443
DYX1C1,0.0013479148556199616,0.5024875621890548,-0.5045306686228387,ZNF326_pDS262,0.0138696255201109
MNS1,0.005034108188658663,0.4577114427860697,0.12558764207539377,ZNF326_pDS262,0.0253120665742024
CCNB2,0.03732868156338169,0.19900497512437812,0.8704284218208933,ZNF326_pDS262,0.92250346740638
ANXA2,0.06117765043422304,0.05970149253731343,1.8241666684659474,ZNF326_pDS262,2.070735090152566
LACTB,0.005414858011042749,0.8606965174129353,-1.2631358462720916,ZNF326_pDS262,0.0794036061026352
RPS27L,0.02947988306382191,0.35323383084577115,0.13062627799280024,ZNF326_pDS262,1.0516643550624134
RAB8B,0.0014465512047829455,0.845771144278607,-1.0388373490651432,ZNF326_pDS262,0.0343273231622746
KIAA0101,0.061405220079627856,0.03980099502487562,2.118299415986515,ZNF326_pDS262,3.1288141470180304
TRIP4,0.009854172921977714,0.40298507462686567,0.0648910744033354,ZNF326_pDS262,0.084257975034674
PIF1,0.027555152947680683,0.39303482587064675,-0.03458538699644988,ZNF326_pDS262,0.3372052704576976
CLPX,0.017907689435500564,0.22885572139303484,0.6405710351559832,ZNF326_pDS262,0.0292995839112343
IGDCC3,0.0005286285913363319,0.004975124378109453,3.9153401770198357,ZNF326_pDS262,0.0019070735090152
SMAD3,0.007146455118137975,0.21393034825870647,0.6399452609984949,ZNF326_pDS262,0.0201109570041608
PKM,0.07145032410821252,0.01990049751243781,3.1996498912313216,ZNF326_pDS262,4.028085991678225
CD276,0.010970977027147985,0.30845771144278605,0.21943577075554555,ZNF326_pDS262,0.07125520110957
SEMA7A,0.000600611696286197,0.1044776119402985,-0.03268431578177741,ZNF326_pDS262,0.0090152565880721
ARID3B,0.003597821109290518,0.6517412935323383,-0.6261386728703325,ZNF326_pDS262,0.0561719833564493
RP11-817O13.8,0.00753755817213868,0.12437810945273632,0.9871150803189452,ZNF326_pDS262,0.0261789181692094
LINGO1,0.0003025967114979355,0.004975124378109453,4.320549431667213,ZNF326_pDS262,0.0017337031900138
PSMA4,0.03584328587589736,0.31840796019900497,0.33300341514651705,ZNF326_pDS262,4.220527045769765
CTSH,0.06731002917691611,0.014925373134328358,3.851976906551126,ZNF326_pDS262,1.0381414701803051
KIAA1024,0.00018474896776106214,0.004975124378109453,5.4695216916149185,ZNF326_pDS262,0.0024271844660194
CTD-2034I4.2,0.00032571518983778977,0.31343283582089554,-0.24177527746950267,ZNF326_pDS262,0.0062413314840499
RPS17L,0.005715857831274596,0.21393034825870647,0.8385878454981308,ZNF326_pDS262,0.0136962552011095
RP11-752G15.3,0.00010390475379130052,0.05970149253731343,1.0408716011150025,ZNF326_pDS262,0.0017337031900138
RP11-752G15.6,0.013416801473472996,0.6119402985074627,-0.5110195601795464,ZNF326_pDS262,0.2395977808599168
DET1,0.004146642739689836,0.5522388059701493,-0.5369855905224463,ZNF326_pDS262,0.0287794729542302
HAPLN3,0.0003781025917043015,0.9552238805970149,-1.7085416399909898,ZNF326_pDS262,0.0034674063800277
FANCI,0.03418406480760751,0.07462686567164178,1.9565490701268358,ZNF326_pDS262,0.3616504854368932
MESP2,0.0004456984616113839,0.9950248756218906,-0.6844475447963455,ZNF326_pDS262,0.0046809986130374
IDH2,0.08784866187071205,0.004975124378109453,5.005777644891719,ZNF326_pDS262,0.7309292649098474
PRC1,0.03133278727719359,0.13432835820895522,0.8962687388047826,ZNF326_pDS262,0.0292995839112343
AC068831.10,0.002101703496599865,0.4626865671641791,-0.40877650725581666,ZNF326_pDS262,0.0123092926490984
CHD2,0.008672113174384155,0.7412935323383084,-0.8063752069799197,ZNF326_pDS262,0.2331830790568654
NR2F2-AS1,0.002313091255967425,0.6318407960199005,-0.7221210988899985,ZNF326_pDS262,0.0348474341192787
NR2F2,0.022811152668275672,0.15422885572139303,0.9080814121703061,ZNF326_pDS262,0.2472260748959778
ARRDC4,0.001984923723420416,0.8258706467661692,-1.3883840830347107,ZNF326_pDS262,0.0126560332871012
TTC23,0.0018864322810021065,0.6318407960199005,-0.5767335305023434,ZNF326_pDS262,0.0135228848821081
RP11-526I2.5,0.0009445261382962106,0.7562189054726368,-0.7866173907869989,ZNF326_pDS262,0.0128294036061026
LINS,0.01623905536911911,0.22885572139303484,0.9745252632720004,ZNF326_pDS262,0.0807905686546463
ASB7,0.0022372095158438125,0.4577114427860697,-0.41897953741338245,ZNF326_pDS262,0.0292995839112343
RP11-299G20.3,0.00039701119689908586,0.03980099502487562,0.13688043777741388,ZNF326_pDS262,0.0050277392510402
RP11-89K11.1,0.007911990411145391,0.18407960199004975,0.8484308190712844,ZNF326_pDS262,0.0258321775312066
HBZ,0.21332801124420125,0.004975124378109453,13.062012727541155,ZNF326_pDS262,53.44642857142857
HBA2,0.11122167988719248,0.004975124378109453,11.399524814861131,ZNF326_pDS262,0.2335298196948682
HBA1,0.16459058028440152,0.004975124378109453,10.605346823173779,ZNF326_pDS262,5.426317614424411
RAB11FIP3,0.00038814239446813704,0.9950248756218906,-0.39274163472291806,ZNF326_pDS262,0.0050277392510402
RHBDL1,0.0028208204299719503,0.7412935323383084,-0.705488089587023,ZNF326_pDS262,0.0218446601941747
HAGH,0.009751621042660181,0.7810945273631841,-0.8184381556960816,ZNF326_pDS262,0.0292995839112343
NPW,0.17615225413132127,0.004975124378109453,9.411194376706106,ZNF326_pDS262,1.530859916782247
PRSS27,4.18258020805063e-05,0.12935323383084577,1.1662854969171694,ZNF326_pDS262,0.0020804438280166
LA16c-325D7.2,0.005109511967523809,0.582089552238806,-0.27016955212166266,ZNF326_pDS262,0.0218446601941747
CLDN6,0.008502868335820842,0.7960199004975125,-0.865071667896709,ZNF326_pDS262,0.0292995839112343
TNFRSF12A,0.025675762533611188,0.14925373134328357,1.0333233054464497,ZNF326_pDS262,0.2241678224687933
IL32,0.0003601335285588126,0.39303482587064675,-0.016955974118080523,ZNF326_pDS262,0.0055478502080443
ZNF597,0.00013198929710520345,0.004975124378109453,3.4890234002332816,ZNF326_pDS262,0.0292995839112343
CREBBP,0.02268037394841877,0.07462686567164178,1.8440259477491077,ZNF326_pDS262,0.1173717059639389
ATF7IP2,0.05407022258695941,0.029850746268656716,2.392782770606719,ZNF326_pDS262,1.016123439667129
EMP2,0.022769145470870063,0.35323383084577115,0.3047328360265816,ZNF326_pDS262,0.0292995839112343
SOCS1,0.04474866106066107,0.014925373134328358,3.1398296393684197,ZNF326_pDS262,0.1976421636615811
TXNDC11,0.005747004759144891,0.8407960199004975,-0.8333000650862199,ZNF326_pDS262,0.0892857142857142
C16orf45,0.0002874489717136579,0.11442786069651742,1.3906889871397579,ZNF326_pDS262,0.0020804438280166
ABCC1,0.0016430421883775457,0.9900497512437811,-1.469049799263239,ZNF326_pDS262,0.0561719833564493
RP11-14N9.2,0.0003223461391857986,0.5422885572139303,0.7638674930552949,ZNF326_pDS262,0.0029472954230235
CTD-2576D5.4,0.00748448837381277,0.19402985074626866,0.8211604082772418,ZNF326_pDS262,0.0104022191400832
ARL6IP1,0.03690411461216035,0.14427860696517414,1.1774856878563897,ZNF326_pDS262,0.5778432732316228
COQ7,0.00515333907248001,0.8059701492537313,-0.9382009966950552,ZNF326_pDS262,0.1059292649098474
ITPRIPL2,0.00022365611044316972,0.44776119402985076,-0.4559491461612351,ZNF326_pDS262,0.0057212205270457
CCP110,0.03219857151617392,0.009950248756218905,4.642708507668469,ZNF326_pDS262,0.0622399445214979
C16orf62,0.003347644169747183,0.7263681592039801,-0.7710014565096914,ZNF326_pDS262,0.0598127600554785
DCUN1D3,0.00013346714803128736,0.2736318407960199,-0.299855275252813,ZNF326_pDS262,0.0065880721220527
TMEM159,0.008644948518422454,0.40298507462686567,0.11705338704057315,ZNF326_pDS262,0.0738557558945908
CRYM,0.03204350932979365,0.7661691542288557,-0.7869478169391901,ZNF326_pDS262,0.4363730929264909
UBFD1,0.014525295933364272,0.4228855721393035,0.0186436914649471,ZNF326_pDS262,0.0292995839112343
PLK1,0.021043671646381382,0.8706467661691543,-0.9782254352191762,ZNF326_pDS262,0.8176144244105409
RBBP6,0.05231777371512861,0.01990049751243781,2.666427960773135,ZNF326_pDS262,0.5234049930651873
CTD-3203P2.2,0.00028623437589316334,0.009950248756218905,0.12305071588060708,ZNF326_pDS262,0.0038141470180305
PRRT2,0.0008239459605467491,0.014925373134328358,3.940205944658544,ZNF326_pDS262,0.0027739251040221
MVP,8.333870339268738e-05,0.004975124378109453,4.098145737753538,ZNF326_pDS262,0.0292995839112343
YPEL3,0.010494928445675502,0.1691542288557214,0.819244307869409,ZNF326_pDS262,0.0438626907073509
GDPD3,0.0001369976663139423,0.9651741293532339,-0.24040316391909586,ZNF326_pDS262,0.0027739251040221
CORO1A,0.00977171903268545,0.2935323383084577,0.31918978675521803,ZNF326_pDS262,0.0488904299583911
MYLPF,0.0003665550224296299,0.08955223880597014,-0.04741802830201891,ZNF326_pDS262,0.0062413314840499
ZNF48,0.01153837790882595,0.17412935323383086,0.6951873848443917,ZNF326_pDS262,0.0599861303744798
PRR14,0.020460841070762723,0.1890547263681592,0.85036591630467,ZNF326_pDS262,0.1692094313453536
PRSS36,0.0002609845484098997,0.900497512437811,-0.43064714421540445,ZNF326_pDS262,0.0060679611650485
PYCARD,0.07177898320516393,0.004975124378109453,3.889284065302451,ZNF326_pDS262,0.8864424410540915
C16orf98,0.006941213394284451,0.19900497512437812,1.0831990179873114,ZNF326_pDS262,0.0240984743411927
TGFB1I1,0.00016672694617439213,0.004975124378109453,4.346860952159611,ZNF326_pDS262,0.0292995839112343
AHSP,0.01651421098426799,0.014925373134328358,3.927764320842492,ZNF326_pDS262,0.0197642163661581
ZNF267,0.008102133360437068,0.7761194029850746,-0.8043281683187712,ZNF326_pDS262,0.0768030513176144
RP11-212I21.4,0.0003075015157246766,0.004975124378109453,3.979225234232146,ZNF326_pDS262,0.0038141470180305
OGFOD1,0.011793725674040202,0.7064676616915423,-0.6663446493612264,ZNF326_pDS262,0.2839805825242718
MT2A,0.010133803213774745,0.373134328358209,0.06792095193224196,ZNF326_pDS262,0.0835644937586685
MT1A,0.005980031497332225,0.19402985074626866,1.1360896726823544,ZNF326_pDS262,0.0046809986130374
HERPUD1,0.0335291848853013,0.05970149253731343,1.9924035852713247,ZNF326_pDS262,0.2626560332871012
PLLP,0.00021636275693279067,0.0845771144278607,-0.0968158765577901,ZNF326_pDS262,0.0053744798890429
KIFC3,0.03413871989900489,0.004975124378109453,3.550944204051714,ZNF326_pDS262,0.1282940360610263
TEPP,0.00017929712000275014,0.26865671641791045,-0.26565469709946066,ZNF326_pDS262,0.0055478502080443
CDH8,0.00022914332990839722,0.8059701492537313,-0.9187554558003596,ZNF326_pDS262,0.0031206657420249
Y_RNA,0.0003615190245622746,0.004975124378109453,3.581865927058303,ZNF326_pDS262,0.0292995839112343
CKLF,0.039762534055223654,0.09950248756218906,1.3906556817886604,ZNF326_pDS262,0.8018377253814147
CMTM3,0.02016160860237675,0.24378109452736318,0.5717508317936407,ZNF326_pDS262,0.2858876560332871
PDP2,0.0019045784448476527,0.40298507462686567,-0.3713295105713291,ZNF326_pDS262,0.0136962552011095
CES2,0.027047750093902208,0.06467661691542288,1.9426115267127324,ZNF326_pDS262,0.0292995839112343
CES3,0.0005184259611709837,0.0845771144278607,-0.18292538880506753,ZNF326_pDS262,0.0069348127600554
HSF4,0.00028123079735185424,0.9601990049751243,-0.7586687826198326,ZNF326_pDS262,0.0292995839112343
CTRL,0.00012992743664349675,0.9950248756218906,-2.869681596925278,ZNF326_pDS262,0.0024271844660194
NQO1,0.06611096256812021,0.004975124378109453,4.568845760030774,ZNF326_pDS262,0.4739944521497919
ZNF19,0.0005207430747153451,0.4427860696517413,-0.6328174540939245,ZNF326_pDS262,0.0071081830790568
ZFHX3,0.006566148250094213,0.30845771144278605,0.8361671370238627,ZNF326_pDS262,0.0223647711511789
RP5-991G20.4,0.0003056277107618059,1.0,-2.8128612205243844,ZNF326_pDS262,0.0057212205270457
PSMD7,0.022354256580316412,0.746268656716418,-0.6229030702256616,ZNF326_pDS262,0.0292995839112343
AC009120.6,0.006918944539562614,0.05472636815920398,1.0925986374055403,ZNF326_pDS262,0.0081484049930651
RP11-252A24.7,0.00876992792389163,0.11940298507462686,1.2919531890849507,ZNF326_pDS262,0.0292995839112343
TERF2IP,0.02646418116762131,0.373134328358209,0.20430287470828248,ZNF326_pDS262,0.7312760055478502
NUDT7,0.0005891587402777488,1.0,-1.4685527420858295,ZNF326_pDS262,0.0182038834951456
7SK,0.00020907476534559155,0.9751243781094527,-1.8541751887800924,ZNF326_pDS262,0.0292995839112343
COTL1,0.009086300997799833,0.08955223880597014,1.6277445022724415,ZNF326_pDS262,0.0221914008321775
GINS2,0.05484198694215727,0.03980099502487562,2.334720574643213,ZNF326_pDS262,1.5875520110957004
MAP1LC3B,0.019903816696000498,0.6616915422885572,-0.5881325444619585,ZNF326_pDS262,0.970873786407767
CYBA,0.044666770028315685,0.06965174129353234,1.4607547663712892,ZNF326_pDS262,4.478155339805825
SNAI3-AS1,0.005454327806362522,0.22388059701492538,1.0837028147953576,ZNF326_pDS262,0.0138696255201109
SPATA2L,0.013937561755894714,0.014925373134328358,2.6381203190776708,ZNF326_pDS262,0.0301664355062413
VPS9D1,0.0007175999202622576,0.3034825870646766,-0.5038587812095257,ZNF326_pDS262,0.0055478502080443
NXN,0.0001393182412504088,0.014925373134328358,3.131442370516337,ZNF326_pDS262,0.0027739251040221
MYO1C,0.0008136200286872626,0.9800995024875622,-1.0664943414815953,ZNF326_pDS262,0.0506241331484049
MIR22HG,0.00020524743615991418,0.5572139303482587,-0.23896274579193932,ZNF326_pDS262,0.0292995839112343
SERPINF1,0.02728671312706675,0.39303482587064675,0.15780039854172817,ZNF326_pDS262,0.526872399445215
HIC1,0.00013339973010063517,0.009950248756218905,2.6542767127524183,ZNF326_pDS262,0.0027739251040221
MNT,0.003918731918781541,0.6616915422885572,-0.7128306203644681,ZNF326_pDS262,0.0447295423023578
PAFAH1B1,0.018313589441414917,0.4527363184079602,-0.16956469607299654,ZNF326_pDS262,0.2994105409153952
TRPV3,0.00013869116687022627,1.0,-2.730309409021922,ZNF326_pDS262,0.002253814147018
PSMB6,0.014318098240426017,0.9850746268656716,-1.4005128127606867,ZNF326_pDS262,3.9141816920943135
ENO3,0.009445000162949994,0.07960199004975124,1.4313091624053178,ZNF326_pDS262,0.0208044382801664
CAMTA2,0.006806853438531312,0.3582089552238806,0.3297011365697388,ZNF326_pDS262,0.0292995839112343
RP5-1050D4.3,7.27527627067715e-05,1.0,-3.085159300420416,ZNF326_pDS262,0.0017337031900138
RP5-1050D4.5,0.0001968085821183056,1.0,-3.356984497263143,ZNF326_pDS262,0.0031206657420249
NLRP1,0.014582771304707316,0.10945273631840796,1.3318493398425457,ZNF326_pDS262,0.0504507628294036
C17orf100,0.006009972743787152,0.263681592039801,0.43178004941640497,ZNF326_pDS262,0.0251386962552011
DLG4,0.0010648729226572634,1.0,-0.9760244002887158,ZNF326_pDS262,0.0136962552011095
CLDN7,0.002594654084051469,0.5124378109452736,-0.27451884831903,ZNF326_pDS262,0.0091886269070735
SLC2A4,0.00046091781337934525,0.1044776119402985,-0.07142392720707913,ZNF326_pDS262,0.0292995839112343
SENP3,0.0070365759527765,0.3333333333333333,0.41190015574776057,ZNF326_pDS262,0.0213245492371705
CD68,0.005634499243844206,0.23880597014925373,0.9585497623766567,ZNF326_pDS262,0.0161234396671289
SAT2,0.015084066413951071,0.04975124378109453,1.71448072477561,ZNF326_pDS262,0.0468099861303744
WRAP53,0.0031464993898547133,0.8208955223880597,-1.0165432880241234,ZNF326_pDS262,0.0700416088765603
KCNAB3,0.00018335670103376836,0.6019900497512438,-0.3672843313353461,ZNF326_pDS262,0.0024271844660194
C17orf59,0.0029740995367622406,0.8656716417910447,-1.1544225337109506,ZNF326_pDS262,0.0292995839112343
AURKB,0.04596125697409031,0.04477611940298507,2.287164657326437,ZNF326_pDS262,0.5924063800277393
LINC00324,0.0024412181484759214,0.0945273631840796,1.3128189110122896,ZNF326_pDS262,0.0062413314840499
SLC25A35,8.33060233337677e-05,0.004975124378109453,4.14230295058867,ZNF326_pDS262,0.0031206657420249
PMP22,0.004680057451983075,0.8208955223880597,-0.9442416535492095,ZNF326_pDS262,0.1106102635228848
ZNF286A,0.006546323740289121,0.22885572139303484,0.5797389743293582,ZNF326_pDS262,0.0195908460471567
UBB,0.011983811866266115,0.9601990049751243,-1.31172460485507,ZNF326_pDS262,10.679785020804438
FAM211A,0.0026454006599720857,0.9154228855721394,-1.2050871520512314,ZNF326_pDS262,0.0440360610263522
ZNF287,0.00014397858767515218,0.08955223880597014,1.4420989820632664,ZNF326_pDS262,0.002253814147018
MAP2K3,0.012352526488463949,0.32338308457711445,0.3462591378796409,ZNF326_pDS262,0.062760055478502
RP11-192H23.6,0.007886491520344185,0.24875621890547264,0.5270716726319031,ZNF326_pDS262,0.0433425797503467
MIR451B,0.0005488463581741151,0.01990049751243781,2.345580826241865,ZNF326_pDS262,0.0024271844660194
RP11-848P1.5,0.00014771230377311675,0.009950248756218905,2.5679796762274933,ZNF326_pDS262,0.0039875173370319
EVI2B,0.005128527887557014,0.34328358208955223,0.40777205660365323,ZNF326_pDS262,0.0084951456310679
PSMD11,0.020428401803491,0.736318407960199,-0.7152913581436593,ZNF326_pDS262,0.0292995839112343
CCL2,0.00328583611467244,0.004975124378109453,4.087555427554477,ZNF326_pDS262,0.0124826629680998
RP11-1094M14.11,0.11204858319071077,0.004975124378109453,6.580190916118767,ZNF326_pDS262,1.388002773925104
MRM1,0.019744240796644715,0.05472636815920398,1.9960178645486373,ZNF326_pDS262,0.0920596393897364
LHX1,0.005331415500412563,0.10945273631840796,1.632415957945462,ZNF326_pDS262,0.009882108183079
CTB-58E17.3,0.00025649453919554863,0.08955223880597014,-0.15854733266832582,ZNF326_pDS262,0.0058945908460471
CWC25,0.02721083365548638,0.1044776119402985,1.2867067697098538,ZNF326_pDS262,0.2929958391123439
TCAP,0.00033029376588424215,0.8905472636815921,-0.5140858724485661,ZNF326_pDS262,0.0060679611650485
IKZF3,0.0002475392857244857,0.01990049751243781,0.06323972611215024,ZNF326_pDS262,0.0027739251040221
NR1D1,0.009971403005951236,0.13930348258706468,0.9726989604945014,ZNF326_pDS262,0.0308599167822468
RAPGEFL1,0.006075220005395808,0.34328358208955223,0.5351462204394792,ZNF326_pDS262,0.0292995839112343
CDC6,0.028784102181202073,0.25870646766169153,0.6098267942057599,ZNF326_pDS262,0.503120665742025
TOP2A,0.03932745439098521,0.19402985074626866,0.7639176947188646,ZNF326_pDS262,0.8217753120665742
IGFBP4,0.006791770075679867,0.6716417910447762,-0.4386694410162832,ZNF326_pDS262,0.1014216366158113
CCR7,0.00030820308497586055,0.4527363184079602,0.017141211270322244,ZNF326_pDS262,0.002253814147018
EIF1,0.030129939257526515,0.06467661691542288,1.7417948220774593,ZNF326_pDS262,16.0249653259362
PTRF,0.033841722551344974,0.029850746268656716,2.4450728357011395,ZNF326_pDS262,0.2236477115117892
WNK4,0.007660492657842146,0.6716417910447762,-0.4447893446866059,ZNF326_pDS262,0.039875173370319
AOC2,0.00026868477382876137,0.8756218905472637,-1.2035849974181947,ZNF326_pDS262,0.0032940360610263
LINC00910,0.013541540555510654,0.05472636815920398,2.0447828989430232,ZNF326_pDS262,0.045249653259362
PYY,0.014647475791746033,0.024875621890547265,2.4179403791672756,ZNF326_pDS262,0.0369278779472954
C17orf104,0.00010918472089372367,1.0,-2.895762527928544,ZNF326_pDS262,0.0292995839112343
ADAM11,0.00039150154158960063,0.1691542288557214,-0.2526912578894876,ZNF326_pDS262,0.0292995839112343
GJC1,0.009957918645284383,0.31343283582089554,0.3679007299211267,ZNF326_pDS262,0.0594660194174757
CTD-2020K17.1,0.0001828799331174475,0.9800995024875622,-0.3857563594190052,ZNF326_pDS262,0.009882108183079
FMNL1,0.016686041381761257,0.16417910447761194,0.9400953102010803,ZNF326_pDS262,0.0915395284327323
ARHGAP27,8.457093333444772e-05,0.9303482587064676,-1.3624701108011599,ZNF326_pDS262,0.0029472954230235
WNT3,0.0009828327857726363,0.9203980099502488,-1.827314409266535,ZNF326_pDS262,0.012135922330097
MYL4,0.1025997391031346,0.004975124378109453,5.349622386030388,ZNF326_pDS262,2.609049930651872
SP6,0.0010814920918726552,0.4626865671641791,0.25230460438309044,ZNF326_pDS262,0.0041608876560332
HOXB2,0.03759575244377521,0.13432835820895522,1.1021544027149432,ZNF326_pDS262,0.7421983356449375
HOXB4,0.05221119050120212,0.03980099502487562,2.147420741170026,ZNF326_pDS262,0.727635228848821
KAT7,0.004552737545251335,0.8656716417910447,-1.1338125351146977,ZNF326_pDS262,0.0292995839112343
DLX4,0.06908388430771,0.004975124378109453,8.222684698583276,ZNF326_pDS262,0.1990291262135922
PPP1R9B,0.008484230399912243,0.6318407960199005,-0.28638706336176123,ZNF326_pDS262,0.0709084604715672
ACSF2,0.0042906562571109865,0.6716417910447762,-0.14200653036284241,ZNF326_pDS262,0.0292995839112343
ANKRD40,0.009283909183718084,0.4228855721393035,0.000978067432918877,ZNF326_pDS262,0.0768030513176144
RP11-294J22.6,0.006239760582954521,0.3781094527363184,0.40504624547131435,ZNF326_pDS262,0.0095353675450762
MMD,0.006455501234220268,0.3582089552238806,0.3380964171990941,ZNF326_pDS262,0.0331137309292649
PCTP,0.01621852989599814,0.16417910447761194,1.0978716486556213,ZNF326_pDS262,0.0759361997226074
SCPEP1,0.013384077352418745,0.07960199004975124,1.4534147171394778,ZNF326_pDS262,0.052877947295423
CUEDC1,0.00011287739175336839,0.9701492537313433,-1.8108154826083076,ZNF326_pDS262,0.0292995839112343
VEZF1,0.017686302106425633,0.06467661691542288,1.7811719135899118,ZNF326_pDS262,0.0292995839112343
RP11-159D12.5,0.0007843942978335918,1.0,-0.5971066035304299,ZNF326_pDS262,0.0074549237170596
BZRAP1,0.00014765052320273592,0.004975124378109453,3.475497511811449,ZNF326_pDS262,0.0019070735090152
TUBD1,0.028980288826468286,0.01990049751243781,2.584407310886966,ZNF326_pDS262,0.0292995839112343
PPM1D,0.016210900466457137,0.014925373134328358,2.4640086450033003,ZNF326_pDS262,0.0471567267683772
BCAS3,0.002551001102258785,0.3681592039800995,-0.0972159476456583,ZNF326_pDS262,0.01751040221914
RP11-332H18.4,0.027086315719442422,0.029850746268656716,2.299458028201349,ZNF326_pDS262,0.1328016643550624
TANC2,0.006634666816244503,0.2935323383084577,0.5096885482081547,ZNF326_pDS262,0.0159500693481276
LIMD2,0.03416112037004887,0.34328358208955223,0.14222326903722018,ZNF326_pDS262,0.0292995839112343
DDX5,0.02945093267557948,0.47761194029850745,-0.09555385012131241,ZNF326_pDS262,2.2099514563106797
CEP95,0.010498107366103421,0.48756218905472637,-0.21998472470559643,ZNF326_pDS262,0.1210124826629681
PSMD12,0.03355541578731899,0.24875621890547264,0.5300110205639234,ZNF326_pDS262,0.907246879334258
KPNA2,0.03487840441726907,0.373134328358209,0.21029982363116806,ZNF326_pDS262,1.8027045769764216
RP11-147L13.2,0.00023976443628261328,0.01990049751243781,1.923833080759072,ZNF326_pDS262,0.0038141470180305
ABCA5,0.00029736045830249696,0.04477611940298507,2.2720204946214864,ZNF326_pDS262,0.0020804438280166
USH1G,9.10803780214557e-05,0.01990049751243781,2.7079160440440204,ZNF326_pDS262,0.0020804438280166
HN1,0.020189185450981913,0.8656716417910447,-0.911412088920377,ZNF326_pDS262,3.268550624133149
RP11-649A18.7,0.0013852995254269326,0.9651741293532339,-2.121036677178341,ZNF326_pDS262,0.0109223300970873
GGA3,0.009494389284893887,0.48258706467661694,-0.1367842507133727,ZNF326_pDS262,0.1024618585298196
MIF4GD,0.03386306824748128,0.014925373134328358,3.048262618429326,ZNF326_pDS262,0.1983356449375866
CASKIN2,0.008774871172342316,0.17412935323383086,0.7673516472230228,ZNF326_pDS262,0.0258321775312066
UNC13D,0.011679416045916298,0.4427860696517413,0.027304926083851076,ZNF326_pDS262,0.0292995839112343
FBF1,0.0015646145342180955,0.8756218905472637,-1.2016002728732444,ZNF326_pDS262,0.0298196948682385
UBALD2,0.024174812941665288,0.3781094527363184,0.1173529596587735,ZNF326_pDS262,0.598994452149792
ST6GALNAC2,0.0004083042483163239,0.21393034825870647,-0.33254621493035386,ZNF326_pDS262,0.0083217753120665
MXRA7,0.004876474285727721,0.6368159203980099,-0.01732575604832009,ZNF326_pDS262,0.0091886269070735
BIRC5,0.06419668286490104,0.03980099502487562,2.510465273273789,ZNF326_pDS262,1.5821775312066575
SOCS3,0.01970082561212009,0.03980099502487562,2.3118230519177994,ZNF326_pDS262,0.065880721220527
SGSH,0.006424925076184644,0.23880597014925373,1.2257164091543207,ZNF326_pDS262,0.0292995839112343
BAIAP2,0.004356996133552361,0.6318407960199005,-0.6546503275322552,ZNF326_pDS262,0.0702149791955617
ACTG1,0.0567513240864953,0.04477611940298507,1.8712727359048276,ZNF326_pDS262,5.321775312066574
FAM195B,0.0005523865644939053,0.26865671641791045,-0.257481204952987,ZNF326_pDS262,0.004507628294036
RAC3,0.036300058122722495,0.3283582089552239,0.2131915062470642,ZNF326_pDS262,1.5275658807212205
RP13-516M14.4,0.0031462316246496204,0.9402985074626866,-1.6639773733131575,ZNF326_pDS262,0.0131761442441054
CD7,0.011395831098436757,0.1691542288557214,1.0375396363070228,ZNF326_pDS262,0.0419556171983356
SECTM1,0.0001306711861705912,0.9800995024875622,-0.9148339432437156,ZNF326_pDS262,0.0046809986130374
LINC00470,0.009554328531791141,0.6368159203980099,-0.5673861715237511,ZNF326_pDS262,0.0292995839112343
NDC80,0.023374495089331083,0.2885572139303483,0.350158585659593,ZNF326_pDS262,0.308252427184466
RP13-270P17.1,0.0006180196949722608,0.14427860696517414,-0.03866967499707429,ZNF326_pDS262,0.004507628294036
TGIF1,0.02047530843508928,0.11940298507462686,1.2957325373948305,ZNF326_pDS262,0.1171983356449375
LINC00526,0.011943103414655895,0.16417910447761194,0.7976526878030517,ZNF326_pDS262,0.0587725381414701
ZBTB14,0.006656734928333478,0.5124378109452736,0.0032616746683969094,ZNF326_pDS262,0.02375173370319
RP11-91I8.3,0.0003557742439309129,0.004975124378109453,3.5055191471397595,ZNF326_pDS262,0.002253814147018
RP11-143J12.2,0.005473394677776001,0.13930348258706468,1.8423918584456696,ZNF326_pDS262,0.0091886269070735
RAB31,0.019389651416382773,0.22885572139303484,0.569299632751444,ZNF326_pDS262,0.1683425797503467
NAPG,0.02912049065205219,0.029850746268656716,2.354966778706006,ZNF326_pDS262,0.1328016643550624
CHMP1B,0.009517651133375589,0.4925373134328358,-0.2489371901727318,ZNF326_pDS262,0.1152912621359223
MPPE1,0.002190106474970153,0.9054726368159204,-1.3198495009977906,ZNF326_pDS262,0.0310332871012482
CEP76,0.00404570261510377,0.5970149253731343,-0.5388054134289106,ZNF326_pDS262,0.0485436893203883
CEP192,0.002971039542364231,0.6616915422885572,-0.7455976961610785,ZNF326_pDS262,0.0445561719833564
RNMT,0.007512509477008913,0.6517412935323383,-0.5407364463421676,ZNF326_pDS262,0.1012482662968099
GATA6-AS1,0.0012376189224145107,0.6567164179104478,-0.7152905540574872,ZNF326_pDS262,0.0116158113730929
TAF4B,0.0025511176419682306,0.7263681592039801,-0.7212020266280201,ZNF326_pDS262,0.0292995839112343
RP11-326K13.4,0.004701470153945069,0.8407960199004975,-0.863460006896587,ZNF326_pDS262,0.0223647711511789
RNF125,0.007405234520309239,0.3681592039800995,0.20259203239447604,ZNF326_pDS262,0.0438626907073509
ZNF24,0.019185866083740257,0.46766169154228854,-0.16733383499585625,ZNF326_pDS262,0.3639042995839112
PIK3C3,0.01303661777252713,0.48756218905472637,-0.08585359098435107,ZNF326_pDS262,0.1631414701803051
IER3IP1,0.03466795754242825,0.1890547263681592,0.8429117805258134,ZNF326_pDS262,0.0292995839112343
C18orf54,0.0037016976695379423,0.5373134328358209,-0.08188056962882458,ZNF326_pDS262,0.0116158113730929
FECH,0.011282519930724504,0.39303482587064675,-0.026869842855948,ZNF326_pDS262,0.0292995839112343
RP11-108P20.1,0.00046473656766268784,0.014925373134328358,2.899794135321698,ZNF326_pDS262,0.002253814147018
PMAIP1,0.007220689956185717,0.7014925373134329,-0.6371308617691989,ZNF326_pDS262,0.0908460471567267
CCDC102B,0.006238458443637053,0.004975124378109453,8.547845146474998,ZNF326_pDS262,0.0043342579750346
CD226,0.0058154987512111685,0.7064676616915423,-0.4452933022577969,ZNF326_pDS262,0.0334604715672676
LINC01029,0.0004094675450238154,0.014925373134328358,2.3915884903308475,ZNF326_pDS262,0.0017337031900138
TRIB3,0.01364782603272111,0.6965174129353234,-0.6138550421661613,ZNF326_pDS262,0.3814147018030513
SNPH,7.823472241396012e-05,0.8955223880597015,-1.199558903701803,ZNF326_pDS262,0.0024271844660194
SDCBP2,0.0025667986205390337,0.32338308457711445,-0.0754154883038545,ZNF326_pDS262,0.0159500693481276
SDCBP2-AS1,0.003034000808716259,0.47761194029850745,-0.15568769660361098,ZNF326_pDS262,0.0078016643550624
AVP,0.02529859751927271,0.19402985074626866,0.91607946850039,ZNF326_pDS262,0.1033287101248266
HSPA12B,0.005502443564294309,0.06467661691542288,2.483647129597459,ZNF326_pDS262,0.0069348127600554
RP11-119B16.2,0.002337241408907342,0.7064676616915423,-0.7334352888041815,ZNF326_pDS262,0.0292995839112343
SMOX,0.011894247559955792,0.024875621890547265,2.229505568575894,ZNF326_pDS262,0.0234049930651872
RASSF2,0.007490528691482476,0.04477611940298507,1.2826173453949286,ZNF326_pDS262,0.0145631067961165
PCNA,0.018657516993955858,0.845771144278607,-0.9533701212717571,ZNF326_pDS262,1.2565880721220528
C20orf196,0.010881575736424662,0.6368159203980099,-0.49692879180741845,ZNF326_pDS262,0.0292995839112343
CHGB,0.00031816926688794066,0.004975124378109453,3.8900958943319774,ZNF326_pDS262,0.0041608876560332
MACROD2,0.006197928957922609,0.0845771144278607,1.4945290798067905,ZNF326_pDS262,0.0084951456310679
RP5-1068E13.7,0.006184476155387208,0.208955223880597,0.5529287878911346,ZNF326_pDS262,0.0097087378640776
ZNF337-AS1,0.0003965627951595486,0.8159203980099502,-0.8017248218040489,ZNF326_pDS262,0.0169902912621359
ID1,0.015130776570676364,0.6169154228855721,-0.42046894863022405,ZNF326_pDS262,0.2583217753120665
TPX2,0.02834603513800259,0.46766169154228854,-0.09072565162712833,ZNF326_pDS262,0.8101595006934813
ZNF341,0.007526014367304768,0.11442786069651742,0.7778950135981406,ZNF326_pDS262,0.0084951456310679
CHMP4B,0.02096677586530907,0.572139303482587,-0.3968437474176335,ZNF326_pDS262,0.8304438280166435
GGT7,0.007755887668730099,0.2736318407960199,0.6426979330435418,ZNF326_pDS262,0.0292995839112343
MYH7B,0.0032110459398850405,0.3582089552238806,-0.15605195405221411,ZNF326_pDS262,0.0263522884882108
PROCR,0.00031980587850676364,0.004975124378109453,3.092272612319737,ZNF326_pDS262,0.0055478502080443
MYL9,0.001979201936728945,0.7412935323383084,-0.8222807514028245,ZNF326_pDS262,0.0292995839112343
RBL1,0.0002413920907938088,0.9950248756218906,-0.3418250999248987,ZNF326_pDS262,0.0292995839112343
MROH8,0.0007424724595568977,0.9900497512437811,-0.8990638368302944,ZNF326_pDS262,0.0199375866851595
SRC,0.0001862748949383646,0.004975124378109453,3.568302151418745,ZNF326_pDS262,0.0027739251040221
BLCAP,0.03788626795738824,0.01990049751243781,3.3911992582385495,ZNF326_pDS262,0.1721567267683772
LPIN3,0.0004154452427880408,0.263681592039801,-0.3917352106028023,ZNF326_pDS262,0.0097087378640776
OSER1,0.011575079395997041,0.6467661691542289,-0.5113600378862112,ZNF326_pDS262,0.2250346740638003
OSER1-AS1,0.006538862687065817,0.07960199004975124,1.0111436792547785,ZNF326_pDS262,0.0119625520110957
PKIG,0.022494912117766767,0.263681592039801,0.46619999140609275,ZNF326_pDS262,0.3205617198335645
TOMM34,0.012942938849683859,0.6069651741293532,-0.455806520044447,ZNF326_pDS262,0.2869278779472954
SNX21,0.00014491531290508576,0.39800995024875624,0.301633072654555,ZNF326_pDS262,0.0029472954230235
ZSWIM3,0.0003076035508301987,0.06965174129353234,-0.07782676651133222,ZNF326_pDS262,0.0065880721220527
CD40,0.003183989983315426,0.024875621890547265,2.4832459571351055,ZNF326_pDS262,0.0292995839112343
ZFAS1,0.07414756931919114,0.004975124378109453,4.342498573748433,ZNF326_pDS262,6.431692094313454
SPATA2,0.002660575742384746,0.6467661691542289,-0.7068622076180372,ZNF326_pDS262,0.0397018030513176
CEBPB,0.022882955249321157,0.46766169154228854,-0.1429749581336909,ZNF326_pDS262,0.6251733703190014
RP11-15M15.1,0.0004206136041798142,0.8656716417910447,-0.32477347739680634,ZNF326_pDS262,0.0058945908460471
AURKA,0.023938255191924485,0.7761194029850746,-0.7892807107694847,ZNF326_pDS262,0.7064840499306518
CASS4,0.008647125433281727,0.09950248756218906,1.051680738674731,ZNF326_pDS262,0.0221914008321775
RP4-800J21.3,0.000379915851994364,0.014925373134328358,0.7111422840275882,ZNF326_pDS262,0.0034674063800277
TUBB1,0.000445423537944454,0.9800995024875622,-0.24925794838127285,ZNF326_pDS262,0.0027739251040221
LINC00659,0.000504561853697368,0.13432835820895522,-0.1901903375532756,ZNF326_pDS262,0.0074549237170596
HELZ2,0.006061114670217769,0.4527363184079602,0.31568085205139745,ZNF326_pDS262,0.0124826629680998
C2CD4C,0.0006473213047625596,0.9900497512437811,-0.39264357656667215,ZNF326_pDS262,0.0052011095700416
GZMM,7.453195386061764e-05,0.0945273631840796,-0.17997505663357333,ZNF326_pDS262,0.0055478502080443
BSG,0.012438500727695423,0.9402985074626866,-1.2337197572070127,ZNF326_pDS262,9.60887656033287
PRSS57,0.05583764622856761,0.06965174129353234,1.7624321122591544,ZNF326_pDS262,1.757628294036061
CFD,0.1790515312990208,0.004975124378109453,12.806932786199834,ZNF326_pDS262,1.3295769764216363
KISS1R,0.01736247383021997,0.11442786069651742,1.5465811025213625,ZNF326_pDS262,0.092753120665742
CTB-31O20.2,0.01909145911711593,0.2935323383084577,0.39514340846917634,ZNF326_pDS262,0.1536061026352288
GADD45B,0.0036801249679400154,0.7711442786069652,-0.7593582872283944,ZNF326_pDS262,0.0266990291262135
ZNF555,0.003696996683957326,0.38308457711442784,-0.0741739391508293,ZNF326_pDS262,0.0244452149791955
CELF5,0.0008406359470328675,0.18407960199004975,-0.2648740462029668,ZNF326_pDS262,0.0058945908460471
CACTIN,0.02515935169788803,0.029850746268656716,2.269229907231487,ZNF326_pDS262,0.1705963938973647
PIAS4,0.02028548528006899,0.19900497512437812,0.8301795545567743,ZNF326_pDS262,0.0292995839112343
TMIGD2,0.0002003651484573138,0.34328358208955223,0.27900890753896157,ZNF326_pDS262,0.0019070735090152
C19orf10,0.018856399080526744,0.900497512437811,-1.1743932563677244,ZNF326_pDS262,3.326976421636616
PLIN3,0.011532084009747203,0.7761194029850746,-0.795803814548427,ZNF326_pDS262,0.3663314840499306
NRTN,0.0010136748349966287,0.9054726368159204,-1.1014330734977118,ZNF326_pDS262,0.0133495145631067
VMAC,0.0037504500321212052,0.46766169154228854,0.08674160072888527,ZNF326_pDS262,0.0168169209431345
AC104532.4,0.0002479564038094119,0.6069651741293532,-0.26793577488899883,ZNF326_pDS262,0.0024271844660194
PSPN,0.012998547351558046,0.009950248756218905,3.5392830041246928,ZNF326_pDS262,0.0138696255201109
SLC25A23,0.021441747254609244,0.22885572139303484,0.7136822789595789,ZNF326_pDS262,0.0292995839112343
C3,0.00013698478225428277,0.004975124378109453,3.6224849907416456,ZNF326_pDS262,0.0019070735090152
PCP2,3.860846382943647e-05,0.22388059701492538,0.6558987486038206,ZNF326_pDS262,0.0024271844660194
CTD-3193O13.9,0.0002977092057398439,0.004975124378109453,3.7132973713319,ZNF326_pDS262,0.0034674063800277
ANGPTL4,0.0011084131492103465,0.06965174129353234,2.070396882411015,ZNF326_pDS262,0.0020804438280166
MARCH2,0.006255998910236579,0.20398009950248755,1.4737206522794406,ZNF326_pDS262,0.0136962552011095
OR7D2,0.0003433888379823047,0.009950248756218905,3.7798679432319333,ZNF326_pDS262,0.0024271844660194
ZNF846,0.005122089649665211,0.32338308457711445,0.6494338890026551,ZNF326_pDS262,0.0117891816920943
ICAM4,0.036203600785712144,0.009950248756218905,3.1138027096917575,ZNF326_pDS262,0.0292995839112343
ZGLP1,0.002281535264886988,0.06467661691542288,1.5814578193233908,ZNF326_pDS262,0.0084951456310679
ILF3-AS1,0.032965081422242644,0.12437810945273632,1.2104414079712602,ZNF326_pDS262,0.5086685159500693
EPOR,0.020000474316155113,0.19402985074626866,0.8633277568858692,ZNF326_pDS262,0.0967406380027739
CNN1,0.015738521633019014,0.06467661691542288,1.6712380930917026,ZNF326_pDS262,0.0292995839112343
ZNF627,0.0007128122121991556,0.900497512437811,-1.365774663332745,ZNF326_pDS262,0.0209778085991678
ACP5,0.0611305197687186,0.004975124378109453,3.7484391377288295,ZNF326_pDS262,0.3970180305131761
ZNF441,0.0003842716644695249,0.2935323383084577,-0.3199773537856672,ZNF326_pDS262,0.0072815533980582
ZNF440,0.0018625317784531819,0.900497512437811,-1.0543374785653543,ZNF326_pDS262,0.0327669902912621
ZNF788,0.0002137057311264877,1.0,-0.8771185532796077,ZNF326_pDS262,0.0084951456310679
ZNF44,0.006949043124336671,0.22388059701492538,0.9425027049480548,ZNF326_pDS262,0.0253120665742024
ZNF442,0.006858002695171212,0.21393034825870647,0.9012230132545804,ZNF326_pDS262,0.0091886269070735
ZNF709,0.00010439240003606422,0.5671641791044776,-0.37054168438912755,ZNF326_pDS262,0.0020804438280166
ZNF490,0.00014904457853103962,0.13432835820895522,0.14675488432621195,ZNF326_pDS262,0.0031206657420249
JUNB,0.011220325398513527,0.7960199004975125,-0.8463429018423755,ZNF326_pDS262,0.324375866851595
PRDX2,0.03323648575195592,0.1791044776119403,0.9478897954480736,ZNF326_pDS262,8.734223300970873
KLF1,0.10999555820311935,0.004975124378109453,6.2827590610357245,ZNF326_pDS262,0.9726074895977808
CALR,0.041728680455872795,0.24378109452736318,0.6145817461319613,ZNF326_pDS262,3.2626560332871013
CTC-425F1.4,0.0006196957052107645,0.004975124378109453,3.4087363950441216,ZNF326_pDS262,0.0020804438280166
IER2,0.037047637640895206,0.19402985074626866,0.777490964816499,ZNF326_pDS262,0.776005547850208
ASF1B,0.01991143468034487,0.4129353233830846,0.03182986727518577,ZNF326_pDS262,0.4162621359223301
NOTCH3,0.0021371170785726306,0.43781094527363185,-0.3007979856371041,ZNF326_pDS262,0.0156033287101248
TPM4,0.03161586814853851,0.09950248756218906,1.230124272733026,ZNF326_pDS262,0.3460471567267684
FAM32A,0.01504498993017105,0.8407960199004975,-0.9456880046742043,ZNF326_pDS262,0.7680305131761442
CPAMD8,0.0001917499959677915,0.024875621890547265,0.07134003842525695,ZNF326_pDS262,0.0034674063800277
BST2,0.0007191763627311161,0.029850746268656716,0.4370105098593123,ZNF326_pDS262,0.0069348127600554
SLC27A1,0.00039303338808637043,0.009950248756218905,3.2761402735201477,ZNF326_pDS262,0.0024271844660194
GDF15,0.01997830525140541,0.43781094527363185,-0.10015829833945294,ZNF326_pDS262,0.4342926490984743
KLHL26,0.005631893914634077,0.19402985074626866,1.0395586002585175,ZNF326_pDS262,0.0178571428571428
YJEFN3,0.004869466666744519,0.19900497512437812,1.0954729353093247,ZNF326_pDS262,0.0095353675450762
LPAR2,0.00024593974975737135,0.34328358208955223,-0.5751224267021765,ZNF326_pDS262,0.0069348127600554
ZNF253,0.006213808500287166,0.32338308457711445,0.4023622942858577,ZNF326_pDS262,0.0292995839112343
ZNF493,0.005192476104513964,0.7711442786069652,-0.7251366920502619,ZNF326_pDS262,0.0478502080443828
ZNF91,0.0020932658544744187,0.9651741293532339,-1.1937297810096577,ZNF326_pDS262,0.0292995839112343
AC007773.2,0.00091407848924592,0.12437810945273632,0.2805683532921094,ZNF326_pDS262,0.0093619972260748
RGS9BP,0.0002558645435010308,0.9303482587064676,-1.4695165321014847,ZNF326_pDS262,0.0024271844660194
CEBPA-AS1,0.004735753344941586,0.30845771144278605,0.9654151891150914,ZNF326_pDS262,0.0065880721220527
FXYD7,0.0002061688562163637,0.024875621890547265,2.2479114097216457,ZNF326_pDS262,0.002253814147018
HCST,0.008258509068337139,0.1044776119402985,1.081941382264866,ZNF326_pDS262,0.0346740638002773
TYROBP,0.01216853361890251,0.19900497512437812,1.0495205859019678,ZNF326_pDS262,0.0478502080443828
LRFN3,0.0017720204181078715,0.5373134328358209,-0.2556180971285913,ZNF326_pDS262,0.0091886269070735
ZFP14,0.008619645255611628,0.06965174129353234,1.2706106593327677,ZNF326_pDS262,0.0232316227461858
ZNF529,0.007573472530784511,0.2935323383084577,0.6096434551172965,ZNF326_pDS262,0.0346740638002773
AC092295.7,0.002976193509114935,0.6268656716417911,-0.6969408109724169,ZNF326_pDS262,0.0369278779472954
AC074138.3,0.004233978045055619,0.6169154228855721,-0.6076926979802486,ZNF326_pDS262,0.0383148404993065
ZNF345,0.00014612299771224284,0.009950248756218905,0.45614281138841617,ZNF326_pDS262,0.0053744798890429
ZFP30,0.0024067842863136984,0.9353233830845771,-1.6401248072861692,ZNF326_pDS262,0.0292995839112343
ZNF607,0.0071221757216969215,0.11940298507462686,1.168235227184864,ZNF326_pDS262,0.0182038834951456
CTD-2528L19.6,0.00014314920946546726,0.9402985074626866,-0.24071643832779976,ZNF326_pDS262,0.0048543689320388
PPP1R14A,0.08163077196304484,0.014925373134328358,3.9064046510855053,ZNF326_pDS262,0.0292995839112343
RASGRP4,0.0027994448803397394,0.5174129353233831,-0.4207581747917298,ZNF326_pDS262,0.0251386962552011
CAPN12,0.00019741410861147962,0.06467661691542288,-0.11128534100837675,ZNF326_pDS262,0.0043342579750346
GMFG,0.03215462584842357,0.3781094527363184,0.12207931884601725,ZNF326_pDS262,0.8732662968099861
ZFP36,0.006690715538951219,0.35323383084577115,0.5067231526159998,ZNF326_pDS262,0.0277392510402219
ZNF546,0.0058691240013717515,0.3333333333333333,0.5968544869233547,ZNF326_pDS262,0.0126560332871012
PRX,0.0008134026314293253,0.07462686567164178,-0.14700572900898445,ZNF326_pDS262,0.0058945908460471
SERTAD1,0.018920349246061983,0.09950248756218906,1.4626508332721488,ZNF326_pDS262,0.1012482662968099
SERTAD3,0.005943717602728551,0.8756218905472637,-1.0311958457625006,ZNF326_pDS262,0.1790915395284327
BLVRB,0.2028565758379783,0.004975124378109453,10.801605434073064,ZNF326_pDS262,1.743238557558946
AXL,0.005706884033357469,0.18407960199004975,1.1989885737379613,ZNF326_pDS262,0.0140429958391123
TGFB1,0.03981535692449205,0.11940298507462686,1.149540924857828,ZNF326_pDS262,0.9667128987517336
CCDC97,0.012849586503009977,0.22388059701492538,0.945813372815287,ZNF326_pDS262,0.0292995839112343
BCKDHA,0.0002845657265446972,0.9950248756218906,-2.487312756910234,ZNF326_pDS262,0.0292995839112343
ZNF526,0.0079327526099929,0.35323383084577115,0.02735743330362619,ZNF326_pDS262,0.0292995839112343
ZNF576,0.012769057904361367,0.6666666666666666,-0.6053596386573601,ZNF326_pDS262,0.3651178918169209
CADM4,0.0005852580215991122,1.0,-1.1289909171380375,ZNF326_pDS262,0.0292995839112343
PLAUR,0.010050351045520201,0.8208955223880597,-0.8588942824435937,ZNF326_pDS262,0.1705963938973647
ZNF284,0.0003035789447797415,0.9800995024875622,-1.7447965776093066,ZNF326_pDS262,0.0027739251040221
ZNF180,0.00905806353634845,0.19402985074626866,0.7356481076609324,ZNF326_pDS262,0.0357142857142857
BCL3,0.0006132785250926477,0.029850746268656716,0.9433528566231483,ZNF326_pDS262,0.0036407766990291
APOE,0.04097666746426301,0.19900497512437812,0.7237522172586782,ZNF326_pDS262,6.851074895977809
APOC1,0.07365320043870942,0.004975124378109453,5.167946953057767,ZNF326_pDS262,9.58616504854369
RELB,0.007905749288817506,0.03482587064676617,1.645846138578903,ZNF326_pDS262,0.0149098474341192
TRAPPC6A,0.03823014922150253,0.19402985074626866,0.9601377270886289,ZNF326_pDS262,1.0488904299583912
CKM,0.00966020641911751,0.13930348258706468,0.8213500015194386,ZNF326_pDS262,0.0270457697642163
KLC3,0.0010801089802330768,0.03980099502487562,0.8858319289440265,ZNF326_pDS262,0.0052011095700416
FOSB,0.0004079050137942152,0.004975124378109453,4.921074322448539,ZNF326_pDS262,0.0024271844660194
VASP,0.016362122211167545,0.6517412935323383,-0.5630922475753084,ZNF326_pDS262,0.5298196948682385
GIPR,0.007458693351948054,0.03980099502487562,1.0642020562130874,ZNF326_pDS262,0.0110957004160887
AC006262.5,0.009821500827189593,0.4129353233830846,-0.013585894349155954,ZNF326_pDS262,0.0442094313453536
ZC3H4,0.013867812062763668,0.14427860696517414,1.2865954011101937,ZNF326_pDS262,0.0813106796116504
BBC3,0.02554113803554226,0.06467661691542288,1.8078253352510012,ZNF326_pDS262,0.1414701803051317
PRR24,0.02631486016042157,0.13930348258706468,1.2182093114883894,ZNF326_pDS262,0.2773925104022191
EMP3,0.07231572887230397,0.014925373134328358,3.1684081762811434,ZNF326_pDS262,4.0596393897364775
KCNJ14,0.0003262240018067474,0.09950248756218906,-0.22361468317214295,ZNF326_pDS262,0.0071081830790568
PPP1R15A,0.016421765402374985,0.5124378109452736,-0.3089893353493356,ZNF326_pDS262,0.3753467406380028
FTL,0.02463358633448488,0.024875621890547265,2.53938883057074,ZNF326_pDS262,101.50884188626908
PTH2,0.0014031643196104615,0.04477611940298507,1.30104576084222,ZNF326_pDS262,0.0031206657420249
RPL13A,0.0109685350508878,0.6119402985074627,-0.42870700632718867,ZNF326_pDS262,105.8014909847434
FCGRT,0.03518763872140006,0.12437810945273632,1.264155314388007,ZNF326_pDS262,0.4042995839112344
IRF3,0.03734464941108439,0.07960199004975124,1.7812846214098879,ZNF326_pDS262,0.0292995839112343
TSKS,0.00013513962948545798,0.9203980099502488,-1.3988374853932655,ZNF326_pDS262,0.0026005547850208
KCNC3,0.006590911014709691,0.21393034825870647,1.265257115291256,ZNF326_pDS262,0.0124826629680998
LRRC4B,0.002480909978151177,0.7711442786069652,-0.8107628258433293,ZNF326_pDS262,0.0388349514563106
C19orf84,0.0006766207165856962,0.9900497512437811,-0.4760752037039928,ZNF326_pDS262,0.0057212205270457
ZNF350,0.00013828329273505566,0.7512437810945274,-0.6884488316698896,ZNF326_pDS262,0.0031206657420249
ZNF841,0.004675650013999984,0.31840796019900497,0.7746110449218352,ZNF326_pDS262,0.009882108183079
ZNF616,0.012304201826174952,0.029850746268656716,2.5860170877532402,ZNF326_pDS262,0.0232316227461858
ZNF528,0.0002723601400137444,0.9900497512437811,-0.4859260755186735,ZNF326_pDS262,0.0064147018030513
CTD-2331H12.7,6.632311692038065e-05,0.945273631840796,-1.5848925920782784,ZNF326_pDS262,0.0032940360610263
TMC4,0.00026349230819680536,0.03482587064676617,0.07429652970655373,ZNF326_pDS262,0.0060679611650485
LENG8-AS1,0.0007104079501601026,0.31840796019900497,-0.42537343699385366,ZNF326_pDS262,0.0058945908460471
CDC42EP5,0.0006165975378509993,0.5920398009950248,-0.3980060237666818,ZNF326_pDS262,0.0032940360610263
NLRP2,0.009881130856732959,0.7114427860696517,-0.6275518215334736,ZNF326_pDS262,0.0292995839112343
CTC-550B14.7,0.00019599855391542697,0.004975124378109453,3.1524309232481214,ZNF326_pDS262,0.0038141470180305
GP6,0.0029455518196836693,0.7213930348258707,-0.815235608628192,ZNF326_pDS262,0.0213245492371705
TNNT1,0.011760358669981357,1.0,-1.4458864657918022,ZNF326_pDS262,1.853502080443828
TNNI3,0.013113362767067954,0.15422885572139303,1.024004174379431,ZNF326_pDS262,0.0787101248266296
CTD-2587H24.5,7.034217124054073e-05,0.9950248756218906,-2.496330609411418,ZNF326_pDS262,0.0017337031900138
CTD-2587H24.10,0.0002893929277139869,0.7213930348258707,-0.5526686827769485,ZNF326_pDS262,0.002253814147018
UBE2S,0.09119008321076169,0.004975124378109453,4.496228590919572,ZNF326_pDS262,2.2064840499306517
AC007228.11,0.00043745371613782214,0.004975124378109453,4.5998431369380635,ZNF326_pDS262,0.0020804438280166
ZNF470,0.0064281199106568055,0.0845771144278607,1.0354376695433987,ZNF326_pDS262,0.0117891816920943
ZNF543,0.0003974837626929475,0.024875621890547265,0.798019919356072,ZNF326_pDS262,0.0058945908460471
TRAPPC2P1,0.016966426146730853,0.263681592039801,0.43551301160658384,ZNF326_pDS262,0.1471914008321775
ZNF419,0.00118149823106705,0.6766169154228856,-0.998424779366146,ZNF326_pDS262,0.007628294036061
ZNF551,0.008211528922833583,0.36318407960199006,0.29000520830821175,ZNF326_pDS262,0.0292995839112343
ZNF552,0.003153851745975548,0.5970149253731343,-0.5784497673053004,ZNF326_pDS262,0.0211511789181692
ZNF256,0.0017658055893446695,0.5870646766169154,-0.5574516815751266,ZNF326_pDS262,0.007628294036061
ZNF606,0.006617091839281192,0.48258706467661694,-0.037715726227174305,ZNF326_pDS262,0.0292995839112343
ZNF324,0.020468053434387547,0.029850746268656716,2.5207788318909983,ZNF326_pDS262,0.0292995839112343
ZNF446,0.0009581645570551768,0.7562189054726368,-0.8243952442831826,ZNF326_pDS262,0.0126560332871012
CECR7,0.006551129710811211,0.03980099502487562,3.0521771415265526,ZNF326_pDS262,0.0105755894590846
AC006946.16,0.00043890729856149876,0.004975124378109453,3.8576108371990014,ZNF326_pDS262,0.004507628294036
IL17RA,0.0027415164521655327,0.7114427860696517,-0.8533828083872556,ZNF326_pDS262,0.0449029126213592
SLC25A18,0.00017119260830308235,0.004975124378109453,3.781478719118859,ZNF326_pDS262,0.0034674063800277
AC004463.6,0.009071805919989715,0.7810945273631841,-0.8849076171366117,ZNF326_pDS262,0.1808252427184466
CLTCL1,0.0022643723720711167,0.8009950248756219,-1.2249246421683189,ZNF326_pDS262,0.012135922330097
AC000068.9,0.0003026186436642856,0.009950248756218905,3.2216276629311227,ZNF326_pDS262,0.0024271844660194
CDC45,0.07740900668189302,0.009950248756218905,4.132981192958548,ZNF326_pDS262,1.8399791955617195
MED15,0.02618957235442172,0.39303482587064675,0.10669807954910092,ZNF326_pDS262,0.5553051317614425
SDF2L1,0.021977372353769713,0.6865671641791045,-0.4975633343484834,ZNF326_pDS262,13.733356449375869
YPEL1,0.0030584265047768917,0.4626865671641791,-0.22513342478229284,ZNF326_pDS262,0.0086685159500693
LL22NC03-86G7.1,0.005754650906227411,0.08955223880597014,0.8540647109371254,ZNF326_pDS262,0.009882108183079
ZNF280A,0.0007726849428240628,0.9303482587064676,-1.0284789100491316,ZNF326_pDS262,0.0199375866851595
PRAME,0.026863742571417062,0.5373134328358209,-0.2781807247595079,ZNF326_pDS262,4.645804438280167
IGLL1,0.00018263457889091257,0.417910447761194,0.06494270635681837,ZNF326_pDS262,0.0292995839112343
AP000350.5,0.00017972177354250206,1.0,-3.9184559290044736,ZNF326_pDS262,0.0039875173370319
CRYBA4,0.00025324251716226623,0.6268656716417911,-0.18668583855891652,ZNF326_pDS262,0.0065880721220527
XBP1,0.033807999813970854,0.18407960199004975,0.6674858131426397,ZNF326_pDS262,0.7482662968099861
RASL10A,0.00015132493465074863,0.9800995024875622,-1.9350573821166563,ZNF326_pDS262,0.0043342579750346
NEFH,0.02028012305779536,0.3681592039800995,0.17968634567477698,ZNF326_pDS262,0.2600554785020804
MTMR3,0.007695102610306428,0.3880597014925373,0.26145914287976635,ZNF326_pDS262,0.0433425797503467
SLC35E4,0.001018654941142386,0.009950248756218905,3.3021933821091567,ZNF326_pDS262,0.004507628294036
MORC2-AS1,0.0032111206790884903,0.7910447761194029,-0.7453536222461421,ZNF326_pDS262,0.0199375866851595
TUG1,0.02424227326164727,0.06965174129353234,1.8193077424050932,ZNF326_pDS262,0.1638349514563107
SELM,0.010354047627621,0.30845771144278605,0.2183883389201067,ZNF326_pDS262,0.0804438280166435
AC005003.1,0.0010464323481435911,0.03482587064676617,0.923579597082823,ZNF326_pDS262,0.0048543689320388
FBXO7,0.03705227776021658,0.13432835820895522,1.1244609458700032,ZNF326_pDS262,0.6967753120665742
MCM5,0.01686303157408147,0.8308457711442786,-0.871914201615915,ZNF326_pDS262,0.6950416088765603
APOL4,0.00025284884164616895,0.1791044776119403,-0.38098421477320016,ZNF326_pDS262,0.007628294036061
APOL2,0.008735960230921878,0.1890547263681592,0.7869448635487937,ZNF326_pDS262,0.0306865464632454
FOXRED2,0.008089607584210151,0.5522388059701493,-0.3772514613839922,ZNF326_pDS262,0.1052357836338418
EIF3D,0.06474424897464484,0.024875621890547265,2.6875116201857776,ZNF326_pDS262,1.542995839112344
IFT27,0.009659183857062095,0.5024875621890548,-0.288142708749936,ZNF326_pDS262,0.1393897364771151
KCTD17,0.00033578875368567914,1.0,-1.3270672857215422,ZNF326_pDS262,0.0062413314840499
IL2RB,0.0028513683975859854,0.26865671641791045,0.32819042819797883,ZNF326_pDS262,0.0126560332871012
RAC2,0.021585055701587457,0.6119402985074627,-0.48993949162819456,ZNF326_pDS262,0.8661581137309292
CDC42EP1,0.019781863428631006,0.7761194029850746,-0.8335248990121695,ZNF326_pDS262,1.1614077669902914
LGALS1,0.13537159982948624,0.004975124378109453,9.132690108330156,ZNF326_pDS262,1.3278432732316228
MAFF,0.008600008110675385,0.1890547263681592,1.0579389974186255,ZNF326_pDS262,0.0324202496532593
TMEM184B,0.016436433017096866,0.12437810945273632,1.201174318364104,ZNF326_pDS262,0.0856449375866851
RP3-508I15.9,0.0028103528829803433,0.35323383084577115,0.040452200591218866,ZNF326_pDS262,0.0292995839112343
JOSD1,0.019747003746860576,0.04477611940298507,2.3820175131082983,ZNF326_pDS262,0.0833911234396671
RP3-508I15.21,0.004547324250157919,0.21393034825870647,1.0815363532192435,ZNF326_pDS262,0.0292995839112343
TAB1,0.010648150775184781,0.2885572139303483,0.4312271605050893,ZNF326_pDS262,0.0292995839112343
ATF4,0.027880376653455295,0.5671641791044776,-0.34631745308316875,ZNF326_pDS262,1.854022191400832
GRAP2,0.009139927498769743,0.0945273631840796,0.9754595090920287,ZNF326_pDS262,0.01751040221914
RP5-1042K10.10,8.311818464611841e-05,0.7562189054726368,-0.3856053169835288,ZNF326_pDS262,0.0069348127600554
RP5-821D11.7,0.0005830399672109178,0.08955223880597014,-0.11413837718806334,ZNF326_pDS262,0.0097087378640776
NAGA,0.012167621947468656,0.22388059701492538,0.866176502024682,ZNF326_pDS262,0.0292995839112343
RNU12,8.626213004698759e-05,0.835820895522388,-1.0074171567315913,ZNF326_pDS262,0.0052011095700416
ARFGAP3,0.0013072275295684668,0.9054726368159204,-1.10393091532942,ZNF326_pDS262,0.0455963938973647
TTLL1,0.0005779098404094615,0.1791044776119403,-0.05361504871919965,ZNF326_pDS262,0.0055478502080443
BIK,0.00021720265538808427,0.06467661691542288,1.7418511066634934,ZNF326_pDS262,0.0038141470180305
GTSE1,0.02816229318504901,0.32338308457711445,0.39956376986600833,ZNF326_pDS262,0.397884882108183
CTA-29F11.1,0.03036201801204497,0.20398009950248755,0.820434026248387,ZNF326_pDS262,0.4566574202496533
RP1-29C18.10,0.006685006368203152,0.38308457711442784,0.38348368120080456,ZNF326_pDS262,0.0292995839112343
PANX2,0.00030439903614221754,0.9552238805970149,-1.851464730241017,ZNF326_pDS262,0.004507628294036
CPT1B,0.00020811664982965813,0.9353233830845771,-1.4964535308835882,ZNF326_pDS262,0.0020804438280166
RBM11,0.000518668658453422,0.07960199004975124,0.07613803861279489,ZNF326_pDS262,0.0041608876560332
SAMSN1,0.0487396540839302,0.04477611940298507,2.2989822554112527,ZNF326_pDS262,0.4840499306518724
AF127936.7,0.00040140631917209146,1.0,-0.6864542645156002,ZNF326_pDS262,0.0064147018030513
BTG3,0.013605640098798692,0.7114427860696517,-0.6733686328853659,ZNF326_pDS262,0.0292995839112343
AF240627.2,0.005705021551281456,0.0945273631840796,1.8195605587770451,ZNF326_pDS262,0.0072815533980582
LTN1,0.013527468403711725,0.3681592039800995,0.35200128620376786,ZNF326_pDS262,0.1097434119278779
BACH1,0.0031368275083790776,0.8955223880597015,-1.242053746411525,ZNF326_pDS262,0.0527045769764216
BACH1-IT2,0.0,1.0,0.0,ZNF326_pDS262,0.0017337031900138
RP11-313P22.1,0.0005575300076688296,0.004975124378109453,3.878273302044132,ZNF326_pDS262,0.0017337031900138
TCP10L,0.0005193842361469498,0.1044776119402985,0.055202548782571,ZNF326_pDS262,0.0039875173370319
SYNJ1,0.0024032297965354654,0.5223880597014925,-0.3044959397512929,ZNF326_pDS262,0.0135228848821081
IL10RB-AS1,0.00021473876701405352,0.004975124378109453,3.92805703805828,ZNF326_pDS262,0.0026005547850208
GART,0.012283302723309903,0.9601990049751243,-1.192669146119408,ZNF326_pDS262,0.0292995839112343
SON,0.03015470365651553,0.5074626865671642,-0.20551018220928624,ZNF326_pDS262,1.936373092926491
CRYZL1,0.020702632630874355,0.32338308457711445,0.20816923059328857,ZNF326_pDS262,0.3391123439667129
RUNX1,0.009050201688571713,0.9353233830845771,-1.0341863446162436,ZNF326_pDS262,0.0292995839112343
AP000692.10,0.0024642873336240168,0.42786069651741293,-0.29121475165155813,ZNF326_pDS262,0.0161234396671289
AP001412.1,0.000143060470567172,0.014925373134328358,0.3163200779247082,ZNF326_pDS262,0.0038141470180305
KCNJ6,0.00014069946306828358,0.3582089552238806,0.386566267795295,ZNF326_pDS262,0.0020804438280166
DSCR8,0.013441917013641985,0.8557213930348259,-0.9232619485589032,ZNF326_pDS262,0.6933079056865464
DSCR10,0.0003737012682269066,0.2736318407960199,0.6090513169063556,ZNF326_pDS262,0.002253814147018
TMPRSS3,0.000620762340344354,0.024875621890547265,0.6744226094457881,ZNF326_pDS262,0.0081484049930651
SLC37A1,0.008138028422384752,0.8208955223880597,-0.9325646421705289,ZNF326_pDS262,0.1158113730929265
HSF2BP,0.0014560842065646897,0.8208955223880597,-1.0113690651648901,ZNF326_pDS262,0.0145631067961165
ITGB2,0.0017238280805259934,0.6069651741293532,-0.6500124677197796,ZNF326_pDS262,0.0197642163661581
RP11-54O7.1,9.09631381710575e-05,0.014925373134328358,2.236457465480852,BHLHE40_pDS258,0.002253814147018
SAMD11,0.0015959048768316004,0.004975124378109453,6.566224395805472,BHLHE40_pDS258,0.0024271844660194
TTLL10,0.00014853958486220928,0.5621890547263682,-0.15774632952743714,BHLHE40_pDS258,0.0292995839112343
FAM132A,0.0006616886385799465,0.029850746268656716,0.5147454716713089,BHLHE40_pDS258,0.0050277392510402
SLC35E2,0.00023506137676568251,0.029850746268656716,-0.04154295590923117,BHLHE40_pDS258,0.0052011095700416
SMIM1,0.05478663254064758,0.004975124378109453,4.7347614442309105,BHLHE40_pDS258,0.0292995839112343
C1orf174,0.01778450866021914,0.3482587064676617,0.22361506303241532,BHLHE40_pDS258,0.2352635228848821
LINC01134,0.0009327433731852402,0.009950248756218905,3.379159409550738,BHLHE40_pDS258,0.0036407766990291
ERRFI1,0.0008778115892328707,0.004975124378109453,6.116860912097858,BHLHE40_pDS258,0.0032940360610263
RP4-635E18.8,0.0072077160190186,0.07960199004975124,1.2944812356819613,BHLHE40_pDS258,0.0114424410540915
RP4-635E18.6,0.00370586539953676,0.8955223880597015,-1.1545175492416897,BHLHE40_pDS258,0.0521844660194174
FBXO2,0.000731142775564752,0.024875621890547265,0.03583494983102038,BHLHE40_pDS258,0.0031206657420249
TMEM51,0.006184750738688015,0.13432835820895522,0.6265237523896808,BHLHE40_pDS258,0.012135922330097
FBLIM1,0.001134542154622197,0.004975124378109453,7.488900231403108,BHLHE40_pDS258,0.0017337031900138
SPEN,0.007900970934739762,0.7114427860696517,-0.737597693827198,BHLHE40_pDS258,0.0292995839112343
ZBTB17,0.010277207002569653,0.30845771144278605,0.589111506299228,BHLHE40_pDS258,0.0532246879334257
C1orf134,0.0012327043848540825,0.004975124378109453,6.3409300755009,BHLHE40_pDS258,0.002253814147018
RP4-798A10.7,0.0002332948931237429,0.004975124378109453,6.4486379320167915,BHLHE40_pDS258,0.0032940360610263
ACTL8,0.0040230405530678965,0.7761194029850746,-0.8962245931655308,BHLHE40_pDS258,0.0240984743411927
RP1-43E13.2,0.002757451502598443,0.05970149253731343,1.8958565861163637,BHLHE40_pDS258,0.0058945908460471
TMCO4,8.684329236912616e-05,0.9303482587064676,-1.3214056785703707,BHLHE40_pDS258,0.0024271844660194
PINK1-AS,9.74738195964868e-05,0.009950248756218905,0.34919416329821384,BHLHE40_pDS258,0.0036407766990291
ECE1,0.00687469533550202,0.3582089552238806,0.4534692622246749,BHLHE40_pDS258,0.0214979195561719
LUZP1,0.012727626019734688,0.6119402985074627,-0.3928005614610653,BHLHE40_pDS258,0.2801664355062413
ID3,0.008295562515774832,0.4626865671641791,-0.08346916826075987,BHLHE40_pDS258,0.0481969486823855
SYF2,0.02325117366192709,0.417910447761194,0.060582139577986305,BHLHE40_pDS258,0.614251040221914
C1orf63,0.010227912235648524,0.8009950248756219,-0.8041140388925406,BHLHE40_pDS258,0.3191747572815534
RP3-465N24.6,0.000528595754147282,0.12437810945273632,-0.1834443585600606,BHLHE40_pDS258,0.0069348127600554
PAQR7,0.0006496824331914321,0.01990049751243781,0.37670431342227245,BHLHE40_pDS258,0.0050277392510402
STMN1,0.1416436017268265,0.004975124378109453,8.982000821976044,BHLHE40_pDS258,5.130721220527046
PDIK1L,0.008999972387028933,0.08955223880597014,1.277978831539969,BHLHE40_pDS258,0.0240984743411927
SH3BGRL3,0.33165578606381896,0.004975124378109453,18.760736678085348,BHLHE40_pDS258,2.945735090152566
CD52,0.1006428901463085,0.004975124378109453,12.22935251206306,BHLHE40_pDS258,0.164008321775312
RPS6KA1,0.029518148072441925,0.004975124378109453,3.266860983381873,BHLHE40_pDS258,0.1414701803051317
C1orf172,0.00027470156375522796,0.0845771144278607,-0.15725142481880844,BHLHE40_pDS258,0.0292995839112343
SYTL1,0.0013285358999592213,0.22885572139303484,-0.18315121650867291,BHLHE40_pDS258,0.006761442441054
GPR3,0.00026732266528024426,1.0,-0.760550838536694,BHLHE40_pDS258,0.0292995839112343
RP1-159A19.4,0.0003271233843235877,0.31840796019900497,-0.11757866625871904,BHLHE40_pDS258,0.0050277392510402
SESN2,0.011146910470228581,0.373134328358209,0.08572037905592676,BHLHE40_pDS258,0.0887656033287101
SNHG12,0.021583041359078518,0.15920398009950248,1.0928576203803497,BHLHE40_pDS258,0.1941747572815534
RAB42,0.0005820605076215918,0.09950248756218906,0.8114867589318913,BHLHE40_pDS258,0.0020804438280166
YTHDF2,0.017909828667335943,0.6716417910447762,-0.6299174583183699,BHLHE40_pDS258,0.6406033287101248
LAPTM5,0.1272730949104356,0.004975124378109453,9.007933563420602,BHLHE40_pDS258,2.2987170596393898
SDC3,0.0005599876250209729,0.004975124378109453,3.870561139408296,BHLHE40_pDS258,0.0034674063800277
CCDC28B,0.022293326379247955,0.5671641791044776,-0.3367392868255627,BHLHE40_pDS258,0.9011789181692096
BSDC1,0.012800112555025514,0.7313432835820896,-0.6918173625440542,BHLHE40_pDS258,0.3623439667128987
ZBTB8A,0.013162309366317581,0.01990049751243781,2.754878599847193,BHLHE40_pDS258,0.0331137309292649
CLSPN,0.0188694040510557,0.8855721393034826,-1.0813761859799464,BHLHE40_pDS258,1.674410540915395
THRAP3,0.041611337449804456,0.14427860696517414,0.850169949191435,BHLHE40_pDS258,1.802357836338419
EVA1B,0.023749044717518916,0.21393034825870647,0.6868261736675603,BHLHE40_pDS258,0.2869278779472954
CSF3R,0.006457025683698291,0.23880597014925373,0.9924325337476937,BHLHE40_pDS258,0.0275658807212205
CDCA8,0.01929060183846983,0.7512437810945274,-0.7405661367465389,BHLHE40_pDS258,0.6059292649098474
FHL3,0.06276497820783762,0.014925373134328358,3.7382800544996644,BHLHE40_pDS258,0.6312413314840499
KIAA0754,0.002981370613653446,0.7960199004975125,-1.0102625058395698,BHLHE40_pDS258,0.0112690707350901
RP1-118J21.25,0.00021516884994875364,0.9850746268656716,-0.4532326272383887,BHLHE40_pDS258,0.0078016643550624
MYCL,0.0025290316433746163,0.6915422885572139,-0.8399579271756533,BHLHE40_pDS258,0.0334604715672676
CAP1,0.11688643294133973,0.004975124378109453,7.338168996035107,BHLHE40_pDS258,1.8044382801664356
RP1-39G22.7,0.018524966248998704,0.43781094527363185,-0.10925989006860452,BHLHE40_pDS258,0.0292995839112343
RIMS3,0.000551719810888529,0.19402985074626866,-0.2450644603655125,BHLHE40_pDS258,0.0084951456310679
RIMKLA,0.00020845125142232546,0.004975124378109453,5.383922508752379,BHLHE40_pDS258,0.0026005547850208
EBNA1BP2,0.024004011554560337,0.7810945273631841,-0.7053778928629016,BHLHE40_pDS258,4.639563106796117
CDC20,0.028424795092470204,0.36318407960199006,0.11866962880505869,BHLHE40_pDS258,0.8997919556171984
HYI,0.0077265422902059655,0.6865671641791045,-0.6938377944797325,BHLHE40_pDS258,0.0292995839112343
ST3GAL3,0.0064952661395370394,0.4079601990049751,0.14326590451501084,BHLHE40_pDS258,0.0292995839112343
RP11-7O11.3,0.005044162845051221,0.845771144278607,-0.22977556999038606,BHLHE40_pDS258,0.0088418862690707
CCDC24,0.003553597417543661,0.3681592039800995,0.02055021563623976,BHLHE40_pDS258,0.0244452149791955
PTCH2,0.000129723329982049,0.004975124378109453,5.709133573999058,BHLHE40_pDS258,0.0038141470180305
PRDX1,0.12476892108074833,0.004975124378109453,12.737992932261589,BHLHE40_pDS258,12.192961165048544
RP4-533D7.5,0.0006060328766466547,0.004975124378109453,6.560911758966083,BHLHE40_pDS258,0.0029472954230235
CYP4A22-AS1,0.00024063774812630204,0.004975124378109453,5.549746574950658,BHLHE40_pDS258,0.002253814147018
LINC00853,0.0004959843510387967,0.2835820895522388,-0.4825356514502142,BHLHE40_pDS258,0.0114424410540915
RP1-18D14.7,0.00030299447879765696,0.004975124378109453,3.6526102031464855,BHLHE40_pDS258,0.0027739251040221
RNF11,0.007862432129135346,0.6019900497512438,-0.3803167606927127,BHLHE40_pDS258,0.1314147018030513
RP11-191G24.1,0.0010350417308241267,0.1044776119402985,-0.013162236446856398,BHLHE40_pDS258,0.0071081830790568
TXNDC12,0.04016991167893287,0.21393034825870647,0.8098112615748583,BHLHE40_pDS258,1.34500693481276
ZYG11B,0.0038937033934033564,0.7114427860696517,-0.7604603693595843,BHLHE40_pDS258,0.065880721220527
TMEM59,0.04420528340075048,0.208955223880597,0.7859516597896454,BHLHE40_pDS258,1.774618585298197
RP11-67L3.4,0.0006519809495205853,0.8159203980099502,-0.8592163879964326,BHLHE40_pDS258,0.0133495145631067
JUN,0.022816041102598845,0.04975124378109453,2.1073133870679537,BHLHE40_pDS258,0.1045423023578363
RP4-794H19.1,0.0002942201736669621,0.004975124378109453,6.098557576452655,BHLHE40_pDS258,0.0027739251040221
RP4-792G4.2,0.03325716674928949,0.014925373134328358,2.6145970511412946,BHLHE40_pDS258,0.1737170596393897
JAK1,0.04116758376225809,0.009950248756218905,3.1954624085579506,BHLHE40_pDS258,0.2609223300970874
GADD45A,0.06523734637324552,0.01990049751243781,2.8475911222986485,BHLHE40_pDS258,1.6471914008321775
DEPDC1,0.011792233622787154,0.5771144278606966,-0.4533390496962889,BHLHE40_pDS258,0.1858529819694868
SLC44A5,0.00015584748179262113,0.004975124378109453,5.238892356189383,BHLHE40_pDS258,0.0026005547850208
DNAJB4,0.008313685060855768,0.2537313432835821,0.41043828664285326,BHLHE40_pDS258,0.0457697642163661
PRKACB,0.006975633379989041,0.09950248756218906,0.9594364673083512,BHLHE40_pDS258,0.0088418862690707
CTBS,0.01586185277617027,0.23383084577114427,0.76374142291502,BHLHE40_pDS258,0.0292995839112343
ODF2L,0.018833874566945588,0.6069651741293532,-0.3431794702462037,BHLHE40_pDS258,0.4259708737864077
CLCA1,0.07969499484908407,0.004975124378109453,5.529438274996725,BHLHE40_pDS258,0.5022538141470181
RP4-612B15.3,0.008167085064919047,0.004975124378109453,2.650094407418937,BHLHE40_pDS258,0.0083217753120665
PKN2,0.016930214899592483,0.13930348258706468,1.1567620778081031,BHLHE40_pDS258,0.0948335644937586
GTF2B,0.020336122167116635,0.2935323383084577,0.21945405823784747,BHLHE40_pDS258,0.3368585298196949
ZNF326,0.02137749284960946,0.5323383084577115,-0.3289659026178883,BHLHE40_pDS258,0.574375866851595
BTBD8,0.00016089607621383136,0.014925373134328358,0.1858893229761331,BHLHE40_pDS258,0.004507628294036
FNBP1L,0.005298098689989661,0.6318407960199005,-0.2940210490617167,BHLHE40_pDS258,0.0292995839112343
DNTTIP2,0.02132786497105642,0.4925373134328358,-0.10946295756803777,BHLHE40_pDS258,0.6139042995839112
RWDD3,0.0001303625208007605,0.11940298507462686,-0.09199335275144223,BHLHE40_pDS258,0.0041608876560332
PTBP2,0.00182122840614996,0.6865671641791045,-0.7804412592699874,BHLHE40_pDS258,0.0242718446601941
RP4-549L20.3,0.003244769218763095,0.746268656716418,-1.1032911369702862,BHLHE40_pDS258,0.0110957004160887
STXBP3,0.003857356355339198,0.9751243781094527,-1.468010241562924,BHLHE40_pDS258,0.0738557558945908
WDR47,0.0009455316000970051,1.0,-0.839970381714606,BHLHE40_pDS258,0.0078016643550624
RP5-1065J22.8,0.005869254109153158,0.7512437810945274,-0.3439207073243216,BHLHE40_pDS258,0.0232316227461858
KIAA1324,8.051535494763624e-05,1.0,-2.8301567688159164,BHLHE40_pDS258,0.002253814147018
GSTM2,0.00023305716329141533,0.263681592039801,1.0458287033736033,BHLHE40_pDS258,0.0029472954230235
RP5-1074L1.4,0.0019210636865979957,0.8507462686567164,-0.9107152189681375,BHLHE40_pDS258,0.0287794729542302
LAMTOR5-AS1,0.0013036434988445845,0.8656716417910447,-1.2220638854930013,BHLHE40_pDS258,0.0292995839112343
CD53,0.042813258114440825,0.01990049751243781,2.954165411930105,BHLHE40_pDS258,0.211511789181692
LRIF1,0.020583985089141152,0.4427860696517413,-0.10839629380057367,BHLHE40_pDS258,0.3743065187239944
DENND2D,0.016769261771804992,0.6268656716417911,-0.4625277920009245,BHLHE40_pDS258,0.5892857142857143
CHI3L2,0.643203880364182,0.004975124378109453,39.86871620694995,BHLHE40_pDS258,2.55253120665742
OVGP1,0.00018836619309165432,0.9751243781094527,-1.6796855219898879,BHLHE40_pDS258,0.002253814147018
RHOC,0.041413672894108654,0.15422885572139303,0.9228616227638563,BHLHE40_pDS258,1.1385228848821085
ZNF697,0.000757625977359939,0.029850746268656716,0.7800440751829215,BHLHE40_pDS258,0.0038141470180305
PHGDH,0.015504707956753497,0.35323383084577115,0.10046511457562192,BHLHE40_pDS258,0.209257975034674
RP11-417J8.6,0.00036184040890990436,1.0,-0.40200671081515155,BHLHE40_pDS258,0.004507628294036
NBPF10,0.0034627337574029532,0.7562189054726368,-0.9001638610428877,BHLHE40_pDS258,0.0445561719833564
TXNIP,0.018088063461684005,0.3582089552238806,0.2129645276820972,BHLHE40_pDS258,0.1633148404993065
ITGA10,0.00012669921704443185,0.004975124378109453,3.807317459506418,BHLHE40_pDS258,0.002253814147018
RP11-337C18.8,0.00499781850743231,0.6119402985074627,0.2336454331601282,BHLHE40_pDS258,0.0123092926490984
RP11-14N7.2,0.0047481538538012985,0.4079601990049751,-0.06723368849219816,BHLHE40_pDS258,0.0254854368932038
RP11-277L2.3,0.00010172779275607813,0.8756218905472637,-0.2939396718688173,BHLHE40_pDS258,0.0017337031900138
HIST2H2BF,0.00016579733931569108,0.004975124378109453,4.40115785423475,BHLHE40_pDS258,0.002253814147018
RP11-196G18.24,0.0034554465435661028,0.3582089552238806,-0.08373559240615848,BHLHE40_pDS258,0.0142163661581137
HIST2H2BE,0.0067677377311227355,1.0,-1.5076165068552594,BHLHE40_pDS258,0.1180651872399445
HIST2H2AC,0.019060448802835066,0.417910447761194,0.00550068288939988,BHLHE40_pDS258,0.2548543689320388
SV2A,0.000563839020651879,0.42786069651741293,-0.2753986621506202,BHLHE40_pDS258,0.0292995839112343
RPRD2,0.010488698883854206,0.43283582089552236,-0.050816415983898425,BHLHE40_pDS258,0.0957004160887656
ECM1,0.008494183191171319,0.004975124378109453,2.647372841285732,BHLHE40_pDS258,0.0124826629680998
LINC00568,0.0003546510684431062,0.06467661691542288,0.00879731760311772,BHLHE40_pDS258,0.0053744798890429
MCL1,0.017164323432721493,0.527363184079602,-0.32971318760411317,BHLHE40_pDS258,0.3876560332871012
CTSS,0.03598686884026782,0.004975124378109453,4.560789951679565,BHLHE40_pDS258,0.1078363384188626
FAM63A,0.001858385154025855,0.6766169154228856,-0.6707194751951758,BHLHE40_pDS258,0.012135922330097
C1orf56,0.005347566866293272,0.2537313432835821,0.6811305973013626,BHLHE40_pDS258,0.0166435506241331
CDC42SE1,0.015158412728256777,0.4975124378109453,-0.3065409391087388,BHLHE40_pDS258,0.2761789181692094
MLLT11,0.022241650286319914,0.5472636815920398,-0.2863262745067085,BHLHE40_pDS258,0.5773231622746186
LYSMD1,0.00021573601628968356,0.21393034825870647,-0.38533284605863166,BHLHE40_pDS258,0.0069348127600554
S100A11,0.04322719347738068,0.21890547263681592,0.7318853386782166,BHLHE40_pDS258,2.162274618585298
S100A4,0.02427084684691763,0.13930348258706468,1.12665607569823,BHLHE40_pDS258,0.2009361997226074
S100A16,0.0006413388741187605,0.004975124378109453,3.54607996839832,BHLHE40_pDS258,0.0292995839112343
S100A13,0.07189563339171827,0.004975124378109453,4.254801984477556,BHLHE40_pDS258,0.6217059639389736
S100A1,0.00365575299642515,0.8258706467661692,-0.9996537654860138,BHLHE40_pDS258,0.052877947295423
RP1-178F15.4,0.006818622614599665,0.04975124378109453,1.158185995300099,BHLHE40_pDS258,0.0136962552011095
RAB13,0.0009061580017072997,0.029850746268656716,1.1736912238878685,BHLHE40_pDS258,0.0055478502080443
PBXIP1,0.002097772676424056,0.5174129353233831,-0.5402069827683684,BHLHE40_pDS258,0.0123092926490984
MUC1,0.007746771683490958,0.3034825870646766,0.42710747095005624,BHLHE40_pDS258,0.0273925104022191
THBS3,0.0010596120959783762,0.1691542288557214,0.13004478018271987,BHLHE40_pDS258,0.0039875173370319
FDPS,0.046462814328685244,0.13432835820895522,1.2030306902261652,BHLHE40_pDS258,2.542995839112344
RAB25,0.000365932933335884,0.004975124378109453,3.8350262100766397,BHLHE40_pDS258,0.0020804438280166
LMNA,0.024914206589739446,0.21393034825870647,0.6091192023322216,BHLHE40_pDS258,0.3770804438280166
C1orf61,0.007657841521411787,0.4427860696517413,-0.13212456417525034,BHLHE40_pDS258,0.0454230235783633
MEF2D,0.002719828450697225,0.8208955223880597,-1.1885067262518585,BHLHE40_pDS258,0.0211511789181692
HAPLN2,0.009947291900634434,0.05472636815920398,1.9162354745740655,BHLHE40_pDS258,0.0164701803051317
RP11-284F21.9,0.0006855234514822814,1.0,-0.5084544818729336,BHLHE40_pDS258,0.009882108183079
CRABP2,0.0008229560868431119,0.004975124378109453,4.342522830639322,BHLHE40_pDS258,0.002253814147018
SH2D2A,0.014105757387797287,0.004975124378109453,3.2211575024610952,BHLHE40_pDS258,0.029126213592233
NTRK1,0.02538322296853136,0.004975124378109453,3.6684268773950097,BHLHE40_pDS258,0.0825242718446602
PEA15,0.005254841851772886,0.8009950248756219,-0.9244956131690678,BHLHE40_pDS258,0.1289875173370319
RP11-574F21.2,0.00016941675495567803,0.6019900497512438,-0.18357052013081848,BHLHE40_pDS258,0.0046809986130374
NCSTN,0.026033200455224895,0.06965174129353234,1.6115245967264615,BHLHE40_pDS258,0.1704230235783634
NHLH1,0.0010088049116605475,0.05970149253731343,0.38502487455833667,BHLHE40_pDS258,0.0031206657420249
VANGL2,0.0021731825591326894,0.8109452736318408,-0.9572685285384961,BHLHE40_pDS258,0.0292995839112343
SLAMF6,0.00024727056899000145,0.009950248756218905,0.5031172347842854,BHLHE40_pDS258,0.0292995839112343
ARHGAP30,0.0007626817062813188,0.004975124378109453,6.540576752859849,BHLHE40_pDS258,0.0017337031900138
PFDN2,0.03254853948712463,0.35323383084577115,0.20022475985881205,BHLHE40_pDS258,4.19625520110957
RP11-297K8.2,7.644724075896566e-05,0.681592039800995,-0.5148393643197281,BHLHE40_pDS258,0.002253814147018
USP21,0.012460817991549217,0.3383084577114428,0.20065843013433726,BHLHE40_pDS258,0.0643203883495145
FCER1G,0.015078608209649744,0.7164179104477612,-0.6127266079678895,BHLHE40_pDS258,0.4729542302357836
FCGR2A,0.05736505825261856,0.004975124378109453,10.65463910623363,BHLHE40_pDS258,0.0721220527045769
PBX1,0.00040397060993465435,0.004975124378109453,5.625512693266133,BHLHE40_pDS258,0.0024271844660194
TMCO1,0.0433567245569374,0.1691542288557214,1.1669814699591685,BHLHE40_pDS258,1.844486823855756
RP11-277B15.3,0.0013448277398608963,0.9502487562189055,-1.7570517319626657,BHLHE40_pDS258,0.0223647711511789
MPC2,0.12885351535594103,0.004975124378109453,7.655325613135608,BHLHE40_pDS258,1.444174757281553
GORAB,0.003257426010972495,0.6069651741293532,-0.5728251974764174,BHLHE40_pDS258,0.039008321775312
TOR3A,0.06764057915498475,0.014925373134328358,3.253954761700295,BHLHE40_pDS258,0.9927184466019418
ABL2,0.014279449650900604,0.36318407960199006,0.09836971250689275,BHLHE40_pDS258,0.1950416088765603
RP11-533E19.7,0.0024014608330663986,0.5024875621890548,-0.3501551900687757,BHLHE40_pDS258,0.0133495145631067
KIAA1614,0.00017197151487330462,0.5970149253731343,-0.3312088810455335,BHLHE40_pDS258,0.0048543689320388
RP11-46A10.4,0.00029021903656591434,0.9950248756218906,-0.4246698949616595,BHLHE40_pDS258,0.006761442441054
IER5,0.00380296941518454,0.835820895522388,-0.9366329682408665,BHLHE40_pDS258,0.1104368932038835
RNASEL,0.0012813178514460603,0.9154228855721394,-1.4151422087250902,BHLHE40_pDS258,0.013002773925104
RGS16,0.11920437481009277,0.004975124378109453,12.20065947825495,BHLHE40_pDS258,0.2688973647711511
RP11-317P15.4,0.00019709721775452882,0.09950248756218906,-0.1922808116029518,BHLHE40_pDS258,0.0055478502080443
LAMC1,0.00022171505039846124,0.3383084577114428,0.32173617582001046,BHLHE40_pDS258,0.002253814147018
SWT1,0.00487652391084225,0.5771144278606966,0.11824051551481883,BHLHE40_pDS258,0.0086685159500693
C1orf27,0.01181186592521332,0.5074626865671642,-0.3211141481868995,BHLHE40_pDS258,0.2239944521497919
RP11-445P19.3,0.005391411488922292,0.4129353233830846,0.34480726810187345,BHLHE40_pDS258,0.0124826629680998
RGS2,0.008326908976124205,0.05970149253731343,1.5206059211538143,BHLHE40_pDS258,0.0220180305131761
ASPM,0.014311815364563003,0.7960199004975125,-0.8400510475286833,BHLHE40_pDS258,0.4264909847434119
ZBTB41,0.0009282029267181698,0.7661691542288557,-1.0976167690435767,BHLHE40_pDS258,0.0135228848821081
C1orf53,0.0168239161990174,0.13432835820895522,1.030616568863421,BHLHE40_pDS258,0.1333217753120665
IPO9-AS1,0.009089381617271861,0.14427860696517414,0.99432892319002,BHLHE40_pDS258,0.0277392510402219
PTPN7,0.07056261474287573,0.004975124378109453,5.84900936860303,BHLHE40_pDS258,0.2496532593619972
PCAT6,0.0014419179412923616,0.835820895522388,-0.9565374892957278,BHLHE40_pDS258,0.0178571428571428
BTG2,0.013383386088040206,0.14427860696517414,1.113798799918587,BHLHE40_pDS258,0.0710818307905686
ATP2B4,0.006479150774449413,0.25870646766169153,0.8235690767840366,BHLHE40_pDS258,0.0145631067961165
ZBED6,0.016070526853047672,0.04477611940298507,1.921355493399649,BHLHE40_pDS258,0.0397018030513176
ETNK2,0.0031359492951127687,0.6616915422885572,-0.682859860928562,BHLHE40_pDS258,0.0273925104022191
TMCC2,0.00021060111725234554,0.004975124378109453,4.851463366272739,BHLHE40_pDS258,0.0020804438280166
NUCKS1,0.050599627844310144,0.03980099502487562,2.0125280550717224,BHLHE40_pDS258,4.653952843273232
SLC41A1,0.010403186258270088,0.13432835820895522,1.0062228744624362,BHLHE40_pDS258,0.0292995839112343
RASSF5,0.01577940269930809,0.10945273631840796,1.4985638119542004,BHLHE40_pDS258,0.0662274618585298
DYRK3,0.011023723694679624,0.11940298507462686,1.4355869625202746,BHLHE40_pDS258,0.0407420249653259
YOD1,0.01809097032735557,0.22885572139303484,0.6401880936281854,BHLHE40_pDS258,0.0292995839112343
CD55,0.026773578892052962,0.24378109452736318,0.6045901776140548,BHLHE40_pDS258,0.4542302357836338
NEK2,0.00763325874573795,0.8606965174129353,-0.8968990451237288,BHLHE40_pDS258,0.1270804438280166
DTL,0.02276990239766432,0.21393034825870647,0.680974914962622,BHLHE40_pDS258,0.1861997226074896
NENF,0.02939978833471401,0.5472636815920398,-0.26586345888057594,BHLHE40_pDS258,2.623613037447989
ATF3,0.004591290382689752,0.31840796019900497,0.3237175000089533,BHLHE40_pDS258,0.0166435506241331
FLVCR1-AS1,0.009543675866789956,0.5970149253731343,-0.4315192538986568,BHLHE40_pDS258,0.138002773925104
VASH2,0.0003375065997048902,0.014925373134328358,2.2654251151881986,BHLHE40_pDS258,0.0024271844660194
CENPF,0.041820688284745645,0.1791044776119403,0.9998248150926577,BHLHE40_pDS258,1.3366851595006934
GPATCH2,0.005728612947127101,0.8955223880597015,-1.0916481156511488,BHLHE40_pDS258,0.14251040221914
MARC2,0.006637620357417914,0.5671641791044776,-0.01741140237380574,BHLHE40_pDS258,0.0249653259361997
HLA-AS1,0.00017202518156573504,0.1691542288557214,1.0058205298937786,BHLHE40_pDS258,0.002253814147018
DUSP10,0.017493381584022548,0.029850746268656716,2.2155833433865313,BHLHE40_pDS258,0.0412621359223301
TAF1A,0.003064991180608195,0.8258706467661692,-1.03884819058944,BHLHE40_pDS258,0.0511442441054091
RP11-378J18.8,0.0002927318769043766,0.23880597014925373,-0.22704394526401928,BHLHE40_pDS258,0.0057212205270457
DEGS1,0.023200707251019942,0.4129353233830846,0.04001696552132511,BHLHE40_pDS258,0.5164701803051318
WDR26,0.0215340937511407,0.13432835820895522,1.0653144732204576,BHLHE40_pDS258,0.1783980582524272
ENAH,0.0004653980284512767,0.9850746268656716,-0.7348163119124012,BHLHE40_pDS258,0.007628294036061
RP11-396C23.4,0.00016208412968922307,0.029850746268656716,1.8207104799192644,BHLHE40_pDS258,0.0024271844660194
C1orf35,0.029750228191382625,0.35323383084577115,0.16862767998119543,BHLHE40_pDS258,0.9733009708737864
GUK1,0.0485469187050199,0.07960199004975124,1.6125250781795046,BHLHE40_pDS258,4.968273231622746
RP4-803J11.2,0.0008583619914885857,0.004975124378109453,3.855358420930256,BHLHE40_pDS258,0.0017337031900138
RP5-1068B5.3,0.0033070144685100732,0.1044776119402985,1.2397596751500222,BHLHE40_pDS258,0.0050277392510402
GALNT2,0.013551298753763675,0.6119402985074627,-0.5329745532874361,BHLHE40_pDS258,0.2973300970873786
TTC13,0.007020661353672205,0.03980099502487562,1.300659346852351,BHLHE40_pDS258,0.0292995839112343
RP11-295G20.2,0.02734313162403293,0.26865671641791045,0.5086911859389,BHLHE40_pDS258,0.537621359223301
IRF2BP2,0.029343525167005554,0.06965174129353234,1.8691009514136983,BHLHE40_pDS258,0.2649098474341192
ARID4B,0.02470916634149011,0.3781094527363184,0.18533371830795045,BHLHE40_pDS258,0.5924063800277393
ERO1LB,0.0004832031749226037,0.009950248756218905,0.596964539724467,BHLHE40_pDS258,0.002253814147018
ACTN2,0.017964034133945955,0.05970149253731343,1.7029095380371546,BHLHE40_pDS258,0.0501040221914008
OPN3,0.0062351521755096475,0.8208955223880597,-1.0077979167214468,BHLHE40_pDS258,0.0292995839112343
ZBTB18,0.00024692608367267395,0.3482587064676617,-0.2668803414373326,BHLHE40_pDS258,0.0065880721220527
C1orf100,9.00104915620352e-05,0.9800995024875622,-2.1755641615423675,BHLHE40_pDS258,0.0024271844660194
HNRNPU-AS1,0.01675214716362863,0.2885572139303483,0.34387266458578325,BHLHE40_pDS258,0.0292995839112343
SMYD3,0.0389661034493576,0.25870646766169153,0.4835378151644494,BHLHE40_pDS258,1.082004160887656
C1orf229,0.002256721835014731,0.1691542288557214,0.495997060960133,BHLHE40_pDS258,0.007628294036061
SH3YL1,0.007229832767270237,0.10945273631840796,0.9621867011035049,BHLHE40_pDS258,0.022884882108183
RP11-557L19.1,0.00020918072365482923,1.0,-0.4670689763462703,BHLHE40_pDS258,0.0292995839112343
ID2,0.0001285258067695474,0.004975124378109453,4.929610650868017,BHLHE40_pDS258,0.0041608876560332
IAH1,0.000655063518469608,0.12935323383084577,0.023365441792543348,BHLHE40_pDS258,0.006761442441054
ADAM17,0.0064322428944874705,0.6915422885572139,-0.7060342195874587,BHLHE40_pDS258,0.0693481276005547
RP11-214N9.1,0.004697789121202647,0.3880597014925373,0.22215679514353492,BHLHE40_pDS258,0.0110957004160887
RP11-254F7.2,0.0028434046298462874,0.5323383084577115,-0.46202464739737803,BHLHE40_pDS258,0.0213245492371705
RP11-254F7.4,0.0030217670565984363,0.5771144278606966,-0.5571952819051186,BHLHE40_pDS258,0.0242718446601941
RRM2,0.02482079561288854,0.43283582089552236,-0.12290606465574122,BHLHE40_pDS258,0.77999306518724
RN7SL832P,0.006928422753224064,0.22885572139303484,0.673534178133054,BHLHE40_pDS258,0.0182038834951456
ATP6V1C2,0.0028011676558890265,0.15422885572139303,0.9983682528515413,BHLHE40_pDS258,0.0069348127600554
PQLC3,0.004521610637965047,0.6019900497512438,-0.49886816188957306,BHLHE40_pDS258,0.0742024965325936
AC096559.1,0.0035891585052845983,0.9402985074626866,-1.5685981658566475,BHLHE40_pDS258,0.0348474341192787
NBAS,0.027307243242650877,0.12437810945273632,1.3111769508327773,BHLHE40_pDS258,0.266123439667129
LINC00954,9.150084888608442e-05,1.0,-0.4332407310786275,BHLHE40_pDS258,0.0052011095700416
TTC32,0.006051542982502081,0.8905472636815921,-0.9420770118399774,BHLHE40_pDS258,0.1520457697642163
RHOB,0.008271901499266383,0.43283582089552236,-0.014889988307937604,BHLHE40_pDS258,0.0872052704576976
RP11-130L8.1,0.00016744226337992137,0.009950248756218905,0.19071967695738737,BHLHE40_pDS258,0.0034674063800277
PFN4,0.0002161212266501771,0.004975124378109453,4.340626659002049,BHLHE40_pDS258,0.0020804438280166
CENPA,0.05479299936100352,0.03482587064676617,2.7073432248370897,BHLHE40_pDS258,0.7685506241331485
FNDC4,0.008724339897589816,0.3333333333333333,0.09824264154476245,BHLHE40_pDS258,0.0563453536754507
FOSL2,0.000716485535544557,0.9751243781094527,-1.8040825880286777,BHLHE40_pDS258,0.0032940360610263
PPP1CB,0.021976777208452453,0.25870646766169153,0.5804570381012824,BHLHE40_pDS258,0.2375173370319001
YPEL5,0.015143670204530278,0.1890547263681592,0.710137242818055,BHLHE40_pDS258,0.1239597780859916
RP11-490M8.1,0.00791066428778882,0.0845771144278607,0.9184060726949088,BHLHE40_pDS258,0.0114424410540915
HEATR5B,0.0037135933666518485,0.43283582089552236,-0.20316077858926324,BHLHE40_pDS258,0.026005547850208
SRSF7,0.05777316802010754,0.024875621890547265,2.3268617406457093,BHLHE40_pDS258,4.757454923717059
KCNG3,0.0027068154510639267,0.6318407960199005,-0.4952750072508723,BHLHE40_pDS258,0.0088418862690707
PLEKHH2,0.008248030958953276,0.29850746268656714,0.380080660443849,BHLHE40_pDS258,0.0292995839112343
PREPL,0.013473369415110039,0.26865671641791045,0.4653741319120566,BHLHE40_pDS258,0.100381414701803
PRKCE,0.01213162855245769,0.014925373134328358,2.712151311527462,BHLHE40_pDS258,0.0195908460471567
EPAS1,0.006139618173556206,0.746268656716418,-0.42262651289494574,BHLHE40_pDS258,0.0292995839112343
SOCS5,0.003944542554582778,0.8059701492537313,-0.7953115756428841,BHLHE40_pDS258,0.0218446601941747
MSH6,0.010022752228881854,0.9751243781094527,-1.3003719993637133,BHLHE40_pDS258,0.3486477115117892
RTN4,0.11864578058890775,0.004975124378109453,7.247591562108427,BHLHE40_pDS258,2.9277045769764216
RPS27A,0.014552446608688006,0.47761194029850745,-0.22943114663689812,BHLHE40_pDS258,60.4752080443828
PUS10,0.009978752069255357,0.13432835820895522,0.9613384961749012,BHLHE40_pDS258,0.0327669902912621
RP11-355B11.2,0.00015466993321117288,0.8407960199004975,-0.36736948911907813,BHLHE40_pDS258,0.0048543689320388
FAM161A,0.009873064707237155,0.2935323383084577,0.41129396780075267,BHLHE40_pDS258,0.0488904299583911
AC009501.4,0.0005360969099092171,0.024875621890547265,0.026196768980315872,BHLHE40_pDS258,0.0046809986130374
PELI1,0.005489149564221645,0.35323383084577115,0.0316036228049539,BHLHE40_pDS258,0.0292995839112343
RP11-568N6.1,0.0005831916551925607,0.009950248756218905,0.727890922735045,BHLHE40_pDS258,0.0031206657420249
AFTPH,0.01178866156436266,0.19900497512437812,0.9259754041167042,BHLHE40_pDS258,0.058252427184466
AC074391.1,0.00010047964293783467,0.004975124378109453,6.741076542908627,BHLHE40_pDS258,0.0292995839112343
APLF,0.00016488903807005282,0.21890547263681592,0.9049845061124876,BHLHE40_pDS258,0.0034674063800277
ANTXR1,0.003040616912701431,0.572139303482587,-0.21679590614644767,BHLHE40_pDS258,0.0091886269070735
AAK1,0.00945901951378211,0.19900497512437812,0.7370435647272722,BHLHE40_pDS258,0.0350208044382801
MXD1,0.014790822933737556,0.014925373134328358,2.4647309401616457,BHLHE40_pDS258,0.0261789181692094
AC016700.5,0.007632251033772099,0.024875621890547265,2.004885610744227,BHLHE40_pDS258,0.0187239944521497
MPHOSPH10,0.02680876363323046,0.39303482587064675,0.08866137474619654,BHLHE40_pDS258,0.7869278779472955
EXOC6B,0.0011502541312271985,0.03482587064676617,0.48305066743937825,BHLHE40_pDS258,0.0046809986130374
WDR54,0.02847145278906552,0.024875621890547265,2.814950177580955,BHLHE40_pDS258,0.1421636615811373
PCGF1,0.0033135908190376198,0.7064676616915423,-0.7660225474707133,BHLHE40_pDS258,0.0762829403606102
TMSB10,0.09946221412749223,0.004975124378109453,5.078891339242167,BHLHE40_pDS258,5.879854368932039
CAPG,0.05259056851966435,0.004975124378109453,4.68824537437641,BHLHE40_pDS258,0.2610957004160887
VAMP5,0.008482646749967898,0.07960199004975124,1.637779506284631,BHLHE40_pDS258,0.0143897364771151
RP11-301O19.1,0.002373134830613102,0.945273631840796,-1.66373667297069,BHLHE40_pDS258,0.031380027739251
AC062029.1,0.0006200700208409673,0.004975124378109453,5.908369599222507,BHLHE40_pDS258,0.002253814147018
TEKT4,0.0023672547584611143,0.7761194029850746,-0.7783914968426252,BHLHE40_pDS258,0.058252427184466
ANKRD36C,0.001851513685018153,0.9850746268656716,-1.695828305063433,BHLHE40_pDS258,0.0292995839112343
LMAN2L,0.0023387335233019503,0.9104477611940298,-1.0000393338506,BHLHE40_pDS258,0.0575589459084604
SEMA4C,0.0070103092847727715,0.8109452736318408,-0.9251687624023732,BHLHE40_pDS258,0.0878987517337031
FAM178B,0.08641536440362658,0.009950248756218905,3.7536162655182386,BHLHE40_pDS258,0.9675797503467406
LINC01125,4.969734470012568e-05,0.0845771144278607,1.3097609602982514,BHLHE40_pDS258,0.0041608876560332
ZAP70,0.00015979600116739366,0.004975124378109453,3.2384489382766466,BHLHE40_pDS258,0.0292995839112343
MGAT4A,0.0007292826114188349,0.01990049751243781,0.8747090004977209,BHLHE40_pDS258,0.0036407766990291
C2orf15,0.00010299719273373112,0.6766169154228856,-0.36062877284681255,BHLHE40_pDS258,0.0017337031900138
LYG1,0.00042409829977247695,0.12437810945273632,-0.27258554139260804,BHLHE40_pDS258,0.0058945908460471
LONRF2,0.006449205879542946,0.572139303482587,-0.1402861964276444,BHLHE40_pDS258,0.034500693481276
IL1R1,0.0007809158429030618,0.9601990049751243,-0.9253068277475248,BHLHE40_pDS258,0.0292995839112343
IL18R1,0.001433340265932447,0.6417910447761194,-0.6282019546245274,BHLHE40_pDS258,0.0166435506241331
AC108868.6,0.0001575741156354378,0.014925373134328358,0.5343258296214136,BHLHE40_pDS258,0.1704230235783634
SULT1C4,0.00033431029715301843,0.004975124378109453,1.9718320507788123,BHLHE40_pDS258,0.0032940360610263
GCC2,0.02288989978750293,0.1791044776119403,0.7945198806643863,BHLHE40_pDS258,0.0292995839112343
MIR4435-1HG,0.02336978817814477,0.4626865671641791,-0.08968788821287926,BHLHE40_pDS258,0.6277739251040222
RP11-181E10.3,0.00018658744744729275,0.527363184079602,-0.22674491117080844,BHLHE40_pDS258,0.0069348127600554
SLC20A1,0.03496503742755754,0.06467661691542288,1.8601726918020502,BHLHE40_pDS258,0.3531553398058252
NT5DC4,0.004998492309761037,0.35323383084577115,0.037130004073596914,BHLHE40_pDS258,0.0221914008321775
PAX8,0.0024388466294811167,0.5124378109452736,-0.049090221889130446,BHLHE40_pDS258,0.0083217753120665
DPP10,0.0010107860352395314,1.0,-0.968310357611863,BHLHE40_pDS258,0.0194174757281553
AC093901.1,0.00017023652853494976,0.004975124378109453,5.567875005576538,BHLHE40_pDS258,0.0020804438280166
EPB41L5,0.0025903541273715673,0.7711442786069652,-0.8727697296702767,BHLHE40_pDS258,0.0292995839112343
RALB,0.00938700868585487,0.527363184079602,-0.2807714617049927,BHLHE40_pDS258,0.1140776699029126
RP5-935K16.1,0.006414749360328831,0.7562189054726368,-0.7347676340846896,BHLHE40_pDS258,0.0449029126213592
HNMT,0.002222071780387424,0.03980099502487562,0.8617348150591256,BHLHE40_pDS258,0.0043342579750346
SPOPL,0.0005019666377184856,0.9104477611940298,-0.9194640464777648,BHLHE40_pDS258,0.0178571428571428
MMADHC,0.031177409631716755,0.38308457711442784,0.18226012711992284,BHLHE40_pDS258,1.1222260748959778
RBM43,0.002832379501947669,0.5970149253731343,-0.6873071452647381,BHLHE40_pDS258,0.0272191400832177
NEB,0.0009211013438936702,0.004975124378109453,5.194998751768781,BHLHE40_pDS258,0.0032940360610263
AC009506.1,0.012519959685709557,0.12935323383084577,1.2586899717103206,BHLHE40_pDS258,0.0417822468793342
PSMD14,0.03975869399522452,0.208955223880597,0.7309486055644628,BHLHE40_pDS258,1.7910887656033287
SCN9A,0.0011237190290041192,0.2935323383084577,-0.20778325501537379,BHLHE40_pDS258,0.0138696255201109
LRP2,0.0002569664371848626,0.9800995024875622,-0.11669897474855956,BHLHE40_pDS258,0.0079750346740638
SSB,0.04045032007996294,0.19402985074626866,0.8141401237732788,BHLHE40_pDS258,3.686719833564494
AC007405.4,0.00709390276506776,0.31840796019900497,0.017390402341286217,BHLHE40_pDS258,0.0381414701803051
ERICH2,0.0029855291036912706,0.9701492537313433,-1.5857750839350222,BHLHE40_pDS258,0.0292995839112343
GAD1,0.02882826772022843,0.4129353233830846,-0.04851328551311486,BHLHE40_pDS258,1.2581484049930651
AC068039.4,0.00036002791732139605,0.01990049751243781,0.11047782935402242,BHLHE40_pDS258,0.0041608876560332
AC078883.3,0.0001609923494665802,0.9900497512437811,-0.6942834148227872,BHLHE40_pDS258,0.0017337031900138
AC093818.1,0.013804085927485797,0.004975124378109453,3.6674397423882117,BHLHE40_pDS258,0.0142163661581137
NFE2L2,0.023386869345576215,0.26865671641791045,0.452351454836457,BHLHE40_pDS258,0.3597434119278779
RP11-438L19.1,0.00025350208688364455,0.44776119402985076,-0.33839005643886355,BHLHE40_pDS258,0.0072815533980582
AC008174.3,0.0009480833531112486,0.024875621890547265,2.2602570453828217,BHLHE40_pDS258,0.0038141470180305
AC097500.2,0.00020842069379586962,0.3034825870646766,0.5886207321040486,BHLHE40_pDS258,0.0026005547850208
TFPI,0.012432314061229938,0.208955223880597,0.817814343282933,BHLHE40_pDS258,0.0830443828016643
COL5A2,8.299551097308405e-05,1.0,-3.9288715304335677,BHLHE40_pDS258,0.0026005547850208
ANKAR,0.00032839624874727533,0.9054726368159204,-1.2133465853032352,BHLHE40_pDS258,0.002253814147018
RP11-647K16.1,0.00021394020484881857,0.009950248756218905,0.7162298055252979,BHLHE40_pDS258,0.0039875173370319
AC093388.3,0.004643161358282496,0.6766169154228856,0.05915430691142428,BHLHE40_pDS258,0.0102288488210818
SDPR,0.008333633830131639,0.009950248756218905,2.8024732131698715,BHLHE40_pDS258,0.0156033287101248
SLC39A10,0.013638113200977605,0.44776119402985076,-0.03921714064547684,BHLHE40_pDS258,0.1782246879334258
AC020571.3,0.0028563189983020426,0.36318407960199006,0.18815623702343057,BHLHE40_pDS258,0.0095353675450762
HSPD1,0.07545724493217977,0.004975124378109453,5.786703654740878,BHLHE40_pDS258,8.168515950069349
HSPE1,0.03064992860989582,0.24875621890547264,0.3992164630600668,BHLHE40_pDS258,11.248613037447988
SGOL2,0.01672172638901211,0.5671641791044776,-0.313848751280563,BHLHE40_pDS258,0.2990638002773925
RP11-469M7.1,0.000364016469847539,0.900497512437811,-0.4381022163776747,BHLHE40_pDS258,0.0050277392510402
CLK1,0.008695497944342505,0.6119402985074627,-0.4647076357173901,BHLHE40_pDS258,0.0870319001386962
CFLAR,0.01607029618935372,0.5373134328358209,-0.33715398344001685,BHLHE40_pDS258,0.3777739251040222
CASP8,0.010181978371272122,0.4925373134328358,-0.17469500642281585,BHLHE40_pDS258,0.1173717059639389
STRADB,0.021901940417637666,0.19402985074626866,0.9298304904712363,BHLHE40_pDS258,0.1745839112343966
RP11-686O6.2,0.0007592714358753436,0.9950248756218906,-1.1795470011110138,BHLHE40_pDS258,0.0109223300970873
CREB1,0.011152706070857114,0.5124378109452736,-0.2108751067082521,BHLHE40_pDS258,0.143377253814147
AC096772.6,0.0002461575635280176,0.004975124378109453,5.684945974301494,BHLHE40_pDS258,0.0038141470180305
PTH2R,0.007630275581309486,0.1791044776119403,0.8780124355674289,BHLHE40_pDS258,0.0188973647711511
KANSL1L,0.0002541914830333657,0.527363184079602,-0.3784611776981285,BHLHE40_pDS258,0.004507628294036
AC007038.7,0.00015356496761928355,0.9303482587064676,-1.4911064720009528,BHLHE40_pDS258,0.0292995839112343
MREG,0.0006012823435522385,0.9900497512437811,-0.997636959374768,BHLHE40_pDS258,0.0161234396671289
RP11-566E18.3,0.007577353776639031,0.05472636815920398,1.6629000282602322,BHLHE40_pDS258,0.0123092926490984
IGFBP2,0.02955683223322193,0.004975124378109453,5.9483318398193425,BHLHE40_pDS258,0.0601595006934812
C2orf62,0.00014865601007278293,0.004975124378109453,5.423517450349665,BHLHE40_pDS258,0.0020804438280166
RP11-378A13.2,0.0024088938538028844,0.5074626865671642,-0.427826612645557,BHLHE40_pDS258,0.0136962552011095
RQCD1,0.020562907773153585,0.14427860696517414,1.0506195886251422,BHLHE40_pDS258,0.1392163661581137
STK36,0.007796448101667303,0.01990049751243781,2.057403186617193,BHLHE40_pDS258,0.0133495145631067
FEV,0.027252330819173935,0.03980099502487562,2.159563845911278,BHLHE40_pDS258,0.1255201109570041
DNAJB2,0.007282420654281932,0.3283582089552239,0.6115506625617985,BHLHE40_pDS258,0.0292995839112343
PTPRN,0.001476033527349735,0.7711442786069652,-0.7855430646466817,BHLHE40_pDS258,0.0211511789181692
GMPPA,0.16024317635043928,0.004975124378109453,13.504134472641608,BHLHE40_pDS258,1.0700416088765603
INHA,0.0027985630348473273,0.5621890547263682,-0.5287889991514789,BHLHE40_pDS258,0.0168169209431345
RP11-16P6.1,0.00018442045225807935,0.9751243781094527,-0.1901376010171945,BHLHE40_pDS258,0.0043342579750346
NCL,0.06573150484665813,0.009950248756218905,3.1276926644344365,BHLHE40_pDS258,4.949722607489598
PTMA,0.04067653871824302,0.004975124378109453,4.534988246210283,BHLHE40_pDS258,34.59812760055478
PER2,0.00791626655330464,0.024875621890547265,2.185346467116805,BHLHE40_pDS258,0.0166435506241331
ANO7,0.00683051944151064,0.06965174129353234,1.388310679494881,BHLHE40_pDS258,0.0117891816920943
NEU4,0.00027914673838275725,0.7412935323383084,-0.3086013621664663,BHLHE40_pDS258,0.0031206657420249
ITPR1,0.1387023912756131,0.004975124378109453,15.189684343675697,BHLHE40_pDS258,0.1738904299583911
AC018816.3,0.007043697458544864,0.05472636815920398,1.4472414806594944,BHLHE40_pDS258,0.0292995839112343
BHLHE40-AS1,0.0005847092800297612,0.9900497512437811,-1.9413212072362906,BHLHE40_pDS258,0.0027739251040221
BHLHE40,0.1865239425464092,0.004975124378109453,22.484480245019725,BHLHE40_pDS258,0.2891816920943134
SETD5-AS1,0.01695693154663041,0.7263681592039801,-0.703732404707019,BHLHE40_pDS258,0.8183079056865464
PRRT3,0.00252951290727843,0.8656716417910447,-1.2861386769562997,BHLHE40_pDS258,0.0081484049930651
IRAK2,0.0009314226149614321,0.004975124378109453,6.934071053136467,BHLHE40_pDS258,0.0020804438280166
GHRL,0.0003202715667803019,0.004975124378109453,8.393603255737869,BHLHE40_pDS258,0.0055478502080443
GHRLOS,0.0003937134516904038,0.7810945273631841,-0.2871551885930043,BHLHE40_pDS258,0.0048543689320388
RPL32,0.007442645905321019,0.7313432835820896,-0.673633120105248,BHLHE40_pDS258,0.0292995839112343
FBLN2,0.0002827761864557888,1.0,-1.4593349721096127,BHLHE40_pDS258,0.0039875173370319
LSM3,0.07486596651239935,0.01990049751243781,3.438067881246108,BHLHE40_pDS258,4.834257975034674
SH3BP5-AS1,0.00025922643067191825,0.9900497512437811,-0.3609912674086733,BHLHE40_pDS258,0.0038141470180305
UBE2E1-AS1,0.0001990288708500187,0.004975124378109453,4.993925481411202,BHLHE40_pDS258,0.0026005547850208
RP11-317L10.1,0.010679553532120625,0.004975124378109453,3.657257544568957,BHLHE40_pDS258,0.0128294036061026
GPD1L,0.0005178769218149162,0.8805970149253731,-0.8808232829785723,BHLHE40_pDS258,0.0157766990291262
CMTM6,0.072228401926975,0.009950248756218905,3.3541947437864628,BHLHE40_pDS258,1.9348127600554783
DYNC1LI1,0.0355413572137839,0.24378109452736318,0.5084539834812446,BHLHE40_pDS258,1.1293342579750347
TMPPE,3.3389430428939705e-05,0.9701492537313433,-1.6159381826049797,BHLHE40_pDS258,0.0027739251040221
RP11-129K12.4,0.0001765355527057834,0.004975124378109453,4.597977063352326,BHLHE40_pDS258,0.0019070735090152
RP11-259K5.2,0.000484638243464442,1.0,-0.8589829232234533,BHLHE40_pDS258,0.0062413314840499
TTC21A,0.0001012617594249176,1.0,-1.0082244257527362,BHLHE40_pDS258,0.0024271844660194
CSRNP1,0.01137434887780945,0.029850746268656716,2.288236773620111,BHLHE40_pDS258,0.0284327323162274
EIF1B,0.027626662104488626,0.3681592039800995,0.05429252865644918,BHLHE40_pDS258,1.0455963938973647
RP4-613B23.1,0.0009823324951600684,0.004975124378109453,5.836204422820799,BHLHE40_pDS258,0.0039875173370319
CCDC13,0.006465659744157011,0.5223880597014925,0.3275186385677411,BHLHE40_pDS258,0.0088418862690707
ACKR2,0.0002048644954400397,0.9353233830845771,-0.4012863610940465,BHLHE40_pDS258,0.0041608876560332
SNRK,0.007050840210358362,0.4577114427860697,-0.01567195418920896,BHLHE40_pDS258,0.0459431345353675
LINC00694,0.01969261764488471,0.014925373134328358,3.40644688342168,BHLHE40_pDS258,0.0438626907073509
CDCP1,0.0015979413287512015,0.024875621890547265,0.09798894578071106,BHLHE40_pDS258,0.0048543689320388
TMEM158,0.014077754488898099,0.009950248756218905,3.1843988817039075,BHLHE40_pDS258,0.0149098474341192
SACM1L,0.012727913036142067,0.29850746268656714,0.4714472184194354,BHLHE40_pDS258,0.1144244105409154
FYCO1,0.008691387373291516,0.1044776119402985,0.7868289263694813,BHLHE40_pDS258,0.0161234396671289
LRRC2,0.0008490693854631648,0.009950248756218905,0.7094451035265891,BHLHE40_pDS258,0.0053744798890429
CSPG5,0.0057414879258046265,0.2935323383084577,0.8529751154242425,BHLHE40_pDS258,0.0128294036061026
COL7A1,0.0004807116035882514,0.004975124378109453,5.659954221860912,BHLHE40_pDS258,0.0026005547850208
IP6K2,0.029122370379727935,0.22388059701492538,0.519108289671204,BHLHE40_pDS258,0.5244452149791956
PRKAR2A-AS1,0.0009187592298136081,0.004975124378109453,5.8990638534648445,BHLHE40_pDS258,0.0020804438280166
KLHDC8B,0.007744516740432753,0.7164179104477612,-0.7180438799785474,BHLHE40_pDS258,0.145631067961165
FAM212A,0.019895465355303763,0.11940298507462686,1.3631357930662849,BHLHE40_pDS258,0.1308945908460471
UBA7,0.0009056909643577357,0.01990049751243781,0.9934599057366825,BHLHE40_pDS258,0.0039875173370319
U73166.2,0.000910595586529343,0.004975124378109453,6.685560269836237,BHLHE40_pDS258,0.0292995839112343
XXcos-LUCA11.4,0.00047888779724996347,0.03980099502487562,0.12518477749259396,BHLHE40_pDS258,0.0292995839112343
MANF,0.02050990277698491,0.6218905472636815,-0.5051068094253707,BHLHE40_pDS258,0.8984049930651873
PPM1M,0.0004695915147342885,0.04975124378109453,0.14790955338007994,BHLHE40_pDS258,0.0093619972260748
ARF4,0.05801366829879799,0.01990049751243781,2.6214193133775585,BHLHE40_pDS258,1.117891816920943
PSMD6-AS2,0.0005355582907810866,0.004975124378109453,6.323311938359478,BHLHE40_pDS258,0.0029472954230235
MAGI1,0.0026085860586943553,0.2736318407960199,0.35261336285459494,BHLHE40_pDS258,0.0084951456310679
EOGT,0.0035032933718217685,0.39800995024875624,-0.2069593546253221,BHLHE40_pDS258,0.0251386962552011
LMOD3,0.0001260426527233487,0.9751243781094527,-1.7084398118743522,BHLHE40_pDS258,0.002253814147018
RYBP,0.017106136830166235,0.16417910447761194,0.9437589984832383,BHLHE40_pDS258,0.1307212205270457
GXYLT2,0.0027321211340942575,0.2537313432835821,0.4512819228507232,BHLHE40_pDS258,0.0112690707350901
PPP4R2,0.03368496158997474,0.16417910447761194,0.8232493065369049,BHLHE40_pDS258,0.6192787794729542
ZNF654,0.0030592289488255687,0.15422885572139303,0.8724258468277869,BHLHE40_pDS258,0.0084951456310679
CRYBG3,0.0004926731613246979,0.5323383084577115,-0.619356490228436,BHLHE40_pDS258,0.007628294036061
FILIP1L,0.004777413013419415,0.32338308457711445,0.20881583125873415,BHLHE40_pDS258,0.0140429958391123
TMEM45A,9.238023987709037e-05,0.4228855721393035,0.09788903829483624,BHLHE40_pDS258,0.0026005547850208
TRMT10C,0.0440722395998849,0.11940298507462686,0.9479426841937093,BHLHE40_pDS258,1.6367891816920943
CD47,0.1740336687736959,0.004975124378109453,10.626132835253136,BHLHE40_pDS258,1.6139042995839112
CD96,0.0005214447247641764,0.09950248756218906,-0.04476325432578627,BHLHE40_pDS258,0.0043342579750346
C3orf52,0.00023227417935210563,0.9651741293532339,-1.8196153648401274,BHLHE40_pDS258,0.0036407766990291
KIAA2018,0.004700950401086636,0.8009950248756219,-0.6257587741741777,BHLHE40_pDS258,0.0306865464632454
ARHGAP31,0.0003987514396807234,0.029850746268656716,0.27668694242601743,BHLHE40_pDS258,0.0292995839112343
CD80,0.0004516998839061106,0.004975124378109453,5.58825841358711,BHLHE40_pDS258,0.0031206657420249
GOLGB1,0.027507650218932957,0.07960199004975124,1.5870354875828547,BHLHE40_pDS258,0.0292995839112343
MYLK-AS1,0.0020340110572386124,0.9850746268656716,-1.4588862010014043,BHLHE40_pDS258,0.033633841886269
KALRN,0.008542075896605219,0.09950248756218906,0.9250866940591592,BHLHE40_pDS258,0.0214979195561719
KLF15,0.012650792915016171,0.024875621890547265,2.7618913156096467,BHLHE40_pDS258,0.0216712898751733
RP11-434H6.7,0.0005208100721512556,1.0,-0.2574280980268677,BHLHE40_pDS258,0.0057212205270457
HMCES,0.02222248638012842,0.23880597014925373,0.7278085746325494,BHLHE40_pDS258,0.2434119278779473
H1FX,0.031498583468346435,0.472636815920398,-0.05176570678417786,BHLHE40_pDS258,1.352115117891817
RP11-77P16.4,0.002806042955023019,0.11442786069651742,1.2993245919760297,BHLHE40_pDS258,0.0064147018030513
NEK11,0.00020612637408508496,0.009950248756218905,0.2860271361952597,BHLHE40_pDS258,0.0048543689320388
RP11-102M11.2,0.0001593830236155299,0.9701492537313433,-1.8919282909974657,BHLHE40_pDS258,0.002253814147018
SLC35G2,0.009087718500464515,0.38308457711442784,-0.11491744326182231,BHLHE40_pDS258,0.0631067961165048
ZBTB38,0.012027043272740824,0.5920398009950248,-0.3831234954760991,BHLHE40_pDS258,0.1255201109570041
TFDP2,0.01318322130728436,0.6169154228855721,-0.42528490811964637,BHLHE40_pDS258,0.2831137309292649
XRN1,0.006321782135963833,0.4079601990049751,-0.011638089417140438,BHLHE40_pDS258,0.0292995839112343
TRPC1,0.0067913864673923565,0.0845771144278607,1.0341938737682668,BHLHE40_pDS258,0.0097087378640776
C3orf58,0.0026147447114379784,0.8706467661691543,-1.059268886558255,BHLHE40_pDS258,0.0386615811373092
RP11-538P18.2,0.012181845654510325,0.18407960199004975,1.1208195839976522,BHLHE40_pDS258,0.0483703190013869
TRIM59,0.0029566018441830612,0.6915422885572139,-0.8555956813449472,BHLHE40_pDS258,0.0268723994452149
RP11-16N11.2,0.00034374530237853335,0.004975124378109453,5.452048185501011,BHLHE40_pDS258,0.0019070735090152
GOLIM4,0.01193627867181659,0.4626865671641791,-0.030226708560941028,BHLHE40_pDS258,0.0292995839112343
SKIL,0.011443021927712902,0.19900497512437812,0.7373753544369072,BHLHE40_pDS258,0.0459431345353675
CLDN11,0.00010567363168203614,1.0,-4.2311172406454665,BHLHE40_pDS258,0.0019070735090152
RPL22L1,0.021816407362586932,0.7263681592039801,-0.6948633322945105,BHLHE40_pDS258,1.707004160887656
TNIK,0.00968743375814148,0.6865671641791045,-0.6311297390233167,BHLHE40_pDS258,0.167128987517337
TNFSF10,0.007380804811332272,0.09950248756218906,1.6464888878696895,BHLHE40_pDS258,0.0190707350901525
RP11-114M1.1,0.00039941352916619485,0.04975124378109453,1.6571861442278961,BHLHE40_pDS258,0.0017337031900138
KCNMB3,0.006632122385723405,0.1691542288557214,0.8271530853030866,BHLHE40_pDS258,0.0105755894590846
MFN1,0.007812797276107475,0.263681592039801,0.512941810278319,BHLHE40_pDS258,0.0374479889042995
KLHL24,0.0028607293499825093,0.8159203980099502,-1.099470700702235,BHLHE40_pDS258,0.0256588072122052
FAM131A,0.0008415449335988474,0.11940298507462686,-0.24000822823200346,BHLHE40_pDS258,0.0064147018030513
C3orf70,0.002565017478921344,0.373134328358209,-0.2837671252252028,BHLHE40_pDS258,0.0180305131761442
DNAJB11,0.024558537147145485,0.48258706467661694,-0.17257870248978832,BHLHE40_pDS258,0.8704923717059639
RFC4,0.03974278510778662,0.1791044776119403,0.8799848487953121,BHLHE40_pDS258,0.9051664355062412
RP11-573D15.2,8.122804210227031e-05,0.4975124378109453,-0.0931734033030142,BHLHE40_pDS258,0.0024271844660194
HES1,0.015724020678876655,0.44776119402985076,-0.08472213895003525,BHLHE40_pDS258,0.233876560332871
FAM43A,0.007558078490173682,0.1691542288557214,1.0439533797284573,BHLHE40_pDS258,0.0197642163661581
AC069513.4,0.003714420147205043,0.06467661691542288,2.309817923756733,BHLHE40_pDS258,0.0072815533980582
RP11-480A16.1,0.0004900442371750667,0.23880597014925373,-0.023867994996509417,BHLHE40_pDS258,0.0060679611650485
PIGZ,0.0018822467162696102,0.8258706467661692,-1.60733463538789,BHLHE40_pDS258,0.0105755894590846
DLG1,0.012863347570392274,0.43283582089552236,-0.14315240665075038,BHLHE40_pDS258,0.0292995839112343
CPLX1,0.006082807902709182,0.15920398009950248,0.7450693867286294,BHLHE40_pDS258,0.0142163661581137
RP11-20I20.4,0.00035544807968280686,1.0,-2.74732437966714,BHLHE40_pDS258,0.0026005547850208
RP11-572O17.1,0.007789926100681717,0.21890547263681592,0.3793776157135327,BHLHE40_pDS258,0.0324202496532593
ZBTB49,0.00210423225167177,0.8606965174129353,-1.0696135266191442,BHLHE40_pDS258,0.0142163661581137
S100P,7.720223330422449e-05,0.014925373134328358,2.40450563558366,BHLHE40_pDS258,0.0032940360610263
KIAA0232,0.012524575295628634,0.3333333333333333,0.05187523079936584,BHLHE40_pDS258,0.116504854368932
BOD1L1,0.008131565055618243,0.7661691542288557,-0.7603181630049183,BHLHE40_pDS258,0.0292995839112343
CPEB2,0.000962741173163031,0.004975124378109453,5.261116920641804,BHLHE40_pDS258,0.0041608876560332
PGM2,0.037899379441922725,0.024875621890547265,2.675742037143971,BHLHE40_pDS258,0.2754854368932038
RPL9,0.019966479408668837,0.4577114427860697,0.006855042654127054,BHLHE40_pDS258,24.292995839112344
SMIM14,0.01323398236739251,0.05472636815920398,2.218304945845912,BHLHE40_pDS258,0.031380027739251
RHOH,0.04276328928859732,0.014925373134328358,2.933134684178836,BHLHE40_pDS258,0.3087725381414701
RP11-121C2.2,0.00036251557162664624,0.9552238805970149,-0.32080407571262703,BHLHE40_pDS258,0.0064147018030513
RASL11B,0.002537893822216028,0.5174129353233831,-0.5539415371263497,BHLHE40_pDS258,0.0232316227461858
CHIC2,0.018250863379935214,0.2835820895522388,0.5156028245500762,BHLHE40_pDS258,0.1770110957004161
REST,0.005084583844049077,0.9900497512437811,-1.3261827054924156,BHLHE40_pDS258,0.271497919556172
UBA6-AS1,0.014968080787212798,0.22388059701492538,0.7743673037244506,BHLHE40_pDS258,0.127253814147018
AREG,0.0076054111656652145,0.004975124378109453,7.801118897193143,BHLHE40_pDS258,0.0050277392510402
CCNG2,0.0013109275364058142,0.40298507462686567,-0.4119537534082709,BHLHE40_pDS258,0.0083217753120665
ANXA3,0.022697074250763716,0.06965174129353234,1.618604614065449,BHLHE40_pDS258,0.0976074895977808
LINC01094,0.006970507250991844,0.03980099502487562,0.8892366058965898,BHLHE40_pDS258,0.0086685159500693
RP11-109G23.3,0.0022729731679660037,0.8059701492537313,-0.8084924425875004,BHLHE40_pDS258,0.0289528432732316
LINC01088,0.00042571938609938843,0.0845771144278607,1.7322537660689488,BHLHE40_pDS258,0.0019070735090152
ANTXR2,0.007634969214663836,0.23383084577114427,0.507834920625575,BHLHE40_pDS258,0.0322468793342579
RP11-127B20.2,0.0012673024210105555,0.03980099502487562,0.3270513709034553,BHLHE40_pDS258,0.0052011095700416
HELQ,0.008222396092692034,0.36318407960199006,0.21063188433959873,BHLHE40_pDS258,0.0709084604715672
AGPAT9,0.008252306524113066,0.004975124378109453,2.5235338519461887,BHLHE40_pDS258,0.0069348127600554
ARHGAP24,0.003023528245740301,0.6915422885572139,-0.7391415364827498,BHLHE40_pDS258,0.0447295423023578
GRID2,0.0001144490456697998,1.0,-2.446142329728306,BHLHE40_pDS258,0.0017337031900138
RP11-571L19.8,0.0005806483651681857,0.009950248756218905,2.672414110830335,BHLHE40_pDS258,0.0024271844660194
PPP3CA,0.009431433817027445,0.263681592039801,0.4109652605898936,BHLHE40_pDS258,0.0547850208044382
RP11-499E18.1,0.004586909723686352,0.746268656716418,-0.5055107218796325,BHLHE40_pDS258,0.0320735090152565
SLC9B1,0.0008803059734662845,0.14925373134328357,-0.14362949863325042,BHLHE40_pDS258,0.0064147018030513
CENPE,0.020026613406157204,0.5373134328358209,-0.2776702923076042,BHLHE40_pDS258,0.4372399445214979
AC004069.2,6.98737621832677e-05,1.0,-0.951543886117501,BHLHE40_pDS258,0.0038141470180305
RPL34-AS1,0.0020381799840364576,0.4975124378109453,-0.2039558740833279,BHLHE40_pDS258,0.0069348127600554
RPL34,0.05576261218155374,0.04477611940298507,2.1363005480313793,BHLHE40_pDS258,40.1629680998613
COL25A1,0.0004700570236068458,0.004975124378109453,5.264835824796906,BHLHE40_pDS258,0.0020804438280166
PLA2G12A,0.05086718421728223,0.03482587064676617,2.1972728653254916,BHLHE40_pDS258,0.8732662968099861
GAR1,0.062126012311788444,0.01990049751243781,3.1564781753103572,BHLHE40_pDS258,0.0292995839112343
METTL14,0.013480729268793014,0.21393034825870647,0.8883027775033313,BHLHE40_pDS258,0.0726421636615811
ANXA5,0.048161421842588516,0.04477611940298507,2.1120931583499587,BHLHE40_pDS258,0.6229195561719834
CCNA2,0.04192497853146195,0.12437810945273632,1.047292517365878,BHLHE40_pDS258,1.2189667128987518
SLC7A11,0.008023969163905275,0.2537313432835821,0.3120435789148292,BHLHE40_pDS258,0.0341539528432732
RAB33B,0.00978307664892057,0.024875621890547265,2.4179851441407645,BHLHE40_pDS258,0.0135228848821081
MGST2,0.0836824836296359,0.004975124378109453,5.692524915150413,BHLHE40_pDS258,0.786754507628294
MAML3,0.0011136828894058853,0.9900497512437811,-1.1202603806300455,BHLHE40_pDS258,0.0235783633841886
RP11-673E1.1,0.00021285410448517635,0.7960199004975125,-0.09929871006387209,BHLHE40_pDS258,0.0032940360610263
GYPB,0.04319161360125101,0.22885572139303484,0.6891498007777066,BHLHE40_pDS258,3.169382801664355
GYPA,0.050423396286308556,0.10945273631840796,1.3337081369654502,BHLHE40_pDS258,2.873613037447989
ABCE1,0.028394257278845474,0.31840796019900497,0.30315427900613795,BHLHE40_pDS258,0.0292995839112343
RPS3A,0.021444009717643816,0.21890547263681592,0.5881205640158762,BHLHE40_pDS258,32.66626213592233
FHDC1,0.00865830031828121,0.13432835820895522,1.2048675630375447,BHLHE40_pDS258,0.0218446601941747
PPID,0.04647088532610648,0.11442786069651742,1.415995161971757,BHLHE40_pDS258,0.9058599167822468
MSMO1,0.013758577516513854,0.6915422885572139,-0.6633249145446088,BHLHE40_pDS258,0.3633841886269071
HMGB2,0.019466134249248424,0.9203980099502488,-1.0896283025568165,BHLHE40_pDS258,6.314320388349515
RP11-798M19.6,0.006887362202700913,0.4975124378109453,0.0959008797927666,BHLHE40_pDS258,0.0287794729542302
FBXO8,0.024438303924376948,0.004975124378109453,4.620756326834197,BHLHE40_pDS258,0.0292995839112343
IRF2,0.004954274475463601,0.3383084577114428,0.054079431487222294,BHLHE40_pDS258,0.0348474341192787
CASP3,0.009910459664930042,0.7313432835820896,-0.663709958039436,BHLHE40_pDS258,0.1581137309292649
CENPU,0.021911463372983955,0.6567164179104478,-0.5312749011970492,BHLHE40_pDS258,0.9325589459084604
ACSL1,0.009117777421529095,0.004975124378109453,3.5459785886387456,BHLHE40_pDS258,0.0052011095700416
RP11-138B4.1,0.0005045858367253093,0.004975124378109453,4.960824387138697,BHLHE40_pDS258,0.0048543689320388
RP11-43F13.3,0.0006424128228876795,1.0,-0.5527669883368924,BHLHE40_pDS258,0.0071081830790568
SLC6A19,0.008011935715440956,0.14925373134328357,0.8843859051407228,BHLHE40_pDS258,0.0381414701803051
CTD-2256P15.4,0.0010590498546342577,0.009950248756218905,2.427192988027807,BHLHE40_pDS258,0.0050277392510402
ROPN1L,0.008245571074948737,0.029850746268656716,1.3274852706953881,BHLHE40_pDS258,0.0105755894590846
CTD-2165H16.4,0.00039868995126625417,0.04477611940298507,0.3190083549177955,BHLHE40_pDS258,0.0038141470180305
ZNF622,0.048280019361357604,0.014925373134328358,2.8972111634901725,BHLHE40_pDS258,0.4069001386962552
CTD-2203K17.1,0.00026179087858511,0.004975124378109453,2.740526047707757,BHLHE40_pDS258,0.0029472954230235
BRIX1,0.023108607320468693,0.7412935323383084,-0.6710932374892185,BHLHE40_pDS258,0.0292995839112343
LMBRD2,0.00538217191087842,0.7512437810945274,-0.6824126264855992,BHLHE40_pDS258,0.0395284327323162
C5orf42,0.0001841022294743377,0.9950248756218906,-2.3396457871119956,BHLHE40_pDS258,0.0038141470180305
SEPP1,0.015692577347369955,0.7014925373134329,-0.6802071564853098,BHLHE40_pDS258,0.414875173370319
ANXA2R,0.05750376941374291,0.004975124378109453,4.903072890060195,BHLHE40_pDS258,0.2349167822468793
HMGCS1,0.010038624703107887,0.7263681592039801,-0.7303210863695916,BHLHE40_pDS258,0.2510402219140083
C5orf28,0.014557940418137063,0.2885572139303483,0.4422809128135191,BHLHE40_pDS258,0.1135575589459084
PPAP2A,0.001370986445632973,0.04477611940298507,0.8461926486026113,BHLHE40_pDS258,0.0038141470180305
ELOVL7,0.0005169064896229253,0.9950248756218906,-0.7047398659599018,BHLHE40_pDS258,0.0039875173370319
RP11-231G3.1,0.0007865902656804883,0.05472636815920398,0.4711668709714807,BHLHE40_pDS258,0.0050277392510402
CTD-2033C11.1,0.0002455952909742142,0.9253731343283582,-0.2584986886202864,BHLHE40_pDS258,0.0038141470180305
CCNB1,0.07424852672534295,0.004975124378109453,3.9693721604162335,BHLHE40_pDS258,1.0809639389736476
MAP1B,0.10943710844988963,0.004975124378109453,9.197139311678981,BHLHE40_pDS258,0.4649791955617198
RP11-79P5.9,0.0029353040758412744,0.7611940298507462,-0.8735785133869566,BHLHE40_pDS258,0.0292995839112343
HEXB,0.00825904058604385,1.0,-1.2737841734223627,BHLHE40_pDS258,0.4025658807212205
GFM2,0.003494996943030457,0.9203980099502488,-1.0524534456192847,BHLHE40_pDS258,0.1022884882108183
CTD-2235C13.3,0.00025909788138870363,0.004975124378109453,5.449485702921302,BHLHE40_pDS258,0.0026005547850208
COL4A3BP,0.016013766132361364,0.40298507462686567,0.07561496511034077,BHLHE40_pDS258,0.2257281553398058
F2RL1,8.500007793396515e-05,1.0,-4.418450989725159,BHLHE40_pDS258,0.0019070735090152
SERINC5,0.0024819417090716734,0.39800995024875624,0.08246949515152978,BHLHE40_pDS258,0.0079750346740638
ATP6AP1L,0.0060769806167519855,0.47761194029850745,0.6030679792220177,BHLHE40_pDS258,0.0128294036061026
RP11-343L5.2,0.00014010200840018487,0.7164179104477612,-0.7194393543298746,BHLHE40_pDS258,0.0034674063800277
CTC-480C2.1,0.00024938905908480403,0.004975124378109453,4.688565231527824,BHLHE40_pDS258,0.0031206657420249
GPR98,0.007714555789780614,0.03482587064676617,1.7887738152103532,BHLHE40_pDS258,0.0166435506241331
ANKRD32,0.01987755790922983,0.18407960199004975,0.7698218687431662,BHLHE40_pDS258,0.1608876560332871
RHOBTB3,0.1563755543708723,0.004975124378109453,10.592165903323124,BHLHE40_pDS258,1.3188280166435506
ERAP2,6.555989781290237e-05,0.6567164179104478,-0.4161809311482675,BHLHE40_pDS258,0.002253814147018
CTD-2007H13.3,9.862797454659479e-05,0.014925373134328358,2.2915464813906916,BHLHE40_pDS258,0.0019070735090152
GIN1,0.002654642980587045,0.736318407960199,-0.8801245857127997,BHLHE40_pDS258,0.0365811373092926
TMEM232,4.7928339687772904e-05,0.835820895522388,-0.7937283629373816,BHLHE40_pDS258,0.0017337031900138
TSLP,0.0018237960129064525,0.024875621890547265,0.8879671643373447,BHLHE40_pDS258,0.0043342579750346
STARD4,0.004833783885216243,0.5472636815920398,-0.4480014473997036,BHLHE40_pDS258,0.0546116504854368
EPB41L4A,0.002570819059849853,0.6019900497512438,-0.682636195213622,BHLHE40_pDS258,0.0292995839112343
DCP2,0.014643317176178916,0.8805970149253731,-1.0098951975090154,BHLHE40_pDS258,0.4790221914008322
MCC,0.00019460624008055564,0.06467661691542288,1.6867540217229786,BHLHE40_pDS258,0.0019070735090152
PGGT1B,0.006294278811586167,0.7711442786069652,-0.7623510881781997,BHLHE40_pDS258,0.065880721220527
TMED7,0.01584102181507512,0.2835820895522388,0.4882911315588991,BHLHE40_pDS258,0.1688626907073509
DTWD2,0.00855120607082743,0.0945273631840796,1.1471696068005386,BHLHE40_pDS258,0.0182038834951456
DMXL1,0.0032887989452918195,0.9651741293532339,-1.084594391894064,BHLHE40_pDS258,0.0818307905686546
ZNF608,0.00021212516475874952,0.024875621890547265,0.05049312685786745,BHLHE40_pDS258,0.0046809986130374
MARCH3,0.005117136405711277,0.9154228855721394,-1.0471563171629161,BHLHE40_pDS258,0.0683079056865464
P4HA2,0.009142877631602384,0.29850746268656714,0.35181330854602316,BHLHE40_pDS258,0.0438626907073509
PDLIM4,0.007943426962446393,0.263681592039801,0.5042073943290079,BHLHE40_pDS258,0.0471567267683772
SLC22A5,0.0012416476849711772,0.8855721393034826,-2.1931212535256694,BHLHE40_pDS258,0.0086685159500693
KIF3A,0.017142995018905708,0.09950248756218906,1.315692674750502,BHLHE40_pDS258,0.0826976421636615
PPP2CA,0.0403014827638056,0.11940298507462686,1.2221481585339262,BHLHE40_pDS258,1.0594660194174756
RP11-215P8.3,0.0003130616807467294,0.9651741293532339,-2.057510900932471,BHLHE40_pDS258,0.0027739251040221
SMAD5-AS1,0.0001926724608252089,0.1890547263681592,0.9215155276048957,BHLHE40_pDS258,0.0017337031900138
REEP2,0.0005847243376857466,0.009950248756218905,0.4498182722506354,BHLHE40_pDS258,0.0034674063800277
EGR1,0.012246611064765234,0.38308457711442784,0.16899856497027677,BHLHE40_pDS258,0.1021151178918169
TMEM173,0.0036862144749615893,0.6069651741293532,-0.6189133926028596,BHLHE40_pDS258,0.02375173370319
ANKHD1,0.004171467224556599,0.9253731343283582,-1.0084182868095448,BHLHE40_pDS258,0.0806171983356449
IK,0.03928047455255987,0.15422885572139303,1.1242270314315124,BHLHE40_pDS258,0.8216019417475728
TAF7,0.017303567376103085,0.5621890547263682,-0.34119226706466116,BHLHE40_pDS258,0.4065533980582524
FCHSD1,0.0020174960747696216,0.3681592039800995,-0.13429110128925734,BHLHE40_pDS258,0.0173370319001386
SPRY4,0.002289061116915966,0.8258706467661692,-1.1155121985200314,BHLHE40_pDS258,0.0209778085991678
NR3C1,0.007573878358990605,0.6268656716417911,-0.5320564274829974,BHLHE40_pDS258,0.0936199722607489
ANXA6,0.06385410884643745,0.004975124378109453,6.0085606561798555,BHLHE40_pDS258,0.2739251040221914
FAXDC2,0.0011441933204264718,0.9253731343283582,-1.0287797649743102,BHLHE40_pDS258,0.0161234396671289
FABP6,0.006974639966870331,0.835820895522388,-0.943781343843362,BHLHE40_pDS258,0.085124826629681
SLU7,0.012407956275182047,0.7213930348258707,-0.6844750349486047,BHLHE40_pDS258,0.3411927877947295
PTTG1,0.05570883988192907,0.05970149253731343,1.7865743363609479,BHLHE40_pDS258,2.8982316227461857
GABRG2,0.001975982402020556,0.7512437810945274,-0.9420303040318736,BHLHE40_pDS258,0.0135228848821081
HMMR,0.039510619840243885,0.05472636815920398,2.060831464312178,BHLHE40_pDS258,0.3892163661581137
MAT2B,0.023954058896388613,0.08955223880597014,1.2654731786155553,BHLHE40_pDS258,0.2189667128987517
NPM1,0.03725440137464947,0.014925373134328358,2.8501154475601513,BHLHE40_pDS258,23.49930651872399
UBTD2,0.005811265737878319,0.22885572139303484,1.0888129663520811,BHLHE40_pDS258,0.0154299583911234
DUSP1,0.004977723614201908,0.6417910447761194,-0.6229518060792748,BHLHE40_pDS258,0.0457697642163661
CTC-308K20.1,0.00028600774122349953,0.004975124378109453,6.194854331901523,BHLHE40_pDS258,0.0031206657420249
CREBRF,0.007028872558638921,0.029850746268656716,1.129157534186731,BHLHE40_pDS258,0.0133495145631067
BNIP1,0.010857914061301278,0.6666666666666666,-0.6162654013800681,BHLHE40_pDS258,0.2064840499306518
CPEB4,0.010075649989037616,0.6069651741293532,-0.4447585389028368,BHLHE40_pDS258,0.1302011095700416
RP11-844P9.2,0.008760705381066833,0.8507462686567164,-0.8997906231734496,BHLHE40_pDS258,0.1777045769764216
RP11-1277A3.3,0.0008984183709126146,0.13432835820895522,0.04767300880350983,BHLHE40_pDS258,0.0292995839112343
ZNF354B,0.00515828902316983,0.5472636815920398,0.11321182495076185,BHLHE40_pDS258,0.0190707350901525
HNRNPH1,0.011010532881198937,0.8756218905472637,-1.0478937240468318,BHLHE40_pDS258,0.3339112343966713
SQSTM1,0.030255929374324586,0.19900497512437812,0.8826788747514996,BHLHE40_pDS258,0.5589459084604715
BTNL9,0.0009113378180619603,0.9900497512437811,-0.42417769025188734,BHLHE40_pDS258,0.0083217753120665
TRIM7,0.006631167786034335,0.6019900497512438,-0.4743381766207662,BHLHE40_pDS258,0.0575589459084604
CTC-338M12.6,0.00014132403237059955,0.004975124378109453,4.390567271437601,BHLHE40_pDS258,0.0027739251040221
TRIM52,0.00706929266794,0.1691542288557214,0.5230405818146615,BHLHE40_pDS258,0.0221914008321775
EXOC2,0.02488884976018442,0.04477611940298507,2.4323570554069307,BHLHE40_pDS258,0.1340152565880721
SERPINB9,0.004042423993630465,0.7562189054726368,-0.8254373715925679,BHLHE40_pDS258,0.0292995839112343
NQO2,0.02411211089074996,0.6119402985074627,-0.4374553491712045,BHLHE40_pDS258,1.119625520110957
RP1-40E16.12,0.004034802406570143,0.582089552238806,-0.6015069352482796,BHLHE40_pDS258,0.0610263522884882
TUBB2A,0.016784717227463112,0.2736318407960199,0.46002637981808053,BHLHE40_pDS258,0.1849861303744799
TUBB2B,0.04446064137744047,0.004975124378109453,4.223098003087019,BHLHE40_pDS258,0.1811719833564493
RP1-80N2.3,0.00025935844956825204,0.03482587064676617,0.05586294163247096,BHLHE40_pDS258,0.0292995839112343
RREB1,0.004362163088595335,0.9800995024875622,-1.347957791613072,BHLHE40_pDS258,0.1534327323162274
SNRNP48,0.03614179743885065,0.07960199004975124,1.4665552316479553,BHLHE40_pDS258,0.3921636615811373
RP11-421M1.8,0.00016423924188074509,0.004975124378109453,5.319324837393859,BHLHE40_pDS258,0.0029472954230235
HIVEP1,0.013098642054212623,0.01990049751243781,2.7734421784838594,BHLHE40_pDS258,0.0353675450762829
PHACTR1,0.07938945861984686,0.004975124378109453,11.278688976163608,BHLHE40_pDS258,0.0292995839112343
CD83,0.0012855886834839052,0.8308457711442786,-0.8876514377593513,BHLHE40_pDS258,0.0147364771151178
JARID2,0.006640293356187822,0.8905472636815921,-0.9487992804724027,BHLHE40_pDS258,0.1647018030513176
JARID2-AS1,0.00016257246913188093,0.9950248756218906,-2.366437907458485,BHLHE40_pDS258,0.0019070735090152
GMPR,0.08073076330895416,0.004975124378109453,4.395270859384258,BHLHE40_pDS258,0.8444868238557559
FAM8A1,0.008812948315229637,0.2885572139303483,0.3075763339965079,BHLHE40_pDS258,0.0625866851595007
SOX4,0.04057410270381287,0.024875621890547265,2.608782083381957,BHLHE40_pDS258,0.2734049930651872
GMNN,0.07705065392677483,0.009950248756218905,3.0988860825125415,BHLHE40_pDS258,2.337378640776699
RP11-367G6.3,0.0007909092540750375,0.014925373134328358,1.632614395720897,BHLHE40_pDS258,0.0053744798890429
TRIM38,0.015461454502106588,0.12935323383084577,1.2153757218685244,BHLHE40_pDS258,0.0643203883495145
HIST1H1C,0.06724809351647247,0.14427860696517414,1.110971138682323,BHLHE40_pDS258,11.641643550624131
HIST1H4C,0.03627507934172413,0.5671641791044776,-0.34542525902407173,BHLHE40_pDS258,15.146151178918169
HIST1H2BC,0.015700707823563392,0.9154228855721394,-1.078626389662991,BHLHE40_pDS258,0.4873439667128987
HIST1H2AC,0.08330294364658206,0.014925373134328358,2.9348564867463445,BHLHE40_pDS258,2.095873786407767
HIST1H2BD,0.018338568280936562,0.7114427860696517,-0.6736495043398086,BHLHE40_pDS258,0.2475728155339805
HIST1H4D,0.0003260059169020392,0.004975124378109453,5.5029267067134136,BHLHE40_pDS258,0.0024271844660194
HIST1H3D,0.008890328521214755,0.8258706467661692,-0.9783378462396854,BHLHE40_pDS258,0.1440707350901525
HIST1H4E,0.011028190765896045,0.2736318407960199,0.40139932194861233,BHLHE40_pDS258,0.0639736477115117
HIST1H2AE,0.016882816001547826,0.7263681592039801,-0.6849362439716922,BHLHE40_pDS258,0.1853328710124826
HIST1H1D,0.028284445074007306,0.03980099502487562,1.9412904955116221,BHLHE40_pDS258,0.1849861303744799
HIST1H4H,0.02628593806759325,0.3333333333333333,0.27334313968439516,BHLHE40_pDS258,0.2688973647711511
BTN2A2,0.005554596230394121,0.5522388059701493,-0.20109522731753807,BHLHE40_pDS258,0.0362343966712898
HIST1H2BJ,0.05911409591067255,0.09950248756218906,1.6286942294035147,BHLHE40_pDS258,1.676490984743412
HIST1H2BK,0.02647779525548144,0.6965174129353234,-0.5722974503348532,BHLHE40_pDS258,23.19504160887656
HIST1H2BL,8.061520282227921e-05,0.46766169154228854,-0.09477835534154844,BHLHE40_pDS258,0.0292995839112343
HIST1H2AK,0.0002521424809187886,0.009950248756218905,2.2829882314533725,BHLHE40_pDS258,0.0031206657420249
ZNF165,0.004602917813066304,0.3034825870646766,0.6766846879349725,BHLHE40_pDS258,0.0156033287101248
ZNF311,0.004067575286251778,0.3034825870646766,0.4332425141413808,BHLHE40_pDS258,0.0112690707350901
RPP21,0.04021753596809067,0.004975124378109453,4.390136114911292,BHLHE40_pDS258,0.1608876560332871
HLA-E,0.01964981604270394,0.11442786069651742,1.2141390827798557,BHLHE40_pDS258,0.1031553398058252
PPP1R18,0.09900485616832129,0.004975124378109453,7.719064768568654,BHLHE40_pDS258,0.8904299583911235
NRM,0.011344315839821192,0.5074626865671642,-0.2581928183069916,BHLHE40_pDS258,0.1662621359223301
TUBB,0.03717371755613354,0.22885572139303484,0.8587330859570708,BHLHE40_pDS258,9.041955617198337
IER3,0.020622751903564756,0.04975124378109453,2.2341866514294786,BHLHE40_pDS258,0.0993411927877947
DDX39B-AS1,0.0005127224237045037,0.029850746268656716,2.182955330167581,BHLHE40_pDS258,0.0019070735090152
LTB,0.06521789102861618,0.004975124378109453,9.340125190424981,BHLHE40_pDS258,0.0700416088765603
LST1,0.12069384276270628,0.004975124378109453,21.303434143069918,BHLHE40_pDS258,0.1048890429958391
NCR3,0.033830522064494106,0.004975124378109453,7.953862298068347,BHLHE40_pDS258,0.0417822468793342
AIF1,0.38858604265863045,0.004975124378109453,33.83057404577951,BHLHE40_pDS258,0.5301664355062413
CLIC1,0.10714645033367137,0.004975124378109453,9.133193249535749,BHLHE40_pDS258,7.966192787794729
HSPA1A,0.01992033474223131,0.40298507462686567,0.06061750120800886,BHLHE40_pDS258,0.3164008321775312
C6orf48,0.04514723183074123,0.0845771144278607,1.461709331529761,BHLHE40_pDS258,4.032246879334258
NEU1,0.013869261914216004,0.6169154228855721,-0.4391051194489935,BHLHE40_pDS258,0.2900485436893203
FKBPL,0.013660511065188587,0.5771144278606966,-0.4155529815512237,BHLHE40_pDS258,0.0292995839112343
PPT2-EGFL8,0.00046882309158044624,0.014925373134328358,0.5925826158800859,BHLHE40_pDS258,0.0041608876560332
EGFL8,0.0001580260041577135,0.12935323383084577,-0.2712405750592795,BHLHE40_pDS258,0.0062413314840499
HLA-DOB,0.0007276918790127957,0.004975124378109453,7.626040310238264,BHLHE40_pDS258,0.002253814147018
BRD2,0.016041895886274478,0.8258706467661692,-0.9041239829110069,BHLHE40_pDS258,0.8200416088765603
RPS18,0.006038734667004912,0.9651741293532339,-1.395000491158075,BHLHE40_pDS258,154.12187933425798
SCUBE3,0.0003060840862991535,0.004975124378109453,5.679212526789893,BHLHE40_pDS258,0.0017337031900138
PPARD,0.01166159065202367,0.04477611940298507,1.8578299350523917,BHLHE40_pDS258,0.0365811373092926
CDKN1A,0.006340007001821653,0.009950248756218905,5.859199983444004,BHLHE40_pDS258,0.0050277392510402
PIM1,0.0657703956041505,0.004975124378109453,4.617611689501592,BHLHE40_pDS258,0.4868238557558946
TMEM217,0.0024152334318755728,0.746268656716418,-1.0720876453553168,BHLHE40_pDS258,0.018377253814147
ZFAND3,0.010927915952317045,0.4975124378109453,-0.23068906818096838,BHLHE40_pDS258,0.1407766990291262
DNAH8,0.00017729680828364777,0.9950248756218906,-0.45630401573628404,BHLHE40_pDS258,0.0058945908460471
FRS3,0.0003402617753466868,0.23383084577114427,0.0018685685213430303,BHLHE40_pDS258,0.0071081830790568
PRICKLE4,0.008830893174088233,0.12437810945273632,1.1738118822228896,BHLHE40_pDS258,0.026005547850208
GNMT,0.0038288574708893785,0.004975124378109453,62.3614566670418,BHLHE40_pDS258,0.0026005547850208
PEX6,0.005894720817056549,0.48756218905472637,-0.12114170853257172,BHLHE40_pDS258,0.0292995839112343
HSP90AB1,0.027268319035891758,0.25870646766169153,0.5829812474028444,BHLHE40_pDS258,12.739424410540916
TNFRSF21,0.00022543575741075324,0.004975124378109453,4.8552054756411795,BHLHE40_pDS258,0.0019070735090152
RHAG,0.013454557319361418,0.7810945273631841,-0.7606058767563612,BHLHE40_pDS258,0.4526699029126214
GSTA2,0.0005446100272380997,0.26865671641791045,-0.24277366977535386,BHLHE40_pDS258,0.0039875173370319
ICK,0.00303149660868372,0.7860696517412935,-0.8964134942786194,BHLHE40_pDS258,0.049757281553398
XXbac-BPGBPG55C20.2,0.00042046114120954385,0.014925373134328358,2.662760300950356,BHLHE40_pDS258,0.0043342579750346
FKBP1C,0.0004169800786557012,0.004975124378109453,6.748123213506742,BHLHE40_pDS258,0.0019070735090152
RP11-301G19.1,0.018674074461500857,0.8905472636815921,-1.100005443109502,BHLHE40_pDS258,3.652739251040222
RP11-542F9.1,0.00015130879604827088,0.9751243781094527,-1.9137200084688144,BHLHE40_pDS258,0.0026005547850208
LMBRD1,0.00282395915466072,0.9601990049751243,-1.2841328775791983,BHLHE40_pDS258,0.0292995839112343
MB21D1,0.00035788414401732556,0.9601990049751243,-1.739763166428132,BHLHE40_pDS258,0.0029472954230235
SH3BGRL2,0.01076291202997322,0.14925373134328357,0.8949761356359686,BHLHE40_pDS258,0.0292995839112343
ME1,0.02100168060329831,0.13432835820895522,1.359148277247596,BHLHE40_pDS258,0.1050624133148405
RP11-393I2.4,0.00029541232388586994,0.14925373134328357,-0.3350114256822281,BHLHE40_pDS258,0.0292995839112343
SLC35A1,0.016965826462616147,0.04477611940298507,1.8416776364693777,BHLHE40_pDS258,0.0570388349514563
PNRC1,0.00670212180073561,0.6766169154228856,-0.5704046587736916,BHLHE40_pDS258,0.0799237170596394
RRAGD,0.0027590332342768667,0.8805970149253731,-1.0164821672254174,BHLHE40_pDS258,0.0847780859916782
MANEA-AS1,0.0066817604986071505,0.31840796019900497,0.6904817248564685,BHLHE40_pDS258,0.0173370319001386
MMS22L,0.016367066312883358,0.35323383084577115,0.3335097639137668,BHLHE40_pDS258,0.0292995839112343
RP11-98I9.4,0.006234392254639344,0.07462686567164178,0.9914572659943439,BHLHE40_pDS258,0.0088418862690707
TSTD3,0.0057128736513911696,0.835820895522388,-0.8087331897163827,BHLHE40_pDS258,0.0826976421636615
RP3-467N11.1,0.005963706740219135,0.472636815920398,0.2703980796480649,BHLHE40_pDS258,0.0292995839112343
AIM1,0.012056671045803106,0.17412935323383086,0.9769755459318482,BHLHE40_pDS258,0.0360610263522884
AK9,0.0062110566393372675,0.17412935323383086,0.6991018348932723,BHLHE40_pDS258,0.0100554785020804
KIAA1919,0.004694290082507449,0.5621890547263682,-0.31764656550769055,BHLHE40_pDS258,0.0332871012482662
HDAC2,0.04229326468545186,0.21393034825870647,0.6962756896226886,BHLHE40_pDS258,1.714632454923717
DSE,0.0003904607245246663,0.9950248756218906,-0.38000711896505474,BHLHE40_pDS258,0.0038141470180305
TSPYL1,0.0015853239715860488,0.9701492537313433,-1.09304392569539,BHLHE40_pDS258,0.0273925104022191
KPNA5,0.0025249732538883602,0.6567164179104478,-0.7431451271251264,BHLHE40_pDS258,0.0407420249653259
CEP85L,0.006596818877292363,0.48756218905472637,-0.1767131077606882,BHLHE40_pDS258,0.0542649098474341
SERINC1,0.014123288995762656,0.23880597014925373,0.6462498158150529,BHLHE40_pDS258,0.1248266296809986
SMPDL3A,0.0012262911856898708,0.7761194029850746,-1.3186902952921102,BHLHE40_pDS258,0.0162968099861303
TRDN,0.007988401307661808,0.009950248756218905,2.119790358479389,BHLHE40_pDS258,0.0095353675450762
RPS12,0.012189915183658336,0.32338308457711445,0.401732020926888,BHLHE40_pDS258,87.85176837725382
SGK1,0.005514735859751206,0.38308457711442784,0.2980284246961471,BHLHE40_pDS258,0.0211511789181692
IFNGR1,0.026759874136328864,0.03980099502487562,2.4066201393929303,BHLHE40_pDS258,0.1140776699029126
CCDC28A,0.011270420883748501,0.40298507462686567,0.04736868822042734,BHLHE40_pDS258,0.1302011095700416
REPS1,0.0115170853939492,0.48258706467661694,-0.16177582540072286,BHLHE40_pDS258,0.1199722607489597
CITED2,0.13027864755786245,0.004975124378109453,7.41255895444986,BHLHE40_pDS258,1.3867891816920943
RP1-20N2.6,5.243827514956327e-05,0.014925373134328358,2.4628154405865073,BHLHE40_pDS258,0.0019070735090152
PHACTR2,0.013279836921302055,0.34328358208955223,0.22925199290573983,BHLHE40_pDS258,0.1071428571428571
EPM2A,0.0022998464911100354,0.6069651741293532,-0.4889543565218498,BHLHE40_pDS258,0.0135228848821081
RP3-466P17.1,0.00017544038232099565,1.0,-0.14257883537084146,BHLHE40_pDS258,0.0027739251040221
PPP1R14C,0.00756312276205227,0.029850746268656716,2.0305259187988853,BHLHE40_pDS258,0.0157766990291262
FBXO5,0.02175904059340853,0.2537313432835821,0.4258041283768472,BHLHE40_pDS258,0.2602288488210818
SNX9,0.02672240912659094,0.16417910447761194,0.9695138930353228,BHLHE40_pDS258,0.2969833564493758
SERAC1,0.0019245545203850625,0.4129353233830846,-0.32783515112033174,BHLHE40_pDS258,0.0161234396671289
EZR,0.01934780733849706,0.5771144278606966,-0.3752594702729889,BHLHE40_pDS258,0.5038141470180305
C6orf99,0.0006052736337206503,0.8557213930348259,-0.8777982660837119,BHLHE40_pDS258,0.0149098474341192
ACAT2,0.06819916888808868,0.029850746268656716,2.652481797588962,BHLHE40_pDS258,3.1288141470180304
CAHM,0.007424931546283094,0.04477611940298507,1.8826051076623258,BHLHE40_pDS258,0.0180305131761442
QKI,0.017071206570557825,0.34328358208955223,0.23078106193939374,BHLHE40_pDS258,0.0292995839112343
RP1-168L15.5,0.0001841426538051677,1.0,-0.34267739928934426,BHLHE40_pDS258,0.0292995839112343
RNASET2,0.05011193588242743,0.009950248756218905,3.0322144242142794,BHLHE40_pDS258,0.4093273231622746
ERMARD,0.006808270357350835,0.39303482587064675,0.2699861359560281,BHLHE40_pDS258,0.0246185852981969
RP11-449P15.2,0.0005678174355411857,0.004975124378109453,6.6285018043699795,BHLHE40_pDS258,0.0017337031900138
AC074389.5,0.00037339594735427294,0.5323383084577115,-0.4498483518159211,BHLHE40_pDS258,0.0086685159500693
MAD1L1,0.021050946880026778,0.3383084577114428,0.13642282890605142,BHLHE40_pDS258,0.3788141470180305
FOXK1,0.017815197968336558,0.10945273631840796,1.3654705360535788,BHLHE40_pDS258,0.0934466019417475
ACTB,0.11461386762208499,0.004975124378109453,11.00096507982229,BHLHE40_pDS258,17.44382801664355
FAM220A,0.0010253520571072588,0.6268656716417911,-0.6512824380491984,BHLHE40_pDS258,0.0136962552011095
TSPAN13,0.08005966958145515,0.004975124378109453,4.105650031869489,BHLHE40_pDS258,0.6827323162274619
SP4,0.007360878857807313,0.24875621890547264,1.229867023136379,BHLHE40_pDS258,0.0162968099861303
KLHL7,0.02867811362885909,0.029850746268656716,2.2176210273892605,BHLHE40_pDS258,0.2130721220527045
DFNA5,0.061765280815023305,0.004975124378109453,5.00034178299466,BHLHE40_pDS258,0.2869278779472954
NFE2L3,0.008866567204237388,0.4975124378109453,-0.10421109140979845,BHLHE40_pDS258,0.0454230235783633
HNRNPA2B1,0.047328037264491245,0.03482587064676617,2.4169251814799204,BHLHE40_pDS258,9.259535367545077
HOTAIRM1,0.014484982329498314,0.3781094527363184,0.10498177681007932,BHLHE40_pDS258,0.151005547850208
HOXA6,0.00011083286425165668,0.004975124378109453,5.7143296171224325,BHLHE40_pDS258,0.0019070735090152
ZNRF2,0.00015374546461964517,0.04975124378109453,1.5973607647065322,BHLHE40_pDS258,0.0038141470180305
NOD1,0.00530263123270598,0.29850746268656714,0.485436318141444,BHLHE40_pDS258,0.0100554785020804
RALA,0.032305882067137345,0.2885572139303483,0.46316193669258654,BHLHE40_pDS258,0.993238557558946
RP11-467D6.1,0.00031101688159329967,0.11940298507462686,-0.2698605238447503,BHLHE40_pDS258,0.007628294036061
STK17A,0.015673866288403823,0.23880597014925373,0.4592277017412293,BHLHE40_pDS258,0.1461511789181692
AC004854.4,0.0005083704458031472,0.004975124378109453,9.002848112664816,BHLHE40_pDS258,0.0029472954230235
UPP1,0.0036240789653087416,0.20398009950248755,0.5647991197813219,BHLHE40_pDS258,0.012135922330097
PSPH,0.046016356226901915,0.014925373134328358,3.6581004218300754,BHLHE40_pDS258,0.233009708737864
SUMF2,0.01080025610281284,0.6965174129353234,-0.6169165018835558,BHLHE40_pDS258,0.2610957004160887
ZNF680,0.007840724854309781,0.47761194029850745,-0.27442779853740723,BHLHE40_pDS258,0.0622399445214979
ERV3-1,0.01662460980109903,0.4079601990049751,-0.00834298604210566,BHLHE40_pDS258,0.2505201109570041
RP11-792A8.4,0.008152531729444214,0.7412935323383084,-0.6787616131584443,BHLHE40_pDS258,0.1797850208044382
HIP1,0.005003295223190736,0.30845771144278605,0.5732099517318727,BHLHE40_pDS258,0.0292995839112343
RHBDD2,0.005496703237902263,0.8955223880597015,-1.134644769549779,BHLHE40_pDS258,0.159500693481276
GSAP,0.0063801111934208956,0.07462686567164178,1.8827567633130338,BHLHE40_pDS258,0.0069348127600554
GATAD1,0.031347431391296705,0.01990049751243781,2.3465028411977022,BHLHE40_pDS258,0.1905339805825242
GNGT1,0.00048571746876193317,0.009950248756218905,0.15139465685605322,BHLHE40_pDS258,0.004507628294036
CASD1,0.0018506460656056117,0.572139303482587,-0.7417873784488739,BHLHE40_pDS258,0.018377253814147
ASNS,0.018846622466746905,0.35323383084577115,0.06909731151364279,BHLHE40_pDS258,0.3157073509015257
AC004893.11,0.00012906378363824659,0.23880597014925373,0.021733794890285024,BHLHE40_pDS258,0.0032940360610263
GS1-259H13.2,0.0006090178119604764,0.7313432835820896,-0.6320033525828838,BHLHE40_pDS258,0.0086685159500693
CYP3A5,0.0075635487150647294,0.3333333333333333,0.23241206259772276,BHLHE40_pDS258,0.0327669902912621
AP4M1,0.003665530517516284,0.8009950248756219,-0.8891964227282427,BHLHE40_pDS258,0.0755894590846047
ZCWPW1,0.006822260383522096,0.05472636815920398,1.0603850483450055,BHLHE40_pDS258,0.0095353675450762
TSC22D4,0.021771230610004296,0.23880597014925373,0.8116814040614634,BHLHE40_pDS258,0.2376907073509015
LRCH4,0.01514579636765463,0.14427860696517414,1.0955143940235528,BHLHE40_pDS258,0.0816574202496532
RP11-126L15.4,0.00020437357204365473,0.40298507462686567,0.15016333863809145,BHLHE40_pDS258,0.0019070735090152
MUC12,0.0037281756394012774,0.024875621890547265,2.5548203779803687,BHLHE40_pDS258,0.0052011095700416
SERPINE1,0.0032111603169397386,0.004975124378109453,4.725486338034348,BHLHE40_pDS258,0.0060679611650485
VGF,0.018050957984767437,0.06965174129353234,1.4985117769230638,BHLHE40_pDS258,0.108876560332871
CLDN15,0.01402906169171424,0.18407960199004975,1.0066993679854568,BHLHE40_pDS258,0.0606796116504854
RELN,0.012585470100017501,0.7711442786069652,-0.85260583417335,BHLHE40_pDS258,0.2297156726768377
RP11-251G23.5,0.0005743757508304035,0.004975124378109453,6.011391211196663,BHLHE40_pDS258,0.0024271844660194
CCDC71L,0.01693196804487388,0.32338308457711445,0.3145440569107852,BHLHE40_pDS258,0.2179264909847434
PIK3CG,0.00222025392874893,0.6318407960199005,-0.7296338374061537,BHLHE40_pDS258,0.0190707350901525
HBP1,0.005756710066189121,0.8009950248756219,-0.7445781786717501,BHLHE40_pDS258,0.0731622746185853
DLD,0.019897428659844035,0.6616915422885572,-0.5723470456751556,BHLHE40_pDS258,0.9283980582524272
CTB-13F3.1,0.0001295330404435456,1.0,-4.551001025824843,BHLHE40_pDS258,0.0017337031900138
PNPLA8,0.008225214301328693,0.46766169154228854,-0.12199440319393809,BHLHE40_pDS258,0.0601595006934812
THAP5,0.01017665637353934,0.1890547263681592,0.5834562302991911,BHLHE40_pDS258,0.0568654646324549
DNAJB9,0.02060907725570505,0.08955223880597014,1.569844744177376,BHLHE40_pDS258,0.1178918169209431
LSMEM1,0.001566702319635159,0.004975124378109453,5.101793416995533,BHLHE40_pDS258,0.0031206657420249
LINC00998,0.09965245058739396,0.004975124378109453,5.983693180858777,BHLHE40_pDS258,1.0157766990291262
TES,0.008376044076173646,0.5323383084577115,-0.28360313212084676,BHLHE40_pDS258,0.09500693481276
MET,5.764154726783837e-05,0.6069651741293532,-0.1868746413762223,BHLHE40_pDS258,0.0019070735090152
POT1-AS1,0.0001500636736404139,0.9601990049751243,-1.983366918357717,BHLHE40_pDS258,0.002253814147018
ZNF800,0.013778414362824145,0.4228855721393035,0.04283449684395767,BHLHE40_pDS258,0.1463245492371706
CCDC136,0.01847917792273507,0.1044776119402985,1.7587740159325114,BHLHE40_pDS258,0.0865117891816921
SMO,0.0003808406684836129,0.36318407960199006,-0.6245427515003168,BHLHE40_pDS258,0.0071081830790568
STRIP2,0.00037150853227485694,0.3034825870646766,-0.4991294209611066,BHLHE40_pDS258,0.0097087378640776
RP11-448A19.1,0.005595308054224317,0.27860696517412936,0.71993269527226,BHLHE40_pDS258,0.0140429958391123
UBE2H,0.028274458514851563,0.004975124378109453,4.248468392872984,BHLHE40_pDS258,0.0885922330097087
LINC-PINT,0.0030174670065681226,0.44776119402985076,-0.3517713510362736,BHLHE40_pDS258,0.0292995839112343
KDM7A,0.008783586910261673,0.15422885572139303,0.7087275902697189,BHLHE40_pDS258,0.0254854368932038
AGK,0.00834734251512802,0.6666666666666666,-0.5517824579417638,BHLHE40_pDS258,0.1145977808599167
RP5-894A10.2,0.0009869057355428787,0.09950248756218906,0.185840211537826,BHLHE40_pDS258,0.0292995839112343
PRSS1,0.05668996537686335,0.004975124378109453,5.0703150672445,BHLHE40_pDS258,0.3087725381414701
EPHB6,0.040458585432834704,0.004975124378109453,5.528866531748063,BHLHE40_pDS258,0.1113037447988904
AC093673.5,0.01085960218268141,0.04477611940298507,1.7516062613283054,BHLHE40_pDS258,0.0162968099861303
ZYX,0.020932931980784584,0.07960199004975124,1.3089441367506345,BHLHE40_pDS258,0.1147711511789181
EPHA1-AS1,0.00025432309858534224,0.6965174129353234,-0.5386861337676145,BHLHE40_pDS258,0.002253814147018
FAM115A,0.005202821109305333,0.7661691542288557,-0.869913759911238,BHLHE40_pDS258,0.0292995839112343
ZNF425,0.00030266561645504183,0.17412935323383086,-0.3253364580943094,BHLHE40_pDS258,0.0292995839112343
INSIG1,0.046852845386295416,0.01990049751243781,2.470532640439592,BHLHE40_pDS258,0.6955617198335645
MNX1-AS2,0.00012015509997295357,0.8905472636815921,-1.1007451545608762,BHLHE40_pDS258,0.0027739251040221
RP11-706O15.1,0.012307016150220281,0.1791044776119403,0.8813355529927511,BHLHE40_pDS258,0.0745492371705963
TMSB4X,0.15971653751983952,0.004975124378109453,20.41948802317536,BHLHE40_pDS258,22.10107489597781
RAB9A,0.025343048330156485,0.0945273631840796,1.3983209390727573,BHLHE40_pDS258,0.0292995839112343
PIGA,0.0028378436762829373,0.43781094527363185,-0.3217951433087941,BHLHE40_pDS258,0.0239251040221914
ZRSR2,0.013423168081909404,0.23383084577114427,0.7185542043346607,BHLHE40_pDS258,0.0835644937586685
AP1S2,0.0348972092291952,0.029850746268656716,2.349673496376527,BHLHE40_pDS258,0.2366504854368932
CXorf23,0.0064908699619473835,0.1691542288557214,1.4689182526269975,BHLHE40_pDS258,0.0140429958391123
SAT1,0.010903452902788385,0.6965174129353234,-0.6262691402293957,BHLHE40_pDS258,0.233876560332871
MAGEB2,0.0005035145279305636,0.004975124378109453,6.446213925065985,BHLHE40_pDS258,0.0060679611650485
GPR82,0.0022687583989891465,0.5472636815920398,-0.19983431930000692,BHLHE40_pDS258,0.0095353675450762
ZNF674-AS1,0.007465334448055516,0.29850746268656714,0.3866892817609594,BHLHE40_pDS258,0.0358876560332871
JADE3,0.0035978758966023414,0.417910447761194,0.1942010504532101,BHLHE40_pDS258,0.012135922330097
TIMP1,0.10424508054132249,0.004975124378109453,5.761914352201328,BHLHE40_pDS258,1.834257975034674
GRIPAP1,0.003934495307134148,0.7164179104477612,-0.7454241849320713,BHLHE40_pDS258,0.0292995839112343
PRAF2,0.0007856301728300893,0.004975124378109453,6.044321027824333,BHLHE40_pDS258,0.0038141470180305
PLP2,0.028208933458720765,0.417910447761194,-0.06144548869610836,BHLHE40_pDS258,0.9211165048543688
CLCN5,0.0024843325069921155,0.6517412935323383,-0.791864600370792,BHLHE40_pDS258,0.0246185852981969
TSPYL2,0.002971095723626236,0.42786069651741293,-0.42397739298489817,BHLHE40_pDS258,0.0154299583911234
IQSEC2,0.015448355151071536,0.024875621890547265,2.3265440510237205,BHLHE40_pDS258,0.0327669902912621
RIBC1,0.0008000416692248598,0.004975124378109453,5.674122776591331,BHLHE40_pDS258,0.0029472954230235
WNK3,0.003171869960383296,0.5074626865671642,-0.18573022857700097,BHLHE40_pDS258,0.0292995839112343
ALAS2,0.11584661284568294,0.004975124378109453,6.845951420109331,BHLHE40_pDS258,0.6941747572815534
PAGE2,0.00019478444032952844,1.0,-3.8999893720326018,BHLHE40_pDS258,0.0038141470180305
KLF8,0.0006900354187669047,0.32338308457711445,-0.38979053238594424,BHLHE40_pDS258,0.0292995839112343
AMER1,0.00845271865797224,0.0845771144278607,1.4581662528590584,BHLHE40_pDS258,0.0149098474341192
MTMR8,0.00027880787920250735,0.01990049751243781,0.17196747226108539,BHLHE40_pDS258,0.0292995839112343
PJA1,0.006122250884404692,0.14925373134328357,0.8160066115347205,BHLHE40_pDS258,0.0292995839112343
IGBP1,0.015312356336861942,0.7761194029850746,-0.8235090857980497,BHLHE40_pDS258,0.658113730929265
IL2RG,0.031827657374783595,0.004975124378109453,6.197438839645337,BHLHE40_pDS258,0.0509708737864077
ITGB1BP2,0.0013736371238065744,0.004975124378109453,5.52822185263497,BHLHE40_pDS258,0.0029472954230235
TAF1,0.010793066044077712,0.21890547263681592,0.6210090836023926,BHLHE40_pDS258,0.0409153952843273
ACRC,0.001316787257197283,0.004975124378109453,7.314887140987583,BHLHE40_pDS258,0.0026005547850208
UPRT,0.0024263886796239346,1.0,-1.4643278900237442,BHLHE40_pDS258,0.0863384188626907
COX7B,0.027268026590350825,0.6069651741293532,-0.42988789057221694,BHLHE40_pDS258,5.1047156726768375
PGK1,0.05910485658151668,0.04975124378109453,2.186960766436938,BHLHE40_pDS258,3.3592233009708736
ITM2A,0.039069169106793214,0.06965174129353234,1.605542634534351,BHLHE40_pDS258,0.6009015256588072
FAM133A,0.00021885400834504494,0.004975124378109453,5.788765646144284,BHLHE40_pDS258,0.0019070735090152
TSPAN6,0.00013856729028509073,0.009950248756218905,3.325506398934985,BHLHE40_pDS258,0.0020804438280166
ARMCX3,0.024050219650486857,0.10945273631840796,1.4779411210948128,BHLHE40_pDS258,0.1997226074895977
TMSB15A,0.00810342358091858,0.11940298507462686,0.7983369304046507,BHLHE40_pDS258,0.0292995839112343
BEX4,0.04958609696072261,0.07462686567164178,1.5678252793726186,BHLHE40_pDS258,3.121532593619972
BEX2,0.013121523133977292,0.9701492537313433,-1.2151699651203554,BHLHE40_pDS258,0.0292995839112343
TCEAL7,0.0006104887846289812,0.004975124378109453,2.927391702105706,BHLHE40_pDS258,0.0026005547850208
WBP5,0.05502575947940793,0.024875621890547265,2.5354912594863865,BHLHE40_pDS258,0.8580097087378641
MORF4L2-AS1,0.0003988843718175826,0.7711442786069652,-1.3043513120120074,BHLHE40_pDS258,0.0102288488210818
TSC22D3,0.011294833153748528,0.09950248756218906,1.4529356364785582,BHLHE40_pDS258,0.0280859916782246
IL13RA1,0.007156780306094626,0.5870646766169154,-0.5007332842173121,BHLHE40_pDS258,0.0292995839112343
LONRF3,0.004417076686306244,0.572139303482587,-0.27631359091824487,BHLHE40_pDS258,0.0360610263522884
RPL39,0.06549151532681584,0.05970149253731343,2.197448050905212,BHLHE40_pDS258,1.7727115117891816
RHOXF2,0.00306987985228349,0.6268656716417911,-0.40538836733427375,BHLHE40_pDS258,0.0112690707350901
ZNF280C,0.0007730671742103767,0.7412935323383084,-0.7646046198951305,BHLHE40_pDS258,0.0292995839112343
ENOX2,0.005940388213817753,0.7313432835820896,-0.8261938364401046,BHLHE40_pDS258,0.0969140083217753
MST4,0.008114817394621669,0.6865671641791045,-0.622077087867427,BHLHE40_pDS258,0.0292995839112343
RAP2C,0.015314895514281819,0.12437810945273632,1.315807654799189,BHLHE40_pDS258,0.0785367545076283
FAM122C,0.0005761998957234397,0.06965174129353234,0.03195697642123478,BHLHE40_pDS258,0.0083217753120665
ZNF75D,0.0003182067490785241,0.9850746268656716,-0.5878440055538539,BHLHE40_pDS258,0.0058945908460471
HTATSF1,0.03075755562754044,0.12935323383084577,1.037875252384929,BHLHE40_pDS258,0.0292995839112343
MAGEC2,0.007614066427014057,0.2835820895522388,0.35477995765564285,BHLHE40_pDS258,0.0384882108183079
IDS,0.014799437953785997,0.05472636815920398,1.9950104334763041,BHLHE40_pDS258,0.0431692094313453
FLNA,0.029205678876700593,0.04477611940298507,1.9573171492822141,BHLHE40_pDS258,0.1612343966712899
DNASE1L1,0.007658676514024372,0.03980099502487562,1.7949662664026589,BHLHE40_pDS258,0.0112690707350901
GAB3,0.0058689688104332114,0.3582089552238806,0.4974696614280714,BHLHE40_pDS258,0.0112690707350901
MTCP1,0.00012389508896069827,1.0,-0.5634036745384502,BHLHE40_pDS258,0.0036407766990291
ZNF596,0.0010028882497185685,0.9751243781094527,-1.7593318706857417,BHLHE40_pDS258,0.0043342579750346
TDRP,0.00044256939509575323,0.014925373134328358,1.5965926026529824,BHLHE40_pDS258,0.0019070735090152
ANGPT2,0.0032032966473480255,0.6218905472636815,-0.5055778534671744,BHLHE40_pDS258,0.0138696255201109
RP11-375N15.2,0.00021969385192182518,1.0,-4.031826166953746,BHLHE40_pDS258,0.0036407766990291
SLC35G5,0.00022324171644217205,0.01990049751243781,2.0614746983127357,BHLHE40_pDS258,0.0026005547850208
FDFT1,0.06508786648251459,0.024875621890547265,2.667294106465806,BHLHE40_pDS258,1.4849167822468794
RP11-297N6.4,0.004000080035152691,0.681592039800995,-0.37074359122543693,BHLHE40_pDS258,0.0187239944521497
CTSB,0.027101707293287487,0.15422885572139303,1.1145837423798202,BHLHE40_pDS258,0.3502080443828017
LONRF1,0.006672111549782556,0.05970149253731343,0.9891788903540534,BHLHE40_pDS258,0.0123092926490984
VPS37A,0.01729214140093003,0.23880597014925373,0.646036938076121,BHLHE40_pDS258,0.1695561719833564
CTD-2547L16.1,0.0005852267170306659,0.5373134328358209,-0.8335011563865274,BHLHE40_pDS258,0.0090152565880721
ATP6V1B2,0.013203919205218066,0.40298507462686567,0.10401179052440947,BHLHE40_pDS258,0.1803051317614424
DOK2,0.006338535184401028,0.582089552238806,-0.1828372098889448,BHLHE40_pDS258,0.0365811373092926
NUDT18,0.007233462539576851,0.35323383084577115,0.4014601361835634,BHLHE40_pDS258,0.0292995839112343
TNFRSF10B,0.0021501312234139458,0.9651741293532339,-1.2541617780703591,BHLHE40_pDS258,0.045249653259362
TNFRSF10C,0.001617244235834371,0.004975124378109453,7.612348362550431,BHLHE40_pDS258,0.0032940360610263
SLC25A37,0.02656196422739142,0.6069651741293532,-0.5245900807576959,BHLHE40_pDS258,0.8925104022191401
GNRH1,0.00021499235285960403,0.004975124378109453,2.8175487234640877,BHLHE40_pDS258,0.0038141470180305
SCARA5,9.850720796243283e-05,0.9950248756218906,-2.482932512799323,BHLHE40_pDS258,0.0204576976421636
TMEM66,0.028649948918143764,0.4427860696517413,-0.03222479931431196,BHLHE40_pDS258,0.0292995839112343
RP11-51J9.5,0.006174478175603863,0.6019900497512438,-0.31283734554832654,BHLHE40_pDS258,0.0476768377253814
RAB11FIP1,0.0625575891596263,0.004975124378109453,5.1763877230145825,BHLHE40_pDS258,0.3521151178918169
RP11-350N15.5,0.0027299191042894208,0.19402985074626866,0.6838113544411245,BHLHE40_pDS258,0.006761442441054
LETM2,0.00380693494505923,0.27860696517412936,0.42943894894337553,BHLHE40_pDS258,0.0104022191400832
FGFR1,0.01898341068971302,0.07960199004975124,1.4803323871888516,BHLHE40_pDS258,0.1220527045769764
RP11-930P14.2,0.0014472255548784402,0.835820895522388,-1.081784658582146,BHLHE40_pDS258,0.0105755894590846
POLB,0.008925797489836318,0.5621890547263682,-0.4966857967470335,BHLHE40_pDS258,0.0292995839112343
THAP1,0.021185822628471553,0.13432835820895522,1.215665993428079,BHLHE40_pDS258,0.1730235783633842
HGSNAT,0.0060848396073070014,0.3681592039800995,0.32254731573092277,BHLHE40_pDS258,0.0292995839112343
CEBPD,0.027653516561940258,0.0845771144278607,1.3250409708213187,BHLHE40_pDS258,0.2180998613037447
RB1CC1,0.016653944901424876,0.39303482587064675,0.07342219774582746,BHLHE40_pDS258,0.2650832177531206
RGS20,0.00879034258127487,0.746268656716418,-0.7142515491706966,BHLHE40_pDS258,0.1607142857142857
SDCBP,0.029638883139462054,0.22388059701492538,0.6404779535210932,BHLHE40_pDS258,0.6024618585298197
RP11-16E18.3,0.0005839889056524269,0.004975124378109453,7.602981707671639,BHLHE40_pDS258,0.0029472954230235
TRPA1,0.0005215368447508991,0.03980099502487562,0.1404120007525875,BHLHE40_pDS258,0.004507628294036
RPL7,0.02834421263417738,0.21890547263681592,0.5047669367937041,BHLHE40_pDS258,20.83633841886269
TMEM70,0.03193553557179661,0.208955223880597,0.7122921863376809,BHLHE40_pDS258,0.883495145631068
RP11-758M4.4,0.03159330472835292,0.004975124378109453,3.981696087528305,BHLHE40_pDS258,0.0965672676837725
ZC2HC1A,0.0012136388958715603,0.8208955223880597,-0.8170166648344408,BHLHE40_pDS258,0.0292995839112343
SLC10A5,0.0007719800757173287,0.004975124378109453,5.4060057015944585,BHLHE40_pDS258,0.0017337031900138
RP11-37B2.1,0.00660428398203722,0.2835820895522388,1.0424747669144656,BHLHE40_pDS258,0.013002773925104
RBM12B,0.01162300776578545,0.1791044776119403,0.8930430952497527,BHLHE40_pDS258,0.0608529819694868
GEM,0.0009540165418249709,0.009950248756218905,2.6009212593296867,BHLHE40_pDS258,0.0039875173370319
UQCRB,0.03217512161017484,0.5074626865671642,-0.12515865826989292,BHLHE40_pDS258,2.652392510402219
SDC2,0.007991133942033421,0.004975124378109453,1.717365128898194,BHLHE40_pDS258,0.009882108183079
RP11-410L14.2,0.008030083407847008,0.44776119402985076,-0.0519503718533257,BHLHE40_pDS258,0.0559986130374479
KLF10,0.0022573913288664433,0.8557213930348259,-0.9269306805266218,BHLHE40_pDS258,0.0273925104022191
DCAF13,0.02433410320996344,0.582089552238806,-0.3861311360963486,BHLHE40_pDS258,0.9876907073509016
LRP12,0.0080784782282164,0.3582089552238806,0.3789850145258615,BHLHE40_pDS258,0.0182038834951456
ZFPM2,0.010527720540366154,0.0845771144278607,1.8789543212191502,BHLHE40_pDS258,0.0275658807212205
EIF3E,0.06212740901820841,0.01990049751243781,2.5723704203987907,BHLHE40_pDS258,3.638869625520111
RAD21-AS1,0.0002329312366052106,0.527363184079602,0.3463437255346873,BHLHE40_pDS258,0.002253814147018
FAM83A,0.07548782794470718,0.009950248756218905,3.861000416151757,BHLHE40_pDS258,0.8002773925104022
ZHX1-C8ORF76,0.01181911453670559,0.01990049751243781,1.8985746438092783,BHLHE40_pDS258,0.0225381414701803
FBXO32,0.008447533525332914,0.39800995024875624,-0.04707557801843278,BHLHE40_pDS258,0.0310332871012482
RNF139-AS1,0.005097316712042565,0.8805970149253731,-1.0933893147551637,BHLHE40_pDS258,0.0539181692094313
SQLE,0.026406160160761097,0.6218905472636815,-0.48298731347466384,BHLHE40_pDS258,1.6768377253814146
TRIB1,0.010517415185063696,0.05970149253731343,1.6168594449296405,BHLHE40_pDS258,0.0213245492371705
MYC,0.07088373663012772,0.03482587064676617,2.369748138592944,BHLHE40_pDS258,2.126040221914008
AC083843.1,0.0003533390539796232,0.9950248756218906,-0.4217563836082071,BHLHE40_pDS258,0.0057212205270457
KHDRBS3,0.00026380787207858926,0.9950248756218906,-2.7579149588280787,BHLHE40_pDS258,0.0029472954230235
KCNK9,0.0002346630309271871,0.9900497512437811,-0.2626989344669801,BHLHE40_pDS258,0.0057212205270457
RP11-809O17.1,0.00026972362184857695,1.0,-2.925038348964124,BHLHE40_pDS258,0.0024271844660194
CTD-3064M3.1,0.0029255855481536016,0.11940298507462686,1.2556982344375147,BHLHE40_pDS258,0.0093619972260748
LY6E,0.19708539190273913,0.004975124378109453,12.405754978635693,BHLHE40_pDS258,4.007801664355062
RP13-582O9.5,0.02932880495433487,0.12437810945273632,1.353181878054501,BHLHE40_pDS258,0.2390776699029126
ZNF707,0.0049919918582288034,0.43283582089552236,-0.1475789964907497,BHLHE40_pDS258,0.0244452149791955
FBXL6,0.008491354740730513,0.31343283582089554,0.25065475407375903,BHLHE40_pDS258,0.0778432732316227
LRRC24,0.00021045114594931083,0.6019900497512438,-0.16876473871091963,BHLHE40_pDS258,0.0043342579750346
ERMP1,0.005938739276467931,0.1691542288557214,0.7060652334154357,BHLHE40_pDS258,0.0292995839112343
PSIP1,0.016321226296012743,0.9601990049751243,-1.1551642027879632,BHLHE40_pDS258,0.0292995839112343
PLIN2,0.04862172789148759,0.004975124378109453,4.904452127912688,BHLHE40_pDS258,0.2543342579750346
RPS6,0.022770956367338058,0.263681592039801,0.47316094274926745,BHLHE40_pDS258,67.30738557558946
TOPORS,0.006023166135069327,0.7512437810945274,-0.8154639517962201,BHLHE40_pDS258,0.1546463245492371
NDUFB6,0.027653191302627816,0.5920398009950248,-0.33463466786468377,BHLHE40_pDS258,2.5315533980582523
DNAJA1,0.03956859368899805,0.25870646766169153,0.43713878498442443,BHLHE40_pDS258,4.206830790568655
B4GALT1,0.01180368510282527,0.17412935323383086,0.8750816411141432,BHLHE40_pDS258,0.0292995839112343
SPINK4,0.0005712695190630266,0.945273631840796,-0.6018548717575017,BHLHE40_pDS258,0.0128294036061026
AQP3,0.06598216453780403,0.004975124378109453,8.846293629529132,BHLHE40_pDS258,0.0882454923717059
PRSS3,0.018915344192120164,0.04975124378109453,1.8943669316311966,BHLHE40_pDS258,0.0773231622746185
CCL27,0.00037276973527261656,0.004975124378109453,3.4420932537068385,BHLHE40_pDS258,0.0292995839112343
RP11-195F19.9,0.004699805193607935,0.6865671641791045,-0.053976187038329064,BHLHE40_pDS258,0.0095353675450762
STOML2,0.03463493345162359,0.3582089552238806,0.24761263638146558,BHLHE40_pDS258,4.552357836338419
FBXO10,0.000801777196577991,0.09950248756218906,-0.12571269222773285,BHLHE40_pDS258,0.004507628294036
CNTNAP3B,0.0006278245084220884,0.004975124378109453,7.9095504182335254,BHLHE40_pDS258,0.0020804438280166
TJP2,0.019442868123357205,0.10945273631840796,1.3942055486759184,BHLHE40_pDS258,0.0932732316227461
GDA,0.009220743783527526,0.208955223880597,0.5040356471374284,BHLHE40_pDS258,0.0556518723994452
ANXA1,0.0018872397647981937,0.01990049751243781,1.5453575750206123,BHLHE40_pDS258,0.0032940360610263
RP11-522I20.3,0.0027492555591834026,0.3681592039800995,0.0710085857214405,BHLHE40_pDS258,0.009882108183079
NAA35,0.009547618800460215,0.582089552238806,-0.45621184651353613,BHLHE40_pDS258,0.0292995839112343
CTSL,0.12660906205732447,0.004975124378109453,10.94402090213035,BHLHE40_pDS258,0.7888349514563107
S1PR3,0.006781367578022895,0.04477611940298507,1.361276033353317,BHLHE40_pDS258,0.0097087378640776
CKS2,0.03132034243069405,0.46766169154228854,-0.08857229835986462,BHLHE40_pDS258,2.2735783633841886
GADD45G,0.0026459829741357693,0.4228855721393035,-0.3736471380478968,BHLHE40_pDS258,0.0138696255201109
NINJ1,0.013092496467939597,0.2736318407960199,0.5549176494778006,BHLHE40_pDS258,0.0778432732316227
RP11-435O5.2,0.0013315912730682453,0.681592039800995,-0.7311948585363277,BHLHE40_pDS258,0.0136962552011095
RP11-435O5.5,0.0003135894915439001,0.47761194029850745,-0.11428020160749683,BHLHE40_pDS258,0.0032940360610263
CDC14B,0.0081702212398993,0.23880597014925373,0.6147927109712951,BHLHE40_pDS258,0.0292995839112343
TDRD7,0.0064942606826614655,0.23383084577114427,1.3697487434880924,BHLHE40_pDS258,0.0292995839112343
HEMGN,0.054848158785224796,0.03980099502487562,2.330286122212628,BHLHE40_pDS258,0.7148058252427184
TRIM14,0.001538664398977222,0.9402985074626866,-1.0898319956692888,BHLHE40_pDS258,0.0449029126213592
CORO2A,0.0013587993460939943,0.8855721393034826,-1.1189573627337657,BHLHE40_pDS258,0.0292995839112343
RP11-60I3.4,0.001305923036294743,0.004975124378109453,7.83837996258573,BHLHE40_pDS258,0.0017337031900138
TEX10,0.016940064603997117,0.25870646766169153,0.540638721976032,BHLHE40_pDS258,0.0292995839112343
MRPL50,0.021195843967385018,0.4975124378109453,-0.24759306395841188,BHLHE40_pDS258,0.0292995839112343
ZNF189,0.0015009547736173098,0.4427860696517413,-0.48428502286631175,BHLHE40_pDS258,0.0173370319001386
RP11-82L2.1,0.00035451018322275326,0.9850746268656716,-0.4796050501028655,BHLHE40_pDS258,0.0029472954230235
NIPSNAP3A,0.0210919227946444,0.31840796019900497,0.340133858829305,BHLHE40_pDS258,0.3092926490984743
NIPSNAP3B,0.005851850419187352,0.21890547263681592,0.6308629705478493,BHLHE40_pDS258,0.0104022191400832
SLC44A1,0.001506174144839308,0.024875621890547265,1.8480937403490219,BHLHE40_pDS258,0.0041608876560332
C9orf147,0.0020140165626970014,0.11940298507462686,0.4386942764333679,BHLHE40_pDS258,0.0069348127600554
FAM225A,0.000976986216831013,0.029850746268656716,0.8251170614725596,BHLHE40_pDS258,0.0039875173370319
CDC26,0.0005583339704885357,1.0,-3.162674197466216,BHLHE40_pDS258,0.0034674063800277
C9orf43,0.00014992241268563212,0.004975124378109453,5.2674363261762585,BHLHE40_pDS258,0.0017337031900138
DFNB31,0.0028989925002864906,0.36318407960199006,-0.3173990610935624,BHLHE40_pDS258,0.0171636615811373
PHF19,0.051598582147687914,0.03980099502487562,2.0205709149865485,BHLHE40_pDS258,4.473474341192788
GSN,0.0063744311363691354,0.7164179104477612,-0.6174523279861339,BHLHE40_pDS258,0.0435159500693481
PDCL,0.029156597348861522,0.04477611940298507,2.078497562220452,BHLHE40_pDS258,0.1754507628294036
HSPA5,0.04557620105232104,0.09950248756218906,1.2384951782475941,BHLHE40_pDS258,1.1601941747572817
ZBTB43,0.01993238951498856,0.12437810945273632,1.3064074212061305,BHLHE40_pDS258,0.1132108183079056
STXBP1,0.012374898946629328,0.06467661691542288,1.8531038754514448,BHLHE40_pDS258,0.0292995839112343
GOLGA2,0.02385965389068386,0.22885572139303484,0.6738244229706503,BHLHE40_pDS258,0.0292995839112343
SET,0.018610884782724903,0.8656716417910447,-1.011144334030892,BHLHE40_pDS258,4.877947295423024
LRRC8A,0.014086641753503009,0.29850746268656714,0.47574655195445686,BHLHE40_pDS258,0.0899791955617198
FNBP1,0.011362187358453834,0.42786069651741293,-0.05276815296306058,BHLHE40_pDS258,0.1144244105409154
RP11-544A12.8,0.021142378832944383,0.08955223880597014,1.454927076992552,BHLHE40_pDS258,0.1362690707350901
AK8,0.00986897712392652,0.06467661691542288,1.7354583860099617,BHLHE40_pDS258,0.0185506241331484
SOHLH1,0.0005172832991271471,0.03482587064676617,0.33436695616689216,BHLHE40_pDS258,0.002253814147018
RP11-432J22.2,0.00013957038692901622,0.009950248756218905,3.0141642069923096,BHLHE40_pDS258,0.0019070735090152
NOTCH1,0.01399806044606114,0.06965174129353234,1.8961929127270218,BHLHE40_pDS258,0.0279126213592233
SNHG7,0.014997745521692566,0.7064676616915423,-0.6750029692342472,BHLHE40_pDS258,0.6350554785020804
TUBB4B,0.021615499990947157,0.8407960199004975,-0.9510908515731021,BHLHE40_pDS258,2.152045769764217
IDI1,0.05267460138246625,0.04975124378109453,1.9266255077481005,BHLHE40_pDS258,1.294729542302358
KLF6,0.015383393672499373,0.16417910447761194,0.9469939357034316,BHLHE40_pDS258,0.0996879334257975
AKR1C1,0.0001455033843323067,0.7263681592039801,-0.44342666413208315,BHLHE40_pDS258,0.0091886269070735
OPTN,0.0001918580372073998,0.004975124378109453,2.5636981592896535,BHLHE40_pDS258,0.0019070735090152
FAM107B,0.0009547947217481321,0.004975124378109453,3.618650330446686,BHLHE40_pDS258,0.002253814147018
RP11-398C13.6,0.011575281127216081,0.03482587064676617,1.911321510967293,BHLHE40_pDS258,0.0254854368932038
VIM,0.045945895812404505,0.19900497512437812,0.6793651880704007,BHLHE40_pDS258,3.1664355062413314
OTUD1,0.0011109032296179498,0.004975124378109453,5.7724200978655285,BHLHE40_pDS258,0.0024271844660194
PTCHD3P1,0.010931244405771126,0.23880597014925373,0.5150638473363243,BHLHE40_pDS258,0.0563453536754507
CREM,0.02251561554620134,0.38308457711442784,0.1106622916502349,BHLHE40_pDS258,0.4277045769764216
ZNF485,0.003638390624208966,0.7860696517412935,-0.8485701311761664,BHLHE40_pDS258,0.0292995839112343
ZNF32,0.011282478689726448,0.4925373134328358,-0.16859853043591672,BHLHE40_pDS258,0.0292995839112343
PARG,0.013647783701735968,0.12935323383084577,1.1720931481875883,BHLHE40_pDS258,0.0598127600554785
NCOA4,0.0456506435712556,0.004975124378109453,3.7860031475234677,BHLHE40_pDS258,0.27375173370319
LINC00843,0.00022415118450983259,0.15422885572139303,-0.2564226374280681,BHLHE40_pDS258,0.0055478502080443
FAM21A,0.0034775608417650142,0.0845771144278607,1.8251137571402567,BHLHE40_pDS258,0.0055478502080443
ASAH2,0.0002947473254765133,0.004975124378109453,3.6985686617805724,BHLHE40_pDS258,0.0292995839112343
RP11-50E11.3,0.0005891371755111612,0.9701492537313433,-2.057037571410875,BHLHE40_pDS258,0.0034674063800277
IPMK,0.007241494116406498,0.06965174129353234,1.5964657447025579,BHLHE40_pDS258,0.0136962552011095
CDK1,0.02757745038142597,0.5024875621890548,-0.21477611704412086,BHLHE40_pDS258,0.9956657420249652
ARID5B,0.010888333426228436,0.6318407960199005,-0.4882026944284268,BHLHE40_pDS258,0.1653952843273231
JMJD1C,0.024453906846244065,0.15920398009950248,0.9684181736577695,BHLHE40_pDS258,0.2345700416088765
JMJD1C-AS1,0.006809155790919246,0.11442786069651742,1.4188045010064947,BHLHE40_pDS258,0.01751040221914
TET1,0.015016262191427415,0.44776119402985076,-0.04768343492513774,BHLHE40_pDS258,0.0292995839112343
UNC5B,0.0005797114691274711,0.004975124378109453,5.868138689056688,BHLHE40_pDS258,0.0026005547850208
DDIT4,0.027474128336764575,0.03980099502487562,2.1051007857104636,BHLHE40_pDS258,0.1546463245492371
DNAJC9-AS1,0.0003811947821533614,0.12437810945273632,-0.19484312389919864,BHLHE40_pDS258,0.006761442441054
RP11-152N13.5,0.012256846011806908,0.12935323383084577,1.1346626984116068,BHLHE40_pDS258,0.0554785020804438
PLAU,0.002474408272655855,0.004975124378109453,7.021333408561187,BHLHE40_pDS258,0.0032940360610263
KAT6B,0.004183786818120708,0.6417910447761194,-0.680106890287141,BHLHE40_pDS258,0.04750346740638
DUSP13,0.03908369105446986,0.004975124378109453,5.810380783349698,BHLHE40_pDS258,0.084257975034674
RPS24,0.035125303204979655,0.16417910447761194,1.0241072364434933,BHLHE40_pDS258,21.531553398058257
PPIF,0.037718607010244584,0.23383084577114427,0.804747688443377,BHLHE40_pDS258,1.2605755894590849
CCSER2,0.013003822086034377,0.2935323383084577,0.6256638910461282,BHLHE40_pDS258,0.0748959778085991
RP11-77P6.2,0.0037119531668534556,0.13930348258706468,1.039472156757319,BHLHE40_pDS258,0.0086685159500693
IFIT3,0.0002373628026038167,0.2835820895522388,0.5179217123562095,BHLHE40_pDS258,0.0026005547850208
RP11-80H5.2,0.00015918797389032012,0.004975124378109453,4.156383248448461,BHLHE40_pDS258,0.0024271844660194
MARCH5,0.011362567903953576,0.5373134328358209,-0.3662081493583123,BHLHE40_pDS258,0.1917475728155339
LCOR,0.014624371904735818,0.03980099502487562,2.205429908022664,BHLHE40_pDS258,0.0346740638002773
PI4K2A,0.004168316189538623,0.4427860696517413,-0.09441674206524237,BHLHE40_pDS258,0.031380027739251
DNMBP,0.00012725183525235157,0.8955223880597015,-0.17509312982350358,BHLHE40_pDS258,0.0038141470180305
RP11-179B2.2,0.00388354693274927,0.6616915422885572,-0.5201552411724072,BHLHE40_pDS258,0.0124826629680998
PDZD7,0.0011467865982666306,0.004975124378109453,4.179806003376785,BHLHE40_pDS258,0.002253814147018
SFXN3,0.00019781990033381774,0.03980099502487562,1.5610681826524067,BHLHE40_pDS258,0.0029472954230235
NFKB2,0.008116409408216348,0.0945273631840796,1.5346179019237214,BHLHE40_pDS258,0.0168169209431345
PSD,0.007252626557503833,0.014925373134328358,2.6578048885532533,BHLHE40_pDS258,0.0091886269070735
TAF5,0.013413988200636422,0.21890547263681592,0.47014198929598733,BHLHE40_pDS258,0.0891123439667129
USMG5,0.0162729290758419,0.9601990049751243,-1.3463933654888025,BHLHE40_pDS258,2.457697642163662
RP11-451M19.3,0.0003174281259583495,0.03980099502487562,2.1338147094426114,BHLHE40_pDS258,0.0020804438280166
SMNDC1,0.015291398980405721,0.38308457711442784,0.09587063371486763,BHLHE40_pDS258,0.1998959778085991
DUSP5,0.007166333088236706,0.20398009950248755,0.5762935293851904,BHLHE40_pDS258,0.01751040221914
VTI1A,0.009390066016652295,0.5223880597014925,-0.3447716519514171,BHLHE40_pDS258,0.1177184466019417
TCF7L2,0.013628300284515957,0.11940298507462686,1.285615312106819,BHLHE40_pDS258,0.0554785020804438
FAM160B1,0.00040458689319566247,0.9253731343283582,-1.015205509967088,BHLHE40_pDS258,0.0119625520110957
SLC18A2,0.0005664998728353125,0.9701492537313433,-0.2215721110848624,BHLHE40_pDS258,0.0043342579750346
FAM45A,0.01441872432184584,0.11442786069651742,1.384553831040553,BHLHE40_pDS258,0.0677877947295423
FAM24B,0.00813470466710738,0.5223880597014925,-0.23064341648738348,BHLHE40_pDS258,0.0722954230235783
MKI67,0.016807440268716497,0.8208955223880597,-0.8539936024230962,BHLHE40_pDS258,0.723127600554785
MIR202HG,0.0029094993283472334,0.7213930348258707,-1.1413789022961425,BHLHE40_pDS258,0.0104022191400832
IFITM2,0.20021710284980984,0.004975124378109453,13.862041248583687,BHLHE40_pDS258,1.253120665742025
C11orf35,0.0006118398356050955,0.024875621890547265,0.516388738798327,BHLHE40_pDS258,0.0039875173370319
RP11-496I9.1,6.430200878330218e-05,1.0,-4.124161539162169,BHLHE40_pDS258,0.0026005547850208
IRF7,0.006575493421875145,0.3781094527363184,0.6469322182558768,BHLHE40_pDS258,0.0292995839112343
BRSK2,0.005848605423399467,0.208955223880597,0.5609633607422341,BHLHE40_pDS258,0.0065880721220527
LSP1,0.00011808611788443959,0.9751243781094527,-0.648442870840382,BHLHE40_pDS258,0.0083217753120665
SLC22A18,0.0003498354822328152,0.09950248756218906,-0.19093804449110055,BHLHE40_pDS258,0.0053744798890429
PHLDA2,0.15748737814914932,0.004975124378109453,12.629981717219405,BHLHE40_pDS258,0.4984396671289875
ART5,0.00026284770023774466,0.004975124378109453,5.613692386344498,BHLHE40_pDS258,0.0031206657420249
RP11-23F23.2,0.0003564063975141674,0.004975124378109453,5.0388542756729064,BHLHE40_pDS258,0.0017337031900138
HBD,0.0445218763945826,0.009950248756218905,3.981197358787442,BHLHE40_pDS258,0.2314493758668516
HBG1,0.15071155388369045,0.004975124378109453,11.306771348842005,BHLHE40_pDS258,29.423023578363384
HBG2,0.15834794283089623,0.004975124378109453,12.420476316540556,BHLHE40_pDS258,46.90117891816921
HBE1,0.04457511450997319,0.004975124378109453,4.889123870516038,BHLHE40_pDS258,0.0695214979195561
NRIP3,0.006324819849814003,0.5024875621890548,-0.17583750731530698,BHLHE40_pDS258,0.0435159500693481
DENND5A,0.002612405184293673,0.6019900497512438,-0.6302248112011343,BHLHE40_pDS258,0.0364077669902912
TMEM41B,0.006812508453482507,0.6666666666666666,-0.6697452624416592,BHLHE40_pDS258,0.145631067961165
RP11-540A21.2,0.00013283088378935316,0.9701492537313433,-1.8987229923871791,BHLHE40_pDS258,0.0020804438280166
SBF2-AS1,0.0017449548548159363,0.23383084577114427,-0.17046546445095515,BHLHE40_pDS258,0.0105755894590846
SBF2,0.0072556945811362815,0.09950248756218906,1.6590584480099695,BHLHE40_pDS258,0.0149098474341192
ZBED5-AS1,0.001672149138139414,0.681592039800995,-0.8906715586553684,BHLHE40_pDS258,0.0213245492371705
CSNK2A3,0.00021524932302703634,0.9950248756218906,-2.1817197072475722,BHLHE40_pDS258,0.0017337031900138
MICALCL,0.00015447490182527186,0.4079601990049751,0.596565890276907,BHLHE40_pDS258,0.0031206657420249
LINC00958,0.009247157444601866,0.9950248756218906,-1.4076489543135808,BHLHE40_pDS258,0.5936199722607489
CYP2R1,0.00526679479850756,0.4228855721393035,0.05621249258371565,BHLHE40_pDS258,0.0372746185852981
PIK3C2A,0.008775980908553345,0.39303482587064675,-0.11176656508269915,BHLHE40_pDS258,0.0601595006934812
LDHA,0.059282824627377245,0.004975124378109453,3.2589428823550275,BHLHE40_pDS258,8.793515950069349
UEVLD,0.0005941662430484718,1.0,-1.2337749013348542,BHLHE40_pDS258,0.0131761442441054
TMEM86A,0.0003535595539952563,0.1044776119402985,0.3200645301500703,BHLHE40_pDS258,0.0046809986130374
ANO5,0.0001609938635635229,0.009950248756218905,2.2603548059658376,BHLHE40_pDS258,0.0031206657420249
MUC15,0.002349012816469933,0.5422885572139303,-0.39295990942949854,BHLHE40_pDS258,0.0097087378640776
CD59,0.016784660518691256,0.8159203980099502,-0.8399030175207423,BHLHE40_pDS258,0.7482662968099861
LMO2,0.06157452785086511,0.03980099502487562,2.423124760986955,BHLHE40_pDS258,1.6092233009708738
PRR5L,0.0007608937975963013,0.6069651741293532,-0.667801608729274,BHLHE40_pDS258,0.0140429958391123
TRAF6,0.009568232433248782,0.09950248756218906,0.7944582378667607,BHLHE40_pDS258,0.0317267683772538
RAG1,0.00046874758279338255,0.417910447761194,-0.5295634201055632,BHLHE40_pDS258,0.0062413314840499
C11orf74,0.008625816761754026,0.4079601990049751,0.09675480429851671,BHLHE40_pDS258,0.0634535367545076
C11orf96,0.005207251687101186,0.3333333333333333,0.2851922830644807,BHLHE40_pDS258,0.0195908460471567
ALX4,0.0002551203249756513,0.004975124378109453,4.99585200606887,BHLHE40_pDS258,0.0024271844660194
CD82,0.008410344853445034,0.01990049751243781,1.8721773100031476,BHLHE40_pDS258,0.0104022191400832
SLC35C1,0.010027058475458896,0.13930348258706468,0.8643889718584891,BHLHE40_pDS258,0.0490638002773925
RP11-702F3.3,0.0005659048987977095,0.4975124378109453,-0.10691592666780655,BHLHE40_pDS258,0.0034674063800277
CREB3L1,0.000314697818008684,0.8009950248756219,-0.25948447346054676,BHLHE40_pDS258,0.004507628294036
MDK,0.11919298122944312,0.004975124378109453,6.663665104418233,BHLHE40_pDS258,4.271844660194175
C11orf49,0.012156153840786126,0.5074626865671642,-0.1735499134404873,BHLHE40_pDS258,0.1281206657420249
SPI1,0.11149429512672379,0.004975124378109453,9.876221315195316,BHLHE40_pDS258,0.3257628294036061
APLNR,0.0003688371207017121,0.014925373134328358,2.3941419466879905,BHLHE40_pDS258,0.0292995839112343
UBE2L6,0.008696746020506976,0.681592039800995,-0.6246233009515217,BHLHE40_pDS258,0.185506241331484
YPEL4,0.0026357538373012767,0.04477611940298507,1.4542139201646604,BHLHE40_pDS258,0.0043342579750346
MS4A3,0.1663490638527516,0.004975124378109453,11.719354692341085,BHLHE40_pDS258,5.298370319001387
MS4A4A,0.024530190710765804,0.8308457711442786,-0.8631282224705528,BHLHE40_pDS258,3.0459431345353676
DAK,0.01901416851350811,0.4626865671641791,-0.18806072700010656,BHLHE40_pDS258,0.2179264909847434
FADS1,0.02744214821229858,0.29850746268656714,0.3536471238813345,BHLHE40_pDS258,0.6624479889042996
FADS3,0.028911126420639845,0.029850746268656716,2.528038061942936,BHLHE40_pDS258,0.137135922330097
FTH1,0.021903316852187694,0.05472636815920398,2.1487623638419127,BHLHE40_pDS258,72.83529819694868
RP11-703H8.7,0.0002675094103896578,1.0,-4.409464154313353,BHLHE40_pDS258,0.0029472954230235
AHNAK,0.02020961109008274,0.1044776119402985,1.4290205717341755,BHLHE40_pDS258,0.0882454923717059
MTA2,0.008444455344038787,0.19900497512437812,0.7065050055891489,BHLHE40_pDS258,0.0402219140083217
C11orf83,0.0603558406384518,0.029850746268656716,2.3194934413633406,BHLHE40_pDS258,1.7380374479889042
RP11-727F15.12,0.0027580050869687855,0.35323383084577115,-0.1827051226946456,BHLHE40_pDS258,0.0156033287101248
SLC3A2,0.048025927066385636,0.06467661691542288,1.8992465417235398,BHLHE40_pDS258,0.9074202496532594
LGALS12,0.005164586521216113,0.48258706467661694,0.025383762049713057,BHLHE40_pDS258,0.0119625520110957
PLA2G16,0.0021158542545458917,0.8756218905472637,-0.9984693861133669,BHLHE40_pDS258,0.0381414701803051
RCOR2,0.0009089053750043089,0.7114427860696517,-0.800221594251315,BHLHE40_pDS258,0.0188973647711511
RP11-783K16.5,0.0074207868055012356,0.3383084577114428,0.38446099078356505,BHLHE40_pDS258,0.0292995839112343
RP11-665N17.4,0.001834426438960032,0.004975124378109453,4.363549028763244,BHLHE40_pDS258,0.0026005547850208
ATG2A,0.010197921235634913,0.36318407960199006,0.1429386242645941,BHLHE40_pDS258,0.0847780859916782
PPP2R5B,0.0061993794446542315,0.24875621890547264,0.7810201804366864,BHLHE40_pDS258,0.0150832177531206
SPDYC,0.03964903364754167,0.009950248756218905,3.5925299418044228,BHLHE40_pDS258,0.1811719833564493
TIGD3,0.0006850985182321074,0.03980099502487562,0.4636436550456874,BHLHE40_pDS258,0.0055478502080443
SLC25A45,0.0008162509759142691,0.2935323383084577,-0.4238273518537882,BHLHE40_pDS258,0.0078016643550624
NEAT1,0.01635806153006081,0.9651741293532339,-1.3060241539398554,BHLHE40_pDS258,1.251733703190014
AP000769.1,6.487989407849055e-05,0.9054726368159204,-1.2087217586240995,BHLHE40_pDS258,0.0046809986130374
MALAT1,0.03139198345566672,0.31343283582089554,0.3751462536126717,BHLHE40_pDS258,42.16591539528433
FOSL1,0.023716203958233678,0.014925373134328358,2.9642995438535693,BHLHE40_pDS258,0.0700416088765603
PELI3,0.00033017631332196354,0.12935323383084577,-0.23622772625944463,BHLHE40_pDS258,0.0292995839112343
CTD-3074O7.12,0.00028351095798017625,0.01990049751243781,0.2853963366111676,BHLHE40_pDS258,0.0036407766990291
C11orf80,0.001764572127082116,0.7661691542288557,-0.9374064511605914,BHLHE40_pDS258,0.0292995839112343
POLD4,0.045897170132134145,0.009950248756218905,3.639742044710482,BHLHE40_pDS258,0.3165742024965326
RAD9A,0.016902920091548798,0.38308457711442784,0.13067138801729827,BHLHE40_pDS258,0.2505201109570041
TBC1D10C,0.011143567936505849,0.004975124378109453,3.5472619257258904,BHLHE40_pDS258,0.0195908460471567
PTPRCAP,0.09364603954133785,0.004975124378109453,9.56839906200926,BHLHE40_pDS258,0.3900832177531206
GSTP1,0.09913475000864953,0.004975124378109453,11.608624700749361,BHLHE40_pDS258,16.764389736477114
RP11-802E16.3,0.0004022866770468832,0.004975124378109453,5.836860396531024,BHLHE40_pDS258,0.0029472954230235
GAL,0.0827849418749653,0.004975124378109453,4.9372501453128885,BHLHE40_pDS258,6.5249653259362
IL18BP,0.0008361399540627317,0.1691542288557214,-0.06335773757806946,BHLHE40_pDS258,0.0058945908460471
FOLR1,0.010276400269795297,0.2835820895522388,0.3800424499349919,BHLHE40_pDS258,0.0613730929264909
CLPB,0.016873256019703912,0.14925373134328357,0.9794966828126657,BHLHE40_pDS258,0.1113037447988904
FCHSD2,0.008857578462288367,0.14427860696517414,0.8100814499620785,BHLHE40_pDS258,0.0292995839112343
FAM168A,0.0014704922052881176,0.5671641791044776,-0.5964729541913105,BHLHE40_pDS258,0.0171636615811373
P4HA3,0.002724855263902238,0.20398009950248755,0.6715413240669968,BHLHE40_pDS258,0.0072815533980582
GDPD5,0.006525571464904392,0.03482587064676617,1.4278078032569064,BHLHE40_pDS258,0.0078016643550624
SERPINH1,0.04186806938665393,0.029850746268656716,2.462256308654164,BHLHE40_pDS258,0.391123439667129
LRRC32,0.0003994715656270156,0.004975124378109453,5.8037403153170235,BHLHE40_pDS258,0.0017337031900138
RSF1,0.016837790682168365,0.7611940298507462,-0.7588642378702823,BHLHE40_pDS258,0.8092926490984743
KCTD14,0.000576655917493937,0.004975124378109453,6.0773180849117034,BHLHE40_pDS258,0.0292995839112343
ANKRD42,0.005341420047016114,0.4626865671641791,-0.1341901208963212,BHLHE40_pDS258,0.0292995839112343
DLG2,0.00025501896364199067,0.004975124378109453,5.7924109360304135,BHLHE40_pDS258,0.0026005547850208
EED,0.02317576510890141,0.18407960199004975,0.8471401939031072,BHLHE40_pDS258,0.0292995839112343
RP11-736K20.5,0.0005752703496873212,0.004975124378109453,4.829592233824549,BHLHE40_pDS258,0.0024271844660194
TMEM135,0.007414554758097146,0.3681592039800995,0.27149109393678983,BHLHE40_pDS258,0.0414355062413314
PANX1,0.0010697049844297954,0.9253731343283582,-1.0918338121549287,BHLHE40_pDS258,0.0227115117891816
BIRC2,0.026674761184819054,0.01990049751243781,2.505774352836085,BHLHE40_pDS258,0.132628294036061
DYNC2H1,0.000718920714471356,0.27860696517412936,-0.4098582500556533,BHLHE40_pDS258,0.0084951456310679
ALKBH8,0.007520366325337032,0.5522388059701493,-0.15870924703653352,BHLHE40_pDS258,0.0270457697642163
PIH1D2,0.0023381951837117957,0.7562189054726368,-0.8184377626170735,BHLHE40_pDS258,0.0143897364771151
BCO2,0.00035667228058363477,0.7810945273631841,-0.42915158896217664,BHLHE40_pDS258,0.0090152565880721
CD3E,0.006759994600056205,0.1691542288557214,1.1775604551892114,BHLHE40_pDS258,0.0227115117891816
CD3D,0.019814961629083756,0.004975124378109453,6.7976916538601015,BHLHE40_pDS258,0.0142163661581137
PHLDB1,0.005723602681250624,0.4427860696517413,0.04049298184115363,BHLHE40_pDS258,0.0306865464632454
HMBS,0.051807250892914415,0.07462686567164178,1.6050692837864766,BHLHE40_pDS258,2.045076282940361
TBCEL,0.006862040729154514,0.2537313432835821,0.9721414039639958,BHLHE40_pDS258,0.0131761442441054
HSPA8,0.03366148136569172,0.3880597014925373,0.18004324931913582,BHLHE40_pDS258,6.530339805825243
PANX3,0.0005409542832919647,0.009950248756218905,0.36586032971492344,BHLHE40_pDS258,0.0027739251040221
ESAM,0.05241384111316816,0.03482587064676617,2.524300918721847,BHLHE40_pDS258,0.6232662968099861
CCDC15,0.00479453546999485,0.4925373134328358,-0.07152246352225457,BHLHE40_pDS258,0.0292995839112343
FEZ1,0.03454623529367882,0.03980099502487562,2.1767023985448337,BHLHE40_pDS258,0.1496185852981969
NINJ2,0.01105112008417748,0.3781094527363184,0.15810586210365335,BHLHE40_pDS258,0.0755894590846047
RAD52,0.0003707762062654522,0.0945273631840796,-0.12104240859729136,BHLHE40_pDS258,0.0064147018030513
PARP11,0.0005057389304993326,0.2736318407960199,0.18195321830444258,BHLHE40_pDS258,0.002253814147018
CD9,0.028959282416297572,0.01990049751243781,2.664178836485844,BHLHE40_pDS258,0.1178918169209431
LPAR5,0.012432172132450662,0.04477611940298507,2.3873355468893975,BHLHE40_pDS258,0.0292995839112343
ACRBP,0.018956566919417425,0.009950248756218905,3.8575205638850285,BHLHE40_pDS258,0.036754507628294
GNB3,0.007321636010325692,0.14925373134328357,0.7974171702125298,BHLHE40_pDS258,0.0187239944521497
CDCA3,0.013330935839346806,0.9253731343283582,-1.052266123849253,BHLHE40_pDS258,0.4414008321775312
ENO2,0.007507068103089389,0.5323383084577115,-0.3857225569372389,BHLHE40_pDS258,0.0759361997226074
U47924.30,0.005478815176383199,0.5323383084577115,0.2211501769978961,BHLHE40_pDS258,0.012135922330097
CLSTN3,0.001376373862850094,0.4129353233830846,-0.4653638744637999,BHLHE40_pDS258,0.0166435506241331
CD163L1,0.0006971286448920626,0.6417910447761194,-0.407658833842781,BHLHE40_pDS258,0.0027739251040221
SLC2A14,0.00279385209614425,0.009950248756218905,9.955237585843335,BHLHE40_pDS258,0.0041608876560332
FOXJ2,0.006333096386510475,0.29850746268656714,0.2963317164736483,BHLHE40_pDS258,0.0201109570041608
LINC00937,0.005424968546719508,0.4527363184079602,0.06421936673524407,BHLHE40_pDS258,0.0242718446601941
CLEC2D,0.0005287119212285068,0.004975124378109453,5.831538517964636,BHLHE40_pDS258,0.0292995839112343
CD69,0.003186124237037394,0.004975124378109453,7.43795380071455,BHLHE40_pDS258,0.0019070735090152
KLRF1,0.013356380031355142,0.004975124378109453,3.111792697636107,BHLHE40_pDS258,0.0168169209431345
CLEC2B,0.0052385709360865266,0.582089552238806,-0.4173697001289715,BHLHE40_pDS258,0.0324202496532593
RP11-377D9.3,0.00022331176441639966,0.9850746268656716,-2.30336495535871,BHLHE40_pDS258,0.0020804438280166
ATF7IP,0.007740158405612455,0.15422885572139303,0.6622401024493599,BHLHE40_pDS258,0.0221914008321775
ARHGDIB,0.03881014523556719,0.004975124378109453,12.292529941270146,BHLHE40_pDS258,0.015256588072122
METTL20,0.0005395080975964906,0.03482587064676617,0.09362724234248804,BHLHE40_pDS258,0.0064147018030513
BICD1,0.04175303990543191,0.014925373134328358,3.2157753891606,BHLHE40_pDS258,0.1905339805825242
TWF1,0.003202283761424544,0.9751243781094527,-1.4671070594075626,BHLHE40_pDS258,0.0397018030513176
TMEM117,0.013208487379787168,0.01990049751243781,2.885323996270961,BHLHE40_pDS258,0.0204576976421636
ANO6,0.004257273234076276,0.5422885572139303,-0.44971079791928886,BHLHE40_pDS258,0.045249653259362
SLC38A2,0.006466773905720354,0.8258706467661692,-0.8332973294489049,BHLHE40_pDS258,0.2094313453536754
RP1-197B17.3,0.0025635171904767103,0.6069651741293532,-0.2530472149142899,BHLHE40_pDS258,0.0102288488210818
COL2A1,0.08446528880085122,0.004975124378109453,7.394207458100165,BHLHE40_pDS258,0.2988904299583911
DKFZP779L1853,0.0008981710658105082,0.03980099502487562,0.4478242271186485,BHLHE40_pDS258,0.0048543689320388
RND1,0.0008690839057248283,0.06965174129353234,0.4959281598954315,BHLHE40_pDS258,0.0050277392510402
FKBP11,0.006955682939811092,0.746268656716418,-0.6823870773402588,BHLHE40_pDS258,0.0492371705963938
RP11-386G11.5,0.0006855362401301905,0.014925373134328358,0.9270832858514143,BHLHE40_pDS258,0.0043342579750346
TUBA1A,0.030105859018583123,0.04477611940298507,2.3861944419503702,BHLHE40_pDS258,0.1281206657420249
TUBA1C,0.021351006733439794,0.8656716417910447,-0.964013436714451,BHLHE40_pDS258,2.5696948682385576
PRPH,0.00013223614812044238,0.6417910447761194,-0.4306993056368359,BHLHE40_pDS258,0.0046809986130374
FMNL3,0.0009459784934763453,0.06965174129353234,0.29288542076401675,BHLHE40_pDS258,0.0090152565880721
TMBIM6,0.028715746956039765,0.5124378109452736,-0.25968577787581604,BHLHE40_pDS258,2.1731969486823854
NCKAP5L,0.003642458639452971,0.7960199004975125,-0.8892400221297396,BHLHE40_pDS258,0.0629334257975034
GPD1,0.0009012804870247519,0.004975124378109453,6.123559022724311,BHLHE40_pDS258,0.0026005547850208
DAZAP2,0.011045721835504615,0.900497512437811,-1.0753958554522065,BHLHE40_pDS258,0.47000693481276
SMAGP,0.07295826552863224,0.009950248756218905,3.922312616648789,BHLHE40_pDS258,1.270631067961165
SLC4A8,0.0007247257747979186,0.06467661691542288,0.42536682813931703,BHLHE40_pDS258,0.0292995839112343
ACVR1B,0.013405241517090896,0.08955223880597014,1.5762764266604326,BHLHE40_pDS258,0.0525312066574202
NR4A1,0.02032619143617125,0.004975124378109453,4.90577845249658,BHLHE40_pDS258,0.0258321775312066
C12orf44,0.015645456821340005,0.6318407960199005,-0.4712587303467177,BHLHE40_pDS258,0.4814493758668516
KRT8,0.062106152564280065,0.01990049751243781,3.380875258528465,BHLHE40_pDS258,0.7187933425797504
KRT18,0.04429689884721488,0.14925373134328357,1.0412187083728535,BHLHE40_pDS258,3.84882108183079
RP11-983P16.4,0.0036937055834601992,0.40298507462686567,0.05083943724264282,BHLHE40_pDS258,0.0112690707350901
SPRYD3,0.001957366011775849,0.27860696517412936,-0.24031552534401265,BHLHE40_pDS258,0.0072815533980582
ZNF740,0.021764044328517054,0.004975124378109453,4.8938359338565265,BHLHE40_pDS258,0.033633841886269
SP7,0.002061812980637364,0.6517412935323383,-0.6761747180382628,BHLHE40_pDS258,0.0140429958391123
NCKAP1L,0.012832054393358714,0.3781094527363184,0.25581328629069056,BHLHE40_pDS258,0.0977808599167822
CD63,0.03328935225383207,0.26865671641791045,0.4862429187005905,BHLHE40_pDS258,7.897018030513176
PA2G4,0.029818904438719054,0.25870646766169153,0.554457483680265,BHLHE40_pDS258,7.304264909847434
COQ10A,0.01101899783623363,0.19900497512437812,0.6095502086821487,BHLHE40_pDS258,0.0643203883495145
TAC3,0.00691990653188683,0.8258706467661692,-0.9714029789592873,BHLHE40_pDS258,0.1314147018030513
NAB2,0.018619577071883258,0.03980099502487562,2.1242218987149193,BHLHE40_pDS258,0.0629334257975034
INHBE,0.0010325474093075989,0.4626865671641791,-0.4252309795433751,BHLHE40_pDS258,0.0090152565880721
DDIT3,0.03032863028124396,0.0945273631840796,1.6073357128625918,BHLHE40_pDS258,0.296636615811373
METTL21B,0.001968559433953101,0.6965174129353234,-0.8361319415307932,BHLHE40_pDS258,0.034500693481276
AVIL,0.0070451381704127606,0.06467661691542288,1.3547561278689035,BHLHE40_pDS258,0.0105755894590846
FAM19A2,0.029253822483074197,0.004975124378109453,3.8504181819147747,BHLHE40_pDS258,0.0292995839112343
C12orf56,0.0005404267877973896,1.0,-0.41827727062055065,BHLHE40_pDS258,0.0046809986130374
TBC1D30,0.0030483059959424846,0.5572139303482587,-0.4422567761464639,BHLHE40_pDS258,0.0284327323162274
RP11-637A17.2,0.00025850698133235336,0.208955223880597,-0.4282459686018836,BHLHE40_pDS258,0.0074549237170596
RP11-1143G9.4,0.001390160264979641,0.009950248756218905,3.321491758250548,BHLHE40_pDS258,0.0020804438280166
TBC1D15,0.004079622996047142,0.7512437810945274,-0.7944101183099372,BHLHE40_pDS258,0.0878987517337031
RP11-585P4.5,0.0007725880265982858,0.9701492537313433,-1.9829163262472473,BHLHE40_pDS258,0.0027739251040221
PHLDA1,0.00411175387927648,0.03482587064676617,2.439057175588088,BHLHE40_pDS258,0.015256588072122
PPP1R12A,0.030431587504068675,0.19402985074626866,0.8959865950539816,BHLHE40_pDS258,0.5069348127600555
NTS,0.013253711389569607,0.004975124378109453,4.215787993682005,BHLHE40_pDS258,0.0095353675450762
LINC00936,0.0028220938696782,0.373134328358209,-0.3322979205171561,BHLHE40_pDS258,0.0164701803051317
BTG1,0.11584445720000945,0.004975124378109453,7.245788150661184,BHLHE40_pDS258,1.8174410540915396
RP11-796E2.4,0.0007428474857197188,0.7512437810945274,-0.7733665860339535,BHLHE40_pDS258,0.0192441054091539
SOCS2,0.05923998028244768,0.009950248756218905,2.8392186998759805,BHLHE40_pDS258,1.0835644937586686
CRADD,0.019145034561874195,0.15422885572139303,0.9484284574240964,BHLHE40_pDS258,0.1548196948682385
ELK3,0.001282755953960613,0.9154228855721394,-0.8480359288993154,BHLHE40_pDS258,0.0150832177531206
SYCP3,0.0015077913516102787,0.004975124378109453,4.6018108379819,BHLHE40_pDS258,0.002253814147018
HSP90B1,0.043326365218041556,0.20398009950248755,0.7980804818652137,BHLHE40_pDS258,2.5967406380027738
C12orf75,0.004200665617135783,0.4129353233830846,0.5762056837258414,BHLHE40_pDS258,0.0097087378640776
RP11-412D9.4,0.004404803692570235,0.8009950248756219,-0.6188232822298615,BHLHE40_pDS258,0.0190707350901525
FICD,0.003253122502360269,0.6517412935323383,-0.8389903117085733,BHLHE40_pDS258,0.0095353675450762
UNG,0.022320410518707312,0.3681592039800995,0.07714811213722247,BHLHE40_pDS258,0.3391123439667129
FAM222A,0.0004135888890392447,0.004975124378109453,4.31563682983194,BHLHE40_pDS258,0.0024271844660194
TRPV4,0.00061842472718697,0.04477611940298507,-0.013652040931401507,BHLHE40_pDS258,0.0052011095700416
SH2B3,0.009562089144814339,0.5124378109452736,-0.23265278312525578,BHLHE40_pDS258,0.1055825242718446
SDSL,0.015194685528305591,0.04477611940298507,2.0151017602306482,BHLHE40_pDS258,0.0455963938973647
LHX5,0.000552851968804693,0.5771144278606966,-0.3811125509806999,BHLHE40_pDS258,0.0053744798890429
MAP1LC3B2,0.0022380343590764173,0.8009950248756219,-0.897029457808963,BHLHE40_pDS258,0.0292995839112343
VSIG10,0.006428583400266403,0.4129353233830846,-0.03004224720146663,BHLHE40_pDS258,0.0301664355062413
RP11-768F21.1,0.00028205717722786064,0.004975124378109453,8.54834717750002,BHLHE40_pDS258,0.0026005547850208
CCDC64,0.004926533535753352,0.13432835820895522,1.8606932683908664,BHLHE40_pDS258,0.0078016643550624
PXN,0.005724314430395812,0.900497512437811,-0.8929790176331523,BHLHE40_pDS258,0.0450762829403606
UNC119B,0.006631443529656055,0.5970149253731343,-0.32678846477719825,BHLHE40_pDS258,0.0292995839112343
ACADS,0.016949039441750715,0.07960199004975124,1.4266389225777265,BHLHE40_pDS258,0.0774965325936199
RSRC2,0.020936121007475408,0.6616915422885572,-0.5621369753246366,BHLHE40_pDS258,1.1484049930651872
RP11-380L11.3,0.00030668998617784427,0.004975124378109453,6.733293768441576,BHLHE40_pDS258,0.0024271844660194
UBC,0.053593648983845485,0.06965174129353234,1.772836021420885,BHLHE40_pDS258,2.500346740638003
RP11-669N7.2,0.000729680148579011,0.7960199004975125,-0.7797473990649074,BHLHE40_pDS258,0.0263522884882108
EP400NL,0.0035797542281258907,0.8557213930348259,-0.9331578334096089,BHLHE40_pDS258,0.0826976421636615
RP11-46H11.12,0.003612916311860279,0.2885572139303483,0.2682445178599918,BHLHE40_pDS258,0.0114424410540915
CRYL1,0.00077267813380414,0.8656716417910447,-0.8867296754849635,BHLHE40_pDS258,0.0208044382801664
ZDHHC20,0.0006139057786895109,0.03980099502487562,0.26297321837170884,BHLHE40_pDS258,0.0060679611650485
SACS,0.0035503554643544597,0.7263681592039801,-0.8128695288448815,BHLHE40_pDS258,0.0292995839112343
USP12,0.01723261552476961,0.14427860696517414,1.2064483937478538,BHLHE40_pDS258,0.1078363384188626
RPL21,0.02010387365104557,0.5323383084577115,-0.24484722651158633,BHLHE40_pDS258,23.77080443828017
FLT1,0.003999155912501239,0.373134328358209,-0.19081838134196694,BHLHE40_pDS258,0.0123092926490984
SLC46A3,0.008203994503776721,0.14427860696517414,0.7437868978143293,BHLHE40_pDS258,0.0234049930651872
BRCA2,0.007693164667992583,0.6019900497512438,-0.5153565268799518,BHLHE40_pDS258,0.0292995839112343
LHFP,0.0002928465408723472,1.0,-4.353764760403332,BHLHE40_pDS258,0.0026005547850208
ELF1,0.0124172974351491,0.7014925373134329,-0.5868646677014353,BHLHE40_pDS258,0.0292995839112343
NAA16,0.020470393999357465,0.12935323383084577,1.3880830074637298,BHLHE40_pDS258,0.0292995839112343
RGCC,0.027219438656021295,0.06965174129353234,1.7058104060892207,BHLHE40_pDS258,0.2233009708737864
SERP2,0.00011642064381462877,0.004975124378109453,3.3224773531922707,BHLHE40_pDS258,0.0017337031900138
TSC22D1,0.027695033190104763,0.3333333333333333,0.32467866829240427,BHLHE40_pDS258,0.5937933425797504
CPB2-AS1,0.005454762638598625,0.014925373134328358,4.579418044120839,BHLHE40_pDS258,0.0081484049930651
LCP1,0.09290251566131369,0.004975124378109453,5.095545936163623,BHLHE40_pDS258,1.035887656033287
ESD,0.061789639804121936,0.024875621890547265,2.2914222964769237,BHLHE40_pDS258,1.884361997226075
LINC00562,0.0010303886063383666,0.4228855721393035,-0.6457816248015722,BHLHE40_pDS258,0.0292995839112343
ITM2B,0.023804814793196582,0.6766169154228856,-0.5763796153787973,BHLHE40_pDS258,1.641123439667129
SETDB2,0.02198748144733232,0.024875621890547265,3.1300562337412177,BHLHE40_pDS258,0.0592926490984743
ARL11,0.015147761444399754,0.0945273631840796,1.6416199624339043,BHLHE40_pDS258,0.0471567267683772
KCNRG,0.002582512344974287,0.8905472636815921,-1.5791961525484886,BHLHE40_pDS258,0.0097087378640776
INTS6,0.013815093834745608,0.43283582089552236,0.000900150784465389,BHLHE40_pDS258,0.1317614424410541
TDRD3,0.01744333406810469,0.19402985074626866,1.0173075737451163,BHLHE40_pDS258,0.1374826629680998
CLN5,0.008944854540448915,0.7960199004975125,-0.7963644329323287,BHLHE40_pDS258,0.1598474341192788
RBM26-AS1,0.0030883110216788187,0.5124378109452736,-0.477905636753741,BHLHE40_pDS258,0.0265256588072122
NDFIP2,0.02821298035343594,0.23383084577114427,0.6284128304040958,BHLHE40_pDS258,0.598127600554785
SPRY2,0.002888748229371447,0.6716417910447762,-0.6563899792409426,BHLHE40_pDS258,0.0329403606102635
RP11-471M2.3,0.008747638129022689,0.14427860696517414,0.9210548589560708,BHLHE40_pDS258,0.031380027739251
DZIP1,0.0003762484665499976,0.0845771144278607,-0.09862679644648426,BHLHE40_pDS258,0.0053744798890429
DNAJC3-AS1,0.004500960549294022,0.6666666666666666,-0.5936727065189943,BHLHE40_pDS258,0.063626907073509
DNAJC3,0.017164464224906837,0.43283582089552236,-0.11050195605637965,BHLHE40_pDS258,0.2929958391123439
RAP2A,0.011760108834544872,0.29850746268656714,0.6192301496649353,BHLHE40_pDS258,0.062760055478502
DOCK9-AS2,0.0017358387993761943,0.5323383084577115,-0.4927195939436251,BHLHE40_pDS258,0.0135228848821081
UBAC2-AS1,0.006331198352507919,0.5024875621890548,-0.20040332537874123,BHLHE40_pDS258,0.052877947295423
CLYBL,0.0076716775851129095,0.21393034825870647,0.7081533906037341,BHLHE40_pDS258,0.036754507628294
ZIC5,0.00033418428915177925,0.8159203980099502,-1.4239558328090638,BHLHE40_pDS258,0.0117891816920943
TMTC4,0.008379987915411433,0.3333333333333333,0.21685272411746523,BHLHE40_pDS258,0.052011095700416
ERCC5,0.0074421009225695296,0.4427860696517413,0.030307249862114555,BHLHE40_pDS258,0.0686546463245492
ARGLU1,0.015160610456080121,0.8805970149253731,-0.9797793376909756,BHLHE40_pDS258,1.1180651872399443
TNFSF13B,0.0018899121294691193,0.20398009950248755,-0.3025232470479097,BHLHE40_pDS258,0.0048543689320388
IRS2,0.002528261288263529,0.8606965174129353,-0.9245802224649265,BHLHE40_pDS258,0.0325936199722607
ING1,0.018871113139375867,0.22885572139303484,0.5860124306694159,BHLHE40_pDS258,0.204750346740638
ANKRD10,0.012524974932093973,0.7711442786069652,-0.7388123880601247,BHLHE40_pDS258,0.3951109570041609
ADPRHL1,0.00041161670831408546,0.373134328358209,-0.36532414510237504,BHLHE40_pDS258,0.0069348127600554
GAS6,0.010822393902412436,0.6517412935323383,-0.6049292549282869,BHLHE40_pDS258,0.2227808599167822
TMEM253,0.0006083131203961151,0.0845771144278607,0.08022698809650188,BHLHE40_pDS258,0.0036407766990291
RP11-524O1.4,0.003722643645882042,0.7661691542288557,-0.814419295564179,BHLHE40_pDS258,0.0100554785020804
RAB2B,0.012972580282528692,0.08955223880597014,1.8371445225401877,BHLHE40_pDS258,0.0312066574202496
REM2,0.006948612001206436,0.01990049751243781,1.2165614418821462,BHLHE40_pDS258,0.0123092926490984
AJUBA,0.0005403527202652502,0.4577114427860697,-0.6951230748160281,BHLHE40_pDS258,0.0088418862690707
SLC7A8,0.02118118649574061,0.6417910447761194,-0.49635330156263385,BHLHE40_pDS258,0.3656380027739251
SLC22A17,0.00032698682698228097,0.06467661691542288,1.7201649003726225,BHLHE40_pDS258,0.0292995839112343
NGDN,0.030399751013507496,0.3333333333333333,0.26283753583799263,BHLHE40_pDS258,0.0292995839112343
RP11-66N24.4,0.0003201147733832221,0.9950248756218906,-0.558974106705256,BHLHE40_pDS258,0.007628294036061
PCK2,0.024539561610520826,0.15422885572139303,0.9541985298673645,BHLHE40_pDS258,0.2298890429958391
PSME1,0.023925256947267094,0.46766169154228854,-0.16364394937209367,BHLHE40_pDS258,0.6432038834951457
EMC9,0.014215498782915732,0.5373134328358209,-0.3176027661932458,BHLHE40_pDS258,0.2076976421636615
RNF31,0.00029661128985279943,0.024875621890547265,-0.006179823724050093,BHLHE40_pDS258,0.0036407766990291
RP11-468E2.4,0.0018714266118214228,0.04975124378109453,0.9637042441094263,BHLHE40_pDS258,0.0048543689320388
NFATC4,0.00321456501966017,0.6019900497512438,-0.6083191948778107,BHLHE40_pDS258,0.0249653259361997
STXBP6,0.1448402062982862,0.004975124378109453,12.238546820400844,BHLHE40_pDS258,0.5362343966712899
RP11-1103G16.1,0.007396505336390768,0.4079601990049751,0.07035928197801138,BHLHE40_pDS258,0.0327669902912621
RP11-829H16.3,0.0006493508443555599,0.14427860696517414,-0.07761867386264508,BHLHE40_pDS258,0.0046809986130374
STRN3,0.017275497374838446,0.3034825870646766,0.3959244435494166,BHLHE40_pDS258,0.1454576976421636
AP4S1,0.009654321707042862,0.29850746268656714,0.3548849944362576,BHLHE40_pDS258,0.0787101248266296
ARHGAP5-AS1,0.006677774870098586,0.48756218905472637,-0.21911819837922378,BHLHE40_pDS258,0.0521844660194174
ARHGAP5,0.010576743197116696,0.6467661691542289,-0.5617390842094303,BHLHE40_pDS258,0.1508321775312066
EAPP,0.02105453657131023,0.4975124378109453,-0.23026301025052595,BHLHE40_pDS258,0.5818307905686546
KIAA0391,0.00034790714166900015,0.004975124378109453,5.017706931889446,BHLHE40_pDS258,0.0292995839112343
NFKBIA,0.014117997096418316,0.5920398009950248,-0.3380709930861163,BHLHE40_pDS258,0.2628294036061026
FOXA1,0.006418464103853893,0.11940298507462686,0.9796211753122844,BHLHE40_pDS258,0.0292995839112343
KLHL28,0.007762250473935148,0.1691542288557214,1.0284070984333284,BHLHE40_pDS258,0.0247919556171983
RN7SL1,0.0070538586256589115,0.21393034825870647,0.5476738694993574,BHLHE40_pDS258,0.0240984743411927
AL139099.1,0.013654853472456686,0.01990049751243781,2.8025003802536026,BHLHE40_pDS258,0.0230582524271844
POLE2,0.011564884640954459,0.39303482587064675,0.07017779037968518,BHLHE40_pDS258,0.1237864077669902
VCPKMT,0.006299190088047881,0.6268656716417911,-0.24259437971916012,BHLHE40_pDS258,0.0393550624133148
TXNDC16,0.007652766171813323,0.05970149253731343,1.3145812723803776,BHLHE40_pDS258,0.0180305131761442
PSMC6,0.021432985934857773,0.5771144278606966,-0.36043198984864805,BHLHE40_pDS258,0.7314493758668515
CGRRF1,0.002629452855122248,0.8258706467661692,-0.9651736228653177,BHLHE40_pDS258,0.0423023578363384
DLGAP5,0.014083282116467066,0.472636815920398,-0.07561389082807675,BHLHE40_pDS258,0.1853328710124826
RP11-108M12.3,0.00021439425301585316,0.6567164179104478,-0.43736217487374596,BHLHE40_pDS258,0.0031206657420249
NAA30,0.004995439444123252,0.6268656716417911,-0.5559640650564796,BHLHE40_pDS258,0.0481969486823855
PSMA3,0.02100273695405662,0.7164179104477612,-0.6947369645856855,BHLHE40_pDS258,1.415742024965326
PCNXL4,0.004707659744712622,0.8109452736318408,-0.9405846806907846,BHLHE40_pDS258,0.0613730929264909
SLC38A6,0.010502542365745868,0.43283582089552236,-0.041976804531738514,BHLHE40_pDS258,0.1090499306518723
ZBTB25,0.00720116130204881,0.19402985074626866,0.7240456080405342,BHLHE40_pDS258,0.0204576976421636
ZBTB1,0.0028281246082575845,0.572139303482587,-0.5690994590796584,BHLHE40_pDS258,0.0292995839112343
ATP6V1D,0.05614934700852937,0.004975124378109453,4.229862165265192,BHLHE40_pDS258,0.2900485436893203
ZFP36L1,0.0335862443553946,0.06467661691542288,1.9927858719920042,BHLHE40_pDS258,0.2657766990291262
NUMB,0.0030946690393902562,1.0,-1.5628239858032826,BHLHE40_pDS258,0.0754160887656033
RP5-1021I20.1,0.0003015038077470227,1.0,-3.7654891560796155,BHLHE40_pDS258,0.0026005547850208
EIF2B2,0.015951016708962415,0.3681592039800995,0.2495907803865224,BHLHE40_pDS258,0.1976421636615811
FOS,0.0034983505475228594,0.05970149253731343,2.06935029652793,BHLHE40_pDS258,0.0084951456310679
JDP2,0.0002237160401447982,0.5870646766169154,-0.12973913878730672,BHLHE40_pDS258,0.0038141470180305
TMED8,0.0038196880052550185,0.7313432835820896,-0.7448118601226887,BHLHE40_pDS258,0.039008321775312
NOXRED1,0.0007898085873013569,0.19402985074626866,0.850937065263361,BHLHE40_pDS258,0.0017337031900138
SPTLC2,0.009514202305849862,0.22388059701492538,0.5269301379631558,BHLHE40_pDS258,0.060506241331484
GPR65,0.0014711167838821933,0.9751243781094527,-1.8136820317293971,BHLHE40_pDS258,0.0176837725381414
IFI27L2,0.007414613357863075,0.208955223880597,0.9236494766736502,BHLHE40_pDS258,0.0187239944521497
RP11-1070N10.5,0.0057531615973903496,0.014925373134328358,6.5801884226959615,BHLHE40_pDS258,0.0036407766990291
RP11-872J21.3,0.007118995074261894,0.4975124378109453,-0.3667037594793059,BHLHE40_pDS258,0.0625866851595007
RP11-433J8.1,0.0003094448688308002,0.9900497512437811,-1.4060857502835988,BHLHE40_pDS258,0.0038141470180305
WARS,0.03471301077466224,0.0845771144278607,1.7671999089758421,BHLHE40_pDS258,0.4363730929264909
BEGAIN,0.0027515589510323057,0.7114427860696517,-0.8735143981956134,BHLHE40_pDS258,0.0218446601941747
LINC00523,0.0007109976370576714,0.004975124378109453,8.13118860317706,BHLHE40_pDS258,0.0017337031900138
RP11-1017G21.5,0.0006474286104787423,0.8656716417910447,-0.7449256273660767,BHLHE40_pDS258,0.0150832177531206
HSP90AA1,0.0358428941177202,0.27860696517412936,0.47509198147120413,BHLHE40_pDS258,7.797850208044383
WDR20,0.011463837948728848,0.417910447761194,-0.011579452916061266,BHLHE40_pDS258,0.0977808599167822
CDC42BPB,0.003053092227248645,0.6417910447761194,-0.6196560629125776,BHLHE40_pDS258,0.015256588072122
RP11-600F24.7,0.00018729587687649725,0.9950248756218906,-1.1132923323412542,BHLHE40_pDS258,0.002253814147018
C14orf2,0.06174901599459109,0.03980099502487562,2.1320077284321997,BHLHE40_pDS258,3.0083217753120666
ADSSL1,0.0018893288216953416,0.5870646766169154,-0.6027828097585968,BHLHE40_pDS258,0.0239251040221914
LINC00638,0.00027594139251704836,0.004975124378109453,6.084821741544289,BHLHE40_pDS258,0.0020804438280166
NUDT14,0.04090489742801873,0.04477611940298507,2.145411061313112,BHLHE40_pDS258,0.3980582524271844
CRIP2,0.009004536167306473,0.07462686567164178,1.6002180050573076,BHLHE40_pDS258,0.0292995839112343
MTMR10,0.004046326246464082,0.3582089552238806,0.28963899515578234,BHLHE40_pDS258,0.0102288488210818
ZFYVE19,0.0021656680508501864,0.8308457711442786,-1.0508408309075221,BHLHE40_pDS258,0.0585991678224687
RP11-532F12.5,0.0009495904195555738,0.32338308457711445,-0.4042720713318731,BHLHE40_pDS258,0.0072815533980582
SPINT1,0.0063640795266392425,0.23383084577114427,1.1410294628676705,BHLHE40_pDS258,0.0100554785020804
CHAC1,0.0010236729992417139,0.13432835820895522,0.223502652537945,BHLHE40_pDS258,0.0062413314840499
CHP1,0.020562474653620853,0.03482587064676617,1.9565188682817278,BHLHE40_pDS258,0.0866851595006934
ITPKA,0.006750592387694291,0.4129353233830846,-0.05877981793627863,BHLHE40_pDS258,0.0292995839112343
LTK,0.0002231695329622796,1.0,-0.5979690522450309,BHLHE40_pDS258,0.0039875173370319
EHD4,0.006170373572291538,0.5373134328358209,-0.2280033342041777,BHLHE40_pDS258,0.0292995839112343
STARD9,0.0007508704648995941,0.39800995024875624,-0.601435385074772,BHLHE40_pDS258,0.0102288488210818
CTD-2036P10.3,0.0011111101221652738,0.5970149253731343,-0.6538896790421974,BHLHE40_pDS258,0.0292995839112343
TMEM62,0.00490728503965564,0.4527363184079602,-0.0115761595130438,BHLHE40_pDS258,0.0220180305131761
MAP1A,0.05341553127038765,0.004975124378109453,4.441765020024408,BHLHE40_pDS258,0.0292995839112343
PDIA3,0.029939795024444986,0.29850746268656714,0.21690291028664735,BHLHE40_pDS258,1.102635228848821
CASC4,0.007134991794937431,0.4975124378109453,-0.10482312388987577,BHLHE40_pDS258,0.0572122052704577
B2M,0.04134887862222403,0.08955223880597014,1.4408934903715722,BHLHE40_pDS258,9.361650485436892
SORD,0.006599348683618149,0.7960199004975125,-0.9074983785980293,BHLHE40_pDS258,0.0292995839112343
SHF,0.0058979537274533545,0.3781094527363184,0.4234151421184014,BHLHE40_pDS258,0.0292995839112343
RP11-227D13.4,0.00019997319130807555,0.5024875621890548,-0.0541879864788564,BHLHE40_pDS258,0.0026005547850208
GALK2,0.01691687342768481,0.2537313432835821,0.5029628421872471,BHLHE40_pDS258,0.1279472954230235
LYSMD2,0.0017111832476804096,0.14427860696517414,0.13446166762961653,BHLHE40_pDS258,0.0055478502080443
DYX1C1,0.006263051205097648,0.19402985074626866,1.3261913585713232,BHLHE40_pDS258,0.0138696255201109
MNS1,0.001931150196731901,0.6467661691542289,-0.7336212674076658,BHLHE40_pDS258,0.0253120665742024
CCNB2,0.03142349942062032,0.32338308457711445,0.23088765554348137,BHLHE40_pDS258,0.92250346740638
ANXA2,0.08458853710908167,0.004975124378109453,4.773734149636426,BHLHE40_pDS258,2.070735090152566
LACTB,0.012269081378521571,0.1791044776119403,0.6310647131920327,BHLHE40_pDS258,0.0794036061026352
RPS27L,0.01758384512892923,0.7562189054726368,-0.7209329917471771,BHLHE40_pDS258,1.0516643550624134
RAB8B,0.006385583694755469,0.48756218905472637,-0.046446147014372954,BHLHE40_pDS258,0.0343273231622746
KIAA0101,0.0474709131292673,0.12437810945273632,1.0920401015962622,BHLHE40_pDS258,3.1288141470180304
TRIP4,0.011539724058595659,0.21393034825870647,0.5842810771260657,BHLHE40_pDS258,0.084257975034674
PIF1,0.01282656268919865,0.9950248756218906,-1.4215751982516558,BHLHE40_pDS258,0.3372052704576976
CLPX,0.009787760454004356,0.7014925373134329,-0.626181829581552,BHLHE40_pDS258,0.0292995839112343
IGDCC3,0.0007207280144719624,0.009950248756218905,3.3928193359727614,BHLHE40_pDS258,0.0019070735090152
SMAD3,0.006239924200410904,0.5572139303482587,-0.09565376768326189,BHLHE40_pDS258,0.0201109570041608
PKM,0.10409487191807686,0.004975124378109453,6.154861421516488,BHLHE40_pDS258,4.028085991678225
CD276,0.006114774390186613,0.746268656716418,-0.7400015815035631,BHLHE40_pDS258,0.07125520110957
SEMA7A,0.0004577229591221738,1.0,-0.42867823924377735,BHLHE40_pDS258,0.0090152565880721
ARID3B,0.015394123281386174,0.07960199004975124,1.8179732603215024,BHLHE40_pDS258,0.0561719833564493
RP11-817O13.8,0.006257952488629699,0.3333333333333333,0.6882850826679636,BHLHE40_pDS258,0.0261789181692094
LINGO1,0.00030657740822363425,0.004975124378109453,5.554853031410499,BHLHE40_pDS258,0.0017337031900138
PSMA4,0.022509500412820276,0.7810945273631841,-0.7788228101073628,BHLHE40_pDS258,4.220527045769765
CTSH,0.029451741804568974,0.38308457711442784,0.1296021357471834,BHLHE40_pDS258,1.0381414701803051
KIAA1024,0.0001832084365842912,0.004975124378109453,5.038685574406784,BHLHE40_pDS258,0.0024271844660194
CTD-2034I4.2,0.0004145270064016582,0.06467661691542288,-0.0844064297201155,BHLHE40_pDS258,0.0062413314840499
RPS17L,0.0018144336250604702,0.4129353233830846,-0.37179729362942016,BHLHE40_pDS258,0.0136962552011095
RP11-752G15.3,9.419684977182833e-05,0.9303482587064676,-1.5135417478771853,BHLHE40_pDS258,0.0017337031900138
RP11-752G15.6,0.017864406990770437,0.4129353233830846,-0.028140668675686566,BHLHE40_pDS258,0.2395977808599168
DET1,0.0014946145557818418,0.9751243781094527,-0.9991283966715347,BHLHE40_pDS258,0.0287794729542302
HAPLN3,0.00045526540031665726,0.0945273631840796,0.6967231265694974,BHLHE40_pDS258,0.0034674063800277
FANCI,0.009697134500051406,0.8507462686567164,-1.0138520004774387,BHLHE40_pDS258,0.3616504854368932
MESP2,0.0003692627320754094,0.15422885572139303,-0.14367365356559558,BHLHE40_pDS258,0.0046809986130374
IDH2,0.03547199578524029,0.208955223880597,0.6334204982008889,BHLHE40_pDS258,0.7309292649098474
PRC1,0.026910245523129216,0.25870646766169153,0.4795231143539205,BHLHE40_pDS258,0.0292995839112343
AC068831.10,0.005114457972441707,0.29850746268656714,0.6116593890149497,BHLHE40_pDS258,0.0123092926490984
CHD2,0.015393761349158446,0.4925373134328358,-0.11022578318183866,BHLHE40_pDS258,0.2331830790568654
NR2F2-AS1,0.019291519145817816,0.009950248756218905,4.292020102499451,BHLHE40_pDS258,0.0348474341192787
NR2F2,0.02398439495903261,0.13432835820895522,1.0874875389416752,BHLHE40_pDS258,0.2472260748959778
ARRDC4,0.0006450343575655363,0.46766169154228854,-0.7665747028661403,BHLHE40_pDS258,0.0126560332871012
TTC23,0.0023535617026154863,0.5920398009950248,-0.5926127922674428,BHLHE40_pDS258,0.0135228848821081
RP11-526I2.5,0.0063606765047837495,0.19402985074626866,1.2343247125955294,BHLHE40_pDS258,0.0128294036061026
LINS,0.005157254804140648,0.6218905472636815,-0.5137419896876875,BHLHE40_pDS258,0.0807905686546463
ASB7,0.0032116084234586105,0.43781094527363185,-0.2221020998893629,BHLHE40_pDS258,0.0292995839112343
RP11-299G20.3,0.0053483406995876335,0.009950248756218905,8.053709587598675,BHLHE40_pDS258,0.0050277392510402
RP11-89K11.1,0.0031165905942498115,0.4975124378109453,-0.35578709009896375,BHLHE40_pDS258,0.0258321775312066
HBZ,0.421328817547006,0.004975124378109453,25.367116184347253,BHLHE40_pDS258,53.44642857142857
HBA2,0.02429518563003204,0.4129353233830846,0.09704186832648638,BHLHE40_pDS258,0.2335298196948682
HBA1,0.23522817385233258,0.004975124378109453,15.75817097827539,BHLHE40_pDS258,5.426317614424411
RAB11FIP3,0.0005091414323141639,0.14925373134328357,-0.2644552849577234,BHLHE40_pDS258,0.0050277392510402
RHBDL1,0.007994003237874801,0.3333333333333333,0.4839622140540529,BHLHE40_pDS258,0.0218446601941747
HAGH,0.010086449635869911,0.7313432835820896,-0.7453452308328107,BHLHE40_pDS258,0.0292995839112343
NPW,0.17280691465296996,0.004975124378109453,9.751604554829022,BHLHE40_pDS258,1.530859916782247
PRSS27,0.00011348511667748034,0.004975124378109453,6.481548419853452,BHLHE40_pDS258,0.0020804438280166
LA16c-325D7.2,0.00243038438876756,0.6268656716417911,-0.697480869943124,BHLHE40_pDS258,0.0218446601941747
CLDN6,0.007954644505640412,0.7611940298507462,-0.7482371725463598,BHLHE40_pDS258,0.0292995839112343
TNFRSF12A,0.026389343096018248,0.13930348258706468,0.9433986661409891,BHLHE40_pDS258,0.2241678224687933
IL32,0.000550382189326347,0.0845771144278607,0.513039453103406,BHLHE40_pDS258,0.0055478502080443
ZNF597,8.41203072531099e-05,0.32338308457711445,0.45951031760398564,BHLHE40_pDS258,0.0292995839112343
CREBBP,0.01513313425745668,0.21393034825870647,0.7768057398850041,BHLHE40_pDS258,0.1173717059639389
ATF7IP2,0.11501530008740223,0.004975124378109453,6.660588505131219,BHLHE40_pDS258,1.016123439667129
EMP2,0.013817151383032003,0.4427860696517413,-0.15869084361832023,BHLHE40_pDS258,0.0292995839112343
SOCS1,0.029448144309889845,0.1044776119402985,1.6962361658517833,BHLHE40_pDS258,0.1976421636615811
TXNDC11,0.01962330488624992,0.03482587064676617,2.3411511965837226,BHLHE40_pDS258,0.0892857142857142
C16orf45,0.0004093915238504249,0.9900497512437811,-0.32759356617769236,BHLHE40_pDS258,0.0020804438280166
ABCC1,0.01168784319113857,0.15920398009950248,0.9108444842510093,BHLHE40_pDS258,0.0561719833564493
RP11-14N9.2,0.00016663025563879593,0.01990049751243781,1.9922763678448823,BHLHE40_pDS258,0.0029472954230235
CTD-2576D5.4,0.0026453696436045675,0.6517412935323383,-0.9582690428098751,BHLHE40_pDS258,0.0104022191400832
ARL6IP1,0.025898471073143803,0.36318407960199006,0.18351102107132963,BHLHE40_pDS258,0.5778432732316228
COQ7,0.00602992334135031,0.8557213930348259,-0.9754537213873484,BHLHE40_pDS258,0.1059292649098474
ITPRIPL2,0.0007502410532445968,0.0845771144278607,0.22187154497731254,BHLHE40_pDS258,0.0057212205270457
CCP110,0.02055263996760851,0.029850746268656716,2.3951622567737965,BHLHE40_pDS258,0.0622399445214979
C16orf62,0.011832846106440814,0.208955223880597,0.921933586147276,BHLHE40_pDS258,0.0598127600554785
DCUN1D3,0.0005684197488328222,0.9751243781094527,-0.5616883595706013,BHLHE40_pDS258,0.0065880721220527
TMEM159,0.014322771894511912,0.18407960199004975,0.9781840610878263,BHLHE40_pDS258,0.0738557558945908
CRYM,0.09029437699290278,0.004975124378109453,5.080705898224642,BHLHE40_pDS258,0.4363730929264909
UBFD1,0.007119964622041569,0.8706467661691543,-0.9767997315634538,BHLHE40_pDS258,0.0292995839112343
PLK1,0.022226362489001394,0.7164179104477612,-0.6224575038769491,BHLHE40_pDS258,0.8176144244105409
RBBP6,0.020882796464661398,0.5074626865671642,-0.25052009499722516,BHLHE40_pDS258,0.5234049930651873
CTD-3203P2.2,0.00030200695755365806,0.9104477611940298,-0.23879536593101053,BHLHE40_pDS258,0.0038141470180305
PRRT2,0.0011970749775886233,0.009950248756218905,3.204241043428543,BHLHE40_pDS258,0.0027739251040221
MVP,0.00018806911743497395,0.004975124378109453,5.231275441699911,BHLHE40_pDS258,0.0292995839112343
YPEL3,0.006450451931982827,0.3582089552238806,0.1701607854401693,BHLHE40_pDS258,0.0438626907073509
GDPD3,0.0001867651652580699,0.9850746268656716,-1.729307998594498,BHLHE40_pDS258,0.0027739251040221
CORO1A,0.04404439202902602,0.004975124378109453,7.068995146311792,BHLHE40_pDS258,0.0488904299583911
MYLPF,0.0008037516623369716,0.0945273631840796,0.12317625221617821,BHLHE40_pDS258,0.0062413314840499
ZNF48,0.010147305673509705,0.3283582089552239,0.21198316490863742,BHLHE40_pDS258,0.0599861303744798
PRR14,0.015346813675177205,0.32338308457711445,0.3397016154511579,BHLHE40_pDS258,0.1692094313453536
PRSS36,0.00013595877711019994,1.0,-0.4849843401427715,BHLHE40_pDS258,0.0060679611650485
PYCARD,0.06191183544628892,0.03482587064676617,2.41552676828583,BHLHE40_pDS258,0.8864424410540915
C16orf98,0.0016279481038685942,0.6965174129353234,-0.8083408076569905,BHLHE40_pDS258,0.0240984743411927
TGFB1I1,0.0003408557842222561,0.004975124378109453,3.482523998625428,BHLHE40_pDS258,0.0292995839112343
AHSP,0.015953415941796417,0.004975124378109453,4.77080078213122,BHLHE40_pDS258,0.0197642163661581
ZNF267,0.010025486156728509,0.43283582089552236,-0.0791749426608751,BHLHE40_pDS258,0.0768030513176144
RP11-212I21.4,0.0005072236780597906,0.004975124378109453,3.9999628649840338,BHLHE40_pDS258,0.0038141470180305
OGFOD1,0.01304199685237373,0.5472636815920398,-0.3470740708575408,BHLHE40_pDS258,0.2839805825242718
MT2A,0.010440100765338394,0.38308457711442784,0.1008151581846859,BHLHE40_pDS258,0.0835644937586685
MT1A,0.005819082416554591,0.12935323383084577,1.749100729525165,BHLHE40_pDS258,0.0046809986130374
HERPUD1,0.016068204337370776,0.42786069651741293,-0.1319289105374774,BHLHE40_pDS258,0.2626560332871012
PLLP,0.0005580493220515515,0.009950248756218905,1.8156848104550358,BHLHE40_pDS258,0.0053744798890429
KIFC3,0.04227008786001114,0.004975124378109453,4.787677171428421,BHLHE40_pDS258,0.1282940360610263
TEPP,0.0006308552491926763,0.417910447761194,-0.28761016820733654,BHLHE40_pDS258,0.0055478502080443
CDH8,0.00014368104731278945,0.05970149253731343,1.76894650971106,BHLHE40_pDS258,0.0031206657420249
Y_RNA,0.00046082999931684314,0.004975124378109453,5.966126547428121,BHLHE40_pDS258,0.0292995839112343
CKLF,0.02328117764427625,0.4427860696517413,-0.13498622045964268,BHLHE40_pDS258,0.8018377253814147
CMTM3,0.034517205383177665,0.04477611940298507,2.276544134963307,BHLHE40_pDS258,0.2858876560332871
PDP2,0.005411824768653703,0.25870646766169153,0.6223278331423926,BHLHE40_pDS258,0.0136962552011095
CES2,0.00406226083346671,0.9900497512437811,-1.315247068617009,BHLHE40_pDS258,0.0292995839112343
CES3,0.00019823984312148868,0.9850746268656716,-0.2866234838228812,BHLHE40_pDS258,0.0069348127600554
HSF4,0.000665800700728144,0.8009950248756219,-0.7338854146155733,BHLHE40_pDS258,0.0292995839112343
CTRL,0.0001566726926845373,0.009950248756218905,0.44227858518304125,BHLHE40_pDS258,0.0024271844660194
NQO1,0.09019524909208623,0.004975124378109453,7.364610276842101,BHLHE40_pDS258,0.4739944521497919
ZNF19,0.0010690892585997396,0.43283582089552236,-0.581368165512089,BHLHE40_pDS258,0.0071081830790568
ZFHX3,0.007927022851241921,0.11940298507462686,1.187965419424703,BHLHE40_pDS258,0.0223647711511789
RP5-991G20.4,0.0002959938585355565,1.0,-0.5175226485723134,BHLHE40_pDS258,0.0057212205270457
PSMD7,0.05938142375320798,0.03980099502487562,2.346723682293103,BHLHE40_pDS258,0.0292995839112343
AC009120.6,0.0009628062392442802,0.19402985074626866,-0.13254647258980046,BHLHE40_pDS258,0.0081484049930651
RP11-252A24.7,0.004719725920534516,0.417910447761194,0.16859395460236096,BHLHE40_pDS258,0.0292995839112343
TERF2IP,0.019529046911129205,0.6517412935323383,-0.565832222448008,BHLHE40_pDS258,0.7312760055478502
NUDT7,0.008642776792295017,0.004975124378109453,2.5528468725437623,BHLHE40_pDS258,0.0182038834951456
7SK,0.00021852661079027605,0.7014925373134329,-0.5559663870752098,BHLHE40_pDS258,0.0292995839112343
COTL1,0.02717765289026224,0.004975124378109453,6.616314396886738,BHLHE40_pDS258,0.0221914008321775
GINS2,0.04067074356314573,0.13432835820895522,0.9857596501985552,BHLHE40_pDS258,1.5875520110957004
MAP1LC3B,0.04822246066800625,0.06965174129353234,1.6092199968988097,BHLHE40_pDS258,0.970873786407767
CYBA,0.06680006872212667,0.009950248756218905,3.892120789898906,BHLHE40_pDS258,4.478155339805825
SNAI3-AS1,0.0031665751856834352,0.4626865671641791,-0.19625989254641055,BHLHE40_pDS258,0.0138696255201109
SPATA2L,0.0016422537514454735,0.6417910447761194,-0.7704855929322775,BHLHE40_pDS258,0.0301664355062413
VPS9D1,0.0005712917351280333,1.0,-0.6502292709212596,BHLHE40_pDS258,0.0055478502080443
NXN,8.869028384726913e-05,0.945273631840796,-1.6212314086342683,BHLHE40_pDS258,0.0027739251040221
MYO1C,0.010373628840789354,0.21890547263681592,0.777251808870528,BHLHE40_pDS258,0.0506241331484049
MIR22HG,0.0010451233200058452,0.11940298507462686,-0.07562465521466177,BHLHE40_pDS258,0.0292995839112343
SERPINF1,0.05280590551387889,0.014925373134328358,2.731965655540935,BHLHE40_pDS258,0.526872399445215
HIC1,0.00027752894367262916,0.6965174129353234,-0.7356889321791598,BHLHE40_pDS258,0.0027739251040221
MNT,0.005943762646744054,0.5970149253731343,-0.5866225597586112,BHLHE40_pDS258,0.0447295423023578
PAFAH1B1,0.011480777165186019,0.7313432835820896,-0.7796225884505665,BHLHE40_pDS258,0.2994105409153952
TRPV3,0.00012192431725756269,0.004975124378109453,6.145411296972617,BHLHE40_pDS258,0.002253814147018
PSMB6,0.12806424804767114,0.004975124378109453,9.201425285603955,BHLHE40_pDS258,3.9141816920943135
ENO3,0.006605115263045738,0.5870646766169154,0.01642119477131746,BHLHE40_pDS258,0.0208044382801664
CAMTA2,0.0042390010504610495,0.48258706467661694,-0.09776410039302894,BHLHE40_pDS258,0.0292995839112343
RP5-1050D4.3,0.0001138717576239926,0.004975124378109453,4.707377225200348,BHLHE40_pDS258,0.0017337031900138
RP5-1050D4.5,0.0002669829354045094,0.004975124378109453,3.8140557382295,BHLHE40_pDS258,0.0031206657420249
NLRP1,0.00988096671962066,0.27860696517412936,0.2514234116368755,BHLHE40_pDS258,0.0504507628294036
C17orf100,0.012648687584718061,0.014925373134328358,2.7855525528695524,BHLHE40_pDS258,0.0251386962552011
DLG4,0.005995091634882605,0.1691542288557214,1.3116804346976252,BHLHE40_pDS258,0.0136962552011095
CLDN7,0.0008795129145108648,0.5522388059701493,-0.6815073474569335,BHLHE40_pDS258,0.0091886269070735
SLC2A4,0.0009706752224118838,0.01990049751243781,1.5371664845396726,BHLHE40_pDS258,0.0292995839112343
SENP3,0.006534916045288055,0.5074626865671642,-0.006740462066487139,BHLHE40_pDS258,0.0213245492371705
CD68,0.003398882502601757,0.3582089552238806,-0.1703768105664706,BHLHE40_pDS258,0.0161234396671289
SAT2,0.01141482502929385,0.08955223880597014,1.279511201174794,BHLHE40_pDS258,0.0468099861303744
WRAP53,0.015662230016170568,0.12437810945273632,1.23193678431295,BHLHE40_pDS258,0.0700416088765603
KCNAB3,7.266830130355742e-05,0.4228855721393035,0.202806851376419,BHLHE40_pDS258,0.0024271844660194
C17orf59,0.0029196373371410465,0.8606965174129353,-1.025266166841768,BHLHE40_pDS258,0.0292995839112343
AURKB,0.044687179011514026,0.01990049751243781,2.4511183706084534,BHLHE40_pDS258,0.5924063800277393
LINC00324,0.0007315855230335621,1.0,-0.3445314572585965,BHLHE40_pDS258,0.0062413314840499
SLC25A35,0.00018763671994982087,0.05472636815920398,1.6079567286962735,BHLHE40_pDS258,0.0031206657420249
PMP22,0.03686750828511672,0.014925373134328358,3.7188934989830504,BHLHE40_pDS258,0.1106102635228848
ZNF286A,0.005627005758756129,0.7213930348258707,-0.22385500235112346,BHLHE40_pDS258,0.0195908460471567
UBB,0.019755708241299977,0.5621890547263682,-0.22741083361015058,BHLHE40_pDS258,10.679785020804438
FAM211A,0.00919007083036288,0.1890547263681592,0.7857762880051947,BHLHE40_pDS258,0.0440360610263522
ZNF287,0.0003439440129044567,0.004975124378109453,6.503592443070639,BHLHE40_pDS258,0.002253814147018
MAP2K3,0.008813795005770031,0.47761194029850745,-0.023211004033633232,BHLHE40_pDS258,0.062760055478502
RP11-192H23.6,0.016821519711806045,0.009950248756218905,3.222537050587066,BHLHE40_pDS258,0.0433425797503467
MIR451B,0.0009938851181136865,0.009950248756218905,1.0203814665092066,BHLHE40_pDS258,0.0024271844660194
RP11-848P1.5,8.237700289772423e-05,0.4975124378109453,-0.036508065878906655,BHLHE40_pDS258,0.0039875173370319
EVI2B,0.007416386138491695,0.11442786069651742,1.18966948454847,BHLHE40_pDS258,0.0084951456310679
PSMD11,0.020311233949905454,0.7810945273631841,-0.8532077726589646,BHLHE40_pDS258,0.0292995839112343
CCL2,0.006483013290232221,0.004975124378109453,5.651102339387216,BHLHE40_pDS258,0.0124826629680998
RP11-1094M14.11,0.022273813537800887,0.6467661691542289,-0.5336178021286958,BHLHE40_pDS258,1.388002773925104
MRM1,0.008838373611481017,0.6318407960199005,-0.562204864882267,BHLHE40_pDS258,0.0920596393897364
LHX1,0.008268031471233575,0.004975124378109453,1.7342971603924213,BHLHE40_pDS258,0.009882108183079
CTB-58E17.3,0.0001672165421300366,1.0,-0.4305750919291081,BHLHE40_pDS258,0.0058945908460471
CWC25,0.01935292241908667,0.3333333333333333,0.20689747118398719,BHLHE40_pDS258,0.2929958391123439
TCAP,0.00025103083114005073,0.9900497512437811,-0.688117148031869,BHLHE40_pDS258,0.0060679611650485
IKZF3,0.00021054382831343156,0.24875621890547264,-0.2011581928482441,BHLHE40_pDS258,0.0027739251040221
NR1D1,0.009461347736026972,0.14427860696517414,1.046310162551328,BHLHE40_pDS258,0.0308599167822468
RAPGEFL1,0.006123386131814754,0.14427860696517414,1.073469075893276,BHLHE40_pDS258,0.0292995839112343
CDC6,0.018843957039952928,0.5970149253731343,-0.43968188797917,BHLHE40_pDS258,0.503120665742025
TOP2A,0.01777623514516864,0.9651741293532339,-1.2858073948961029,BHLHE40_pDS258,0.8217753120665742
IGFBP4,0.05007334422517466,0.004975124378109453,8.075012773573482,BHLHE40_pDS258,0.1014216366158113
CCR7,0.0009658050084153428,0.14427860696517414,1.161851720805961,BHLHE40_pDS258,0.002253814147018
EIF1,0.023751917772477288,0.22885572139303484,0.6100799020493407,BHLHE40_pDS258,16.0249653259362
PTRF,0.057966438242723996,0.004975124378109453,5.511179490410935,BHLHE40_pDS258,0.2236477115117892
WNK4,0.01033238989841714,0.30845771144278605,0.3340209161032406,BHLHE40_pDS258,0.039875173370319
AOC2,0.0002224889868185659,0.05472636815920398,0.024429454956996693,BHLHE40_pDS258,0.0032940360610263
LINC00910,0.006834742291680904,0.5024875621890548,-0.28395833229646894,BHLHE40_pDS258,0.045249653259362
PYY,0.002533702667712692,0.7064676616915423,-0.8290334857778152,BHLHE40_pDS258,0.0369278779472954
C17orf104,0.0004182589292660182,0.009950248756218905,3.0875247514053172,BHLHE40_pDS258,0.0292995839112343
ADAM11,0.000329818939958452,0.18407960199004975,-0.3404938394003129,BHLHE40_pDS258,0.0292995839112343
GJC1,0.013844885122619294,0.15920398009950248,1.123082673598514,BHLHE40_pDS258,0.0594660194174757
CTD-2020K17.1,0.00015368075676780625,0.09950248756218906,-0.22140773372139158,BHLHE40_pDS258,0.009882108183079
FMNL1,0.023005009815996305,0.03482587064676617,2.0691297532634034,BHLHE40_pDS258,0.0915395284327323
ARHGAP27,6.805697145132257e-05,0.9950248756218906,-2.7321004894782583,BHLHE40_pDS258,0.0029472954230235
WNT3,0.001115135160634634,0.7761194029850746,-1.0637535606999677,BHLHE40_pDS258,0.012135922330097
MYL4,0.0671225526034571,0.009950248756218905,2.7771551677221114,BHLHE40_pDS258,2.609049930651872
SP6,0.0020059036034424504,0.009950248756218905,2.8499282985266174,BHLHE40_pDS258,0.0041608876560332
HOXB2,0.021132509189723377,0.5970149253731343,-0.40222762848897375,BHLHE40_pDS258,0.7421983356449375
HOXB4,0.014803881797230155,0.7860696517412935,-0.83785384767476,BHLHE40_pDS258,0.727635228848821
KAT7,0.010171252718920745,0.4228855721393035,-0.04535798642488963,BHLHE40_pDS258,0.0292995839112343
DLX4,0.011340881948490514,0.7064676616915423,-0.7007417080455359,BHLHE40_pDS258,0.1990291262135922
PPP1R9B,0.007335710549540514,0.7711442786069652,-0.678895159767876,BHLHE40_pDS258,0.0709084604715672
ACSF2,0.002129409801923246,0.6666666666666666,-0.3725161116252018,BHLHE40_pDS258,0.0292995839112343
ANKRD40,0.013019146081570624,0.29850746268656714,0.5048920690945773,BHLHE40_pDS258,0.0768030513176144
RP11-294J22.6,0.007137215692058214,0.16417910447761194,0.670800418116042,BHLHE40_pDS258,0.0095353675450762
MMD,0.00949565590394603,0.1890547263681592,0.5775182769186183,BHLHE40_pDS258,0.0331137309292649
PCTP,0.01839114045951061,0.04975124378109453,1.8984851897980426,BHLHE40_pDS258,0.0759361997226074
SCPEP1,0.02726779205208668,0.004975124378109453,4.502727471817518,BHLHE40_pDS258,0.052877947295423
CUEDC1,0.0001626449076899051,0.004975124378109453,7.214872540699593,BHLHE40_pDS258,0.0292995839112343
VEZF1,0.015509663849102288,0.11442786069651742,1.3465407796973206,BHLHE40_pDS258,0.0292995839112343
RP11-159D12.5,0.000390923553993632,0.9950248756218906,-0.31222966928079104,BHLHE40_pDS258,0.0074549237170596
BZRAP1,0.00018376934401355654,0.004975124378109453,4.072572286022523,BHLHE40_pDS258,0.0019070735090152
TUBD1,0.009341786273724614,0.7661691542288557,-0.7481955799153663,BHLHE40_pDS258,0.0292995839112343
PPM1D,0.010843247433588912,0.26865671641791045,0.5827990979353654,BHLHE40_pDS258,0.0471567267683772
BCAS3,0.005467337910837181,0.32338308457711445,0.5555577637266096,BHLHE40_pDS258,0.01751040221914
RP11-332H18.4,0.006996777688333729,0.8258706467661692,-0.9769559434889564,BHLHE40_pDS258,0.1328016643550624
TANC2,0.00262255526827178,0.6119402985074627,-0.622958488485431,BHLHE40_pDS258,0.0159500693481276
LIMD2,0.11689212285228069,0.004975124378109453,6.928151894798707,BHLHE40_pDS258,0.0292995839112343
DDX5,0.04445307661382535,0.12437810945273632,1.02802136414178,BHLHE40_pDS258,2.2099514563106797
CEP95,0.009451990680852555,0.48258706467661694,-0.18297721142792195,BHLHE40_pDS258,0.1210124826629681
PSMD12,0.04647941691120915,0.06467661691542288,1.823596411935902,BHLHE40_pDS258,0.907246879334258
KPNA2,0.026681559264321614,0.5621890547263682,-0.3636191832676017,BHLHE40_pDS258,1.8027045769764216
RP11-147L13.2,0.000563608992312475,0.004975124378109453,5.596830324677731,BHLHE40_pDS258,0.0038141470180305
ABCA5,0.0010879548064251432,0.004975124378109453,5.0833098715847225,BHLHE40_pDS258,0.0020804438280166
USH1G,0.00035132656277385806,0.004975124378109453,5.784363651159786,BHLHE40_pDS258,0.0020804438280166
HN1,0.08229583010860837,0.004975124378109453,4.54023546216894,BHLHE40_pDS258,3.268550624133149
RP11-649A18.7,0.0011887793082875245,0.8606965174129353,-1.9860376077058677,BHLHE40_pDS258,0.0109223300970873
GGA3,0.02754601815461534,0.01990049751243781,2.7752840730982093,BHLHE40_pDS258,0.1024618585298196
MIF4GD,0.02557164980579481,0.06467661691542288,1.699282630428019,BHLHE40_pDS258,0.1983356449375866
CASKIN2,0.002358756952891785,0.5771144278606966,-0.5895255775541437,BHLHE40_pDS258,0.0258321775312066
UNC13D,0.003546699831394526,0.9751243781094527,-1.4133369524391342,BHLHE40_pDS258,0.0292995839112343
FBF1,0.003596053041586829,0.8905472636815921,-1.0246011545508582,BHLHE40_pDS258,0.0298196948682385
UBALD2,0.02753565239929695,0.22388059701492538,0.5627154188731364,BHLHE40_pDS258,0.598994452149792
ST6GALNAC2,0.0006418392685138706,0.208955223880597,-0.22042123777742897,BHLHE40_pDS258,0.0083217753120665
MXRA7,0.0027066713146775973,0.7263681592039801,-0.9771670191443229,BHLHE40_pDS258,0.0091886269070735
BIRC5,0.03956226604807767,0.20398009950248755,0.6306835108674708,BHLHE40_pDS258,1.5821775312066575
SOCS3,0.007941957731041593,0.4427860696517413,-0.05354831984670891,BHLHE40_pDS258,0.065880721220527
SGSH,0.0009648439917897263,0.5223880597014925,-0.5662369562406755,BHLHE40_pDS258,0.0292995839112343
BAIAP2,0.007917339311775155,0.47761194029850745,-0.1709326869434169,BHLHE40_pDS258,0.0702149791955617
ACTG1,0.09885290149295095,0.004975124378109453,5.760331118335271,BHLHE40_pDS258,5.321775312066574
FAM195B,0.00024937432427685826,0.2736318407960199,-0.09763661337858401,BHLHE40_pDS258,0.004507628294036
RAC3,0.04267026834645462,0.21393034825870647,0.5714082822460854,BHLHE40_pDS258,1.5275658807212205
RP13-516M14.4,0.0016320658986977096,0.9203980099502488,-1.949797920313716,BHLHE40_pDS258,0.0131761442441054
CD7,0.008789096246767701,0.3034825870646766,0.4315342133017071,BHLHE40_pDS258,0.0419556171983356
SECTM1,0.002760140658570715,0.12935323383084577,1.5798939195601767,BHLHE40_pDS258,0.0046809986130374
LINC00470,0.014387036091710636,0.4427860696517413,-0.06468913345445254,BHLHE40_pDS258,0.0292995839112343
NDC80,0.01282019758073589,0.8606965174129353,-0.9144941189781851,BHLHE40_pDS258,0.308252427184466
RP13-270P17.1,0.0006410150212602605,1.0,-0.34369307384259556,BHLHE40_pDS258,0.004507628294036
TGIF1,0.013358602405152218,0.27860696517412936,0.2918442555901001,BHLHE40_pDS258,0.1171983356449375
LINC00526,0.006634241282349723,0.5572139303482587,-0.39960031539663105,BHLHE40_pDS258,0.0587725381414701
ZBTB14,0.006452987230289264,0.39303482587064675,0.18912385902285245,BHLHE40_pDS258,0.02375173370319
RP11-91I8.3,0.0004950695178353274,0.004975124378109453,4.9665780178181285,BHLHE40_pDS258,0.002253814147018
RP11-143J12.2,0.00022601347114757558,0.9601990049751243,-0.45254095234554675,BHLHE40_pDS258,0.0091886269070735
RAB31,0.026092947894400795,0.05970149253731343,1.9575390371165935,BHLHE40_pDS258,0.1683425797503467
NAPG,0.009587675857113412,0.6019900497512438,-0.4310616389997468,BHLHE40_pDS258,0.1328016643550624
CHMP1B,0.007080015143803216,0.6865671641791045,-0.5693440357988879,BHLHE40_pDS258,0.1152912621359223
MPPE1,0.0037344112054375793,0.8109452736318408,-0.9031401042164838,BHLHE40_pDS258,0.0310332871012482
CEP76,0.0067567994571909795,0.44776119402985076,-0.11931518661096409,BHLHE40_pDS258,0.0485436893203883
CEP192,0.00913883481782969,0.208955223880597,0.5713279456533371,BHLHE40_pDS258,0.0445561719833564
RNMT,0.014381089019275997,0.2835820895522388,0.4071727399405143,BHLHE40_pDS258,0.1012482662968099
GATA6-AS1,0.004636498965810994,0.4079601990049751,0.10862591600404546,BHLHE40_pDS258,0.0116158113730929
TAF4B,0.004947532174328412,0.6019900497512438,-0.4979582533796875,BHLHE40_pDS258,0.0292995839112343
RP11-326K13.4,0.005716997965001816,0.7661691542288557,-0.3139835422055442,BHLHE40_pDS258,0.0223647711511789
RNF125,0.014759128771314209,0.01990049751243781,2.1040963436918174,BHLHE40_pDS258,0.0438626907073509
ZNF24,0.020874974173961346,0.4427860696517413,-0.056880489187794536,BHLHE40_pDS258,0.3639042995839112
PIK3C3,0.006469635053425805,0.8159203980099502,-0.9029226705689304,BHLHE40_pDS258,0.1631414701803051
IER3IP1,0.0210125043227209,0.5024875621890548,-0.2545545151356433,BHLHE40_pDS258,0.0292995839112343
C18orf54,0.0006688527743744911,0.6766169154228856,-0.7388978424620654,BHLHE40_pDS258,0.0116158113730929
FECH,0.018098845386996687,0.19900497512437812,0.9344285887025825,BHLHE40_pDS258,0.0292995839112343
RP11-108P20.1,4.891157475459863e-05,0.029850746268656716,1.769719792866204,BHLHE40_pDS258,0.002253814147018
PMAIP1,0.011400306177061614,0.2537313432835821,0.31853432813418336,BHLHE40_pDS258,0.0908460471567267
CCDC102B,3.943683844904049e-05,0.014925373134328358,2.538870753395781,BHLHE40_pDS258,0.0043342579750346
CD226,0.006351617903234759,0.6666666666666666,-0.4466487776284733,BHLHE40_pDS258,0.0334604715672676
LINC01029,0.00025631249515116933,1.0,-2.5582018462050584,BHLHE40_pDS258,0.0017337031900138
TRIB3,0.016056654891730342,0.5074626865671642,-0.284890299229172,BHLHE40_pDS258,0.3814147018030513
SNPH,0.00017068840357289855,0.004975124378109453,5.246153049692941,BHLHE40_pDS258,0.0024271844660194
SDCBP2,0.004375374338923796,0.3333333333333333,0.30477291184124966,BHLHE40_pDS258,0.0159500693481276
SDCBP2-AS1,0.0009589494810671303,0.6467661691542289,-0.8141307450960269,BHLHE40_pDS258,0.0078016643550624
AVP,0.04532248322029051,0.004975124378109453,4.169820454046947,BHLHE40_pDS258,0.1033287101248266
HSPA12B,0.0010303504631789713,0.07462686567164178,0.7684147988572645,BHLHE40_pDS258,0.0069348127600554
RP11-119B16.2,0.006844212668826062,0.2935323383084577,0.42630319797206323,BHLHE40_pDS258,0.0292995839112343
SMOX,0.010729024077630324,0.03980099502487562,2.230492006562818,BHLHE40_pDS258,0.0234049930651872
RASSF2,0.012463919643819784,0.009950248756218905,3.524500425093387,BHLHE40_pDS258,0.0145631067961165
PCNA,0.02316326118219245,0.6666666666666666,-0.5506966192323255,BHLHE40_pDS258,1.2565880721220528
C20orf196,0.012895236831872625,0.5124378109452736,-0.23740539981743006,BHLHE40_pDS258,0.0292995839112343
CHGB,0.003881312430980644,0.009950248756218905,5.065674358424395,BHLHE40_pDS258,0.0041608876560332
MACROD2,0.000314436672887591,0.21890547263681592,-0.3829210043814253,BHLHE40_pDS258,0.0084951456310679
RP5-1068E13.7,0.0005751736228468018,0.38308457711442784,-0.5369798857579652,BHLHE40_pDS258,0.0097087378640776
ZNF337-AS1,0.0007502034818646543,0.6417910447761194,-0.6455062945275704,BHLHE40_pDS258,0.0169902912621359
ID1,0.0776700533886753,0.004975124378109453,7.837517549309725,BHLHE40_pDS258,0.2583217753120665
TPX2,0.017985779912018652,0.7313432835820896,-0.700700350104821,BHLHE40_pDS258,0.8101595006934813
ZNF341,0.006541999226755265,0.15920398009950248,0.9863076392766906,BHLHE40_pDS258,0.0084951456310679
CHMP4B,0.031579852926926257,0.22885572139303484,0.7138690979195431,BHLHE40_pDS258,0.8304438280166435
GGT7,0.002383320557886433,0.6218905472636815,-0.7457011329591363,BHLHE40_pDS258,0.0292995839112343
MYH7B,0.008524938466541288,0.0945273631840796,1.102513510138524,BHLHE40_pDS258,0.0263522884882108
PROCR,0.0023726926484248564,0.04477611940298507,2.041933453922017,BHLHE40_pDS258,0.0055478502080443
MYL9,0.014393721716666065,0.04975124378109453,2.0411471453180683,BHLHE40_pDS258,0.0292995839112343
RBL1,0.0005273817443103952,0.08955223880597014,-0.1548373303987782,BHLHE40_pDS258,0.0292995839112343
MROH8,0.0009967849767422304,0.7562189054726368,-0.8170561087791605,BHLHE40_pDS258,0.0199375866851595
SRC,0.0001539978636964578,0.9303482587064676,-0.33294682965716704,BHLHE40_pDS258,0.0027739251040221
BLCAP,0.019252146450280304,0.24875621890547264,0.552528921559805,BHLHE40_pDS258,0.1721567267683772
LPIN3,0.003057800170871449,0.32338308457711445,0.2638861118842265,BHLHE40_pDS258,0.0097087378640776
OSER1,0.02392368405598979,0.19402985074626866,0.8582119319447269,BHLHE40_pDS258,0.2250346740638003
OSER1-AS1,0.004635982381202431,0.6467661691542289,-0.1492995253997917,BHLHE40_pDS258,0.0119625520110957
PKIG,0.010027895104736069,0.7910447761194029,-0.8439984562711342,BHLHE40_pDS258,0.3205617198335645
TOMM34,0.015275891407391405,0.5074626865671642,-0.20899749996859732,BHLHE40_pDS258,0.2869278779472954
SNX21,0.000141411123431552,0.945273631840796,-1.4328779104374134,BHLHE40_pDS258,0.0029472954230235
ZSWIM3,0.006699575539791089,0.06467661691542288,1.1428895016373213,BHLHE40_pDS258,0.0065880721220527
CD40,0.0007495470559052519,0.04975124378109453,0.06293065161943495,BHLHE40_pDS258,0.0292995839112343
ZFAS1,0.049031640452733324,0.03482587064676617,2.0333571481713495,BHLHE40_pDS258,6.431692094313454
SPATA2,0.014058955328919556,0.029850746268656716,2.191394997513633,BHLHE40_pDS258,0.0397018030513176
CEBPB,0.039036128078680725,0.11442786069651742,1.248512148530262,BHLHE40_pDS258,0.6251733703190014
RP11-15M15.1,0.00033181610714281347,1.0,-0.663742708187663,BHLHE40_pDS258,0.0058945908460471
AURKA,0.020210664775965437,0.8855721393034826,-0.9930265347432427,BHLHE40_pDS258,0.7064840499306518
CASS4,0.0070060757410009755,0.2537313432835821,0.9193803777961825,BHLHE40_pDS258,0.0221914008321775
RP4-800J21.3,0.00034709497570245296,0.004975124378109453,5.995345145201683,BHLHE40_pDS258,0.0034674063800277
TUBB1,0.00046090170925581055,1.0,-4.4093709803185925,BHLHE40_pDS258,0.0027739251040221
LINC00659,0.00034438483965860256,0.4129353233830846,-0.23692190447731631,BHLHE40_pDS258,0.0074549237170596
HELZ2,0.0012668286192739208,1.0,-1.1304649971281704,BHLHE40_pDS258,0.0124826629680998
C2CD4C,0.0029935920585070623,0.03980099502487562,2.4270020468604727,BHLHE40_pDS258,0.0052011095700416
GZMM,0.00013530038031577115,0.9651741293532339,-0.4328167945751309,BHLHE40_pDS258,0.0055478502080443
BSG,0.10092605061072599,0.004975124378109453,10.597205660205637,BHLHE40_pDS258,9.60887656033287
PRSS57,0.09684517719341144,0.004975124378109453,5.320590604410089,BHLHE40_pDS258,1.757628294036061
CFD,0.03653494713674689,0.26865671641791045,0.46145792406474334,BHLHE40_pDS258,1.3295769764216363
KISS1R,0.006042465904332687,0.7810945273631841,-0.7941214059544895,BHLHE40_pDS258,0.092753120665742
CTB-31O20.2,0.021419272877430298,0.1791044776119403,1.0178449596954389,BHLHE40_pDS258,0.1536061026352288
GADD45B,0.004594320892829009,0.5223880597014925,-0.3823917318076894,BHLHE40_pDS258,0.0266990291262135
ZNF555,0.0017085564495689575,0.6368159203980099,-0.6698837175503303,BHLHE40_pDS258,0.0244452149791955
CELF5,0.0004707793140002068,1.0,-0.3185059046925402,BHLHE40_pDS258,0.0058945908460471
CACTIN,0.017743101501390447,0.263681592039801,0.41207562197360736,BHLHE40_pDS258,0.1705963938973647
PIAS4,0.016559307973225208,0.31840796019900497,0.33670335360131176,BHLHE40_pDS258,0.0292995839112343
TMIGD2,0.00035622553564133055,0.04477611940298507,2.046396376268303,BHLHE40_pDS258,0.0019070735090152
C19orf10,0.025654422117605265,0.7114427860696517,-0.6189965823836097,BHLHE40_pDS258,3.326976421636616
PLIN3,0.027127065734333926,0.18407960199004975,0.8302702234127172,BHLHE40_pDS258,0.3663314840499306
NRTN,0.0013115871161952452,0.835820895522388,-1.0956118899647402,BHLHE40_pDS258,0.0133495145631067
VMAC,0.0011613709754245865,0.6915422885572139,-0.6962859058947405,BHLHE40_pDS258,0.0168169209431345
AC104532.4,0.00039669767641989227,0.004975124378109453,5.834716735907723,BHLHE40_pDS258,0.0024271844660194
PSPN,0.012217846265820906,0.014925373134328358,2.706927001065659,BHLHE40_pDS258,0.0138696255201109
SLC25A23,0.022115866756471505,0.22388059701492538,0.778872279788627,BHLHE40_pDS258,0.0292995839112343
C3,0.0003578290473231485,0.004975124378109453,5.641955333014916,BHLHE40_pDS258,0.0019070735090152
PCP2,9.794878324626268e-05,0.04975124378109453,1.7125390548959538,BHLHE40_pDS258,0.0024271844660194
CTD-3193O13.9,0.00022059714452291233,0.32338308457711445,0.003068054591909001,BHLHE40_pDS258,0.0034674063800277
ANGPTL4,0.0024306019974036116,0.004975124378109453,5.777580169675529,BHLHE40_pDS258,0.0020804438280166
MARCH2,0.002087682353307813,0.4626865671641791,-0.4192081331227146,BHLHE40_pDS258,0.0136962552011095
OR7D2,0.0005272214120795207,0.15920398009950248,1.1749199782215478,BHLHE40_pDS258,0.0024271844660194
ZNF846,0.0010960899464151175,0.8208955223880597,-0.9120657485543295,BHLHE40_pDS258,0.0117891816920943
ICAM4,0.015037367243070143,0.27860696517412936,0.38499188039211346,BHLHE40_pDS258,0.0292995839112343
ZGLP1,0.0004821335819565137,0.05970149253731343,0.06644505334914343,BHLHE40_pDS258,0.0084951456310679
ILF3-AS1,0.02869397521965688,0.23880597014925373,0.6848202259433934,BHLHE40_pDS258,0.5086685159500693
EPOR,0.009433992196143914,0.6965174129353234,-0.6506118027827855,BHLHE40_pDS258,0.0967406380027739
CNN1,0.0035885070174452647,0.8507462686567164,-0.998512650373003,BHLHE40_pDS258,0.0292995839112343
ZNF627,0.0005180216257273251,0.9402985074626866,-1.6319757814225255,BHLHE40_pDS258,0.0209778085991678
ACP5,0.08250194308567196,0.004975124378109453,5.887434520044712,BHLHE40_pDS258,0.3970180305131761
ZNF441,0.0003521706937838781,0.19402985074626866,-0.31920664059375853,BHLHE40_pDS258,0.0072815533980582
ZNF440,0.003149708173736663,0.7810945273631841,-0.9463466913878025,BHLHE40_pDS258,0.0327669902912621
ZNF788,0.005429078135087946,0.6567164179104478,0.028178759879097442,BHLHE40_pDS258,0.0084951456310679
ZNF44,0.001557362470717712,0.7562189054726368,-0.8319052566837938,BHLHE40_pDS258,0.0253120665742024
ZNF442,0.0004207311233365826,0.21890547263681592,-0.37232729119069174,BHLHE40_pDS258,0.0091886269070735
ZNF709,0.0003918583382892777,0.004975124378109453,9.465035115123177,BHLHE40_pDS258,0.0020804438280166
ZNF490,0.00042397825118891416,0.009950248756218905,1.025222419443939,BHLHE40_pDS258,0.0031206657420249
JUNB,0.02217563318055557,0.31840796019900497,0.38965786147892717,BHLHE40_pDS258,0.324375866851595
PRDX2,0.1373095913833383,0.004975124378109453,12.50025470387714,BHLHE40_pDS258,8.734223300970873
KLF1,0.0320028912969787,0.39303482587064675,0.08049168272040544,BHLHE40_pDS258,0.9726074895977808
CALR,0.03494780534479339,0.31343283582089554,0.19712918279838232,BHLHE40_pDS258,3.2626560332871013
CTC-425F1.4,0.0005182733148274904,0.004975124378109453,5.632481304991629,BHLHE40_pDS258,0.0020804438280166
IER2,0.04549852301952746,0.06467661691542288,1.7173808871000213,BHLHE40_pDS258,0.776005547850208
ASF1B,0.04332563662503264,0.05970149253731343,2.088122610682288,BHLHE40_pDS258,0.4162621359223301
NOTCH3,0.007280166967122875,0.06467661691542288,1.6308177626040605,BHLHE40_pDS258,0.0156033287101248
TPM4,0.023748180395373217,0.3034825870646766,0.4008329268010803,BHLHE40_pDS258,0.3460471567267684
FAM32A,0.019084741132789722,0.681592039800995,-0.6101512190170715,BHLHE40_pDS258,0.7680305131761442
CPAMD8,0.0005049572112434061,0.01990049751243781,2.510942148384767,BHLHE40_pDS258,0.0034674063800277
BST2,0.0014554705332435157,0.0845771144278607,0.3165625178442205,BHLHE40_pDS258,0.0069348127600554
SLC27A1,0.000612229528773675,0.004975124378109453,5.961316780955576,BHLHE40_pDS258,0.0024271844660194
GDF15,0.020108231934642246,0.4129353233830846,0.002733759852632882,BHLHE40_pDS258,0.4342926490984743
KLHL26,0.0032468183473436784,0.5621890547263682,-0.2655322110558293,BHLHE40_pDS258,0.0178571428571428
YJEFN3,0.004375202059062128,0.6169154228855721,-0.19414961078609153,BHLHE40_pDS258,0.0095353675450762
LPAR2,0.0001816589380642915,0.7910447761194029,-0.46439108528063877,BHLHE40_pDS258,0.0069348127600554
ZNF253,0.0014488992284862673,0.8706467661691543,-0.8078544370072753,BHLHE40_pDS258,0.0292995839112343
ZNF493,0.007592580469277611,0.4228855721393035,-0.17223883105821894,BHLHE40_pDS258,0.0478502080443828
ZNF91,0.00323594215736628,0.8706467661691543,-1.0012199092523768,BHLHE40_pDS258,0.0292995839112343
AC007773.2,0.005001966191630481,0.15920398009950248,1.0387886082080742,BHLHE40_pDS258,0.0093619972260748
RGS9BP,0.00016363727405823518,0.8706467661691543,-0.503967251720384,BHLHE40_pDS258,0.0024271844660194
CEBPA-AS1,0.0002729797808340356,0.9104477611940298,-0.4028935877609628,BHLHE40_pDS258,0.0065880721220527
FXYD7,0.0002219530015721065,1.0,-4.4819848971112375,BHLHE40_pDS258,0.002253814147018
HCST,0.03319785803266096,0.004975124378109453,7.9134078977042215,BHLHE40_pDS258,0.0346740638002773
TYROBP,0.04622031745930155,0.004975124378109453,7.328878132023014,BHLHE40_pDS258,0.0478502080443828
LRFN3,0.002317230961655338,0.5522388059701493,-0.32912550654262773,BHLHE40_pDS258,0.0091886269070735
ZFP14,0.008159469310547313,0.17412935323383086,0.7010772710358686,BHLHE40_pDS258,0.0232316227461858
ZNF529,0.006063826453206196,0.40298507462686567,0.07646812645445128,BHLHE40_pDS258,0.0346740638002773
AC092295.7,0.007698171676950677,0.39303482587064675,0.16123782644059542,BHLHE40_pDS258,0.0369278779472954
AC074138.3,0.008403422903531896,0.13930348258706468,1.0172747033440728,BHLHE40_pDS258,0.0383148404993065
ZNF345,7.692733397925447e-05,1.0,-0.21550733239119396,BHLHE40_pDS258,0.0053744798890429
ZFP30,0.002472949332014235,0.6567164179104478,-0.5475535019305079,BHLHE40_pDS258,0.0292995839112343
ZNF607,0.007071342275453998,0.13930348258706468,0.902713111372586,BHLHE40_pDS258,0.0182038834951456
CTD-2528L19.6,0.0003782600213907628,0.11442786069651742,1.375548831912067,BHLHE40_pDS258,0.0048543689320388
PPP1R14A,0.13410930128531415,0.004975124378109453,9.292806922486022,BHLHE40_pDS258,0.0292995839112343
RASGRP4,0.006121897616448832,0.3383084577114428,0.5062797901670306,BHLHE40_pDS258,0.0251386962552011
CAPN12,0.00028578289384965407,0.5174129353233831,-0.17786015974226696,BHLHE40_pDS258,0.0043342579750346
GMFG,0.23069452121417633,0.004975124378109453,19.80276044470316,BHLHE40_pDS258,0.8732662968099861
ZFP36,0.009493193865362052,0.13432835820895522,1.1419022467860676,BHLHE40_pDS258,0.0277392510402219
ZNF546,0.0005722553383641863,0.9900497512437811,-1.302924831653428,BHLHE40_pDS258,0.0126560332871012
PRX,0.0008497294758552519,0.1691542288557214,-0.27147513003504503,BHLHE40_pDS258,0.0058945908460471
SERTAD1,0.012956436712786767,0.1890547263681592,0.7866560684353167,BHLHE40_pDS258,0.1012482662968099
SERTAD3,0.011512914535571982,0.6517412935323383,-0.48215966591532156,BHLHE40_pDS258,0.1790915395284327
BLVRB,0.04686002309849396,0.18407960199004975,0.7936510262913581,BHLHE40_pDS258,1.743238557558946
AXL,0.003695240997940692,0.3482587064676617,0.3164828291408,BHLHE40_pDS258,0.0140429958391123
TGFB1,0.041549204242241365,0.13930348258706468,1.1129418871539725,BHLHE40_pDS258,0.9667128987517336
CCDC97,0.008428943341040638,0.3781094527363184,0.043667433318771806,BHLHE40_pDS258,0.0292995839112343
BCKDHA,0.0002514073245018155,0.8407960199004975,-0.18037510245033975,BHLHE40_pDS258,0.0292995839112343
ZNF526,0.012838373617208507,0.11442786069651742,1.465876901201513,BHLHE40_pDS258,0.0292995839112343
ZNF576,0.011687641990173069,0.6915422885572139,-0.714124121097741,BHLHE40_pDS258,0.3651178918169209
CADM4,0.006049222049044099,0.05472636815920398,1.3201878114120582,BHLHE40_pDS258,0.0292995839112343
PLAUR,0.02450068690602571,0.1044776119402985,1.4172688569604512,BHLHE40_pDS258,0.1705963938973647
ZNF284,0.0003070576406866014,0.9950248756218906,-2.727521240214899,BHLHE40_pDS258,0.0027739251040221
ZNF180,0.009442623304113563,0.14925373134328357,0.7838686082951235,BHLHE40_pDS258,0.0357142857142857
BCL3,0.0004490660046584198,0.009950248756218905,3.1719830758671352,BHLHE40_pDS258,0.0036407766990291
APOE,0.3195318544964315,0.004975124378109453,25.322130191772448,BHLHE40_pDS258,6.851074895977809
APOC1,0.13489162203763536,0.004975124378109453,12.02337968887832,BHLHE40_pDS258,9.58616504854369
RELB,0.007245494407255489,0.0845771144278607,1.107628923182656,BHLHE40_pDS258,0.0149098474341192
TRAPPC6A,0.049580371285085634,0.06467661691542288,1.8184713059204607,BHLHE40_pDS258,1.0488904299583912
CKM,0.007667259035134739,0.2537313432835821,0.5671225786655856,BHLHE40_pDS258,0.0270457697642163
KLC3,0.0013632219634049333,0.08955223880597014,0.6578847915926271,BHLHE40_pDS258,0.0052011095700416
FOSB,0.0006865200010975677,0.03980099502487562,2.1769881629907726,BHLHE40_pDS258,0.0024271844660194
VASP,0.0699728956663785,0.004975124378109453,4.292859998763247,BHLHE40_pDS258,0.5298196948682385
GIPR,0.007783523529262825,0.0945273631840796,0.999617001621359,BHLHE40_pDS258,0.0110957004160887
AC006262.5,0.025453525310753095,0.004975124378109453,4.881891305014031,BHLHE40_pDS258,0.0442094313453536
ZC3H4,0.011846144889735295,0.3681592039800995,0.21967143577222245,BHLHE40_pDS258,0.0813106796116504
BBC3,0.01566170855269796,0.30845771144278605,0.2953815706388754,BHLHE40_pDS258,0.1414701803051317
PRR24,0.03564050999110509,0.05472636815920398,2.042155637166092,BHLHE40_pDS258,0.2773925104022191
EMP3,0.26216069168103306,0.004975124378109453,17.324764185105277,BHLHE40_pDS258,4.0596393897364775
KCNJ14,0.0004421935355113478,0.18407960199004975,-0.28530910118216585,BHLHE40_pDS258,0.0071081830790568
PPP1R15A,0.04101569063714517,0.029850746268656716,2.4900613158548706,BHLHE40_pDS258,0.3753467406380028
FTL,0.07762655972074721,0.004975124378109453,13.245313414737033,BHLHE40_pDS258,101.50884188626908
PTH2,0.0025866531434220277,0.06467661691542288,1.1001161913132862,BHLHE40_pDS258,0.0031206657420249
RPL13A,0.022045935694874084,0.04477611940298507,1.9793763045913342,BHLHE40_pDS258,105.8014909847434
FCGRT,0.008577687678700808,0.9900497512437811,-1.4217835671357664,BHLHE40_pDS258,0.4042995839112344
IRF3,0.0308761054343723,0.11442786069651742,1.3184770147715017,BHLHE40_pDS258,0.0292995839112343
TSKS,0.0005255322418748729,0.3034825870646766,0.5036284528917311,BHLHE40_pDS258,0.0026005547850208
KCNC3,0.007027868416742023,0.14427860696517414,1.2974926214887132,BHLHE40_pDS258,0.0124826629680998
LRRC4B,0.020618394416812222,0.004975124378109453,4.236056228054495,BHLHE40_pDS258,0.0388349514563106
C19orf84,0.00043408075715389995,0.32338308457711445,-0.32882408750252184,BHLHE40_pDS258,0.0057212205270457
ZNF350,9.962080308331018e-05,0.009950248756218905,2.9132364690539307,BHLHE40_pDS258,0.0031206657420249
ZNF841,0.005143620454385737,0.4228855721393035,0.3559881751402457,BHLHE40_pDS258,0.009882108183079
ZNF616,0.001414556081043904,0.6567164179104478,-0.923161798145315,BHLHE40_pDS258,0.0232316227461858
ZNF528,0.0003424544725616086,0.11940298507462686,-0.25088792086390566,BHLHE40_pDS258,0.0064147018030513
CTD-2331H12.7,0.00013755986934684914,0.23880597014925373,0.7368093808212276,BHLHE40_pDS258,0.0032940360610263
TMC4,0.00027551360321120594,1.0,-0.24970403447930115,BHLHE40_pDS258,0.0060679611650485
LENG8-AS1,0.0005137370780818472,0.12935323383084577,-0.175804592803948,BHLHE40_pDS258,0.0058945908460471
CDC42EP5,0.001955265606082151,0.07462686567164178,-0.10082367782566286,BHLHE40_pDS258,0.0032940360610263
NLRP2,0.025589647101157447,0.08955223880597014,1.4282965578958842,BHLHE40_pDS258,0.0292995839112343
CTC-550B14.7,0.0007393850373084342,0.16417910447761194,-0.06773431398939304,BHLHE40_pDS258,0.0038141470180305
GP6,0.015119350801046181,0.004975124378109453,5.141606393546975,BHLHE40_pDS258,0.0213245492371705
TNNT1,0.10262177905054383,0.004975124378109453,5.165184949562805,BHLHE40_pDS258,1.853502080443828
TNNI3,0.01056896776034225,0.36318407960199006,0.1924130123647063,BHLHE40_pDS258,0.0787101248266296
CTD-2587H24.5,0.00010063915824178979,0.5124378109452736,-0.07599594934663655,BHLHE40_pDS258,0.0017337031900138
CTD-2587H24.10,0.0005635544992559773,0.004975124378109453,4.711874093204121,BHLHE40_pDS258,0.002253814147018
UBE2S,0.036217186915922406,0.36318407960199006,0.23439646451664747,BHLHE40_pDS258,2.2064840499306517
AC007228.11,0.000746584661783775,0.09950248756218906,1.4296112792818876,BHLHE40_pDS258,0.0020804438280166
ZNF470,0.000258821749659176,0.9800995024875622,-0.5953648227853515,BHLHE40_pDS258,0.0117891816920943
ZNF543,0.000219497899015751,0.39303482587064675,-0.11733576421051457,BHLHE40_pDS258,0.0058945908460471
TRAPPC2P1,0.01851180577644075,0.22388059701492538,0.5620621762872187,BHLHE40_pDS258,0.1471914008321775
ZNF419,0.001375371622563068,0.35323383084577115,-0.42832686838272466,BHLHE40_pDS258,0.007628294036061
ZNF551,0.007225672399567212,0.6766169154228856,-0.4630457225263019,BHLHE40_pDS258,0.0292995839112343
ZNF552,0.003712423172272538,0.6517412935323383,-0.6531977985307512,BHLHE40_pDS258,0.0211511789181692
ZNF256,0.0025002777089915633,0.6965174129353234,-0.7604920846370251,BHLHE40_pDS258,0.007628294036061
ZNF606,0.0031438750514758934,0.6368159203980099,-0.5931301585762756,BHLHE40_pDS258,0.0292995839112343
ZNF324,0.004953679055126964,0.6318407960199005,-0.5595128367487641,BHLHE40_pDS258,0.0292995839112343
ZNF446,0.004810842814638873,0.35323383084577115,0.43334894727584666,BHLHE40_pDS258,0.0126560332871012
CECR7,0.006818164261619497,0.07960199004975124,1.6794749145473176,BHLHE40_pDS258,0.0105755894590846
AC006946.16,0.0005573363411679142,0.03482587064676617,0.09641352502145155,BHLHE40_pDS258,0.004507628294036
IL17RA,0.008079338582745982,0.30845771144278605,0.43417424933248516,BHLHE40_pDS258,0.0449029126213592
SLC25A18,0.00022111703757753898,0.004975124378109453,5.504827616598292,BHLHE40_pDS258,0.0034674063800277
AC004463.6,0.015844747735845453,0.39800995024875624,0.11487515687346829,BHLHE40_pDS258,0.1808252427184466
CLTCL1,0.005999328676073341,0.373134328358209,0.8285167697489766,BHLHE40_pDS258,0.012135922330097
AC000068.9,0.0005645627618277956,0.004975124378109453,7.358209936657529,BHLHE40_pDS258,0.0024271844660194
CDC45,0.02992726493381591,0.4577114427860697,-0.13191762892920902,BHLHE40_pDS258,1.8399791955617195
MED15,0.032885146876807575,0.12935323383084577,1.2906136517265103,BHLHE40_pDS258,0.5553051317614425
SDF2L1,0.02937012344403165,0.25870646766169153,0.47835592013260914,BHLHE40_pDS258,13.733356449375869
YPEL1,0.0011055487540503077,0.9651741293532339,-1.0155457041958207,BHLHE40_pDS258,0.0086685159500693
LL22NC03-86G7.1,0.00654713926515591,0.22388059701492538,1.0737093710242234,BHLHE40_pDS258,0.009882108183079
ZNF280A,0.007172812299995595,0.46766169154228854,0.20181631062937813,BHLHE40_pDS258,0.0199375866851595
PRAME,0.027463957513144416,0.527363184079602,-0.2363085341625612,BHLHE40_pDS258,4.645804438280167
IGLL1,0.00626669048637653,0.009950248756218905,4.141699810915466,BHLHE40_pDS258,0.0292995839112343
AP000350.5,0.000545702371090406,0.4975124378109453,-0.21118511843524768,BHLHE40_pDS258,0.0039875173370319
CRYBA4,0.0003819140544059799,0.01990049751243781,0.3584415363794759,BHLHE40_pDS258,0.0065880721220527
XBP1,0.029854835413733745,0.29850746268656714,0.3632064531544511,BHLHE40_pDS258,0.7482662968099861
RASL10A,0.00641249300800503,0.024875621890547265,4.102011364057361,BHLHE40_pDS258,0.0043342579750346
NEFH,0.013431719272210789,0.6766169154228856,-0.6206052168041016,BHLHE40_pDS258,0.2600554785020804
MTMR3,0.007559519422125245,0.40298507462686567,0.06729279769029928,BHLHE40_pDS258,0.0433425797503467
SLC35E4,0.0006643251267409665,0.004975124378109453,4.4980446652209,BHLHE40_pDS258,0.004507628294036
MORC2-AS1,0.0019534865151047153,0.8606965174129353,-1.6057044415442532,BHLHE40_pDS258,0.0199375866851595
TUG1,0.016898725237516753,0.27860696517412936,0.47870122074103455,BHLHE40_pDS258,0.1638349514563107
SELM,0.013858987073152933,0.16417910447761194,0.9202251204136424,BHLHE40_pDS258,0.0804438280166435
AC005003.1,0.007202799428394643,0.014925373134328358,2.8725901097344693,BHLHE40_pDS258,0.0048543689320388
FBXO7,0.03167251806565153,0.2736318407960199,0.5085049124200401,BHLHE40_pDS258,0.6967753120665742
MCM5,0.04326492949106819,0.06965174129353234,1.7237942392768892,BHLHE40_pDS258,0.6950416088765603
APOL4,0.0002758284969582872,0.15422885572139303,-0.24689491168944022,BHLHE40_pDS258,0.007628294036061
APOL2,0.003961400507255507,0.582089552238806,-0.5525107815089997,BHLHE40_pDS258,0.0306865464632454
FOXRED2,0.0068239139499827635,0.845771144278607,-0.8454331732845638,BHLHE40_pDS258,0.1052357836338418
EIF3D,0.04922554648543137,0.0945273631840796,1.4850048832115774,BHLHE40_pDS258,1.542995839112344
IFT27,0.010282607119641917,0.43283582089552236,-0.131100679996859,BHLHE40_pDS258,0.1393897364771151
KCTD17,0.00022847049349927054,1.0,-1.5089095228758314,BHLHE40_pDS258,0.0062413314840499
IL2RB,0.0069369618140444015,0.024875621890547265,1.0583859730877696,BHLHE40_pDS258,0.0126560332871012
RAC2,0.05705234357389326,0.03980099502487562,2.575340955195079,BHLHE40_pDS258,0.8661581137309292
CDC42EP1,0.02650141985574645,0.5870646766169154,-0.4052366182629614,BHLHE40_pDS258,1.1614077669902914
LGALS1,0.11344286784209938,0.004975124378109453,6.513128772885575,BHLHE40_pDS258,1.3278432732316228
MAFF,0.013536360140791352,0.04477611940298507,2.5051077837862024,BHLHE40_pDS258,0.0324202496532593
TMEM184B,0.01008849966214338,0.4079601990049751,0.053563356285211486,BHLHE40_pDS258,0.0856449375866851
RP3-508I15.9,0.006880465757494637,0.024875621890547265,1.4336461552794668,BHLHE40_pDS258,0.0292995839112343
JOSD1,0.003984610625839934,0.8109452736318408,-0.9807062923688982,BHLHE40_pDS258,0.0833911234396671
RP3-508I15.21,0.005039503436356927,0.3482587064676617,0.6864835552522573,BHLHE40_pDS258,0.0292995839112343
TAB1,0.0031408964139666225,0.945273631840796,-1.449915161074933,BHLHE40_pDS258,0.0292995839112343
ATF4,0.043704839404281805,0.1691542288557214,0.7498113717678105,BHLHE40_pDS258,1.854022191400832
GRAP2,0.001317403662251489,0.6069651741293532,-0.5827863965526346,BHLHE40_pDS258,0.01751040221914
RP5-1042K10.10,0.0002851531162121462,0.19900497512437812,-0.4003431327898452,BHLHE40_pDS258,0.0069348127600554
RP5-821D11.7,0.0030882296535435123,0.17412935323383086,1.00550709197837,BHLHE40_pDS258,0.0097087378640776
NAGA,0.013937414656157398,0.1044776119402985,1.5022431386744082,BHLHE40_pDS258,0.0292995839112343
RNU12,0.0001686763129525733,0.8606965174129353,-1.4138945909730316,BHLHE40_pDS258,0.0052011095700416
ARFGAP3,0.008640812179577432,0.2835820895522388,0.4643828303711973,BHLHE40_pDS258,0.0455963938973647
TTLL1,0.00029238898103557724,0.05970149253731343,-0.13184153612261384,BHLHE40_pDS258,0.0055478502080443
BIK,0.00031485171485946806,0.07462686567164178,1.7075844016758304,BHLHE40_pDS258,0.0038141470180305
GTSE1,0.03714611895606295,0.05472636815920398,1.8804921649683664,BHLHE40_pDS258,0.397884882108183
CTA-29F11.1,0.009473271440762562,0.9751243781094527,-1.2312802291881415,BHLHE40_pDS258,0.4566574202496533
RP1-29C18.10,0.0018414193613464636,0.6467661691542289,-0.7274100828743043,BHLHE40_pDS258,0.0292995839112343
PANX2,0.0002460319964138385,0.009950248756218905,0.14123446779484491,BHLHE40_pDS258,0.004507628294036
CPT1B,0.00011342615048451024,0.9800995024875622,-1.8427287522863747,BHLHE40_pDS258,0.0020804438280166
RBM11,0.0013459126224570656,0.07462686567164178,0.4001226463310529,BHLHE40_pDS258,0.0041608876560332
SAMSN1,0.03168293304975873,0.14925373134328357,1.105681236916916,BHLHE40_pDS258,0.4840499306518724
AF127936.7,0.0011057914784173388,0.9601990049751243,-0.5220428240624712,BHLHE40_pDS258,0.0064147018030513
BTG3,0.020126454169621246,0.38308457711442784,0.07146944063235935,BHLHE40_pDS258,0.0292995839112343
AF240627.2,0.00016998575323367337,1.0,-0.7252738657936995,BHLHE40_pDS258,0.0072815533980582
LTN1,0.004946852759026294,0.9751243781094527,-1.373009505715877,BHLHE40_pDS258,0.1097434119278779
BACH1,0.014245490982934563,0.11442786069651742,1.364884846184384,BHLHE40_pDS258,0.0527045769764216
BACH1-IT2,0.00016533389906516524,0.9751243781094527,-1.9261347726365183,BHLHE40_pDS258,0.0017337031900138
RP11-313P22.1,0.0006873637689325128,0.004975124378109453,6.151648873778725,BHLHE40_pDS258,0.0017337031900138
TCP10L,0.0003717919192700096,0.06467661691542288,-0.09377247494375585,BHLHE40_pDS258,0.0039875173370319
SYNJ1,0.009352918446219662,0.01990049751243781,2.1906970621707007,BHLHE40_pDS258,0.0135228848821081
IL10RB-AS1,0.002785800740820515,0.004975124378109453,92.5002679775544,BHLHE40_pDS258,0.0026005547850208
GART,0.01866958344247987,0.7213930348258707,-0.7037511902059447,BHLHE40_pDS258,0.0292995839112343
SON,0.044971232735690966,0.14427860696517414,1.144740422210012,BHLHE40_pDS258,1.936373092926491
CRYZL1,0.02579999611596915,0.21393034825870647,0.7192525559677322,BHLHE40_pDS258,0.3391123439667129
RUNX1,0.03308163325485422,0.05970149253731343,1.8372779534097283,BHLHE40_pDS258,0.0292995839112343
AP000692.10,0.0013251115886935762,0.3781094527363184,-0.3126961225993896,BHLHE40_pDS258,0.0161234396671289
AP001412.1,0.0002067540818621045,0.7114427860696517,-0.21906515459577797,BHLHE40_pDS258,0.0038141470180305
KCNJ6,0.00022260342681574094,0.004975124378109453,6.1718917409218195,BHLHE40_pDS258,0.0020804438280166
DSCR8,0.03465000041980159,0.20398009950248755,0.8055938135212929,BHLHE40_pDS258,0.6933079056865464
DSCR10,0.0002400119378618604,0.9950248756218906,-2.521429055404071,BHLHE40_pDS258,0.002253814147018
TMPRSS3,0.002827962205512722,0.08955223880597014,1.4698782915718744,BHLHE40_pDS258,0.0081484049930651
SLC37A1,0.023525489553140384,0.03482587064676617,2.1276575320068205,BHLHE40_pDS258,0.1158113730929265
HSF2BP,0.005753660060408596,0.48756218905472637,0.5456510583564359,BHLHE40_pDS258,0.0145631067961165
ITGB2,0.021037159440625168,0.004975124378109453,5.026374507844735,BHLHE40_pDS258,0.0197642163661581
RP11-54O7.1,3.5218364276283055e-05,0.6865671641791045,-0.7932487165549724,CREB1_pDS269,0.002253814147018
SAMD11,0.000718118010048497,0.9054726368159204,-1.061847539978727,CREB1_pDS269,0.0024271844660194
TTLL10,0.00012127865993013682,0.31840796019900497,0.3502928776038528,CREB1_pDS269,0.0292995839112343
FAM132A,0.00014801635514144184,0.23880597014925373,-0.19789573123480503,CREB1_pDS269,0.0050277392510402
SLC35E2,7.525217032652093e-05,0.8557213930348259,-1.0768987048844496,CREB1_pDS269,0.0052011095700416
SMIM1,0.03875600646133407,0.01990049751243781,2.6321284394621434,CREB1_pDS269,0.0292995839112343
C1orf174,0.02369249426383772,0.1691542288557214,0.9614619895401175,CREB1_pDS269,0.2352635228848821
LINC01134,0.0006629477330489462,0.17412935323383086,0.11195492772590819,CREB1_pDS269,0.0036407766990291
ERRFI1,0.0006519694310630624,0.25870646766169153,-0.07553382097257254,CREB1_pDS269,0.0032940360610263
RP4-635E18.8,0.004019198441584663,0.11940298507462686,1.9601318814157767,CREB1_pDS269,0.0114424410540915
RP4-635E18.6,0.005945683425273844,0.681592039800995,-0.623268044565377,CREB1_pDS269,0.0521844660194174
FBXO2,0.00014026805399111952,0.681592039800995,-0.131825196601604,CREB1_pDS269,0.0031206657420249
TMEM51,0.002164843151061676,0.4925373134328358,-0.42346123084894755,CREB1_pDS269,0.012135922330097
FBLIM1,0.0005685591704818524,0.6119402985074627,-0.36631411800869557,CREB1_pDS269,0.0017337031900138
SPEN,0.01882473886754437,0.2537313432835821,0.4834318222225672,CREB1_pDS269,0.0292995839112343
ZBTB17,0.005958056826459031,0.6965174129353234,-0.6261587797816021,CREB1_pDS269,0.0532246879334257
C1orf134,7.587428856911472e-05,0.6417910447761194,-0.4167069886479839,CREB1_pDS269,0.002253814147018
RP4-798A10.7,5.754572817445963e-05,0.6417910447761194,-0.5394843733349077,CREB1_pDS269,0.0032940360610263
ACTL8,0.0007131595801790966,0.9950248756218906,-1.8998218950552093,CREB1_pDS269,0.0240984743411927
RP1-43E13.2,0.00010519571463498372,0.263681592039801,-0.07346015330756575,CREB1_pDS269,0.0058945908460471
TMCO4,6.492474569013348e-05,0.014925373134328358,2.8867016035131385,CREB1_pDS269,0.0024271844660194
PINK1-AS,6.606427438495797e-05,0.4626865671641791,-0.005596225099499651,CREB1_pDS269,0.0036407766990291
ECE1,0.0022551767810180807,0.6467661691542289,-0.6947172305770297,CREB1_pDS269,0.0214979195561719
LUZP1,0.021563332288592023,0.21890547263681592,0.6508924058570301,CREB1_pDS269,0.2801664355062413
ID3,0.011177816148019265,0.20398009950248755,0.742087874395242,CREB1_pDS269,0.0481969486823855
SYF2,0.02784813624635491,0.2835820895522388,0.30671700095616183,CREB1_pDS269,0.614251040221914
C1orf63,0.036006102616898794,0.06965174129353234,1.860188179301459,CREB1_pDS269,0.3191747572815534
RP3-465N24.6,0.00024329061064621313,0.263681592039801,-0.4328814425376069,CREB1_pDS269,0.0069348127600554
PAQR7,0.0001279491163507166,0.7064676616915423,-0.17592118613557414,CREB1_pDS269,0.0050277392510402
STMN1,0.1109812276448698,0.004975124378109453,6.009557808171129,CREB1_pDS269,5.130721220527046
PDIK1L,0.007495629423421188,0.15422885572139303,0.9498612296724861,CREB1_pDS269,0.0240984743411927
SH3BGRL3,0.03752543176862381,0.4626865671641791,-0.05002328849308343,CREB1_pDS269,2.945735090152566
CD52,0.008588011924330159,0.7562189054726368,-0.7710175741677001,CREB1_pDS269,0.164008321775312
RPS6KA1,0.0060060974405952965,0.736318407960199,-0.779616511660921,CREB1_pDS269,0.1414701803051317
C1orf172,3.699457388891629e-05,0.6318407960199005,-0.1582681775373569,CREB1_pDS269,0.0292995839112343
SYTL1,0.006846285545584232,0.07960199004975124,1.5084547202708392,CREB1_pDS269,0.006761442441054
GPR3,0.0001524842403827179,0.5472636815920398,-0.4923171891756078,CREB1_pDS269,0.0292995839112343
RP1-159A19.4,0.00015807701983755723,0.5621890547263682,-0.21888020145814602,CREB1_pDS269,0.0050277392510402
SESN2,0.010563484111016446,0.3880597014925373,0.05096850239720539,CREB1_pDS269,0.0887656033287101
SNHG12,0.012108933137163866,0.5174129353233831,-0.28527106087833504,CREB1_pDS269,0.1941747572815534
RAB42,0.0004780743345485503,0.11442786069651742,1.2461826243866123,CREB1_pDS269,0.0020804438280166
YTHDF2,0.022755426062215495,0.472636815920398,-0.12771531462927055,CREB1_pDS269,0.6406033287101248
LAPTM5,0.03980866852356956,0.2935323383084577,0.3705516254483603,CREB1_pDS269,2.2987170596393898
SDC3,0.0003135578590304634,0.7164179104477612,-0.24014759453745904,CREB1_pDS269,0.0034674063800277
CCDC28B,0.040378455036390426,0.15422885572139303,1.0757942633220134,CREB1_pDS269,0.9011789181692096
BSDC1,0.02172701365011819,0.2736318407960199,0.3729095385721584,CREB1_pDS269,0.3623439667128987
ZBTB8A,0.012446444677586748,0.07462686567164178,1.4581535634713103,CREB1_pDS269,0.0331137309292649
CLSPN,0.03208714471229777,0.40298507462686567,0.0035437542224642914,CREB1_pDS269,1.674410540915395
THRAP3,0.028260405437221275,0.4975124378109453,-0.23902869902629362,CREB1_pDS269,1.802357836338419
EVA1B,0.03199562845971116,0.07960199004975124,1.6733595113108286,CREB1_pDS269,0.2869278779472954
CSF3R,0.0005965773699043426,0.845771144278607,-0.8460938747897672,CREB1_pDS269,0.0275658807212205
CDCA8,0.022914385477792988,0.48258706467661694,-0.14474601893505482,CREB1_pDS269,0.6059292649098474
FHL3,0.016254075988219912,0.7014925373134329,-0.6234699134994628,CREB1_pDS269,0.6312413314840499
KIAA0754,0.006884485901626855,0.07462686567164178,0.9170382075360525,CREB1_pDS269,0.0112690707350901
RP1-118J21.25,0.0045379391788292886,0.11940298507462686,1.7412623660293418,CREB1_pDS269,0.0078016643550624
MYCL,0.0013189611358186398,0.9104477611940298,-1.2858217943846826,CREB1_pDS269,0.0334604715672676
CAP1,0.03212875356857262,0.417910447761194,-0.04126196847781611,CREB1_pDS269,1.8044382801664356
RP1-39G22.7,0.044190979758390134,0.009950248756218905,2.7129904715054214,CREB1_pDS269,0.0292995839112343
RIMS3,0.006689691305562897,0.06965174129353234,1.3866658150776559,CREB1_pDS269,0.0084951456310679
RIMKLA,0.00013085424089805887,0.373134328358209,0.25582125068294914,CREB1_pDS269,0.0026005547850208
EBNA1BP2,0.030739572289881948,0.44776119402985076,-0.13225726598890553,CREB1_pDS269,4.639563106796117
CDC20,0.023722942213753945,0.5174129353233831,-0.3179438113384688,CREB1_pDS269,0.8997919556171984
HYI,0.019088679729629666,0.23383084577114427,0.721074239612015,CREB1_pDS269,0.0292995839112343
ST3GAL3,0.012279051446058762,0.07960199004975124,1.8304447081148754,CREB1_pDS269,0.0292995839112343
RP11-7O11.3,0.0010053275232091872,0.8855721393034826,-1.5345701145057102,CREB1_pDS269,0.0088418862690707
CCDC24,0.0021373277742609293,0.5572139303482587,-0.5864458753420254,CREB1_pDS269,0.0244452149791955
PTCH2,0.00017165362813375122,0.07960199004975124,1.5300823962899361,CREB1_pDS269,0.0038141470180305
PRDX1,0.037773179019798445,0.12437810945273632,1.3467525503959152,CREB1_pDS269,12.192961165048544
RP4-533D7.5,0.00012313253339295489,0.5223880597014925,-0.2777876497263518,CREB1_pDS269,0.0029472954230235
CYP4A22-AS1,3.897587841670006e-05,0.7213930348258707,-0.635668369528157,CREB1_pDS269,0.002253814147018
LINC00853,0.005751724161737841,0.25870646766169153,0.5940615589721302,CREB1_pDS269,0.0114424410540915
RP1-18D14.7,0.0001601176605213155,0.10945273631840796,1.217412267930087,CREB1_pDS269,0.0027739251040221
RNF11,0.0026252364378146387,0.9751243781094527,-1.4054160660012935,CREB1_pDS269,0.1314147018030513
RP11-191G24.1,0.004677689120492116,0.07960199004975124,2.495437086608652,CREB1_pDS269,0.0071081830790568
TXNDC12,0.01624721693001736,0.9154228855721394,-1.131119491997676,CREB1_pDS269,1.34500693481276
ZYG11B,0.009198597196747631,0.43283582089552236,-0.007073273632511896,CREB1_pDS269,0.065880721220527
TMEM59,0.018732603401447175,0.8805970149253731,-1.0404900034736966,CREB1_pDS269,1.774618585298197
RP11-67L3.4,0.00618288433174936,0.10945273631840796,0.8643163438311938,CREB1_pDS269,0.0133495145631067
JUN,0.004583207205552384,0.8905472636815921,-1.0592119121418793,CREB1_pDS269,0.1045423023578363
RP4-794H19.1,5.865917166032745e-05,0.6019900497512438,-0.35809071230224954,CREB1_pDS269,0.0027739251040221
RP4-792G4.2,0.00792410025826685,0.736318407960199,-0.768238561409526,CREB1_pDS269,0.1737170596393897
JAK1,0.01896141909050875,0.31840796019900497,0.2767239786527665,CREB1_pDS269,0.2609223300970874
GADD45A,0.037826316910215735,0.2537313432835821,0.43132332211359004,CREB1_pDS269,1.6471914008321775
DEPDC1,0.01362788920625997,0.38308457711442784,0.021885157277912633,CREB1_pDS269,0.1858529819694868
SLC44A5,0.00015826737474716534,0.014925373134328358,2.7395586227906628,CREB1_pDS269,0.0026005547850208
DNAJB4,0.013938548968497725,0.08955223880597014,1.7601389030755155,CREB1_pDS269,0.0457697642163661
PRKACB,0.004759388847772723,0.3482587064676617,0.4555506577922571,CREB1_pDS269,0.0088418862690707
CTBS,0.01592093446503732,0.16417910447761194,0.9179210198615382,CREB1_pDS269,0.0292995839112343
ODF2L,0.030047845094500793,0.1791044776119403,0.8572474418739925,CREB1_pDS269,0.4259708737864077
CLCA1,0.008430408087372795,0.9900497512437811,-1.3328041147453815,CREB1_pDS269,0.5022538141470181
RP4-612B15.3,0.0002130977619891835,0.20398009950248755,-0.05441646781227127,CREB1_pDS269,0.0083217753120665
PKN2,0.013628096455410117,0.2537313432835821,0.5481922447497094,CREB1_pDS269,0.0948335644937586
GTF2B,0.013895886923667505,0.6268656716417911,-0.5085704219374444,CREB1_pDS269,0.3368585298196949
ZNF326,0.03030444971169645,0.30845771144278605,0.315524581174928,CREB1_pDS269,0.574375866851595
BTBD8,4.676808658966286e-05,0.8855721393034826,-0.994387703217536,CREB1_pDS269,0.004507628294036
FNBP1L,0.006187146221250429,0.31840796019900497,0.6880059758503043,CREB1_pDS269,0.0292995839112343
DNTTIP2,0.011960229685296937,0.9054726368159204,-1.112052746540082,CREB1_pDS269,0.6139042995839112
RWDD3,7.906204266342255e-05,0.6567164179104478,-0.17966485490036752,CREB1_pDS269,0.0041608876560332
PTBP2,0.006681939175380435,0.3034825870646766,0.7824852944191621,CREB1_pDS269,0.0242718446601941
RP4-549L20.3,0.004688678100245932,0.8855721393034826,-1.3825127755717606,CREB1_pDS269,0.0110957004160887
STXBP3,0.014412215911321434,0.12437810945273632,1.346832959635556,CREB1_pDS269,0.0738557558945908
WDR47,0.0005218469106690528,0.5870646766169154,-0.5921282073369826,CREB1_pDS269,0.0078016643550624
RP5-1065J22.8,0.006309247781351096,0.39303482587064675,0.35349129085792186,CREB1_pDS269,0.0232316227461858
KIAA1324,0.00011971168072162797,0.0845771144278607,1.497384539711826,CREB1_pDS269,0.002253814147018
GSTM2,6.493195318257071e-05,0.6567164179104478,-0.40374153396242485,CREB1_pDS269,0.0029472954230235
RP5-1074L1.4,0.006093348015271253,0.5671641791044776,-0.18030683009853518,CREB1_pDS269,0.0287794729542302
LAMTOR5-AS1,0.0006890173912729383,0.8059701492537313,-1.0797349367222182,CREB1_pDS269,0.0292995839112343
CD53,0.015693431345099415,0.5024875621890548,-0.11800677939046049,CREB1_pDS269,0.211511789181692
LRIF1,0.018437211488564243,0.46766169154228854,-0.11318063138758887,CREB1_pDS269,0.3743065187239944
DENND2D,0.019197889903760472,0.6716417910447762,-0.4655318490970696,CREB1_pDS269,0.5892857142857143
CHI3L2,0.14541450448010876,0.004975124378109453,5.557288433000776,CREB1_pDS269,2.55253120665742
OVGP1,5.797973769658119e-05,0.26865671641791045,0.7022325324573342,CREB1_pDS269,0.002253814147018
RHOC,0.02202749923137771,0.7263681592039801,-0.6364370596611802,CREB1_pDS269,1.1385228848821085
ZNF697,0.0004675299729135984,0.43781094527363185,-0.12352721501603202,CREB1_pDS269,0.0038141470180305
PHGDH,0.02145832904008766,0.263681592039801,0.7338292749837009,CREB1_pDS269,0.209257975034674
RP11-417J8.6,0.00015156937657968147,0.5124378109452736,-0.6012519381631009,CREB1_pDS269,0.004507628294036
NBPF10,0.00426375094361814,0.7562189054726368,-0.8445356009538995,CREB1_pDS269,0.0445561719833564
TXNIP,0.008939769240049427,0.6965174129353234,-0.6721276794783085,CREB1_pDS269,0.1633148404993065
ITGA10,7.670761903243643e-05,0.4079601990049751,0.12291822175913904,CREB1_pDS269,0.002253814147018
RP11-337C18.8,0.0011826588175045522,0.9104477611940298,-1.9247636652703768,CREB1_pDS269,0.0123092926490984
RP11-14N7.2,0.0019463754159036004,0.6318407960199005,-0.7076161653338794,CREB1_pDS269,0.0254854368932038
RP11-277L2.3,7.306476573227764e-05,0.6069651741293532,-0.3642892063174516,CREB1_pDS269,0.0017337031900138
HIST2H2BF,8.274527238006099e-05,0.835820895522388,-0.99126788575936,CREB1_pDS269,0.002253814147018
RP11-196G18.24,0.0014602927779133364,0.7114427860696517,-0.7053190361460094,CREB1_pDS269,0.0142163661581137
HIST2H2BE,0.007943881896686421,0.6766169154228856,-0.6758088143639098,CREB1_pDS269,0.1180651872399445
HIST2H2AC,0.011617423599770771,0.6666666666666666,-0.6358738309180931,CREB1_pDS269,0.2548543689320388
SV2A,0.00015314159170772004,0.29850746268656714,-0.06015796342179401,CREB1_pDS269,0.0292995839112343
RPRD2,0.007134317631153377,0.5621890547263682,-0.4415230817231925,CREB1_pDS269,0.0957004160887656
ECM1,0.006136454148910902,0.024875621890547265,2.5387980550173084,CREB1_pDS269,0.0124826629680998
LINC00568,0.00013364830444805034,0.43283582089552236,-0.2575662785915003,CREB1_pDS269,0.0053744798890429
MCL1,0.03503325503127218,0.0845771144278607,1.5213803752947463,CREB1_pDS269,0.3876560332871012
CTSS,0.002271975660251674,0.9900497512437811,-1.2316035959793108,CREB1_pDS269,0.1078363384188626
FAM63A,0.0055847381577951985,0.2885572139303483,0.8071871780900991,CREB1_pDS269,0.012135922330097
C1orf56,0.0009915287773247388,0.6119402985074627,-0.6667250616122191,CREB1_pDS269,0.0166435506241331
CDC42SE1,0.025196972887377225,0.1791044776119403,0.9405680605026093,CREB1_pDS269,0.2761789181692094
MLLT11,0.020634691106460674,0.5472636815920398,-0.30987932215085334,CREB1_pDS269,0.5773231622746186
LYSMD1,0.00010234262245878297,0.6865671641791045,-1.0546098538333732,CREB1_pDS269,0.0069348127600554
S100A11,0.02236414419489736,0.8159203980099502,-0.9272379387313523,CREB1_pDS269,2.162274618585298
S100A4,0.015447979617741093,0.4577114427860697,-0.09547794567297127,CREB1_pDS269,0.2009361997226074
S100A16,0.00030941793166923117,0.8159203980099502,-0.8529799314519753,CREB1_pDS269,0.0292995839112343
S100A13,0.04502437994582849,0.04975124378109453,2.0289007708405213,CREB1_pDS269,0.6217059639389736
S100A1,0.0036557626448076013,0.7860696517412935,-0.9970702643301645,CREB1_pDS269,0.052877947295423
RP1-178F15.4,0.006454660982514587,0.1890547263681592,0.8134304049479958,CREB1_pDS269,0.0136962552011095
RAB13,0.00026497975824843473,0.5671641791044776,-0.1583370051357639,CREB1_pDS269,0.0055478502080443
PBXIP1,0.006179070907632723,0.21393034825870647,1.0537150105395696,CREB1_pDS269,0.0123092926490984
MUC1,0.0006604280157500022,0.9552238805970149,-1.1520352441390023,CREB1_pDS269,0.0273925104022191
THBS3,0.00026487860460831114,0.32338308457711445,-0.21780876422998188,CREB1_pDS269,0.0039875173370319
FDPS,0.04658830584277031,0.14925373134328357,1.110211329335803,CREB1_pDS269,2.542995839112344
RAB25,8.451331240723868e-05,0.44776119402985076,0.0663477162968488,CREB1_pDS269,0.0020804438280166
LMNA,0.018097904850140886,0.4427860696517413,-0.06638407119005611,CREB1_pDS269,0.3770804438280166
C1orf61,0.011483174066623985,0.1890547263681592,1.0115620459279377,CREB1_pDS269,0.0454230235783633
MEF2D,0.001321964777163324,0.9552238805970149,-1.5365348341102103,CREB1_pDS269,0.0211511789181692
HAPLN2,0.0005711536604268598,0.8706467661691543,-0.985520097511019,CREB1_pDS269,0.0164701803051317
RP11-284F21.9,0.000936035845369157,0.46766169154228854,-0.6978581620157819,CREB1_pDS269,0.009882108183079
CRABP2,0.00043418664706674115,0.5522388059701493,-0.07456418395970564,CREB1_pDS269,0.002253814147018
SH2D2A,0.006592319836527114,0.3781094527363184,0.050115257049680915,CREB1_pDS269,0.029126213592233
NTRK1,0.00498293448377712,0.8855721393034826,-0.8657379618158922,CREB1_pDS269,0.0825242718446602
PEA15,0.004306165449281239,0.8656716417910447,-0.9877037576915474,CREB1_pDS269,0.1289875173370319
RP11-574F21.2,5.148465932278275e-05,0.9303482587064676,-1.3395631413187739,CREB1_pDS269,0.0046809986130374
NCSTN,0.011911401779813372,0.527363184079602,-0.27808351996876135,CREB1_pDS269,0.1704230235783634
NHLH1,0.000489807886730013,0.4427860696517413,-0.17458489490979337,CREB1_pDS269,0.0031206657420249
VANGL2,0.006340129236183273,0.4975124378109453,-0.16769668079934047,CREB1_pDS269,0.0292995839112343
SLAMF6,7.378415650414871e-05,0.06467661691542288,1.6806172545621223,CREB1_pDS269,0.0292995839112343
ARHGAP30,2.0026116998298756e-05,0.30845771144278605,0.550034844783097,CREB1_pDS269,0.0017337031900138
PFDN2,0.032137428989042455,0.42786069651741293,-0.02977401817846179,CREB1_pDS269,4.19625520110957
RP11-297K8.2,7.22600592120255e-05,0.22388059701492538,0.6988939711335594,CREB1_pDS269,0.002253814147018
USP21,0.009631886327652035,0.30845771144278605,0.14898379254580663,CREB1_pDS269,0.0643203883495145
FCER1G,0.018632615182346844,0.5572139303482587,-0.359565416966992,CREB1_pDS269,0.4729542302357836
FCGR2A,0.010165963774534213,0.3582089552238806,0.15068553667819312,CREB1_pDS269,0.0721220527045769
PBX1,8.243078420540333e-05,0.8557213930348259,-0.19909094602961225,CREB1_pDS269,0.0024271844660194
TMCO1,0.029273426011459616,0.527363184079602,-0.24883234637817847,CREB1_pDS269,1.844486823855756
RP11-277B15.3,0.007312498578340453,0.18407960199004975,0.78681228133522,CREB1_pDS269,0.0223647711511789
MPC2,0.06190074826415862,0.029850746268656716,2.429432455023015,CREB1_pDS269,1.444174757281553
GORAB,0.007746030954626766,0.3283582089552239,0.3470707754515027,CREB1_pDS269,0.039008321775312
TOR3A,0.054370307976756196,0.03980099502487562,2.1082700240824193,CREB1_pDS269,0.9927184466019418
ABL2,0.01248206620258547,0.48258706467661694,-0.1557444912434013,CREB1_pDS269,0.1950416088765603
RP11-533E19.7,0.0008170781642998177,0.6716417910447762,-0.6999003559071929,CREB1_pDS269,0.0133495145631067
KIAA1614,0.00012247731910852233,0.46766169154228854,-0.17425853942147498,CREB1_pDS269,0.0048543689320388
RP11-46A10.4,0.0049792631910740145,0.05472636815920398,2.12487002144353,CREB1_pDS269,0.006761442441054
IER5,0.0060531387873532785,0.7114427860696517,-0.7112984772841483,CREB1_pDS269,0.1104368932038835
RNASEL,0.005692870996212823,0.4626865671641791,0.5956990427289605,CREB1_pDS269,0.013002773925104
RGS16,0.04560491490660222,0.009950248756218905,3.1792238575811087,CREB1_pDS269,0.2688973647711511
RP11-317P15.4,0.00017920670065966885,0.208955223880597,-0.10112063291872236,CREB1_pDS269,0.0055478502080443
LAMC1,7.133901599660092e-05,0.07462686567164178,-0.009482848482548214,CREB1_pDS269,0.002253814147018
SWT1,0.004976380995111366,0.42786069651741293,0.11188026130459625,CREB1_pDS269,0.0086685159500693
C1orf27,0.012026594134861056,0.6119402985074627,-0.4682917971900065,CREB1_pDS269,0.2239944521497919
RP11-445P19.3,0.0016997912322683803,0.736318407960199,-0.9489100600413578,CREB1_pDS269,0.0124826629680998
RGS2,0.0007312075165912505,0.681592039800995,-0.8159165647666473,CREB1_pDS269,0.0220180305131761
ASPM,0.033696908342992535,0.09950248756218906,1.3301672367752817,CREB1_pDS269,0.4264909847434119
ZBTB41,0.0030087813674451683,0.572139303482587,-0.3938115760015908,CREB1_pDS269,0.0135228848821081
C1orf53,0.018564093457055435,0.15422885572139303,0.8936709224866124,CREB1_pDS269,0.1333217753120665
IPO9-AS1,0.008974779754672563,0.05970149253731343,1.6894861331625846,CREB1_pDS269,0.0277392510402219
PTPN7,0.0170529421981726,0.3383084577114428,0.17494040648737078,CREB1_pDS269,0.2496532593619972
PCAT6,0.008075411697728027,0.13432835820895522,0.7702872711563193,CREB1_pDS269,0.0178571428571428
BTG2,0.009253621441620213,0.39800995024875624,0.02438813160544487,CREB1_pDS269,0.0710818307905686
ATP2B4,0.004080615245710017,0.3333333333333333,-0.046427075178488035,CREB1_pDS269,0.0145631067961165
ZBED6,0.0031055993807346874,0.8109452736318408,-1.0114068295668706,CREB1_pDS269,0.0397018030513176
ETNK2,0.000743500128071014,0.9701492537313433,-1.0919679101555098,CREB1_pDS269,0.0273925104022191
TMCC2,4.716331025485696e-05,0.8656716417910447,-1.2094630323091367,CREB1_pDS269,0.0020804438280166
NUCKS1,0.04376165887917423,0.12437810945273632,1.1109979416231033,CREB1_pDS269,4.653952843273232
SLC41A1,0.011365917169204215,0.12437810945273632,1.5095204663300836,CREB1_pDS269,0.0292995839112343
RASSF5,0.007975651638357437,0.5323383084577115,-0.38802304926087827,CREB1_pDS269,0.0662274618585298
DYRK3,0.005566388237047007,0.47761194029850745,-0.004578641711285907,CREB1_pDS269,0.0407420249653259
YOD1,0.009898800347454242,0.5920398009950248,-0.4264301749275483,CREB1_pDS269,0.0292995839112343
CD55,0.006131112061205941,1.0,-1.6720486808870862,CREB1_pDS269,0.4542302357836338
NEK2,0.018445081035079577,0.14925373134328357,0.9204038331867744,CREB1_pDS269,0.1270804438280166
DTL,0.023145030445746305,0.12437810945273632,1.1231946371626822,CREB1_pDS269,0.1861997226074896
NENF,0.0650869068452449,0.024875621890547265,2.6497203316097626,CREB1_pDS269,2.623613037447989
ATF3,0.001472104406477298,0.7860696517412935,-0.8486807851870112,CREB1_pDS269,0.0166435506241331
FLVCR1-AS1,0.009488157391911823,0.5522388059701493,-0.3239365805471608,CREB1_pDS269,0.138002773925104
VASH2,0.0001692766573131501,0.029850746268656716,2.54417917256882,CREB1_pDS269,0.0024271844660194
CENPF,0.024285138975556363,0.6915422885572139,-0.6005900226029383,CREB1_pDS269,1.3366851595006934
GPATCH2,0.01173814543513063,0.40298507462686567,-0.00487470638561921,CREB1_pDS269,0.14251040221914
MARC2,0.0015915417658330796,0.8059701492537313,-0.8621408213297579,CREB1_pDS269,0.0249653259361997
HLA-AS1,7.220944886665692e-05,0.06965174129353234,1.4713184773810895,CREB1_pDS269,0.002253814147018
DUSP10,0.004054071444328356,0.6368159203980099,-0.5661958945592726,CREB1_pDS269,0.0412621359223301
TAF1A,0.015594040934891194,0.05970149253731343,2.1718905522070857,CREB1_pDS269,0.0511442441054091
RP11-378J18.8,8.034379026816845e-05,0.04975124378109453,1.7677529848724354,CREB1_pDS269,0.0057212205270457
DEGS1,0.010361781966386499,0.9552238805970149,-1.2330680380669805,CREB1_pDS269,0.5164701803051318
WDR26,0.008124667638426362,0.7611940298507462,-0.7118533275041283,CREB1_pDS269,0.1783980582524272
ENAH,0.00014176919549697525,0.6218905472636815,-1.135861500101513,CREB1_pDS269,0.007628294036061
RP11-396C23.4,0.00011670483213460575,0.15920398009950248,0.9115443658731877,CREB1_pDS269,0.0024271844660194
C1orf35,0.028683450658751972,0.43781094527363185,-0.05428962862945394,CREB1_pDS269,0.9733009708737864
GUK1,0.06369010994242343,0.014925373134328358,2.9220760302802744,CREB1_pDS269,4.968273231622746
RP4-803J11.2,0.0005216146318457927,0.27860696517412936,0.5233263768028393,CREB1_pDS269,0.0017337031900138
RP5-1068B5.3,0.0002470391353021837,0.2885572139303483,-0.21786012402801574,CREB1_pDS269,0.0050277392510402
GALNT2,0.01708799931685415,0.417910447761194,-0.030571645219798337,CREB1_pDS269,0.2973300970873786
TTC13,0.0057839934128206425,0.47761194029850745,0.4433973255007143,CREB1_pDS269,0.0292995839112343
RP11-295G20.2,0.02791493570043099,0.23880597014925373,0.5620363549426571,CREB1_pDS269,0.537621359223301
IRF2BP2,0.012110463694238712,0.6567164179104478,-0.5723212006324498,CREB1_pDS269,0.2649098474341192
ARID4B,0.013782514074354749,0.8308457711442786,-0.9028508139574568,CREB1_pDS269,0.5924063800277393
ERO1LB,0.00036732771476019117,0.5870646766169154,-0.37746794803415346,CREB1_pDS269,0.002253814147018
ACTN2,0.0026324281723265727,0.7761194029850746,-0.8843367649568735,CREB1_pDS269,0.0501040221914008
OPN3,0.007694418218608198,0.7412935323383084,-0.7403698887352895,CREB1_pDS269,0.0292995839112343
ZBTB18,0.004979964975582179,0.19402985074626866,1.768863659219677,CREB1_pDS269,0.0065880721220527
C1orf100,0.0001575956452535459,0.04975124378109453,1.9013882437872818,CREB1_pDS269,0.0024271844660194
HNRNPU-AS1,0.012208364604559615,0.5124378109452736,-0.17318920414995914,CREB1_pDS269,0.0292995839112343
SMYD3,0.04179540164518971,0.16417910447761194,0.8708879722417687,CREB1_pDS269,1.082004160887656
C1orf229,9.554078985823173e-05,0.8407960199004975,-0.3041010055361591,CREB1_pDS269,0.007628294036061
SH3YL1,0.00040328634842506786,0.900497512437811,-0.8742784233122166,CREB1_pDS269,0.022884882108183
RP11-557L19.1,0.000131984025629087,0.7761194029850746,-0.44780698730984125,CREB1_pDS269,0.0292995839112343
ID2,6.270956225688875e-05,0.8557213930348259,-1.7734677482019647,CREB1_pDS269,0.0041608876560332
IAH1,0.0002102177614132428,0.19402985074626866,-0.09349352162016197,CREB1_pDS269,0.006761442441054
ADAM17,0.007716376079057028,0.4427860696517413,-0.12235760897610248,CREB1_pDS269,0.0693481276005547
RP11-214N9.1,0.0014552587143793064,0.7114427860696517,-0.9133235888039346,CREB1_pDS269,0.0110957004160887
RP11-254F7.2,0.0022409988848689257,0.5621890547263682,-0.6108479935825342,CREB1_pDS269,0.0213245492371705
RP11-254F7.4,0.008568538669518148,0.09950248756218906,1.1071918815150188,CREB1_pDS269,0.0242718446601941
RRM2,0.028215797966008677,0.3781094527363184,0.12391013618902845,CREB1_pDS269,0.77999306518724
RN7SL832P,0.012060050697944982,0.009950248756218905,2.305012929709227,CREB1_pDS269,0.0182038834951456
ATP6V1C2,0.005390094372118573,0.12935323383084577,1.529705246121317,CREB1_pDS269,0.0069348127600554
PQLC3,0.014059090008601161,0.12935323383084577,1.065093930106025,CREB1_pDS269,0.0742024965325936
AC096559.1,0.008254884559086394,0.31343283582089554,0.2509845135865112,CREB1_pDS269,0.0348474341192787
NBAS,0.02643282074972711,0.14427860696517414,1.1014922038437749,CREB1_pDS269,0.266123439667129
LINC00954,0.00015343014338421867,0.04975124378109453,-0.03542885269870973,CREB1_pDS269,0.0052011095700416
TTC32,0.012168758558223558,0.4129353233830846,-0.14933638729726592,CREB1_pDS269,0.1520457697642163
RHOB,0.006582952006172021,0.7711442786069652,-0.6462727257765527,CREB1_pDS269,0.0872052704576976
RP11-130L8.1,8.180563173371877e-05,0.19900497512437812,0.7972174353525832,CREB1_pDS269,0.0034674063800277
PFN4,7.499319628769335e-05,0.7910447761194029,-0.8143955534081802,CREB1_pDS269,0.0020804438280166
CENPA,0.04173985930615573,0.10945273631840796,1.3402203467575868,CREB1_pDS269,0.7685506241331485
FNDC4,0.001057947827157528,0.9950248756218906,-1.255799130730782,CREB1_pDS269,0.0563453536754507
FOSL2,0.0007525905290572868,0.15920398009950248,0.9910721612536302,CREB1_pDS269,0.0032940360610263
PPP1CB,0.006940264929779567,0.835820895522388,-0.9913789689363306,CREB1_pDS269,0.2375173370319001
YPEL5,0.010342821460256465,0.4925373134328358,-0.1539136604766554,CREB1_pDS269,0.1239597780859916
RP11-490M8.1,0.0027731001136767053,0.6865671641791045,-0.92717312007143,CREB1_pDS269,0.0114424410540915
HEATR5B,0.004320236690961389,0.3582089552238806,0.20904022525576482,CREB1_pDS269,0.026005547850208
SRSF7,0.019789179454115426,0.945273631840796,-1.1170225111799525,CREB1_pDS269,4.757454923717059
KCNG3,0.005757419442699567,0.27860696517412936,0.33258822505297714,CREB1_pDS269,0.0088418862690707
PLEKHH2,0.008495763344782036,0.15422885572139303,0.910281165891506,CREB1_pDS269,0.0292995839112343
PREPL,0.009984446591354251,0.35323383084577115,0.028700152706410312,CREB1_pDS269,0.100381414701803
PRKCE,0.006260573269303553,0.35323383084577115,0.23605055679888376,CREB1_pDS269,0.0195908460471567
EPAS1,0.006945394513827382,0.2935323383084577,0.535044365347789,CREB1_pDS269,0.0292995839112343
SOCS5,0.0051769611679113045,0.7014925373134329,-0.3061855612933364,CREB1_pDS269,0.0218446601941747
MSH6,0.02188955341905788,0.3383084577114428,0.08076941040337592,CREB1_pDS269,0.3486477115117892
RTN4,0.03153203169988279,0.4527363184079602,-0.1609269307055055,CREB1_pDS269,2.9277045769764216
RPS27A,0.023917968240142938,0.11940298507462686,1.243611295090412,CREB1_pDS269,60.4752080443828
PUS10,0.0057491304123974,0.582089552238806,-0.16794415373305752,CREB1_pDS269,0.0327669902912621
RP11-355B11.2,7.271820677074846e-05,0.29850746268656714,-0.053942821027576,CREB1_pDS269,0.0048543689320388
FAM161A,0.0021183972700693785,0.8706467661691543,-1.1478435909567493,CREB1_pDS269,0.0488904299583911
AC009501.4,5.031333756497856e-05,0.900497512437811,-1.29730067578708,CREB1_pDS269,0.0046809986130374
PELI1,0.001165591374813288,0.9601990049751243,-1.023487426255138,CREB1_pDS269,0.0292995839112343
RP11-568N6.1,0.00020440977966296748,0.8059701492537313,-0.8402358684192266,CREB1_pDS269,0.0031206657420249
AFTPH,0.00742970457820373,0.4427860696517413,-0.026876863833304433,CREB1_pDS269,0.058252427184466
AC074391.1,5.648067438569337e-05,0.5621890547263682,-0.2079839194152443,CREB1_pDS269,0.0292995839112343
APLF,0.00011575160591337871,0.572139303482587,-0.08238376684265357,CREB1_pDS269,0.0034674063800277
ANTXR1,0.006034023075615185,0.1691542288557214,0.6755457036238611,CREB1_pDS269,0.0091886269070735
AAK1,0.010326744737172785,0.263681592039801,0.6351459703878805,CREB1_pDS269,0.0350208044382801
MXD1,0.0015377993248269215,0.8955223880597015,-1.0240506296935907,CREB1_pDS269,0.0261789181692094
AC016700.5,0.0009646734456088851,0.6766169154228856,-0.7439136916708985,CREB1_pDS269,0.0187239944521497
MPHOSPH10,0.026120683644075306,0.4527363184079602,-0.05260678651698497,CREB1_pDS269,0.7869278779472955
EXOC6B,0.0005416748168529067,0.7412935323383084,-0.18897909429152143,CREB1_pDS269,0.0046809986130374
WDR54,0.007079987874144367,0.7661691542288557,-0.7936255314558209,CREB1_pDS269,0.1421636615811373
PCGF1,0.009573805315524979,0.3681592039800995,0.15702800349216262,CREB1_pDS269,0.0762829403606102
TMSB10,0.03517283689031988,0.4626865671641791,-0.09164016282623107,CREB1_pDS269,5.879854368932039
CAPG,0.045717740745514455,0.009950248756218905,2.8954410072641283,CREB1_pDS269,0.2610957004160887
VAMP5,0.002104464376376428,0.44776119402985076,-0.4608945501426007,CREB1_pDS269,0.0143897364771151
RP11-301O19.1,0.0013410041369367187,0.9353233830845771,-1.1903894954905798,CREB1_pDS269,0.031380027739251
AC062029.1,5.01013041016632e-05,0.15920398009950248,0.9823638104565019,CREB1_pDS269,0.002253814147018
TEKT4,0.009286512064917181,0.12935323383084577,0.7378285952238517,CREB1_pDS269,0.058252427184466
ANKRD36C,0.0059035005488152275,0.5621890547263682,-0.14673324908081817,CREB1_pDS269,0.0292995839112343
LMAN2L,0.020556243740247025,0.01990049751243781,2.94745079590705,CREB1_pDS269,0.0575589459084604
SEMA4C,0.0056889933819805555,0.7611940298507462,-0.8316504921112503,CREB1_pDS269,0.0878987517337031
FAM178B,0.0235213816145261,0.6218905472636815,-0.503962428306353,CREB1_pDS269,0.9675797503467406
LINC01125,0.00011041679758628992,0.15422885572139303,1.0922172991961119,CREB1_pDS269,0.0041608876560332
ZAP70,6.968943616823573e-05,0.18407960199004975,-0.08829921251133589,CREB1_pDS269,0.0292995839112343
MGAT4A,0.0002504328519597939,0.5870646766169154,-0.11399891455041418,CREB1_pDS269,0.0036407766990291
C2orf15,5.272404017549498e-05,0.004975124378109453,3.349767512164377,CREB1_pDS269,0.0017337031900138
LYG1,5.7925372110762476e-05,0.6368159203980099,-0.30648741377688227,CREB1_pDS269,0.0058945908460471
LONRF2,0.009082617416013935,0.18407960199004975,0.8070314374973092,CREB1_pDS269,0.034500693481276
IL1R1,0.0008007190258506373,0.8009950248756219,-0.8697241663040243,CREB1_pDS269,0.0292995839112343
IL18R1,0.006537946461530931,0.1890547263681592,0.6561122841617562,CREB1_pDS269,0.0166435506241331
AC108868.6,0.004512012354618965,0.01990049751243781,4.027388934824653,CREB1_pDS269,0.1704230235783634
SULT1C4,0.00023774116263575791,0.4129353233830846,0.1155899518701615,CREB1_pDS269,0.0032940360610263
GCC2,0.022809907259906864,0.2736318407960199,0.4564192130284326,CREB1_pDS269,0.0292995839112343
MIR4435-1HG,0.0351671293927488,0.208955223880597,0.743267535624375,CREB1_pDS269,0.6277739251040222
RP11-181E10.3,0.00012614848304685604,0.38308457711442784,0.23933769434314575,CREB1_pDS269,0.0069348127600554
SLC20A1,0.032639673627855845,0.0945273631840796,1.4472404273433823,CREB1_pDS269,0.3531553398058252
NT5DC4,0.006502984958518131,0.24875621890547264,0.6498492824839149,CREB1_pDS269,0.0221914008321775
PAX8,0.004270214876489376,0.8507462686567164,-1.1060714122107258,CREB1_pDS269,0.0083217753120665
DPP10,0.006159336438305617,0.23880597014925373,0.5516968984175286,CREB1_pDS269,0.0194174757281553
AC093901.1,1.5111840926628704e-05,0.845771144278607,-1.0204766956147924,CREB1_pDS269,0.0020804438280166
EPB41L5,0.014007157138817606,0.03980099502487562,1.8711271249815014,CREB1_pDS269,0.0292995839112343
RALB,0.01320056507229027,0.3333333333333333,0.236142635927696,CREB1_pDS269,0.1140776699029126
RP5-935K16.1,0.01910016690709098,0.01990049751243781,2.9767415124382697,CREB1_pDS269,0.0449029126213592
HNMT,0.0010847897671204345,0.7960199004975125,-0.1937573001903615,CREB1_pDS269,0.0043342579750346
SPOPL,0.0011929502208970248,0.8208955223880597,-0.8253372198781985,CREB1_pDS269,0.0178571428571428
MMADHC,0.019219657974356073,0.7810945273631841,-0.8195410146858071,CREB1_pDS269,1.1222260748959778
RBM43,0.008302783833875182,0.04975124378109453,1.335379715932596,CREB1_pDS269,0.0272191400832177
NEB,0.000623018771259757,0.845771144278607,-1.2874879218356345,CREB1_pDS269,0.0032940360610263
AC009506.1,0.0024795570440739917,0.8706467661691543,-1.1571701168990354,CREB1_pDS269,0.0417822468793342
PSMD14,0.022948535645502432,0.7313432835820896,-0.6378735865866119,CREB1_pDS269,1.7910887656033287
SCN9A,0.006450137719274815,0.12437810945273632,1.6316964303920658,CREB1_pDS269,0.0138696255201109
LRP2,0.00016345974831440612,0.5373134328358209,-0.1566245938773397,CREB1_pDS269,0.0079750346740638
SSB,0.024936322346358984,0.7263681592039801,-0.6427117340042401,CREB1_pDS269,3.686719833564494
AC007405.4,0.007357561485450031,0.36318407960199006,0.09058389055434887,CREB1_pDS269,0.0381414701803051
ERICH2,0.0028109490983845467,0.835820895522388,-0.967322587001014,CREB1_pDS269,0.0292995839112343
GAD1,0.04705148708944857,0.0945273631840796,1.3900515022775302,CREB1_pDS269,1.2581484049930651
AC068039.4,0.0001903640423429005,0.34328358208955223,-0.11501756113973409,CREB1_pDS269,0.0041608876560332
AC078883.3,0.00012553866831021833,0.07960199004975124,1.3945593290730545,CREB1_pDS269,0.0017337031900138
AC093818.1,0.005810341977113927,0.6766169154228856,-0.015492873979544644,CREB1_pDS269,0.0142163661581137
NFE2L2,0.018322794335502456,0.4527363184079602,-0.10565755442905071,CREB1_pDS269,0.3597434119278779
RP11-438L19.1,0.0001607406583656634,0.8756218905472637,-0.8533431647240527,CREB1_pDS269,0.0072815533980582
AC008174.3,0.00013108697298266927,0.8059701492537313,-1.384129039110978,CREB1_pDS269,0.0038141470180305
AC097500.2,0.00010687597992037532,0.5522388059701493,-0.19278697948842075,CREB1_pDS269,0.0026005547850208
TFPI,0.005627967823059855,0.746268656716418,-0.7859436470637804,CREB1_pDS269,0.0830443828016643
COL5A2,6.214682711068288e-05,0.9701492537313433,-1.9633800350800348,CREB1_pDS269,0.0026005547850208
ANKAR,0.00011048512199952575,0.08955223880597014,1.3428261846445801,CREB1_pDS269,0.002253814147018
RP11-647K16.1,0.0001218995285103903,0.2885572139303483,0.33739269372828207,CREB1_pDS269,0.0039875173370319
AC093388.3,0.0014681494801112994,0.9203980099502488,-1.9461246850912985,CREB1_pDS269,0.0102288488210818
SDPR,0.0021661782627238105,0.40298507462686567,-0.22027918562566418,CREB1_pDS269,0.0156033287101248
SLC39A10,0.008610361441060317,0.8109452736318408,-0.8334930269372015,CREB1_pDS269,0.1782246879334258
AC020571.3,0.00018252393438445214,0.6766169154228856,-0.604971505372506,CREB1_pDS269,0.0095353675450762
HSPD1,0.024193853226835163,0.5074626865671642,-0.22340843919207626,CREB1_pDS269,8.168515950069349
HSPE1,0.03904913518732832,0.17412935323383086,1.005387287652117,CREB1_pDS269,11.248613037447988
SGOL2,0.04084821722733418,0.03980099502487562,2.6778310012159428,CREB1_pDS269,0.2990638002773925
RP11-469M7.1,0.00024187517704556436,0.8606965174129353,-0.5442967928665778,CREB1_pDS269,0.0050277392510402
CLK1,0.007010704308695415,0.6766169154228856,-0.6198000452523665,CREB1_pDS269,0.0870319001386962
CFLAR,0.00986349572622425,0.9104477611940298,-1.1601668076377725,CREB1_pDS269,0.3777739251040222
CASP8,0.01424837510356025,0.21890547263681592,0.6008349251915011,CREB1_pDS269,0.1173717059639389
STRADB,0.019024305922296446,0.2537313432835821,0.5661875993894221,CREB1_pDS269,0.1745839112343966
RP11-686O6.2,0.0007435197364443467,0.9203980099502488,-0.9509632550909964,CREB1_pDS269,0.0109223300970873
CREB1,0.06907785435235667,0.004975124378109453,8.00821185343918,CREB1_pDS269,0.143377253814147
AC096772.6,7.426715226855421e-05,0.014925373134328358,3.2230550218903975,CREB1_pDS269,0.0038141470180305
PTH2R,0.004163883228709392,0.6019900497512438,-0.22009266777429812,CREB1_pDS269,0.0188973647711511
KANSL1L,0.00014525071872325892,0.5373134328358209,-0.20671722752336844,CREB1_pDS269,0.004507628294036
AC007038.7,3.0039058992314948e-05,0.01990049751243781,2.074812960206832,CREB1_pDS269,0.0292995839112343
MREG,0.0005190294787425067,0.900497512437811,-0.9129220805497184,CREB1_pDS269,0.0161234396671289
RP11-566E18.3,0.0062860869870751575,0.1044776119402985,0.9131189862992865,CREB1_pDS269,0.0123092926490984
IGFBP2,0.02724274747351199,0.004975124378109453,4.538809185727417,CREB1_pDS269,0.0601595006934812
C2orf62,1.7665811419159444e-05,0.43781094527363185,0.00426529109034131,CREB1_pDS269,0.0020804438280166
RP11-378A13.2,0.007332521633146674,0.029850746268656716,1.6827540787023931,CREB1_pDS269,0.0136962552011095
RQCD1,0.004332768608863967,0.9303482587064676,-1.1717501044274619,CREB1_pDS269,0.1392163661581137
STK36,0.006818038577465748,0.12437810945273632,1.6556773262788578,CREB1_pDS269,0.0133495145631067
FEV,0.006536838642936361,0.8905472636815921,-0.9330020833054359,CREB1_pDS269,0.1255201109570041
DNAJB2,0.001032086687620188,0.9104477611940298,-1.2101376621703754,CREB1_pDS269,0.0292995839112343
PTPRN,0.011018866764222658,0.07462686567164178,2.0357679794442767,CREB1_pDS269,0.0211511789181692
GMPPA,0.026802716266995614,0.46766169154228854,-0.23429078785396434,CREB1_pDS269,1.0700416088765603
INHA,0.002906461159420242,0.48258706467661694,-0.4562351068064138,CREB1_pDS269,0.0168169209431345
RP11-16P6.1,0.0001292757702605562,0.024875621890547265,2.1439034793782623,CREB1_pDS269,0.0043342579750346
NCL,0.03639591276103758,0.32338308457711445,0.35854186544525984,CREB1_pDS269,4.949722607489598
PTMA,0.010719316454970334,0.8805970149253731,-1.105527617633612,CREB1_pDS269,34.59812760055478
PER2,0.006154674753227744,0.7164179104477612,-0.3767856071762781,CREB1_pDS269,0.0166435506241331
ANO7,0.0020848673436535195,0.3034825870646766,-0.14464234407843793,CREB1_pDS269,0.0117891816920943
NEU4,0.00021548480069841095,0.6169154228855721,-0.16104807463909243,CREB1_pDS269,0.0031206657420249
ITPR1,0.021066980305434947,0.12935323383084577,1.300657884339896,CREB1_pDS269,0.1738904299583911
AC018816.3,0.0008315738918077805,0.7064676616915423,-0.6625778982547251,CREB1_pDS269,0.0292995839112343
BHLHE40-AS1,0.0006356251613494628,0.2736318407960199,0.3899890856521571,CREB1_pDS269,0.0027739251040221
BHLHE40,0.010750744471779755,0.8208955223880597,-0.8988809137742126,CREB1_pDS269,0.2891816920943134
SETD5-AS1,0.013812287611440599,0.9502487562189055,-1.115056498222184,CREB1_pDS269,0.8183079056865464
PRRT3,0.004842992689806415,0.6517412935323383,0.13640256778029733,CREB1_pDS269,0.0081484049930651
IRAK2,0.00014356658752246362,0.12935323383084577,1.137841665587363,CREB1_pDS269,0.0020804438280166
GHRL,0.00019871322695722368,0.5920398009950248,-0.16629035704967657,CREB1_pDS269,0.0055478502080443
GHRLOS,0.00015957363757898842,0.06965174129353234,-0.060196957037503086,CREB1_pDS269,0.0048543689320388
RPL32,0.007360731596856072,0.7910447761194029,-0.8376920430307907,CREB1_pDS269,0.0292995839112343
FBLN2,0.0001440547996622942,0.31343283582089554,-0.11798892230492447,CREB1_pDS269,0.0039875173370319
LSM3,0.025360869989251626,0.7014925373134329,-0.6767003475645155,CREB1_pDS269,4.834257975034674
SH3BP5-AS1,0.00019738524552856588,0.07462686567164178,-0.06890718861094518,CREB1_pDS269,0.0038141470180305
UBE2E1-AS1,0.00015152231684067378,0.06467661691542288,1.6540928603058944,CREB1_pDS269,0.0026005547850208
RP11-317L10.1,0.01145740033039892,0.024875621890547265,2.7797804387826743,CREB1_pDS269,0.0128294036061026
GPD1L,0.00043144451125351745,0.9253731343283582,-0.8719646650333387,CREB1_pDS269,0.0157766990291262
CMTM6,0.03822515722081698,0.2935323383084577,0.47165653623247195,CREB1_pDS269,1.9348127600554783
DYNC1LI1,0.02323306458621121,0.6268656716417911,-0.4336588905119986,CREB1_pDS269,1.1293342579750347
TMPPE,6.328785712703031e-05,0.09950248756218906,-0.018143747883882285,CREB1_pDS269,0.0027739251040221
RP11-129K12.4,0.00011019961984291585,0.5970149253731343,-0.3573323640482518,CREB1_pDS269,0.0019070735090152
RP11-259K5.2,0.0002282328737841972,0.19900497512437812,-0.39526267298560963,CREB1_pDS269,0.0062413314840499
TTC21A,0.0001834963130566138,0.0945273631840796,1.2898949869067224,CREB1_pDS269,0.0024271844660194
CSRNP1,0.013500360232962753,0.014925373134328358,2.927709921531541,CREB1_pDS269,0.0284327323162274
EIF1B,0.014061070873694424,0.9402985074626866,-1.108824728031569,CREB1_pDS269,1.0455963938973647
RP4-613B23.1,0.0001120896814601235,0.07462686567164178,1.493568205970858,CREB1_pDS269,0.0039875173370319
CCDC13,0.0005009332914358383,0.2537313432835821,-0.4404894058393381,CREB1_pDS269,0.0088418862690707
ACKR2,0.00010205512083980324,0.9850746268656716,-0.33026347078486573,CREB1_pDS269,0.0041608876560332
SNRK,0.00835402468451438,0.417910447761194,-0.053582363809258494,CREB1_pDS269,0.0459431345353675
LINC00694,0.0022431378032807415,0.9154228855721394,-1.3532414151866325,CREB1_pDS269,0.0438626907073509
CDCP1,0.0007430788990484573,0.6119402985074627,-0.44504788282514735,CREB1_pDS269,0.0048543689320388
TMEM158,0.006093184383177496,0.2885572139303483,0.5480389717063463,CREB1_pDS269,0.0149098474341192
SACM1L,0.010984314566765302,0.417910447761194,0.034200266269869384,CREB1_pDS269,0.1144244105409154
FYCO1,0.006408131395932503,0.12437810945273632,1.698498101698703,CREB1_pDS269,0.0161234396671289
LRRC2,5.7839017720180256e-05,0.19900497512437812,0.3968483310124819,CREB1_pDS269,0.0053744798890429
CSPG5,0.0025654100527878047,0.40298507462686567,-0.29819860972935036,CREB1_pDS269,0.0128294036061026
COL7A1,5.9332474417365046e-05,0.6318407960199005,-0.422163557897262,CREB1_pDS269,0.0026005547850208
IP6K2,0.009709127502158688,0.9552238805970149,-1.2212758785564484,CREB1_pDS269,0.5244452149791956
PRKAR2A-AS1,7.470459303046814e-05,0.014925373134328358,2.454706103995816,CREB1_pDS269,0.0020804438280166
KLHDC8B,0.009240911545474679,0.582089552238806,-0.42766758842554015,CREB1_pDS269,0.145631067961165
FAM212A,0.008227646207160752,0.6716417910447762,-0.5830826415124276,CREB1_pDS269,0.1308945908460471
UBA7,0.00037206070092146866,0.1044776119402985,1.2352463854582534,CREB1_pDS269,0.0039875173370319
U73166.2,6.128060765349258e-05,0.4427860696517413,0.36525167354293525,CREB1_pDS269,0.0292995839112343
XXcos-LUCA11.4,0.00048318991905510494,0.06467661691542288,0.06853298882276666,CREB1_pDS269,0.0292995839112343
MANF,0.013217351392423155,0.9402985074626866,-1.2410393043254133,CREB1_pDS269,0.8984049930651873
PPM1M,0.0043763548041388985,0.05472636815920398,2.380548815685381,CREB1_pDS269,0.0093619972260748
ARF4,0.026171225716786792,0.4975124378109453,-0.26761671685050725,CREB1_pDS269,1.117891816920943
PSMD6-AS2,0.00012732225383126745,0.19900497512437812,0.7823213705439742,CREB1_pDS269,0.0029472954230235
MAGI1,0.00026130926349667716,0.7512437810945274,-0.3976339663069042,CREB1_pDS269,0.0084951456310679
EOGT,0.0005976974221231711,0.9253731343283582,-0.9879493187108617,CREB1_pDS269,0.0251386962552011
LMOD3,4.606520586879451e-05,0.03980099502487562,1.6515948465032362,CREB1_pDS269,0.002253814147018
RYBP,0.008777925475843239,0.6965174129353234,-0.5349486508397754,CREB1_pDS269,0.1307212205270457
GXYLT2,0.00043930829461005815,0.945273631840796,-1.659592642754251,CREB1_pDS269,0.0112690707350901
PPP4R2,0.05205522961631999,0.029850746268656716,2.4828197055968992,CREB1_pDS269,0.6192787794729542
ZNF654,0.007043378949781592,0.06965174129353234,1.0878978018547603,CREB1_pDS269,0.0084951456310679
CRYBG3,0.00042426962290708254,0.3333333333333333,-0.4629757238627623,CREB1_pDS269,0.007628294036061
FILIP1L,0.0027358595661719836,0.6169154228855721,-0.4818758921324911,CREB1_pDS269,0.0140429958391123
TMEM45A,6.364088752704214e-05,0.5671641791044776,-0.24694993674226254,CREB1_pDS269,0.0026005547850208
TRMT10C,0.03067626104900529,0.47761194029850745,-0.14002568837977744,CREB1_pDS269,1.6367891816920943
CD47,0.028659696450017258,0.4427860696517413,-0.17997392812201354,CREB1_pDS269,1.6139042995839112
CD96,0.00013163400141896113,0.13432835820895522,-0.1618266259317906,CREB1_pDS269,0.0043342579750346
C3orf52,0.00015813890373641933,0.263681592039801,0.5287401248944628,CREB1_pDS269,0.0036407766990291
KIAA2018,0.004873160721153826,0.8059701492537313,-0.6408154332011216,CREB1_pDS269,0.0306865464632454
ARHGAP31,0.00015124983217845766,0.21890547263681592,-0.056582688230048146,CREB1_pDS269,0.0292995839112343
CD80,7.660899192595783e-05,0.5970149253731343,-0.3910422571568172,CREB1_pDS269,0.0031206657420249
GOLGB1,0.019127398602194094,0.2835820895522388,0.620317374040207,CREB1_pDS269,0.0292995839112343
MYLK-AS1,0.009523310665702172,0.15422885572139303,0.9442762640448459,CREB1_pDS269,0.033633841886269
KALRN,0.004566442716123523,0.4228855721393035,0.28662929992206454,CREB1_pDS269,0.0214979195561719
KLF15,0.0057641712749588615,0.5373134328358209,-0.2988849124242752,CREB1_pDS269,0.0216712898751733
RP11-434H6.7,0.006424414666923656,0.029850746268656716,3.7417094310181738,CREB1_pDS269,0.0057212205270457
HMCES,0.025980281121607756,0.13930348258706468,1.2978611350621163,CREB1_pDS269,0.2434119278779473
H1FX,0.03137989490625813,0.42786069651741293,-0.02279022450730843,CREB1_pDS269,1.352115117891817
RP11-77P16.4,8.104451156134804e-05,0.3781094527363184,-0.18743485679007393,CREB1_pDS269,0.0064147018030513
NEK11,0.00022581812742974332,0.024875621890547265,0.291519385286864,CREB1_pDS269,0.0048543689320388
RP11-102M11.2,0.00020912930405324215,0.06965174129353234,1.6164072512672396,CREB1_pDS269,0.002253814147018
SLC35G2,0.004163763233232326,0.6467661691542289,-0.6490202983867993,CREB1_pDS269,0.0631067961165048
ZBTB38,0.011545578719507786,0.472636815920398,-0.12986641165343155,CREB1_pDS269,0.1255201109570041
TFDP2,0.010118127387976433,0.7213930348258707,-0.7496279694607976,CREB1_pDS269,0.2831137309292649
XRN1,0.014650753512856463,0.06467661691542288,1.5115303315540993,CREB1_pDS269,0.0292995839112343
TRPC1,0.006225939286143472,0.3681592039800995,0.6839140520970767,CREB1_pDS269,0.0097087378640776
C3orf58,0.002501949312643743,0.8009950248756219,-0.8432194200880961,CREB1_pDS269,0.0386615811373092
RP11-538P18.2,0.012756562557698473,0.15422885572139303,1.378492338871131,CREB1_pDS269,0.0483703190013869
TRIM59,0.0007350926365948428,0.9552238805970149,-1.3220614062154992,CREB1_pDS269,0.0268723994452149
RP11-16N11.2,9.613554124239327e-05,0.5074626865671642,-0.13028609816387524,CREB1_pDS269,0.0019070735090152
GOLIM4,0.029149116380782533,0.01990049751243781,2.648734981062273,CREB1_pDS269,0.0292995839112343
SKIL,0.002946850920361122,0.9203980099502488,-1.2310056065080137,CREB1_pDS269,0.0459431345353675
CLDN11,7.680666614618437e-05,0.6268656716417911,-0.3506222355827441,CREB1_pDS269,0.0019070735090152
RPL22L1,0.03893583127512044,0.24378109452736318,0.583918864165653,CREB1_pDS269,1.707004160887656
TNIK,0.013979214560077285,0.42786069651741293,0.02405752365241263,CREB1_pDS269,0.167128987517337
TNFSF10,0.0011600814800995316,0.9800995024875622,-0.9715553287842243,CREB1_pDS269,0.0190707350901525
RP11-114M1.1,0.00037498861508424627,0.15920398009950248,0.9357550649199459,CREB1_pDS269,0.0017337031900138
KCNMB3,0.004057139470239586,0.6716417910447762,-0.07278259346257164,CREB1_pDS269,0.0105755894590846
MFN1,0.007152182363728128,0.27860696517412936,0.49805120387487894,CREB1_pDS269,0.0374479889042995
KLHL24,0.011797465334781355,0.09950248756218906,1.691427223245865,CREB1_pDS269,0.0256588072122052
FAM131A,0.00020292509381748613,0.3482587064676617,-0.39061287625496255,CREB1_pDS269,0.0064147018030513
C3orf70,0.002339605687076447,0.40298507462686567,-0.3675460507926739,CREB1_pDS269,0.0180305131761442
DNAJB11,0.031011745809953927,0.27860696517412936,0.3455165800938725,CREB1_pDS269,0.8704923717059639
RFC4,0.030816019275294686,0.3283582089552239,0.2202311371466439,CREB1_pDS269,0.9051664355062412
RP11-573D15.2,0.00010923462417726367,0.8905472636815921,-1.1799185663280958,CREB1_pDS269,0.0024271844660194
HES1,0.017515316829502425,0.32338308457711445,0.30054131771936105,CREB1_pDS269,0.233876560332871
FAM43A,0.0018787783668627622,0.4527363184079602,-0.4104091621818221,CREB1_pDS269,0.0197642163661581
AC069513.4,0.00034199701179087765,0.03980099502487562,0.103965831189717,CREB1_pDS269,0.0072815533980582
RP11-480A16.1,0.00025353045831533763,0.5323383084577115,-0.38555489288206635,CREB1_pDS269,0.0060679611650485
PIGZ,0.0016781165951260694,0.472636815920398,-0.4952685590838715,CREB1_pDS269,0.0105755894590846
DLG1,0.014318144437350728,0.3880597014925373,0.20076165414393804,CREB1_pDS269,0.0292995839112343
CPLX1,0.0001112166111732036,0.24875621890547264,-0.44597922195247186,CREB1_pDS269,0.0142163661581137
RP11-20I20.4,0.00011518426897527723,0.12935323383084577,1.092124055522055,CREB1_pDS269,0.0026005547850208
RP11-572O17.1,0.007553373451235692,0.263681592039801,0.38032810310734166,CREB1_pDS269,0.0324202496532593
ZBTB49,0.006851891091577368,0.21393034825870647,0.709237202159394,CREB1_pDS269,0.0142163661581137
S100P,0.00046613151516916823,0.014925373134328358,3.6684985470357647,CREB1_pDS269,0.0032940360610263
KIAA0232,0.012630002748618547,0.4228855721393035,0.12644623775639613,CREB1_pDS269,0.116504854368932
BOD1L1,0.02472727136065946,0.0945273631840796,1.5465479091198562,CREB1_pDS269,0.0292995839112343
CPEB2,0.0005313194564863688,0.14925373134328357,0.3171635726306606,CREB1_pDS269,0.0041608876560332
PGM2,0.032570655532183225,0.0945273631840796,1.5097046982666584,CREB1_pDS269,0.2754854368932038
RPL9,0.04644978426172378,0.009950248756218905,4.076458931335417,CREB1_pDS269,24.292995839112344
SMIM14,0.013207809033598198,0.13432835820895522,1.4335271784197943,CREB1_pDS269,0.031380027739251
RHOH,0.03067596830891321,0.07960199004975124,1.5291161317434934,CREB1_pDS269,0.3087725381414701
RP11-121C2.2,0.00018767147384733915,0.1691542288557214,-0.3143562552558031,CREB1_pDS269,0.0064147018030513
RASL11B,0.0011088885056655226,0.9303482587064676,-1.0876736856571971,CREB1_pDS269,0.0232316227461858
CHIC2,0.02287093291367269,0.08955223880597014,1.4221174157737952,CREB1_pDS269,0.1770110957004161
REST,0.004979663684335142,0.9850746268656716,-1.4314612569692464,CREB1_pDS269,0.271497919556172
UBA6-AS1,0.01098081397209304,0.472636815920398,-0.1603675406843557,CREB1_pDS269,0.127253814147018
AREG,0.0006814230252318516,0.4228855721393035,-0.03836434425012699,CREB1_pDS269,0.0050277392510402
CCNG2,0.000513929339359402,0.4079601990049751,-0.5472996513036597,CREB1_pDS269,0.0083217753120665
ANXA3,0.01842447178346927,0.08955223880597014,1.4049891858458234,CREB1_pDS269,0.0976074895977808
LINC01094,0.006304747326875244,0.29850746268656714,0.4183275570298563,CREB1_pDS269,0.0086685159500693
RP11-109G23.3,0.006789934330140166,0.2935323383084577,0.6433155959910266,CREB1_pDS269,0.0289528432732316
LINC01088,0.00011306949036364446,0.34328358208955223,0.4630447640640374,CREB1_pDS269,0.0019070735090152
ANTXR2,0.005418983171418622,0.4577114427860697,0.0352493999242761,CREB1_pDS269,0.0322468793342579
RP11-127B20.2,7.996497344286822e-05,0.5621890547263682,-0.23028667011878975,CREB1_pDS269,0.0052011095700416
HELQ,0.010002417025767082,0.3681592039800995,0.14363853681799965,CREB1_pDS269,0.0709084604715672
AGPAT9,0.0002449487147637025,0.03482587064676617,1.3389531741161493,CREB1_pDS269,0.0069348127600554
ARHGAP24,0.0014006090339892681,0.8805970149253731,-1.0206756119076408,CREB1_pDS269,0.0447295423023578
GRID2,5.3360890576360064e-05,0.05472636815920398,1.7515911426213837,CREB1_pDS269,0.0017337031900138
RP11-571L19.8,6.830561457731808e-05,0.17412935323383086,0.9338543425612609,CREB1_pDS269,0.0024271844660194
PPP3CA,0.0029214502800078116,0.7263681592039801,-0.7914032302395707,CREB1_pDS269,0.0547850208044382
RP11-499E18.1,0.006817948905204675,0.36318407960199006,0.09622249811350679,CREB1_pDS269,0.0320735090152565
SLC9B1,0.00013883377220229448,0.5671641791044776,-0.6607731961641721,CREB1_pDS269,0.0064147018030513
CENPE,0.022941923234946128,0.3283582089552239,0.17682455493110538,CREB1_pDS269,0.4372399445214979
AC004069.2,0.00014022304967750533,0.7761194029850746,-0.8334246339311843,CREB1_pDS269,0.0038141470180305
RPL34-AS1,0.0034102116605066474,0.582089552238806,0.16148454190476721,CREB1_pDS269,0.0069348127600554
RPL34,0.028695519782158486,0.43781094527363185,-0.09165512734369471,CREB1_pDS269,40.1629680998613
COL25A1,9.475933217906964e-05,0.5373134328358209,-0.11746171956599487,CREB1_pDS269,0.0020804438280166
PLA2G12A,0.03385655567551578,0.19900497512437812,0.643206540171528,CREB1_pDS269,0.8732662968099861
GAR1,0.04417770186380662,0.13432835820895522,1.3185484309242232,CREB1_pDS269,0.0292995839112343
METTL14,0.003192189133955408,0.7761194029850746,-0.8248627459669133,CREB1_pDS269,0.0726421636615811
ANXA5,0.01647518896404029,0.7562189054726368,-0.7180673275859788,CREB1_pDS269,0.6229195561719834
CCNA2,0.03330744454269921,0.31840796019900497,0.26810664912034937,CREB1_pDS269,1.2189667128987518
SLC7A11,0.002574323477957343,0.6915422885572139,-0.8368162442944597,CREB1_pDS269,0.0341539528432732
RAB33B,0.0026354965193520247,0.5522388059701493,-0.4150190100235933,CREB1_pDS269,0.0135228848821081
MGST2,0.02567732512286729,0.4577114427860697,-0.0576599250966022,CREB1_pDS269,0.786754507628294
MAML3,0.0019092953663902548,0.7313432835820896,-0.7829455427540162,CREB1_pDS269,0.0235783633841886
RP11-673E1.1,0.0001465604057107761,0.22388059701492538,-0.011405297356505193,CREB1_pDS269,0.0032940360610263
GYPB,0.03373512851826852,0.48756218905472637,-0.17564937061519467,CREB1_pDS269,3.169382801664355
GYPA,0.05577971007442991,0.07960199004975124,1.5915140616186385,CREB1_pDS269,2.873613037447989
ABCE1,0.024223755196241162,0.417910447761194,-0.008648003396337136,CREB1_pDS269,0.0292995839112343
RPS3A,0.013916933959141028,0.6766169154228856,-0.5872745009967322,CREB1_pDS269,32.66626213592233
FHDC1,0.009433090839900687,0.15920398009950248,1.2259788075569014,CREB1_pDS269,0.0218446601941747
PPID,0.021005565852530817,0.6915422885572139,-0.6002072335399834,CREB1_pDS269,0.9058599167822468
MSMO1,0.017700734822334453,0.5074626865671642,-0.2820070413506478,CREB1_pDS269,0.3633841886269071
HMGB2,0.0353859666949011,0.3333333333333333,0.23457074801838984,CREB1_pDS269,6.314320388349515
RP11-798M19.6,0.005691781382948002,0.6019900497512438,-0.18623779567285362,CREB1_pDS269,0.0287794729542302
FBXO8,0.0048307852475067,0.681592039800995,-0.49733167507388804,CREB1_pDS269,0.0292995839112343
IRF2,0.013114878541548976,0.07960199004975124,2.036971953351417,CREB1_pDS269,0.0348474341192787
CASP3,0.012286902131875362,0.4975124378109453,-0.1673893295646475,CREB1_pDS269,0.1581137309292649
CENPU,0.05622258419308853,0.024875621890547265,2.1986951235803076,CREB1_pDS269,0.9325589459084604
ACSL1,0.0004417010309804176,0.7960199004975125,-0.3292217981852988,CREB1_pDS269,0.0052011095700416
RP11-138B4.1,0.00020870054010839082,0.2537313432835821,0.4686126485819249,CREB1_pDS269,0.0048543689320388
RP11-43F13.3,0.00033992903656277206,0.18407960199004975,-0.269504891771578,CREB1_pDS269,0.0071081830790568
SLC6A19,0.006598826479097464,0.5323383084577115,-0.19204227770604695,CREB1_pDS269,0.0381414701803051
CTD-2256P15.4,0.0006001391534359189,0.4079601990049751,0.034874802131154556,CREB1_pDS269,0.0050277392510402
ROPN1L,0.00022938497906807876,0.7562189054726368,-0.7419885881702326,CREB1_pDS269,0.0105755894590846
CTD-2165H16.4,0.00015797642317380963,0.29850746268656714,0.3409780821264157,CREB1_pDS269,0.0038141470180305
ZNF622,0.014730803191501655,0.7064676616915423,-0.619349871205739,CREB1_pDS269,0.4069001386962552
CTD-2203K17.1,7.772118090886837e-05,0.03482587064676617,2.479819787951957,CREB1_pDS269,0.0029472954230235
BRIX1,0.024788365691123287,0.7213930348258707,-0.6595730046748565,CREB1_pDS269,0.0292995839112343
LMBRD2,0.006502121978897947,0.48258706467661694,-0.1207288540152832,CREB1_pDS269,0.0395284327323162
C5orf42,0.00010473051718134734,0.47761194029850745,-0.10170461148172713,CREB1_pDS269,0.0038141470180305
SEPP1,0.0172140170073658,0.5970149253731343,-0.4389048649174761,CREB1_pDS269,0.414875173370319
ANXA2R,0.020190495696749734,0.24875621890547264,0.3639326209605593,CREB1_pDS269,0.2349167822468793
HMGCS1,0.006313022921669713,0.9154228855721394,-1.1063122183079863,CREB1_pDS269,0.2510402219140083
C5orf28,0.009104944380762479,0.5124378109452736,-0.25795992933179446,CREB1_pDS269,0.1135575589459084
PPAP2A,0.0007898312643801524,0.7412935323383084,-0.22858087801776394,CREB1_pDS269,0.0038141470180305
ELOVL7,0.00025167961315087983,0.20398009950248755,0.03613806190939104,CREB1_pDS269,0.0039875173370319
RP11-231G3.1,0.000141995463924858,0.024875621890547265,0.010140604497508325,CREB1_pDS269,0.0050277392510402
CTD-2033C11.1,0.0001446190316761238,0.029850746268656716,2.308066012769331,CREB1_pDS269,0.0038141470180305
CCNB1,0.029761622259844963,0.44776119402985076,-0.07787887385365397,CREB1_pDS269,1.0809639389736476
MAP1B,0.022428949160139454,0.3482587064676617,0.12188041412335253,CREB1_pDS269,0.4649791955617198
RP11-79P5.9,0.00883355521293681,0.19900497512437812,0.7647336373333482,CREB1_pDS269,0.0292995839112343
HEXB,0.011610422432570277,0.736318407960199,-0.7236302814290608,CREB1_pDS269,0.4025658807212205
GFM2,0.02453948280826652,0.024875621890547265,2.5224774527023817,CREB1_pDS269,0.1022884882108183
CTD-2235C13.3,3.0224754901344622e-05,0.2736318407960199,0.5142093813433325,CREB1_pDS269,0.0026005547850208
COL4A3BP,0.011109929900185393,0.6766169154228856,-0.582536594831829,CREB1_pDS269,0.2257281553398058
F2RL1,0.00015915141728442339,0.17412935323383086,0.9450215428523406,CREB1_pDS269,0.0019070735090152
SERINC5,0.004154695252551944,0.6019900497512438,0.12585444145081956,CREB1_pDS269,0.0079750346740638
ATP6AP1L,0.001242183821797617,0.582089552238806,-0.6553177602108538,CREB1_pDS269,0.0128294036061026
RP11-343L5.2,5.655189093717515e-05,0.9900497512437811,-2.5755675735697663,CREB1_pDS269,0.0034674063800277
CTC-480C2.1,7.814553679534445e-05,0.26865671641791045,0.574573038969742,CREB1_pDS269,0.0031206657420249
GPR98,0.0009443369364900304,0.9203980099502488,-1.1045506901620625,CREB1_pDS269,0.0166435506241331
ANKRD32,0.006807858191540639,0.8805970149253731,-1.0190052298503225,CREB1_pDS269,0.1608876560332871
RHOBTB3,0.056800567096727095,0.024875621890547265,2.3797729162665116,CREB1_pDS269,1.3188280166435506
ERAP2,3.0089689036011075e-05,0.6517412935323383,-0.46052847460859503,CREB1_pDS269,0.002253814147018
CTD-2007H13.3,2.2784129000674554e-05,0.6169154228855721,-0.3131709558198964,CREB1_pDS269,0.0019070735090152
GIN1,0.0018764128760774517,0.7412935323383084,-0.8694511425447986,CREB1_pDS269,0.0365811373092926
TMEM232,2.0197656006093532e-05,0.4079601990049751,-0.4644808656473722,CREB1_pDS269,0.0017337031900138
TSLP,0.0005878722449180064,0.472636815920398,-0.039865836195648735,CREB1_pDS269,0.0043342579750346
STARD4,0.015238919717514869,0.0945273631840796,1.2930585039784588,CREB1_pDS269,0.0546116504854368
EPB41L4A,0.0019632031027642855,0.7014925373134329,-0.7999327806726821,CREB1_pDS269,0.0292995839112343
DCP2,0.026057031530651812,0.29850746268656714,0.34290814671928355,CREB1_pDS269,0.4790221914008322
MCC,2.2280432070633205e-05,0.5771144278606966,-0.40637414363745256,CREB1_pDS269,0.0019070735090152
PGGT1B,0.013814687392495981,0.23880597014925373,0.8175269134874656,CREB1_pDS269,0.065880721220527
TMED7,0.031505422171893206,0.014925373134328358,2.4819465799808276,CREB1_pDS269,0.1688626907073509
DTWD2,0.013440838061914045,0.009950248756218905,3.586162496618986,CREB1_pDS269,0.0182038834951456
DMXL1,0.014053306971704664,0.19402985074626866,0.9158238052604607,CREB1_pDS269,0.0818307905686546
ZNF608,8.11499086768197e-05,0.373134328358209,-0.059771932480032985,CREB1_pDS269,0.0046809986130374
MARCH3,0.005917312751202166,0.7562189054726368,-0.7223084405585503,CREB1_pDS269,0.0683079056865464
P4HA2,0.0017182689862788626,0.9054726368159204,-1.0097456064829025,CREB1_pDS269,0.0438626907073509
PDLIM4,0.001896317143473063,0.8855721393034826,-0.9943749109164309,CREB1_pDS269,0.0471567267683772
SLC22A5,0.0002389496725112886,0.6517412935323383,-1.1178362840149192,CREB1_pDS269,0.0086685159500693
KIF3A,0.003286718516148432,0.7661691542288557,-0.8343438039608555,CREB1_pDS269,0.0826976421636615
PPP2CA,0.01634981282883515,0.8208955223880597,-0.9209232821859323,CREB1_pDS269,1.0594660194174756
RP11-215P8.3,6.6839547207196e-05,0.23880597014925373,0.6027419953580353,CREB1_pDS269,0.0027739251040221
SMAD5-AS1,3.655694827494015e-05,0.5024875621890548,-0.07602109143034476,CREB1_pDS269,0.0017337031900138
REEP2,0.0005478479531963105,0.18407960199004975,-0.10671389754418044,CREB1_pDS269,0.0034674063800277
EGR1,0.019411131262453824,0.12935323383084577,1.4958756392378474,CREB1_pDS269,0.1021151178918169
TMEM173,0.0032033825189048473,0.5920398009950248,-0.5368616423210331,CREB1_pDS269,0.02375173370319
ANKHD1,0.009414366545307945,0.43283582089552236,-0.04454926695734388,CREB1_pDS269,0.0806171983356449
IK,0.012109484703223981,0.9502487562189055,-1.2215770709536682,CREB1_pDS269,0.8216019417475728
TAF7,0.013008574384256658,0.8407960199004975,-0.8710422196746906,CREB1_pDS269,0.4065533980582524
FCHSD1,0.0056205084652227975,0.22885572139303484,0.7665068769573588,CREB1_pDS269,0.0173370319001386
SPRY4,0.0007010894715154604,0.9950248756218906,-1.5804182709980448,CREB1_pDS269,0.0209778085991678
NR3C1,0.012040889800740024,0.3034825870646766,0.2713902327658256,CREB1_pDS269,0.0936199722607489
ANXA6,0.010268720594564367,0.7213930348258707,-0.7486560674531326,CREB1_pDS269,0.2739251040221914
FAXDC2,0.0006965753677751976,0.8656716417910447,-0.8914013171701537,CREB1_pDS269,0.0161234396671289
FABP6,0.0067395810889098445,0.736318407960199,-0.7075776785013977,CREB1_pDS269,0.085124826629681
SLU7,0.024343017194078567,0.23880597014925373,0.6113809612380955,CREB1_pDS269,0.3411927877947295
PTTG1,0.04904205863162229,0.1044776119402985,1.346547240401811,CREB1_pDS269,2.8982316227461857
GABRG2,0.0055335200332923724,0.736318407960199,0.029617835302103674,CREB1_pDS269,0.0135228848821081
HMMR,0.030490471641384242,0.17412935323383086,1.0828483241363538,CREB1_pDS269,0.3892163661581137
MAT2B,0.011094304909002798,0.5572139303482587,-0.42345674824989143,CREB1_pDS269,0.2189667128987517
NPM1,0.013387155528816667,0.8308457711442786,-0.9361345193088464,CREB1_pDS269,23.49930651872399
UBTD2,0.0011256242019539037,0.48756218905472637,-0.5599211827964511,CREB1_pDS269,0.0154299583911234
DUSP1,0.005112346904765521,0.5024875621890548,-0.30669147489710746,CREB1_pDS269,0.0457697642163661
CTC-308K20.1,0.00011368459479176199,0.7611940298507462,-0.17226480054882132,CREB1_pDS269,0.0031206657420249
CREBRF,0.005619291800893359,0.23383084577114427,0.6689605121766223,CREB1_pDS269,0.0133495145631067
BNIP1,0.01327776944867543,0.5771144278606966,-0.363562553911558,CREB1_pDS269,0.2064840499306518
CPEB4,0.021507292864655317,0.11940298507462686,1.3037789049979776,CREB1_pDS269,0.1302011095700416
RP11-844P9.2,0.01176750246824664,0.5373134328358209,-0.3288025862810752,CREB1_pDS269,0.1777045769764216
RP11-1277A3.3,0.0002285182899492474,0.16417910447761194,-0.2824693074437875,CREB1_pDS269,0.0292995839112343
ZNF354B,0.008714959203806924,0.13432835820895522,0.8079402760225495,CREB1_pDS269,0.0190707350901525
HNRNPH1,0.04438783489609832,0.024875621890547265,2.531713763645024,CREB1_pDS269,0.3339112343966713
SQSTM1,0.03553272130958959,0.11442786069651742,1.2422638621764792,CREB1_pDS269,0.5589459084604715
BTNL9,0.00028687242904547355,0.27860696517412936,-0.38120551546891857,CREB1_pDS269,0.0083217753120665
TRIM7,0.011021673522631734,0.18407960199004975,0.8464909265079763,CREB1_pDS269,0.0575589459084604
CTC-338M12.6,5.6063024766683884e-05,0.2537313432835821,0.7157279395840475,CREB1_pDS269,0.0027739251040221
TRIM52,0.0014715895280214047,0.7213930348258707,-0.7990427478784294,CREB1_pDS269,0.0221914008321775
EXOC2,0.009296552317607735,0.5771144278606966,-0.3937772520204574,CREB1_pDS269,0.1340152565880721
SERPINB9,0.007039200159001057,0.42786069651741293,-0.1762656623409872,CREB1_pDS269,0.0292995839112343
NQO2,0.019261726308702997,0.7611940298507462,-0.8097181227174489,CREB1_pDS269,1.119625520110957
RP1-40E16.12,0.0075416987003957894,0.472636815920398,-0.2189902036805876,CREB1_pDS269,0.0610263522884882
TUBB2A,0.009177736643900024,0.7213930348258707,-0.7343234794224119,CREB1_pDS269,0.1849861303744799
TUBB2B,0.01818149553370974,0.3383084577114428,0.40114900281155064,CREB1_pDS269,0.1811719833564493
RP1-80N2.3,0.00016640892998575566,0.01990049751243781,0.010430012919137263,CREB1_pDS269,0.0292995839112343
RREB1,0.015990640405018575,0.23880597014925373,0.6045241319275064,CREB1_pDS269,0.1534327323162274
SNRNP48,0.008320598873690582,0.9303482587064676,-1.0875192952321822,CREB1_pDS269,0.3921636615811373
RP11-421M1.8,4.924229544037843e-05,0.7164179104477612,-0.6245930660679629,CREB1_pDS269,0.0029472954230235
HIVEP1,0.001737618384902959,0.7960199004975125,-1.0177446720100853,CREB1_pDS269,0.0353675450762829
PHACTR1,0.004188598690299073,0.8308457711442786,-1.0708336319367395,CREB1_pDS269,0.0292995839112343
CD83,0.002244092999926516,0.472636815920398,-0.46231256750626276,CREB1_pDS269,0.0147364771151178
JARID2,0.009390734154081487,0.6766169154228856,-0.5814950121685616,CREB1_pDS269,0.1647018030513176
JARID2-AS1,8.761757693659318e-05,0.4129353233830846,0.14303021616137093,CREB1_pDS269,0.0019070735090152
GMPR,0.050962227188580365,0.06467661691542288,1.803619817711925,CREB1_pDS269,0.8444868238557559
FAM8A1,0.00941439166548461,0.2835820895522388,0.34508708993161497,CREB1_pDS269,0.0625866851595007
SOX4,0.011334687257320371,0.7213930348258707,-0.6930649642377144,CREB1_pDS269,0.2734049930651872
GMNN,0.03718954647863431,0.3781094527363184,0.13615089236085215,CREB1_pDS269,2.337378640776699
RP11-367G6.3,0.0006649477084541606,0.18407960199004975,0.056817164729502566,CREB1_pDS269,0.0053744798890429
TRIM38,0.0020414339262825975,0.9651741293532339,-1.082114431594213,CREB1_pDS269,0.0643203883495145
HIST1H1C,0.05378241074503608,0.2935323383084577,0.30819835453612504,CREB1_pDS269,11.641643550624131
HIST1H4C,0.06246007858118383,0.12437810945273632,1.1540642365474536,CREB1_pDS269,15.146151178918169
HIST1H2BC,0.017653472326891517,0.6616915422885572,-0.5776100268454396,CREB1_pDS269,0.4873439667128987
HIST1H2AC,0.04167818956312919,0.34328358208955223,0.20658250354639904,CREB1_pDS269,2.095873786407767
HIST1H2BD,0.028088555469390836,0.12437810945273632,1.2811724213734448,CREB1_pDS269,0.2475728155339805
HIST1H4D,8.174947841215465e-05,0.7910447761194029,-0.8520181292027781,CREB1_pDS269,0.0024271844660194
HIST1H3D,0.01747774456927115,0.19402985074626866,0.6837106214557638,CREB1_pDS269,0.1440707350901525
HIST1H4E,0.0024411708734480837,0.9651741293532339,-1.3178081241381625,CREB1_pDS269,0.0639736477115117
HIST1H2AE,0.015080329644079075,0.4577114427860697,-0.13581575678166655,CREB1_pDS269,0.1853328710124826
HIST1H1D,0.00624097257147119,0.8308457711442786,-0.8740697729478769,CREB1_pDS269,0.1849861303744799
HIST1H4H,0.008127509778998133,0.9900497512437811,-1.4089463410759053,CREB1_pDS269,0.2688973647711511
BTN2A2,0.008891451706854563,0.13930348258706468,0.8847141309075536,CREB1_pDS269,0.0362343966712898
HIST1H2BJ,0.07341259521506889,0.01990049751243781,2.6736840927387373,CREB1_pDS269,1.676490984743412
HIST1H2BK,0.03103702819937114,0.5671641791044776,-0.3992303588223409,CREB1_pDS269,23.19504160887656
HIST1H2BL,4.818898025052327e-05,0.46766169154228854,0.013418657741055042,CREB1_pDS269,0.0292995839112343
HIST1H2AK,6.287335842016388e-05,0.23880597014925373,0.7572316785103189,CREB1_pDS269,0.0031206657420249
ZNF165,0.0057260340032510805,0.17412935323383086,1.1873075335502359,CREB1_pDS269,0.0156033287101248
ZNF311,0.006090525128160326,0.24875621890547264,1.223000156390897,CREB1_pDS269,0.0112690707350901
RPP21,0.020308971295004072,0.11940298507462686,1.3112139420260023,CREB1_pDS269,0.1608876560332871
HLA-E,0.013837762983030043,0.3034825870646766,0.469872142084308,CREB1_pDS269,0.1031553398058252
PPP1R18,0.016705793254572703,0.746268656716418,-0.7555006307362501,CREB1_pDS269,0.8904299583911235
NRM,0.01215330331404265,0.5323383084577115,-0.34951904813700424,CREB1_pDS269,0.1662621359223301
TUBB,0.034311702670169204,0.36318407960199006,0.11739557739947092,CREB1_pDS269,9.041955617198337
IER3,0.010042966818527104,0.38308457711442784,0.12859069599276876,CREB1_pDS269,0.0993411927877947
DDX39B-AS1,4.047410745332628e-05,0.9751243781094527,-2.739902986895116,CREB1_pDS269,0.0019070735090152
LTB,0.009737017762041994,0.263681592039801,0.502777016718686,CREB1_pDS269,0.0700416088765603
LST1,0.015181242661005914,0.14925373134328357,1.1612894772125546,CREB1_pDS269,0.1048890429958391
NCR3,0.00748890806873467,0.2885572139303483,0.2928466059149103,CREB1_pDS269,0.0417822468793342
AIF1,0.02490145564075413,0.24378109452736318,0.49760506596302007,CREB1_pDS269,0.5301664355062413
CLIC1,0.04866979337766917,0.04477611940298507,2.326080833620747,CREB1_pDS269,7.966192787794729
HSPA1A,0.023914013754371865,0.23383084577114427,0.5594709546236165,CREB1_pDS269,0.3164008321775312
C6orf48,0.05793086000420517,0.04477611940298507,2.1381419506916557,CREB1_pDS269,4.032246879334258
NEU1,0.01646739105583494,0.4427860696517413,-0.17749535310297873,CREB1_pDS269,0.2900485436893203
FKBPL,0.025516397540380865,0.0945273631840796,1.2280295892169872,CREB1_pDS269,0.0292995839112343
PPT2-EGFL8,0.00012973849538975746,0.06467661691542288,-0.1857389431031634,CREB1_pDS269,0.0041608876560332
EGFL8,0.00012942876933329738,0.19900497512437812,-0.2715808859045451,CREB1_pDS269,0.0062413314840499
HLA-DOB,4.6296334614643724e-05,0.8656716417910447,-1.0272824653301271,CREB1_pDS269,0.002253814147018
BRD2,0.022571110443987897,0.5671641791044776,-0.285182512766,CREB1_pDS269,0.8200416088765603
RPS18,0.028693234652500465,0.004975124378109453,4.6514972183733425,CREB1_pDS269,154.12187933425798
SCUBE3,0.00010556368751224694,0.05970149253731343,1.7634275134656014,CREB1_pDS269,0.0017337031900138
PPARD,0.004361636896841579,0.8756218905472637,-1.0019309073895146,CREB1_pDS269,0.0365811373092926
CDKN1A,0.0008974942978691294,0.5870646766169154,-0.3625950312923308,CREB1_pDS269,0.0050277392510402
PIM1,0.014075858034937268,0.7412935323383084,-0.7861210059275578,CREB1_pDS269,0.4868238557558946
TMEM217,0.0026321219558961637,0.7164179104477612,-0.8194060631549761,CREB1_pDS269,0.018377253814147
ZFAND3,0.00818538813821329,0.5522388059701493,-0.32769531585030354,CREB1_pDS269,0.1407766990291262
DNAH8,0.0001024087674938355,0.5472636815920398,-0.37888166678294255,CREB1_pDS269,0.0058945908460471
FRS3,0.00037753512700841303,0.05472636815920398,-0.08166993783228096,CREB1_pDS269,0.0071081830790568
PRICKLE4,0.0009854039970323331,0.7114427860696517,-0.7677783259489736,CREB1_pDS269,0.026005547850208
GNMT,4.839299004270875e-05,0.1691542288557214,0.7992674589389058,CREB1_pDS269,0.0026005547850208
PEX6,0.00869538418400976,0.27860696517412936,0.33792072419991037,CREB1_pDS269,0.0292995839112343
HSP90AB1,0.03249063861429896,0.19900497512437812,0.9372305950314923,CREB1_pDS269,12.739424410540916
TNFRSF21,3.660281472719876e-05,0.11442786069651742,1.2181085645076528,CREB1_pDS269,0.0019070735090152
RHAG,0.00908873379548396,0.9552238805970149,-1.20816834861625,CREB1_pDS269,0.4526699029126214
GSTA2,0.0002675333753159313,0.263681592039801,-0.1875084876113351,CREB1_pDS269,0.0039875173370319
ICK,0.002141440460056796,0.7562189054726368,-0.9087629546346963,CREB1_pDS269,0.049757281553398
XXbac-BPGBPG55C20.2,0.00042904600975615637,0.024875621890547265,1.8317171708791193,CREB1_pDS269,0.0043342579750346
FKBP1C,5.167756060664143e-05,0.03482587064676617,2.6968873359679244,CREB1_pDS269,0.0019070735090152
RP11-301G19.1,0.03405708914403637,0.42786069651741293,-0.012914685830389733,CREB1_pDS269,3.652739251040222
RP11-542F9.1,0.00015893909970204366,0.39303482587064675,0.13269855330962943,CREB1_pDS269,0.0026005547850208
LMBRD1,0.00368868462500717,0.8159203980099502,-1.0716892505380586,CREB1_pDS269,0.0292995839112343
MB21D1,0.0001354666467322579,0.07462686567164178,1.5011642968281855,CREB1_pDS269,0.0029472954230235
SH3BGRL2,0.007156930984993043,0.2835820895522388,0.6987141733329184,CREB1_pDS269,0.0292995839112343
ME1,0.0063394211531961585,0.7960199004975125,-0.8819013387893662,CREB1_pDS269,0.1050624133148405
RP11-393I2.4,0.00018016216041258926,0.47761194029850745,-0.8355824516131488,CREB1_pDS269,0.0292995839112343
SLC35A1,0.012221769787486377,0.24875621890547264,0.8264232598980146,CREB1_pDS269,0.0570388349514563
PNRC1,0.007287150559763347,0.6069651741293532,-0.4317722236740069,CREB1_pDS269,0.0799237170596394
RRAGD,0.015731722748612856,0.16417910447761194,1.0223302139054653,CREB1_pDS269,0.0847780859916782
MANEA-AS1,0.00760703059495906,0.12935323383084577,1.0418651564115904,CREB1_pDS269,0.0173370319001386
MMS22L,0.015862542189239055,0.2935323383084577,0.3160160978778291,CREB1_pDS269,0.0292995839112343
RP11-98I9.4,0.004101774747794747,0.5223880597014925,0.3749247902732864,CREB1_pDS269,0.0088418862690707
TSTD3,0.004914000026981686,0.7213930348258707,-0.6858171182448997,CREB1_pDS269,0.0826976421636615
RP3-467N11.1,0.006171015690458612,0.3880597014925373,0.06813166791324438,CREB1_pDS269,0.0292995839112343
AIM1,0.021705823928083113,0.004975124378109453,3.6738650669538133,CREB1_pDS269,0.0360610263522884
AK9,0.0013311117547148213,0.8507462686567164,-1.3286296842888035,CREB1_pDS269,0.0100554785020804
KIAA1919,0.004758744142764312,0.6915422885572139,-0.34781221363031456,CREB1_pDS269,0.0332871012482662
HDAC2,0.022437096032918206,0.8059701492537313,-0.8545960418398589,CREB1_pDS269,1.714632454923717
DSE,0.00015639467974089573,0.3781094527363184,-0.4230443996914414,CREB1_pDS269,0.0038141470180305
TSPYL1,0.0009299723405838066,0.8855721393034826,-0.9443975551208611,CREB1_pDS269,0.0273925104022191
KPNA5,0.00873390633132009,0.22885572139303484,0.4580541411146149,CREB1_pDS269,0.0407420249653259
CEP85L,0.004505294299265993,0.5970149253731343,-0.48319870891074934,CREB1_pDS269,0.0542649098474341
SERINC1,0.01836865907337882,0.12437810945273632,1.1314519712052657,CREB1_pDS269,0.1248266296809986
SMPDL3A,0.005128078501791785,0.472636815920398,0.16442824430092579,CREB1_pDS269,0.0162968099861303
TRDN,6.952167382872651e-05,0.945273631840796,-0.36356614719215025,CREB1_pDS269,0.0095353675450762
RPS12,0.02253555368927429,0.014925373134328358,2.9139506236772337,CREB1_pDS269,87.85176837725382
SGK1,0.008663577421430264,0.09950248756218906,1.2390438259947862,CREB1_pDS269,0.0211511789181692
IFNGR1,0.011574376621292034,0.472636815920398,-0.0755297714207378,CREB1_pDS269,0.1140776699029126
CCDC28A,0.010273785696803272,0.48756218905472637,-0.2110678412709431,CREB1_pDS269,0.1302011095700416
REPS1,0.0072026268609164746,0.6865671641791045,-0.597185894971897,CREB1_pDS269,0.1199722607489597
CITED2,0.07709188720305657,0.009950248756218905,2.896018869840236,CREB1_pDS269,1.3867891816920943
RP1-20N2.6,3.670482200906283e-05,0.11940298507462686,1.0457550960679705,CREB1_pDS269,0.0019070735090152
PHACTR2,0.017825193834479978,0.1691542288557214,0.9203603425810527,CREB1_pDS269,0.1071428571428571
EPM2A,0.003331547951706434,0.43781094527363185,0.03019336768010385,CREB1_pDS269,0.0135228848821081
RP3-466P17.1,4.816677110189196e-05,0.6218905472636815,-0.37392601245602763,CREB1_pDS269,0.0027739251040221
PPP1R14C,0.0044550760192963584,0.527363184079602,-0.10394960020913954,CREB1_pDS269,0.0157766990291262
FBXO5,0.02345988620834069,0.20398009950248755,0.7382236129146617,CREB1_pDS269,0.2602288488210818
SNX9,0.034385978274772674,0.03482587064676617,2.030077575308636,CREB1_pDS269,0.2969833564493758
SERAC1,0.0017130220384042713,0.39800995024875624,-0.36161130764282823,CREB1_pDS269,0.0161234396671289
EZR,0.023615098471674038,0.3880597014925373,0.04371076464713765,CREB1_pDS269,0.5038141470180305
C6orf99,0.0007386544439437817,0.8507462686567164,-0.8469934488455282,CREB1_pDS269,0.0149098474341192
ACAT2,0.04163411473811997,0.263681592039801,0.471724870942941,CREB1_pDS269,3.1288141470180304
CAHM,0.0005813190130453759,0.835820895522388,-0.8881488051291705,CREB1_pDS269,0.0180305131761442
QKI,0.017834152910272065,0.2835820895522388,0.363475982628561,CREB1_pDS269,0.0292995839112343
RP1-168L15.5,9.763573432698519e-05,0.6417910447761194,-0.10255189760876403,CREB1_pDS269,0.0292995839112343
RNASET2,0.019068555329169203,0.4577114427860697,-0.19623991063636878,CREB1_pDS269,0.4093273231622746
ERMARD,0.006733370783951235,0.21890547263681592,0.5513548700376212,CREB1_pDS269,0.0246185852981969
RP11-449P15.2,0.00032095183500993076,0.19402985074626866,0.9234772440979668,CREB1_pDS269,0.0017337031900138
AC074389.5,8.239882765902346e-05,0.3034825870646766,-0.24997348283657025,CREB1_pDS269,0.0086685159500693
MAD1L1,0.03928638914698952,0.03980099502487562,2.207919828750178,CREB1_pDS269,0.3788141470180305
FOXK1,0.00596217530117378,0.7263681592039801,-0.7153770034087359,CREB1_pDS269,0.0934466019417475
ACTB,0.04615987612400272,0.03482587064676617,2.8412670098424617,CREB1_pDS269,17.44382801664355
FAM220A,0.0011207417354795266,0.5572139303482587,-0.6142604390161138,CREB1_pDS269,0.0136962552011095
TSPAN13,0.050453142722804684,0.06467661691542288,1.9679465742220643,CREB1_pDS269,0.6827323162274619
SP4,0.002393781091743997,0.44776119402985076,-0.4919042067889842,CREB1_pDS269,0.0162968099861303
KLHL7,0.009738394375156348,0.6567164179104478,-0.6209644462668815,CREB1_pDS269,0.2130721220527045
DFNA5,0.017025105706647125,0.46766169154228854,-0.2089244011855939,CREB1_pDS269,0.2869278779472954
NFE2L3,0.01939499132051515,0.01990049751243781,3.042243294344036,CREB1_pDS269,0.0454230235783633
HNRNPA2B1,0.02155140949785138,0.5920398009950248,-0.4333836402656102,CREB1_pDS269,9.259535367545077
HOTAIRM1,0.005949929582302105,0.835820895522388,-0.9563356964385186,CREB1_pDS269,0.151005547850208
HOXA6,3.0716082690293695e-05,0.5373134328358209,0.3576400371502537,CREB1_pDS269,0.0019070735090152
ZNRF2,0.00012696321930247625,0.03482587064676617,2.059327949013446,CREB1_pDS269,0.0038141470180305
NOD1,0.005433397174210174,0.29850746268656714,0.6035777995964423,CREB1_pDS269,0.0100554785020804
RALA,0.0272296186443244,0.3880597014925373,0.02949770964627587,CREB1_pDS269,0.993238557558946
RP11-467D6.1,0.005298147086065699,0.1890547263681592,1.473665478591127,CREB1_pDS269,0.007628294036061
STK17A,0.02541191406950075,0.03980099502487562,2.1090906059485697,CREB1_pDS269,0.1461511789181692
AC004854.4,8.247760406804114e-05,0.2935323383084577,0.5025838963457919,CREB1_pDS269,0.0029472954230235
UPP1,0.0005823359740921585,0.8308457711442786,-1.051287261879292,CREB1_pDS269,0.012135922330097
PSPH,0.015017576270443643,0.4129353233830846,-0.04727307740076631,CREB1_pDS269,0.233009708737864
SUMF2,0.014401816582117824,0.5223880597014925,-0.2566864957632739,CREB1_pDS269,0.2610957004160887
ZNF680,0.00458570508442195,0.7761194029850746,-0.8333327699908725,CREB1_pDS269,0.0622399445214979
ERV3-1,0.03825009550684141,0.03482587064676617,2.298600892574544,CREB1_pDS269,0.2505201109570041
RP11-792A8.4,0.008979189320806595,0.6069651741293532,-0.48008216026640954,CREB1_pDS269,0.1797850208044382
HIP1,0.006688023474052531,0.2736318407960199,0.7371653413636797,CREB1_pDS269,0.0292995839112343
RHBDD2,0.0029831596923273153,0.9751243781094527,-1.380723486246839,CREB1_pDS269,0.159500693481276
GSAP,0.0001144851677497087,0.6517412935323383,-0.30905712162947824,CREB1_pDS269,0.0069348127600554
GATAD1,0.032632821356817124,0.024875621890547265,2.0679761061616615,CREB1_pDS269,0.1905339805825242
GNGT1,0.00010308606543320537,0.1791044776119403,0.9798587922160513,CREB1_pDS269,0.004507628294036
CASD1,0.006935111349557809,0.32338308457711445,0.20000355328218514,CREB1_pDS269,0.018377253814147
ASNS,0.056695257276242646,0.004975124378109453,4.2326328283518375,CREB1_pDS269,0.3157073509015257
AC004893.11,5.762505160262193e-05,0.8208955223880597,-0.17624849242811874,CREB1_pDS269,0.0032940360610263
GS1-259H13.2,0.003968026451203351,0.572139303482587,-0.11678581706954282,CREB1_pDS269,0.0086685159500693
CYP3A5,0.001261583572783456,0.9601990049751243,-1.0892499362669128,CREB1_pDS269,0.0327669902912621
AP4M1,0.0032210316362905615,0.7960199004975125,-0.8832727798762069,CREB1_pDS269,0.0755894590846047
ZCWPW1,0.005875975984752971,0.39800995024875624,0.5731376426505534,CREB1_pDS269,0.0095353675450762
TSC22D4,0.006183475701707166,0.9104477611940298,-1.2059542465523132,CREB1_pDS269,0.2376907073509015
LRCH4,0.0071321496024162375,0.6666666666666666,-0.5702082730363909,CREB1_pDS269,0.0816574202496532
RP11-126L15.4,0.00011351481604716998,0.07960199004975124,1.4523540943855924,CREB1_pDS269,0.0019070735090152
MUC12,0.0013637132051423566,0.3034825870646766,0.11870997795051587,CREB1_pDS269,0.0052011095700416
SERPINE1,0.0008563356125381654,0.12437810945273632,1.1537239425949588,CREB1_pDS269,0.0060679611650485
VGF,0.02202822520454452,0.014925373134328358,2.6667580980991987,CREB1_pDS269,0.108876560332871
CLDN15,0.0022171543111445553,0.9402985074626866,-1.1113035952170107,CREB1_pDS269,0.0606796116504854
RELN,0.010062078267841803,0.6716417910447762,-0.5935212250940644,CREB1_pDS269,0.2297156726768377
RP11-251G23.5,9.343027376230545e-05,0.6865671641791045,-0.5453706040888529,CREB1_pDS269,0.0024271844660194
CCDC71L,0.004510016149174246,0.9701492537313433,-1.1605462298716083,CREB1_pDS269,0.2179264909847434
PIK3CG,0.009073231567521472,0.06467661691542288,1.3751187287343707,CREB1_pDS269,0.0190707350901525
HBP1,0.022612934279805704,0.024875621890547265,2.461046765991705,CREB1_pDS269,0.0731622746185853
DLD,0.04389583543121841,0.14925373134328357,1.1600426357615234,CREB1_pDS269,0.9283980582524272
CTB-13F3.1,5.599541900029047e-05,0.5422885572139303,-0.26920990267050826,CREB1_pDS269,0.0017337031900138
PNPLA8,0.011773697856800594,0.16417910447761194,0.8014610648515267,CREB1_pDS269,0.0601595006934812
THAP5,0.005991571870441243,0.5472636815920398,-0.1887315231517062,CREB1_pDS269,0.0568654646324549
DNAJB9,0.011463107726250713,0.4228855721393035,-0.06437797191831932,CREB1_pDS269,0.1178918169209431
LSMEM1,0.0009991440959039293,0.3034825870646766,0.4513545550295925,CREB1_pDS269,0.0031206657420249
LINC00998,0.0194958803192481,0.8059701492537313,-0.8922332013366652,CREB1_pDS269,1.0157766990291262
TES,0.004392820941131092,0.9751243781094527,-1.3680884277482392,CREB1_pDS269,0.09500693481276
MET,0.00016365736932294863,0.3283582089552239,0.24498250868446103,CREB1_pDS269,0.0019070735090152
POT1-AS1,6.136672740901983e-05,0.6268656716417911,-0.44840059531151755,CREB1_pDS269,0.002253814147018
ZNF800,0.008253310353520374,0.746268656716418,-0.7158813053076636,CREB1_pDS269,0.1463245492371706
CCDC136,0.003135153107786391,0.8507462686567164,-0.9711525306957883,CREB1_pDS269,0.0865117891816921
SMO,0.00019758317261881216,0.3383084577114428,-0.4319335583902982,CREB1_pDS269,0.0071081830790568
STRIP2,0.004580440411609148,0.8109452736318408,-0.7544839846550604,CREB1_pDS269,0.0097087378640776
RP11-448A19.1,0.007630412208440159,0.029850746268656716,1.8484220452218971,CREB1_pDS269,0.0140429958391123
UBE2H,0.023752666947936308,0.024875621890547265,2.52206455894327,CREB1_pDS269,0.0885922330097087
LINC-PINT,0.0014999916073948428,0.7611940298507462,-0.8736206261436459,CREB1_pDS269,0.0292995839112343
KDM7A,0.0019849048465693056,0.8606965174129353,-1.0790479355808658,CREB1_pDS269,0.0254854368932038
AGK,0.025930544554019577,0.04477611940298507,2.438765650457136,CREB1_pDS269,0.1145977808599167
RP5-894A10.2,0.000415362026579823,0.7562189054726368,-0.4409565353967507,CREB1_pDS269,0.0292995839112343
PRSS1,0.031072706152105098,0.08955223880597014,1.5151596566403,CREB1_pDS269,0.3087725381414701
EPHB6,0.0032927003821524555,0.9154228855721394,-1.0910130885404279,CREB1_pDS269,0.1113037447988904
AC093673.5,0.0015916402243193652,0.6467661691542289,-0.6055686194146968,CREB1_pDS269,0.0162968099861303
ZYX,0.006015837420186785,0.7064676616915423,-0.6681102248502118,CREB1_pDS269,0.1147711511789181
EPHA1-AS1,7.697904681812893e-05,0.34328358208955223,0.2799741308578809,CREB1_pDS269,0.002253814147018
FAM115A,0.011415561661830637,0.417910447761194,-0.011727075372810371,CREB1_pDS269,0.0292995839112343
ZNF425,9.813288726426242e-05,0.03482587064676617,-0.01870281619895204,CREB1_pDS269,0.0292995839112343
INSIG1,0.019049503958757052,0.6169154228855721,-0.4680903197683148,CREB1_pDS269,0.6955617198335645
MNX1-AS2,4.895310647169496e-05,0.7014925373134329,-0.6459801373848758,CREB1_pDS269,0.0027739251040221
RP11-706O15.1,0.006367243889233926,0.582089552238806,-0.37614774388067385,CREB1_pDS269,0.0745492371705963
TMSB4X,0.029814473681128627,0.17412935323383086,1.0002087611403498,CREB1_pDS269,22.10107489597781
RAB9A,0.010916298393055286,0.6268656716417911,-0.5028593898504966,CREB1_pDS269,0.0292995839112343
PIGA,0.00211072277148124,0.5472636815920398,-0.659023675149574,CREB1_pDS269,0.0239251040221914
ZRSR2,0.00867481627404621,0.4975124378109453,-0.15614434110626071,CREB1_pDS269,0.0835644937586685
AP1S2,0.013601061629057012,0.48258706467661694,-0.3043264877981048,CREB1_pDS269,0.2366504854368932
CXorf23,0.0011018695376509178,0.9104477611940298,-1.0287482923635693,CREB1_pDS269,0.0140429958391123
SAT1,0.008216661245170688,0.8407960199004975,-0.8922275410447295,CREB1_pDS269,0.233876560332871
MAGEB2,0.0001852306967293742,0.5920398009950248,-0.09556331458385037,CREB1_pDS269,0.0060679611650485
GPR82,0.0003034299764026618,0.945273631840796,-1.8084744615016985,CREB1_pDS269,0.0095353675450762
ZNF674-AS1,0.0021938155258727065,0.8009950248756219,-1.1395744109803707,CREB1_pDS269,0.0358876560332871
JADE3,0.00568611523449201,0.47761194029850745,0.34031481884172754,CREB1_pDS269,0.012135922330097
TIMP1,0.03733088589522542,0.23383084577114427,0.4951022166601127,CREB1_pDS269,1.834257975034674
GRIPAP1,0.0103877327629207,0.2935323383084577,0.38764690040305155,CREB1_pDS269,0.0292995839112343
PRAF2,0.00016214012212853698,0.417910447761194,0.04011686386532735,CREB1_pDS269,0.0038141470180305
PLP2,0.03191160405728062,0.2935323383084577,0.3971536889592234,CREB1_pDS269,0.9211165048543688
CLCN5,0.0010457344719816133,0.8258706467661692,-0.9182149229494547,CREB1_pDS269,0.0246185852981969
TSPYL2,0.002166657876136834,0.582089552238806,-0.5900682543505466,CREB1_pDS269,0.0154299583911234
IQSEC2,0.0017766288054820605,0.736318407960199,-0.8430880662627247,CREB1_pDS269,0.0327669902912621
RIBC1,0.0002073248262431502,0.0845771144278607,1.5577947969789847,CREB1_pDS269,0.0029472954230235
WNK3,0.0003647569788759396,0.6218905472636815,-1.185227527731867,CREB1_pDS269,0.0292995839112343
ALAS2,0.017558628096961498,0.8208955223880597,-0.8769736873091879,CREB1_pDS269,0.6941747572815534
PAGE2,0.00011227558297802003,0.06467661691542288,1.725415149446773,CREB1_pDS269,0.0038141470180305
KLF8,0.00012520735175796643,0.42786069651741293,-0.5777249795451197,CREB1_pDS269,0.0292995839112343
AMER1,0.006608191811000648,0.12437810945273632,1.367386311343885,CREB1_pDS269,0.0149098474341192
MTMR8,0.00011165073475232752,0.7064676616915423,-0.13986434799313432,CREB1_pDS269,0.0292995839112343
PJA1,0.006783880766164728,0.0945273631840796,0.8662760528251368,CREB1_pDS269,0.0292995839112343
IGBP1,0.04894517805627973,0.04975124378109453,2.1572743633514335,CREB1_pDS269,0.658113730929265
IL2RG,0.0023675499690130612,0.6666666666666666,-0.76550645763793,CREB1_pDS269,0.0509708737864077
ITGB1BP2,0.0002939299724355835,0.14427860696517414,1.0638078271570204,CREB1_pDS269,0.0029472954230235
TAF1,0.0020017774378564674,0.8955223880597015,-1.0009948369373187,CREB1_pDS269,0.0409153952843273
ACRC,0.0013517484286069273,0.7711442786069652,-0.7476872926597016,CREB1_pDS269,0.0026005547850208
UPRT,0.024745588097150207,0.024875621890547265,2.8992250642797988,CREB1_pDS269,0.0863384188626907
COX7B,0.07291206684251868,0.004975124378109453,3.4814545758147477,CREB1_pDS269,5.1047156726768375
PGK1,0.035375266564024004,0.417910447761194,0.11565576183300642,CREB1_pDS269,3.3592233009708736
ITM2A,0.027553749778772535,0.31840796019900497,0.22516383243008012,CREB1_pDS269,0.6009015256588072
FAM133A,0.00011448686194939938,0.3383084577114428,0.3088240073488004,CREB1_pDS269,0.0019070735090152
TSPAN6,0.00012141081389677245,0.208955223880597,0.788997536555656,CREB1_pDS269,0.0020804438280166
ARMCX3,0.022594577960033547,0.16417910447761194,0.9840282908765529,CREB1_pDS269,0.1997226074895977
TMSB15A,0.006780818671205337,0.2935323383084577,0.6303884401188955,CREB1_pDS269,0.0292995839112343
BEX4,0.03987866870261505,0.263681592039801,0.5173410430865737,CREB1_pDS269,3.121532593619972
BEX2,0.03861404314489667,0.10945273631840796,1.3454904201120244,CREB1_pDS269,0.0292995839112343
TCEAL7,0.00026626411609099993,0.14427860696517414,1.0001335362251993,CREB1_pDS269,0.0026005547850208
WBP5,0.025167484996420488,0.48756218905472637,-0.22427120358438457,CREB1_pDS269,0.8580097087378641
MORF4L2-AS1,0.005408589954380939,0.5970149253731343,0.06885867902313324,CREB1_pDS269,0.0102288488210818
TSC22D3,0.012021220857912775,0.11940298507462686,1.3344781850661176,CREB1_pDS269,0.0280859916782246
IL13RA1,0.0024962396037770175,0.9651741293532339,-1.1934595658781078,CREB1_pDS269,0.0292995839112343
LONRF3,0.003960247931185445,0.7064676616915423,-0.6351377509435123,CREB1_pDS269,0.0360610263522884
RPL39,0.027955083073364233,0.6467661691542289,-0.5069890685473937,CREB1_pDS269,1.7727115117891816
RHOXF2,0.005360643423219943,0.48756218905472637,0.4767906692879971,CREB1_pDS269,0.0112690707350901
ZNF280C,0.005294573257247898,0.27860696517412936,0.9805809821695809,CREB1_pDS269,0.0292995839112343
ENOX2,0.01861843952225243,0.0945273631840796,1.5784918765890739,CREB1_pDS269,0.0969140083217753
MST4,0.006202792624837641,0.7164179104477612,-0.6543282949132314,CREB1_pDS269,0.0292995839112343
RAP2C,0.01477337122833121,0.13930348258706468,1.0765963372288954,CREB1_pDS269,0.0785367545076283
FAM122C,0.0054985028206316604,0.0945273631840796,2.357565435606316,CREB1_pDS269,0.0083217753120665
ZNF75D,0.00015162144880780345,0.5472636815920398,-0.17660756597436272,CREB1_pDS269,0.0058945908460471
HTATSF1,0.016777260079154463,0.4079601990049751,-0.07938714289670787,CREB1_pDS269,0.0292995839112343
MAGEC2,0.012665250606621008,0.06467661691542288,1.8018351599149347,CREB1_pDS269,0.0384882108183079
IDS,0.003112023307908519,0.8258706467661692,-1.0057004473529634,CREB1_pDS269,0.0431692094313453
FLNA,0.011771033560853107,0.4079601990049751,-0.0019772704000302187,CREB1_pDS269,0.1612343966712899
DNASE1L1,0.006881578985897604,0.10945273631840796,1.5362290774106622,CREB1_pDS269,0.0112690707350901
GAB3,0.0013052752929708501,0.9253731343283582,-1.7447569858214393,CREB1_pDS269,0.0112690707350901
MTCP1,0.00014453258472237892,0.23383084577114427,0.7065747783975489,CREB1_pDS269,0.0036407766990291
ZNF596,0.0003797266743843821,0.32338308457711445,0.44871628101990735,CREB1_pDS269,0.0043342579750346
TDRP,0.0004319226278941377,0.1044776119402985,1.2373169436141147,CREB1_pDS269,0.0019070735090152
ANGPT2,0.0014430673602450587,0.7860696517412935,-1.0599077760984614,CREB1_pDS269,0.0138696255201109
RP11-375N15.2,0.00018780332213573248,0.04975124378109453,0.03322084735964719,CREB1_pDS269,0.0036407766990291
SLC35G5,0.00010378737831684979,0.5572139303482587,-0.10109090304183942,CREB1_pDS269,0.0026005547850208
FDFT1,0.023508941156847603,0.6766169154228856,-0.5737034864173242,CREB1_pDS269,1.4849167822468794
RP11-297N6.4,0.001180287546050629,0.845771144278607,-1.1971471485913983,CREB1_pDS269,0.0187239944521497
CTSB,0.01681380232198816,0.472636815920398,-0.20046993668831609,CREB1_pDS269,0.3502080443828017
LONRF1,0.006556929778381476,0.10945273631840796,1.2672358233264371,CREB1_pDS269,0.0123092926490984
VPS37A,0.010541284187054146,0.4925373134328358,-0.308098521250118,CREB1_pDS269,0.1695561719833564
CTD-2547L16.1,0.006929732276739366,0.07960199004975124,1.3044839948130338,CREB1_pDS269,0.0090152565880721
ATP6V1B2,0.004382684251774716,0.9850746268656716,-1.2052773001767316,CREB1_pDS269,0.1803051317614424
DOK2,0.002162027005596974,0.9353233830845771,-1.3640095244842212,CREB1_pDS269,0.0365811373092926
NUDT18,0.00666970298023381,0.21890547263681592,0.5860676343872185,CREB1_pDS269,0.0292995839112343
TNFRSF10B,0.0022981312948516025,0.9154228855721394,-1.1503476353823296,CREB1_pDS269,0.045249653259362
TNFRSF10C,0.0005494441947231568,0.736318407960199,-0.24299719675114909,CREB1_pDS269,0.0032940360610263
SLC25A37,0.014050787885083897,0.9303482587064676,-1.114329175997184,CREB1_pDS269,0.8925104022191401
GNRH1,0.00010008655245862968,0.26865671641791045,0.6226777158641293,CREB1_pDS269,0.0038141470180305
SCARA5,5.245359433466058e-05,0.14925373134328357,0.9728680067030125,CREB1_pDS269,0.0204576976421636
TMEM66,0.05873816817927561,0.05472636815920398,2.182566690972598,CREB1_pDS269,0.0292995839112343
RP11-51J9.5,0.006738552493647364,0.7064676616915423,-0.5188840405357101,CREB1_pDS269,0.0476768377253814
RAB11FIP1,0.018632382671359575,0.48756218905472637,-0.09263489596164685,CREB1_pDS269,0.3521151178918169
RP11-350N15.5,7.512865079953906e-05,0.2935323383084577,-0.33161924206837406,CREB1_pDS269,0.006761442441054
LETM2,0.006283205422463344,0.17412935323383086,0.9435089492314875,CREB1_pDS269,0.0104022191400832
FGFR1,0.011922392580951836,0.3283582089552239,0.17659979222382977,CREB1_pDS269,0.1220527045769764
RP11-930P14.2,0.006060281083984533,0.3283582089552239,0.7398687172818722,CREB1_pDS269,0.0105755894590846
POLB,0.008421207833515782,0.5920398009950248,-0.46475038993389906,CREB1_pDS269,0.0292995839112343
THAP1,0.006373543090245866,0.8805970149253731,-1.053783605205534,CREB1_pDS269,0.1730235783633842
HGSNAT,0.0016131775945317159,0.8308457711442786,-0.983907239069436,CREB1_pDS269,0.0292995839112343
CEBPD,0.008103481822422858,0.8706467661691543,-0.991482001808059,CREB1_pDS269,0.2180998613037447
RB1CC1,0.014200562333325716,0.5671641791044776,-0.32364094637007346,CREB1_pDS269,0.2650832177531206
RGS20,0.026545707066101237,0.05472636815920398,1.820914167677773,CREB1_pDS269,0.1607142857142857
SDCBP,0.012955218027804647,0.9104477611940298,-1.0197914736436795,CREB1_pDS269,0.6024618585298197
RP11-16E18.3,0.00017453371629453897,0.32338308457711445,0.31132862812132833,CREB1_pDS269,0.0029472954230235
TRPA1,0.00011418036766448465,0.16417910447761194,-0.20510352740372206,CREB1_pDS269,0.004507628294036
RPL7,0.019580428583766157,0.6517412935323383,-0.5053678955379046,CREB1_pDS269,20.83633841886269
TMEM70,0.02305349007559118,0.582089552238806,-0.42448133154438034,CREB1_pDS269,0.883495145631068
RP11-758M4.4,0.015225258511917777,0.15422885572139303,0.941472738390328,CREB1_pDS269,0.0965672676837725
ZC2HC1A,0.006708176660290533,0.06965174129353234,1.505105002484093,CREB1_pDS269,0.0292995839112343
SLC10A5,9.259401568323443e-05,0.5870646766169154,-0.310868006457999,CREB1_pDS269,0.0017337031900138
RP11-37B2.1,0.006290788026307391,0.31840796019900497,0.7591535359453959,CREB1_pDS269,0.013002773925104
RBM12B,0.002727373438281398,0.8955223880597015,-1.2168128406653242,CREB1_pDS269,0.0608529819694868
GEM,0.00042548501203771313,0.6766169154228856,-0.6088776517090734,CREB1_pDS269,0.0039875173370319
UQCRB,0.027368481986113927,0.7512437810945274,-0.7388403192987942,CREB1_pDS269,2.652392510402219
SDC2,0.00516850021962745,0.3681592039800995,0.7309097245607526,CREB1_pDS269,0.009882108183079
RP11-410L14.2,0.0026125615167753185,0.8855721393034826,-1.0641042293128362,CREB1_pDS269,0.0559986130374479
KLF10,0.0028351321225149667,0.44776119402985076,-0.33069448933485474,CREB1_pDS269,0.0273925104022191
DCAF13,0.02318378030135257,0.5870646766169154,-0.4098947365135543,CREB1_pDS269,0.9876907073509016
LRP12,0.007630249388571253,0.3880597014925373,0.14093626906760573,CREB1_pDS269,0.0182038834951456
ZFPM2,0.0021761579463046707,0.5671641791044776,-0.6168599370725477,CREB1_pDS269,0.0275658807212205
EIF3E,0.02755754208348804,0.6318407960199005,-0.4718610946108461,CREB1_pDS269,3.638869625520111
RAD21-AS1,9.818713366670473e-05,0.24875621890547264,0.753594475340681,CREB1_pDS269,0.002253814147018
FAM83A,0.01190275533899604,0.9751243781094527,-1.184213713488149,CREB1_pDS269,0.8002773925104022
ZHX1-C8ORF76,0.006936229951899312,0.43283582089552236,0.0609870578014414,CREB1_pDS269,0.0225381414701803
FBXO32,0.002985203463033688,0.7512437810945274,-0.8109372335863999,CREB1_pDS269,0.0310332871012482
RNF139-AS1,0.006901632039078818,0.4626865671641791,-0.08531807308145624,CREB1_pDS269,0.0539181692094313
SQLE,0.0407582772152667,0.208955223880597,0.6371684284187689,CREB1_pDS269,1.6768377253814146
TRIB1,0.007862788009375154,0.21890547263681592,0.3488700723712521,CREB1_pDS269,0.0213245492371705
MYC,0.058331915258851404,0.08955223880597014,1.5085115395588136,CREB1_pDS269,2.126040221914008
AC083843.1,8.566440473420427e-05,0.35323383084577115,-0.11014011047115672,CREB1_pDS269,0.0057212205270457
KHDRBS3,0.00022108979975926597,0.2885572139303483,0.3020582760776844,CREB1_pDS269,0.0029472954230235
KCNK9,0.00011246934745717151,0.5024875621890548,-0.14175658651846584,CREB1_pDS269,0.0057212205270457
RP11-809O17.1,0.00011019163895794888,0.0945273631840796,1.3436938240271008,CREB1_pDS269,0.0024271844660194
CTD-3064M3.1,0.0003832313060944337,0.527363184079602,-0.2940478413464355,CREB1_pDS269,0.0093619972260748
LY6E,0.08669565645174092,0.004975124378109453,4.290360096443598,CREB1_pDS269,4.007801664355062
RP13-582O9.5,0.012406556456807974,0.6417910447761194,-0.5289109489470755,CREB1_pDS269,0.2390776699029126
ZNF707,0.007939842777023334,0.27860696517412936,0.7526559124440813,CREB1_pDS269,0.0244452149791955
FBXL6,0.006548334430485594,0.582089552238806,-0.2637872235287289,CREB1_pDS269,0.0778432732316227
LRRC24,0.00012929673318546036,0.43283582089552236,-0.1855609323721807,CREB1_pDS269,0.0043342579750346
ERMP1,0.0007477218502530403,0.7064676616915423,-0.7139188949431865,CREB1_pDS269,0.0292995839112343
PSIP1,0.03122081980310034,0.3333333333333333,0.21277627355292505,CREB1_pDS269,0.0292995839112343
PLIN2,0.005892015021501168,0.9552238805970149,-1.421434766371675,CREB1_pDS269,0.2543342579750346
RPS6,0.01865428095912629,0.44776119402985076,-0.1366510741242824,CREB1_pDS269,67.30738557558946
TOPORS,0.002955263768275065,0.9800995024875622,-1.2575222765546823,CREB1_pDS269,0.1546463245492371
NDUFB6,0.03309095744707983,0.43781094527363185,-0.08703103724128348,CREB1_pDS269,2.5315533980582523
DNAJA1,0.06801028586745185,0.03980099502487562,2.1744573382064645,CREB1_pDS269,4.206830790568655
B4GALT1,0.0055816899285150556,0.5373134328358209,-0.24040825507237973,CREB1_pDS269,0.0292995839112343
SPINK4,0.00021637335605213567,0.5621890547263682,-0.8751996709689288,CREB1_pDS269,0.0128294036061026
AQP3,0.004786096079602142,0.7910447761194029,-0.837199883271318,CREB1_pDS269,0.0882454923717059
PRSS3,0.02487931411271485,0.004975124378109453,3.398257575278857,CREB1_pDS269,0.0773231622746185
CCL27,0.00013822146364687472,0.01990049751243781,-0.015129771680182123,CREB1_pDS269,0.0292995839112343
RP11-195F19.9,0.005142808589526759,0.582089552238806,0.0031251201595923566,CREB1_pDS269,0.0095353675450762
STOML2,0.0417141688504246,0.25870646766169153,0.5633774994526621,CREB1_pDS269,4.552357836338419
FBXO10,0.00060765403965691,0.20398009950248755,0.8670827953060213,CREB1_pDS269,0.004507628294036
CNTNAP3B,7.224545615006924e-05,0.7810945273631841,-0.7404452477607274,CREB1_pDS269,0.0020804438280166
TJP2,0.008306725819150127,0.6019900497512438,-0.3857139876161362,CREB1_pDS269,0.0932732316227461
GDA,0.00633797367727817,0.572139303482587,-0.15605995598125086,CREB1_pDS269,0.0556518723994452
ANXA1,0.0009296716101202849,0.5870646766169154,-0.31454697375071494,CREB1_pDS269,0.0032940360610263
RP11-522I20.3,0.006652948210640111,0.08955223880597014,0.8882078623985482,CREB1_pDS269,0.009882108183079
NAA35,0.0073638855418086,0.7164179104477612,-0.7129220095855051,CREB1_pDS269,0.0292995839112343
CTSL,0.028244504638779085,0.35323383084577115,0.0854929743685457,CREB1_pDS269,0.7888349514563107
S1PR3,0.0015691440215127642,0.5870646766169154,-0.6036474956371606,CREB1_pDS269,0.0097087378640776
CKS2,0.024909676262733115,0.6716417910447762,-0.5515292447430742,CREB1_pDS269,2.2735783633841886
GADD45G,0.00660308242020015,0.08955223880597014,1.4725135567098966,CREB1_pDS269,0.0138696255201109
NINJ1,0.005472443318793073,0.736318407960199,-0.7919021022901414,CREB1_pDS269,0.0778432732316227
RP11-435O5.2,0.006657241701023595,0.208955223880597,0.6610548257108401,CREB1_pDS269,0.0136962552011095
RP11-435O5.5,8.537941261635495e-05,0.0845771144278607,2.03847487413363,CREB1_pDS269,0.0032940360610263
CDC14B,0.0029809122215062544,0.9353233830845771,-1.4050767547945635,CREB1_pDS269,0.0292995839112343
TDRD7,0.005977086376768476,0.373134328358209,0.7428256316359101,CREB1_pDS269,0.0292995839112343
HEMGN,0.05492527645109932,0.01990049751243781,2.7226836478096947,CREB1_pDS269,0.7148058252427184
TRIM14,0.009143835923530496,0.15920398009950248,0.7780660406063549,CREB1_pDS269,0.0449029126213592
CORO2A,0.005241679458591877,0.25870646766169153,0.571435309998393,CREB1_pDS269,0.0292995839112343
RP11-60I3.4,0.000852324370291428,0.7512437810945274,-0.7503640647176522,CREB1_pDS269,0.0017337031900138
TEX10,0.0062283435015981145,0.7860696517412935,-0.8141530386151375,CREB1_pDS269,0.0292995839112343
MRPL50,0.017550473145750298,0.7313432835820896,-0.6833639158889878,CREB1_pDS269,0.0292995839112343
ZNF189,0.005801015798534239,0.48756218905472637,0.4431123584547171,CREB1_pDS269,0.0173370319001386
RP11-82L2.1,0.00022310964813461513,0.10945273631840796,0.05377115306948941,CREB1_pDS269,0.0029472954230235
NIPSNAP3A,0.011824022610962211,0.7412935323383084,-0.7277770802160107,CREB1_pDS269,0.3092926490984743
NIPSNAP3B,0.0057981712351511715,0.3880597014925373,0.30982465915498747,CREB1_pDS269,0.0104022191400832
SLC44A1,0.00022066240397943082,0.8507462686567164,-0.37691426898432334,CREB1_pDS269,0.0041608876560332
C9orf147,0.0009718959976363246,0.9054726368159204,-0.4306260815217472,CREB1_pDS269,0.0069348127600554
FAM225A,0.0006654829483635805,0.35323383084577115,0.3201365737914688,CREB1_pDS269,0.0039875173370319
CDC26,0.00010787859668420374,0.7412935323383084,-0.21403046323498653,CREB1_pDS269,0.0034674063800277
C9orf43,5.597610804199768e-05,0.36318407960199006,0.36940957343779474,CREB1_pDS269,0.0017337031900138
DFNB31,0.0068390741453893955,0.1791044776119403,1.4266340895205776,CREB1_pDS269,0.0171636615811373
PHF19,0.051822987178499216,0.12437810945273632,1.2537617554059497,CREB1_pDS269,4.473474341192788
GSN,0.011235409723600459,0.26865671641791045,0.5952591283728405,CREB1_pDS269,0.0435159500693481
PDCL,0.025025122034728533,0.0945273631840796,1.4804766313841478,CREB1_pDS269,0.1754507628294036
HSPA5,0.025689949814161898,0.6368159203980099,-0.49459265202788916,CREB1_pDS269,1.1601941747572817
ZBTB43,0.004721128687720342,0.835820895522388,-1.0566232345060567,CREB1_pDS269,0.1132108183079056
STXBP1,0.0035844640718208447,0.5024875621890548,-0.41791615490332706,CREB1_pDS269,0.0292995839112343
GOLGA2,0.04154793953545776,0.04975124378109453,2.1025963252170907,CREB1_pDS269,0.0292995839112343
SET,0.03507390085596787,0.3383084577114428,0.17832307287869928,CREB1_pDS269,4.877947295423024
LRRC8A,0.0033356428517311272,0.9253731343283582,-1.0822859111051566,CREB1_pDS269,0.0899791955617198
FNBP1,0.011091225774151392,0.46766169154228854,0.029595266134810835,CREB1_pDS269,0.1144244105409154
RP11-544A12.8,0.008049420232405237,0.6268656716417911,-0.4910058516105692,CREB1_pDS269,0.1362690707350901
AK8,0.00714421460113243,0.23880597014925373,0.6140261358638309,CREB1_pDS269,0.0185506241331484
SOHLH1,0.00022631508775773456,0.39800995024875624,-0.19014875884889645,CREB1_pDS269,0.002253814147018
RP11-432J22.2,8.192516622852117e-05,0.16417910447761194,0.9821664874515267,CREB1_pDS269,0.0019070735090152
NOTCH1,0.002063594824900854,0.7960199004975125,-0.8259307129002416,CREB1_pDS269,0.0279126213592233
SNHG7,0.013318984559104787,0.7860696517412935,-0.8690420884807808,CREB1_pDS269,0.6350554785020804
TUBB4B,0.031747155259257816,0.3582089552238806,0.07523059761375145,CREB1_pDS269,2.152045769764217
IDI1,0.047373087992751355,0.1044776119402985,1.3754460018174388,CREB1_pDS269,1.294729542302358
KLF6,0.01661887843187595,0.11442786069651742,1.1228312464947274,CREB1_pDS269,0.0996879334257975
AKR1C1,0.00016915436102592102,0.34328358208955223,-0.6083920095639095,CREB1_pDS269,0.0091886269070735
OPTN,5.457434380211037e-05,0.14925373134328357,1.029500966176196,CREB1_pDS269,0.0019070735090152
FAM107B,0.0007558657226585016,0.2736318407960199,0.4320519453002236,CREB1_pDS269,0.002253814147018
RP11-398C13.6,0.005269774902802318,0.7860696517412935,-0.6119342373993882,CREB1_pDS269,0.0254854368932038
VIM,0.09947622604687117,0.004975124378109453,4.355582608269575,CREB1_pDS269,3.1664355062413314
OTUD1,0.00015391089262876734,0.009950248756218905,3.23120879792393,CREB1_pDS269,0.0024271844660194
PTCHD3P1,0.0023104138297960126,0.9552238805970149,-0.9644323528239303,CREB1_pDS269,0.0563453536754507
CREM,0.049964405058496114,0.009950248756218905,3.255052799858585,CREB1_pDS269,0.4277045769764216
ZNF485,0.008967503286641032,0.25870646766169153,0.5735197460671447,CREB1_pDS269,0.0292995839112343
ZNF32,0.009297972057607228,0.5323383084577115,-0.3820960515226088,CREB1_pDS269,0.0292995839112343
PARG,0.007387769165686374,0.42786069651741293,-0.04899002374480129,CREB1_pDS269,0.0598127600554785
NCOA4,0.010968841928700323,0.736318407960199,-0.6907533592670873,CREB1_pDS269,0.27375173370319
LINC00843,8.040433450376758e-05,0.14925373134328357,-0.24431933042202106,CREB1_pDS269,0.0055478502080443
FAM21A,0.00023633303372742423,0.30845771144278605,-0.1368393298864472,CREB1_pDS269,0.0055478502080443
ASAH2,7.624037977924355e-05,0.1044776119402985,1.2839323122112882,CREB1_pDS269,0.0292995839112343
RP11-50E11.3,0.00045084813685777967,0.14427860696517414,-0.05668162866496446,CREB1_pDS269,0.0034674063800277
IPMK,0.0011212975734736638,0.8855721393034826,-0.8137019158499643,CREB1_pDS269,0.0136962552011095
CDK1,0.01401185633081948,0.9800995024875622,-1.3812063306458477,CREB1_pDS269,0.9956657420249652
ARID5B,0.007157855101935023,0.8258706467661692,-0.9371470318200823,CREB1_pDS269,0.1653952843273231
JMJD1C,0.012562306278346255,0.5572139303482587,-0.38557183145854257,CREB1_pDS269,0.2345700416088765
JMJD1C-AS1,0.0003821154783215516,0.8955223880597015,-0.885298964696903,CREB1_pDS269,0.01751040221914
TET1,0.011999148291509875,0.5472636815920398,-0.31113263940758984,CREB1_pDS269,0.0292995839112343
UNC5B,0.00015367240876446644,0.01990049751243781,2.297100763235077,CREB1_pDS269,0.0026005547850208
DDIT4,0.008663861911998494,0.8009950248756219,-0.8826576286735482,CREB1_pDS269,0.1546463245492371
DNAJC9-AS1,0.00010392866943631255,0.8159203980099502,-0.2772847516456593,CREB1_pDS269,0.006761442441054
RP11-152N13.5,0.0064042027998704835,0.572139303482587,-0.3331254366138922,CREB1_pDS269,0.0554785020804438
PLAU,0.0007089651570718472,0.7562189054726368,-0.6912075466251162,CREB1_pDS269,0.0032940360610263
KAT6B,0.006247927783069737,0.5124378109452736,-0.11719683776526113,CREB1_pDS269,0.04750346740638
DUSP13,0.026633318967110006,0.029850746268656716,2.6737350580068795,CREB1_pDS269,0.084257975034674
RPS24,0.03137377802443541,0.18407960199004975,0.7004432726192787,CREB1_pDS269,21.531553398058257
PPIF,0.02551785517221165,0.5223880597014925,-0.32810915802263124,CREB1_pDS269,1.2605755894590849
CCSER2,0.002766699757594233,0.8855721393034826,-1.226868075102988,CREB1_pDS269,0.0748959778085991
RP11-77P6.2,0.005351114313299814,0.0945273631840796,2.0884246036125425,CREB1_pDS269,0.0086685159500693
IFIT3,0.00012000602425749959,0.19402985074626866,0.933379966026157,CREB1_pDS269,0.0026005547850208
RP11-80H5.2,9.035166694741082e-05,0.3582089552238806,0.281024472562008,CREB1_pDS269,0.0024271844660194
MARCH5,0.009495899708222014,0.7114427860696517,-0.7501531202714824,CREB1_pDS269,0.1917475728155339
LCOR,0.002716344843287407,0.7810945273631841,-0.9676085135958395,CREB1_pDS269,0.0346740638002773
PI4K2A,0.0046856351992849475,0.417910447761194,0.1742087603119449,CREB1_pDS269,0.031380027739251
DNMBP,0.00011752815137225963,0.3781094527363184,0.13681729202803217,CREB1_pDS269,0.0038141470180305
RP11-179B2.2,0.005462766354875716,0.34328358208955223,0.897390813516169,CREB1_pDS269,0.0124826629680998
PDZD7,0.00047176748164718264,0.8159203980099502,-0.9275072590030442,CREB1_pDS269,0.002253814147018
SFXN3,4.982042743892144e-05,0.36318407960199006,0.3131835568846379,CREB1_pDS269,0.0029472954230235
NFKB2,0.0016446149502470167,0.43781094527363185,-0.40791663487486346,CREB1_pDS269,0.0168169209431345
PSD,0.0002180708125822497,0.29850746268656714,-0.21006470152743614,CREB1_pDS269,0.0091886269070735
TAF5,0.004846502596408178,0.7761194029850746,-0.9118776628169826,CREB1_pDS269,0.0891123439667129
USMG5,0.026829331520262862,0.681592039800995,-0.4532737988509087,CREB1_pDS269,2.457697642163662
RP11-451M19.3,0.00012269763278795212,0.5671641791044776,-0.27740320524074774,CREB1_pDS269,0.0020804438280166
SMNDC1,0.010645674456059469,0.6766169154228856,-0.657682104547813,CREB1_pDS269,0.1998959778085991
DUSP5,0.003827582109374881,0.5920398009950248,-0.3673150526510756,CREB1_pDS269,0.01751040221914
VTI1A,0.016586294792989845,0.17412935323383086,0.7152342991520348,CREB1_pDS269,0.1177184466019417
TCF7L2,0.00940618809323537,0.24378109452736318,0.4397778260032659,CREB1_pDS269,0.0554785020804438
FAM160B1,0.00016166357471837653,0.746268656716418,-0.8453814881709614,CREB1_pDS269,0.0119625520110957
SLC18A2,6.824959737861363e-05,0.8258706467661692,-0.1616766429280249,CREB1_pDS269,0.0043342579750346
FAM45A,0.003550859289926127,0.8109452736318408,-0.934925373891406,CREB1_pDS269,0.0677877947295423
FAM24B,0.002107439594668929,0.9502487562189055,-1.0825589966552425,CREB1_pDS269,0.0722954230235783
MKI67,0.03821998912724578,0.18407960199004975,0.917844102805884,CREB1_pDS269,0.723127600554785
MIR202HG,0.006324430900226334,0.15920398009950248,0.8156971447870489,CREB1_pDS269,0.0104022191400832
IFITM2,0.046353984751989284,0.11442786069651742,1.1753918187785213,CREB1_pDS269,1.253120665742025
C11orf35,0.00011653868295115403,0.9353233830845771,-0.2885536046482286,CREB1_pDS269,0.0039875173370319
RP11-496I9.1,0.00010758351149002646,0.43283582089552236,0.09298568138980046,CREB1_pDS269,0.0026005547850208
IRF7,0.004622363856071001,0.6766169154228856,-0.14553476730755696,CREB1_pDS269,0.0292995839112343
BRSK2,0.004369493922584961,0.4975124378109453,0.443299503716882,CREB1_pDS269,0.0065880721220527
LSP1,0.0034989469153042943,0.9154228855721394,-1.5164061273045175,CREB1_pDS269,0.0083217753120665
SLC22A18,0.00014937540060268792,0.23383084577114427,-0.12613932194318664,CREB1_pDS269,0.0053744798890429
PHLDA2,0.03153286608332635,0.16417910447761194,0.9646008317827469,CREB1_pDS269,0.4984396671289875
ART5,7.79543519023217e-05,0.15422885572139303,0.9460085096735251,CREB1_pDS269,0.0031206657420249
RP11-23F23.2,4.386445398617422e-05,0.01990049751243781,2.4777959129733387,CREB1_pDS269,0.0017337031900138
HBD,0.03734023472108552,0.01990049751243781,2.59903384125904,CREB1_pDS269,0.2314493758668516
HBG1,0.1677217755618251,0.004975124378109453,11.79347996848057,CREB1_pDS269,29.423023578363384
HBG2,0.22569115755816457,0.004975124378109453,19.21084177170555,CREB1_pDS269,46.90117891816921
HBE1,0.019204123128237976,0.11442786069651742,1.3307750569076588,CREB1_pDS269,0.0695214979195561
NRIP3,0.006875827011209147,0.3482587064676617,0.07705262717041686,CREB1_pDS269,0.0435159500693481
DENND5A,0.006639865613019596,0.39303482587064675,0.27603612110744863,CREB1_pDS269,0.0364077669902912
TMEM41B,0.020068363492677183,0.1791044776119403,0.8777684199329981,CREB1_pDS269,0.145631067961165
RP11-540A21.2,0.0,1.0,0.0,CREB1_pDS269,0.0020804438280166
SBF2-AS1,0.004791726562855182,0.1890547263681592,1.535706956444281,CREB1_pDS269,0.0105755894590846
SBF2,0.0029532942704204286,0.4427860696517413,-0.1394582555587161,CREB1_pDS269,0.0149098474341192
ZBED5-AS1,0.0034410630858557126,0.5920398009950248,-0.18770280086967295,CREB1_pDS269,0.0213245492371705
CSNK2A3,0.00012441833736154235,0.09950248756218906,1.2860887215661438,CREB1_pDS269,0.0017337031900138
MICALCL,7.460889674897433e-05,0.04477611940298507,0.9395206579863622,CREB1_pDS269,0.0031206657420249
LINC00958,0.01318774177593792,0.8905472636815921,-1.0191600140073904,CREB1_pDS269,0.5936199722607489
CYP2R1,0.006854159944681941,0.3283582089552239,0.41142112846034956,CREB1_pDS269,0.0372746185852981
PIK3C2A,0.020332900771853325,0.024875621890547265,2.582499152223986,CREB1_pDS269,0.0601595006934812
LDHA,0.06325797131203303,0.004975124378109453,4.087837013157624,CREB1_pDS269,8.793515950069349
UEVLD,0.00041959945094479625,0.8706467661691543,-1.0124421498492708,CREB1_pDS269,0.0131761442441054
TMEM86A,7.070424973966994e-05,0.8308457711442786,-1.0630531512395645,CREB1_pDS269,0.0046809986130374
ANO5,8.616017549782832e-05,0.9054726368159204,-1.1111352444990634,CREB1_pDS269,0.0031206657420249
MUC15,0.0007353823728693641,0.6517412935323383,-0.7050594510805425,CREB1_pDS269,0.0097087378640776
CD59,0.01482956048775605,0.8756218905472637,-1.007841466963235,CREB1_pDS269,0.7482662968099861
LMO2,0.03708118118440409,0.27860696517412936,0.4108034818945648,CREB1_pDS269,1.6092233009708738
PRR5L,0.00031661868584819205,0.9601990049751243,-0.815803387851538,CREB1_pDS269,0.0140429958391123
TRAF6,0.006663490833863845,0.43781094527363185,0.20263156460701653,CREB1_pDS269,0.0317267683772538
RAG1,0.0004841280990141127,0.4129353233830846,-0.6159209279921203,CREB1_pDS269,0.0062413314840499
C11orf74,0.009553596642888143,0.29850746268656714,0.4239642572132857,CREB1_pDS269,0.0634535367545076
C11orf96,0.0021123249230549125,0.5771144278606966,-0.6402972503714023,CREB1_pDS269,0.0195908460471567
ALX4,7.033483083603577e-05,0.5920398009950248,-0.1941372869144231,CREB1_pDS269,0.0024271844660194
CD82,0.00020218819027559434,0.7263681592039801,-0.3899500231855439,CREB1_pDS269,0.0104022191400832
SLC35C1,0.005731104343939024,0.8407960199004975,-0.7589862755967176,CREB1_pDS269,0.0490638002773925
RP11-702F3.3,4.1161308284954335e-05,0.6567164179104478,-0.46130274773413527,CREB1_pDS269,0.0034674063800277
CREB3L1,0.00020527098426790407,0.06965174129353234,0.09230213213467231,CREB1_pDS269,0.004507628294036
MDK,0.02703194448078178,0.6716417910447762,-0.5711151401085461,CREB1_pDS269,4.271844660194175
C11orf49,0.006943094196624779,0.6616915422885572,-0.6468268630259583,CREB1_pDS269,0.1281206657420249
SPI1,0.020024539584234367,0.3482587064676617,0.18032453643673338,CREB1_pDS269,0.3257628294036061
APLNR,0.00011808095773980186,0.1691542288557214,1.0663843560540078,CREB1_pDS269,0.0292995839112343
UBE2L6,0.02307734694120723,0.10945273631840796,1.4030953184206707,CREB1_pDS269,0.185506241331484
YPEL4,0.001517378337384476,0.5472636815920398,-0.1619034864532217,CREB1_pDS269,0.0043342579750346
MS4A3,0.0554837295540816,0.08955223880597014,1.5450312353260445,CREB1_pDS269,5.298370319001387
MS4A4A,0.03844464474460965,0.40298507462686567,0.06660955745951376,CREB1_pDS269,3.0459431345353676
DAK,0.011855964534625597,0.7114427860696517,-0.6898107690789295,CREB1_pDS269,0.2179264909847434
FADS1,0.018706310865285233,0.7064676616915423,-0.5759683407365893,CREB1_pDS269,0.6624479889042996
FADS3,0.007462125328071773,0.7611940298507462,-0.758603606985201,CREB1_pDS269,0.137135922330097
FTH1,0.011613558366306414,0.6567164179104478,-0.5327881282128722,CREB1_pDS269,72.83529819694868
RP11-703H8.7,0.0001481064737437747,0.09950248756218906,1.309331415924263,CREB1_pDS269,0.0029472954230235
AHNAK,0.009168874768955183,0.6666666666666666,-0.5498623865870671,CREB1_pDS269,0.0882454923717059
MTA2,0.0014924673952351189,0.8706467661691543,-0.9048678115298616,CREB1_pDS269,0.0402219140083217
C11orf83,0.022184685626740766,0.7412935323383084,-0.7093289765034909,CREB1_pDS269,1.7380374479889042
RP11-727F15.12,0.007974554018758476,0.10945273631840796,1.0155692166459893,CREB1_pDS269,0.0156033287101248
SLC3A2,0.023614013355518694,0.5572139303482587,-0.3171257331217821,CREB1_pDS269,0.9074202496532594
LGALS12,0.001781886999385512,0.9253731343283582,-0.9592289938650458,CREB1_pDS269,0.0119625520110957
PLA2G16,0.008120122558243124,0.373134328358209,0.17962134406266292,CREB1_pDS269,0.0381414701803051
RCOR2,0.003874292162152704,0.8805970149253731,-1.0114917086480006,CREB1_pDS269,0.0188973647711511
RP11-783K16.5,0.0018294735574186447,0.7910447761194029,-0.9169833773803489,CREB1_pDS269,0.0292995839112343
RP11-665N17.4,0.001860442309977824,0.6766169154228856,0.40539999883639316,CREB1_pDS269,0.0026005547850208
ATG2A,0.010058786708524144,0.31840796019900497,0.21100304832428762,CREB1_pDS269,0.0847780859916782
PPP2R5B,0.0062785196593395836,0.1890547263681592,1.4560226487020416,CREB1_pDS269,0.0150832177531206
SPDYC,0.0113406052779793,0.5572139303482587,-0.32916341779382385,CREB1_pDS269,0.1811719833564493
TIGD3,0.0001532181456058158,0.9054726368159204,-0.24233207932366646,CREB1_pDS269,0.0055478502080443
SLC25A45,0.006012348241689391,0.21393034825870647,0.820044766394178,CREB1_pDS269,0.0078016643550624
NEAT1,0.028372475975383733,0.5074626865671642,-0.2744836067501451,CREB1_pDS269,1.251733703190014
AP000769.1,9.972971411688275e-05,0.24378109452736318,0.757350602110657,CREB1_pDS269,0.0046809986130374
MALAT1,0.023559183493579366,0.6467661691542289,-0.5204377804317182,CREB1_pDS269,42.16591539528433
FOSL1,0.007195328575835422,0.43781094527363185,-0.015721950374003573,CREB1_pDS269,0.0700416088765603
PELI3,0.00018959159892558753,0.11940298507462686,-0.16213830187215353,CREB1_pDS269,0.0292995839112343
CTD-3074O7.12,0.0001413380739763676,0.4427860696517413,0.00010468788208729124,CREB1_pDS269,0.0036407766990291
C11orf80,0.005887157112636347,0.4129353233830846,0.3396958764824089,CREB1_pDS269,0.0292995839112343
POLD4,0.018419768142438453,0.38308457711442784,0.02187549972483447,CREB1_pDS269,0.3165742024965326
RAD9A,0.007690116719584822,0.8805970149253731,-0.9959690547965633,CREB1_pDS269,0.2505201109570041
TBC1D10C,0.0010044351629022237,0.7512437810945274,-0.7901148927712164,CREB1_pDS269,0.0195908460471567
PTPRCAP,0.03167845354636362,0.11940298507462686,1.4355220711532166,CREB1_pDS269,0.3900832177531206
GSTP1,0.02732946763712594,0.24875621890547264,0.6042068340829413,CREB1_pDS269,16.764389736477114
RP11-802E16.3,8.408577333033094e-05,0.2935323383084577,0.5662737094287761,CREB1_pDS269,0.0029472954230235
GAL,0.21553463462121222,0.004975124378109453,15.38289229499738,CREB1_pDS269,6.5249653259362
IL18BP,0.00011618146641886606,0.7661691542288557,-0.36382392360103194,CREB1_pDS269,0.0058945908460471
FOLR1,0.014938798625613101,0.0945273631840796,1.428127362301886,CREB1_pDS269,0.0613730929264909
CLPB,0.007230987895991594,0.5572139303482587,-0.3793226663946072,CREB1_pDS269,0.1113037447988904
FCHSD2,0.00685289521284176,0.2835820895522388,0.6251566981784245,CREB1_pDS269,0.0292995839112343
FAM168A,0.0016124231281549354,0.43781094527363185,-0.4071973045482754,CREB1_pDS269,0.0171636615811373
P4HA3,0.004979898827342123,0.1791044776119403,1.5301599146973792,CREB1_pDS269,0.0072815533980582
GDPD5,0.0001738614005831493,0.30845771144278605,-0.5411318684325547,CREB1_pDS269,0.0078016643550624
SERPINH1,0.04061705334382466,0.05472636815920398,2.0962682418230996,CREB1_pDS269,0.391123439667129
LRRC32,9.532058840889603e-05,0.27860696517412936,0.5705493572778967,CREB1_pDS269,0.0017337031900138
RSF1,0.02856323073554,0.34328358208955223,0.2551128299815101,CREB1_pDS269,0.8092926490984743
KCTD14,0.00013103032687937272,0.4228855721393035,0.004410913418833379,CREB1_pDS269,0.0292995839112343
ANKRD42,0.005419910532670796,0.6766169154228856,-0.5172354211967477,CREB1_pDS269,0.0292995839112343
DLG2,8.204179904184454e-05,0.5771144278606966,-0.2837114728460117,CREB1_pDS269,0.0026005547850208
EED,0.01405415350009917,0.4975124378109453,-0.20497106053556724,CREB1_pDS269,0.0292995839112343
RP11-736K20.5,0.00018171020297061023,0.04975124378109453,2.1850113641755047,CREB1_pDS269,0.0024271844660194
TMEM135,0.006840224372790013,0.30845771144278605,0.3650553526225617,CREB1_pDS269,0.0414355062413314
PANX1,0.002159856291358114,0.6467661691542289,-0.7156054196470416,CREB1_pDS269,0.0227115117891816
BIRC2,0.01127005197181197,0.4427860696517413,-0.08194209444719316,CREB1_pDS269,0.132628294036061
DYNC2H1,0.0004886327440048992,0.5124378109452736,-0.8422315447430857,CREB1_pDS269,0.0084951456310679
ALKBH8,0.012712188763107108,0.07960199004975124,1.7459240089827663,CREB1_pDS269,0.0270457697642163
PIH1D2,0.00044213699485210254,0.4975124378109453,-0.8253398302945695,CREB1_pDS269,0.0143897364771151
BCO2,0.00011446210409032093,0.6965174129353234,-0.23337021971198293,CREB1_pDS269,0.0090152565880721
CD3E,0.0005659055746172162,0.945273631840796,-1.068923773378252,CREB1_pDS269,0.0227115117891816
CD3D,0.00473601411794288,0.4527363184079602,0.2339482002183633,CREB1_pDS269,0.0142163661581137
PHLDB1,0.005141300896306786,0.5024875621890548,-0.30656742441064777,CREB1_pDS269,0.0306865464632454
HMBS,0.039683585773669434,0.26865671641791045,0.540243471913826,CREB1_pDS269,2.045076282940361
TBCEL,0.0010082904664338518,0.6666666666666666,-0.7461330554608969,CREB1_pDS269,0.0131761442441054
HSPA8,0.05237746107556466,0.05970149253731343,1.8052815922799101,CREB1_pDS269,6.530339805825243
PANX3,6.465736078269856e-05,0.8258706467661692,-0.9373527778657534,CREB1_pDS269,0.0027739251040221
ESAM,0.013099032797192461,0.8706467661691543,-0.9900613666644704,CREB1_pDS269,0.6232662968099861
CCDC15,0.014093639196242935,0.03980099502487562,2.149545707466763,CREB1_pDS269,0.0292995839112343
FEZ1,0.009912323451011958,0.6567164179104478,-0.560758538332771,CREB1_pDS269,0.1496185852981969
NINJ2,0.0026584860952644806,0.9800995024875622,-1.1557843249644564,CREB1_pDS269,0.0755894590846047
RAD52,5.374045188664347e-05,0.21890547263681592,-0.2162704314343341,CREB1_pDS269,0.0064147018030513
PARP11,0.00047643311912885496,0.27860696517412936,0.4743441905583013,CREB1_pDS269,0.002253814147018
CD9,0.027492191520787624,0.01990049751243781,2.983082949449941,CREB1_pDS269,0.1178918169209431
LPAR5,0.011658906720305928,0.06965174129353234,2.068454468242787,CREB1_pDS269,0.0292995839112343
ACRBP,0.01105601060499716,0.11940298507462686,1.395211053626314,CREB1_pDS269,0.036754507628294
GNB3,0.013057831149846308,0.029850746268656716,2.656184223855629,CREB1_pDS269,0.0187239944521497
CDCA3,0.016745815258895815,0.6517412935323383,-0.5107071073772447,CREB1_pDS269,0.4414008321775312
ENO2,0.00427147873252394,0.6666666666666666,-0.6120408161741396,CREB1_pDS269,0.0759361997226074
U47924.30,0.0026629899835538284,0.4925373134328358,-0.32291251578918456,CREB1_pDS269,0.012135922330097
CLSTN3,0.00041954354534280637,0.8706467661691543,-0.81235494675288,CREB1_pDS269,0.0166435506241331
CD163L1,0.0006155027750619983,0.7860696517412935,-0.7679326666514569,CREB1_pDS269,0.0027739251040221
SLC2A14,0.00016879030611633734,0.13432835820895522,1.0411406975844004,CREB1_pDS269,0.0041608876560332
FOXJ2,0.00657129911155183,0.3283582089552239,0.1653298348753296,CREB1_pDS269,0.0201109570041608
LINC00937,0.0036612020902213873,0.4925373134328358,-0.3267481523273023,CREB1_pDS269,0.0242718446601941
CLEC2D,0.00011070012143009464,0.2885572139303483,0.49612238413585713,CREB1_pDS269,0.0292995839112343
CD69,0.0017522827404273817,0.43781094527363185,0.304557682059251,CREB1_pDS269,0.0019070735090152
KLRF1,0.002897714684466898,0.3582089552238806,-0.11078802147043876,CREB1_pDS269,0.0168169209431345
CLEC2B,0.009019580503720006,0.25870646766169153,0.4431517110149254,CREB1_pDS269,0.0324202496532593
RP11-377D9.3,0.00020739775017180614,0.11940298507462686,1.1274858380147363,CREB1_pDS269,0.0020804438280166
ATF7IP,0.0015815360428618266,0.8208955223880597,-1.1841555371670414,CREB1_pDS269,0.0221914008321775
ARHGDIB,0.0002774195133910658,0.5920398009950248,-0.17404442826048064,CREB1_pDS269,0.015256588072122
METTL20,4.451120734046336e-05,0.5422885572139303,-0.33562580992627283,CREB1_pDS269,0.0064147018030513
BICD1,0.030046110222906455,0.03980099502487562,1.9391031806015446,CREB1_pDS269,0.1905339805825242
TWF1,0.006421098888446163,0.7761194029850746,-0.5888133021097633,CREB1_pDS269,0.0397018030513176
TMEM117,0.006075273542783665,0.4427860696517413,0.05029474897020937,CREB1_pDS269,0.0204576976421636
ANO6,0.0022700353625883943,0.7711442786069652,-0.8246885577060932,CREB1_pDS269,0.045249653259362
SLC38A2,0.04564905996560183,0.004975124378109453,3.7255441706066876,CREB1_pDS269,0.2094313453536754
RP1-197B17.3,0.00385880229188935,0.9552238805970149,-1.3204779979444898,CREB1_pDS269,0.0102288488210818
COL2A1,0.01563121047700119,0.5472636815920398,-0.3588870233168773,CREB1_pDS269,0.2988904299583911
DKFZP779L1853,9.94270261710692e-05,0.23880597014925373,0.658548525040281,CREB1_pDS269,0.0048543689320388
RND1,0.00015706001372905282,0.01990049751243781,-0.012771751078561553,CREB1_pDS269,0.0050277392510402
FKBP11,0.006821113175389541,0.8208955223880597,-0.7579898723072043,CREB1_pDS269,0.0492371705963938
RP11-386G11.5,0.00015411561356034936,0.1691542288557214,0.9107779742797814,CREB1_pDS269,0.0043342579750346
TUBA1A,0.006678175632824838,0.8855721393034826,-1.1303386911304751,CREB1_pDS269,0.1281206657420249
TUBA1C,0.03143627911777955,0.5074626865671642,-0.17653169386833786,CREB1_pDS269,2.5696948682385576
PRPH,5.169917431119433e-05,0.47761194029850745,-0.02132403162882408,CREB1_pDS269,0.0046809986130374
FMNL3,0.00014642561112327812,0.8407960199004975,-1.012581615438204,CREB1_pDS269,0.0090152565880721
TMBIM6,0.04300181544764829,0.13432835820895522,1.1216107049118031,CREB1_pDS269,2.1731969486823854
NCKAP5L,0.011662587947493327,0.16417910447761194,1.022701178183968,CREB1_pDS269,0.0629334257975034
GPD1,0.000624274795145228,0.3034825870646766,0.36839505489715146,CREB1_pDS269,0.0026005547850208
DAZAP2,0.013995095779773894,0.7661691542288557,-0.758397140431484,CREB1_pDS269,0.47000693481276
SMAGP,0.01793718951353443,0.8308457711442786,-0.8777227825421067,CREB1_pDS269,1.270631067961165
SLC4A8,0.0002249764147446476,0.6019900497512438,-0.24842069061959673,CREB1_pDS269,0.0292995839112343
ACVR1B,0.0038238376195184366,0.6616915422885572,-0.7351159806889455,CREB1_pDS269,0.0525312066574202
NR4A1,0.0037291239758861982,0.7562189054726368,-0.6100438434479888,CREB1_pDS269,0.0258321775312066
C12orf44,0.020139835622264377,0.472636815920398,-0.11426647458163978,CREB1_pDS269,0.4814493758668516
KRT8,0.014671013365791442,0.7960199004975125,-0.8588476572921592,CREB1_pDS269,0.7187933425797504
KRT18,0.10003547095067014,0.004975124378109453,4.667245827544818,CREB1_pDS269,3.84882108183079
RP11-983P16.4,0.0018893168720749162,0.4975124378109453,-0.544100030165345,CREB1_pDS269,0.0112690707350901
SPRYD3,0.00040031313258209164,0.7810945273631841,-0.6741068084629698,CREB1_pDS269,0.0072815533980582
ZNF740,0.015195630393860729,0.01990049751243781,2.0709127688407873,CREB1_pDS269,0.033633841886269
SP7,0.006697458485878481,0.19402985074626866,0.5769691001045083,CREB1_pDS269,0.0140429958391123
NCKAP1L,0.006044229977080336,0.6318407960199005,-0.46315951461278815,CREB1_pDS269,0.0977808599167822
CD63,0.027808939865060528,0.5074626865671642,-0.1386632416856094,CREB1_pDS269,7.897018030513176
PA2G4,0.031462355638358155,0.26865671641791045,0.4024335173704741,CREB1_pDS269,7.304264909847434
COQ10A,0.006826253826922145,0.5472636815920398,-0.44096110277449363,CREB1_pDS269,0.0643203883495145
TAC3,0.011913447109826614,0.42786069651741293,0.08626779628065998,CREB1_pDS269,0.1314147018030513
NAB2,0.007715681511071214,0.4079601990049751,0.03369855999067733,CREB1_pDS269,0.0629334257975034
INHBE,0.0003162491297383147,0.7263681592039801,-0.8325106686264384,CREB1_pDS269,0.0090152565880721
DDIT3,0.010581128208758612,0.8308457711442786,-0.9627825316544166,CREB1_pDS269,0.296636615811373
METTL21B,0.002143746037877927,0.900497512437811,-1.282269086173951,CREB1_pDS269,0.034500693481276
AVIL,0.0009872233870760788,0.2835820895522388,-0.46620438399812597,CREB1_pDS269,0.0105755894590846
FAM19A2,0.010096485164294861,0.42786069651741293,0.019050032287358895,CREB1_pDS269,0.0292995839112343
C12orf56,0.0005827952610646247,0.4925373134328358,-0.12609253568318785,CREB1_pDS269,0.0046809986130374
TBC1D30,0.0016481893626252029,0.8557213930348259,-1.0865478906648864,CREB1_pDS269,0.0284327323162274
RP11-637A17.2,0.00017669297995621442,0.4427860696517413,-0.5744537236212249,CREB1_pDS269,0.0074549237170596
RP11-1143G9.4,0.00023565510968776577,0.3034825870646766,0.41728227040956367,CREB1_pDS269,0.0020804438280166
TBC1D15,0.006693557156719369,0.7263681592039801,-0.6637136036978487,CREB1_pDS269,0.0878987517337031
RP11-585P4.5,0.0007188246162324918,0.34328358208955223,-0.021056685572180545,CREB1_pDS269,0.0027739251040221
PHLDA1,0.0006121661805075204,0.835820895522388,-0.4674257050612532,CREB1_pDS269,0.015256588072122
PPP1R12A,0.03194514058798946,0.19900497512437812,0.8362500625489233,CREB1_pDS269,0.5069348127600555
NTS,0.005798234474369365,0.43781094527363185,0.686406411297767,CREB1_pDS269,0.0095353675450762
LINC00936,0.005215921025922465,0.3034825870646766,0.3861116834627696,CREB1_pDS269,0.0164701803051317
BTG1,0.061755679055758836,0.029850746268656716,2.0263885138219617,CREB1_pDS269,1.8174410540915396
RP11-796E2.4,0.0010346654949655023,0.6318407960199005,-0.6199056216382978,CREB1_pDS269,0.0192441054091539
SOCS2,0.034693459946219314,0.2935323383084577,0.2790192902595561,CREB1_pDS269,1.0835644937586686
CRADD,0.031206335692866235,0.03980099502487562,2.3298768781342214,CREB1_pDS269,0.1548196948682385
ELK3,0.0018984003333575316,0.34328358208955223,-0.318748143888117,CREB1_pDS269,0.0150832177531206
SYCP3,0.0009782157738704074,0.7213930348258707,-0.13124427073983727,CREB1_pDS269,0.002253814147018
HSP90B1,0.025857904144168494,0.7263681592039801,-0.7038423908250494,CREB1_pDS269,2.5967406380027738
C12orf75,0.004145265095034128,0.5671641791044776,-0.05904626884415926,CREB1_pDS269,0.0097087378640776
RP11-412D9.4,0.0035086851192067618,0.8308457711442786,-0.7962514891477849,CREB1_pDS269,0.0190707350901525
FICD,0.006043423477021295,0.2835820895522388,0.5140161489426438,CREB1_pDS269,0.0095353675450762
UNG,0.052083331570694794,0.009950248756218905,3.3819933941520426,CREB1_pDS269,0.3391123439667129
FAM222A,0.0002142746414615785,0.12437810945273632,1.2662034540801537,CREB1_pDS269,0.0024271844660194
TRPV4,0.0004773422595020675,0.39800995024875624,-0.2876335281556866,CREB1_pDS269,0.0052011095700416
SH2B3,0.005040334585924257,0.7910447761194029,-0.8849597084392972,CREB1_pDS269,0.1055825242718446
SDSL,0.0023007344278408873,0.7761194029850746,-0.8947009997831213,CREB1_pDS269,0.0455963938973647
LHX5,0.0004371112220105695,0.40298507462686567,-0.3520371386975078,CREB1_pDS269,0.0053744798890429
MAP1LC3B2,0.007204511759329886,0.22885572139303484,0.9005143982769729,CREB1_pDS269,0.0292995839112343
VSIG10,0.0016505558716830807,0.8756218905472637,-1.1777707651604614,CREB1_pDS269,0.0301664355062413
RP11-768F21.1,8.676287235703064e-05,0.009950248756218905,2.789850066536486,CREB1_pDS269,0.0026005547850208
CCDC64,0.00014500923229975732,0.3283582089552239,-0.44398762365625744,CREB1_pDS269,0.0078016643550624
PXN,0.006102642096591477,0.6517412935323383,-0.45151808348006356,CREB1_pDS269,0.0450762829403606
UNC119B,0.0027291699640690226,0.9154228855721394,-1.2705326965754855,CREB1_pDS269,0.0292995839112343
ACADS,0.010255290589410179,0.31343283582089554,0.27688727234430555,CREB1_pDS269,0.0774965325936199
RSRC2,0.03244188130866149,0.3333333333333333,0.275891028641748,CREB1_pDS269,1.1484049930651872
RP11-380L11.3,9.065346859294917e-05,0.5771144278606966,-0.3192660519645356,CREB1_pDS269,0.0024271844660194
UBC,0.04593722469780228,0.12935323383084577,1.104400548508098,CREB1_pDS269,2.500346740638003
RP11-669N7.2,0.01263565719509331,0.05472636815920398,2.4102936963028383,CREB1_pDS269,0.0263522884882108
EP400NL,0.003297665477871393,0.7213930348258707,-0.8275042403615456,CREB1_pDS269,0.0826976421636615
RP11-46H11.12,0.0015101729445831597,0.4626865671641791,-0.4092020581136531,CREB1_pDS269,0.0114424410540915
CRYL1,0.001682894222487531,0.472636815920398,-0.5410404828622138,CREB1_pDS269,0.0208044382801664
ZDHHC20,0.0002194497972081947,0.09950248756218906,-0.21907189504104305,CREB1_pDS269,0.0060679611650485
SACS,0.0032579414949189325,0.8208955223880597,-1.032660403104544,CREB1_pDS269,0.0292995839112343
USP12,0.008626596036307008,0.5472636815920398,-0.3732207979284235,CREB1_pDS269,0.1078363384188626
RPL21,0.02110538151387366,0.4975124378109453,-0.24853545092498985,CREB1_pDS269,23.77080443828017
FLT1,0.0017795827515454394,0.8606965174129353,-1.0897914697726316,CREB1_pDS269,0.0123092926490984
SLC46A3,0.0016691194171702538,0.8507462686567164,-1.2050476964097558,CREB1_pDS269,0.0234049930651872
BRCA2,0.011609928171477841,0.27860696517412936,0.2994174468205437,CREB1_pDS269,0.0292995839112343
LHFP,0.00021379520928144165,0.2935323383084577,0.5002833792164513,CREB1_pDS269,0.0026005547850208
ELF1,0.010646632089924236,0.7412935323383084,-0.7732100723823159,CREB1_pDS269,0.0292995839112343
NAA16,0.016437048633713886,0.22885572139303484,0.616485208144959,CREB1_pDS269,0.0292995839112343
RGCC,0.011221078839344565,0.6716417910447762,-0.5559247259458594,CREB1_pDS269,0.2233009708737864
SERP2,3.481681568109813e-05,0.5771144278606966,-0.2165351817527664,CREB1_pDS269,0.0017337031900138
TSC22D1,0.0356737522882838,0.17412935323383086,0.7339620569922082,CREB1_pDS269,0.5937933425797504
CPB2-AS1,0.00468822829907387,0.009950248756218905,6.374826576538278,CREB1_pDS269,0.0081484049930651
LCP1,0.013212903064416671,0.945273631840796,-1.2310723193211897,CREB1_pDS269,1.035887656033287
ESD,0.023710067560268513,0.7412935323383084,-0.6956457330175846,CREB1_pDS269,1.884361997226075
LINC00562,0.005202790835161957,0.39303482587064675,0.5488641802136627,CREB1_pDS269,0.0292995839112343
ITM2B,0.028180249322467855,0.572139303482587,-0.3968806955056227,CREB1_pDS269,1.641123439667129
SETDB2,0.00816112437959385,0.3383084577114428,0.28185069111721334,CREB1_pDS269,0.0592926490984743
ARL11,0.001788560325612804,0.9303482587064676,-1.2710645413876485,CREB1_pDS269,0.0471567267683772
KCNRG,0.0018628122668859063,0.572139303482587,-0.6517976600322472,CREB1_pDS269,0.0097087378640776
INTS6,0.007126827898765402,0.8557213930348259,-0.8175799946537959,CREB1_pDS269,0.1317614424410541
TDRD3,0.006904198746696596,0.8308457711442786,-0.8530598640251725,CREB1_pDS269,0.1374826629680998
CLN5,0.012242841609589387,0.472636815920398,-0.1219410650690184,CREB1_pDS269,0.1598474341192788
RBM26-AS1,0.003181544530050336,0.5472636815920398,-0.4714940706197938,CREB1_pDS269,0.0265256588072122
NDFIP2,0.009506889624717144,0.9751243781094527,-1.259528194281522,CREB1_pDS269,0.598127600554785
SPRY2,0.0025961209252220053,0.681592039800995,-0.7763698467532666,CREB1_pDS269,0.0329403606102635
RP11-471M2.3,0.004934564028482392,0.7412935323383084,-0.5713073602999826,CREB1_pDS269,0.031380027739251
DZIP1,0.00014853706682072985,0.7761194029850746,-0.36190159281664597,CREB1_pDS269,0.0053744798890429
DNAJC3-AS1,0.008259063329534752,0.3482587064676617,0.12772158592424607,CREB1_pDS269,0.063626907073509
DNAJC3,0.015283536110811421,0.5024875621890548,-0.26232705812661483,CREB1_pDS269,0.2929958391123439
RAP2A,0.00785910600822356,0.3681592039800995,0.04817713726704699,CREB1_pDS269,0.062760055478502
DOCK9-AS2,0.0011916584795611184,0.5771144278606966,-0.6184170089602234,CREB1_pDS269,0.0135228848821081
UBAC2-AS1,0.007888485896304965,0.3383084577114428,0.11661125837088045,CREB1_pDS269,0.052877947295423
CLYBL,0.007333514099903262,0.22885572139303484,0.27364004797836744,CREB1_pDS269,0.036754507628294
ZIC5,0.0016736044816505913,0.7014925373134329,-0.9938625196049775,CREB1_pDS269,0.0117891816920943
TMTC4,0.0013730306230439995,0.8805970149253731,-0.968320671223546,CREB1_pDS269,0.052011095700416
ERCC5,0.002380223694153858,0.845771144278607,-0.9608878789232608,CREB1_pDS269,0.0686546463245492
ARGLU1,0.01821444920703556,0.7661691542288557,-0.8616339246662021,CREB1_pDS269,1.1180651872399443
TNFSF13B,0.00014349387044022973,0.22388059701492538,-0.1774434661911307,CREB1_pDS269,0.0048543689320388
IRS2,0.00882678796291876,0.24875621890547264,0.6239158781267288,CREB1_pDS269,0.0325936199722607
ING1,0.010369291093304554,0.7014925373134329,-0.6741103650362246,CREB1_pDS269,0.204750346740638
ANKRD10,0.03789143231327407,0.06965174129353234,2.170554671311905,CREB1_pDS269,0.3951109570041609
ADPRHL1,0.00010163296449189654,0.7810945273631841,-0.5830085035126435,CREB1_pDS269,0.0069348127600554
GAS6,0.011282061764311383,0.6666666666666666,-0.543339889622166,CREB1_pDS269,0.2227808599167822
TMEM253,0.00021284843212416527,0.4527363184079602,-0.38962172706050885,CREB1_pDS269,0.0036407766990291
RP11-524O1.4,0.001912410136303553,0.7860696517412935,-1.0882110636493563,CREB1_pDS269,0.0100554785020804
RAB2B,0.0044683242582286235,0.5572139303482587,-0.279734200562607,CREB1_pDS269,0.0312066574202496
REM2,0.005941563971031775,0.3283582089552239,0.44963544498779834,CREB1_pDS269,0.0123092926490984
AJUBA,0.006085629495090742,0.07462686567164178,0.807277781747228,CREB1_pDS269,0.0088418862690707
SLC7A8,0.009987919594480359,0.8955223880597015,-1.0963610375962733,CREB1_pDS269,0.3656380027739251
SLC22A17,5.810647767468078e-05,0.27860696517412936,0.725734196077665,CREB1_pDS269,0.0292995839112343
NGDN,0.01982989125938982,0.7412935323383084,-0.68608868205754,CREB1_pDS269,0.0292995839112343
RP11-66N24.4,0.00026574254644539546,0.7263681592039801,-0.2837418988330714,CREB1_pDS269,0.007628294036061
PCK2,0.00840431290408591,0.835820895522388,-0.8989739284381486,CREB1_pDS269,0.2298890429958391
PSME1,0.012191801269172686,0.9303482587064676,-1.1479024138488252,CREB1_pDS269,0.6432038834951457
EMC9,0.01564595871139001,0.417910447761194,0.03632020660388932,CREB1_pDS269,0.2076976421636615
RNF31,0.00019543343676296923,0.3383084577114428,-0.09904553816635166,CREB1_pDS269,0.0036407766990291
RP11-468E2.4,0.00072544762550033,0.8905472636815921,-0.28389469829798064,CREB1_pDS269,0.0048543689320388
NFATC4,0.007489300674781719,0.1044776119402985,1.0560215685562393,CREB1_pDS269,0.0249653259361997
STXBP6,0.05079607445243879,0.024875621890547265,2.4840700019587794,CREB1_pDS269,0.5362343966712899
RP11-1103G16.1,0.0009129702663790793,0.9402985074626866,-1.0086841423292816,CREB1_pDS269,0.0327669902912621
RP11-829H16.3,7.698534772314174e-05,0.6915422885572139,-0.4452391864475499,CREB1_pDS269,0.0046809986130374
STRN3,0.014542783339554404,0.31343283582089554,0.274405675370024,CREB1_pDS269,0.1454576976421636
AP4S1,0.008351271576075384,0.35323383084577115,0.13322245369267652,CREB1_pDS269,0.0787101248266296
ARHGAP5-AS1,0.006322275792322632,0.5323383084577115,-0.206625648756253,CREB1_pDS269,0.0521844660194174
ARHGAP5,0.02722111033847026,0.06467661691542288,1.861059339715586,CREB1_pDS269,0.1508321775312066
EAPP,0.02491651899551952,0.3582089552238806,0.1384174583241435,CREB1_pDS269,0.5818307905686546
KIAA0391,7.390934155956321e-05,0.3781094527363184,-0.0632236774203911,CREB1_pDS269,0.0292995839112343
NFKBIA,0.010127603294242567,0.746268656716418,-0.6946725469600157,CREB1_pDS269,0.2628294036061026
FOXA1,0.005633596053546912,0.24378109452736318,0.5870846258241451,CREB1_pDS269,0.0292995839112343
KLHL28,0.0016237790615104698,0.5621890547263682,-0.6110874130708612,CREB1_pDS269,0.0247919556171983
RN7SL1,0.0037956043766504527,0.3781094527363184,0.2226016059687342,CREB1_pDS269,0.0240984743411927
AL139099.1,0.001154385663578074,0.4228855721393035,-0.5294195965571162,CREB1_pDS269,0.0230582524271844
POLE2,0.007851816104365595,0.6666666666666666,-0.5858436710089252,CREB1_pDS269,0.1237864077669902
VCPKMT,0.011376628859631342,0.13432835820895522,1.349609339217775,CREB1_pDS269,0.0393550624133148
TXNDC16,0.0008443120402773619,0.7263681592039801,-0.7421352009372276,CREB1_pDS269,0.0180305131761442
PSMC6,0.015732248176248662,0.8159203980099502,-0.8502362951652729,CREB1_pDS269,0.7314493758668515
CGRRF1,0.0048045370809125,0.6417910447761194,-0.41308073152490754,CREB1_pDS269,0.0423023578363384
DLGAP5,0.01654895528444068,0.3283582089552239,0.3702022611936116,CREB1_pDS269,0.1853328710124826
RP11-108M12.3,7.196152365251546e-05,0.6567164179104478,-0.4951259442676747,CREB1_pDS269,0.0031206657420249
NAA30,0.00935471788017323,0.22885572139303484,0.5340143348613977,CREB1_pDS269,0.0481969486823855
PSMA3,0.024211221551026813,0.6467661691542289,-0.4917417387095812,CREB1_pDS269,1.415742024965326
PCNXL4,0.013295983778702811,0.15920398009950248,1.044929157147294,CREB1_pDS269,0.0613730929264909
SLC38A6,0.010535908453724657,0.39303482587064675,0.04278533113713426,CREB1_pDS269,0.1090499306518723
ZBTB25,0.00694837045749458,0.1791044776119403,1.518313794467715,CREB1_pDS269,0.0204576976421636
ZBTB1,0.0011820850869245826,0.9054726368159204,-0.9825999471224042,CREB1_pDS269,0.0292995839112343
ATP6V1D,0.01643045535205972,0.47761194029850745,-0.2123030603510209,CREB1_pDS269,0.2900485436893203
ZFP36L1,0.015251343434660279,0.5920398009950248,-0.3714660897671433,CREB1_pDS269,0.2657766990291262
NUMB,0.004471088415510102,0.9054726368159204,-1.164453768968365,CREB1_pDS269,0.0754160887656033
RP5-1021I20.1,8.95397885960423e-05,0.19402985074626866,0.9477164296702233,CREB1_pDS269,0.0026005547850208
EIF2B2,0.016352224920722913,0.30845771144278605,0.26360227502835476,CREB1_pDS269,0.1976421636615811
FOS,0.0010953530953039658,0.15422885572139303,-0.017729352045256302,CREB1_pDS269,0.0084951456310679
JDP2,0.00015001110272138692,0.24875621890547264,-0.08296341532502612,CREB1_pDS269,0.0038141470180305
TMED8,0.002814807214891576,0.7114427860696517,-0.8261811704515934,CREB1_pDS269,0.039008321775312
NOXRED1,0.000615209970920131,0.3333333333333333,0.16889027983377825,CREB1_pDS269,0.0017337031900138
SPTLC2,0.006314621662483863,0.6019900497512438,-0.39576325531718337,CREB1_pDS269,0.060506241331484
GPR65,0.004517036636138998,0.845771144278607,-0.9093245340758797,CREB1_pDS269,0.0176837725381414
IFI27L2,0.007258955404357471,0.11940298507462686,1.1942886426473052,CREB1_pDS269,0.0187239944521497
RP11-1070N10.5,0.0002058674115640486,0.14925373134328357,1.0206835962511482,CREB1_pDS269,0.0036407766990291
RP11-872J21.3,0.02151731267599019,0.009950248756218905,3.5275026784402526,CREB1_pDS269,0.0625866851595007
RP11-433J8.1,0.0002595727306593591,0.263681592039801,0.040733888406909606,CREB1_pDS269,0.0038141470180305
WARS,0.01388129461968782,0.736318407960199,-0.709191602533347,CREB1_pDS269,0.4363730929264909
BEGAIN,0.00531991791083151,0.5124378109452736,0.016612911313554215,CREB1_pDS269,0.0218446601941747
LINC00523,0.0006039582661297101,0.6218905472636815,-0.34848323302839834,CREB1_pDS269,0.0017337031900138
RP11-1017G21.5,0.006594215566319056,0.22388059701492538,1.181693743489477,CREB1_pDS269,0.0150832177531206
HSP90AA1,0.04346768338165515,0.11940298507462686,0.9276748937039268,CREB1_pDS269,7.797850208044383
WDR20,0.01331739051236568,0.21890547263681592,0.6843811701006983,CREB1_pDS269,0.0977808599167822
CDC42BPB,0.0012471854101516091,0.8656716417910447,-1.257499037207397,CREB1_pDS269,0.015256588072122
RP11-600F24.7,4.936546311334227e-05,0.845771144278607,-0.8777705926093123,CREB1_pDS269,0.002253814147018
C14orf2,0.044495272956554054,0.27860696517412936,0.5838917349763371,CREB1_pDS269,3.0083217753120666
ADSSL1,0.001473860723665451,0.8805970149253731,-1.31693601065819,CREB1_pDS269,0.0239251040221914
LINC00638,4.861603722706415e-05,0.5223880597014925,-0.18101056506745303,CREB1_pDS269,0.0020804438280166
NUDT14,0.032076412087441275,0.12935323383084577,1.1451260912768408,CREB1_pDS269,0.3980582524271844
CRIP2,0.010205260997637569,0.06467661691542288,1.8943401407276406,CREB1_pDS269,0.0292995839112343
MTMR10,0.006048319728789953,0.3333333333333333,0.8396510263542508,CREB1_pDS269,0.0102288488210818
ZFYVE19,0.00800959027900472,0.34328358208955223,0.11309870826699449,CREB1_pDS269,0.0585991678224687
RP11-532F12.5,0.0005315826875524685,0.8308457711442786,-0.5354897487374678,CREB1_pDS269,0.0072815533980582
SPINT1,0.006394378027676117,0.1691542288557214,1.1353661234209391,CREB1_pDS269,0.0100554785020804
CHAC1,0.0003341703213110446,0.5572139303482587,-0.24805992693320864,CREB1_pDS269,0.0062413314840499
CHP1,0.01288389464067353,0.2537313432835821,0.6141425741230212,CREB1_pDS269,0.0866851595006934
ITPKA,0.006586311336963607,0.5024875621890548,-0.07671475401778594,CREB1_pDS269,0.0292995839112343
LTK,0.0004293323611912371,0.1890547263681592,-0.0832137547300212,CREB1_pDS269,0.0039875173370319
EHD4,0.005927700642379265,0.5970149253731343,-0.3877488149444659,CREB1_pDS269,0.0292995839112343
STARD9,0.0002613660206711078,0.900497512437811,-1.8341524849313051,CREB1_pDS269,0.0102288488210818
CTD-2036P10.3,0.006247224928831493,0.36318407960199006,0.8073206542588244,CREB1_pDS269,0.0292995839112343
TMEM62,0.004953945040206261,0.527363184079602,0.05959577710352756,CREB1_pDS269,0.0220180305131761
MAP1A,0.01865744693107266,0.3681592039800995,0.19288671834792867,CREB1_pDS269,0.0292995839112343
PDIA3,0.013155404115889042,0.945273631840796,-1.164604376798547,CREB1_pDS269,1.102635228848821
CASC4,0.006346935931174121,0.6268656716417911,-0.42385607568913714,CREB1_pDS269,0.0572122052704577
B2M,0.017155686408386082,0.9402985074626866,-1.2859256336542058,CREB1_pDS269,9.361650485436892
SORD,0.0062610504608758616,0.8258706467661692,-0.9418107473279155,CREB1_pDS269,0.0292995839112343
SHF,0.0002606664026234912,0.9800995024875622,-1.4427860315166319,CREB1_pDS269,0.0292995839112343
RP11-227D13.4,8.075151057524525e-05,0.14427860696517414,1.0313082923022292,CREB1_pDS269,0.0026005547850208
GALK2,0.021702751852218757,0.0845771144278607,1.5771992781780828,CREB1_pDS269,0.1279472954230235
LYSMD2,0.0008740933205906485,0.8059701492537313,-0.589836838937019,CREB1_pDS269,0.0055478502080443
DYX1C1,0.0007458276223092408,0.8955223880597015,-0.7991817497928991,CREB1_pDS269,0.0138696255201109
MNS1,0.0021211939944550907,0.6119402985074627,-0.6733190441465812,CREB1_pDS269,0.0253120665742024
CCNB2,0.03481365557843368,0.23383084577114427,0.4621024836390866,CREB1_pDS269,0.92250346740638
ANXA2,0.017662590097364345,0.9253731343283582,-1.0110317144269159,CREB1_pDS269,2.070735090152566
LACTB,0.007652008866096455,0.6915422885572139,-0.6803272108703325,CREB1_pDS269,0.0794036061026352
RPS27L,0.034687105897351724,0.208955223880597,0.6191879742975607,CREB1_pDS269,1.0516643550624134
RAB8B,0.007267939645510841,0.23383084577114427,0.543574471617787,CREB1_pDS269,0.0343273231622746
KIAA0101,0.06750835756715128,0.029850746268656716,2.4855630884105318,CREB1_pDS269,3.1288141470180304
TRIP4,0.02011060353540406,0.03980099502487562,2.058232451524884,CREB1_pDS269,0.084257975034674
PIF1,0.020457393797672706,0.36318407960199006,0.11780485864307738,CREB1_pDS269,0.3372052704576976
CLPX,0.010819365029398268,0.582089552238806,-0.44493817693582355,CREB1_pDS269,0.0292995839112343
IGDCC3,0.0002243155482137741,0.4427860696517413,-0.022517178081833858,CREB1_pDS269,0.0019070735090152
SMAD3,0.004621193355091726,0.4079601990049751,-0.15701116638667778,CREB1_pDS269,0.0201109570041608
PKM,0.02859510955496298,0.5771144278606966,-0.37410648012568554,CREB1_pDS269,4.028085991678225
CD276,0.024399642169240964,0.03482587064676617,2.395758663770637,CREB1_pDS269,0.07125520110957
SEMA7A,0.0005354715144028675,0.6218905472636815,-0.42009929055871376,CREB1_pDS269,0.0090152565880721
ARID3B,0.002694831999203139,0.9203980099502488,-1.0549474210766085,CREB1_pDS269,0.0561719833564493
RP11-817O13.8,0.0012809702619971408,0.7960199004975125,-0.8434441800032397,CREB1_pDS269,0.0261789181692094
LINGO1,6.025005984133959e-05,0.8855721393034826,-1.1656292834730577,CREB1_pDS269,0.0017337031900138
PSMA4,0.02832625760846939,0.5671641791044776,-0.3240862553524126,CREB1_pDS269,4.220527045769765
CTSH,0.023140853231293605,0.5671641791044776,-0.39444487350308866,CREB1_pDS269,1.0381414701803051
KIAA1024,0.00014072067398723692,0.7761194029850746,-0.8282659922802248,CREB1_pDS269,0.0024271844660194
CTD-2034I4.2,0.0002619775181500594,0.13930348258706468,-0.19678688934664795,CREB1_pDS269,0.0062413314840499
RPS17L,0.005570551346488163,0.4527363184079602,0.6376888226520186,CREB1_pDS269,0.0136962552011095
RP11-752G15.3,8.055686205047192e-05,0.6169154228855721,-0.3156327692903873,CREB1_pDS269,0.0017337031900138
RP11-752G15.6,0.012655400126062005,0.6268656716417911,-0.5203845936868521,CREB1_pDS269,0.2395977808599168
DET1,0.001065500223068321,0.900497512437811,-1.0878971682073701,CREB1_pDS269,0.0287794729542302
HAPLN3,6.282962673365181e-05,0.6716417910447762,-0.5497417290000542,CREB1_pDS269,0.0034674063800277
FANCI,0.006851568632683822,0.9800995024875622,-1.2811941449050726,CREB1_pDS269,0.3616504854368932
MESP2,0.00012476193489755852,0.4975124378109453,-0.1095086451767161,CREB1_pDS269,0.0046809986130374
IDH2,0.026109035950437183,0.3880597014925373,0.08110797101204963,CREB1_pDS269,0.7309292649098474
PRC1,0.022639410896268676,0.3383084577114428,0.11644635532809726,CREB1_pDS269,0.0292995839112343
AC068831.10,0.006597439341040264,0.1044776119402985,1.0518348477427442,CREB1_pDS269,0.0123092926490984
CHD2,0.040308116706348,0.024875621890547265,3.0694467921422843,CREB1_pDS269,0.2331830790568654
NR2F2-AS1,0.01409529379815653,0.009950248756218905,2.3707783202309454,CREB1_pDS269,0.0348474341192787
NR2F2,0.016064905978585047,0.4079601990049751,-0.0013896554895010118,CREB1_pDS269,0.2472260748959778
ARRDC4,0.006551311112459771,0.06467661691542288,1.108712992483818,CREB1_pDS269,0.0126560332871012
TTC23,0.006398765404557309,0.3283582089552239,0.8738363635437245,CREB1_pDS269,0.0135228848821081
RP11-526I2.5,0.00042754740407458213,0.9950248756218906,-0.9085582898958033,CREB1_pDS269,0.0128294036061026
LINS,0.012168600008228109,0.2736318407960199,0.703666225154138,CREB1_pDS269,0.0807905686546463
ASB7,0.0012462939129858563,0.7761194029850746,-0.8850800473538337,CREB1_pDS269,0.0292995839112343
RP11-299G20.3,3.296096151653646e-05,0.9850746268656716,-1.724007002023671,CREB1_pDS269,0.0050277392510402
RP11-89K11.1,0.00079236840780572,0.9154228855721394,-0.9530499016479934,CREB1_pDS269,0.0258321775312066
HBZ,0.15982031417353834,0.004975124378109453,7.530553200881791,CREB1_pDS269,53.44642857142857
HBA2,0.0541996129877873,0.004975124378109453,4.86615719336607,CREB1_pDS269,0.2335298196948682
HBA1,0.1252175094347971,0.004975124378109453,6.833318486561423,CREB1_pDS269,5.426317614424411
RAB11FIP3,8.245099419977359e-05,0.14427860696517414,-0.13948001613020442,CREB1_pDS269,0.0050277392510402
RHBDL1,0.0068607245016002434,0.22388059701492538,0.6384493188004556,CREB1_pDS269,0.0218446601941747
HAGH,0.034017968912218595,0.04975124378109453,2.003756338509665,CREB1_pDS269,0.0292995839112343
NPW,0.118387274028995,0.004975124378109453,6.2376719509330245,CREB1_pDS269,1.530859916782247
PRSS27,5.028099698473998e-05,0.417910447761194,0.16145354927234867,CREB1_pDS269,0.0020804438280166
LA16c-325D7.2,0.0050864740780250635,0.582089552238806,-0.32110141662247643,CREB1_pDS269,0.0218446601941747
CLDN6,0.035163313238900026,0.014925373134328358,3.1376677471652874,CREB1_pDS269,0.0292995839112343
TNFRSF12A,0.01942873885100999,0.26865671641791045,0.4472439689230817,CREB1_pDS269,0.2241678224687933
IL32,0.00045319003504651546,0.44776119402985076,0.0755799834189931,CREB1_pDS269,0.0055478502080443
ZNF597,2.5574444993313983e-05,0.472636815920398,-0.06891231200073344,CREB1_pDS269,0.0292995839112343
CREBBP,0.007595389344457486,0.6616915422885572,-0.5665759801303819,CREB1_pDS269,0.1173717059639389
ATF7IP2,0.01739798987152214,0.8606965174129353,-0.9665064981586068,CREB1_pDS269,1.016123439667129
EMP2,0.006278278549824644,0.7412935323383084,-0.7679722884816459,CREB1_pDS269,0.0292995839112343
SOCS1,0.014602981357400038,0.4577114427860697,-0.10714848520313568,CREB1_pDS269,0.1976421636615811
TXNDC11,0.025136349074690187,0.014925373134328358,2.655388826134155,CREB1_pDS269,0.0892857142857142
C16orf45,0.00010033843931665379,0.681592039800995,-0.10966982736175514,CREB1_pDS269,0.0020804438280166
ABCC1,0.004535562328459562,0.8507462686567164,-0.788781955040382,CREB1_pDS269,0.0561719833564493
RP11-14N9.2,6.881004727336987e-05,0.5870646766169154,-0.2793099524408196,CREB1_pDS269,0.0029472954230235
CTD-2576D5.4,0.0010459136671205514,0.6119402985074627,-0.7141333757633579,CREB1_pDS269,0.0104022191400832
ARL6IP1,0.03422141598208655,0.16417910447761194,0.9362645430317431,CREB1_pDS269,0.5778432732316228
COQ7,0.005883644904656837,0.7313432835820896,-0.6895814347161561,CREB1_pDS269,0.1059292649098474
ITPRIPL2,8.97769313164896e-05,0.6268656716417911,-0.5252023898581974,CREB1_pDS269,0.0057212205270457
CCP110,0.003694789803996633,0.6915422885572139,-0.7450593037859776,CREB1_pDS269,0.0622399445214979
C16orf62,0.0034530372726606787,0.6766169154228856,-0.7488356511680935,CREB1_pDS269,0.0598127600554785
DCUN1D3,7.956237519937353e-05,0.22388059701492538,-0.3156315077333342,CREB1_pDS269,0.0065880721220527
TMEM159,0.003884559305165785,0.7761194029850746,-0.9106734285306561,CREB1_pDS269,0.0738557558945908
CRYM,0.06612267582190401,0.004975124378109453,4.5451872000456595,CREB1_pDS269,0.4363730929264909
UBFD1,0.011027025965901938,0.6069651741293532,-0.5081030544733308,CREB1_pDS269,0.0292995839112343
PLK1,0.023674676996193564,0.572139303482587,-0.389444871772084,CREB1_pDS269,0.8176144244105409
RBBP6,0.020316625224090445,0.5223880597014925,-0.2881948763590442,CREB1_pDS269,0.5234049930651873
CTD-3203P2.2,7.496830820177038e-05,0.3781094527363184,0.259591527493021,CREB1_pDS269,0.0038141470180305
PRRT2,0.0005539774173806488,0.5920398009950248,-0.19482348240833508,CREB1_pDS269,0.0027739251040221
MVP,0.00043346736412265666,0.5223880597014925,-0.26995575699442426,CREB1_pDS269,0.0292995839112343
YPEL3,0.015018413705586896,0.024875621890547265,2.0684085186328485,CREB1_pDS269,0.0438626907073509
GDPD3,0.00011198885909697539,0.44776119402985076,0.025122763225318284,CREB1_pDS269,0.0027739251040221
CORO1A,0.007852351470389535,0.26865671641791045,0.4941302913284975,CREB1_pDS269,0.0488904299583911
MYLPF,0.00031720211090775134,0.8407960199004975,-0.2512705726041625,CREB1_pDS269,0.0062413314840499
ZNF48,0.014069879362904157,0.1044776119402985,1.400526217069103,CREB1_pDS269,0.0599861303744798
PRR14,0.0034916092042589194,0.9900497512437811,-1.585346618399674,CREB1_pDS269,0.1692094313453536
PRSS36,0.0003207060652419548,0.06467661691542288,0.08662163524182273,CREB1_pDS269,0.0060679611650485
PYCARD,0.027978485262395048,0.44776119402985076,-0.08479618266837884,CREB1_pDS269,0.8864424410540915
C16orf98,0.0056550141795696715,0.4228855721393035,0.12693856491781166,CREB1_pDS269,0.0240984743411927
TGFB1I1,0.00010350288633203566,0.8109452736318408,-0.18611657576620436,CREB1_pDS269,0.0292995839112343
AHSP,0.008525138512433347,0.004975124378109453,2.2213001694868675,CREB1_pDS269,0.0197642163661581
ZNF267,0.00867358160383947,0.417910447761194,0.04421906253282536,CREB1_pDS269,0.0768030513176144
RP11-212I21.4,6.834907048075858e-05,0.014925373134328358,2.7089851152685873,CREB1_pDS269,0.0038141470180305
OGFOD1,0.01071624750429448,0.736318407960199,-0.7406825325499677,CREB1_pDS269,0.2839805825242718
MT2A,0.006231842118015938,0.8805970149253731,-0.9134456256994948,CREB1_pDS269,0.0835644937586685
MT1A,0.006191628923292115,0.19900497512437812,1.2449705481957878,CREB1_pDS269,0.0046809986130374
HERPUD1,0.022824105617229258,0.22885572139303484,0.5772785565471793,CREB1_pDS269,0.2626560332871012
PLLP,0.00014723802547611737,0.44776119402985076,-0.13766416860239525,CREB1_pDS269,0.0053744798890429
KIFC3,0.011678705209495674,0.43283582089552236,0.19119047370444262,CREB1_pDS269,0.1282940360610263
TEPP,0.0006033657420557344,0.21890547263681592,-0.1466742123964164,CREB1_pDS269,0.0055478502080443
CDH8,5.498887630662709e-05,0.6268656716417911,-0.32881155512679644,CREB1_pDS269,0.0031206657420249
Y_RNA,4.045956863333052e-05,0.14427860696517414,-0.05545416857840455,CREB1_pDS269,0.0292995839112343
CKLF,0.03346570269367719,0.23383084577114427,0.5840450868618451,CREB1_pDS269,0.8018377253814147
CMTM3,0.016205763462000557,0.5671641791044776,-0.36041937444005095,CREB1_pDS269,0.2858876560332871
PDP2,0.006774531591507454,0.208955223880597,1.3973165928270788,CREB1_pDS269,0.0136962552011095
CES2,0.0074981621894701575,0.7661691542288557,-0.737034334505226,CREB1_pDS269,0.0292995839112343
CES3,0.00041995977259243623,0.17412935323383086,-0.2649400307177436,CREB1_pDS269,0.0069348127600554
HSF4,0.0007881369654528494,0.6865671641791045,-0.7053575644766907,CREB1_pDS269,0.0292995839112343
CTRL,8.147717150864064e-05,0.4427860696517413,-0.1400126253599052,CREB1_pDS269,0.0024271844660194
NQO1,0.03686494345689332,0.11940298507462686,1.3791709999275057,CREB1_pDS269,0.4739944521497919
ZNF19,0.0002991231135489394,0.6965174129353234,-1.0330771219107837,CREB1_pDS269,0.0071081830790568
ZFHX3,0.007803184231611623,0.07960199004975124,1.3140703892953645,CREB1_pDS269,0.0223647711511789
RP5-991G20.4,0.005811675203889086,0.009950248756218905,4.9698011207437744,CREB1_pDS269,0.0057212205270457
PSMD7,0.05013308628153153,0.09950248756218906,1.3626495510161996,CREB1_pDS269,0.0292995839112343
AC009120.6,0.00021092214346422693,0.3482587064676617,-0.3623202101403562,CREB1_pDS269,0.0081484049930651
RP11-252A24.7,0.0011098113319377373,0.7661691542288557,-0.8850639191690324,CREB1_pDS269,0.0292995839112343
TERF2IP,0.02406617665691426,0.4925373134328358,-0.1406258431400475,CREB1_pDS269,0.7312760055478502
NUDT7,0.0013614943999792131,0.5223880597014925,-0.631570379371946,CREB1_pDS269,0.0182038834951456
7SK,0.00017195792658913244,0.3781094527363184,0.25943743726111873,CREB1_pDS269,0.0292995839112343
COTL1,0.004470738053067946,0.5671641791044776,-0.13586150938224,CREB1_pDS269,0.0221914008321775
GINS2,0.04382211054699313,0.19900497512437812,0.9479906377522177,CREB1_pDS269,1.5875520110957004
MAP1LC3B,0.034235674349583106,0.31840796019900497,0.28828191058419006,CREB1_pDS269,0.970873786407767
CYBA,0.0297215678860686,0.4975124378109453,-0.2097393581082825,CREB1_pDS269,4.478155339805825
SNAI3-AS1,0.0009096098539026955,0.527363184079602,-0.5287166032005655,CREB1_pDS269,0.0138696255201109
SPATA2L,0.001134919066598002,0.7213930348258707,-0.8623203962047844,CREB1_pDS269,0.0301664355062413
VPS9D1,0.0002620420811402583,0.47761194029850745,-0.2497513277428031,CREB1_pDS269,0.0055478502080443
NXN,0.00011772586609436586,0.26865671641791045,0.508043367706839,CREB1_pDS269,0.0027739251040221
MYO1C,0.001244829184799221,0.9203980099502488,-1.006124610362109,CREB1_pDS269,0.0506241331484049
MIR22HG,0.00047187359382676086,0.11442786069651742,1.216687572526727,CREB1_pDS269,0.0292995839112343
SERPINF1,0.04326318422235036,0.05970149253731343,1.7631757265529915,CREB1_pDS269,0.526872399445215
HIC1,9.152451136729486e-05,0.36318407960199006,0.24952237464006646,CREB1_pDS269,0.0027739251040221
MNT,0.008128744985477955,0.417910447761194,-0.07900350958861446,CREB1_pDS269,0.0447295423023578
PAFAH1B1,0.01885547276233712,0.31840796019900497,0.2493900191392523,CREB1_pDS269,0.2994105409153952
TRPV3,6.495303079880457e-05,0.23383084577114427,0.6176225856424469,CREB1_pDS269,0.002253814147018
PSMB6,0.014647807500076156,0.9800995024875622,-1.4128847507649243,CREB1_pDS269,3.9141816920943135
ENO3,0.0009243547564457128,0.9850746268656716,-1.1350965779651394,CREB1_pDS269,0.0208044382801664
CAMTA2,0.00678241972415988,0.32338308457711445,0.6876078787923622,CREB1_pDS269,0.0292995839112343
RP5-1050D4.3,7.762281189783837e-05,0.06467661691542288,1.4396362114796664,CREB1_pDS269,0.0017337031900138
RP5-1050D4.5,9.505101014100138e-05,0.900497512437811,-0.16299588449908392,CREB1_pDS269,0.0031206657420249
NLRP1,0.011368323377971628,0.07462686567164178,1.4009910837180095,CREB1_pDS269,0.0504507628294036
C17orf100,0.006999310446381166,0.13432835820895522,0.8784893126391611,CREB1_pDS269,0.0251386962552011
DLG4,0.0014476981577799472,0.5771144278606966,-0.6267493013739172,CREB1_pDS269,0.0136962552011095
CLDN7,0.005083368143066883,0.4228855721393035,0.5669555204446661,CREB1_pDS269,0.0091886269070735
SLC2A4,0.0005105911537996997,0.3582089552238806,-0.12711676334347857,CREB1_pDS269,0.0292995839112343
SENP3,0.0067278216745008754,0.27860696517412936,0.3917362233536578,CREB1_pDS269,0.0213245492371705
CD68,0.008332878443126327,0.1791044776119403,0.9200015531389395,CREB1_pDS269,0.0161234396671289
SAT2,0.01523366604173721,0.05472636815920398,2.0409443301269197,CREB1_pDS269,0.0468099861303744
WRAP53,0.009267713841497193,0.373134328358209,0.12223448347277485,CREB1_pDS269,0.0700416088765603
KCNAB3,2.1341328370069686e-05,0.5323383084577115,-0.16480998826887133,CREB1_pDS269,0.0024271844660194
C17orf59,0.007843451424825404,0.39800995024875624,0.10358012300957498,CREB1_pDS269,0.0292995839112343
AURKB,0.014505913830623371,0.9054726368159204,-1.1125978340613694,CREB1_pDS269,0.5924063800277393
LINC00324,0.00016448051257669078,0.4527363184079602,-0.3162037188445623,CREB1_pDS269,0.0062413314840499
SLC25A35,5.398956189629229e-05,0.5671641791044776,-0.21051086466182647,CREB1_pDS269,0.0031206657420249
PMP22,0.016779285350648113,0.14925373134328357,1.0019369073953681,CREB1_pDS269,0.1106102635228848
ZNF286A,0.011682988468049904,0.009950248756218905,2.6394546346605634,CREB1_pDS269,0.0195908460471567
UBB,0.01801106194925304,0.6915422885572139,-0.6598322843548461,CREB1_pDS269,10.679785020804438
FAM211A,0.007451603384252493,0.31343283582089554,0.21260430511943068,CREB1_pDS269,0.0440360610263522
ZNF287,7.599671923996797e-05,0.5124378109452736,-0.11624095743772933,CREB1_pDS269,0.002253814147018
MAP2K3,0.010711223836300642,0.263681592039801,0.5477089866521196,CREB1_pDS269,0.062760055478502
RP11-192H23.6,0.006851166998086016,0.39303482587064675,0.2495530063505535,CREB1_pDS269,0.0433425797503467
MIR451B,0.0005658887650423476,0.5970149253731343,-0.12902359061915647,CREB1_pDS269,0.0024271844660194
RP11-848P1.5,4.841033425909791e-05,0.32338308457711445,0.45706901343216455,CREB1_pDS269,0.0039875173370319
EVI2B,0.001804583995515213,0.6716417910447762,-0.5670974460661226,CREB1_pDS269,0.0084951456310679
PSMD11,0.028425697648998383,0.472636815920398,-0.17622498624799954,CREB1_pDS269,0.0292995839112343
CCL2,0.002284878882047819,0.11940298507462686,1.0761502746288913,CREB1_pDS269,0.0124826629680998
RP11-1094M14.11,0.025795401813923636,0.582089552238806,-0.40100198584373875,CREB1_pDS269,1.388002773925104
MRM1,0.015235500341539828,0.18407960199004975,0.9728615980160872,CREB1_pDS269,0.0920596393897364
LHX1,0.00041094507952427553,0.5074626865671642,-0.477828888913541,CREB1_pDS269,0.009882108183079
CTB-58E17.3,9.230740502666441e-05,0.38308457711442784,-0.16780974018632294,CREB1_pDS269,0.0058945908460471
CWC25,0.026506213458267994,0.12935323383084577,0.912374605558306,CREB1_pDS269,0.2929958391123439
TCAP,0.00010307357683686071,0.8009950248756219,-0.46824417983345845,CREB1_pDS269,0.0060679611650485
IKZF3,0.0001844958833982113,0.04477611940298507,-0.11093450745410796,CREB1_pDS269,0.0027739251040221
NR1D1,0.0020465713729871664,0.8059701492537313,-1.157391052670437,CREB1_pDS269,0.0308599167822468
RAPGEFL1,0.005611123082874593,0.38308457711442784,0.2893129672483647,CREB1_pDS269,0.0292995839112343
CDC6,0.009713430427963342,0.9303482587064676,-1.1031480167073417,CREB1_pDS269,0.503120665742025
TOP2A,0.02799364083115286,0.40298507462686567,0.09082566777464535,CREB1_pDS269,0.8217753120665742
IGFBP4,0.009904983945798761,0.3781094527363184,0.1643635199203023,CREB1_pDS269,0.1014216366158113
CCR7,0.000811919991029899,0.47761194029850745,-0.10039499583541545,CREB1_pDS269,0.002253814147018
EIF1,0.043197114184427336,0.009950248756218905,3.334813791298571,CREB1_pDS269,16.0249653259362
PTRF,0.0036171114413698956,1.0,-1.398420253533318,CREB1_pDS269,0.2236477115117892
WNK4,0.016037245477153437,0.03482587064676617,2.110371983809958,CREB1_pDS269,0.039875173370319
AOC2,7.283591168982638e-05,0.945273631840796,-1.6737007709580773,CREB1_pDS269,0.0032940360610263
LINC00910,0.0011202686482862823,0.9154228855721394,-0.9650966009867744,CREB1_pDS269,0.045249653259362
PYY,0.004030535911543484,0.43781094527363185,-0.18599662174849976,CREB1_pDS269,0.0369278779472954
C17orf104,9.733831079621528e-05,0.35323383084577115,0.19383472351967784,CREB1_pDS269,0.0292995839112343
ADAM11,0.0001688299468054769,0.8557213930348259,-0.46321447889393363,CREB1_pDS269,0.0292995839112343
GJC1,0.004615344064470698,0.8557213930348259,-0.7963522064502476,CREB1_pDS269,0.0594660194174757
CTD-2020K17.1,0.005701908400518031,0.11442786069651742,1.1568917801334382,CREB1_pDS269,0.009882108183079
FMNL1,0.01192033719607571,0.27860696517412936,0.4969699542343266,CREB1_pDS269,0.0915395284327323
ARHGAP27,4.83182374752806e-05,0.5223880597014925,-0.31552638434172164,CREB1_pDS269,0.0029472954230235
WNT3,0.005287519604777408,0.7910447761194029,0.1803800580058995,CREB1_pDS269,0.012135922330097
MYL4,0.022546951843580482,0.8656716417910447,-1.017777951077597,CREB1_pDS269,2.609049930651872
SP6,0.0014671771441855201,0.12935323383084577,1.073899574120908,CREB1_pDS269,0.0041608876560332
HOXB2,0.040843754469325845,0.12437810945273632,1.3307179349184175,CREB1_pDS269,0.7421983356449375
HOXB4,0.029245063944368453,0.25870646766169153,0.52068285059767,CREB1_pDS269,0.727635228848821
KAT7,0.010890280403727866,0.2736318407960199,0.26977227263026166,CREB1_pDS269,0.0292995839112343
DLX4,0.02930520440685167,0.0945273631840796,1.5833348210812987,CREB1_pDS269,0.1990291262135922
PPP1R9B,0.004131178595425005,0.736318407960199,-0.8028761357517111,CREB1_pDS269,0.0709084604715672
ACSF2,0.00536129538349979,0.3333333333333333,0.4615462751112573,CREB1_pDS269,0.0292995839112343
ANKRD40,0.009710528891075109,0.3781094527363184,0.14774117818321686,CREB1_pDS269,0.0768030513176144
RP11-294J22.6,0.0008877182458561055,0.8805970149253731,-1.248038006551276,CREB1_pDS269,0.0095353675450762
MMD,0.001693631343279903,0.8606965174129353,-0.8926587149393859,CREB1_pDS269,0.0331137309292649
PCTP,0.008886334286693817,0.47761194029850745,-0.2781036974290343,CREB1_pDS269,0.0759361997226074
SCPEP1,0.00666883103506926,0.7164179104477612,-0.4751472233148949,CREB1_pDS269,0.052877947295423
CUEDC1,8.413576475857834e-05,0.01990049751243781,2.2656332298660593,CREB1_pDS269,0.0292995839112343
VEZF1,0.0031342708686784436,0.8258706467661692,-0.9275256442866869,CREB1_pDS269,0.0292995839112343
RP11-159D12.5,0.00011221420021937405,0.835820895522388,-0.2973126352474507,CREB1_pDS269,0.0074549237170596
BZRAP1,6.009449842287258e-05,0.373134328358209,0.29281877112018967,CREB1_pDS269,0.0019070735090152
TUBD1,0.006138297395477422,0.9104477611940298,-1.1241545317531347,CREB1_pDS269,0.0292995839112343
PPM1D,0.006948743138976004,0.48756218905472637,0.11688270643149874,CREB1_pDS269,0.0471567267683772
BCAS3,0.0008865322951055882,0.7810945273631841,-0.7887049155150574,CREB1_pDS269,0.01751040221914
RP11-332H18.4,0.01152611424434041,0.38308457711442784,0.005700497619097756,CREB1_pDS269,0.1328016643550624
TANC2,0.007448130185748849,0.06467661691542288,1.422565672050871,CREB1_pDS269,0.0159500693481276
LIMD2,0.06982348756409755,0.009950248756218905,3.0960692199979434,CREB1_pDS269,0.0292995839112343
DDX5,0.03680103555921603,0.3034825870646766,0.23882040294116214,CREB1_pDS269,2.2099514563106797
CEP95,0.020754130971522157,0.07960199004975124,1.5495262616640217,CREB1_pDS269,0.1210124826629681
PSMD12,0.020822523071016414,0.6716417910447762,-0.6547069520452083,CREB1_pDS269,0.907246879334258
KPNA2,0.024836942510514545,0.6915422885572139,-0.5634012531045395,CREB1_pDS269,1.8027045769764216
RP11-147L13.2,0.00010952223173539888,0.208955223880597,-0.06354892560856706,CREB1_pDS269,0.0038141470180305
ABCA5,0.0007871704309537578,0.5522388059701493,-0.30458287369858056,CREB1_pDS269,0.0020804438280166
USH1G,0.00011408343974125178,0.12935323383084577,1.195381312088614,CREB1_pDS269,0.0020804438280166
HN1,0.0736796383748219,0.009950248756218905,3.058107617369621,CREB1_pDS269,3.268550624133149
RP11-649A18.7,0.0012484992232759747,0.945273631840796,-2.103335875516951,CREB1_pDS269,0.0109223300970873
GGA3,0.0058451959561503985,0.7412935323383084,-0.8183931343307067,CREB1_pDS269,0.1024618585298196
MIF4GD,0.004242932010992728,0.9601990049751243,-1.3037510556292757,CREB1_pDS269,0.1983356449375866
CASKIN2,0.0025774930676724208,0.6517412935323383,-0.6718814787519221,CREB1_pDS269,0.0258321775312066
UNC13D,0.008072247874808397,0.6616915422885572,-0.6230105362467363,CREB1_pDS269,0.0292995839112343
FBF1,0.011781293695496997,0.0945273631840796,1.776264444936801,CREB1_pDS269,0.0298196948682385
UBALD2,0.016879551471073728,0.7014925373134329,-0.6273620640298303,CREB1_pDS269,0.598994452149792
ST6GALNAC2,0.00029889936819134025,0.7213930348258707,-0.3596222548311606,CREB1_pDS269,0.0083217753120665
MXRA7,0.003090896034007456,0.7860696517412935,-0.32638924048750817,CREB1_pDS269,0.0091886269070735
BIRC5,0.051536152160154156,0.07462686567164178,1.6740372981356875,CREB1_pDS269,1.5821775312066575
SOCS3,0.002942500436824249,0.7960199004975125,-0.8983269987728568,CREB1_pDS269,0.065880721220527
SGSH,0.0063854298741905235,0.19402985074626866,1.1191765407767318,CREB1_pDS269,0.0292995839112343
BAIAP2,0.0109500413015933,0.18407960199004975,0.7322570316148317,CREB1_pDS269,0.0702149791955617
ACTG1,0.04102483689125353,0.25870646766169153,0.46344500153650164,CREB1_pDS269,5.321775312066574
FAM195B,0.00016567641784396564,0.19402985074626866,-0.07324004409916693,CREB1_pDS269,0.004507628294036
RAC3,0.04297456273137491,0.1890547263681592,0.6864034703800845,CREB1_pDS269,1.5275658807212205
RP13-516M14.4,0.0009406312131557949,0.8656716417910447,-1.073244391411075,CREB1_pDS269,0.0131761442441054
CD7,0.004825259695909322,0.5621890547263682,-0.39279971815289466,CREB1_pDS269,0.0419556171983356
SECTM1,8.227968143562328e-05,0.208955223880597,-0.05349283754134273,CREB1_pDS269,0.0046809986130374
LINC00470,0.014457352939968788,0.44776119402985076,-0.04175699424609376,CREB1_pDS269,0.0292995839112343
NDC80,0.013407006053249673,0.7213930348258707,-0.6723949632654496,CREB1_pDS269,0.308252427184466
RP13-270P17.1,0.00015499030935644224,0.04975124378109453,1.6118954103190053,CREB1_pDS269,0.004507628294036
TGIF1,0.008600897430373929,0.6567164179104478,-0.5307388636183225,CREB1_pDS269,0.1171983356449375
LINC00526,0.003061730516545904,0.8855721393034826,-0.9261925885648518,CREB1_pDS269,0.0587725381414701
ZBTB14,0.007786535595824981,0.15422885572139303,0.816370463275856,CREB1_pDS269,0.02375173370319
RP11-91I8.3,0.00019023615879016208,0.6019900497512438,-0.4167570588763448,CREB1_pDS269,0.002253814147018
RP11-143J12.2,8.183435868324317e-05,0.8507462686567164,-0.2939589996463733,CREB1_pDS269,0.0091886269070735
RAB31,0.009514742541857284,0.6567164179104478,-0.5779570225717822,CREB1_pDS269,0.1683425797503467
NAPG,0.013668350036532372,0.3034825870646766,0.26816705645394456,CREB1_pDS269,0.1328016643550624
CHMP1B,0.004081896342431637,0.9850746268656716,-1.390838735441703,CREB1_pDS269,0.1152912621359223
MPPE1,0.006371461936940045,0.2935323383084577,0.15740000870766482,CREB1_pDS269,0.0310332871012482
CEP76,0.015203434393849032,0.06467661691542288,2.0028847331748296,CREB1_pDS269,0.0485436893203883
CEP192,0.0013676115942279198,0.8955223880597015,-1.0196089875541468,CREB1_pDS269,0.0445561719833564
RNMT,0.00841511393826596,0.6218905472636815,-0.5241801763861051,CREB1_pDS269,0.1012482662968099
GATA6-AS1,0.0070550183845238205,0.1890547263681592,0.5558829944572786,CREB1_pDS269,0.0116158113730929
TAF4B,0.0076186703038448236,0.472636815920398,-0.0121842153813365,CREB1_pDS269,0.0292995839112343
RP11-326K13.4,0.0053464713309748476,0.7114427860696517,-0.19572420696404783,CREB1_pDS269,0.0223647711511789
RNF125,0.002337245254831392,0.9751243781094527,-1.57142378623099,CREB1_pDS269,0.0438626907073509
ZNF24,0.019888153780060747,0.4129353233830846,-0.04128674209365937,CREB1_pDS269,0.3639042995839112
PIK3C3,0.009237943833555348,0.6467661691542289,-0.5635663535998128,CREB1_pDS269,0.1631414701803051
IER3IP1,0.00988047639066882,0.9552238805970149,-1.2634413074590798,CREB1_pDS269,0.0292995839112343
C18orf54,0.005677882438297044,0.22885572139303484,0.7745944887536045,CREB1_pDS269,0.0116158113730929
FECH,0.02431160894707782,0.01990049751243781,2.397963407264584,CREB1_pDS269,0.0292995839112343
RP11-108P20.1,3.711199988171441e-05,0.8009950248756219,-0.865750059631434,CREB1_pDS269,0.002253814147018
PMAIP1,0.014768124744942697,0.23880597014925373,0.6443057277690011,CREB1_pDS269,0.0908460471567267
CCDC102B,0.0001432609266436676,0.01990049751243781,2.2357662852214473,CREB1_pDS269,0.0043342579750346
CD226,0.0021025111595464148,0.9203980099502488,-1.0248284292173955,CREB1_pDS269,0.0334604715672676
LINC01029,0.0001230917851155264,0.22388059701492538,0.6352871416397957,CREB1_pDS269,0.0017337031900138
TRIB3,0.019091657829698978,0.39800995024875624,-0.06834545501790833,CREB1_pDS269,0.3814147018030513
SNPH,0.00010587277193801216,0.03482587064676617,0.0288041720258207,CREB1_pDS269,0.0024271844660194
SDCBP2,0.001449278125476747,0.8507462686567164,-0.8422859044121082,CREB1_pDS269,0.0159500693481276
SDCBP2-AS1,0.00013652280143590926,0.1691542288557214,-0.351977955432759,CREB1_pDS269,0.0078016643550624
AVP,0.0337635237202732,0.004975124378109453,3.663511078915567,CREB1_pDS269,0.1033287101248266
HSPA12B,0.00015933336460226938,0.47761194029850745,-0.2337702228374844,CREB1_pDS269,0.0069348127600554
RP11-119B16.2,0.008092668970577433,0.0845771144278607,0.9273673989286314,CREB1_pDS269,0.0292995839112343
SMOX,0.0021572606445716424,0.9502487562189055,-1.270486092672536,CREB1_pDS269,0.0234049930651872
RASSF2,0.012049453447832778,0.004975124378109453,4.1424126956471845,CREB1_pDS269,0.0145631067961165
PCNA,0.036395031838670336,0.29850746268656714,0.3792203048692051,CREB1_pDS269,1.2565880721220528
C20orf196,0.015493391723829715,0.3482587064676617,0.16508239309519,CREB1_pDS269,0.0292995839112343
CHGB,0.0001005961572823488,0.7412935323383084,-0.6762092429009606,CREB1_pDS269,0.0041608876560332
MACROD2,0.0001919600852059954,0.27860696517412936,-0.07341405959592234,CREB1_pDS269,0.0084951456310679
RP5-1068E13.7,0.005460436329761051,0.4577114427860697,0.5174112350546713,CREB1_pDS269,0.0097087378640776
ZNF337-AS1,0.0011787575600210006,0.4228855721393035,-0.5167162439848424,CREB1_pDS269,0.0169902912621359
ID1,0.01076727397883602,0.7860696517412935,-0.8196812109935443,CREB1_pDS269,0.2583217753120665
TPX2,0.016734592560712108,0.8258706467661692,-0.9212721720573677,CREB1_pDS269,0.8101595006934813
ZNF341,0.00026530886231566783,0.8756218905472637,-2.013637729124195,CREB1_pDS269,0.0084951456310679
CHMP4B,0.038147595166751626,0.14427860696517414,1.0301212346457456,CREB1_pDS269,0.8304438280166435
GGT7,0.0010808863851444032,0.8855721393034826,-0.9503640994544086,CREB1_pDS269,0.0292995839112343
MYH7B,0.0009622602236911345,0.9552238805970149,-1.3872818732028513,CREB1_pDS269,0.0263522884882108
PROCR,0.0004280969607003849,0.29850746268656714,0.41347342976500007,CREB1_pDS269,0.0055478502080443
MYL9,0.007243494018690342,0.31343283582089554,0.40234270982681297,CREB1_pDS269,0.0292995839112343
RBL1,0.0001672901309671233,0.11442786069651742,-0.12392426827927243,CREB1_pDS269,0.0292995839112343
MROH8,0.0007471138813345854,0.6766169154228856,-0.7033019209581656,CREB1_pDS269,0.0199375866851595
SRC,5.354655783775734e-05,0.22388059701492538,0.6104540815554901,CREB1_pDS269,0.0027739251040221
BLCAP,0.03000864416573575,0.03482587064676617,2.263426055702438,CREB1_pDS269,0.1721567267683772
LPIN3,0.0007284859935787916,0.417910447761194,-0.38039122034548223,CREB1_pDS269,0.0097087378640776
OSER1,0.019480775893261634,0.263681592039801,0.4018560306684415,CREB1_pDS269,0.2250346740638003
OSER1-AS1,0.0018458457778568614,0.7263681592039801,-0.9254663851897112,CREB1_pDS269,0.0119625520110957
PKIG,0.011966288906206383,0.7313432835820896,-0.6509017422879765,CREB1_pDS269,0.3205617198335645
TOMM34,0.04178257191275453,0.029850746268656716,2.430172057848516,CREB1_pDS269,0.2869278779472954
SNX21,8.487308792065852e-05,0.22388059701492538,0.7429983254907614,CREB1_pDS269,0.0029472954230235
ZSWIM3,0.00017552652275342823,0.6368159203980099,-0.35571073816053966,CREB1_pDS269,0.0065880721220527
CD40,0.0002478662427497838,0.9402985074626866,-0.2829423014506156,CREB1_pDS269,0.0292995839112343
ZFAS1,0.04699760772749777,0.09950248756218906,1.3681048316244486,CREB1_pDS269,6.431692094313454
SPATA2,0.013197982073025099,0.05472636815920398,1.6721066292173274,CREB1_pDS269,0.0397018030513176
CEBPB,0.014018027929591555,0.845771144278607,-0.8076116136598229,CREB1_pDS269,0.6251733703190014
RP11-15M15.1,0.0001522748248348524,0.43283582089552236,-0.1784627701922876,CREB1_pDS269,0.0058945908460471
AURKA,0.02369123426758005,0.582089552238806,-0.39201915509218316,CREB1_pDS269,0.7064840499306518
CASS4,0.0016904621156737256,0.736318407960199,-0.7891597037614237,CREB1_pDS269,0.0221914008321775
RP4-800J21.3,0.0002270688284030928,0.07462686567164178,0.047980826691068026,CREB1_pDS269,0.0034674063800277
TUBB1,0.0001454314795205953,0.2736318407960199,0.6186080530365194,CREB1_pDS269,0.0027739251040221
LINC00659,0.0005676466295295169,0.43283582089552236,-0.2774064265113245,CREB1_pDS269,0.0074549237170596
HELZ2,0.006646401098658761,0.16417910447761194,1.272779599641349,CREB1_pDS269,0.0124826629680998
C2CD4C,7.155519386611919e-05,0.004975124378109453,2.448050224861701,CREB1_pDS269,0.0052011095700416
GZMM,8.525672508636131e-05,0.7014925373134329,-0.31443148031222296,CREB1_pDS269,0.0055478502080443
BSG,0.032183776083019,0.15422885572139303,0.9107151652860302,CREB1_pDS269,9.60887656033287
PRSS57,0.10173074067970671,0.004975124378109453,4.928065028704958,CREB1_pDS269,1.757628294036061
CFD,0.019257790678328994,0.7761194029850746,-0.7620023860601656,CREB1_pDS269,1.3295769764216363
KISS1R,0.007429434116572399,0.5970149253731343,-0.46961775002395045,CREB1_pDS269,0.092753120665742
CTB-31O20.2,0.01331894177630083,0.3333333333333333,0.11891919083096728,CREB1_pDS269,0.1536061026352288
GADD45B,0.006683993374790922,0.736318407960199,-0.5247678058844893,CREB1_pDS269,0.0266990291262135
ZNF555,0.0011219829190660504,0.8507462686567164,-0.8910701646458562,CREB1_pDS269,0.0244452149791955
CELF5,0.0004829450015350476,0.029850746268656716,-0.005588644772475025,CREB1_pDS269,0.0058945908460471
CACTIN,0.004765946933149241,0.9552238805970149,-1.0784807809805854,CREB1_pDS269,0.1705963938973647
PIAS4,0.002872427490941863,0.9651741293532339,-1.1952452633358936,CREB1_pDS269,0.0292995839112343
TMIGD2,0.00020220138691808763,0.13930348258706468,0.8978130225990569,CREB1_pDS269,0.0019070735090152
C19orf10,0.02596570791653914,0.7213930348258707,-0.6174829424912996,CREB1_pDS269,3.326976421636616
PLIN3,0.0088128813422724,0.9552238805970149,-1.334287860005014,CREB1_pDS269,0.3663314840499306
NRTN,0.0010284307354121597,0.7014925373134329,-0.823733200071552,CREB1_pDS269,0.0133495145631067
VMAC,0.0016355640057177637,0.4228855721393035,-0.34550326729673003,CREB1_pDS269,0.0168169209431345
AC104532.4,0.00010415915564873642,0.5124378109452736,-0.19465641524572866,CREB1_pDS269,0.0024271844660194
PSPN,0.005672079015479043,0.5174129353233831,-0.1653095012771187,CREB1_pDS269,0.0138696255201109
SLC25A23,0.02417687660227965,0.1791044776119403,0.9531516427600554,CREB1_pDS269,0.0292995839112343
C3,9.177403867640018e-05,0.12935323383084577,1.144324106319855,CREB1_pDS269,0.0019070735090152
PCP2,3.474493967252012e-05,0.48258706467661694,-0.10052198442394444,CREB1_pDS269,0.0024271844660194
CTD-3193O13.9,9.434139759224111e-05,0.27860696517412936,0.5341809523434675,CREB1_pDS269,0.0034674063800277
ANGPTL4,0.001462533496962193,0.572139303482587,-0.2573837693897269,CREB1_pDS269,0.0020804438280166
MARCH2,0.004328486419164705,0.6368159203980099,0.16115374957541947,CREB1_pDS269,0.0136962552011095
OR7D2,0.00047047974091579274,0.4427860696517413,-0.03199830775286273,CREB1_pDS269,0.0024271844660194
ZNF846,0.00477157448642351,0.5621890547263682,0.18145764071180487,CREB1_pDS269,0.0117891816920943
ICAM4,0.009872703901770885,0.572139303482587,-0.41330624398534793,CREB1_pDS269,0.0292995839112343
ZGLP1,0.005854553133847414,0.029850746268656716,3.605178335964948,CREB1_pDS269,0.0084951456310679
ILF3-AS1,0.02339409221355034,0.44776119402985076,-0.06311200185793484,CREB1_pDS269,0.5086685159500693
EPOR,0.006697389110489879,0.6666666666666666,-0.6114470878089961,CREB1_pDS269,0.0967406380027739
CNN1,0.0031108824314138627,0.8557213930348259,-1.039936378060279,CREB1_pDS269,0.0292995839112343
ZNF627,0.00872160401046683,0.0845771144278607,1.3104236588964315,CREB1_pDS269,0.0209778085991678
ACP5,0.04525273211139127,0.05472636815920398,2.140077950795384,CREB1_pDS269,0.3970180305131761
ZNF441,0.00020548843460713555,0.4925373134328358,-0.34149252358009563,CREB1_pDS269,0.0072815533980582
ZNF440,0.0026044920700914022,0.8159203980099502,-0.9847416709825701,CREB1_pDS269,0.0327669902912621
ZNF788,0.004310182153848972,0.736318407960199,-0.7777073855897897,CREB1_pDS269,0.0084951456310679
ZNF44,0.001468552526314742,0.7810945273631841,-0.8611640176373533,CREB1_pDS269,0.0253120665742024
ZNF442,0.0002753015695060161,0.13432835820895522,-0.15615182166708708,CREB1_pDS269,0.0091886269070735
ZNF709,0.00010384190553290116,0.12935323383084577,1.1257929498941808,CREB1_pDS269,0.0020804438280166
ZNF490,0.00010593858237510042,0.23880597014925373,0.7663754699208417,CREB1_pDS269,0.0031206657420249
JUNB,0.011543016227345534,0.8706467661691543,-1.0295299839224714,CREB1_pDS269,0.324375866851595
PRDX2,0.05411813298683046,0.01990049751243781,3.0616879526803933,CREB1_pDS269,8.734223300970873
KLF1,0.054416354364015394,0.05472636815920398,1.9535150125849874,CREB1_pDS269,0.9726074895977808
CALR,0.0946295670582694,0.004975124378109453,5.109878477983613,CREB1_pDS269,3.2626560332871013
CTC-425F1.4,5.910782543244581e-05,1.0,-1.5986542638872612,CREB1_pDS269,0.0020804438280166
IER2,0.0338533680982575,0.22885572139303484,0.6123406948525283,CREB1_pDS269,0.776005547850208
ASF1B,0.030172479515279016,0.15920398009950248,0.8583216239607437,CREB1_pDS269,0.4162621359223301
NOTCH3,0.00615647266996613,0.3383084577114428,0.008131049004950801,CREB1_pDS269,0.0156033287101248
TPM4,0.031891068469080575,0.07960199004975124,1.487579457526794,CREB1_pDS269,0.3460471567267684
FAM32A,0.014563612467944319,0.8706467661691543,-0.9569863716121384,CREB1_pDS269,0.7680305131761442
CPAMD8,0.00046085759480514265,0.6069651741293532,-0.37246917515716843,CREB1_pDS269,0.0034674063800277
BST2,0.0005720396621765435,0.6268656716417911,-0.31869880836605063,CREB1_pDS269,0.0069348127600554
SLC27A1,6.614297176673363e-05,0.8855721393034826,-0.9961406938750484,CREB1_pDS269,0.0024271844660194
GDF15,0.018309395721008856,0.472636815920398,-0.21047035548282883,CREB1_pDS269,0.4342926490984743
KLHL26,0.0145222481298866,0.004975124378109453,4.768803624443883,CREB1_pDS269,0.0178571428571428
YJEFN3,0.00041004772471438803,0.9900497512437811,-2.2140922663528118,CREB1_pDS269,0.0095353675450762
LPAR2,0.00015021609630739514,0.4577114427860697,-0.470377056442653,CREB1_pDS269,0.0069348127600554
ZNF253,0.0058952522172731146,0.23880597014925373,0.6263532134597347,CREB1_pDS269,0.0292995839112343
ZNF493,0.007316023036066985,0.42786069651741293,0.07949090426034049,CREB1_pDS269,0.0478502080443828
ZNF91,0.0026799259772701807,0.9353233830845771,-1.1302662213825336,CREB1_pDS269,0.0292995839112343
AC007773.2,9.28190612615683e-05,0.746268656716418,-0.4270758981525587,CREB1_pDS269,0.0093619972260748
RGS9BP,0.00010411008373088433,0.0845771144278607,0.9531765471400981,CREB1_pDS269,0.0024271844660194
CEBPA-AS1,0.00018090094930168135,0.5174129353233831,-0.6019268265040144,CREB1_pDS269,0.0065880721220527
FXYD7,0.0002071407763916767,0.26865671641791045,0.5753458663336875,CREB1_pDS269,0.002253814147018
HCST,0.011640111048220004,0.024875621890547265,2.102221022962826,CREB1_pDS269,0.0346740638002773
TYROBP,0.00237477327149127,0.9353233830845771,-1.2269725228090849,CREB1_pDS269,0.0478502080443828
LRFN3,0.0029580206176173063,0.39800995024875624,0.013441145038405752,CREB1_pDS269,0.0091886269070735
ZFP14,0.0009726568161879965,0.9203980099502488,-0.9859902746636439,CREB1_pDS269,0.0232316227461858
ZNF529,0.007722983377913448,0.17412935323383086,0.7445488164092369,CREB1_pDS269,0.0346740638002773
AC092295.7,0.00975390092418803,0.14427860696517414,0.9462781453477688,CREB1_pDS269,0.0369278779472954
AC074138.3,0.005284412897462393,0.5074626865671642,-0.05130312590189665,CREB1_pDS269,0.0383148404993065
ZNF345,7.908559791895441e-05,0.13432835820895522,-0.016791562603914435,CREB1_pDS269,0.0053744798890429
ZFP30,0.004396155850127959,0.7313432835820896,-0.106647572054784,CREB1_pDS269,0.0292995839112343
ZNF607,0.0027469953092633653,0.8507462686567164,-1.0639313690519925,CREB1_pDS269,0.0182038834951456
CTD-2528L19.6,0.00012953407404052227,0.3333333333333333,-0.08009746486387882,CREB1_pDS269,0.0048543689320388
PPP1R14A,0.05654027229831941,0.03980099502487562,2.2618918180752123,CREB1_pDS269,0.0292995839112343
RASGRP4,0.0013411304778772589,0.6318407960199005,-0.6767330766363815,CREB1_pDS269,0.0251386962552011
CAPN12,0.00021451639866271112,0.3283582089552239,-0.09329940569695742,CREB1_pDS269,0.0043342579750346
GMFG,0.018266018754971587,0.7164179104477612,-0.6186877589070359,CREB1_pDS269,0.8732662968099861
ZFP36,0.000930437406828662,0.8606965174129353,-0.8729515354766993,CREB1_pDS269,0.0277392510402219
ZNF546,0.0008575143967154526,0.5422885572139303,-0.6345535301467423,CREB1_pDS269,0.0126560332871012
PRX,0.00023501054566046203,0.5323383084577115,-0.3553947549048746,CREB1_pDS269,0.0058945908460471
SERTAD1,0.0058010880271366005,0.8756218905472637,-0.8536443383232958,CREB1_pDS269,0.1012482662968099
SERTAD3,0.005252619737438749,0.9104477611940298,-1.0485178314199874,CREB1_pDS269,0.1790915395284327
BLVRB,0.070197878507436,0.029850746268656716,2.6218714714859095,CREB1_pDS269,1.743238557558946
AXL,0.005891745921449343,0.24378109452736318,1.0887087083471816,CREB1_pDS269,0.0140429958391123
TGFB1,0.014204663268617251,0.9353233830845771,-1.077249279341125,CREB1_pDS269,0.9667128987517336
CCDC97,0.011222114401520442,0.3383084577114428,0.32755523142101634,CREB1_pDS269,0.0292995839112343
BCKDHA,9.32985499125891e-05,0.8258706467661692,-0.884870839304165,CREB1_pDS269,0.0292995839112343
ZNF526,0.010890257285633063,0.2537313432835821,0.7974701639403545,CREB1_pDS269,0.0292995839112343
ZNF576,0.018434428108237783,0.4228855721393035,0.062063202068347284,CREB1_pDS269,0.3651178918169209
CADM4,0.005513074737823088,0.12437810945273632,0.8964851253056838,CREB1_pDS269,0.0292995839112343
PLAUR,0.024679976543601736,0.08955223880597014,1.6212310323752641,CREB1_pDS269,0.1705963938973647
ZNF284,9.592730683471237e-05,0.22885572139303484,0.7477034658452896,CREB1_pDS269,0.0027739251040221
ZNF180,0.005088482406084581,0.5472636815920398,-0.17026211667287183,CREB1_pDS269,0.0357142857142857
BCL3,0.0002499203590476615,0.13930348258706468,-0.006073321312095614,CREB1_pDS269,0.0036407766990291
APOE,0.06766551747755481,0.029850746268656716,2.6916349699686033,CREB1_pDS269,6.851074895977809
APOC1,0.09839479878438874,0.004975124378109453,6.856642958835235,CREB1_pDS269,9.58616504854369
RELB,0.007858571490358237,0.05472636815920398,1.1150650579515504,CREB1_pDS269,0.0149098474341192
TRAPPC6A,0.024299459222413163,0.5373134328358209,-0.24823911814618607,CREB1_pDS269,1.0488904299583912
CKM,0.01229478626876558,0.1044776119402985,1.6153713386265558,CREB1_pDS269,0.0270457697642163
KLC3,0.0006002020270075585,0.48258706467661694,-0.22460552904545403,CREB1_pDS269,0.0052011095700416
FOSB,0.001025161715109241,0.11940298507462686,1.2040346542157447,CREB1_pDS269,0.0024271844660194
VASP,0.010429497788783128,0.9303482587064676,-1.2040134242944298,CREB1_pDS269,0.5298196948682385
GIPR,0.006401111193517733,0.5472636815920398,0.5249602609612062,CREB1_pDS269,0.0110957004160887
AC006262.5,0.0056005207480891795,0.5422885572139303,-0.3026827483413021,CREB1_pDS269,0.0442094313453536
ZC3H4,0.02314221425846735,0.01990049751243781,2.7731476202105045,CREB1_pDS269,0.0813106796116504
BBC3,0.025936413695499802,0.0945273631840796,1.656335124420336,CREB1_pDS269,0.1414701803051317
PRR24,0.026121713787783808,0.17412935323383086,0.8399960570595216,CREB1_pDS269,0.2773925104022191
EMP3,0.15371775261780385,0.004975124378109453,9.83083658529359,CREB1_pDS269,4.0596393897364775
KCNJ14,0.0002894322774883391,0.472636815920398,-0.40883897641905415,CREB1_pDS269,0.0071081830790568
PPP1R15A,0.02535870287578271,0.23383084577114427,0.6589127011695036,CREB1_pDS269,0.3753467406380028
FTL,0.033323336280251956,0.009950248756218905,4.553517994486854,CREB1_pDS269,101.50884188626908
PTH2,0.001124006521304683,0.9303482587064676,-0.4439901888503483,CREB1_pDS269,0.0031206657420249
RPL13A,0.007247492912925484,0.945273631840796,-1.2877682761514386,CREB1_pDS269,105.8014909847434
FCGRT,0.03140554406569973,0.11940298507462686,1.0745022116937406,CREB1_pDS269,0.4042995839112344
IRF3,0.01767537470142493,0.44776119402985076,-0.13480296806132008,CREB1_pDS269,0.0292995839112343
TSKS,8.205477137226662e-05,0.2537313432835821,0.6950034358792833,CREB1_pDS269,0.0026005547850208
KCNC3,0.006964931708183404,0.05970149253731343,1.2309525181305758,CREB1_pDS269,0.0124826629680998
LRRC4B,0.002774958915503361,0.746268656716418,-0.8633210137345084,CREB1_pDS269,0.0388349514563106
C19orf84,0.00018239171237752156,0.8756218905472637,-0.4559169321999304,CREB1_pDS269,0.0057212205270457
ZNF350,4.6806675545677034e-05,0.681592039800995,-0.5669165294549336,CREB1_pDS269,0.0031206657420249
ZNF841,0.005680912080970436,0.4577114427860697,0.3287783316622805,CREB1_pDS269,0.009882108183079
ZNF616,0.0005208424800610852,0.8258706467661692,-1.243800550372314,CREB1_pDS269,0.0232316227461858
ZNF528,0.00014044882660863212,0.48258706467661694,-0.3609292944513743,CREB1_pDS269,0.0064147018030513
CTD-2331H12.7,4.8045257953786544e-05,0.39800995024875624,0.16899288460369644,CREB1_pDS269,0.0032940360610263
TMC4,0.00011898950684203668,0.4129353233830846,-0.11309242067162033,CREB1_pDS269,0.0060679611650485
LENG8-AS1,0.00015720358993230444,0.12935323383084577,-0.09973078205053745,CREB1_pDS269,0.0058945908460471
CDC42EP5,0.0016337331825697853,0.6268656716417911,0.22630917084207935,CREB1_pDS269,0.0032940360610263
NLRP2,0.013882337205316533,0.4527363184079602,-0.186049243582811,CREB1_pDS269,0.0292995839112343
CTC-550B14.7,0.00048489532432311513,0.35323383084577115,0.3628859880176722,CREB1_pDS269,0.0038141470180305
GP6,0.03565377968277009,0.004975124378109453,8.310180728997624,CREB1_pDS269,0.0213245492371705
TNNT1,0.06032606666828365,0.04975124378109453,2.0613206158067725,CREB1_pDS269,1.853502080443828
TNNI3,0.014950246834023276,0.1691542288557214,1.0089741814442776,CREB1_pDS269,0.0787101248266296
CTD-2587H24.5,5.545014558766089e-05,0.4427860696517413,0.03703611528816598,CREB1_pDS269,0.0017337031900138
CTD-2587H24.10,9.074503536549525e-05,0.7213930348258707,-0.6433838812997398,CREB1_pDS269,0.002253814147018
UBE2S,0.025785044716824225,0.7512437810945274,-0.6947834488017703,CREB1_pDS269,2.2064840499306517
AC007228.11,0.000929586968645735,0.6019900497512438,-0.3879139000700071,CREB1_pDS269,0.0020804438280166
ZNF470,0.00013785898039140628,0.5621890547263682,-0.4829220544138541,CREB1_pDS269,0.0117891816920943
ZNF543,0.00017175446281288427,0.3034825870646766,-0.0053308854321451596,CREB1_pDS269,0.0058945908460471
TRAPPC2P1,0.007520552988268151,0.9203980099502488,-1.0309722719180923,CREB1_pDS269,0.1471914008321775
ZNF419,0.0005067813934027573,0.527363184079602,-0.829454969254423,CREB1_pDS269,0.007628294036061
ZNF551,0.012543214593849166,0.10945273631840796,1.6955210910412268,CREB1_pDS269,0.0292995839112343
ZNF552,0.006269686741133821,0.417910447761194,0.07900920448738771,CREB1_pDS269,0.0211511789181692
ZNF256,0.0006453644887737304,0.35323383084577115,-0.40885586702919297,CREB1_pDS269,0.007628294036061
ZNF606,0.006341006893786587,0.43781094527363185,-0.014054472639071988,CREB1_pDS269,0.0292995839112343
ZNF324,0.005872713108054273,0.7213930348258707,-0.6297904221227764,CREB1_pDS269,0.0292995839112343
ZNF446,0.0012127603980924882,0.7611940298507462,-0.681643554918653,CREB1_pDS269,0.0126560332871012
CECR7,0.005391379763009589,0.07960199004975124,1.8112364349216554,CREB1_pDS269,0.0105755894590846
AC006946.16,0.00011114767419751238,0.0945273631840796,-0.008909139042511451,CREB1_pDS269,0.004507628294036
IL17RA,0.014347393062520973,0.03482587064676617,2.2324910140892382,CREB1_pDS269,0.0449029126213592
SLC25A18,0.00011354152254719738,0.8009950248756219,-0.7753365186736054,CREB1_pDS269,0.0034674063800277
AC004463.6,0.02861926092484677,0.06467661691542288,1.8894069648177987,CREB1_pDS269,0.1808252427184466
CLTCL1,0.00012339001235021197,0.43283582089552236,-0.6392286442805118,CREB1_pDS269,0.012135922330097
AC000068.9,0.0003893300446419643,0.14925373134328357,1.1459770577875381,CREB1_pDS269,0.0024271844660194
CDC45,0.03695648072956802,0.39800995024875624,0.165739359194764,CREB1_pDS269,1.8399791955617195
MED15,0.013444324789404431,0.7761194029850746,-0.8740091453899579,CREB1_pDS269,0.5553051317614425
SDF2L1,0.031026541628863286,0.263681592039801,0.41005766303599517,CREB1_pDS269,13.733356449375869
YPEL1,0.000667041193527152,0.7910447761194029,-0.5022180468558135,CREB1_pDS269,0.0086685159500693
LL22NC03-86G7.1,0.006111180764232231,0.4626865671641791,0.6961364936355546,CREB1_pDS269,0.009882108183079
ZNF280A,0.003269360680542014,0.4626865671641791,-0.5428226832584033,CREB1_pDS269,0.0199375866851595
PRAME,0.04341660054293778,0.10945273631840796,1.1764851480715102,CREB1_pDS269,4.645804438280167
IGLL1,4.20119067625464e-05,0.527363184079602,-0.14376023971245183,CREB1_pDS269,0.0292995839112343
AP000350.5,0.0005339905793797796,0.05472636815920398,1.7278512733338611,CREB1_pDS269,0.0039875173370319
CRYBA4,0.005385853868982413,0.01990049751243781,3.7418687577818104,CREB1_pDS269,0.0065880721220527
XBP1,0.024447294993574214,0.4577114427860697,-0.12853019418279032,CREB1_pDS269,0.7482662968099861
RASL10A,6.114016002280561e-05,0.31840796019900497,0.43584606261315534,CREB1_pDS269,0.0043342579750346
NEFH,0.008507569188226838,0.8159203980099502,-0.8638080039668181,CREB1_pDS269,0.2600554785020804
MTMR3,0.0016392856219709824,0.8955223880597015,-1.0844030620230836,CREB1_pDS269,0.0433425797503467
SLC35E4,0.0005753804521396066,0.05472636815920398,1.780498594092731,CREB1_pDS269,0.004507628294036
MORC2-AS1,0.005056093506949408,0.3283582089552239,0.5694079741180169,CREB1_pDS269,0.0199375866851595
TUG1,0.025581143076897635,0.07462686567164178,1.7252621521782505,CREB1_pDS269,0.1638349514563107
SELM,0.00872322679953007,0.4079601990049751,-0.028856119169269123,CREB1_pDS269,0.0804438280166435
AC005003.1,0.0006121418155653694,0.29850746268656714,-0.05487261298563204,CREB1_pDS269,0.0048543689320388
FBXO7,0.012001909480197559,0.9651741293532339,-1.4447897660344498,CREB1_pDS269,0.6967753120665742
MCM5,0.018496584240455007,0.681592039800995,-0.5617896142610118,CREB1_pDS269,0.6950416088765603
APOL4,0.00023974413318452142,0.20398009950248755,-0.295016741802607,CREB1_pDS269,0.007628294036061
APOL2,0.013025945769342472,0.06467661691542288,1.9862695726231914,CREB1_pDS269,0.0306865464632454
FOXRED2,0.006246048125816347,0.8159203980099502,-0.8732729737030687,CREB1_pDS269,0.1052357836338418
EIF3D,0.01942000451002374,0.8159203980099502,-0.8808288642863283,CREB1_pDS269,1.542995839112344
IFT27,0.004374158476693997,0.8756218905472637,-1.121174572691142,CREB1_pDS269,0.1393897364771151
KCTD17,0.00039288906512775546,0.12935323383084577,-0.2254019192809708,CREB1_pDS269,0.0062413314840499
IL2RB,0.00012943279798644623,0.6716417910447762,-0.3343743985961939,CREB1_pDS269,0.0126560332871012
RAC2,0.01386715396124611,0.9552238805970149,-1.1614760044835284,CREB1_pDS269,0.8661581137309292
CDC42EP1,0.012016070634868078,0.9900497512437811,-1.513905207325746,CREB1_pDS269,1.1614077669902914
LGALS1,0.015061605398481418,0.9353233830845771,-1.1989588167007814,CREB1_pDS269,1.3278432732316228
MAFF,0.0030238970601650698,0.6019900497512438,-0.5867353659843477,CREB1_pDS269,0.0324202496532593
TMEM184B,0.03574605169484508,0.004975124378109453,4.884505231361486,CREB1_pDS269,0.0856449375866851
RP3-508I15.9,0.00043299410998773536,0.21393034825870647,-0.23861641854534602,CREB1_pDS269,0.0292995839112343
JOSD1,0.009507114525596508,0.30845771144278605,0.18612741675408515,CREB1_pDS269,0.0833911234396671
RP3-508I15.21,0.00189696785418518,0.7313432835820896,-0.9575005584363039,CREB1_pDS269,0.0292995839112343
TAB1,0.008161753531373273,0.4079601990049751,-0.08766443474812788,CREB1_pDS269,0.0292995839112343
ATF4,0.03394799003173695,0.4228855721393035,-0.003853184517397576,CREB1_pDS269,1.854022191400832
GRAP2,0.006317364568070657,0.19402985074626866,1.1739748009742346,CREB1_pDS269,0.01751040221914
RP5-1042K10.10,0.00016170303162048582,0.43283582089552236,-0.6458606904146832,CREB1_pDS269,0.0069348127600554
RP5-821D11.7,0.006230012163426055,0.03980099502487562,1.598060676237481,CREB1_pDS269,0.0097087378640776
NAGA,0.028306178227541216,0.009950248756218905,4.280874074909635,CREB1_pDS269,0.0292995839112343
RNU12,0.00017373584144726083,0.03980099502487562,1.9937831307720226,CREB1_pDS269,0.0052011095700416
ARFGAP3,0.01312839390587968,0.12437810945273632,1.3763569558422635,CREB1_pDS269,0.0455963938973647
TTLL1,0.00036485705860296017,0.8805970149253731,-0.1504575853778208,CREB1_pDS269,0.0055478502080443
BIK,0.00023260093987449967,0.1890547263681592,0.7360926516840106,CREB1_pDS269,0.0038141470180305
GTSE1,0.02433458477748697,0.2935323383084577,0.2743930124543491,CREB1_pDS269,0.397884882108183
CTA-29F11.1,0.017364561941685452,0.6069651741293532,-0.4483745598910601,CREB1_pDS269,0.4566574202496533
RP1-29C18.10,0.0017874146489406232,0.736318407960199,-0.9587707770579208,CREB1_pDS269,0.0292995839112343
PANX2,6.014817134737052e-05,0.8159203980099502,-0.9388601977843118,CREB1_pDS269,0.004507628294036
CPT1B,3.936981472691767e-05,0.47761194029850745,0.1701671208555573,CREB1_pDS269,0.0020804438280166
RBM11,0.0006002959697009456,0.7810945273631841,-0.32126142544372155,CREB1_pDS269,0.0041608876560332
SAMSN1,0.011366736909540764,0.8507462686567164,-0.9933455974139999,CREB1_pDS269,0.4840499306518724
AF127936.7,0.0012379144542655953,0.18407960199004975,-0.35613122454810175,CREB1_pDS269,0.0064147018030513
BTG3,0.02111069571067935,0.263681592039801,0.4533303821347491,CREB1_pDS269,0.0292995839112343
AF240627.2,0.0052677878925335925,0.1691542288557214,1.4978572022439793,CREB1_pDS269,0.0072815533980582
LTN1,0.01189465868360646,0.32338308457711445,0.18083265112218147,CREB1_pDS269,0.1097434119278779
BACH1,0.006344727357578257,0.5074626865671642,-0.11783230373783538,CREB1_pDS269,0.0527045769764216
BACH1-IT2,2.8598323968195477e-05,0.5422885572139303,-0.1712522697434624,CREB1_pDS269,0.0017337031900138
RP11-313P22.1,0.000416790836245089,0.9154228855721394,-1.1664044844155723,CREB1_pDS269,0.0017337031900138
TCP10L,0.0002494663257040437,0.9054726368159204,-0.43945401891832947,CREB1_pDS269,0.0039875173370319
SYNJ1,0.0016246202070230981,0.8109452736318408,-1.234044756581239,CREB1_pDS269,0.0135228848821081
IL10RB-AS1,9.115469975502962e-05,0.27860696517412936,0.5890295745268879,CREB1_pDS269,0.0026005547850208
GART,0.015836665978850247,0.8407960199004975,-0.9470044305869537,CREB1_pDS269,0.0292995839112343
SON,0.02616190627208932,0.6666666666666666,-0.5786363409258328,CREB1_pDS269,1.936373092926491
CRYZL1,0.038146531411812346,0.04477611940298507,1.9109585410571306,CREB1_pDS269,0.3391123439667129
RUNX1,0.0185154861864634,0.3383084577114428,0.11097877046941783,CREB1_pDS269,0.0292995839112343
AP000692.10,0.000495775212682998,0.9203980099502488,-0.9266636330641165,CREB1_pDS269,0.0161234396671289
AP001412.1,0.00013867983840624285,0.21393034825870647,-0.052950833203804705,CREB1_pDS269,0.0038141470180305
KCNJ6,0.0001463989948161171,0.07462686567164178,1.5324775313523036,CREB1_pDS269,0.0020804438280166
DSCR8,0.016333299778571963,0.7661691542288557,-0.8078782627933847,CREB1_pDS269,0.6933079056865464
DSCR10,0.0001014617191671913,0.8009950248756219,-0.8272239235490446,CREB1_pDS269,0.002253814147018
TMPRSS3,0.00017721848834047213,0.024875621890547265,0.0052569247132791905,CREB1_pDS269,0.0081484049930651
SLC37A1,0.019134641835111786,0.13930348258706468,1.444129585073131,CREB1_pDS269,0.1158113730929265
HSF2BP,0.005459350595587686,0.6517412935323383,0.18234299945841662,CREB1_pDS269,0.0145631067961165
ITGB2,0.0017193754153602549,0.5124378109452736,-0.5168754580783809,CREB1_pDS269,0.0197642163661581
RP11-54O7.1,3.524311105428028e-05,0.46766169154228854,-0.08340950570979741,DDIT3_pDS263,0.002253814147018
SAMD11,0.0003558727986238136,0.5870646766169154,-0.44914782393308,DDIT3_pDS263,0.0024271844660194
TTLL10,0.00017490453725114484,0.22388059701492538,0.6102985707568724,DDIT3_pDS263,0.0292995839112343
FAM132A,0.0013298127432839117,0.14427860696517414,0.9218987903858676,DDIT3_pDS263,0.0050277392510402
SLC35E2,4.069816734964464e-05,0.3383084577114428,-0.15603810429600587,DDIT3_pDS263,0.0052011095700416
SMIM1,0.04878221647630008,0.009950248756218905,3.775475900458747,DDIT3_pDS263,0.0292995839112343
C1orf174,0.011037965920177523,0.7014925373134329,-0.6564655433350303,DDIT3_pDS263,0.2352635228848821
LINC01134,0.00028575149436481644,0.5920398009950248,-0.37213281645970603,DDIT3_pDS263,0.0036407766990291
ERRFI1,0.00019039953103882696,0.5522388059701493,-0.4387709360486132,DDIT3_pDS263,0.0032940360610263
RP4-635E18.8,0.006059051181740284,0.05970149253731343,1.8903608336230093,DDIT3_pDS263,0.0114424410540915
RP4-635E18.6,0.0026403476406677896,0.8706467661691543,-1.1922521132431905,DDIT3_pDS263,0.0521844660194174
FBXO2,5.8908695771883954e-05,0.7860696517412935,-0.2120130861295007,DDIT3_pDS263,0.0031206657420249
TMEM51,0.0011162690634179818,0.9751243781094527,-1.6779804741972268,DDIT3_pDS263,0.012135922330097
FBLIM1,0.00029848838916334973,0.4925373134328358,-0.26352443223030525,DDIT3_pDS263,0.0017337031900138
SPEN,0.01237914796302275,0.5621890547263682,-0.32382625440185064,DDIT3_pDS263,0.0292995839112343
ZBTB17,0.011645191569476805,0.18407960199004975,0.7592444064867367,DDIT3_pDS263,0.0532246879334257
C1orf134,3.367651480010735e-05,0.5771144278606966,-0.31544739870446653,DDIT3_pDS263,0.002253814147018
RP4-798A10.7,5.899507944724258e-05,0.7114427860696517,-0.6453994812421915,DDIT3_pDS263,0.0032940360610263
ACTL8,0.002929083684419212,0.582089552238806,-0.5171591217342598,DDIT3_pDS263,0.0240984743411927
RP1-43E13.2,2.3186718198205668e-05,0.8805970149253731,-0.1865829673540595,DDIT3_pDS263,0.0058945908460471
TMCO4,4.721287118454166e-05,0.7313432835820896,-0.6808153741265722,DDIT3_pDS263,0.0024271844660194
PINK1-AS,2.5205841486222696e-05,0.7761194029850746,-0.19221410234243444,DDIT3_pDS263,0.0036407766990291
ECE1,0.0017374331776033177,0.9950248756218906,-1.3848387781974874,DDIT3_pDS263,0.0214979195561719
LUZP1,0.00946932873346685,0.8407960199004975,-0.9574520614387713,DDIT3_pDS263,0.2801664355062413
ID3,0.012591627484272241,0.1791044776119403,0.7534337167169716,DDIT3_pDS263,0.0481969486823855
SYF2,0.03946230596428845,0.10945273631840796,1.3002237000266768,DDIT3_pDS263,0.614251040221914
C1orf63,0.028537622214463636,0.16417910447761194,1.0486779953938536,DDIT3_pDS263,0.3191747572815534
RP3-465N24.6,0.00011388729056491447,0.9054726368159204,-0.41265264151287645,DDIT3_pDS263,0.0069348127600554
PAQR7,0.00013091441486310612,0.4079601990049751,-0.14227438071760531,DDIT3_pDS263,0.0050277392510402
STMN1,0.15360130317757348,0.004975124378109453,10.086291981267344,DDIT3_pDS263,5.130721220527046
PDIK1L,0.006234229586394357,0.3034825870646766,0.8550108001450838,DDIT3_pDS263,0.0240984743411927
SH3BGRL3,0.10135346039957624,0.004975124378109453,4.238304793431458,DDIT3_pDS263,2.945735090152566
CD52,0.02102576896329551,0.12935323383084577,1.1562815419770973,DDIT3_pDS263,0.164008321775312
RPS6KA1,0.018565926720328797,0.14427860696517414,1.1051539922032148,DDIT3_pDS263,0.1414701803051317
C1orf172,3.588819821797222e-05,0.2935323383084577,-0.14217502504234641,DDIT3_pDS263,0.0292995839112343
SYTL1,0.00026515745478875117,0.7114427860696517,-0.5213182098733288,DDIT3_pDS263,0.006761442441054
GPR3,8.153006697004149e-05,0.43283582089552236,-0.5548596775701072,DDIT3_pDS263,0.0292995839112343
RP1-159A19.4,9.515280494421304e-05,0.8009950248756219,-0.30047267499636354,DDIT3_pDS263,0.0050277392510402
SESN2,0.011039594503053961,0.39303482587064675,0.074433005611056,DDIT3_pDS263,0.0887656033287101
SNHG12,0.009285615641086521,0.8009950248756219,-0.8939922967319577,DDIT3_pDS263,0.1941747572815534
RAB42,3.70900747465634e-05,0.8656716417910447,-0.6796814729318947,DDIT3_pDS263,0.0020804438280166
YTHDF2,0.014357544680731329,0.8159203980099502,-0.8972351525193756,DDIT3_pDS263,0.6406033287101248
LAPTM5,0.03434164142456335,0.417910447761194,0.10454125259581622,DDIT3_pDS263,2.2987170596393898
SDC3,5.2914295651181964e-05,0.9900497512437811,-1.063976133743929,DDIT3_pDS263,0.0034674063800277
CCDC28B,0.07276702407077133,0.004975124378109453,3.7821796500985916,DDIT3_pDS263,0.9011789181692096
BSDC1,0.017782686048670657,0.5024875621890548,-0.17633832421649512,DDIT3_pDS263,0.3623439667128987
ZBTB8A,0.002136226594522287,0.7263681592039801,-0.7895056007541208,DDIT3_pDS263,0.0331137309292649
CLSPN,0.048741224266150365,0.11442786069651742,1.2212285814789676,DDIT3_pDS263,1.674410540915395
THRAP3,0.025970850428181702,0.6915422885572139,-0.627584040491641,DDIT3_pDS263,1.802357836338419
EVA1B,0.00841361010952256,0.8557213930348259,-0.9456100406235088,DDIT3_pDS263,0.2869278779472954
CSF3R,0.004063416738002824,0.48258706467661694,-0.048184431818213275,DDIT3_pDS263,0.0275658807212205
CDCA8,0.029872364363795412,0.2835820895522388,0.4257147468959164,DDIT3_pDS263,0.6059292649098474
FHL3,0.008222221989745256,1.0,-1.4834916005957588,DDIT3_pDS263,0.6312413314840499
KIAA0754,0.004071530242314024,0.681592039800995,-0.31021469801325857,DDIT3_pDS263,0.0112690707350901
RP1-118J21.25,0.00012676222878508188,0.5671641791044776,-0.21229319954965176,DDIT3_pDS263,0.0078016643550624
MYCL,0.00685160387552255,0.3383084577114428,0.5477643359010416,DDIT3_pDS263,0.0334604715672676
CAP1,0.06138875165019934,0.03980099502487562,2.2452161070601986,DDIT3_pDS263,1.8044382801664356
RP1-39G22.7,0.02383206132140804,0.2736318407960199,0.47543328380163147,DDIT3_pDS263,0.0292995839112343
RIMS3,7.280451771041721e-05,0.5124378109452736,-0.5419166367142274,DDIT3_pDS263,0.0084951456310679
RIMKLA,3.194621197125365e-05,0.5920398009950248,-0.3606068535892678,DDIT3_pDS263,0.0026005547850208
EBNA1BP2,0.053262617115278126,0.0845771144278607,1.6576417037162645,DDIT3_pDS263,4.639563106796117
CDC20,0.03933875782221614,0.14925373134328357,0.9896865545204425,DDIT3_pDS263,0.8997919556171984
HYI,0.003908625224950099,0.9253731343283582,-1.0949231806004323,DDIT3_pDS263,0.0292995839112343
ST3GAL3,0.006201688746287732,0.40298507462686567,0.0963061619175054,DDIT3_pDS263,0.0292995839112343
RP11-7O11.3,0.00484121778250296,0.3880597014925373,0.7000036958167429,DDIT3_pDS263,0.0088418862690707
CCDC24,0.006955358334762521,0.21393034825870647,1.0057518109890644,DDIT3_pDS263,0.0244452149791955
PTCH2,5.9300502927051965e-05,0.03980099502487562,0.12172475433883548,DDIT3_pDS263,0.0038141470180305
PRDX1,0.020999976158870136,0.6567164179104478,-0.5615182911009011,DDIT3_pDS263,12.192961165048544
RP4-533D7.5,0.0011347618714069576,0.03482587064676617,2.649721562311077,DDIT3_pDS263,0.0029472954230235
CYP4A22-AS1,3.189705296576562e-05,0.6915422885572139,-0.4997767734207567,DDIT3_pDS263,0.002253814147018
LINC00853,0.005780415937454341,0.31343283582089554,0.4795052909633701,DDIT3_pDS263,0.0114424410540915
RP1-18D14.7,0.000132055676411801,0.5074626865671642,-0.09002331553873295,DDIT3_pDS263,0.0027739251040221
RNF11,0.008795288805606578,0.5621890547263682,-0.32391742261795187,DDIT3_pDS263,0.1314147018030513
RP11-191G24.1,6.333452001405986e-05,0.7512437810945274,-0.36234649907718014,DDIT3_pDS263,0.0071081830790568
TXNDC12,0.03535462735886611,0.3582089552238806,0.19792903712812074,DDIT3_pDS263,1.34500693481276
ZYG11B,0.002067134111837246,0.9850746268656716,-1.1633850812334146,DDIT3_pDS263,0.065880721220527
TMEM59,0.024261556642401996,0.736318407960199,-0.6556985048720043,DDIT3_pDS263,1.774618585298197
RP11-67L3.4,0.0015634796377463676,0.48258706467661694,-0.493616450796279,DDIT3_pDS263,0.0133495145631067
JUN,0.008869911055569904,0.5124378109452736,-0.24767609349926434,DDIT3_pDS263,0.1045423023578363
RP4-794H19.1,2.3673728264335096e-05,0.43781094527363185,-0.15212582424631702,DDIT3_pDS263,0.0027739251040221
RP4-792G4.2,0.04004899569935954,0.009950248756218905,3.2738082887637163,DDIT3_pDS263,0.1737170596393897
JAK1,0.026113308578940245,0.13432835820895522,1.1687449492544417,DDIT3_pDS263,0.2609223300970874
GADD45A,0.038573013558075575,0.2885572139303483,0.35253610969364674,DDIT3_pDS263,1.6471914008321775
DEPDC1,0.02028678848859261,0.15422885572139303,0.9635075499493692,DDIT3_pDS263,0.1858529819694868
SLC44A5,4.0474131231654333e-05,0.44776119402985076,0.03611430542039532,DDIT3_pDS263,0.0026005547850208
DNAJB4,0.007452813730591471,0.2736318407960199,0.4335151383559268,DDIT3_pDS263,0.0457697642163661
PRKACB,8.229868635241185e-05,0.8706467661691543,-0.43635300955301276,DDIT3_pDS263,0.0088418862690707
CTBS,0.005952212351498256,0.7711442786069652,-0.8202288823827619,DDIT3_pDS263,0.0292995839112343
ODF2L,0.03287062878354822,0.14427860696517414,1.0982645503332893,DDIT3_pDS263,0.4259708737864077
CLCA1,0.010384707874172122,0.9154228855721394,-1.1430606787838766,DDIT3_pDS263,0.5022538141470181
RP4-612B15.3,7.069578630319398e-05,0.2537313432835821,-0.16796310147616747,DDIT3_pDS263,0.0083217753120665
PKN2,0.006949132766245516,0.6965174129353234,-0.6140538939557467,DDIT3_pDS263,0.0948335644937586
GTF2B,0.009883852929997475,0.8955223880597015,-1.021734540842655,DDIT3_pDS263,0.3368585298196949
ZNF326,0.03188398514471817,0.22885572139303484,0.6369115453928625,DDIT3_pDS263,0.574375866851595
BTBD8,0.004339974626226638,0.04975124378109453,2.5797294472039143,DDIT3_pDS263,0.004507628294036
FNBP1L,0.0005559196599842453,0.9601990049751243,-0.9546370045824689,DDIT3_pDS263,0.0292995839112343
DNTTIP2,0.018994772139461186,0.5920398009950248,-0.48299269301209985,DDIT3_pDS263,0.6139042995839112
RWDD3,4.8775781436528454e-05,0.6368159203980099,-0.16611430126463647,DDIT3_pDS263,0.0041608876560332
PTBP2,0.007740098454304382,0.14925373134328357,0.9068921388060434,DDIT3_pDS263,0.0242718446601941
RP4-549L20.3,0.005279039935781328,0.1691542288557214,1.4784477420568019,DDIT3_pDS263,0.0110957004160887
STXBP3,0.0031363238983251546,0.9701492537313433,-1.4156856984208268,DDIT3_pDS263,0.0738557558945908
WDR47,0.0006303989255347992,0.31343283582089554,-0.35674250224822507,DDIT3_pDS263,0.0078016643550624
RP5-1065J22.8,0.0068423755939590976,0.3034825870646766,0.46650610926099445,DDIT3_pDS263,0.0232316227461858
KIAA1324,5.528796072947447e-05,0.46766169154228854,-0.06466115864532455,DDIT3_pDS263,0.002253814147018
GSTM2,1.676419387693537e-05,0.39800995024875624,0.009953856885623426,DDIT3_pDS263,0.0029472954230235
RP5-1074L1.4,0.003952590880698144,0.5572139303482587,-0.3893400065345068,DDIT3_pDS263,0.0287794729542302
LAMTOR5-AS1,0.007992099698991952,0.0945273631840796,1.3869347859926675,DDIT3_pDS263,0.0292995839112343
CD53,0.015786353119109454,0.38308457711442784,-0.10552213829293661,DDIT3_pDS263,0.211511789181692
LRIF1,0.01955494160468474,0.48258706467661694,-0.14737843386108035,DDIT3_pDS263,0.3743065187239944
DENND2D,0.048189143872227724,0.04477611940298507,1.9504014656087545,DDIT3_pDS263,0.5892857142857143
CHI3L2,0.07785492720857426,0.06965174129353234,1.9956516587933053,DDIT3_pDS263,2.55253120665742
OVGP1,3.7341974085133464e-05,0.4079601990049751,0.19936712886152272,DDIT3_pDS263,0.002253814147018
RHOC,0.04971678067954736,0.0945273631840796,1.4836494089911596,DDIT3_pDS263,1.1385228848821085
ZNF697,5.675493368978507e-05,0.6019900497512438,-0.3357949246490667,DDIT3_pDS263,0.0038141470180305
PHGDH,0.01299029601020199,0.5920398009950248,-0.3840592035964963,DDIT3_pDS263,0.209257975034674
RP11-417J8.6,0.00015587184366329845,0.5223880597014925,-0.4936675663243087,DDIT3_pDS263,0.004507628294036
NBPF10,0.025051353462891224,0.004975124378109453,3.8383958660849635,DDIT3_pDS263,0.0445561719833564
TXNIP,0.012442981620324726,0.5621890547263682,-0.36194603739379644,DDIT3_pDS263,0.1633148404993065
ITGA10,5.198819430936117e-05,0.5572139303482587,-0.3141794462883397,DDIT3_pDS263,0.002253814147018
RP11-337C18.8,0.005076299524642906,0.22885572139303484,1.0019356612050392,DDIT3_pDS263,0.0123092926490984
RP11-14N7.2,0.009226616585275366,0.05472636815920398,1.460453726106897,DDIT3_pDS263,0.0254854368932038
RP11-277L2.3,7.027870515475073e-05,0.5124378109452736,-0.18078806481206888,DDIT3_pDS263,0.0017337031900138
HIST2H2BF,0.00010117530024466945,0.7661691542288557,-0.150654958493999,DDIT3_pDS263,0.002253814147018
RP11-196G18.24,0.0014747972426694671,0.5174129353233831,-0.596286864100447,DDIT3_pDS263,0.0142163661581137
HIST2H2BE,0.009281474153731536,0.6019900497512438,-0.4561178356526176,DDIT3_pDS263,0.1180651872399445
HIST2H2AC,0.01784783396055988,0.36318407960199006,0.11712544837461106,DDIT3_pDS263,0.2548543689320388
SV2A,0.0001307634299793183,0.43283582089552236,-0.27312737191386277,DDIT3_pDS263,0.0292995839112343
RPRD2,0.0062664369211112465,0.7910447761194029,-0.7096340702694972,DDIT3_pDS263,0.0957004160887656
ECM1,0.0002795672778368698,0.18407960199004975,-0.06468919563414316,DDIT3_pDS263,0.0124826629680998
LINC00568,0.00010157451867625668,0.43283582089552236,-0.2277429338283624,DDIT3_pDS263,0.0053744798890429
MCL1,0.0448517673434797,0.03482587064676617,2.381210227371103,DDIT3_pDS263,0.3876560332871012
CTSS,0.007520556090752375,0.6865671641791045,-0.5855690674809425,DDIT3_pDS263,0.1078363384188626
FAM63A,0.005212906435524704,0.3034825870646766,0.6384073392950047,DDIT3_pDS263,0.012135922330097
C1orf56,0.0008694085492240173,0.8855721393034826,-0.8916183224870738,DDIT3_pDS263,0.0166435506241331
CDC42SE1,0.010797521117938197,0.8159203980099502,-0.7941556172111305,DDIT3_pDS263,0.2761789181692094
MLLT11,0.03594115402143186,0.208955223880597,0.8940823273906091,DDIT3_pDS263,0.5773231622746186
LYSMD1,0.00011956256701151371,0.6069651741293532,-0.6011462399697405,DDIT3_pDS263,0.0069348127600554
S100A11,0.05547132548508018,0.10945273631840796,1.5408923532559886,DDIT3_pDS263,2.162274618585298
S100A4,0.020845150601860898,0.22885572139303484,0.7262144735178017,DDIT3_pDS263,0.2009361997226074
S100A16,1.600122586745563e-05,0.42786069651741293,0.038246949530798706,DDIT3_pDS263,0.0292995839112343
S100A13,0.030844058229900138,0.263681592039801,0.47336337670093503,DDIT3_pDS263,0.6217059639389736
S100A1,0.011444722873313936,0.1791044776119403,0.9436076586436097,DDIT3_pDS263,0.052877947295423
RP1-178F15.4,0.005483169547855958,0.46766169154228854,0.34916784991877675,DDIT3_pDS263,0.0136962552011095
RAB13,0.0002195765106846923,0.6318407960199005,-0.3079175243137877,DDIT3_pDS263,0.0055478502080443
PBXIP1,0.006281969659594954,0.15422885572139303,1.2690947331707378,DDIT3_pDS263,0.0123092926490984
MUC1,0.0017902971160187835,0.835820895522388,-0.9583394808621948,DDIT3_pDS263,0.0273925104022191
THBS3,0.00034606305743642305,0.31840796019900497,-0.3203058455828613,DDIT3_pDS263,0.0039875173370319
FDPS,0.03136183035170047,0.46766169154228854,-0.1591538497421733,DDIT3_pDS263,2.542995839112344
RAB25,4.432234564321507e-05,0.3034825870646766,0.7368641998990444,DDIT3_pDS263,0.0020804438280166
LMNA,0.018721413258605917,0.48756218905472637,-0.17549594101967556,DDIT3_pDS263,0.3770804438280166
C1orf61,0.01874571117815748,0.01990049751243781,3.347528266685645,DDIT3_pDS263,0.0454230235783633
MEF2D,0.00849357149191453,0.1044776119402985,1.1186170182092956,DDIT3_pDS263,0.0211511789181692
HAPLN2,0.0003037663314642483,0.9552238805970149,-1.0009499407493305,DDIT3_pDS263,0.0164701803051317
RP11-284F21.9,0.0014747576338887281,0.6666666666666666,-0.7608136095148484,DDIT3_pDS263,0.009882108183079
CRABP2,9.384313056569084e-05,0.5422885572139303,-0.3564041482771935,DDIT3_pDS263,0.002253814147018
SH2D2A,0.011527829808727224,0.06467661691542288,1.9814289500432731,DDIT3_pDS263,0.029126213592233
NTRK1,0.0044611700486527385,0.7263681592039801,-0.7539104124844868,DDIT3_pDS263,0.0825242718446602
PEA15,0.003400615800806561,0.9751243781094527,-1.2066212781345353,DDIT3_pDS263,0.1289875173370319
RP11-574F21.2,2.8570407322477114e-05,0.39303482587064675,-0.11719229915394379,DDIT3_pDS263,0.0046809986130374
NCSTN,0.032942142391309756,0.03482587064676617,2.4312526004581816,DDIT3_pDS263,0.1704230235783634
NHLH1,6.501286063827707e-05,0.06965174129353234,-0.04600796043525643,DDIT3_pDS263,0.0031206657420249
VANGL2,0.00793356870311021,0.22885572139303484,0.508266607411789,DDIT3_pDS263,0.0292995839112343
SLAMF6,4.013208101990934e-05,0.3482587064676617,-0.0438232856341647,DDIT3_pDS263,0.0292995839112343
ARHGAP30,8.750407341452496e-06,0.6069651741293532,-0.3455241097159422,DDIT3_pDS263,0.0017337031900138
PFDN2,0.020736565303276312,0.8855721393034826,-0.9721424885338307,DDIT3_pDS263,4.19625520110957
RP11-297K8.2,6.594859452494498e-05,0.1691542288557214,0.6687381825836016,DDIT3_pDS263,0.002253814147018
USP21,0.003732516281066952,0.9402985074626866,-1.203442895488302,DDIT3_pDS263,0.0643203883495145
FCER1G,0.02143198422239687,0.47761194029850745,-0.18728267656928926,DDIT3_pDS263,0.4729542302357836
FCGR2A,0.01207622710832825,0.22388059701492538,0.6695877440680185,DDIT3_pDS263,0.0721220527045769
PBX1,0.00018769671158502284,0.18407960199004975,0.5348107203616925,DDIT3_pDS263,0.0024271844660194
TMCO1,0.03584697955107042,0.3681592039800995,0.18411676420258022,DDIT3_pDS263,1.844486823855756
RP11-277B15.3,0.0033725807860465725,0.48756218905472637,-0.27771586995047687,DDIT3_pDS263,0.0223647711511789
MPC2,0.08107511226031028,0.004975124378109453,4.093850703243373,DDIT3_pDS263,1.444174757281553
GORAB,0.004028319690227382,0.6019900497512438,-0.5694272293213264,DDIT3_pDS263,0.039008321775312
TOR3A,0.07055180880797651,0.004975124378109453,3.3819555553532568,DDIT3_pDS263,0.9927184466019418
ABL2,0.01725167327012564,0.2885572139303483,0.4166306572261609,DDIT3_pDS263,0.1950416088765603
RP11-533E19.7,0.005432010043290575,0.23880597014925373,0.6276108714438453,DDIT3_pDS263,0.0133495145631067
KIAA1614,0.00014045735550942068,0.43781094527363185,-0.1588005809537775,DDIT3_pDS263,0.0048543689320388
RP11-46A10.4,7.100025998315941e-05,0.9900497512437811,-0.2857815078014224,DDIT3_pDS263,0.006761442441054
IER5,0.015007249115345156,0.15920398009950248,1.0339747857100385,DDIT3_pDS263,0.1104368932038835
RNASEL,0.00424818351020377,0.4527363184079602,0.30551230729015844,DDIT3_pDS263,0.013002773925104
RGS16,0.06502854264180885,0.004975124378109453,5.276097639703201,DDIT3_pDS263,0.2688973647711511
RP11-317P15.4,5.501193881165353e-05,0.845771144278607,-0.36527411685528516,DDIT3_pDS263,0.0055478502080443
LAMC1,0.0001318381944256337,0.4079601990049751,-0.09112584522405898,DDIT3_pDS263,0.002253814147018
SWT1,0.0007124353758834773,0.9104477611940298,-1.3189866250405808,DDIT3_pDS263,0.0086685159500693
C1orf27,0.01988398843562854,0.26865671641791045,0.49737889285763454,DDIT3_pDS263,0.2239944521497919
RP11-445P19.3,0.0041366368826558616,0.47761194029850745,0.10864322299662627,DDIT3_pDS263,0.0124826629680998
RGS2,0.011229398082954773,0.05970149253731343,2.1541486324578947,DDIT3_pDS263,0.0220180305131761
ASPM,0.009823883763708213,0.9203980099502488,-1.2052473415888227,DDIT3_pDS263,0.4264909847434119
ZBTB41,0.00501847337718845,0.6517412935323383,0.09409891004309767,DDIT3_pDS263,0.0135228848821081
C1orf53,0.016897089391169833,0.21890547263681592,0.7208308279991584,DDIT3_pDS263,0.1333217753120665
IPO9-AS1,0.008407808741512654,0.14925373134328357,1.0870040732310688,DDIT3_pDS263,0.0277392510402219
PTPN7,0.032416588297519436,0.05970149253731343,2.018437129213196,DDIT3_pDS263,0.2496532593619972
PCAT6,0.005048988098164092,0.47761194029850745,-0.08653542744011376,DDIT3_pDS263,0.0178571428571428
BTG2,0.02278527841487208,0.004975124378109453,3.0210761296749835,DDIT3_pDS263,0.0710818307905686
ATP2B4,0.0072633434162492376,0.11940298507462686,1.216289187269441,DDIT3_pDS263,0.0145631067961165
ZBED6,0.009916980295857544,0.19900497512437812,0.8953872048943509,DDIT3_pDS263,0.0397018030513176
ETNK2,0.008794719891306679,0.0845771144278607,1.293906382091839,DDIT3_pDS263,0.0273925104022191
TMCC2,0.0,1.0,0.0,DDIT3_pDS263,0.0020804438280166
NUCKS1,0.05329969364478543,0.1044776119402985,1.3020745493877228,DDIT3_pDS263,4.653952843273232
SLC41A1,0.006773887538298774,0.29850746268656714,0.25279365994085845,DDIT3_pDS263,0.0292995839112343
RASSF5,0.015819769570458626,0.0945273631840796,1.3908290207939449,DDIT3_pDS263,0.0662274618585298
DYRK3,0.011232625132951039,0.1044776119402985,1.5412288344268366,DDIT3_pDS263,0.0407420249653259
YOD1,0.018307627247181966,0.2736318407960199,0.61115616934549,DDIT3_pDS263,0.0292995839112343
CD55,0.02769197905168397,0.2885572139303483,0.5114294310138896,DDIT3_pDS263,0.4542302357836338
NEK2,0.029512520019782003,0.01990049751243781,2.9395564149251485,DDIT3_pDS263,0.1270804438280166
DTL,0.011579334189351276,0.5174129353233831,-0.2112993552489506,DDIT3_pDS263,0.1861997226074896
NENF,0.08400533752635231,0.01990049751243781,3.1350639014669275,DDIT3_pDS263,2.623613037447989
ATF3,0.006788246113418068,0.21890547263681592,0.6652843978131145,DDIT3_pDS263,0.0166435506241331
FLVCR1-AS1,0.012758967950501928,0.4228855721393035,0.11957554429585616,DDIT3_pDS263,0.138002773925104
VASH2,8.748372836618887e-05,0.2935323383084577,0.03256522156235451,DDIT3_pDS263,0.0024271844660194
CENPF,0.03335417746175651,0.417910447761194,-0.040302620041964166,DDIT3_pDS263,1.3366851595006934
GPATCH2,0.011855202247424382,0.46766169154228854,-0.12401813219035827,DDIT3_pDS263,0.14251040221914
MARC2,0.0076004823487340325,0.1691542288557214,0.9164295880796911,DDIT3_pDS263,0.0249653259361997
HLA-AS1,4.55718963306969e-05,0.7313432835820896,-0.6991907796121978,DDIT3_pDS263,0.002253814147018
DUSP10,0.009977227556041987,0.22885572139303484,0.6211641048665849,DDIT3_pDS263,0.0412621359223301
TAF1A,0.007694846908352803,0.46766169154228854,-0.32362795888470874,DDIT3_pDS263,0.0511442441054091
RP11-378J18.8,0.00010296768722996524,0.46766169154228854,-0.17354760459294116,DDIT3_pDS263,0.0057212205270457
DEGS1,0.015100651325492466,0.7164179104477612,-0.7042778321601179,DDIT3_pDS263,0.5164701803051318
WDR26,0.021899559897383153,0.15422885572139303,1.1245096761290758,DDIT3_pDS263,0.1783980582524272
ENAH,8.595884156594817e-05,0.27860696517412936,-0.4373079279628735,DDIT3_pDS263,0.007628294036061
RP11-396C23.4,4.003761588941343e-05,0.8855721393034826,-0.24810512991166156,DDIT3_pDS263,0.0024271844660194
C1orf35,0.02715791886098747,0.5024875621890548,-0.24599214797578872,DDIT3_pDS263,0.9733009708737864
GUK1,0.03826555961032064,0.263681592039801,0.4273210957980236,DDIT3_pDS263,4.968273231622746
RP4-803J11.2,0.0003000254755358079,0.5771144278606966,-0.3592665344592607,DDIT3_pDS263,0.0017337031900138
RP5-1068B5.3,6.91951723901189e-05,0.5124378109452736,-0.12157856889261139,DDIT3_pDS263,0.0050277392510402
GALNT2,0.011515611227494246,0.6865671641791045,-0.6257191168698165,DDIT3_pDS263,0.2973300970873786
TTC13,0.005545525549407524,0.417910447761194,0.3132506600626696,DDIT3_pDS263,0.0292995839112343
RP11-295G20.2,0.04032783515962457,0.07960199004975124,1.3899546287163482,DDIT3_pDS263,0.537621359223301
IRF2BP2,0.006787912413642672,0.9601990049751243,-1.2690693896573582,DDIT3_pDS263,0.2649098474341192
ARID4B,0.018895411445589858,0.5522388059701493,-0.46972165620457035,DDIT3_pDS263,0.5924063800277393
ERO1LB,3.636309910565705e-05,0.5671641791044776,-0.28421838941397926,DDIT3_pDS263,0.002253814147018
ACTN2,0.006255059622883679,0.5223880597014925,-0.29738614576272876,DDIT3_pDS263,0.0501040221914008
OPN3,0.004112225660993356,0.9104477611940298,-1.171845320781757,DDIT3_pDS263,0.0292995839112343
ZBTB18,0.0066567973433684854,0.07462686567164178,1.4917846500187912,DDIT3_pDS263,0.0065880721220527
C1orf100,4.036008074839847e-05,0.8606965174129353,-1.3200285132025378,DDIT3_pDS263,0.0024271844660194
HNRNPU-AS1,0.011420201377122383,0.4975124378109453,-0.2676439183421187,DDIT3_pDS263,0.0292995839112343
SMYD3,0.03658812730032305,0.31840796019900497,0.3636675353016424,DDIT3_pDS263,1.082004160887656
C1orf229,7.94618248220518e-05,0.48756218905472637,-0.3051346953953175,DDIT3_pDS263,0.007628294036061
SH3YL1,0.002717663336899892,0.373134328358209,-0.12141563908781816,DDIT3_pDS263,0.022884882108183
RP11-557L19.1,0.00017087080500521258,0.5422885572139303,-0.7097096779892959,DDIT3_pDS263,0.0292995839112343
ID2,0.0002597687866219934,0.2537313432835821,0.512330812781072,DDIT3_pDS263,0.0041608876560332
IAH1,0.0001897128436073314,0.35323383084577115,-0.33117453395823376,DDIT3_pDS263,0.006761442441054
ADAM17,0.005365992504069409,0.5970149253731343,-0.4709814041059809,DDIT3_pDS263,0.0693481276005547
RP11-214N9.1,0.004387737475165448,0.4427860696517413,0.03572788383493584,DDIT3_pDS263,0.0110957004160887
RP11-254F7.2,0.003247365238822912,0.43283582089552236,-0.09090582200927314,DDIT3_pDS263,0.0213245492371705
RP11-254F7.4,0.006460401989898962,0.3283582089552239,0.4659862150598279,DDIT3_pDS263,0.0242718446601941
RRM2,0.02498726604728657,0.4626865671641791,-0.12544814372387003,DDIT3_pDS263,0.77999306518724
RN7SL832P,0.0036195578902285517,0.5373134328358209,-0.2161556382387358,DDIT3_pDS263,0.0182038834951456
ATP6V1C2,6.998464451417193e-05,0.582089552238806,-0.31060612261089054,DDIT3_pDS263,0.0069348127600554
PQLC3,0.004824994224051432,0.8706467661691543,-0.9099066303221458,DDIT3_pDS263,0.0742024965325936
AC096559.1,0.0060256988343351464,0.7064676616915423,-0.604062801143609,DDIT3_pDS263,0.0348474341192787
NBAS,0.023847417745795036,0.15422885572139303,0.8089358340161553,DDIT3_pDS263,0.266123439667129
LINC00954,4.5200609769965085e-05,0.39303482587064675,0.19611113151365903,DDIT3_pDS263,0.0052011095700416
TTC32,0.00854968272582334,0.7114427860696517,-0.6934940523180649,DDIT3_pDS263,0.1520457697642163
RHOB,0.005992835585463188,0.6069651741293532,-0.44988641411781954,DDIT3_pDS263,0.0872052704576976
RP11-130L8.1,9.241731208041826e-05,0.2537313432835821,0.1104588906493414,DDIT3_pDS263,0.0034674063800277
PFN4,5.4759505650236365e-05,0.7164179104477612,-0.6318896426657064,DDIT3_pDS263,0.0020804438280166
CENPA,0.020346761003898168,0.6417910447761194,-0.571974999081403,DDIT3_pDS263,0.7685506241331485
FNDC4,0.01013127287625751,0.20398009950248755,0.6445375309025039,DDIT3_pDS263,0.0563453536754507
FOSL2,8.963178043949945e-05,0.5572139303482587,-0.22003430095519705,DDIT3_pDS263,0.0032940360610263
PPP1CB,0.014688351364651825,0.4925373134328358,-0.24366273765169086,DDIT3_pDS263,0.2375173370319001
YPEL5,0.006878102698119084,0.7860696517412935,-0.8555942065709224,DDIT3_pDS263,0.1239597780859916
RP11-490M8.1,0.004201154840321919,0.7711442786069652,-0.6155604107995304,DDIT3_pDS263,0.0114424410540915
HEATR5B,0.008706102349725247,0.06965174129353234,1.4846797166779966,DDIT3_pDS263,0.026005547850208
SRSF7,0.025236562042600906,0.7661691542288557,-0.791326744831707,DDIT3_pDS263,4.757454923717059
KCNG3,0.0001799001660874017,0.25870646766169153,-0.28994578662158427,DDIT3_pDS263,0.0088418862690707
PLEKHH2,0.007379456303966054,0.29850746268656714,0.34161133607746647,DDIT3_pDS263,0.0292995839112343
PREPL,0.015348607311205595,0.18407960199004975,0.7304052865985915,DDIT3_pDS263,0.100381414701803
PRKCE,0.012163730383077697,0.024875621890547265,2.4470975439207887,DDIT3_pDS263,0.0195908460471567
EPAS1,0.006108088107720685,0.46766169154228854,-0.01383521194295092,DDIT3_pDS263,0.0292995839112343
SOCS5,0.010388630444314245,0.06965174129353234,2.0754517018117076,DDIT3_pDS263,0.0218446601941747
MSH6,0.02318004632033452,0.27860696517412936,0.39973806109262927,DDIT3_pDS263,0.3486477115117892
RTN4,0.03511768687847667,0.3333333333333333,0.19580508390088447,DDIT3_pDS263,2.9277045769764216
RPS27A,0.025142483734780712,0.1044776119402985,1.333091381857784,DDIT3_pDS263,60.4752080443828
PUS10,0.003884572962025444,0.7562189054726368,-0.7996376523550643,DDIT3_pDS263,0.0327669902912621
RP11-355B11.2,2.1014942899487427e-05,0.6716417910447762,-0.439564595529283,DDIT3_pDS263,0.0048543689320388
FAM161A,0.004346431298792147,0.7910447761194029,-0.8295343925080855,DDIT3_pDS263,0.0488904299583911
AC009501.4,0.0001781487162154247,0.5373134328358209,-0.208821023765995,DDIT3_pDS263,0.0046809986130374
PELI1,0.0012724894925728928,0.8407960199004975,-0.9586478646572644,DDIT3_pDS263,0.0292995839112343
RP11-568N6.1,6.143391289119003e-05,0.5124378109452736,-0.1603998403482768,DDIT3_pDS263,0.0031206657420249
AFTPH,0.003020957935074359,0.9751243781094527,-1.4822109985232859,DDIT3_pDS263,0.058252427184466
AC074391.1,1.4980740148190113e-05,0.8557213930348259,-0.594544282546871,DDIT3_pDS263,0.0292995839112343
APLF,0.000211965860633564,0.13432835820895522,-0.08125280259524577,DDIT3_pDS263,0.0034674063800277
ANTXR1,0.0061574359465291885,0.19900497512437812,0.658836288250529,DDIT3_pDS263,0.0091886269070735
AAK1,0.002760353329665214,0.8009950248756219,-0.953999412072999,DDIT3_pDS263,0.0350208044382801
MXD1,0.007304872303797504,0.12935323383084577,1.1513579177271578,DDIT3_pDS263,0.0261789181692094
AC016700.5,0.006959178262889188,0.23383084577114427,0.37087694022037093,DDIT3_pDS263,0.0187239944521497
MPHOSPH10,0.016311220179749293,0.8756218905472637,-0.9755743332357113,DDIT3_pDS263,0.7869278779472955
EXOC6B,0.0002907937518253675,0.5970149253731343,-0.27985372140128256,DDIT3_pDS263,0.0046809986130374
WDR54,0.010017060618372759,0.4228855721393035,-0.150608911082064,DDIT3_pDS263,0.1421636615811373
PCGF1,0.010620727004335282,0.3383084577114428,0.2603352368726473,DDIT3_pDS263,0.0762829403606102
TMSB10,0.0913855261661867,0.004975124378109453,5.1723991958485485,DDIT3_pDS263,5.879854368932039
CAPG,0.034485976722318644,0.05970149253731343,1.944056495838467,DDIT3_pDS263,0.2610957004160887
VAMP5,0.002468929814289991,0.47761194029850745,-0.34825378514483346,DDIT3_pDS263,0.0143897364771151
RP11-301O19.1,0.0019309114754465786,0.7711442786069652,-0.9869239997746985,DDIT3_pDS263,0.031380027739251
AC062029.1,4.881494713370581e-05,0.36318407960199006,0.25036873431920365,DDIT3_pDS263,0.002253814147018
TEKT4,0.015473305548634351,0.05970149253731343,1.7739205260720057,DDIT3_pDS263,0.058252427184466
ANKRD36C,0.0023030826704939656,0.6119402985074627,-0.738151153913207,DDIT3_pDS263,0.0292995839112343
LMAN2L,0.007861587470937657,0.4427860696517413,-0.12781229534331742,DDIT3_pDS263,0.0575589459084604
SEMA4C,0.004216324529276632,0.8308457711442786,-0.9994543057725827,DDIT3_pDS263,0.0878987517337031
FAM178B,0.03699952365489351,0.21890547263681592,0.6098662959644512,DDIT3_pDS263,0.9675797503467406
LINC01125,5.810353317980732e-05,0.27860696517412936,-0.17059921900284042,DDIT3_pDS263,0.0041608876560332
ZAP70,7.595702819787962e-05,0.8656716417910447,-0.22408668359642633,DDIT3_pDS263,0.0292995839112343
MGAT4A,8.821523247886731e-05,0.9751243781094527,-0.31065515687845224,DDIT3_pDS263,0.0036407766990291
C2orf15,1.2617416546580528e-05,0.5074626865671642,-0.10613487035200496,DDIT3_pDS263,0.0017337031900138
LYG1,0.00030473715000952734,0.24875621890547264,-0.30258015443093284,DDIT3_pDS263,0.0058945908460471
LONRF2,0.00708531635394383,0.4228855721393035,-0.16219276179807848,DDIT3_pDS263,0.034500693481276
IL1R1,0.00028657538469043024,0.9353233830845771,-0.8825058209528008,DDIT3_pDS263,0.0292995839112343
IL18R1,0.0009990673331250791,0.7611940298507462,-0.845399394526862,DDIT3_pDS263,0.0166435506241331
AC108868.6,3.467115858543682e-05,0.7761194029850746,-0.16899512378902423,DDIT3_pDS263,0.1704230235783634
SULT1C4,2.4769337029611013e-05,0.4925373134328358,-0.02815908835893573,DDIT3_pDS263,0.0032940360610263
GCC2,0.03301047296801489,0.06965174129353234,1.6198628810674267,DDIT3_pDS263,0.0292995839112343
MIR4435-1HG,0.023964392430417068,0.4129353233830846,-0.013158632551935065,DDIT3_pDS263,0.6277739251040222
RP11-181E10.3,0.005792563673750997,0.014925373134328358,4.568451605905181,DDIT3_pDS263,0.0069348127600554
SLC20A1,0.006321349193496386,0.9850746268656716,-1.2934700786223816,DDIT3_pDS263,0.3531553398058252
NT5DC4,0.012349746791945589,0.009950248756218905,3.1523360895449866,DDIT3_pDS263,0.0221914008321775
PAX8,0.0001517934153537414,0.6119402985074627,-0.7899949820589368,DDIT3_pDS263,0.0083217753120665
DPP10,0.000574681831250393,0.8855721393034826,-1.0116883841526898,DDIT3_pDS263,0.0194174757281553
AC093901.1,2.5784856169738617e-05,0.208955223880597,0.6680899401859998,DDIT3_pDS263,0.0020804438280166
EPB41L5,0.0025351316577259626,0.7512437810945274,-0.7589948905307222,DDIT3_pDS263,0.0292995839112343
RALB,0.009883695107745963,0.6069651741293532,-0.44729466378627636,DDIT3_pDS263,0.1140776699029126
RP5-935K16.1,0.005818482060252719,0.5870646766169154,-0.3666176741059141,DDIT3_pDS263,0.0449029126213592
HNMT,0.0004127109868475554,0.845771144278607,-1.041489533134368,DDIT3_pDS263,0.0043342579750346
SPOPL,0.000952192139853606,0.736318407960199,-0.7116802732501697,DDIT3_pDS263,0.0178571428571428
MMADHC,0.03174247610606702,0.35323383084577115,0.18154776075702556,DDIT3_pDS263,1.1222260748959778
RBM43,0.0024191294943479275,0.5124378109452736,-0.4595409212483165,DDIT3_pDS263,0.0272191400832177
NEB,0.00013537060896056839,0.736318407960199,-0.5228158047972332,DDIT3_pDS263,0.0032940360610263
AC009506.1,0.001978871743412866,0.9253731343283582,-1.0361791681965977,DDIT3_pDS263,0.0417822468793342
PSMD14,0.036173075754676105,0.3333333333333333,0.29379065845945945,DDIT3_pDS263,1.7910887656033287
SCN9A,0.006415386705347945,0.0845771144278607,1.266132200644677,DDIT3_pDS263,0.0138696255201109
LRP2,3.3706726746569396e-05,0.8308457711442786,-0.17571586594764305,DDIT3_pDS263,0.0079750346740638
SSB,0.025619997790806606,0.7263681592039801,-0.7126864078752003,DDIT3_pDS263,3.686719833564494
AC007405.4,0.003139047200008992,0.5472636815920398,-0.5635869330699402,DDIT3_pDS263,0.0381414701803051
ERICH2,0.0029855905507918164,0.835820895522388,-1.0250015911275085,DDIT3_pDS263,0.0292995839112343
GAD1,0.015159594147546862,0.9104477611940298,-1.195928337344736,DDIT3_pDS263,1.2581484049930651
AC068039.4,1.6439946825734477e-05,0.8308457711442786,-0.24924594256102053,DDIT3_pDS263,0.0041608876560332
AC078883.3,6.099069616126556e-05,0.5671641791044776,-0.2014717811222096,DDIT3_pDS263,0.0017337031900138
AC093818.1,0.002067128892466008,0.9203980099502488,-1.6670033132769704,DDIT3_pDS263,0.0142163661581137
NFE2L2,0.031240465657736607,0.06965174129353234,1.2944391571771947,DDIT3_pDS263,0.3597434119278779
RP11-438L19.1,0.005188308138736922,0.19402985074626866,0.676959883630357,DDIT3_pDS263,0.0072815533980582
AC008174.3,9.229761978405757e-05,0.6865671641791045,-0.1701369275325749,DDIT3_pDS263,0.0038141470180305
AC097500.2,4.604536691053106e-05,0.8208955223880597,-0.891686585587126,DDIT3_pDS263,0.0026005547850208
TFPI,0.01052307726693773,0.3681592039800995,0.16335011341916267,DDIT3_pDS263,0.0830443828016643
COL5A2,5.420838508575651e-05,0.7412935323383084,-0.7664719667798632,DDIT3_pDS263,0.0026005547850208
ANKAR,0.00021800332011818715,0.12437810945273632,1.4467284848272886,DDIT3_pDS263,0.002253814147018
RP11-647K16.1,8.334176583271166e-05,0.5920398009950248,-0.1466026312465505,DDIT3_pDS263,0.0039875173370319
AC093388.3,0.0010394431384317285,0.9154228855721394,-1.5520276695951927,DDIT3_pDS263,0.0102288488210818
SDPR,0.002476391670805683,0.4577114427860697,-0.23011260388098467,DDIT3_pDS263,0.0156033287101248
SLC39A10,0.011805125817940769,0.5572139303482587,-0.3489132595905172,DDIT3_pDS263,0.1782246879334258
AC020571.3,0.00016899390766058112,0.6517412935323383,-0.4221906853075596,DDIT3_pDS263,0.0095353675450762
HSPD1,0.02418877619014747,0.5572139303482587,-0.356114395044749,DDIT3_pDS263,8.168515950069349
HSPE1,0.052295275335329974,0.029850746268656716,2.406888925915012,DDIT3_pDS263,11.248613037447988
SGOL2,0.010020797369678036,0.9104477611940298,-1.1354800755721652,DDIT3_pDS263,0.2990638002773925
RP11-469M7.1,0.0002056912613774468,0.8955223880597015,-0.3524087850650676,DDIT3_pDS263,0.0050277392510402
CLK1,0.00871349574868183,0.4975124378109453,-0.2831575549061786,DDIT3_pDS263,0.0870319001386962
CFLAR,0.021193742192793207,0.3482587064676617,0.15291674919212545,DDIT3_pDS263,0.3777739251040222
CASP8,0.017059595638997338,0.22885572139303484,0.6361009496353692,DDIT3_pDS263,0.1173717059639389
STRADB,0.005616212220372299,0.9054726368159204,-1.0628322031721626,DDIT3_pDS263,0.1745839112343966
RP11-686O6.2,0.005544908848520014,0.208955223880597,0.6541350208586368,DDIT3_pDS263,0.0109223300970873
CREB1,0.00587547470130685,0.8706467661691543,-1.0195108790162901,DDIT3_pDS263,0.143377253814147
AC096772.6,5.166870852832591e-05,0.4228855721393035,0.0073057137459955806,DDIT3_pDS263,0.0038141470180305
PTH2R,0.005450494342921447,0.681592039800995,-0.14189746124602048,DDIT3_pDS263,0.0188973647711511
KANSL1L,0.00010295967724956555,0.22885572139303484,-0.3697796650510034,DDIT3_pDS263,0.004507628294036
AC007038.7,1.5060295886258296e-05,0.40298507462686567,0.13021924548847028,DDIT3_pDS263,0.0292995839112343
MREG,0.005078435701123321,0.2885572139303483,0.8405272566736685,DDIT3_pDS263,0.0161234396671289
RP11-566E18.3,0.006139150597549164,0.03980099502487562,1.6069258706769656,DDIT3_pDS263,0.0123092926490984
IGFBP2,0.02569730474030866,0.004975124378109453,4.89495186376461,DDIT3_pDS263,0.0601595006934812
C2orf62,4.5131455775095974e-05,0.5422885572139303,-0.2356045965003293,DDIT3_pDS263,0.0020804438280166
RP11-378A13.2,0.005157789035300839,0.4925373134328358,0.302589893772386,DDIT3_pDS263,0.0136962552011095
RQCD1,0.013024207605312246,0.3582089552238806,0.08946733806990192,DDIT3_pDS263,0.1392163661581137
STK36,0.0020033436631799293,0.44776119402985076,-0.3974469107249481,DDIT3_pDS263,0.0133495145631067
FEV,0.004947485694864447,0.9104477611940298,-1.0553736773511186,DDIT3_pDS263,0.1255201109570041
DNAJB2,0.0011599660747312831,0.8557213930348259,-0.9924182752433285,DDIT3_pDS263,0.0292995839112343
PTPRN,0.00033017305220038194,0.9203980099502488,-0.8868228268720992,DDIT3_pDS263,0.0211511789181692
GMPPA,0.019238093723602717,0.7412935323383084,-0.7588689545978285,DDIT3_pDS263,1.0700416088765603
INHA,0.0035884595338391235,0.6467661691542289,-0.586355291613129,DDIT3_pDS263,0.0168169209431345
RP11-16P6.1,4.6251493420961257e-05,0.9502487562189055,-0.466049991341184,DDIT3_pDS263,0.0043342579750346
NCL,0.029725137575965947,0.5223880597014925,-0.26087506980032366,DDIT3_pDS263,4.949722607489598
PTMA,0.011124894870829755,0.8706467661691543,-0.9781288828497618,DDIT3_pDS263,34.59812760055478
PER2,0.00020105608072305971,1.0,-1.2472537330794455,DDIT3_pDS263,0.0166435506241331
ANO7,0.00580734093334122,0.17412935323383086,1.0016372846477044,DDIT3_pDS263,0.0117891816920943
NEU4,0.00020427179335719386,0.39303482587064675,-0.11745855168043019,DDIT3_pDS263,0.0031206657420249
ITPR1,0.010609030973854476,0.48756218905472637,-0.17684881878699443,DDIT3_pDS263,0.1738904299583911
AC018816.3,0.005823316887130249,0.3681592039800995,0.10340778131609445,DDIT3_pDS263,0.0292995839112343
BHLHE40-AS1,0.0002611727520619935,0.7512437810945274,-0.30599436048869655,DDIT3_pDS263,0.0027739251040221
BHLHE40,0.008434344050299213,0.9701492537313433,-1.1437364038522604,DDIT3_pDS263,0.2891816920943134
SETD5-AS1,0.022581050328265264,0.5671641791044776,-0.39988362773595726,DDIT3_pDS263,0.8183079056865464
PRRT3,0.004448936491199487,0.6218905472636815,-0.3137617423536722,DDIT3_pDS263,0.0081484049930651
IRAK2,0.00011413451047087956,0.43283582089552236,-0.06207090581814107,DDIT3_pDS263,0.0020804438280166
GHRL,5.793978406108701e-05,0.3383084577114428,-0.07169897558536466,DDIT3_pDS263,0.0055478502080443
GHRLOS,6.0523691148320965e-05,0.5771144278606966,-0.12517357517923214,DDIT3_pDS263,0.0048543689320388
RPL32,0.019841101260314662,0.029850746268656716,2.321102536524723,DDIT3_pDS263,0.0292995839112343
FBLN2,5.9489447178811855e-05,0.7064676616915423,-0.1402023723792504,DDIT3_pDS263,0.0039875173370319
LSM3,0.07106161434988426,0.014925373134328358,3.101121235590594,DDIT3_pDS263,4.834257975034674
SH3BP5-AS1,7.976119671344838e-05,0.6766169154228856,-0.22795020319688272,DDIT3_pDS263,0.0038141470180305
UBE2E1-AS1,2.2206837961899804e-05,0.5970149253731343,-0.26836685396008264,DDIT3_pDS263,0.0026005547850208
RP11-317L10.1,0.0029644357797191496,0.3582089552238806,-0.029114818703837166,DDIT3_pDS263,0.0128294036061026
GPD1L,0.006733044815009035,0.0945273631840796,1.1742181324285625,DDIT3_pDS263,0.0157766990291262
CMTM6,0.03931659428920689,0.27860696517412936,0.45735031704418,DDIT3_pDS263,1.9348127600554783
DYNC1LI1,0.05185646059138764,0.07462686567164178,1.6556575564814129,DDIT3_pDS263,1.1293342579750347
TMPPE,3.5390581535838986e-05,0.48258706467661694,-0.12814886513862794,DDIT3_pDS263,0.0027739251040221
RP11-129K12.4,5.704143337491909e-05,0.6069651741293532,-0.4034291518920652,DDIT3_pDS263,0.0019070735090152
RP11-259K5.2,0.0001015415661506045,0.24875621890547264,-0.40191034861829655,DDIT3_pDS263,0.0062413314840499
TTC21A,0.00010348791480250428,0.42786069651741293,0.12177134291654118,DDIT3_pDS263,0.0024271844660194
CSRNP1,0.005826970002787023,0.4626865671641791,-0.01451830735270867,DDIT3_pDS263,0.0284327323162274
EIF1B,0.030739754525536105,0.4129353233830846,0.06909118108451932,DDIT3_pDS263,1.0455963938973647
RP4-613B23.1,9.7269175399873e-05,0.845771144278607,-0.2938384346445564,DDIT3_pDS263,0.0039875173370319
CCDC13,0.00018221539986450222,0.6666666666666666,-0.6620940952592066,DDIT3_pDS263,0.0088418862690707
ACKR2,0.00025828183805730125,0.2835820895522388,-0.3753982301527993,DDIT3_pDS263,0.0041608876560332
SNRK,0.011647811856866629,0.12935323383084577,1.1514318082263821,DDIT3_pDS263,0.0459431345353675
LINC00694,0.007172027737642843,0.39303482587064675,0.03125527029006067,DDIT3_pDS263,0.0438626907073509
CDCP1,0.00020902098461360509,0.7960199004975125,-0.6005927389615265,DDIT3_pDS263,0.0048543689320388
TMEM158,0.004256275971001444,0.572139303482587,-0.2040513634183603,DDIT3_pDS263,0.0149098474341192
SACM1L,0.007231027309063429,0.5771144278606966,-0.28780656776589403,DDIT3_pDS263,0.1144244105409154
FYCO1,0.004053279296183263,0.36318407960199006,0.2514525942761226,DDIT3_pDS263,0.0161234396671289
LRRC2,1.8621572608440386e-05,0.7711442786069652,-0.16231161885690412,DDIT3_pDS263,0.0053744798890429
CSPG5,0.004094575867610135,0.4626865671641791,0.06748899015674595,DDIT3_pDS263,0.0128294036061026
COL7A1,0.00034364658050017914,0.03980099502487562,2.1797519093114843,DDIT3_pDS263,0.0026005547850208
IP6K2,0.01407986800459264,0.7611940298507462,-0.7661104177596584,DDIT3_pDS263,0.5244452149791956
PRKAR2A-AS1,3.1285163999817086e-05,0.373134328358209,0.3265206268203246,DDIT3_pDS263,0.0020804438280166
KLHDC8B,0.031348592392526964,0.024875621890547265,3.016990498368466,DDIT3_pDS263,0.145631067961165
FAM212A,0.030076330585652466,0.06467661691542288,2.146961024039186,DDIT3_pDS263,0.1308945908460471
UBA7,5.524336577260859e-05,0.34328358208955223,0.29172656470719915,DDIT3_pDS263,0.0039875173370319
U73166.2,2.896209778247253e-05,0.10945273631840796,0.8642183348823383,DDIT3_pDS263,0.0292995839112343
XXcos-LUCA11.4,7.793470671272513e-05,0.5472636815920398,-0.3256647944433469,DDIT3_pDS263,0.0292995839112343
MANF,0.03401404235037566,0.24875621890547264,0.4214757092393933,DDIT3_pDS263,0.8984049930651873
PPM1M,0.0013619997920776845,0.06965174129353234,0.8189132716509082,DDIT3_pDS263,0.0093619972260748
ARF4,0.03445213818935545,0.2885572139303483,0.37705156422632286,DDIT3_pDS263,1.117891816920943
PSMD6-AS2,9.474962712021017e-05,0.8208955223880597,-0.8676718654606438,DDIT3_pDS263,0.0029472954230235
MAGI1,0.00017956667298478312,0.48756218905472637,-0.3426657407826165,DDIT3_pDS263,0.0084951456310679
EOGT,0.002542963473291015,0.5373134328358209,-0.37783797397903895,DDIT3_pDS263,0.0251386962552011
LMOD3,5.326923770626607e-05,0.13432835820895522,1.1027859403623266,DDIT3_pDS263,0.002253814147018
RYBP,0.016959184653631748,0.22388059701492538,0.8071032161826054,DDIT3_pDS263,0.1307212205270457
GXYLT2,0.005107537135300932,0.3034825870646766,0.46252465043487667,DDIT3_pDS263,0.0112690707350901
PPP4R2,0.04137631191730133,0.09950248756218906,1.411492643362091,DDIT3_pDS263,0.6192787794729542
ZNF654,5.888209496789521e-05,0.8109452736318408,-0.3655987101627438,DDIT3_pDS263,0.0084951456310679
CRYBG3,0.0002480032507511487,0.582089552238806,-0.31772789328158696,DDIT3_pDS263,0.007628294036061
FILIP1L,0.005897492931074472,0.3681592039800995,0.4254884004693456,DDIT3_pDS263,0.0140429958391123
TMEM45A,6.307440540606577e-05,0.42786069651741293,-0.07911326097626609,DDIT3_pDS263,0.0026005547850208
TRMT10C,0.06452036609785775,0.024875621890547265,2.325637733450145,DDIT3_pDS263,1.6367891816920943
CD47,0.03724288490054068,0.39303482587064675,0.135731038799642,DDIT3_pDS263,1.6139042995839112
CD96,4.669656158901391e-05,0.6169154228855721,-0.32323897406350055,DDIT3_pDS263,0.0043342579750346
C3orf52,7.008514540214375e-05,0.9651741293532339,-0.2656070881594367,DDIT3_pDS263,0.0036407766990291
KIAA2018,0.007478774850863748,0.19900497512437812,0.8405155671147524,DDIT3_pDS263,0.0306865464632454
ARHGAP31,0.00010408630348913104,0.3781094527363184,0.09144082865894633,DDIT3_pDS263,0.0292995839112343
CD80,2.8705329180946946e-05,0.7810945273631841,-0.7603708133519703,DDIT3_pDS263,0.0031206657420249
GOLGB1,0.015322955537819405,0.4427860696517413,0.0060003805861921005,DDIT3_pDS263,0.0292995839112343
MYLK-AS1,0.007493715160349513,0.2935323383084577,0.4523102597424129,DDIT3_pDS263,0.033633841886269
KALRN,0.01498210065927468,0.004975124378109453,2.6193687307320657,DDIT3_pDS263,0.0214979195561719
KLF15,0.017572601702635235,0.004975124378109453,3.3560600232687356,DDIT3_pDS263,0.0216712898751733
RP11-434H6.7,6.14670104243118e-05,0.5124378109452736,-0.2633698302432402,DDIT3_pDS263,0.0057212205270457
HMCES,0.025486759081164122,0.13432835820895522,1.2654427406198896,DDIT3_pDS263,0.2434119278779473
H1FX,0.0321554125945034,0.4228855721393035,-0.09554656680238696,DDIT3_pDS263,1.352115117891817
RP11-77P16.4,5.435260552921396e-05,0.8308457711442786,-0.9347229801614338,DDIT3_pDS263,0.0064147018030513
NEK11,5.308439203957221e-05,0.8706467661691543,-0.3630131549670709,DDIT3_pDS263,0.0048543689320388
RP11-102M11.2,8.678558408555944e-05,0.2835820895522388,0.4631002909394653,DDIT3_pDS263,0.002253814147018
SLC35G2,0.008128701199676971,0.4527363184079602,-0.007288345149899715,DDIT3_pDS263,0.0631067961165048
ZBTB38,0.023054348023279658,0.03482587064676617,2.1367119219587822,DDIT3_pDS263,0.1255201109570041
TFDP2,0.006146520323227077,0.900497512437811,-1.2546633014734818,DDIT3_pDS263,0.2831137309292649
XRN1,0.02195534149742819,0.024875621890547265,2.519850559835637,DDIT3_pDS263,0.0292995839112343
TRPC1,0.005777054453671942,0.36318407960199006,0.6511214219320205,DDIT3_pDS263,0.0097087378640776
C3orf58,0.014696060973236441,0.06467661691542288,1.8052101986963702,DDIT3_pDS263,0.0386615811373092
RP11-538P18.2,0.008145424733194935,0.29850746268656714,0.29539683374865794,DDIT3_pDS263,0.0483703190013869
TRIM59,0.0009953332552404331,0.7711442786069652,-0.9233196941378062,DDIT3_pDS263,0.0268723994452149
RP11-16N11.2,0.00010003915735386598,0.4626865671641791,-0.07314163598096021,DDIT3_pDS263,0.0019070735090152
GOLIM4,0.029399539521400467,0.05970149253731343,2.1911511811689466,DDIT3_pDS263,0.0292995839112343
SKIL,0.013077737387742242,0.1044776119402985,1.477615804431601,DDIT3_pDS263,0.0459431345353675
CLDN11,5.527617863033888e-05,0.5870646766169154,-0.09195094350052974,DDIT3_pDS263,0.0019070735090152
RPL22L1,0.02829153887654636,0.4925373134328358,-0.27783916941716835,DDIT3_pDS263,1.707004160887656
TNIK,0.00984159191394383,0.5771144278606966,-0.4142816822389994,DDIT3_pDS263,0.167128987517337
TNFSF10,0.0008282916692004063,0.8059701492537313,-0.8727943462357929,DDIT3_pDS263,0.0190707350901525
RP11-114M1.1,2.6124757943858002e-05,0.6467661691542289,-0.6760500163829887,DDIT3_pDS263,0.0017337031900138
KCNMB3,0.0010267915157967744,0.5970149253731343,-0.5869235999230455,DDIT3_pDS263,0.0105755894590846
MFN1,0.008901970365504545,0.24875621890547264,0.6308360191743912,DDIT3_pDS263,0.0374479889042995
KLHL24,0.011756452886798338,0.07462686567164178,1.7538687263455959,DDIT3_pDS263,0.0256588072122052
FAM131A,0.0001151454392043485,0.681592039800995,-0.7077645099598762,DDIT3_pDS263,0.0064147018030513
C3orf70,0.002341290746080546,0.6169154228855721,-0.4921500492600886,DDIT3_pDS263,0.0180305131761442
DNAJB11,0.04351003758479315,0.14925373134328357,1.0446105182828977,DDIT3_pDS263,0.8704923717059639
RFC4,0.03466397086232553,0.2537313432835821,0.3985385877850776,DDIT3_pDS263,0.9051664355062412
RP11-573D15.2,4.071790048347618e-05,0.681592039800995,-0.5578333733304285,DDIT3_pDS263,0.0024271844660194
HES1,0.03053276105587521,0.0945273631840796,1.583745076114068,DDIT3_pDS263,0.233876560332871
FAM43A,0.0022606263971362683,0.527363184079602,-0.4092206549807904,DDIT3_pDS263,0.0197642163661581
AC069513.4,5.4642431887398216e-05,0.835820895522388,-0.19849389019594169,DDIT3_pDS263,0.0072815533980582
RP11-480A16.1,0.0013160597257626998,0.2835820895522388,0.09149297820676697,DDIT3_pDS263,0.0060679611650485
PIGZ,0.0037371705533991834,0.21393034825870647,0.802081760529003,DDIT3_pDS263,0.0105755894590846
DLG1,0.007098044580089562,0.8258706467661692,-0.8201054482483536,DDIT3_pDS263,0.0292995839112343
CPLX1,0.007063369142726741,0.07462686567164178,1.0526859625194858,DDIT3_pDS263,0.0142163661581137
RP11-20I20.4,0.00011309946048035924,0.6119402985074627,-0.1810602159854102,DDIT3_pDS263,0.0026005547850208
RP11-572O17.1,0.007121289380726867,0.31343283582089554,0.2105978825852839,DDIT3_pDS263,0.0324202496532593
ZBTB49,0.0053043456216103615,0.3681592039800995,0.49760025315414413,DDIT3_pDS263,0.0142163661581137
S100P,3.493457887149477e-05,0.0945273631840796,1.369499396444117,DDIT3_pDS263,0.0032940360610263
KIAA0232,0.0119902458150661,0.4228855721393035,0.0012489983950297742,DDIT3_pDS263,0.116504854368932
BOD1L1,0.009661342158827153,0.5621890547263682,-0.39033386737946046,DDIT3_pDS263,0.0292995839112343
CPEB2,0.0001093762388448415,0.9651741293532339,-0.3512819724175043,DDIT3_pDS263,0.0041608876560332
PGM2,0.04189476414169959,0.03482587064676617,2.5241189358414764,DDIT3_pDS263,0.2754854368932038
RPL9,0.03919246097141079,0.04477611940298507,2.1461310438377432,DDIT3_pDS263,24.292995839112344
SMIM14,0.005747780334020919,0.5174129353233831,-0.21539358487886376,DDIT3_pDS263,0.031380027739251
RHOH,0.025084229383021815,0.19402985074626866,0.8219495978164737,DDIT3_pDS263,0.3087725381414701
RP11-121C2.2,0.00020122749495423962,0.17412935323383086,-0.08214950390992641,DDIT3_pDS263,0.0064147018030513
RASL11B,0.0010007564721216293,0.8855721393034826,-0.9917769820050744,DDIT3_pDS263,0.0232316227461858
CHIC2,0.008369715170191023,0.8606965174129353,-0.8657328507016199,DDIT3_pDS263,0.1770110957004161
REST,0.0135420716441355,0.582089552238806,-0.3980754583270769,DDIT3_pDS263,0.271497919556172
UBA6-AS1,0.014739421423634741,0.2885572139303483,0.3679672844283531,DDIT3_pDS263,0.127253814147018
AREG,0.00022959364524632753,0.5970149253731343,-0.26891875019097294,DDIT3_pDS263,0.0050277392510402
CCNG2,0.0002486930947548467,0.4925373134328358,-0.36051185811964803,DDIT3_pDS263,0.0083217753120665
ANXA3,0.023586461339547657,0.05970149253731343,2.1077056305161315,DDIT3_pDS263,0.0976074895977808
LINC01094,0.00022159253135081844,0.43283582089552236,-0.3457994819908228,DDIT3_pDS263,0.0086685159500693
RP11-109G23.3,0.0015938363576377887,0.8258706467661692,-1.0034308746948875,DDIT3_pDS263,0.0289528432732316
LINC01088,3.411826776574602e-05,0.5124378109452736,-0.003142691435974588,DDIT3_pDS263,0.0019070735090152
ANTXR2,0.00229354939452103,0.8258706467661692,-1.0926942773227821,DDIT3_pDS263,0.0322468793342579
RP11-127B20.2,7.439991915912758e-05,0.3582089552238806,-0.2736886962566431,DDIT3_pDS263,0.0052011095700416
HELQ,0.009427204323669714,0.2835820895522388,0.3623817953194356,DDIT3_pDS263,0.0709084604715672
AGPAT9,9.040721234351421e-05,0.19900497512437812,-0.07501598764030432,DDIT3_pDS263,0.0069348127600554
ARHGAP24,0.002193362770819927,0.9601990049751243,-1.4617411355267564,DDIT3_pDS263,0.0447295423023578
GRID2,1.7984765432817077e-05,0.21890547263681592,0.7212648877273787,DDIT3_pDS263,0.0017337031900138
RP11-571L19.8,3.696762598272117e-05,0.5771144278606966,-0.10253754062182542,DDIT3_pDS263,0.0024271844660194
PPP3CA,0.008884326877056717,0.2537313432835821,0.39410437629005535,DDIT3_pDS263,0.0547850208044382
RP11-499E18.1,0.009571270761463944,0.13930348258706468,1.069762853900284,DDIT3_pDS263,0.0320735090152565
SLC9B1,0.0015229659225245442,0.6019900497512438,-0.651762915755806,DDIT3_pDS263,0.0064147018030513
CENPE,0.044944152009097994,0.04975124378109453,2.160846624444087,DDIT3_pDS263,0.4372399445214979
AC004069.2,7.42311898865767e-05,0.8855721393034826,-0.5078605982136984,DDIT3_pDS263,0.0038141470180305
RPL34-AS1,0.004864717124799588,0.4925373134328358,0.26112415535192435,DDIT3_pDS263,0.0069348127600554
RPL34,0.02449505601152826,0.681592039800995,-0.5367315503219962,DDIT3_pDS263,40.1629680998613
COL25A1,5.253607031635362e-05,0.6865671641791045,-0.5567658527398482,DDIT3_pDS263,0.0020804438280166
PLA2G12A,0.059082743852415326,0.03482587064676617,2.4967781914558125,DDIT3_pDS263,0.8732662968099861
GAR1,0.034047539268681634,0.2835820895522388,0.36917668199836995,DDIT3_pDS263,0.0292995839112343
METTL14,0.004246725483535873,0.7014925373134329,-0.7316015742222569,DDIT3_pDS263,0.0726421636615811
ANXA5,0.014075073290902164,0.8656716417910447,-1.0060497360518088,DDIT3_pDS263,0.6229195561719834
CCNA2,0.040950440863061384,0.1791044776119403,0.7560562272287303,DDIT3_pDS263,1.2189667128987518
SLC7A11,0.005637332406346929,0.4925373134328358,-0.07209553453133771,DDIT3_pDS263,0.0341539528432732
RAB33B,0.00029869336919547887,0.845771144278607,-1.3685413504829065,DDIT3_pDS263,0.0135228848821081
MGST2,0.018579498261389042,0.7910447761194029,-0.751919295165756,DDIT3_pDS263,0.786754507628294
MAML3,0.007015695915395192,0.22885572139303484,0.33060542828429107,DDIT3_pDS263,0.0235783633841886
RP11-673E1.1,3.492555963855704e-05,0.417910447761194,-0.09111928394217936,DDIT3_pDS263,0.0032940360610263
GYPB,0.018397596346271385,0.9751243781094527,-1.2837163456867378,DDIT3_pDS263,3.169382801664355
GYPA,0.013273952080253844,1.0,-1.5436579267388417,DDIT3_pDS263,2.873613037447989
ABCE1,0.027092643507670933,0.3781094527363184,0.21099025818639214,DDIT3_pDS263,0.0292995839112343
RPS3A,0.018188970710819576,0.4577114427860697,-0.11651388219359957,DDIT3_pDS263,32.66626213592233
FHDC1,0.003999545895962568,0.5124378109452736,-0.30489071208431995,DDIT3_pDS263,0.0218446601941747
PPID,0.022430140819745245,0.5970149253731343,-0.4574173049723979,DDIT3_pDS263,0.9058599167822468
MSMO1,0.016932983089410793,0.6069651741293532,-0.4398267804457786,DDIT3_pDS263,0.3633841886269071
HMGB2,0.0695350511781583,0.014925373134328358,2.9148313303833495,DDIT3_pDS263,6.314320388349515
RP11-798M19.6,0.001974773295464709,0.8308457711442786,-1.1716784242075418,DDIT3_pDS263,0.0287794729542302
FBXO8,0.006763332637427031,0.5074626865671642,-0.24365982329588923,DDIT3_pDS263,0.0292995839112343
IRF2,0.0037281779138772426,0.527363184079602,-0.3132140219659839,DDIT3_pDS263,0.0348474341192787
CASP3,0.010776182517365944,0.6666666666666666,-0.5646554345160568,DDIT3_pDS263,0.1581137309292649
CENPU,0.02509901226407576,0.527363184079602,-0.23243634373183253,DDIT3_pDS263,0.9325589459084604
ACSL1,4.823020836154678e-05,0.5323383084577115,-0.11222229375265914,DDIT3_pDS263,0.0052011095700416
RP11-138B4.1,7.850526410121146e-05,0.8507462686567164,-0.3589921465536303,DDIT3_pDS263,0.0048543689320388
RP11-43F13.3,0.0009331192004475612,0.38308457711442784,-0.19045273456346262,DDIT3_pDS263,0.0071081830790568
SLC6A19,0.0019845259028132374,0.8905472636815921,-1.305138309562144,DDIT3_pDS263,0.0381414701803051
CTD-2256P15.4,0.0002034299610815573,0.7313432835820896,-0.539388257014311,DDIT3_pDS263,0.0050277392510402
ROPN1L,0.00035563163373784565,0.6218905472636815,-0.8986807253608481,DDIT3_pDS263,0.0105755894590846
CTD-2165H16.4,8.789742820541137e-05,0.6119402985074627,-0.3974106721137069,DDIT3_pDS263,0.0038141470180305
ZNF622,0.03398171400792501,0.10945273631840796,1.1939882296900857,DDIT3_pDS263,0.4069001386962552
CTD-2203K17.1,1.4926270137869253e-05,0.4228855721393035,0.06287007738303126,DDIT3_pDS263,0.0029472954230235
BRIX1,0.05780178944196388,0.0845771144278607,1.6090073828311287,DDIT3_pDS263,0.0292995839112343
LMBRD2,0.0012957381805315912,0.8855721393034826,-1.301041134975869,DDIT3_pDS263,0.0395284327323162
C5orf42,6.353154126069074e-05,0.8557213930348259,-0.22163685318661297,DDIT3_pDS263,0.0038141470180305
SEPP1,0.012717382084025885,0.8258706467661692,-0.8897507515279256,DDIT3_pDS263,0.414875173370319
ANXA2R,0.01960057737009691,0.3034825870646766,0.24536701853664308,DDIT3_pDS263,0.2349167822468793
HMGCS1,0.0382450382164602,0.029850746268656716,2.602157832894021,DDIT3_pDS263,0.2510402219140083
C5orf28,0.0029533122053889355,0.9104477611940298,-1.0802824622064608,DDIT3_pDS263,0.1135575589459084
PPAP2A,0.0004970958779590787,0.4626865671641791,-0.20053092109947002,DDIT3_pDS263,0.0038141470180305
ELOVL7,0.0001571578567301741,0.5373134328358209,-0.2067313958062925,DDIT3_pDS263,0.0039875173370319
RP11-231G3.1,6.952813959398693e-05,0.845771144278607,-0.2653016688554231,DDIT3_pDS263,0.0050277392510402
CTD-2033C11.1,0.00020859777453098084,0.3383084577114428,-0.12345163480072184,DDIT3_pDS263,0.0038141470180305
CCNB1,0.05020997073459496,0.06467661691542288,1.6655980792683056,DDIT3_pDS263,1.0809639389736476
MAP1B,0.05108092926434094,0.04477611940298507,2.4382555188780755,DDIT3_pDS263,0.4649791955617198
RP11-79P5.9,0.007423619570035535,0.3383084577114428,0.17301581643918482,DDIT3_pDS263,0.0292995839112343
HEXB,0.015324628079126072,0.6716417910447762,-0.5487524700660636,DDIT3_pDS263,0.4025658807212205
GFM2,0.002886558145104303,0.8855721393034826,-1.0154159407833827,DDIT3_pDS263,0.1022884882108183
CTD-2235C13.3,3.174426325223751e-05,0.22885572139303484,0.7845567281062996,DDIT3_pDS263,0.0026005547850208
COL4A3BP,0.013171768289829562,0.5920398009950248,-0.35168147453960985,DDIT3_pDS263,0.2257281553398058
F2RL1,1.5681691822523403e-05,0.8557213930348259,-1.1831894853197427,DDIT3_pDS263,0.0019070735090152
SERINC5,0.003388350047702775,0.6467661691542289,-0.4276736730247392,DDIT3_pDS263,0.0079750346740638
ATP6AP1L,0.0007272267749984447,0.7910447761194029,-0.7861685836233397,DDIT3_pDS263,0.0128294036061026
RP11-343L5.2,9.930461232121803e-05,0.3283582089552239,0.29907921033558005,DDIT3_pDS263,0.0034674063800277
CTC-480C2.1,2.440128281984899e-05,0.3482587064676617,0.7199144744888384,DDIT3_pDS263,0.0031206657420249
GPR98,0.006065411920636545,0.48756218905472637,-0.059529955502843825,DDIT3_pDS263,0.0166435506241331
ANKRD32,0.01145783137199749,0.5671641791044776,-0.35623594196006436,DDIT3_pDS263,0.1608876560332871
RHOBTB3,0.07375573643430951,0.009950248756218905,3.0897796603034835,DDIT3_pDS263,1.3188280166435506
ERAP2,2.193291573419932e-05,0.6666666666666666,-0.5287425418917494,DDIT3_pDS263,0.002253814147018
CTD-2007H13.3,8.20844480684067e-06,0.5920398009950248,-0.7036006519098901,DDIT3_pDS263,0.0019070735090152
GIN1,0.0030052357799298067,0.6517412935323383,-0.700047348226813,DDIT3_pDS263,0.0365811373092926
TMEM232,8.025957877656658e-05,0.05970149253731343,1.516910294809619,DDIT3_pDS263,0.0017337031900138
TSLP,0.00027910685979440716,0.5472636815920398,-0.3382836006992549,DDIT3_pDS263,0.0043342579750346
STARD4,0.0076544197830328425,0.5223880597014925,-0.25467504669722474,DDIT3_pDS263,0.0546116504854368
EPB41L4A,0.007387933490944216,0.29850746268656714,0.3226885152034369,DDIT3_pDS263,0.0292995839112343
DCP2,0.01668730772742091,0.6119402985074627,-0.48838321341491187,DDIT3_pDS263,0.4790221914008322
MCC,3.153478129233846e-05,0.31343283582089554,0.3274876038919493,DDIT3_pDS263,0.0019070735090152
PGGT1B,0.002180974084475991,0.9601990049751243,-1.203241345988963,DDIT3_pDS263,0.065880721220527
TMED7,0.009484775938452011,0.6169154228855721,-0.520504750159664,DDIT3_pDS263,0.1688626907073509
DTWD2,0.007208596235507465,0.18407960199004975,0.7212417826854919,DDIT3_pDS263,0.0182038834951456
DMXL1,0.012112874720297775,0.3880597014925373,0.2061791169455068,DDIT3_pDS263,0.0818307905686546
ZNF608,5.662043081850764e-05,0.17412935323383086,-0.18623422156822442,DDIT3_pDS263,0.0046809986130374
MARCH3,0.00625295570859606,0.6865671641791045,-0.670228905086045,DDIT3_pDS263,0.0683079056865464
P4HA2,0.004310118253911401,0.5621890547263682,-0.48070988520275765,DDIT3_pDS263,0.0438626907073509
PDLIM4,0.016227806829946,0.03980099502487562,1.9310303779395133,DDIT3_pDS263,0.0471567267683772
SLC22A5,5.311504891633588e-05,0.7412935323383084,-0.42908795308964354,DDIT3_pDS263,0.0086685159500693
KIF3A,0.0030790110311707895,0.8308457711442786,-0.9381533530132375,DDIT3_pDS263,0.0826976421636615
PPP2CA,0.030816686879895833,0.3383084577114428,0.20331082366700814,DDIT3_pDS263,1.0594660194174756
RP11-215P8.3,5.48625738630315e-05,0.7313432835820896,-0.7066847864772761,DDIT3_pDS263,0.0027739251040221
SMAD5-AS1,3.2053418680575465e-05,0.7412935323383084,-0.6218823791548101,DDIT3_pDS263,0.0017337031900138
REEP2,2.501522502971786e-05,0.8258706467661692,-0.5424807580584162,DDIT3_pDS263,0.0034674063800277
EGR1,0.02034133373781597,0.0945273631840796,1.5443834276661141,DDIT3_pDS263,0.1021151178918169
TMEM173,0.00547685753817861,0.6318407960199005,-0.23670414606846324,DDIT3_pDS263,0.02375173370319
ANKHD1,0.006119786297465441,0.6766169154228856,-0.5429339504296965,DDIT3_pDS263,0.0806171983356449
IK,0.026028046603709814,0.39303482587064675,0.006551529178115895,DDIT3_pDS263,0.8216019417475728
TAF7,0.013839246521680164,0.7213930348258707,-0.685358129042013,DDIT3_pDS263,0.4065533980582524
FCHSD1,0.004959258972207866,0.20398009950248755,1.0477640554002658,DDIT3_pDS263,0.0173370319001386
SPRY4,0.0020510262752912434,0.8407960199004975,-1.0485392222375778,DDIT3_pDS263,0.0209778085991678
NR3C1,0.0064839265864907476,0.746268656716418,-0.7579593730682295,DDIT3_pDS263,0.0936199722607489
ANXA6,0.03517817200222703,0.07462686567164178,1.6670737280125991,DDIT3_pDS263,0.2739251040221914
FAXDC2,0.0016647483783645595,0.6218905472636815,-0.7374387289226553,DDIT3_pDS263,0.0161234396671289
FABP6,0.005812720381769539,0.8159203980099502,-0.8554107112029167,DDIT3_pDS263,0.085124826629681
SLU7,0.009175772881405263,0.900497512437811,-0.9970095657135695,DDIT3_pDS263,0.3411927877947295
PTTG1,0.054671941416134726,0.11442786069651742,1.234011445532684,DDIT3_pDS263,2.8982316227461857
GABRG2,0.002225448392546639,0.8805970149253731,-1.335473113564106,DDIT3_pDS263,0.0135228848821081
HMMR,0.014049813062705576,0.7562189054726368,-0.8092023987764614,DDIT3_pDS263,0.3892163661581137
MAT2B,0.01765000706565895,0.3333333333333333,0.3008922326786422,DDIT3_pDS263,0.2189667128987517
NPM1,0.016700445138608192,0.6467661691542289,-0.540931368994576,DDIT3_pDS263,23.49930651872399
UBTD2,0.0013199197171198124,0.6119402985074627,-0.7074213605952557,DDIT3_pDS263,0.0154299583911234
DUSP1,0.01782870573368797,0.07462686567164178,2.2393848689552924,DDIT3_pDS263,0.0457697642163661
CTC-308K20.1,3.734288951727349e-05,0.945273631840796,-0.2708215067149729,DDIT3_pDS263,0.0031206657420249
CREBRF,0.0008805001659131802,0.8308457711442786,-1.0874819318855053,DDIT3_pDS263,0.0133495145631067
BNIP1,0.009910376791601155,0.6268656716417911,-0.5629977532027929,DDIT3_pDS263,0.2064840499306518
CPEB4,0.016233118824646377,0.24378109452736318,0.5574220273080949,DDIT3_pDS263,0.1302011095700416
RP11-844P9.2,0.00893829837501896,0.7562189054726368,-0.7659365112512299,DDIT3_pDS263,0.1777045769764216
RP11-1277A3.3,9.096520720460395e-05,0.6865671641791045,-0.3591916513436536,DDIT3_pDS263,0.0292995839112343
ZNF354B,0.002744717208642172,0.6865671641791045,-0.690074446096895,DDIT3_pDS263,0.0190707350901525
HNRNPH1,0.026707174848464712,0.18407960199004975,0.9473305095314523,DDIT3_pDS263,0.3339112343966713
SQSTM1,0.060221845199428324,0.009950248756218905,3.0414900436521264,DDIT3_pDS263,0.5589459084604715
BTNL9,0.001378331184008322,0.15422885572139303,0.28907378028807407,DDIT3_pDS263,0.0083217753120665
TRIM7,0.019150567392120937,0.029850746268656716,2.690068255825476,DDIT3_pDS263,0.0575589459084604
CTC-338M12.6,0.0002463927213852915,0.15422885572139303,1.676368130277833,DDIT3_pDS263,0.0027739251040221
TRIM52,0.003358785151053867,0.5522388059701493,-0.35031358858314215,DDIT3_pDS263,0.0221914008321775
EXOC2,0.007346451841905574,0.6915422885572139,-0.6570139176549181,DDIT3_pDS263,0.1340152565880721
SERPINB9,0.005952431342044014,0.5422885572139303,-0.3333856920764873,DDIT3_pDS263,0.0292995839112343
NQO2,0.022994973315226118,0.6467661691542289,-0.5112902886743953,DDIT3_pDS263,1.119625520110957
RP1-40E16.12,0.010653273156873675,0.21393034825870647,0.6003011769773127,DDIT3_pDS263,0.0610263522884882
TUBB2A,0.024471162691750023,0.13930348258706468,1.2401304265738429,DDIT3_pDS263,0.1849861303744799
TUBB2B,0.033166130448176345,0.029850746268656716,2.2723951044553568,DDIT3_pDS263,0.1811719833564493
RP1-80N2.3,8.420380461467917e-05,0.23880597014925373,-0.13627194111601754,DDIT3_pDS263,0.0292995839112343
RREB1,0.013506943605542816,0.373134328358209,0.03532343351474562,DDIT3_pDS263,0.1534327323162274
SNRNP48,0.014887702232934456,0.6517412935323383,-0.5605017068628018,DDIT3_pDS263,0.3921636615811373
RP11-421M1.8,6.737697108669509e-05,0.4079601990049751,0.027991283287325856,DDIT3_pDS263,0.0029472954230235
HIVEP1,0.0017140790319195788,0.8009950248756219,-0.8871559903639078,DDIT3_pDS263,0.0353675450762829
PHACTR1,0.017172921187598316,0.07960199004975124,1.371379240133864,DDIT3_pDS263,0.0292995839112343
CD83,0.002777184999817983,0.3781094527363184,-0.03617965830658567,DDIT3_pDS263,0.0147364771151178
JARID2,0.020634705242902823,0.22388059701492538,0.675594451732155,DDIT3_pDS263,0.1647018030513176
JARID2-AS1,6.271679366186522e-05,0.6318407960199005,-0.1976134281399014,DDIT3_pDS263,0.0019070735090152
GMPR,0.039188882722466865,0.16417910447761194,0.9648828628519907,DDIT3_pDS263,0.8444868238557559
FAM8A1,0.009553002872725709,0.29850746268656714,0.21833078011849985,DDIT3_pDS263,0.0625866851595007
SOX4,0.027715600231663366,0.1890547263681592,0.9875348614037487,DDIT3_pDS263,0.2734049930651872
GMNN,0.07090877325968738,0.03482587064676617,2.6074017570242156,DDIT3_pDS263,2.337378640776699
RP11-367G6.3,0.0002526415634163289,0.5621890547263682,-0.4069770646010006,DDIT3_pDS263,0.0053744798890429
TRIM38,0.009320453152091377,0.21890547263681592,0.4425403586078588,DDIT3_pDS263,0.0643203883495145
HIST1H1C,0.0479382972474464,0.3681592039800995,0.09575075843363084,DDIT3_pDS263,11.641643550624131
HIST1H4C,0.0391252054098889,0.48756218905472637,-0.16806528548776167,DDIT3_pDS263,15.146151178918169
HIST1H2BC,0.050415727535423616,0.01990049751243781,2.2456496185891996,DDIT3_pDS263,0.4873439667128987
HIST1H2AC,0.029379386226420095,0.7014925373134329,-0.5994151421457302,DDIT3_pDS263,2.095873786407767
HIST1H2BD,0.01750965044120544,0.3781094527363184,-0.011055621011395787,DDIT3_pDS263,0.2475728155339805
HIST1H4D,1.5946756349576126e-05,0.6865671641791045,-0.5369252294008957,DDIT3_pDS263,0.0024271844660194
HIST1H3D,0.02660508352606688,0.04477611940298507,2.0188078370644873,DDIT3_pDS263,0.1440707350901525
HIST1H4E,0.013598647936139623,0.14427860696517414,1.0537220767044522,DDIT3_pDS263,0.0639736477115117
HIST1H2AE,0.03146238169345683,0.06965174129353234,1.9631896452317685,DDIT3_pDS263,0.1853328710124826
HIST1H1D,0.00547844990733254,0.9154228855721394,-1.1312159785845803,DDIT3_pDS263,0.1849861303744799
HIST1H4H,0.010142985532496731,0.845771144278607,-0.8873390009613569,DDIT3_pDS263,0.2688973647711511
BTN2A2,0.001861532206522323,0.7512437810945274,-0.9773857982624089,DDIT3_pDS263,0.0362343966712898
HIST1H2BJ,0.033640041500626126,0.5373134328358209,-0.18041479141528396,DDIT3_pDS263,1.676490984743412
HIST1H2BK,0.056273113968145015,0.1044776119402985,1.321456173869366,DDIT3_pDS263,23.19504160887656
HIST1H2BL,0.00018658403413605157,0.4228855721393035,-0.16166940122135937,DDIT3_pDS263,0.0292995839112343
HIST1H2AK,2.1203979100046604e-05,0.6169154228855721,-0.13731324716200294,DDIT3_pDS263,0.0031206657420249
ZNF165,0.00020543580256287793,0.945273631840796,-0.9492648648581122,DDIT3_pDS263,0.0156033287101248
ZNF311,0.005793315435181605,0.18407960199004975,1.109339488000489,DDIT3_pDS263,0.0112690707350901
RPP21,0.035223418028368376,0.009950248756218905,3.5505525870388785,DDIT3_pDS263,0.1608876560332871
HLA-E,0.01095408875869871,0.373134328358209,0.05284643568392311,DDIT3_pDS263,0.1031553398058252
PPP1R18,0.024019667478498895,0.47761194029850745,-0.15474466553119395,DDIT3_pDS263,0.8904299583911235
NRM,0.014607659494253957,0.35323383084577115,0.13873474109140477,DDIT3_pDS263,0.1662621359223301
TUBB,0.025343097302443284,0.6915422885572139,-0.6260042937816402,DDIT3_pDS263,9.041955617198337
IER3,0.011897376774452361,0.29850746268656714,0.36556374661496266,DDIT3_pDS263,0.0993411927877947
DDX39B-AS1,7.815895517502812e-05,0.3034825870646766,0.31427404405866805,DDIT3_pDS263,0.0019070735090152
LTB,0.006024863497878533,0.5920398009950248,-0.32331187521015786,DDIT3_pDS263,0.0700416088765603
LST1,0.012463308456684757,0.30845771144278605,0.4233230952219736,DDIT3_pDS263,0.1048890429958391
NCR3,0.003744777023109249,0.5572139303482587,-0.40428198579677077,DDIT3_pDS263,0.0417822468793342
AIF1,0.031200767666575164,0.21393034825870647,0.7806848750024361,DDIT3_pDS263,0.5301664355062413
CLIC1,0.03724643902725565,0.18407960199004975,0.8220583293675233,DDIT3_pDS263,7.966192787794729
HSPA1A,0.010370542244763229,0.8109452736318408,-0.8107791475739137,DDIT3_pDS263,0.3164008321775312
C6orf48,0.061377411722332735,0.03482587064676617,2.2636507210564036,DDIT3_pDS263,4.032246879334258
NEU1,0.02429714267143493,0.208955223880597,0.7680329761669972,DDIT3_pDS263,0.2900485436893203
FKBPL,0.008619250976670104,0.8009950248756219,-0.8579015068502539,DDIT3_pDS263,0.0292995839112343
PPT2-EGFL8,0.00018271817574739278,0.4577114427860697,-0.16904207537575994,DDIT3_pDS263,0.0041608876560332
EGFL8,0.001390958885263453,0.3681592039800995,-0.10542516393663284,DDIT3_pDS263,0.0062413314840499
HLA-DOB,5.9224817830849064e-05,0.7562189054726368,-0.7329213348402771,DDIT3_pDS263,0.002253814147018
BRD2,0.018121278640351624,0.7014925373134329,-0.7160153478920134,DDIT3_pDS263,0.8200416088765603
RPS18,0.011321411873344542,0.4228855721393035,-0.0266363692392116,DDIT3_pDS263,154.12187933425798
SCUBE3,8.696677443543027e-05,0.22388059701492538,0.6839941263617035,DDIT3_pDS263,0.0017337031900138
PPARD,0.011041560774488653,0.09950248756218906,1.5504396730316965,DDIT3_pDS263,0.0365811373092926
CDKN1A,0.0012990060341087982,0.09950248756218906,1.4761910499009079,DDIT3_pDS263,0.0050277392510402
PIM1,0.03267272083877594,0.15422885572139303,1.2369678034114338,DDIT3_pDS263,0.4868238557558946
TMEM217,0.0075363092957844,0.14427860696517414,1.492794701407954,DDIT3_pDS263,0.018377253814147
ZFAND3,0.015306544772433827,0.2835820895522388,0.5275452866975457,DDIT3_pDS263,0.1407766990291262
DNAH8,7.229765900202698e-05,0.7562189054726368,-0.5158187147234037,DDIT3_pDS263,0.0058945908460471
FRS3,7.422586025134478e-05,0.5323383084577115,-0.22782074076096048,DDIT3_pDS263,0.0071081830790568
PRICKLE4,0.001162942391270792,0.7562189054726368,-0.8484987614881006,DDIT3_pDS263,0.026005547850208
GNMT,3.715304134536327e-05,0.5771144278606966,-0.3060064980160373,DDIT3_pDS263,0.0026005547850208
PEX6,0.0018475560521001076,0.9104477611940298,-0.9370468675878556,DDIT3_pDS263,0.0292995839112343
HSP90AB1,0.0191616894198578,0.7611940298507462,-0.7199092539434608,DDIT3_pDS263,12.739424410540916
TNFRSF21,2.9563890675711466e-05,0.46766169154228854,-0.12310831322977611,DDIT3_pDS263,0.0019070735090152
RHAG,0.028582655854235937,0.19900497512437812,0.7715261020997067,DDIT3_pDS263,0.4526699029126214
GSTA2,0.00016541792468780149,0.5472636815920398,-0.31613662146491656,DDIT3_pDS263,0.0039875173370319
ICK,0.0067118892040541585,0.48258706467661694,-0.10480440131544638,DDIT3_pDS263,0.049757281553398
XXbac-BPGBPG55C20.2,9.102928234399721e-05,0.9402985074626866,-1.146489402709133,DDIT3_pDS263,0.0043342579750346
FKBP1C,2.9569951424090974e-05,0.8109452736318408,-0.7935725093167926,DDIT3_pDS263,0.0019070735090152
RP11-301G19.1,0.03687757638311441,0.3582089552238806,0.23613608156475577,DDIT3_pDS263,3.652739251040222
RP11-542F9.1,8.960391797963751e-06,0.3781094527363184,0.09118419853547867,DDIT3_pDS263,0.0026005547850208
LMBRD1,0.001310820445728031,0.9950248756218906,-1.4159734589631041,DDIT3_pDS263,0.0292995839112343
MB21D1,9.676672342707756e-05,0.19900497512437812,0.777049827843386,DDIT3_pDS263,0.0029472954230235
SH3BGRL2,0.012791250708501276,0.15422885572139303,1.3298972103521383,DDIT3_pDS263,0.0292995839112343
ME1,0.020170251904399084,0.12437810945273632,1.4426624594391337,DDIT3_pDS263,0.1050624133148405
RP11-393I2.4,0.005953011931672111,0.14427860696517414,0.7983213029041578,DDIT3_pDS263,0.0292995839112343
SLC35A1,0.002354316802967244,0.845771144278607,-0.9964231716550772,DDIT3_pDS263,0.0570388349514563
PNRC1,0.008132582800186949,0.6019900497512438,-0.325629689521982,DDIT3_pDS263,0.0799237170596394
RRAGD,0.002376891202315545,0.9104477611940298,-1.102321124340429,DDIT3_pDS263,0.0847780859916782
MANEA-AS1,0.0008111919966797372,0.7014925373134329,-0.7204318052836317,DDIT3_pDS263,0.0173370319001386
MMS22L,0.018623712623574488,0.19900497512437812,0.5627621555079686,DDIT3_pDS263,0.0292995839112343
RP11-98I9.4,0.005243140325925761,0.12437810945273632,1.8204778245231807,DDIT3_pDS263,0.0088418862690707
TSTD3,0.008550987030513301,0.4129353233830846,0.015002060281292915,DDIT3_pDS263,0.0826976421636615
RP3-467N11.1,0.0009431263115749214,0.9253731343283582,-0.9429403890078305,DDIT3_pDS263,0.0292995839112343
AIM1,0.008147944535720349,0.30845771144278605,0.3321507921780209,DDIT3_pDS263,0.0360610263522884
AK9,0.005995498638790502,0.30845771144278605,0.5178022108756231,DDIT3_pDS263,0.0100554785020804
KIAA1919,0.005047359744310984,0.6169154228855721,-0.22235489755253682,DDIT3_pDS263,0.0332871012482662
HDAC2,0.04130523984124063,0.30845771144278605,0.4198957418287696,DDIT3_pDS263,1.714632454923717
DSE,8.561654046879513e-05,0.6865671641791045,-0.4206161510303871,DDIT3_pDS263,0.0038141470180305
TSPYL1,0.006734921249514051,0.21890547263681592,1.121537698840921,DDIT3_pDS263,0.0273925104022191
KPNA5,0.005928919054149411,0.42786069651741293,0.038248963722688864,DDIT3_pDS263,0.0407420249653259
CEP85L,0.005180964472488633,0.8606965174129353,-0.7829034629648658,DDIT3_pDS263,0.0542649098474341
SERINC1,0.027380520700256976,0.03980099502487562,2.219843000275948,DDIT3_pDS263,0.1248266296809986
SMPDL3A,0.010011953140643157,0.06965174129353234,1.8685649480639925,DDIT3_pDS263,0.0162968099861303
TRDN,0.0002080341853123285,0.39800995024875624,-0.39227958601973556,DDIT3_pDS263,0.0095353675450762
RPS12,0.022808939337825306,0.03482587064676617,2.3378404128988035,DDIT3_pDS263,87.85176837725382
SGK1,0.00659453162618682,0.40298507462686567,0.3920332181602538,DDIT3_pDS263,0.0211511789181692
IFNGR1,0.024021840126622722,0.04477611940298507,2.051774012869726,DDIT3_pDS263,0.1140776699029126
CCDC28A,0.017382832328928257,0.208955223880597,0.759041665465823,DDIT3_pDS263,0.1302011095700416
REPS1,0.005319170655517015,0.7512437810945274,-0.8020712317421584,DDIT3_pDS263,0.1199722607489597
CITED2,0.040838177669558454,0.2835820895522388,0.4654463814359315,DDIT3_pDS263,1.3867891816920943
RP1-20N2.6,4.8777332404969067e-05,0.44776119402985076,-0.1179983073920628,DDIT3_pDS263,0.0019070735090152
PHACTR2,0.010174853309205062,0.4925373134328358,-0.21884258611189789,DDIT3_pDS263,0.1071428571428571
EPM2A,0.0021864321338567385,0.8009950248756219,-0.9229937559326892,DDIT3_pDS263,0.0135228848821081
RP3-466P17.1,3.0438515857716768e-05,0.4228855721393035,-0.054374320178577365,DDIT3_pDS263,0.0027739251040221
PPP1R14C,0.005194484632798322,0.373134328358209,0.42158791051889233,DDIT3_pDS263,0.0157766990291262
FBXO5,0.0163398462922775,0.43781094527363185,-0.06310794740012618,DDIT3_pDS263,0.2602288488210818
SNX9,0.019442088840293463,0.3582089552238806,0.11738228808764237,DDIT3_pDS263,0.2969833564493758
SERAC1,0.0021569679391901394,0.4228855721393035,-0.21605419050044333,DDIT3_pDS263,0.0161234396671289
EZR,0.017050617138057386,0.6069651741293532,-0.4911297444945454,DDIT3_pDS263,0.5038141470180305
C6orf99,0.00021487127246509,0.9800995024875622,-1.2250150905449975,DDIT3_pDS263,0.0149098474341192
ACAT2,0.049854378695463754,0.17412935323383086,1.0201453813697179,DDIT3_pDS263,3.1288141470180304
CAHM,0.0012154309477584206,0.5771144278606966,-0.5973837961432569,DDIT3_pDS263,0.0180305131761442
QKI,0.0068452417048027415,0.8557213930348259,-0.9935038968613098,DDIT3_pDS263,0.0292995839112343
RP1-168L15.5,5.041149383017811e-05,0.9402985074626866,-0.22056710225154766,DDIT3_pDS263,0.0292995839112343
RNASET2,0.01676414127444844,0.6517412935323383,-0.45997229388727967,DDIT3_pDS263,0.4093273231622746
ERMARD,0.008429910755102943,0.12437810945273632,1.1094110101487238,DDIT3_pDS263,0.0246185852981969
RP11-449P15.2,0.00012127116724204574,0.572139303482587,-0.19221225663452574,DDIT3_pDS263,0.0017337031900138
AC074389.5,0.00010815038390920297,0.3880597014925373,-0.4221753642087496,DDIT3_pDS263,0.0086685159500693
MAD1L1,0.03794478140391879,0.07462686567164178,1.7253859382970582,DDIT3_pDS263,0.3788141470180305
FOXK1,0.0108064448205612,0.36318407960199006,0.1335530934497507,DDIT3_pDS263,0.0934466019417475
ACTB,0.04897292299161991,0.014925373134328358,3.027359390660413,DDIT3_pDS263,17.44382801664355
FAM220A,0.0003550916199847821,0.9203980099502488,-0.9354730679373872,DDIT3_pDS263,0.0136962552011095
TSPAN13,0.048251997905197144,0.07960199004975124,1.6763115173309164,DDIT3_pDS263,0.6827323162274619
SP4,0.0025219863172833193,0.6915422885572139,-0.7670816682925246,DDIT3_pDS263,0.0162968099861303
KLHL7,0.01414988500655736,0.44776119402985076,-0.07045883516523112,DDIT3_pDS263,0.2130721220527045
DFNA5,0.016547216771076203,0.44776119402985076,-0.1635619061110344,DDIT3_pDS263,0.2869278779472954
NFE2L3,0.006968446609247021,0.5373134328358209,-0.28063449951912367,DDIT3_pDS263,0.0454230235783633
HNRNPA2B1,0.045962176433533695,0.05472636815920398,1.8737405489643872,DDIT3_pDS263,9.259535367545077
HOTAIRM1,0.009317034676177107,0.5870646766169154,-0.42562112976522026,DDIT3_pDS263,0.151005547850208
HOXA6,3.399098244371612e-05,0.48258706467661694,-0.018873058853328944,DDIT3_pDS263,0.0019070735090152
ZNRF2,5.4869281222760674e-05,0.15422885572139303,1.0734518006242397,DDIT3_pDS263,0.0038141470180305
NOD1,0.003587986852093632,0.6865671641791045,-0.2918602082496032,DDIT3_pDS263,0.0100554785020804
RALA,0.016003564953164514,0.8258706467661692,-0.9774525941882335,DDIT3_pDS263,0.993238557558946
RP11-467D6.1,0.0018706306143268412,0.1691542288557214,0.18976553706015076,DDIT3_pDS263,0.007628294036061
STK17A,0.012328817340224684,0.42786069651741293,-0.05066686913248081,DDIT3_pDS263,0.1461511789181692
AC004854.4,0.00011902864172036589,0.48756218905472637,-0.1286560643623499,DDIT3_pDS263,0.0029472954230235
UPP1,0.0010184653237046923,0.9651741293532339,-0.9145317059594086,DDIT3_pDS263,0.012135922330097
PSPH,0.0162147317003818,0.4129353233830846,-0.0797584758570787,DDIT3_pDS263,0.233009708737864
SUMF2,0.005828517206541119,0.9353233830845771,-1.2551050054499355,DDIT3_pDS263,0.2610957004160887
ZNF680,0.006244452397081766,0.48756218905472637,-0.13927314042861236,DDIT3_pDS263,0.0622399445214979
ERV3-1,0.028787084991740014,0.11442786069651742,1.3368527285336538,DDIT3_pDS263,0.2505201109570041
RP11-792A8.4,0.01271211399297472,0.44776119402985076,-0.06904799899072978,DDIT3_pDS263,0.1797850208044382
HIP1,0.00018452436295865126,0.9701492537313433,-1.0756954799586251,DDIT3_pDS263,0.0292995839112343
RHBDD2,0.009735740834089486,0.582089552238806,-0.48422367441987546,DDIT3_pDS263,0.159500693481276
GSAP,7.831196467634507e-05,0.9701492537313433,-0.3841595161443626,DDIT3_pDS263,0.0069348127600554
GATAD1,0.04220701663357332,0.014925373134328358,2.9351451764500083,DDIT3_pDS263,0.1905339805825242
GNGT1,0.00010379563528471545,0.26865671641791045,-0.21851359681989166,DDIT3_pDS263,0.004507628294036
CASD1,0.0011213844544726377,0.8955223880597015,-1.336721124831868,DDIT3_pDS263,0.018377253814147
ASNS,0.01739606820415869,0.46766169154228854,-0.16627046330944287,DDIT3_pDS263,0.3157073509015257
AC004893.11,6.25976174729636e-05,0.4228855721393035,-0.21211266084823827,DDIT3_pDS263,0.0032940360610263
GS1-259H13.2,0.00804217818945682,0.05472636815920398,0.9795385788431996,DDIT3_pDS263,0.0086685159500693
CYP3A5,0.0019425799814831084,0.7860696517412935,-0.8979745569844451,DDIT3_pDS263,0.0327669902912621
AP4M1,0.014297404572989272,0.11940298507462686,1.4398762204235336,DDIT3_pDS263,0.0755894590846047
ZCWPW1,0.006100623729974447,0.27860696517412936,0.5577861755004584,DDIT3_pDS263,0.0095353675450762
TSC22D4,0.022316612506886026,0.24875621890547264,0.5866582381920492,DDIT3_pDS263,0.2376907073509015
LRCH4,0.005631680077975859,0.746268656716418,-0.693515845610604,DDIT3_pDS263,0.0816574202496532
RP11-126L15.4,2.7849255245778395e-05,0.8557213930348259,-0.9669704303554335,DDIT3_pDS263,0.0019070735090152
MUC12,0.0002883179398917852,0.6119402985074627,-0.6830935964541766,DDIT3_pDS263,0.0052011095700416
SERPINE1,3.264788969657207e-05,0.3582089552238806,0.1935192679724809,DDIT3_pDS263,0.0060679611650485
VGF,0.023946228188176575,0.024875621890547265,2.4302532127221226,DDIT3_pDS263,0.108876560332871
CLDN15,0.011987227159896932,0.25870646766169153,0.6186508822459744,DDIT3_pDS263,0.0606796116504854
RELN,0.028330415889753713,0.11940298507462686,1.2120953960351473,DDIT3_pDS263,0.2297156726768377
RP11-251G23.5,7.716259033113316e-05,0.6218905472636815,-0.41523431403102706,DDIT3_pDS263,0.0024271844660194
CCDC71L,0.0058656930725810635,0.9601990049751243,-1.204033042739192,DDIT3_pDS263,0.2179264909847434
PIK3CG,0.0013678160243230843,0.8258706467661692,-0.9477912818528995,DDIT3_pDS263,0.0190707350901525
HBP1,0.012518650971911993,0.25870646766169153,0.5668157150624767,DDIT3_pDS263,0.0731622746185853
DLD,0.07330962954273702,0.004975124378109453,3.4352933321419723,DDIT3_pDS263,0.9283980582524272
CTB-13F3.1,1.482887879602229e-05,0.3582089552238806,0.5863934731725016,DDIT3_pDS263,0.0017337031900138
PNPLA8,0.008205535917569711,0.44776119402985076,-0.040695692395483256,DDIT3_pDS263,0.0601595006934812
THAP5,0.013509327520793682,0.15920398009950248,1.3180660750072948,DDIT3_pDS263,0.0568654646324549
DNAJB9,0.014728210926338883,0.263681592039801,0.417977965961824,DDIT3_pDS263,0.1178918169209431
LSMEM1,0.0006653489496553438,0.21393034825870647,0.4178494349363404,DDIT3_pDS263,0.0031206657420249
LINC00998,0.012467218606562597,0.9751243781094527,-1.3302771589515612,DDIT3_pDS263,1.0157766990291262
TES,0.01408334656098898,0.1890547263681592,0.7122736390715056,DDIT3_pDS263,0.09500693481276
MET,5.7601137107997915e-05,0.1044776119402985,1.2939607620903233,DDIT3_pDS263,0.0019070735090152
POT1-AS1,4.691493374332027e-05,0.373134328358209,0.16253316215547894,DDIT3_pDS263,0.002253814147018
ZNF800,0.023678124827298894,0.06965174129353234,1.7286054997104594,DDIT3_pDS263,0.1463245492371706
CCDC136,0.005789624092527755,0.681592039800995,-0.6330424969298795,DDIT3_pDS263,0.0865117891816921
SMO,0.00011581959310525928,0.7064676616915423,-0.7493450110978591,DDIT3_pDS263,0.0071081830790568
STRIP2,0.0015644926491206056,0.572139303482587,-0.7193493373019445,DDIT3_pDS263,0.0097087378640776
RP11-448A19.1,0.006130589134782669,0.14427860696517414,0.931442675593684,DDIT3_pDS263,0.0140429958391123
UBE2H,0.0031873934153178476,0.9402985074626866,-1.1714728317992429,DDIT3_pDS263,0.0885922330097087
LINC-PINT,0.0056944816012879495,0.15422885572139303,0.8533779509394446,DDIT3_pDS263,0.0292995839112343
KDM7A,0.005417385086765421,0.43781094527363185,0.0034305821183237524,DDIT3_pDS263,0.0254854368932038
AGK,0.007979300879281554,0.6766169154228856,-0.7246560108476426,DDIT3_pDS263,0.1145977808599167
RP5-894A10.2,0.0002599994793608717,0.8159203980099502,-0.6839073520933923,DDIT3_pDS263,0.0292995839112343
PRSS1,0.06573863740391718,0.004975124378109453,5.592985549685337,DDIT3_pDS263,0.3087725381414701
EPHB6,0.014426868949170954,0.12437810945273632,1.0291192214255815,DDIT3_pDS263,0.1113037447988904
AC093673.5,0.00071821818065407,0.9402985074626866,-1.1050556780732885,DDIT3_pDS263,0.0162968099861303
ZYX,0.016023093817551397,0.19402985074626866,0.8326741480563831,DDIT3_pDS263,0.1147711511789181
EPHA1-AS1,3.442176485494775e-05,0.7562189054726368,-0.8294836394781804,DDIT3_pDS263,0.002253814147018
FAM115A,0.016011955335000022,0.1691542288557214,0.9265575125461623,DDIT3_pDS263,0.0292995839112343
ZNF425,0.00013345844821185018,0.24378109452736318,-0.21751981618718136,DDIT3_pDS263,0.0292995839112343
INSIG1,0.017355127043798834,0.746268656716418,-0.7688707106279657,DDIT3_pDS263,0.6955617198335645
MNX1-AS2,1.722063309947722e-05,0.3681592039800995,-0.16680530099753912,DDIT3_pDS263,0.0027739251040221
RP11-706O15.1,0.006793909854644504,0.48258706467661694,-0.13570604202493233,DDIT3_pDS263,0.0745492371705963
TMSB4X,0.02586375381698905,0.23383084577114427,0.630517552002423,DDIT3_pDS263,22.10107489597781
RAB9A,0.0195578123233665,0.29850746268656714,0.3933391384808446,DDIT3_pDS263,0.0292995839112343
PIGA,0.0037156212245758025,0.5124378109452736,-0.08402606613472503,DDIT3_pDS263,0.0239251040221914
ZRSR2,0.011614603948017502,0.3582089552238806,0.41736509833219426,DDIT3_pDS263,0.0835644937586685
AP1S2,0.024426801277009812,0.14925373134328357,1.0442764025632674,DDIT3_pDS263,0.2366504854368932
CXorf23,0.005804921678334222,0.30845771144278605,0.7243518244989295,DDIT3_pDS263,0.0140429958391123
SAT1,0.02686996631095616,0.11940298507462686,1.3151317644620197,DDIT3_pDS263,0.233876560332871
MAGEB2,0.0010231997003179658,0.06965174129353234,0.7190070791770641,DDIT3_pDS263,0.0060679611650485
GPR82,0.005712349032195012,0.29850746268656714,0.3270344582152406,DDIT3_pDS263,0.0095353675450762
ZNF674-AS1,0.004009331535309896,0.8855721393034826,-0.9533688452614618,DDIT3_pDS263,0.0358876560332871
JADE3,0.0016548979036133833,0.48756218905472637,-0.49325938990001894,DDIT3_pDS263,0.012135922330097
TIMP1,0.039941965862099145,0.23880597014925373,0.37637774415316577,DDIT3_pDS263,1.834257975034674
GRIPAP1,0.012844412931532668,0.15920398009950248,0.8832929315385536,DDIT3_pDS263,0.0292995839112343
PRAF2,0.00014324873303636713,0.24875621890547264,0.10569936892214755,DDIT3_pDS263,0.0038141470180305
PLP2,0.09675128906740148,0.004975124378109453,5.297648345967223,DDIT3_pDS263,0.9211165048543688
CLCN5,0.0013821381679812094,0.7810945273631841,-0.8448058102385106,DDIT3_pDS263,0.0246185852981969
TSPYL2,0.00819938818825236,0.04975124378109453,1.9877414645562959,DDIT3_pDS263,0.0154299583911234
IQSEC2,0.0035604217694909356,0.5024875621890548,-0.16518009602908135,DDIT3_pDS263,0.0327669902912621
RIBC1,0.00017146970086306343,0.5323383084577115,-0.1792955686164912,DDIT3_pDS263,0.0029472954230235
WNK3,0.0014212504244797983,0.8557213930348259,-1.6409877360415421,DDIT3_pDS263,0.0292995839112343
ALAS2,0.07657204934482915,0.009950248756218905,4.279793008378162,DDIT3_pDS263,0.6941747572815534
PAGE2,6.595554460819081e-05,0.20398009950248755,0.7646250790881086,DDIT3_pDS263,0.0038141470180305
KLF8,0.006909526448963385,0.03980099502487562,1.2989596272258848,DDIT3_pDS263,0.0292995839112343
AMER1,0.0009295409054656154,0.5671641791044776,-0.6527509615721201,DDIT3_pDS263,0.0149098474341192
MTMR8,0.0014972878434152167,0.0945273631840796,0.8101349132013405,DDIT3_pDS263,0.0292995839112343
PJA1,0.0067137379765212024,0.08955223880597014,1.3933105918038908,DDIT3_pDS263,0.0292995839112343
IGBP1,0.024964649703773704,0.417910447761194,-0.015439730294720387,DDIT3_pDS263,0.658113730929265
IL2RG,0.020688487941060554,0.009950248756218905,2.9881213085961127,DDIT3_pDS263,0.0509708737864077
ITGB1BP2,0.00011878298506806105,0.8258706467661692,-0.4439518823640007,DDIT3_pDS263,0.0029472954230235
TAF1,0.0071349775375166395,0.5422885572139303,-0.302779701588936,DDIT3_pDS263,0.0409153952843273
ACRC,0.0010667727523344917,0.3781094527363184,0.3983786093914304,DDIT3_pDS263,0.0026005547850208
UPRT,0.009385009180339379,0.3383084577114428,0.14932712419306554,DDIT3_pDS263,0.0863384188626907
COX7B,0.06416795095199934,0.03980099502487562,2.113595540477599,DDIT3_pDS263,5.1047156726768375
PGK1,0.052464567903517556,0.12935323383084577,1.172118678190242,DDIT3_pDS263,3.3592233009708736
ITM2A,0.037027757586124255,0.14925373134328357,1.063029066173966,DDIT3_pDS263,0.6009015256588072
FAM133A,4.048496479337461e-05,0.0945273631840796,1.2707914197640353,DDIT3_pDS263,0.0019070735090152
TSPAN6,4.8539715286309537e-05,0.34328358208955223,0.3327443738047699,DDIT3_pDS263,0.0020804438280166
ARMCX3,0.00971273531938604,0.7611940298507462,-0.7653751134456774,DDIT3_pDS263,0.1997226074895977
TMSB15A,0.00462062746085588,0.4129353233830846,0.11296024100080172,DDIT3_pDS263,0.0292995839112343
BEX4,0.04000733639514703,0.27860696517412936,0.3320691766815945,DDIT3_pDS263,3.121532593619972
BEX2,0.024830345137896382,0.417910447761194,0.0037171769052495546,DDIT3_pDS263,0.0292995839112343
TCEAL7,0.00019570403159093784,0.6119402985074627,-0.2163410806832868,DDIT3_pDS263,0.0026005547850208
WBP5,0.03128078861888266,0.3333333333333333,0.2268824093783806,DDIT3_pDS263,0.8580097087378641
MORF4L2-AS1,8.394084549230089e-05,0.9651741293532339,-1.4353470264525685,DDIT3_pDS263,0.0102288488210818
TSC22D3,0.004893397262146522,0.5223880597014925,-0.24146976871715198,DDIT3_pDS263,0.0280859916782246
IL13RA1,0.014304607268055478,0.15920398009950248,0.893838706482547,DDIT3_pDS263,0.0292995839112343
LONRF3,0.007744070952304384,0.20398009950248755,0.75447777773975,DDIT3_pDS263,0.0360610263522884
RPL39,0.03725011741956123,0.38308457711442784,0.001973807164997333,DDIT3_pDS263,1.7727115117891816
RHOXF2,0.0014147678641262538,0.8656716417910447,-1.688431004183925,DDIT3_pDS263,0.0112690707350901
ZNF280C,0.0001135711352179833,0.9751243781094527,-0.9816815946222708,DDIT3_pDS263,0.0292995839112343
ENOX2,0.007937762677095781,0.7164179104477612,-0.6618705208109504,DDIT3_pDS263,0.0969140083217753
MST4,0.004827987111109153,0.8407960199004975,-0.8726853390812727,DDIT3_pDS263,0.0292995839112343
RAP2C,0.004695041628998949,0.7412935323383084,-0.8710685286988022,DDIT3_pDS263,0.0785367545076283
FAM122C,0.0005264965914832199,0.5223880597014925,-0.39547148973207924,DDIT3_pDS263,0.0083217753120665
ZNF75D,0.0001851354707050638,0.42786069651741293,-0.48144947950508615,DDIT3_pDS263,0.0058945908460471
HTATSF1,0.013994092530692375,0.6368159203980099,-0.571694745092228,DDIT3_pDS263,0.0292995839112343
MAGEC2,0.004678935051857838,0.8557213930348259,-0.8537833427920162,DDIT3_pDS263,0.0384882108183079
IDS,0.012297033535785026,0.17412935323383086,1.0206660985271891,DDIT3_pDS263,0.0431692094313453
FLNA,0.007680060164837585,0.7213930348258707,-0.6585588277931174,DDIT3_pDS263,0.1612343966712899
DNASE1L1,0.006858260522899529,0.10945273631840796,1.5691993431347415,DDIT3_pDS263,0.0112690707350901
GAB3,0.002561913381821926,0.5373134328358209,-0.3577048142410306,DDIT3_pDS263,0.0112690707350901
MTCP1,0.00016376987334823308,0.25870646766169153,0.5899318847871119,DDIT3_pDS263,0.0036407766990291
ZNF596,0.00010669398554379283,0.48258706467661694,-0.2712975949614919,DDIT3_pDS263,0.0043342579750346
TDRP,2.7792524680683917e-05,0.6019900497512438,-0.5596766291291868,DDIT3_pDS263,0.0019070735090152
ANGPT2,0.0010827668505728495,0.8507462686567164,-1.2331129678364048,DDIT3_pDS263,0.0138696255201109
RP11-375N15.2,9.574477972711253e-05,0.3283582089552239,0.4375610941327631,DDIT3_pDS263,0.0036407766990291
SLC35G5,7.84006655211345e-05,0.7114427860696517,-0.6052565176859769,DDIT3_pDS263,0.0026005547850208
FDFT1,0.03047394610841285,0.4228855721393035,-0.06340926607430133,DDIT3_pDS263,1.4849167822468794
RP11-297N6.4,0.0022862866935899205,0.5621890547263682,-0.4834582007293937,DDIT3_pDS263,0.0187239944521497
CTSB,0.012057884646915349,0.6666666666666666,-0.6210188653709239,DDIT3_pDS263,0.3502080443828017
LONRF1,0.004524039761359856,0.32338308457711445,0.5858016135177304,DDIT3_pDS263,0.0123092926490984
VPS37A,0.010259231177918295,0.6517412935323383,-0.5679615389373608,DDIT3_pDS263,0.1695561719833564
CTD-2547L16.1,0.005714746426157841,0.30845771144278605,0.6451623276205283,DDIT3_pDS263,0.0090152565880721
ATP6V1B2,0.011992984122383903,0.5124378109452736,-0.18550131873729067,DDIT3_pDS263,0.1803051317614424
DOK2,0.012183479084936525,0.05472636815920398,1.738595178765333,DDIT3_pDS263,0.0365811373092926
NUDT18,0.012990778985268434,0.014925373134328358,3.1472880303005333,DDIT3_pDS263,0.0292995839112343
TNFRSF10B,0.008542371907311979,0.32338308457711445,0.37252304783720736,DDIT3_pDS263,0.045249653259362
TNFRSF10C,0.0005159657947573473,0.5074626865671642,-0.1898169865179372,DDIT3_pDS263,0.0032940360610263
SLC25A37,0.04353456951803029,0.14427860696517414,1.1803077103488144,DDIT3_pDS263,0.8925104022191401
GNRH1,7.088440360644326e-05,0.7761194029850746,-0.8907621344962211,DDIT3_pDS263,0.0038141470180305
SCARA5,3.4495027615101276e-06,0.8756218905472637,-1.1471571946151558,DDIT3_pDS263,0.0204576976421636
TMEM66,0.024669198741062992,0.6567164179104478,-0.5729378337903765,DDIT3_pDS263,0.0292995839112343
RP11-51J9.5,0.004705254947028069,0.8756218905472637,-0.8407300745474966,DDIT3_pDS263,0.0476768377253814
RAB11FIP1,0.011714194048658004,0.8805970149253731,-0.9576019683942716,DDIT3_pDS263,0.3521151178918169
RP11-350N15.5,0.00013408939483654258,0.2835820895522388,-0.35084815935942576,DDIT3_pDS263,0.006761442441054
LETM2,0.006210951150550944,0.09950248756218906,0.8774352353344356,DDIT3_pDS263,0.0104022191400832
FGFR1,0.0101129129597238,0.38308457711442784,-0.055438034469189844,DDIT3_pDS263,0.1220527045769764
RP11-930P14.2,0.006037157793694041,0.29850746268656714,0.6646979403789435,DDIT3_pDS263,0.0105755894590846
POLB,0.0019535548851611533,0.9850746268656716,-1.616890467357778,DDIT3_pDS263,0.0292995839112343
THAP1,0.014769160509798318,0.2885572139303483,0.16721571316927114,DDIT3_pDS263,0.1730235783633842
HGSNAT,0.0036293889994090077,0.8656716417910447,-0.9763197061892059,DDIT3_pDS263,0.0292995839112343
CEBPD,0.019582198181980908,0.23880597014925373,0.4667143671231815,DDIT3_pDS263,0.2180998613037447
RB1CC1,0.015481281474064515,0.4626865671641791,-0.12854378463181926,DDIT3_pDS263,0.2650832177531206
RGS20,0.013875827673899424,0.4626865671641791,-0.023957981324984366,DDIT3_pDS263,0.1607142857142857
SDCBP,0.01947404407288559,0.5771144278606966,-0.3690691857582067,DDIT3_pDS263,0.6024618585298197
RP11-16E18.3,0.00013317708165432415,0.7512437810945274,-0.7255117736466635,DDIT3_pDS263,0.0029472954230235
TRPA1,7.642590607336757e-05,0.8407960199004975,-0.39892342766562183,DDIT3_pDS263,0.004507628294036
RPL7,0.02057660124475706,0.5870646766169154,-0.4111155138367576,DDIT3_pDS263,20.83633841886269
TMEM70,0.019523274552123694,0.7064676616915423,-0.6232556019733559,DDIT3_pDS263,0.883495145631068
RP11-758M4.4,0.0063330110334475,0.8109452736318408,-0.8491039618829161,DDIT3_pDS263,0.0965672676837725
ZC2HC1A,0.004900649214249887,0.31343283582089554,0.5296805595174874,DDIT3_pDS263,0.0292995839112343
SLC10A5,0.00017991929485104908,0.19900497512437812,0.8951951246893096,DDIT3_pDS263,0.0017337031900138
RP11-37B2.1,0.006222052480298223,0.20398009950248755,0.6816063560379916,DDIT3_pDS263,0.013002773925104
RBM12B,0.011073498539056778,0.31840796019900497,0.581020254655677,DDIT3_pDS263,0.0608529819694868
GEM,0.0006599455032644406,0.24378109452736318,0.3884409029915019,DDIT3_pDS263,0.0039875173370319
UQCRB,0.043092792500127194,0.27860696517412936,0.38514757739321054,DDIT3_pDS263,2.652392510402219
SDC2,0.006735342161305988,0.11442786069651742,1.1152933282815505,DDIT3_pDS263,0.009882108183079
RP11-410L14.2,0.004062052880400624,0.6915422885572139,-0.6356441301772401,DDIT3_pDS263,0.0559986130374479
KLF10,0.0008932273529908407,0.8955223880597015,-1.0873798762831939,DDIT3_pDS263,0.0273925104022191
DCAF13,0.02647496032795258,0.572139303482587,-0.28338069488579387,DDIT3_pDS263,0.9876907073509016
LRP12,0.0024508633540847335,0.7164179104477612,-0.7060127130849003,DDIT3_pDS263,0.0182038834951456
ZFPM2,0.003159067270049684,0.7562189054726368,-0.7456055492626511,DDIT3_pDS263,0.0275658807212205
EIF3E,0.05320485192268912,0.11442786069651742,1.173466025138195,DDIT3_pDS263,3.638869625520111
RAD21-AS1,1.5546599950438955e-05,0.17412935323383086,0.7279797548760104,DDIT3_pDS263,0.002253814147018
FAM83A,0.018699450678360256,0.7164179104477612,-0.7138808663108285,DDIT3_pDS263,0.8002773925104022
ZHX1-C8ORF76,0.0023041040991578,0.7960199004975125,-0.9045679403503925,DDIT3_pDS263,0.0225381414701803
FBXO32,0.0021606834026388377,0.7164179104477612,-0.7762236829556958,DDIT3_pDS263,0.0310332871012482
RNF139-AS1,0.003230157325868343,0.7860696517412935,-0.834122632134053,DDIT3_pDS263,0.0539181692094313
SQLE,0.03954506288062086,0.2537313432835821,0.5380181208069696,DDIT3_pDS263,1.6768377253814146
TRIB1,0.0017983993105376898,0.6766169154228856,-0.7605187787890851,DDIT3_pDS263,0.0213245492371705
MYC,0.033657913448853174,0.48756218905472637,-0.18083346080064389,DDIT3_pDS263,2.126040221914008
AC083843.1,9.27197372953782e-05,0.6069651741293532,-0.3199156497259175,DDIT3_pDS263,0.0057212205270457
KHDRBS3,5.7808548248677135e-05,0.36318407960199006,0.1347372099956132,DDIT3_pDS263,0.0029472954230235
KCNK9,0.001536075697413255,0.03980099502487562,1.4572371107883135,DDIT3_pDS263,0.0057212205270457
RP11-809O17.1,6.071732035156639e-05,0.2736318407960199,0.5348192253470426,DDIT3_pDS263,0.0024271844660194
CTD-3064M3.1,0.00018715229281909072,0.8208955223880597,-0.31372716354477354,DDIT3_pDS263,0.0093619972260748
LY6E,0.04026188293589239,0.31840796019900497,0.2932347712403073,DDIT3_pDS263,4.007801664355062
RP13-582O9.5,0.005036936848392076,1.0,-1.3957009051155402,DDIT3_pDS263,0.2390776699029126
ZNF707,0.0039531118243094744,0.5124378109452736,-0.3071701614567734,DDIT3_pDS263,0.0244452149791955
FBXL6,0.02165233636778166,0.01990049751243781,2.7513810598742445,DDIT3_pDS263,0.0778432732316227
LRRC24,0.0001675481093052528,0.835820895522388,-0.3744346989759894,DDIT3_pDS263,0.0043342579750346
ERMP1,0.0014399360545317044,0.7014925373134329,-0.7899214669198341,DDIT3_pDS263,0.0292995839112343
PSIP1,0.012473053755422512,0.9651741293532339,-1.2880610586250067,DDIT3_pDS263,0.0292995839112343
PLIN2,0.0351303980279719,0.03980099502487562,2.1667520316053457,DDIT3_pDS263,0.2543342579750346
RPS6,0.03544885829189146,0.06965174129353234,1.9315228965876108,DDIT3_pDS263,67.30738557558946
TOPORS,0.009305963353943385,0.5472636815920398,-0.42460769285114364,DDIT3_pDS263,0.1546463245492371
NDUFB6,0.018728932369702328,0.9303482587064676,-1.1984436020416007,DDIT3_pDS263,2.5315533980582523
DNAJA1,0.0648383056491705,0.05970149253731343,1.8604525126737157,DDIT3_pDS263,4.206830790568655
B4GALT1,0.0026352388445544527,0.8606965174129353,-0.9577619215077509,DDIT3_pDS263,0.0292995839112343
SPINK4,0.008427152092362314,0.05970149253731343,1.753742735366565,DDIT3_pDS263,0.0128294036061026
AQP3,0.002785189339664668,0.9402985074626866,-1.1188710412456555,DDIT3_pDS263,0.0882454923717059
PRSS3,0.025726034086212244,0.009950248756218905,3.260099022832857,DDIT3_pDS263,0.0773231622746185
CCL27,9.951566015362828e-05,0.1691542288557214,0.9723966780535861,DDIT3_pDS263,0.0292995839112343
RP11-195F19.9,0.0028902711214683005,0.4577114427860697,-0.21313453432979473,DDIT3_pDS263,0.0095353675450762
STOML2,0.01804307053358794,0.9303482587064676,-1.3489877206729979,DDIT3_pDS263,4.552357836338419
FBXO10,8.947707771267296e-05,0.7263681592039801,-0.39259656505272317,DDIT3_pDS263,0.004507628294036
CNTNAP3B,0.00014728688742666403,0.24378109452736318,0.5649176109086405,DDIT3_pDS263,0.0020804438280166
TJP2,0.01411828638865613,0.2835820895522388,0.3190196138096005,DDIT3_pDS263,0.0932732316227461
GDA,0.003698724858039084,0.681592039800995,-0.715827926501757,DDIT3_pDS263,0.0556518723994452
ANXA1,0.0010695389812569534,0.3880597014925373,0.3081898506191897,DDIT3_pDS263,0.0032940360610263
RP11-522I20.3,0.005294363599789347,0.19900497512437812,0.686104936487512,DDIT3_pDS263,0.009882108183079
NAA35,0.01809495986632445,0.22388059701492538,0.77754322777267,DDIT3_pDS263,0.0292995839112343
CTSL,0.048431395258449035,0.0945273631840796,1.5791110504812838,DDIT3_pDS263,0.7888349514563107
S1PR3,0.0053676361952267135,0.3034825870646766,0.6639870331620387,DDIT3_pDS263,0.0097087378640776
CKS2,0.02511338074441801,0.7164179104477612,-0.6807269427865654,DDIT3_pDS263,2.2735783633841886
GADD45G,0.005529933490263961,0.20398009950248755,0.9814094693895539,DDIT3_pDS263,0.0138696255201109
NINJ1,0.00959694098215648,0.4228855721393035,-0.009956985333167518,DDIT3_pDS263,0.0778432732316227
RP11-435O5.2,0.0006227903847559017,0.7661691542288557,-0.7776720565484108,DDIT3_pDS263,0.0136962552011095
RP11-435O5.5,4.626501259202636e-05,0.15422885572139303,-0.1118917831757527,DDIT3_pDS263,0.0032940360610263
CDC14B,0.003696018572306957,0.6069651741293532,-0.5948416812427075,DDIT3_pDS263,0.0292995839112343
TDRD7,0.00041035083766750836,0.8109452736318408,-0.8230741466678053,DDIT3_pDS263,0.0292995839112343
HEMGN,0.012795890141034388,0.9303482587064676,-1.2130008090029762,DDIT3_pDS263,0.7148058252427184
TRIM14,0.010861624809323546,0.13432835820895522,1.0009898728604987,DDIT3_pDS263,0.0449029126213592
CORO2A,0.003907620975506828,0.5671641791044776,-0.16062940426465927,DDIT3_pDS263,0.0292995839112343
RP11-60I3.4,7.903200081033937e-05,0.6268656716417911,-0.614116703010104,DDIT3_pDS263,0.0017337031900138
TEX10,0.007531861702264064,0.7611940298507462,-0.7443625491873488,DDIT3_pDS263,0.0292995839112343
MRPL50,0.06515390457556865,0.014925373134328358,3.0155521188797216,DDIT3_pDS263,0.0292995839112343
ZNF189,0.013359142381301774,0.004975124378109453,3.249760398118652,DDIT3_pDS263,0.0173370319001386
RP11-82L2.1,0.00011687652285986239,0.4975124378109453,-0.06779946625507971,DDIT3_pDS263,0.0029472954230235
NIPSNAP3A,0.02341525473856172,0.263681592039801,0.4580598699978851,DDIT3_pDS263,0.3092926490984743
NIPSNAP3B,0.0010644026510168896,0.7960199004975125,-1.0849818240143914,DDIT3_pDS263,0.0104022191400832
SLC44A1,0.00025815177137345527,0.7761194029850746,-0.3460175085497177,DDIT3_pDS263,0.0041608876560332
C9orf147,0.0004588412331481313,0.8756218905472637,-0.5899069126880758,DDIT3_pDS263,0.0069348127600554
FAM225A,9.742591117867195e-05,0.7412935323383084,-0.30886174997625454,DDIT3_pDS263,0.0039875173370319
CDC26,7.935255854190668e-05,0.7164179104477612,-0.13507167495297648,DDIT3_pDS263,0.0034674063800277
C9orf43,4.022650444300772e-05,0.12437810945273632,1.0451703139931672,DDIT3_pDS263,0.0017337031900138
DFNB31,0.0017468010487344458,0.4975124378109453,-0.4217331525625171,DDIT3_pDS263,0.0171636615811373
PHF19,0.05092521403023952,0.09950248756218906,1.3575249043569286,DDIT3_pDS263,4.473474341192788
GSN,0.006481747739541658,0.7910447761194029,-0.7473518540450234,DDIT3_pDS263,0.0435159500693481
PDCL,0.013342249482455167,0.47761194029850745,-0.13398390566386983,DDIT3_pDS263,0.1754507628294036
HSPA5,0.02421954412357759,0.7164179104477612,-0.7019593445809673,DDIT3_pDS263,1.1601941747572817
ZBTB43,0.009353371290176153,0.572139303482587,-0.3673129141994403,DDIT3_pDS263,0.1132108183079056
STXBP1,0.007345823641111647,0.1044776119402985,1.4103585525061397,DDIT3_pDS263,0.0292995839112343
GOLGA2,0.06823375355151982,0.004975124378109453,4.755883768884571,DDIT3_pDS263,0.0292995839112343
SET,0.046555474275663644,0.10945273631840796,1.2059161310383348,DDIT3_pDS263,4.877947295423024
LRRC8A,0.009153392353151003,0.5024875621890548,-0.2524051253080645,DDIT3_pDS263,0.0899791955617198
FNBP1,0.015288612516756887,0.2537313432835821,0.4754802277750657,DDIT3_pDS263,0.1144244105409154
RP11-544A12.8,0.0062307207792814965,0.7512437810945274,-0.7815140480801012,DDIT3_pDS263,0.1362690707350901
AK8,0.007684866650013084,0.208955223880597,0.6613068646499772,DDIT3_pDS263,0.0185506241331484
SOHLH1,0.00020123680632448877,0.31343283582089554,-0.13473700965708507,DDIT3_pDS263,0.002253814147018
RP11-432J22.2,0.0001734845925237081,0.22388059701492538,0.627207286518465,DDIT3_pDS263,0.0019070735090152
NOTCH1,0.008317247828920635,0.13432835820895522,1.0633878138719224,DDIT3_pDS263,0.0279126213592233
SNHG7,0.031148241812166428,0.24378109452736318,0.5408025742616507,DDIT3_pDS263,0.6350554785020804
TUBB4B,0.023942794236631666,0.7512437810945274,-0.7417109586245814,DDIT3_pDS263,2.152045769764217
IDI1,0.027996954895019154,0.5472636815920398,-0.2951981745097614,DDIT3_pDS263,1.294729542302358
KLF6,0.0041256339270361415,0.7611940298507462,-0.8618022511830634,DDIT3_pDS263,0.0996879334257975
AKR1C1,0.0002640580391741168,0.4975124378109453,-0.59164098119097,DDIT3_pDS263,0.0091886269070735
OPTN,0.00020080483619012456,0.21393034825870647,1.4218723412593348,DDIT3_pDS263,0.0019070735090152
FAM107B,8.838643221906789e-05,0.6666666666666666,-0.5102192007613576,DDIT3_pDS263,0.002253814147018
RP11-398C13.6,0.0007975446214493439,0.8009950248756219,-1.050947819000306,DDIT3_pDS263,0.0254854368932038
VIM,0.10252035419970944,0.004975124378109453,4.481315672874286,DDIT3_pDS263,3.1664355062413314
OTUD1,6.564069341375484e-05,0.07960199004975124,1.7148370037581817,DDIT3_pDS263,0.0024271844660194
PTCHD3P1,0.007777207032179454,0.3781094527363184,0.08381526004712779,DDIT3_pDS263,0.0563453536754507
CREM,0.04450768790260765,0.029850746268656716,2.560401501737494,DDIT3_pDS263,0.4277045769764216
ZNF485,0.0076947332827392596,0.3383084577114428,0.33942917362094843,DDIT3_pDS263,0.0292995839112343
ZNF32,0.01828114801135137,0.26865671641791045,0.6679604454432283,DDIT3_pDS263,0.0292995839112343
PARG,0.0109232778306629,0.2736318407960199,0.45850544293814594,DDIT3_pDS263,0.0598127600554785
NCOA4,0.016539074654235254,0.417910447761194,-0.01033284864440913,DDIT3_pDS263,0.27375173370319
LINC00843,5.595448184855947e-05,0.21890547263681592,-0.16797272155388215,DDIT3_pDS263,0.0055478502080443
FAM21A,0.00010291371560889634,0.9303482587064676,-0.44865720501384,DDIT3_pDS263,0.0055478502080443
ASAH2,1.0167958584417465e-05,0.7562189054726368,-0.5846994532380375,DDIT3_pDS263,0.0292995839112343
RP11-50E11.3,0.0001588502775542209,0.572139303482587,-0.5292065052694866,DDIT3_pDS263,0.0034674063800277
IPMK,0.006492780792642429,0.15422885572139303,1.3841621525677785,DDIT3_pDS263,0.0136962552011095
CDK1,0.025746512932645835,0.5373134328358209,-0.3063427622071,DDIT3_pDS263,0.9956657420249652
ARID5B,0.006861055252357529,0.900497512437811,-0.9661692205414257,DDIT3_pDS263,0.1653952843273231
JMJD1C,0.008862257323302682,0.7711442786069652,-0.7852347803683002,DDIT3_pDS263,0.2345700416088765
JMJD1C-AS1,0.00046293226491518765,0.7960199004975125,-0.8901217666117541,DDIT3_pDS263,0.01751040221914
TET1,0.012725524304474389,0.527363184079602,-0.2772955722589456,DDIT3_pDS263,0.0292995839112343
UNC5B,6.864770224189819e-05,0.417910447761194,0.07672922088347997,DDIT3_pDS263,0.0026005547850208
DDIT4,0.007313404049722907,0.9552238805970149,-1.2417730120869455,DDIT3_pDS263,0.1546463245492371
DNAJC9-AS1,9.120670930353775e-05,0.3781094527363184,-0.2667177664466616,DDIT3_pDS263,0.006761442441054
RP11-152N13.5,0.013859116776060896,0.11442786069651742,1.4111062099985943,DDIT3_pDS263,0.0554785020804438
PLAU,0.00018607263856107974,0.3383084577114428,0.28510804189143507,DDIT3_pDS263,0.0032940360610263
KAT6B,0.0009929216553087033,0.9751243781094527,-1.0963868125580003,DDIT3_pDS263,0.04750346740638
DUSP13,0.019963600848393923,0.0945273631840796,1.5688335818682362,DDIT3_pDS263,0.084257975034674
RPS24,0.03998743087858052,0.10945273631840796,1.4301133459105186,DDIT3_pDS263,21.531553398058257
PPIF,0.017982735392304168,0.8557213930348259,-0.9321485700985526,DDIT3_pDS263,1.2605755894590849
CCSER2,0.0075958403539668614,0.582089552238806,-0.4287098210310731,DDIT3_pDS263,0.0748959778085991
RP11-77P6.2,0.0062282908205146615,0.08955223880597014,2.1299345959858043,DDIT3_pDS263,0.0086685159500693
IFIT3,5.390873042544303e-05,0.24875621890547264,0.5830286503211922,DDIT3_pDS263,0.0026005547850208
RP11-80H5.2,3.915757889290813e-05,0.7164179104477612,-0.6787280677370853,DDIT3_pDS263,0.0024271844660194
MARCH5,0.01669231709867555,0.34328358208955223,0.2922792050366084,DDIT3_pDS263,0.1917475728155339
LCOR,0.0022735050405329085,0.736318407960199,-0.8098581938453346,DDIT3_pDS263,0.0346740638002773
PI4K2A,0.002301902968605485,0.6417910447761194,-0.6545152340277017,DDIT3_pDS263,0.031380027739251
DNMBP,0.00021830516553129415,0.29850746268656714,-0.061068137549624806,DDIT3_pDS263,0.0038141470180305
RP11-179B2.2,0.005334701705782381,0.6069651741293532,0.26235031340175136,DDIT3_pDS263,0.0124826629680998
PDZD7,0.00013153673472121076,0.9253731343283582,-0.37617717998786254,DDIT3_pDS263,0.002253814147018
SFXN3,7.004385878782855e-05,0.3880597014925373,0.14964046675269846,DDIT3_pDS263,0.0029472954230235
NFKB2,0.0018881655051675608,0.46766169154228854,-0.42508005584265945,DDIT3_pDS263,0.0168169209431345
PSD,0.0002159929414778364,0.29850746268656714,-0.2352678303191687,DDIT3_pDS263,0.0091886269070735
TAF5,0.00642826419931064,0.6218905472636815,-0.5245213754101599,DDIT3_pDS263,0.0891123439667129
USMG5,0.05300004317568055,0.1044776119402985,1.378335316262762,DDIT3_pDS263,2.457697642163662
RP11-451M19.3,0.0001853774433919974,0.3333333333333333,0.2523273628330563,DDIT3_pDS263,0.0020804438280166
SMNDC1,0.012237682408188065,0.5422885572139303,-0.22097049324991985,DDIT3_pDS263,0.1998959778085991
DUSP5,0.008018528322951139,0.1890547263681592,0.8686052219974022,DDIT3_pDS263,0.01751040221914
VTI1A,0.014955306551422588,0.22388059701492538,0.5546748324103751,DDIT3_pDS263,0.1177184466019417
TCF7L2,0.0019415740791943737,0.900497512437811,-1.0140653778315964,DDIT3_pDS263,0.0554785020804438
FAM160B1,9.982083909200485e-05,0.7164179104477612,-0.8953467417505674,DDIT3_pDS263,0.0119625520110957
SLC18A2,7.981295823893247e-05,0.835820895522388,-0.3053609065894684,DDIT3_pDS263,0.0043342579750346
FAM45A,0.006333930451047264,0.6218905472636815,-0.47870769997430945,DDIT3_pDS263,0.0677877947295423
FAM24B,0.017784928209343253,0.06467661691542288,1.66492935431546,DDIT3_pDS263,0.0722954230235783
MKI67,0.013501054514449835,0.9203980099502488,-1.0803884771862098,DDIT3_pDS263,0.723127600554785
MIR202HG,0.003022958714452586,0.5422885572139303,-0.21200712092714036,DDIT3_pDS263,0.0104022191400832
IFITM2,0.020026460570352,0.845771144278607,-0.8196396919650905,DDIT3_pDS263,1.253120665742025
C11orf35,0.00011027737190589314,0.6119402985074627,-0.21820508203484387,DDIT3_pDS263,0.0039875173370319
RP11-496I9.1,9.44557101643133e-05,0.40298507462686567,0.18133988650934688,DDIT3_pDS263,0.0026005547850208
IRF7,0.0057232567379945365,0.21890547263681592,1.1338101857870222,DDIT3_pDS263,0.0292995839112343
BRSK2,0.003707484691044335,0.19402985074626866,1.0069148567043529,DDIT3_pDS263,0.0065880721220527
LSP1,0.0029624770847998336,0.23880597014925373,0.5447016591650108,DDIT3_pDS263,0.0083217753120665
SLC22A18,0.0017240734655396461,0.10945273631840796,0.5637103650667754,DDIT3_pDS263,0.0053744798890429
PHLDA2,0.020283849187541902,0.4626865671641791,-0.18928751538830704,DDIT3_pDS263,0.4984396671289875
ART5,6.285437013611286e-05,0.3781094527363184,0.2250385844193094,DDIT3_pDS263,0.0031206657420249
RP11-23F23.2,0.0,1.0,0.0,DDIT3_pDS263,0.0017337031900138
HBD,0.0394118226884865,0.01990049751243781,2.762728456024096,DDIT3_pDS263,0.2314493758668516
HBG1,0.20033405998218923,0.004975124378109453,14.76424298320913,DDIT3_pDS263,29.423023578363384
HBG2,0.2163803118463981,0.004975124378109453,13.831742426738648,DDIT3_pDS263,46.90117891816921
HBE1,0.03890096358786935,0.004975124378109453,4.749195660491009,DDIT3_pDS263,0.0695214979195561
NRIP3,0.005941196864047953,0.5422885572139303,-0.30480283222697785,DDIT3_pDS263,0.0435159500693481
DENND5A,0.0032558992711809354,0.5870646766169154,-0.5714536412016936,DDIT3_pDS263,0.0364077669902912
TMEM41B,0.011580768764058908,0.48756218905472637,-0.20807743669815157,DDIT3_pDS263,0.145631067961165
RP11-540A21.2,2.512728660047219e-05,0.208955223880597,0.8116872082140193,DDIT3_pDS263,0.0020804438280166
SBF2-AS1,0.009193720636256527,0.014925373134328358,2.4351545736386178,DDIT3_pDS263,0.0105755894590846
SBF2,0.0001944259388203955,0.9900497512437811,-1.5791379508002827,DDIT3_pDS263,0.0149098474341192
ZBED5-AS1,0.005001274877262459,0.5174129353233831,-0.052264844586796276,DDIT3_pDS263,0.0213245492371705
CSNK2A3,6.006218216989687e-05,0.4079601990049751,0.1470797847447223,DDIT3_pDS263,0.0017337031900138
MICALCL,8.439963179686587e-06,0.7164179104477612,-0.500917371696249,DDIT3_pDS263,0.0031206657420249
LINC00958,0.04843512573209658,0.06965174129353234,1.9243149453894708,DDIT3_pDS263,0.5936199722607489
CYP2R1,0.0014824390055312633,0.9054726368159204,-1.0540895334920826,DDIT3_pDS263,0.0372746185852981
PIK3C2A,0.010997497800010874,0.14925373134328357,0.7625158234039132,DDIT3_pDS263,0.0601595006934812
LDHA,0.04300281926323834,0.0845771144278607,1.3282644090206304,DDIT3_pDS263,8.793515950069349
UEVLD,0.0022235340618329907,0.6915422885572139,-0.8166316180295481,DDIT3_pDS263,0.0131761442441054
TMEM86A,0.006602117940797064,0.029850746268656716,3.746496992043263,DDIT3_pDS263,0.0046809986130374
ANO5,2.7542720184201346e-05,0.8258706467661692,-0.8252454467904632,DDIT3_pDS263,0.0031206657420249
MUC15,0.004747575326425164,0.3781094527363184,0.487401594305237,DDIT3_pDS263,0.0097087378640776
CD59,0.014528291794596214,0.835820895522388,-0.9729822237927973,DDIT3_pDS263,0.7482662968099861
LMO2,0.08274341338020312,0.004975124378109453,4.036729974017407,DDIT3_pDS263,1.6092233009708738
PRR5L,0.0053633254133196966,0.19402985074626866,0.9864404955432293,DDIT3_pDS263,0.0140429958391123
TRAF6,0.01224210224034662,0.1044776119402985,1.4192862908930866,DDIT3_pDS263,0.0317267683772538
RAG1,0.00010437531175904469,0.6865671641791045,-0.6922220135126358,DDIT3_pDS263,0.0062413314840499
C11orf74,0.0029384612009707334,0.8109452736318408,-1.002588451482887,DDIT3_pDS263,0.0634535367545076
C11orf96,0.005075590373298902,0.30845771144278605,0.5207702656470693,DDIT3_pDS263,0.0195908460471567
ALX4,4.4175025706223964e-05,0.4427860696517413,0.07932458345541568,DDIT3_pDS263,0.0024271844660194
CD82,0.0003246127711940906,0.34328358208955223,-0.379873931746081,DDIT3_pDS263,0.0104022191400832
SLC35C1,0.0038643197463534215,0.8557213930348259,-0.9760407373049167,DDIT3_pDS263,0.0490638002773925
RP11-702F3.3,8.928341371405566e-06,0.472636815920398,-0.3696640158664834,DDIT3_pDS263,0.0034674063800277
CREB3L1,9.031508148461312e-05,0.3681592039800995,-0.2372151154573475,DDIT3_pDS263,0.004507628294036
MDK,0.05379825374266464,0.12437810945273632,1.1637393171992059,DDIT3_pDS263,4.271844660194175
C11orf49,0.01732598003662667,0.17412935323383086,0.8770100306063501,DDIT3_pDS263,0.1281206657420249
SPI1,0.010931088712553013,0.8606965174129353,-0.9271141367959793,DDIT3_pDS263,0.3257628294036061
APLNR,5.53635779704776e-05,0.3482587064676617,0.48422140303978534,DDIT3_pDS263,0.0292995839112343
UBE2L6,0.008916630322167388,0.6666666666666666,-0.6171003576217481,DDIT3_pDS263,0.185506241331484
YPEL4,0.0010119717823141433,0.4577114427860697,-0.09990929516806048,DDIT3_pDS263,0.0043342579750346
MS4A3,0.029261545444070777,0.6716417910447762,-0.5627225627919354,DDIT3_pDS263,5.298370319001387
MS4A4A,0.05416873384337771,0.13930348258706468,0.9786434085972142,DDIT3_pDS263,3.0459431345353676
DAK,0.01864843302599597,0.31343283582089554,0.37430002969966064,DDIT3_pDS263,0.2179264909847434
FADS1,0.046952719542556344,0.09950248756218906,1.364516968312074,DDIT3_pDS263,0.6624479889042996
FADS3,0.018350319830046067,0.1044776119402985,1.1063049439895574,DDIT3_pDS263,0.137135922330097
FTH1,0.018761084888025522,0.1791044776119403,0.8409360450461862,DDIT3_pDS263,72.83529819694868
RP11-703H8.7,5.5032381813422897e-05,0.4129353233830846,0.4223252748993356,DDIT3_pDS263,0.0029472954230235
AHNAK,0.006767131068749728,0.681592039800995,-0.5815120635909091,DDIT3_pDS263,0.0882454923717059
MTA2,0.00199596197010456,0.7263681592039801,-0.7999370584096126,DDIT3_pDS263,0.0402219140083217
C11orf83,0.045254492179683276,0.14427860696517414,0.9178523157126429,DDIT3_pDS263,1.7380374479889042
RP11-727F15.12,0.006722705524854432,0.19402985074626866,1.3414169575251134,DDIT3_pDS263,0.0156033287101248
SLC3A2,0.019349158112216585,0.7313432835820896,-0.7465706806644138,DDIT3_pDS263,0.9074202496532594
LGALS12,0.0058893181316403125,0.2935323383084577,0.7686147947642417,DDIT3_pDS263,0.0119625520110957
PLA2G16,0.004350454053645945,0.5373134328358209,-0.43055964265034624,DDIT3_pDS263,0.0381414701803051
RCOR2,0.0010682523769285739,0.6915422885572139,-0.6965009926291957,DDIT3_pDS263,0.0188973647711511
RP11-783K16.5,0.0035217049276964284,0.572139303482587,-0.5016996111745047,DDIT3_pDS263,0.0292995839112343
RP11-665N17.4,0.0019989767522262045,0.19900497512437812,0.9211344842893427,DDIT3_pDS263,0.0026005547850208
ATG2A,0.015515034664608953,0.13432835820895522,1.197069692579982,DDIT3_pDS263,0.0847780859916782
PPP2R5B,0.002135038508453871,0.3880597014925373,-0.15307908623836716,DDIT3_pDS263,0.0150832177531206
SPDYC,0.020643292947554827,0.15422885572139303,1.1589835614864528,DDIT3_pDS263,0.1811719833564493
TIGD3,8.40043142294569e-05,0.3681592039800995,-0.29538279814308305,DDIT3_pDS263,0.0055478502080443
SLC25A45,0.002906198549563734,0.26865671641791045,0.5887849212189078,DDIT3_pDS263,0.0078016643550624
NEAT1,0.020621447734598997,0.845771144278607,-0.8574294439465263,DDIT3_pDS263,1.251733703190014
AP000769.1,1.1721374041716596e-05,0.20398009950248755,0.8222832752052739,DDIT3_pDS263,0.0046809986130374
MALAT1,0.024965501118301696,0.582089552238806,-0.33590342666511996,DDIT3_pDS263,42.16591539528433
FOSL1,0.012565464663441092,0.15422885572139303,0.9564450814652716,DDIT3_pDS263,0.0700416088765603
PELI3,9.632234759921751e-05,0.8756218905472637,-0.30115866347895465,DDIT3_pDS263,0.0292995839112343
CTD-3074O7.12,0.00012017654192624532,0.5771144278606966,-0.17557743788389815,DDIT3_pDS263,0.0036407766990291
C11orf80,0.005985111940742537,0.5174129353233831,-0.0012106684489132512,DDIT3_pDS263,0.0292995839112343
POLD4,0.03376550927347723,0.06467661691542288,1.7560217605155604,DDIT3_pDS263,0.3165742024965326
RAD9A,0.009795412451378967,0.7860696517412935,-0.7360678820013516,DDIT3_pDS263,0.2505201109570041
TBC1D10C,0.0015543339437965199,0.6368159203980099,-0.7877999097856616,DDIT3_pDS263,0.0195908460471567
PTPRCAP,0.025398470867917362,0.22388059701492538,0.6968953030910873,DDIT3_pDS263,0.3900832177531206
GSTP1,0.07169997248020693,0.004975124378109453,6.87802311037953,DDIT3_pDS263,16.764389736477114
RP11-802E16.3,6.912666225490829e-05,0.29850746268656714,0.3727312450537992,DDIT3_pDS263,0.0029472954230235
GAL,0.07392095537132169,0.014925373134328358,3.3161449381776817,DDIT3_pDS263,6.5249653259362
IL18BP,0.0001481727862397707,0.7860696517412935,-0.4686968735836065,DDIT3_pDS263,0.0058945908460471
FOLR1,0.0062383682269721704,0.6218905472636815,-0.4729957392363432,DDIT3_pDS263,0.0613730929264909
CLPB,0.005374327082367589,0.8855721393034826,-0.9875780139035771,DDIT3_pDS263,0.1113037447988904
FCHSD2,0.0023095762864027585,0.527363184079602,-0.5271277678826438,DDIT3_pDS263,0.0292995839112343
FAM168A,0.00026512150535536226,0.9303482587064676,-0.9276053664927439,DDIT3_pDS263,0.0171636615811373
P4HA3,0.00019556223779415406,0.6915422885572139,-0.5670459026346265,DDIT3_pDS263,0.0072815533980582
GDPD5,8.994191736344569e-05,0.5522388059701493,-0.4613511658338963,DDIT3_pDS263,0.0078016643550624
SERPINH1,0.02147025306320244,0.3880597014925373,-0.02600943779075605,DDIT3_pDS263,0.391123439667129
LRRC32,9.127414183668977e-05,0.0945273631840796,1.305662438197825,DDIT3_pDS263,0.0017337031900138
RSF1,0.02097698693533238,0.6417910447761194,-0.4985924235378684,DDIT3_pDS263,0.8092926490984743
KCTD14,4.797985670274167e-05,0.7512437810945274,-0.7182022715912597,DDIT3_pDS263,0.0292995839112343
ANKRD42,0.014640424959532043,0.05970149253731343,1.8049842324212153,DDIT3_pDS263,0.0292995839112343
DLG2,7.923461688837065e-05,0.746268656716418,-0.6343145824913059,DDIT3_pDS263,0.0026005547850208
EED,0.024168859108830047,0.1890547263681592,0.7983631488166496,DDIT3_pDS263,0.0292995839112343
RP11-736K20.5,0.00010556497363047619,0.3781094527363184,-0.0018488400827128635,DDIT3_pDS263,0.0024271844660194
TMEM135,0.01886596539054466,0.009950248756218905,3.4390866661534853,DDIT3_pDS263,0.0414355062413314
PANX1,0.002343357705479129,0.6368159203980099,-0.642360592900948,DDIT3_pDS263,0.0227115117891816
BIRC2,0.003556889700045391,0.9502487562189055,-1.1304519826273227,DDIT3_pDS263,0.132628294036061
DYNC2H1,0.0012302630399827937,0.373134328358209,-0.3074666581115997,DDIT3_pDS263,0.0084951456310679
ALKBH8,0.003488651891999432,0.5771144278606966,-0.4847229843746065,DDIT3_pDS263,0.0270457697642163
PIH1D2,0.0035040328209032493,0.5621890547263682,-0.12560959474300043,DDIT3_pDS263,0.0143897364771151
BCO2,0.001048219384443007,0.08955223880597014,0.8145049393087695,DDIT3_pDS263,0.0090152565880721
CD3E,0.005499035506305453,0.4975124378109453,0.13246373107236742,DDIT3_pDS263,0.0227115117891816
CD3D,0.0007496224589322683,0.5223880597014925,-0.4163437376527634,DDIT3_pDS263,0.0142163661581137
PHLDB1,0.004437202103494963,0.6019900497512438,-0.5469755892467536,DDIT3_pDS263,0.0306865464632454
HMBS,0.0191403063600911,0.9054726368159204,-1.0815692820719398,DDIT3_pDS263,2.045076282940361
TBCEL,0.0011423944163784351,0.5373134328358209,-0.644712434054311,DDIT3_pDS263,0.0131761442441054
HSPA8,0.05841142162952885,0.029850746268656716,2.462940777447272,DDIT3_pDS263,6.530339805825243
PANX3,4.47948206852837e-05,0.9502487562189055,-0.3325955879953721,DDIT3_pDS263,0.0027739251040221
ESAM,0.05686749576374081,0.01990049751243781,2.901890876293837,DDIT3_pDS263,0.6232662968099861
CCDC15,0.007453946937679401,0.2885572139303483,0.32374674200716946,DDIT3_pDS263,0.0292995839112343
FEZ1,0.01017989795207376,0.6417910447761194,-0.5039076718643495,DDIT3_pDS263,0.1496185852981969
NINJ2,0.007029462687844809,0.582089552238806,-0.36357170366661984,DDIT3_pDS263,0.0755894590846047
RAD52,5.7855140407845765e-05,0.3880597014925373,-0.20989992010259592,DDIT3_pDS263,0.0064147018030513
PARP11,0.00013874855520688728,0.4626865671641791,-0.43528670090560734,DDIT3_pDS263,0.002253814147018
CD9,0.018001405582395925,0.12437810945273632,0.9514481747034976,DDIT3_pDS263,0.1178918169209431
LPAR5,0.01365144132246655,0.024875621890547265,2.4201418799902394,DDIT3_pDS263,0.0292995839112343
ACRBP,0.011775568823850842,0.04477611940298507,2.1051484663231834,DDIT3_pDS263,0.036754507628294
GNB3,0.0068152466589665095,0.22885572139303484,0.7900148797139244,DDIT3_pDS263,0.0187239944521497
CDCA3,0.009674871124916412,0.9751243781094527,-1.1273979871337705,DDIT3_pDS263,0.4414008321775312
ENO2,0.0022104656779667366,0.8109452736318408,-0.9366924113108616,DDIT3_pDS263,0.0759361997226074
U47924.30,0.0037307876497598377,0.5970149253731343,-0.2208806511033749,DDIT3_pDS263,0.012135922330097
CLSTN3,0.0008971439118989105,0.582089552238806,-0.7133987624307235,DDIT3_pDS263,0.0166435506241331
CD163L1,6.383295459228282e-05,0.6567164179104478,-0.552575591911838,DDIT3_pDS263,0.0027739251040221
SLC2A14,3.877240815057101e-05,0.8606965174129353,-0.25502671160964013,DDIT3_pDS263,0.0041608876560332
FOXJ2,0.0014342586196193158,0.6417910447761194,-0.6648084407930905,DDIT3_pDS263,0.0201109570041608
LINC00937,0.0025145486611665015,0.9054726368159204,-1.193204262150692,DDIT3_pDS263,0.0242718446601941
CLEC2D,0.00013398440983444448,0.26865671641791045,0.48811396337929486,DDIT3_pDS263,0.0292995839112343
CD69,0.0009411051439061385,0.6965174129353234,-0.5317829877743053,DDIT3_pDS263,0.0019070735090152
KLRF1,0.00012719338344305433,1.0,-1.037635756748946,DDIT3_pDS263,0.0168169209431345
CLEC2B,0.006052223694876796,0.5572139303482587,-0.20726912861005672,DDIT3_pDS263,0.0324202496532593
RP11-377D9.3,0.0001297497470590442,0.7761194029850746,-0.5191379396975274,DDIT3_pDS263,0.0020804438280166
ATF7IP,0.004765894616444965,0.47761194029850745,0.07216105324643285,DDIT3_pDS263,0.0221914008321775
ARHGDIB,0.006552383596038563,0.07960199004975124,2.3950494122564328,DDIT3_pDS263,0.015256588072122
METTL20,0.00022214271671606095,0.39800995024875624,-0.23634143956320533,DDIT3_pDS263,0.0064147018030513
BICD1,0.03559872196214496,0.04477611940298507,2.5585390540641595,DDIT3_pDS263,0.1905339805825242
TWF1,0.00554920591134888,0.6865671641791045,-0.41637496208741576,DDIT3_pDS263,0.0397018030513176
TMEM117,0.002805609745517282,0.8308457711442786,-1.0520864396232006,DDIT3_pDS263,0.0204576976421636
ANO6,0.008583334607423429,0.2835820895522388,0.4234242273870531,DDIT3_pDS263,0.045249653259362
SLC38A2,0.019358703923100636,0.263681592039801,0.46900974856919475,DDIT3_pDS263,0.2094313453536754
RP1-197B17.3,0.004147158976512563,0.42786069651741293,0.3658792588859465,DDIT3_pDS263,0.0102288488210818
COL2A1,0.05221977516425191,0.004975124378109453,3.707887499829175,DDIT3_pDS263,0.2988904299583911
DKFZP779L1853,5.274752095835511e-05,0.2736318407960199,-0.00080162427081048,DDIT3_pDS263,0.0048543689320388
RND1,0.001718355635016951,0.10945273631840796,0.505230369597285,DDIT3_pDS263,0.0050277392510402
FKBP11,0.015648103427484832,0.05472636815920398,1.9100899790480061,DDIT3_pDS263,0.0492371705963938
RP11-386G11.5,6.317131595982162e-05,0.5621890547263682,-0.14019830798291583,DDIT3_pDS263,0.0043342579750346
TUBA1A,0.02839498926450155,0.04477611940298507,2.178258652882094,DDIT3_pDS263,0.1281206657420249
TUBA1C,0.026635907819422162,0.681592039800995,-0.6221466335004391,DDIT3_pDS263,2.5696948682385576
PRPH,4.337020281790266e-05,0.9253731343283582,-0.1183653182210385,DDIT3_pDS263,0.0046809986130374
FMNL3,0.00637645948609141,0.05472636815920398,2.313124754612739,DDIT3_pDS263,0.0090152565880721
TMBIM6,0.04069348984787526,0.2835820895522388,0.35171390915614353,DDIT3_pDS263,2.1731969486823854
NCKAP5L,0.013776423331808325,0.11940298507462686,1.264859611049153,DDIT3_pDS263,0.0629334257975034
GPD1,0.00019807332139658198,0.7213930348258707,-0.6841544239123675,DDIT3_pDS263,0.0026005547850208
DAZAP2,0.014801799648838505,0.7512437810945274,-0.6998661437473399,DDIT3_pDS263,0.47000693481276
SMAGP,0.026402821384285974,0.6716417910447762,-0.5074071408697404,DDIT3_pDS263,1.270631067961165
SLC4A8,0.0001793582601186461,0.32338308457711445,-0.15746901178074504,DDIT3_pDS263,0.0292995839112343
ACVR1B,0.005667621678299981,0.7412935323383084,-0.6328072497570216,DDIT3_pDS263,0.0525312066574202
NR4A1,0.004267696581833093,0.8208955223880597,-0.8775191535559567,DDIT3_pDS263,0.0258321775312066
C12orf44,0.034642836372429965,0.12437810945273632,1.1352963416667838,DDIT3_pDS263,0.4814493758668516
KRT8,0.06538301866326737,0.009950248756218905,3.0782477563581945,DDIT3_pDS263,0.7187933425797504
KRT18,0.11317269944339119,0.004975124378109453,6.378139938899981,DDIT3_pDS263,3.84882108183079
RP11-983P16.4,0.005566552550233536,0.2885572139303483,0.9076943266954477,DDIT3_pDS263,0.0112690707350901
SPRYD3,0.0002681824064388009,0.472636815920398,-0.6381364296036183,DDIT3_pDS263,0.0072815533980582
ZNF740,0.002206926445724318,0.9054726368159204,-1.078549037607059,DDIT3_pDS263,0.033633841886269
SP7,0.002624838428971522,0.6616915422885572,-0.6113180930308451,DDIT3_pDS263,0.0140429958391123
NCKAP1L,0.006748206934623291,0.8009950248756219,-0.8067439799324916,DDIT3_pDS263,0.0977808599167822
CD63,0.03961072856249334,0.21393034825870647,0.75935675521891,DDIT3_pDS263,7.897018030513176
PA2G4,0.05834698430441871,0.024875621890547265,2.6431901784309315,DDIT3_pDS263,7.304264909847434
COQ10A,0.0075731753496092015,0.39303482587064675,0.0006166878235222918,DDIT3_pDS263,0.0643203883495145
TAC3,0.005425995924082332,0.9104477611940298,-1.0910291323889045,DDIT3_pDS263,0.1314147018030513
NAB2,0.0018024964589005766,0.9751243781094527,-1.2207174096843936,DDIT3_pDS263,0.0629334257975034
INHBE,0.0005330190797212255,0.6567164179104478,-0.8410900394761479,DDIT3_pDS263,0.0090152565880721
DDIT3,0.14837768402972434,0.004975124378109453,17.836839534792244,DDIT3_pDS263,0.296636615811373
METTL21B,0.015159019405428404,0.029850746268656716,2.7465296718933643,DDIT3_pDS263,0.034500693481276
AVIL,0.00023302460938605745,0.7960199004975125,-0.5613383301285146,DDIT3_pDS263,0.0105755894590846
FAM19A2,0.0045193543266778494,0.7810945273631841,-0.9024592398443527,DDIT3_pDS263,0.0292995839112343
C12orf56,0.00024150759948495833,0.6865671641791045,-0.3195355087245496,DDIT3_pDS263,0.0046809986130374
TBC1D30,0.008739569287305507,0.13432835820895522,1.0242551383304976,DDIT3_pDS263,0.0284327323162274
RP11-637A17.2,0.001497137790199007,0.21890547263681592,0.166532957568766,DDIT3_pDS263,0.0074549237170596
RP11-1143G9.4,0.0002015446821312043,0.5920398009950248,-0.21910384169037164,DDIT3_pDS263,0.0020804438280166
TBC1D15,0.008725656000100937,0.5124378109452736,-0.27758591866378884,DDIT3_pDS263,0.0878987517337031
RP11-585P4.5,0.0006206797440935764,0.24378109452736318,0.9328916223579502,DDIT3_pDS263,0.0027739251040221
PHLDA1,0.0005049203491305422,0.845771144278607,-0.8535949423966424,DDIT3_pDS263,0.015256588072122
PPP1R12A,0.02007392075682411,0.5124378109452736,-0.30191950747963475,DDIT3_pDS263,0.5069348127600555
NTS,0.0001767850449580743,0.736318407960199,-0.46252823271923604,DDIT3_pDS263,0.0095353675450762
LINC00936,0.0064503793083233955,0.21890547263681592,0.8434546992038133,DDIT3_pDS263,0.0164701803051317
BTG1,0.08100541450045042,0.01990049751243781,3.390821909671498,DDIT3_pDS263,1.8174410540915396
RP11-796E2.4,0.00037797897664042045,0.8805970149253731,-0.9627121351718593,DDIT3_pDS263,0.0192441054091539
SOCS2,0.022943006139664216,0.6666666666666666,-0.5669334786187059,DDIT3_pDS263,1.0835644937586686
CRADD,0.04281076121170017,0.004975124378109453,4.188943512047743,DDIT3_pDS263,0.1548196948682385
ELK3,0.0032204489985359626,0.39303482587064675,-0.142013158139131,DDIT3_pDS263,0.0150832177531206
SYCP3,0.00012494203611653157,0.8756218905472637,-0.994267190883583,DDIT3_pDS263,0.002253814147018
HSP90B1,0.03646994455447963,0.3781094527363184,0.062487273256369,DDIT3_pDS263,2.5967406380027738
C12orf75,0.004102279933450475,0.2537313432835821,0.8431085938338052,DDIT3_pDS263,0.0097087378640776
RP11-412D9.4,0.00828991903258366,0.014925373134328358,2.280451647019353,DDIT3_pDS263,0.0190707350901525
FICD,0.006062762419591714,0.1691542288557214,0.7934409464052271,DDIT3_pDS263,0.0095353675450762
UNG,0.014425421142835192,0.6169154228855721,-0.4871422475795489,DDIT3_pDS263,0.3391123439667129
FAM222A,4.2253271114733254e-05,0.5373134328358209,-0.16776501200167446,DDIT3_pDS263,0.0024271844660194
TRPV4,7.28195384497084e-05,0.6716417910447762,-0.3476299848715888,DDIT3_pDS263,0.0052011095700416
SH2B3,0.012105931422879095,0.23383084577114427,0.4567066536157666,DDIT3_pDS263,0.1055825242718446
SDSL,0.002107818131051688,0.8059701492537313,-0.9077725736336183,DDIT3_pDS263,0.0455963938973647
LHX5,0.00026333391459390146,0.4577114427860697,-0.36542189605219455,DDIT3_pDS263,0.0053744798890429
MAP1LC3B2,0.0005269228852275019,0.9552238805970149,-1.2993388027397508,DDIT3_pDS263,0.0292995839112343
VSIG10,0.008829345051107187,0.17412935323383086,0.8937600550681809,DDIT3_pDS263,0.0301664355062413
RP11-768F21.1,6.512050178720176e-05,0.14427860696517414,0.12854463638804953,DDIT3_pDS263,0.0026005547850208
CCDC64,9.357895949674168e-05,0.5671641791044776,-0.3784238947408218,DDIT3_pDS263,0.0078016643550624
PXN,0.016542587217370865,0.01990049751243781,2.4877449222176264,DDIT3_pDS263,0.0450762829403606
UNC119B,0.00468427068490878,0.845771144278607,-0.789741890049283,DDIT3_pDS263,0.0292995839112343
ACADS,0.00403617732538874,0.7164179104477612,-0.8076301254900734,DDIT3_pDS263,0.0774965325936199
RSRC2,0.04900746608447392,0.10945273631840796,1.2874693352443733,DDIT3_pDS263,1.1484049930651872
RP11-380L11.3,3.2856935779157205e-05,0.8308457711442786,-0.8762070535954555,DDIT3_pDS263,0.0024271844660194
UBC,0.029056469523701986,0.5472636815920398,-0.36509574774010123,DDIT3_pDS263,2.500346740638003
RP11-669N7.2,0.00020729528426751583,0.9701492537313433,-0.9985260404601264,DDIT3_pDS263,0.0263522884882108
EP400NL,0.007595737267616551,0.4975124378109453,-0.23364246631877092,DDIT3_pDS263,0.0826976421636615
RP11-46H11.12,0.0008592776508116127,0.7761194029850746,-0.921156102709906,DDIT3_pDS263,0.0114424410540915
CRYL1,0.006248004257045172,0.13930348258706468,1.5806697569214292,DDIT3_pDS263,0.0208044382801664
ZDHHC20,0.0001656293541928031,0.5771144278606966,-0.23617825540772314,DDIT3_pDS263,0.0060679611650485
SACS,0.00576371371495515,0.7164179104477612,-0.5625179835216654,DDIT3_pDS263,0.0292995839112343
USP12,0.016136213272769723,0.24378109452736318,0.624552421561325,DDIT3_pDS263,0.1078363384188626
RPL21,0.03508249171680226,0.11442786069651742,1.1129793667556023,DDIT3_pDS263,23.77080443828017
FLT1,0.007074857341141885,0.12437810945273632,1.1242778591971112,DDIT3_pDS263,0.0123092926490984
SLC46A3,0.004227756292294829,0.7213930348258707,-0.6616044228665343,DDIT3_pDS263,0.0234049930651872
BRCA2,0.004603713950134794,0.9651741293532339,-1.1180632272677236,DDIT3_pDS263,0.0292995839112343
LHFP,5.0034602566253054e-05,0.4527363184079602,-0.021959225389617552,DDIT3_pDS263,0.0026005547850208
ELF1,0.028957784408000068,0.0945273631840796,1.5559355786303992,DDIT3_pDS263,0.0292995839112343
NAA16,0.013755828037201401,0.3383084577114428,0.2607193127073371,DDIT3_pDS263,0.0292995839112343
RGCC,0.02501782034008876,0.1890547263681592,0.8797544978188878,DDIT3_pDS263,0.2233009708737864
SERP2,3.458368411317694e-05,0.5522388059701493,-0.22550091327409624,DDIT3_pDS263,0.0017337031900138
TSC22D1,0.027641114595021714,0.373134328358209,0.15266423554333758,DDIT3_pDS263,0.5937933425797504
CPB2-AS1,5.0808809340436275e-05,0.4626865671641791,-0.01680841981206165,DDIT3_pDS263,0.0081484049930651
LCP1,0.03255164759514666,0.3283582089552239,0.1864225831854194,DDIT3_pDS263,1.035887656033287
ESD,0.044190260933905996,0.18407960199004975,0.9379623360294548,DDIT3_pDS263,1.884361997226075
LINC00562,0.0035110812950417693,0.5024875621890548,0.1559208915635104,DDIT3_pDS263,0.0292995839112343
ITM2B,0.032306709083488296,0.4527363184079602,-0.06466662594044331,DDIT3_pDS263,1.641123439667129
SETDB2,0.0036882650921407504,0.5970149253731343,-0.6238225084291845,DDIT3_pDS263,0.0592926490984743
ARL11,0.01229723236466503,0.08955223880597014,1.483386236282941,DDIT3_pDS263,0.0471567267683772
KCNRG,0.005092708557154797,0.5223880597014925,0.3264806980260298,DDIT3_pDS263,0.0097087378640776
INTS6,0.006058748742506371,0.8159203980099502,-0.9103540674503842,DDIT3_pDS263,0.1317614424410541
TDRD3,0.007093210560518796,0.6368159203980099,-0.5741194066499865,DDIT3_pDS263,0.1374826629680998
CLN5,0.010852093381246375,0.6417910447761194,-0.5125166697160003,DDIT3_pDS263,0.1598474341192788
RBM26-AS1,0.0018349646504054904,0.7263681592039801,-0.898751010462292,DDIT3_pDS263,0.0265256588072122
NDFIP2,0.020722889875557166,0.5422885572139303,-0.32998416914678524,DDIT3_pDS263,0.598127600554785
SPRY2,0.006639406937778448,0.4626865671641791,0.018974767161628922,DDIT3_pDS263,0.0329403606102635
RP11-471M2.3,0.005627249142094365,0.4577114427860697,-0.11338651159992631,DDIT3_pDS263,0.031380027739251
DZIP1,0.00015850824347724614,0.7711442786069652,-0.3884626750694489,DDIT3_pDS263,0.0053744798890429
DNAJC3-AS1,0.008197588008687865,0.35323383084577115,0.22658239506998257,DDIT3_pDS263,0.063626907073509
DNAJC3,0.013348007474735198,0.5621890547263682,-0.4084883938124894,DDIT3_pDS263,0.2929958391123439
RAP2A,0.005295448108417002,0.6318407960199005,-0.49667853428804054,DDIT3_pDS263,0.062760055478502
DOCK9-AS2,0.005857473977693949,0.1691542288557214,1.0085336050854994,DDIT3_pDS263,0.0135228848821081
UBAC2-AS1,0.0016131847943681359,0.9402985074626866,-1.0356221633394866,DDIT3_pDS263,0.052877947295423
CLYBL,0.0034676022094456966,0.4577114427860697,-0.2811908098358783,DDIT3_pDS263,0.036754507628294
ZIC5,0.0035047878111090724,0.5074626865671642,0.17415997088695923,DDIT3_pDS263,0.0117891816920943
TMTC4,0.005926404816523149,0.681592039800995,-0.4664346039759574,DDIT3_pDS263,0.052011095700416
ERCC5,0.002935698448798225,0.8109452736318408,-0.922533738286122,DDIT3_pDS263,0.0686546463245492
ARGLU1,0.03064052988900761,0.4228855721393035,0.06415658892379635,DDIT3_pDS263,1.1180651872399443
TNFSF13B,0.00010735794957647016,0.6268656716417911,-0.3593027779472619,DDIT3_pDS263,0.0048543689320388
IRS2,0.0015447746275649636,0.7711442786069652,-0.9725473239123915,DDIT3_pDS263,0.0325936199722607
ING1,0.014656200076359894,0.4925373134328358,-0.16040477153698496,DDIT3_pDS263,0.204750346740638
ANKRD10,0.04851988905031371,0.009950248756218905,3.635574877297208,DDIT3_pDS263,0.3951109570041609
ADPRHL1,0.0013321305410059613,0.527363184079602,-0.5456723908758898,DDIT3_pDS263,0.0069348127600554
GAS6,0.010774712527637875,0.6865671641791045,-0.6566722406045863,DDIT3_pDS263,0.2227808599167822
TMEM253,0.0002686623368003079,0.2537313432835821,-0.2392305318866574,DDIT3_pDS263,0.0036407766990291
RP11-524O1.4,0.0042625571395661045,0.3333333333333333,0.6387931787812239,DDIT3_pDS263,0.0100554785020804
RAB2B,0.0011897761720616607,0.746268656716418,-0.8147914015546517,DDIT3_pDS263,0.0312066574202496
REM2,0.004031796516138379,0.7412935323383084,-0.7895854810784217,DDIT3_pDS263,0.0123092926490984
AJUBA,0.00016923008818230605,0.7512437810945274,-0.6911064160507882,DDIT3_pDS263,0.0088418862690707
SLC7A8,0.03128568822107377,0.17412935323383086,1.046748643390462,DDIT3_pDS263,0.3656380027739251
SLC22A17,9.118873315159496e-05,0.6666666666666666,-0.45803397656481426,DDIT3_pDS263,0.0292995839112343
NGDN,0.02696844191524429,0.42786069651741293,-0.17404160356036302,DDIT3_pDS263,0.0292995839112343
RP11-66N24.4,0.0013290837863141423,0.24378109452736318,0.228024494496832,DDIT3_pDS263,0.007628294036061
PCK2,0.014784472398892821,0.42786069651741293,-0.017398540728379274,DDIT3_pDS263,0.2298890429958391
PSME1,0.01871426513503125,0.6517412935323383,-0.5918020756608381,DDIT3_pDS263,0.6432038834951457
EMC9,0.005454723445352104,0.9353233830845771,-1.0853549703516248,DDIT3_pDS263,0.2076976421636615
RNF31,4.824531559929593e-05,0.7711442786069652,-0.1663798902732227,DDIT3_pDS263,0.0036407766990291
RP11-468E2.4,0.00030788940162473596,0.8308457711442786,-0.5336240455691158,DDIT3_pDS263,0.0048543689320388
NFATC4,0.0009007159290743896,0.9402985074626866,-1.06351876716549,DDIT3_pDS263,0.0249653259361997
STXBP6,0.023249872354562957,0.4228855721393035,-0.042567981875452944,DDIT3_pDS263,0.5362343966712899
RP11-1103G16.1,0.005914242078673722,0.5920398009950248,-0.17141614126980698,DDIT3_pDS263,0.0327669902912621
RP11-829H16.3,8.638169067251407e-05,0.9203980099502488,-0.3385102335856703,DDIT3_pDS263,0.0046809986130374
STRN3,0.009841088853845497,0.681592039800995,-0.6396319634105402,DDIT3_pDS263,0.1454576976421636
AP4S1,0.0050304406520074296,0.6318407960199005,-0.47523122947572355,DDIT3_pDS263,0.0787101248266296
ARHGAP5-AS1,0.00271534256648126,0.6368159203980099,-0.6670940150635697,DDIT3_pDS263,0.0521844660194174
ARHGAP5,0.007057468678355623,0.7412935323383084,-0.793566494360772,DDIT3_pDS263,0.1508321775312066
EAPP,0.014437532185969975,0.8706467661691543,-0.9192048754888011,DDIT3_pDS263,0.5818307905686546
KIAA0391,4.7600919265663704e-05,0.9253731343283582,-0.21135528464453138,DDIT3_pDS263,0.0292995839112343
NFKBIA,0.00925485556629107,0.7810945273631841,-0.7949812455921659,DDIT3_pDS263,0.2628294036061026
FOXA1,0.0003072125837671084,0.5074626865671642,-0.6491435166120479,DDIT3_pDS263,0.0292995839112343
KLHL28,0.001749546111883504,0.5970149253731343,-0.7051663588543962,DDIT3_pDS263,0.0247919556171983
RN7SL1,0.013948208328729379,0.024875621890547265,2.4066018819941912,DDIT3_pDS263,0.0240984743411927
AL139099.1,0.005558058689642932,0.43283582089552236,0.2989228317488523,DDIT3_pDS263,0.0230582524271844
POLE2,0.013189511215624531,0.35323383084577115,0.11819284538111759,DDIT3_pDS263,0.1237864077669902
VCPKMT,0.004929043423731883,0.6865671641791045,-0.4506742843297411,DDIT3_pDS263,0.0393550624133148
TXNDC16,0.006083146933033996,0.09950248756218906,0.9119909174407637,DDIT3_pDS263,0.0180305131761442
PSMC6,0.017270574974804095,0.7661691542288557,-0.790887546431136,DDIT3_pDS263,0.7314493758668515
CGRRF1,0.01531087153475035,0.029850746268656716,2.1436957690154204,DDIT3_pDS263,0.0423023578363384
DLGAP5,0.01971662029043798,0.19900497512437812,0.6731658762006297,DDIT3_pDS263,0.1853328710124826
RP11-108M12.3,8.155084985393196e-05,0.7114427860696517,-0.35941981167029446,DDIT3_pDS263,0.0031206657420249
NAA30,0.010210031642507602,0.21890547263681592,0.7780835105964741,DDIT3_pDS263,0.0481969486823855
PSMA3,0.04335936981516389,0.19900497512437812,0.7468889591695327,DDIT3_pDS263,1.415742024965326
PCNXL4,0.01090175476821179,0.208955223880597,0.7600036157893608,DDIT3_pDS263,0.0613730929264909
SLC38A6,0.011208701187242995,0.38308457711442784,0.03734968122601726,DDIT3_pDS263,0.1090499306518723
ZBTB25,0.006230463932965672,0.24378109452736318,0.6086359274351333,DDIT3_pDS263,0.0204576976421636
ZBTB1,0.005892309174227551,0.5323383084577115,-0.08230593204593804,DDIT3_pDS263,0.0292995839112343
ATP6V1D,0.02168987015603907,0.26865671641791045,0.4894468416778198,DDIT3_pDS263,0.2900485436893203
ZFP36L1,0.010581717267511965,0.8059701492537313,-0.8354294282964634,DDIT3_pDS263,0.2657766990291262
NUMB,0.003519129544387191,0.8059701492537313,-0.9622482105382565,DDIT3_pDS263,0.0754160887656033
RP5-1021I20.1,2.4156525171603468e-05,0.5671641791044776,-0.3040722235416574,DDIT3_pDS263,0.0026005547850208
EIF2B2,0.007830893701289346,0.7014925373134329,-0.7324876255421813,DDIT3_pDS263,0.1976421636615811
FOS,0.00026866028823060306,0.5124378109452736,-0.26774635433446237,DDIT3_pDS263,0.0084951456310679
JDP2,9.305961555927742e-05,0.26865671641791045,0.070083405105352,DDIT3_pDS263,0.0038141470180305
TMED8,0.006407842920140228,0.4228855721393035,0.0913573305208647,DDIT3_pDS263,0.039008321775312
NOXRED1,0.0003009525505277669,0.572139303482587,-0.42874127514035054,DDIT3_pDS263,0.0017337031900138
SPTLC2,0.01677106186571602,0.08955223880597014,1.965070461558436,DDIT3_pDS263,0.060506241331484
GPR65,0.005475764953599138,0.7263681592039801,-0.43457271068321507,DDIT3_pDS263,0.0176837725381414
IFI27L2,0.0024047211172206866,0.48258706467661694,-0.3678265712856689,DDIT3_pDS263,0.0187239944521497
RP11-1070N10.5,0.000141077201968856,0.24875621890547264,0.6143976021258266,DDIT3_pDS263,0.0036407766990291
RP11-872J21.3,0.006619477455123321,0.5870646766169154,-0.3846863210050902,DDIT3_pDS263,0.0625866851595007
RP11-433J8.1,0.00023659065092216581,0.7014925373134329,-0.3855571533664505,DDIT3_pDS263,0.0038141470180305
WARS,0.02901501015007715,0.2537313432835821,0.6137951707189913,DDIT3_pDS263,0.4363730929264909
BEGAIN,0.0005987007892626302,0.845771144278607,-0.8591322062006354,DDIT3_pDS263,0.0218446601941747
LINC00523,3.240389160591544e-05,0.39303482587064675,-0.5055884392569091,DDIT3_pDS263,0.0017337031900138
RP11-1017G21.5,0.0060678337352602085,0.24378109452736318,0.8504807234799157,DDIT3_pDS263,0.0150832177531206
HSP90AA1,0.05272606533453923,0.05970149253731343,1.6701094771592833,DDIT3_pDS263,7.797850208044383
WDR20,0.007339745691132972,0.6517412935323383,-0.5014399740973172,DDIT3_pDS263,0.0977808599167822
CDC42BPB,0.0027443958324874,0.7014925373134329,-0.5935528735144368,DDIT3_pDS263,0.015256588072122
RP11-600F24.7,4.424767359057205e-05,0.7860696517412935,-1.1852070353553037,DDIT3_pDS263,0.002253814147018
C14orf2,0.050251722321920406,0.1791044776119403,0.9273691621342088,DDIT3_pDS263,3.0083217753120666
ADSSL1,0.008669411049120087,0.19402985074626866,0.8768105835276053,DDIT3_pDS263,0.0239251040221914
LINC00638,6.023843346727679e-05,0.8059701492537313,-0.8024377090938515,DDIT3_pDS263,0.0020804438280166
NUDT14,0.05807981597738405,0.009950248756218905,3.332653127942118,DDIT3_pDS263,0.3980582524271844
CRIP2,0.0004357070896061133,0.9203980099502488,-0.939350014281053,DDIT3_pDS263,0.0292995839112343
MTMR10,0.0059705546178922975,0.23880597014925373,1.0125378249555046,DDIT3_pDS263,0.0102288488210818
ZFYVE19,0.007093149292541958,0.43283582089552236,-0.18880592599531387,DDIT3_pDS263,0.0585991678224687
RP11-532F12.5,0.0003482388021707618,0.7014925373134329,-0.6212034585453541,DDIT3_pDS263,0.0072815533980582
SPINT1,0.004845330293943527,0.30845771144278605,0.5002724649698335,DDIT3_pDS263,0.0100554785020804
CHAC1,0.0002660149145654762,0.39303482587064675,-0.2505761724120187,DDIT3_pDS263,0.0062413314840499
CHP1,0.007589480666206392,0.5771144278606966,-0.33453315428120967,DDIT3_pDS263,0.0866851595006934
ITPKA,0.01949592145013854,0.009950248756218905,2.476435111411804,DDIT3_pDS263,0.0292995839112343
LTK,0.00011178096200516953,0.4079601990049751,-0.19682294560552266,DDIT3_pDS263,0.0039875173370319
EHD4,0.003720377284391874,0.681592039800995,-0.6848042251852297,DDIT3_pDS263,0.0292995839112343
STARD9,0.0002137176349264357,0.5124378109452736,-0.40238368968190813,DDIT3_pDS263,0.0102288488210818
CTD-2036P10.3,0.002948600255168097,0.4079601990049751,-0.03719501983224626,DDIT3_pDS263,0.0292995839112343
TMEM62,0.004378135352711222,0.5024875621890548,0.016481055225966594,DDIT3_pDS263,0.0220180305131761
MAP1A,0.010249443595889968,0.7213930348258707,-0.6964363484385157,DDIT3_pDS263,0.0292995839112343
PDIA3,0.012117692888449976,0.9950248756218906,-1.400599974758551,DDIT3_pDS263,1.102635228848821
CASC4,0.013324331335196681,0.1691542288557214,0.9850198835481121,DDIT3_pDS263,0.0572122052704577
B2M,0.06773081304411264,0.004975124378109453,4.335924197007009,DDIT3_pDS263,9.361650485436892
SORD,0.013512231073836886,0.39303482587064675,0.11534869492926861,DDIT3_pDS263,0.0292995839112343
SHF,0.005025704349797909,0.34328358208955223,0.7915629731391869,DDIT3_pDS263,0.0292995839112343
RP11-227D13.4,7.499551075853042e-05,0.6169154228855721,-0.1420601177343747,DDIT3_pDS263,0.0026005547850208
GALK2,0.032174334925615465,0.014925373134328358,3.2678798648635805,DDIT3_pDS263,0.1279472954230235
LYSMD2,0.00029507531201182187,0.8905472636815921,-0.7071803095869977,DDIT3_pDS263,0.0055478502080443
DYX1C1,0.005804879707550305,0.12935323383084577,0.9759286379623917,DDIT3_pDS263,0.0138696255201109
MNS1,0.0007879320007674194,0.9601990049751243,-1.3354913609547314,DDIT3_pDS263,0.0253120665742024
CCNB2,0.016980484159781827,0.8656716417910447,-1.1007540388490993,DDIT3_pDS263,0.92250346740638
ANXA2,0.022526544415120222,0.7960199004975125,-0.8600993472173547,DDIT3_pDS263,2.070735090152566
LACTB,0.004234612593454528,0.7164179104477612,-0.7923738307964541,DDIT3_pDS263,0.0794036061026352
RPS27L,0.029539256470621635,0.4577114427860697,-0.08326437026387455,DDIT3_pDS263,1.0516643550624134
RAB8B,0.013310527975255703,0.029850746268656716,2.4343023995725153,DDIT3_pDS263,0.0343273231622746
KIAA0101,0.037452279404433096,0.34328358208955223,0.18810661029982764,DDIT3_pDS263,3.1288141470180304
TRIP4,0.0048816691158058406,0.8159203980099502,-0.9301280368810906,DDIT3_pDS263,0.084257975034674
PIF1,0.020186761706607503,0.3880597014925373,0.10314451773707169,DDIT3_pDS263,0.3372052704576976
CLPX,0.00913763742212786,0.6766169154228856,-0.6189691178549788,DDIT3_pDS263,0.0292995839112343
IGDCC3,0.00023416400478942092,0.373134328358209,-0.004912034899880881,DDIT3_pDS263,0.0019070735090152
SMAD3,0.0052211861188633055,0.582089552238806,-0.234218533776077,DDIT3_pDS263,0.0201109570041608
PKM,0.05546521167655062,0.06467661691542288,2.006442913148406,DDIT3_pDS263,4.028085991678225
CD276,0.0319852661734491,0.009950248756218905,3.635237341210162,DDIT3_pDS263,0.07125520110957
SEMA7A,0.0067509097608877714,0.03482587064676617,1.6745321867932617,DDIT3_pDS263,0.0090152565880721
ARID3B,0.007365947619825293,0.44776119402985076,-0.16262237899208212,DDIT3_pDS263,0.0561719833564493
RP11-817O13.8,0.0077832972135504,0.15422885572139303,0.841308358065384,DDIT3_pDS263,0.0261789181692094
LINGO1,2.204614378137606e-05,0.746268656716418,-0.6245505182394614,DDIT3_pDS263,0.0017337031900138
PSMA4,0.055975654607442964,0.06467661691542288,1.686680198730695,DDIT3_pDS263,4.220527045769765
CTSH,0.03974547228525875,0.21393034825870647,0.7462616118300411,DDIT3_pDS263,1.0381414701803051
KIAA1024,4.829435372459421e-05,0.472636815920398,-0.16550359189303196,DDIT3_pDS263,0.0024271844660194
CTD-2034I4.2,0.00015872371425253447,0.47761194029850745,-0.33700515941938974,DDIT3_pDS263,0.0062413314840499
RPS17L,0.004031606122787985,0.40298507462686567,0.35370734167705786,DDIT3_pDS263,0.0136962552011095
RP11-752G15.3,2.196860680990727e-05,0.5870646766169154,-0.31731507754744115,DDIT3_pDS263,0.0017337031900138
RP11-752G15.6,0.01156577843882677,0.6169154228855721,-0.5220533562553941,DDIT3_pDS263,0.2395977808599168
DET1,0.00140539128609702,0.8009950248756219,-0.9193813340588927,DDIT3_pDS263,0.0287794729542302
HAPLN3,5.854952078332768e-05,0.0945273631840796,-0.1138515544869525,DDIT3_pDS263,0.0034674063800277
FANCI,0.013336962469991132,0.6766169154228856,-0.5625999588773773,DDIT3_pDS263,0.3616504854368932
MESP2,4.714817514556468e-05,0.8855721393034826,-0.20433862595804494,DDIT3_pDS263,0.0046809986130374
IDH2,0.06789537056207837,0.014925373134328358,3.0914071269820993,DDIT3_pDS263,0.7309292649098474
PRC1,0.018068114934182523,0.5522388059701493,-0.33218672435492447,DDIT3_pDS263,0.0292995839112343
AC068831.10,0.0012943207876532207,0.7711442786069652,-0.8396531678776221,DDIT3_pDS263,0.0123092926490984
CHD2,0.0065976600197064856,0.8905472636815921,-0.9852583766535853,DDIT3_pDS263,0.2331830790568654
NR2F2-AS1,0.0058325070890652125,0.42786069651741293,0.1545653042196614,DDIT3_pDS263,0.0348474341192787
NR2F2,0.010455933980942612,0.736318407960199,-0.6957239902474804,DDIT3_pDS263,0.2472260748959778
ARRDC4,0.0036694931927893975,0.6069651741293532,-0.19501591969302653,DDIT3_pDS263,0.0126560332871012
TTC23,0.0007308448858736978,0.7960199004975125,-1.0069226030434932,DDIT3_pDS263,0.0135228848821081
RP11-526I2.5,0.005982977110867217,0.06467661691542288,1.1643935106696,DDIT3_pDS263,0.0128294036061026
LINS,0.012477627575681705,0.3283582089552239,0.5202348411451634,DDIT3_pDS263,0.0807905686546463
ASB7,0.005757070325382196,0.31343283582089554,0.5194881065163757,DDIT3_pDS263,0.0292995839112343
RP11-299G20.3,0.000130462961917361,0.4527363184079602,-0.08598776223137382,DDIT3_pDS263,0.0050277392510402
RP11-89K11.1,0.006421648436872667,0.24378109452736318,0.7057498540907722,DDIT3_pDS263,0.0258321775312066
HBZ,0.14643254196284866,0.004975124378109453,7.226503477796715,DDIT3_pDS263,53.44642857142857
HBA2,0.03546744142373471,0.014925373134328358,2.9372610277841633,DDIT3_pDS263,0.2335298196948682
HBA1,0.09530254904773484,0.004975124378109453,4.259834981756131,DDIT3_pDS263,5.426317614424411
RAB11FIP3,4.463924731143632e-05,0.6268656716417911,-0.2700866810603661,DDIT3_pDS263,0.0050277392510402
RHBDL1,0.0012466967961120047,0.9253731343283582,-1.0359975618745778,DDIT3_pDS263,0.0218446601941747
HAGH,0.03827012103148055,0.03482587064676617,2.2615213478786402,DDIT3_pDS263,0.0292995839112343
NPW,0.17329714586657716,0.004975124378109453,9.00734186224343,DDIT3_pDS263,1.530859916782247
PRSS27,0.00022633757156364007,0.0845771144278607,1.7946062013579294,DDIT3_pDS263,0.0020804438280166
LA16c-325D7.2,0.004570919623487994,0.6417910447761194,-0.38983442424701337,DDIT3_pDS263,0.0218446601941747
CLDN6,0.0045587970622313085,0.9651741293532339,-1.1854103946819012,DDIT3_pDS263,0.0292995839112343
TNFRSF12A,0.006514423849103436,0.9253731343283582,-1.1414476450238886,DDIT3_pDS263,0.2241678224687933
IL32,0.0007885070072608202,0.3781094527363184,0.8718865396953157,DDIT3_pDS263,0.0055478502080443
ZNF597,5.0728438067910634e-05,0.27860696517412936,0.47161967895739476,DDIT3_pDS263,0.0292995839112343
CREBBP,0.009354793134240062,0.5373134328358209,-0.3584587827073694,DDIT3_pDS263,0.1173717059639389
ATF7IP2,0.016658104495759735,0.8507462686567164,-0.9023202689389397,DDIT3_pDS263,1.016123439667129
EMP2,0.01175604451947822,0.43283582089552236,-0.09474544787103795,DDIT3_pDS263,0.0292995839112343
SOCS1,0.017741096713434868,0.39303482587064675,0.20426143400429858,DDIT3_pDS263,0.1976421636615811
TXNDC11,0.0159631074978847,0.1044776119402985,1.4816239420053345,DDIT3_pDS263,0.0892857142857142
C16orf45,0.0001324483209009606,0.26865671641791045,-0.11373140675988626,DDIT3_pDS263,0.0020804438280166
ABCC1,0.006931007273902023,0.5223880597014925,-0.3232727878306397,DDIT3_pDS263,0.0561719833564493
RP11-14N9.2,3.241976552169521e-05,0.4626865671641791,0.06538854904361878,DDIT3_pDS263,0.0029472954230235
CTD-2576D5.4,0.00595046873169871,0.22388059701492538,0.7612972167039473,DDIT3_pDS263,0.0104022191400832
ARL6IP1,0.030148268245972377,0.23880597014925373,0.5432750262069838,DDIT3_pDS263,0.5778432732316228
COQ7,0.023803327299423048,0.05970149253731343,1.8273398200380588,DDIT3_pDS263,0.1059292649098474
ITPRIPL2,0.0016237547779234004,0.34328358208955223,-0.030264117737193966,DDIT3_pDS263,0.0057212205270457
CCP110,0.006427802618810428,0.47761194029850745,-0.16373463787549966,DDIT3_pDS263,0.0622399445214979
C16orf62,0.00361020538478638,0.7512437810945274,-0.8620543861375942,DDIT3_pDS263,0.0598127600554785
DCUN1D3,0.00013285210194340186,0.7661691542288557,-0.44988245956671585,DDIT3_pDS263,0.0065880721220527
TMEM159,0.008846480587313413,0.4129353233830846,-0.05050822161247014,DDIT3_pDS263,0.0738557558945908
CRYM,0.041140883338153654,0.06467661691542288,1.7694398427416522,DDIT3_pDS263,0.4363730929264909
UBFD1,0.013468787404154322,0.5572139303482587,-0.3004832990767662,DDIT3_pDS263,0.0292995839112343
PLK1,0.057916618623275185,0.024875621890547265,2.6935828137752678,DDIT3_pDS263,0.8176144244105409
RBBP6,0.042706982120999736,0.13432835820895522,1.2676519503390165,DDIT3_pDS263,0.5234049930651873
CTD-3203P2.2,0.00011253180940412772,0.7562189054726368,-0.24309506062726344,DDIT3_pDS263,0.0038141470180305
PRRT2,0.00035995628026487916,0.46766169154228854,-0.1558214238164608,DDIT3_pDS263,0.0027739251040221
MVP,2.385568363367146e-05,0.945273631840796,-1.38525455867573,DDIT3_pDS263,0.0292995839112343
YPEL3,0.0029661112735341684,0.8557213930348259,-0.9500743480378919,DDIT3_pDS263,0.0438626907073509
GDPD3,6.477435773407973e-05,0.39800995024875624,-0.08701204176415168,DDIT3_pDS263,0.0027739251040221
CORO1A,0.0034841898002750224,0.9303482587064676,-1.0958020344403379,DDIT3_pDS263,0.0488904299583911
MYLPF,0.0005833284947458373,0.17412935323383086,0.24634856175170755,DDIT3_pDS263,0.0062413314840499
ZNF48,0.006374436845234546,0.7313432835820896,-0.6653624483428198,DDIT3_pDS263,0.0599861303744798
PRR14,0.004297212712956664,0.9651741293532339,-1.3658495818554768,DDIT3_pDS263,0.1692094313453536
PRSS36,0.0002178485731923083,0.39800995024875624,-0.06889581922375115,DDIT3_pDS263,0.0060679611650485
PYCARD,0.03561679074524359,0.21393034825870647,0.5133672020451804,DDIT3_pDS263,0.8864424410540915
C16orf98,0.00804769720810278,0.10945273631840796,1.2072968693080262,DDIT3_pDS263,0.0240984743411927
TGFB1I1,0.005543279671685958,0.004975124378109453,10.010739836141521,DDIT3_pDS263,0.0292995839112343
AHSP,0.0030284121735614277,0.7213930348258707,-0.710452587292085,DDIT3_pDS263,0.0197642163661581
ZNF267,0.008919674140005674,0.48756218905472637,-0.1867722163329799,DDIT3_pDS263,0.0768030513176144
RP11-212I21.4,2.7345739846844697e-05,0.7711442786069652,-0.7991550705672406,DDIT3_pDS263,0.0038141470180305
OGFOD1,0.009978185746228233,0.7512437810945274,-0.8433704949035504,DDIT3_pDS263,0.2839805825242718
MT2A,0.011226621245131433,0.31840796019900497,0.24006204449049656,DDIT3_pDS263,0.0835644937586685
MT1A,0.0053470181631563385,0.15422885572139303,1.5627101634689988,DDIT3_pDS263,0.0046809986130374
HERPUD1,0.017826432202822734,0.3681592039800995,0.11499926480472647,DDIT3_pDS263,0.2626560332871012
PLLP,0.0008753477448459971,0.11442786069651742,0.4444479586913612,DDIT3_pDS263,0.0053744798890429
KIFC3,0.0076646828532070796,0.6268656716417911,-0.5290391505805574,DDIT3_pDS263,0.1282940360610263
TEPP,8.418443314562767e-05,0.845771144278607,-0.37697920459375384,DDIT3_pDS263,0.0055478502080443
CDH8,0.0016289646595581415,0.01990049751243781,1.8894909789267997,DDIT3_pDS263,0.0031206657420249
Y_RNA,0.00018579292780371976,0.22388059701492538,-0.03770597753574581,DDIT3_pDS263,0.0292995839112343
CKLF,0.022614524512939094,0.5323383084577115,-0.29809285857631385,DDIT3_pDS263,0.8018377253814147
CMTM3,0.00976337126042137,0.7960199004975125,-0.8318110986162689,DDIT3_pDS263,0.2858876560332871
PDP2,0.00677921960290974,0.11442786069651742,1.627608639766617,DDIT3_pDS263,0.0136962552011095
CES2,0.01322139134868335,0.40298507462686567,0.05426818465229632,DDIT3_pDS263,0.0292995839112343
CES3,0.00010668766249052826,0.23383084577114427,-0.2396145561083937,DDIT3_pDS263,0.0069348127600554
HSF4,0.0003074879068539806,0.9054726368159204,-0.9301067996656648,DDIT3_pDS263,0.0292995839112343
CTRL,3.246751374327282e-05,0.9552238805970149,-0.24680380344379688,DDIT3_pDS263,0.0024271844660194
NQO1,0.05075768146154016,0.01990049751243781,2.8316531105103846,DDIT3_pDS263,0.4739944521497919
ZNF19,0.002212486851161136,0.417910447761194,-0.22667841894059934,DDIT3_pDS263,0.0071081830790568
ZFHX3,0.001103709130698827,0.8208955223880597,-0.8554715250611228,DDIT3_pDS263,0.0223647711511789
RP5-991G20.4,0.00010020126312296708,0.9900497512437811,-0.519807063682041,DDIT3_pDS263,0.0057212205270457
PSMD7,0.03241417738566192,0.5024875621890548,-0.2402741669574981,DDIT3_pDS263,0.0292995839112343
AC009120.6,0.00013116924841707938,0.8557213930348259,-0.4965580025793212,DDIT3_pDS263,0.0081484049930651
RP11-252A24.7,0.005599440811516842,0.43283582089552236,0.16513925182318906,DDIT3_pDS263,0.0292995839112343
TERF2IP,0.013852802821405299,0.8706467661691543,-1.0394462880797815,DDIT3_pDS263,0.7312760055478502
NUDT7,0.002002757250086688,0.47761194029850745,-0.4517994330981125,DDIT3_pDS263,0.0182038834951456
7SK,7.724532741413981e-05,0.6567164179104478,-0.1771857823269463,DDIT3_pDS263,0.0292995839112343
COTL1,0.0033541578992140114,0.7611940298507462,-0.7983272733069057,DDIT3_pDS263,0.0221914008321775
GINS2,0.023088207192688,0.7562189054726368,-0.7399992685915332,DDIT3_pDS263,1.5875520110957004
MAP1LC3B,0.02937024457542901,0.39303482587064675,0.02684932509250521,DDIT3_pDS263,0.970873786407767
CYBA,0.07299512151754989,0.014925373134328358,3.7513307578106265,DDIT3_pDS263,4.478155339805825
SNAI3-AS1,0.0026661607334217204,0.3582089552238806,0.05594926342124453,DDIT3_pDS263,0.0138696255201109
SPATA2L,0.011982640750828603,0.1044776119402985,1.842520813135624,DDIT3_pDS263,0.0301664355062413
VPS9D1,0.0017707133937039674,0.19402985074626866,0.23442279903850546,DDIT3_pDS263,0.0055478502080443
NXN,6.903959873211121e-05,0.3880597014925373,0.0727476329162095,DDIT3_pDS263,0.0027739251040221
MYO1C,0.0027778434400349203,0.6417910447761194,-0.6332226161400636,DDIT3_pDS263,0.0506241331484049
MIR22HG,7.83039227580616e-05,0.417910447761194,-0.404930380565326,DDIT3_pDS263,0.0292995839112343
SERPINF1,0.05127196565607859,0.024875621890547265,2.53230039692046,DDIT3_pDS263,0.526872399445215
HIC1,5.393633859685461e-05,0.6716417910447762,-0.157569824637195,DDIT3_pDS263,0.0027739251040221
MNT,0.013834478543592882,0.04477611940298507,1.9770200634670976,DDIT3_pDS263,0.0447295423023578
PAFAH1B1,0.016246324238130827,0.4626865671641791,-0.15754165769373252,DDIT3_pDS263,0.2994105409153952
TRPV3,4.4008905013351935e-05,0.014925373134328358,3.0306541351894634,DDIT3_pDS263,0.002253814147018
PSMB6,0.031117048837970975,0.4577114427860697,-0.12662196478102794,DDIT3_pDS263,3.9141816920943135
ENO3,0.005574633389730922,0.582089552238806,-0.11704593822235954,DDIT3_pDS263,0.0208044382801664
CAMTA2,0.0015863684199370926,0.7611940298507462,-0.80668606964121,DDIT3_pDS263,0.0292995839112343
RP5-1050D4.3,4.5957808854812875e-05,0.5920398009950248,-0.2880430822065362,DDIT3_pDS263,0.0017337031900138
RP5-1050D4.5,6.577022195534161e-05,0.3781094527363184,-0.14423420072429735,DDIT3_pDS263,0.0031206657420249
NLRP1,0.005625073991546301,0.835820895522388,-0.7464768086625332,DDIT3_pDS263,0.0504507628294036
C17orf100,0.005706782612168367,0.582089552238806,-0.09422108827044015,DDIT3_pDS263,0.0251386962552011
DLG4,0.005868899876883502,0.16417910447761194,1.494470362010491,DDIT3_pDS263,0.0136962552011095
CLDN7,0.00016406446912064202,0.36318407960199006,-0.39386655884236504,DDIT3_pDS263,0.0091886269070735
SLC2A4,0.0002179221398598414,0.5124378109452736,-0.32310276541469596,DDIT3_pDS263,0.0292995839112343
SENP3,0.007053488236498903,0.1791044776119403,0.5101055115568559,DDIT3_pDS263,0.0213245492371705
CD68,0.003524238283942585,0.43781094527363185,-0.20467232024560042,DDIT3_pDS263,0.0161234396671289
SAT2,0.0068023878551114495,0.6069651741293532,-0.38821943864496505,DDIT3_pDS263,0.0468099861303744
WRAP53,0.007337972310588327,0.5174129353233831,-0.27655182310040616,DDIT3_pDS263,0.0700416088765603
KCNAB3,0.0001079139465090725,0.373134328358209,0.11382625291099134,DDIT3_pDS263,0.0024271844660194
C17orf59,0.0031419600727163478,0.7810945273631841,-0.8900993922523983,DDIT3_pDS263,0.0292995839112343
AURKB,0.02188370511266678,0.5621890547263682,-0.3266103228875167,DDIT3_pDS263,0.5924063800277393
LINC00324,0.00015618191873745954,0.3582089552238806,-0.38274411958744237,DDIT3_pDS263,0.0062413314840499
SLC25A35,5.3301674365024336e-05,0.3333333333333333,0.3927444850321667,DDIT3_pDS263,0.0031206657420249
PMP22,0.007778732797234879,0.5970149253731343,-0.4694927859104828,DDIT3_pDS263,0.1106102635228848
ZNF286A,0.0034977742899082354,0.8208955223880597,-0.9826558393121253,DDIT3_pDS263,0.0195908460471567
UBB,0.02837978355157343,0.20398009950248755,0.6610673319754217,DDIT3_pDS263,10.679785020804438
FAM211A,0.005642394960415401,0.5621890547263682,-0.4096262852730463,DDIT3_pDS263,0.0440360610263522
ZNF287,5.702990118432459e-05,0.8706467661691543,-0.28479886669210114,DDIT3_pDS263,0.002253814147018
MAP2K3,0.009174264635981172,0.34328358208955223,0.15646016841044902,DDIT3_pDS263,0.062760055478502
RP11-192H23.6,0.0044823128408346844,0.5472636815920398,-0.30127460389383565,DDIT3_pDS263,0.0433425797503467
MIR451B,0.00025629826474729415,0.572139303482587,-0.36970724517390074,DDIT3_pDS263,0.0024271844660194
RP11-848P1.5,3.8519747327855776e-05,0.4228855721393035,0.12163728109157523,DDIT3_pDS263,0.0039875173370319
EVI2B,0.000754513950657392,0.9104477611940298,-1.3208885277823827,DDIT3_pDS263,0.0084951456310679
PSMD11,0.022224136769279663,0.7611940298507462,-0.7561326907754213,DDIT3_pDS263,0.0292995839112343
CCL2,0.0004525483088376615,0.5373134328358209,-0.39517725182318975,DDIT3_pDS263,0.0124826629680998
RP11-1094M14.11,0.024097069633421696,0.7114427860696517,-0.6483868388807654,DDIT3_pDS263,1.388002773925104
MRM1,0.008501859705222208,0.5174129353233831,-0.3912946438454149,DDIT3_pDS263,0.0920596393897364
LHX1,0.010957539132714885,0.009950248756218905,4.387031627780967,DDIT3_pDS263,0.009882108183079
CTB-58E17.3,0.00011101291466811352,0.8159203980099502,-0.3861313118254736,DDIT3_pDS263,0.0058945908460471
CWC25,0.016749064306238664,0.527363184079602,-0.2867091630139617,DDIT3_pDS263,0.2929958391123439
TCAP,0.00017077159530854298,0.6616915422885572,-0.8655911893792432,DDIT3_pDS263,0.0060679611650485
IKZF3,4.882356567731325e-05,0.13930348258706468,-0.18600597706781832,DDIT3_pDS263,0.0027739251040221
NR1D1,0.007191839619047231,0.2835820895522388,0.05121565777183163,DDIT3_pDS263,0.0308599167822468
RAPGEFL1,0.0037161802179954857,0.7114427860696517,-0.6609044884779075,DDIT3_pDS263,0.0292995839112343
CDC6,0.01944001321741003,0.5920398009950248,-0.41217031410230803,DDIT3_pDS263,0.503120665742025
TOP2A,0.04348412993645579,0.11940298507462686,1.1489353596346215,DDIT3_pDS263,0.8217753120665742
IGFBP4,0.010242615840315283,0.3880597014925373,0.05601482906978671,DDIT3_pDS263,0.1014216366158113
CCR7,0.00025104778294251655,0.6368159203980099,-0.5947611428612621,DDIT3_pDS263,0.002253814147018
EIF1,0.017574162003295216,0.5920398009950248,-0.41889621225946255,DDIT3_pDS263,16.0249653259362
PTRF,0.009568095352087172,0.7412935323383084,-0.7535193694891431,DDIT3_pDS263,0.2236477115117892
WNK4,0.017914905185453953,0.03980099502487562,2.1492541103050375,DDIT3_pDS263,0.039875173370319
AOC2,8.702456591080056e-05,0.19402985074626866,-0.09537514293352783,DDIT3_pDS263,0.0032940360610263
LINC00910,0.007486745458577894,0.27860696517412936,0.43287621671981946,DDIT3_pDS263,0.045249653259362
PYY,0.0037253254877400027,0.5373134328358209,-0.3419255940800133,DDIT3_pDS263,0.0369278779472954
C17orf104,0.00012474107644454448,0.4626865671641791,-0.09766122897642515,DDIT3_pDS263,0.0292995839112343
ADAM11,0.0009024333930041586,0.36318407960199006,-0.20307682888873665,DDIT3_pDS263,0.0292995839112343
GJC1,0.011848773509148576,0.1890547263681592,0.9751643599667393,DDIT3_pDS263,0.0594660194174757
CTD-2020K17.1,0.006642974736252144,0.03482587064676617,1.926816928408227,DDIT3_pDS263,0.009882108183079
FMNL1,0.012770522981253678,0.22885572139303484,0.5640159407356281,DDIT3_pDS263,0.0915395284327323
ARHGAP27,6.825430584386086e-05,0.47761194029850745,0.07209764024428336,DDIT3_pDS263,0.0029472954230235
WNT3,0.004451766960247678,0.4925373134328358,0.19195372121298293,DDIT3_pDS263,0.012135922330097
MYL4,0.05695507707012652,0.06965174129353234,1.746700956985249,DDIT3_pDS263,2.609049930651872
SP6,7.530623330566718e-05,0.7164179104477612,-0.8361376367569595,DDIT3_pDS263,0.0041608876560332
HOXB2,0.056433022107802454,0.05472636815920398,2.0113168996379094,DDIT3_pDS263,0.7421983356449375
HOXB4,0.05233941963726878,0.07462686567164178,1.8815436023708183,DDIT3_pDS263,0.727635228848821
KAT7,0.006733179169562707,0.6069651741293532,-0.5037967600827904,DDIT3_pDS263,0.0292995839112343
DLX4,0.026641249052916077,0.10945273631840796,1.4135691872992946,DDIT3_pDS263,0.1990291262135922
PPP1R9B,0.009879499669069062,0.3333333333333333,0.2912297747214144,DDIT3_pDS263,0.0709084604715672
ACSF2,0.00022993569201426695,0.6069651741293532,-0.8388023863717423,DDIT3_pDS263,0.0292995839112343
ANKRD40,0.008549650811260204,0.472636815920398,-0.2043674138558669,DDIT3_pDS263,0.0768030513176144
RP11-294J22.6,0.0006276320264385734,0.9253731343283582,-0.8687223791736828,DDIT3_pDS263,0.0095353675450762
MMD,0.0010275800562132079,0.9154228855721394,-1.294207528105769,DDIT3_pDS263,0.0331137309292649
PCTP,0.0200234741148962,0.029850746268656716,2.4917345756311176,DDIT3_pDS263,0.0759361997226074
SCPEP1,0.008017432097567919,0.417910447761194,-0.15326536890974451,DDIT3_pDS263,0.052877947295423
CUEDC1,3.6233433183973e-05,0.24875621890547264,0.6671155309240892,DDIT3_pDS263,0.0292995839112343
VEZF1,0.006300401343885189,0.7562189054726368,-0.6760102587073442,DDIT3_pDS263,0.0292995839112343
RP11-159D12.5,0.0014879888810860028,0.21393034825870647,0.2689908738428624,DDIT3_pDS263,0.0074549237170596
BZRAP1,0.0003321357736073818,0.06965174129353234,1.896028776784323,DDIT3_pDS263,0.0019070735090152
TUBD1,0.01882354125627809,0.24378109452736318,0.5437160806504605,DDIT3_pDS263,0.0292995839112343
PPM1D,0.018383336097328767,0.024875621890547265,2.959045449838658,DDIT3_pDS263,0.0471567267683772
BCAS3,0.003497206326367374,0.3880597014925373,-0.06535247017142612,DDIT3_pDS263,0.01751040221914
RP11-332H18.4,0.012930662909921346,0.373134328358209,0.05103211524754078,DDIT3_pDS263,0.1328016643550624
TANC2,0.00648704427071733,0.11940298507462686,1.2751448987676195,DDIT3_pDS263,0.0159500693481276
LIMD2,0.029527951918619462,0.4577114427860697,-0.16172070106506178,DDIT3_pDS263,0.0292995839112343
DDX5,0.02922282876035507,0.5970149253731343,-0.41037021773060656,DDIT3_pDS263,2.2099514563106797
CEP95,0.015393731308165992,0.18407960199004975,0.6732492419478295,DDIT3_pDS263,0.1210124826629681
PSMD12,0.03558222377039565,0.24875621890547264,0.5865537786405778,DDIT3_pDS263,0.907246879334258
KPNA2,0.039905744090008806,0.263681592039801,0.4780365604790602,DDIT3_pDS263,1.8027045769764216
RP11-147L13.2,0.00011897090290102734,0.4228855721393035,-0.0900048720136563,DDIT3_pDS263,0.0038141470180305
ABCA5,0.00027473485954123924,0.6169154228855721,-0.7307808490790768,DDIT3_pDS263,0.0020804438280166
USH1G,4.2526481808399234e-05,0.9054726368159204,-1.0663103475456726,DDIT3_pDS263,0.0020804438280166
HN1,0.07321082481941951,0.014925373134328358,2.938189725737334,DDIT3_pDS263,3.268550624133149
RP11-649A18.7,0.0020358695625780723,0.9054726368159204,-1.6695067836988415,DDIT3_pDS263,0.0109223300970873
GGA3,0.010124765692782823,0.472636815920398,-0.17867277305537413,DDIT3_pDS263,0.1024618585298196
MIF4GD,0.01944491757746829,0.22885572139303484,0.5865625371932762,DDIT3_pDS263,0.1983356449375866
CASKIN2,0.004974337953333558,0.5621890547263682,-0.09690340370186284,DDIT3_pDS263,0.0258321775312066
UNC13D,0.009821872641687634,0.5174129353233831,-0.2844480329956924,DDIT3_pDS263,0.0292995839112343
FBF1,0.007395423797958049,0.21393034825870647,0.46230790168272323,DDIT3_pDS263,0.0298196948682385
UBALD2,0.018236347422287497,0.6218905472636815,-0.46530659245236067,DDIT3_pDS263,0.598994452149792
ST6GALNAC2,0.00013150052549088274,0.9552238805970149,-0.4368761510048336,DDIT3_pDS263,0.0083217753120665
MXRA7,0.004789907413945581,0.472636815920398,0.2602724077805863,DDIT3_pDS263,0.0091886269070735
BIRC5,0.03884157323730522,0.263681592039801,0.5307696177303028,DDIT3_pDS263,1.5821775312066575
SOCS3,0.0013373636594238118,0.9751243781094527,-1.285547544934549,DDIT3_pDS263,0.065880721220527
SGSH,0.0024464864440232295,0.4427860696517413,-0.23877854510302063,DDIT3_pDS263,0.0292995839112343
BAIAP2,0.004522817477458787,0.7164179104477612,-0.6869884554554633,DDIT3_pDS263,0.0702149791955617
ACTG1,0.028604975963171814,0.6865671641791045,-0.5912733408093294,DDIT3_pDS263,5.321775312066574
FAM195B,0.0008911463185757023,0.13930348258706468,0.618397264760951,DDIT3_pDS263,0.004507628294036
RAC3,0.02779834715137357,0.5174129353233831,-0.30048274676777914,DDIT3_pDS263,1.5275658807212205
RP13-516M14.4,0.0038210074421002327,0.6965174129353234,-0.41809705276940917,DDIT3_pDS263,0.0131761442441054
CD7,0.014314522842316416,0.0945273631840796,1.7094002903323295,DDIT3_pDS263,0.0419556171983356
SECTM1,5.735744584319284e-05,0.5024875621890548,-0.09292959286455407,DDIT3_pDS263,0.0046809986130374
LINC00470,0.026387200629062735,0.14427860696517414,1.1574793093103568,DDIT3_pDS263,0.0292995839112343
NDC80,0.018806107252712544,0.4577114427860697,-0.039413356537691596,DDIT3_pDS263,0.308252427184466
RP13-270P17.1,8.326930242549226e-05,0.25870646766169153,-0.05945382490385094,DDIT3_pDS263,0.004507628294036
TGIF1,0.032402235647144645,0.014925373134328358,2.8483967006813704,DDIT3_pDS263,0.1171983356449375
LINC00526,0.0029079697920288837,0.8756218905472637,-0.9398350816533573,DDIT3_pDS263,0.0587725381414701
ZBTB14,0.0017938335996757326,0.7014925373134329,-0.8427573096974659,DDIT3_pDS263,0.02375173370319
RP11-91I8.3,5.645731358594746e-05,0.5771144278606966,-0.34869018812924873,DDIT3_pDS263,0.002253814147018
RP11-143J12.2,5.0939966873254747e-05,0.9402985074626866,-0.4373996428244465,DDIT3_pDS263,0.0091886269070735
RAB31,0.03092940803081824,0.05472636815920398,2.021034968471449,DDIT3_pDS263,0.1683425797503467
NAPG,0.009155790484580666,0.4975124378109453,-0.278906898277787,DDIT3_pDS263,0.1328016643550624
CHMP1B,0.018800165161558524,0.17412935323383086,1.1660072617115431,DDIT3_pDS263,0.1152912621359223
MPPE1,0.007243315005810829,0.2736318407960199,0.39967047046741344,DDIT3_pDS263,0.0310332871012482
CEP76,0.002427006109764927,0.9154228855721394,-1.4371703754811243,DDIT3_pDS263,0.0485436893203883
CEP192,0.002064075226631641,0.7512437810945274,-0.8416432169130611,DDIT3_pDS263,0.0445561719833564
RNMT,0.006302225988510811,0.6865671641791045,-0.6579015141734458,DDIT3_pDS263,0.1012482662968099
GATA6-AS1,0.0026065530743667104,0.43283582089552236,-0.29886270503409834,DDIT3_pDS263,0.0116158113730929
TAF4B,0.0012452578185048174,0.9104477611940298,-0.9602018706688549,DDIT3_pDS263,0.0292995839112343
RP11-326K13.4,0.009813767481936832,0.1044776119402985,1.1905561709612569,DDIT3_pDS263,0.0223647711511789
RNF125,0.0029069433718704684,0.7761194029850746,-0.8615921561036359,DDIT3_pDS263,0.0438626907073509
ZNF24,0.01235158345663422,0.7860696517412935,-0.840308375285455,DDIT3_pDS263,0.3639042995839112
PIK3C3,0.01194183968265339,0.527363184079602,-0.24830675151287354,DDIT3_pDS263,0.1631414701803051
IER3IP1,0.01601900977846731,0.7761194029850746,-0.7743614458677637,DDIT3_pDS263,0.0292995839112343
C18orf54,0.0015796122500579591,0.5522388059701493,-0.5882375242452575,DDIT3_pDS263,0.0116158113730929
FECH,0.01633276980032677,0.23383084577114427,0.6602333119081764,DDIT3_pDS263,0.0292995839112343
RP11-108P20.1,0.0,1.0,0.0,DDIT3_pDS263,0.002253814147018
PMAIP1,0.016790803727927444,0.12437810945273632,1.1269139965828865,DDIT3_pDS263,0.0908460471567267
CCDC102B,1.9686324164567796e-05,0.9751243781094527,-1.5704949485086193,DDIT3_pDS263,0.0043342579750346
CD226,0.002005311018258473,0.8507462686567164,-1.2133783259621933,DDIT3_pDS263,0.0334604715672676
LINC01029,4.771633681930254e-05,0.5124378109452736,-0.19537215994170487,DDIT3_pDS263,0.0017337031900138
TRIB3,0.019434636836934322,0.472636815920398,-0.04795569242948018,DDIT3_pDS263,0.3814147018030513
SNPH,6.25958002636606e-05,0.7711442786069652,-0.6859785686314498,DDIT3_pDS263,0.0024271844660194
SDCBP2,0.0006414293032074462,0.8059701492537313,-0.9154337637025372,DDIT3_pDS263,0.0159500693481276
SDCBP2-AS1,8.585568196876431e-05,0.2736318407960199,-0.3722081343337437,DDIT3_pDS263,0.0078016643550624
AVP,0.028480179483760817,0.024875621890547265,2.6375030020814187,DDIT3_pDS263,0.1033287101248266
HSPA12B,0.00025467664491823287,0.34328358208955223,-0.12698829162286462,DDIT3_pDS263,0.0069348127600554
RP11-119B16.2,0.006034883050941009,0.35323383084577115,0.46615641583095957,DDIT3_pDS263,0.0292995839112343
SMOX,0.006837919079392151,0.14925373134328357,1.2598699178304726,DDIT3_pDS263,0.0234049930651872
RASSF2,0.019478867300566777,0.004975124378109453,5.542788856917086,DDIT3_pDS263,0.0145631067961165
PCNA,0.032039505292454425,0.39800995024875624,-0.004609688276702699,DDIT3_pDS263,1.2565880721220528
C20orf196,0.011495770456888377,0.681592039800995,-0.5823460272553023,DDIT3_pDS263,0.0292995839112343
CHGB,4.4375083670824e-05,0.8656716417910447,-0.12864840968378766,DDIT3_pDS263,0.0041608876560332
MACROD2,0.0012062834930055806,0.12437810945273632,0.8075873584578236,DDIT3_pDS263,0.0084951456310679
RP5-1068E13.7,0.00029254606807850776,0.835820895522388,-1.4527930199682926,DDIT3_pDS263,0.0097087378640776
ZNF337-AS1,0.00026546591949117563,0.8656716417910447,-0.9315427172897721,DDIT3_pDS263,0.0169902912621359
ID1,0.021575930012055555,0.208955223880597,0.7565688092286309,DDIT3_pDS263,0.2583217753120665
TPX2,0.019446769662040876,0.7313432835820896,-0.679319589749401,DDIT3_pDS263,0.8101595006934813
ZNF341,0.00019235421046281056,0.4527363184079602,-0.6141120170124365,DDIT3_pDS263,0.0084951456310679
CHMP4B,0.02322887070498596,0.5970149253731343,-0.3394966126379714,DDIT3_pDS263,0.8304438280166435
GGT7,0.00653629124696878,0.3582089552238806,0.3756733467828867,DDIT3_pDS263,0.0292995839112343
MYH7B,0.004235411778569915,0.7064676616915423,-0.4982391372947547,DDIT3_pDS263,0.0263522884882108
PROCR,8.579563058060976e-05,0.746268656716418,-0.25757707331835406,DDIT3_pDS263,0.0055478502080443
MYL9,0.006533837266749765,0.31840796019900497,0.5006845287480787,DDIT3_pDS263,0.0292995839112343
RBL1,0.0014068828208166303,0.12935323383084577,0.5055052396383121,DDIT3_pDS263,0.0292995839112343
MROH8,0.0010966842129862709,0.5970149253731343,-0.7007095071899305,DDIT3_pDS263,0.0199375866851595
SRC,3.997224621854587e-05,0.35323383084577115,-0.043687089921568806,DDIT3_pDS263,0.0027739251040221
BLCAP,0.004167944753920135,0.9800995024875622,-1.4698955409521708,DDIT3_pDS263,0.1721567267683772
LPIN3,0.006238308285030695,0.0845771144278607,0.980088834800671,DDIT3_pDS263,0.0097087378640776
OSER1,0.006822776790541403,0.8507462686567164,-0.9873342559113714,DDIT3_pDS263,0.2250346740638003
OSER1-AS1,0.005976524747901523,0.12935323383084577,0.6292091544849395,DDIT3_pDS263,0.0119625520110957
PKIG,0.010647589379992363,0.7960199004975125,-0.8392733864989279,DDIT3_pDS263,0.3205617198335645
TOMM34,0.01172850913024004,0.6965174129353234,-0.6810331084844754,DDIT3_pDS263,0.2869278779472954
SNX21,2.8073907103010267e-05,0.736318407960199,-0.8501450356300629,DDIT3_pDS263,0.0029472954230235
ZSWIM3,0.0001574290863976299,0.5174129353233831,-0.3825913232963231,DDIT3_pDS263,0.0065880721220527
CD40,8.962897161670046e-05,0.8905472636815921,-0.42851466746630834,DDIT3_pDS263,0.0292995839112343
ZFAS1,0.021181829233443337,0.9303482587064676,-1.2250243024537164,DDIT3_pDS263,6.431692094313454
SPATA2,0.009987086548715616,0.21393034825870647,0.6539791603303514,DDIT3_pDS263,0.0397018030513176
CEBPB,0.04580746927973488,0.07960199004975124,1.6413730408650027,DDIT3_pDS263,0.6251733703190014
RP11-15M15.1,0.00015181161522984552,0.18407960199004975,-0.09236294141448853,DDIT3_pDS263,0.0058945908460471
AURKA,0.02348216152793238,0.5920398009950248,-0.4221463745554283,DDIT3_pDS263,0.7064840499306518
CASS4,0.0011241240493182329,0.9502487562189055,-1.135702796071991,DDIT3_pDS263,0.0221914008321775
RP4-800J21.3,9.931359904400245e-05,0.5572139303482587,-0.18643612806377638,DDIT3_pDS263,0.0034674063800277
TUBB1,7.198387438751806e-05,0.5870646766169154,-0.3246999595962172,DDIT3_pDS263,0.0027739251040221
LINC00659,0.0012968788039844571,0.14925373134328357,0.5034263638838318,DDIT3_pDS263,0.0074549237170596
HELZ2,0.0004348385722493287,0.8507462686567164,-0.5581266629936431,DDIT3_pDS263,0.0124826629680998
C2CD4C,8.833824688551662e-06,0.7164179104477612,-0.1999283284446895,DDIT3_pDS263,0.0052011095700416
GZMM,6.380853548908898e-05,0.1890547263681592,-0.18444224436904133,DDIT3_pDS263,0.0055478502080443
BSG,0.02525493362090231,0.3681592039800995,0.2472562249271901,DDIT3_pDS263,9.60887656033287
PRSS57,0.09442125568214427,0.004975124378109453,4.603056068099051,DDIT3_pDS263,1.757628294036061
CFD,0.01693078487053069,0.8905472636815921,-1.0548610323491208,DDIT3_pDS263,1.3295769764216363
KISS1R,0.009015456055675318,0.4228855721393035,-0.11815399151970364,DDIT3_pDS263,0.092753120665742
CTB-31O20.2,0.012283693318987383,0.48756218905472637,-0.23893899825006332,DDIT3_pDS263,0.1536061026352288
GADD45B,0.007939236000844466,0.1691542288557214,0.9414101762099433,DDIT3_pDS263,0.0266990291262135
ZNF555,0.0018259181994284908,0.8656716417910447,-1.1726666155590633,DDIT3_pDS263,0.0244452149791955
CELF5,7.170324135850871e-05,0.7761194029850746,-0.38225529139620373,DDIT3_pDS263,0.0058945908460471
CACTIN,0.02819129621556828,0.04975124378109453,2.1328783319067157,DDIT3_pDS263,0.1705963938973647
PIAS4,0.004600609629880978,0.9601990049751243,-1.3702419167075228,DDIT3_pDS263,0.0292995839112343
TMIGD2,0.00013297099198785823,0.6965174129353234,-0.6247242510535638,DDIT3_pDS263,0.0019070735090152
C19orf10,0.021071408986141786,0.8706467661691543,-0.9917340320441673,DDIT3_pDS263,3.326976421636616
PLIN3,0.014374425631333291,0.7263681592039801,-0.7069813072279807,DDIT3_pDS263,0.3663314840499306
NRTN,0.0008412493934440989,0.7761194029850746,-0.8476043105025964,DDIT3_pDS263,0.0133495145631067
VMAC,0.000587930693893881,0.900497512437811,-0.9542610448647014,DDIT3_pDS263,0.0168169209431345
AC104532.4,8.507384309107414e-05,0.8656716417910447,-0.9705057718123435,DDIT3_pDS263,0.0024271844660194
PSPN,0.0014014134711407716,0.9552238805970149,-1.5713800359894858,DDIT3_pDS263,0.0138696255201109
SLC25A23,0.030918920423792313,0.06965174129353234,1.675807471014323,DDIT3_pDS263,0.0292995839112343
C3,3.912905968688914e-05,0.27860696517412936,0.47751855710547797,DDIT3_pDS263,0.0019070735090152
PCP2,3.7513491210734e-05,0.736318407960199,-0.1411494996225795,DDIT3_pDS263,0.0024271844660194
CTD-3193O13.9,0.0001089079642462799,0.39303482587064675,0.13009361558008758,DDIT3_pDS263,0.0034674063800277
ANGPTL4,0.0004554854002623369,0.5920398009950248,-0.5998239060368645,DDIT3_pDS263,0.0020804438280166
MARCH2,0.0052415372281456535,0.4577114427860697,0.4984399752978265,DDIT3_pDS263,0.0136962552011095
OR7D2,0.00017546034409416937,0.7860696517412935,-0.824802055071445,DDIT3_pDS263,0.0024271844660194
ZNF846,0.003963976755068012,0.46766169154228854,0.19422305215597915,DDIT3_pDS263,0.0117891816920943
ICAM4,0.004900781847466661,0.9402985074626866,-1.1687116552318202,DDIT3_pDS263,0.0292995839112343
ZGLP1,0.001481060807586183,0.19402985074626866,0.3753010151248961,DDIT3_pDS263,0.0084951456310679
ILF3-AS1,0.018480886283956062,0.527363184079602,-0.29180602234789776,DDIT3_pDS263,0.5086685159500693
EPOR,0.007210975129293495,0.681592039800995,-0.6362415001346572,DDIT3_pDS263,0.0967406380027739
CNN1,0.0031653715974497973,0.8407960199004975,-0.9187703347535059,DDIT3_pDS263,0.0292995839112343
ZNF627,0.004715306666949339,0.6119402985074627,-0.2283626505485979,DDIT3_pDS263,0.0209778085991678
ACP5,0.05660012665845761,0.009950248756218905,3.0827765457509213,DDIT3_pDS263,0.3970180305131761
ZNF441,0.00035354096124135724,0.27860696517412936,-0.3144038773255538,DDIT3_pDS263,0.0072815533980582
ZNF440,0.0038773235581367254,0.8905472636815921,-1.05880939622049,DDIT3_pDS263,0.0327669902912621
ZNF788,0.0002653271883802549,0.5422885572139303,-0.5164774649645963,DDIT3_pDS263,0.0084951456310679
ZNF44,0.001443203451921479,0.7761194029850746,-0.856282106574248,DDIT3_pDS263,0.0253120665742024
ZNF442,0.007306016476415553,0.10945273631840796,1.1978128911723458,DDIT3_pDS263,0.0091886269070735
ZNF709,0.00011275395110595737,0.5422885572139303,-0.21099505840806101,DDIT3_pDS263,0.0020804438280166
ZNF490,4.0577948426654366e-05,0.6467661691542289,-0.5181760390946982,DDIT3_pDS263,0.0031206657420249
JUNB,0.0076719385321856425,0.9850746268656716,-1.34817833535815,DDIT3_pDS263,0.324375866851595
PRDX2,0.017114375173933962,0.835820895522388,-0.8568438876406561,DDIT3_pDS263,8.734223300970873
KLF1,0.017221402050010336,0.8059701492537313,-0.8616019800831684,DDIT3_pDS263,0.9726074895977808
CALR,0.05843757319594618,0.0845771144278607,1.61019478925952,DDIT3_pDS263,3.2626560332871013
CTC-425F1.4,5.874760371702058e-05,0.472636815920398,-0.05525019167815906,DDIT3_pDS263,0.0020804438280166
IER2,0.05236270353729962,0.07462686567164178,1.9519687096769704,DDIT3_pDS263,0.776005547850208
ASF1B,0.017724845230059804,0.5422885572139303,-0.3435391514069742,DDIT3_pDS263,0.4162621359223301
NOTCH3,0.006984900251930455,0.07960199004975124,1.2915066445841175,DDIT3_pDS263,0.0156033287101248
TPM4,0.010590961936872147,0.7910447761194029,-0.8572297040870451,DDIT3_pDS263,0.3460471567267684
FAM32A,0.04359449544375321,0.07462686567164178,1.7221916625464102,DDIT3_pDS263,0.7680305131761442
CPAMD8,7.203975706868821e-05,0.43781094527363185,-0.3969642026954498,DDIT3_pDS263,0.0034674063800277
BST2,0.001364243604374474,0.21393034825870647,0.2093503697744963,DDIT3_pDS263,0.0069348127600554
SLC27A1,3.3964720277007514e-05,0.009950248756218905,2.836064161958801,DDIT3_pDS263,0.0024271844660194
GDF15,0.025799789608866475,0.3034825870646766,0.40524019975142955,DDIT3_pDS263,0.4342926490984743
KLHL26,0.003339677703313773,0.5323383084577115,-0.1477800747402971,DDIT3_pDS263,0.0178571428571428
YJEFN3,0.0003993261417512125,0.44776119402985076,-0.6077090797160299,DDIT3_pDS263,0.0095353675450762
LPAR2,0.00012284870006229112,0.373134328358209,-0.31647538757959903,DDIT3_pDS263,0.0069348127600554
ZNF253,0.0009406130610442149,0.6915422885572139,-0.7106790460453289,DDIT3_pDS263,0.0292995839112343
ZNF493,0.0157482421909383,0.03482587064676617,2.2685051948277826,DDIT3_pDS263,0.0478502080443828
ZNF91,0.01030874669101675,0.2935323383084577,0.47947253950722124,DDIT3_pDS263,0.0292995839112343
AC007773.2,0.006201965040917715,0.04975124378109453,1.9310302911732198,DDIT3_pDS263,0.0093619972260748
RGS9BP,2.1741533453924003e-05,0.3283582089552239,0.4754181849631992,DDIT3_pDS263,0.0024271844660194
CEBPA-AS1,0.0002127921441352925,0.3383084577114428,-0.32818923897234875,DDIT3_pDS263,0.0065880721220527
FXYD7,9.539848446335174e-05,0.5870646766169154,-0.34043347139547797,DDIT3_pDS263,0.002253814147018
HCST,0.011306880219703256,0.10945273631840796,1.5403992737766137,DDIT3_pDS263,0.0346740638002773
TYROBP,0.0023091702513330587,0.9552238805970149,-1.5571660820613178,DDIT3_pDS263,0.0478502080443828
LRFN3,0.0001220877511831006,0.6318407960199005,-0.7319435534992926,DDIT3_pDS263,0.0091886269070735
ZFP14,0.00518748302625035,0.39303482587064675,0.14306538039962408,DDIT3_pDS263,0.0232316227461858
ZNF529,0.0014115846865212348,0.8756218905472637,-0.9982630811862041,DDIT3_pDS263,0.0346740638002773
AC092295.7,0.005829421510689276,0.4975124378109453,-0.13734323356700956,DDIT3_pDS263,0.0369278779472954
AC074138.3,0.008783421784154704,0.14427860696517414,1.0872380192831972,DDIT3_pDS263,0.0383148404993065
ZNF345,5.693523341718556e-05,0.9552238805970149,-0.3789545483492269,DDIT3_pDS263,0.0053744798890429
ZFP30,0.004741996872790325,0.38308457711442784,0.7095056195590199,DDIT3_pDS263,0.0292995839112343
ZNF607,0.004662542988950523,0.8955223880597015,-0.5362184983671405,DDIT3_pDS263,0.0182038834951456
CTD-2528L19.6,0.001340168177861934,0.13930348258706468,0.5025746963263937,DDIT3_pDS263,0.0048543689320388
PPP1R14A,0.04824068839687329,0.11442786069651742,1.2325083139403472,DDIT3_pDS263,0.0292995839112343
RASGRP4,0.006034507526727864,0.3283582089552239,0.3411640954959726,DDIT3_pDS263,0.0251386962552011
CAPN12,0.00012811347770511037,0.7562189054726368,-0.2437623561717496,DDIT3_pDS263,0.0043342579750346
GMFG,0.021416873584706196,0.6069651741293532,-0.48196411324220756,DDIT3_pDS263,0.8732662968099861
ZFP36,0.006608631704154326,0.26865671641791045,0.6600214592986052,DDIT3_pDS263,0.0277392510402219
ZNF546,0.00022172061223821532,0.945273631840796,-1.1309647131740048,DDIT3_pDS263,0.0126560332871012
PRX,0.0001269958984363468,0.5970149253731343,-0.5499508394102524,DDIT3_pDS263,0.0058945908460471
SERTAD1,0.0043895292609797895,0.9104477611940298,-1.0911281440739813,DDIT3_pDS263,0.1012482662968099
SERTAD3,0.020543357646403214,0.24378109452736318,0.6120398371668868,DDIT3_pDS263,0.1790915395284327
BLVRB,0.09665301029219264,0.004975124378109453,4.242753635631032,DDIT3_pDS263,1.743238557558946
AXL,0.0005919355967395447,0.8109452736318408,-0.8231639008594864,DDIT3_pDS263,0.0140429958391123
TGFB1,0.022236335764897044,0.6169154228855721,-0.5157540798072336,DDIT3_pDS263,0.9667128987517336
CCDC97,0.004832522827719857,0.6218905472636815,-0.5200648828887618,DDIT3_pDS263,0.0292995839112343
BCKDHA,4.5662143519242664e-05,0.44776119402985076,-0.04067939035546628,DDIT3_pDS263,0.0292995839112343
ZNF526,0.009531667811585626,0.22388059701492538,0.6897506469489939,DDIT3_pDS263,0.0292995839112343
ZNF576,0.008296315505149034,0.9104477611940298,-1.0302922914385693,DDIT3_pDS263,0.3651178918169209
CADM4,0.0053744985387175,0.12935323383084577,0.9768961634997302,DDIT3_pDS263,0.0292995839112343
PLAUR,0.029652341991299472,0.03482587064676617,2.281242077990543,DDIT3_pDS263,0.1705963938973647
ZNF284,5.703277431435702e-05,0.3582089552238806,-0.010413161625377898,DDIT3_pDS263,0.0027739251040221
ZNF180,0.005618738049558132,0.7711442786069652,-0.5059202387528082,DDIT3_pDS263,0.0357142857142857
BCL3,0.00022705017838389987,0.4129353233830846,-0.15625016064941555,DDIT3_pDS263,0.0036407766990291
APOE,0.03512191967469067,0.3582089552238806,0.152652051460314,DDIT3_pDS263,6.851074895977809
APOC1,0.055999050274787285,0.01990049751243781,2.8990960348527977,DDIT3_pDS263,9.58616504854369
RELB,0.0017165381752136577,0.7114427860696517,-0.8632854132046771,DDIT3_pDS263,0.0149098474341192
TRAPPC6A,0.02803071885316671,0.48258706467661694,-0.1243565729967464,DDIT3_pDS263,1.0488904299583912
CKM,0.006393585515346937,0.38308457711442784,0.22838219652111147,DDIT3_pDS263,0.0270457697642163
KLC3,0.0005281600221695032,0.4577114427860697,-0.29740658877922993,DDIT3_pDS263,0.0052011095700416
FOSB,2.1514201009740463e-05,0.01990049751243781,3.0121159323910742,DDIT3_pDS263,0.0024271844660194
VASP,0.03030604958243577,0.26865671641791045,0.5985030530148739,DDIT3_pDS263,0.5298196948682385
GIPR,0.0007376973500094006,0.8756218905472637,-0.9710983955970489,DDIT3_pDS263,0.0110957004160887
AC006262.5,0.005387255696488045,0.6616915422885572,-0.5063321366955218,DDIT3_pDS263,0.0442094313453536
ZC3H4,0.004995132208724933,0.8706467661691543,-0.816675457196193,DDIT3_pDS263,0.0813106796116504
BBC3,0.018508725325327748,0.25870646766169153,0.651753157622535,DDIT3_pDS263,0.1414701803051317
PRR24,0.02922606760177442,0.13432835820895522,1.0257675215837787,DDIT3_pDS263,0.2773925104022191
EMP3,0.07290225448072206,0.014925373134328358,2.7720666303620223,DDIT3_pDS263,4.0596393897364775
KCNJ14,0.00010695308503913736,0.7860696517412935,-0.39284739570636906,DDIT3_pDS263,0.0071081830790568
PPP1R15A,0.01666274159883921,0.4975124378109453,-0.31080440720344477,DDIT3_pDS263,0.3753467406380028
FTL,0.019522902549633212,0.13930348258706468,0.9342887639844859,DDIT3_pDS263,101.50884188626908
PTH2,0.0004528405193993624,0.38308457711442784,-0.13714989280083273,DDIT3_pDS263,0.0031206657420249
RPL13A,0.04123511450524528,0.004975124378109453,6.2852196206519215,DDIT3_pDS263,105.8014909847434
FCGRT,0.022952466232714686,0.3034825870646766,0.3830372547476877,DDIT3_pDS263,0.4042995839112344
IRF3,0.01708291253547772,0.5024875621890548,-0.2487609805115889,DDIT3_pDS263,0.0292995839112343
TSKS,2.202508392876557e-05,0.4925373134328358,-0.12223289810108127,DDIT3_pDS263,0.0026005547850208
KCNC3,0.006718797752469764,0.16417910447761194,1.2413955377914996,DDIT3_pDS263,0.0124826629680998
LRRC4B,0.004547353113434444,0.7562189054726368,-0.6329524244639094,DDIT3_pDS263,0.0388349514563106
C19orf84,7.635544622945479e-05,0.5771144278606966,-0.5963798983878869,DDIT3_pDS263,0.0057212205270457
ZNF350,7.926158855269562e-05,0.8507462686567164,-0.9981504404263373,DDIT3_pDS263,0.0031206657420249
ZNF841,0.004601570060313888,0.7263681592039801,-0.1327849280774986,DDIT3_pDS263,0.009882108183079
ZNF616,0.01315558596636901,0.05472636815920398,2.207798890870585,DDIT3_pDS263,0.0232316227461858
ZNF528,0.000124912642708958,0.6069651741293532,-0.43645267461965187,DDIT3_pDS263,0.0064147018030513
CTD-2331H12.7,6.540016651512483e-05,0.2736318407960199,0.3914684779542198,DDIT3_pDS263,0.0032940360610263
TMC4,4.674302549962203e-05,0.7014925373134329,-0.1947416422617575,DDIT3_pDS263,0.0060679611650485
LENG8-AS1,0.0001429832272920031,0.5572139303482587,-0.28730575974445577,DDIT3_pDS263,0.0058945908460471
CDC42EP5,0.0016852139327149778,0.2885572139303483,0.6588082259307902,DDIT3_pDS263,0.0032940360610263
NLRP2,0.013967613947303375,0.5621890547263682,-0.3237468414030176,DDIT3_pDS263,0.0292995839112343
CTC-550B14.7,0.0010997009099423236,0.11940298507462686,0.9019521823422573,DDIT3_pDS263,0.0038141470180305
GP6,0.0038712987363410055,0.4527363184079602,0.09835415599200022,DDIT3_pDS263,0.0213245492371705
TNNT1,0.04851720862094324,0.13432835820895522,1.1008014285626733,DDIT3_pDS263,1.853502080443828
TNNI3,0.006109538576646763,0.5920398009950248,-0.4226840710163121,DDIT3_pDS263,0.0787101248266296
CTD-2587H24.5,5.2046885762966476e-05,0.3482587064676617,0.3016543032023062,DDIT3_pDS263,0.0017337031900138
CTD-2587H24.10,1.074134533046166e-05,0.9203980099502488,-0.9875289076258131,DDIT3_pDS263,0.002253814147018
UBE2S,0.03075473017322993,0.5870646766169154,-0.39296512403316725,DDIT3_pDS263,2.2064840499306517
AC007228.11,0.00015670181280241004,0.6915422885572139,-0.6187043658692161,DDIT3_pDS263,0.0020804438280166
ZNF470,0.00014392885457847692,0.6766169154228856,-0.4451155643769896,DDIT3_pDS263,0.0117891816920943
ZNF543,5.036878566198389e-05,0.9651741293532339,-0.3407260361476599,DDIT3_pDS263,0.0058945908460471
TRAPPC2P1,0.012390400143153867,0.48756218905472637,-0.20423002653286818,DDIT3_pDS263,0.1471914008321775
ZNF419,0.0004280800350253433,0.6616915422885572,-0.8866256149772319,DDIT3_pDS263,0.007628294036061
ZNF551,0.0076015149968661185,0.3781094527363184,0.10677604819047211,DDIT3_pDS263,0.0292995839112343
ZNF552,0.005581710378647014,0.5621890547263682,-0.13123175758671174,DDIT3_pDS263,0.0211511789181692
ZNF256,0.0005885422871788269,0.7114427860696517,-0.7704810952093655,DDIT3_pDS263,0.007628294036061
ZNF606,0.007717836142265016,0.19900497512437812,0.664313083151183,DDIT3_pDS263,0.0292995839112343
ZNF324,0.007544231963653479,0.5074626865671642,-0.11513920611336535,DDIT3_pDS263,0.0292995839112343
ZNF446,0.0013487761972710173,0.6666666666666666,-0.7703700979562799,DDIT3_pDS263,0.0126560332871012
CECR7,7.815409831922304e-05,0.6666666666666666,-0.2779121404474835,DDIT3_pDS263,0.0105755894590846
AC006946.16,5.1177606883524495e-05,0.9253731343283582,-1.16033467262455,DDIT3_pDS263,0.004507628294036
IL17RA,0.011868204667029512,0.0845771144278607,1.6294150704277073,DDIT3_pDS263,0.0449029126213592
SLC25A18,0.000191496031605213,0.1890547263681592,1.0534879286389358,DDIT3_pDS263,0.0034674063800277
AC004463.6,0.008336292382784452,0.7412935323383084,-0.7540775235191454,DDIT3_pDS263,0.1808252427184466
CLTCL1,0.006233345034523888,0.0945273631840796,0.9415634757305495,DDIT3_pDS263,0.012135922330097
AC000068.9,8.329382956966114e-05,0.8756218905472637,-0.944897082120832,DDIT3_pDS263,0.0024271844660194
CDC45,0.0796659528160866,0.009950248756218905,3.411350247538034,DDIT3_pDS263,1.8399791955617195
MED15,0.008405317449548023,0.9751243781094527,-1.3730001355912531,DDIT3_pDS263,0.5553051317614425
SDF2L1,0.025514962965341583,0.5522388059701493,-0.3289067025423198,DDIT3_pDS263,13.733356449375869
YPEL1,0.0001076340384820355,0.8407960199004975,-0.5595910718692437,DDIT3_pDS263,0.0086685159500693
LL22NC03-86G7.1,0.0046588671252743505,0.4427860696517413,0.35591829549701265,DDIT3_pDS263,0.009882108183079
ZNF280A,0.0013046810429542947,0.7910447761194029,-0.8487373086566271,DDIT3_pDS263,0.0199375866851595
PRAME,0.029159810449237603,0.582089552238806,-0.36435692767026806,DDIT3_pDS263,4.645804438280167
IGLL1,7.452814303813681e-05,0.07960199004975124,0.25278022035006037,DDIT3_pDS263,0.0292995839112343
AP000350.5,0.00012316128471265083,0.9402985074626866,-0.32605438410237375,DDIT3_pDS263,0.0039875173370319
CRYBA4,0.00012044954164649533,0.3880597014925373,-0.2251003357653834,DDIT3_pDS263,0.0065880721220527
XBP1,0.02532213091014089,0.44776119402985076,-0.11353126281864372,DDIT3_pDS263,0.7482662968099861
RASL10A,9.368658101786413e-05,0.4129353233830846,-0.18591111512427064,DDIT3_pDS263,0.0043342579750346
NEFH,0.009622423975768542,0.7512437810945274,-0.827964850511553,DDIT3_pDS263,0.2600554785020804
MTMR3,0.012703557390514557,0.18407960199004975,1.2789340717666735,DDIT3_pDS263,0.0433425797503467
SLC35E4,0.00010291457715927877,0.5323383084577115,-0.5713877407680407,DDIT3_pDS263,0.004507628294036
MORC2-AS1,0.0029685108722332996,0.472636815920398,-0.2229560752327464,DDIT3_pDS263,0.0199375866851595
TUG1,0.011439644811751058,0.48756218905472637,-0.2759159840428287,DDIT3_pDS263,0.1638349514563107
SELM,0.02284628574461842,0.04975124378109453,2.1849278867992448,DDIT3_pDS263,0.0804438280166435
AC005003.1,0.00032535227626879446,0.5671641791044776,-0.301665653825665,DDIT3_pDS263,0.0048543689320388
FBXO7,0.015740759930127544,0.835820895522388,-0.9534378249821412,DDIT3_pDS263,0.6967753120665742
MCM5,0.026358986634034867,0.3383084577114428,0.08339715187243704,DDIT3_pDS263,0.6950416088765603
APOL4,9.830167167140927e-05,0.4975124378109453,-0.4194692913855624,DDIT3_pDS263,0.007628294036061
APOL2,0.013373658344804138,0.08955223880597014,1.8285743683728057,DDIT3_pDS263,0.0306865464632454
FOXRED2,0.011132789184801734,0.4577114427860697,0.028699014702049813,DDIT3_pDS263,0.1052357836338418
EIF3D,0.05198320202565673,0.07960199004975124,1.5323851105087574,DDIT3_pDS263,1.542995839112344
IFT27,0.0064053285935075695,0.7263681592039801,-0.7418176828961385,DDIT3_pDS263,0.1393897364771151
KCTD17,0.00012381308899839168,0.9054726368159204,-0.4028480013434665,DDIT3_pDS263,0.0062413314840499
IL2RB,0.0009751225663330842,0.4427860696517413,-0.30654026721893,DDIT3_pDS263,0.0126560332871012
RAC2,0.02645698543962673,0.4079601990049751,-0.07007040868515396,DDIT3_pDS263,0.8661581137309292
CDC42EP1,0.014441048858650126,0.9900497512437811,-1.4459626545286839,DDIT3_pDS263,1.1614077669902914
LGALS1,0.09251529228337176,0.004975124378109453,4.5403497352060755,DDIT3_pDS263,1.3278432732316228
MAFF,0.0013736942164863618,0.9353233830845771,-1.0789943082149265,DDIT3_pDS263,0.0324202496532593
TMEM184B,0.025543063609788422,0.01990049751243781,2.297267294327258,DDIT3_pDS263,0.0856449375866851
RP3-508I15.9,0.00014322796157940692,0.7960199004975125,-0.31821851525905837,DDIT3_pDS263,0.0292995839112343
JOSD1,0.0013220001633707582,1.0,-1.3808745889146818,DDIT3_pDS263,0.0833911234396671
RP3-508I15.21,0.0033906168727549295,0.3880597014925373,-0.11144610850821984,DDIT3_pDS263,0.0292995839112343
TAB1,0.009928933914811835,0.3383084577114428,0.2528604573111104,DDIT3_pDS263,0.0292995839112343
ATF4,0.037273169367497215,0.3034825870646766,0.23162755857939665,DDIT3_pDS263,1.854022191400832
GRAP2,0.009659897898609951,0.13930348258706468,1.5692769903935624,DDIT3_pDS263,0.01751040221914
RP5-1042K10.10,0.0015598645924317605,0.263681592039801,0.00017870647575579494,DDIT3_pDS263,0.0069348127600554
RP5-821D11.7,0.004712019082408841,0.11442786069651742,2.1260586221942828,DDIT3_pDS263,0.0097087378640776
NAGA,0.032833913754845755,0.009950248756218905,4.432643419230132,DDIT3_pDS263,0.0292995839112343
RNU12,0.0009410670138626513,0.009950248756218905,6.736839798062971,DDIT3_pDS263,0.0052011095700416
ARFGAP3,0.002469876254121433,0.7810945273631841,-0.8769145407321532,DDIT3_pDS263,0.0455963938973647
TTLL1,4.2366996135453835e-05,0.3333333333333333,-0.1255188476636812,DDIT3_pDS263,0.0055478502080443
BIK,0.0001979962521240535,0.1791044776119403,0.7774216531591426,DDIT3_pDS263,0.0038141470180305
GTSE1,0.04002352866070993,0.03980099502487562,2.1723070196149212,DDIT3_pDS263,0.397884882108183
CTA-29F11.1,0.017224300973865722,0.6119402985074627,-0.5149771673602185,DDIT3_pDS263,0.4566574202496533
RP1-29C18.10,0.006904766226410561,0.2885572139303483,0.5730991961588813,DDIT3_pDS263,0.0292995839112343
PANX2,0.00026236915514796553,0.11940298507462686,0.4496764761507023,DDIT3_pDS263,0.004507628294036
CPT1B,1.643475361301021e-05,0.582089552238806,-0.09158416769213625,DDIT3_pDS263,0.0020804438280166
RBM11,0.00030094504465972904,0.681592039800995,-0.30557082478958947,DDIT3_pDS263,0.0041608876560332
SAMSN1,0.044165069946062945,0.04477611940298507,1.9558941456053074,DDIT3_pDS263,0.4840499306518724
AF127936.7,0.0021663507982453813,0.2835820895522388,0.14363816516711012,DDIT3_pDS263,0.0064147018030513
BTG3,0.007997008565154068,0.9303482587064676,-1.0484408358710995,DDIT3_pDS263,0.0292995839112343
AF240627.2,0.00014565125192480725,0.7761194029850746,-0.32303248464820516,DDIT3_pDS263,0.0072815533980582
LTN1,0.00629998373718727,0.746268656716418,-0.8133708455994865,DDIT3_pDS263,0.1097434119278779
BACH1,0.0018599504433660903,0.8905472636815921,-1.000088753339494,DDIT3_pDS263,0.0527045769764216
BACH1-IT2,0.0,1.0,0.0,DDIT3_pDS263,0.0017337031900138
RP11-313P22.1,0.00014304282368242702,0.5671641791044776,-0.5603209953876693,DDIT3_pDS263,0.0017337031900138
TCP10L,3.104255557078952e-05,0.9054726368159204,-0.2491540790178469,DDIT3_pDS263,0.0039875173370319
SYNJ1,0.004132547119489986,0.7114427860696517,-0.48829976205549386,DDIT3_pDS263,0.0135228848821081
IL10RB-AS1,3.48747403569959e-05,0.24378109452736318,0.6858756001263016,DDIT3_pDS263,0.0026005547850208
GART,0.05864977951105281,0.01990049751243781,2.5750903070197286,DDIT3_pDS263,0.0292995839112343
SON,0.019836381553050026,0.9054726368159204,-1.1408301571229609,DDIT3_pDS263,1.936373092926491
CRYZL1,0.02500139523752874,0.25870646766169153,0.49287097231866506,DDIT3_pDS263,0.3391123439667129
RUNX1,0.012815190775705072,0.7114427860696517,-0.6328267101335753,DDIT3_pDS263,0.0292995839112343
AP000692.10,0.005521338935411295,0.07960199004975124,1.1781815715432002,DDIT3_pDS263,0.0161234396671289
AP001412.1,6.910384009888662e-05,0.3333333333333333,0.3445676178234211,DDIT3_pDS263,0.0038141470180305
KCNJ6,3.2543154878880174e-06,0.6318407960199005,-0.39102866090307986,DDIT3_pDS263,0.0020804438280166
DSCR8,0.013715234753829636,0.8756218905472637,-1.0325932320556948,DDIT3_pDS263,0.6933079056865464
DSCR10,0.00014224582896548013,0.6666666666666666,-0.5410921439851365,DDIT3_pDS263,0.002253814147018
TMPRSS3,0.005771708441118087,0.024875621890547265,3.730249544382236,DDIT3_pDS263,0.0081484049930651
SLC37A1,0.0033447345152127312,0.9353233830845771,-1.080584531298547,DDIT3_pDS263,0.1158113730929265
HSF2BP,0.007073648297283308,0.03482587064676617,1.6623682524974168,DDIT3_pDS263,0.0145631067961165
ITGB2,0.0060075104790272985,0.14427860696517414,1.4557144616671938,DDIT3_pDS263,0.0197642163661581
