method,elane_p,n_sig,auroc,elane_rank,known_hits
S₁ alone,0.8405797101449275,0,0.4316303322793587,1661,0
S₂ alone,0.0019960079840319,1075,0.41404559826926274,586,5
(a) mean z,0.09163750979202201,653,0.4102457424973651,832,2
(b) max z,0.001996007984031878,1075,0.42583347201420085,586,5
(c) Fisher,0.012399422503337254,880,0.4063072058578798,680,3
(d) Bonferroni-min,0.0039920159680638,944,0.4315748599323237,586,3
(e) harmonic mean p,0.06310752045176454,0,0.40098186054251955,666,0
