method,elane_p,n_sig,auroc,elane_rank,known_hits
S₁ alone,0.22338830584707647,1083,0.337188661452266,1452,1
S₂ alone,0.0019960079840319,1075,0.41404559826926274,586,5
(a) mean z,0.005032617929595085,1343,0.3341931547123759,966,4
(b) max z,0.001996007984031878,1410,0.4008709158484495,814,5
(c) Fisher,0.0038860869754260285,1355,0.35421867199201196,947,4
(d) Bonferroni-min,0.0039920159680638,1286,0.4008709158484495,814,4
(e) harmonic mean p,0.06290200787680213,625,0.3845065734731236,876,1
