Method,Time_s,ELANE_rank,ELANE_p,AUROC_known_targets,n_sig_0.05
PRT-S₁ (Wasserstein),315.7,1661,0.8405797101449275,0.4316,0
"PRT-S₂ (TDA, calibrated)",183.8,1033,0.001996007984031936,0.414,1075
Combined z,0.0,832,0.0916375097920239,0.4102,653
