target,elapsed_seconds,target_gene_position,n_clusters_observed
KLF1,11.579056739807129,2000,5
CEBPE,8.810181856155396,2000,5
CEBPA,6.185524940490723,2000,5
